filename	osf_file_id	size_bytes	sha256	md5	date_modified	url
000db8a2-a1f6-42bd-8228-fdfae659f476.zip	5bfe836448140b0016df383b	2793953	340e4229d453b4c98f4c311829492cc30dfea08641397b3bac86b76f2e941f5a	1d39ef2208cbc49a686ff56de2a3bf02	2018-11-28T12:00:36.433898	https://osf.io/download/5bfe836448140b0016df383b/
000e7bee-e589-4d36-962c-cca96323f5d5.zip	5eaed4f969d3e1009dde8427	101663	0f57ca238f1d3e1f4e8fadf95c55a3f9bee191b256a03a955ce34c963eba0fee	3d6c811c16dc36dd5089cbdea855193e	2020-05-03T14:28:09.823534	https://osf.io/download/5eaed4f969d3e1009dde8427/
0030231e-2aac-4d34-bee0-98dd429d9a9d.zip	5e3989a657427b02370c2030	15569916	85e992ba1c93be470fe8039ea824b669c78afe314fa3b147d9ec37d7870b07a9	919c044a0c97d551702907cc535117e5	2020-02-04T15:11:34.367145	https://osf.io/download/5e3989a657427b02370c2030/
0031326c-e796-4f35-8f25-d3937edca90f.zip	5ae18a62bb99c000114774ce	19225684	674d06a28507c95899954e362df13446747a8852a6a03e9fc695b96ffc77b37d	47418a773d613608cf8add7681e28719	2018-04-26T08:14:26.744855	https://osf.io/download/5ae18a62bb99c000114774ce/
00395b55-7eee-4a64-8c4c-73d40997728f.zip	5da6cf7526eb50000c7fa8e3	337388	7029dccab7b37589e23643090d220dfa14d9613f810c3ad8e70735cd8f84646a	af08e1758caa54a2ce5fc193e4614ca2	2019-10-16T08:06:14.060368	https://osf.io/download/5da6cf7526eb50000c7fa8e3/
004008a3-6b25-496e-b8f9-c6c9c877bb46.zip	5eb2622fa2199500215d3fdf	1499641	9b9e81ab970f2ebc3b34ec32ada316c3ce440c4181ac20560706a3e306be0f62	2fbbcf842138acfdf56dc4f24752ecfc	2020-05-06T07:07:27.382046	https://osf.io/download/5eb2622fa2199500215d3fdf/
004f16c9-6ec5-40ae-9ee0-d3b066e8a33b.zip	5b77c6da410f920015e5e282	10175546	b4eaeba0d9b0afc9f84de15bd28214df119f5e0f7507eafe01723509956eb773	143d9dd4949f3a95ce1eab677da7febf	2018-08-18T07:12:26.442119	https://osf.io/download/5b77c6da410f920015e5e282/
00547432-c2e3-4831-8830-d2cc12f59f3e.zip	5eae87f869d3e1008eded5bb	2983453	4024d85fcedbfc7fd790c6aa81cc5659233784f2d624a748493268a3b9c24d43	9a64fefd4743b0779cc5331ee1fb8b4b	2020-05-03T08:59:37.068815	https://osf.io/download/5eae87f869d3e1008eded5bb/
006a0733-a7b2-4005-8d3d-d4cbfbd83882.zip	5bff0e6caeafc8001a86b1de	2646601	299303ca116b2eeff363c425c842bc29557fb489040321cfa3369117e210ba96	c82481825156ab8355629e217372d4b5	2018-11-28T21:53:48.588851	https://osf.io/download/5bff0e6caeafc8001a86b1de/
0074279b-1e6c-4ae5-8020-d8cbb92001ee.zip	5e4a49b13e86a801f06e7674	12123363	2c3564b189bf89a29d36641575fd5db95bbdbcd62edaf63417a87c38d459cfdb	28ddfcc22ddad27c61965922b45dffcf	2020-02-17T08:07:13.749008	https://osf.io/download/5e4a49b13e86a801f06e7674/
00757761-7ef4-4edf-912a-5f6f6ae2b3a9.zip	5be020205736490019855212	719485	75d9d555ecf390bba329fc8464b0d030eb1de7908b4a492eb7d8892a358b2b13	dc96b9191ace1a46756513f54e92c76c	2018-11-05T10:49:04.890937	https://osf.io/download/5be020205736490019855212/
008bc3f8-9a19-455d-8193-a5cb87d19b58.zip	5e260f77675e0e01826b58e7	1507752	4d83ac796aa97127c3bf18c68fd079ff79e436377eea3943733b2f71d7066642	970fd8262a0004613143ffebb90f03fc	2020-01-20T20:37:11.208814	https://osf.io/download/5e260f77675e0e01826b58e7/
009daa84-3253-4967-93fe-ebdb0fa93339.zip	5b0a5bd08811f300107ec821	12144210	2ae3e22c3666420e28b6035ba9d3edd0f575ce0cd9cb8f99e3e11c46ab2a35e2	09c7986cb593d26121c8e36dc1fd70c7	2018-05-27T07:18:40.790542	https://osf.io/download/5b0a5bd08811f300107ec821/
00cab3f8-83c3-4bb8-8c17-aff839b4bed9.zip	5bd570288b33000018246f90	17969982	a274389ce0b508750e8de6cb155b1875717f258d50912be27d9c40e7f3d2c8c8	36b82b11b27f8359e12ceb0abc776954	2018-10-28T08:15:36.659324	https://osf.io/download/5bd570288b33000018246f90/
00de8f27-b6de-4db6-a2e3-86ac2cf0918c.zip	5cbc4955399269001913a8b6	11814582	0f6eff1db2476ccf0c2a9fc46461448b03108302603b7f4cf491b5ecde083c59	5096603c52df0437eefec837f38562fd	2019-04-21T10:43:34.000243	https://osf.io/download/5cbc4955399269001913a8b6/
00ebaa97-f451-4fd6-bb05-f615021b0c89.zip	5e3f0e7ef1369e02668adcdd	272683	f10e94f09739ae04cf80916d332492281a5dcf8e8afa57549a0441a2bf2df2e9	34aae2ddc19936f745083f7823adaabb	2020-02-08T19:39:42.256860	https://osf.io/download/5e3f0e7ef1369e02668adcdd/
00ed6429-8e65-4be3-bd4c-8838cebada23.zip	5bf663257a554700176ed9b5	4254726	b00a0696d6397e2241de6dc5218d57a1b412a0a44903cae1ccc54d1cb069614c	c8e06fa4d8419c26efb55e57eafdf7a1	2018-11-22T08:04:53.769725	https://osf.io/download/5bf663257a554700176ed9b5/
0109b2b3-1b3b-440c-8b44-337aa29f028d.zip	5ecd41e6aeeb6d01d7084cbd	12757585	b847b1ea4cf98a0c711821c695ab3a28779feddef2b639828dc1a91de093429d	62ac9c0a4d11ff37a704164b07552a9f	2020-05-26T16:20:54.563954	https://osf.io/download/5ecd41e6aeeb6d01d7084cbd/
01370bf7-49ba-4321-be5b-c4140ae7fe5c.zip	5cbc7bbff2be3c0019083dc7	3633632	0c2c239d819b05370694ae980c05d996dc63c7f44f1955bc9847ca0631887fcd	b7933e706665056f27fe2a5b2fce666b	2019-04-21T14:18:39.890600	https://osf.io/download/5cbc7bbff2be3c0019083dc7/
0138f4fb-d24d-4d61-a605-4b227eaa1202.zip	5eb19c390ffc0501916f696a	219630	2df478549a11752353f0c20ea01485a6823c4ba75d516cc047211dbadee44a6f	bc5687b280a7fd68d520bffceda14953	2020-05-05T17:02:49.328880	https://osf.io/download/5eb19c390ffc0501916f696a/
015a468e-913e-406c-bf75-801a8258d3c6.zip	5eb5002b9ddd2800d20909e1	10494995	78f851a8eab93687d72d531ecb5248ee1b3beafff616f005b6a77598cde11027	72521bf61616137ac5751ba54a1ca1d7	2020-05-08T06:46:03.375233	https://osf.io/download/5eb5002b9ddd2800d20909e1/
01612222-a05a-4f09-8eb0-0b019845bfea.zip	5d3429f55d2cdc0017077c5a	7024242	1bca899f887ef2a137443e94b43923fa4a2518f6f26098a1082f3473f6b4ee2e	c610ad700c59ed3e586b893255381d80	2019-07-21T09:01:42.102005	https://osf.io/download/5d3429f55d2cdc0017077c5a/
01827dcf-3c84-455a-8be8-b1b3fcecb1e4.zip	5c028a29b7ef1400164bcf72	4019057	6b2d585bdf5e4d3b76dc7caa00ce6ef6dc7c8df868a53765374e37a79fa4e5ca	62292728ef14ddd7e7bc2ba7c984f4be	2018-12-01T13:18:33.846008	https://osf.io/download/5c028a29b7ef1400164bcf72/
01843f3a-8883-4a76-a60f-223c92ff7ef1.zip	5b10215164f25a0010738b75	6395580	775ffe5dcd959487ceb23b6f6fef7ba5d56d948fb6505ebd24b4637afd7403bc	139a59a0780410d4eee84e75948dcae5	2018-05-31T16:22:41.687236	https://osf.io/download/5b10215164f25a0010738b75/
0187e0b3-c2e7-40f6-9625-18e9a599b080.zip	5e21f8bbedceab00b582d728	2925942	76547ef6e487783ebbb97e1af5bffff25f1fc98cc0e02006b3f7a203f7da7130	8c761bfa3770621954b731b34fd9ff2d	2020-01-17T18:11:07.315202	https://osf.io/download/5e21f8bbedceab00b582d728/
019594ed-f9cd-4199-9e32-365002836548.zip	5e5383048d8765015c813e61	1889897	665594e4950d4e4f6e8aae7e837b93cb05b402fec95811971bd00cf960a63172	6c34deba4523a6fcac4eb61b4c7651d0	2020-02-24T08:02:12.216323	https://osf.io/download/5e5383048d8765015c813e61/
019fc6ab-e910-487b-90dd-042c6daebf7d.zip	5c2cde3fa7c0a7001a3df677	801156	5557eb3400c404c74e0866b4c6e9cde73a2d12be0fe7e82c072cc87536b72d3f	8178fe55eed952312b84db68d36830ff	2019-01-02T15:52:31.481796	https://osf.io/download/5c2cde3fa7c0a7001a3df677/
01a599a0-f22d-4726-b81b-f2d7f3d9b559.zip	5cded1d32a50c40019783412	9381866	979a734735c7588f4dc854be9cd61faebb1418bab358ffb420a95a12c6da6b7b	eec80c9c2d6bbe1d1c107782afa6d9c7	2019-05-17T15:22:59.812386	https://osf.io/download/5cded1d32a50c40019783412/
01ab1155-2f8d-4731-bef1-1b028303e91b.zip	5e86df7dd0e354025db458f1	6970791	c6e30317d06f2436b7216e653c27b36c1e3f66eae9d5c2a13c966a04678170c5	93b9268d1d06366f4c4971bf5562a604	2020-04-03T07:02:21.195967	https://osf.io/download/5e86df7dd0e354025db458f1/
01bbafbf-ae5e-475b-bebb-0423d8f2f2a0.zip	5bf4812dd4f8ee001718837c	8189671	3ef8424a9ae92d2266c9df1f060105269f3b6f17d331ed2c6c2def6388b252d9	88af7cffeb5dbc4ece624ffa692f160f	2018-11-20T21:48:29.999962	https://osf.io/download/5bf4812dd4f8ee001718837c/
01c4667a-3bae-41d0-98bf-a4d7d45fdef3.zip	5eb675609ddd28011d08ec2a	426657	1ca7f5635b4626709020ee17faa059c795dd171b1ead8169daed863689db4297	88b2a98b7cec705b533a3a9393ffd805	2020-05-09T09:18:24.670813	https://osf.io/download/5eb675609ddd28011d08ec2a/
01ca22ac-f46e-46f5-8aa2-a8d20b9a950f.zip	5af54340d6e6eb0012234c47	18881664	450c302dfa2b1fd975c61c0cf42952b12f84bbad10b3e03585ffcaf171ee69a3	3b2a4edac42985ecc3781f2d72c1516c	2018-05-11T07:16:16.816737	https://osf.io/download/5af54340d6e6eb0012234c47/
01d9343b-50bf-480b-b06c-dfba4bdb1ca8.zip	5e347decfa39b700311dd18e	9523491	feaf76a8cb6aacb353297e06ffc25f6f48df118401fe1a9d49ac639a8b4b7766	e2ed21cc5c003a12f594630fffb794a1	2020-01-31T19:20:12.461705	https://osf.io/download/5e347decfa39b700311dd18e/
01d9a299-2804-4555-8b99-f50345544117.zip	5c9ddc91e0a7de0017971940	1588061	50d6e2260209a8760123ba58163d87bfa35a9a4ad2f22228ca5c0afc907c3abb	5d1e4dd199b7613eac2ea0a6920877dd	2019-03-29T08:51:29.428695	https://osf.io/download/5c9ddc91e0a7de0017971940/
01dae7aa-4b69-4541-97a9-12e1922b27b5.zip	5c8b9d2680f5d2001882069d	7231545	5b750c7d57a9b91ea3137409cda9be06d32bb2f492d9180220a4d76ac7887ec6	cb1328e201c205fc7cda0a0531fc9acc	2019-03-15T12:40:06.716725	https://osf.io/download/5c8b9d2680f5d2001882069d/
02070d6c-9854-43ce-93e9-720462199746.zip	5c58347676653c001b25c30d	2721110	b4723fb013e070915550c1bb5c971a3fc96aca44ee5abce4df61bb0adbcc00de	19ee769d2122f0e986aa5fe0807f270c	2019-02-04T12:47:50.440370	https://osf.io/download/5c58347676653c001b25c30d/
0214896f-3d30-42a9-9ea0-24c2364867cd.zip	5e2f5681e71ef80032188967	1651726	62c48313645dcb8125aab0f16078d4dc5707246ef6627e5fce5be4a8eca0b5b4	209f4570a2284466bb8706992c514d23	2020-01-27T21:30:41.989529	https://osf.io/download/5e2f5681e71ef80032188967/
021b99e9-fc00-49a4-b431-3f67213ca6a1.zip	5eb19c6d0ffc0501916f6a35	3160921	12250589a89b76de34c4deb232956061fc1460b42a59ca398c77ba495e2c96c6	9580c6ad29b0d33e4617b041ac0e1a5c	2020-05-05T17:03:41.112838	https://osf.io/download/5eb19c6d0ffc0501916f6a35/
022dd584-7860-4a35-80ea-bcecc2902be5.zip	5eb6d56b877c5e01533a37b6	8494361	4733f8ef7a93abded846cfca49e35bfcd96b99ded6cffed89f989a7da21d74e7	7258b94552ca92e952bb252948cb9d2a	2020-05-09T16:08:11.358238	https://osf.io/download/5eb6d56b877c5e01533a37b6/
0238135a-ddb8-4a8b-80d2-6d733c308313.zip	5d0f87bfe200da00186db3d9	8748779	2cb187f7f5e9c7956830d05e10bf345bce023440a024a62aa3d3b50d97160c20	f3d287d464a6b8ac705d107e4e25ea12	2019-06-23T14:07:59.249099	https://osf.io/download/5d0f87bfe200da00186db3d9/
024e8e18-8c4d-44d5-9aa5-e1ba34d34121.zip	5eb19c780ffc0501916f6a62	5582110	50cee1ee2da11e30fc804ebcbe6cec224b1303a3b7ef0216c257fdd8a764c7a9	012dd60537b48be31e5b1b8aa2da8874	2020-05-05T17:03:52.933330	https://osf.io/download/5eb19c780ffc0501916f6a62/
02533c05-2edd-42f8-bb1d-20984d1434e6.zip	5c83861a66b44d001e719440	5312042	a3308c2404d742ca341385e3fb4cb4a71f1fd2514877349fc84373684b181257	5a38f3ade01edc51ca8fd1c412dbf343	2019-03-09T09:23:38.568147	https://osf.io/download/5c83861a66b44d001e719440/
025b8742-5675-4159-8c54-a2dd7bf18487.zip	5bd8abfbea13080019a24797	2437340	ff9eaa2f642bc16a8e5a0a51d8b1e34a2dbb4e032adfdd11d7232d7c0c2ac93f	6f98031c92ed5d29331b1a2b0f6b2a78	2018-10-30T19:07:39.608496	https://osf.io/download/5bd8abfbea13080019a24797/
025e1202-2bcd-4f0b-bd62-606b7a9fa882.zip	5eb2e970877c5e00523a2400	8878133	0b71130daee6de89927767bf4acb4fc40eff6265d9d7dfdb243333aa306b6e1b	afea86dc76bf9db47c33bf576e07771d	2020-05-06T16:44:32.323121	https://osf.io/download/5eb2e970877c5e00523a2400/
0262f4e4-b105-435d-b76c-42375f78bb0e.zip	5eb19c7f69d3e1017fde89c0	793446	3ca6ba1d7341394b7c7b54cf06305b66af57d9ff30d585b926881ec26ac00b9b	99440a8bc2b09c6b48946125b6446899	2020-05-05T17:03:59.593758	https://osf.io/download/5eb19c7f69d3e1017fde89c0/
026bed6b-61c2-46ae-a990-3a96c53fe6b4.zip	5e2c4bdbc19c5d0157edf8cb	12367402	6c604154c1ead308325155a6d453357241329cfc1224d7b8c496d000de62b1d7	5c95a432ed177c7b85cc2605be172ad0	2020-01-25T14:08:27.744978	https://osf.io/download/5e2c4bdbc19c5d0157edf8cb/
029313fd-47e7-4268-9cf3-acb6b2bf7ab5.zip	5c58348176653c001b25c318	5585606	738da11dc90653321d4bfc43b04ca4b8d3658b2fde7f561698ee1c6a923e4149	b594d2e7b65e106481463945d229ea90	2019-02-04T12:48:01.634080	https://osf.io/download/5c58348176653c001b25c318/
029a1b65-18ea-41d0-aa2d-e2fd5f2e35c8.zip	5d0d4072693ba800188ca339	1206975	2adf3da74bbec33272a2914fca0c11b5a3ac4943aa25bfd09805199e03b56899	8e4a6c43351fb09c11d19636d19abea3	2019-06-21T20:39:14.913521	https://osf.io/download/5d0d4072693ba800188ca339/
029eeaf0-c194-43ca-aed2-b46484e62bfe.zip	5eaebe7369d3e1008edf07d0	1270814	a785b3eeeebc9649f0c2e69eb77e844f75b738a0092f0a547c447f25225fbb99	aa7e2756284bb631017f5b720896a6f7	2020-05-03T12:52:03.574775	https://osf.io/download/5eaebe7369d3e1008edf07d0/
02a0c9dc-6687-47a7-96f4-140d88dc3c35.zip	5b2514b78b4bed0010b5f135	12751995	9a79e2177e69a260b204b56b7e6a7f28614fbf6932e06aa976e183286c4ca3e7	724af90539008e0eb233b5433376d325	2018-06-16T13:46:31.651120	https://osf.io/download/5b2514b78b4bed0010b5f135/
02a20442-5e89-476c-b863-1fb89f7b13e9.zip	5bb353b2af0e400019eea273	7231435	b17b9c8f112d5804ac5bb3f75552bf58efe65471fc8718e23198f417bc74ae96	fd6d763288e82dbe1a8a2ddcf5f52136	2018-10-02T11:17:06.215056	https://osf.io/download/5bb353b2af0e400019eea273/
02af847b-187a-460e-80ca-755eda90080d.zip	5c8386231d73810018be1943	1622286	524f22550c877568a25e95149786f37edbe071e6073220e3ae05737b790cac2d	1685d0a6d942808789bca2009f390f6f	2019-03-09T09:23:47.597182	https://osf.io/download/5c8386231d73810018be1943/
02b32b14-ecea-4522-b1c7-193b23b6cb12.zip	5e1d90e36822bd0108fefd73	1415666	89fa9ec8579c1bd1bc829c6e449b1e133ceb96e7e5e5312bab278d411ede21ff	5f6706234b0a4506f74659fd1c5d6324	2020-01-14T09:58:59.639562	https://osf.io/download/5e1d90e36822bd0108fefd73/
02b556f1-3579-45f0-9a4e-c3d32948344d.zip	5e8065f4d0e3540052b464f4	14248396	c69f339e256f0e33157c5f8e83e96f5dbe17a401fbfb4c671f891c8397d09f86	26b7dae53d3af9a834c9f6f0d6815fb0	2020-03-29T09:10:12.563707	https://osf.io/download/5e8065f4d0e3540052b464f4/
02c5fc8d-52b6-4450-a777-b4dc0e7c56b8.zip	5e51a12535d22d00ed5f44f2	4541759	75275f752a956c9a657556fc22998d612d5aeb851dd5ccb974ebb0ac22fa93ba	69a3c85c43ab86e38da0fce76a8a23e8	2020-02-22T21:46:13.816535	https://osf.io/download/5e51a12535d22d00ed5f44f2/
02cc8feb-3d51-458c-b7a4-c4290c2116ed.zip	5eb19c9769d3e10177dea415	15189849	9e7b18f894cfc511c4ca9562fbce058ead061c629757fad93eab56057d23909f	ae69f519ba500a60387a73a97e443415	2020-05-05T17:04:23.738454	https://osf.io/download/5eb19c9769d3e10177dea415/
02dd2e4d-70dd-469c-b33f-58824fc1c754.zip	5c84c9d966b44d001e72015d	19475085	e1bd09a267e10c16844ab022ef11ed66542bc5a03bd19fe10572655df4672c69	faab2588bfa64ae2aa19ed340aad7063	2019-03-10T08:24:58.009486	https://osf.io/download/5c84c9d966b44d001e72015d/
02e2c899-b625-44ff-b3c0-3795dbbd54fa.zip	5c3769288047080019f85bec	12188836	de196016db08e4685c3fb31916c605b37e25a81dacb091779a82977c80829d73	b2f7046c8b94e89b905fe63f9dde9871	2019-01-10T15:47:52.866485	https://osf.io/download/5c3769288047080019f85bec/
02fe4b03-0f97-4076-b9d0-9a8229921b78.zip	5e7673944a60a50616bb356d	305603	65e275ee76edb9638f1442cf653c2c67d8ed8c445db757cc1a0d7e0b61ec1570	1b770ffa36f70ba6d4d61f8b4346ecc8	2020-03-21T20:05:40.162091	https://osf.io/download/5e7673944a60a50616bb356d/
031046ff-34df-453a-9e98-02c49a869d05.zip	5c10c624ad9a7a001ada746a	975999	2a56c751984d0e8646faa7a6f52ec81ffc29293505e51b19de3cc96ec8fb288c	0c387efc6f02b69a0a22ba00edb5d04b	2018-12-12T08:26:13.084755	https://osf.io/download/5c10c624ad9a7a001ada746a/
031cf14a-2d95-448b-85a9-3734585a6cae.zip	5e3798d857427b01110c35a9	489803	6fdd9e1541d3a6ee13a4c5e9b709b84ea402eb48dfe45465444c371770316388	1de16522bfe80867f8076c5206b8c351	2020-02-03T03:51:52.892712	https://osf.io/download/5e3798d857427b01110c35a9/
032e76d1-1992-4f26-b194-957d25badde5.zip	5d21d96362a17300173b2fc1	831574	cd3658e9f4b97d353ff9c4377017fac9d5a0a2417d1cd736cc420eb9f80a532d	c36b8f549aa53e6fbed4db1c31290f25	2019-07-07T11:37:07.260484	https://osf.io/download/5d21d96362a17300173b2fc1/
03370f5b-71bb-4a68-a00e-2e169cdd87b0.zip	5eb19c9e62d4ab016b6c4f97	2482804	5615e1d9e98543897c1b9d3edab3a21218069bd9fae34867bd6184c5c23a3aa2	f90e156cbe406746e22a215cd3b7e952	2020-05-05T17:04:30.831827	https://osf.io/download/5eb19c9e62d4ab016b6c4f97/
0340d1df-3068-4888-92b8-96f111bc318e.zip	5d2d6b38835aff001a51a3dd	13057528	53b3e53a567f47254bd0ed1e2593741e74d02916f31c7b6a28fc0a08f2daa427	17fa3f12d0006a6367e6955639f94d38	2019-07-16T06:14:16.364148	https://osf.io/download/5d2d6b38835aff001a51a3dd/
034659e9-10ea-4660-81e6-b364f41db72d.zip	5d0fdb0665ffa5001a1eae19	3714132	402c3e9e7a1cf64d2d986b9c8a4ae8e11271ab86525647b804090d212ef1a7d6	652d34366d1fc73c2f8972e6fdd1d0ad	2019-06-23T20:03:18.566013	https://osf.io/download/5d0fdb0665ffa5001a1eae19/
03542747-6d9b-4663-9d97-11e402ab8c54.zip	5b5b4603f63e21000feb2658	3957409	909a856aa8fc79a94b45321048db7a2ee1c547bf8b7113c8499b9a2e746d826b	7b9805b0659b0f8ab969739fda5c3f83	2018-07-27T16:19:15.110342	https://osf.io/download/5b5b4603f63e21000feb2658/
035b4edc-c0f0-4fa5-bd91-31295979158a.zip	5eb50065877c5e00da3a2bc5	376378	a632ed4b935ad81d5ad029c1b912ea9384e4f9c82e4137d3fa996649f258bbb7	e7e33d7ce276144ceb60487f990e9bce	2020-05-08T06:47:01.579169	https://osf.io/download/5eb50065877c5e00da3a2bc5/
035d04b1-2c3d-4669-a6c5-335cf24ca541.zip	5d1e3358719dae001733fe41	1920452	132a00bad10e87558cc0fc7fd715367a1ac9b8f23a25f267a56de831b42660c0	99d76e758811036817dd377f898367a6	2019-07-04T17:11:52.633793	https://osf.io/download/5d1e3358719dae001733fe41/
03696ce7-b7a6-4eb8-a72a-a4015a58c1a9.zip	5c56fc2f76653c001a22fe1f	2453043	008804ea5259efbc8d228dd3f2be09769de37054e06879aaa278837b16046f1d	bce7668ccb714093a345c09cc4d1e470	2019-02-03T14:35:27.536771	https://osf.io/download/5c56fc2f76653c001a22fe1f/
03708ccb-081b-4f02-b5bc-bb99e82cb11c.zip	5c84d1e166b44d001b741cd3	233787	7ca85855f5ebc45cef909aa2d17ec7b522000f2aa9a50f7f4ed44112643d0e35	e136d5d3866ecd7a73b44af7256e9814	2019-03-10T08:59:13.902788	https://osf.io/download/5c84d1e166b44d001b741cd3/
03777030-f4f3-403d-99dc-18818f685442.zip	5eb5b1b0877c5e01163a450b	6118090	2f867be99b7f57cc25092201e1bc8d0c77269a985092b9ef8936dedb9c90426e	d4e270029a15111f7f3fe6f8f249c917	2020-05-08T19:23:28.171981	https://osf.io/download/5eb5b1b0877c5e01163a450b/
0384d720-e2c0-4b42-8566-f3f1ef1b9f4d.zip	5eae880e0ffc05009f6fbd87	13503786	9efb013f1c5e024a8c1465bfb1d5087052f73d516d8ce4dfaec41591689bc6f4	770ff84092609e9d9269ed482e36cbc8	2020-05-03T08:59:58.229284	https://osf.io/download/5eae880e0ffc05009f6fbd87/
03864b28-0eb4-4848-8f57-c12a329975f3.zip	5e2dc16187a1d9018d1cd6fe	8154280	c46abd27d2fa2c43fd33cf96ce6c8c36460caf01d79406a779e892566c942559	bff2d32b858603fcc5de131d1993dcad	2020-01-26T16:42:09.287281	https://osf.io/download/5e2dc16187a1d9018d1cd6fe/
038b865e-b1f4-4727-83a0-ab5b3e315ccf.zip	5e1d90ec855d4c0126b73a4c	3380320	4aa15ac733390093b78c30af96aa85fa252c0b32cee9a73b413bd0d9c26cb836	7bc2ab74bf4f20315743ab755cffcdae	2020-01-14T09:59:08.157082	https://osf.io/download/5e1d90ec855d4c0126b73a4c/
038bec9a-1e67-428e-807d-cf1a1e0914fc.zip	5d2ad673a26b34001709bc75	11349065	c79d349193d8821036722f036687eb1708798ab80323e8062176605c62246a46	d74beca8d0a013b72d45fd2b6a6c364e	2019-07-14T07:14:59.351869	https://osf.io/download/5d2ad673a26b34001709bc75/
03a6bb49-6d13-4055-b462-9770cd76c80b.zip	5c376943804708001bf796c1	17263502	db251759a08bd90fca0ce4ad53b6d43dd601839f1bbcf91f67205f36a79287bf	f95615ab4e2850418a29f3a8977fc3d7	2019-01-10T15:48:19.363925	https://osf.io/download/5c376943804708001bf796c1/
03a7c383-5d38-48fa-8bbf-796e14854864.zip	5b5ecbe2ecdfe0000f829c03	18238057	dbf2f25faa8626d0767ef9cc712b87588a4a3dcb33ff1d98c8c15427f7ad5581	dd3c26bf7b6ce99ab7591be2c70f6ab2	2018-07-30T08:27:14.913869	https://osf.io/download/5b5ecbe2ecdfe0000f829c03/
03b3225b-b317-4e33-b0d2-a90784495fd6.zip	5c7bcdba773b2d0019032a36	3755502	15339aa3b8d87910b21e98e994af639fe90d2e1722894cfe2444eb3aec15bc52	be467c617951fc22818a04c1c33ccb81	2019-03-03T12:51:06.908821	https://osf.io/download/5c7bcdba773b2d0019032a36/
03b324f0-44fc-419a-9f91-aedf5a2a9e66.zip	5e76739f0cd06c063b000651	6453418	bb6db3f5a8ba8be4e04639c3b0074bdd78162d774413ccb1d08f0378988acdcf	cbf5f34f392ea86c588b7ac70d7c8223	2020-03-21T20:05:51.928489	https://osf.io/download/5e76739f0cd06c063b000651/
03b92ffc-7e74-4dc2-8c2e-765ea5732ca1.zip	5cd3d9a8f244ec001fe2cc2d	12519176	b3c8ddb974e9de33997737675ea6691cee30c03c6ebe8e0989ac4abc1479cae1	85f17c9b6378090cbb6a3dca9d406cd6	2019-05-09T07:41:28.440020	https://osf.io/download/5cd3d9a8f244ec001fe2cc2d/
03b9b539-7138-4f45-98b8-1be59603f88f.zip	5eb500b89ddd2800d2090a96	5166994	82f325305f7f28929358bf858823681721b197337270db6c9eb4f3cb656744cf	02561e625fb376767ece8b7ef27ca2d2	2020-05-08T06:48:24.726274	https://osf.io/download/5eb500b89ddd2800d2090a96/
03c1c648-718d-4340-ad72-c9c577311a56.zip	5e4027ce032a4d026ee6fe6c	472771	59c2007f1f4541bfa7f18511c96cd495d734b5069a9f94bec04d8315932b2eb6	a3f78e60e93b3c50a038456b2a4f4853	2020-02-09T15:39:58.702069	https://osf.io/download/5e4027ce032a4d026ee6fe6c/
03ca9de9-5379-4bdf-9e7a-c9748c937452.zip	5b0a7f918811f3000f7f9939	10274237	9c59d13e11fe010192c17bfc12e3c320253248081a4a8d1b4f215719874d9a67	adf95ef2d073369416d537170280477f	2018-05-27T09:51:13.929156	https://osf.io/download/5b0a7f918811f3000f7f9939/
03cd495f-efa8-40e7-b809-3dd72b17d537.zip	5dad791df1b0a9000b656e2f	11588867	deb4b1e6ab6bd5ca713bd199c673f79806075457d4a525f405eb85695c5bd880	4a2d4820eafd8511e7c4a8d522a44576	2019-10-21T09:23:41.306783	https://osf.io/download/5dad791df1b0a9000b656e2f/
03e0128d-44b3-4a36-a0fe-da54c80c1ef9.zip	5d1f8780fe43a1001922ca3a	15100975	a65e3deb129d7a037511f2c4d8852ebd52c60c91203c7450848948019dc9fea2	8bfea96547bbd6b14f0f3c4f53e3d3a7	2019-07-05T17:23:12.310471	https://osf.io/download/5d1f8780fe43a1001922ca3a/
03e43ddc-bc6b-4b51-8e10-e02e9fa3bf8e.zip	5cd1810996b9d1001aa16b96	1518560	ab2e3f38ef8ebbbe7d436fa9ba9b3783b39ce4500486499fb5de911e5b8ea8fb	59ef5e74981a4f779b37187545b33ddf	2019-05-07T12:58:49.583513	https://osf.io/download/5cd1810996b9d1001aa16b96/
03f9e4e3-36d1-413f-9f9a-833836aa41e8.zip	5db54547af84c3000ee328eb	11450965	cc7706e629a050ab2ecdf0b00a3fa435ffe35a4d36f9bbbaea13a1e1e6a45a47	47932a46377c071ca343a9c114a3c7da	2019-10-27T07:20:39.245475	https://osf.io/download/5db54547af84c3000ee328eb/
0404d38a-812b-4599-a552-1ec637b96282.zip	5d21d97c719dae001937d9e8	16146270	1c50c42667b87810fba6f909a390a141119c6cb948c1880df8b20fa37f057cb2	53256670ed11e24ecb039ca9694ff15e	2019-07-07T11:37:32.204880	https://osf.io/download/5d21d97c719dae001937d9e8/
04095503-b841-40e0-a6e4-bd5e0a879788.zip	5e78a86c4a60a5069bbb6427	14822138	923bab68eb2ce70851485b7c01b9e5ea1c169bebc10de278f59bddbaeed2119a	5d39bac85c4d0d1c3ecf05a0186d92e4	2020-03-23T12:15:40.456241	https://osf.io/download/5e78a86c4a60a5069bbb6427/
0413085f-3615-4943-a414-0eaa723424c3.zip	5eb67578877c5e01393a5315	15376146	2c3a7b8591da64c9c5392c577c37b73b96f53d64930ad8f3854817cca342ee0b	be3763a0ab4f647346831c4f5185807c	2020-05-09T09:18:48.279259	https://osf.io/download/5eb67578877c5e01393a5315/
041bc51a-ded5-4548-be69-73e36b0d299b.zip	5baf2a18118e12001a14fc95	3991512	0678ac5e0f00d3ef571d1cf6fa37dd519b0a4aa94d0ea68edc0f8b8bf44db103	f76bc4e4a482b70cdc58bd9722434f1f	2018-09-29T07:30:32.843783	https://osf.io/download/5baf2a18118e12001a14fc95/
04304f8b-8d59-4c75-a1b1-06347a47ff92.zip	5b102156f1f288000f60dfde	418957	47272815d977004b96b3500baf3cb96463f40ca0deed55b46658d6c9407d6949	6852a9003aa0e37b5937e76fcd3ca39a	2018-05-31T16:22:47.063854	https://osf.io/download/5b102156f1f288000f60dfde/
04462c2c-5d40-4665-ae09-681fddb86064.zip	5eb19cb40ffc0501906f6823	14581247	f22dbd45f4778a49a57ddc2a7c3d986350eb1195633d0e9bd8c13c4173bb05fa	f383ebdb3f083eb7f21e62ca0f5fb144	2020-05-05T17:04:52.682022	https://osf.io/download/5eb19cb40ffc0501906f6823/
044b5cca-0306-4adb-8f21-5c8b989e6d4d.zip	5eb19cbd0ffc05018b6f699a	4247161	901373857ad107fdb548e9c9442b4b2377cb73d7222a9e3b0bbaae3059e5495b	a89b7adb97734e279454b4cf5ce5193c	2020-05-05T17:05:02.064422	https://osf.io/download/5eb19cbd0ffc05018b6f699a/
045e4210-a638-4e0b-80ff-8ee91b639ad9.zip	5ecd41f3c7568601ea2d098f	6371688	21227154400718031e19573f6b3ead5813c2d94c7f9af06e2289e78b25fc27d0	3070e4392ffa7f111d3e2df25b5cd404	2020-05-26T16:21:07.622347	https://osf.io/download/5ecd41f3c7568601ea2d098f/
046eaa97-8d0d-46c6-aa89-8cc3313e6474.zip	5e2224f0edceab00d482cfc3	836204	9818df2cbdd05871620205d7913b7ebb808ad19ec8b012d07051082da496ea2f	21625f74dfca65f6aa70bec44e5b3eea	2020-01-17T21:19:44.431184	https://osf.io/download/5e2224f0edceab00d482cfc3/
046ed862-4d71-44ee-890d-ad6f5e0fefaa.zip	5e1dcde6855d4c013db6ee41	1835083	5405c60cdf227c9e9d9d7909ea24a7ebf245625cfe7f8160b2547326f6c4b16a	6308e3bf2b9b5826546373b8a08034ac	2020-01-14T14:19:18.520813	https://osf.io/download/5e1dcde6855d4c013db6ee41/
048efef0-3cf9-4677-9925-e958a825ee39.zip	5c88024e245c0a0017d64bf9	1288289	01f78d2efea70d162fd7f51b809c19693d76d47a585415288bb29c0b0efcf996	b486cc19dacb0bc613f3f8057eec4cd7	2019-03-12T19:02:38.747631	https://osf.io/download/5c88024e245c0a0017d64bf9/
04986b17-08f5-4c02-a1ca-84f8250306d5.zip	5c73c38b8d5d98001b34cb9d	18203242	2c280232be191c780ca6cdda36c56bea50915b36950c82736517d0a3225da87d	9f2a4d33fe325bc5dc833780081e123a	2019-02-25T10:29:31.473583	https://osf.io/download/5c73c38b8d5d98001b34cb9d/
049f3e1d-963d-4cc8-ad2d-e0149b516a01.zip	5e487be7d66221017599513f	13087110	ed659ac16b94e79abbe4edc80f5a3479dd094397114d1032ec2220a7613b18ab	971332ce0515d20b41293664a66f4de8	2020-02-15T23:16:55.924684	https://osf.io/download/5e487be7d66221017599513f/
04a18a1d-0264-4fe5-a1c9-2c5c0853530a.zip	5e1dcdf1855d4c0139b6f3f8	2293095	1b38edcacd2ea8fd4956054121ef879cbfc466ebb7f0528b64cdcd5232c69e11	133c5f3b50db48c5db41209bb8dc1e00	2020-01-14T14:19:29.287227	https://osf.io/download/5e1dcdf1855d4c0139b6f3f8/
04b8833d-3db1-4464-8a58-f787cdd0b34d.zip	5e21f8c1675e0e00af6b59c5	1372627	50cff81c13c181d546b0e7a2230c7c53a3c5aec2635a7ff04b8ba954c4a95f52	ab436ed5fd98ca697f37bd5cd78ecaee	2020-01-17T18:11:13.508149	https://osf.io/download/5e21f8c1675e0e00af6b59c5/
04cb009e-05ee-4053-9fd8-2434365e4601.zip	5e8065fa8140b400564227fd	1258570	42e1a2c9d24db975ab84ec5ed8ad52a27a1f1b5f53a86b3dfd4c60da3c5421cc	c68519f6e6bf247fff733ecb216a259c	2020-03-29T09:10:18.399317	https://osf.io/download/5e8065fa8140b400564227fd/
04d675a7-878c-401f-92ea-f8fd496d2a40.zip	5e2c4be1c19c5d0157edf8db	252216	a7d0b5e40568390e4194af8d08a0d215535582111e3149c3368cc7cbeac4ff12	8cf35005d052f46202cf83205ca33869	2020-01-25T14:08:34.035777	https://osf.io/download/5e2c4be1c19c5d0157edf8db/
04d8cb71-c39f-4ccc-a2fe-01eb0850bfd7.zip	5e4ed90f1949df020b5650e9	9134319	b4908187dc81e674b1a6b013f2533eef252a6f3521b3cba1c89961b8fea1b6df	e1d262ee5475846edd19075773607ab7	2020-02-20T19:07:59.989235	https://osf.io/download/5e4ed90f1949df020b5650e9/
04e1824a-f10d-4528-ad3e-9ce3e68361f5.zip	5eb19d2a62d4ab01716c52e1	2817252	2576501aa2d8a5df1f0cf64fe05bd375040941efe72501d8db0119d7656ed6ce	01aa7af5f4ba9055cbc31728a8cf3b2f	2020-05-05T17:06:50.533512	https://osf.io/download/5eb19d2a62d4ab01716c52e1/
050285dc-3312-48f0-941b-ca6cf8bd4e33.zip	5ae42c947d11e400127f51c9	2607378	ae633630c5443bf327d9f59142fce0e1723e4d603f60781288db0a6f2f6a20c5	7a9c25d35dd684287ba0cdb4a90e9c15	2018-04-28T08:11:00.576586	https://osf.io/download/5ae42c947d11e400127f51c9/
0519eeaf-c57e-4647-88d2-929f7c68335e.zip	5e8066061ab2430055e05dd0	6335430	9a4cd82061de76ae805f7ae28ac1404a69b943e58178f5cfc1fb1c37d350644e	d6a7fc4cd72833906e8e252fa9286846	2020-03-29T09:10:30.833508	https://osf.io/download/5e8066061ab2430055e05dd0/
054218e6-c997-4967-9d81-b0d721ebc1b6.zip	5bfbb2902885c4001c11005c	16156749	2bbcea4afb2386378d733b52239039495543a5e0fad06dceb276cc01a7166fe1	af14f02df1718bc16ce3313ec9448777	2018-11-26T08:45:04.514757	https://osf.io/download/5bfbb2902885c4001c11005c/
0560a35c-4c1c-46ce-8b36-f252cf3472de.zip	5af56fbfd6e6eb0012236bb2	5252938	5b85f3f27c293b54b5787ae37ea5c988940801e14f99cbe0d5d8d4fdd1cd48f7	ddcbac06a1f97c7d8ebcca564cad98cd	2018-05-11T10:26:07.536140	https://osf.io/download/5af56fbfd6e6eb0012236bb2/
056a7672-cd60-4559-8031-ab5d4e62b87d.zip	5b81d1668c6d9f001ab0a3f9	13975214	770996832d82bbeca2e65fba49655269fc851be3359d8d73c3e8dfc35de7ab0c	e5ce2938d5eb003a98fc620b185c449c	2018-08-25T22:00:06.732362	https://osf.io/download/5b81d1668c6d9f001ab0a3f9/
0571da8b-69a6-41b7-a477-583d3291be0f.zip	5bc3148d2aa873001bc4754b	3819493	296515b6d0104349a1d0c4ef568ab93fd525e3b6c3adab8f71dd51f5f87a003f	a82f43014910ad04b2dd67ca4faa44a3	2018-10-14T10:03:57.725757	https://osf.io/download/5bc3148d2aa873001bc4754b/
05733228-19c1-4766-a688-6341bb85b996.zip	5b636a4a4297ff000dec92eb	1883149	284d7894acb71c00ddfae1e4337342527193e17f6b60244ac772cbd7e40adc04	a15f8cacf2c736f02400fb6f33c7f4fd	2018-08-02T20:32:10.112565	https://osf.io/download/5b636a4a4297ff000dec92eb/
05817f96-175c-4750-b125-4eaed7f933a9.zip	5e1d90f2855d4c0128b74d6c	2563616	850b35bec01dacfa4de32068b02f0514812c87b4a1408f48ecbdd90448da60d7	cdb16f796aa31ba5b038d48d48006e2c	2020-01-14T09:59:14.829734	https://osf.io/download/5e1d90f2855d4c0128b74d6c/
059674bb-f3b5-4cf3-933b-6e6d72729fbc.zip	5d4691463ce935001aedf516	1026331	4ec9728dd2e5a3620e6c81bfe9c8c01e23c3fe3541e4ff5a059ebf0b742118cd	e5716f5dbd6ab93dec65302ae627b0bb	2019-08-04T08:03:18.507725	https://osf.io/download/5d4691463ce935001aedf516/
059ca89d-baa4-456b-b3f3-59d2347c3925.zip	5ecf8fe0c7568602a72d1818	2258450	33d26ab4e0e4ef8649956f3f40ceb1578a6676c1e1fea062f49953cca9fe670d	2506688bebb7f8a7b551b2ce6e4bcfd8	2020-05-28T10:18:08.988050	https://osf.io/download/5ecf8fe0c7568602a72d1818/
05a2d07a-908c-4ef7-9bf2-6f4f409837b3.zip	5c84c9e166b44d001b741711	2407000	f1f67a6c1ca87751ea2070f25a44b6ba6f6104bd40718b62b76c30c8c2d85b80	5f5ce2c04c1a6c4c6988d26c5f9e0a55	2019-03-10T08:25:05.167789	https://osf.io/download/5c84c9e166b44d001b741711/
05a2f4f8-da7d-4336-9969-29ec54df2e6f.zip	5e6b6c864a60a501cabb0d99	3308510	8150d5ea98ccdd5c49bddca7b1d8d59ddcf212aeaffa137c8f21e533d65c89c1	4d077125f879ebd4cdf19f8be37b2e2c	2020-03-13T11:20:38.362353	https://osf.io/download/5e6b6c864a60a501cabb0d99/
05a7c90d-dd93-42bc-83c9-acf5a7bc49ff.zip	5cc2fa0c9e0745001764ff64	4532521	3c3ffd80659d8d76d3dff760c6125b79d274b4d2ba419d7c80d7e6571ba86107	9ee42e197ecaa911507e22f54068499e	2019-04-26T12:31:08.190737	https://osf.io/download/5cc2fa0c9e0745001764ff64/
05c13838-9371-4757-89b1-55978fec3a8f.zip	5eb2e986a2199500555d1a4d	15122779	cd14f15e3496ae78c26322df37419a75a09c25c9e77e0db414dbcd08b8d9bfe4	758c0e5b2fcd8aed216052408657d690	2020-05-06T16:44:54.824160	https://osf.io/download/5eb2e986a2199500555d1a4d/
05d489e2-2a9e-4e14-bb40-7da7e52029c3.zip	5e6a610c4a60a50151bb1f8c	2659436	a233e00b796bc15600b029463203e8edae508a1037f63a6d117c17632ac1c03a	19f1005dbbe702bd5aba0f9aaaaa39dd	2020-03-12T16:19:24.888960	https://osf.io/download/5e6a610c4a60a50151bb1f8c/
05d6b5f5-2a17-4b73-8577-308e9a9a9109.zip	5eae881462d4ab007c6c9656	1994033	aa184fdc7d50080ce1b637d8f4f4b6c0940993053d1cadb0297323273617c11e	79011c75692f5ad5896fa3648f543527	2020-05-03T09:00:04.592230	https://osf.io/download/5eae881462d4ab007c6c9656/
05db634d-43dd-422d-8a3d-67984ed5c28c.zip	5eb2623ca2199500255d1ff4	2315706	b5b2941ee16638f9f2e06688930847f037d89b52152ad402f74953f86d19f849	57a0f183f1db5490c3a3d8d26336aaec	2020-05-06T07:07:40.340296	https://osf.io/download/5eb2623ca2199500255d1ff4/
05dd9d2b-b8de-4ce5-b5df-498999c1962d.zip	5c7852d88d5d98001d35850c	1391401	254270670e84211f9be3df5229dc3173067678592f8f9988d7cfdc9ed1d52097	cf95c333a2b59d62326986d6bca83656	2019-02-28T21:30:01.118639	https://osf.io/download/5c7852d88d5d98001d35850c/
05eb2a49-5fe3-4295-81b1-91821d599f5d.zip	5eb5b1cba2199501115d8e9a	17718248	a1ce11712f9e52895047cd3faca845a8db14081417cb253851ca21f8dbfeae32	7938af1204b244b76c9890bcdcfb7dfc	2020-05-08T19:23:55.764189	https://osf.io/download/5eb5b1cba2199501115d8e9a/
0606e095-1254-4555-9479-ad22096adc93.zip	5ba5f06d9108ce0016f337dd	13381447	81dff6f6e8900d77823596f5a971ee08f585f6dd2b34da21c0f9602abfc16f60	44362153a2c096911c4d3de64d928018	2018-09-22T07:34:05.668946	https://osf.io/download/5ba5f06d9108ce0016f337dd/
060e8ebe-06f0-4f3c-b85f-7a83c2b2e935.zip	5af56fd7d6e6eb00112341f8	10963055	5b46c285372effbd1bd38d1440a803331c6106fa06e53905c74e329d3f664271	99c9b111a29f1aef47d9dbc2d80f467f	2018-05-11T10:26:31.886638	https://osf.io/download/5af56fd7d6e6eb00112341f8/
061fbfbd-0d28-495a-83c8-4b2aa7a968e9.zip	5c7bcdd3773b2d001705103e	15763870	31b5cb240f3a2fb2eb93ad0f83157910761b276411dddd84f25826a1f9e535d8	f6e8158a8e2dc55bdd16245483fd7975	2019-03-03T12:51:32.062099	https://osf.io/download/5c7bcdd3773b2d001705103e/
062c0153-5e5b-4c62-ba7a-a1f5cdbdf876.zip	5e21b42b675e0e00666b774f	1058052	5df489a4d7767df870deafc84e18ea8cf0cfaf5f47c31e3cbd7fc3c65b98fe23	d908425e68d7850f9635d9bbad16ec2d	2020-01-17T13:18:35.822631	https://osf.io/download/5e21b42b675e0e00666b774f/
0654f306-3182-45dc-82a9-7ebb3bf45744.zip	5e4b19d5b8c2e500234c4e46	6192738	0448ff051eb69eb1886cc02a1d45d26295f55cf5cbe11e02298cf5e29176b8a1	394ae7b5e0c78226c306d87109f93f41	2020-02-17T22:55:18.038453	https://osf.io/download/5e4b19d5b8c2e500234c4e46/
065abfb3-afb2-4ea9-842b-439658f3b1f0.zip	5e6a61164a60a50151bb1fa9	2193658	164d7fd48d6219e97f91525c4803d00bb322a09861e8a4029068d3fb016973c6	51d1ef55f2a3d6dd4e5b794b26fbd6ec	2020-03-12T16:19:35.050385	https://osf.io/download/5e6a61164a60a50151bb1fa9/
0663de17-f001-430f-a70e-73ede12c15bd.zip	5e1dcdfd855d4c012cb7850c	4489216	30e46d1541f66d5e61660c5f4ab66e0f2982ae02bbace9bdc97df01f368b2c17	d076830d3d16d673150a592502858195	2020-01-14T14:19:41.676011	https://osf.io/download/5e1dcdfd855d4c012cb7850c/
067060bc-010b-4f3a-a83f-06910cb626d9.zip	5d283ca1a26b34001609f3b9	3657398	35db2137a17417e07853b27903b3f6f7d82708fa3a67924e19e2f82d4e1eb8cf	4ac05041e8dab42ec927774d57c8478e	2019-07-12T07:54:09.126727	https://osf.io/download/5d283ca1a26b34001609f3b9/
068ae822-3269-459c-a3f3-a71b6aea3e12.zip	5eb19d4f0ffc05018b6f6a8a	885232	921b285646ffe3fcf2351dd80b30500bf80078b6fe684cac8a56ee4cf5a61741	1d6c6b9078dbe5b3221d0ccf4457eeee	2020-05-05T17:07:27.949225	https://osf.io/download/5eb19d4f0ffc05018b6f6a8a/
06b4cfdc-cb2d-48ce-bde1-041db83e43c8.zip	5bb4ee9fd097b900174eb212	17477846	d82c9b9296968bdf2f5e9045515701cf4d6192e55251fcd719339bd441830f1e	4d778dfb3e5b5b3b17937f696b2ec2bf	2018-10-03T16:30:23.487033	https://osf.io/download/5bb4ee9fd097b900174eb212/
06e9c408-4cd3-4666-a585-bf3b22d7db38.zip	5c56d691e16f55001a87ced1	9558600	2eba135a785c2e4242a04b791adaa8cf63c70f986741c7f13945b0be444cf3bd	3689f80b397faf4ceb545eb7107d6895	2019-02-03T11:54:57.734780	https://osf.io/download/5c56d691e16f55001a87ced1/
06fe0fcd-0cee-444c-9da8-f430387c165b.zip	5e3d6ce1032a4d015ce6f8ed	1438700	df034dedbfc3d5445b13d6a6a7c3206d8de6fb3275ea63cadb1152df49a8400c	d15f7b83a35471b0d1475dbf42d8512c	2020-02-07T13:57:53.608941	https://osf.io/download/5e3d6ce1032a4d015ce6f8ed/
0705b937-74cc-446b-84da-05a1d56266cc.zip	5e8066398140b40055422558	336871	73d649939aa200cd3d01095b23441895cfee42e2869cc83b3e9caa660a1d4ad9	99d2d2750c651f6e4e9fac9b63fc896b	2020-03-29T09:11:22.089916	https://osf.io/download/5e8066398140b40055422558/
0740e35a-7cec-47ef-9fae-a74adc7c9d2c.zip	5eb50102a2199500f85d2cd7	9460559	6c675fd97f73566f38a48ce4af8b6631573aa408ff9cb5147e537ee1a3d54226	6bc84ff751440f15df0293f2d141533d	2020-05-08T06:49:38.529033	https://osf.io/download/5eb50102a2199500f85d2cd7/
074f8205-ba78-4202-9cf7-25ac3b5d28b7.zip	5e4ed9291949df021156447d	16884127	0f1406092a5e0defa00709c884a29b91140f338f5f3c9f88876cfbd695948809	919903e94edb091e3d6c90f939179687	2020-02-20T19:08:25.668371	https://osf.io/download/5e4ed9291949df021156447d/
0753a9b6-baf1-418c-81b0-0b789a402cd1.zip	5eae881a0ffc0500996fcfce	890159	466a5fb5b752dc53761a0c0bbbeffcb9e64a551fd4c45769140770cfc556f824	51fffd645e227e9ccbb41f9032c04384	2020-05-03T09:00:10.154174	https://osf.io/download/5eae881a0ffc0500996fcfce/
07590f7c-d8c9-4808-b46d-b3b4f94daa69.zip	5eb19d5569d3e10177dea528	1012499	5b9af666e55e111bc915e5ae97286e692c93a621c8122d678a502c72855d8902	14c7ab089b58cd220f135fe08d7c91e6	2020-05-05T17:07:33.980330	https://osf.io/download/5eb19d5569d3e10177dea528/
07a4b9cd-99e2-4c2a-9e41-a6c1c274fab1.zip	5eb50108a2199500f75d2523	780190	82cdb79f363a8ae939ebc18166eb374bce904cf4546042d98f03e6d4c9c7e487	b25b29dc649d3d44319f1c046c36d648	2020-05-08T06:49:44.472512	https://osf.io/download/5eb50108a2199500f75d2523/
07a7e891-8394-4436-bce8-29978874f832.zip	5e490f3f3e86a8017f6ea69d	116948	f26d3d842504b8966fb7f7156f5e27332fd53259c0527851dc4552581bc588da	b27b747714a287f2603d9d476363244e	2020-02-16T09:45:35.350170	https://osf.io/download/5e490f3f3e86a8017f6ea69d/
07b47ffa-1058-408b-a658-338691246e6c.zip	5e3f0e88f1369e02608ac0fa	4561096	cb305d1f2621ba7459b354de2ec759317f1dc6a5673a1037cbbffe08bd914d19	a94d444f3ce1b730af930cb2094cf2fb	2020-02-08T19:39:52.230878	https://osf.io/download/5e3f0e88f1369e02608ac0fa/
07bed04a-2dc3-40ff-8ad5-ab8899941d49.zip	5e2ff1c2e71ef80058188458	15202401	020ace9ee320ca83f5649ab58ffd941a574a882ff3d136a2959bd876bc214781	9e56d3cf9355ebe225faccd116493d4f	2020-01-28T08:33:06.247956	https://osf.io/download/5e2ff1c2e71ef80058188458/
080ee7a6-d88b-4c9a-85a1-414ed379e752.zip	5ecd41f9aeeb6d01d10844a7	160955	d76837b56c87974ebe2e0b18f265409e1f33c551e676731feb7e829c508e88db	010df6edf08f658e3c61b49a542b236a	2020-05-26T16:21:13.650952	https://osf.io/download/5ecd41f9aeeb6d01d10844a7/
081e9bd4-fa24-47d1-ba20-ee2b30ca78f5.zip	5ba5f07711fc4b001a18f94d	3963520	d6b8ea0f6bd9d5302ad9eee6b3252466e2e37594b10164579b3094ca9b1d7e8e	f708debbdf59bcacef1aee54fc487b8f	2018-09-22T07:34:15.931107	https://osf.io/download/5ba5f07711fc4b001a18f94d/
0826999b-90ce-4a64-b002-b2186e2644c3.zip	5b633df3af7ffc00115c8e20	5091420	975a09567bc5abd839c8819b648fa9b54528b05a42719632ee35cca0fe16a1ab	a4330f045ff71b79b66ee8460dab56a5	2018-08-02T17:22:59.226149	https://osf.io/download/5b633df3af7ffc00115c8e20/
0854ab2b-46b5-457b-94ff-d6191dd98eb0.zip	5eb6d5709ddd28012e08dbe3	749810	ae1ea5d9f32c012d83dd116ba21ee8985f1535508693b171f35800c9fb8182af	b56fae8798adad813e5109b7445c1917	2020-05-09T16:08:16.889842	https://osf.io/download/5eb6d5709ddd28012e08dbe3/
08706f69-50cd-4692-8417-07f550e3af5a.zip	5e2c602bc19c5d0159ee0c61	10337288	611872c7dbeff8c254f9b0c148707f0540ea11b3753da61d06d6e42c909ebf6e	a16b770b99fcbf989d94ef6b48c7169a	2020-01-25T15:35:07.947746	https://osf.io/download/5e2c602bc19c5d0159ee0c61/
087f54fc-c383-4422-ab93-558c1b2ae6af.zip	5e77d9f20cd06c067a007aca	3847418	976b5ace8a2f7d754f2853e0f3f1d4761b7e55077152ca20436312f9fe502dcf	c56fe8f6357854378b5ddb9178ccf69f	2020-03-22T21:34:42.496388	https://osf.io/download/5e77d9f20cd06c067a007aca/
0884c7d9-7c9d-46d3-b3e4-e54f2e5723a7.zip	5e3b071d032a4d0093e6e27f	4048387	d37c662426915e31c673da5d524ef0b08c15db4dae9276f2554cc54dfe45d5a4	ac044a1a5ddf1bbcc144849308bce694	2020-02-05T18:19:09.938865	https://osf.io/download/5e3b071d032a4d0093e6e27f/
08856859-c093-4445-9905-a6a6eaebc274.zip	5b6621a22ce076001b2e3756	6497967	b328fe67be59e098460e4f7a32fa6a1742d2a835de8fa634ba57f284122894a5	21c949743aee79264ac686ed3c5e63ce	2018-08-04T21:58:58.767746	https://osf.io/download/5b6621a22ce076001b2e3756/
088c6d80-8707-4123-91b1-59980e99c3b7.zip	5eb19d5e62d4ab01716c538f	3675638	4a43d96d01591c5da5d2b7eca50f7ef853cbade64d76d8479b160d1a2db23e40	a9fb7a0d4d188243a3aaa900144150c8	2020-05-05T17:07:42.628889	https://osf.io/download/5eb19d5e62d4ab01716c538f/
089aaf8f-a54a-40bc-8637-6aef65b1b2eb.zip	5c2e5dfa18ac270017d9ac87	10391672	8676392d8eadceef2e9f004fdbd235cb0d8c26d0f26598d8084622705afb4ac7	b12c321d4f478cd66a13285771d8a7f6	2019-01-03T19:09:47.082132	https://osf.io/download/5c2e5dfa18ac270017d9ac87/
089f947b-42f1-47b1-8eb8-a657d9b01ecf.zip	5e3dd1a6032a4d01b5e6e9ab	6154754	8170177f71864a9e5d95dd5725a4b6769001ce2d9a4f4755a1d85ab1981843d0	5eaa63354bd3afab19fc49a3e85872a6	2020-02-07T21:07:50.707784	https://osf.io/download/5e3dd1a6032a4d01b5e6e9ab/
08accf94-131c-42a5-befa-a56271560ae3.zip	5b9d4af7b7f1410017c5032b	1033637	538d815891bbc5b9df42100cb5719f4764966b218f908d4c7af216ebf630bb55	b31894ae96b8ec7310af7d9e42b2a73b	2018-09-15T18:09:59.151671	https://osf.io/download/5b9d4af7b7f1410017c5032b/
08bcd1ae-f588-4e53-96b4-d2c394fd9804.zip	5d0cf5e952a2d5001b335ccc	1282415	db34ba2aae7e09ab78db1cf5b4108ecc90b713432a3eb31c823ec90278ed4e7f	d7451deda9229bce0932b59c83445d23	2019-06-21T15:21:13.794788	https://osf.io/download/5d0cf5e952a2d5001b335ccc/
08c2603d-60c2-4d94-bfe0-4c76086e9651.zip	5e6b6c920cd06c019d001a03	6402850	aab5d00cc7541b17741d31f40966758dfae290fc90549d5582145e01a88a0c54	2b526375d69343b3a2a9fdb3581dd39d	2020-03-13T11:20:50.105783	https://osf.io/download/5e6b6c920cd06c019d001a03/
08d6a74d-209d-4950-ab07-08f678ace554.zip	5e2f1941c19c5d0259edfe1f	5984185	241cf26375918d6b38366b1531729e36b670973d3699a3d0176ea853c969798f	1496744597c4366fb0668830536bf02e	2020-01-27T17:09:21.276570	https://osf.io/download/5e2f1941c19c5d0259edfe1f/
08dbe858-f429-4f7b-a7cc-940d049a111f.zip	5cc7186942c4b70016b40405	9053364	c61d0983ec998ee8ec9612038a6174d769dce00cf563fda21b14953f3b6ba6c7	c17742f01bc6549d561e96809f0ff70a	2019-04-29T15:29:45.691896	https://osf.io/download/5cc7186942c4b70016b40405/
08ddcdc4-43d9-46c4-8a0c-90d1f9faa924.zip	5b5c603bf63e21000febe54a	5599026	fb5f3e953d9e14efb650db3e993c15c93f95e618438935c1ea0e40b348efbcb3	45e89eae58f120def699afbec149733d	2018-07-28T12:23:23.578442	https://osf.io/download/5b5c603bf63e21000febe54a/
08e0df73-4bb4-41fa-a3b3-56374c9bc0ad.zip	5b758261877d61001cbb9ea9	9468581	2e8d8677c46dc513339def82a06064b0eee7a140c3d2a07229724adf41b700ad	c39e23ac46fa04edf1aa9c2f1f62244f	2018-08-16T13:55:45.955648	https://osf.io/download/5b758261877d61001cbb9ea9/
08ec6f9f-0295-4a79-802e-9826650df2b7.zip	5d20dedafe43a10019237054	2275504	c57084db90beb38eacf26197cd7fe195fbebcc8af298c22d8f8da02be4c4310e	eeaac662d9af94aae961b99763919924	2019-07-06T17:48:10.307871	https://osf.io/download/5d20dedafe43a10019237054/
08fc3bf0-b548-475e-9e0d-3f4f47095031.zip	5e4a49d8d6622101fa994d49	2550353	63ea600da87b88b99807cab416791b8e03faa4b807b92a9cdd8d051151494928	908f394d15a2e1480af3efba30b6545b	2020-02-17T08:07:52.782252	https://osf.io/download/5e4a49d8d6622101fa994d49/
09140c50-ff6b-46a1-aa00-ab69ba6d7790.zip	5e77da010cd06c06840060ac	8396556	15e5833ac95817e8e150f4e627f802d1e3de2f42bcce55a7220fa200188bf543	87febc2579df5e0feaeaa6fd2ee90692	2020-03-22T21:34:57.222144	https://osf.io/download/5e77da010cd06c06840060ac/
091ff782-d063-4411-9f40-9b679eaf44da.zip	5d30d320251f0e00160740fd	14478467	b151a94beeacee86897f21515af48af73fede343eb72a45bd67f68e0b4bc389f	84c0768c69553ed8a602fe9d804d0530	2019-07-18T20:14:24.125050	https://osf.io/download/5d30d320251f0e00160740fd/
092dd530-b6c7-4f3c-885f-f6af1d331cfa.zip	5eb19dd662d4ab01716c5539	12441709	7f1ef6ba8abc6ca8791945aebd120b37bb3f858769ca58ed15af108541a8940f	4f98157e4cdc876a07bfb402e7bb510a	2020-05-05T17:09:42.428449	https://osf.io/download/5eb19dd662d4ab01716c5539/
09407f03-8a99-499c-9830-5c657b2dd383.zip	5bbefb5a95e98a0018785bf0	7456586	5cc1d49e3a89f454c1d43eadcdc8935316546c9e3876de21eb89da53b28ef03f	933ad2ffaadb5e7549a3616961874c70	2018-10-11T07:27:22.862198	https://osf.io/download/5bbefb5a95e98a0018785bf0/
09423884-dfb0-44ce-8ad2-2e86aa926a5e.zip	5ecf8fe817ac9e02ba621995	3742304	9f72ef4b3ebc387001d1ac9dfbad3a7df8be438036f56b50c303ab482f4993fc	73e0acf7ee1fd73fc49fb6f129929e76	2020-05-28T10:18:16.593602	https://osf.io/download/5ecf8fe817ac9e02ba621995/
094243e3-c5cd-426c-81ee-5c7bc7f8b4b0.zip	5beea3b26989d000174aa4b9	1347763	f38d647425ffe429043da3d5b9856d7815435e8bf52ded5d1d6327ac790f3ce8	53f2cc486f62542f22ba42b2d956f0cd	2018-11-16T11:02:10.919555	https://osf.io/download/5beea3b26989d000174aa4b9/
09429d73-4f0b-4ba6-9617-bab144e18d61.zip	5cd12cf478f7c7001a089cf5	2780495	208bfbb7eb5470cedc4885b393f0642f8a21957873f1e549bf8e8a1b74b568fa	790017e43eaf84ade1256763aa5fd58b	2019-05-07T07:00:04.452754	https://osf.io/download/5cd12cf478f7c7001a089cf5/
0944421f-c6da-47ed-a289-9e693b63375b.zip	5c84c9e6245c0a001ad10a3e	821641	b7ae31f548222552eb1626b8897c783136a0816180c9eb060741bbd1258ceda5	e7dfc75311c75774f5019305f7d2ed45	2019-03-10T08:25:10.522107	https://osf.io/download/5c84c9e6245c0a001ad10a3e/
0948ae4c-abb1-4524-88fd-2fb7f0be6434.zip	5c1ec7a7e96aa2001aea47e0	9097749	b0d87c46cc751014a8018515e3a0b629a9ff7591aedbc369cbb5052c3e96b65e	1ac1cea88dff35e32e764b4975bb9fc4	2018-12-22T23:24:23.479841	https://osf.io/download/5c1ec7a7e96aa2001aea47e0/
094eff7f-0c47-4b85-b056-73498d74cbfc.zip	5cd06694103390001a9cd060	2465489	434c1af0d97acdcebc45482b16f2120f230ae166a801cefbff37bb2bac41b5d3	c2005df9d0b666c4a499218f654af97e	2019-05-06T16:53:40.258724	https://osf.io/download/5cd06694103390001a9cd060/
09504cba-b5b4-4b28-ac25-196b1b2d4246.zip	5e47fe84d66221015d99350f	4841793	2ccc22062ad9a17e720c00e23eeb8b01d3a0d11ba5a66b260d7770c2e0e2ed56	bf00f078f6e39987d1f60bf07c685844	2020-02-15T14:21:56.366272	https://osf.io/download/5e47fe84d66221015d99350f/
09648196-6839-4ce8-8fec-3d151f5eac36.zip	5eb19ddc62d4ab01706c50b1	1714344	1a1d916b72a917bad855477d5ef29bf801cda0ac4091366fae3706c1e60575ad	abe2da9e06e36f88dc90684901f28d10	2020-05-05T17:09:48.382591	https://osf.io/download/5eb19ddc62d4ab01706c50b1/
097f7381-8151-49d5-b4c7-a19193ef93ce.zip	5c7b9c78ff4a890019248493	5405408	eef5655476d90f6e9f14a6becce5b2eb788ee967509414f2e78e12c4c1f1c7f1	ac2b321c34ae331473d077f9dcee18fc	2019-03-03T09:20:57.076037	https://osf.io/download/5c7b9c78ff4a890019248493/
09957393-9749-4f80-b030-3371a5888a7d.zip	5bf6c3567a554700196f0485	1385702	f2f68996a0a7e7e4e8dfef41a0d12f04af45f3eaaa7fd7c8b3758ec08349abc3	68d19cf6317a8120c946a8684a70c14a	2018-11-22T14:55:18.513426	https://osf.io/download/5bf6c3567a554700196f0485/
0998f7ed-66f1-4f14-a6eb-672dc9249dcf.zip	5eb5010f9ddd2800c60973b8	2632385	e065d16abf28f3ca99e86f86a436c8c8c4064eb4b6c087b131a33d900b0b2d31	e43ab0b1ebf99474bba859295683d6c6	2020-05-08T06:49:51.593495	https://osf.io/download/5eb5010f9ddd2800c60973b8/
09a254e4-baaf-4652-8962-8a72d55f3f50.zip	5c72986862c82a0018d9b95b	7209549	3938118a5fc16a12b23c67f0700c3fe00f95e704170c6df59bd0f7a3f4c0b020	95ba9bf2fab6d768d0afd6752c7822f3	2019-02-24T13:13:13.010719	https://osf.io/download/5c72986862c82a0018d9b95b/
09c8e31d-26bd-45e4-97f3-a6b1efa23747.zip	5aff4059a556d00011055626	1162730	b563e27b5d32fc2cd7b6876182bf4779eab2732066cbe6b386d3dae8d9e387c0	15ee08eb84dcc20a80274e66f7b48eff	2018-05-18T21:06:33.597949	https://osf.io/download/5aff4059a556d00011055626/
09ceff71-4de4-4d8c-80e7-40b10e99e067.zip	5af9297f7bf0b90010e68e79	4548031	9a9ba0dbc0463581cc72b0b21d4c3dde2a6adc184cfc0ce8fd46a72da53a9cc9	3235030401b38601dfe688132b8eaf9e	2018-05-14T06:15:27.944450	https://osf.io/download/5af9297f7bf0b90010e68e79/
09e174f5-f4a8-4694-b8f4-c2ccf5d47094.zip	5eb501239ddd2800ce091d13	12808698	93b5380f66e47941ca67ba17c7044d93d5d4f1aa5ca4f58dbb746cb3e2d44ea9	cbffdb9ae9ceba5138514d44c4552014	2020-05-08T06:50:11.763032	https://osf.io/download/5eb501239ddd2800ce091d13/
09e43621-f260-4f60-8662-d08ead7f225a.zip	5db7e455af84c3000ee64718	7987453	a99baeb02ff9e8388f17c543f4a9679a7715ebd8907bf83a1d9e27ac0db3baea	daeb45b8dad26f753f68906230950a2a	2019-10-29T07:03:49.633818	https://osf.io/download/5db7e455af84c3000ee64718/
09fa1819-7870-46b9-a5ad-0995099ba70f.zip	5cbc2815353c58001ba27e10	4166539	4b86dacf31152e8237a7976e97de200baf0d482f7e621b5565e4e9b414a7998c	903fbb200dc96f87e8839da84847adb0	2019-04-21T08:21:41.295685	https://osf.io/download/5cbc2815353c58001ba27e10/
0a063519-6876-49ef-aaa9-486ea5fc7440.zip	5e85f7a28140b402144235be	7905687	ced12b22815c1ee06393f6088f427f834edc71ebc059d3baec52fa3106bb7435	69816c40c0a88ff64554c5464f62a757	2020-04-02T14:33:06.774420	https://osf.io/download/5e85f7a28140b402144235be/
0a19dc09-7044-4b32-8ef2-b29491120c34.zip	5c5834b576653c001b25c34a	3772213	2292efeceb8fc20fd3b75dc4bd78544f7a451ff0cbc5d58086a323b83e8540c3	6e8e4c0e65023980b335263463f5b9dc	2019-02-04T12:48:53.431715	https://osf.io/download/5c5834b576653c001b25c34a/
0a23f23b-58af-4b12-bab1-89d3d43d4f17.zip	5eaebe7a62d4ab00886c7b14	2652763	c75a4c09b489b380448ba68b4966dbc4ecbb3945e0a2ab88939d481a4f33471e	f919b043e75ef4d315e291d74ef267c4	2020-05-03T12:52:10.981666	https://osf.io/download/5eaebe7a62d4ab00886c7b14/
0a2954ea-51dc-4ff4-a41e-4a78b6884bf4.zip	5c1a72ef0f4dd4001b12c9e5	398385	b6fec0066af24521e34325ca5817cdabeb09104f2eebd577c2f92fd3510fcd84	5e65c6e75014522fcbdac660b1a70d80	2018-12-19T16:33:51.996731	https://osf.io/download/5c1a72ef0f4dd4001b12c9e5/
0a45d65c-3e8c-4625-9be1-84633933d5c6.zip	5b2754c58b4bed000fb76d95	6018091	706c780a4a17d384c0bf7641e502814529b18d4579ebbd4384cc9b46c0e6853b	cc19e323c35174791c3302a80e2fd8bd	2018-06-18T06:44:21.716013	https://osf.io/download/5b2754c58b4bed000fb76d95/
0a466bdc-4f60-4b44-a975-69f65c2e0cff.zip	5e4ed938b8c2e502334c521e	774786	eccf4616fe218046069a64f74c9f4ec157774de27f4653dea777b07c0d1703ae	0e40e5154e1b96205246dda6a5b62787	2020-02-20T19:08:40.451011	https://osf.io/download/5e4ed938b8c2e502334c521e/
0a4dfb20-0ce5-4d55-9bd9-20122b79baf5.zip	5eb2e98d9ddd28005908d7e4	1256741	7071265c0f2fd1f84c9231189ae056f144c0ecfa1927ad4f84cd664f2f078fae	cf8af7769b601294c5be52bdf1266504	2020-05-06T16:45:01.351944	https://osf.io/download/5eb2e98d9ddd28005908d7e4/
0a878740-5cd2-4064-9aa6-c8d0a4ced727.zip	5eb675e79ddd28011d08ed15	8892548	9d5ab2293830e179ba86325c23f114e2727a519789949651d4c02de481ab36f8	fd51af6a1ae1725dd8eb6b75a21d1121	2020-05-09T09:20:39.977484	https://osf.io/download/5eb675e79ddd28011d08ed15/
0aa256ab-e507-4955-9c09-73278fe318ca.zip	5b7137de90a7e0001a88037f	393583	78c7174b95d66ad9c7ab332f739784700c16de9faeb3171789454eae9d27f428	26f5052fa8a58f62e924fa3539555ddc	2018-08-13T07:48:46.420304	https://osf.io/download/5b7137de90a7e0001a88037f/
0aa89ce6-0350-45a5-b6f5-0b584ffe2462.zip	5c9ddc9be0a7de001797194c	3151002	9d8a79d0ea506fa2c25a147e75eb966c7f4924aa606900ad2a484ff6b8dfe7d1	3f7be394954ba8226f7895440a877fc3	2019-03-29T08:51:39.890989	https://osf.io/download/5c9ddc9be0a7de001797194c/
0ac7270b-edd9-4bb7-bc51-22f4494fa7b9.zip	5d110cd7693ba80017901641	1091358	03ea7d4f853cdc47017ad618e0a54b8f5c79ebed11eb67aa71fa898beef41891	f7151ef20936f4b9cebef3e708b6402b	2019-06-24T17:48:07.835870	https://osf.io/download/5d110cd7693ba80017901641/
0adba00b-e97d-41ec-915b-9645aba5b1f8.zip	5d0cf5f92bac840018f6c1c2	8385249	2c2bd29b0d154bcbef4f32846c9814f5c2d0ce83b56f12afd451f2dd9a3a9d9c	791f707ef3457dd3102b4d3708df93f6	2019-06-21T15:21:29.790796	https://osf.io/download/5d0cf5f92bac840018f6c1c2/
0b03c530-4d65-4f18-a438-ba48dae0f379.zip	5e4b19e9b8c2e500194c6553	12170603	a76892d758f6860dd071cb0c07883249e190252e14536f4bfaf5a340616837c7	f404f0f8cc5b72e5e4958dac66999596	2020-02-17T22:55:37.453230	https://osf.io/download/5e4b19e9b8c2e500194c6553/
0b0ba22b-9cb0-4de1-958b-1b71705d70da.zip	5c2233c5bba2cd00188b2d24	5925599	7ffb9eac90023a525e135436c23f21742b1e58a4ed103964d57878ef0e52ae1b	23565bbc88f86c24e8ac4ba4ec91951f	2018-12-25T13:42:29.601729	https://osf.io/download/5c2233c5bba2cd00188b2d24/
0b1eae3e-a92e-4d27-b551-384ce730c71a.zip	5e4027dc032a4d026ce7130b	7958686	f81cf0a3c2718a300374f9eff3eebcdeaee76b2e93234f4992e7d7b95e8759cc	9bb9d927485951b603425df350703d34	2020-02-09T15:40:12.753461	https://osf.io/download/5e4027dc032a4d026ce7130b/
0b21a742-ba4f-4cc6-af64-27f685cf9cd3.zip	5b77c6e795f24f0018ee77d1	5671283	f6fcafe8ea743901f5a09ac03f4c8b58e151461cab4dd50a681007231ffebf34	2bdab2a233ba9f3437625ee6ebb39edf	2018-08-18T07:12:39.509643	https://osf.io/download/5b77c6e795f24f0018ee77d1/
0b346599-ea99-4f75-a5b0-e261763c910e.zip	5c83ecde245c0a0017d1e932	4810379	2f1d621915b2b9c227b2d80165bd29d5e0b5fee730a0d19977dd0d71072143f7	64e5827707b25f4a4b95fecf2609ed86	2019-03-09T16:42:06.310515	https://osf.io/download/5c83ecde245c0a0017d1e932/
0b47deda-9831-469d-a28c-b85bb30a9f11.zip	5da9f5f2ec1775000cfe08cc	8682764	3be1bc4d92923f9518dcc7fc8c35491fc255101fdd0a3a9f05fa647eeec6b7a6	784b885e1699138a0a3014d13b40fbc4	2019-10-18T17:27:14.146071	https://osf.io/download/5da9f5f2ec1775000cfe08cc/
0b77a6ff-ecc3-474d-8cfd-e835b11012e4.zip	5e257e12edceab014282eb4d	1224821	8da8f0e27e3608e49c57a407293f9fa9d3b4f2c9d9ad6aeb1425b24d0f1ebae3	db764609ebd3bab26c47f539a10000b9	2020-01-20T10:16:50.716161	https://osf.io/download/5e257e12edceab014282eb4d/
0b79147d-b08f-4fdb-9003-da90a35c61fc.zip	5e248939edceab012482d918	2570154	ef7b5b42e738e1ca4b6feaf32d09ef48c8899740df5eef1b7f492523f0c1bac7	5e84d84c4826dd68bff53992473d3cbc	2020-01-19T16:52:10.064083	https://osf.io/download/5e248939edceab012482d918/
0b93da37-7a50-4cd5-8810-e5f19d55fe7a.zip	5b08615bfebe5e0014a1543e	3116325	8b3ecac1cb7fee6fbb5a66ec7eeea6d1b1cf9443444c537a5e6b88ee1bb55f26	7f88dc0a3af078badcca09cf3a77e134	2018-05-25T19:17:47.719484	https://osf.io/download/5b08615bfebe5e0014a1543e/
0ba4a5d6-ad94-4ea2-a529-566b46cec958.zip	5eb501f4a2199500f85d2ecc	6281575	8343948524c3c2fd9c1527a4254d083fe8388e8ebb0f42375b95f775520069c2	b30f41787277955017b9cf6769c92350	2020-05-08T06:53:40.281220	https://osf.io/download/5eb501f4a2199500f85d2ecc/
0bb2a751-f999-4d11-83c2-3b8c7120c545.zip	5bbb47890463cb001acb558f	8940702	d8d7323e41d20eb1ea05ecabe272fcb9087cf6b6074ecd3aa9f9dcee81d43df4	15fd6ba1ce8c0b9ef7e284655212582c	2018-10-08T12:03:21.902865	https://osf.io/download/5bbb47890463cb001acb558f/
0bb601b9-a73c-497e-a45a-7df22d1b8437.zip	5db5454cf3bb87000b8342e4	536368	3fd902952c6521ed2c4a8b5d408a14c2cedb4ed83a85123bbde5f8b454488123	6498c5d7098f4899409aab7f3fb83fa4	2019-10-27T07:20:45.113114	https://osf.io/download/5db5454cf3bb87000b8342e4/
0bbaa8e9-14e3-47ca-9746-f83b00120723.zip	5eb19e1962d4ab01706c5157	488684	60a38d576f756b93357cbc2f285836448ba625ddb52a6a9356d170902925e0ee	1806c621db9f6496e7f6429473719381	2020-05-05T17:10:49.949057	https://osf.io/download/5eb19e1962d4ab01706c5157/
0bce2e79-85ae-4219-a5f9-619defcce0b2.zip	5eb675eda2199501365d2388	1388863	4d3096802140da36e8be8247f9aaf445c4b73c6127101370f6c1ae0e898a4d09	5642793f5eb62fca77bb965e6e14f5d4	2020-05-09T09:20:45.606300	https://osf.io/download/5eb675eda2199501365d2388/
0bd45412-c08f-42e2-80d8-0b27c870a8fe.zip	5bc32e3e512c03001790ac13	16744750	3649768c719eecce14229ac59693ba04dec4517c0bd14a0bc01f23bd3ca29717	a7fab5ed34fb8fc228c8e1dbd9661924	2018-10-14T11:53:34.227400	https://osf.io/download/5bc32e3e512c03001790ac13/
0bf85eb5-8bf1-4dd6-b92c-fa47d418f0ba.zip	5c0f71e7e07078001873e373	2732339	63a87824d881e492660a38b8a8b4e439c6c24fa40ed7f15641cc85eab88cd963	8c65af9dbe64d9854d63b81ba66f8a0b	2018-12-11T08:14:31.891733	https://osf.io/download/5c0f71e7e07078001873e373/
0c071b43-d936-4518-b757-d14ca13066fa.zip	5e3dd1b6032a4d01ace6f5b7	8793069	0a690efd5cc068f293eb8087cca2630bc20f92c0166d93e2561a20ba810699e3	2f2286682250642407a3bee59699e66e	2020-02-07T21:08:06.503620	https://osf.io/download/5e3dd1b6032a4d01ace6f5b7/
0c15bf89-e57e-42cc-bc3d-817c825dc759.zip	5bee99004b37e1001b4d56ef	2703740	15d42380322b4e0e71e95d9e10c1f7c0d7ee176958312451116b2991f1f4da88	226f32d0820cec5a2c8af79c3fb7ddd5	2018-11-16T10:16:32.511180	https://osf.io/download/5bee99004b37e1001b4d56ef/
0c4a2d1c-a754-4c8d-bfdb-d80146ae98f8.zip	5d47da7626ebf5001b8ad3f8	15837358	e174df6fd02004ee7c2c59444d2883f78d74592c991834e0ec38c185913a9070	ece44386ea499aef4a457ae9fb2dba53	2019-08-05T07:27:50.906600	https://osf.io/download/5d47da7626ebf5001b8ad3f8/
0c6c5a23-db3c-46bb-aad9-0f35c4b57e4e.zip	5e7673ab0cd06c0639001609	6096098	60e6453ef2fa208e91c6c6720a235be48254f38ae8bacf47423db3fef1930ff8	2ce1f37539dfc9c747543883d1f4a6a1	2020-03-21T20:06:03.627642	https://osf.io/download/5e7673ab0cd06c0639001609/
0c704492-79e7-4f98-8d72-790926e60c63.zip	5e347df857427b003c0c24a9	944848	a8cd2ce62d583f5f166ae24ff450a783748b287cf6ddbdb3a453f801139461ec	603980b91d1d390fd3e37a91403b1630	2020-01-31T19:20:24.789098	https://osf.io/download/5e347df857427b003c0c24a9/
0c7fdc85-b1af-4930-9f39-db58b071a35a.zip	5c73c39762c82a0017de2509	5972293	5dbd553ef9094c2c298a5d8b584445b21ffcf43ad4ebef044e22dbdc259af406	71321d97fd3388079faf505efe9663de	2019-02-25T10:29:43.704926	https://osf.io/download/5c73c39762c82a0017de2509/
0c99eb36-bb6b-42c8-8e95-54b9121f4671.zip	5e357c4d57427b008d0c1ee0	818395	ca6d100c424ad2fd498a8ce1acb4bb47f15686318a03208b81fa6d0a8360a9d6	6a62bb81cb71e0450caad2bb6a3fed01	2020-02-01T13:25:33.356284	https://osf.io/download/5e357c4d57427b008d0c1ee0/
0ca11ba8-ebcd-4c40-8456-55d28664456f.zip	5e3dd1bc032a4d01b9e6e535	1361985	ed745c1f0409a6d0a7eefb0cf7672d1668658552cec6f4da23927e772a916cd6	ee848e2f9f39b6b19ceb7cee038d158b	2020-02-07T21:08:12.237234	https://osf.io/download/5e3dd1bc032a4d01b9e6e535/
0ca7e333-bc6a-4c42-8f9f-41c62da36702.zip	5e5a0c1fef5d89017b0715e6	9266209	3e703f495a2997971c006e893fb792142e2ae6fc49182d3c2214285b75646008	5115a63b5a97292f6a215b0fe1ed7574	2020-02-29T07:00:48.087468	https://osf.io/download/5e5a0c1fef5d89017b0715e6/
0cac47ca-0a21-4e3b-82de-4e8237bbbc92.zip	5c6fba3c62c82a001ad7f6f9	1722234	e135f550330179aad7001f2811bdc047061c07cea2c2326932d926e9a686ddbc	afdb5ead1705a2c43c5267120c5b0af1	2019-02-22T09:00:44.760680	https://osf.io/download/5c6fba3c62c82a001ad7f6f9/
0cb609a9-8f5a-4c3c-ad9c-e25fff870b28.zip	5c73c39e62c82a0017de251a	1671160	3bf76785dc20bfe44b8649d61858ab22dc6089194888201d4444841864d1f0ed	a524a3bbb6d69b84aa606e3e16fc7f83	2019-02-25T10:29:50.656989	https://osf.io/download/5c73c39e62c82a0017de251a/
0cb75a65-a870-4b65-a688-1a69f6ffcc45.zip	5e1d90fa6822bd0113ff180c	3189774	36cbde2439afca76f6a2230a06bec9dbe47f671ed2b8fbb9791eebd5b8140276	7bec3d7067b54f3182568a718f2a697a	2020-01-14T09:59:22.381268	https://osf.io/download/5e1d90fa6822bd0113ff180c/
0cc3dc99-e381-4cbe-805f-9a484411a5b7.zip	5bcc3a41a334dd0016f3a50b	8938382	996f961642750882bc70d5d194955a7756f8ebabc68ed68477329f8f8b651f1c	226d7a87125f2261ea053c71c22791fd	2018-10-21T08:35:13.722721	https://osf.io/download/5bcc3a41a334dd0016f3a50b/
0ccc0b20-5eb1-4861-9aa3-605babf5b34e.zip	5cbc7bc6353c58001c9e7234	445183	5da37b833d3ee4f0ffb559d8989fdccc77169d97d45bdfae67daa06c94e21788	0819018bb3945f373f3424855af69b95	2019-04-21T14:18:46.484237	https://osf.io/download/5cbc7bc6353c58001c9e7234/
0ccfdd09-8b5e-42a0-bd3a-705d4ca2df77.zip	5ba5f07e11fc4b001818fd22	1613332	693671479e573044f3576dae1c863809a1a9df510e3b2bd184b37f9c18135f2d	6320c2a3f6ee8213a99019dccb33b3da	2018-09-22T07:34:22.779784	https://osf.io/download/5ba5f07e11fc4b001818fd22/
0cd52f16-dab5-4008-993d-5b516a076751.zip	5e380e22fa39b701341dda11	5023815	b48ef072bde7c34ed79ec47065b4e592ee278db46f9109310a929a3142a665b1	92c3240508735e1cf91981510bcfe362	2020-02-03T12:12:18.711614	https://osf.io/download/5e380e22fa39b701341dda11/
0cd7293b-f38c-4aba-b636-80cbf75a29a5.zip	5e1d91016822bd010eff0a55	1595203	18fa4fbd21b390216320392e717148258fd7e2d0e39e0972e60a79834a0dd851	afbbe39086ada3c057f2a5595c1226c1	2020-01-14T09:59:29.458396	https://osf.io/download/5e1d91016822bd010eff0a55/
0cda7ce1-a537-415c-a5f8-00cc1100fa88.zip	5e2dc16687a1d9018f1cd7c0	1608768	d60f4063a76ac1dd2375f2eca7d90531833745e895af3db17c6932fed7d393cd	921768519bc0e89cc5dca7724a9abb56	2020-01-26T16:42:15.030206	https://osf.io/download/5e2dc16687a1d9018f1cd7c0/
0d047f65-151c-4a03-8835-7b610d5642db.zip	5db54555cfc96c000ebd49d2	3028923	b10f5125b09e6bed5d4ce551ff462443315e23e3efe8b6ded95acfa6268ef329	e36a85b803183422bc0ba64338a87624	2019-10-27T07:20:53.251162	https://osf.io/download/5db54555cfc96c000ebd49d2/
0d0efa2e-b490-4c6f-ad95-dda4d2a60956.zip	5cc1f4a79e0745001963c89a	8631068	3340c9e0596a67387249d0cb925a87a5cafe9935b572ee02e97050d49e9c3279	48b374448e51e59096bdd1d89a7f009c	2019-04-25T17:55:51.438408	https://osf.io/download/5cc1f4a79e0745001963c89a/
0d14367d-b91a-4a37-9731-5e0cd6d268d0.zip	5af85a707bf0b90010e5ed5c	15495573	77e6946cc16d58ba384db17f765e8fb9b302d963b3fccfe97e88ba6683aea683	b5e40b3ce268e839df0d5ffef08d4d16	2018-05-13T15:32:00.990341	https://osf.io/download/5af85a707bf0b90010e5ed5c/
0d2481ea-215c-4791-a804-1349ca56f670.zip	5e33103cf6631d00c65a2b05	5729406	568de14a237541d156a72a22d2513112206071dd2f89e376fa2b0056510b8556	979f0aefa68cb3c3062a25b00821cbb8	2020-01-30T17:19:56.649775	https://osf.io/download/5e33103cf6631d00c65a2b05/
0d38d2e7-5933-458f-8451-fc212ae612e1.zip	5c9d2bd6e0a7de0016953700	6549956	e34a24ae1cf76a10ea53deb800db23ef41cd615459748743c1f6aba1a0c709e6	6f166c4017aa268648d28298cae8ccce	2019-03-28T20:17:26.689340	https://osf.io/download/5c9d2bd6e0a7de0016953700/
0d442498-92f4-426a-a7e6-f0ff86d4d5c2.zip	5c5834c2832ca60017a9262d	7497919	99cb94049c4ab0f5d363753e39bf82788b78c473fb06d2960e42433e22e03cfa	72c7aa7c2b126ffbcfda61e7105f75cf	2019-02-04T12:49:07.083451	https://osf.io/download/5c5834c2832ca60017a9262d/
0d4feecb-eddd-40db-aa6b-11a20427beb4.zip	5e8396c98140b40161423120	360171	e091aefddbb07784890a2c5b5e46a83a8bdf740bd55e14b0393a3ca8e9b4c80f	3f6f6977472a29c46cae8a5dbe86848e	2020-03-31T19:15:21.873242	https://osf.io/download/5e8396c98140b40161423120/
0d53b614-fe73-4fa1-bdb2-80b3092c0b4c.zip	5c9693d674462c0016ae05bd	6807001	2d232ade8892a5f990698edcf4f1a970c43c707a6ef76e1c27c497e447a0ac5b	5a2ae395ffaff044f409e7ba166934cf	2019-03-23T20:15:18.407809	https://osf.io/download/5c9693d674462c0016ae05bd/
0d68ea50-8752-49d6-9b2d-8c1760b84503.zip	5c74ea0182a3950019ce2522	16278091	4c4e9de4981f49536f07598faf3f64abca04270a2b097b2e7aa047df9aed6454	60f22b9497effe0385d1d0986951919e	2019-02-26T07:25:53.663494	https://osf.io/download/5c74ea0182a3950019ce2522/
0da6d904-1903-42e4-9fa3-5724fe6f7e13.zip	5e3989bd57427b02260c2879	15534746	4bc43410f6eb64a82f62321cc056b04ff185624e0da9e208099f6966f1a895fe	f3027ccdf0f2872c235bc011d3eeb41d	2020-02-04T15:11:57.926821	https://osf.io/download/5e3989bd57427b02260c2879/
0da762d8-e31c-4c9f-8ca7-f2de63c4305e.zip	5ae343e1bb99c0001049951c	2521624	e83404e5e2bb8241c93204338abe88888626ee9f38ea735cb2b2608ce0671351	0941798fcfba1de163ee1fbe31a32a71	2018-04-27T15:38:09.645138	https://osf.io/download/5ae343e1bb99c0001049951c/
0daa3301-f663-4f65-b408-9c3378126c3a.zip	5cbdec3739926900181c327e	1069432	fa4e9988cda73ac81f85fb486c8180b807aec136aff86108c0534931d337da76	4cf66ace3b3286d5d7dbc9c791c6bd79	2019-04-22T16:30:47.842670	https://osf.io/download/5cbdec3739926900181c327e/
0db2c422-b2bb-4497-8023-f323a784a1db.zip	5cd6a209840cae001b70cfc6	9548224	3c6b14c26ceeb73f5ce663d60eb591c9c820e4e11c6998dd36fe208e9c40db99	eaf1a1638811a7cff11bb19c5625b42e	2019-05-11T10:20:57.525165	https://osf.io/download/5cd6a209840cae001b70cfc6/
0db62999-da8c-4f44-a080-4ec473daeb0d.zip	5afbdf71dbf98d000ffe2541	16002448	4fb68baffd37fb22f4b1c6d1994b1e9201a29792cf5bcfb6068cf68227a62049	1d0f3d1243cd9ef7211a6844e247efbb	2018-05-16T07:36:17.868481	https://osf.io/download/5afbdf71dbf98d000ffe2541/
0dba933f-31ce-493a-b0ed-4aa6768d0623.zip	5ad36f5783e3aa000dde128d	15178008	f28c66e0213cb2a377ad371d282a0f0040276302f806aea595182e219e69418a	899e69f716a816d7735e6da7b379b8fa	2018-04-15T15:27:19.427232	https://osf.io/download/5ad36f5783e3aa000dde128d/
0dd17423-7de4-4f5a-b7c9-69c78f3d6c25.zip	5e53830b35d22d01695f3a55	2684170	8e41df5889fd16f20e5793aae570a0fbde330b5e344de4f7534417b8b85b33c0	46cb3880860ae68926b33edeeb11c35d	2020-02-24T08:02:19.539601	https://osf.io/download/5e53830b35d22d01695f3a55/
0de4096b-b164-4b5f-8e0d-2b840608d763.zip	5c73c3e282a3950017d08d08	4407249	1e2ea033cf00f3d3788362fef39814d6f67eb11027043effbfa1f7c64c9b019e	5455bf79c0cbfee4a6a6579d58f2daa2	2019-02-25T10:30:58.989002	https://osf.io/download/5c73c3e282a3950017d08d08/
0df2a7da-7503-468a-9aeb-014df3f1a2b6.zip	5bbc5415cbf33d0017b3ceb6	311477	93e63223823b60cf50dfa95bbb7f9460d302e692e2d8789689b0d1e2b56d43cd	9d4f4324335d38fc4df08700960b8533	2018-10-09T07:09:09.583457	https://osf.io/download/5bbc5415cbf33d0017b3ceb6/
0df9a3ce-4f12-4712-9256-c1509f34b1a2.zip	5e8396d1d0e3540160b4618c	2537040	e3c4c97f12672e70b3c3b4b7b16a8dc967ecbfcdbd0b22c63fc04526772384d6	63e82658b68cdb3a0336d0c14b52f905	2020-03-31T19:15:29.109101	https://osf.io/download/5e8396d1d0e3540160b4618c/
0e118a96-d384-4ac2-8021-c3508781a03b.zip	5eb19e2969d3e1017ede86ef	9527045	ff3338e0ea5d797ab28b3cbec018b7df4e78a4d3423403d6f819e10512a1df6d	8200206e3c21cfc243203aa6b14a6b77	2020-05-05T17:11:05.353970	https://osf.io/download/5eb19e2969d3e1017ede86ef/
0e193466-ecd3-45c6-8cbf-f2f168393893.zip	5bfd3989c7e8ba0018df7a7e	16146842	92fbaf5c403895c50d41653ddf1c89b2deac2f5a2d2916226c693d21b2b34c7d	e6a18ec12415a53412d333eb591bb4b3	2018-11-27T12:33:13.333161	https://osf.io/download/5bfd3989c7e8ba0018df7a7e/
0e1f7fe9-b00d-4308-bf73-6ebb5ed81854.zip	5e80664ad0e354004ab4f154	10060240	b801e11317c5f16133dc1e7ef84367e57b61d678b5a34031852ebd867ce3d289	02d2a299c3d949937e79d71511280089	2020-03-29T09:11:38.906085	https://osf.io/download/5e80664ad0e354004ab4f154/
0e3ee508-80f1-4e71-82b6-84ce78fedb8c.zip	5e2368d4675e0e00e86baebc	5086511	cc823881b19f751a3210772b335a73b6e2f3e3d602867dad9e6aab482fd39d45	55a3efb256bc2bd661eff4cfcb6b6c46	2020-01-18T20:21:41.077396	https://osf.io/download/5e2368d4675e0e00e86baebc/
0e42daa0-cf01-43fb-b5eb-1c688d23274e.zip	5bd350d58b33000017215748	12341408	362ce952111b4f6437eee0dfe57fb6abdd46fa19dd247a99a804310e7a71eb47	3f665e97a8f0670e7ccfa2d730d347bb	2018-10-26T17:37:25.758937	https://osf.io/download/5bd350d58b33000017215748/
0e47ed92-d639-4cb3-97db-6f9a5fbfac70.zip	5ecf8fefc7568602ab2d0a73	132857	f340f6c12cb8b34c354bfbf25f81972295ebaf536b797712abbf902a014d694c	515c387930b91f5c900a350eeba13710	2020-05-28T10:18:23.806231	https://osf.io/download/5ecf8fefc7568602ab2d0a73/
0e78d9ff-8ee1-4f88-91ea-f37a3d566501.zip	5c5c897ce16f5500178e9002	17471286	2d76e2dc368982f4db33892e15481ae2d1d14cecd56c531a0f3ec62b44543178	4fdb94d7cd3343fbd1e3da58e1dbb7b4	2019-02-07T19:39:40.252643	https://osf.io/download/5c5c897ce16f5500178e9002/
0e9548f9-12af-4a82-ba8f-2c0f6013c4df.zip	5c9d2c09e0a7de0017968922	4839480	32b3bf9a8b5e48832b2648635c695e7d8ca9aa52950a70ac091b67b1e0e09d08	13676cd0191911eb652f5fddc9cd86dd	2019-03-28T20:18:17.495213	https://osf.io/download/5c9d2c09e0a7de0017968922/
0eac2a4c-f0c1-41f4-9a25-bc83fd2747ba.zip	5e51a16d35d22d00ef5f4303	6046959	fdc200b26fa723efa7bce5b8c112fe4d5e5ee1e2d627c92ec9a8759ae6bd2c93	de2a4a0b84bb71342ed866fadd2f3a6d	2020-02-22T21:47:25.522376	https://osf.io/download/5e51a16d35d22d00ef5f4303/
0ebe10cd-9851-4806-a2ff-f09008c89355.zip	5e4ce5511949df01075669af	4989105	73877f02a8d47df52f55f71da108529f424ac2fd5a7dbd1f189ee452072fe72d	93ffd1a9a73684b42c28a45c2deb82d8	2020-02-19T07:35:45.922161	https://osf.io/download/5e4ce5511949df01075669af/
0ec8f935-0df4-45c3-9a44-26e1d2dc568d.zip	5e2182d2675e0e00556b63b4	6373271	01ec61cd2fe61c2686c5c4fb339e625cc90419b75038936767c35260e579a301	f552a715d55b51c9ee3cc992b0002e36	2020-01-17T09:48:02.370933	https://osf.io/download/5e2182d2675e0e00556b63b4/
0ed25ba8-ab07-45e8-a762-52efdb0dd6ef.zip	5e3dd1c1032a4d01bde6e421	435386	ed697367baf2caa04c7e0e87551affed3618044b46863716791a9ae283578497	187a038c5affed01b8efdd7df065a967	2020-02-07T21:08:17.964877	https://osf.io/download/5e3dd1c1032a4d01bde6e421/
0ed59112-efc4-4500-bd6d-9ebf6988d501.zip	5eb19e2f0ffc0501916f7140	2334746	50e17506f48d82b55aa81a41cda33d906a7db50971d3054cd22d8f4e9d0a7867	9f3815579bd63b10cb167dfa75e6b32c	2020-05-05T17:11:12.087458	https://osf.io/download/5eb19e2f0ffc0501916f7140/
0eefac56-719f-451e-84b0-7a7e3cb1cc7d.zip	5eaed5000ffc0500ad6f67dd	950004	8d6a274cf0e48231b2d9f0c2b762211319bef2f700581c495de8a5d3bb18f606	e4a66c46f4e31ae6553d98b1df51d6e6	2020-05-03T14:28:16.153237	https://osf.io/download/5eaed5000ffc0500ad6f67dd/
0eefb121-2410-4602-a0e6-8fe55687ae88.zip	5d2ad6a3a26b3400160c27c3	1332301	250569b7a914b9bc19c20e46ed93af38809b7d9598fdeac92e1c69f50398aa35	dd6671950271b7759bc5e763b065c6a1	2019-07-14T07:15:47.699639	https://osf.io/download/5d2ad6a3a26b3400160c27c3/
0ef110de-257d-43ad-8b53-13e8404eb287.zip	5e490f453e86a801836eac0d	1827478	a95f6176ab3f892c3a164c5bf8a523894448b0097891d02fdbca0a864faade77	2f8875d3f5ea7c9beadb3f858ef83602	2020-02-16T09:45:41.606022	https://osf.io/download/5e490f453e86a801836eac0d/
0f06276a-e788-4bb7-b40f-55af87972bc8.zip	5e1f54896822bd01c2fec4cf	2662693	7ac91166709988a56f0f6d4c8d9af46433601fd18cb1045e8335a18ba110107f	03714c00c8060cc6cffe7624e4719587	2020-01-15T18:06:01.641496	https://osf.io/download/5e1f54896822bd01c2fec4cf/
0f0bf325-b0c1-41df-a0bd-a3aefd6f9134.zip	5e5a9b23ef5d8901b206c0d0	13016909	b3c8abed9273a39cd8d8275a20d7bc60dc7b2a75509a8fd80226c66383471879	c921cbcd41c6bbac64cf20b71b9d278e	2020-02-29T17:10:59.242986	https://osf.io/download/5e5a9b23ef5d8901b206c0d0/
0f1b246c-2781-40c3-9dd1-a14c687536f0.zip	5c9e58020fdcc00017740c16	11547665	886259b2b1067b198785a160d37f451d57bd849f17d8e2c4a3e997a11c8717a8	7010b2be85d669dafab312acf4a17c68	2019-03-29T17:38:10.587554	https://osf.io/download/5c9e58020fdcc00017740c16/
0f2e4dac-7b31-402d-82eb-a75bd8cf96e8.zip	5e9185ecf1353502f7d5bc4d	172648	718c73253300b4527645b1fa6fa2a0134be9342331560d3e9f176bac4893acb1	426f5e1045b0a51c9b2836a583dabe42	2020-04-11T08:55:08.197979	https://osf.io/download/5e9185ecf1353502f7d5bc4d/
0f317211-3e02-4529-8a0a-97f86358441b.zip	5e2c4bec87a1d9014a1cdc53	3373178	bb1e48138679c65b02390b1eba75884af57f11308f679faaa1df798b09f383cb	d2f021c557f5efc4eae6d6404e16aee5	2020-01-25T14:08:44.955859	https://osf.io/download/5e2c4bec87a1d9014a1cdc53/
0f62470a-db76-416b-952f-9b9efd12a2d6.zip	5c78ebf18d5d98001a3fbe4e	12710612	b499cfa6015948b19b93cfc3f60509054c25ea81aed174ee2ba196db2f43419d	19635b1ce6bdbf349d2419858cafb64e	2019-03-01T08:23:13.754305	https://osf.io/download/5c78ebf18d5d98001a3fbe4e/
0f64b92b-c5b0-4ea1-adc3-a6911f1834cb.zip	5cbc1b37353c58001ba275a2	1225436	87a72f77dd1b2ce0be76a54d00061f78888c65f0f65d2a2f011f40473ccb1342	a32ca8b3c1e53ea622bad59d8f026ae5	2019-04-21T07:26:47.204024	https://osf.io/download/5cbc1b37353c58001ba275a2/
0f6b24ce-5c0e-4402-a15f-8b2a99d7325e.zip	5c2513a128af78001a626f96	359832	820c4b76a7e2a20ad31a2f2dcda3c104655afe43c8b88af28dc7abdae86ad107	76ac4e93f76f4ab881e2e221d09c66ed	2018-12-27T18:02:09.938386	https://osf.io/download/5c2513a128af78001a626f96/
0f706bec-3656-4d47-a932-c125619c04e0.zip	5c8386711d7381001abe7e2a	16466480	1478b365c5ac4a0c76dd0770e4b7b10833b8e8e44c9477a1235e9303beea5096	394e279babe2e80da7494f2222feed6d	2019-03-09T09:25:05.391882	https://osf.io/download/5c8386711d7381001abe7e2a/
0f759ea7-2b96-4a2e-8286-8f8685b166d4.zip	5b6c2ee10f2e80001960957b	4352735	20dec6326c3d7c9ed731baebc3fbb6ce1bae64b067c211c342bbbc87d1263063	8bfe0fe15812e7c183ffbfe4901659fa	2018-08-09T12:09:05.631652	https://osf.io/download/5b6c2ee10f2e80001960957b/
0f9a30ba-11f3-4deb-8ede-70bda900d100.zip	5e7330364a60a504c9bb254e	17486626	ebd64f09fb60654d7a9d8154bc041e5e4b005b34a63370e773ffc3a01fbfe6bd	729e6662f6198b42dce99edbcd6c4b6a	2020-03-19T08:41:26.133251	https://osf.io/download/5e7330364a60a504c9bb254e/
0fd0be33-7c5f-4ebd-9989-9efbe2d0df02.zip	5c2513b60e8efd0017cb573f	13914584	313ef7c7a22255152182e5555b84b1aab9b7b65099084c774801070a80ff2ff6	73e53117c5d4be10dbd5b876b60aa1a8	2018-12-27T18:02:30.648169	https://osf.io/download/5c2513b60e8efd0017cb573f/
0fd8a222-f76c-4503-a899-4984e4547b79.zip	5b5b460eecdfe0000f806062	4328914	09679741c0ee1521eb66a621822e82da64ad4aae226c284c22a23128545bd22e	90f468a5e8943e0a15aa7da8127c0bcb	2018-07-27T16:19:26.569626	https://osf.io/download/5b5b460eecdfe0000f806062/
0fedefa4-a443-4dc8-9c74-63e6ddc44fc2.zip	5b93cfb4a58a18001d790920	14968263	f7d5bd2b6c97a244193e14527b1d12ef5cddac83ad1183e977f0734b1a44b7cb	656be20d22ddc0fa2c3ea3d74db25c7e	2018-09-08T13:33:40.136926	https://osf.io/download/5b93cfb4a58a18001d790920/
1004e532-2dc3-420d-b692-5ed4906b2488.zip	5b83be7ad4f3560018bba72e	15631512	39967c9213dbf7876d277d3ff916fdb0b06c61f59476dbd09f7f3ad62e45cd02	dfcd077abd35d0f129e94f46c4366e97	2018-08-27T09:03:54.892964	https://osf.io/download/5b83be7ad4f3560018bba72e/
100c891e-31d9-412f-90c0-35dca43959ca.zip	5e1f5497855d4c01dcb6f9bf	8111336	938e77f18e228a53fe96e37e1b33914d5950acf91ba9785118f5109d84b095c3	990f2cff2e6d5b4c6e0f163710e7d44a	2020-01-15T18:06:15.942237	https://osf.io/download/5e1f5497855d4c01dcb6f9bf/
101374ea-7c7b-4d24-9fcc-3e3431d07027.zip	5cc1f4b6e687860017136f97	8259122	22dbaeccbfda692f1543fd260b2ca0adcdb2c763f0f894680b53a45c3eb01e2f	8c2d111ad56041b3f97a408e192c0379	2019-04-25T17:56:06.486482	https://osf.io/download/5cc1f4b6e687860017136f97/
10173b87-3b23-4be8-9b92-da4c7950334e.zip	5e6a61b24a60a50147bb271b	262777	e24295fe3be3541540385cffebd8ee3e78cd97e50951994a25527932f2304023	f635b28cdd36c38daf6120bf03683b38	2020-03-12T16:22:10.652461	https://osf.io/download/5e6a61b24a60a50147bb271b/
1022c0e5-e8fa-44a7-b8c7-d977b608bc57.zip	5e405ac1f1369e028a8ae323	2610846	d60fb2f5dec89b83f98e6ba6f8b46e7789b500eb516ae5f994b19ae541604d94	cae250d91f56220c3fae47076493de4e	2020-02-09T19:17:21.758246	https://osf.io/download/5e405ac1f1369e028a8ae323/
1056826d-ab79-4b25-8874-20af40c11f0b.zip	5b1d41b7b796ba000f40b8c5	989579	e8a1a6538338cb04228d293d7b28d03f4700ad99f24b7b040c45be6a256f1222	93c106e2de738f27421e83cf9513c350	2018-06-10T15:20:23.343856	https://osf.io/download/5b1d41b7b796ba000f40b8c5/
10621586-632b-41aa-8b99-973813cfd5ac.zip	5af13e7630df37000cc5eafc	14186015	cee54b30951cf7aa34d6fd63a7284b5fb981efb5776ef4817a1dc6c4419bfb61	c5ca0889121756043b7d33d1590f94be	2018-05-08T06:06:46.213441	https://osf.io/download/5af13e7630df37000cc5eafc/
108332a1-d547-45c3-bc18-29269e2ba720.zip	5eb675f2877c5e01353a36ed	328538	c9ad90559a1b27a41ef294b694f8a6e3d874d795d394c1d8b494a54517ea17dc	52b015d4d404fff02f6080824cdf07bb	2020-05-09T09:20:50.901014	https://osf.io/download/5eb675f2877c5e01353a36ed/
1097a8d5-1087-4d96-902f-4f3af63af9a4.zip	5d44ab89bcd6d900198ece55	1933247	77e4848653d21293b7cff0d2f4515d031936e05f73537a1bde23eac8e74888c2	98b474224011005d1dfb970cef44c490	2019-08-02T21:30:49.962262	https://osf.io/download/5d44ab89bcd6d900198ece55/
10ccbfef-06b7-4dfb-aa58-60a88daf9e0e.zip	5e3989d157427b022a0c2f1d	2772499	e450121298edcc55f0ae2bc3af867fe39aca750965364fa74eae719d4c24a1de	e2e58848613cfc298a428879558c03db	2020-02-04T15:12:17.427979	https://osf.io/download/5e3989d157427b022a0c2f1d/
10d24b53-1495-47ee-83b9-f2d85acc70ac.zip	5eb2e99fa2199500555d1a81	12186427	b78438bdbb5ff31819c4bc82e974b4a2c094cd156a000e0cdc4d6d26ca1fb1c4	86a1168c157b881d9edcc9f08ecb8831	2020-05-06T16:45:19.987021	https://osf.io/download/5eb2e99fa2199500555d1a81/
10e3d219-c8cc-4560-af0f-3bfa45a45525.zip	5c948a9834062c001a1f8d6c	1493195	a725fe4f5124c9a315b911f29a69c493d827b167f9cf4a0671eb79f98921ab3b	b6e9f0649773c1b7dd032dd1e740ea01	2019-03-22T07:11:20.976995	https://osf.io/download/5c948a9834062c001a1f8d6c/
110a6842-86c3-48c2-83d0-c1ec7cccbf27.zip	5e487bf5d66221016d996887	6992381	672ded948718a9e91b20490a2651f2af67c3f5e83592b8b6f1d67e118888e4b0	79d417ae49b76b0b85c3a7d7eedf9578	2020-02-15T23:17:09.660805	https://osf.io/download/5e487bf5d66221016d996887/
1110cd15-984e-4993-9ae3-e7338157492f.zip	5bb32e0adc1a760019cb7149	16640586	2a798bf8c22ea090c24fdea14ea47fa7d68b7915fc61eb77a474f218ab08ad8b	58cf131921349cc96cca6b78d72a36a5	2018-10-02T08:36:26.163718	https://osf.io/download/5bb32e0adc1a760019cb7149/
11176adc-4b3d-4532-8544-d29fe0b88199.zip	5ecd7252aeeb6d01ec086019	1884975	67cbe26bcfae3cd7d36bd5ee99680db2feb0a013ebdf8c839e7accbfa0bc8c26	df6e4293248a44adbea8798422655a20	2020-05-26T19:47:30.549956	https://osf.io/download/5ecd7252aeeb6d01ec086019/
11180df8-16bd-4bf8-988b-3f7e27ce25fd.zip	5e7330460cd06c04bf0015a2	1933630	11e2ca5aaecfaf9a746fe68f73d88783aef5c49dd14ecf12f57c05152ec30665	f9b647e8c94ea2e77f7b157f932fa57f	2020-03-19T08:41:42.731015	https://osf.io/download/5e7330460cd06c04bf0015a2/
11265c66-5dd1-45d7-bf49-91c38be5c82d.zip	5c5834df76653c001823352d	18927400	ea3ece1ea34f9a43bdd96268cc660cc0a86bbab48f834b917e4d781137856fba	6cf41a544d82bcd267fb6a47e8e507a6	2019-02-04T12:49:35.329455	https://osf.io/download/5c5834df76653c001823352d/
112c3446-0be6-4ec2-bfed-8f9e8b34f7c7.zip	5e25e73b675e0e01766b470b	797571	080e2d9204a988aa8e0a9ee3411b9a263b94b790716524c8165928f45724855d	55c34c6a354b2203554298e38601ee46	2020-01-20T17:45:31.115599	https://osf.io/download/5e25e73b675e0e01766b470b/
113ddd6c-6a16-40b9-9093-30a7499956d0.zip	5c9693dc74462c0018ada3d8	1905705	6e1a62462b3aa368bc6602df19e056ad93bc5a5fb1fde52b611aa437cf7cad3f	0f2af7455f58a3ebe51941b2bb972155	2019-03-23T20:15:25.138361	https://osf.io/download/5c9693dc74462c0018ada3d8/
1150dc3e-c2b0-4493-ac9e-a4ac9dfed48b.zip	5ae6d9f67d11e40013810e9f	15364513	1115ccdd433c887144ad1d48196232405931467fd8f949a20d0f853848154025	6a2304741db49e7a78751227583796c7	2018-04-30T08:55:18.799466	https://osf.io/download/5ae6d9f67d11e40013810e9f/
11594ef1-c11d-4716-a8ea-759f94aa96ef.zip	5eb19e3569d3e10178debf44	1440454	244d1f07b44b0dd4828de859f0f6910451bd29d9c870600d6a79b7aa42fd0cef	e6354b02a2431ad0de3dfa870b3b085b	2020-05-05T17:11:17.593781	https://osf.io/download/5eb19e3569d3e10178debf44/
116767a0-ea53-47db-92ef-be314dbc12c6.zip	5c9d2c19246078001bfcdbbe	9501856	2f5b3f89ce5cb24e2da5909bf0f309753f052bcf6d5cf51d3f0502cecb2c8b33	3a5b3d1cb23b0da06f0eb42cda039036	2019-03-28T20:18:33.979904	https://osf.io/download/5c9d2c19246078001bfcdbbe/
1177c4d7-830c-4857-b215-e109be311a1f.zip	5e1d91d4855d4c0128b74e43	9770543	fb032282a6a0d19af8d850d775153ad65b2ab4b16d00abf61e0ece7822cc7ab5	939fbbf6c8ab0d2db121feed032a798a	2020-01-14T10:03:00.713753	https://osf.io/download/5e1d91d4855d4c0128b74e43/
1193e41e-f5c0-4c01-aa72-01f501a3df16.zip	5e382c98fa39b7015a1da68f	7540966	a0da5baa31d87da1c361f37cd214a3f5fed308477d1948fb3d740b60eb88e3a8	3e5b2f3bd76451e907ed4cd05223e83f	2020-02-03T14:22:16.335333	https://osf.io/download/5e382c98fa39b7015a1da68f/
119f9925-d1be-4f35-87f6-5b5ffcad027a.zip	5c7852eb82a3950017d6c6c7	9036901	77e2b4aef61a50a40a24ecd86c715f6ea93d7c61d8671f42a80922d50b7e09a3	086d4917e61328f2db92c9ccfbc82263	2019-02-28T21:30:20.065558	https://osf.io/download/5c7852eb82a3950017d6c6c7/
11a19396-12ef-45fd-b79a-3174aafac84f.zip	5e21b43a675e0e00796b47d9	254648	303aa523a2888003820d9dfa9513924d55159e64135030bccf28b61d7b0455ca	45f8aead8ea4656492325c9bcf6cdbf1	2020-01-17T13:18:51.041428	https://osf.io/download/5e21b43a675e0e00796b47d9/
11a9a286-71ac-4e58-a3c6-34149313a99b.zip	5e3798ee57427b01110c35e1	5479727	875753c2b74950fe378e84baab7bd99bcd05522824806a57beb861edf44ea111	d6059c33565a2bc26b0b822ca1a530ab	2020-02-03T03:52:14.235443	https://osf.io/download/5e3798ee57427b01110c35e1/
11adb524-cb8d-48b8-98b2-002cfb3bccf1.zip	5eb19e3c0ffc0501906f6c3f	208657	2085029bf3696393622085613c60f9b4c84ea83fb5149a293b9f994e27ac195a	7a31fb18b6aec02ce3dc52ae0fd525b3	2020-05-05T17:11:24.129757	https://osf.io/download/5eb19e3c0ffc0501906f6c3f/
11afabe3-87f7-4d04-99db-f26e6cece662.zip	5e3ea604f1369e02318ad732	10270561	62814c46e6dc78d6e216fa27c4ef9525100f2347bd4b5fd22398604037cfb8cc	b50c6861619e8d1eb04ba2743f066b08	2020-02-08T12:13:56.512348	https://osf.io/download/5e3ea604f1369e02318ad732/
11b865c4-e63b-46b4-806b-ef0a61678be6.zip	5e78dc300cd06c06cc00424c	15001657	fd646869f9e907ecb4d3391cdc35cff81abddd9e67b53bd1630fe8ff7dd43ff9	f1a4fa59b3d82fce1be335eeb0aef794	2020-03-23T15:56:32.976231	https://osf.io/download/5e78dc300cd06c06cc00424c/
11bf3ef3-c7b3-4d8d-be36-9021982b51f3.zip	5cc41246d7dc3f001769533a	11871483	3adf5243356e8c4df3a05ea211cdef85ae4a169994c1a68f3fc4eeb562c0f3b3	93f2430b2875638370238ce670f8b04f	2019-04-27T08:26:46.182154	https://osf.io/download/5cc41246d7dc3f001769533a/
11d2f6b1-bbca-4be9-b426-943194ec8565.zip	5eb5b1d6a2199501185d8f72	3328972	1f93d6978445a284a06d54c8467245c0e6358a6c135a05096e50abfce3a1bb3b	e03049ef44ce34208b4f714267d9b4ce	2020-05-08T19:24:06.343726	https://osf.io/download/5eb5b1d6a2199501185d8f72/
11f6aa82-83e7-4bc5-968e-7a9ebb9f589b.zip	5eb19e4169d3e1017fde9098	1378702	11aecd18db8deedaaf6190209a3f9a68cc207623aff694403d137b0cd0d02c7f	0055a6d8790df956d74b9c307121319b	2020-05-05T17:11:29.194093	https://osf.io/download/5eb19e4169d3e1017fde9098/
11fb7178-95e5-494a-a2bc-51dc088dde41.zip	5e1f54a46822bd01c2fec4df	2301052	93bb47aa49cc6ec2a81f11d0414660f0aba4511c31038b7adeac314231367f9a	6f698c2a3d3e57902cf85a20548413b1	2020-01-15T18:06:28.466887	https://osf.io/download/5e1f54a46822bd01c2fec4df/
1209b7a6-d7ba-4c00-bc6f-44ccab400659.zip	5c5834ede16f55001789f00a	8872083	37312428325c1e3f29166744a073823ebf125cdde03b2a6b9e4b05d055a677d8	41a63c4b1edee7c4df7904f3611bae20	2019-02-04T12:49:49.591593	https://osf.io/download/5c5834ede16f55001789f00a/
12142f2a-7970-4a96-8ab8-866977b60763.zip	5b6cb3d5bb82f50018be016d	7691088	1f3e7b751cf683d7aa3c0dbbdfa72b5e88c479e1403d2e99a2aef5b424895134	85c9e4093f01efa20d5dc5257be4044c	2018-08-09T21:36:21.749716	https://osf.io/download/5b6cb3d5bb82f50018be016d/
1218ce01-788f-43c3-89fc-fd562a9fc19e.zip	5c9d2c1ff718460018b6b3a2	837469	3b4aa4c69e1f9f5bfe2a29b528464d123cec66cc3ae664dec2a5498f82b559c5	252e081c41b2cbcf1a956127da7ed401	2019-03-28T20:18:39.869724	https://osf.io/download/5c9d2c1ff718460018b6b3a2/
124d67ec-56a8-4fd2-9539-d484f17957d8.zip	5ecd420717ac9e01f9621b65	7013457	67f67b8d0baa68d9eec3ed815036c0fb172e3e1aed424fe58db092e08fc2a5e3	34ec4cc58380925125af80896c57de73	2020-05-26T16:21:27.966619	https://osf.io/download/5ecd420717ac9e01f9621b65/
124de955-0812-4df9-ba3c-fb739019f4c8.zip	5ecf8ff5c7568602ac2d0e64	1449516	3991840f50d24dc6741767401ae1e480440b76116c21db2afdad49b467cba73e	a5d1de3b7d576347bbc03d225da2d2d7	2020-05-28T10:18:29.732117	https://osf.io/download/5ecf8ff5c7568602ac2d0e64/
1256500c-e114-448f-81ac-80ce991a3f8d.zip	5d44ab8e90489f001b4ac4fe	689982	077302da33b99e5ac07b8ffabae74acb422dc00ffe6fbb6c36e0965b91416a88	a6b8250a440ac9ee8dc1f44661bc5251	2019-08-02T21:30:54.500186	https://osf.io/download/5d44ab8e90489f001b4ac4fe/
12566ee6-2c62-45b3-abea-96d88eb2f82a.zip	5eb19e5162d4ab01616c8128	9510987	93f2167488959a938af54daa4e4f7bb6123066efea9497165b97b897738b64c2	247e7dfe10b06935f04f99bff0aeceb4	2020-05-05T17:11:45.479766	https://osf.io/download/5eb19e5162d4ab01616c8128/
1261d2b8-2582-42af-a737-34d6be1ea6c7.zip	5e6b6c964a60a501cabb0dc7	425889	adb0180ce4218604c4f3301509734755697be2430bd100334f5271b29f0f22bc	dc2a084aafbd046da28af0f67f24d132	2020-03-13T11:20:54.845386	https://osf.io/download/5e6b6c964a60a501cabb0dc7/
1263131c-c1b7-4972-bd6d-c6c5777ad1eb.zip	5eb5025a877c5e00da3a30bc	1460565	e529d3525e213dda3382881b727c68700dd5ea24d5889ea07361d0abc48ea0a0	545ef4e957f772dd69422f6557bd2cba	2020-05-08T06:55:22.743283	https://osf.io/download/5eb5025a877c5e00da3a30bc/
1284bd56-431a-4763-90bb-0e42e0b58625.zip	5e845bd6d0e3540188b4739c	723529	64508ebdd7cf36f72f4d03c0484b39d752660a5c26c9b1cdeff8b8eb914ee019	8b7b963f26cad2f8ece586369080068b	2020-04-01T09:16:06.814218	https://osf.io/download/5e845bd6d0e3540188b4739c/
1287ee91-0d78-48f8-afb7-fd4425db0c47.zip	5c8386841d73810017bf68c9	10232660	932c047aceeb697d454c84c462671c35b2fb06d69eb801977056550c0f93d77b	c4dbf2fd7ce3b07ed9981568981c3b71	2019-03-09T09:25:24.734038	https://osf.io/download/5c8386841d73810017bf68c9/
128de328-c400-427e-b009-2f34362192a1.zip	5e5a7b87ef5d8901ad06b85a	433218	8b80ea98a85374569ec7a894041284d75f30e224f530ceadd5d1fa416295e485	959a70742cfcbb5aa8c832ddd979dafd	2020-02-29T14:56:08.094210	https://osf.io/download/5e5a7b87ef5d8901ad06b85a/
12932b19-0f3d-4fdb-8649-35514545bb82.zip	5e78a87d0cd06c06b2006198	8240594	f1fba38866a91ea085f835b3a5f8416c5a4d72ce49c3a445786ec715d3fbd263	a980a459278886fd67c3a06a465fc687	2020-03-23T12:15:57.478982	https://osf.io/download/5e78a87d0cd06c06b2006198/
1293c64a-7388-4366-9a8c-3c7951ae61a8.zip	5eb502729ddd2800c609752e	15001747	b057df7e453a41916d81ae5b1eb76b7b2437f85a4a7b8fb7d9ba789575cd3f96	960cd205d270ba024c73b41b38097812	2020-05-08T06:55:46.668980	https://osf.io/download/5eb502729ddd2800c609752e/
129d5aaa-d915-4909-bb11-028c3ab8b720.zip	5ba5f09011fc4b001a18f963	8854854	314afbf02f8c3307a590619aa0843c502fa60f2c4611d927ddbc042c42df1521	98e4e9532407d67b6b1790ca7d9ed426	2018-09-22T07:34:40.976525	https://osf.io/download/5ba5f09011fc4b001a18f963/
129fb24f-244e-4828-83d8-de506b09f90c.zip	5c78ec0062c82a0017e45f83	8286591	a6768bbc9ce2bc5ccc6c341659fae3a9c0fb570caf07a3d47772a29095331866	22df3a060f978ec6b12108114926ccf1	2019-03-01T08:23:29.077391	https://osf.io/download/5c78ec0062c82a0017e45f83/
12a6f214-95e4-46c7-abb6-62c79883dcd7.zip	5c18cf2ed54ad3001ad66333	1545335	90f9560eb41d7102bd1f3e395c4e4e00c12c6ab749174bb3c0b41a573cc6046e	09da1b2ce41768d7472bc201b05eab34	2018-12-18T10:42:54.721082	https://osf.io/download/5c18cf2ed54ad3001ad66333/
12b5fa4c-4ee5-4df2-85be-e8d446af349b.zip	5c8cc93b18184e0019c053bf	2452407	65950cd496843ca14441b1eed4e2c5f3af6a54b1a9d635896782179a8272afca	c2d1da2083d5f7a0e2aed875e895e247	2019-03-16T10:00:27.688935	https://osf.io/download/5c8cc93b18184e0019c053bf/
12c29768-8f5c-4fa3-9238-cde02e8b8b22.zip	5d4436e126ebf5001886c420	1159750	cb1a43fe393c4dbfd07a20ca19da1024e608a272897c0d6f162ced71d8a38c0f	a9e1a0c10acfb3276bab9f6f6e136e6e	2019-08-02T13:13:05.586049	https://osf.io/download/5d4436e126ebf5001886c420/
12d50bdd-0355-4dda-a229-e10a90eda3cf.zip	5afb1d5cdbf98d000efd8168	11746269	e335635c110debe4932979f33ba59d09f1b501fb78ff0336d12c3d6c81e3fb1c	38f597f8ba4c2b3e52db0e8299aa5861	2018-05-15T17:48:12.096517	https://osf.io/download/5afb1d5cdbf98d000efd8168/
12e4b7dc-f074-4637-8b60-e1d3e2b7cac0.zip	5e4b19fb1949df0018565aa7	11365782	712a354eef3c2c2737aa7bc9fc426af9277c104797bbc81975466ed8ca19a802	37890647b7c027fe4422c27e3406f919	2020-02-17T22:55:55.573640	https://osf.io/download/5e4b19fb1949df0018565aa7/
12f4340d-cf50-465a-8966-fb914d89a63e.zip	5ecd420f17ac9e01fa6220ed	469233	caedd3d0912d339fc738dd1e628133bcd8a89327c46bb8cf01f5eec71cda30eb	cbd8978802e130ed971a47f8afe286b1	2020-05-26T16:21:35.705154	https://osf.io/download/5ecd420f17ac9e01fa6220ed/
12ff6230-7c5d-41a8-969e-67cb2ec59d9e.zip	5e78a8860cd06c06af0052f8	3679874	62c2354c4fba75d19b6d399b353d3c7476b88d6a9d5fee74a3fcfaaf8a85f3ca	d6a79f9fbbeac6459523a6bf880c4961	2020-03-23T12:16:06.141730	https://osf.io/download/5e78a8860cd06c06af0052f8/
130d5066-3da3-4181-b001-a3289fca681d.zip	5c1a8b53e4e3b300167bc2ec	6906635	343a3243a9db40d3b8e42d6f9b5c179306484a921f7dcb927d3fd39e344b6790	85ae95cfe38b9b1d2eafc8f5c8f28fbd	2018-12-19T18:17:55.885067	https://osf.io/download/5c1a8b53e4e3b300167bc2ec/
130f8acd-5efc-456d-8101-dedb8636fa4a.zip	5e78dc440cd06c06cc004278	12389145	4c2084a4614235f3e1965340961bbe7f133b282c8a7d315cb8df9cfe3a14bc69	4ac1921a6c4b344e9be93cfab7262c89	2020-03-23T15:56:52.817147	https://osf.io/download/5e78dc440cd06c06cc004278/
132236f6-2b8b-40d5-87dc-d00e0054ef24.zip	5e200fd15f8ea7001fb9ff8d	12078975	56dd0cadca074c1c366bbc9acc1baa22d9cc14c6ac49820fa1a25afbb641e9de	5a54117c667f7abb433bd6e668366f00	2020-01-16T07:25:05.750915	https://osf.io/download/5e200fd15f8ea7001fb9ff8d/
13315869-6ee8-4750-a02a-77bf2414d35e.zip	5e6b6ca00cd06c01a4000596	4825150	e3c46da14800bec065349a2a5fb6e1719c3a6cf4c7c42713329b434a65745b21	9744cc4290cbeaf5e54e3a23a001ca57	2020-03-13T11:21:04.583376	https://osf.io/download/5e6b6ca00cd06c01a4000596/
13346930-a30c-4dea-95f5-23398dcf8903.zip	5e242088675e0e00ff6b836a	1693300	59b125498b068cc4a5fed9ff7c36f2425b42a0e212a4b43ee3bae899e2547f80	37494e4757bf7a79f93c8e0449c2e588	2020-01-19T09:25:28.240360	https://osf.io/download/5e242088675e0e00ff6b836a/
133514e2-6f10-43e7-b1a1-d6402428c05f.zip	5c04fb5a446e2d00163c11be	12600254	bba58b421b93e3e7041c77e6a3ce91b279ea4573d837fdf7cf3cc50b525b7b8f	dd6acbeecdd67ce8500c82d02887b861	2018-12-03T09:46:02.452036	https://osf.io/download/5c04fb5a446e2d00163c11be/
133b963a-b049-44f4-b33a-9e49e1d8ac89.zip	5adc354cb855b8000cfd0754	6712663	e6cc167ccd5d261fd519e2e6b0c655434e1a3f2286d31ae29858b925a273070c	c2683e5132e5a3a5461971d3ec376d7a	2018-04-22T07:10:04.280627	https://osf.io/download/5adc354cb855b8000cfd0754/
1340b90a-98d9-43fe-bf52-6d738d639a9d.zip	5db54561cfc96c000dbc9162	280065	e35815dfccf8fac7b4e2c723528c3c2a1005ac074767a0a3802bad5b54a9fc20	056f085f30a7fb8ff073110dbcb9926a	2019-10-27T07:21:05.274967	https://osf.io/download/5db54561cfc96c000dbc9162/
13446c4f-8e04-4f07-8c51-aaff6a045c4f.zip	5e389e6057427b01a30c3520	1339303	28061038fec4e62d26ecaf15cf670f8f122a496fe4f9a710108eb8826e9ee173	e7d5314ce2fa5a3c72f9acb282e1f071	2020-02-03T22:27:44.458496	https://osf.io/download/5e389e6057427b01a30c3520/
13453080-6632-47fb-a305-49f2866cc90f.zip	5c9d2c26246078001aff10bb	368968	8dd6806e057745aac822b4ea3cf0461867b4b8bceb07e05fd1eef26a83a3bd1b	d11b079f7b40c193422cd41d0718b8e2	2019-03-28T20:18:46.190773	https://osf.io/download/5c9d2c26246078001aff10bb/
13578c9a-5389-495f-b5eb-8542da171999.zip	5cbc7bd5353c58001a9f6899	7967094	508ac3abbb780697cd25cc4c52a6bd58ce1252efadebf5d5cf57220e57d7e4a6	bf6b93b27411823e06859810cd41fe8c	2019-04-21T14:19:01.405592	https://osf.io/download/5cbc7bd5353c58001a9f6899/
13615672-3d11-43c8-9e42-d1825ae0f522.zip	5c83868a1d73810017bf68d1	829344	e466d7f5847c968140fa749f679af24c13a000e9f2a418e13c6a278c02e54ba7	24b77356e09217172c17dd7b74f021e9	2019-03-09T09:25:30.640109	https://osf.io/download/5c83868a1d73810017bf68d1/
1364dd66-5bb2-49d2-af7e-d6373b0c7992.zip	5c5834f9e16f55001789f01a	5878113	c3aaa97dc60b059fbb74d7133c38182b499aa541e1f7f4ea99048b7a0112dc9d	f85d70fd5b1e5239310b0927f549c1cb	2019-02-04T12:50:01.294976	https://osf.io/download/5c5834f9e16f55001789f01a/
13737821-743d-44ed-b2f6-05bf0235bc54.zip	5dac74ddd9fac4000da7c208	1554604	81215a6f15d808cb2f69f7cd694914adf9c3c1a6a083e935a17b0086cb93b5e9	6888d557709d3a3ea5e19da8281eab73	2019-10-20T14:53:18.136605	https://osf.io/download/5dac74ddd9fac4000da7c208/
13910f63-08f9-4dff-84bf-3b5b4308554f.zip	5b0c0116febe5e0015a374c9	15657231	51b841c77d92220f6d44b446b965887700595b3716217aa513ecca29e05e15c8	e7b1f46ba152f9edc564b2359dd436ef	2018-05-28T13:16:06.742681	https://osf.io/download/5b0c0116febe5e0015a374c9/
13962592-2792-4436-bca6-5c2fea77b203.zip	5e52bb648d8765011a81457c	527110	95bd509b3aa298df80ad7000f93084d47df07f4f67900a4d44746a2b3cb3815b	7d300cc4aa9e3a719262a24d868cbad2	2020-02-23T17:50:28.584102	https://osf.io/download/5e52bb648d8765011a81457c/
13d431ce-9c61-40e1-a2e1-eff423baa4d3.zip	5eb675faa2199501395d18ef	2167500	378be5df8d3f9dc1b76db14f33cd6651a7217a5bc645403a03707e2f4d4eee30	07b121222f0cd413c1ad74f5adfe353e	2020-05-09T09:20:58.881957	https://osf.io/download/5eb675faa2199501395d18ef/
13d9295f-2889-4013-b9ce-4b993763c65b.zip	5eae88200ffc0500986fb15c	1895053	5778da0c9e0b276653cf9daba5b9c5a13555e9f7f532aaa968cb4107f022abb5	949ad2335fb2de66e99d806f75cf39dc	2020-05-03T09:00:16.764901	https://osf.io/download/5eae88200ffc0500986fb15c/
13dc4feb-d36e-4f24-ba42-2b861b4721da.zip	5eb19e6062d4ab01616c8137	146984	24b59d012a4dcce864ebe4a323df7679896b20b6e208e5672c051b967ffcf4c1	31858b875dc554cc5d7cc776494e3f93	2020-05-05T17:12:00.873006	https://osf.io/download/5eb19e6062d4ab01616c8137/
13e79c3d-9324-4d89-b6f6-b60348c7890d.zip	5be44d80e057c600190e9765	13267348	e05803e895d5c311db617f9d1bb9ef9b34b388055736b749e0dddecbb64543cc	1e04fc8734722da83fddb7ce3f4c6f74	2018-11-08T14:51:44.365682	https://osf.io/download/5be44d80e057c600190e9765/
141d4284-c05d-49df-a8b3-8cc1b7a833ed.zip	5e51a17335d22d00f65f1e37	100883	d846270f3fba4d6ac93affb93e8cec03073c305ed1ef96217073d6e0f4a37c2a	065bcd8c855b9a54a30c33350d27c46e	2020-02-22T21:47:31.845538	https://osf.io/download/5e51a17335d22d00f65f1e37/
14233c7c-1e8b-4ecb-8a19-721b2dfd8834.zip	5eae883069d3e1008eded5f9	9416432	6b5a728ee4604f3a6cb043da6efd5d3357d1987866364cb49f149104ebc7e083	71488ce36c10614b79d5c56110a78a18	2020-05-03T09:00:32.497922	https://osf.io/download/5eae883069d3e1008eded5f9/
1436acf3-6373-49e0-951d-f810b64a1e0e.zip	5bd0e026cce43e0016777590	511407	722be2539e0801d6b935391dfef04709a675d4cccb363b20a7a3793d311310c4	c327aa0f0a6d043489d78db4032054f9	2018-10-24T21:12:06.154507	https://osf.io/download/5bd0e026cce43e0016777590/
144fc67b-6a27-43d6-a295-1b5f619ad08d.zip	5b5a21c1f63e210010ea457c	16962812	39b2d932241e57c93018de8bca81d3872b48f2d140616a8045d1d2da4d30b398	c2da79e77157008f9feef166890808c6	2018-07-26T19:32:17.343189	https://osf.io/download/5b5a21c1f63e210010ea457c/
14870b84-b2b5-490e-98f6-d156163a7b8d.zip	5eb19f1262d4ab01706c534f	2860437	605b13fad9ae10258c194330b2dac12f553905edace251b41e68a82f20a29daf	9c14a258a12d79cb3098ee3e8120836b	2020-05-05T17:14:58.834887	https://osf.io/download/5eb19f1262d4ab01706c534f/
149e4ff7-d578-4f11-8a36-def6f1b7746e.zip	5c2f1ebb00b540001cfde4a6	6895161	43bc08a1094dbf60e5e8489429b8a9ef3a59a170d5a6ced4900920e124dff71a	6293da36d75ded60197d97a4eeca2163	2019-01-04T08:52:11.734684	https://osf.io/download/5c2f1ebb00b540001cfde4a6/
14a0301c-30be-4f1a-9751-4652b245f843.zip	5c5c89b4832ca60017add9a6	7029480	e3e0efea9ff971ba8e7739c636db6cf1d6aad930466b2f6a5dfbc3e037106803	5b0a7783406d00c744a383d0942c844c	2019-02-07T19:40:36.213247	https://osf.io/download/5c5c89b4832ca60017add9a6/
14a953fb-c995-48c0-9596-72c8db3dc340.zip	5eb5027ea2199500f75d276f	6514023	6c9a066a2d5a68f9088c804aa17aee8968ff00a2cde8346519afb7a4dadf41a1	47b8c5469d0930f7f78be59f3567f5ce	2020-05-08T06:55:58.657029	https://osf.io/download/5eb5027ea2199500f75d276f/
14cba0c9-0c3b-4d20-8db8-5bb19c25011e.zip	5db54593bc32f4000c0c96e3	9525372	8809366e3d3353a05c0f69afe20eef577f1067a06bd603f2464b9d60aaf734c7	17fca06b6a9e3d12a28fe8c10de42cc5	2019-10-27T07:21:56.070635	https://osf.io/download/5db54593bc32f4000c0c96e3/
14cde8a7-a3ac-493d-a311-55a8c3a7c7c1.zip	5b79b71a410f920017e66091	2308259	8715fa4001a028355d56b774fb5ec336680d69dd03d424182e5df02bdf3f6c19	110dda424ec3f9d7556fa865df2a95ac	2018-08-19T18:29:46.680494	https://osf.io/download/5b79b71a410f920017e66091/
14ead9b0-8044-48ab-986b-b77c25c4dbe9.zip	5e1dce086822bd0124febece	2249167	ec6fb112d02a13974b02036945f1ad0bc4ab9f4df38f420b4974311f7d6199cf	5531acc3b19849b24c33a5ede98ed117	2020-01-14T14:19:52.630518	https://osf.io/download/5e1dce086822bd0124febece/
14f2e5c1-3db4-4393-baf5-72fbb5761df5.zip	5bda362a9764d2001957a90a	6949787	8215f51fa76cbd1570042c3d9b71b2042d781a1ecf5322363036b0d0b3d21696	1821913f69bbaf9432abd0ba313619dd	2018-10-31T23:09:30.528448	https://osf.io/download/5bda362a9764d2001957a90a/
14f4922c-8ad1-4582-8d55-d09a0f241165.zip	5e5a0c25b070fc018de5e14f	1194107	507fd8c86fb8127661157dbad817f1146ebe12e8d87f638772c5c5f4e3e1a2c4	960ee088ddd9f01ea85c2c41752768d0	2020-02-29T07:00:53.786241	https://osf.io/download/5e5a0c25b070fc018de5e14f/
14f4f5a1-3a77-4fb4-889e-5246fcaf10a1.zip	5e24208eedceab01198307fa	632910	5877e5dd37d60ce0c141ec7ebb1efd3303cb7f7afb0c6d0ee52c71da82e49089	46ad98f3b4e644546e3c8b55a54cdea0	2020-01-19T09:25:34.205163	https://osf.io/download/5e24208eedceab01198307fa/
14fba7f9-b869-4e28-9e50-dbf84c031a18.zip	5d0e3059693ba800198d1750	7054638	7be13b1c0c8174fda1bf18d27c1a0413035ee6e487edfe942a9ea5817ea67df1	a535e9a1b3683534574f7a09a2f16aa5	2019-06-22T13:42:50.107340	https://osf.io/download/5d0e3059693ba800198d1750/
15162ffc-708a-48ad-a46c-4eaba802f0c0.zip	5da6cfe3a7bc73000eef2abe	9528304	af865098ac7f6656ae57aa8b4cb1990ecdcad02baf5831607b4ae556689f5dc7	86c6df689d68905abd17bd43d875b48b	2019-10-16T08:08:03.493930	https://osf.io/download/5da6cfe3a7bc73000eef2abe/
151e200d-e4a4-427b-a16f-bd4a9b43ec03.zip	5e29ca1ac19c5d0066edf725	10056460	2885af67816c4b4feebdd6fe01ebd426b20edd618414a22b287d3e9914807257	2ec77d1539caf7c61695fe6045f1371c	2020-01-23T16:30:18.321235	https://osf.io/download/5e29ca1ac19c5d0066edf725/
152a36b6-b537-4501-9a8c-03be00e7a5e5.zip	5e7673c00cd06c063b00069d	13343557	5764990f7276524c2ef1e840d1b38aeb18bbbe498a571b56c1136482db377f01	f61d454f6cec7968a0671028d3883113	2020-03-21T20:06:24.826836	https://osf.io/download/5e7673c00cd06c063b00069d/
15383ac7-1329-4f55-bd1a-939c95a22802.zip	5c73c4e48d5d98001a3927dc	10946256	e04bbfdbf71d7243bad64e8faa43dc75a7d749f664e5e13a71ee55353522771d	100a15ebdc0f1b84231bf253a6cb1c5e	2019-02-25T10:35:16.545608	https://osf.io/download/5c73c4e48d5d98001a3927dc/
1545dc9f-63f3-43e3-a1e4-d8b9b0a749bd.zip	5cd85d50f244ec001ee73d4e	1157955	5950453ac870771e83e562eb620fe609352ab64e34c77963b1eeea4b831e55de	ba5d4595f7439a4b60ca599dfa266f6f	2019-05-12T17:52:16.721655	https://osf.io/download/5cd85d50f244ec001ee73d4e/
15472acd-8c21-4984-a004-4ca260c15954.zip	5c23ece828af78001b61d167	1854708	7a1ec664072077696e72fca5e23deba72c67055fe44700f072450f14ee23622a	b6b62c0d7dc0857c823c2964159f5247	2018-12-26T21:04:40.637042	https://osf.io/download/5c23ece828af78001b61d167/
1559897e-c7a5-4fff-b229-ef77988dd5d1.zip	5bcc3a57a334dd0018f1e84d	1053609	9990425e604e5b1c5b795ba936e3fd2e577905be4f2d9dbb956015dd1ef03980	f4c631cdd67c281e3131e74a6d13c267	2018-10-21T08:35:35.961691	https://osf.io/download/5bcc3a57a334dd0018f1e84d/
155b717a-cb33-4143-bb99-b79df8a8ec48.zip	5d322c095d2cdc0017062b7a	18377179	883ac918b8556ed6f04054b1862794af27c495b8598cfbb5c138cdd8078dc468	2c1c9456be0d3407c40de80e7f51ea4e	2019-07-19T20:46:02.016932	https://osf.io/download/5d322c095d2cdc0017062b7a/
156c7034-833d-4eb3-8735-b37887cf5c2a.zip	5eaed50869d3e1009adeb715	3650117	1aa290009355d7d995765d725830fba4118bcac4aa26ae1f180284337f07ffb0	5cfbac8e378e8b34355f4422d567c8a6	2020-05-03T14:28:24.473554	https://osf.io/download/5eaed50869d3e1009adeb715/
157f37ba-a126-49e8-a98f-84d710bca98f.zip	5d1ef60dce16db00195a1e5e	17059749	3e69e355921ade2d343a5a3791b2f6f26c0ba528806476ae23af449100c6ed79	42b3ac0a1cb6d837bc3365ddc9061fcb	2019-07-05T07:02:37.887154	https://osf.io/download/5d1ef60dce16db00195a1e5e/
15daa976-22ab-4a8c-902b-f29a0845b0b2.zip	5dad793cd9fac4000da8d8b6	19458626	9742af9a4fe546f15e833ad8a25c3ad6a9436cb1c262d09c1ef8ae87ff538c9b	28d7512f00ad68e931c3a5a74580b6a8	2019-10-21T09:24:12.334631	https://osf.io/download/5dad793cd9fac4000da8d8b6/
15e79d3f-6588-42d6-9f0a-6c413c09913d.zip	5e2c4c61c19c5d0150ee11d8	11658588	636c15a0c48be773e63b04468b8711cc9a7732011977f8f194a1d7573863b6f3	f77a044451fa474131038a36e2897d72	2020-01-25T14:10:41.990889	https://osf.io/download/5e2c4c61c19c5d0150ee11d8/
15e947b6-5749-40f6-b357-adedc0c4f7e6.zip	5e30711aaf75930085be13e0	4475720	466984dc09a89bf94d80dfee3350d7aa763a6b641d9883a1f1dfd0f6b4e90bd8	f7c2bcd2dfa4602cdb79d677f8af33b3	2020-01-28T17:36:26.464261	https://osf.io/download/5e30711aaf75930085be13e0/
1619cb9c-c199-45d6-88da-12332af8ef13.zip	5eb19f340ffc0501916f7568	15558404	50c0bb22f6473762a88f4dff9e298c51be54648172bc3eafcdfccb00d21de8a8	f001fcf1cc00d1fd9160df9efc64d8a9	2020-05-05T17:15:32.905787	https://osf.io/download/5eb19f340ffc0501916f7568/
163a18c5-c226-4bf4-b0c4-f1c8f4fc6f78.zip	5eb26262a2199500205d3303	573227	cf2e50480f1b4db183fed8fe4a1ac22dc97f8d0d707306e10511b415472bf10b	658d6b77b5d7d72803b3f65db65bc701	2020-05-06T07:08:18.733968	https://osf.io/download/5eb26262a2199500205d3303/
164e40a4-9531-4a42-a9c2-623bbe9e62f0.zip	5e1d91ef6822bd0110ff221b	17108843	eea138f4093325e049f8fd002d94e76e4d4eff495f7de4f57364aede34975423	e07686fab338fa45b516090c875d167d	2020-01-14T10:03:27.308703	https://osf.io/download/5e1d91ef6822bd0110ff221b/
16a4515f-880b-4e8d-bbb6-3f4df49d11df.zip	5ccc52a942c4b70017bbb0ff	3796899	ec1aa57948f46549eefbe65fb2cc6900bf72792d3b05b0c30a923a00b17c7f3b	0d83f45cde3176f811240896a4bb83ce	2019-05-03T14:39:37.391391	https://osf.io/download/5ccc52a942c4b70017bbb0ff/
16abc1d6-2a1c-4341-87d4-549a3fd50958.zip	5eb19f3a69d3e10178dec0f0	1280771	2400ab0b4b99406a63d9212375590b9b40d0f5b56370964f78c357c6b9d68c2f	2c1a147594b5e716039d482bae34b97f	2020-05-05T17:15:39.021745	https://osf.io/download/5eb19f3a69d3e10178dec0f0/
16ba1ae1-f2c3-4eb2-a0a6-d78189e875f4.zip	5c56d698e16f550018880adf	1327623	0433709adb689b562557791c4a19c65495a8c97f78ee5b91edaf2e7958d8ca85	b8325299c21f418f1a217fb61bdaa363	2019-02-03T11:55:04.962802	https://osf.io/download/5c56d698e16f550018880adf/
16d96452-0c40-4f34-9908-fd00ae43fc4d.zip	5af9298d7bf0b90010e68e85	5423869	eb9308b82fd956231e94c8c29821f67c2708ea67abcccfd1dbce0b46ec5eb2b7	2416b44628079ee95c6d2c0a47bd856e	2018-05-14T06:15:41.426908	https://osf.io/download/5af9298d7bf0b90010e68e85/
16e9d759-1af6-4136-adfb-f649ced09268.zip	5e2ac084c19c5d00d0ee0a8d	1857098	5cceda9dd58c55779350be8f37db4893877d28684f7938fc14e6db1152ccf46c	8cba1284e2652a4d32f8ef3005e6f776	2020-01-24T10:01:41.028868	https://osf.io/download/5e2ac084c19c5d00d0ee0a8d/
17125580-7c4b-46be-91c8-b572be585025.zip	5c09a16447eb2400185944d9	18012892	25c8c31a4c03a77e8a2bb28a553cc33c44d81b0de52586aa1185955b59af622d	56429946492149d66b0699d61328eb07	2018-12-06T22:23:32.511672	https://osf.io/download/5c09a16447eb2400185944d9/
1713f7f1-5e3a-4815-b233-6747b66da1a1.zip	5e29ca21c19c5d0061ee03b3	2615321	98e07c3e38e260a8584618c0cc2be379c1b2a1e8a3ced4d278d75f5f578e055c	0dd0587461dfff9d539955e744ea3320	2020-01-23T16:30:25.437249	https://osf.io/download/5e29ca21c19c5d0061ee03b3/
1733dbe6-cfef-40f5-8e33-a1a0659c8815.zip	5ecf8ffcaeeb6d02b5084b0f	2493677	c5f42de2170b80a51fad6a82323e0e476481076d2c78802865ec9ce931c465bb	e667898372e89775a7138ecfe8b3f747	2020-05-28T10:18:36.786061	https://osf.io/download/5ecf8ffcaeeb6d02b5084b0f/
17393c83-6123-4232-852d-7fc3dab4b6a7.zip	5e1d91f46822bd0113ff1a34	1519010	53d616dcc2ac113e5b1395f40b1a6b294a5e2d711b596619e1a41e20eedf51d6	ea572c97439bd0bfe06c71d0c9f2ba01	2020-01-14T10:03:32.601975	https://osf.io/download/5e1d91f46822bd0113ff1a34/
174063e0-fa96-4fd3-a0ac-02ad642daeb1.zip	5eb2e9aea21995004e5d2b1e	2024011	6f532a3807a2bc0be8b7cba4fda13686c12aeed63d516d3c3011d0fa7b0e1263	65e499d06315d365f9bcb3aee9c18347	2020-05-06T16:45:34.360178	https://osf.io/download/5eb2e9aea21995004e5d2b1e/
174cbec4-ec9a-4b29-b043-7111f6629ad6.zip	5e86dfc48140b4026f4271b0	1713991	a43d169bd7df1fa7d4f6369905c9d7014fe320e109a5abcb093978ecc8d73665	764570a5d5df5ba201d74c95272396a8	2020-04-03T07:03:32.785986	https://osf.io/download/5e86dfc48140b4026f4271b0/
178bdfb5-5c23-46af-b609-fc020ade43c0.zip	5bda36309764d2001a577d3a	1455400	cb101aa449519b9acacd71324754e35ee7d8f9aac38107581831ee9e8e3a5128	635e6ed597054824cdd5fa963fe452fe	2018-10-31T23:09:36.919290	https://osf.io/download/5bda36309764d2001a577d3a/
179ab1bf-c7e7-40d8-8b28-e150693abe0f.zip	5c56d69f832ca60017a7f072	1785846	66367d4640d435f9b0fbc1a2198641c28afb2f06edb4f2c8bdb9494a5461890a	489b971fcedb7eba4c2b0fe63fd79aa8	2019-02-03T11:55:11.716646	https://osf.io/download/5c56d69f832ca60017a7f072/
179cff9b-8302-4714-bbf5-6e93a9b77cd0.zip	5d110ce1e200da00186e7c96	3017959	714342dbaa840a5baec732f1c04209ea4939f744ed95d45549133b8cf2a13bdf	ec1b61194554e2ddb7ffc0a4f04a36d8	2019-06-24T17:48:17.678060	https://osf.io/download/5d110ce1e200da00186e7c96/
17a594d7-fcc5-4ea1-9b99-c9012c66e355.zip	5e77da7d0cd06c067c008f09	16758933	b84f3d9be4ff91b3451f0239a3d8046ac96279b3d1c61baf52cea5542f6e2d77	f74a4b69103e30447d2ec2695f9689c1	2020-03-22T21:37:01.850003	https://osf.io/download/5e77da7d0cd06c067c008f09/
17a5ad54-55c0-424a-b710-16b7c264da43.zip	5eb50287a2199500f85d2fdc	4170107	949ee3ada6d2d016d8c24598afebcb15583ea1465a77f2c942240c3b7a0c11e9	53a60a47b60d04414aba3f4aa48f077e	2020-05-08T06:56:07.692190	https://osf.io/download/5eb50287a2199500f85d2fdc/
17cd7be3-23ca-4d8a-95d1-2d1eeff0f60d.zip	5e86dfd31ab2430268e026d2	7653268	f3b805481253d80d361d840bac7eb0e917ecd0a71755db90b90521f5d62cc8fe	e0fbca39929f58d65ef8774ef9e03f79	2020-04-03T07:03:47.667890	https://osf.io/download/5e86dfd31ab2430268e026d2/
17d7b5a0-bc2e-4f3a-bbdd-d5434ce90ef7.zip	5e51a17e35d22d00eb5f44aa	4913175	00d483f22abd4c1fe0cfed07202931681974da0d4be846d74956bee426b222d8	16942f901346dfe1c45a9d455b3cdc03	2020-02-22T21:47:42.631041	https://osf.io/download/5e51a17e35d22d00eb5f44aa/
17d95087-5121-4715-b1d2-fa1ade92c0a4.zip	5e357c5cfa39b7008c1da63d	5046483	a9b6501fa49e0106467a1964804aaec7861acfa6bf77f230387cfb3ae6329278	9c6fdc1ad2732fd9951f825950c57a2e	2020-02-01T13:25:49.088363	https://osf.io/download/5e357c5cfa39b7008c1da63d/
17d9cb01-9599-492a-81fa-6c585027f67f.zip	5e86dfd91ab2430268e026e4	1418812	7af26531fa1f397e631d62453178c813778b71b1851c801af3c3dfa3323ba5aa	e4d7a8a8ff9387f8da336d542d9890da	2020-04-03T07:03:53.992871	https://osf.io/download/5e86dfd91ab2430268e026e4/
17ee4158-109b-4a4b-9713-972dc3596ba4.zip	5b633270dedf030012c16361	19045455	43f4998598d750a425b2611291cfb0fbf767f403fea964a068080e92ed00e5c7	0d4e139019386b365e5ab5dc595b75d4	2018-08-02T16:33:53.001731	https://osf.io/download/5b633270dedf030012c16361/
17f98b71-9727-46c6-9919-6171755f31ee.zip	5c38642a7cf3f5001ab49827	485812	3101e493ef5fdb89f0825f3085e748a4aa0ac651f4a19508eac3cf6f896bcc27	3df1e3f516af3f9d9c1d3e33e5043a42	2019-01-11T09:38:50.366058	https://osf.io/download/5c38642a7cf3f5001ab49827/
1809bc11-383e-4ba2-a454-b0a03889ed46.zip	5cd2900a8098e9001957be12	616740	2b2d8e352a3ae13a2da13fcf881794263ef835689df4829dbf608d4293d70093	fd97148620424de755741cce2ecb96c5	2019-05-08T08:15:06.752432	https://osf.io/download/5cd2900a8098e9001957be12/
182461e5-18a9-4eb9-a12e-eb94d2c5e7f2.zip	5eb19f4269d3e1017fde9522	745331	73236b7b6027ba73f117a237bb121957a8162a69dff5cc91282a3541733f3501	8e8d6f599f5ee4ae6d7ad19422302132	2020-05-05T17:15:46.213207	https://osf.io/download/5eb19f4269d3e1017fde9522/
182df814-7679-49e4-bc39-9ccbcb4596c8.zip	5c5c89f1832ca60019aa27ad	1147809	e77792d8ce1c378e90d0380612d8a896674ca4cc2344cd87289a8385208b9821	a64c779ad3365cf250eecf55f31039c5	2019-02-07T19:41:37.511962	https://osf.io/download/5c5c89f1832ca60019aa27ad/
18414798-acf3-4250-ae73-30597512226a.zip	5c743e8b8d5d98001c3384ef	10335501	e9f622d6a800ed602ada02db7309ddd1e59727da6a0439d0480beb306fc98eac	2283d91947a3e636320142a14bce917a	2019-02-25T19:14:19.259170	https://osf.io/download/5c743e8b8d5d98001c3384ef/
1851aec9-11aa-4db6-ad8e-14c853d58cae.zip	5c1509ba044995001903bff1	6638324	b7a7c92276cb81cf4d380f23bd8e6e11de0a5d1b44fc76702dbbdf7e63f736d0	ac960ae1809d74213878cf8b4118e932	2018-12-15T14:03:38.448788	https://osf.io/download/5c1509ba044995001903bff1/
1859eedb-4618-4579-bfb1-826a278ed952.zip	5bffadf5265a0b001b24c660	5401986	5aaf118b4ce6a1defb9da01cee8ec92bbf914f16b504ee1008e41672e2ff6335	e5ea7c226eace5781eeaf5c032a92aaf	2018-11-29T09:14:29.826752	https://osf.io/download/5bffadf5265a0b001b24c660/
186f153c-8d3f-4f09-9878-9676d76d5cd4.zip	5b64294caeba2d001114ccc8	497399	75f5f745e21cd8f303cf0dd6cfe5164dc826e1f144f041e90bc13387559ad813	c139babb12a7131ea294f6791b61d80b	2018-08-03T10:07:08.574791	https://osf.io/download/5b64294caeba2d001114ccc8/
18723549-4c97-4fee-8f56-a37a863b985c.zip	5e2ac09fc19c5d00d0ee0aab	9634180	c4477643a80c3a8399090956fbee44623d0593016af5b64434b013b0ce9d5a7a	a86aea11b35731b1241af487c5efdff6	2020-01-24T10:02:07.352469	https://osf.io/download/5e2ac09fc19c5d00d0ee0aab/
18766a75-28a6-4621-8f69-11381701447e.zip	5db7e46abc32f4000f105e3b	12937557	0953f6ed70818ac99e1998414f1898aebc161f43df08b0d71008edfafe6c6d38	a56bf8ddad80ac1f35f955a77c78d81a	2019-10-29T07:04:10.873188	https://osf.io/download/5db7e46abc32f4000f105e3b/
18819f86-e792-4f24-b62f-831234ccc3de.zip	5e1d91fd6822bd010aff1306	4071326	5c780499467db9f7055a46e03a2dc8ef805f1120b8a73e766101486ec43708ee	31ded71326c0bea96780802aa6fc74a5	2020-01-14T10:03:41.092616	https://osf.io/download/5e1d91fd6822bd010aff1306/
18cd3378-04d3-4fd4-abd9-ee2e45e9b57c.zip	5afb1d66dbf98d000dfda131	2674280	782f82265bd5ee0a828b1946bb8f00b172c15615ddf2a8e520afbf343c5c53d2	df64769e45f071695f7159d0af60110e	2018-05-15T17:48:22.609140	https://osf.io/download/5afb1d66dbf98d000dfda131/
18cece44-5338-4e6e-9e8d-0da4f6004e35.zip	5dae97f5d9fac4000daa2d90	2273858	616f04fa2c7eb39edd4aba0c59b1ab33bd4859a1a00eceb4e760f11f26ff7069	15490c2d541adc90ef8151e65ec7b9be	2019-10-22T05:47:34.083878	https://osf.io/download/5dae97f5d9fac4000daa2d90/
18ee451e-ff48-4e95-b48a-6ed4b44b9a35.zip	5cd8ff74054f5b00175ec190	5795683	bf713c543180ad4075ff2a8855ca94aeb187d65a89258dddff58d89cb72b0e8a	52a780203e820298260e022d85ccda94	2019-05-13T05:24:04.768591	https://osf.io/download/5cd8ff74054f5b00175ec190/
18f038c9-9eef-47c7-8bcc-69287a903a1e.zip	5b00833ba556d00011064bbe	2313813	9d37906ccb6795e71341ff1d24154a209ca97acb3895ff6e7805bf77dd2d6bf9	f289c5ad65cb09598f6a5102e0e96cac	2018-05-19T20:04:11.579865	https://osf.io/download/5b00833ba556d00011064bbe/
18f093da-9319-447c-b389-2e0b3a68a72b.zip	5eb19f7e69d3e1017fde9630	10854989	9250aa64347f74b0741f03b942940f727ef257bdeb67476ffcef5997fd56a8f0	bd9a800cad9d661f7a2360ba935b9bb3	2020-05-05T17:16:46.294963	https://osf.io/download/5eb19f7e69d3e1017fde9630/
18f250f0-f393-4dcf-ad65-cb5a1b4f0097.zip	5eb19f8662d4ab01616c8248	782677	a1f6c361c28c34206e73ff9e7e95e325c46b1b654a5795d94346e27e1cbd949e	75a7a962627d0703544c99572de6a3d7	2020-05-05T17:16:54.118210	https://osf.io/download/5eb19f8662d4ab01616c8248/
19018bb5-ccc5-41e1-a8fa-85a18bf8d59e.zip	5c9d2c322460780019fd4530	6156141	1f10c880e62567f80e4e198c1fc9bd069bfcedbda57f9ff7d92e5fdb40e1a053	54e5d9a0b544e1cac9b0fe76056bd600	2019-03-28T20:18:58.929515	https://osf.io/download/5c9d2c322460780019fd4530/
1904376e-88b8-4b35-9a48-8c97f3be6d02.zip	5bbefb6795e98a0018785c03	6384699	8b47ce1bbd0fe835a9df9af1deea6f6539850e7cd52044719f8abd2ceb8ac549	06d99e736a074700e2aa2b2046276399	2018-10-11T07:27:35.178608	https://osf.io/download/5bbefb6795e98a0018785c03/
19083566-68e4-437f-9f58-db2484d300ed.zip	5e1f54b0855d4c01cdb6fed0	5615482	7131f2d75506a49863b518cb28bf048603c59296dbc5119d9f3cb9ca677584f0	e0c1cdfb471be12410f0668eead4ca78	2020-01-15T18:06:40.519879	https://osf.io/download/5e1f54b0855d4c01cdb6fed0/
1909f149-25ff-490d-a7cc-dc5a3b3f95ff.zip	5eb2627ba2199500255d2061	15745345	5f4690e3db68d24cb9a647a966f3bb032320778328d6e79d9209082a27cef9b4	e98ff8f3cc7d9d9b6b1bc082d9c78b90	2020-05-06T07:08:43.225383	https://osf.io/download/5eb2627ba2199500255d2061/
1914f78b-efa7-47d1-a878-1114eac4aae9.zip	5c9d2c45aae20b0018b13ed0	11586712	e54ea459f3cabace0f6594e736a7a46f7435eb8be009d8d6c4805dad2d3daf17	19cfea811d07c5e828fcdf741100857c	2019-03-28T20:19:17.529738	https://osf.io/download/5c9d2c45aae20b0018b13ed0/
19151552-41a0-407d-af3b-08193771cbbc.zip	5ece19e7c7568602112dc0c2	2799422	c6c5bb73f99798eaaeabb2808426921bee03d082d8d0a43ab99758bad6baf027	dff60e6bda16a3b2c60aac33ed1f7607	2020-05-27T07:42:31.461052	https://osf.io/download/5ece19e7c7568602112dc0c2/
1917e1db-f16d-462f-9afa-970f7c89c96f.zip	5c583544e16f55001789f05d	8425188	c04a35dac0307a90badc921ac6ae9977083a9c2d81497633d89e1445986e63cd	137ac444db81ecf07420886eafd1a7e1	2019-02-04T12:51:16.942714	https://osf.io/download/5c583544e16f55001789f05d/
191de2ba-9441-408f-884f-68c95bac28a1.zip	5eb262809ddd28002908e0b2	367768	299b468960284b54ffeb880e10077784e4de25189f9b82808144d1599982c70d	63d65a67593b7a9dfdf832c55be72dfa	2020-05-06T07:08:48.338384	https://osf.io/download/5eb262809ddd28002908e0b2/
192ef328-8104-48ed-a856-e7c75a46c7ef.zip	5eb19fa70ffc05018a6f6aeb	15314914	fe3fed1d18857a7b2e4eb6a2b7e5ef96034d17379953abc4362c2a9786de57cb	371bdbef4a9ed09e3fa73e8282603775	2020-05-05T17:17:27.481824	https://osf.io/download/5eb19fa70ffc05018a6f6aeb/
19467f67-4460-4eef-9037-5791fb4c7e36.zip	5c73c4eb82a3950018cbfc0e	2256567	256be0f01218583e53ee327ec2574c70781552faba391bbc681fd0a60378be0a	bcc32829f2948dfef3573159c4b11a6e	2019-02-25T10:35:23.942087	https://osf.io/download/5c73c4eb82a3950018cbfc0e/
198d2613-e41f-4cf9-9997-b38c3a14eb81.zip	5db545e2cfc96c000ebd4a5f	4420884	aeeddc3f727c7bd8b23a61d2e6ea06e4c2ae7694bd0e7628bc2800a3054ce053	9c2817b5fadd1ca00858c1e7584895e3	2019-10-27T07:23:14.398952	https://osf.io/download/5db545e2cfc96c000ebd4a5f/
19ae2b27-7233-4395-95dc-11b42fbc8a9b.zip	5e51a1838d876500ee811511	399884	0f5a67c8bb695e0ddacab5fe462afab871649cc8672eadee0ac0a537f90a918a	f1611e2288dbfee033f6cd3ab86e23d0	2020-02-22T21:47:47.780415	https://osf.io/download/5e51a1838d876500ee811511/
19cb4104-12f0-42e6-aa74-4b96ce132dd4.zip	5eb19fad0ffc0501906f6f9d	1079569	5a1a4606205b2f4e7bee373634ef323f8316e0a9155ab0a3a6efe4f8c53ede62	0f431dc2779c7b4e19d5b8905423e497	2020-05-05T17:17:33.998279	https://osf.io/download/5eb19fad0ffc0501906f6f9d/
19d03596-2107-449c-aab1-b932f5403995.zip	5b017c40e9cb340011b177db	398755	da8f123e384953145b36f2f3c79e93ea63a679d474522a75afa95ee34ed68889	e5790b544b2893915485ade858cb91ad	2018-05-20T13:46:40.074499	https://osf.io/download/5b017c40e9cb340011b177db/
19d8570f-674c-49f7-83e7-fa6ce6d09caa.zip	5da8bc0562b630000d5eaf7c	5923945	3dcbc1c6d72612ce7b954130d71c2bd542e1c322f10774930a352ebf84d7648d	8539a57a230c91f2c48972fd7d540768	2019-10-17T19:07:50.126092	https://osf.io/download/5da8bc0562b630000d5eaf7c/
19f46f1f-b401-40a1-b30b-1f7104c45576.zip	5eae88c562d4ab007d6cb63e	7860759	48ccdb8a7afd39a3028ce2581d48d148b7147446581fe6f54d24b4a889ef2c51	03bda3a5dd02c8b24e9bfe7043c5b858	2020-05-03T09:03:01.552415	https://osf.io/download/5eae88c562d4ab007d6cb63e/
19f9764f-05f4-4d88-b06e-099760186184.zip	5eb19fc462d4ab01706c54f4	14318224	82c8c42934887dc5d7ac1acfcf8cbf0fadc8f48abb68b5fe08c7c621332efa68	917505fdd45ebf2e4014e581a3965c21	2020-05-05T17:17:56.766914	https://osf.io/download/5eb19fc462d4ab01706c54f4/
19fb83b2-9ea3-4b34-a2be-dafa74a52af7.zip	5d44ab9826ebf5001b88b16b	4255247	e5945a78bd213493ee13bab333b589ea1f7f1afaefef1b69d5594cc8dadf5e6a	9a936fcc6553e2de6fc4a4c75fe678e9	2019-08-02T21:31:04.592167	https://osf.io/download/5d44ab9826ebf5001b88b16b/
1a126b31-bdab-4fc8-b7e8-a7f9a3818de6.zip	5b851823465d210018077189	19680554	bd2e944c18b5024283df411a98870664e0d34e4c1f09d24df58ba23cf7428561	ed52167a47d0ad7672b112cf871e66c8	2018-08-28T09:38:43.982239	https://osf.io/download/5b851823465d210018077189/
1a1c087d-e733-493a-b944-2d274dd62a10.zip	5b759e46877d61001cbbb524	2769920	e494a56c3b33a83d43c9dd8c577dbbb6c296e4b9b9e36a6071c7667883630cfc	577f9c29db7f7e7cc9e0cbf8c1599eff	2018-08-16T15:54:46.577121	https://osf.io/download/5b759e46877d61001cbbb524/
1a49e6b2-5485-42df-b5a4-0318251f8a46.zip	5d46914dbcd6d900178f048b	1076830	f73113805ed6bff07e9b5a9a7b713c91a712568cd3607360191193b4f664d0ac	f6394357897345406fe31ba7696ea6e4	2019-08-04T08:03:25.918535	https://osf.io/download/5d46914dbcd6d900178f048b/
1a6e25e2-1537-4bdd-a9d5-5e8876295669.zip	5cd53784054f5b001a5adce1	1695501	6081d677c341f8ec07c6caf873402bbb06c94e94d35a67b1c7830fded1185aa1	b666699ea36746a9f983320435e0a123	2019-05-10T08:34:12.889555	https://osf.io/download/5cd53784054f5b001a5adce1/
1a82697d-1e77-49a0-a8bc-defb10156b6e.zip	5eb19fd662d4ab01706c552e	11503761	1ada636888d49b3ac51563bb1984bb6ae396dd3d134ebb07287400ebc6bf5f02	a0aea191ddb3e6d9f3ce28b65d509fed	2020-05-05T17:18:14.986690	https://osf.io/download/5eb19fd662d4ab01706c552e/
1a9bcdfc-9db1-4251-a91e-c27c7361ed04.zip	5e3798f657427b01110c35fe	1679327	23aeeab34591cfee2822ea49c9e99e4a7de0c9de0b010404d592a57580f16ca3	a57689e526d682bc9f29393629206728	2020-02-03T03:52:22.571427	https://osf.io/download/5e3798f657427b01110c35fe/
1a9d9343-9bed-42a6-b4f7-6e80cbc1d99e.zip	5ecd422317ac9e01f9621ba0	390735	a5c336b1d40f243b6afee4755b17ee051be480c600438a29eb9430af4a612cf0	bf69d3df47924269a5f0207d35bc74c5	2020-05-26T16:21:56.033651	https://osf.io/download/5ecd422317ac9e01f9621ba0/
1a9fd44b-e704-4901-903a-de3a866026c6.zip	5eb19fe469d3e1017fde9818	7621306	c7ad2ff0f2474d52d91d591c9bc40b54b2f99a3e26121ad101d275352ed5e400	7759a86b26abc5a94bb473ba8ff536e6	2020-05-05T17:18:28.350334	https://osf.io/download/5eb19fe469d3e1017fde9818/
1aaff9d4-5eee-4694-ad9d-77b7cd967733.zip	5db545e7f3bb87000a8396e7	232007	aa70c0bfb58940e66f27cff4b585f224ded1fa6629c16dd0458e05ff8d8e1a98	42997c0203f4f127b52a80c45918aca5	2019-10-27T07:23:19.442713	https://osf.io/download/5db545e7f3bb87000a8396e7/
1ac617bd-551b-43b5-abab-44ea0bd2cc86.zip	5eb19ff90ffc0501916f78eb	13452873	7017a253835b672db85fab37481cadec6d9395a05c515e0ea92e70dbff893ec7	e0a9ccaf15bb1918985f71c61277f58b	2020-05-05T17:18:50.096071	https://osf.io/download/5eb19ff90ffc0501916f78eb/
1acb9fa1-9696-44c3-8135-20a2991d7b36.zip	5bb37176af0e400018eed8ba	3111782	12e9f53b185cf84ba932d707b8c6c9482ec24c72e136fd8a6ff383d97868e0b4	943a58e386b81ece568dfc614848a5f7	2018-10-02T13:24:06.704766	https://osf.io/download/5bb37176af0e400018eed8ba/
1add23e3-c8b2-4dad-a9b9-fd84d3ad43e0.zip	5c83869466b44d001b72dff3	4608717	95b5c6677d8970a92ad03580c8b0200b5f9e3299352fbd4ee8ad50f0291ecd39	647544d56be96e122b5c1e1113d69cc1	2019-03-09T09:25:40.531850	https://osf.io/download/5c83869466b44d001b72dff3/
1aeb5ca3-da57-4cf2-b6ab-58403da1107f.zip	5e334bb9f6631d00d55a6b30	13404468	2fac9bdd7804543d5de70cd38c56046799002b8b33422dc171819324d3205e27	7cfd834b933b9e8ad70e993ccd123789	2020-01-30T21:33:45.958700	https://osf.io/download/5e334bb9f6631d00d55a6b30/
1aeefbc8-3c6f-4b93-adca-0646880c3607.zip	5eb1a00d62d4ab016b6c54b7	12694283	f9f49ba79dfe9ecb6d81325bcc531dd811893cb2d27a4e0b0dbeff30b4ddf3f5	ecd1f36eb48625894c75fe04745b3d51	2020-05-05T17:19:09.990589	https://osf.io/download/5eb1a00d62d4ab016b6c54b7/
