dataset_id	status	active_path	evidence_path	replacement_id	reason	retry_condition
nasa_uavsar_mlc_polarimetric_f32	blocked		attempts/20260911_blocked_nasa_uavsar_mlc_polarimetric_f32.md		Official ASF discovery found bounded full-polarization UAVSAR MLC archives, but both the ASF archive route and the follow-up official JPL product route returned HTTP 401 without credentials.	Retry only with an exact official anonymous UAVSAR MLC archive or constituent MLC/annotation URL; do not repeat the same ASF/JPL probes or require personal Earthdata credentials.
zenodo_lodopab_ct_sinograms_f32	accepted	datasets/zenodo_lodopab_ct_sinograms_f32/manifest.toml	reports/32bit_lodopab_ct_sinograms_development_20260910.md		Accepted 128 complete LoDoPaB-CT validation sinograms containing 65,664,000 native little-endian float32 values under CC BY 4.0.	Already accepted.
pfam_profile_hmm_match_emissions_f32	accepted	datasets/pfam_profile_hmm_match_emissions_f32/manifest.toml	reports/32bit_pfam_profile_hmm_development_20260910.md		Accepted 27,496 complete Pfam 38.2 profile-HMM match-emission matrices as 372,522,160 bytes of little-endian float32 under CC0 1.0.	Already accepted.
bbbc004_microscopy_tiff_u16	rejected		attempts/20260722_rejected_bbbc004_microscopy_tiff_u16.md		TIFFs are 8-bit PackBits (bits=8, comp=32773), not 16-bit	Not retryable as 16-bit; could be u8 candidate
bls_cpi_monthly	transient_failure		attempts/20260529_transient_failure_bls_cpi_monthly.md		BLS API DNS/access failure produced no payload.	Retry only with reachable BLS API and downloader validation that fails if no JSON payload is written.
bls_payroll_employment_monthly	transient_failure		attempts/20260529_transient_failure_bls_payroll_employment_monthly.md		BLS API DNS/access failure produced no payload.	Retry only with reachable BLS API and downloader validation that fails if no JSON payload is written.
bls_unemployment_monthly	transient_failure		attempts/20260529_transient_failure_bls_unemployment_monthly.md		BLS API DNS/access failure produced no payload.	Retry only with reachable BLS API and downloader validation that fails if no JSON payload is written.
cdc_covid_new_cases_state_daily	transient_failure		attempts/20260601_transient_failure_cdc_covid_new_cases_state_daily.md		CDC Socrata query returned HTTP 404 for every selected state and no raw CSV payloads.	Retry only after identifying a working CDC endpoint/query and hard-failing on 4xx or missing payloads.
cdc_covid_new_deaths_state_daily	transient_failure		attempts/20260601_transient_failure_cdc_covid_new_deaths_state_daily.md		CDC Socrata query returned HTTP 404 for every selected state and no raw CSV payloads.	Retry only after identifying a working CDC endpoint/query and hard-failing on 4xx or missing payloads.
census_acs1_state_housing_units_annual	blocked		attempts/20260602_blocked_census_acs1_state_housing_units_annual.md		Census ACS API returned Missing Key HTML instead of JSON for unauthenticated requests.	Retry only with an approved key workflow or a public no-key access path, plus JSON validation.
census_acs1_state_median_household_income_annual	blocked		attempts/20260602_blocked_census_acs1_state_median_household_income_annual.md		Census ACS API returned Missing Key HTML instead of JSON for unauthenticated requests.	Retry only with an approved key workflow or a public no-key access path, plus JSON validation.
census_acs1_state_per_capita_income_annual	blocked		attempts/20260602_blocked_census_acs1_state_per_capita_income_annual.md		Census ACS API returned Missing Key HTML instead of JSON for unauthenticated requests.	Retry only with an approved key workflow or a public no-key access path, plus JSON validation.
census_acs1_state_population_annual	blocked		attempts/20260602_blocked_census_acs1_state_population_annual.md		Census ACS API returned Missing Key HTML instead of JSON for unauthenticated requests.	Retry only with an approved key workflow or a public no-key access path, plus JSON validation.
chembl_molecules	deferred		attempts/20260615_deferred_chembl_molecules.md		Original first-page recipe was tiny; repair target failed because ChEMBL API pagination returned HTTP 500 after the first 1000-row page.	Retry only with reproducible bulk distribution or fixed API pagination that clears the size floor.
crossref_funders	rejected		attempts/20260615_rejected_crossref_funders.md		One-page Crossref funder snapshot had only 400 primary values and median sample size 100.	Retry only as a materially larger homogeneous funder registry recipe.
datacite_dois	rejected		attempts/20260627_rejected_tiny_arbitrary_standalones.md		Tiny arbitrary standalone DOI metadata slice with constant count fields and only about 1200 bytes.	Retry only as a broad coherent DataCite corpus, not a first-page or arbitrary slice.
fmnist_px_u8	rejected		attempts/20260721_rejected_fmnist_px_u8.md		Natural records are individual 28x28 images with 784 uint8 values; class-level concatenation is forbidden.	Retry only if policy changes to accept sub-1 KB natural image records.
frankfurter_usd_rates	rejected		attempts/20260612_rejected_frankfurter_usd_rates.md		One-day USD FX snapshot had only 30 values and 240 sample bytes.	Retry only as a materially larger multi-date FX recipe.
gbif_occurrence_2024_coordinate_sample	accepted	datasets/gbif_occurrence_2024_coordinate_sample/manifest.toml		gbif_occurrence_large	Accepted successor with bounded January 2024 coordinate-bearing occurrence records.	Already accepted.
gbif_occurrence_large	superseded		reports/constant_series_cleanup.md	gbif_occurrence_2024_coordinate_sample	Legacy GBIF occurrence sample had constant month/year fields and was superseded by the bounded 2024 coordinate sample.	Use gbif_occurrence_2024_coordinate_sample instead.
gitlab_projects	rejected		reports/protocol_case_law.md		Tiny volatile first-page GitLab public-project listing; below floor and weak as standalone metadata.	Retry only as a reproducible materially sized GitLab corpus with stable scope.
google_quickdraw_bitmap_classes_u8	rejected		attempts/20260721_rejected_google_quickdraw_bitmap_classes_u8.md		Natural records are individual 28x28 drawings with 784 uint8 values; prompt-class concatenation is forbidden.	Retry only if policy changes to accept sub-1 KB natural drawing records.
google_robotics_bridge_image_frames_u8	needs_tooling		attempts/20260721_needs_tooling_google_robotics_bridge_image_frames_u8.md		Decoded BridgeData V2 camera frames are valuable, but the repo lacks an approved TF Example/protobuf plus PNG decode path.	Retry once a reproducible local decoder path extracts documented typed fields into one decoded frame per sample.
google_robotics_bridge_tfrecord_u8	rejected		attempts/20260721_rejected_google_robotics_bridge_tfrecord_u8.md	google_robotics_bridge_image_frames_u8	Primary samples were serialized TFRecord/protobuf payload bytes, not decoded camera frames or tensors.	Do not retry as TFRecord bytes; use a decoded successor such as google_robotics_bridge_image_frames_u8.
hackernews_topstories	rejected		attempts/20260612_rejected_hackernews_topstories.md		Single Hacker News topstories ID list had only 500 values and 2000 sample bytes.	Retry only as a broader story-detail or time-range recipe.
metmuseum_object_ids_large	accepted	datasets/metmuseum_object_ids_large/manifest.toml		metmuseum_objects	Accepted broader Met Museum object ID recipe using a pinned department query.	Already accepted.
metmuseum_objects	rejected		attempts/20260612_rejected_metmuseum_objects.md		Single sunflower-search object ID result had only 70 values and 280 sample bytes.	Use metmuseum_object_ids_large or retry only as a materially broader coherent Met collection recipe.
mnist_px_u8	rejected		attempts/20260721_rejected_mnist_px_u8.md		Natural records are individual 28x28 images with 784 uint8 values; class-level concatenation is forbidden.	Retry only if policy changes to accept sub-1 KB natural image records.
nasa_aviris_classic_hyperspectral_i16	blocked		attempts/20260722_blocked_nasa_aviris_classic_hyperspectral_i16.md		Free data page has no direct ENVI file links	Need direct ENVI hdr/img URLs or Earthdata authenticated DAAC
nasa_pds_sharad_radargram_f32	accepted	datasets/nasa_pds_sharad_radargram_f32/manifest.toml		nasa_pds_sharad_radargram_i16	Accepted successor preserving SHARAD PDS3 PC_REAL 32-bit radargram payloads.	Already accepted.
nasa_pds_sharad_radargram_i16	superseded		reports/16bit_hunt_20260614_round3_dataset_state.md	nasa_pds_sharad_radargram_f32	Original 16-bit target was misclassified; selected SHARAD labels declare PC_REAL 32-bit float.	Use nasa_pds_sharad_radargram_f32 instead.
natural_earth_10m_geometry_xy_f64	accepted	datasets/natural_earth_10m_geometry_xy_f64/manifest.toml		natural_earth_vector_shp_u8	Accepted decoded successor extracting real Shapefile feature coordinate arrays as float64.	Already accepted.
natural_earth_vector_shp_u8	rejected		attempts/20260721_rejected_natural_earth_vector_shp_u8.md	natural_earth_10m_geometry_xy_f64	Primary samples were complete Shapefile container bytes, not decoded geometry coordinate values.	Do not retry as Shapefile bytes; use the decoded float64 successor.
noaa_coops_conductivity	rejected		attempts/20260601_rejected_noaa_coops_conductivity.md		Selected CO-OPS stations did not offer conductivity for the requested date range and returned API error payloads.	Retry only after identifying stations that actually serve product=conductivity and rejecting API error payloads.
noaa_coops_humidity	rejected		attempts/20260601_rejected_noaa_coops_humidity.md		Selected CO-OPS stations did not offer humidity for the requested date range and returned API error payloads.	Retry only after identifying stations that actually serve product=humidity and rejecting API error payloads.
noaa_coops_salinity	rejected		attempts/20260601_rejected_noaa_coops_salinity.md		Selected CO-OPS stations did not offer salinity for the requested date range and returned API error payloads.	Retry only after identifying stations that actually serve product=salinity and rejecting API error payloads.
noaa_goes16_abi_cloud_mask_netcdf_u8	rejected		attempts/20260721_rejected_noaa_goes16_abi_cloud_mask_netcdf_u8.md		Primary samples were complete NetCDF/HDF5 container bytes, not decoded cloud-mask uint8 values.	Retry only with a real NetCDF/HDF5 decode path that extracts a documented native 8-bit product variable.
noaa_nexrad_level3_nids_radials_u8	accepted	datasets/noaa_nexrad_level3_nids_radials_u8/manifest.toml	attempts/20260721_needs_tooling_noaa_nexrad_level3_nids_radials_u8.md		Accepted decoded NIDS Level-III packet-16 radial bin recipe for one coherent N0Q station/date selection.	Already accepted.
noaa_nexrad_level3_products_u8	rejected		attempts/20260721_rejected_noaa_nexrad_level3_products_u8.md	noaa_nexrad_level3_nids_radials_u8	Primary samples were NIDS Level-III product-message bytes, not decoded radar bin/radial values.	Do not retry as product-message bytes; use a decoded NIDS successor.
noaa_passive_acoustic_pcm16	blocked		attempts/20260722_blocked_noaa_passive_acoustic_pcm16.md		The product landing page exposes no direct audio objects, and a later AWS-registry retry found no authoritative passive-acoustic entry; the presumed bucket route was unverified and no audio header was reached.	Retry only with an exact official NOAA directory, object URL, or verified bucket ARN plus a collection-specific training-compatible use statement; do not guess bucket names.
noaa_stormevents_details_2024_f64	accepted	datasets/noaa_stormevents_details_2024_f64/manifest.toml	reports/64bit_new_domains_hunt_20260721_noaa_stormevents.md		Accepted decoded NOAA Storm Events 2024 detail-table numeric fields as float64 source-field samples.	Already accepted.
pokeapi_pokemon	rejected		attempts/20260612_rejected_pokeapi_pokemon.md		First 100 Pokemon resource IDs had only 100 values and 400 sample bytes.	Retry only as a materially broader per-entity detail corpus.
polyhaven_hdri_exr_f16	superseded		attempts/20260722_needs_tooling_polyhaven_hdri_exr_f16.md	polyhaven_hdri_exr_f32	The decoder gap is resolved by pinned TinyEXR, but all inspected Poly Haven channels are native FLOAT rather than HALF; converting them would not be native 16-bit material.	Use the accepted float32 successor; pursue a new f16 ID only for an exact source already known to declare native HALF channels.
polyhaven_hdri_exr_f32	accepted	datasets/polyhaven_hdri_exr_f32/manifest.toml	reports/32bit_polyhaven_hdri_exr_tinyexr_expansion_20260813.md		Accepted nine native-float32 RGB radiance planes from three pinned CC0 Poly Haven HDRIs at 1k, 4k, and 8k, decoded losslessly from ZIP/PIZ with pinned TinyEXR.	Already accepted.
scryfall_cards	rejected		reports/protocol_case_law.md		Old weak Scryfall page/search shape was discarded; use the bulk-data recipe instead.	Use scryfall_default_cards instead.
scryfall_default_cards	accepted	datasets/scryfall_default_cards/manifest.toml		scryfall_cards	Accepted Scryfall successor built from official bulk card data.	Already accepted.
sdss_corrected_frame_fits_i16	transient_failure		attempts/20260722_transient_failure_sdss_corrected_frame_fits_i16.md		data.sdss.org 503 for directory listings	Retry with exact frame URLs or LOCAL_DIR
sentinel2_l2a_scene_classification_u8	accepted	datasets/sentinel2_l2a_scene_classification_u8/manifest.toml	reports/8bit_new_domains_hunt_20260721_sentinel2_scl.md		Accepted decoded Sentinel-2 L2A SCL scene-classification uint8 rasters from two fixed public COG assets.	Already accepted.
usgs_chirp_segy_i16	transient_failure		attempts/20260722_failed_usgs_chirp_segy_i16.md		Downloaded 2 zips contain GIF/CSV not SEG-Y; real 18.5GB segy.zip skipped as oversized	Pin exact small .sgy files via URL file or increase file cap with bounded trace extraction
usgs_sidescan_sonar_tiff_u16	blocked		attempts/20260722_blocked_usgs_sidescan_sonar_tiff_u16.md		catalog.data.gov GLORIA slug HTTP 404, no candidate URLs discovered	Retry with stable ScienceBase or USGS data-release direct TIFF URLs or USGS_SIDESCAN_URLS_FILE
world_bank_co2_emissions_per_capita_annual	rejected		attempts/20260601_rejected_world_bank_co2_emissions_per_capita_annual.md		Selected World Bank indicator ID returned an API indicator-not-found error payload.	Retry only after identifying a currently valid CO2 indicator ID and rejecting API error payloads before cache.
worldbank_gdp_constant	rejected		reports/protocol_case_law.md		Thin World Bank indicator slice had constant helper metadata fields and was discarded as weak standalone shape.	Retry only as a coherent materially sized world_bank_* bundle.
worldbank_population_total	rejected		reports/protocol_case_law.md		Thin World Bank indicator slice had constant helper metadata fields and was discarded as weak standalone shape.	Retry only as a coherent materially sized world_bank_* bundle.
zenodo_forest_hyperspectral_envi_i16	blocked		attempts/20260722_blocked_zenodo_forest_hyperspectral_envi_i16.md		Records contain only HYPER txt placeholders, no ENVI file suffixes	Find records with actual ENVI .dat/.hdr payloads or parse txt for external links
usgs_3dep_las_intensity_u16	superseded		attempts/20260722_blocked_usgs_3dep_las_intensity_u16.md	dc_lidar_2015_intensity_u16	The generic 3DEP source discovery was replaced by three exact validated uncompressed DC LiDAR LAS tiles carrying the same native uint16 intensity field.	Use dc_lidar_2015_intensity_u16 instead.
noaa_nexrad_level2_moments_i16	blocked		attempts/20260722_blocked_noaa_nexrad_level2_moments_i16.md		S3 ListBucket 403 for prefix, needs exact keys file	Provide NEXRAD_KEYS_FILE or use NCEI HTTP directory listing
bbbc007_microscopy_tiff_u16	rejected		attempts/20260722_rejected_bbbc007_microscopy_tiff_u16.md	bbbc007_fluorescence_u8	RGB 8-bit (bits=[8,8,8] spp=3), not 16-bit	Superseded at the source-native width by bbbc007_fluorescence_u8; do not retry as 16-bit.
tcia_brain_mri_u16	transient_failure		attempts/20260722_failed_tcia_brain_mri_u16.md		TCIA API JSON decode error for TCGA-GBM	Use working MRI collection or handle JSON errors, provide exact UIDs
landsat8_l1tp_bayarea_multispectral_u16	needs_tooling		attempts/20260722_needs_tooling_landsat8_l1tp_bayarea_multispectral_u16.md		Tiled LZW + predictor 2, needs GDAL or LZW tiled parser	Extend tiff parser to LZW tiled + predictor or add GDAL
pdal_sample_las_intensity_u16	superseded		attempts/20260722_failed_pdal_sample_las_intensity_u16.md	dc_lidar_2015_intensity_u16	The PDAL Git-LFS pointer attempt was replaced by exact validated uncompressed DC LiDAR LAS objects with native uint16 intensity fields.	Use dc_lidar_2015_intensity_u16 instead.
zenodo_marine_dom_profile_mzml_f64	superseded		attempts/20260728_rejected_zenodo_marine_dom_profile_mzml_f64.md	zenodo_marine_dom_positive_ms1_f32	Zenodo record 10054333 contains centroided float32 rather than profile float64 arrays; the valid positive-MS1 float32 material was accepted under a width-correct successor.	Use zenodo_marine_dom_positive_ms1_f32; retry 64-bit mzML only with a different source explicitly declaring profile float64 arrays.
globalcmt_catalog_f64	accepted	datasets/globalcmt_catalog_f64/manifest.toml	reports/64bit_globalcmt_development_20260728.md		Accepted six strict-decoded Global CMT moment-tensor component event series from the pinned 1976-2020 NDK release.	Already accepted.
dc_lidar_2015_gps_time_f64	accepted	datasets/dc_lidar_2015_gps_time_f64/manifest.toml	reports/64bit_dc_lidar_gps_time_development_20260728.md		Accepted native LAS point-format-6 float64 GPS-time streams from three exact public DC LiDAR tiles.	Already accepted.
dc_lidar_2015_intensity_u16	accepted	datasets/dc_lidar_2015_intensity_u16/manifest.toml	reports/16bit_dc_lidar_intensity_development_20260801.md	usgs_3dep_las_intensity_u16	Accepted native LAS point-format-6 uint16 return-intensity streams from three exact public DC LiDAR tiles.	Already accepted.
openneuro_ds000030_t1w_mri_i16	superseded		attempts/20260801_rejected_openneuro_ds000030_t1w_mri_i16.md	openneuro_ds000030_t1w_mri_f32	All 24 pinned CC0 T1w NIfTI volumes use native float32 datatype 16 with bitpix 32, not signed-int16 datatype 4; a bounded native-width successor was accepted.	Use openneuro_ds000030_t1w_mri_f32; retry 16-bit MRI only with a different source explicitly validated as datatype 4 / bitpix 16.
openneuro_ds000030_t1w_mri_f32	accepted	datasets/openneuro_ds000030_t1w_mri_f32/manifest.toml	reports/32bit_openneuro_t1w_mri_development_20260801.md	openneuro_ds000030_t1w_mri_i16	Accepted twenty complete CC0 native-float32 T1-weighted structural MRI volumes from OpenNeuro ds000030.	Already accepted.
nasa_sdo_aia_synoptic_fits_i16	superseded		attempts/20260801_rejected_nasa_sdo_aia_synoptic_fits_i16.md	nasa_sdo_aia_synoptic_i32	All ten official direct JSOC synoptic FITS products expose tiled-compressed logical int32 images with ZBITPIX=32 and BSCALE=0.0625, not native int16 image planes.	Use the accepted width-correct int32 successor; retry 16-bit only with a different SDO/AIA product explicitly declaring BITPIX=16 or ZBITPIX=16.
zenodo_nanopore_slow5_i16	accepted	datasets/zenodo_nanopore_slow5_i16/manifest.toml	reports/16bit_zenodo_nanopore_slow5_development_20260808.md		Accepted 15,670 complete native-int16 real-device MinION RNA004 raw-signal reads decoded with pinned official slow5lib.	Already accepted.
zenodo_v16_nb_iot_sigmf_ci16	accepted	datasets/zenodo_v16_nb_iot_sigmf_ci16/manifest.toml	reports/16bit_zenodo_v16_nb_iot_sigmf_development_20260801.md		Accepted two complete CC BY 4.0 native-ci16 SigMF NB-IoT uplink/downlink RF recordings from a V16 emergency beacon test.	Already accepted.
tum_rgbd_groundtruth_pose_f64	accepted	datasets/tum_rgbd_groundtruth_pose_f64/manifest.toml	reports/64bit_tum_rgbd_pose_development_20260728.md		Accepted row-major float64 translation and unit-quaternion trajectory matrices from one exact TUM RGB-D ground-truth sequence.	Already accepted.
figshare_rmd17_trajectories_f64	accepted	datasets/figshare_rmd17_trajectories_f64/manifest.toml	reports/64bit_rmd17_development_20260729.md		Accepted native float64 molecular coordinate and force trajectory tensors for five revised MD17 molecules.	Already accepted.
osm_daily_way_references_i64	accepted	datasets/osm_daily_way_references_i64/manifest.toml	reports/64bit_osm_way_references_development_20260729.md		Accepted decoded signed-int64 way-node topology reference streams from three pinned immutable OSM daily replication diffs.	Already accepted.
bitcoin_block_output_amounts_i64	accepted	datasets/bitcoin_block_output_amounts_i64/manifest.toml	reports/64bit_bitcoin_block_amounts_development_20260729.md		Accepted native signed-int64 satoshi output-amount streams from twelve fully validated pinned Bitcoin blocks.	Already accepted.
pdebench_sod6_shock_tube_f64	rejected		attempts/20260729_rejected_pdebench_sod6_shock_tube_f64.md		The only bounded PDEBench CFD HDF5 candidate is degenerate: pressure and Vx are constant, while density has only two repeated levels.	Retry only with a directly downloadable non-degenerate native-float64 CFD payload whose complete primary output stays below 1 GB.
noaa_ims_snow_ice_cover_u8	accepted	datasets/noaa_ims_snow_ice_cover_u8/manifest.toml	reports/8bit_noaa_ims_snow_ice_development_20260730.md		Accepted twelve complete monthly-spaced NOAA IMS 4 km daily snow/ice category grids as source-native uint8 values.	Already accepted.
uci_mhealth_activity_state_u8	accepted	datasets/uci_mhealth_activity_state_u8/manifest.toml	reports/8bit_uci_mhealth_activity_state_development_20260730.md		Accepted documented activity-ID timelines from all ten complete UCI MHEALTH subject recordings as uint8 sequences.	Already accepted.
uci_dorothea_binary_molecular_features_u8	accepted	datasets/uci_dorothea_binary_molecular_features_u8/manifest.toml	reports/8bit_uci_dorothea_binary_features_development_20260730.md		Accepted all 1,950 documented DOROTHEA 100,000-dimensional sparse binary molecular feature vectors as decoded uint8 samples.	Already accepted.
uzh_rpg_davis_event_polarity_u8	rejected		attempts/20260730_rejected_uzh_rpg_davis_event_polarity_u8.md		Official source license is CC BY-NC-SA 3.0 and prohibits commercial reuse, so it is not permissive enough for unrestricted training material.	Retry only if the rightsholder publishes the relevant recordings under an explicit commercial-use-permitting license such as CC BY or CC0.
usgs_sidescan_sonar_tiff_u8	blocked		attempts/20260730_blocked_usgs_sidescan_sonar_tiff_u8.md		The only exact ScienceBase candidate was a single mosaic whose raster-facet TIFF URI returned HTTP 404; its parent exposed no additional matching mosaics.	Retry only with multiple coherent official mosaics having live bounded URLs and user-run headers proving single-band uint8 TIFF pixels with supported compression.
modis_active_fire_mask_u8	accepted	datasets/modis_active_fire_mask_u8/manifest.toml	reports/8bit_modis_active_fire_mask_development_20260730.md		Accepted twelve complete fixed-size Terra MOD14A2.061 8-day active-fire class grids across four regions and three seasonal dates as source-native uint8.	Already accepted.
zenodo_leconte_chirp_segy_f32	accepted	datasets/zenodo_leconte_chirp_segy_f32/manifest.toml	reports/32bit_zenodo_leconte_chirp_segy_development_20260801.md		Accepted 6,895 native IEEE-float32 marine CHIRP subsurface traces from five pinned CC BY 4.0 SEG-Y files with nine observed trace lengths.	Already accepted.
zenodo_zeroswarm_modbus_registers_u16	accepted	datasets/zenodo_zeroswarm_modbus_registers_u16/manifest.toml	reports/16bit_zenodo_zeroswarm_modbus_development_20260801.md		Accepted four register streams plus nine native uint16 IPv4/TCP/MBAP header streams, totaling 12,545,824 values from the pinned CC BY 4.0 normal Factory I/O capture.	Already accepted.
zenodo_vacv_core_segmentation_mrc_u16	accepted	datasets/zenodo_vacv_core_segmentation_mrc_u16/manifest.toml	reports/16bit_zenodo_vacv_core_segmentation_development_20260802.md		Accepted one source-identical native-uint16 3D VACV-core segmentation volume with explicit sparse binary-label characterization.	Already accepted.
zenodo_venere_nir_hsi_u16	accepted	datasets/zenodo_venere_nir_hsi_u16/manifest.toml	reports/16bit_zenodo_venere_nir_hsi_development_20260802.md		Accepted one native-uint16 410x288x384 cultural-heritage NIR hyperspectral detector cube with 47,423 distinct values and no constant bands.	Already accepted.
zenodo_silicon_diffraction_tiff_u16	accepted	datasets/zenodo_silicon_diffraction_tiff_u16/manifest.toml	reports/16bit_zenodo_silicon_ebsd_development_20260802.md		Accepted one native-uint16 1152x1600 silicon EBSD detector pattern losslessly decoded from 64 PackBits TIFF strips.	Already accepted.
polyhaven_material_displacement_png_u16	accepted	datasets/polyhaven_material_displacement_png_u16/manifest.toml	reports/16bit_polyhaven_material_displacement_development_20260802.md		Accepted eight CC0 native grayscale16 PBR displacement maps covering diverse material surfaces with fixed 1024x1024 geometry.	Already accepted.
zenodo_adcp_pd0_i16	accepted	datasets/zenodo_adcp_pd0_i16/manifest.toml	reports/16bit_zenodo_adcp_pd0_development_20260802.md		Accepted three complete CC BY 4.0 RDI PD0 recordings containing 70,474 checksum-valid earth-coordinate int16 water-velocity ensembles.	Already accepted.
zenodo_comtrade_i16	blocked		attempts/20260802_blocked_zenodo_comtrade_i16.md		Broad license-filtered Zenodo discovery found no direct or ZIP-contained IEEE COMTRADE cfg/dat pairs; all archive hits were unrelated.	Retry only with an exact permissively licensed power-system COMTRADE source or archive known to contain cfg/dat pairs.
zenodo_gamma_spectra_u16	blocked		attempts/20260802_blocked_zenodo_gamma_spectra_u16.md		License-filtered Zenodo discovery found only ambiguous six- and seven-column gamma-spectrum analysis tables, not documented uint16 count arrays.	Retry only with an exact permissively licensed source containing a documented integer count field or standard SPE/MCA data section.
google_fonts_glyf_coordinates_i16	accepted	datasets/google_fonts_glyf_coordinates_i16/manifest.toml	reports/16bit_google_fonts_glyf_coordinates_development_20260802.md		Accepted three Apache-2.0 TrueType fonts as exact signed-int16 simple-glyph coordinate streams with 888 glyphs and 143,642 values.	Already accepted.
zenodo_accelerometer_pcm16	accepted	datasets/zenodo_accelerometer_pcm16/manifest.toml	reports/16bit_zenodo_honeybee_accelerometer_development_20260802.md		Accepted 60 documented one-second honeybee-vibration accelerometer PCM16 segments from an exact CC BY 4.0 Zenodo source.	Already accepted.
tcia_gamma_plan_rtdose_u16	accepted	datasets/tcia_gamma_plan_rtdose_u16/manifest.toml	reports/16bit_tcia_gamma_plan_rtdose_development_20260802.md		Accepted three CC BY 4.0 Elekta GammaPlan DICOM RTDOSE objects as source-native uint16 physical-dose volumes with exact multi-frame geometry.	Already accepted.
tcia_eclipse_rtdose_u32	accepted	datasets/tcia_eclipse_rtdose_u32/manifest.toml	reports/32bit_tcia_eclipse_rtdose_development_20260802.md		Accepted three CC BY 4.0 Varian Eclipse DICOM RTDOSE objects as source-native uint32 physical-dose volumes from distinct pancreatic studies.	Already accepted.
zenodo_sanger_abif_i16	accepted	datasets/zenodo_sanger_abif_i16/manifest.toml	reports/16bit_zenodo_sanger_abif_development_20260803.md		Accepted 252 complete native signed-int16 processed dye-channel traces from 63 CC BY 4.0 Sanger ABIF chromatograms across five non-clinical Zenodo records.	Already accepted.
zenodo_lecroy_oscilloscope_i16	accepted	datasets/zenodo_lecroy_oscilloscope_i16/manifest.toml	reports/16bit_zenodo_lecroy_oscilloscope_development_20260803.md		Accepted 21 source-identical signed-int16 LeCroy RF-antenna and photomultiplier traces from three CC BY 4.0 hypervelocity-impact experiments.	Already accepted.
tcia_fdg_pet_ct_lesions_i16	superseded		reports/16bit_tcia_lung_pet_ct_dx_development_20260804.md	tcia_lung_pet_ct_dx_u16	The proposed FDG-PET-CT-Lesions name was absent from TCIA's live NBIA catalog; discovery moved to the live CC BY 4.0 Lung-PET-CT-Dx collection.	Use the accepted live-collection replacement.
tcia_lung_pet_ct_dx_i16	superseded		reports/16bit_tcia_lung_pet_ct_dx_development_20260804.md	tcia_lung_pet_ct_dx_u16	DICOM preflight proved all selected PET slices use PixelRepresentation=0 native unsigned 16-bit pixels, not signed int16.	Use the width-correct accepted replacement.
tcia_lung_pet_ct_dx_u16	accepted	datasets/tcia_lung_pet_ct_dx_u16/manifest.toml	reports/16bit_tcia_lung_pet_ct_dx_development_20260804.md		Accepted three complete CC BY 4.0 native-uint16 whole-body corrected PET volumes from distinct TCIA Lung-PET-CT-Dx studies.	Already accepted.
zenodo_radiometric_thermal_u16	blocked		attempts/20260804_blocked_zenodo_radiometric_thermal_u16.md		Metadata and bounded-header discovery found ten licensed thermal-image candidates, but every payload was 8-bit grayscale or RGB/RGBA rather than native 16-bit radiometric data.	Retry only with an exact permissively licensed archive or direct source known to contain single-channel native-16-bit thermal frames.
zenodo_454_sff_flowgrams_u16	blocked		attempts/20260804_blocked_zenodo_454_sff_flowgrams_u16.md		No licensed direct Roche/454 SFF payload qualified; the sole bounded CC BY 4.0 archive contained only two assembled FASTA files and no flowgram measurements.	Retry only with an exact permissively licensed source or archive known to contain true Roche/454 .sff version-1 payloads.
zenodo_neutron_tomography_u16	superseded		reports/32bit_zenodo_imat_neutron_development_20260804.md	zenodo_imat_neutron_projections_f32	Licensed neutron-imaging candidates proved RGB uint8, float64 FITS, or native IEEE-float32 TIFF rather than 16-bit; the useful IMAT projection sequence was accepted at its native width.	Use zenodo_imat_neutron_projections_f32; retry 16-bit only with a different source explicitly declaring native integer16 detector pixels.
zenodo_imat_neutron_projections_f32	accepted	datasets/zenodo_imat_neutron_projections_f32/manifest.toml	reports/32bit_zenodo_imat_neutron_development_20260804.md		Accepted all 186 complete CC BY 4.0 native-float32 IMAT white-beam neutron-tomography projections as fixed 512x512 detector-frame samples.	Already accepted.
zenodo_tem_tilt_series_i16	accepted	datasets/zenodo_tem_tilt_series_i16/manifest.toml	reports/16bit_zenodo_tem_tilt_series_development_20260804.md		Accepted a coherent half-rate sequence of 63 complete CC BY 4.0 native-int16 raw SARS-CoV-2 transmission-electron-tomography projections, directly range-fetched from an oversized uncompressed MRC stack.	Already accepted.
zenodo_xsens_cymbal_landmarks_i16	accepted	datasets/zenodo_xsens_cymbal_landmarks_i16/manifest.toml	reports/16bit_zenodo_xsens_cymbal_development_20260804.md		Accepted 71 complete CC BY 4.0 native-int16 Xsens full-body landmark trajectory tensors from an unnamed percussion performance session.	Already accepted.
zenodo_polarfront_ek60_power_i16	accepted	datasets/zenodo_polarfront_ek60_power_i16/manifest.toml	reports/16bit_zenodo_polarfront_ek60_development_20260804.md		Accepted all 3,441 complete CC0 native-int16 Simrad EK60 power profiles from 1,147 synchronized three-frequency PolarFront pings.	Already accepted.
zenodo_flow_cytometry_fcs_u16	blocked		attempts/20260805_blocked_zenodo_flow_cytometry_fcs_u16.md		Bounded license-first discovery classified 499 direct FCS payloads, but 490 declared float32 storage and nine declared uniform 32-bit integer parameters; no native-16-bit file qualified.	Retry only with an exact permissively licensed FCS source already known to declare $DATATYPE=I and uniform $PnB=16 parameters.
zenodo_metaclean_fcs_u32	accepted	datasets/zenodo_metaclean_fcs_u32/manifest.toml	reports/32bit_zenodo_metaclean_fcs_development_20260805.md		Accepted nine complete CC BY 4.0 native-uint32 MetaClean positive-control flow-cytometry event matrices with a shared 64-channel measurement schema.	Already accepted.
zenodo_spikeglx_neuropixels_i16	blocked		attempts/20260805_blocked_zenodo_spikeglx_neuropixels_i16.md		License-first discovery found 27 clearly non-human records, but no direct or ZIP-contained SpikeGLX bin/meta pair; exposed recordings were NWB/HDF5 or large processed archives.	Retry only with an exact permissively licensed direct SpikeGLX bin/meta pair or an established simple decoder for a known native-int16 NWB dataset.
zenodo_npx_opto_templates_f32	accepted	datasets/zenodo_npx_opto_templates_f32/manifest.toml	reports/32bit_zenodo_npx_opto_templates_development_20260806.md		Accepted 14 complete CC BY 4.0 native-float32 Kilosort spike-waveform template tensors from mouse Neuropixels Opto sessions, range-extracted from seven large ZIP/ZIP64 archives.	Already accepted.
zenodo_gpr_rd3_i16	accepted	datasets/zenodo_gpr_rd3_i16/manifest.toml	reports/16bit_zenodo_gpr_rd3_development_20260806.md		Accepted 12 complete CC BY 4.0 native signed-int16 MALA ProEx ground-penetrating-radar transects from Svalbard glacier snow-depth surveys.	Already accepted.
zenodo_open_ephys_continuous_i16	accepted	datasets/zenodo_open_ephys_continuous_i16/manifest.toml	reports/16bit_zenodo_open_ephys_continuous_development_20260806.md		Accepted four complete synchronized CC BY 4.0 native signed-int16 extracellular-voltage streams from a mouse legacy Open Ephys session, byte-swapped from source big-endian to canonical little-endian output.	Already accepted.
zenodo_illumina_cif_i16	blocked		attempts/20260807_blocked_zenodo_illumina_cif_i16.md		A bounded license- and safety-filtered Zenodo search found no direct or ZIP-contained binary Illumina CIF intensity file; surviving records exposed called reads, scripts, processed results, or generic archives rather than raw run folders.	Retry only with an exact permissively licensed non-human Illumina run-folder archive already known to contain binary CIF files under an Intensities hierarchy.
zenodo_ultrasound_rf_mat_i16	blocked		attempts/20260807_blocked_zenodo_ultrasound_rf_mat_i16.md		License- and safety-filtered discovery found one coherent MATLAB v5 rat functional-ultrasound family, but range-only dtype inspection proved its main image tensor is native float32 and its timing arrays are float64, not int16 RF data.	Retry only with an exact permissively licensed phantom or non-human MATLAB v5 source known to expose a native miINT16/mxINT16 or miUINT16/mxUINT16 RcvData array.
zenodo_rat_fus_image_sequence_f32	accepted	datasets/zenodo_rat_fus_image_sequence_f32/manifest.toml	reports/32bit_zenodo_rat_fus_development_20260807.md	zenodo_ultrasound_rf_mat_i16	Accepted the complete CC BY 4.0 native-float32 187x128x4500 functional-ultrasound intensity tensor from an awake-rat pre-stroke session.	Already accepted.
figshare_fukuchi_forceplate_c3d_i16	rejected		attempts/20260807_rejected_figshare_fukuchi_forceplate_c3d_i16.md		The exact CC BY 4.0 walking-kinetics archives contain 4,030 C3D files, but all 40 representative static and walking members preflighted across the archive declare negative POINT:SCALE and therefore float32 point and analog data records rather than native 16-bit force-platform words.	Do not retry this source at 16 bits; evaluate it as a float32 force-platform family instead.
figshare_fukuchi_forceplate_c3d_f32	accepted	datasets/figshare_fukuchi_forceplate_c3d_f32/manifest.toml	reports/32bit_figshare_fukuchi_forceplate_development_20260807.md	figshare_fukuchi_forceplate_c3d_i16	Accepted 1,966 unique complete CC BY 4.0 native-float32 force-platform analog matrices from overground and treadmill walking trials by 42 de-identified subject codes.	Already accepted.
noaa_etopo1_global_relief_i16	blocked		attempts/20260807_blocked_noaa_etopo1_global_relief_i16.md		The official archive is proven native little-endian signed-int16 with 233,312,401 values, but ETOPO1-specific training-compatible reuse terms were not verified; NOAA's main disclaimer returned 403 and an alternate disclaimer lacked explicit public-domain/free-use language.	Retry only with an official ETOPO1-specific metadata, FAQ, or rights statement explicitly permitting the intended reuse; do not infer rights solely from NOAA hosting because ETOPO1 compiles contributed sources.
nasa_pds_mola_megdr_i16	accepted	datasets/nasa_pds_mola_megdr_i16/manifest.toml	reports/16bit_nasa_pds_mola_megdr_development_20260807.md		Accepted four complete NASA PDS native signed-int16 MOLA median-topography quadrants providing global Mars coverage at 64 pixels per degree.	Already accepted.
argo_gdac_ctd_profiles_f32	accepted	datasets/argo_gdac_ctd_profiles_f32/manifest.toml	reports/32bit_argo_gdac_ctd_profiles_development_20260807.md		Accepted 138 complete native-float32 pressure, temperature, and salinity profile-history matrices from 46 autonomous ocean floats across ten official Argo GDAC data assembly centres.	Already accepted.
zenodo_comtrade_power_fault_i16	blocked		attempts/20260807_blocked_zenodo_comtrade_power_fault_i16.md		A bounded license-first Zenodo search found two genuine CC BY 4.0 COMTRADE power-system records, but both expose only papers and no CFG, DAT, ZIP, or waveform payload; all other search matches were unrelated trade data or unlicensed.	Retry only with an exact permissively licensed source already known to expose matched COMTRADE CFG/DAT payloads; do not repeat the broad Zenodo search.
nasa_heasarc_nicer_pi_i16	accepted	datasets/nasa_heasarc_nicer_pi_i16/manifest.toml	reports/16bit_nasa_heasarc_nicer_pi_development_20260808.md		Accepted 31 complete native-int16 NICER/XTI pulse-invariant X-ray photon energy-channel event sequences from 19 astronomical targets.	Already accepted.
sentinel1_wave_slc_cint16	blocked		attempts/20260808_blocked_sentinel1_wave_slc_cint16.md		Official discovery found real native-complex Wave-SLC products, but complete SAFE sources are 2.1-14.7 GB, tested download endpoints exposed no unauthenticated binary access, and official sample pages exposed no bounded direct archive.	Retry only with an exact official unauthenticated Wave-SLC archive or individual measurement TIFF below 1 GB, plus a current Copernicus reuse-notice URL.
zenodo_ublox_nav_dop_u16	blocked		attempts/20260808_blocked_zenodo_ublox_nav_dop_u16.md		License- and safety-filtered Zenodo discovery found no direct UBX logs; bounded central-directory probes of the two plausible u-blox archives proved they contain only RINEX .22o files and no NAV-DOP messages.	Retry only with an exact permissively licensed non-personal source already known to expose raw .ubx or .ubx.gz logs containing NAV-DOP messages.
physionet_bidmc_ppg_resp_i16	accepted	datasets/physionet_bidmc_ppg_resp_i16/manifest.toml	reports/16bit_physionet_bidmc_ppg_resp_development_20260808.md		Accepted 53 complete native-int16 PLETH optical-pulse waveforms and 53 complete native-int16 RESP waveforms under ODC Attribution 1.0; emitted samples exclude all source-header demographics and context.	Already accepted.
isric_soilgrids_clay_i16	accepted	datasets/isric_soilgrids_clay_i16/manifest.toml	reports/16bit_isric_soilgrids_clay_development_20260808.md		Accepted 256 complete geographically dispersed 450x450 native-int16 SoilGrids surface-clay raster tiles under CC BY 4.0, preserving the published -32768 nodata code.	Already accepted.
tcia_cmmd_mammography_u16	accepted	datasets/tcia_cmmd_mammography_u16/manifest.toml	reports/16bit_tcia_cmmd_mammography_development_20260808.md		Accepted the sole double-byte CMMD series: two complete 2294x1914 native-uint16 mammography Pixel Data planes under CC BY 4.0, excluding all DICOM metadata.	Already accepted.
nasa_pds_mastcamz_raw_i16	accepted	datasets/nasa_pds_mastcamz_raw_i16/manifest.toml	reports/16bit_nasa_pds_mastcamz_raw_development_20260808.md		Accepted 52 complete 1200x1648 native signed-int16 Mastcam-Z EDR detector frames from Mars 2020 sols 1 and 2, with pinned PDS4 metadata and source hashes.	Already accepted.
nasa_pds_cassini_vims_qube_i16	accepted	datasets/nasa_pds_cassini_vims_qube_i16/manifest.toml	reports/16bit_nasa_pds_cassini_vims_development_20260808.md		Accepted 120 native signed-int16 Cassini VIMS 352-band spectral QUBE cores spanning planetary targets, calibrations, and ten spatial geometries.	Already accepted.
zenodo_sigmf_ci8	blocked		attempts/20260813_blocked_zenodo_sigmf_ci8.md		Expanded license-first discovery screened 474 Zenodo records but found no substantial direct SigMF pair declaring native ci8 or cu8; the six licensed pairs reaching datatype validation were float32 or int16.	Retry only with an exact substantial native ci8/cu8 SigMF source already known to carry explicit CC0 or CC BY terms; do not repeat the broad Zenodo search.
aswf_openexr_scanlines_f16	accepted	datasets/aswf_openexr_scanlines_f16/manifest.toml	reports/16bit_aswf_openexr_scanlines_development_20260813.md		Accepted 27 native IEEE-754 binary16 RGB and nonconstant-alpha channel planes from eight pinned BSD-3-Clause ASWF OpenEXR scanline reference images, decoded losslessly from ZIP/PIZ with pinned TinyEXR.	Already accepted.
zenodo_polarfront_ek60_angles_i8	accepted	datasets/zenodo_polarfront_ek60_angles_i8/manifest.toml	reports/8bit_zenodo_polarfront_ek60_angles_development_20260813.md		Accepted 6,882 complete native signed-int8 alongship and athwartship split-beam angle-code profiles from 1,147 synchronized three-frequency PolarFront EK60 pings under CC0.	Already accepted.
met_open_access_paintings_u8	accepted	datasets/met_open_access_paintings_u8/manifest.toml	reports/8bit_met_open_access_paintings_development_20260813.md		Accepted 30 original-resolution uint8 RGB color planes decoded from ten varied, pinned, public-domain European painting reproductions under The Met Open Access CC0 policy.	Already accepted.
uci_metropt3_digital_states_u8	accepted	datasets/uci_metropt3_digital_states_u8/manifest.toml	reports/8bit_uci_metropt3_digital_states_development_20260815.md		Accepted all eight complete binary digital-sensor timelines from 1,516,948 observations of CC BY 4.0 MetroPT-3 railway air-compressor telemetry.	Already accepted.
zenodo_crab_giant_pulse_sigmf_ci16	accepted	datasets/zenodo_crab_giant_pulse_sigmf_ci16/manifest.toml	reports/16bit_zenodo_crab_giant_pulse_sigmf_development_20260815.md		Accepted one complete CC BY-SA 4.0 native ci16_le radio-telescope baseband capture containing a Crab pulsar giant pulse, with 4,000,000 interleaved I/Q pairs.	Already accepted.
soho_eit_fits_i16	blocked		attempts/20260815_blocked_soho_eit_fits_i16.md		Three bounded official-archive discovery strategies reached SOHO/EIT wavelength directories but exposed no machine-discoverable observation payload URLs; the expected data-use policy returned 404 and reachable official pages contained no explicit reuse grant.	Retry only with exact official SOHO/EIT observation URLs known to expose native unscaled BITPIX=16 image planes and an official statement permitting the intended training reuse.
openair_room_impulse_pcm16	transient_failure		attempts/20260815_transient_failure_openair_room_impulse_pcm16.md		Both official University of York OpenAIR host variants returned an Account Suspended landing page, exposing neither rights evidence nor WAV/archive resources; no payload was downloaded.	Retry only after the official OpenAIR host is restored or an official University of York-maintained mirror publishes both explicit reuse terms and direct impulse-response resources.
openslr_rirs_noises_pcm16	accepted	datasets/openslr_rirs_noises_pcm16/manifest.toml	reports/16bit_openslr_rirs_noises_pcm16_development_20260815.md		Accepted 3,810 complete native signed-int16 channels from 325 measured AIR, REVERB-2014, and RWCP room impulse response WAVs under Apache-2.0; all noise recordings and 60,000 simulated responses are excluded.	Already accepted.
openneuro_ds000030_fmri_bold_i16	accepted	datasets/openneuro_ds000030_fmri_bold_i16/manifest.toml	reports/16bit_openneuro_ds000030_fmri_bold_development_20260815.md		Accepted ten complete CC0 native-int16 4D BOLD fMRI runs from ten distinct subjects across all eight ds000030 tasks, totaling 257,499,136 stored voxel codes.	Already accepted.
zenodo_automotive_can_payload_u8	blocked		attempts/20260818_blocked_zenodo_automotive_can_payload_u8.md		License-first discovery inspected 329 Zenodo records but found only decoded OBD/sensor tables, JSON V2X messages, derived multivariate signals, or synthetic traffic rather than raw real-vehicle CAN payload bytes.	Retry only with an exact permissively licensed real-vehicle source already known to expose raw candump, ASC, BLF, PCAP, or arbitration-ID-plus-payload CSV frames; do not repeat the broad Zenodo search.
zenodo_aegis_obd_pid_u8	accepted	datasets/zenodo_aegis_obd_pid_u8/manifest.toml	reports/8bit_zenodo_aegis_obd_pid_development_20260818.md		Accepted 156 variable-length CC BY 4.0 decoded OBD trip/PID timelines containing 679,651 exact uint8 values from 27 real vehicle trips.	Already accepted.
zenodo_lora24_indoor_rssi_i8	accepted	datasets/zenodo_lora24_indoor_rssi_i8/manifest.toml	reports/8bit_zenodo_lora24_indoor_rssi_development_20260818.md		Accepted 21 CC BY 4.0 measured signed-int8 RSSI packet timelines containing 215,232 values from three fixed indoor LoRa 2.4 GHz nodes and controlled radio configurations.	Already accepted.
zenodo_miniseed_int16	blocked		attempts/20260819_blocked_zenodo_miniseed_int16.md		License-first discovery screened 372 Zenodo records and parsed representative direct, ZIP, TAR, and TAR.GZ MiniSEED payloads, but every valid record used float32, float64, STEIM-1 int32, or STEIM-2 int32 rather than native encoding-1 int16.	Retry only with an exact permissively licensed real geophysical source already known to declare MiniSEED v2 blockette-1000 encoding 1 or another documented native signed-int16 waveform format; do not repeat the broad Zenodo search.
zenodo_spica_urban_das_f32	accepted	datasets/zenodo_spica_urban_das_f32/manifest.toml	reports/32bit_zenodo_spica_urban_das_development_20260819.md		Accepted nine synchronized CC BY 4.0 native-float32 day-long MiniSEED traces from ordered virtual-station positions on an urban distributed-acoustic-sensing fiber, totaling 38,880,000 values.	Already accepted.
sandia_specutils_gamma_spectra_u16	rejected		attempts/20260819_rejected_sandia_specutils_gamma_spectra_u16.md		The LGPL-2.1 SpecUtils tree contains numerically valid uint16 gamma spectra, but 1,064 of 1,065 arrays are slices of one 33-second portal occupancy, the sole other array is one Mn-56 laboratory spectrum, and the measured fixtures lack explicit data-specific rights and provenance.	Do not retry the SpecUtils fixtures; retry gamma spectra only with a separately published, explicitly licensed collection covering multiple independent measurements.
uci_parking_birmingham_occupancy_i16	accepted	datasets/uci_parking_birmingham_occupancy_i16/manifest.toml	reports/16bit_uci_parking_birmingham_occupancy_development_20260821.md		Accepted 30 complete CC BY 4.0 Birmingham parking-facility occupancy timelines containing 35,717 exact signed-int16 source values, including published negative and above-capacity anomalies.	Already accepted.
uci_emg_gestures_i8	accepted	datasets/uci_emg_gestures_i8/manifest.toml	reports/8bit_uci_emg_gestures_development_20260821.md		Accepted 568 complete CC BY 4.0 surface-EMG channel timelines containing 33,265,144 exactly recovered signed-int8 Myo codes from 71 complete gesture-session recordings.	Already accepted.
bbbc007_fluorescence_u8	accepted	datasets/bbbc007_fluorescence_u8/manifest.toml	reports/8bit_bbbc007_fluorescence_development_20260821.md		Accepted 45 unique CC0 native-uint8 microscopy intensity planes containing 8,050,720 pixels from all 32 BBBC007 Drosophila Kc167 TIFF images.	Already accepted.
asterisk_core_sounds_ulaw_u8	accepted	datasets/asterisk_core_sounds_ulaw_u8/manifest.toml	reports/8bit_asterisk_core_sounds_ulaw_development_20260822.md		Accepted 558 CC BY-SA 3.0 Unported English telephony-prompt recordings containing 11,789,778 native G.711 mu-law uint8 codes.	Already accepted.
nasa_heasarc_nicer_detector_u8	accepted	datasets/nasa_heasarc_nicer_detector_u8/manifest.toml	reports/8bit_nasa_heasarc_nicer_detector_development_20260822.md		Accepted 93 native-uint8 RAWX, RAWY, and DET_ID photon-event sequences containing 26,815,170 detector-address values from 31 pinned NICER observations.	Already accepted.
tcia_breast_lesions_usg_u8	blocked		attempts/20260823_blocked_tcia_breast_lesions_usg_u8.md		The live official NBIA catalog exposes neither Breast-Lesions-USG nor BrEaST, so no licensed ultrasound series metadata or DICOM payload could be probed.	Retry only with an exact official TCIA/IDC identifier and documented bounded access route; do not repeat the same NBIA collection-name guesses.
polyhaven_material_roughness_u8	accepted	datasets/polyhaven_material_roughness_u8/manifest.toml	reports/8bit_polyhaven_material_roughness_development_20260823.md		Accepted eight CC0 1024x1024 material-roughness planes containing 8,388,608 official uint8 JPEG representation values.	Already accepted.
blender_open_movies_yuv420_u8	accepted	datasets/blender_open_movies_yuv420_u8/manifest.toml	reports/8bit_blender_open_movies_yuv420_development_20260823.md		Accepted 36 temporal Y/Cb/Cr plane tensors containing 491,904,000 uint8 values from three pinned CC BY 3.0 open-movie transcodes.	Already accepted.
zenodo_adcp_pd0_backscatter_quality_u8	accepted	datasets/zenodo_adcp_pd0_backscatter_quality_u8/manifest.toml	reports/8bit_zenodo_adcp_pd0_backscatter_quality_development_20260823.md		Accepted nine native-uint8 ADCP correlation, echo-intensity, and percent-good tensors totaling 43,130,088 values from three shared CC BY 4.0 recordings.	Already accepted.
usgs_geomag_observatory_minute_f32	accepted	datasets/usgs_geomag_observatory_minute_f32/manifest.toml	reports/32bit_usgs_geomag_observatory_development_20260825.md		Accepted twelve calendar-year USGS geomagnetic X/Y/Z component timelines containing 6,296,742 little-endian float32 values from four observatories.	Already accepted.
emdb_cryoem_density_maps_f32	blocked		attempts/20260825_blocked_emdb_cryoem_density_maps_f32.md		Bounded preflight found ten technically excellent native-float32 MRC density maps, but neither EMDB policy nor entry metadata grants CC/public-domain reuse; EMBL-EBI terms preserve original-owner and possible third-party rights, while its CC0 language is only a future licensing roadmap.	Retry only if EMDB publishes an explicit current resource-level license or the selected records carry explicit CC0/CC BY grants; do not infer permission from open access or the EMBL-EBI licensing roadmap.
zenodo_powder_xrd_patterns_f32	accepted	datasets/zenodo_powder_xrd_patterns_f32/manifest.toml	reports/32bit_zenodo_powder_xrd_development_20260826.md		Accepted 147 unique CC0 high-pressure zeolite powder-XRD intensity scans containing 647,009 little-endian float32 values.	Already accepted.
uci_hydraulic_system_cycles_f32	accepted	datasets/uci_hydraulic_system_cycles_f32/manifest.toml	reports/32bit_uci_hydraulic_system_cycles_development_20260826.md		Accepted 14,197 fixed-size CC BY 4.0 hydraulic-test-rig pressure and motor-power cycles containing 85,182,000 little-endian float32 values; 1,238 duplicate all-zero PS4 cycles were excluded.	Already accepted.
nasa_sdo_aia_synoptic_i32	accepted	datasets/nasa_sdo_aia_synoptic_i32/manifest.toml	reports/32bit_nasa_sdo_aia_synoptic_development_20260826.md	nasa_sdo_aia_synoptic_fits_i16	Accepted ten fixed 1024x1024 NASA SDO/AIA wavelength images containing 10,485,760 native signed-int32 stored codes decoded losslessly from RICE_1 FITS tiles.	Already accepted.
nasa_tess_lightcurves_f32	accepted	datasets/nasa_tess_lightcurves_f32/manifest.toml	reports/32bit_nasa_tess_lightcurves_development_20260826.md		Accepted 64 variable-length NASA TESS target-sector stellar light curves containing 1,015,204 quality-filtered native float32 PDCSAP flux values.	Already accepted.
uci_sgemm_gpu_runtimes_f32	accepted	datasets/uci_sgemm_gpu_runtimes_f32/manifest.toml	reports/32bit_uci_sgemm_gpu_runtimes_development_20260826.md		Accepted four complete UCI SGEMM GPU benchmark runtime sweeps containing 966,400 deterministically rounded little-endian float32 measurements.	Already accepted.
zenodo_morphodunes_piv_f32	superseded		attempts/20260826_superseded_zenodo_morphodunes_piv_f32.md	zenodo_morphodunes_piv_f64	All four MorphoDunes PIV MAT files store their velocity and coordinate arrays as native little-endian float64, not float32.	Use the accepted native-width zenodo_morphodunes_piv_f64 recipe; do not narrow this record to float32.
zenodo_morphodunes_piv_f64	accepted	datasets/zenodo_morphodunes_piv_f64/manifest.toml	reports/64bit_zenodo_morphodunes_piv_development_20260826.md	zenodo_morphodunes_piv_f32	Accepted four paired CC BY 4.0 laboratory PIV velocity fields containing 738,020 native float64 values with exact signed-NaN mask preservation.	Already accepted.
zenodo_battery_eis_complex_f32	accepted	datasets/zenodo_battery_eis_complex_f32/manifest.toml	reports/32bit_zenodo_battery_eis_complex_development_20260826.md		Accepted 26 CC BY 4.0 battery-cell histories containing 524,234 little-endian float32 real/imaginary electrochemical-impedance values over 4,297 cycle/SOC experiments.	Already accepted.
zenodo_fea_fields_f32	superseded		attempts/20260827_superseded_zenodo_fea_fields_f32.md	zenodo_gia_stress_fields_f64	The selected CC BY 4.0 glacial-isostatic FEA archive stores all six stress components and vertical displacement as native H5T_IEEE_F64LE arrays, not float32.	Use the accepted native-width zenodo_gia_stress_fields_f64 recipe; do not narrow this record to float32.
zenodo_gia_stress_fields_f64	accepted	datasets/zenodo_gia_stress_fields_f64/manifest.toml	reports/64bit_zenodo_gia_stress_fields_development_20260827.md	zenodo_fea_fields_f32	Accepted six stress-tensor components and one vertical-displacement field containing 64,915,200 native little-endian float64 values from a CC BY 4.0 glacial-isostatic finite-element model.	Already accepted.
usgs_shakemap_ground_motion_f32	accepted	datasets/usgs_shakemap_ground_motion_f32/manifest.toml	reports/32bit_usgs_shakemap_ground_motion_development_20260827.md		Accepted fourteen complete USGS ShakeMap mean/uncertainty rasters containing 5,520,480 native little-endian float32 values for MMI, PGA, PGV, and four PSA periods.	Already accepted.
eht_public_uvfits_visibilities_f32	accepted	datasets/eht_public_uvfits_visibilities_f32/manifest.toml	reports/32bit_eht_public_uvfits_visibilities_development_20260827.md		Accepted fifteen homogeneous real, imaginary, and statistical-weight samples containing 176,439 native float32 values from five ODC-PDDL-1.0 EHT calibrated UVFITS observations.	Already accepted.
nasa_wmap_healpix_sky_maps_f32	accepted	datasets/nasa_wmap_healpix_sky_maps_f32/manifest.toml	reports/32bit_nasa_wmap_healpix_development_20260827.md		Accepted 35 native-float32 full-sky Nside-512 NESTED HEALPix temperature, polarization, observation-count, and polarization-weight samples containing 110,100,480 values from five NASA WMAP bands.	Already accepted.
zenodo_zeroswarm_tcp_sequence_u32	accepted	datasets/zenodo_zeroswarm_tcp_sequence_u32/manifest.toml	reports/32bit_zenodo_zeroswarm_tcp_sequence_development_20260827.md		Accepted eight native-uint32 TCP sequence and acknowledgment trajectories containing 6,071,882 values from two CC BY 4.0 synthetic Factory I/O Modbus/TCP captures.	Already accepted.
zenodo_trackml_event_truth_f32	rejected		attempts/20260827_rejected_zenodo_trackml_event_truth_f32.md		Separating the ten physical fields correctly yields natural event/field samples of only 55 to 592 values, median 235; the prior interleaved event matrix violated the homogeneous-stream objective.	Retry only with naturally larger particle-tracking events whose individual fields have a median of at least 1,000 values; do not concatenate events or interleave fields.
tcia_rtplan_mlc_positions_f32	rejected		attempts/20260827_rejected_tcia_rtplan_mlc_positions_f32.md		TCIA's 484 live CC BY 4.0 RTPLAN series are all Elekta GammaPlan plans with only X/Y jaw apertures: no MLCX/MLCY, zero leaf pairs, and just 336 jaw-position values across the three largest plans.	Retry only with an exact permissively licensed linear-accelerator RTPLAN source known to contain substantial MLC leaf trajectories; do not repeat the current TCIA global scan unless its collection or manufacturer inventory changes.
alphafold_db_pae_matrices_f32	accepted	datasets/alphafold_db_pae_matrices_f32/manifest.toml	reports/32bit_alphafold_db_pae_development_20260827.md		Accepted 15 complete CC BY 4.0 AlphaFold DB directional residue-pair PAE matrices containing 9,238,233 little-endian float32 values across protein lengths 103 through 1,863.	Already accepted.
hf_timm_resnet18_conv_f32	accepted	datasets/hf_timm_resnet18_conv_f32/manifest.toml	reports/32bit_hf_timm_resnet18_conv_development_20260827.md		Accepted 20 complete native-F32 rank-4 convolution kernel banks containing 11,166,912 values from a commit-pinned Apache-2.0 timm ResNet-18 checkpoint.	Already accepted.
deepmind_alphamissense_substitution_scores_f32	blocked		attempts/20260827_blocked_deepmind_alphamissense_substitution_scores_f32.md		The canonical AlphaMissense table is technically promising at a projected 831,781,908 float32 bytes, but its embedded CC BY-NC-SA 4.0 notice conflicts with the pinned repository README's CC BY 4.0 prediction license.	Retry only if DeepMind explicitly resolves the exact GCS object's conflicting license notices; do not infer that the repository statement supersedes the payload header.
deepmind_gencast_ensemble_forecasts_f32	blocked		attempts/20260827_blocked_deepmind_gencast_ensemble_forecasts_f32.md		WeatherBench2 hosts technically excellent native-float32 GenCast ensemble forecast cubes, but its data guide requires per-dataset bucket licenses and none exists under the GenCast family or selected Zarr prefix.	Retry only if WeatherBench2 or Google DeepMind explicitly licenses the weatherbench2/datasets/gencast prediction archive; do not apply repository, dm_graphcast bucket, or upstream-input licenses by inference.
deepmind_gencast_checkpoint_f32	accepted	datasets/deepmind_gencast_checkpoint_f32/manifest.toml	reports/32bit_deepmind_gencast_checkpoint_development_20260827.md		Accepted 160 native-float32 GenCast transformer, graph-network, and conditioning parameter matrices containing 57,342,976 values from the officially relicensed CC BY 4.0 model checkpoint.	Already accepted.
deepmind_learning_to_simulate_particles_f32	blocked		attempts/20260827_blocked_deepmind_learning_to_simulate_particles_f32.md		DeepMind's public WaterDrop TFRecords are technically promising 1,000-step particle trajectories, but the separately hosted dataset objects have no explicit license and cannot inherit the repository's Apache-2.0 code license by inference.	Retry only if Google DeepMind explicitly licenses the learning-to-simulate-complex-physics/Datasets objects; do not repeat bucket listing or infer permission from public access.
google_alphaearth_satellite_embeddings_i8	accepted	datasets/google_alphaearth_satellite_embeddings_i8/manifest.toml	reports/8bit_google_alphaearth_satellite_embeddings_development_20260828.md		Accepted 384 native signed-int8 AlphaEarth embedding-axis grids containing 402,653,184 values from six generation-pinned CC BY 4.0 annual satellite-embedding COGs.	Already accepted.
weatherbench2_era5_pressure_level_fields_f32	accepted	datasets/weatherbench2_era5_pressure_level_fields_f32/manifest.toml	reports/32bit_weatherbench2_era5_pressure_level_fields_development_20260828.md		Accepted 384 native little-endian float32 global ERA5 pressure-level volumes containing 144,967,680 values across six separately stored atmospheric variables.	Already accepted.
figshare_fukuchi_marker_trajectories_f32	accepted	datasets/figshare_fukuchi_marker_trajectories_f32/manifest.toml	reports/32bit_figshare_fukuchi_marker_trajectories_development_20260828.md	figshare_fukuchi_forceplate_c3d_f32	Accepted 5,898 native little-endian float32 time-by-marker coordinate matrices containing 144,088,704 values across X, Y, and Z walking trajectories.	Already accepted; shares the exact source archive with the complementary force-platform family.
the_well_mhd64_trajectories_f32	rejected		attempts/20260910_rejected_the_well_mhd64_trajectories_f32.md		The exact public repository has no explicit data license, and homogeneous per-field/per-timestamp splitting reduces it to ordinary dense 64-cubed Cartesian volumes rather than a new num32 layout.	Retry only if the exact data gain a permissive license and expose a genuinely new sparse, unstructured, staggered, adaptive, or multiresolution homogeneous field layout.
zenodo_calochallenge_showers_f32	superseded		attempts/20260910_superseded_zenodo_calochallenge_showers_f32.md	zenodo_calochallenge_showers_f64	The selected CaloChallenge HDF5 arrays store native little-endian float64, not float32; Dataset 1 events also fall below the natural-record median floor.	Use the accepted native-width Dataset 2 successor; do not narrow the source values to float32 or aggregate Dataset 1 events.
zenodo_calochallenge_showers_f64	accepted	datasets/zenodo_calochallenge_showers_f64/manifest.toml	reports/64bit_zenodo_calochallenge_showers_development_20260910.md	zenodo_calochallenge_showers_f32	Accepted 3,910 complete CC BY 4.0 GEANT4 electron calorimeter showers containing 25,336,800 native little-endian float64 cell-energy values.	Already accepted.
wwpdb_structure_factors_f32	accepted	datasets/wwpdb_structure_factors_f32/manifest.toml	reports/32bit_wwpdb_structure_factors_development_20260910.md		Accepted nine CC0 crystallographic reflection-field samples containing 4,295,467 little-endian float32 amplitude and uncertainty values over sparse reciprocal-lattice records.	Already accepted; the failed RCSB search query is not part of the pinned acquisition path.
kubric_movi_optical_flow_f32	rejected		attempts/20260910_rejected_kubric_movi_optical_flow_f32.md		Exact MOVi-A TFDS metadata stores forward/backward optical flow as uint16 tensors; reconstructing float32 fields would merely widen 16-bit codes, and the exact data metadata declares no license.	Do not retry as float32; reconsider a separately named native-uint16 successor only if explicit license evidence for the exact data objects is established.
kubric_movi_optical_flow_u16	blocked		attempts/20260910_blocked_kubric_movi_optical_flow_u16.md		MOVi-A offers genuinely novel native-uint16 spatiotemporal optical-flow fields, but neither its exact TFDS metadata nor its MOVi documentation licenses the separately hosted GCS dataset objects; Apache-2.0 notices cover source code only.	Retry only if Google or the Kubric authors explicitly license the exact MOVi-A dataset objects; do not infer data rights from public access or repository code licenses.
janelia_mouselight_neuron_trees_32bit	accepted	datasets/janelia_mouselight_neuron_trees_32bit/manifest.toml	reports/32bit_janelia_mouselight_neuron_trees_development_20260910.md		Accepted 320 CC BY 4.0 MouseLight consensus axon and dendrite trees containing 7,788,200 separate little-endian float32 coordinate and int32 parent-reference values.	Already accepted.
tardis_binance_futures_sol_book_snapshot_25	rejected		attempts/20260924_rejected_tardis_binance_futures_sol_book_snapshot_25.md		Tardis.dev free-sample SOL 25-level L2 depth is technically strong (1,531,243 rows x 104 columns/day, anonymous HTTP 200) but its Licence Agreement covers sample data and bars redistribution below 10-minute aggregation (Clause 9.2) and any ML training, benchmarking or evaluation use (Clause 9.5).	Retry only if Tardis.dev republishes sample data under redistributable ML-permitting terms, or if an exchange publishes raw per-level L2 depth for a single instrument anonymously and redistributably.
hyperliquid_l2book_sol_hourly	blocked		attempts/20260924_rejected_tardis_binance_futures_sol_book_snapshot_25.md		Hyperliquid market_data l2Book SOL archive is the closest match to the requested 1s depth heatmap shape, but the S3 bucket is requester-pays and anonymous GET returns HTTP 403 AccessDenied.	Retry only with an anonymous non-requester-pays mirror of the Hyperliquid l2Book archive.
mpc_goes18_abi_cmi_c13_fulldisk_u16	accepted	datasets/mpc_goes18_abi_cmi_c13_fulldisk_u16/manifest.toml	reports/16bit_mpc_goes18_abi_cmi_c13_fulldisk_u16_development_20261005.md		Accepted 12 native packed 12-bit uint16 GOES-18 ABI L2 CMI band-13 (10.3 um) 5424x5424 full-disk brightness-temperature scans, one per month (20:00 UTC on the 15th, 2025-10..2026-09), from the NOAA NODD Planetary Computer COG export.	Already accepted.
mpc_modis_mod13a1_ndvi_i16	accepted	datasets/mpc_modis_mod13a1_ndvi_i16/manifest.toml	reports/16bit_mpc_modis_mod13a1_ndvi_i16_development_20261005.md		Accepted 48 complete Terra MOD13A1.061 16-day 500 m NDVI sinusoidal tiles (24 land-dominant tiles on six continents × 2024 DOY 017 and 193) containing 276,480,000 source-native little-endian int16 values under NASA Earthdata CC0 data-use guidance.	Already accepted.
mast_iue_swp_raw_image_u8	accepted	datasets/mast_iue_swp_raw_image_u8/manifest.toml	reports/8bit_mast_iue_swp_raw_image_u8_development_20261005.md		Accepted 256 complete 768x768 native uint8 IUE SWP low-dispersion large-aperture raw camera frames (1978-1995, GSFC station, 59 object classes) containing 150,994,944 data numbers decoded from pinned public-domain MAST NEWSIPS RILO FITS files.	Already accepted.
csiro_parkes_uwl_search_mode_u8	accepted	datasets/csiro_parkes_uwl_search_mode_u8/manifest.toml	reports/8bit_csiro_parkes_uwl_search_mode_u8_development_20261005.md		Accepted 32 native uint8 PSRFITS SEARCH-mode coherency-product planes (AA, BB, CR, CI of eight pinned middle SUBINT rows, 4096 × 3328 each) containing 436,207,616 values. The rows come from Parkes UWL/Medusa P1018 Proxima Centauri on-source scans in seven CC BY 4.0 CSIRO DAP collections.	Already accepted.
nasa_pds_cassini_radar_bidr_sigma0_u8	accepted	datasets/nasa_pds_cassini_radar_bidr_sigma0_u8/manifest.toml	reports/8bit_nasa_pds_cassini_radar_bidr_sigma0_u8_development_20261005.md		Accepted 22 complete native-uint8 Cassini RADAR BIBQH Titan SAR sigma0-dB images (128 pix/deg, flybys T00A–T19, USGS-produced PDS BIDR) totaling 343,474,176 values from 89,704,750 pinned ZIP bytes.	Already accepted.
earthbigdata_s1_global_coherence_vv_coh12_u8	accepted	datasets/earthbigdata_s1_global_coherence_vv_coh12_u8/manifest.toml	reports/8bit_earthbigdata_s1_global_coherence_vv_coh12_u8_development_20261005.md		Accepted 150 complete native-uint8 1200×1200 Sentinel-1 summer-2020 VV 12-day interferometric coherence tiles (DN = coherence×100, 0 = nodata; contiguous N36..N45 × W100..W114 block over the interior western US) containing 216,000,000 values LZW-decoded from 161,185,497 pinned bytes of CC BY 4.0 Earth Big Data GeoTIFFs.	Already accepted.
nasa_pds_magellan_fmidr_sar_u8	accepted	datasets/nasa_pds_magellan_fmidr_sar_u8/manifest.toml	reports/8bit_nasa_pds_magellan_fmidr_sar_u8_development_20261005.md		Accepted 336 native-uint8 Magellan Venus F-MIDR SAR backscatter framelets (1024x1024, 75 m/pixel, 0.2 dB/DN Muhleman-normalized DN law) covering all 56 framelets of six complete full-resolution MIDRs on six PDS volumes, totaling 352,321,536 values from 354,780,608 pinned bucket bytes.	Already accepted.
nasa_pds_voyager_iss_saturn_raw_u8	accepted	datasets/nasa_pds_voyager_iss_saturn_raw_u8/manifest.toml	reports/8bit_nasa_pds_voyager_iss_saturn_raw_u8_development_20261005.md		Accepted 337 complete 800x800 native uint8 raw vidicon frames from the Voyager 2 ISS narrow-angle camera (scan 3:1, full resolution, low gain) of Saturn (143) and its rings (194), 1981-08-22 to 08-31, from pinned PDS Rings Node VGISS_0005 RAW.IMG products, totaling 215,680,000 DN values; the image starts at the VICAR NLB=2 offset, confirmed by an exact match with the stored histogram.	Already accepted.
comma2k19_global_pose_ecef_positions_f64	accepted	datasets/comma2k19_global_pose_ecef_positions_f64/manifest.toml	reports/64bit_comma2k19_global_pose_ecef_positions_f64_development_20261005.md		Accepted all 2,035 complete one-minute comma2k19 segments as native little-endian float64 (N,3) ECEF camera-position trajectories (20 Hz, metres, I-280 San Jose–San Francisco, 178 routes, 2 devices), 7,291,422 values range-fetched byte-for-byte from the NPY members of ten pinned MIT-licensed commaai Hugging Face ZIP64 archives.	Already accepted.
openneuro_ds003097_aomic_cortical_thickness_f32	accepted	datasets/openneuro_ds003097_aomic_cortical_thickness_f32/manifest.toml	reports/32bit_openneuro_ds003097_aomic_cortical_thickness_f32_development_20261005.md		Accepted 400 CC0 FreeSurfer 6.0.1 per-hemisphere cortical-thickness maps from 200 evenly spaced AOMIC-ID1000 (OpenNeuro ds003097) participants, totaling 56,920,347 native float32 per-vertex values in mm.	Already accepted.
mpc_aster_l1t_tir_u16	accepted	datasets/mpc_aster_l1t_tir_u16/manifest.toml	reports/16bit_mpc_aster_l1t_tir_u16_development_20261005.md		Accepted 51 complete daytime low-cloud Terra ASTER L1T v003 thermal-infrared scenes from 26 regions (2000-2006, Planetary Computer COGs, USGS-designated public domain) containing 202,936,125 native 12-bit uint16 at-sensor radiance DN for bands 10-14, pixel-interleaved with source zero fill.	Already accepted.
openneuro_ds004212_things_meg_ctf_i32	accepted	datasets/openneuro_ds004212_things_meg_ctf_i32/manifest.toml	reports/32bit_openneuro_ds004212_things_meg_ctf_i32_development_20261005.md		Accepted 192 complete CC0 native signed-int32 CTF-275 MEG axial-gradiometer channel streams (8 fixed sensors × 24 run-01 recordings from 4 THINGS-MEG participants and 6 sessions, OpenNeuro ds004212 v3.0.0), range-extracted from pinned meg4 objects and byte-swapped to little-endian as 320,716,800 bytes.	Already accepted.
openneuro_ds003097_aomic_dti_tensor_f32	accepted	datasets/openneuro_ds003097_aomic_dti_tensor_f32/manifest.toml	reports/32bit_openneuro_ds003097_aomic_dti_tensor_f32_development_20261005.md		Accepted 32 complete CC0 native-float32 MRtrix3 WLS diffusion-tensor volumes (112x112x60x6, 144,506,880 values) from evenly spaced AOMIC-ID1000 participants on OpenNeuro ds003097, each cross-checked against the published FA map.	Already accepted.
nasa_heasarc_batse_cont_counts_i16	accepted	datasets/nasa_heasarc_batse_cont_counts_i16/manifest.toml	reports/16bit_nasa_heasarc_batse_cont_counts_i16_development_20261005.md		Accepted 50 evenly spaced CGRO BATSE CONT daily files (TJD 8395–11658, 1991–2000) from the anonymous HEASARC S3 mirror as native signed int16 BATSE_CNTS.COUNTS tables (rows × 16 energy channels × 8 Large Area Detectors, counts per 2.048 s), totaling 191,592,448 values under the NASA SMD open-data basis.	Already accepted.
openneuro_ds004584_pd_rest_eeg_f32	accepted	datasets/openneuro_ds004584_pd_rest_eeg_f32/manifest.toml	reports/32bit_openneuro_ds004584_pd_rest_eeg_f32_development_20261005.md		Accepted thirty complete CC0 native-float32 63-channel eyes-open resting-state scalp EEG recordings (500 Hz, Pz reference, one pinned montage) from OpenNeuro ds004584, totaling 151,477,200 values.	Already accepted.
mast_jwst_nircam_sw_uncal_ramps_u16	accepted	datasets/mast_jwst_nircam_sw_uncal_ramps_u16/manifest.toml	reports/16bit_mast_jwst_nircam_sw_uncal_ramps_u16_development_20261005.md		Accepted 12 complete 8x2048x2048 native uint16 JWST NIRCam short-wave FULL/MEDIUM8 up-the-ramp SCI cubes (all eight SW detectors, F090W and F200W, ERO program 2736 observation 1) containing 402,653,184 raw DN decoded from pinned public-domain MAST Level-1b uncal FITS files.	Already accepted.
kollmeyer_panasonic18650pf_drive_cycle_voltage_f64	accepted	datasets/kollmeyer_panasonic18650pf_drive_cycle_voltage_f64/manifest.toml	reports/64bit_kollmeyer_panasonic18650pf_drive_cycle_voltage_f64_development_20261005.md		Accepted all 55 split single-profile Kollmeyer Panasonic NCR18650PF drive-cycle test files (US06/HWFET/UDDS/LA92/NN/Cycle_1-4 at 25, 10, 0, -10, -20 degC plus the -20/10 degC Trise runs) as native little-endian float64 meas.Voltage cell terminal-voltage series logged at 0.1 s, 4,452,992 values decoded by a pure-stdlib MAT v5 parser from a revision- and SHA-pinned BSEBench Hugging Face mirror of the CC BY 4.0 Mendeley release (doi:10.17632/wykht8y7tg.1).	Already accepted.
ncbi_geo_mm285_methylation_idat_mean_u16	accepted	datasets/ncbi_geo_mm285_methylation_idat_mean_u16/manifest.toml	reports/16bit_ncbi_geo_mm285_methylation_idat_mean_u16_development_20261005.md		Accepted 150 complete native-uint16 Illumina IDAT bead-type Mean arrays (field 104, 361,821 values each; Grn and Red IDATs of the first 75 GSMs of GEO GSE290585, MM285 BeadChip GPL30650, mouse) totaling 54,273,150 values under NCBI public-data terms.	Already accepted.
noaa_dcdb_csb_vessel_track_lonlat_f64	accepted	datasets/noaa_dcdb_csb_vessel_track_lonlat_f64/manifest.toml	reports/64bit_noaa_dcdb_csb_vessel_track_lonlat_f64_development_20261005.md		Accepted 895 whole CC0 IHO DCDB crowdsourced-bathymetry submission files (contribution dates 2024-06-01..07; Rosepoint, GLOS and COMIT USF trusted nodes; 46 vessels) as interleaved little-endian float64 LON,LAT vessel GNSS tracks on the 1e-6-degree decimal lattice, 10,182,222 values, after excluding off-lattice, mixed-lattice, rolling-resubmission and coarse 1/60,000-degree sources.	Already accepted.
ncbi_geo_gpl5423_scanarray_cdna_scan_u16	accepted	datasets/ncbi_geo_gpl5423_scanarray_cdna_scan_u16/manifest.toml	reports/16bit_ncbi_geo_gpl5423_scanarray_cdna_scan_u16_development_20261005.md		Accepted 24 complete native-uint16 PerkinElmer ScanArray Express laser-scanner rasters (2200 x 6985–7128 px at 10 µm; the Cy3 and Cy5 scans of the first 12 GSMs of GEO GSE23678, Treenomix spruce cDNA array GPL5423) totaling 372,134,400 values under NCBI public-data terms.	Already accepted.
physionet_circor_pcg_i16	accepted	datasets/physionet_circor_pcg_i16/manifest.toml	reports/16bit_physionet_circor_pcg_i16_development_20261005.md		Accepted all 3,163 complete native little-endian int16 4 kHz mono PCM phonocardiogram recordings (942 pediatric patients; AV/PV/TV/MV/Phc auscultation sites; Littmann 3200 electronic stethoscope) from the pinned PhysioNet CirCor DigiScope 1.0.3 release under ODC-By 1.0, totaling 289,355,051 values.	Already accepted.
nasa_heliocloud_iris_l1_fuv_frames_i16	accepted	datasets/nasa_heliocloud_iris_l1_fuv_frames_i16/manifest.toml	reports/16bit_nasa_heliocloud_iris_l1_fuv_frames_i16_development_20261005.md		Accepted 40 whole 1096x4144 native int16 IRIS level-1 FUV spectrograph CCD frames (unsummed full readout CRS 1541, onboard LUTID 0 unit-DN lattice, BLANK -32768 fill; 7 science OBSIDs, 2014-2022), totaling 181,672,960 DN values (363,345,920 bytes), Rice-decoded from pinned FITS files in the anonymous NASA GSFC HelioCloud bucket under the NASA SMD / IRIS open-data basis.	Already accepted.
physionet_eit_thorax_images_f32	accepted	datasets/physionet_eit_thorax_images_f32/manifest.toml	reports/32bit_physionet_eit_thorax_images_f32_development_20261005.md		Accepted 17 complete CC BY 4.0 native little-endian float32 Dräger PulmoVista 500 thoracic EIT image sequences (frames x 32 x 32 at 50 Hz, relative-impedance AU), one per continuous forced-expiratory-manoeuvre recording of PhysioNet respiratory-heartrate-dataset 1.0.0, with 3 dropped-frame, off-scale recordings excluded by content rule; 66,201,600 values.	Already accepted.
dandi_001076_zebrafish_calcium_fluorescence_f32	accepted	datasets/dandi_001076_zebrafish_calcium_fluorescence_f32/manifest.toml	reports/32bit_dandi_001076_zebrafish_calcium_fluorescence_f32_development_20261005.md		Accepted 48 complete DANDI:001076 larval-zebrafish Suite2p raw ROI fluorescence (frames x ROIs) matrices containing 62,819,025 native little-endian float32 values under CC BY 4.0.	Already accepted.
naif_mro_sc_bus_attitude_ck_f64	accepted	datasets/naif_mro_sc_bus_attitude_ck_f64/manifest.toml	reports/64bit_naif_mro_sc_bus_attitude_ck_f64_development_20261005.md		Accepted 44 whole NAIF CK type-3 segments (first weekly mro_sc_psp kernel of each year 2007-2017, 4 spread segments each, N=100,000) from the NASA PDS MRO SPICE archive as native float64 MRO spacecraft-bus attitude quaternions (44 x 400,000) and gyro-era angular rates in rad/s (44 x 300,000): 30,800,000 primary values, 246,400,000 bytes, range-fetched byte-exact and pinned by per-segment SHA-256.	Already accepted.
noaa_wcsd_em302_water_column_i8	accepted	datasets/noaa_wcsd_em302_water_column_i8/manifest.toml	reports/8bit_noaa_wcsd_em302_water_column_i8_development_20261005.md		Accepted 1,953 complete native signed-int8 Kongsberg EM302 multibeam water-column pings (288 beams, 0.5 dB, TVG 30/20) from 15 whole pinned EX1711 .wcd files in the anonymous NOAA NCEI noaa-wcsd-pds bucket, totaling 343,505,942 values from 357,457,606 downloaded bytes under the archive's free use-and-redistribution terms.	Already accepted.
sevir_vil_storm_events_u8	accepted	datasets/sevir_vil_storm_events_u8/manifest.toml	reports/8bit_sevir_vil_storm_events_u8_development_20261005.md		Accepted 60 complete native-uint8 SEVIR STORMEVENTS digital-VIL event cubes (384x384 1-km NEXRAD-mosaic grid x 49 five-minute frames, codes 0-254), 10 from each 2017-2019 half-year container, range-fetched byte-exact from contiguous unfiltered HDF5 'vil' datasets in the anonymous s3://sevir bucket under its no-restrictions registry statement; 433,520,640 values.	Already accepted.
noaa_cdr_seaice_conc_nh_daily_u8	accepted	datasets/noaa_cdr_seaice_conc_nh_daily_u8/manifest.toml	reports/8bit_noaa_cdr_seaice_conc_nh_daily_u8_development_20261005.md		Accepted 1,096 complete native-uint8 448×304 daily Northern-Hemisphere cdr_seaice_conc grids (percent 0–100 plus native flags 251–255, 25 km NSIDC polar stereographic) of every 2022–2024 DMSP F17 v04r00 file of the NOAA/NSIDC sea-ice concentration CDR v4 (G02202), containing 149,266,432 values decoded with a checksum-verifying pure-stdlib HDF5 reader from 258,251,783 pinned bytes in the anonymous NOAA NODD bucket, which carries no use restrictions.	Already accepted.
fmi_radar_ppi_vrad_u8	accepted	datasets/fmi_radar_ppi_vrad_u8/manifest.toml	reports/8bit_fmi_radar_ppi_vrad_u8_development_20261005.md		Accepted 75 native-uint8 FMI Korpo (fikor) 0.5-degree PPI quality-controlled Doppler radial-velocity rasters (2003x2003 250 m TM35FIN, v = 0.5*code - 64 m/s folded into a 32-code Nyquist interval, NoData 255, undetect 0), one Rack 10.7 scan per selected day across 13 months of 2025-03..2026-03, LZW-decoded byte-exact from 31,677,353 version-pinned CC BY 4.0 GeoTIFF bytes; 300,900,675 values.	Already accepted.
monado_msd_valve_index_imu_f64	accepted	datasets/monado_msd_valve_index_imu_f64/manifest.toml	reports/64bit_monado_msd_valve_index_imu_f64_development_20261005.md		Accepted 30 complete calibrated ~1 kHz Valve Index headset IMU streams from the CC BY 4.0 Monado SLAM Datasets (HF revision 74c07d42), each emitted as separate native float64 gyroscope [rad/s] and accelerometer [m/s^2] xyz samples range-fetched from stored imu0/data.csv ZIP members. The 19 sequences whose upstream Basalt correction was applied two or three times are excluded. Output: 54,157,290 values (433,258,320 B) from 1,204,756,112 downloaded bytes.	Already accepted.
aind_bci_2p_scanimage_trials_i16	accepted	datasets/aind_bci_2p_scanimage_trials_i16/manifest.toml	reports/16bit_aind_bci_2p_scanimage_trials_i16_development_20261005.md		Accepted 11 complete AIND BCI ScanImage two-photon calcium-imaging trial movies (one per mouse, rig 442_Bergamo_2p_photostim, 512x256 at 58.29 Hz, offset-subtracted channel-2 PMT codes) containing 487,325,696 native little-endian int16 values decoded byte-exact from version-pinned CC BY 4.0 BigTIFFs.	Already accepted.
dandi_000020_patchseq_current_clamp_f32	accepted	datasets/dandi_000020_patchseq_current_clamp_f32/manifest.toml	reports/32bit_dandi_000020_patchseq_current_clamp_f32_development_20261005.md		Accepted 736 complete DANDI:000020 (0.210913.1639) Allen Patch-seq whole-cell CurrentClampSeries sweeps from 16 mouse visual-cortex neurons as native little-endian float32 membrane potential (mV, 50 kHz, gain-0.05 1/160 mV ADC lattice), 112,275,629 values decoded by a pure-stdlib HDF5 reader under CC BY 4.0, with 44 X7Ramp sweeps carrying flagged interior MIES zero fill (62,033 values).	Already accepted.
tcia_covid19_ny_sbu_chest_cr_u16	accepted	datasets/tcia_covid19_ny_sbu_chest_cr_u16/manifest.toml	reports/16bit_tcia_covid19_ny_sbu_chest_cr_u16_development_20261005.md		Accepted 48 complete CC BY 4.0 native 12-bit-in-uint16 Carestream DRX-Revolution portable AP chest radiograph Pixel Data planes (2544x3056) from 48 distinct TCIA COVID-19-NY-SBU patients, totaling 373,174,272 values.	Already accepted.
mace_mp_foundation_model_weights_f64	accepted	datasets/mace_mp_foundation_model_weights_f64/manifest.toml	reports/64bit_mace_mp_foundation_model_weights_f64_development_20261005.md		Accepted 247 complete native-float64 parameter tensors containing 77,043,968 values from all ten MIT-licensed MACE-MP-0a/0b/0b2/0b3/MPA-0 foundation interatomic-potential checkpoints, split into equivariant-linear, radial-MLP and symmetric-contraction weight series.	Already accepted.
dandi_ibl_bwm_spike_amplitudes_f64	accepted	datasets/dandi_ibl_bwm_spike_amplitudes_f64/manifest.toml	reports/64bit_dandi_ibl_bwm_spike_amplitudes_f64_development_20261005.md		Accepted 1,321 complete DANDI:000409 (0.260309.1324) IBL Brain-Wide Map per-unit spike-amplitude vectors (µV) from two whole Neuropixels 1.0 sessions in two labs (zadorlab, danlab) as native little-endian float64. 57,416,236 values were range-extracted from the units/spike_amplitudes_uV ragged column by a pure-stdlib HDF5 reader under CC BY 4.0; the values are disclosed as float32 × per-unit-scale (0 float32-exact).	Already accepted.
physionet_tpehg_ehg_i16	accepted	datasets/physionet_tpehg_ehg_i16/manifest.toml	reports/16bit_physionet_tpehg_ehg_i16_development_20261005.md		Accepted all 300 complete ODC-By 1.0 PhysioNet TPEHG DB v1.0.1 recordings as 900 native little-endian int16 unfiltered bipolar uterine electrohysterogram channels (20 Hz, 13107 ADC/mV; 31,967,703 values), split by source ADC code lattice into a full step-1 series (174 records) and a step-16 series (126 records); no clinical header fields emitted.	Already accepted.
gfz_gracefo_fgm_acal_bnec_f64	accepted	datasets/gfz_gracefo_fgm_acal_bnec_f64/manifest.toml	reports/64bit_gfz_gracefo_fgm_acal_bnec_f64_development_20261005.md		Accepted 64 complete CC BY 4.0 GFZ GRACE-FO ACAL_CORR v0201 daily B_NEC arrays (1 Hz calibrated platform-fluxgate geomagnetic field, nT, North-East-Centre) from GF1 (34) and GF2 (30), one satellite per date at a 45-day cadence over 2018-06..2026-08, as native little-endian float64 [records, 3]. Total 16,588,788 values; the 17 samples from 2022-11..2024-11 have all-zero published disturbance corrections, recorded per sample.	Already accepted.
physionet_grabmyo_semg_i16	accepted	datasets/physionet_grabmyo_semg_i16/manifest.toml	reports/16bit_physionet_grabmyo_semg_i16_development_20261005.md		Accepted 731 complete CC BY 4.0 native little-endian int16 forearm/wrist surface-EMG gesture trials (10,240 frames x 28 electrodes at 2048 Hz; EMGUSB2+ amplifier; publisher-filtered, per-channel auto-scaled WFDB format-16 stored values) covering Session 1, trial 1 of all 43 participants x 17 gestures from the pinned PhysioNet GRABMyo 1.1.0 release, totaling 209,592,320 values.	Already accepted.
igs_final_satellite_clock_bias_f64	accepted	datasets/igs_final_satellite_clock_bias_f64/manifest.toml	reports/64bit_igs_final_satellite_clock_bias_f64_development_20261005.md		Accepted 5,688 native little-endian float64 GPS satellite clock-offset series (seconds vs IGST, 30-s epochs, one per satellite-day; 5,615 complete at 2,880 values, 73 gapped with omitted epochs) from all 182 IGS final combined RINEX 3.00 clock files IGS0OPSFIN_2024DDD0000_01D_30S_CLK for 2024 doy 001-182 on the BKG GDC, under the IGS open-use-with-attribution Terms of Use, totaling 16,369,771 values.	Already accepted.
openneuro_ds003483_vectorview_meg_mag_i16	accepted	datasets/openneuro_ds003483_vectorview_meg_mag_i16/manifest.toml	reports/16bit_openneuro_ds003483_vectorview_meg_mag_i16_development_20261005.md		Accepted 612 complete CC0 native signed-int16 Elekta Neuromag Vectorview magnetometer channel streams (102 coil-3024 sensors × the deduction run-1 of 6 participants, 1000 Hz, MaxFilter 2.2.10 tSSS/movement-compensated DAU_PACK16 codes at 0.79 fT/code) from pinned OpenNeuro ds003483 v1.0.2 FIF objects, byte-swapped to little-endian as 450,126,000 values (900,252,000 bytes).	Already accepted.
exomol_state_energy_levels_f64	accepted	datasets/exomol_state_energy_levels_f64/manifest.toml	reports/64bit_exomol_state_energy_levels_f64_development_20261005.md		Accepted 43 complete CC BY-SA 4.0 ExoMol .states energy-term columns (rovibronic state energies in cm^-1, six-decimal F12.6 text decoded to native little-endian float64 in file order), one dataset per molecule by the pinned exomol.all master-order rule (first dataset with 1,000-5,000,000 states; 77 selected, 34 excluded by pinned def_count, token_format, id_sequence, 1e-6 lattice and float32_lattice rules), totaling 31,168,077 values.	Already accepted.
tcia_ldct_siemens_ct_projections_u16	accepted	datasets/tcia_ldct_siemens_ct_projections_u16/manifest.toml	reports/16bit_tcia_ldct_siemens_ct_projections_u16_development_20261006.md		Accepted 2,000 complete CC BY 4.0 native-uint16 Siemens SOMATOM Definition Flash full-dose helical CT DICOM-CT-PD projection views (736x64 log line-integral codes), 20 per series from all 100 public chest/abdomen series of TCIA LDCT-and-Projection-data, totaling 94,208,000 values.	Already accepted.
jpl_gnssro_cosmic1_l1b_excess_phase_f64	accepted	datasets/jpl_gnssro_cosmic1_l1b_excess_phase_f64/manifest.toml	reports/64bit_jpl_gnssro_cosmic1_l1b_excess_phase_f64_development_20261006.md		Accepted 2,393 native little-endian float64 COSMIC-1 GPS L1 calibrated excess-phase profiles (metres, 50 Hz, one per radio-occultation sounding; code L1W, row 0 in every file) from CC BY 4.0 JPL L1b v2.6 NetCDF4 files in the AWS GNSS-RO archive v2.0: 20 evenly spaced keys on one day per month for 2007-01..2016-12 (2016-08 had only 13). Output is 13,471,361 values and 107,770,888 bytes, median 5,550 values per sample, with no drops or trimming.	Already accepted.
icraf_afsis1_soil_mir_spectra_f32	accepted	datasets/icraf_afsis1_soil_mir_spectra_f32/manifest.toml	reports/32bit_icraf_afsis1_soil_mir_spectra_f32_development_20261006.md		Accepted 18,247 complete CC BY 4.0 AfSIS Phase I soil mid-infrared absorbance spectra (ICRAF Dataverse doi:10.34725/DVN/QXCWP1 v1.1, Bruker Tensor 27/HTS-XT, 19 countries, two depths) as 31,914,003 little-endian float32 values, losslessly rounded from decimal text on a 2.5e-7 grid.	Already accepted.
noaa_stofs2d_glo_adcirc_station_water_level_f64	accepted	datasets/noaa_stofs2d_glo_adcirc_station_water_level_f64/manifest.toml	reports/64bit_noaa_stofs2d_glo_adcirc_station_water_level_f64_development_20261006.md		Accepted 40 complete native little-endian float64 STOFS-2D-Global v2.1 ADCIRC fort.61 station water-surface-elevation matrices (zeta, m above geoid, 1260 six-minute steps × 1688 fixed stations, native −99999.0 dry fill kept) from pinned 00z cycles every 20 days from 2024-06-01 to 2026-07-21 in the NOAA NODD bucket noaa-gestofs-pds, decoded from NetCDF4/HDF5 shuffle+deflate chunks: 85,075,200 values, 680,601,600 bytes.	Already accepted.
aloft_uva_vpts_animal_reflectivity_f32	accepted	datasets/aloft_uva_vpts_animal_reflectivity_f32/manifest.toml	reports/32bit_aloft_uva_vpts_animal_reflectivity_f32_development_20261006.md		Accepted 465 complete CC0 UVA_VPTS (Zenodo 14711244, de.tgz) German radar-month vol2bird animal-reflectivity eta matrices (18 DWD C-band radars, 2015-02..2019-05, profiles × 25 height bins of 200 m, 0–4800 m, mostly 15-minute cadence), decoded once from VPTS CSV decimal text to little-endian float32 (99.93% bit-exact binary32 recovery; schema missing tokens as NaN): 28,369,050 values, 113,476,200 bytes.	Already accepted.
empiar_13192_sbfsem_vessel_slices_u8	accepted	datasets/empiar_13192_sbfsem_vessel_slices_u8/manifest.toml	reports/8bit_empiar_13192_sbfsem_vessel_slices_u8_development_20261006.md		Accepted 32 native-uint8 EMPIAR-13192 Carotid2 serial block-face SEM backscatter slices (FEI xT TIFF, 6144x4096, 65 nm pixels, every 40th of 1250 slices at 200 nm z-step) under EMPIAR's archive-wide CC0, totaling 805,306,368 values from 806,100,140 pinned bytes.	Already accepted.
physionet_charis_icp_i16	accepted	datasets/physionet_charis_icp_i16/manifest.toml	reports/16bit_physionet_charis_icp_i16_development_20261006.md		Accepted the complete 50 Hz intracranial-pressure channel of the 9 majority-ICP records (charis1-7, 11, 13) of the ODC-By 1.0 PhysioNet CHARIS DB 1.0.0 as the publisher's auto-scaled WFDB format-16 little-endian int16 stored values (stretch 1.32-1.61 vs native 60.8182 codes/mmHg; 204,043,652 values, 408,087,304 bytes). charis8, 9, 10 and 12 are excluded as majority non-ICP, and no clinical header fields are emitted.	Already accepted.
leap_climsim_lowres_e3sm_mmf_state_fields_f64	accepted	datasets/leap_climsim_lowres_e3sm_mmf_state_fields_f64/manifest.toml	reports/64bit_leap_climsim_lowres_e3sm_mmf_state_fields_f64_development_20261006.md		Accepted 825 complete CC BY 4.0 LEAP ClimSim low-res E3SM-MMF air-temperature fields (`state_t`, K, 60 hybrid levels × 384 ne4pg2 columns; HF revision bab82a2e; one mli input file every 223 twenty-minute steps across no-leap model years 0002–0008), range-fetched and decoded from CDF-5 NetCDF big-endian NC_DOUBLE to native little-endian float64, with the upstream model-top 663.6 K transient in 0008-06-10-68400 kept: 19,008,000 values, 152,064,000 bytes.	Already accepted.
mpc_modis_mod15a2h_fpar_u8	accepted	datasets/mpc_modis_mod15a2h_fpar_u8/manifest.toml	reports/8bit_mpc_modis_mod15a2h_fpar_u8_development_20261006.md		Accepted 96 complete Terra MOD15A2H.061 8-day 500 m Fpar_500m sinusoidal tiles (24 land-dominant tiles on six continents × 2024 DOY 049/137/225/313) containing 552,960,000 source-native uint8 values (FPAR × 100 with the product's land-cover fill classes) under NASA Earthdata CC0 data-use guidance.	Already accepted.
goose_vls128_lidar_scan_xyz_f32	accepted	datasets/goose_vls128_lidar_scan_xyz_f32/manifest.toml	reports/32bit_goose_vls128_lidar_scan_xyz_f32_development_20261006.md		Accepted 64 complete published CC BY-SA 4.0 GOOSE 3D val Velodyne VLS-128 roof-LiDAR sweep files (MuCAR-3 off-road vehicle, 8 evenly spaced sweeps from each of the 8 val sequences, range-fetched from goose_3d_val.zip) as native little-endian float32 N×3 xyz point arrays in source order, totaling 11,500,411 points, 34,501,233 values and 138,004,932 bytes.	Already accepted.
hamsci_grape1_wwv10_doppler_frequency_f64	accepted	datasets/hamsci_grape1_wwv10_doppler_frequency_f64/manifest.toml	reports/64bit_hamsci_grape1_wwv10_doppler_frequency_f64_development_20261006.md		Accepted 903 native little-endian float64 Grape V1 (G1) received-carrier-frequency series of the NIST WWV 10 MHz broadcast (Hz, 1 mHz print lattice, ~1 Hz logging, one per station-day file) from six GPSDO-referenced HamSCI PSWS receivers, 2020-07-21..2021-05-15, taken from all 920 G1 WWV10 files of CC BY 4.0 Zenodo record 6590283 with 17 excluded by pinned whole-file rules (time_order 9, out_of_band 6, too_short 4); 74,966,875 values and 599,735,000 bytes, median 84,372 values per sample.	Already accepted.
mpc_modis_mod10a1_ndsi_snow_cover_u8	accepted	datasets/mpc_modis_mod10a1_ndsi_snow_cover_u8/manifest.toml	reports/8bit_mpc_modis_mod10a1_ndsi_snow_cover_u8_development_20261006.md		Accepted 70 complete Terra MOD10A1.061 daily 500 m NDSI_Snow_Cover sinusoidal tiles (28 tiles in rows v02–v05 × ten twice-monthly dates 2023-12-01..2024-04-15, chosen by a fixed clear-sky/snow rule) containing 403,200,000 source-native uint8 values (NDSI × 100 with the product's in-band cloud, water and fill codes).	Already accepted.
mpc_landsat_c2_l1_mss_dn_u8	accepted	datasets/mpc_landsat_c2_l1_mss_dn_u8/manifest.toml	reports/8bit_mpc_landsat_c2_l1_mss_dn_u8_development_20261006.md		Accepted 52 complete Landsat-5 MSS Collection 2 L1TP Tier 1 scene-band rasters (B1-B4 of 13 scenes on 13 WRS-2 path/rows across desert, savanna, forest, cropland, wetland and arctic biomes, 1984-1991, Planetary Computer COGs, USGS public domain) containing 746,545,896 native uint8 calibrated DN with source zero fill.	Already accepted.
empiar_10318_microed_diffraction_frames_u16	accepted	datasets/empiar_10318_microed_diffraction_frames_u16/manifest.toml	reports/16bit_empiar_10318_microed_diffraction_frames_u16_development_20261006.md		Accepted 24 native-uint16 4096x4096 EMPIAR-10318 200 kV MicroED continuous-rotation electron-diffraction frames (SMV rasters inflated from exact ZIP-member ranges, 3 per crystal across all 8 FUS(37-42) series, phi -50 to +35 deg) under EMPIAR's archive-wide CC0, totaling 805,306,368 bytes from 341,983,518 pinned range bytes.	Already accepted.
figshare_rousettus_vocalizations_i16	accepted	datasets/figshare_rousettus_vocalizations_i16/manifest.toml	reports/16bit_figshare_rousettus_vocalizations_i16_development_20261006.md		Accepted 400 evenly spaced whole CC0 triggered recordings (all 30 figshare archives, 12 treatments, 12 channels, 2012-06 to 2014-02) from the Prat et al. 2017 Egyptian fruit bat vocalization collection as native little-endian int16 250 kHz mono PCM decoded from LZMA ZIP members via byte-range requests, totaling 184,216,832 values.	Already accepted.
gwa_v4_country_wind_speed_100m_f32	accepted	datasets/gwa_v4_country_wind_speed_100m_f32/manifest.toml	reports/32bit_gwa_v4_country_wind_speed_100m_f32_development_20261006.md		Accepted 31 complete Global Wind Atlas 4.0 country rasters of modelled long-term mean wind speed at 100 m above ground (DTU/World Bank/ESMAP, CC BY 4.0; 0.0025° WGS84 grid in m/s, source NaN kept bit-exact outside each country+EEZ mask), decoded losslessly from the pinned ZSTD/predictor-3 BigTIFFs to native little-endian float32, totaling 95,611,417 values (58.3% valid) and 382,445,668 bytes from 176,707,851 download bytes.	Already accepted.
rwth_isea_home_storage_battery_voltage_f32	accepted	datasets/rwth_isea_home_storage_battery_voltage_f32/manifest.toml	reports/32bit_rwth_isea_home_storage_battery_voltage_f32_development_20261006.md		Accepted 36 complete system-months from 12 privately operated 48 V-class PV home storage systems (ISEA/CARL RWTH Aachen field campaign, Zenodo 12091223, CC BY 4.0) as little-endian float32 1 Hz battery pack terminal voltage V_in_V (volts, 0.1 mV print grid, 42.5-63.0 V), 95,040,000 values range-extracted from pinned deflate CSV members, with Interpolated gap fills capped at 1% per month (realized at most 0.04%).	Already accepted.
empiar_10994_sbfsem_bsed_slices_u16	accepted	datasets/empiar_10994_sbfsem_bsed_slices_u16/manifest.toml	reports/16bit_empiar_10994_sbfsem_bsed_slices_u16_development_20261006.md		Accepted 132 native-uint16 EMPIAR-10994 raw Gatan 3View 3VBSED serial block-face SEM slices of a control and a REEP3/4-KD HeLa metaphase cell (DM4 ImageList[1] Data arrays at native 1280²–1500² frame size, every 8th of 1,049 valid 30 nm slices across all 12 runs, beam-fault KD r01d 14–16 excluded) under EMPIAR's archive-wide CC0, totaling 504,751,200 bytes from 537,980,563 pinned bytes.	Already accepted.
fingrid_nordic_grid_frequency_10hz_f32	accepted	datasets/fingrid_nordic_grid_frequency_10hz_f32/manifest.toml	reports/32bit_fingrid_nordic_grid_frequency_10hz_f32_development_20261006.md		Accepted 93 complete daily Fingrid dataset 339 CSVs (CC BY 4.0) of Nordic synchronous-area power-system frequency at 10 Hz, from the non-DST months 2025-01, 2025-07 and 2026-01 and only the primary 10 µHz measurement chain. Pinned per-day rules (at least 90% tick coverage, coarse_token_share at most 0.02) excluded nothing. Values are lossless little-endian float32 Hz decoded from pinned solid LZMA1 7z archives with a pure-stdlib reader: 80,261,336 values and 321,045,344 bytes from 199,520,398 download bytes.	Already accepted.
tartanair_optical_flow_f32	accepted	datasets/tartanair_optical_flow_f32/manifest.toml	reports/32bit_tartanair_optical_flow_f32_development_20261006.md		Accepted 108 complete TartanAir V1 dense forward optical-flow frames (CMU AirLab official HF repo theairlabcmu/tartanair pinned at 65e00180, CC BY 4.0 project terms / BSD-3-Clause HF card). Each is the temporal-middle frame of one of 108 distinct trajectories across all 18 environments and both difficulty levels, a native little-endian float32 480x640x2 pixel-displacement tensor range-extracted from 36 ZIP64 flow archives with CRC32 and npy-header checks, totaling 66,355,200 values and 265,420,800 bytes from 281,125,039 download bytes.	Already accepted.
zenodo_gridgnosis_pmu_voltage_magnitude_f32	accepted	datasets/zenodo_gridgnosis_pmu_voltage_magnitude_f32/manifest.toml	reports/32bit_zenodo_gridgnosis_pmu_voltage_magnitude_f32_development_20261006.md		Accepted 20 one-hour 50 frames/s steady-state PMU exports from the Cyprus transmission system (GridGnosis Zenodo 20308780: PMUs 1-6 x 3 windows minus one mostly zero-filled PMU 3 hour; GridEye Zenodo 17648863: 3 hours; both CC BY 4.0) as little-endian float32 frame-by-channel matrices of own-PMU Mag_V{A,B,C} phase-to-ground voltage magnitudes (volts, ~77 kV on the 132 kV grid, float32-exact 8-digit prints). PMU 6's copied `_4_6` group is excluded fail-closed. Output: 58,442,013 values and 233,768,052 bytes, median 3,240,018 values, 327 unique channel columns.	Already accepted.
luh_lumo_tower_acceleration_f32	accepted	datasets/luh_lumo_tower_acceleration_f32/manifest.toml	reports/32bit_luh_lumo_tower_acceleration_f32_development_20261006.md		Accepted 216 native little-endian float32 LUMO lattice-tower accelerometer streams (18 channels x 12 ten-minute SHMTS records, one per healthy/damage-state folder of the six official exemplary ZIPs) from the CC BY 3.0 Leibniz University Hannover repository (DOI 10.25835/0027803), totaling 213,969,600 values (855,878,400 B) from 770,718,051 range-fetched bytes.	Already accepted.
cartographer_backpack2d_hokuyo_ranges_f32	accepted	datasets/cartographer_backpack2d_hokuyo_ranges_f32/manifest.toml	reports/32bit_cartographer_backpack2d_hokuyo_ranges_f32_development_20261006.md		Accepted 16 complete Apache-2.0 Cartographer 2D-backpack (Deutsches Museum) recording sessions as native little-endian float32 scans x 1079 first-echo range matrices from the horizontal Hokuyo UTM-30LX-EW, decoded from ROS bag sensor_msgs/MultiEchoLaserScan messages, totaling 209,373 scans, 225,913,467 values and 903,653,868 bytes.	Already accepted.
zenodo_nordif_ebsd_kikuchi_patterns_u8	accepted	datasets/zenodo_nordif_ebsd_kikuchi_patterns_u8/manifest.toml	reports/8bit_zenodo_nordif_ebsd_kikuchi_patterns_u8_development_20261006.md		Accepted 4,248 native-uint8 240x240 NORDIF UF-1100 EBSD Kikuchi patterns (Hitachi SU-6600, 20 kV, gain 10, one frame per scan point) from every 8th scan row of CMT Al-steel weld maps II and III in CC BY 4.0 Zenodo record 6634354, totaling 244,684,800 values from 244,684,800 pinned range-fetched bytes.	Already accepted.
wiod2016_world_input_output_tables_f64	accepted	datasets/wiod2016_world_input_output_tables_f64/manifest.toml	reports/64bit_wiod2016_world_input_output_tables_f64_development_20261006.md		Accepted all 15 current-price World Input-Output Tables (2000-2014) of the CC BY 4.0 WIOD 2016 release (DataverseNL doi:10.34894/PJ2M1C v2.1, WIOTS_in_STATA.zip) as native little-endian float64 2464x2684 matrices of inter-country inter-industry and final-demand flows in million US$, byte-sliced from Stata-118 doubles with the TOT column and 8 summary rows dropped, totaling 99,200,640 values (793,605,120 B) from a 638,963,496 B pinned archive.	Already accepted.
diode_val_laser_depth_f32	accepted	datasets/diode_val_laser_depth_f32/manifest.toml	reports/32bit_diode_val_laser_depth_f32_development_20261006.md		Accepted 85 complete MIT-licensed DIODE validation-split depth maps (FARO Focus S350 terrestrial laser scans reprojected by the publishers into 1024x768 camera views; 38 indoor and 47 outdoor views from all 20 scans in 6 scenes, chosen deterministically under a ≤5% field-of-view-overlap cap) as native little-endian float32 metre rasters streamed byte-for-byte from the pinned val.tar.gz, totaling 66,846,720 values and 267,386,880 bytes from a 2,774,625,282-byte download.	Already accepted.
azure_vm2019_cpu_utilization_readings_f64	accepted	datasets/azure_vm2019_cpu_utilization_readings_f64/manifest.toml	reports/64bit_azure_vm2019_cpu_utilization_readings_f64_development_20261006.md		Accepted the first 88 complete 5-minute fleet snapshots (t = 0..26,100 s, files 1-2 of 195) of the CC BY 4.0 Microsoft Azure Public Dataset V2 (2019) VM CPU trace as native little-endian float64 per-VM min, max and avg CPU-utilization samples (264 samples, 59,672,817 values, 477,382,536 bytes).	Already accepted.
cesnet_ts24_institution_traffic_bytes_u64	accepted	datasets/cesnet_ts24_institution_traffic_bytes_u64/manifest.toml	reports/64bit_cesnet_ts24_institution_traffic_bytes_u64_development_20261006.md		Accepted 278 CC BY 4.0 CESNET-TimeSeries24 institution-level 10-minute transmitted-byte (n_bytes) time series from Zenodo 13382427 institutions.tar.gz (479,428,489 B, md5 ab3e15fb8dc9b7120ddb2318795b6812) as native little-endian uint64 samples, with the five header-only upstream files pinned and excluded, totaling 10,446,225 values (83,569,800 B), of which 2.17% exceed 2^32 and 166 samples peak above the uint32 range.	Already accepted.
zenodo_hc18_fetal_head_ultrasound_u8	accepted	datasets/zenodo_hc18_fetal_head_ultrasound_u8/manifest.toml	reports/8bit_zenodo_hc18_fetal_head_ultrasound_u8_development_20261006.md		Accepted 1,325 complete native-uint8 HC18 fetal-head 2D B-mode ultrasound images (Radboud UMC, GE Voluson; 1,293 at 800x540 plus 32 pinned native sizes) decoded from the CC BY 4.0 Zenodo record 1327317 archives, totaling 572,299,207 values after skipping 1 exact and 8 pinned near-duplicate re-exports.	Already accepted.
figshare_oscgrid_comtrade_raw_adc_i16	accepted	datasets/figshare_oscgrid_comtrade_raw_adc_i16/manifest.toml	reports/16bit_figshare_oscgrid_comtrade_raw_adc_i16_development_20261006.md		Accepted 467 CC BY 4.0 OscGrid labeled raw COMTRADE-1999 ASCII relay-protection oscillograms (figshare 28465427 v6, Labeled_raw_v1.1.7z, MD5-pinned, decoded by a pure-stdlib 7z/LZMA1 reader with per-member CRC32) as channel-major little-endian int16 cfg-declared sample codes at 1600 Hz on a 50 Hz grid, in two single-unit primary series: 464 voltage-transformer samples (V secondary, a = 0.0147–0.0169 V/code, 48,719,331 values) and 464 current-transformer samples (A secondary, a = 0.00915–0.00930 A/code, 23,310,621 values), 144,059,904 bytes in total; 11 out-of-scope records were dropped, and off-band, Rogowski and relay-computed channels were excluded.	Already accepted.
ahmedml_cfd_surface_mean_pressure_f32	accepted	datasets/ahmedml_cfd_surface_mean_pressure_f32/manifest.toml	reports/32bit_ahmedml_cfd_surface_mean_pressure_f32_development_20261006.md		Accepted 50 complete native-float32 OpenFOAM `pMean` time-averaged surface-pressure fields (p/rho, m^2/s^2, one value per boundary polygon) from the CC BY-SA 4.0 AhmedML Hugging Face repository at revision 02688c72 (runs range(1,501,10)), fetched by xet/LFS-pinned byte ranges (284.8 MB of 4.0 GB of VTPs) and base64-decoded unchanged into 53,282,167 values (213,128,668 bytes, median 1,082,412 values per run).	Already accepted.
ceda_ukdale_iam_appliance_power_u16	accepted	datasets/ceda_ukdale_iam_appliance_power_u16/manifest.toml	reports/16bit_ceda_ukdale_iam_appliance_power_u16_development_20261006.md		Accepted 51 complete CC BY 4.0 UK-DALE 2017 EDF EcoManager Transmitter Plug (individual appliance monitor) channel records from houses 2-5 (18+4+5+24), range-extracted from the pinned CEDA ukdale.zip (3,585,155,959 B, ETag "59425b9c-d5b12377", per-member CRC32) and decoded as native little-endian uint16 integer watts at ~6 s with uint32 unix-second auxiliary timestamps: 82,837,497 primary values (165,674,994 B), median 1,842,782 per sample, range 0-3,998 W, 38.6% zeros; house 1 excluded for the 1 GB cap.	Already accepted.
rgl_epfl_isotropic_spectral_brdf_f32	accepted	datasets/rgl_epfl_isotropic_spectral_brdf_f32/manifest.toml	reports/32bit_rgl_epfl_isotropic_spectral_brdf_f32_development_20261006.md		Accepted the native little-endian float32 `spectra` tensors of all 51 isotropic materials in the CC0 EPFL RGL measured-BRDF database (Dupuy–Jakob adaptive parameterization, 8 incident elevations × 195 wavelengths from 358.6 to 1001.9 nm × 32×32 outgoing grid for 49 materials, 48×48 and 64×64 for one each), parsed from 51 MD5/SHA-256-pinned Mitsuba tensor_file `*_spec.bsdf` objects (397,553,744 B) into 88,258,560 values (353,034,240 B, median 1,597,440 values), with the 11 anisotropic 17-azimuth files excluded.	Already accepted.
nrel_resstock2021_state_enduse_load_profiles_f64	accepted	datasets/nrel_resstock2021_state_enduse_load_profiles_f64/manifest.toml	reports/64bit_nrel_resstock2021_state_enduse_load_profiles_f64_development_20261006.md		Accepted 833 native full-mantissa float64 CC BY 4.0 NREL ResStock 2021 AMY2018 release 1 state single-family-detached 15-minute end-use energy profiles (kWh per interval; 48 contiguous states + DC × 17 end uses: 13 electric, 4 natural gas, chosen by a global all-zero/<1,000-distinct/exact-rescaling rule with totals excluded). Source: 49 size/md5/LastModified-pinned OEDI S3 by_state CSVs (1,546,682,912 B); output 29,188,320 values (233,506,560 B), 35,040 values per sample.	Already accepted.
usgs_grandbay_klein3900_sidescan_xtf_u16	accepted	datasets/usgs_grandbay_klein3900_sidescan_xtf_u16/manifest.toml	reports/16bit_usgs_grandbay_klein3900_sidescan_xtf_u16_development_20261006.md		Accepted 24 complete native-uint16 Klein SonarPro XTF side-scan sonar recordings from the public-domain USGS 2015-315-FA Grand Bay release, totaling 392,249,344 values from 464,297,806 range-fetched bytes. Each ping is [port 4096 | starboard 4096] raw backscatter counts, port far-to-nadir and starboard nadir-to-far, 100 m slant range.	Already accepted.
zenodo_astar_niti_sped_patterns_u8	accepted	datasets/zenodo_astar_niti_sped_patterns_u8/manifest.toml	reports/8bit_zenodo_astar_niti_sped_patterns_u8_development_20261006.md		Accepted 14,781 native-uint8 144x144 NanoMegas ASTAR scanning precession electron diffraction patterns (200 kV TEM, one frame per scan point) from every 16th scan row of the eight NiTi shape-memory wire orientation maps in CC BY 4.0 Zenodo records 15183487 and 15183021, totaling 306,498,816 values from 306,587,502 pinned range-fetched bytes.	Already accepted.
noaa_rstn_sagamore_hill_srs_spectra_u8	accepted	datasets/noaa_rstn_sagamore_hill_srs_spectra_u8/manifest.toml	reports/8bit_noaa_rstn_sagamore_hill_srs_spectra_u8_development_20261006.md		Accepted 72 native uint8 USAF RSTN Sagamore Hill Solar Radio Spectrograph dynamic-spectrum matrices: band A (25-75 MHz) and band B (75-180 MHz), sweeps x 401 channels, for each of 36 whole pinned 2024 station-days (504,393 three-second sweeps, one analyser configuration with ref level 20 and attenuation 0 dB), totaling 404,523,186 values. Decoded from 277,776,099 bytes of NOAA NCEI .srs.gz under the archive's 'Use Constraints: None' statement and US Government (USAF) authorship.	Already accepted.
zenodo_esrf_mxene_aerogel_microct_slices_u8	accepted	datasets/zenodo_esrf_mxene_aerogel_microct_slices_u8/manifest.toml	reports/8bit_zenodo_esrf_mxene_aerogel_microct_slices_u8_development_20261006.md		Accepted 220 native-uint8 1381x1381 reconstructed axial slices (20 evenly spaced per volume with a 5% end margin) range-fetched from all 11 CC BY 4.0 ESRF ID15 synchrotron micro-CT volumes of one freeze-cast Ti3C2Tx MXene aerogel at 0-50% compressive strain, totaling 419,575,420 values from a 50.3 GB source.	Already accepted.
fermi_gbm_tte_nai_photon_arrival_times_f64	accepted	datasets/fermi_gbm_tte_nai_photon_arrival_times_f64/manifest.toml	reports/64bit_fermi_gbm_tte_nai_photon_arrival_times_f64_development_20261006.md		Accepted 60 evenly spaced Fermi GBM burst TTE files (2008–2025, the largest-count NaI detector of each burst) from the anonymous HEASARC S3 mirror as native float64 EVENTS.TIME photon arrival-time columns (seconds relative to trigger, stored row order), totaling 45,118,967 values under the NASA SMD open-data basis.	Already accepted.
empiar_10511_k2_counting_movie_frames_u8	accepted	datasets/empiar_10511_k2_counting_movie_frames_u8/manifest.toml	reports/8bit_empiar_10511_k2_counting_movie_frames_u8_development_20261006.md		Accepted 40 native-uint8 EMPIAR-10511 Gatan K2 Summit counting-mode cryo-EM movie frames (MRC section z = 20 of 40, 3838x3710 per-pixel electron counts, one frame from the movie at each of 40 bin centres over the 2,979-movie listing, spanning both acquisition days and all four EPU templates) under EMPIAR's archive-wide CC0, totaling 569,559,200 bytes from 569,600,160 range-fetched bytes.	Already accepted.
aalto_arni_room_impulse_response_f32	accepted	datasets/aalto_arni_room_impulse_response_f32/manifest.toml	reports/32bit_aalto_arni_room_impulse_response_f32_development_20261006.md		Accepted 265 native little-endian IEEE float32 measured room impulse responses (105,840 values, 2.4 s at 44.1 kHz each; 28,047,600 values) from the CC-BY-4.0 Zenodo record 6985104 (Aalto Arni variable-acoustics room), one panel configuration at each of 53 absorption levels (numClosed 0..55 except 11, 27, 35) times 5 receivers, sweep 1. The members are range-extracted from six ZIP/ZIP64 archives totalling 50.9 GB, excluding configurations whose receivers repeat one response and four int16-quantized members.	Already accepted.
pdebench_2d_cfd_turb_m1_density_f32	accepted	datasets/pdebench_2d_cfd_turb_m1_density_f32/manifest.toml	reports/32bit_pdebench_2d_cfd_turb_m1_density_f32_development_20261006.md		Accepted 40 whole native-float32 PDEBench 2D compressible Navier-Stokes turbulence (M=1.0, η=ζ=1e-8, periodic 512²) /density trajectories of shape (21,512,512) from the CC BY 4.0 DaRUS deposit doi:10.18419/darus-2986 v8.0 (file 164686, trajectories range(0,1000,25)), fetched as pinned HDF5 byte ranges (881.1 MB of the 88.1 GB file) and written unchanged as 220,200,960 values (880,803,840 bytes, median 5,505,024 values per trajectory).	Already accepted.
orex_ola_l2_lidar_point_xyz_f64	accepted	datasets/orex_ola_l2_lidar_point_xyz_f64/manifest.toml	reports/64bit_orex_ola_l2_lidar_point_xyz_f64_development_20261006.md		Accepted 44 complete NASA PDS SBN OSIRIS-REx OLA Level-2 (data_calibrated_v2::1.0) High-Energy-Laser linear-scan products: every Recon B (42) and Recon C (2) product under 200 MB. They are emitted as native little-endian float64 N×3 Bennu body-fixed x,y,z laser-return coordinates in metres, in source order, with no-return flag 2/102 records dropped. Totals are 5,087,058 points, 15,261,174 values and 122,089,392 bytes, from 947 MB of pinned label and table downloads.	Already accepted.
the_well_post_neutron_star_merger_density_f32	accepted	datasets/the_well_post_neutron_star_merger_density_f32/manifest.toml	reports/32bit_the_well_post_neutron_star_merger_density_f32_development_20261006.md		Accepted 54 complete native-float32 nubhlight GRMHD `/t0_fields/density` dumps (192 log-r × 128 θ × 66 φ, code units, dumps 20, 40, …, 180) from the 6 disk-bearing simulations of the CC BY 4.0 The Well `polymathic-ai/post_neutron_star_merger` Hugging Face repository at revision 721253cd, excluding floor-only scenarios 5 and 6. Fetched as xet-identity-checked HTTP byte ranges (468.1 MB of 8 × 14.1 GB HDF5 files) and written unchanged: 87,588,864 values, 350,355,456 bytes, 1,622,016 values per sample.	Already accepted.
noaa_cdr_sea_ice_concentration_u8	superseded		reports/8bit_new_domains_hunt_20260719_noaa_sea_ice.md	noaa_cdr_seaice_conc_nh_daily_u8	The 2026-07-19 staged draft for NOAA/NSIDC sea-ice concentration was never run; the autocollect pipeline accepted the same CDR material as noaa_cdr_seaice_conc_nh_daily_u8 with a larger bounded scope.	Use noaa_cdr_seaice_conc_nh_daily_u8 instead.
umich_nclt_velodyne_hdl32e_xyz_u16	accepted	datasets/umich_nclt_velodyne_hdl32e_xyz_u16/manifest.toml	reports/16bit_umich_nclt_velodyne_hdl32e_xyz_u16_development_20261008.md		Accepted 1,024 published ODbL 1.0/DbCL 1.0 UMich NCLT 2013-01-10 Velodyne HDL-32E velodyne_sync revolution files (every 5th of 5,120 in utime order, streamed from the pinned 2.93 GB session tarball) as native little-endian uint16 N×3 x,y,z point-code arrays (5 mm offset-binary lattice, motion-compensated Segway body frame), totaling 46,219,538 hits, 138,658,614 values and 277,317,228 bytes.	Already accepted.
ric_treadmill_running_marker_trajectories_f64	rejected		attempts/20261008_rejected_ric_treadmill_running_marker_trajectories_f64.md		byte-level breadth: every primary series is compression- and feature-equivalent to an existing family: running_marker_xyz_f64 ~ local:orex_ola_l2_lidar_point_xyz_f64:ola_l2_return_xyz_f64 (distance 0.0396, loss +0.006)	Retry only with material whose bytes differ measurably (zlsim.py gate) from the existing families.
zenodo_syke_ifcb_baltic_plankton_images_u8	rejected		attempts/20261008_rejected_zenodo_syke_ifcb_baltic_plankton_images_u8.md		The recipe builds and verifies (12,410 gray8 IFCB ROI images, 244 MB), but the zlsim breadth gate is WEAK: compression loss 0.0 and feature distance 0.0467 against the accepted zenodo_nordif_ebsd_kikuchi_patterns_u8 family.	Retry only if zlsim thresholds or the library are recalibrated so this material measures OK or STRONG against zenodo_nordif_ebsd_kikuchi_patterns_u8, or that family is removed; the staged recipe can be reused unchanged.
mdcath_protein_md_atomic_forces_f32	rejected		attempts/20261008_rejected_mdcath_protein_md_atomic_forces_f32.md		byte-level breadth: every primary series is compression- and feature-equivalent to an existing family: mdcath_348k_replica0_protein_atom_forces_f32 ~ downstream:gencast_transformer_attention_weight_f32 (distance 0.0256, loss +0.004)	Retry only with material whose bytes differ measurably (zlsim.py gate) from the existing families.
zenodo_pacbio_sequel_subread_ipd_codecv1_u8	accepted	datasets/zenodo_pacbio_sequel_subread_ipd_codecv1_u8/manifest.toml	reports/8bit_zenodo_pacbio_sequel_subread_ipd_codecv1_u8_development_20261008.md		Accepted 14,550 complete PacBio Sequel subread records, i.e. 139,127,891 instrument-native CodecV1 uint8 inter-pulse-duration codes from the BAM `ip` tag, taken from a pinned 256 MiB prefix of one CC BY 4.0 Veillonella parvula SMRT Cell subreads BAM (Zenodo 13306684).	Already accepted.
zenodo_mimii_valve_mic_array_i16	accepted	datasets/zenodo_mimii_valve_mic_array_i16/manifest.toml	reports/16bit_zenodo_mimii_valve_mic_array_i16_development_20261008.md		Accepted 160 complete CC BY-SA 4.0 Hitachi MIMII 6 dB SNR solenoid-valve 10-second WAV clips (Zenodo 3384388; 30 normal and 10 abnormal per product model id_00/02/04/06, range-fetched as deflate members of the 6.9 GB ZIP64 archive) as native little-endian int16 interleaved 8-channel TAMAGO-03 microphone-array frames, totaling 204,800,000 values and 409,600,000 bytes.	Already accepted.
bosch_cnc_milling_ciss_vibration_i16	accepted	datasets/bosch_cnc_milling_ciss_vibration_i16/manifest.toml	reports/16bit_bosch_cnc_milling_ciss_vibration_i16_development_20261008.md		Accepted all 1,163 machine M01/M02 runs of the CC BY 4.0 Bosch CNC_Machining dataset (pinned commit) as exact int16 (n,3) tri-axial 2 kHz CISS vibration samples (367.6M values, 735 MB); M03 is excluded only for the 1 GB cap.	Already accepted.
nihcc_chestxray14_frontal_radiograph_png_u8	rejected		attempts/20261008_rejected_nihcc_chestxray14_frontal_radiograph_png_u8.md		byte-level breadth: every primary series is compression- and feature-equivalent to an existing family: chestxray14_frontal_radiograph_u8 ~ local:nasa_pds_voyager_iss_saturn_raw_u8:vg2_issn_saturn_raw_dn_u8 (distance 0.0443, loss -0.045)	Retry only with material whose bytes differ measurably (zlsim.py gate) from the existing families.
zenodo_m3d_iwr6843_radar_adc_i16	accepted	datasets/zenodo_m3d_iwr6843_radar_adc_i16/manifest.toml	reports/16bit_zenodo_m3d_iwr6843_radar_adc_i16_development_20261008.md		Accepted 16 complete CC BY 4.0 TI IWR6843AOP DCA1000 raw-ADC captures from Zenodo record 22811456 (M3D Motion), all sharing one pinned chirp profile at 100 ms frames (48 or 64 loops), range-fetched as deflate members of the 3.71 GB ZIP and emitted with constant HSI headers removed as native little-endian int16 FMCW radar IF I/Q codes, totaling 368,640,000 values and 737,280,000 bytes.	Already accepted.
icon_ivm_a_l27_ion_drift_velocity_f64	accepted	datasets/icon_ivm_a_l27_ion_drift_velocity_f64/manifest.toml	reports/64bit_icon_ivm_a_l27_ion_drift_velocity_f64_development_20261008.md		Accepted 360 native little-endian float64 ICON IVM-A L2-7 v06 in-situ ion drift velocity samples (magnetic zonal, meridional and field-aligned components, m/s relative to corotation, 1 Hz, NaN fill dropped), one per (day, component) for 120 evenly spaced daily NetCDF4 files from 2019-11-22 to 2022-08-28, range-decoded (shuffle+deflate) from the NASA HelioCloud SPDF mirror under NASA's CC0 policy for NASA-led missions, totaling 27,929,904 values and 223,439,232 bytes.	Already accepted.
zenodo_epfl_loraiq_sf10_iq_frames_f32	accepted	datasets/zenodo_epfl_loraiq_sf10_iq_frames_f32/manifest.toml	reports/32bit_zenodo_epfl_loraiq_sf10_iq_frames_f32_development_20261008.md		Accepted 256 complete CC BY 4.0 native cf32_le SigMF recordings (89,624,782 float32 I/Q values), each holding one over-the-air LoRa SF10/BW 250 kHz UAV frame received by EPFL rooftop USRP-2920 radio heads, from LoRaIQ v1.0.0.	Already accepted.
zenodo_newcastle_geneactiv_wrist_accel_i16	accepted	datasets/zenodo_newcastle_geneactiv_wrist_accel_i16/manifest.toml	reports/16bit_zenodo_newcastle_geneactiv_wrist_accel_i16_development_20261008.md		Accepted 13 complete CC BY 4.0 left-wrist GENEActiv recordings from Zenodo record 1160410 v1.0 (Newcastle PSG+Accelerometer 2015 sleep-clinic participants, every second of the 26 single-night left-wrist files ≤100 MB; 85.7 Hz, ±8 g), decoded from the hex page format to native 12-bit two's-complement x,y,z accelerometer counts interleaved as little-endian int16, totaling 233,424,900 values (466,849,800 bytes); headers, light/button bits and page metadata are not emitted.	Already accepted.
tumvi_euroc_1024_cam_frames_u16	accepted	datasets/tumvi_euroc_1024_cam_frames_u16/manifest.toml	reports/16bit_tumvi_euroc_1024_cam_frames_u16_development_20261008.md		Accepted 224 complete CC BY 4.0 native-uint16 1024x1024 TUM VI cam1 (IDS uEye global-shutter fisheye) grayscale frames, 8 pinned per sequence from byte-range prefixes of all 28 EuRoC-export 1024_16 sequence tars, with 12-bit sensor codes kept MSB-aligned as published (469,762,048 bytes).	Already accepted.
mbari_mars_hydrophone_hmd_psd_f32	accepted	datasets/mbari_mars_hydrophone_hmd_psd_f32/manifest.toml	reports/32bit_mbari_mars_hydrophone_hmd_psd_f32_development_20261008.md		Accepted 36 whole-day native little-endian float32 MBARI MARS cabled-observatory hydrophone hybrid-millidecade sound pressure spectral density matrices (1440 one-minute spectra x 2787 bands, 10 Hz-99.9 kHz, dB re 1 uPa^2/Hz, PyPAM v0.2.0), evenly spread over 2017-07..2023-07, 144,478,080 values under the per-file CC BY 4.0 grant.	Already accepted.
icon_mighti_l22_thermospheric_vector_wind_f64	rejected		attempts/20261008_rejected_icon_mighti_l22_thermospheric_vector_wind_f64.md		byte-level breadth: every primary series is compression- and feature-equivalent to an existing family: icon_mighti_l22_green_zonal_wind_f64 ~ local:orex_ola_l2_lidar_point_xyz_f64:ola_l2_return_xyz_f64 (distance 0.0437, loss +0.009); icon_mighti_l22_green_meridional_wind_f64 ~ local:icon_ivm_a_l27_ion_drift_velocity_f64:ivm_a_ion_drift_velocity_f64 (distance 0.0399, loss +0.008)	Retry only with material whose bytes differ measurably (zlsim.py gate) from the existing families.
umbra_spotlight_sicd_complex_slc_f32	accepted	datasets/umbra_spotlight_sicd_complex_slc_f32/manifest.toml	reports/32bit_umbra_spotlight_sicd_complex_slc_f32_development_20261008.md		Accepted 10 complete CC BY 4.0 Umbra Open Data X-band VV spotlight SICD 1.2.1 complex single-look images (Umbra-04/05/06, 2023, Umbra Image Formation processor 0.6.x, PFA). Each is emitted whole as its native RE32F_IM32F interleaved I/Q pixel array, byteswapped to little-endian float32: 244,426,250 values (977,705,000 bytes), with the native outside-ValidData leakage wedge kept and documented.	Already accepted.
tumvie_prophesee_gen4_events_xy_u16	accepted	datasets/tumvie_prophesee_gen4_events_xy_u16/manifest.toml	reports/16bit_tumvie_prophesee_gen4_events_xy_u16_development_20261008.md		Accepted 42 CC BY 4.0 native-uint16 TUM-VIE left Prophesee Gen4 HD (1280x720) event-camera pixel-address samples (x column and y row), one mid-stream window of 4,194,304 consecutive events from each of the 21 non-calibration sequences, decoded from byte-ranged HDF5 Blosc/ZSTD chunks (352,321,536 bytes).	Already accepted.
zenodo_starlink_irtt_rtt_i32	accepted	datasets/zenodo_starlink_irtt_rtt_i32/manifest.toml	reports/32bit_zenodo_starlink_irtt_rtt_i32_development_20261008.md		Accepted 1,432 native little-endian int32 nanosecond IRTT per-probe delay samples: the round-trip time and the NTP-synced one-way receive delay for each of the 716 two-minute 10 ms UDP-probe sessions of the whole CC BY 4.0 Zenodo record 10020034 (residential Starlink, Victoria BC dish, Seattle PoP, GCP us-west1-a, 2023-09-13..17), totaling 16,563,890 values (66,255,560 bytes); the near-duplicate send delay (≈ rtt − receive) is omitted.	Already accepted.
gracefo_l1b_ach1b_transplant_accelerometer_f64	accepted	datasets/gracefo_l1b_ach1b_transplant_accelerometer_f64/manifest.toml	reports/64bit_gracefo_l1b_ach1b_transplant_accelerometer_f64_development_20261008.md		Accepted 97 complete GRACE D UTC days of JPL GRACE-FO Level-1B RL04 hybrid-transplant accelerometer ACH1B 1 Hz linear accelerations (lin_accl_x/y/z, m/s^2, science reference frame; NASA-led mission data, CC0 per NASA Earthdata) as native little-endian float64 [86400, 3]. The days are every 12th day of the uniform ACX2 tarball line, 2023-01-01..2026-06-28, every file built from ACH1A with one software build. Total 25,142,400 values (201,139,200 B) from 617,255,766 downloaded bytes.	Already accepted.
tcia_remind_intraop_brain_ultrasound_u8	rejected		attempts/20261008_rejected_tcia_remind_intraop_brain_ultrasound_u8.md		byte-level breadth: every primary series is compression- and feature-equivalent to an existing family: remind_us_pre_dura_volume_u8 ~ local:covertype_uci:cov_col_23 (distance 0.0, loss +0.000)	Retry only with material whose bytes differ measurably (zlsim.py gate) from the existing families.
