kind	key	filename	size_bytes	md5	sha256	last_modified	url
axon_consensus	tracings/tracing_complete/2014-06-24/G-002/consensus.swc	2014-06-24__G-002__consensus.swc	141644	088332eda3ef9f3c9e7038addcae8cfe	e9a952912a6383a1c0e5566b922e70cde9bdcc5261e2958a30cc6f58ca5f75c6	2021-12-02T18:42:24.000Z	https://janelia-mouselight-imagery.s3.amazonaws.com/tracings/tracing_complete/2014-06-24/G-002/consensus.swc
axon_consensus	tracings/tracing_complete/2014-06-24/G-009/consensus.swc	2014-06-24__G-009__consensus.swc	433954	d2c029afd3e0722d8b57fa58ad0fd821	db722c321a1494d6a9acfb387463ad95c93bf9735e06eb55dd29c76080facf5f	2021-12-02T18:42:24.000Z	https://janelia-mouselight-imagery.s3.amazonaws.com/tracings/tracing_complete/2014-06-24/G-009/consensus.swc
axon_consensus	tracings/tracing_complete/2014-06-24/G-012/consensus.swc	2014-06-24__G-012__consensus.swc	510890	bdd8b709d434c01447917abeaa0cb58b	b7e2fcb294a303bdd53936d240f1ade146801d4f6e95b7b4fa2451a2209eea98	2021-12-02T18:42:24.000Z	https://janelia-mouselight-imagery.s3.amazonaws.com/tracings/tracing_complete/2014-06-24/G-012/consensus.swc
axon_consensus	tracings/tracing_complete/2014-06-24/G-015/consensus.swc	2014-06-24__G-015__consensus.swc	121364	671644f9395a3d2d21124780b22bcb2c	d85413ea72cd3521c60be6735f4cf35f7e40edd8488d7a38e1ba300326386bfc	2021-12-02T18:42:24.000Z	https://janelia-mouselight-imagery.s3.amazonaws.com/tracings/tracing_complete/2014-06-24/G-015/consensus.swc
axon_consensus	tracings/tracing_complete/2015-06-19/G-006/consensus.swc	2015-06-19__G-006__consensus.swc	724484	d4acef737f6e29e9468ba7dfa793be3d	319b48633957523215267466ef69245f211d0a09480e87926a21dfdaaf6703ac	2021-12-02T18:42:24.000Z	https://janelia-mouselight-imagery.s3.amazonaws.com/tracings/tracing_complete/2015-06-19/G-006/consensus.swc
axon_consensus	tracings/tracing_complete/2015-06-19/G-007/consensus.swc	2015-06-19__G-007__consensus.swc	189178	1c0e497b01dbfb04c917050aa682f277	06f1c01e00f2df32330a8ede857ad8a9d56ab21bf126aed8f26ae8fe7d6edf43	2021-12-02T18:42:24.000Z	https://janelia-mouselight-imagery.s3.amazonaws.com/tracings/tracing_complete/2015-06-19/G-007/consensus.swc
axon_consensus	tracings/tracing_complete/2015-06-19/G-012/consensus.swc	2015-06-19__G-012__consensus.swc	197811	16bf266206f3baf3c8669382775844a9	734d2e32f63de4ff72bcb0af4455e9f047412c674d9b36f38652f14572b5748f	2021-12-02T18:42:24.000Z	https://janelia-mouselight-imagery.s3.amazonaws.com/tracings/tracing_complete/2015-06-19/G-012/consensus.swc
axon_consensus	tracings/tracing_complete/2015-07-11/G-007/consensus.swc	2015-07-11__G-007__consensus.swc	301447	bc86d3f6fbcb949e2610ef6c58f5ab9c	e9a29b76cc50014dcb7a30053750de72ca1d9a73a7608dafbae483b5710f7488	2021-12-02T18:42:28.000Z	https://janelia-mouselight-imagery.s3.amazonaws.com/tracings/tracing_complete/2015-07-11/G-007/consensus.swc
axon_consensus	tracings/tracing_complete/2015-07-11/G-013/consensus.swc	2015-07-11__G-013__consensus.swc	152879	773f9387b707d53e7f3accb1dd388e60	bfbd6827bc3289c12e64410c19a8995baecb473a95e462ac2584ee4bbba937a5	2021-12-02T18:42:28.000Z	https://janelia-mouselight-imagery.s3.amazonaws.com/tracings/tracing_complete/2015-07-11/G-013/consensus.swc
axon_consensus	tracings/tracing_complete/2015-07-11/R-002/consensus.swc	2015-07-11__R-002__consensus.swc	351632	5b4d337feaba7d03a602f775c1e75658	4dad9fa5da20552a0d0e748e959cbb4bbd30f9db9d75613ee4f6e1e031d150fa	2021-12-02T18:42:29.000Z	https://janelia-mouselight-imagery.s3.amazonaws.com/tracings/tracing_complete/2015-07-11/R-002/consensus.swc
axon_consensus	tracings/tracing_complete/2015-07-11/R-005/consensus.swc	2015-07-11__R-005__consensus.swc	266374	041f54e2cafe6f77ca6f65f618735b1b	9c45438b9468591e07b4c5cb55967b45e3bcd90e7de7881d0899ebdec028d212	2021-12-02T18:42:29.000Z	https://janelia-mouselight-imagery.s3.amazonaws.com/tracings/tracing_complete/2015-07-11/R-005/consensus.swc
axon_consensus	tracings/tracing_complete/2016-04-04/G-001/consensus.swc	2016-04-04__G-001__consensus.swc	406470	1080fa287e080822da8bfffed9a46dc9	e9e3ba3f625bb6c95542c908b372b064c9f34b5c891138e6d8c4637ece137bd5	2021-12-02T18:42:20.000Z	https://janelia-mouselight-imagery.s3.amazonaws.com/tracings/tracing_complete/2016-04-04/G-001/consensus.swc
axon_consensus	tracings/tracing_complete/2016-04-04/G-004/consensus.swc	2016-04-04__G-004__consensus.swc	238868	2387aab31b17becf5b83a871f0d33517	d17abe46cba1c783f783e83543d8b2a415582a325e8fdd282c7a1f38b413927c	2021-12-02T18:42:20.000Z	https://janelia-mouselight-imagery.s3.amazonaws.com/tracings/tracing_complete/2016-04-04/G-004/consensus.swc
axon_consensus	tracings/tracing_complete/2016-04-04/R-008/consensus.swc	2016-04-04__R-008__consensus.swc	91050	3992d10e07fb0bd264ad069aa42ec210	7f38fe7916381d65c47c298b585f542ac021f07739059739713b1b12f2587817	2021-12-02T18:42:20.000Z	https://janelia-mouselight-imagery.s3.amazonaws.com/tracings/tracing_complete/2016-04-04/R-008/consensus.swc
axon_consensus	tracings/tracing_complete/2016-04-04/R-012/consensus.swc	2016-04-04__R-012__consensus.swc	291183	3ac96ae0ee76c74d1193b5aa9a7040ca	b67ba8fab76f720a34f8c9dd346d26e4074fce8a043b99c1f752134ad0cb365f	2021-12-02T18:42:20.000Z	https://janelia-mouselight-imagery.s3.amazonaws.com/tracings/tracing_complete/2016-04-04/R-012/consensus.swc
axon_consensus	tracings/tracing_complete/2016-07-18/G-003/consensus.swc	2016-07-18__G-003__consensus.swc	63723	c07a86e0c523c931119ad3b7e098a505	0459626119deb91c4c85949bf9cea5c49ed668a2f53d0170157385703c9c49b0	2021-12-02T18:42:41.000Z	https://janelia-mouselight-imagery.s3.amazonaws.com/tracings/tracing_complete/2016-07-18/G-003/consensus.swc
axon_consensus	tracings/tracing_complete/2016-07-18/G-006/consensus.swc	2016-07-18__G-006__consensus.swc	162886	ca29ddba574e81f4ec7e1dbaf65248eb	25857833f631daf07a6f23d42b97eeed828d28f8a28b9c560b68c96fdee8a428	2021-12-02T18:42:41.000Z	https://janelia-mouselight-imagery.s3.amazonaws.com/tracings/tracing_complete/2016-07-18/G-006/consensus.swc
axon_consensus	tracings/tracing_complete/2016-07-18/G-018/consensus.swc	2016-07-18__G-018__consensus.swc	328582	bd795d529ebd5a31fa13148b9267fd2e	93b8bf8e9537353053b90e5744331b60d451f9185e62a86372d69382e177c5a8	2021-12-02T18:42:41.000Z	https://janelia-mouselight-imagery.s3.amazonaws.com/tracings/tracing_complete/2016-07-18/G-018/consensus.swc
axon_consensus	tracings/tracing_complete/2016-10-25/G-014/consensus.swc	2016-10-25__G-014__consensus.swc	136271	fa0b5234bc744f48e562ea238afddfbf	a36fde2b2f948184a15985f945ea4cd698072d8bb68159913d051cc4be8383f8	2021-12-02T18:42:42.000Z	https://janelia-mouselight-imagery.s3.amazonaws.com/tracings/tracing_complete/2016-10-25/G-014/consensus.swc
axon_consensus	tracings/tracing_complete/2016-10-25/G-015/consensus.swc	2016-10-25__G-015__consensus.swc	211763	114581e64174a194d1a02a7ddcf9f5a6	78f49b3ab64f1d659264989707dd4163d57e80e6624048617a4d882a203c2cbf	2021-12-02T18:42:42.000Z	https://janelia-mouselight-imagery.s3.amazonaws.com/tracings/tracing_complete/2016-10-25/G-015/consensus.swc
axon_consensus	tracings/tracing_complete/2016-10-25/G-032/consensus.swc	2016-10-25__G-032__consensus.swc	334495	992bc837d13f736c0076051c2e7be0e1	45984ece5b5e4ea8339fdfa8a64c9d3d498f2545eb47f0e8a7d4760bc29d9e36	2021-12-02T18:42:43.000Z	https://janelia-mouselight-imagery.s3.amazonaws.com/tracings/tracing_complete/2016-10-25/G-032/consensus.swc
axon_consensus	tracings/tracing_complete/2016-10-25/G-034/consensus.swc	2016-10-25__G-034__consensus.swc	386325	86467f3dfc4ee11419e98aa4e4122e88	fea067cfe62e73ff249174914ddf52c6e605edfb0265684b07c62be921a0c430	2021-12-02T18:42:43.000Z	https://janelia-mouselight-imagery.s3.amazonaws.com/tracings/tracing_complete/2016-10-25/G-034/consensus.swc
axon_consensus	tracings/tracing_complete/2016-10-31/G-002/consensus.swc	2016-10-31__G-002__consensus.swc	139413	204b4f224a25f48ad2ec6079d4d17836	ff7206ec90fd19e110ef6f30bb1572d0901ad05a7d4e0491639c83342070f5aa	2021-12-02T18:42:41.000Z	https://janelia-mouselight-imagery.s3.amazonaws.com/tracings/tracing_complete/2016-10-31/G-002/consensus.swc
axon_consensus	tracings/tracing_complete/2016-10-31/G-009/consensus.swc	2016-10-31__G-009__consensus.swc	184558	fde89db80327e9bdee90c672e97828bb	7ded40b2c15f72edff32855116314c73c75aa12a7899ddf7ee73a1d4036eefc5	2021-12-02T18:42:41.000Z	https://janelia-mouselight-imagery.s3.amazonaws.com/tracings/tracing_complete/2016-10-31/G-009/consensus.swc
axon_consensus	tracings/tracing_complete/2016-10-31/R-005/consensus.swc	2016-10-31__R-005__consensus.swc	462750	f687b9865db60eca899577ada4e4f471	54f957a5920b36a4344aede265f16996dc70f0afd291b296a3fe0a9d380f5778	2021-12-02T18:42:42.000Z	https://janelia-mouselight-imagery.s3.amazonaws.com/tracings/tracing_complete/2016-10-31/R-005/consensus.swc
axon_consensus	tracings/tracing_complete/2016-10-31/R-019/consensus.swc	2016-10-31__R-019__consensus.swc	53491	be0a61ad1c41e3ea15a0ec6ad500176f	f61ed8f7f64305ee3f4d6d07f5cc022179a20106db07801fea938c379890bb3c	2021-12-02T18:42:42.000Z	https://janelia-mouselight-imagery.s3.amazonaws.com/tracings/tracing_complete/2016-10-31/R-019/consensus.swc
axon_consensus	tracings/tracing_complete/2016-10-31/R-023/consensus.swc	2016-10-31__R-023__consensus.swc	87454	62d10110ea7431e3595a7b24007d5ce5	ce9a0b55ab4bf495ba8f44435791aa2786e66d16b560a85fbaec266dd1655e22	2021-12-02T18:42:42.000Z	https://janelia-mouselight-imagery.s3.amazonaws.com/tracings/tracing_complete/2016-10-31/R-023/consensus.swc
axon_consensus	tracings/tracing_complete/2017-01-15/G-004/consensus.swc	2017-01-15__G-004__consensus.swc	106693	09c6c1e1bd8fabc51f08d033a0d0bae4	41eca7947fa585031fc86f678d5d32d8562ab2a7825035c78e2ed2e6b227eb65	2021-12-02T18:42:40.000Z	https://janelia-mouselight-imagery.s3.amazonaws.com/tracings/tracing_complete/2017-01-15/G-004/consensus.swc
axon_consensus	tracings/tracing_complete/2017-01-15/G-005/consensus.swc	2017-01-15__G-005__consensus.swc	123945	7fda77867752aaa91be529b5c3e0e963	9337f21e7e3f07e0d3c046ea0032654af8ec03a5a3084594cfb618f4d120100c	2021-12-02T18:42:40.000Z	https://janelia-mouselight-imagery.s3.amazonaws.com/tracings/tracing_complete/2017-01-15/G-005/consensus.swc
axon_consensus	tracings/tracing_complete/2017-01-15/G-015/consensus.swc	2017-01-15__G-015__consensus.swc	95978	7eef6684d65c58f353e345b7db8aca44	eef479fe99564040ce55e2e2d7770c69defaf2437148d907069fe8f5f69ad1f3	2021-12-02T18:42:40.000Z	https://janelia-mouselight-imagery.s3.amazonaws.com/tracings/tracing_complete/2017-01-15/G-015/consensus.swc
axon_consensus	tracings/tracing_complete/2017-01-15/G-017/consensus.swc	2017-01-15__G-017__consensus.swc	135575	9160d4033f5ff6accb8bd7c0f9b09611	0331ec0c73b76d012e2ae532bd1bef346a30cab2f3538828a91c8ce5554ae4e6	2021-12-02T18:42:40.000Z	https://janelia-mouselight-imagery.s3.amazonaws.com/tracings/tracing_complete/2017-01-15/G-017/consensus.swc
axon_consensus	tracings/tracing_complete/2017-01-15/G-024/consensus.swc	2017-01-15__G-024__consensus.swc	68373	49db1258148fba115e6e3aa1e0ee1991	25c5faaf8caacc0343d91505230e1e8e2004ebad1cfe3551185369b19bbf0f9a	2021-12-02T18:42:40.000Z	https://janelia-mouselight-imagery.s3.amazonaws.com/tracings/tracing_complete/2017-01-15/G-024/consensus.swc
axon_consensus	tracings/tracing_complete/2017-02-22/G-011/consensus.swc	2017-02-22__G-011__consensus.swc	56472	d9490c29d277c29a9b63c49762594c65	507fb4b772faeed0a9b402685daa5731c72c42b8d8ba9a52fd7e7797133a1604	2021-12-02T18:42:40.000Z	https://janelia-mouselight-imagery.s3.amazonaws.com/tracings/tracing_complete/2017-02-22/G-011/consensus.swc
axon_consensus	tracings/tracing_complete/2017-04-19/G-023/consensus.swc	2017-04-19__G-023__consensus.swc	69516	b4ba87e0e8a8de0c30884930f7bd2371	a2b6948c5f7568ae9007e5ca3252f7625c0edd040ce48f2bffc333d7aec144b8	2021-12-02T18:42:43.000Z	https://janelia-mouselight-imagery.s3.amazonaws.com/tracings/tracing_complete/2017-04-19/G-023/consensus.swc
axon_consensus	tracings/tracing_complete/2017-05-04/G-021/consensus.swc	2017-05-04__G-021__consensus.swc	59705	844ab9da96e6e49069925cfa9f577242	546f14662ee4276d0a6f68d38c15d11e3b7cbf6beb98d47b7a44fe508cf9396d	2021-12-02T18:42:42.000Z	https://janelia-mouselight-imagery.s3.amazonaws.com/tracings/tracing_complete/2017-05-04/G-021/consensus.swc
axon_consensus	tracings/tracing_complete/2017-05-04/G-031/consensus.swc	2017-05-04__G-031__consensus.swc	54499	25af1f366b96a1719b311316e0e68ca5	571a0d038f630a03029e93db97d72eeff054975370670ccc2e765b9d00629788	2021-12-02T18:42:42.000Z	https://janelia-mouselight-imagery.s3.amazonaws.com/tracings/tracing_complete/2017-05-04/G-031/consensus.swc
axon_consensus	tracings/tracing_complete/2017-05-04/G-034/consensus.swc	2017-05-04__G-034__consensus.swc	472361	76443027e4221935e64a1860dbeb63d0	6081510f5537aabd7496990b0535bd2db81ee41b5bad30ed916c28970359e9ed	2021-12-02T18:42:42.000Z	https://janelia-mouselight-imagery.s3.amazonaws.com/tracings/tracing_complete/2017-05-04/G-034/consensus.swc
axon_consensus	tracings/tracing_complete/2017-05-04/G-054/consensus.swc	2017-05-04__G-054__consensus.swc	389460	ed33ba52d693cf9407edce731118d5c7	59031d52729c055bc9390066cf684d47f09499fcc7ae32215243cb4fe15ae647	2021-12-02T18:42:43.000Z	https://janelia-mouselight-imagery.s3.amazonaws.com/tracings/tracing_complete/2017-05-04/G-054/consensus.swc
axon_consensus	tracings/tracing_complete/2017-05-04/G-055/consensus.swc	2017-05-04__G-055__consensus.swc	125288	2b223e76f10dc68d8ac6585942bad935	f8e3fbd8a1091d4860782d4699a520b8bef79278304e8d6026d45567f7618ee1	2021-12-02T18:42:43.000Z	https://janelia-mouselight-imagery.s3.amazonaws.com/tracings/tracing_complete/2017-05-04/G-055/consensus.swc
axon_consensus	tracings/tracing_complete/2017-05-04/G-057/consensus.swc	2017-05-04__G-057__consensus.swc	66651	98d91e04b04152164017ce375859a3a8	e565f9a1dcf1596de84569c27e0cdb0924e278992cdb968e2fa4e94607b2e7ba	2021-12-02T18:42:43.000Z	https://janelia-mouselight-imagery.s3.amazonaws.com/tracings/tracing_complete/2017-05-04/G-057/consensus.swc
axon_consensus	tracings/tracing_complete/2017-05-04/G-067/consensus.swc	2017-05-04__G-067__consensus.swc	427516	143c2198ae4dd0e9c47b9cfd80ab86a5	e38e103ba18232fb4a54aff7f51c987d9e793703c915515ca2eb776512e74d02	2021-12-02T18:42:43.000Z	https://janelia-mouselight-imagery.s3.amazonaws.com/tracings/tracing_complete/2017-05-04/G-067/consensus.swc
axon_consensus	tracings/tracing_complete/2017-06-10/G-009/consensus.swc	2017-06-10__G-009__consensus.swc	76260	2b82e209cec557fc95a92c7c985007dd	e7043349e7cffaecfb6ec108d22e3c65a60618429f742dd9aad4d89d8ae31bd5	2021-12-02T18:42:40.000Z	https://janelia-mouselight-imagery.s3.amazonaws.com/tracings/tracing_complete/2017-06-10/G-009/consensus.swc
axon_consensus	tracings/tracing_complete/2017-06-10/G-010/consensus.swc	2017-06-10__G-010__consensus.swc	193319	39e0bfbf5e860f69a2927e3b2bd2dc2b	b8e111e0c4031fccdcc3a901872178ba46a0df53e5830d0738a3635675f57b68	2021-12-02T18:42:40.000Z	https://janelia-mouselight-imagery.s3.amazonaws.com/tracings/tracing_complete/2017-06-10/G-010/consensus.swc
axon_consensus	tracings/tracing_complete/2017-06-10/G-024/consensus.swc	2017-06-10__G-024__consensus.swc	161534	fcc7cd369fb500675dde6b2fe819902f	55ab2befd4986b1f7b0ca7e423c0370d06fd95edaea083ed2d67986058c5cdda	2021-12-02T18:42:40.000Z	https://janelia-mouselight-imagery.s3.amazonaws.com/tracings/tracing_complete/2017-06-10/G-024/consensus.swc
axon_consensus	tracings/tracing_complete/2017-06-28/G-005/consensus.swc	2017-06-28__G-005__consensus.swc	121882	c82e951cd71d8139da33a913592a45e8	4838a9e1b4ed9e5bd2a605b30e4b4d811b8b87c07b54f2b4be6bc10f601e85c9	2021-12-02T18:42:40.000Z	https://janelia-mouselight-imagery.s3.amazonaws.com/tracings/tracing_complete/2017-06-28/G-005/consensus.swc
axon_consensus	tracings/tracing_complete/2017-06-28/G-026/consensus.swc	2017-06-28__G-026__consensus.swc	1816973	4799e16eb11306beff63c7f09d51f7f5	16c49c50b669b38b59a069d30c42f6e369f8925d416ebbaa2c6b7d18f61029bc	2021-12-02T18:42:41.000Z	https://janelia-mouselight-imagery.s3.amazonaws.com/tracings/tracing_complete/2017-06-28/G-026/consensus.swc
axon_consensus	tracings/tracing_complete/2017-06-28/G-030/consensus.swc	2017-06-28__G-030__consensus.swc	272867	14c06b70ff3c6540135c476f14d59369	8f7fbd00e5a45c6ade6b3a6a44802fb04add8fcc0a055bb30a636cdbddadc44f	2021-12-02T18:42:41.000Z	https://janelia-mouselight-imagery.s3.amazonaws.com/tracings/tracing_complete/2017-06-28/G-030/consensus.swc
axon_consensus	tracings/tracing_complete/2017-06-28/G-041/consensus.swc	2017-06-28__G-041__consensus.swc	954931	9a41e84f242605ce4e5505a934fb78f1	06cd827061d5a97b724c09bd33e45dcd86200bd11a171a983de0ee7bff884034	2021-12-02T18:42:41.000Z	https://janelia-mouselight-imagery.s3.amazonaws.com/tracings/tracing_complete/2017-06-28/G-041/consensus.swc
axon_consensus	tracings/tracing_complete/2017-06-28/G-047/consensus.swc	2017-06-28__G-047__consensus.swc	477298	487ed371c751a52f7e48832b1513d707	8530909cdd89ddff3cbe7996d987a174c2a97fc0a1718560a807820e67351c53	2021-12-02T18:42:41.000Z	https://janelia-mouselight-imagery.s3.amazonaws.com/tracings/tracing_complete/2017-06-28/G-047/consensus.swc
axon_consensus	tracings/tracing_complete/2017-06-28/G-051/consensus.swc	2017-06-28__G-051__consensus.swc	63346	694c01cda784b5e46e06c7d42a89e3c9	ff790b2fb98969a1ed2374c17d0ba2c131923311c9248a9973be256a5782f4e8	2021-12-02T18:42:42.000Z	https://janelia-mouselight-imagery.s3.amazonaws.com/tracings/tracing_complete/2017-06-28/G-051/consensus.swc
axon_consensus	tracings/tracing_complete/2017-06-28/G-063/consensus.swc	2017-06-28__G-063__consensus.swc	344377	c3faef79ba2927d0550ae0d3b5e91671	9da1e78b09c56210118918d84ccca0d63b8230e9c0eddb8f8a2cb941011ab009	2021-12-02T18:42:42.000Z	https://janelia-mouselight-imagery.s3.amazonaws.com/tracings/tracing_complete/2017-06-28/G-063/consensus.swc
axon_consensus	tracings/tracing_complete/2017-06-28/G-067/consensus.swc	2017-06-28__G-067__consensus.swc	258487	1837333b6abb260a90d98d2536c25158	6805cea4e0ef281af2b9bdf2512659644bfae0a8cff9efeaf50eb5ff9cfec927	2021-12-02T18:42:42.000Z	https://janelia-mouselight-imagery.s3.amazonaws.com/tracings/tracing_complete/2017-06-28/G-067/consensus.swc
axon_consensus	tracings/tracing_complete/2017-09-11/G-004/consensus.swc	2017-09-11__G-004__consensus.swc	79274	fdef6a8c4ac87709d19a2289a8275029	8cb071d3b2a96cba7fa6a7ea523ead95e6486ef71343112b1d9f2ed2bafe919d	2021-12-02T18:42:38.000Z	https://janelia-mouselight-imagery.s3.amazonaws.com/tracings/tracing_complete/2017-09-11/G-004/consensus.swc
axon_consensus	tracings/tracing_complete/2017-09-11/G-024/consensus.swc	2017-09-11__G-024__consensus.swc	145348	bf1db055bbab10a342c12cb620ac0d51	e8e734312e9fd9d9096e6e7d744c7fa165d028bb375c9e9013590a52c15871c0	2021-12-02T18:42:38.000Z	https://janelia-mouselight-imagery.s3.amazonaws.com/tracings/tracing_complete/2017-09-11/G-024/consensus.swc
axon_consensus	tracings/tracing_complete/2017-09-11/G-040/consensus.swc	2017-09-11__G-040__consensus.swc	337985	4c80883a47d967b4063a9afee744b8e5	7ab403c96ac3c003feb7ddc6882bab0de05aa9bd78656398473b4cd8e377159b	2021-12-02T18:42:39.000Z	https://janelia-mouselight-imagery.s3.amazonaws.com/tracings/tracing_complete/2017-09-11/G-040/consensus.swc
axon_consensus	tracings/tracing_complete/2017-09-19/R-001/consensus.swc	2017-09-19__R-001__consensus.swc	159628	c6efe0f3c41066445570542621d1a956	601acb54f22afdcc94a4abad9337a57203629f1d27e332b6ce447f885d7a514e	2021-12-02T18:42:37.000Z	https://janelia-mouselight-imagery.s3.amazonaws.com/tracings/tracing_complete/2017-09-19/R-001/consensus.swc
axon_consensus	tracings/tracing_complete/2017-09-19/R-016/consensus.swc	2017-09-19__R-016__consensus.swc	230282	9bd8b805ce25d0b33945d74c8a281e4c	6c0da50f5f08f4163acd4d8d01365a4930e58a5979d6b1ba0f9b351a9cdb550a	2021-12-02T18:42:38.000Z	https://janelia-mouselight-imagery.s3.amazonaws.com/tracings/tracing_complete/2017-09-19/R-016/consensus.swc
axon_consensus	tracings/tracing_complete/2017-09-19/R-039/consensus.swc	2017-09-19__R-039__consensus.swc	249511	8793bb49294084678fb25ba4dd1ff718	5b131df271343d26a42a390328e00553e7c1739da81424997bf60ffbb179fc96	2021-12-02T18:42:40.000Z	https://janelia-mouselight-imagery.s3.amazonaws.com/tracings/tracing_complete/2017-09-19/R-039/consensus.swc
axon_consensus	tracings/tracing_complete/2017-09-25/G-028/consensus.swc	2017-09-25__G-028__consensus.swc	256681	3d1a7d27c2ab4648160e4cad44cbb154	794709ff08038ea384194b7ae3b9063daafff020936bf26ad0158ea4399dc22a	2021-12-02T18:42:39.000Z	https://janelia-mouselight-imagery.s3.amazonaws.com/tracings/tracing_complete/2017-09-25/G-028/consensus.swc
axon_consensus	tracings/tracing_complete/2017-09-25/G-032/consensus.swc	2017-09-25__G-032__consensus.swc	642208	515ace6bdc43a13444c7270c3e47d27c	51259c58b57d57a144f84b90f36207c46c5f47d41f895fc6b7c3244b2637c184	2021-12-02T18:42:39.000Z	https://janelia-mouselight-imagery.s3.amazonaws.com/tracings/tracing_complete/2017-09-25/G-032/consensus.swc
axon_consensus	tracings/tracing_complete/2017-09-25/G-036/consensus.swc	2017-09-25__G-036__consensus.swc	450253	a40f4fb5951691fe96cef04769cc98d1	65529c2890240355dbab444a540eafd6247375f17973ef8c199c4ca76e455a2f	2021-12-02T18:42:40.000Z	https://janelia-mouselight-imagery.s3.amazonaws.com/tracings/tracing_complete/2017-09-25/G-036/consensus.swc
axon_consensus	tracings/tracing_complete/2017-09-25/G-041/consensus.swc	2017-09-25__G-041__consensus.swc	379573	4d5dd9e03a926263be693d7d10131db7	0ace25df3aa796847a30fff51b5d9cb3196dc175ab7dfcf135aff911ad3e35d5	2021-12-02T18:42:40.000Z	https://janelia-mouselight-imagery.s3.amazonaws.com/tracings/tracing_complete/2017-09-25/G-041/consensus.swc
axon_consensus	tracings/tracing_complete/2017-09-25/G-059/consensus.swc	2017-09-25__G-059__consensus.swc	149645	98704608d4f5e844cc4151a8e341b475	d0b0abe7db04ef8c9fa2e5be543f307a223cd9c1c6df1801dfa2150ed319455f	2021-12-02T18:42:40.000Z	https://janelia-mouselight-imagery.s3.amazonaws.com/tracings/tracing_complete/2017-09-25/G-059/consensus.swc
axon_consensus	tracings/tracing_complete/2017-10-31/G-004/consensus.swc	2017-10-31__G-004__consensus.swc	137965	fc49fc7cf4c951be70a7ab5955efa398	682ed1f5a3d60d0d7ee2a7c29a181b5d4b6e9f5aca7f04d55197c5dd7b33635e	2021-12-02T18:42:45.000Z	https://janelia-mouselight-imagery.s3.amazonaws.com/tracings/tracing_complete/2017-10-31/G-004/consensus.swc
axon_consensus	tracings/tracing_complete/2017-10-31/G-010/consensus.swc	2017-10-31__G-010__consensus.swc	93809	28b22b3300d476c66eea3fb5bca256ec	2fd9db53a0ceda814664ac3ac9c46288e63c98eb1aa4e298232d6939f0a37cdb	2021-12-02T18:42:45.000Z	https://janelia-mouselight-imagery.s3.amazonaws.com/tracings/tracing_complete/2017-10-31/G-010/consensus.swc
axon_consensus	tracings/tracing_complete/2017-10-31/G-013/consensus.swc	2017-10-31__G-013__consensus.swc	71599	4b4adc9972df8a2ecffa2faa601ae31a	a3b214134d651957fea5fe04a2f7257d6d8fdc274cb918e2f88964aa92c94481	2021-12-02T18:42:46.000Z	https://janelia-mouselight-imagery.s3.amazonaws.com/tracings/tracing_complete/2017-10-31/G-013/consensus.swc
axon_consensus	tracings/tracing_complete/2017-11-17/G-029/consensus.swc	2017-11-17__G-029__consensus.swc	104996	b30449f5ba1f7c3d61df983fc71ff3a8	698882b84262e0d46fd898377fa5b5c3203f6d4c5f62df0f8b6c9d229e4363f9	2021-12-02T18:42:47.000Z	https://janelia-mouselight-imagery.s3.amazonaws.com/tracings/tracing_complete/2017-11-17/G-029/consensus.swc
axon_consensus	tracings/tracing_complete/2017-11-17/G-038/consensus.swc	2017-11-17__G-038__consensus.swc	225440	99337e7ac6183ca654dd7c36b9951d8c	326202ed8284292a5afb93583535b51e920ac1cf4551c1cd7f0937a19ccc8571	2021-12-02T18:42:47.000Z	https://janelia-mouselight-imagery.s3.amazonaws.com/tracings/tracing_complete/2017-11-17/G-038/consensus.swc
axon_consensus	tracings/tracing_complete/2017-11-17/G-048/consensus.swc	2017-11-17__G-048__consensus.swc	362223	7cfbbfc5a22668a311f6d2d99e77b845	ba439dca90d0d5d3e976ee82a2b3ffa2e81be30374fb958815b1777372852b9b	2021-12-02T18:42:48.000Z	https://janelia-mouselight-imagery.s3.amazonaws.com/tracings/tracing_complete/2017-11-17/G-048/consensus.swc
axon_consensus	tracings/tracing_complete/2017-11-17/R-004/consensus.swc	2017-11-17__R-004__consensus.swc	259911	3f4746eebf874b8eab7e1a0fc9f872d0	1d6e4a125b8a6c02373e8b0e0d82bed35c800576ad77c3d4cc8afdf5d6c56d30	2021-12-02T18:42:49.000Z	https://janelia-mouselight-imagery.s3.amazonaws.com/tracings/tracing_complete/2017-11-17/R-004/consensus.swc
axon_consensus	tracings/tracing_complete/2017-11-17/R-005/consensus.swc	2017-11-17__R-005__consensus.swc	75229	924740a876cb992ce392d9743e354db5	47d06687b907950bec3849c912baa66ec172a6ad7e5b2ac97e245abb7243e045	2021-12-02T18:42:49.000Z	https://janelia-mouselight-imagery.s3.amazonaws.com/tracings/tracing_complete/2017-11-17/R-005/consensus.swc
axon_consensus	tracings/tracing_complete/2017-12-19/G-017/consensus.swc	2017-12-19__G-017__consensus.swc	112402	6c9831001277336aef20db925e75315e	c68ffb96975cdabb17b1358d66b9ffd9e21cee988c97a41db55f2b5747ad8eed	2021-12-02T18:42:45.000Z	https://janelia-mouselight-imagery.s3.amazonaws.com/tracings/tracing_complete/2017-12-19/G-017/consensus.swc
axon_consensus	tracings/tracing_complete/2018-01-30/R-027/consensus.swc	2018-01-30__R-027__consensus.swc	61950	65037b3fd0864faaf6cef07ff207d33b	7de8807b16d42409bddf0f90b2cf6fc65c06d742e09da7898c14bd8b5f784d26	2021-12-02T18:42:46.000Z	https://janelia-mouselight-imagery.s3.amazonaws.com/tracings/tracing_complete/2018-01-30/R-027/consensus.swc
axon_consensus	tracings/tracing_complete/2018-01-30/R-033/consensus.swc	2018-01-30__R-033__consensus.swc	89288	90bfaa42d2d27ded88e206f74e97e9de	af5e858bafe429fbcadb5a8186efa9d315bf20eb34ecfc283cc36523e50f528f	2021-12-02T18:42:46.000Z	https://janelia-mouselight-imagery.s3.amazonaws.com/tracings/tracing_complete/2018-01-30/R-033/consensus.swc
axon_consensus	tracings/tracing_complete/2018-03-09/G-015/consensus.swc	2018-03-09__G-015__consensus.swc	188037	cb233a3b8254ed50bc943cac7830c4e9	4f21334acf12724838259a194ce309c4def1d50318f0a303acc289ed5abf24cf	2021-12-02T18:42:46.000Z	https://janelia-mouselight-imagery.s3.amazonaws.com/tracings/tracing_complete/2018-03-09/G-015/consensus.swc
axon_consensus	tracings/tracing_complete/2018-03-09/G-024/consensus.swc	2018-03-09__G-024__consensus.swc	55800	cb7ea36fcfb565e0f4176872a0024900	547b7e6b04f5668a60a48883dbf4d8fd42ca5be5b7ecde40be56c770ca8773c5	2021-12-02T18:42:47.000Z	https://janelia-mouselight-imagery.s3.amazonaws.com/tracings/tracing_complete/2018-03-09/G-024/consensus.swc
axon_consensus	tracings/tracing_complete/2018-03-09/G-044/consensus.swc	2018-03-09__G-044__consensus.swc	203981	faa7d8120cb419d729953e8dff860159	2715b0fdcfce29fa4f7ebddde28c5c6591b7a1d1e2cfd83eea5762f00d679f04	2021-12-02T18:42:47.000Z	https://janelia-mouselight-imagery.s3.amazonaws.com/tracings/tracing_complete/2018-03-09/G-044/consensus.swc
axon_consensus	tracings/tracing_complete/2018-03-09/G-046/consensus.swc	2018-03-09__G-046__consensus.swc	171959	9d03a0530f7c4780f1e91d627911228e	a20e94176b5100cd820daff06be09cc66e9d03d4b3b456e62b0e0638abb7ee15	2021-12-02T18:42:48.000Z	https://janelia-mouselight-imagery.s3.amazonaws.com/tracings/tracing_complete/2018-03-09/G-046/consensus.swc
axon_consensus	tracings/tracing_complete/2018-04-03/G-001/consensus.swc	2018-04-03__G-001__consensus.swc	418240	946c41ad28794707995e5d313f4171ea	871014011d4e0167204727b1a792aacf2b147a037467e663c22f4426b60cef5c	2021-12-02T18:42:45.000Z	https://janelia-mouselight-imagery.s3.amazonaws.com/tracings/tracing_complete/2018-04-03/G-001/consensus.swc
axon_consensus	tracings/tracing_complete/2018-04-03/G-003/consensus.swc	2018-04-03__G-003__consensus.swc	146567	81e9f4593aa73d51cdda9796803bc77d	a70c1ee4251d8a7002dc977a050294088d60f7ffccea2ea2ccb6ac53dfa382c7	2021-12-02T18:42:45.000Z	https://janelia-mouselight-imagery.s3.amazonaws.com/tracings/tracing_complete/2018-04-03/G-003/consensus.swc
axon_consensus	tracings/tracing_complete/2018-04-03/G-005/consensus.swc	2018-04-03__G-005__consensus.swc	227689	338916b1eec7c52f412ab62babb0b39e	50e8658cf4f9a9bc9da2db0a54495febad033ac8e4d8d52319ff61944c8c9940	2021-12-02T18:42:46.000Z	https://janelia-mouselight-imagery.s3.amazonaws.com/tracings/tracing_complete/2018-04-03/G-005/consensus.swc
axon_consensus	tracings/tracing_complete/2018-04-13/G-007/consensus.swc	2018-04-13__G-007__consensus.swc	322859	06085d80aca175df244d44c9e1f91c38	fdd146eb6324aea161b341922060acd29870e9ce663246a9ac800726a22d2f43	2021-12-02T18:42:55.000Z	https://janelia-mouselight-imagery.s3.amazonaws.com/tracings/tracing_complete/2018-04-13/G-007/consensus.swc
axon_consensus	tracings/tracing_complete/2018-04-13/G-021/consensus.swc	2018-04-13__G-021__consensus.swc	115641	3a711b1215417b8f9dd991133a2e1904	1e57e4c48e2a5634e0944aaf1f1cfc3bcfd1d2b344572c1e8d858cf83baf0a7b	2021-12-02T18:42:56.000Z	https://janelia-mouselight-imagery.s3.amazonaws.com/tracings/tracing_complete/2018-04-13/G-021/consensus.swc
axon_consensus	tracings/tracing_complete/2018-04-13/G-028/consensus.swc	2018-04-13__G-028__consensus.swc	863005	02cc07642819687ee0f194018d3f373e	dab36e6fa8ee29429cac3b54471d1601091fc2cda0a9a954121a6c4e0dc407a2	2021-12-02T18:42:57.000Z	https://janelia-mouselight-imagery.s3.amazonaws.com/tracings/tracing_complete/2018-04-13/G-028/consensus.swc
axon_consensus	tracings/tracing_complete/2018-04-13/G-031/consensus.swc	2018-04-13__G-031__consensus.swc	1047221	18a6dd2ffee751c47161378263f480b5	9f7cad2bf13c11b8936b38ed9cc721391d648d41855ad789ba212d3d44116247	2021-12-02T18:42:57.000Z	https://janelia-mouselight-imagery.s3.amazonaws.com/tracings/tracing_complete/2018-04-13/G-031/consensus.swc
axon_consensus	tracings/tracing_complete/2018-04-13/G-033/consensus.swc	2018-04-13__G-033__consensus.swc	2646091	60a1cc6bc3674dea28c22763dea4a55e	d88314a0fda11e77b3a36a8fcab09452e29763eaf9c9c4707f589b996e82819f	2021-12-02T18:42:57.000Z	https://janelia-mouselight-imagery.s3.amazonaws.com/tracings/tracing_complete/2018-04-13/G-033/consensus.swc
axon_consensus	tracings/tracing_complete/2018-04-13/G-037/consensus.swc	2018-04-13__G-037__consensus.swc	599571	dca3cb402650974e23e279518efe1050	104ef22031427d1212d103328357ac63bd4fa28c6be6f0feee50988036919045	2021-12-02T18:42:57.000Z	https://janelia-mouselight-imagery.s3.amazonaws.com/tracings/tracing_complete/2018-04-13/G-037/consensus.swc
axon_consensus	tracings/tracing_complete/2018-04-13/G-055/consensus.swc	2018-04-13__G-055__consensus.swc	414848	d7e6ab2a25a972e6abdebb7fa0edc707	66b8ef20a1d4567147cec352200bd4624b3f766f0f4a5d20c7bb73cde3b645bb	2021-12-02T18:42:58.000Z	https://janelia-mouselight-imagery.s3.amazonaws.com/tracings/tracing_complete/2018-04-13/G-055/consensus.swc
axon_consensus	tracings/tracing_complete/2018-04-13/G-080/consensus.swc	2018-04-13__G-080__consensus.swc	94696	7a37b64a4675d362c4a7044466c8e904	f015ce324811cef9c76f67375efc23d0d9d65b829664a991adea5b8f8830be68	2021-12-02T18:42:59.000Z	https://janelia-mouselight-imagery.s3.amazonaws.com/tracings/tracing_complete/2018-04-13/G-080/consensus.swc
axon_consensus	tracings/tracing_complete/2018-04-13/G-083/consensus.swc	2018-04-13__G-083__consensus.swc	92850	e68784d2d1bd3dd9bbf2fd39e31f8779	b4300adef6261898acf9ee9e86f5eabea1c802df9bb3647606f52213b5ad893e	2021-12-02T18:42:59.000Z	https://janelia-mouselight-imagery.s3.amazonaws.com/tracings/tracing_complete/2018-04-13/G-083/consensus.swc
axon_consensus	tracings/tracing_complete/2018-04-13/G-085/consensus.swc	2018-04-13__G-085__consensus.swc	103396	823304efcfccfff27cfbed09dfda2e62	fcebd1081926097f126fadfd5d7969e94375c51aba8a1cc52ac87982b1c1ee03	2021-12-02T18:43:00.000Z	https://janelia-mouselight-imagery.s3.amazonaws.com/tracings/tracing_complete/2018-04-13/G-085/consensus.swc
axon_consensus	tracings/tracing_complete/2018-04-13/R-002/consensus.swc	2018-04-13__R-002__consensus.swc	700673	5625bf161c1120bace4178b9d49cf9f9	d71b73c0e8ad6087af4bb72ea58799e83bb776f66ee6880166eaaa35220fbc01	2021-12-02T18:43:00.000Z	https://janelia-mouselight-imagery.s3.amazonaws.com/tracings/tracing_complete/2018-04-13/R-002/consensus.swc
axon_consensus	tracings/tracing_complete/2018-04-13/R-014/consensus.swc	2018-04-13__R-014__consensus.swc	794567	43e3c273046c0db3275695afd16ae744	e558d077a7db096e058b88b8fa8a5d4c967ee8ee88da73221024a2e85ccad9ae	2021-12-02T18:43:01.000Z	https://janelia-mouselight-imagery.s3.amazonaws.com/tracings/tracing_complete/2018-04-13/R-014/consensus.swc
axon_consensus	tracings/tracing_complete/2018-04-13/R-028/consensus.swc	2018-04-13__R-028__consensus.swc	70185	76e82349a94a26762e4817d7a80aa327	010b3432b2b8203c72700f8a7ed43ce8c32edda70c4236624f248c901e8f0fa4	2021-12-02T18:43:01.000Z	https://janelia-mouselight-imagery.s3.amazonaws.com/tracings/tracing_complete/2018-04-13/R-028/consensus.swc
axon_consensus	tracings/tracing_complete/2018-04-13/R-046/consensus.swc	2018-04-13__R-046__consensus.swc	58964	de28928af81657842fe47e2c3129c505	da1179a9f463334f17f73ef57723991cf69c561f9c4ae94614cbc56d52a0e208	2021-12-02T18:43:03.000Z	https://janelia-mouselight-imagery.s3.amazonaws.com/tracings/tracing_complete/2018-04-13/R-046/consensus.swc
axon_consensus	tracings/tracing_complete/2018-04-13/R-049/consensus.swc	2018-04-13__R-049__consensus.swc	80580	36a288f1e140576c507cdfebfb3f858f	9537cb721a2992a627348029e4a4f44e86063cf44109aff9f6d984e7f44edbcf	2021-12-02T18:43:03.000Z	https://janelia-mouselight-imagery.s3.amazonaws.com/tracings/tracing_complete/2018-04-13/R-049/consensus.swc
axon_consensus	tracings/tracing_complete/2018-04-13/R-053/consensus.swc	2018-04-13__R-053__consensus.swc	110119	060e158064d0c66a114d8d469135198c	d43c9ef9f5c58c46a33c3e92394d8dcd14f900136fa178d89ea32d2a6743a505	2021-12-02T18:43:03.000Z	https://janelia-mouselight-imagery.s3.amazonaws.com/tracings/tracing_complete/2018-04-13/R-053/consensus.swc
axon_consensus	tracings/tracing_complete/2018-04-13/R-065/consensus.swc	2018-04-13__R-065__consensus.swc	269914	a1b017f8863f00d4bf72294f1a94203e	63b90bbf12c8fad7b4a49ab3cac65feba4216c4c108118b723e4c8945ba8200a	2021-12-02T18:43:04.000Z	https://janelia-mouselight-imagery.s3.amazonaws.com/tracings/tracing_complete/2018-04-13/R-065/consensus.swc
axon_consensus	tracings/tracing_complete/2018-05-23/G-015/consensus.swc	2018-05-23__G-015__consensus.swc	150960	f565d63692cf53800959fd226e944790	92222d152a754076597e707a064e1b4a2e75443bd07763b9e956157b5d9a0f25	2021-12-02T18:42:43.000Z	https://janelia-mouselight-imagery.s3.amazonaws.com/tracings/tracing_complete/2018-05-23/G-015/consensus.swc
axon_consensus	tracings/tracing_complete/2018-05-23/G-016/consensus.swc	2018-05-23__G-016__consensus.swc	198628	5de75f1aa290d8c4f54bd0e1dd84fd65	5bce535956a9d0a30050f99a999a58a048ff6402f4d1c5765ac367b2d5d02653	2021-12-02T18:42:43.000Z	https://janelia-mouselight-imagery.s3.amazonaws.com/tracings/tracing_complete/2018-05-23/G-016/consensus.swc
axon_consensus	tracings/tracing_complete/2018-06-14/G-003/consensus.swc	2018-06-14__G-003__consensus.swc	442480	7cba4b3d1619cc9ea5049bdc452cb7cb	161dc4dfacefa0f6b83cecf28e81c09cd7f39e359d3d05162ed781770c1584d5	2021-12-02T18:42:42.000Z	https://janelia-mouselight-imagery.s3.amazonaws.com/tracings/tracing_complete/2018-06-14/G-003/consensus.swc
axon_consensus	tracings/tracing_complete/2018-06-14/G-005/consensus.swc	2018-06-14__G-005__consensus.swc	108741	25f79ac54029ce60eef2760445b5f783	5f3f1e7af93d138e88708117a557931232dbae08f17310229b63eb96347b10b8	2021-12-02T18:42:42.000Z	https://janelia-mouselight-imagery.s3.amazonaws.com/tracings/tracing_complete/2018-06-14/G-005/consensus.swc
axon_consensus	tracings/tracing_complete/2018-06-14/G-006/consensus.swc	2018-06-14__G-006__consensus.swc	307377	dc4d19130ad4d0dad109d4ee761ec600	fa79c1d2d56dcf4a222647b9aa0536db656ee0b5f29febaa07320fd828d7d8c7	2021-12-02T18:42:42.000Z	https://janelia-mouselight-imagery.s3.amazonaws.com/tracings/tracing_complete/2018-06-14/G-006/consensus.swc
axon_consensus	tracings/tracing_complete/2018-06-14/G-013/consensus.swc	2018-06-14__G-013__consensus.swc	285458	7f18dd544715edea457aed77dc83d31b	e8fe3215e0ba6eadff17f39dfb09351cb3c88cd088f2651cfd3855bae2cb3a74	2021-12-02T18:42:42.000Z	https://janelia-mouselight-imagery.s3.amazonaws.com/tracings/tracing_complete/2018-06-14/G-013/consensus.swc
axon_consensus	tracings/tracing_complete/2018-06-14/G-014/consensus.swc	2018-06-14__G-014__consensus.swc	148555	9cf716a77165fd476cc4147c9610845c	5087481768b4ec82b8a8cb46a60b4667132fab1187adcdb7f7df2f210fd735da	2021-12-02T18:42:43.000Z	https://janelia-mouselight-imagery.s3.amazonaws.com/tracings/tracing_complete/2018-06-14/G-014/consensus.swc
axon_consensus	tracings/tracing_complete/2018-06-14/G-019/consensus.swc	2018-06-14__G-019__consensus.swc	173130	ed75547d6ecd44169684bb37a76c2b9e	0e06b3b176ee393a468cf82ab8cad0c88d0baae91df21991fbedb6ba996d5a99	2021-12-02T18:42:43.000Z	https://janelia-mouselight-imagery.s3.amazonaws.com/tracings/tracing_complete/2018-06-14/G-019/consensus.swc
axon_consensus	tracings/tracing_complete/2018-07-02/G-004/consensus.swc	2018-07-02__G-004__consensus.swc	679205	62fca6b557139e7bef3605e1a7dcc7bd	460d10b8ad29156be22b73829dba0d036dd638a0e8195b1fb74efd0588a99d28	2021-12-02T18:42:42.000Z	https://janelia-mouselight-imagery.s3.amazonaws.com/tracings/tracing_complete/2018-07-02/G-004/consensus.swc
axon_consensus	tracings/tracing_complete/2018-07-02/G-007/consensus.swc	2018-07-02__G-007__consensus.swc	299978	9ab11ba4020979472a92bf8e03b8ec4a	0cd92e6ad4e810f1e986fd87298836d2c0b17d1fbc9517ab00fedf867a953df5	2021-12-02T18:42:42.000Z	https://janelia-mouselight-imagery.s3.amazonaws.com/tracings/tracing_complete/2018-07-02/G-007/consensus.swc
axon_consensus	tracings/tracing_complete/2018-07-02/G-015/consensus.swc	2018-07-02__G-015__consensus.swc	122722	9f6f58b7b5d961ab56643d5debd434d7	deb6dc05e40e8edd429412a92c89df6ec05446bb0142ca228118149474fcb56c	2021-12-02T18:42:43.000Z	https://janelia-mouselight-imagery.s3.amazonaws.com/tracings/tracing_complete/2018-07-02/G-015/consensus.swc
axon_consensus	tracings/tracing_complete/2018-07-02/G-019/consensus.swc	2018-07-02__G-019__consensus.swc	152041	f9e4aa89823a3c95b843f8bbb2f730b3	920eb2b3fb7c1fb3e665ef8c5425b85ef33696d4f90cbda70b6e3d65f9e6a91d	2021-12-02T18:42:43.000Z	https://janelia-mouselight-imagery.s3.amazonaws.com/tracings/tracing_complete/2018-07-02/G-019/consensus.swc
axon_consensus	tracings/tracing_complete/2018-07-02/G-024/consensus.swc	2018-07-02__G-024__consensus.swc	119796	3aca098b9fd35a81375b0e3bf657f5f1	ce87d110aa477ba28f07d9685cd7caf9e5a8ab1e5c06b729cba189cfd66f242b	2021-12-02T18:42:43.000Z	https://janelia-mouselight-imagery.s3.amazonaws.com/tracings/tracing_complete/2018-07-02/G-024/consensus.swc
axon_consensus	tracings/tracing_complete/2018-07-02/G-041/consensus.swc	2018-07-02__G-041__consensus.swc	168801	d15d88c8213703c90aa04095ca5970eb	1d7c39913bada5804e601f7416328f2c1584484a5efff42f5a752a35e6d2e80f	2021-12-02T18:42:44.000Z	https://janelia-mouselight-imagery.s3.amazonaws.com/tracings/tracing_complete/2018-07-02/G-041/consensus.swc
axon_consensus	tracings/tracing_complete/2018-07-02/G-044/consensus.swc	2018-07-02__G-044__consensus.swc	91906	a3401dd5d07f2840457bbad648f63d37	f1b5994e5750e242805c885c79a6d6089c0cbdeeac523cbebafb7c8ac4f27076	2021-12-02T18:42:45.000Z	https://janelia-mouselight-imagery.s3.amazonaws.com/tracings/tracing_complete/2018-07-02/G-044/consensus.swc
axon_consensus	tracings/tracing_complete/2018-07-02/G-046/consensus.swc	2018-07-02__G-046__consensus.swc	65608	1c82650dd1f648a03e445d206209acc4	4e299b19a88fa9e2bf6e8e2aff8cc644b29179eefff58c30836f30b900591d71	2021-12-02T18:42:45.000Z	https://janelia-mouselight-imagery.s3.amazonaws.com/tracings/tracing_complete/2018-07-02/G-046/consensus.swc
axon_consensus	tracings/tracing_complete/2018-07-02/G-055/consensus.swc	2018-07-02__G-055__consensus.swc	394230	754ea8cad52ce2231658b03b3932ac23	f2ab49ce697fb1f6a11bdb4fb4e406de8f3fcdd3a9f1e919882ca3578c53ee41	2021-12-02T18:42:45.000Z	https://janelia-mouselight-imagery.s3.amazonaws.com/tracings/tracing_complete/2018-07-02/G-055/consensus.swc
axon_consensus	tracings/tracing_complete/2018-07-02/G-056/consensus.swc	2018-07-02__G-056__consensus.swc	253584	f3727d03f1280c0f88d0dec314f9e54f	7da6317da1f1d8963cf5d537d6048f5587df2756130729893f2e14779fb22a4e	2021-12-02T18:42:45.000Z	https://janelia-mouselight-imagery.s3.amazonaws.com/tracings/tracing_complete/2018-07-02/G-056/consensus.swc
axon_consensus	tracings/tracing_complete/2018-07-02/G-060/consensus.swc	2018-07-02__G-060__consensus.swc	55305	e41a2a843693d7279878f802ee17909c	67dcaeca3830e20f18a41532cf1f6d503f6cded3ec640763af2a1ec3704efd11	2021-12-02T18:42:45.000Z	https://janelia-mouselight-imagery.s3.amazonaws.com/tracings/tracing_complete/2018-07-02/G-060/consensus.swc
axon_consensus	tracings/tracing_complete/2018-07-02/G-065/consensus.swc	2018-07-02__G-065__consensus.swc	195361	05b16e1f0eb2cd42473d9a822641290a	19bc085b1fba234d530008ce2ec9461578bd73e8752d6bebeb2cbc1e44f3d71c	2021-12-02T18:42:46.000Z	https://janelia-mouselight-imagery.s3.amazonaws.com/tracings/tracing_complete/2018-07-02/G-065/consensus.swc
axon_consensus	tracings/tracing_complete/2018-07-02/G-066/consensus.swc	2018-07-02__G-066__consensus.swc	97621	4f3335d4b369f63c9703fadad3e515c2	51ed57596765c77ea89edbfe99633d72a60605e172d5d10d2563ac9b64b714b4	2021-12-02T18:42:46.000Z	https://janelia-mouselight-imagery.s3.amazonaws.com/tracings/tracing_complete/2018-07-02/G-066/consensus.swc
axon_consensus	tracings/tracing_complete/2018-07-02/G-072/consensus.swc	2018-07-02__G-072__consensus.swc	216332	c22caf8b70acc931c3bf63b66352aebb	643c2e0b4a1589581389a27bb3f2348e80dc8bef10e3464024f3ffc8bfbd6a84	2021-12-02T18:42:46.000Z	https://janelia-mouselight-imagery.s3.amazonaws.com/tracings/tracing_complete/2018-07-02/G-072/consensus.swc
axon_consensus	tracings/tracing_complete/2018-07-02/G-075/consensus.swc	2018-07-02__G-075__consensus.swc	85315	9a1e313c51b8f81c1b82b14d10feba65	0dd89a05e7db15a6297b423b0759d706db2bd9069e4d0e7b4afbffbf863cb30f	2021-12-02T18:42:46.000Z	https://janelia-mouselight-imagery.s3.amazonaws.com/tracings/tracing_complete/2018-07-02/G-075/consensus.swc
axon_consensus	tracings/tracing_complete/2018-07-02/G-077/consensus.swc	2018-07-02__G-077__consensus.swc	77964	ef52caf02f3c93ad8af898d983c5b124	f7ba663ec05f6f21fe6dee4310718774f3aa109f8004677c841ae94a4ab1d809	2021-12-02T18:42:46.000Z	https://janelia-mouselight-imagery.s3.amazonaws.com/tracings/tracing_complete/2018-07-02/G-077/consensus.swc
axon_consensus	tracings/tracing_complete/2018-07-02/G-078/consensus.swc	2018-07-02__G-078__consensus.swc	77222	7de67e007829b783ce850c87c0196e21	b486b6cb60f32c8596592658d3a255e3e2e2d6054ed601f5848aae1396f5bbfb	2021-12-02T18:42:46.000Z	https://janelia-mouselight-imagery.s3.amazonaws.com/tracings/tracing_complete/2018-07-02/G-078/consensus.swc
axon_consensus	tracings/tracing_complete/2018-07-02/G-084/consensus.swc	2018-07-02__G-084__consensus.swc	204928	148fe79b6d9f62741e5149903ef69c83	a07a1948151d0cbb18a96bfffad3e214daa93241938faa3d6cb250e1573312d3	2021-12-02T18:42:47.000Z	https://janelia-mouselight-imagery.s3.amazonaws.com/tracings/tracing_complete/2018-07-02/G-084/consensus.swc
axon_consensus	tracings/tracing_complete/2018-07-02/G-089/consensus.swc	2018-07-02__G-089__consensus.swc	72391	c3e56bafeb93070f9b877d5be0e4aa00	41abd69b9e14115bddb5b3749dd021ba55f6de2172a9cd02ea85a251c9327635	2021-12-02T18:42:47.000Z	https://janelia-mouselight-imagery.s3.amazonaws.com/tracings/tracing_complete/2018-07-02/G-089/consensus.swc
axon_consensus	tracings/tracing_complete/2018-07-02/G-099/consensus.swc	2018-07-02__G-099__consensus.swc	67469	185106631cb341456c3dca508516ec8e	dc525387a6ccc66563439a218e1f3bb9dc8b9cbe49d626e3dbbd785cc55e90e3	2021-12-02T18:42:47.000Z	https://janelia-mouselight-imagery.s3.amazonaws.com/tracings/tracing_complete/2018-07-02/G-099/consensus.swc
axon_consensus	tracings/tracing_complete/2018-07-02/G-100/consensus.swc	2018-07-02__G-100__consensus.swc	159186	1624a5ca661ba075765dcc197dc7397f	d184bc2515727dae2074b4d26321e8949c6886b8fb007da2b4fff9cb89963ee1	2021-12-02T18:42:47.000Z	https://janelia-mouselight-imagery.s3.amazonaws.com/tracings/tracing_complete/2018-07-02/G-100/consensus.swc
axon_consensus	tracings/tracing_complete/2018-07-02/G-107/consensus.swc	2018-07-02__G-107__consensus.swc	264479	d0a9479988b2edbda7db0c8515c9879e	b4a50f612eb61cb61dfa98d6d5dc5d13e5b88a20b6bc67e1bae03e2a3821120f	2021-12-02T18:42:48.000Z	https://janelia-mouselight-imagery.s3.amazonaws.com/tracings/tracing_complete/2018-07-02/G-107/consensus.swc
axon_consensus	tracings/tracing_complete/2018-07-02/G-117/consensus.swc	2018-07-02__G-117__consensus.swc	128383	7f70bd1710f06584713dc0fa88352e53	c77b776800de7cd1a0b08430cafb6dd64551ab31eb5878c59b859f0c443e6ed9	2021-12-02T18:42:48.000Z	https://janelia-mouselight-imagery.s3.amazonaws.com/tracings/tracing_complete/2018-07-02/G-117/consensus.swc
axon_consensus	tracings/tracing_complete/2018-07-02/G-123/consensus.swc	2018-07-02__G-123__consensus.swc	60785	9ea5a8c15e1add168353fae149dc4fc3	5fe384d6b0c1b3ea1944ade0bfd41aebc1b366bd29816b8619dd58a83453bd87	2021-12-02T18:42:49.000Z	https://janelia-mouselight-imagery.s3.amazonaws.com/tracings/tracing_complete/2018-07-02/G-123/consensus.swc
axon_consensus	tracings/tracing_complete/2018-07-02/G-128/consensus.swc	2018-07-02__G-128__consensus.swc	340991	52139f3799010be3f8c3dfea12df1810	57a3b9b7df487de3cabaca8f4fb9635fbd98f23e4e328561c326ff3e859ad8bd	2021-12-02T18:42:49.000Z	https://janelia-mouselight-imagery.s3.amazonaws.com/tracings/tracing_complete/2018-07-02/G-128/consensus.swc
axon_consensus	tracings/tracing_complete/2018-07-02/G-129/consensus.swc	2018-07-02__G-129__consensus.swc	51421	eca781d6c9b59cd0b27e38510ebff511	aa5117a3ba20d4872323e89c1ca858f3da44ad1fd94e0d42c45f64f1bce8dd01	2021-12-02T18:42:49.000Z	https://janelia-mouselight-imagery.s3.amazonaws.com/tracings/tracing_complete/2018-07-02/G-129/consensus.swc
axon_consensus	tracings/tracing_complete/2018-07-02/G-136/consensus.swc	2018-07-02__G-136__consensus.swc	86279	5f1960cabd72289a0b3899526acc8e56	76b8c68a2bb28ae720bb0ce4dbf98179873c0003e50ff9f62a2ecf792c42e37e	2021-12-02T18:42:49.000Z	https://janelia-mouselight-imagery.s3.amazonaws.com/tracings/tracing_complete/2018-07-02/G-136/consensus.swc
axon_consensus	tracings/tracing_complete/2018-07-02/G-138/consensus.swc	2018-07-02__G-138__consensus.swc	83627	47f480562f0df1e59e2d96ab0df52982	a341580f4bebec3163b0739adde2f26cec4e243d321f7e0e899b9cf816f2ba50	2021-12-02T18:42:49.000Z	https://janelia-mouselight-imagery.s3.amazonaws.com/tracings/tracing_complete/2018-07-02/G-138/consensus.swc
axon_consensus	tracings/tracing_complete/2018-08-01/G-007/consensus.swc	2018-08-01__G-007__consensus.swc	133302	3e66dd9d110e989f41c421a54dd5f9d0	f574efdf9ffa9653026f601dd8724652abfa0731142573467a63ac6ea120be3a	2021-12-02T18:42:55.000Z	https://janelia-mouselight-imagery.s3.amazonaws.com/tracings/tracing_complete/2018-08-01/G-007/consensus.swc
axon_consensus	tracings/tracing_complete/2018-08-01/G-013/consensus.swc	2018-08-01__G-013__consensus.swc	174762	94ca9aa13c1b34e0b3d656445ec33d9c	c243a68bf982459b959f46456c374c65a157385fc661e5b897143103cb8d44a3	2021-12-02T18:42:55.000Z	https://janelia-mouselight-imagery.s3.amazonaws.com/tracings/tracing_complete/2018-08-01/G-013/consensus.swc
axon_consensus	tracings/tracing_complete/2018-08-01/G-020/consensus.swc	2018-08-01__G-020__consensus.swc	104143	b2eb88c7a4e8b46dd62070fbb7a15f44	98567b0c0d5a37fe6f03a8df110c516524cc1d5c962db285da50836e5151df14	2021-12-02T18:42:55.000Z	https://janelia-mouselight-imagery.s3.amazonaws.com/tracings/tracing_complete/2018-08-01/G-020/consensus.swc
axon_consensus	tracings/tracing_complete/2018-08-01/G-024/consensus.swc	2018-08-01__G-024__consensus.swc	142673	9048d0f4e52ccceee5af6af3b24ae17e	a51173d441dd3b2743c420899f0bc6eee07e454c4e01a489ce80527971cf8632	2021-12-02T18:42:56.000Z	https://janelia-mouselight-imagery.s3.amazonaws.com/tracings/tracing_complete/2018-08-01/G-024/consensus.swc
axon_consensus	tracings/tracing_complete/2018-08-01/G-072/consensus.swc	2018-08-01__G-072__consensus.swc	166594	5643a16150f1fe95f2eaa32e51caca1d	e2892ca4f8b5b6300cad89920dd0eddafd664afb9be482767e328887059915e2	2021-12-02T18:42:56.000Z	https://janelia-mouselight-imagery.s3.amazonaws.com/tracings/tracing_complete/2018-08-01/G-072/consensus.swc
axon_consensus	tracings/tracing_complete/2018-08-01/G-078/consensus.swc	2018-08-01__G-078__consensus.swc	52576	65dd03854230bd9cdc26aa7b4cab5a85	7073c48d2f4eb73a87237ebee97b899291bbcac8475c53af692b0b2930c0304b	2021-12-02T18:42:57.000Z	https://janelia-mouselight-imagery.s3.amazonaws.com/tracings/tracing_complete/2018-08-01/G-078/consensus.swc
axon_consensus	tracings/tracing_complete/2018-08-01/G-082/consensus.swc	2018-08-01__G-082__consensus.swc	190648	e54748907dfd47345662de98dafb4612	184d5d678eeba119351a6be31d2bbffa1a5a9d6030fe7a109f2e069190331741	2021-12-02T18:42:57.000Z	https://janelia-mouselight-imagery.s3.amazonaws.com/tracings/tracing_complete/2018-08-01/G-082/consensus.swc
axon_consensus	tracings/tracing_complete/2018-08-01/G-106/consensus.swc	2018-08-01__G-106__consensus.swc	114422	1ce699b3dbb21a0a780ad04a1bc3bf54	3234dec048dbb52b8bf60e80db94f5c65cb529dff9e20ee209cce2d7c1ec295f	2021-12-02T18:42:58.000Z	https://janelia-mouselight-imagery.s3.amazonaws.com/tracings/tracing_complete/2018-08-01/G-106/consensus.swc
axon_consensus	tracings/tracing_complete/2018-08-01/G-124/consensus.swc	2018-08-01__G-124__consensus.swc	311774	36cd397851b3ea3259eefce4f5c0bfce	f3cc6189d5c431a5c5936eb2e38056ba9c8ac39b79df1ed13010fcfc2cf48937	2021-12-02T18:42:58.000Z	https://janelia-mouselight-imagery.s3.amazonaws.com/tracings/tracing_complete/2018-08-01/G-124/consensus.swc
axon_consensus	tracings/tracing_complete/2018-08-01/G-132/consensus.swc	2018-08-01__G-132__consensus.swc	208017	5b599d4226039f09cf3c411cd5591303	19ceabbe416e5677515b1b606b956f8a6a14f6df73c8265beb65937eb69e9574	2021-12-02T18:42:58.000Z	https://janelia-mouselight-imagery.s3.amazonaws.com/tracings/tracing_complete/2018-08-01/G-132/consensus.swc
axon_consensus	tracings/tracing_complete/2018-08-01/G-169/consensus.swc	2018-08-01__G-169__consensus.swc	144314	cc1163a96608a9d463389a2cd7f866c8	40d99bedcd46d18b732c73420c87d22fb92de020c9622028fd051dc29669fe3f	2021-12-02T18:43:00.000Z	https://janelia-mouselight-imagery.s3.amazonaws.com/tracings/tracing_complete/2018-08-01/G-169/consensus.swc
axon_consensus	tracings/tracing_complete/2018-08-01/G-174/consensus.swc	2018-08-01__G-174__consensus.swc	347996	7c79a14e4ef410bb93365d91d5331aa4	31f70c6b7aa4517258fdd1c896017c0a8fc663c7fea775330bd9f3a1a7d3e74f	2021-12-02T18:43:00.000Z	https://janelia-mouselight-imagery.s3.amazonaws.com/tracings/tracing_complete/2018-08-01/G-174/consensus.swc
axon_consensus	tracings/tracing_complete/2018-08-01/G-198/consensus.swc	2018-08-01__G-198__consensus.swc	79610	257016cb40271b48e4467b987e87d211	19f6a919bcbd69ac3427bfbe1d12d6a38e613d0b6bb725d1752464dbe005412d	2021-12-02T18:43:01.000Z	https://janelia-mouselight-imagery.s3.amazonaws.com/tracings/tracing_complete/2018-08-01/G-198/consensus.swc
axon_consensus	tracings/tracing_complete/2018-08-01/G-201/consensus.swc	2018-08-01__G-201__consensus.swc	210594	ec64f617bef510507f14d89426acad67	b012064399a207ff7c70db86e19d04d3158ab3d7c26e456f4f9374c434b60df4	2021-12-02T18:43:01.000Z	https://janelia-mouselight-imagery.s3.amazonaws.com/tracings/tracing_complete/2018-08-01/G-201/consensus.swc
axon_consensus	tracings/tracing_complete/2018-08-01/G-229/consensus.swc	2018-08-01__G-229__consensus.swc	89973	a0301ca4e4e3b85d909f8b32652819a5	de97a8f4a92ba297a4c949f54993734d533c3879d9be3fe022c1c71718e3e610	2021-12-02T18:43:02.000Z	https://janelia-mouselight-imagery.s3.amazonaws.com/tracings/tracing_complete/2018-08-01/G-229/consensus.swc
axon_consensus	tracings/tracing_complete/2018-08-01/G-248/consensus.swc	2018-08-01__G-248__consensus.swc	61365	43c4e4ce855b9f3e76e3baa12b589e6d	3b82b0297fd4ab8d5fb696b75c2004cade745e5444a6fe976c4f3844d78dc00d	2021-12-02T18:43:03.000Z	https://janelia-mouselight-imagery.s3.amazonaws.com/tracings/tracing_complete/2018-08-01/G-248/consensus.swc
axon_consensus	tracings/tracing_complete/2018-08-01/G-269/consensus.swc	2018-08-01__G-269__consensus.swc	214366	015c25717017e7aa845ee6e85dd354f7	0d7041949d6a6b665cdd0731f85566660d575b4a64fe4f3a32465440e52e3af9	2021-12-02T18:43:04.000Z	https://janelia-mouselight-imagery.s3.amazonaws.com/tracings/tracing_complete/2018-08-01/G-269/consensus.swc
axon_consensus	tracings/tracing_complete/2018-08-01/G-279/consensus.swc	2018-08-01__G-279__consensus.swc	616878	e842c99553f7139c4c0552d5f16da424	449aa9202836af8869203452049748ee0c9a97732f675e07f1713add866a71c7	2021-12-02T18:43:05.000Z	https://janelia-mouselight-imagery.s3.amazonaws.com/tracings/tracing_complete/2018-08-01/G-279/consensus.swc
axon_consensus	tracings/tracing_complete/2018-08-01/G-280/consensus.swc	2018-08-01__G-280__consensus.swc	297260	f1282b96bdbc861a596eed210963f503	404de391a9c908bb61afa273bb9b95e51de6f26c034896dd264c374e94ee4e9a	2021-12-02T18:43:05.000Z	https://janelia-mouselight-imagery.s3.amazonaws.com/tracings/tracing_complete/2018-08-01/G-280/consensus.swc
axon_consensus	tracings/tracing_complete/2018-08-01/G-283/consensus.swc	2018-08-01__G-283__consensus.swc	202504	738af2cc53c2127f7f9ee0f924ad0847	a72a9d0d93d2233b093e8ccc1b1e4aa39391441b93017258b719a5d59bdb7b8e	2021-12-02T18:43:05.000Z	https://janelia-mouselight-imagery.s3.amazonaws.com/tracings/tracing_complete/2018-08-01/G-283/consensus.swc
axon_consensus	tracings/tracing_complete/2018-08-01/G-284/consensus.swc	2018-08-01__G-284__consensus.swc	192056	f0773a16ffcc80c0ad3ea62b4a884fbe	befd820e85866e050dcd79fe24425f0a65905e0373072927e5cb0248a5d63006	2021-12-02T18:43:05.000Z	https://janelia-mouselight-imagery.s3.amazonaws.com/tracings/tracing_complete/2018-08-01/G-284/consensus.swc
axon_consensus	tracings/tracing_complete/2018-10-01/G-003/consensus.swc	2018-10-01__G-003__consensus.swc	482924	f8a6e4d8ea4e71ecb6f592f2f8c13988	1349f5bd50ad629046210abbd4948bfe576fd1d01189b337bcf0957eca5c3aae	2021-12-02T18:42:56.000Z	https://janelia-mouselight-imagery.s3.amazonaws.com/tracings/tracing_complete/2018-10-01/G-003/consensus.swc
axon_consensus	tracings/tracing_complete/2018-10-01/G-005/consensus.swc	2018-10-01__G-005__consensus.swc	246535	08e34a1870203b5be4908ab22af2605a	af92cd206e5de3ef04c2a5a750a34dcb7e683bc76c7a053b360623b12de31ab7	2021-12-02T18:42:56.000Z	https://janelia-mouselight-imagery.s3.amazonaws.com/tracings/tracing_complete/2018-10-01/G-005/consensus.swc
axon_consensus	tracings/tracing_complete/2018-10-01/G-008/consensus.swc	2018-10-01__G-008__consensus.swc	276967	01a7120a21579d8bc3a98b2c7ec664ea	f29c946cf1923efe473183d798bc157bb27f0f280604dc15da259915283ae297	2021-12-02T18:42:57.000Z	https://janelia-mouselight-imagery.s3.amazonaws.com/tracings/tracing_complete/2018-10-01/G-008/consensus.swc
axon_consensus	tracings/tracing_complete/2018-10-01/G-015/consensus.swc	2018-10-01__G-015__consensus.swc	168207	509bb6c525ae6a41d1b933f99ad5c61a	348abf2aee8e0e39754c3f2af9ffbeb9b1e504248d9a33e2f09f3dac903d9294	2021-12-02T18:42:57.000Z	https://janelia-mouselight-imagery.s3.amazonaws.com/tracings/tracing_complete/2018-10-01/G-015/consensus.swc
axon_consensus	tracings/tracing_complete/2018-10-01/G-017/consensus.swc	2018-10-01__G-017__consensus.swc	524091	4784fd51e8c76d77a3945e37ab2e598e	f2f26b2c69d0d4e2004a2f8e5b277e04547b4992e23ad86e0be3dbf0618707e2	2021-12-02T18:42:57.000Z	https://janelia-mouselight-imagery.s3.amazonaws.com/tracings/tracing_complete/2018-10-01/G-017/consensus.swc
axon_consensus	tracings/tracing_complete/2018-10-01/G-020/consensus.swc	2018-10-01__G-020__consensus.swc	493274	e1cd492174b1cbf654a09c93f664dc84	0de0e9c479d52d9e45d679320807795973e09e9cc2cda2f3717549b248acf581	2021-12-02T18:42:57.000Z	https://janelia-mouselight-imagery.s3.amazonaws.com/tracings/tracing_complete/2018-10-01/G-020/consensus.swc
axon_consensus	tracings/tracing_complete/2018-10-01/G-025/consensus.swc	2018-10-01__G-025__consensus.swc	1316369	a37904d73b72f737642bca465a68d1f3	ec4113b3466a8d381c29753a5c474cc7d39bc94afc3fe75a222c9405082b852e	2021-12-02T18:42:57.000Z	https://janelia-mouselight-imagery.s3.amazonaws.com/tracings/tracing_complete/2018-10-01/G-025/consensus.swc
axon_consensus	tracings/tracing_complete/2018-10-01/G-027/consensus.swc	2018-10-01__G-027__consensus.swc	81900	bb55e163a2bbd974e3220621c3169cab	6994c55e78e105918e6bee9baa003f849a4a4028c226ea7e00eca95238494b1d	2021-12-02T18:42:58.000Z	https://janelia-mouselight-imagery.s3.amazonaws.com/tracings/tracing_complete/2018-10-01/G-027/consensus.swc
axon_consensus	tracings/tracing_complete/2018-10-01/G-030/consensus.swc	2018-10-01__G-030__consensus.swc	777774	10afab35f99c3e2c2a7e87a8299f35e5	b1c47f42b54f814e11bda03d3933236bbe4164c3abe02e1d2ffd30fa92bd98c9	2021-12-02T18:42:58.000Z	https://janelia-mouselight-imagery.s3.amazonaws.com/tracings/tracing_complete/2018-10-01/G-030/consensus.swc
axon_consensus	tracings/tracing_complete/2018-10-01/G-039/consensus.swc	2018-10-01__G-039__consensus.swc	280363	399027e3277a1df9e94792c249a12d6f	678b4bd3dc96392b731ed33a6a41714f0c2d30f24946e8764bbf683d761d3754	2021-12-02T18:42:58.000Z	https://janelia-mouselight-imagery.s3.amazonaws.com/tracings/tracing_complete/2018-10-01/G-039/consensus.swc
axon_consensus	tracings/tracing_complete/2018-10-01/G-040/consensus.swc	2018-10-01__G-040__consensus.swc	1980022	a91b19294361d10ffd7943ae7de559da	8aa4909861b4db93343e6f19e84093674e939283c1f1c9575f7390f833daad39	2021-12-02T18:42:58.000Z	https://janelia-mouselight-imagery.s3.amazonaws.com/tracings/tracing_complete/2018-10-01/G-040/consensus.swc
axon_consensus	tracings/tracing_complete/2018-10-01/G-042/consensus.swc	2018-10-01__G-042__consensus.swc	402802	2622f3c3736b3387da3cf365a9f10ab7	0a3a1c1164822950dff10141cfd9f92884cc04b885921e334cf8b9a8f3e45fae	2021-12-02T18:42:58.000Z	https://janelia-mouselight-imagery.s3.amazonaws.com/tracings/tracing_complete/2018-10-01/G-042/consensus.swc
axon_consensus	tracings/tracing_complete/2018-10-01/G-049/consensus.swc	2018-10-01__G-049__consensus.swc	630861	7173475119af48888f128227924d598a	f6a6e01600e24ce5bc15d80cb3fe10210e03f897c3f875753a74ccefa589701a	2021-12-02T18:42:59.000Z	https://janelia-mouselight-imagery.s3.amazonaws.com/tracings/tracing_complete/2018-10-01/G-049/consensus.swc
axon_consensus	tracings/tracing_complete/2018-10-01/G-068/consensus.swc	2018-10-01__G-068__consensus.swc	153356	54d9f18ce74e591551b542950e889e32	5e24f2d2e21a053b7ec53c42bcd6e8a65445440fc186202e7d4b6c9a2cc6d396	2021-12-02T18:43:00.000Z	https://janelia-mouselight-imagery.s3.amazonaws.com/tracings/tracing_complete/2018-10-01/G-068/consensus.swc
axon_consensus	tracings/tracing_complete/2018-10-01/G-069/consensus.swc	2018-10-01__G-069__consensus.swc	243532	7d2faeafe4cf7a7e006e9fa1b4d122a4	bcf6897583a384387a062271db4fcc22468b814a9f8ccac6d85ccd4eba9b4e9b	2021-12-02T18:43:00.000Z	https://janelia-mouselight-imagery.s3.amazonaws.com/tracings/tracing_complete/2018-10-01/G-069/consensus.swc
axon_consensus	tracings/tracing_complete/2018-10-01/G-077/consensus.swc	2018-10-01__G-077__consensus.swc	69158	b7b75e40f2b70725b6c1506ae7a179e0	492f1371ed44bcd72c5e5e1b7c2a9e862e289a9cef9a97232f71a579d80cb814	2021-12-02T18:43:00.000Z	https://janelia-mouselight-imagery.s3.amazonaws.com/tracings/tracing_complete/2018-10-01/G-077/consensus.swc
axon_consensus	tracings/tracing_complete/2018-10-01/G-082/consensus.swc	2018-10-01__G-082__consensus.swc	283318	e3bd24d8ceaf1ecea1cefde2576a0694	b42e2313cf171a234b603f224b1734aaab677f0cd2df5e01714cef22ff179c49	2021-12-02T18:43:00.000Z	https://janelia-mouselight-imagery.s3.amazonaws.com/tracings/tracing_complete/2018-10-01/G-082/consensus.swc
axon_consensus	tracings/tracing_complete/2018-10-01/G-083/consensus.swc	2018-10-01__G-083__consensus.swc	1627739	33f6194415cb278ca945a95d85880edc	228861a636c85d41b42d48e8e2108f7e4104bf8ab74540ed32e668ac0e6b4307	2021-12-02T18:43:00.000Z	https://janelia-mouselight-imagery.s3.amazonaws.com/tracings/tracing_complete/2018-10-01/G-083/consensus.swc
axon_consensus	tracings/tracing_complete/2018-10-01/G-090/consensus.swc	2018-10-01__G-090__consensus.swc	164361	a9829c840b21d003e3ab16e8fb07dfe0	3edff6800618b820f3714f1683f800b9df5c17a73c171a013d436dcd5ba0a264	2021-12-02T18:43:01.000Z	https://janelia-mouselight-imagery.s3.amazonaws.com/tracings/tracing_complete/2018-10-01/G-090/consensus.swc
axon_consensus	tracings/tracing_complete/2018-12-01/G-017/consensus.swc	2018-12-01__G-017__consensus.swc	235085	9eb4a95e9f7bebb0e877f71768ab62ed	0352b1a0b80dbfed1d0967a149333086982a29fd2a0033b9bf479a22f6b5a744	2021-12-02T18:42:36.000Z	https://janelia-mouselight-imagery.s3.amazonaws.com/tracings/tracing_complete/2018-12-01/G-017/consensus.swc
axon_consensus	tracings/tracing_complete/2018-12-01/G-032/consensus.swc	2018-12-01__G-032__consensus.swc	972476	cf0c42786d5b20f348d59c9e00bb0fbe	4abc4361a6c11780fcd1e4087ba7dfe5fcea417d6e22cbb062e52effc6a9a5fa	2021-12-02T18:42:37.000Z	https://janelia-mouselight-imagery.s3.amazonaws.com/tracings/tracing_complete/2018-12-01/G-032/consensus.swc
axon_consensus	tracings/tracing_complete/2018-12-01/G-039/consensus.swc	2018-12-01__G-039__consensus.swc	130589	1f8c2b2f7508c2af176d277b21cd139a	6fba7415cf7648c27c7f756a0b91db439658c78edabf3e8ef8b5f87704c550a9	2021-12-02T18:42:37.000Z	https://janelia-mouselight-imagery.s3.amazonaws.com/tracings/tracing_complete/2018-12-01/G-039/consensus.swc
axon_consensus	tracings/tracing_complete/2018-12-01/G-047/consensus.swc	2018-12-01__G-047__consensus.swc	914961	b7fbb535523571fab37010a90a80e48f	b95c5a1ac161c98fd7769282a155b0aab21d078b4733943beefe82af5c7a4a5a	2021-12-02T18:42:37.000Z	https://janelia-mouselight-imagery.s3.amazonaws.com/tracings/tracing_complete/2018-12-01/G-047/consensus.swc
axon_consensus	tracings/tracing_complete/2018-12-01/G-049/consensus.swc	2018-12-01__G-049__consensus.swc	73646	46594573b90df54e8b3d835a579ecff9	6923cb0e82285176112b37e05ef19095bf7e1747bf530481963903b5ed940eef	2021-12-02T18:42:37.000Z	https://janelia-mouselight-imagery.s3.amazonaws.com/tracings/tracing_complete/2018-12-01/G-049/consensus.swc
axon_consensus	tracings/tracing_complete/2018-12-01/G-054/consensus.swc	2018-12-01__G-054__consensus.swc	154338	3954e5d6927b65b607e2daedfe6db727	4f7d55dd5237b771defbee0834042bba1eb1627eaeabe04bae7673f8daa5c188	2021-12-02T18:42:38.000Z	https://janelia-mouselight-imagery.s3.amazonaws.com/tracings/tracing_complete/2018-12-01/G-054/consensus.swc
axon_consensus	tracings/tracing_complete/2018-12-01/G-056/consensus.swc	2018-12-01__G-056__consensus.swc	1343541	4e507cf010d4d74067a0d4750907ab60	eb50cef927de410c8e2102567fd6902d47de77951c04f148fa691e391fd56309	2021-12-02T18:42:38.000Z	https://janelia-mouselight-imagery.s3.amazonaws.com/tracings/tracing_complete/2018-12-01/G-056/consensus.swc
axon_consensus	tracings/tracing_complete/2018-12-01/G-057/consensus.swc	2018-12-01__G-057__consensus.swc	107671	e092a71f97bfcd413919b7885cb5484d	fad276e3909c16c47a2efde0b5da289bcffb4e02e5ef1fa72a1a688d5b28b618	2021-12-02T18:42:38.000Z	https://janelia-mouselight-imagery.s3.amazonaws.com/tracings/tracing_complete/2018-12-01/G-057/consensus.swc
axon_consensus	tracings/tracing_complete/2018-12-01/G-059/consensus.swc	2018-12-01__G-059__consensus.swc	330563	a531cb4e5ebf803282a861fc71b872bb	99cc298ba81da1f3a8ebc22b2b6d385a1e45f98935a6ad80015325372b960a63	2021-12-02T18:42:38.000Z	https://janelia-mouselight-imagery.s3.amazonaws.com/tracings/tracing_complete/2018-12-01/G-059/consensus.swc
axon_consensus	tracings/tracing_complete/2018-12-01/G-067/consensus.swc	2018-12-01__G-067__consensus.swc	177999	1306acd3f35cf6a60d87e080b6d761f6	29b148187d02e6b7e49ddd51a275dab6df867b2a3c35abedd8c4b0a07716f81e	2021-12-02T18:42:38.000Z	https://janelia-mouselight-imagery.s3.amazonaws.com/tracings/tracing_complete/2018-12-01/G-067/consensus.swc
axon_consensus	tracings/tracing_complete/2018-12-01/G-069/consensus.swc	2018-12-01__G-069__consensus.swc	232856	aa7cd6dcce11c767b5560c3383fc8034	546753c5027fe21fb3d6e7db7f5d4b7f495c43da77c28a4d8deb4c8dc2bf380f	2021-12-02T18:42:38.000Z	https://janelia-mouselight-imagery.s3.amazonaws.com/tracings/tracing_complete/2018-12-01/G-069/consensus.swc
axon_consensus	tracings/tracing_complete/2018-12-01/G-074/consensus.swc	2018-12-01__G-074__consensus.swc	209504	ceb83a997078895107c60b5a7d392c2d	b8edd4ef00f01eea2f1bb365a526bfc0d425b3a698a15a1af537333a12d8f822	2021-12-02T18:42:39.000Z	https://janelia-mouselight-imagery.s3.amazonaws.com/tracings/tracing_complete/2018-12-01/G-074/consensus.swc
axon_consensus	tracings/tracing_complete/2019-04-17/G-029/consensus.swc	2019-04-17__G-029__consensus.swc	294598	9694fd0f96985721413055979c65ef9b	f8a1fe32d746045bbbff2ed0c6b0215d004ffd93ad672d73779767bf126263b0	2021-12-02T18:42:56.000Z	https://janelia-mouselight-imagery.s3.amazonaws.com/tracings/tracing_complete/2019-04-17/G-029/consensus.swc
axon_consensus	tracings/tracing_complete/2019-05-27/G-001/consensus.swc	2019-05-27__G-001__consensus.swc	78863	4359cfed1aceee4e758ca493d248d6f0	70bf180d5d34df29aa8e8ae6673430b160c914aad2eb9ec52fdaa65576220737	2021-12-02T18:42:56.000Z	https://janelia-mouselight-imagery.s3.amazonaws.com/tracings/tracing_complete/2019-05-27/G-001/consensus.swc
axon_consensus	tracings/tracing_complete/2019-05-27/G-006/consensus.swc	2019-05-27__G-006__consensus.swc	1271734	793d263f27110fac6c91f93b09dbfba8	019c77ed24862cc85b22b9902a60a3ec465ace449ab4844f5b11a449ea8e6214	2021-12-02T18:42:56.000Z	https://janelia-mouselight-imagery.s3.amazonaws.com/tracings/tracing_complete/2019-05-27/G-006/consensus.swc
axon_consensus	tracings/tracing_complete/2019-05-27/G-010/consensus.swc	2019-05-27__G-010__consensus.swc	588807	1563bcb521f0531ae205c0e3d82bbd06	5926cb746b2a8e549e87d7906f3f81278627be8ec8b9e17474ad4c431fabaaf9	2021-12-02T18:42:57.000Z	https://janelia-mouselight-imagery.s3.amazonaws.com/tracings/tracing_complete/2019-05-27/G-010/consensus.swc
axon_consensus	tracings/tracing_complete/2019-05-27/G-019/consensus.swc	2019-05-27__G-019__consensus.swc	841706	3b9173f97456e9b1410e4c408d33219e	913ea24024e4ebede13e550c0691e485d6319e7e378eff7662b11400015671f3	2021-12-02T18:42:57.000Z	https://janelia-mouselight-imagery.s3.amazonaws.com/tracings/tracing_complete/2019-05-27/G-019/consensus.swc
axon_consensus	tracings/tracing_complete/2019-05-27/G-020/consensus.swc	2019-05-27__G-020__consensus.swc	240687	8df98e77a60fe277a1f8d788ad4e276a	e9c0028fb40d5a7c659dadd624c8001c1195481711e61cacddedfae7c62484b7	2021-12-02T18:42:57.000Z	https://janelia-mouselight-imagery.s3.amazonaws.com/tracings/tracing_complete/2019-05-27/G-020/consensus.swc
axon_consensus	tracings/tracing_complete/2019-05-27/G-032/consensus.swc	2019-05-27__G-032__consensus.swc	1112772	970d54a814d263937231eefe12e47e7f	c8395d70f57efabce3b035f010df10a0263d11fef688d31735707b6b6775453c	2021-12-02T18:42:58.000Z	https://janelia-mouselight-imagery.s3.amazonaws.com/tracings/tracing_complete/2019-05-27/G-032/consensus.swc
axon_consensus	tracings/tracing_complete/2019-05-27/G-036/consensus.swc	2019-05-27__G-036__consensus.swc	447682	23d392f8153c99a239ae899c87380fd5	16a7254944eed0cf820c71f3ceaf0702bacafb112dfec3b6bf93faa30c1ccabf	2021-12-02T18:42:58.000Z	https://janelia-mouselight-imagery.s3.amazonaws.com/tracings/tracing_complete/2019-05-27/G-036/consensus.swc
axon_consensus	tracings/tracing_complete/2019-05-27/G-047/consensus.swc	2019-05-27__G-047__consensus.swc	288015	f4bf4dc6624d5ba4aa868a999c2d2a85	cdce87e40196b4ab9fdcdad0ce1931083718d94f9d4a4c497067585eb217d6a6	2021-12-02T18:42:58.000Z	https://janelia-mouselight-imagery.s3.amazonaws.com/tracings/tracing_complete/2019-05-27/G-047/consensus.swc
axon_consensus	tracings/tracing_complete/2019-05-27/G-080/consensus.swc	2019-05-27__G-080__consensus.swc	177095	df7804fb4b1bf53c1c2f5a6e99fdbd0c	437dfc9a1c8cf7a1b4db366e6e9d84351b6058a2b87493b96ff71ee2fd56459f	2021-12-02T18:42:59.000Z	https://janelia-mouselight-imagery.s3.amazonaws.com/tracings/tracing_complete/2019-05-27/G-080/consensus.swc
axon_consensus	tracings/tracing_complete/2019-05-27/G-098/consensus.swc	2019-05-27__G-098__consensus.swc	221638	eb1fb014dac69d38a5392e91a368df61	b0d8d1735b73c76a6f53ea9b60e1ec221ed9299935ab9aaf7c8822f7795d77f4	2021-12-02T18:43:00.000Z	https://janelia-mouselight-imagery.s3.amazonaws.com/tracings/tracing_complete/2019-05-27/G-098/consensus.swc
axon_consensus	tracings/tracing_complete/2019-05-27/G-105/consensus.swc	2019-05-27__G-105__consensus.swc	637664	dfcf75329fc090e774901d06e88b7873	dcfe6a5427f26254030cded7d5ad23eec21233a216a379a924f0d8fe916726c5	2021-12-02T18:43:00.000Z	https://janelia-mouselight-imagery.s3.amazonaws.com/tracings/tracing_complete/2019-05-27/G-105/consensus.swc
axon_consensus	tracings/tracing_complete/2019-05-27/G-107/consensus.swc	2019-05-27__G-107__consensus.swc	181744	a2a3677202503c3837ba6dd83bb077bc	a10a9dfcd3e6bb4d103839464e9273802f82fcc35d03a2870a8b66a47fcdff4b	2021-12-02T18:43:00.000Z	https://janelia-mouselight-imagery.s3.amazonaws.com/tracings/tracing_complete/2019-05-27/G-107/consensus.swc
axon_consensus	tracings/tracing_complete/2019-08-08/G-004/consensus.swc	2019-08-08__G-004__consensus.swc	399129	b812b07f21220f886d4862bd32fddb4f	4e9cbaf88c9e530a693cec5d1ff7ab18e3092fcaa9071bbb1c10a08a507b9f23	2021-12-02T18:42:53.000Z	https://janelia-mouselight-imagery.s3.amazonaws.com/tracings/tracing_complete/2019-08-08/G-004/consensus.swc
axon_consensus	tracings/tracing_complete/2019-09-06/G-005/consensus.swc	2019-09-06__G-005__consensus.swc	57938	407ac0be506a3b4dcf3e0555a5c77e9d	d4933e887313af21ae79aa9e77ddfa83a9945455fbd7a8fd8940dfb89c387fe7	2021-12-02T18:42:56.000Z	https://janelia-mouselight-imagery.s3.amazonaws.com/tracings/tracing_complete/2019-09-06/G-005/consensus.swc
axon_consensus	tracings/tracing_complete/2019-09-06/G-006/consensus.swc	2019-09-06__G-006__consensus.swc	186047	f4e5c7719d34d7d6364090906668a84d	5e55c17f54f05ddcfae3043ee0c3ea7bb2b2582ff5976a37a131727f73b508d4	2021-12-02T18:42:56.000Z	https://janelia-mouselight-imagery.s3.amazonaws.com/tracings/tracing_complete/2019-09-06/G-006/consensus.swc
axon_consensus	tracings/tracing_complete/2019-09-06/G-018/consensus.swc	2019-09-06__G-018__consensus.swc	367059	82fd6a375ddcaba3013e3b4f0dd71afb	f65843b4fba0eb195d99d67a0f0392d9b002eab122103294443ed16e19b15f18	2021-12-02T18:42:57.000Z	https://janelia-mouselight-imagery.s3.amazonaws.com/tracings/tracing_complete/2019-09-06/G-018/consensus.swc
axon_consensus	tracings/tracing_complete/2019-09-06/G-020/consensus.swc	2019-09-06__G-020__consensus.swc	220310	69b984d224c9dd5176386a4afcaf0a84	e70856ccd84cdb37bbe2d8b6c6b2bb8d5e413e55d02b0ee56c6b082e5bc3650f	2021-12-02T18:42:57.000Z	https://janelia-mouselight-imagery.s3.amazonaws.com/tracings/tracing_complete/2019-09-06/G-020/consensus.swc
axon_consensus	tracings/tracing_complete/2019-09-06/G-031/consensus.swc	2019-09-06__G-031__consensus.swc	577371	1b1116cd87c40c8fec85ce970911a1ef	6ebd6f46189bb59f9e98231efcd92f22a578c0f52d7d9e22e3ca8d997f7d0dd6	2021-12-02T18:42:57.000Z	https://janelia-mouselight-imagery.s3.amazonaws.com/tracings/tracing_complete/2019-09-06/G-031/consensus.swc
axon_consensus	tracings/tracing_complete/2019-09-06/G-032/consensus.swc	2019-09-06__G-032__consensus.swc	752627	3cdb388032c67f9a25f0385f825d1e0d	a9698cdfa762bd15d9cb866d4cdeb9cf0fab811209f373f956a96a78e6999e93	2021-12-02T18:42:57.000Z	https://janelia-mouselight-imagery.s3.amazonaws.com/tracings/tracing_complete/2019-09-06/G-032/consensus.swc
axon_consensus	tracings/tracing_complete/2019-09-06/G-044/consensus.swc	2019-09-06__G-044__consensus.swc	134465	055848753890e82c932e77fa8a8f3fae	cba9bfee391bac0ccac008f0bf34d7642445857df4df4233883a9a327901f136	2021-12-02T18:42:58.000Z	https://janelia-mouselight-imagery.s3.amazonaws.com/tracings/tracing_complete/2019-09-06/G-044/consensus.swc
axon_consensus	tracings/tracing_complete/2019-09-06/G-045/consensus.swc	2019-09-06__G-045__consensus.swc	113991	5d6a608262c26df2af2667b888714e47	f46c42180c3c4cd214a32ebabb2128123904014654333d586a8924b7aeb331ad	2021-12-02T18:42:58.000Z	https://janelia-mouselight-imagery.s3.amazonaws.com/tracings/tracing_complete/2019-09-06/G-045/consensus.swc
axon_consensus	tracings/tracing_complete/2019-09-06/G-046/consensus.swc	2019-09-06__G-046__consensus.swc	50081	857b55e1a4e60ebbdf8843e12682af48	985111dfd5d19bf14f7753b4d3efa1d839019bab4734893bba29eb886ce17ab2	2021-12-02T18:42:58.000Z	https://janelia-mouselight-imagery.s3.amazonaws.com/tracings/tracing_complete/2019-09-06/G-046/consensus.swc
axon_consensus	tracings/tracing_complete/2019-09-06/G-057/consensus.swc	2019-09-06__G-057__consensus.swc	109273	25e03996ddaa76d73ecb1a36de978d2d	3daca402eccdc5cf5e569d0cdbb82d927676fa12544b40da817d25f7f5bd6cbf	2021-12-02T18:42:58.000Z	https://janelia-mouselight-imagery.s3.amazonaws.com/tracings/tracing_complete/2019-09-06/G-057/consensus.swc
axon_consensus	tracings/tracing_complete/2019-09-06/G-063/consensus.swc	2019-09-06__G-063__consensus.swc	992848	e0239008cdc947bb784a791d3504e54f	89073754aa4b07391c0580977208945f155db4ba7f99f940e0bf77c1cdc60f71	2021-12-02T18:42:58.000Z	https://janelia-mouselight-imagery.s3.amazonaws.com/tracings/tracing_complete/2019-09-06/G-063/consensus.swc
axon_consensus	tracings/tracing_complete/2019-09-06/G-077/consensus.swc	2019-09-06__G-077__consensus.swc	284157	1aeda3b40420c42ee3bf33fa6bce4394	783094f5cd49e72744c576c6acd02c1e4aa5924320092fc94170a2968c7fb819	2021-12-02T18:42:59.000Z	https://janelia-mouselight-imagery.s3.amazonaws.com/tracings/tracing_complete/2019-09-06/G-077/consensus.swc
axon_consensus	tracings/tracing_complete/2019-09-06/G-085/consensus.swc	2019-09-06__G-085__consensus.swc	224766	153b5e6bf9e7232c396e2918ca76342a	d8e8ebc58ce4e39c27a768f252f2af782501e9ee8d06acb44f9fe95415095a8b	2021-12-02T18:42:59.000Z	https://janelia-mouselight-imagery.s3.amazonaws.com/tracings/tracing_complete/2019-09-06/G-085/consensus.swc
axon_consensus	tracings/tracing_complete/2019-09-06/G-090/consensus.swc	2019-09-06__G-090__consensus.swc	118090	3073b5d5faba38ee768e170e29d8cb0c	6a42ba093c4a08aa4265f12715f4f5a8afb81f8735758e883e2f0a65a46491b9	2021-12-02T18:42:59.000Z	https://janelia-mouselight-imagery.s3.amazonaws.com/tracings/tracing_complete/2019-09-06/G-090/consensus.swc
axon_consensus	tracings/tracing_complete/2019-09-06/G-095/consensus.swc	2019-09-06__G-095__consensus.swc	156323	8adb991314dc34f075adb4374084495b	0e932f2ee6dc31159887102e990c4773412d848f349a618835b6313c3d65bcb0	2021-12-02T18:42:59.000Z	https://janelia-mouselight-imagery.s3.amazonaws.com/tracings/tracing_complete/2019-09-06/G-095/consensus.swc
axon_consensus	tracings/tracing_complete/2019-09-06/G-099/consensus.swc	2019-09-06__G-099__consensus.swc	1446035	c3a1e4a8801e8e2cad54ea551ac88adf	e62b4eaf5851957571e8585741ad60559aafbba34913b4574875b9aa3970fdf1	2021-12-02T18:43:00.000Z	https://janelia-mouselight-imagery.s3.amazonaws.com/tracings/tracing_complete/2019-09-06/G-099/consensus.swc
axon_consensus	tracings/tracing_complete/2019-09-06/G-100/consensus.swc	2019-09-06__G-100__consensus.swc	1555095	3e9dacbddebe191f1c38a5f70d4d2af5	fac30060a3f6a0e9485a024c7f98a6166f5d290a7b32c9ee2af847675c7b1dfa	2021-12-02T18:43:00.000Z	https://janelia-mouselight-imagery.s3.amazonaws.com/tracings/tracing_complete/2019-09-06/G-100/consensus.swc
axon_consensus	tracings/tracing_complete/2019-09-06/G-111/consensus.swc	2019-09-06__G-111__consensus.swc	140025	5e6ebc5940c2b145ed2853170fd40432	50053dd3c8729d311ee2756231ebfcdc8f645f180af76f1c7cdc139bdf7d5ae6	2021-12-02T18:43:00.000Z	https://janelia-mouselight-imagery.s3.amazonaws.com/tracings/tracing_complete/2019-09-06/G-111/consensus.swc
axon_consensus	tracings/tracing_complete/2019-10-04/G-008/consensus.swc	2019-10-04__G-008__consensus.swc	2149974	4751d67363476a6e0e18e313ded35104	a5b441982206f8e02992c138889e7e4ef0de85d12e7e51bd12c35bbfab1fcc8f	2021-12-02T18:42:54.000Z	https://janelia-mouselight-imagery.s3.amazonaws.com/tracings/tracing_complete/2019-10-04/G-008/consensus.swc
axon_consensus	tracings/tracing_complete/2019-12-25/G-001/consensus.swc	2019-12-25__G-001__consensus.swc	422133	03fe8037bbb942d3826e49ba8be5b458	2df326aed2ae675ea8a05c3a7a8bca58c0a44972b131a2add146d099410029f7	2021-12-02T18:42:53.000Z	https://janelia-mouselight-imagery.s3.amazonaws.com/tracings/tracing_complete/2019-12-25/G-001/consensus.swc
axon_consensus	tracings/tracing_complete/2019-12-25/G-004/consensus.swc	2019-12-25__G-004__consensus.swc	501476	afc3f2d8549ef847c9851a83f9477b00	5a1121b58e58f6ad59a4400273227407196d2034b210749be98dd6bec676ec89	2021-12-02T18:42:53.000Z	https://janelia-mouselight-imagery.s3.amazonaws.com/tracings/tracing_complete/2019-12-25/G-004/consensus.swc
axon_consensus	tracings/tracing_complete/2020-01-23/G-001/consensus.swc	2020-01-23__G-001__consensus.swc	4425599	ec09344bcca2b5be39bf5c59e034bb78	3cf69a9e299bb99614aae2872452d33632fdf41016b876495fa4fde2a13ad13e	2021-12-02T18:42:43.000Z	https://janelia-mouselight-imagery.s3.amazonaws.com/tracings/tracing_complete/2020-01-23/G-001/consensus.swc
axon_consensus	tracings/tracing_complete/2020-02-24/G-003/consensus.swc	2020-02-24__G-003__consensus.swc	1138711	dfb9c46e144c076d5aa8c622d653f0ba	6b2059b36c50c4142fc9f8376b86b46df16cee83b060b703b627ff040cd9c893	2021-12-02T18:42:43.000Z	https://janelia-mouselight-imagery.s3.amazonaws.com/tracings/tracing_complete/2020-02-24/G-003/consensus.swc
axon_consensus	tracings/tracing_complete/2020-02-24/G-014/consensus.swc	2020-02-24__G-014__consensus.swc	740579	80d65238e6ad9ba2f455df1f8dd2d75a	c7fff2463d4042abe0e893e5bf10b97b122242561e0a43b770f8a4426255d118	2021-12-02T18:42:43.000Z	https://janelia-mouselight-imagery.s3.amazonaws.com/tracings/tracing_complete/2020-02-24/G-014/consensus.swc
axon_consensus	tracings/tracing_complete/2020-02-24/G-023/consensus.swc	2020-02-24__G-023__consensus.swc	1225973	78ea8667d31324e661d6736afddb3e69	7703b53e32e98b05b532f7bc12d4d0fa2c58b6e177532914b6161553751db286	2021-12-02T18:42:43.000Z	https://janelia-mouselight-imagery.s3.amazonaws.com/tracings/tracing_complete/2020-02-24/G-023/consensus.swc
axon_consensus	tracings/tracing_complete/2020-02-24/G-028/consensus.swc	2020-02-24__G-028__consensus.swc	557169	aaca05153932306809c63bf9cb184f11	27acc28038404916a8ced7578aa3bf690d58260629ba054358304668daa3bf05	2021-12-02T18:42:43.000Z	https://janelia-mouselight-imagery.s3.amazonaws.com/tracings/tracing_complete/2020-02-24/G-028/consensus.swc
axon_consensus	tracings/tracing_complete/2020-02-24/G-033/consensus.swc	2020-02-24__G-033__consensus.swc	873639	edf9baa2cb20859835d2e507dd01d729	fb3c1ddaeda3c46847f5903abd5b9be585414a5ff6c92b6ca53f48a31d1857f0	2021-12-02T18:42:43.000Z	https://janelia-mouselight-imagery.s3.amazonaws.com/tracings/tracing_complete/2020-02-24/G-033/consensus.swc
axon_consensus	tracings/tracing_complete/2020-04-15/G-003/consensus.swc	2020-04-15__G-003__consensus.swc	492459	9a1b4e1bd68ececad05826a81a1ced89	1f75f5c04980cf462fd1995a1e753eb31e83bbdf55a22a4cc89fbea3a6052291	2021-12-02T18:42:43.000Z	https://janelia-mouselight-imagery.s3.amazonaws.com/tracings/tracing_complete/2020-04-15/G-003/consensus.swc
axon_consensus	tracings/tracing_complete/2020-04-15/G-007/consensus.swc	2020-04-15__G-007__consensus.swc	546557	b8df20ba80005ecd58ac4b9b5bb6cf7f	b008fb65f37f3a4c0d66c558276233c88dc57e2d8ef3db8b2e939208aadf366c	2021-12-02T18:42:43.000Z	https://janelia-mouselight-imagery.s3.amazonaws.com/tracings/tracing_complete/2020-04-15/G-007/consensus.swc
axon_consensus	tracings/tracing_complete/2020-04-15/G-030/consensus.swc	2020-04-15__G-030__consensus.swc	813313	5bd5e79eabb210f53ae5c3e100ea4c52	e4f1c8ae6bfc419ca35034f7d2f4bd8c2043e416e4ef960aa3da398bbe153bb8	2021-12-02T18:42:43.000Z	https://janelia-mouselight-imagery.s3.amazonaws.com/tracings/tracing_complete/2020-04-15/G-030/consensus.swc
axon_consensus	tracings/tracing_complete/2020-04-15/G-037/consensus.swc	2020-04-15__G-037__consensus.swc	315325	0dd855638560562dab01f581c2ff9e4e	4eb4f97c4b0cbeaa5ade910daaa9aa715b58b687ac736e12b45a6eaec861a9e3	2021-12-02T18:42:43.000Z	https://janelia-mouselight-imagery.s3.amazonaws.com/tracings/tracing_complete/2020-04-15/G-037/consensus.swc
axon_consensus	tracings/tracing_complete/2020-04-15/G-038/consensus.swc	2020-04-15__G-038__consensus.swc	457863	988eb21f03a533f00161417b4b160c3d	4b6361b9346b5d7fb5d6fe01aebc21d88f167806d930109ba89fd6e3f40dd4f7	2021-12-02T18:42:43.000Z	https://janelia-mouselight-imagery.s3.amazonaws.com/tracings/tracing_complete/2020-04-15/G-038/consensus.swc
axon_consensus	tracings/tracing_complete/2020-04-15/G-039/consensus.swc	2020-04-15__G-039__consensus.swc	303883	7c116f2ba3658cd901915ee531bef161	3a6318dd642759e76b97c3f0d2fc30cf9352a109a18d4fb8d5443e8baad34a7b	2021-12-02T18:42:43.000Z	https://janelia-mouselight-imagery.s3.amazonaws.com/tracings/tracing_complete/2020-04-15/G-039/consensus.swc
axon_consensus	tracings/tracing_complete/2020-04-15/G-040/consensus.swc	2020-04-15__G-040__consensus.swc	310989	0c11d891937e63b0f28a95cac7c90c86	0ed78b5eae495c57ca8ff70e66c41cadcf7aa459f578f3e0a55a8cd216e1e44c	2021-12-02T18:42:43.000Z	https://janelia-mouselight-imagery.s3.amazonaws.com/tracings/tracing_complete/2020-04-15/G-040/consensus.swc
axon_consensus	tracings/tracing_complete/2020-04-15/G-051/consensus.swc	2020-04-15__G-051__consensus.swc	651119	5441a06cf80dbe814a7993ad7a7072c7	382596ec90cbe3ec212301beaf8282c9b46680ec3dcd9cbe565cdedcb91322da	2021-12-02T18:42:44.000Z	https://janelia-mouselight-imagery.s3.amazonaws.com/tracings/tracing_complete/2020-04-15/G-051/consensus.swc
axon_consensus	tracings/tracing_complete/2020-04-15/G-058/consensus.swc	2020-04-15__G-058__consensus.swc	1375907	65c361dd8c4e534147e294482780560b	67273b26a99d336c1baef95497a1bd58f6bcfa7b6a9bc86eb6c2207c0bb75f2c	2021-12-02T18:42:44.000Z	https://janelia-mouselight-imagery.s3.amazonaws.com/tracings/tracing_complete/2020-04-15/G-058/consensus.swc
axon_consensus	tracings/tracing_complete/2020-09-15/G-010/consensus.swc	2020-09-15__G-010__consensus.swc	539268	3a2884636ed0984c1c7f258f4a3ff814	83a105ccdaaa4a1014738a4197b950425113dbf426fbccc1a6798c98302dfcbd	2021-12-02T18:42:44.000Z	https://janelia-mouselight-imagery.s3.amazonaws.com/tracings/tracing_complete/2020-09-15/G-010/consensus.swc
axon_consensus	tracings/tracing_complete/2020-09-15/G-046/consensus.swc	2020-09-15__G-046__consensus.swc	470732	3850c66f3a5490a6de72b3029263d247	1d32c3bd75c85cd31c7a057f73ad0f49413fccd234447fa2631a225635658e3e	2021-12-02T18:42:44.000Z	https://janelia-mouselight-imagery.s3.amazonaws.com/tracings/tracing_complete/2020-09-15/G-046/consensus.swc
axon_consensus	tracings/tracing_complete/2020-09-15/G-054/consensus.swc	2020-09-15__G-054__consensus.swc	237715	453b1f6371969c5aaa76d9102e260f63	b53f6b3f266d39ab66209830dae1f5bcb10a3ef27247cb50c9982136747f848d	2021-12-02T18:42:45.000Z	https://janelia-mouselight-imagery.s3.amazonaws.com/tracings/tracing_complete/2020-09-15/G-054/consensus.swc
axon_consensus	tracings/tracing_complete/2020-09-15/G-060/consensus.swc	2020-09-15__G-060__consensus.swc	320977	f0119e818f2794e068d7dd0ea5b81620	757e09dc05a68f76bb7d2018465b610a40d32ee0f7d15bc9c2f890c934194660	2021-12-02T18:42:45.000Z	https://janelia-mouselight-imagery.s3.amazonaws.com/tracings/tracing_complete/2020-09-15/G-060/consensus.swc
axon_consensus	tracings/tracing_complete/2020-09-15/G-063/consensus.swc	2020-09-15__G-063__consensus.swc	519113	9c2d896bb07d5cd7ca492ba6d54143b5	54ec257df3637669f00592388209592aeca7e9dffa1d8e985b13273825622d52	2021-12-02T18:42:45.000Z	https://janelia-mouselight-imagery.s3.amazonaws.com/tracings/tracing_complete/2020-09-15/G-063/consensus.swc
axon_consensus	tracings/tracing_complete/2020-09-15/G-065/consensus.swc	2020-09-15__G-065__consensus.swc	373635	f547a7490725ae1ac5de7bf77e8e3a9b	876aed316e7a54378e6146d2f130ad03a41d90f10700493d979c781dbd2a4f18	2021-12-02T18:42:45.000Z	https://janelia-mouselight-imagery.s3.amazonaws.com/tracings/tracing_complete/2020-09-15/G-065/consensus.swc
axon_consensus	tracings/tracing_complete/2020-11-26/G-002/consensus.swc	2020-11-26__G-002__consensus.swc	206418	f1a7b802ce62aa83ff66fd5d37bb5662	d7db0926fb90400c28a37d92ae4d2e79abffa170d1e7561aa523c2361508989d	2021-12-02T18:42:42.000Z	https://janelia-mouselight-imagery.s3.amazonaws.com/tracings/tracing_complete/2020-11-26/G-002/consensus.swc
axon_consensus	tracings/tracing_complete/2020-11-26/G-008/consensus.swc	2020-11-26__G-008__consensus.swc	668382	ace1908f232d822a2139be00d181bd24	18d8d8bbfcb1cf62eb749b0bbebf7632d3843015d2214924c8d85bc79a20b9db	2021-12-02T18:42:43.000Z	https://janelia-mouselight-imagery.s3.amazonaws.com/tracings/tracing_complete/2020-11-26/G-008/consensus.swc
axon_consensus	tracings/tracing_complete/2020-11-26/G-009/consensus.swc	2020-11-26__G-009__consensus.swc	248178	1b53f1e753b0580b9afb66afb82c2d56	58b4a1bfd92e3cf30c666bb2310423676daf73e4d6228f3fb338be9426e9bdbf	2021-12-02T18:42:43.000Z	https://janelia-mouselight-imagery.s3.amazonaws.com/tracings/tracing_complete/2020-11-26/G-009/consensus.swc
axon_consensus	tracings/tracing_complete/2021-03-17/G-016/consensus.swc	2021-03-17__G-016__consensus.swc	218073	c578380660eaf2e2f56c0a56784dbe39	e5de380f1fb431efc678689b147a2887184e440f2b5289309afc3bb0b2316bc1	2025-10-31T17:17:38.000Z	https://janelia-mouselight-imagery.s3.amazonaws.com/tracings/tracing_complete/2021-03-17/G-016/consensus.swc
axon_consensus	tracings/tracing_complete/2021-03-17/G-020/consensus.swc	2021-03-17__G-020__consensus.swc	183374	3d315ae5fe0fb045bbb91a80482a91f2	d1f6200f599ad7ad5ca2beafc4c1cb6d63bb96d997d059cf06adef4112835e92	2025-10-31T17:17:33.000Z	https://janelia-mouselight-imagery.s3.amazonaws.com/tracings/tracing_complete/2021-03-17/G-020/consensus.swc
axon_consensus	tracings/tracing_complete/2021-06-06/G-006/consensus.swc	2021-06-06__G-006__consensus.swc	101503	dcb0dc04d5091aa57aa50cf5b5e7e56e	02508a0d9a524c165d31a58179871df0fa9ce30ab06d0f44aeb6b763ea3001ad	2022-05-02T17:47:23.000Z	https://janelia-mouselight-imagery.s3.amazonaws.com/tracings/tracing_complete/2021-06-06/G-006/consensus.swc
axon_consensus	tracings/tracing_complete/2021-09-16/G-014/consensus.swc	2021-09-16__G-014__consensus.swc	359326	5153a0df84b8607d39e52f625d51e671	cf1a9326e7b9242749e2cca73ab9ba5fd3e2e103a8ac8c2e52c963ae24ddf181	2022-04-29T13:10:54.000Z	https://janelia-mouselight-imagery.s3.amazonaws.com/tracings/tracing_complete/2021-09-16/G-014/consensus.swc
axon_consensus	tracings/tracing_complete/2022-05-10/G-002/consensus.swc	2022-05-10__G-002__consensus.swc	98915	0fa84749945bc66b6b1c3ee36ba4ac9a	0206575c2beb41e56678e0afd6d552df20683f16dc699890fd85ed93724a2085	2025-10-31T17:09:53.000Z	https://janelia-mouselight-imagery.s3.amazonaws.com/tracings/tracing_complete/2022-05-10/G-002/consensus.swc
axon_consensus	tracings/tracing_complete/2022-05-10/G-020/consensus.swc	2022-05-10__G-020__consensus.swc	126518	94d390cb9771c7ab5f5daf53dff29d53	2bb427b5580286ee3af9ee74de16788d54a00a91fa9c333fe253b60e62fe9abb	2025-10-31T17:09:16.000Z	https://janelia-mouselight-imagery.s3.amazonaws.com/tracings/tracing_complete/2022-05-10/G-020/consensus.swc
axon_consensus	tracings/tracing_complete/2022-05-10/G-039/consensus.swc	2022-05-10__G-039__consensus.swc	200382	3d47d0d7afed213c3173332611ff4f5b	e66c200a2e64674c28ba852eb4675c3f1be603a297e802b9ad1e719bd0a43e46	2025-10-31T17:08:25.000Z	https://janelia-mouselight-imagery.s3.amazonaws.com/tracings/tracing_complete/2022-05-10/G-039/consensus.swc
axon_consensus	tracings/tracing_complete/2022-05-10/G-050/consensus.swc	2022-05-10__G-050__consensus.swc	105528	85a93aa86d2be142c85a34cfbc6c89a2	ee2ba8745b8911615edf4925fa9f52eda6bdaa9117ab4d66b0a26b211aab7b8c	2025-10-31T17:08:17.000Z	https://janelia-mouselight-imagery.s3.amazonaws.com/tracings/tracing_complete/2022-05-10/G-050/consensus.swc
axon_consensus	tracings/tracing_complete/2022-05-30/G-004/consensus.swc	2022-05-30__G-004__consensus.swc	131632	831317f8639964eab9c1635c04fbd711	5b045dd4fafc4b8cfeacf43dd7fce1a782f8ca2b7ee8cadfa6b4d05b3270bff9	2025-10-31T17:19:17.000Z	https://janelia-mouselight-imagery.s3.amazonaws.com/tracings/tracing_complete/2022-05-30/G-004/consensus.swc
axon_consensus	tracings/tracing_complete/2022-05-30/G-009/consensus.swc	2022-05-30__G-009__consensus.swc	714700	68bc96328d8547692d5f09597f75b802	e669cac51002888fe26030cc96bfcf52d0f3b269b022d968fbd12c46083178cd	2025-10-31T17:18:49.000Z	https://janelia-mouselight-imagery.s3.amazonaws.com/tracings/tracing_complete/2022-05-30/G-009/consensus.swc
axon_consensus	tracings/tracing_complete/2022-05-30/G-043/consensus.swc	2022-05-30__G-043__consensus.swc	169498	5715754912a3745bcb91ab1643a7c22b	e6379fd11499aebc9ca29a4ce7889f97f4dc2a1ff991cd112ccc61c5bf3a6280	2025-10-31T17:18:38.000Z	https://janelia-mouselight-imagery.s3.amazonaws.com/tracings/tracing_complete/2022-05-30/G-043/consensus.swc
dendrite	tracings/tracing_complete/2015-06-19/G-001/dendrite.swc	2015-06-19__G-001__dendrite.swc	50072	40a8b90ce435c2aae2c5f08f09abfe1e	05af2f7b5790cb76ce7beeb03a37a5f0d8d82206d50354390310c5aa95fc793b	2021-12-02T18:42:23.000Z	https://janelia-mouselight-imagery.s3.amazonaws.com/tracings/tracing_complete/2015-06-19/G-001/dendrite.swc
dendrite	tracings/tracing_complete/2015-06-19/G-007/dendrite.swc	2015-06-19__G-007__dendrite.swc	107864	69fee4104d6ce8c9f250728f3d647d98	8aae47e9cd8b9aa81f7d6f60bf9fded622ef50857a543a39e9b93bc249c163c1	2021-12-02T18:42:24.000Z	https://janelia-mouselight-imagery.s3.amazonaws.com/tracings/tracing_complete/2015-06-19/G-007/dendrite.swc
dendrite	tracings/tracing_complete/2015-06-19/G-008/dendrite.swc	2015-06-19__G-008__dendrite.swc	660627	a9d8f8d068f7a5c3835de47d8f9792ea	20f003a52e7b9ccab59b0e65600d720cc44742a32ee1aa2976b7a29c48c7f7b5	2021-12-02T18:42:24.000Z	https://janelia-mouselight-imagery.s3.amazonaws.com/tracings/tracing_complete/2015-06-19/G-008/dendrite.swc
dendrite	tracings/tracing_complete/2015-06-19/G-010/dendrite.swc	2015-06-19__G-010__dendrite.swc	100032	fc6091a1e5bd51dcec0ae174055a7352	81bff6897db5e3a0be10ecad63a73bda1509f91feb7f480e4deffc33d7ffa60b	2021-12-02T18:42:24.000Z	https://janelia-mouselight-imagery.s3.amazonaws.com/tracings/tracing_complete/2015-06-19/G-010/dendrite.swc
dendrite	tracings/tracing_complete/2015-06-19/G-011/dendrite.swc	2015-06-19__G-011__dendrite.swc	917461	cee4d8a93e84f691c6325b76dceb12f3	afc43f6b5e6c614ee9353e77f36c01040bc82e0430af943e7bbc5f88848e3a54	2021-12-02T18:42:24.000Z	https://janelia-mouselight-imagery.s3.amazonaws.com/tracings/tracing_complete/2015-06-19/G-011/dendrite.swc
dendrite	tracings/tracing_complete/2015-06-19/R-001/dendrite.swc	2015-06-19__R-001__dendrite.swc	60602	629e740aa48870ae34afd4618556f614	216982cfd923c0d647cafc2f33fcd464752936141efe2266b6c92b402a7c4729	2021-12-02T18:42:25.000Z	https://janelia-mouselight-imagery.s3.amazonaws.com/tracings/tracing_complete/2015-06-19/R-001/dendrite.swc
dendrite	tracings/tracing_complete/2015-07-11/G-001/dendrite.swc	2015-07-11__G-001__dendrite.swc	1042144	c6640f8ecfb5fd71690f60b4357cb588	7e2151560fb07beb89b72571907d7feedb0d383768dc4df1ee85eb2b6df1a2f9	2021-12-02T18:42:28.000Z	https://janelia-mouselight-imagery.s3.amazonaws.com/tracings/tracing_complete/2015-07-11/G-001/dendrite.swc
dendrite	tracings/tracing_complete/2015-07-11/G-002/dendrite.swc	2015-07-11__G-002__dendrite.swc	1548342	d031974fbdf314abd292b866158b777a	00fc2900dd5f4deaea6be043eb35f7522ac9805d77553766a2596874754986f1	2021-12-02T18:42:28.000Z	https://janelia-mouselight-imagery.s3.amazonaws.com/tracings/tracing_complete/2015-07-11/G-002/dendrite.swc
dendrite	tracings/tracing_complete/2015-07-11/G-003/dendrite.swc	2015-07-11__G-003__dendrite.swc	854806	45724991d1989e68d01c0943da3dde25	97967efc5b6f62757aeaaee7d803d077779fa444e7335f4d85da255b686027b5	2021-12-02T18:42:28.000Z	https://janelia-mouselight-imagery.s3.amazonaws.com/tracings/tracing_complete/2015-07-11/G-003/dendrite.swc
dendrite	tracings/tracing_complete/2015-07-11/G-004/dendrite.swc	2015-07-11__G-004__dendrite.swc	792333	bfbf290232230063c685c6d0f4eaf280	b892c9b86bf9a0212561bd00a0934618eb46ab99628322160a152e40a8612a07	2021-12-02T18:42:28.000Z	https://janelia-mouselight-imagery.s3.amazonaws.com/tracings/tracing_complete/2015-07-11/G-004/dendrite.swc
dendrite	tracings/tracing_complete/2015-07-11/G-005/dendrite.swc	2015-07-11__G-005__dendrite.swc	588344	23215ffd56efd92cf93584db6bb702c5	403d2e3184f96ec0d194f880e1c537afce05c64675fbf8db10eb7a452f5eef2e	2021-12-02T18:42:28.000Z	https://janelia-mouselight-imagery.s3.amazonaws.com/tracings/tracing_complete/2015-07-11/G-005/dendrite.swc
dendrite	tracings/tracing_complete/2015-07-11/G-006/dendrite.swc	2015-07-11__G-006__dendrite.swc	567204	3746e3574e5186160e7f45524692210e	353c1a116b3009b2dcc8b19e9c0c91b1deb26a665a05f8db302f90c15af21202	2021-12-02T18:42:28.000Z	https://janelia-mouselight-imagery.s3.amazonaws.com/tracings/tracing_complete/2015-07-11/G-006/dendrite.swc
dendrite	tracings/tracing_complete/2015-07-11/G-007/dendrite.swc	2015-07-11__G-007__dendrite.swc	558883	22c514c7f3b59174bb5b50869a4faf86	1b394c36a3af9002d73534f16cc46f14584376be8f474dcb23b160eb818604ae	2021-12-02T18:42:28.000Z	https://janelia-mouselight-imagery.s3.amazonaws.com/tracings/tracing_complete/2015-07-11/G-007/dendrite.swc
dendrite	tracings/tracing_complete/2015-07-11/G-008/dendrite.swc	2015-07-11__G-008__dendrite.swc	817875	8cd07623fd78046b335c77c8da81b6f4	d9a2183f7aacb5104af4c274a64460f2f4c210c65dce10bce0f3e3143a246b1a	2021-12-02T18:42:28.000Z	https://janelia-mouselight-imagery.s3.amazonaws.com/tracings/tracing_complete/2015-07-11/G-008/dendrite.swc
dendrite	tracings/tracing_complete/2015-07-11/R-015/dendrite.swc	2015-07-11__R-015__dendrite.swc	52597	8ff039b2dbaed161b74ef88095ef64f9	79a1b71b3d78b1b4af4a8ce365c3f4f36e57d300dee1ebed9c20f39ca6e8b53a	2021-12-02T18:42:29.000Z	https://janelia-mouselight-imagery.s3.amazonaws.com/tracings/tracing_complete/2015-07-11/R-015/dendrite.swc
dendrite	tracings/tracing_complete/2016-04-04/R-002/dendrite.swc	2016-04-04__R-002__dendrite.swc	51880	b110416d76d7499dacc0fc4195ac4f63	dd9217e9e5045c6806b040c4c9785223aaff6c5dbe22cb267ebf4a92923712f9	2021-12-02T18:42:20.000Z	https://janelia-mouselight-imagery.s3.amazonaws.com/tracings/tracing_complete/2016-04-04/R-002/dendrite.swc
dendrite	tracings/tracing_complete/2016-07-18/G-001/dendrite.swc	2016-07-18__G-001__dendrite.swc	1355424	f3776e299758b9c700293629c57ae12b	6d824967e3a820f11b52ce97c16644e7911da7c8f01e629e4e4c9097a3280206	2021-12-02T18:42:41.000Z	https://janelia-mouselight-imagery.s3.amazonaws.com/tracings/tracing_complete/2016-07-18/G-001/dendrite.swc
dendrite	tracings/tracing_complete/2016-07-18/G-003/dendrite.swc	2016-07-18__G-003__dendrite.swc	542646	81bedc31ee0a4abf75ab1025065d8421	a20d4a7afcde73fb354ee0733616e8d1e53641a97a0b4661c40a990a302491d4	2021-12-02T18:42:41.000Z	https://janelia-mouselight-imagery.s3.amazonaws.com/tracings/tracing_complete/2016-07-18/G-003/dendrite.swc
dendrite	tracings/tracing_complete/2016-07-18/G-004/dendrite.swc	2016-07-18__G-004__dendrite.swc	448061	fc51e804a833d256456ee2b35bcd929f	cbbdcb3739363cfa0ca3ced06738058c2c021fc639bde8dd498636fb6ec04428	2021-12-02T18:42:41.000Z	https://janelia-mouselight-imagery.s3.amazonaws.com/tracings/tracing_complete/2016-07-18/G-004/dendrite.swc
dendrite	tracings/tracing_complete/2016-07-18/G-005/dendrite.swc	2016-07-18__G-005__dendrite.swc	85540	7d51d213a3c7e9c8dcf46a95a3567de2	b8629226c2111d1d7283c709bdd3aae7ff19c964c728b6e79d6ceb456e420663	2021-12-02T18:42:41.000Z	https://janelia-mouselight-imagery.s3.amazonaws.com/tracings/tracing_complete/2016-07-18/G-005/dendrite.swc
dendrite	tracings/tracing_complete/2016-07-18/G-006/dendrite.swc	2016-07-18__G-006__dendrite.swc	932441	d041d981ddda000ca59a44eda76ae84f	5d4487b4b8a1946808bfff0ba08e72e034530e935e39dd024a49f0c7759ae6dc	2021-12-02T18:42:41.000Z	https://janelia-mouselight-imagery.s3.amazonaws.com/tracings/tracing_complete/2016-07-18/G-006/dendrite.swc
dendrite	tracings/tracing_complete/2016-07-18/G-009/dendrite.swc	2016-07-18__G-009__dendrite.swc	386084	17abcce4cbb0a8f566498f1adbb3c684	b7ff24d19eb7f9cc42c8bf82cb122173b7cea1f0be34b8aecfb47e614db79316	2021-12-02T18:42:41.000Z	https://janelia-mouselight-imagery.s3.amazonaws.com/tracings/tracing_complete/2016-07-18/G-009/dendrite.swc
dendrite	tracings/tracing_complete/2016-07-18/G-011/dendrite.swc	2016-07-18__G-011__dendrite.swc	390005	9b0ac4f9e47563c0c8b3bf748792af26	f3d93aa36c6d23e77a3041510dfe903dd2a96d6464794a6edae969a7c36e97ea	2021-12-02T18:42:41.000Z	https://janelia-mouselight-imagery.s3.amazonaws.com/tracings/tracing_complete/2016-07-18/G-011/dendrite.swc
dendrite	tracings/tracing_complete/2016-07-18/G-013/dendrite.swc	2016-07-18__G-013__dendrite.swc	428228	63cb981c67125077de5df1b8da86e352	98fdee359374ddd5fb50124d085371af7587dfc3b8098faf6532c7c2ce3c8880	2021-12-02T18:42:41.000Z	https://janelia-mouselight-imagery.s3.amazonaws.com/tracings/tracing_complete/2016-07-18/G-013/dendrite.swc
dendrite	tracings/tracing_complete/2016-07-18/G-018/dendrite.swc	2016-07-18__G-018__dendrite.swc	497894	4d2dcff8aa3bfbf124523f716f70e59b	e2da7fdf1467980f59eb21109a3a578788da8b8d3f97d21029d1d42ff35bb695	2021-12-02T18:42:41.000Z	https://janelia-mouselight-imagery.s3.amazonaws.com/tracings/tracing_complete/2016-07-18/G-018/dendrite.swc
dendrite	tracings/tracing_complete/2016-10-25/G-004/dendrite.swc	2016-10-25__G-004__dendrite.swc	66456	0b076378ba79d8a3bb599ecf3792f3ee	cbf50c7796d263a6dc35c26114101df21b2b080a81fb28a991e4d62979bb1327	2021-12-02T18:42:41.000Z	https://janelia-mouselight-imagery.s3.amazonaws.com/tracings/tracing_complete/2016-10-25/G-004/dendrite.swc
dendrite	tracings/tracing_complete/2016-10-25/G-007/dendrite.swc	2016-10-25__G-007__dendrite.swc	60900	4a634ac8e3f948f894712fb7babc7543	5ea74589c18b7870d6ec8b2fb89a48982bd707a70392207a208ba9454eca14a7	2021-12-02T18:42:41.000Z	https://janelia-mouselight-imagery.s3.amazonaws.com/tracings/tracing_complete/2016-10-25/G-007/dendrite.swc
dendrite	tracings/tracing_complete/2016-10-25/G-044/dendrite.swc	2016-10-25__G-044__dendrite.swc	70254	4b96f60262825805cb56606e0237352d	c8e447e5bf1307034c0d83bcf824709240e2e5cea8b630509dcecb810434863d	2021-12-02T18:42:43.000Z	https://janelia-mouselight-imagery.s3.amazonaws.com/tracings/tracing_complete/2016-10-25/G-044/dendrite.swc
dendrite	tracings/tracing_complete/2016-10-31/G-003/dendrite.swc	2016-10-31__G-003__dendrite.swc	57302	25cbf1657d6fc743c5ef3e64ea422829	f5aa674509d341da0213e534d08f8f7d30caea658aa2ffbbe402df1dcce6c14f	2021-12-02T18:42:41.000Z	https://janelia-mouselight-imagery.s3.amazonaws.com/tracings/tracing_complete/2016-10-31/G-003/dendrite.swc
dendrite	tracings/tracing_complete/2016-10-31/G-006/dendrite.swc	2016-10-31__G-006__dendrite.swc	204418	daffb68838287cf439886fce5760c7e1	cca2a373b96ee14b6d84feef89b1a92df0d70f2051ced32f113c48d9ca398548	2021-12-02T18:42:41.000Z	https://janelia-mouselight-imagery.s3.amazonaws.com/tracings/tracing_complete/2016-10-31/G-006/dendrite.swc
dendrite	tracings/tracing_complete/2017-01-15/G-018/dendrite.swc	2017-01-15__G-018__dendrite.swc	51393	a9fe479dc17e2f4d8a1e2f7039f92cef	bd1ba39e78face4dc032e8bace9ff07b613a89f80b59215d3bf7861cf638263b	2021-12-02T18:42:40.000Z	https://janelia-mouselight-imagery.s3.amazonaws.com/tracings/tracing_complete/2017-01-15/G-018/dendrite.swc
dendrite	tracings/tracing_complete/2017-05-04/G-003/dendrite.swc	2017-05-04__G-003__dendrite.swc	69776	9c0dd5738af179fbd1e0b37872d5f9fc	610d2b4dca9a292b83131ebfb5dbd04ecd45d6b781bb78111664758e875e1db7	2021-12-02T18:42:40.000Z	https://janelia-mouselight-imagery.s3.amazonaws.com/tracings/tracing_complete/2017-05-04/G-003/dendrite.swc
dendrite	tracings/tracing_complete/2017-05-04/G-012/dendrite.swc	2017-05-04__G-012__dendrite.swc	69088	ddff6ab6853ef953662a4f9c24999541	1073615fef40e8b145fed3442410a429bc4a0745ed71ffe4ad09b50322336dc7	2021-12-02T18:42:42.000Z	https://janelia-mouselight-imagery.s3.amazonaws.com/tracings/tracing_complete/2017-05-04/G-012/dendrite.swc
dendrite	tracings/tracing_complete/2017-05-04/G-037/dendrite.swc	2017-05-04__G-037__dendrite.swc	51950	547578aa411f1c988b4ba93432f70633	8a45467eedc007e7c8e3ea10495476dd0da909abcbdd49ba9224eddff21ad80f	2021-12-02T18:42:43.000Z	https://janelia-mouselight-imagery.s3.amazonaws.com/tracings/tracing_complete/2017-05-04/G-037/dendrite.swc
dendrite	tracings/tracing_complete/2017-05-04/G-038/dendrite.swc	2017-05-04__G-038__dendrite.swc	67581	16c3d21bc623095b144c301ee50b77d7	3511e95dd7beedb4c224d24ae883a5790d1908a5064b503e9e42c25c29a2b230	2021-12-02T18:42:43.000Z	https://janelia-mouselight-imagery.s3.amazonaws.com/tracings/tracing_complete/2017-05-04/G-038/dendrite.swc
dendrite	tracings/tracing_complete/2017-09-11/G-007/dendrite.swc	2017-09-11__G-007__dendrite.swc	50347	bd3ad51b6cee68d7356d1c323b287606	cfb3b97a12816150db3da5fde490bf40ecbf6bbdeee5140252ba204741669b51	2021-12-02T18:42:38.000Z	https://janelia-mouselight-imagery.s3.amazonaws.com/tracings/tracing_complete/2017-09-11/G-007/dendrite.swc
dendrite	tracings/tracing_complete/2017-09-19/R-017/dendrite.swc	2017-09-19__R-017__dendrite.swc	56087	0b67c5e3b3081322be9c3484f19404b1	0635bbc3b73ad525cbae346ba4366ec6ae41e32072021c16defda33baeaf949a	2021-12-02T18:42:38.000Z	https://janelia-mouselight-imagery.s3.amazonaws.com/tracings/tracing_complete/2017-09-19/R-017/dendrite.swc
dendrite	tracings/tracing_complete/2017-09-19/R-038/dendrite.swc	2017-09-19__R-038__dendrite.swc	54503	1c023125c53006c186df7fa805e683c3	edcf33f10e7870685e2823c5658e1aa0bc26edde1ffe20d4974e8075dd48f1b9	2021-12-02T18:42:40.000Z	https://janelia-mouselight-imagery.s3.amazonaws.com/tracings/tracing_complete/2017-09-19/R-038/dendrite.swc
dendrite	tracings/tracing_complete/2017-11-17/G-014/dendrite.swc	2017-11-17__G-014__dendrite.swc	51341	a397f1360ffc70613138d650ea12766b	17861eb4504870254ecf43ba1178cd909a9adacd16d46a204bd27bf8ded2c62e	2021-12-02T18:42:46.000Z	https://janelia-mouselight-imagery.s3.amazonaws.com/tracings/tracing_complete/2017-11-17/G-014/dendrite.swc
dendrite	tracings/tracing_complete/2018-01-30/R-046/dendrite.swc	2018-01-30__R-046__dendrite.swc	54230	54b5d5e066cc2241fa6195755b89ca26	1effe6cb6a85301f73c08960395622ae822dc42923d3901b89f8a4f7c9aa73d0	2021-12-02T18:42:46.000Z	https://janelia-mouselight-imagery.s3.amazonaws.com/tracings/tracing_complete/2018-01-30/R-046/dendrite.swc
dendrite	tracings/tracing_complete/2018-04-13/G-016/dendrite.swc	2018-04-13__G-016__dendrite.swc	59167	cf09ea22c5bfea9bfc793481a6571275	5cf28bb6c113111802ce329e8890622d1c569d9028df07cdf664986873d99c06	2021-12-02T18:42:56.000Z	https://janelia-mouselight-imagery.s3.amazonaws.com/tracings/tracing_complete/2018-04-13/G-016/dendrite.swc
dendrite	tracings/tracing_complete/2018-08-01/G-182/dendrite.swc	2018-08-01__G-182__dendrite.swc	63538	cc0eef2ff2f15f4fed1ea98bbc436869	406a8f3370ef1c3658e846727df7a078145ca73844c4b00ea72b019fe12a218b	2021-12-02T18:43:00.000Z	https://janelia-mouselight-imagery.s3.amazonaws.com/tracings/tracing_complete/2018-08-01/G-182/dendrite.swc
dendrite	tracings/tracing_complete/2018-10-01/G-014/dendrite.swc	2018-10-01__G-014__dendrite.swc	106840	dab82f9751f34d4909ec5f2ba43a25b7	bbfb3ba91b7923da1bf32a33aa51ea6664342cbbe6510bd11ec26cb16d434e54	2021-12-02T18:42:57.000Z	https://janelia-mouselight-imagery.s3.amazonaws.com/tracings/tracing_complete/2018-10-01/G-014/dendrite.swc
dendrite	tracings/tracing_complete/2018-10-01/G-056/dendrite.swc	2018-10-01__G-056__dendrite.swc	70887	45b48893fb8155aeb639fb9226ee66c8	56723caf48e5065f94cb58652d8a6767c9381ce7aa388ecc644271533b472028	2021-12-02T18:42:59.000Z	https://janelia-mouselight-imagery.s3.amazonaws.com/tracings/tracing_complete/2018-10-01/G-056/dendrite.swc
dendrite	tracings/tracing_complete/2018-10-01/G-083/dendrite.swc	2018-10-01__G-083__dendrite.swc	65842	df359f489e8c2522b024976ac0f2a2a8	32c2b8c54f731e551eb203b0b0be54cb717a11680e09b4246e73b6a97731abbf	2021-12-02T18:43:00.000Z	https://janelia-mouselight-imagery.s3.amazonaws.com/tracings/tracing_complete/2018-10-01/G-083/dendrite.swc
dendrite	tracings/tracing_complete/2018-12-01/G-059/dendrite.swc	2018-12-01__G-059__dendrite.swc	54164	bcc89e6b561e23bcea9509797e667d86	731a0aef5d30e72bd19139a64e64c0bb40954b6dc1c8ce0c54379ea437f92176	2021-12-02T18:42:38.000Z	https://janelia-mouselight-imagery.s3.amazonaws.com/tracings/tracing_complete/2018-12-01/G-059/dendrite.swc
dendrite	tracings/tracing_complete/2018-12-01/G-067/dendrite.swc	2018-12-01__G-067__dendrite.swc	60410	e3f33366b8a9ea4f8c15d754acf1720d	c5d90677440c46451f6d983b67757774fa374a37d533ed58991aef946df0946f	2021-12-02T18:42:38.000Z	https://janelia-mouselight-imagery.s3.amazonaws.com/tracings/tracing_complete/2018-12-01/G-067/dendrite.swc
dendrite	tracings/tracing_complete/2018-12-01/G-068/dendrite.swc	2018-12-01__G-068__dendrite.swc	51207	af1ce11b0726f146b49960355e407e98	023a8cafad11dd50625e8b196f6e39c2cd9a6aa489f4b57fe3e3bb2c3d8eac94	2021-12-02T18:42:38.000Z	https://janelia-mouselight-imagery.s3.amazonaws.com/tracings/tracing_complete/2018-12-01/G-068/dendrite.swc
dendrite	tracings/tracing_complete/2018-12-01/G-071/dendrite.swc	2018-12-01__G-071__dendrite.swc	104377	1479bcc5f164deadf20535c0e2ed5fc7	bfd179c5372cceb3b06b26e36b902c2b1bfbeaeb896ef361a5f6bda29db57f8b	2021-12-02T18:42:38.000Z	https://janelia-mouselight-imagery.s3.amazonaws.com/tracings/tracing_complete/2018-12-01/G-071/dendrite.swc
dendrite	tracings/tracing_complete/2018-12-01/G-072/dendrite.swc	2018-12-01__G-072__dendrite.swc	107290	77c1f7d5600dae7c2c50ab8bbc62b789	b4b5205d8debc3cb535215f3030896ab8eede6f3ccc4478d710272febd2eebdf	2021-12-02T18:42:38.000Z	https://janelia-mouselight-imagery.s3.amazonaws.com/tracings/tracing_complete/2018-12-01/G-072/dendrite.swc
dendrite	tracings/tracing_complete/2018-12-01/G-073/dendrite.swc	2018-12-01__G-073__dendrite.swc	123940	ea6f73cbf846fb2d4cef33c504aebfa0	3a29f1076421da01042936be3a91ebcca0920f18c107ac900a9813d989b2126b	2021-12-02T18:42:39.000Z	https://janelia-mouselight-imagery.s3.amazonaws.com/tracings/tracing_complete/2018-12-01/G-073/dendrite.swc
dendrite	tracings/tracing_complete/2018-12-01/G-074/dendrite.swc	2018-12-01__G-074__dendrite.swc	77732	58865fa157bd5bd13b5c4605d00763ec	8f7e9775adb895cf8ae6986b2349dca31d60238ac3111f02e61d004b94514140	2021-12-02T18:42:39.000Z	https://janelia-mouselight-imagery.s3.amazonaws.com/tracings/tracing_complete/2018-12-01/G-074/dendrite.swc
dendrite	tracings/tracing_complete/2019-04-17/G-040/dendrite.swc	2019-04-17__G-040__dendrite.swc	55620	eb5f56f2e6d2d5579b24baa017c7cfd3	aae86c2b2344a9cb7f76a900dc1f53ac5d1cb050196ec052ecd0042fd1e4f642	2021-12-02T18:42:56.000Z	https://janelia-mouselight-imagery.s3.amazonaws.com/tracings/tracing_complete/2019-04-17/G-040/dendrite.swc
dendrite	tracings/tracing_complete/2019-04-17/G-053/dendrite.swc	2019-04-17__G-053__dendrite.swc	79566	454b1ba065d1c61255dd7b377bfb95de	726a5ea030336fe73bdcb8bceba0f50df419d2411fbb227e1e33d725afbf3f6f	2021-12-02T18:42:56.000Z	https://janelia-mouselight-imagery.s3.amazonaws.com/tracings/tracing_complete/2019-04-17/G-053/dendrite.swc
dendrite	tracings/tracing_complete/2019-08-08/G-004/dendrite.swc	2019-08-08__G-004__dendrite.swc	61425	fe8561b6603d7f7e5eed1ac0b754b1d4	c3e6594f195b7176a80104f527e4f09da290494633f4d518811e73ae31c11d14	2021-12-02T18:42:53.000Z	https://janelia-mouselight-imagery.s3.amazonaws.com/tracings/tracing_complete/2019-08-08/G-004/dendrite.swc
dendrite	tracings/tracing_complete/2019-12-25/G-006/dendrite.swc	2019-12-25__G-006__dendrite.swc	73619	18fb6f88f68b2f707f7f77cffecfd8da	3b2446f8dae8e12b411f62ed0d8ca02141f7e5513a67d9b279ee8f9028966896	2021-12-02T18:42:53.000Z	https://janelia-mouselight-imagery.s3.amazonaws.com/tracings/tracing_complete/2019-12-25/G-006/dendrite.swc
dendrite	tracings/tracing_complete/2020-01-13/G-006/dendrite.swc	2020-01-13__G-006__dendrite.swc	68073	d897448ceec2ec6c401cb9b48050fb32	331b75348dc58afadc8d50f387b40c66f3469b49ae0d57c2530926a4a53be091	2021-12-02T18:42:43.000Z	https://janelia-mouselight-imagery.s3.amazonaws.com/tracings/tracing_complete/2020-01-13/G-006/dendrite.swc
dendrite	tracings/tracing_complete/2020-02-24/G-001/dendrite.swc	2020-02-24__G-001__dendrite.swc	57467	65bc6559ca6a94410d2be9908da11aeb	8e98dd7f94a76aec70c5249b0eb09e6632496d463e9dd4f607d8752e75613dac	2021-12-02T18:42:42.000Z	https://janelia-mouselight-imagery.s3.amazonaws.com/tracings/tracing_complete/2020-02-24/G-001/dendrite.swc
dendrite	tracings/tracing_complete/2020-04-15/G-051/dendrite.swc	2020-04-15__G-051__dendrite.swc	50955	9abf2c183faa8ff37b7a6a9cb7c96e18	07954a527321f92f09429720fb722ac20bf18f670b49b765177a8bdd83709151	2021-12-02T18:42:44.000Z	https://janelia-mouselight-imagery.s3.amazonaws.com/tracings/tracing_complete/2020-04-15/G-051/dendrite.swc
dendrite	tracings/tracing_complete/2020-04-15/G-053/dendrite.swc	2020-04-15__G-053__dendrite.swc	80837	67c66d9050465b9f766886186b678a63	6b96fa594d9314e9484288205b6e7505ab89bb49cb6ead73f07a5c0c12fff79e	2021-12-02T18:42:44.000Z	https://janelia-mouselight-imagery.s3.amazonaws.com/tracings/tracing_complete/2020-04-15/G-053/dendrite.swc
dendrite	tracings/tracing_complete/2020-04-15/G-056/dendrite.swc	2020-04-15__G-056__dendrite.swc	50034	27bf341ec031508c58ecd856631fe646	3a77bf10ee012f2ff412dc2a9f3ac7a2bf73cacd69f7888044bb559e54bfc09d	2021-12-02T18:42:44.000Z	https://janelia-mouselight-imagery.s3.amazonaws.com/tracings/tracing_complete/2020-04-15/G-056/dendrite.swc
dendrite	tracings/tracing_complete/2020-09-15/G-005/dendrite.swc	2020-09-15__G-005__dendrite.swc	80317	a8fd73f4710e859019b37cee6bdfc574	61c7623135596191a6a1b37468c5c7291fb8c638ad7c15f43115a5852f268ff6	2021-12-02T18:42:44.000Z	https://janelia-mouselight-imagery.s3.amazonaws.com/tracings/tracing_complete/2020-09-15/G-005/dendrite.swc
dendrite	tracings/tracing_complete/2021-02-05/G-001/dendrite.swc	2021-02-05__G-001__dendrite.swc	55385	f606e572bd045f869f1c2da0674b19d9	80a67666e0568113bd13068b719d7cdc3578b389fea16e7ad09f594f431d8cab	2025-10-17T19:31:26.000Z	https://janelia-mouselight-imagery.s3.amazonaws.com/tracings/tracing_complete/2021-02-05/G-001/dendrite.swc
dendrite	tracings/tracing_complete/2022-05-30/G-008/dendrite.swc	2022-05-30__G-008__dendrite.swc	51130	43feabe065b93682d5014f3158b2af35	d27615eebf5ed196c2ffa82d406971157795ca422c6b96a5ff55e4690d6abc06	2025-10-31T17:19:08.000Z	https://janelia-mouselight-imagery.s3.amazonaws.com/tracings/tracing_complete/2022-05-30/G-008/dendrite.swc
