month	day	key	size_bytes	md5	day_key_count	day_index
2007-01	15	contributed/v2.0/gnssro_cosmic1_jpl_l1b/2007/01/15/gnssro_cosmic1_jpl_l1b_v2.6_cosmic1c1-G04-200701151405.nc4	491672	eb240ba718bb95726c09b0d5b20fc634	1256	31
2007-01	15	contributed/v2.0/gnssro_cosmic1_jpl_l1b/2007/01/15/gnssro_cosmic1_jpl_l1b_v2.6_cosmic1c1-G13-200701150030.nc4	575792	6f824375ed716bd08d53dec14a810a5e	1256	94
2007-01	15	contributed/v2.0/gnssro_cosmic1_jpl_l1b/2007/01/15/gnssro_cosmic1_jpl_l1b_v2.6_cosmic1c1-G20-200701151332.nc4	593792	b49227a9ae52b0b529fdf6ad5b6696f1	1256	157
2007-01	15	contributed/v2.0/gnssro_cosmic1_jpl_l1b/2007/01/15/gnssro_cosmic1_jpl_l1b_v2.6_cosmic1c1-G28-200701151431.nc4	803792	693425129ad1614937c8309a4812e799	1256	219
2007-01	15	contributed/v2.0/gnssro_cosmic1_jpl_l1b/2007/01/15/gnssro_cosmic1_jpl_l1b_v2.6_cosmic1c2-G05-200701150555.nc4	701672	17ba3df04886b0b1ba9e628d4f74b184	1256	282
2007-01	15	contributed/v2.0/gnssro_cosmic1_jpl_l1b/2007/01/15/gnssro_cosmic1_jpl_l1b_v2.6_cosmic1c2-G12-200701150046.nc4	629792	de98b438eebfa9ee5f8be2b8d9f45e2a	1256	345
2007-01	15	contributed/v2.0/gnssro_cosmic1_jpl_l1b/2007/01/15/gnssro_cosmic1_jpl_l1b_v2.6_cosmic1c2-G17-200701152102.nc4	521792	d548aa03ca4090e5e82646497a7a2eb1	1256	408
2007-01	15	contributed/v2.0/gnssro_cosmic1_jpl_l1b/2007/01/15/gnssro_cosmic1_jpl_l1b_v2.6_cosmic1c2-G23-200701150517.nc4	833792	23f142c126164e8cde9c7ae987902602	1256	471
2007-01	15	contributed/v2.0/gnssro_cosmic1_jpl_l1b/2007/01/15/gnssro_cosmic1_jpl_l1b_v2.6_cosmic1c2-G28-200701150133.nc4	599792	f0367e6e9a8f04a291e36aeecd78bcc5	1256	533
2007-01	15	contributed/v2.0/gnssro_cosmic1_jpl_l1b/2007/01/15/gnssro_cosmic1_jpl_l1b_v2.6_cosmic1c3-G07-200701151242.nc4	593792	93331f3398f0e6385b5f3b2ac0147073	1256	596
2007-01	15	contributed/v2.0/gnssro_cosmic1_jpl_l1b/2007/01/15/gnssro_cosmic1_jpl_l1b_v2.6_cosmic1c3-G23-200701151452.nc4	419672	3b4a8e5ab8bbbc91f79cad2a64249894	1256	659
2007-01	15	contributed/v2.0/gnssro_cosmic1_jpl_l1b/2007/01/15/gnssro_cosmic1_jpl_l1b_v2.6_cosmic1c4-G02-200701151457.nc4	623792	88aadd6d978dae524132b617e2eeb2cf	1256	722
2007-01	15	contributed/v2.0/gnssro_cosmic1_jpl_l1b/2007/01/15/gnssro_cosmic1_jpl_l1b_v2.6_cosmic1c4-G11-200701151545.nc4	863792	59195b6f61f7ad722d385186d55431d0	1256	785
2007-01	15	contributed/v2.0/gnssro_cosmic1_jpl_l1b/2007/01/15/gnssro_cosmic1_jpl_l1b_v2.6_cosmic1c4-G19-200701151536.nc4	587792	d7accdf35bd9f758478f2f2c943e3451	1256	847
2007-01	15	contributed/v2.0/gnssro_cosmic1_jpl_l1b/2007/01/15/gnssro_cosmic1_jpl_l1b_v2.6_cosmic1c4-G27-200701152129.nc4	1031792	3a58cfffe18e4bf9e4175b143d1b0ec9	1256	910
2007-01	15	contributed/v2.0/gnssro_cosmic1_jpl_l1b/2007/01/15/gnssro_cosmic1_jpl_l1b_v2.6_cosmic1c5-G03-200701151721.nc4	557792	043a91abd1859a2a2daca676a47fabd4	1256	973
2007-01	15	contributed/v2.0/gnssro_cosmic1_jpl_l1b/2007/01/15/gnssro_cosmic1_jpl_l1b_v2.6_cosmic1c5-G10-200701150014.nc4	605792	6b0d043acedf0265b89f685824e99234	1256	1036
2007-01	15	contributed/v2.0/gnssro_cosmic1_jpl_l1b/2007/01/15/gnssro_cosmic1_jpl_l1b_v2.6_cosmic1c5-G17-200701152321.nc4	809792	4975658c5cb81bf242a9ee603320d742	1256	1099
2007-01	15	contributed/v2.0/gnssro_cosmic1_jpl_l1b/2007/01/15/gnssro_cosmic1_jpl_l1b_v2.6_cosmic1c5-G23-200701151524.nc4	719792	3849246eda145d054d42269337e6e186	1256	1161
2007-01	15	contributed/v2.0/gnssro_cosmic1_jpl_l1b/2007/01/15/gnssro_cosmic1_jpl_l1b_v2.6_cosmic1c5-G29-200701150018.nc4	635792	d061066daf859179733ca841a46f42ba	1256	1224
2007-02	15	contributed/v2.0/gnssro_cosmic1_jpl_l1b/2007/02/15/gnssro_cosmic1_jpl_l1b_v2.6_cosmic1c1-G05-200702152047.nc4	743792	7c3a71be4f75ac6060f8fdb163cec444	2071	51
2007-02	15	contributed/v2.0/gnssro_cosmic1_jpl_l1b/2007/02/15/gnssro_cosmic1_jpl_l1b_v2.6_cosmic1c1-G16-200702150015.nc4	749792	c7fc03ccb532d05ff6f60d7b67dd3eb8	2071	155
2007-02	15	contributed/v2.0/gnssro_cosmic1_jpl_l1b/2007/02/15/gnssro_cosmic1_jpl_l1b_v2.6_cosmic1c1-G24-200702151554.nc4	671672	7892c1104ec5fbebf612dae18375bda4	2071	258
2007-02	15	contributed/v2.0/gnssro_cosmic1_jpl_l1b/2007/02/15/gnssro_cosmic1_jpl_l1b_v2.6_cosmic1c2-G03-200702150042.nc4	533792	7b2dd125e6e1fdd74b311b8f5ee8f64c	2071	362
2007-02	15	contributed/v2.0/gnssro_cosmic1_jpl_l1b/2007/02/15/gnssro_cosmic1_jpl_l1b_v2.6_cosmic1c2-G10-200702151523.nc4	749792	0115213006eedff87fa111954cc917f9	2071	465
2007-02	15	contributed/v2.0/gnssro_cosmic1_jpl_l1b/2007/02/15/gnssro_cosmic1_jpl_l1b_v2.6_cosmic1c2-G18-200702151759.nc4	785672	ec5113e66f3e0680ea173b6a427774d9	2071	569
2007-02	15	contributed/v2.0/gnssro_cosmic1_jpl_l1b/2007/02/15/gnssro_cosmic1_jpl_l1b_v2.6_cosmic1c2-G28-200702150353.nc4	545792	ae8b3a0dd9cf9050f6ba86a22362aa65	2071	673
2007-02	15	contributed/v2.0/gnssro_cosmic1_jpl_l1b/2007/02/15/gnssro_cosmic1_jpl_l1b_v2.6_cosmic1c3-G05-200702150704.nc4	599792	8ed89d329a4d5032e35b6cbaa9800441	2071	776
2007-02	15	contributed/v2.0/gnssro_cosmic1_jpl_l1b/2007/02/15/gnssro_cosmic1_jpl_l1b_v2.6_cosmic1c3-G14-200702150635.nc4	899792	555a5b30380ce6394771919141acfda8	2071	880
2007-02	15	contributed/v2.0/gnssro_cosmic1_jpl_l1b/2007/02/15/gnssro_cosmic1_jpl_l1b_v2.6_cosmic1c3-G22-200702151500.nc4	767792	b70a6f2a63548a965ee5933b8ab31b54	2071	983
2007-02	15	contributed/v2.0/gnssro_cosmic1_jpl_l1b/2007/02/15/gnssro_cosmic1_jpl_l1b_v2.6_cosmic1c3-G31-200702151626.nc4	719792	c31e11645ea5a0a8d3c70efc165e6864	2071	1087
2007-02	15	contributed/v2.0/gnssro_cosmic1_jpl_l1b/2007/02/15/gnssro_cosmic1_jpl_l1b_v2.6_cosmic1c4-G08-200702151959.nc4	653792	48a1cf2e66d7ab4be8ab8189d991135f	2071	1190
2007-02	15	contributed/v2.0/gnssro_cosmic1_jpl_l1b/2007/02/15/gnssro_cosmic1_jpl_l1b_v2.6_cosmic1c4-G16-200702151530.nc4	552992	80f6a042be7bb2c32ed68a8e1ed02cc0	2071	1294
2007-02	15	contributed/v2.0/gnssro_cosmic1_jpl_l1b/2007/02/15/gnssro_cosmic1_jpl_l1b_v2.6_cosmic1c4-G24-200702150835.nc4	695792	14e52a555bcf7ad83aa237ec3967b14b	2071	1397
2007-02	15	contributed/v2.0/gnssro_cosmic1_jpl_l1b/2007/02/15/gnssro_cosmic1_jpl_l1b_v2.6_cosmic1c5-G01-200702150716.nc4	695792	c1321fcd9dc1131781ad34d166c01c00	2071	1501
2007-02	15	contributed/v2.0/gnssro_cosmic1_jpl_l1b/2007/02/15/gnssro_cosmic1_jpl_l1b_v2.6_cosmic1c5-G10-200702150821.nc4	683792	3381404617b029e4784eed49b5b34fc2	2071	1605
2007-02	15	contributed/v2.0/gnssro_cosmic1_jpl_l1b/2007/02/15/gnssro_cosmic1_jpl_l1b_v2.6_cosmic1c5-G20-200702151501.nc4	695792	f2e55ef313a587c5cd8f2032a720ef17	2071	1708
2007-02	15	contributed/v2.0/gnssro_cosmic1_jpl_l1b/2007/02/15/gnssro_cosmic1_jpl_l1b_v2.6_cosmic1c5-G31-200702150324.nc4	857792	1b3ea809ea5e877d881c293a345ad58e	2071	1812
2007-02	15	contributed/v2.0/gnssro_cosmic1_jpl_l1b/2007/02/15/gnssro_cosmic1_jpl_l1b_v2.6_cosmic1c6-G13-200702150814.nc4	611792	d8487846800a7502a523d90283f1f676	2071	1915
2007-02	15	contributed/v2.0/gnssro_cosmic1_jpl_l1b/2007/02/15/gnssro_cosmic1_jpl_l1b_v2.6_cosmic1c6-G26-200702150853.nc4	1151792	ac5a5ae9852cd659fac769e0ed78277f	2071	2019
2007-03	15	contributed/v2.0/gnssro_cosmic1_jpl_l1b/2007/03/15/gnssro_cosmic1_jpl_l1b_v2.6_cosmic1c3-G02-200703152127.nc4	875672	78031c1a94ccf33799e567bd524917d9	808	20
2007-03	15	contributed/v2.0/gnssro_cosmic1_jpl_l1b/2007/03/15/gnssro_cosmic1_jpl_l1b_v2.6_cosmic1c3-G07-200703151814.nc4	803792	46bf26ba1174b29c7fe01b30aefb35e3	808	60
2007-03	15	contributed/v2.0/gnssro_cosmic1_jpl_l1b/2007/03/15/gnssro_cosmic1_jpl_l1b_v2.6_cosmic1c3-G11-200703152206.nc4	725792	7a81483c4230cfb58aa67097ad12240d	808	101
2007-03	15	contributed/v2.0/gnssro_cosmic1_jpl_l1b/2007/03/15/gnssro_cosmic1_jpl_l1b_v2.6_cosmic1c3-G18-200703151701.nc4	335672	b49affb71f7cb52ecadbe97d8b643f63	808	141
2007-03	15	contributed/v2.0/gnssro_cosmic1_jpl_l1b/2007/03/15/gnssro_cosmic1_jpl_l1b_v2.6_cosmic1c3-G23-200703152221.nc4	821792	2ee53090c6bfb47a8622768b1cae21df	808	181
2007-03	15	contributed/v2.0/gnssro_cosmic1_jpl_l1b/2007/03/15/gnssro_cosmic1_jpl_l1b_v2.6_cosmic1c3-G29-200703151831.nc4	689792	48b270846223870e1f688c37b77b2ece	808	222
2007-03	15	contributed/v2.0/gnssro_cosmic1_jpl_l1b/2007/03/15/gnssro_cosmic1_jpl_l1b_v2.6_cosmic1c5-G02-200703152004.nc4	1133792	2ed5a9108a8dc08838620f3d34e1f539	808	262
2007-03	15	contributed/v2.0/gnssro_cosmic1_jpl_l1b/2007/03/15/gnssro_cosmic1_jpl_l1b_v2.6_cosmic1c5-G06-200703152204.nc4	839792	1e47db54a892fc0a88eaa651a58ce91c	808	303
2007-03	15	contributed/v2.0/gnssro_cosmic1_jpl_l1b/2007/03/15/gnssro_cosmic1_jpl_l1b_v2.6_cosmic1c5-G11-200703151141.nc4	605792	e9a7d384555b94fe3ba4700f8653fc5e	808	343
2007-03	15	contributed/v2.0/gnssro_cosmic1_jpl_l1b/2007/03/15/gnssro_cosmic1_jpl_l1b_v2.6_cosmic1c5-G16-200703150215.nc4	575792	73a148d1308cf4300f9e3475770288f0	808	383
2007-03	15	contributed/v2.0/gnssro_cosmic1_jpl_l1b/2007/03/15/gnssro_cosmic1_jpl_l1b_v2.6_cosmic1c5-G18-200703152307.nc4	359672	5d1d0dc6435ba97e4f4e6b9de239b717	808	424
2007-03	15	contributed/v2.0/gnssro_cosmic1_jpl_l1b/2007/03/15/gnssro_cosmic1_jpl_l1b_v2.6_cosmic1c5-G22-200703152100.nc4	683792	1b47610b1a8cb81ad985e9e202096836	808	464
2007-03	15	contributed/v2.0/gnssro_cosmic1_jpl_l1b/2007/03/15/gnssro_cosmic1_jpl_l1b_v2.6_cosmic1c5-G28-200703152252.nc4	731792	96bf6944cc871fb0addf41ca62a44198	808	505
2007-03	15	contributed/v2.0/gnssro_cosmic1_jpl_l1b/2007/03/15/gnssro_cosmic1_jpl_l1b_v2.6_cosmic1c6-G02-200703150854.nc4	731792	6c77c3719efc9f360d49e8345f768cc1	808	545
2007-03	15	contributed/v2.0/gnssro_cosmic1_jpl_l1b/2007/03/15/gnssro_cosmic1_jpl_l1b_v2.6_cosmic1c6-G05-200703152219.nc4	659792	5b71b41d18d0b9d3e9e50a0f6282e441	808	585
2007-03	15	contributed/v2.0/gnssro_cosmic1_jpl_l1b/2007/03/15/gnssro_cosmic1_jpl_l1b_v2.6_cosmic1c6-G09-200703151901.nc4	689792	035dfd83e25a593276f4b88dcadab346	808	626
2007-03	15	contributed/v2.0/gnssro_cosmic1_jpl_l1b/2007/03/15/gnssro_cosmic1_jpl_l1b_v2.6_cosmic1c6-G13-200703152326.nc4	629792	fd8394642ca41d077f2b11bb19deb556	808	666
2007-03	15	contributed/v2.0/gnssro_cosmic1_jpl_l1b/2007/03/15/gnssro_cosmic1_jpl_l1b_v2.6_cosmic1c6-G19-200703151741.nc4	1061792	6105d031076583d040d3686e6ba0e233	808	707
2007-03	15	contributed/v2.0/gnssro_cosmic1_jpl_l1b/2007/03/15/gnssro_cosmic1_jpl_l1b_v2.6_cosmic1c6-G26-200703150056.nc4	671792	ee92b7802e3b7ec350f67ad086fc823f	808	747
2007-03	15	contributed/v2.0/gnssro_cosmic1_jpl_l1b/2007/03/15/gnssro_cosmic1_jpl_l1b_v2.6_cosmic1c6-G29-200703152054.nc4	695792	fff2fa6ecbab90f799c427f2fcc3b53d	808	787
2007-04	15	contributed/v2.0/gnssro_cosmic1_jpl_l1b/2007/04/15/gnssro_cosmic1_jpl_l1b_v2.6_cosmic1c1-G04-200704151353.nc4	581792	75175c59696c4e0d9ba35158ee274c6f	2102	52
2007-04	15	contributed/v2.0/gnssro_cosmic1_jpl_l1b/2007/04/15/gnssro_cosmic1_jpl_l1b_v2.6_cosmic1c1-G14-200704150824.nc4	749792	94ce01e1665ae1cb0e70b3398e5bc6f5	2102	157
2007-04	15	contributed/v2.0/gnssro_cosmic1_jpl_l1b/2007/04/15/gnssro_cosmic1_jpl_l1b_v2.6_cosmic1c1-G23-200704150228.nc4	797792	880cde53eea4e53fa03eea43662c3079	2102	262
2007-04	15	contributed/v2.0/gnssro_cosmic1_jpl_l1b/2007/04/15/gnssro_cosmic1_jpl_l1b_v2.6_cosmic1c1-G31-200704151331.nc4	677792	69261ad2fde41863137206c54aa47e14	2102	367
2007-04	15	contributed/v2.0/gnssro_cosmic1_jpl_l1b/2007/04/15/gnssro_cosmic1_jpl_l1b_v2.6_cosmic1c2-G16-200704152231.nc4	575792	b6d1f45c5fad52c9a4361cdd0d7e06f7	2102	472
2007-04	15	contributed/v2.0/gnssro_cosmic1_jpl_l1b/2007/04/15/gnssro_cosmic1_jpl_l1b_v2.6_cosmic1c3-G01-200704150201.nc4	413792	d16fc8196fcc70a19367f3b972930424	2102	578
2007-04	15	contributed/v2.0/gnssro_cosmic1_jpl_l1b/2007/04/15/gnssro_cosmic1_jpl_l1b_v2.6_cosmic1c3-G09-200704152151.nc4	695672	0d077c611ad29532d407a9d6997cc424	2102	683
2007-04	15	contributed/v2.0/gnssro_cosmic1_jpl_l1b/2007/04/15/gnssro_cosmic1_jpl_l1b_v2.6_cosmic1c3-G19-200704150324.nc4	767792	ba26a2208be8ef805c76b42944944a6c	2102	788
2007-04	15	contributed/v2.0/gnssro_cosmic1_jpl_l1b/2007/04/15/gnssro_cosmic1_jpl_l1b_v2.6_cosmic1c3-G26-200704151932.nc4	695792	bbd5bd2152a8ccf1f91b47ba8772babf	2102	893
2007-04	15	contributed/v2.0/gnssro_cosmic1_jpl_l1b/2007/04/15/gnssro_cosmic1_jpl_l1b_v2.6_cosmic1c4-G03-200704152053.nc4	713792	f1bc31b9372ca7c2ccec20f14ac0ed98	2102	998
2007-04	15	contributed/v2.0/gnssro_cosmic1_jpl_l1b/2007/04/15/gnssro_cosmic1_jpl_l1b_v2.6_cosmic1c4-G13-200704150310.nc4	851672	aebf124760ee2d0adc9fb0b2278bf296	2102	1103
2007-04	15	contributed/v2.0/gnssro_cosmic1_jpl_l1b/2007/04/15/gnssro_cosmic1_jpl_l1b_v2.6_cosmic1c4-G22-200704150608.nc4	653792	2fdde0017227e87dd74aba2450c51876	2102	1208
2007-04	15	contributed/v2.0/gnssro_cosmic1_jpl_l1b/2007/04/15/gnssro_cosmic1_jpl_l1b_v2.6_cosmic1c4-G30-200704150243.nc4	881792	08de5e221e1c2105a64d8933912db9d4	2102	1313
2007-04	15	contributed/v2.0/gnssro_cosmic1_jpl_l1b/2007/04/15/gnssro_cosmic1_jpl_l1b_v2.6_cosmic1c5-G05-200704151812.nc4	683792	a387b8b4733277f0e6cb4ef25de65eec	2102	1418
2007-04	15	contributed/v2.0/gnssro_cosmic1_jpl_l1b/2007/04/15/gnssro_cosmic1_jpl_l1b_v2.6_cosmic1c5-G13-200704150055.nc4	605792	0ec1c602dc1fd3e310ca5f16a45e10d1	2102	1523
2007-04	15	contributed/v2.0/gnssro_cosmic1_jpl_l1b/2007/04/15/gnssro_cosmic1_jpl_l1b_v2.6_cosmic1c5-G24-200704151543.nc4	749672	de5b5911b718721ce498d108df50c6c6	2102	1629
2007-04	15	contributed/v2.0/gnssro_cosmic1_jpl_l1b/2007/04/15/gnssro_cosmic1_jpl_l1b_v2.6_cosmic1c5-G31-200704151528.nc4	605792	644d233c141c5630c34ce499512034db	2102	1734
2007-04	15	contributed/v2.0/gnssro_cosmic1_jpl_l1b/2007/04/15/gnssro_cosmic1_jpl_l1b_v2.6_cosmic1c6-G08-200704150148.nc4	605792	c57a95d7abc0d69c73f67372cbb7af90	2102	1839
2007-04	15	contributed/v2.0/gnssro_cosmic1_jpl_l1b/2007/04/15/gnssro_cosmic1_jpl_l1b_v2.6_cosmic1c6-G17-200704150620.nc4	539792	5e8d66da9883dd26acd1aaebd88af366	2102	1944
2007-04	15	contributed/v2.0/gnssro_cosmic1_jpl_l1b/2007/04/15/gnssro_cosmic1_jpl_l1b_v2.6_cosmic1c6-G27-200704151059.nc4	713792	a5598208bd8e2c3b48e59ce1c49aea5b	2102	2049
2007-05	15	contributed/v2.0/gnssro_cosmic1_jpl_l1b/2007/05/15/gnssro_cosmic1_jpl_l1b_v2.6_cosmic1c1-G04-200705152230.nc4	809792	0aa2ffd34c48ed18683756c67ce0b9f1	1894	47
2007-05	15	contributed/v2.0/gnssro_cosmic1_jpl_l1b/2007/05/15/gnssro_cosmic1_jpl_l1b_v2.6_cosmic1c1-G12-200705150502.nc4	695792	fe48b7eba38b897c5158dec4b1c0741b	1894	142
2007-05	15	contributed/v2.0/gnssro_cosmic1_jpl_l1b/2007/05/15/gnssro_cosmic1_jpl_l1b_v2.6_cosmic1c1-G21-200705151022.nc4	995792	ae939adead55913c2d92e8e1c616579c	1894	236
2007-05	15	contributed/v2.0/gnssro_cosmic1_jpl_l1b/2007/05/15/gnssro_cosmic1_jpl_l1b_v2.6_cosmic1c1-G30-200705150455.nc4	743792	40dec66672d6491109f4187381649176	1894	331
2007-05	15	contributed/v2.0/gnssro_cosmic1_jpl_l1b/2007/05/15/gnssro_cosmic1_jpl_l1b_v2.6_cosmic1c2-G18-200705150040.nc4	899792	2058a96b0fc747e1f6c8e7b93f2e9e4f	1894	426
2007-05	15	contributed/v2.0/gnssro_cosmic1_jpl_l1b/2007/05/15/gnssro_cosmic1_jpl_l1b_v2.6_cosmic1c3-G03-200705150448.nc4	797792	ee676c4b690bb189e38cd5ca5c81bfbf	1894	520
2007-05	15	contributed/v2.0/gnssro_cosmic1_jpl_l1b/2007/05/15/gnssro_cosmic1_jpl_l1b_v2.6_cosmic1c3-G10-200705151529.nc4	653792	444bb7fd533ff985806d0be85f18c4b5	1894	615
2007-05	15	contributed/v2.0/gnssro_cosmic1_jpl_l1b/2007/05/15/gnssro_cosmic1_jpl_l1b_v2.6_cosmic1c3-G18-200705152008.nc4	629672	8acb23f3606459b68f09880febfd7695	1894	710
2007-05	15	contributed/v2.0/gnssro_cosmic1_jpl_l1b/2007/05/15/gnssro_cosmic1_jpl_l1b_v2.6_cosmic1c3-G25-200705151304.nc4	743792	7b1371dabb9d591e3ac4e0e3b7f4b4ff	1894	804
2007-05	15	contributed/v2.0/gnssro_cosmic1_jpl_l1b/2007/05/15/gnssro_cosmic1_jpl_l1b_v2.6_cosmic1c4-G02-200705151603.nc4	611672	50a65f3fcc9710b2b86112a95dfa7b4d	1894	899
2007-05	15	contributed/v2.0/gnssro_cosmic1_jpl_l1b/2007/05/15/gnssro_cosmic1_jpl_l1b_v2.6_cosmic1c4-G10-200705150204.nc4	821792	118a3b12ad2d7b2763f8ad02f1f4426e	1894	994
2007-05	15	contributed/v2.0/gnssro_cosmic1_jpl_l1b/2007/05/15/gnssro_cosmic1_jpl_l1b_v2.6_cosmic1c4-G18-200705150752.nc4	545792	234a251684aadd83f3d744fe6b139d9a	1894	1089
2007-05	15	contributed/v2.0/gnssro_cosmic1_jpl_l1b/2007/05/15/gnssro_cosmic1_jpl_l1b_v2.6_cosmic1c4-G25-200705151745.nc4	785792	68142b3a13018245490f9204de99342f	1894	1183
2007-05	15	contributed/v2.0/gnssro_cosmic1_jpl_l1b/2007/05/15/gnssro_cosmic1_jpl_l1b_v2.6_cosmic1c5-G02-200705151644.nc4	869672	8e7c10162465b58038587c4df017cad4	1894	1278
2007-05	15	contributed/v2.0/gnssro_cosmic1_jpl_l1b/2007/05/15/gnssro_cosmic1_jpl_l1b_v2.6_cosmic1c5-G14-200705150517.nc4	539792	75c6b45b0e4787f1390ce67fe786de1a	1894	1373
2007-05	15	contributed/v2.0/gnssro_cosmic1_jpl_l1b/2007/05/15/gnssro_cosmic1_jpl_l1b_v2.6_cosmic1c5-G24-200705152206.nc4	857792	ce1a2a922b4af10048827c9b293648bf	1894	1467
2007-05	15	contributed/v2.0/gnssro_cosmic1_jpl_l1b/2007/05/15/gnssro_cosmic1_jpl_l1b_v2.6_cosmic1c6-G03-200705150934.nc4	713792	d497f3306ef348752b84c45c1d8e8afa	1894	1562
2007-05	15	contributed/v2.0/gnssro_cosmic1_jpl_l1b/2007/05/15/gnssro_cosmic1_jpl_l1b_v2.6_cosmic1c6-G11-200705151222.nc4	287672	ef8b53dfc82e862b30cc40986636b1cb	1894	1657
2007-05	15	contributed/v2.0/gnssro_cosmic1_jpl_l1b/2007/05/15/gnssro_cosmic1_jpl_l1b_v2.6_cosmic1c6-G19-200705151226.nc4	683792	22f142d6084f6c9dfcac7e46f01802bc	1894	1751
2007-05	15	contributed/v2.0/gnssro_cosmic1_jpl_l1b/2007/05/15/gnssro_cosmic1_jpl_l1b_v2.6_cosmic1c6-G28-200705151802.nc4	761672	63059bf8040f156eca29e91110fe2017	1894	1846
2007-06	15	contributed/v2.0/gnssro_cosmic1_jpl_l1b/2007/06/15/gnssro_cosmic1_jpl_l1b_v2.6_cosmic1c1-G04-200706150549.nc4	413792	00d4f75646a8d0bfb4d2746fa9f24097	1863	46
2007-06	15	contributed/v2.0/gnssro_cosmic1_jpl_l1b/2007/06/15/gnssro_cosmic1_jpl_l1b_v2.6_cosmic1c1-G13-200706150327.nc4	749912	bd73d0018815a0c69871c54d7e89964b	1863	139
2007-06	15	contributed/v2.0/gnssro_cosmic1_jpl_l1b/2007/06/15/gnssro_cosmic1_jpl_l1b_v2.6_cosmic1c1-G23-200706151344.nc4	695792	2287bd44d04c8397e6636f68f3dff735	1863	232
2007-06	15	contributed/v2.0/gnssro_cosmic1_jpl_l1b/2007/06/15/gnssro_cosmic1_jpl_l1b_v2.6_cosmic1c2-G02-200706151333.nc4	659792	9108bb2a9d410e9f40bac7f512cc29a6	1863	326
2007-06	15	contributed/v2.0/gnssro_cosmic1_jpl_l1b/2007/06/15/gnssro_cosmic1_jpl_l1b_v2.6_cosmic1c2-G10-200706150201.nc4	569792	ecf1e7fb62105f0177a1000992ff7882	1863	419
2007-06	15	contributed/v2.0/gnssro_cosmic1_jpl_l1b/2007/06/15/gnssro_cosmic1_jpl_l1b_v2.6_cosmic1c2-G19-200706150227.nc4	665792	6b84d1c7f640f66fe4583977e20e4b4c	1863	512
2007-06	15	contributed/v2.0/gnssro_cosmic1_jpl_l1b/2007/06/15/gnssro_cosmic1_jpl_l1b_v2.6_cosmic1c2-G25-200706151808.nc4	689792	56b8fe769e087fa2c79566b4277ca289	1863	605
2007-06	15	contributed/v2.0/gnssro_cosmic1_jpl_l1b/2007/06/15/gnssro_cosmic1_jpl_l1b_v2.6_cosmic1c3-G02-200706150408.nc4	737792	2a9aabcce846ddf491b5dac7dc3ccb71	1863	698
2007-06	15	contributed/v2.0/gnssro_cosmic1_jpl_l1b/2007/06/15/gnssro_cosmic1_jpl_l1b_v2.6_cosmic1c3-G11-200706150300.nc4	797792	27d8c9cf7279dc6ac6d70048fced9033	1863	791
2007-06	15	contributed/v2.0/gnssro_cosmic1_jpl_l1b/2007/06/15/gnssro_cosmic1_jpl_l1b_v2.6_cosmic1c3-G19-200706150614.nc4	653792	4f845018af078e5f9a08f600752d4a3c	1863	884
2007-06	15	contributed/v2.0/gnssro_cosmic1_jpl_l1b/2007/06/15/gnssro_cosmic1_jpl_l1b_v2.6_cosmic1c3-G29-200706150527.nc4	731672	f9e84882545e6423264840381932a634	1863	978
2007-06	15	contributed/v2.0/gnssro_cosmic1_jpl_l1b/2007/06/15/gnssro_cosmic1_jpl_l1b_v2.6_cosmic1c4-G05-200706150658.nc4	371792	deb252ddc31dbf5d8a7a04d9c33d334f	1863	1071
2007-06	15	contributed/v2.0/gnssro_cosmic1_jpl_l1b/2007/06/15/gnssro_cosmic1_jpl_l1b_v2.6_cosmic1c4-G14-200706150406.nc4	263672	2fcb1233f27be6cce934aa126cc00f70	1863	1164
2007-06	15	contributed/v2.0/gnssro_cosmic1_jpl_l1b/2007/06/15/gnssro_cosmic1_jpl_l1b_v2.6_cosmic1c4-G23-200706150329.nc4	683792	01675f99f8656451ef9e0cc44a635c51	1863	1257
2007-06	15	contributed/v2.0/gnssro_cosmic1_jpl_l1b/2007/06/15/gnssro_cosmic1_jpl_l1b_v2.6_cosmic1c4-G31-200706151425.nc4	749792	9e704b360223d1b1171d4a42179e00c9	1863	1350
2007-06	15	contributed/v2.0/gnssro_cosmic1_jpl_l1b/2007/06/15/gnssro_cosmic1_jpl_l1b_v2.6_cosmic1c5-G11-200706150438.nc4	563792	6678e0803dc0f1391590960adf776d07	1863	1443
2007-06	15	contributed/v2.0/gnssro_cosmic1_jpl_l1b/2007/06/15/gnssro_cosmic1_jpl_l1b_v2.6_cosmic1c5-G20-200706152326.nc4	629672	25ba4274013249f9e006b45e787a81b6	1863	1536
2007-06	15	contributed/v2.0/gnssro_cosmic1_jpl_l1b/2007/06/15/gnssro_cosmic1_jpl_l1b_v2.6_cosmic1c5-G30-200706151440.nc4	767672	cc539085ece39c7c93d91a14f60eb7e0	1863	1630
2007-06	15	contributed/v2.0/gnssro_cosmic1_jpl_l1b/2007/06/15/gnssro_cosmic1_jpl_l1b_v2.6_cosmic1c6-G11-200706152036.nc4	593672	1902b6f6ae22d3d8b2365d9b8b12dc13	1863	1723
2007-06	15	contributed/v2.0/gnssro_cosmic1_jpl_l1b/2007/06/15/gnssro_cosmic1_jpl_l1b_v2.6_cosmic1c6-G25-200706151238.nc4	419672	0623afa0ab4d0a4cc4de7379a01075a1	1863	1816
2007-07	15	contributed/v2.0/gnssro_cosmic1_jpl_l1b/2007/07/15/gnssro_cosmic1_jpl_l1b_v2.6_cosmic1c1-G05-200707150721.nc4	827792	ecd94828526f8d6a7278e5b71fa51ae3	2045	51
2007-07	15	contributed/v2.0/gnssro_cosmic1_jpl_l1b/2007/07/15/gnssro_cosmic1_jpl_l1b_v2.6_cosmic1c1-G13-200707150013.nc4	1007792	f92eb1b8315a3dc338e44fa7f658b5a6	2045	153
2007-07	15	contributed/v2.0/gnssro_cosmic1_jpl_l1b/2007/07/15/gnssro_cosmic1_jpl_l1b_v2.6_cosmic1c1-G20-200707152313.nc4	767792	fd260424f97fb1fcc46ffec7b025f6c3	2045	255
2007-07	15	contributed/v2.0/gnssro_cosmic1_jpl_l1b/2007/07/15/gnssro_cosmic1_jpl_l1b_v2.6_cosmic1c1-G29-200707151412.nc4	869792	8a45a48190ca9b75fd4674e72d77b25d	2045	357
2007-07	15	contributed/v2.0/gnssro_cosmic1_jpl_l1b/2007/07/15/gnssro_cosmic1_jpl_l1b_v2.6_cosmic1c2-G05-200707150045.nc4	689792	655832d482e6f8e05aedbb9e51f87086	2045	460
2007-07	15	contributed/v2.0/gnssro_cosmic1_jpl_l1b/2007/07/15/gnssro_cosmic1_jpl_l1b_v2.6_cosmic1c2-G14-200707151343.nc4	761792	bab6648a11b053761b2fc32c871c6be4	2045	562
2007-07	15	contributed/v2.0/gnssro_cosmic1_jpl_l1b/2007/07/15/gnssro_cosmic1_jpl_l1b_v2.6_cosmic1c2-G26-200707150715.nc4	695672	ea8c9f636bee62ee26025c5b9dc6e71c	2045	664
2007-07	15	contributed/v2.0/gnssro_cosmic1_jpl_l1b/2007/07/15/gnssro_cosmic1_jpl_l1b_v2.6_cosmic1c3-G04-200707150627.nc4	683792	c6373ec906f7ed32c2d1b8eb17b495c4	2045	766
2007-07	15	contributed/v2.0/gnssro_cosmic1_jpl_l1b/2007/07/15/gnssro_cosmic1_jpl_l1b_v2.6_cosmic1c3-G13-200707151400.nc4	791672	c206ca2571176e5539f684b7d2a59aa7	2045	869
2007-07	15	contributed/v2.0/gnssro_cosmic1_jpl_l1b/2007/07/15/gnssro_cosmic1_jpl_l1b_v2.6_cosmic1c3-G22-200707150226.nc4	749792	b324e69ad451b22aba746d3b529159fb	2045	971
2007-07	15	contributed/v2.0/gnssro_cosmic1_jpl_l1b/2007/07/15/gnssro_cosmic1_jpl_l1b_v2.6_cosmic1c3-G30-200707150641.nc4	539672	61f607dc334d339e5102c5960133b765	2045	1073
2007-07	15	contributed/v2.0/gnssro_cosmic1_jpl_l1b/2007/07/15/gnssro_cosmic1_jpl_l1b_v2.6_cosmic1c4-G06-200707151730.nc4	575792	3c90d74a75b24910cf1cef7f2a461342	2045	1175
2007-07	15	contributed/v2.0/gnssro_cosmic1_jpl_l1b/2007/07/15/gnssro_cosmic1_jpl_l1b_v2.6_cosmic1c4-G14-200707150633.nc4	755792	83cb94a45f1a4e403d52819553d28977	2045	1278
2007-07	15	contributed/v2.0/gnssro_cosmic1_jpl_l1b/2007/07/15/gnssro_cosmic1_jpl_l1b_v2.6_cosmic1c4-G23-200707150206.nc4	719792	5e88b369f9797f0d7043e5d81067f2e8	2045	1380
2007-07	15	contributed/v2.0/gnssro_cosmic1_jpl_l1b/2007/07/15/gnssro_cosmic1_jpl_l1b_v2.6_cosmic1c5-G01-200707151705.nc4	623792	5ad80b6374f7505c3787f6e4bced3da2	2045	1482
2007-07	15	contributed/v2.0/gnssro_cosmic1_jpl_l1b/2007/07/15/gnssro_cosmic1_jpl_l1b_v2.6_cosmic1c5-G16-200707152318.nc4	821672	e5686cbbe0ba85f741a95718fbabd021	2045	1584
2007-07	15	contributed/v2.0/gnssro_cosmic1_jpl_l1b/2007/07/15/gnssro_cosmic1_jpl_l1b_v2.6_cosmic1c5-G27-200707150521.nc4	695792	2c2ee14518cfdec5fa74932b8908c5b4	2045	1687
2007-07	15	contributed/v2.0/gnssro_cosmic1_jpl_l1b/2007/07/15/gnssro_cosmic1_jpl_l1b_v2.6_cosmic1c6-G05-200707151836.nc4	773792	6a01ad7be8e875ab27f614f72fa450f8	2045	1789
2007-07	15	contributed/v2.0/gnssro_cosmic1_jpl_l1b/2007/07/15/gnssro_cosmic1_jpl_l1b_v2.6_cosmic1c6-G14-200707151955.nc4	641792	769f60f082e9a4950b2e310ed9d769f9	2045	1891
2007-07	15	contributed/v2.0/gnssro_cosmic1_jpl_l1b/2007/07/15/gnssro_cosmic1_jpl_l1b_v2.6_cosmic1c6-G27-200707150010.nc4	623792	3f1a9c58ab4e6a91df65e058f03b32c3	2045	1993
2007-08	15	contributed/v2.0/gnssro_cosmic1_jpl_l1b/2007/08/15/gnssro_cosmic1_jpl_l1b_v2.6_cosmic1c1-G05-200708152116.nc4	905792	7b50e15d17da784cf3e4592f8db761de	875	21
2007-08	15	contributed/v2.0/gnssro_cosmic1_jpl_l1b/2007/08/15/gnssro_cosmic1_jpl_l1b_v2.6_cosmic1c1-G13-200708150056.nc4	779792	6fcd8c9b28fb3b48feea981a94d65beb	875	65
2007-08	15	contributed/v2.0/gnssro_cosmic1_jpl_l1b/2007/08/15/gnssro_cosmic1_jpl_l1b_v2.6_cosmic1c1-G23-200708152309.nc4	695792	2d7033e5a392569820569243967806ff	875	109
2007-08	15	contributed/v2.0/gnssro_cosmic1_jpl_l1b/2007/08/15/gnssro_cosmic1_jpl_l1b_v2.6_cosmic1c1-G30-200708152119.nc4	1151792	fabbd14f45836bd8d2a509c8a0a9404c	875	153
2007-08	15	contributed/v2.0/gnssro_cosmic1_jpl_l1b/2007/08/15/gnssro_cosmic1_jpl_l1b_v2.6_cosmic1c2-G10-200708151133.nc4	773792	55909ca3c70e7aa3548898464a73eb59	875	196
2007-08	15	contributed/v2.0/gnssro_cosmic1_jpl_l1b/2007/08/15/gnssro_cosmic1_jpl_l1b_v2.6_cosmic1c2-G19-200708151459.nc4	545672	910297c7e01387d41df9c3329d5c9049	875	240
2007-08	15	contributed/v2.0/gnssro_cosmic1_jpl_l1b/2007/08/15/gnssro_cosmic1_jpl_l1b_v2.6_cosmic1c4-G02-200708150240.nc4	623792	214f3c733e166d0196e938d672324eee	875	284
2007-08	15	contributed/v2.0/gnssro_cosmic1_jpl_l1b/2007/08/15/gnssro_cosmic1_jpl_l1b_v2.6_cosmic1c4-G07-200708150128.nc4	629792	d8f943549276635d49a1690bf9d61b32	875	328
2007-08	15	contributed/v2.0/gnssro_cosmic1_jpl_l1b/2007/08/15/gnssro_cosmic1_jpl_l1b_v2.6_cosmic1c4-G12-200708150237.nc4	725672	b2bb9d0b13f03974fd91a71cce43365c	875	371
2007-08	15	contributed/v2.0/gnssro_cosmic1_jpl_l1b/2007/08/15/gnssro_cosmic1_jpl_l1b_v2.6_cosmic1c4-G18-200708150000.nc4	671792	27960715817264868864455b49909989	875	415
2007-08	15	contributed/v2.0/gnssro_cosmic1_jpl_l1b/2007/08/15/gnssro_cosmic1_jpl_l1b_v2.6_cosmic1c4-G25-200708150015.nc4	617672	6f6a407b6dfcadff8d5ced6e3b46e355	875	459
2007-08	15	contributed/v2.0/gnssro_cosmic1_jpl_l1b/2007/08/15/gnssro_cosmic1_jpl_l1b_v2.6_cosmic1c4-G30-200708150116.nc4	641672	904c0901d3ecec385bf0c6002490c049	875	503
2007-08	15	contributed/v2.0/gnssro_cosmic1_jpl_l1b/2007/08/15/gnssro_cosmic1_jpl_l1b_v2.6_cosmic1c5-G06-200708150812.nc4	629792	e285d3895de7336f3e07c7b2c37288b6	875	546
2007-08	15	contributed/v2.0/gnssro_cosmic1_jpl_l1b/2007/08/15/gnssro_cosmic1_jpl_l1b_v2.6_cosmic1c5-G13-200708150145.nc4	707792	0c754705db6526bc8bbfa86d558bdeeb	875	590
2007-08	15	contributed/v2.0/gnssro_cosmic1_jpl_l1b/2007/08/15/gnssro_cosmic1_jpl_l1b_v2.6_cosmic1c5-G18-200708152226.nc4	665792	203a20f54bc2c2ee489ef57f17d04c10	875	634
2007-08	15	contributed/v2.0/gnssro_cosmic1_jpl_l1b/2007/08/15/gnssro_cosmic1_jpl_l1b_v2.6_cosmic1c5-G26-200708150658.nc4	683792	0d7cde68dbc8c5ae00d7e6a64bde974c	875	678
2007-08	15	contributed/v2.0/gnssro_cosmic1_jpl_l1b/2007/08/15/gnssro_cosmic1_jpl_l1b_v2.6_cosmic1c6-G04-200708151613.nc4	641792	3c044612772c4e429ce0a0de87ef94c8	875	721
2007-08	15	contributed/v2.0/gnssro_cosmic1_jpl_l1b/2007/08/15/gnssro_cosmic1_jpl_l1b_v2.6_cosmic1c6-G12-200708150227.nc4	743792	9ea685979778431f1c0a11f375f20e8a	875	765
2007-08	15	contributed/v2.0/gnssro_cosmic1_jpl_l1b/2007/08/15/gnssro_cosmic1_jpl_l1b_v2.6_cosmic1c6-G18-200708152021.nc4	689792	e02a81a80ee3cde87ca9220efc80dddf	875	809
2007-08	15	contributed/v2.0/gnssro_cosmic1_jpl_l1b/2007/08/15/gnssro_cosmic1_jpl_l1b_v2.6_cosmic1c6-G27-200708151323.nc4	779792	b37f3daba21931d273b0a1cf5b3b58c9	875	853
2007-09	15	contributed/v2.0/gnssro_cosmic1_jpl_l1b/2007/09/15/gnssro_cosmic1_jpl_l1b_v2.6_cosmic1c1-G05-200709152347.nc4	809792	d57ddf6fd7d1891bc3a9c15f45ac8337	1035	25
2007-09	15	contributed/v2.0/gnssro_cosmic1_jpl_l1b/2007/09/15/gnssro_cosmic1_jpl_l1b_v2.6_cosmic1c1-G14-200709150220.nc4	599792	57a6f72865c3acdec88d4d7ba107afae	1035	77
2007-09	15	contributed/v2.0/gnssro_cosmic1_jpl_l1b/2007/09/15/gnssro_cosmic1_jpl_l1b_v2.6_cosmic1c1-G22-200709151404.nc4	701792	cbd7c42c054ef788e6489e28ac69cb65	1035	129
2007-09	15	contributed/v2.0/gnssro_cosmic1_jpl_l1b/2007/09/15/gnssro_cosmic1_jpl_l1b_v2.6_cosmic1c1-G29-200709150441.nc4	395792	3ae2bf771f9e18a7874e625deb44513e	1035	181
2007-09	15	contributed/v2.0/gnssro_cosmic1_jpl_l1b/2007/09/15/gnssro_cosmic1_jpl_l1b_v2.6_cosmic1c2-G04-200709151948.nc4	653792	ff6b99921d2d285d622a62278ff7459c	1035	232
2007-09	15	contributed/v2.0/gnssro_cosmic1_jpl_l1b/2007/09/15/gnssro_cosmic1_jpl_l1b_v2.6_cosmic1c2-G12-200709150340.nc4	539792	be24dd10ded40218bfb500bcf4374f50	1035	284
2007-09	15	contributed/v2.0/gnssro_cosmic1_jpl_l1b/2007/09/15/gnssro_cosmic1_jpl_l1b_v2.6_cosmic1c2-G24-200709150247.nc4	773792	d4dc1e5e99a70613ec555d5195225d9d	1035	336
2007-09	15	contributed/v2.0/gnssro_cosmic1_jpl_l1b/2007/09/15/gnssro_cosmic1_jpl_l1b_v2.6_cosmic1c4-G01-200709150455.nc4	629792	d942a64a7d16fefbd536c5685225c5f9	1035	388
2007-09	15	contributed/v2.0/gnssro_cosmic1_jpl_l1b/2007/09/15/gnssro_cosmic1_jpl_l1b_v2.6_cosmic1c4-G04-200709151352.nc4	785672	a6360a9804868f8f57df1c6cdc138cb3	1035	439
2007-09	15	contributed/v2.0/gnssro_cosmic1_jpl_l1b/2007/09/15/gnssro_cosmic1_jpl_l1b_v2.6_cosmic1c4-G09-200709150511.nc4	815792	2c63b4d6b6176019655f096aea8b1bf7	1035	491
2007-09	15	contributed/v2.0/gnssro_cosmic1_jpl_l1b/2007/09/15/gnssro_cosmic1_jpl_l1b_v2.6_cosmic1c4-G13-200709152005.nc4	629792	90adb99d07789a4052a2e728f0a19163	1035	543
2007-09	15	contributed/v2.0/gnssro_cosmic1_jpl_l1b/2007/09/15/gnssro_cosmic1_jpl_l1b_v2.6_cosmic1c4-G20-200709150218.nc4	581672	e4bd264da8c137440a509102f1af7741	1035	595
2007-09	15	contributed/v2.0/gnssro_cosmic1_jpl_l1b/2007/09/15/gnssro_cosmic1_jpl_l1b_v2.6_cosmic1c4-G23-200709151313.nc4	527672	de1d01f816c7c9cccd881588cd7519b1	1035	646
2007-09	15	contributed/v2.0/gnssro_cosmic1_jpl_l1b/2007/09/15/gnssro_cosmic1_jpl_l1b_v2.6_cosmic1c4-G27-200709151136.nc4	725792	41c07f43169e67e82d3ce1b7027e6d17	1035	698
2007-09	15	contributed/v2.0/gnssro_cosmic1_jpl_l1b/2007/09/15/gnssro_cosmic1_jpl_l1b_v2.6_cosmic1c4-G31-200709151828.nc4	701792	69a26a7f251a04ceedf976c5f3b4cc95	1035	750
2007-09	15	contributed/v2.0/gnssro_cosmic1_jpl_l1b/2007/09/15/gnssro_cosmic1_jpl_l1b_v2.6_cosmic1c5-G05-200709150553.nc4	581672	f5fc25a4a9a3f9f075f3668a99986b0f	1035	802
2007-09	15	contributed/v2.0/gnssro_cosmic1_jpl_l1b/2007/09/15/gnssro_cosmic1_jpl_l1b_v2.6_cosmic1c5-G10-200709151814.nc4	809672	8f248ebbccf4f4cce3ec040e758b3acd	1035	853
2007-09	15	contributed/v2.0/gnssro_cosmic1_jpl_l1b/2007/09/15/gnssro_cosmic1_jpl_l1b_v2.6_cosmic1c5-G18-200709152138.nc4	779672	16d9c161163a4a93bb9107c22dbfad51	1035	905
2007-09	15	contributed/v2.0/gnssro_cosmic1_jpl_l1b/2007/09/15/gnssro_cosmic1_jpl_l1b_v2.6_cosmic1c5-G24-200709150703.nc4	707792	1cf693f900fde628527f0f5819c2d81d	1035	957
2007-09	15	contributed/v2.0/gnssro_cosmic1_jpl_l1b/2007/09/15/gnssro_cosmic1_jpl_l1b_v2.6_cosmic1c5-G30-200709150801.nc4	791672	eacb2ad638d4533b8d65a68943a67c85	1035	1009
2007-10	15	contributed/v2.0/gnssro_cosmic1_jpl_l1b/2007/10/15/gnssro_cosmic1_jpl_l1b_v2.6_cosmic1c2-G03-200710151634.nc4	695792	4b98d4c62063000284d2de9caaa62afc	1486	37
2007-10	15	contributed/v2.0/gnssro_cosmic1_jpl_l1b/2007/10/15/gnssro_cosmic1_jpl_l1b_v2.6_cosmic1c2-G09-200710150953.nc4	671792	711b4e91594338bbecb7039b128493f6	1486	111
2007-10	15	contributed/v2.0/gnssro_cosmic1_jpl_l1b/2007/10/15/gnssro_cosmic1_jpl_l1b_v2.6_cosmic1c2-G14-200710150705.nc4	515792	34e861f41d6be9f91e37cee1cb3bc439	1486	185
2007-10	15	contributed/v2.0/gnssro_cosmic1_jpl_l1b/2007/10/15/gnssro_cosmic1_jpl_l1b_v2.6_cosmic1c2-G21-200710151937.nc4	743792	23aa90bf7847220c0f64869222a64862	1486	260
2007-10	15	contributed/v2.0/gnssro_cosmic1_jpl_l1b/2007/10/15/gnssro_cosmic1_jpl_l1b_v2.6_cosmic1c2-G26-200710152123.nc4	635792	941b2e27313010bfe159e632ec445a6d	1486	334
2007-10	15	contributed/v2.0/gnssro_cosmic1_jpl_l1b/2007/10/15/gnssro_cosmic1_jpl_l1b_v2.6_cosmic1c3-G01-200710151827.nc4	647792	0dc7102bdfe181c1023820d5ef1ef7ec	1486	408
2007-10	15	contributed/v2.0/gnssro_cosmic1_jpl_l1b/2007/10/15/gnssro_cosmic1_jpl_l1b_v2.6_cosmic1c3-G08-200710150609.nc4	725672	52c4a390aa93a126c5922a9643c600cc	1486	482
2007-10	15	contributed/v2.0/gnssro_cosmic1_jpl_l1b/2007/10/15/gnssro_cosmic1_jpl_l1b_v2.6_cosmic1c3-G13-200710152145.nc4	629792	f8757b6403ddf5d5f7999d752ca5027f	1486	557
2007-10	15	contributed/v2.0/gnssro_cosmic1_jpl_l1b/2007/10/15/gnssro_cosmic1_jpl_l1b_v2.6_cosmic1c3-G20-200710150952.nc4	413672	80c8d206c392ff8d32e97f118a236c76	1486	631
2007-10	15	contributed/v2.0/gnssro_cosmic1_jpl_l1b/2007/10/15/gnssro_cosmic1_jpl_l1b_v2.6_cosmic1c3-G25-200710151559.nc4	713792	c3f8ab0acca4416a7805119827d7007e	1486	705
2007-10	15	contributed/v2.0/gnssro_cosmic1_jpl_l1b/2007/10/15/gnssro_cosmic1_jpl_l1b_v2.6_cosmic1c3-G31-200710150556.nc4	683792	6b0efec43a599134c43234a999b5aebb	1486	780
2007-10	15	contributed/v2.0/gnssro_cosmic1_jpl_l1b/2007/10/15/gnssro_cosmic1_jpl_l1b_v2.6_cosmic1c4-G06-200710150211.nc4	719672	c4d8b1d44895ab167af9fc9c0dc1ef25	1486	854
2007-10	15	contributed/v2.0/gnssro_cosmic1_jpl_l1b/2007/10/15/gnssro_cosmic1_jpl_l1b_v2.6_cosmic1c4-G12-200710151614.nc4	713792	a3ed07bd145a0a2cd95243200825abb1	1486	928
2007-10	15	contributed/v2.0/gnssro_cosmic1_jpl_l1b/2007/10/15/gnssro_cosmic1_jpl_l1b_v2.6_cosmic1c4-G19-200710150809.nc4	677792	4797c95c5d10de02d4ee37b46866d240	1486	1003
2007-10	15	contributed/v2.0/gnssro_cosmic1_jpl_l1b/2007/10/15/gnssro_cosmic1_jpl_l1b_v2.6_cosmic1c4-G25-200710150603.nc4	725792	d8a1a81aca619fa97de8ef78b07700ba	1486	1077
2007-10	15	contributed/v2.0/gnssro_cosmic1_jpl_l1b/2007/10/15/gnssro_cosmic1_jpl_l1b_v2.6_cosmic1c4-G31-200710152022.nc4	713792	1b378d9f545227cb20b85c3a32ae844f	1486	1151
2007-10	15	contributed/v2.0/gnssro_cosmic1_jpl_l1b/2007/10/15/gnssro_cosmic1_jpl_l1b_v2.6_cosmic1c5-G08-200710150827.nc4	491672	c2664c8dc9580552738c01de29acba3d	1486	1225
2007-10	15	contributed/v2.0/gnssro_cosmic1_jpl_l1b/2007/10/15/gnssro_cosmic1_jpl_l1b_v2.6_cosmic1c5-G14-200710150903.nc4	581792	16c60014b5f4a5540ffba93e919868ec	1486	1300
2007-10	15	contributed/v2.0/gnssro_cosmic1_jpl_l1b/2007/10/15/gnssro_cosmic1_jpl_l1b_v2.6_cosmic1c5-G22-200710150627.nc4	893792	b140004e6723a1727ed0daa31c6430e8	1486	1374
2007-10	15	contributed/v2.0/gnssro_cosmic1_jpl_l1b/2007/10/15/gnssro_cosmic1_jpl_l1b_v2.6_cosmic1c5-G28-200710151015.nc4	689792	c3d0d3e2d061d46c277b035a4319cc36	1486	1448
2007-11	15	contributed/v2.0/gnssro_cosmic1_jpl_l1b/2007/11/15/gnssro_cosmic1_jpl_l1b_v2.6_cosmic1c2-G15-200711150010.nc4	563672	ffa190f81f50e210320e7fad911d78f6	999	24
2007-11	15	contributed/v2.0/gnssro_cosmic1_jpl_l1b/2007/11/15/gnssro_cosmic1_jpl_l1b_v2.6_cosmic1c4-G02-200711150201.nc4	719792	a721049bcf50d928c3b8bdbe1f13640c	999	74
2007-11	15	contributed/v2.0/gnssro_cosmic1_jpl_l1b/2007/11/15/gnssro_cosmic1_jpl_l1b_v2.6_cosmic1c4-G05-200711151808.nc4	695792	ae622d75a1e962dc7c134a26fcbf4b55	999	124
2007-11	15	contributed/v2.0/gnssro_cosmic1_jpl_l1b/2007/11/15/gnssro_cosmic1_jpl_l1b_v2.6_cosmic1c4-G10-200711150141.nc4	701792	75a5bf428fcf5d81ae8c45f59d8d162e	999	174
2007-11	15	contributed/v2.0/gnssro_cosmic1_jpl_l1b/2007/11/15/gnssro_cosmic1_jpl_l1b_v2.6_cosmic1c4-G13-200711151325.nc4	665672	94ce49229da3e2dec1f99db2bd8c7399	999	224
2007-11	15	contributed/v2.0/gnssro_cosmic1_jpl_l1b/2007/11/15/gnssro_cosmic1_jpl_l1b_v2.6_cosmic1c4-G17-200711151435.nc4	863792	bc04d84b6bec28d0fb241371cd7348ca	999	274
2007-11	15	contributed/v2.0/gnssro_cosmic1_jpl_l1b/2007/11/15/gnssro_cosmic1_jpl_l1b_v2.6_cosmic1c4-G21-200711151212.nc4	593792	55fc7fbd89ab1254d6de93041e31e237	999	324
2007-11	15	contributed/v2.0/gnssro_cosmic1_jpl_l1b/2007/11/15/gnssro_cosmic1_jpl_l1b_v2.6_cosmic1c4-G25-200711150728.nc4	713672	249ad806cdcd5c276aa94831b9a0399f	999	374
2007-11	15	contributed/v2.0/gnssro_cosmic1_jpl_l1b/2007/11/15/gnssro_cosmic1_jpl_l1b_v2.6_cosmic1c4-G30-200711151211.nc4	707792	3a93b4de20faa752929f8596d09cb99c	999	424
2007-11	15	contributed/v2.0/gnssro_cosmic1_jpl_l1b/2007/11/15/gnssro_cosmic1_jpl_l1b_v2.6_cosmic1c5-G01-200711152110.nc4	455672	ab5f69407f38598698871ddfde252c8f	999	474
2007-11	15	contributed/v2.0/gnssro_cosmic1_jpl_l1b/2007/11/15/gnssro_cosmic1_jpl_l1b_v2.6_cosmic1c5-G07-200711152040.nc4	719792	8a0900b3cef1755174406bad3dd1b270	999	524
2007-11	15	contributed/v2.0/gnssro_cosmic1_jpl_l1b/2007/11/15/gnssro_cosmic1_jpl_l1b_v2.6_cosmic1c5-G13-200711150131.nc4	683792	3244d51d2531443b83cc9ee77926cc10	999	574
2007-11	15	contributed/v2.0/gnssro_cosmic1_jpl_l1b/2007/11/15/gnssro_cosmic1_jpl_l1b_v2.6_cosmic1c5-G17-200711151032.nc4	647792	62a70dca60c1811cf73e969fe402877f	999	624
2007-11	15	contributed/v2.0/gnssro_cosmic1_jpl_l1b/2007/11/15/gnssro_cosmic1_jpl_l1b_v2.6_cosmic1c5-G22-200711151208.nc4	803792	74d40b2bb744c22d71a071a79b989671	999	674
2007-11	15	contributed/v2.0/gnssro_cosmic1_jpl_l1b/2007/11/15/gnssro_cosmic1_jpl_l1b_v2.6_cosmic1c5-G27-200711150314.nc4	587792	54e89575b3cd331041f69084cc03a6c8	999	724
2007-11	15	contributed/v2.0/gnssro_cosmic1_jpl_l1b/2007/11/15/gnssro_cosmic1_jpl_l1b_v2.6_cosmic1c6-G02-200711152334.nc4	677672	57c959cfe2707ad89aedb6d934ab96f1	999	774
2007-11	15	contributed/v2.0/gnssro_cosmic1_jpl_l1b/2007/11/15/gnssro_cosmic1_jpl_l1b_v2.6_cosmic1c6-G12-200711150015.nc4	623792	e33f347aa6155478146855e5f4af5653	999	824
2007-11	15	contributed/v2.0/gnssro_cosmic1_jpl_l1b/2007/11/15/gnssro_cosmic1_jpl_l1b_v2.6_cosmic1c6-G18-200711150102.nc4	557672	c43e03db46918ed7275073372c4d5058	999	874
2007-11	15	contributed/v2.0/gnssro_cosmic1_jpl_l1b/2007/11/15/gnssro_cosmic1_jpl_l1b_v2.6_cosmic1c6-G23-200711151938.nc4	653792	a43ac71656fa4516d9e3891ec3dd8960	999	924
2007-11	15	contributed/v2.0/gnssro_cosmic1_jpl_l1b/2007/11/15/gnssro_cosmic1_jpl_l1b_v2.6_cosmic1c6-G30-200711151634.nc4	713792	3e19f86a84df67239f288be1192c379a	999	974
2007-12	15	contributed/v2.0/gnssro_cosmic1_jpl_l1b/2007/12/15/gnssro_cosmic1_jpl_l1b_v2.6_cosmic1c1-G16-200712150919.nc4	599672	16c8f5ab816e7b4ae9f8083c1837f694	1640	41
2007-12	15	contributed/v2.0/gnssro_cosmic1_jpl_l1b/2007/12/15/gnssro_cosmic1_jpl_l1b_v2.6_cosmic1c2-G04-200712150505.nc4	623792	97a0fb31e2772926628614620ac7237a	1640	123
2007-12	15	contributed/v2.0/gnssro_cosmic1_jpl_l1b/2007/12/15/gnssro_cosmic1_jpl_l1b_v2.6_cosmic1c2-G11-200712150317.nc4	617792	d70f512533acca5efc2e562fe8126b64	1640	205
2007-12	15	contributed/v2.0/gnssro_cosmic1_jpl_l1b/2007/12/15/gnssro_cosmic1_jpl_l1b_v2.6_cosmic1c2-G18-200712152205.nc4	611792	a3429569eaaac5b7e7f1b5762cb0ecd3	1640	287
2007-12	15	contributed/v2.0/gnssro_cosmic1_jpl_l1b/2007/12/15/gnssro_cosmic1_jpl_l1b_v2.6_cosmic1c2-G24-200712152053.nc4	569792	4a99945ba70bb11f63d0cfd3603eedd5	1640	369
2007-12	15	contributed/v2.0/gnssro_cosmic1_jpl_l1b/2007/12/15/gnssro_cosmic1_jpl_l1b_v2.6_cosmic1c2-G32-200712151700.nc4	689792	a0c56546af70482a5e4830e92e9a7204	1640	451
2007-12	15	contributed/v2.0/gnssro_cosmic1_jpl_l1b/2007/12/15/gnssro_cosmic1_jpl_l1b_v2.6_cosmic1c3-G09-200712152253.nc4	695672	ea2a53802a0390f1988a2f5bcd381941	1640	533
2007-12	15	contributed/v2.0/gnssro_cosmic1_jpl_l1b/2007/12/15/gnssro_cosmic1_jpl_l1b_v2.6_cosmic1c3-G17-200712150952.nc4	689792	a35258936aca946020d8bed5be8d8208	1640	615
2007-12	15	contributed/v2.0/gnssro_cosmic1_jpl_l1b/2007/12/15/gnssro_cosmic1_jpl_l1b_v2.6_cosmic1c3-G23-200712151032.nc4	647792	94afd61e7706c10e34feafefcf181de5	1640	697
2007-12	15	contributed/v2.0/gnssro_cosmic1_jpl_l1b/2007/12/15/gnssro_cosmic1_jpl_l1b_v2.6_cosmic1c3-G32-200712151652.nc4	653792	1b03f03f8fa9e6ab087791a1726e7c38	1640	779
2007-12	15	contributed/v2.0/gnssro_cosmic1_jpl_l1b/2007/12/15/gnssro_cosmic1_jpl_l1b_v2.6_cosmic1c4-G08-200712150945.nc4	707792	b15a58c269aa13a0d82962279e2cf117	1640	861
2007-12	15	contributed/v2.0/gnssro_cosmic1_jpl_l1b/2007/12/15/gnssro_cosmic1_jpl_l1b_v2.6_cosmic1c4-G15-200712150730.nc4	707672	c5b56527f782d920ebc57731eeb2ca47	1640	943
2007-12	15	contributed/v2.0/gnssro_cosmic1_jpl_l1b/2007/12/15/gnssro_cosmic1_jpl_l1b_v2.6_cosmic1c4-G22-200712152058.nc4	797792	356bf832d7e6b64da5d9ce66539f2237	1640	1025
2007-12	15	contributed/v2.0/gnssro_cosmic1_jpl_l1b/2007/12/15/gnssro_cosmic1_jpl_l1b_v2.6_cosmic1c4-G31-200712150642.nc4	773792	84076baaac481f7a5aab65c7c97e1799	1640	1107
2007-12	15	contributed/v2.0/gnssro_cosmic1_jpl_l1b/2007/12/15/gnssro_cosmic1_jpl_l1b_v2.6_cosmic1c5-G10-200712151743.nc4	797792	2c9084cc66685364a2676c7ea69398bc	1640	1189
2007-12	15	contributed/v2.0/gnssro_cosmic1_jpl_l1b/2007/12/15/gnssro_cosmic1_jpl_l1b_v2.6_cosmic1c5-G21-200712150611.nc4	569792	cc1c3a9092fcf4b5129b9be1fea95976	1640	1271
2007-12	15	contributed/v2.0/gnssro_cosmic1_jpl_l1b/2007/12/15/gnssro_cosmic1_jpl_l1b_v2.6_cosmic1c6-G01-200712151412.nc4	905792	e8ed353d8f0fa64ca198105e3b3e83db	1640	1353
2007-12	15	contributed/v2.0/gnssro_cosmic1_jpl_l1b/2007/12/15/gnssro_cosmic1_jpl_l1b_v2.6_cosmic1c6-G09-200712152321.nc4	695792	da50da64a0385be04c958fd2d59c18e1	1640	1435
2007-12	15	contributed/v2.0/gnssro_cosmic1_jpl_l1b/2007/12/15/gnssro_cosmic1_jpl_l1b_v2.6_cosmic1c6-G19-200712151333.nc4	557672	24cf8e53d0d884ad16837f4b06955dff	1640	1517
2007-12	15	contributed/v2.0/gnssro_cosmic1_jpl_l1b/2007/12/15/gnssro_cosmic1_jpl_l1b_v2.6_cosmic1c6-G27-200712150735.nc4	791792	d2785aa50729f654bc5900a7535a8657	1640	1599
2008-01	15	contributed/v2.0/gnssro_cosmic1_jpl_l1b/2008/01/15/gnssro_cosmic1_jpl_l1b_v2.6_cosmic1c1-G05-200801150949.nc4	749792	f7b47969255db1dd4048853f44af5abc	1596	39
2008-01	15	contributed/v2.0/gnssro_cosmic1_jpl_l1b/2008/01/15/gnssro_cosmic1_jpl_l1b_v2.6_cosmic1c1-G16-200801150125.nc4	791792	66375d3b8fbf11629646d0ad29ccf8ac	1596	119
2008-01	15	contributed/v2.0/gnssro_cosmic1_jpl_l1b/2008/01/15/gnssro_cosmic1_jpl_l1b_v2.6_cosmic1c1-G24-200801150321.nc4	653792	3455fdd2ba54199f75ff29133ee3f9ba	1596	199
2008-01	15	contributed/v2.0/gnssro_cosmic1_jpl_l1b/2008/01/15/gnssro_cosmic1_jpl_l1b_v2.6_cosmic1c1-G32-200801150836.nc4	695792	a88f5ff3d1d4a184efe1ffc12bfa6791	1596	279
2008-01	15	contributed/v2.0/gnssro_cosmic1_jpl_l1b/2008/01/15/gnssro_cosmic1_jpl_l1b_v2.6_cosmic1c2-G08-200801151151.nc4	635792	9ea6b6cfddee300dd38c638c92b3d81a	1596	359
2008-01	15	contributed/v2.0/gnssro_cosmic1_jpl_l1b/2008/01/15/gnssro_cosmic1_jpl_l1b_v2.6_cosmic1c2-G14-200801151258.nc4	779792	41924778f3b5a498b6635bd5d0ecf650	1596	438
2008-01	15	contributed/v2.0/gnssro_cosmic1_jpl_l1b/2008/01/15/gnssro_cosmic1_jpl_l1b_v2.6_cosmic1c2-G21-200801150212.nc4	725792	c04ec1f17fdec8e5e14ccdad4f413167	1596	518
2008-01	15	contributed/v2.0/gnssro_cosmic1_jpl_l1b/2008/01/15/gnssro_cosmic1_jpl_l1b_v2.6_cosmic1c2-G27-200801151505.nc4	779792	1a3dd32932e6ac3618e065bf2017ed96	1596	598
2008-01	15	contributed/v2.0/gnssro_cosmic1_jpl_l1b/2008/01/15/gnssro_cosmic1_jpl_l1b_v2.6_cosmic1c4-G03-200801150913.nc4	665792	7b5a2600d7584de2874ff84342ee7efa	1596	678
2008-01	15	contributed/v2.0/gnssro_cosmic1_jpl_l1b/2008/01/15/gnssro_cosmic1_jpl_l1b_v2.6_cosmic1c4-G10-200801152132.nc4	731792	e9cd468a23d8d2ad21206d4347149fc1	1596	758
2008-01	15	contributed/v2.0/gnssro_cosmic1_jpl_l1b/2008/01/15/gnssro_cosmic1_jpl_l1b_v2.6_cosmic1c4-G16-200801150305.nc4	737792	f59b2f772bb9ae94e6ba5b840f12b70a	1596	837
2008-01	15	contributed/v2.0/gnssro_cosmic1_jpl_l1b/2008/01/15/gnssro_cosmic1_jpl_l1b_v2.6_cosmic1c4-G21-200801151532.nc4	869792	0cfcd4018024bb27b3c4ce0bd04067e6	1596	917
2008-01	15	contributed/v2.0/gnssro_cosmic1_jpl_l1b/2008/01/15/gnssro_cosmic1_jpl_l1b_v2.6_cosmic1c4-G28-200801150422.nc4	653672	571b51b03249982392fe3ded13dee65b	1596	997
2008-01	15	contributed/v2.0/gnssro_cosmic1_jpl_l1b/2008/01/15/gnssro_cosmic1_jpl_l1b_v2.6_cosmic1c5-G02-200801150427.nc4	605672	6ba43bf3a491d21cd99c8b42c58668ba	1596	1077
2008-01	15	contributed/v2.0/gnssro_cosmic1_jpl_l1b/2008/01/15/gnssro_cosmic1_jpl_l1b_v2.6_cosmic1c5-G10-200801150523.nc4	557792	4ba70721cc7affa7fcdd7f5b88614e8a	1596	1157
2008-01	15	contributed/v2.0/gnssro_cosmic1_jpl_l1b/2008/01/15/gnssro_cosmic1_jpl_l1b_v2.6_cosmic1c5-G18-200801150209.nc4	617672	fdc32e83a8a412c6e4de7e08032709e7	1596	1236
2008-01	15	contributed/v2.0/gnssro_cosmic1_jpl_l1b/2008/01/15/gnssro_cosmic1_jpl_l1b_v2.6_cosmic1c5-G27-200801150851.nc4	707792	990fb84b64a06518c0e93cd87fab8317	1596	1316
2008-01	15	contributed/v2.0/gnssro_cosmic1_jpl_l1b/2008/01/15/gnssro_cosmic1_jpl_l1b_v2.6_cosmic1c6-G04-200801151751.nc4	551792	b34108bfff63ef28a73dcbead115e50d	1596	1396
2008-01	15	contributed/v2.0/gnssro_cosmic1_jpl_l1b/2008/01/15/gnssro_cosmic1_jpl_l1b_v2.6_cosmic1c6-G17-200801150131.nc4	347672	6e84a69a75807a20fbfd607b57ac776c	1596	1476
2008-01	15	contributed/v2.0/gnssro_cosmic1_jpl_l1b/2008/01/15/gnssro_cosmic1_jpl_l1b_v2.6_cosmic1c6-G26-200801152055.nc4	695792	87da7aeb84e4a33db3b985ccc9c8aa14	1596	1556
2008-02	15	contributed/v2.0/gnssro_cosmic1_jpl_l1b/2008/02/15/gnssro_cosmic1_jpl_l1b_v2.6_cosmic1c1-G03-200802152229.nc4	773792	70e5f2689a90c9c1ac6f2f031dce9f3d	1473	36
2008-02	15	contributed/v2.0/gnssro_cosmic1_jpl_l1b/2008/02/15/gnssro_cosmic1_jpl_l1b_v2.6_cosmic1c1-G13-200802151600.nc4	539792	eafd1354ea777f26eb531c2fbee9c54e	1473	110
2008-02	15	contributed/v2.0/gnssro_cosmic1_jpl_l1b/2008/02/15/gnssro_cosmic1_jpl_l1b_v2.6_cosmic1c1-G21-200802150906.nc4	629792	973cfb2e19e790e615ac39f2d599a7d5	1473	184
2008-02	15	contributed/v2.0/gnssro_cosmic1_jpl_l1b/2008/02/15/gnssro_cosmic1_jpl_l1b_v2.6_cosmic1c1-G29-200802151624.nc4	677792	456fe3d1bfec94216cc902e4deb126ea	1473	257
2008-02	15	contributed/v2.0/gnssro_cosmic1_jpl_l1b/2008/02/15/gnssro_cosmic1_jpl_l1b_v2.6_cosmic1c3-G05-200802150414.nc4	563792	f567a7213d6d221d3a30379772c45ee0	1473	331
2008-02	15	contributed/v2.0/gnssro_cosmic1_jpl_l1b/2008/02/15/gnssro_cosmic1_jpl_l1b_v2.6_cosmic1c3-G12-200802151406.nc4	899792	e302c6d0d0197085f0a46215dd7e04bb	1473	405
2008-02	15	contributed/v2.0/gnssro_cosmic1_jpl_l1b/2008/02/15/gnssro_cosmic1_jpl_l1b_v2.6_cosmic1c3-G19-200802151405.nc4	725792	286e39a28eccefd840c83025a7121184	1473	478
2008-02	15	contributed/v2.0/gnssro_cosmic1_jpl_l1b/2008/02/15/gnssro_cosmic1_jpl_l1b_v2.6_cosmic1c3-G27-200802151041.nc4	515792	16d269f99eb757409e2d4c0de4dcb9b5	1473	552
2008-02	15	contributed/v2.0/gnssro_cosmic1_jpl_l1b/2008/02/15/gnssro_cosmic1_jpl_l1b_v2.6_cosmic1c4-G02-200802151754.nc4	767792	876dc3b29250b71405691dbb9a63991d	1473	626
2008-02	15	contributed/v2.0/gnssro_cosmic1_jpl_l1b/2008/02/15/gnssro_cosmic1_jpl_l1b_v2.6_cosmic1c4-G09-200802151924.nc4	899792	2d38498f7f241ffd7a660fe91bcac602	1473	699
2008-02	15	contributed/v2.0/gnssro_cosmic1_jpl_l1b/2008/02/15/gnssro_cosmic1_jpl_l1b_v2.6_cosmic1c4-G16-200802150949.nc4	293792	e8ca3a591bafaefa0379434b63b9f057	1473	773
2008-02	15	contributed/v2.0/gnssro_cosmic1_jpl_l1b/2008/02/15/gnssro_cosmic1_jpl_l1b_v2.6_cosmic1c4-G22-200802151857.nc4	731672	773d4df93bb3bf2bf94170cb4ff91767	1473	846
2008-02	15	contributed/v2.0/gnssro_cosmic1_jpl_l1b/2008/02/15/gnssro_cosmic1_jpl_l1b_v2.6_cosmic1c4-G29-200802150640.nc4	581792	388c503de639d7b4011aeaab08798860	1473	920
2008-02	15	contributed/v2.0/gnssro_cosmic1_jpl_l1b/2008/02/15/gnssro_cosmic1_jpl_l1b_v2.6_cosmic1c5-G03-200802151946.nc4	611792	1827dc527979d243dbb8ede5d4f7e190	1473	994
2008-02	15	contributed/v2.0/gnssro_cosmic1_jpl_l1b/2008/02/15/gnssro_cosmic1_jpl_l1b_v2.6_cosmic1c5-G12-200802151855.nc4	653792	deda6fd391dc000cfcadf58fd618cfd2	1473	1067
2008-02	15	contributed/v2.0/gnssro_cosmic1_jpl_l1b/2008/02/15/gnssro_cosmic1_jpl_l1b_v2.6_cosmic1c5-G19-200802150554.nc4	605792	c919aae9e5d2b893f2ca257514574b25	1473	1141
2008-02	15	contributed/v2.0/gnssro_cosmic1_jpl_l1b/2008/02/15/gnssro_cosmic1_jpl_l1b_v2.6_cosmic1c5-G28-200802151214.nc4	1043792	9057889856cdc25d8a5e169c430346cd	1473	1215
2008-02	15	contributed/v2.0/gnssro_cosmic1_jpl_l1b/2008/02/15/gnssro_cosmic1_jpl_l1b_v2.6_cosmic1c6-G05-200802152349.nc4	557792	d2f5d3dbd8c383aa2b8aac805936620c	1473	1288
2008-02	15	contributed/v2.0/gnssro_cosmic1_jpl_l1b/2008/02/15/gnssro_cosmic1_jpl_l1b_v2.6_cosmic1c6-G18-200802150159.nc4	689792	fe67106911086a444b40ab8c47579659	1473	1362
2008-02	15	contributed/v2.0/gnssro_cosmic1_jpl_l1b/2008/02/15/gnssro_cosmic1_jpl_l1b_v2.6_cosmic1c6-G28-200802152155.nc4	599792	466ad4bd85209ae42ab2c90ebe917ed6	1473	1436
2008-03	15	contributed/v2.0/gnssro_cosmic1_jpl_l1b/2008/03/15/gnssro_cosmic1_jpl_l1b_v2.6_cosmic1c1-G04-200803150027.nc4	773792	d8f51ef1043a60aa1ce172170d9bb2ae	941	23
2008-03	15	contributed/v2.0/gnssro_cosmic1_jpl_l1b/2008/03/15/gnssro_cosmic1_jpl_l1b_v2.6_cosmic1c1-G11-200803152221.nc4	647792	f0dd703a61dd95682655fb7bfad6b8d4	941	70
2008-03	15	contributed/v2.0/gnssro_cosmic1_jpl_l1b/2008/03/15/gnssro_cosmic1_jpl_l1b_v2.6_cosmic1c1-G18-200803151445.nc4	695792	adcfe22ec4de580c2a5e6551f5553fb7	941	117
2008-03	15	contributed/v2.0/gnssro_cosmic1_jpl_l1b/2008/03/15/gnssro_cosmic1_jpl_l1b_v2.6_cosmic1c1-G24-200803152130.nc4	749792	bf0d98f79233d5e330048869a6265381	941	164
2008-03	15	contributed/v2.0/gnssro_cosmic1_jpl_l1b/2008/03/15/gnssro_cosmic1_jpl_l1b_v2.6_cosmic1c1-G32-200803151456.nc4	581792	a13833ca20656f62e2463a06bc2c1f95	941	211
2008-03	15	contributed/v2.0/gnssro_cosmic1_jpl_l1b/2008/03/15/gnssro_cosmic1_jpl_l1b_v2.6_cosmic1c4-G01-200803151515.nc4	593792	28030d7598bcb66ca0cd7a8308f0698e	941	258
2008-03	15	contributed/v2.0/gnssro_cosmic1_jpl_l1b/2008/03/15/gnssro_cosmic1_jpl_l1b_v2.6_cosmic1c4-G04-200803151910.nc4	767792	64ae85042096416459ceea4ec33956b6	941	305
2008-03	15	contributed/v2.0/gnssro_cosmic1_jpl_l1b/2008/03/15/gnssro_cosmic1_jpl_l1b_v2.6_cosmic1c4-G09-200803150112.nc4	605792	dc9d75f063aadb381c0248fd73703521	941	352
2008-03	15	contributed/v2.0/gnssro_cosmic1_jpl_l1b/2008/03/15/gnssro_cosmic1_jpl_l1b_v2.6_cosmic1c4-G12-200803150716.nc4	641792	d1c9f7e6c530de4b3632e2570c27d890	941	399
2008-03	15	contributed/v2.0/gnssro_cosmic1_jpl_l1b/2008/03/15/gnssro_cosmic1_jpl_l1b_v2.6_cosmic1c4-G15-200803150135.nc4	581792	4dc21ebe9bdf98ca46772b81852f1b60	941	446
2008-03	15	contributed/v2.0/gnssro_cosmic1_jpl_l1b/2008/03/15/gnssro_cosmic1_jpl_l1b_v2.6_cosmic1c4-G18-200803151419.nc4	713792	96784f0ab28fa418641cce20d3ab7a75	941	494
2008-03	15	contributed/v2.0/gnssro_cosmic1_jpl_l1b/2008/03/15/gnssro_cosmic1_jpl_l1b_v2.6_cosmic1c4-G21-200803152020.nc4	719792	feb5c2429c96ca1250b0c91713270a85	941	541
2008-03	15	contributed/v2.0/gnssro_cosmic1_jpl_l1b/2008/03/15/gnssro_cosmic1_jpl_l1b_v2.6_cosmic1c4-G24-200803151835.nc4	701792	9ceae8df6387bc0a85ba6fbdcf92ecf4	941	588
2008-03	15	contributed/v2.0/gnssro_cosmic1_jpl_l1b/2008/03/15/gnssro_cosmic1_jpl_l1b_v2.6_cosmic1c4-G27-200803150206.nc4	539792	a1b98eeb04a5c855b7c563f1e7e26812	941	635
2008-03	15	contributed/v2.0/gnssro_cosmic1_jpl_l1b/2008/03/15/gnssro_cosmic1_jpl_l1b_v2.6_cosmic1c4-G29-200803152323.nc4	761792	7113b7e5282eb022fc33b58b66854f62	941	682
2008-03	15	contributed/v2.0/gnssro_cosmic1_jpl_l1b/2008/03/15/gnssro_cosmic1_jpl_l1b_v2.6_cosmic1c5-G02-200803151401.nc4	719792	771d71186b3c843f44493ca693f26e9d	941	729
2008-03	15	contributed/v2.0/gnssro_cosmic1_jpl_l1b/2008/03/15/gnssro_cosmic1_jpl_l1b_v2.6_cosmic1c5-G11-200803151635.nc4	269672	aea99d7cd65649759d05e36a76b955c6	941	776
2008-03	15	contributed/v2.0/gnssro_cosmic1_jpl_l1b/2008/03/15/gnssro_cosmic1_jpl_l1b_v2.6_cosmic1c5-G16-200803152235.nc4	785672	51d9cf6979bcd1dd8562235a119f3191	941	823
2008-03	15	contributed/v2.0/gnssro_cosmic1_jpl_l1b/2008/03/15/gnssro_cosmic1_jpl_l1b_v2.6_cosmic1c5-G22-200803151105.nc4	671792	c5e35d922b8ecfc867bb5aef3c83a8c2	941	870
2008-03	15	contributed/v2.0/gnssro_cosmic1_jpl_l1b/2008/03/15/gnssro_cosmic1_jpl_l1b_v2.6_cosmic1c5-G29-200803152317.nc4	647792	a970021ecfc020a5bacfa23ac5c4dfbd	941	917
2008-04	15	contributed/v2.0/gnssro_cosmic1_jpl_l1b/2008/04/15/gnssro_cosmic1_jpl_l1b_v2.6_cosmic1c1-G05-200804151548.nc4	827792	0af5869d280b61ce662848e5c78ac674	1907	47
2008-04	15	contributed/v2.0/gnssro_cosmic1_jpl_l1b/2008/04/15/gnssro_cosmic1_jpl_l1b_v2.6_cosmic1c1-G12-200804152234.nc4	713792	532e5fb083576839de23f5ce0863c2a6	1907	143
2008-04	15	contributed/v2.0/gnssro_cosmic1_jpl_l1b/2008/04/15/gnssro_cosmic1_jpl_l1b_v2.6_cosmic1c1-G20-200804151345.nc4	533792	3c54be01adb6ef3d9686b5fd6cad7d64	1907	238
2008-04	15	contributed/v2.0/gnssro_cosmic1_jpl_l1b/2008/04/15/gnssro_cosmic1_jpl_l1b_v2.6_cosmic1c1-G27-200804151053.nc4	797792	65853d7196a1e5e73540d9648504820c	1907	333
2008-04	15	contributed/v2.0/gnssro_cosmic1_jpl_l1b/2008/04/15/gnssro_cosmic1_jpl_l1b_v2.6_cosmic1c2-G24-200804150014.nc4	845792	2e86fb1ecdc2484e297abcce65c8f7ed	1907	429
2008-04	15	contributed/v2.0/gnssro_cosmic1_jpl_l1b/2008/04/15/gnssro_cosmic1_jpl_l1b_v2.6_cosmic1c3-G08-200804150958.nc4	677792	ac0e2823e889eb777218ee5480cf497b	1907	524
2008-04	15	contributed/v2.0/gnssro_cosmic1_jpl_l1b/2008/04/15/gnssro_cosmic1_jpl_l1b_v2.6_cosmic1c3-G15-200804150553.nc4	653792	896059100febe45ba7eace74adaf15f5	1907	619
2008-04	15	contributed/v2.0/gnssro_cosmic1_jpl_l1b/2008/04/15/gnssro_cosmic1_jpl_l1b_v2.6_cosmic1c3-G21-200804150848.nc4	509792	43bf2f53fd59e53101d78e6d17343983	1907	715
2008-04	15	contributed/v2.0/gnssro_cosmic1_jpl_l1b/2008/04/15/gnssro_cosmic1_jpl_l1b_v2.6_cosmic1c3-G27-200804152047.nc4	683792	d1e589a7655f16b70abf677de7020353	1907	810
2008-04	15	contributed/v2.0/gnssro_cosmic1_jpl_l1b/2008/04/15/gnssro_cosmic1_jpl_l1b_v2.6_cosmic1c4-G02-200804151858.nc4	635792	22443621ad212e7d6ba62d22afc94fdc	1907	905
2008-04	15	contributed/v2.0/gnssro_cosmic1_jpl_l1b/2008/04/15/gnssro_cosmic1_jpl_l1b_v2.6_cosmic1c4-G10-200804152040.nc4	695792	3361c7a4d5618ac5ff6142f0d1b2a56e	1907	1001
2008-04	15	contributed/v2.0/gnssro_cosmic1_jpl_l1b/2008/04/15/gnssro_cosmic1_jpl_l1b_v2.6_cosmic1c4-G18-200804150743.nc4	803792	af5acb256def500377fd685f5de2aa4d	1907	1096
2008-04	15	contributed/v2.0/gnssro_cosmic1_jpl_l1b/2008/04/15/gnssro_cosmic1_jpl_l1b_v2.6_cosmic1c4-G24-200804150710.nc4	899792	5d5bf475b0ab9ba9ec0ead3bc5f641a5	1907	1191
2008-04	15	contributed/v2.0/gnssro_cosmic1_jpl_l1b/2008/04/15/gnssro_cosmic1_jpl_l1b_v2.6_cosmic1c4-G32-200804150503.nc4	725792	8300c2d963f4d8345d36249cd48141b1	1907	1287
2008-04	15	contributed/v2.0/gnssro_cosmic1_jpl_l1b/2008/04/15/gnssro_cosmic1_jpl_l1b_v2.6_cosmic1c5-G07-200804151237.nc4	575792	e155e652aff3384e5fc60f2340baa1bb	1907	1382
2008-04	15	contributed/v2.0/gnssro_cosmic1_jpl_l1b/2008/04/15/gnssro_cosmic1_jpl_l1b_v2.6_cosmic1c5-G15-200804152141.nc4	695792	a2eef3eb17f95f7d6f93c88d49f2b8ed	1907	1477
2008-04	15	contributed/v2.0/gnssro_cosmic1_jpl_l1b/2008/04/15/gnssro_cosmic1_jpl_l1b_v2.6_cosmic1c5-G23-200804151718.nc4	569792	e90f7bc5c137446931f7ae6194e91269	1907	1573
2008-04	15	contributed/v2.0/gnssro_cosmic1_jpl_l1b/2008/04/15/gnssro_cosmic1_jpl_l1b_v2.6_cosmic1c5-G30-200804150228.nc4	725792	3c215361470a36f9344c09868d6e02f8	1907	1668
2008-04	15	contributed/v2.0/gnssro_cosmic1_jpl_l1b/2008/04/15/gnssro_cosmic1_jpl_l1b_v2.6_cosmic1c6-G13-200804150356.nc4	641792	4de350a9a9c826e8a6569cfd4153f654	1907	1763
2008-04	15	contributed/v2.0/gnssro_cosmic1_jpl_l1b/2008/04/15/gnssro_cosmic1_jpl_l1b_v2.6_cosmic1c6-G26-200804150126.nc4	647792	12d472d8a3e6e1d513630f4dc2def9de	1907	1859
2008-05	15	contributed/v2.0/gnssro_cosmic1_jpl_l1b/2008/05/15/gnssro_cosmic1_jpl_l1b_v2.6_cosmic1c1-G04-200805152317.nc4	557792	a3ef78568e1465149c99d7f40d44d0a4	1528	38
2008-05	15	contributed/v2.0/gnssro_cosmic1_jpl_l1b/2008/05/15/gnssro_cosmic1_jpl_l1b_v2.6_cosmic1c1-G10-200805152055.nc4	761792	1e1dc9d79261cd71e2eddb91f479fe4f	1528	114
2008-05	15	contributed/v2.0/gnssro_cosmic1_jpl_l1b/2008/05/15/gnssro_cosmic1_jpl_l1b_v2.6_cosmic1c1-G17-200805150521.nc4	587792	a5fac94e152adf4b8a30b1e49449305f	1528	191
2008-05	15	contributed/v2.0/gnssro_cosmic1_jpl_l1b/2008/05/15/gnssro_cosmic1_jpl_l1b_v2.6_cosmic1c1-G23-200805150952.nc4	683792	cbdfa5a3210ac4deef1ff59b2f396cec	1528	267
2008-05	15	contributed/v2.0/gnssro_cosmic1_jpl_l1b/2008/05/15/gnssro_cosmic1_jpl_l1b_v2.6_cosmic1c1-G29-200805150926.nc4	551792	350cab82295a8ea3657fbdd7fb374987	1528	343
2008-05	15	contributed/v2.0/gnssro_cosmic1_jpl_l1b/2008/05/15/gnssro_cosmic1_jpl_l1b_v2.6_cosmic1c2-G16-200805151218.nc4	665792	197291c5ffedcd00855121971cc44631	1528	420
2008-05	15	contributed/v2.0/gnssro_cosmic1_jpl_l1b/2008/05/15/gnssro_cosmic1_jpl_l1b_v2.6_cosmic1c4-G03-200805151449.nc4	635792	de4914d902726637724f4e6589e07cd3	1528	496
2008-05	15	contributed/v2.0/gnssro_cosmic1_jpl_l1b/2008/05/15/gnssro_cosmic1_jpl_l1b_v2.6_cosmic1c4-G09-200805151353.nc4	779792	5f3949abcdb9de233c09e597bedd7b9c	1528	573
2008-05	15	contributed/v2.0/gnssro_cosmic1_jpl_l1b/2008/05/15/gnssro_cosmic1_jpl_l1b_v2.6_cosmic1c4-G14-200805151422.nc4	605792	d37e0e0c9e47bd93b711c09f35190dd2	1528	649
2008-05	15	contributed/v2.0/gnssro_cosmic1_jpl_l1b/2008/05/15/gnssro_cosmic1_jpl_l1b_v2.6_cosmic1c4-G20-200805151059.nc4	551792	eb182a0518f086788bff5c7186910fa4	1528	725
2008-05	15	contributed/v2.0/gnssro_cosmic1_jpl_l1b/2008/05/15/gnssro_cosmic1_jpl_l1b_v2.6_cosmic1c4-G25-200805151249.nc4	725792	d69fecda353cf024096cfa89bb7b410a	1528	802
2008-05	15	contributed/v2.0/gnssro_cosmic1_jpl_l1b/2008/05/15/gnssro_cosmic1_jpl_l1b_v2.6_cosmic1c4-G30-200805151620.nc4	617792	fd88990947a8de63764032f853828b3f	1528	878
2008-05	15	contributed/v2.0/gnssro_cosmic1_jpl_l1b/2008/05/15/gnssro_cosmic1_jpl_l1b_v2.6_cosmic1c5-G07-200805150929.nc4	599792	8d28903dd79c6c0ddddd3c0b8a5db336	1528	955
2008-05	15	contributed/v2.0/gnssro_cosmic1_jpl_l1b/2008/05/15/gnssro_cosmic1_jpl_l1b_v2.6_cosmic1c5-G17-200805151743.nc4	659792	7ce890cebc2080a4fbb0d3734cb90a89	1528	1031
2008-05	15	contributed/v2.0/gnssro_cosmic1_jpl_l1b/2008/05/15/gnssro_cosmic1_jpl_l1b_v2.6_cosmic1c5-G26-200805151536.nc4	881792	9cfeaf3da80eec3f21950b2ef80627db	1528	1107
2008-05	15	contributed/v2.0/gnssro_cosmic1_jpl_l1b/2008/05/15/gnssro_cosmic1_jpl_l1b_v2.6_cosmic1c6-G05-200805150130.nc4	695792	a4ed164ae1040b135f5326b530a6b4ee	1528	1184
2008-05	15	contributed/v2.0/gnssro_cosmic1_jpl_l1b/2008/05/15/gnssro_cosmic1_jpl_l1b_v2.6_cosmic1c6-G11-200805151344.nc4	989792	7e019d8ae5889051ea96bec8a2ee9c60	1528	1260
2008-05	15	contributed/v2.0/gnssro_cosmic1_jpl_l1b/2008/05/15/gnssro_cosmic1_jpl_l1b_v2.6_cosmic1c6-G18-200805150159.nc4	575792	0bfc53b67d06f1cd5230e41e84994f5f	1528	1337
2008-05	15	contributed/v2.0/gnssro_cosmic1_jpl_l1b/2008/05/15/gnssro_cosmic1_jpl_l1b_v2.6_cosmic1c6-G23-200805151228.nc4	623792	bde23cddeb558cd727b428fcdf689d6b	1528	1413
2008-05	15	contributed/v2.0/gnssro_cosmic1_jpl_l1b/2008/05/15/gnssro_cosmic1_jpl_l1b_v2.6_cosmic1c6-G30-200805150411.nc4	713792	37f7798ab7b3ea5b46e3dbb627a2c6d6	1528	1489
2008-06	15	contributed/v2.0/gnssro_cosmic1_jpl_l1b/2008/06/15/gnssro_cosmic1_jpl_l1b_v2.6_cosmic1c1-G10-200806150024.nc4	719792	bef88ee7618bdca5e824eb4076339baf	1471	36
2008-06	15	contributed/v2.0/gnssro_cosmic1_jpl_l1b/2008/06/15/gnssro_cosmic1_jpl_l1b_v2.6_cosmic1c1-G26-200806150011.nc4	803792	5336acca183bd55353288d9daca1a835	1471	110
2008-06	15	contributed/v2.0/gnssro_cosmic1_jpl_l1b/2008/06/15/gnssro_cosmic1_jpl_l1b_v2.6_cosmic1c2-G07-200806152148.nc4	701792	91336862ffafae6971a2c5283f871cef	1471	183
2008-06	15	contributed/v2.0/gnssro_cosmic1_jpl_l1b/2008/06/15/gnssro_cosmic1_jpl_l1b_v2.6_cosmic1c2-G19-200806150700.nc4	611792	a6258a8d02fbf9f9f0b725f01ce1b774	1471	257
2008-06	15	contributed/v2.0/gnssro_cosmic1_jpl_l1b/2008/06/15/gnssro_cosmic1_jpl_l1b_v2.6_cosmic1c2-G29-200806150849.nc4	647792	f9f5453e2bc19da8ff36026726cf37be	1471	330
2008-06	15	contributed/v2.0/gnssro_cosmic1_jpl_l1b/2008/06/15/gnssro_cosmic1_jpl_l1b_v2.6_cosmic1c3-G13-200806152054.nc4	803792	068996f9039ccd7541ecb0cab8786b50	1471	404
2008-06	15	contributed/v2.0/gnssro_cosmic1_jpl_l1b/2008/06/15/gnssro_cosmic1_jpl_l1b_v2.6_cosmic1c3-G29-200806151809.nc4	623792	1936e662344ccd75dad99fbff5a9f88b	1471	478
2008-06	15	contributed/v2.0/gnssro_cosmic1_jpl_l1b/2008/06/15/gnssro_cosmic1_jpl_l1b_v2.6_cosmic1c4-G08-200806150334.nc4	779792	5d205c0de8710d04631eb207046036c9	1471	551
2008-06	15	contributed/v2.0/gnssro_cosmic1_jpl_l1b/2008/06/15/gnssro_cosmic1_jpl_l1b_v2.6_cosmic1c4-G14-200806150549.nc4	773792	c5089e4d1ba1715df3c737dfb92729d1	1471	625
2008-06	15	contributed/v2.0/gnssro_cosmic1_jpl_l1b/2008/06/15/gnssro_cosmic1_jpl_l1b_v2.6_cosmic1c4-G19-200806151709.nc4	569792	0f48934a517f4a5687eeec4d270b15d0	1471	698
2008-06	15	contributed/v2.0/gnssro_cosmic1_jpl_l1b/2008/06/15/gnssro_cosmic1_jpl_l1b_v2.6_cosmic1c4-G26-200806150520.nc4	695792	e78c687dbf3fd7ba076b28379bcf8b18	1471	772
2008-06	15	contributed/v2.0/gnssro_cosmic1_jpl_l1b/2008/06/15/gnssro_cosmic1_jpl_l1b_v2.6_cosmic1c4-G32-200806151217.nc4	593792	10b196efdfe422ca915319ace3ebcf48	1471	845
2008-06	15	contributed/v2.0/gnssro_cosmic1_jpl_l1b/2008/06/15/gnssro_cosmic1_jpl_l1b_v2.6_cosmic1c5-G12-200806150449.nc4	707792	d97c5c092745a33d5591eaf2e8b2ce57	1471	919
2008-06	15	contributed/v2.0/gnssro_cosmic1_jpl_l1b/2008/06/15/gnssro_cosmic1_jpl_l1b_v2.6_cosmic1c5-G18-200806152224.nc4	557792	ceab27ce144bedf489c1ad778bf46e2a	1471	992
2008-06	15	contributed/v2.0/gnssro_cosmic1_jpl_l1b/2008/06/15/gnssro_cosmic1_jpl_l1b_v2.6_cosmic1c5-G26-200806150906.nc4	605792	caa034e63cdd9bb8cbab18baaf55dbb1	1471	1066
2008-06	15	contributed/v2.0/gnssro_cosmic1_jpl_l1b/2008/06/15/gnssro_cosmic1_jpl_l1b_v2.6_cosmic1c6-G02-200806151019.nc4	623792	2aad824ec22e1678b5157f3bb0e2d8ef	1471	1140
2008-06	15	contributed/v2.0/gnssro_cosmic1_jpl_l1b/2008/06/15/gnssro_cosmic1_jpl_l1b_v2.6_cosmic1c6-G09-200806151926.nc4	653792	74450cf8ca933c8db7ab8b3ec139c2a2	1471	1213
2008-06	15	contributed/v2.0/gnssro_cosmic1_jpl_l1b/2008/06/15/gnssro_cosmic1_jpl_l1b_v2.6_cosmic1c6-G16-200806151723.nc4	671792	b0c84d8c169a6a60e7769e0696c2994e	1471	1287
2008-06	15	contributed/v2.0/gnssro_cosmic1_jpl_l1b/2008/06/15/gnssro_cosmic1_jpl_l1b_v2.6_cosmic1c6-G23-200806150253.nc4	653792	81d5740cdaab813ad7906afc90c7da70	1471	1360
2008-06	15	contributed/v2.0/gnssro_cosmic1_jpl_l1b/2008/06/15/gnssro_cosmic1_jpl_l1b_v2.6_cosmic1c6-G29-200806150906.nc4	683792	889edc43e0f0ed8b34982cceb0bc4f79	1471	1434
2008-07	15	contributed/v2.0/gnssro_cosmic1_jpl_l1b/2008/07/15/gnssro_cosmic1_jpl_l1b_v2.6_cosmic1c1-G05-200807152254.nc4	821792	69a7bf9fac8a5fa06c8f4b444956d4f4	1675	41
2008-07	15	contributed/v2.0/gnssro_cosmic1_jpl_l1b/2008/07/15/gnssro_cosmic1_jpl_l1b_v2.6_cosmic1c1-G16-200807150804.nc4	863792	2d1a97d675983095bfc53884ba8005a3	1675	125
2008-07	15	contributed/v2.0/gnssro_cosmic1_jpl_l1b/2008/07/15/gnssro_cosmic1_jpl_l1b_v2.6_cosmic1c1-G24-200807151934.nc4	707792	a0a915aa74e2bea13b20cf19c7181225	1675	209
2008-07	15	contributed/v2.0/gnssro_cosmic1_jpl_l1b/2008/07/15/gnssro_cosmic1_jpl_l1b_v2.6_cosmic1c1-G32-200807152318.nc4	695792	4167baf66277359f24e3cc4346cbe6b3	1675	293
2008-07	15	contributed/v2.0/gnssro_cosmic1_jpl_l1b/2008/07/15/gnssro_cosmic1_jpl_l1b_v2.6_cosmic1c2-G11-200807151821.nc4	683792	01d26f92a9ef8591423b10c7889c24b6	1675	376
2008-07	15	contributed/v2.0/gnssro_cosmic1_jpl_l1b/2008/07/15/gnssro_cosmic1_jpl_l1b_v2.6_cosmic1c2-G22-200807150233.nc4	647792	e3bf1110c44fbd40035b16ac0522825c	1675	460
2008-07	15	contributed/v2.0/gnssro_cosmic1_jpl_l1b/2008/07/15/gnssro_cosmic1_jpl_l1b_v2.6_cosmic1c2-G32-200807150556.nc4	803792	2280de350f40928aa29077bf6542248e	1675	544
2008-07	15	contributed/v2.0/gnssro_cosmic1_jpl_l1b/2008/07/15/gnssro_cosmic1_jpl_l1b_v2.6_cosmic1c3-G11-200807150823.nc4	767792	b73dd3fec06192480da4ef489a717b06	1675	628
2008-07	15	contributed/v2.0/gnssro_cosmic1_jpl_l1b/2008/07/15/gnssro_cosmic1_jpl_l1b_v2.6_cosmic1c3-G22-200807150003.nc4	839792	514e27d436f6d393ab8d95e1ae61a923	1675	711
2008-07	15	contributed/v2.0/gnssro_cosmic1_jpl_l1b/2008/07/15/gnssro_cosmic1_jpl_l1b_v2.6_cosmic1c3-G32-200807151603.nc4	701792	6ee8211833914aa17d4b1ea40506bc59	1675	795
2008-07	15	contributed/v2.0/gnssro_cosmic1_jpl_l1b/2008/07/15/gnssro_cosmic1_jpl_l1b_v2.6_cosmic1c4-G09-200807152103.nc4	731792	de990c620fccfab30e354ec0edfb576b	1675	879
2008-07	15	contributed/v2.0/gnssro_cosmic1_jpl_l1b/2008/07/15/gnssro_cosmic1_jpl_l1b_v2.6_cosmic1c4-G16-200807151340.nc4	653792	749ba2d87a3a7a977abe89dacb3f09e1	1675	963
2008-07	15	contributed/v2.0/gnssro_cosmic1_jpl_l1b/2008/07/15/gnssro_cosmic1_jpl_l1b_v2.6_cosmic1c4-G22-200807152015.nc4	821792	c5cf4fd4f6e9075f2beec081404424df	1675	1046
2008-07	15	contributed/v2.0/gnssro_cosmic1_jpl_l1b/2008/07/15/gnssro_cosmic1_jpl_l1b_v2.6_cosmic1c4-G29-200807151533.nc4	557792	7d0b207b628fdfd55e7ed96626ddfcd9	1675	1130
2008-07	15	contributed/v2.0/gnssro_cosmic1_jpl_l1b/2008/07/15/gnssro_cosmic1_jpl_l1b_v2.6_cosmic1c5-G10-200807151731.nc4	779792	2971941e3349bb16c12c6f3afc701a1d	1675	1214
2008-07	15	contributed/v2.0/gnssro_cosmic1_jpl_l1b/2008/07/15/gnssro_cosmic1_jpl_l1b_v2.6_cosmic1c5-G27-200807152354.nc4	707792	1e8cb3f4328f6b4afabc145f5038728b	1675	1298
2008-07	15	contributed/v2.0/gnssro_cosmic1_jpl_l1b/2008/07/15/gnssro_cosmic1_jpl_l1b_v2.6_cosmic1c6-G06-200807152007.nc4	557792	f8cb3be85a3f5f4b3fa052f7dbcd0a98	1675	1381
2008-07	15	contributed/v2.0/gnssro_cosmic1_jpl_l1b/2008/07/15/gnssro_cosmic1_jpl_l1b_v2.6_cosmic1c6-G14-200807150252.nc4	725792	f159808e08757973bedd8f368e81c7c7	1675	1465
2008-07	15	contributed/v2.0/gnssro_cosmic1_jpl_l1b/2008/07/15/gnssro_cosmic1_jpl_l1b_v2.6_cosmic1c6-G20-200807151124.nc4	719792	47c44ba689c193fd069c4ed7d33c2ae1	1675	1549
2008-07	15	contributed/v2.0/gnssro_cosmic1_jpl_l1b/2008/07/15/gnssro_cosmic1_jpl_l1b_v2.6_cosmic1c6-G29-200807150421.nc4	575792	2ec3541ca0ec0e514d6c9699df6431af	1675	1633
2008-08	15	contributed/v2.0/gnssro_cosmic1_jpl_l1b/2008/08/15/gnssro_cosmic1_jpl_l1b_v2.6_cosmic1c1-G05-200808151555.nc4	683792	25988ab367ee10e865befd7f7e12498c	1793	44
2008-08	15	contributed/v2.0/gnssro_cosmic1_jpl_l1b/2008/08/15/gnssro_cosmic1_jpl_l1b_v2.6_cosmic1c1-G13-200808152040.nc4	641792	e049b1049e42399b7d68e28e960b3cb5	1793	134
2008-08	15	contributed/v2.0/gnssro_cosmic1_jpl_l1b/2008/08/15/gnssro_cosmic1_jpl_l1b_v2.6_cosmic1c1-G22-200808151112.nc4	659792	dc34cda2a210cc7cd8a65c2fba87c961	1793	224
2008-08	15	contributed/v2.0/gnssro_cosmic1_jpl_l1b/2008/08/15/gnssro_cosmic1_jpl_l1b_v2.6_cosmic1c1-G29-200808151636.nc4	671672	26c463d1cdab8f5efa9543bc3679e1f7	1793	313
2008-08	15	contributed/v2.0/gnssro_cosmic1_jpl_l1b/2008/08/15/gnssro_cosmic1_jpl_l1b_v2.6_cosmic1c3-G08-200808151032.nc4	551792	2ac8909fa7ff7b0263745464b2259636	1793	403
2008-08	15	contributed/v2.0/gnssro_cosmic1_jpl_l1b/2008/08/15/gnssro_cosmic1_jpl_l1b_v2.6_cosmic1c3-G16-200808152355.nc4	731792	d01509c3b8edd0a38638ecf1fa0eb0b0	1793	493
2008-08	15	contributed/v2.0/gnssro_cosmic1_jpl_l1b/2008/08/15/gnssro_cosmic1_jpl_l1b_v2.6_cosmic1c3-G26-200808150414.nc4	905792	56a1098b288d36cc9d3a6d78b7c69df3	1793	582
2008-08	15	contributed/v2.0/gnssro_cosmic1_jpl_l1b/2008/08/15/gnssro_cosmic1_jpl_l1b_v2.6_cosmic1c4-G03-200808152025.nc4	689792	4af5e6796d4c2a1db00bf7b264676a73	1793	672
2008-08	15	contributed/v2.0/gnssro_cosmic1_jpl_l1b/2008/08/15/gnssro_cosmic1_jpl_l1b_v2.6_cosmic1c4-G10-200808150912.nc4	773792	1a44cada0f0234669c832af02650502f	1793	762
2008-08	15	contributed/v2.0/gnssro_cosmic1_jpl_l1b/2008/08/15/gnssro_cosmic1_jpl_l1b_v2.6_cosmic1c4-G17-200808150241.nc4	695792	0329c2d3fb295b11caea5b4e9410d1f6	1793	851
2008-08	15	contributed/v2.0/gnssro_cosmic1_jpl_l1b/2008/08/15/gnssro_cosmic1_jpl_l1b_v2.6_cosmic1c4-G23-200808150950.nc4	623792	8fe1148a57a16758ac0fe9101a0f43cb	1793	941
2008-08	15	contributed/v2.0/gnssro_cosmic1_jpl_l1b/2008/08/15/gnssro_cosmic1_jpl_l1b_v2.6_cosmic1c4-G30-200808150127.nc4	713792	f45affe598c21174fc05810f30706a42	1793	1030
2008-08	15	contributed/v2.0/gnssro_cosmic1_jpl_l1b/2008/08/15/gnssro_cosmic1_jpl_l1b_v2.6_cosmic1c5-G05-200808151914.nc4	581792	f01e16033b7d0208e1937864a94082dc	1793	1120
2008-08	15	contributed/v2.0/gnssro_cosmic1_jpl_l1b/2008/08/15/gnssro_cosmic1_jpl_l1b_v2.6_cosmic1c5-G14-200808151110.nc4	731792	b34ef16639d6596e1d3ce97fbf306544	1793	1210
2008-08	15	contributed/v2.0/gnssro_cosmic1_jpl_l1b/2008/08/15/gnssro_cosmic1_jpl_l1b_v2.6_cosmic1c5-G21-200808152121.nc4	611792	22d369a9042f6535b481ec93492b1481	1793	1299
2008-08	15	contributed/v2.0/gnssro_cosmic1_jpl_l1b/2008/08/15/gnssro_cosmic1_jpl_l1b_v2.6_cosmic1c5-G28-200808151552.nc4	629792	35176977558e17ee66da7cbfe9168b56	1793	1389
2008-08	15	contributed/v2.0/gnssro_cosmic1_jpl_l1b/2008/08/15/gnssro_cosmic1_jpl_l1b_v2.6_cosmic1c6-G05-200808151348.nc4	755792	58cc5670583d4277310ab419e901e926	1793	1479
2008-08	15	contributed/v2.0/gnssro_cosmic1_jpl_l1b/2008/08/15/gnssro_cosmic1_jpl_l1b_v2.6_cosmic1c6-G13-200808151703.nc4	695792	0313ec446fad289cece0283308cd2812	1793	1568
2008-08	15	contributed/v2.0/gnssro_cosmic1_jpl_l1b/2008/08/15/gnssro_cosmic1_jpl_l1b_v2.6_cosmic1c6-G21-200808150913.nc4	689792	03e1109be17c4b310fbcf92772332387	1793	1658
2008-08	15	contributed/v2.0/gnssro_cosmic1_jpl_l1b/2008/08/15/gnssro_cosmic1_jpl_l1b_v2.6_cosmic1c6-G29-200808150640.nc4	587792	8319472704f916599058fe0a89d9483a	1793	1748
2008-09	15	contributed/v2.0/gnssro_cosmic1_jpl_l1b/2008/09/15/gnssro_cosmic1_jpl_l1b_v2.6_cosmic1c1-G07-200809151117.nc4	707792	04c931774a79226b1a19c493cae50942	1628	40
2008-09	15	contributed/v2.0/gnssro_cosmic1_jpl_l1b/2008/09/15/gnssro_cosmic1_jpl_l1b_v2.6_cosmic1c1-G16-200809152015.nc4	701792	48b6e41949a61785629e70ded155862a	1628	122
2008-09	15	contributed/v2.0/gnssro_cosmic1_jpl_l1b/2008/09/15/gnssro_cosmic1_jpl_l1b_v2.6_cosmic1c1-G25-200809150710.nc4	935792	0570fc14225ce96bdc810ea8142c6d6c	1628	203
2008-09	15	contributed/v2.0/gnssro_cosmic1_jpl_l1b/2008/09/15/gnssro_cosmic1_jpl_l1b_v2.6_cosmic1c2-G06-200809150745.nc4	779792	014aa9329f2379b0392ec1c13474d4dd	1628	284
2008-09	15	contributed/v2.0/gnssro_cosmic1_jpl_l1b/2008/09/15/gnssro_cosmic1_jpl_l1b_v2.6_cosmic1c2-G28-200809152245.nc4	581792	f8ca4ce48d26fdc362dc2c4ac5ac85a6	1628	366
2008-09	15	contributed/v2.0/gnssro_cosmic1_jpl_l1b/2008/09/15/gnssro_cosmic1_jpl_l1b_v2.6_cosmic1c3-G13-200809151123.nc4	611792	a3858a3788eb67283d6a5933457cfe50	1628	447
2008-09	15	contributed/v2.0/gnssro_cosmic1_jpl_l1b/2008/09/15/gnssro_cosmic1_jpl_l1b_v2.6_cosmic1c3-G23-200809150852.nc4	737792	8681d68963a7d8e4516f235fd1cd156c	1628	529
2008-09	15	contributed/v2.0/gnssro_cosmic1_jpl_l1b/2008/09/15/gnssro_cosmic1_jpl_l1b_v2.6_cosmic1c4-G02-200809151519.nc4	701792	c5002c9c96dae3ceba643eebcd1883bf	1628	610
2008-09	15	contributed/v2.0/gnssro_cosmic1_jpl_l1b/2008/09/15/gnssro_cosmic1_jpl_l1b_v2.6_cosmic1c4-G09-200809150409.nc4	821792	46e131266c681f7fba94eb9f063cbe69	1628	691
2008-09	15	contributed/v2.0/gnssro_cosmic1_jpl_l1b/2008/09/15/gnssro_cosmic1_jpl_l1b_v2.6_cosmic1c4-G14-200809151939.nc4	641792	93f40cff99c6bc4128d2b5ebd7048a84	1628	773
2008-09	15	contributed/v2.0/gnssro_cosmic1_jpl_l1b/2008/09/15/gnssro_cosmic1_jpl_l1b_v2.6_cosmic1c4-G21-200809150104.nc4	713792	7aa4c5548b65b4e8d67d0b5b58432b4d	1628	854
2008-09	15	contributed/v2.0/gnssro_cosmic1_jpl_l1b/2008/09/15/gnssro_cosmic1_jpl_l1b_v2.6_cosmic1c4-G26-200809150817.nc4	809792	5bde41babef946b4aa55bbaf00d40915	1628	936
2008-09	15	contributed/v2.0/gnssro_cosmic1_jpl_l1b/2008/09/15/gnssro_cosmic1_jpl_l1b_v2.6_cosmic1c4-G32-200809151610.nc4	731792	4bc96ea197b0c19c7d60c7e6b689780a	1628	1017
2008-09	15	contributed/v2.0/gnssro_cosmic1_jpl_l1b/2008/09/15/gnssro_cosmic1_jpl_l1b_v2.6_cosmic1c5-G16-200809151904.nc4	599792	d99e7db8d4f70e87bcafa884dba9058c	1628	1098
2008-09	15	contributed/v2.0/gnssro_cosmic1_jpl_l1b/2008/09/15/gnssro_cosmic1_jpl_l1b_v2.6_cosmic1c5-G32-200809151253.nc4	593792	ed4c92757aedb785fc9d268896c3137f	1628	1180
2008-09	15	contributed/v2.0/gnssro_cosmic1_jpl_l1b/2008/09/15/gnssro_cosmic1_jpl_l1b_v2.6_cosmic1c6-G07-200809152014.nc4	563792	16b7967ded8050349b8b22981ce99cd4	1628	1261
2008-09	15	contributed/v2.0/gnssro_cosmic1_jpl_l1b/2008/09/15/gnssro_cosmic1_jpl_l1b_v2.6_cosmic1c6-G12-200809151342.nc4	587792	905bbbdb04e2ef7574f563c128e0217b	1628	1343
2008-09	15	contributed/v2.0/gnssro_cosmic1_jpl_l1b/2008/09/15/gnssro_cosmic1_jpl_l1b_v2.6_cosmic1c6-G18-200809151817.nc4	761792	a96b866e8e73d9e3d047df2c5a6c4502	1628	1424
2008-09	15	contributed/v2.0/gnssro_cosmic1_jpl_l1b/2008/09/15/gnssro_cosmic1_jpl_l1b_v2.6_cosmic1c6-G24-200809150733.nc4	635792	50f7d6f4654059b006b088234567730a	1628	1505
2008-09	15	contributed/v2.0/gnssro_cosmic1_jpl_l1b/2008/09/15/gnssro_cosmic1_jpl_l1b_v2.6_cosmic1c6-G29-200809151926.nc4	839792	cc8ded75f9ed0c8123a735531683c193	1628	1587
2008-10	15	contributed/v2.0/gnssro_cosmic1_jpl_l1b/2008/10/15/gnssro_cosmic1_jpl_l1b_v2.6_cosmic1c1-G07-200810151344.nc4	539792	37f9e62daa1afa7b8d07ea04b6edc9b0	1956	48
2008-10	15	contributed/v2.0/gnssro_cosmic1_jpl_l1b/2008/10/15/gnssro_cosmic1_jpl_l1b_v2.6_cosmic1c1-G16-200810151008.nc4	773792	52b401a28ad889aa3d25a693215e083d	1956	146
2008-10	15	contributed/v2.0/gnssro_cosmic1_jpl_l1b/2008/10/15/gnssro_cosmic1_jpl_l1b_v2.6_cosmic1c1-G24-200810152333.nc4	605792	a9256264afc3120d5680a53f57b5f62e	1956	244
2008-10	15	contributed/v2.0/gnssro_cosmic1_jpl_l1b/2008/10/15/gnssro_cosmic1_jpl_l1b_v2.6_cosmic1c2-G03-200810150714.nc4	869792	eb4ec07ea2c7e75eb7678396068a5199	1956	342
2008-10	15	contributed/v2.0/gnssro_cosmic1_jpl_l1b/2008/10/15/gnssro_cosmic1_jpl_l1b_v2.6_cosmic1c2-G13-200810150714.nc4	761792	925e9286c5cf719fe6323a4789a93a4e	1956	440
2008-10	15	contributed/v2.0/gnssro_cosmic1_jpl_l1b/2008/10/15/gnssro_cosmic1_jpl_l1b_v2.6_cosmic1c2-G23-200810152356.nc4	635792	c2c29357deba77d70652f2b7174230f5	1956	537
2008-10	15	contributed/v2.0/gnssro_cosmic1_jpl_l1b/2008/10/15/gnssro_cosmic1_jpl_l1b_v2.6_cosmic1c3-G03-200810151635.nc4	635792	324e4ca7a8720da6b0ed5be1e6a671e2	1956	635
2008-10	15	contributed/v2.0/gnssro_cosmic1_jpl_l1b/2008/10/15/gnssro_cosmic1_jpl_l1b_v2.6_cosmic1c3-G12-200810150904.nc4	815792	90b7bb8767c2cb7f2637c43f895d4b9f	1956	733
2008-10	15	contributed/v2.0/gnssro_cosmic1_jpl_l1b/2008/10/15/gnssro_cosmic1_jpl_l1b_v2.6_cosmic1c3-G24-200810150524.nc4	617792	badf838d2416e83f8f291fe3e22e4e55	1956	831
2008-10	15	contributed/v2.0/gnssro_cosmic1_jpl_l1b/2008/10/15/gnssro_cosmic1_jpl_l1b_v2.6_cosmic1c4-G03-200810150912.nc4	791792	385a3090530b8f552a25a538a96236d1	1956	929
2008-10	15	contributed/v2.0/gnssro_cosmic1_jpl_l1b/2008/10/15/gnssro_cosmic1_jpl_l1b_v2.6_cosmic1c4-G11-200810150247.nc4	605792	92e81c94e177a5295d073d3124c125da	1956	1026
2008-10	15	contributed/v2.0/gnssro_cosmic1_jpl_l1b/2008/10/15/gnssro_cosmic1_jpl_l1b_v2.6_cosmic1c4-G19-200810150109.nc4	689792	3eaa8cb07d9571ab5bb0172e8bbaeac7	1956	1124
2008-10	15	contributed/v2.0/gnssro_cosmic1_jpl_l1b/2008/10/15/gnssro_cosmic1_jpl_l1b_v2.6_cosmic1c4-G28-200810150050.nc4	719792	c7fee1a573b67da403c44dbc72c469fe	1956	1222
2008-10	15	contributed/v2.0/gnssro_cosmic1_jpl_l1b/2008/10/15/gnssro_cosmic1_jpl_l1b_v2.6_cosmic1c5-G06-200810150412.nc4	677792	aa0f23a73704f8022ca3e7fbf4929c7a	1956	1320
2008-10	15	contributed/v2.0/gnssro_cosmic1_jpl_l1b/2008/10/15/gnssro_cosmic1_jpl_l1b_v2.6_cosmic1c5-G13-200810150742.nc4	677792	b4eae2898cf0367353484cd744abdb06	1956	1418
2008-10	15	contributed/v2.0/gnssro_cosmic1_jpl_l1b/2008/10/15/gnssro_cosmic1_jpl_l1b_v2.6_cosmic1c5-G21-200810151659.nc4	599792	048cda2cef84d5d5d89604aa174c2cf1	1956	1515
2008-10	15	contributed/v2.0/gnssro_cosmic1_jpl_l1b/2008/10/15/gnssro_cosmic1_jpl_l1b_v2.6_cosmic1c5-G30-200810150046.nc4	635792	b5924603f6fc05222b7e072948845610	1956	1613
2008-10	15	contributed/v2.0/gnssro_cosmic1_jpl_l1b/2008/10/15/gnssro_cosmic1_jpl_l1b_v2.6_cosmic1c6-G07-200810151705.nc4	623792	93aa8c5689d4612a6bb402f6279ccf35	1956	1711
2008-10	15	contributed/v2.0/gnssro_cosmic1_jpl_l1b/2008/10/15/gnssro_cosmic1_jpl_l1b_v2.6_cosmic1c6-G18-200810150325.nc4	647792	974418eec7d708394096a3c5ff0d55ba	1956	1809
2008-10	15	contributed/v2.0/gnssro_cosmic1_jpl_l1b/2008/10/15/gnssro_cosmic1_jpl_l1b_v2.6_cosmic1c6-G26-200810152235.nc4	857792	9596539b4fda97a7f4836d34eaa33c37	1956	1907
2008-11	15	contributed/v2.0/gnssro_cosmic1_jpl_l1b/2008/11/15/gnssro_cosmic1_jpl_l1b_v2.6_cosmic1c1-G04-200811152324.nc4	605792	cd70998e82ff88e251615f91cd23a681	1597	39
2008-11	15	contributed/v2.0/gnssro_cosmic1_jpl_l1b/2008/11/15/gnssro_cosmic1_jpl_l1b_v2.6_cosmic1c1-G11-200811152001.nc4	623792	6867a39aa08d4b458bfd4942ba083f1e	1597	119
2008-11	15	contributed/v2.0/gnssro_cosmic1_jpl_l1b/2008/11/15/gnssro_cosmic1_jpl_l1b_v2.6_cosmic1c1-G18-200811152245.nc4	617792	a8f736a0274e3180669db1702b78f724	1597	199
2008-11	15	contributed/v2.0/gnssro_cosmic1_jpl_l1b/2008/11/15/gnssro_cosmic1_jpl_l1b_v2.6_cosmic1c1-G25-200811151746.nc4	737792	e063bc10eb893989f2c70a3b735633e5	1597	279
2008-11	15	contributed/v2.0/gnssro_cosmic1_jpl_l1b/2008/11/15/gnssro_cosmic1_jpl_l1b_v2.6_cosmic1c1-G32-200811152012.nc4	647792	1676fa9863b4901e543e69bc70d47e9a	1597	359
2008-11	15	contributed/v2.0/gnssro_cosmic1_jpl_l1b/2008/11/15/gnssro_cosmic1_jpl_l1b_v2.6_cosmic1c3-G02-200811151916.nc4	659792	83897073aacdccfcf9ee5251ae6e8ad9	1597	439
2008-11	15	contributed/v2.0/gnssro_cosmic1_jpl_l1b/2008/11/15/gnssro_cosmic1_jpl_l1b_v2.6_cosmic1c3-G12-200811150054.nc4	659792	8ac83ddf77e54325b37e191db2ba0527	1597	519
2008-11	15	contributed/v2.0/gnssro_cosmic1_jpl_l1b/2008/11/15/gnssro_cosmic1_jpl_l1b_v2.6_cosmic1c3-G21-200811151433.nc4	677792	653b0ec6e76fd064348f86db3ee21d92	1597	598
2008-11	15	contributed/v2.0/gnssro_cosmic1_jpl_l1b/2008/11/15/gnssro_cosmic1_jpl_l1b_v2.6_cosmic1c3-G30-200811151545.nc4	515672	0f16ca699921083211d72f6d544342c6	1597	678
2008-11	15	contributed/v2.0/gnssro_cosmic1_jpl_l1b/2008/11/15/gnssro_cosmic1_jpl_l1b_v2.6_cosmic1c4-G06-200811151909.nc4	533672	2af3444a937e0e16ebcabc3402934735	1597	758
2008-11	15	contributed/v2.0/gnssro_cosmic1_jpl_l1b/2008/11/15/gnssro_cosmic1_jpl_l1b_v2.6_cosmic1c4-G13-200811150607.nc4	581792	238c56ef2777690f47862cf81f1d8c94	1597	838
2008-11	15	contributed/v2.0/gnssro_cosmic1_jpl_l1b/2008/11/15/gnssro_cosmic1_jpl_l1b_v2.6_cosmic1c4-G20-200811150337.nc4	593792	56a46533f5a11edd06c79a8f40d0583c	1597	918
2008-11	15	contributed/v2.0/gnssro_cosmic1_jpl_l1b/2008/11/15/gnssro_cosmic1_jpl_l1b_v2.6_cosmic1c4-G25-200811151856.nc4	773792	96c3344be4c65be9ee4e42776cbc4cd4	1597	998
2008-11	15	contributed/v2.0/gnssro_cosmic1_jpl_l1b/2008/11/15/gnssro_cosmic1_jpl_l1b_v2.6_cosmic1c4-G31-200811152127.nc4	779792	f6b60cbb7a7ab47aa54e854020d0aacb	1597	1077
2008-11	15	contributed/v2.0/gnssro_cosmic1_jpl_l1b/2008/11/15/gnssro_cosmic1_jpl_l1b_v2.6_cosmic1c5-G13-200811151211.nc4	515792	bef13390da12e09614081d3930521b8b	1597	1157
2008-11	15	contributed/v2.0/gnssro_cosmic1_jpl_l1b/2008/11/15/gnssro_cosmic1_jpl_l1b_v2.6_cosmic1c5-G26-200811152258.nc4	569792	f2db12016a878dfdfbd57b72e16fc1c9	1597	1237
2008-11	15	contributed/v2.0/gnssro_cosmic1_jpl_l1b/2008/11/15/gnssro_cosmic1_jpl_l1b_v2.6_cosmic1c6-G07-200811150050.nc4	653792	d726c4ac6434d1b894f9fb70d73784fa	1597	1317
2008-11	15	contributed/v2.0/gnssro_cosmic1_jpl_l1b/2008/11/15/gnssro_cosmic1_jpl_l1b_v2.6_cosmic1c6-G15-200811151048.nc4	611792	bf2da70fc76863847756a4930b90bc62	1597	1397
2008-11	15	contributed/v2.0/gnssro_cosmic1_jpl_l1b/2008/11/15/gnssro_cosmic1_jpl_l1b_v2.6_cosmic1c6-G21-200811151758.nc4	593792	d3dbf8526320ef0db0bdd17759a021e1	1597	1477
2008-11	15	contributed/v2.0/gnssro_cosmic1_jpl_l1b/2008/11/15/gnssro_cosmic1_jpl_l1b_v2.6_cosmic1c6-G29-200811150524.nc4	659792	3ce5029044a692e4c9cce452f4f2c2a1	1597	1557
2008-12	15	contributed/v2.0/gnssro_cosmic1_jpl_l1b/2008/12/15/gnssro_cosmic1_jpl_l1b_v2.6_cosmic1c1-G15-200812150753.nc4	725792	cc9cfe5fac5c9efa6489eb0ca3b01a85	1216	30
2008-12	15	contributed/v2.0/gnssro_cosmic1_jpl_l1b/2008/12/15/gnssro_cosmic1_jpl_l1b_v2.6_cosmic1c3-G05-200812150540.nc4	689792	500408904829cef64fc0878576ad8468	1216	91
2008-12	15	contributed/v2.0/gnssro_cosmic1_jpl_l1b/2008/12/15/gnssro_cosmic1_jpl_l1b_v2.6_cosmic1c3-G15-200812152043.nc4	785792	3e815bc51344e00041b252022624c729	1216	152
2008-12	15	contributed/v2.0/gnssro_cosmic1_jpl_l1b/2008/12/15/gnssro_cosmic1_jpl_l1b_v2.6_cosmic1c3-G27-200812150409.nc4	707792	e5a597f8bfd1371607a82b14435d8e09	1216	212
2008-12	15	contributed/v2.0/gnssro_cosmic1_jpl_l1b/2008/12/15/gnssro_cosmic1_jpl_l1b_v2.6_cosmic1c4-G03-200812152327.nc4	689792	fcea965acbf4c32cc23e3e33669a4581	1216	273
2008-12	15	contributed/v2.0/gnssro_cosmic1_jpl_l1b/2008/12/15/gnssro_cosmic1_jpl_l1b_v2.6_cosmic1c4-G08-200812151212.nc4	719792	2f9fcf037214fc795b6e684197663e10	1216	334
2008-12	15	contributed/v2.0/gnssro_cosmic1_jpl_l1b/2008/12/15/gnssro_cosmic1_jpl_l1b_v2.6_cosmic1c4-G13-200812152330.nc4	731792	e2a8778b0cd35405504451088feed8fd	1216	395
2008-12	15	contributed/v2.0/gnssro_cosmic1_jpl_l1b/2008/12/15/gnssro_cosmic1_jpl_l1b_v2.6_cosmic1c4-G18-200812150338.nc4	863792	ab53a0c3d550f64a6edf6cc402c4fa48	1216	456
2008-12	15	contributed/v2.0/gnssro_cosmic1_jpl_l1b/2008/12/15/gnssro_cosmic1_jpl_l1b_v2.6_cosmic1c4-G23-200812151153.nc4	683792	fa90268017dca8d96576b9132cbc19c0	1216	516
2008-12	15	contributed/v2.0/gnssro_cosmic1_jpl_l1b/2008/12/15/gnssro_cosmic1_jpl_l1b_v2.6_cosmic1c4-G28-200812150723.nc4	689792	ecd05c113731e0c331d88535cff61ac4	1216	577
2008-12	15	contributed/v2.0/gnssro_cosmic1_jpl_l1b/2008/12/15/gnssro_cosmic1_jpl_l1b_v2.6_cosmic1c5-G03-200812151425.nc4	959792	4c5f3a8cbbac3b4642239902090669bb	1216	638
2008-12	15	contributed/v2.0/gnssro_cosmic1_jpl_l1b/2008/12/15/gnssro_cosmic1_jpl_l1b_v2.6_cosmic1c5-G09-200812150156.nc4	893792	3fe583b3a821b999a51cd977d09ad3b0	1216	699
2008-12	15	contributed/v2.0/gnssro_cosmic1_jpl_l1b/2008/12/15/gnssro_cosmic1_jpl_l1b_v2.6_cosmic1c5-G13-200812152217.nc4	587672	00a4ba5f881c1d4f60150cb734bfb7ef	1216	760
2008-12	15	contributed/v2.0/gnssro_cosmic1_jpl_l1b/2008/12/15/gnssro_cosmic1_jpl_l1b_v2.6_cosmic1c5-G18-200812152121.nc4	581792	3c0601b39ce49b3e7410cfef8e73cd84	1216	820
2008-12	15	contributed/v2.0/gnssro_cosmic1_jpl_l1b/2008/12/15/gnssro_cosmic1_jpl_l1b_v2.6_cosmic1c5-G24-200812150955.nc4	563792	842c5b2cc0c7e5cd2593f47c57cadf34	1216	881
2008-12	15	contributed/v2.0/gnssro_cosmic1_jpl_l1b/2008/12/15/gnssro_cosmic1_jpl_l1b_v2.6_cosmic1c5-G29-200812152055.nc4	689792	947da32f6bd99605296b09bdf579790c	1216	942
2008-12	15	contributed/v2.0/gnssro_cosmic1_jpl_l1b/2008/12/15/gnssro_cosmic1_jpl_l1b_v2.6_cosmic1c6-G04-200812151213.nc4	725792	5cce9e8c416e97a52e1f3d5f0df0ef1d	1216	1003
2008-12	15	contributed/v2.0/gnssro_cosmic1_jpl_l1b/2008/12/15/gnssro_cosmic1_jpl_l1b_v2.6_cosmic1c6-G12-200812150023.nc4	707792	a98746fabc240d0c2399d186794cb38a	1216	1064
2008-12	15	contributed/v2.0/gnssro_cosmic1_jpl_l1b/2008/12/15/gnssro_cosmic1_jpl_l1b_v2.6_cosmic1c6-G21-200812150522.nc4	833792	b7e34ad295f3fd36783a5f7f3b3ac71e	1216	1124
2008-12	15	contributed/v2.0/gnssro_cosmic1_jpl_l1b/2008/12/15/gnssro_cosmic1_jpl_l1b_v2.6_cosmic1c6-G29-200812150207.nc4	623792	75ee33dc320c9a1278ad66ed17fac082	1216	1185
2009-01	15	contributed/v2.0/gnssro_cosmic1_jpl_l1b/2009/01/15/gnssro_cosmic1_jpl_l1b_v2.6_cosmic1c1-G07-200901150859.nc4	695792	2782fd54bbe0918c10082c533e10c1e1	1790	44
2009-01	15	contributed/v2.0/gnssro_cosmic1_jpl_l1b/2009/01/15/gnssro_cosmic1_jpl_l1b_v2.6_cosmic1c1-G16-200901150935.nc4	611792	70e8c306462eb486cf9ebb89a42ffc69	1790	134
2009-01	15	contributed/v2.0/gnssro_cosmic1_jpl_l1b/2009/01/15/gnssro_cosmic1_jpl_l1b_v2.6_cosmic1c1-G26-200901150550.nc4	827792	a9136a30b1f5f507f323d9e9b1ab6443	1790	223
2009-01	15	contributed/v2.0/gnssro_cosmic1_jpl_l1b/2009/01/15/gnssro_cosmic1_jpl_l1b_v2.6_cosmic1c2-G05-200901151541.nc4	611792	4e915c2945bd2d047e546633b4d88669	1790	313
2009-01	15	contributed/v2.0/gnssro_cosmic1_jpl_l1b/2009/01/15/gnssro_cosmic1_jpl_l1b_v2.6_cosmic1c2-G14-200901150941.nc4	773792	4451fcbe79ea17f3cf07de1b5bfa345e	1790	402
2009-01	15	contributed/v2.0/gnssro_cosmic1_jpl_l1b/2009/01/15/gnssro_cosmic1_jpl_l1b_v2.6_cosmic1c2-G23-200901152143.nc4	707792	25385ff0ad009cea9fff77ec5f28e314	1790	492
2009-01	15	contributed/v2.0/gnssro_cosmic1_jpl_l1b/2009/01/15/gnssro_cosmic1_jpl_l1b_v2.6_cosmic1c2-G32-200901151520.nc4	689792	02372100d08e77f52a46cb9bc424e4d1	1790	581
2009-01	15	contributed/v2.0/gnssro_cosmic1_jpl_l1b/2009/01/15/gnssro_cosmic1_jpl_l1b_v2.6_cosmic1c3-G08-200901151029.nc4	845792	4116e9f8844719f239c236059ae3ffc4	1790	671
2009-01	15	contributed/v2.0/gnssro_cosmic1_jpl_l1b/2009/01/15/gnssro_cosmic1_jpl_l1b_v2.6_cosmic1c3-G16-200901151012.nc4	653792	78d177d99695993ccdf762a3edb8e89c	1790	760
2009-01	15	contributed/v2.0/gnssro_cosmic1_jpl_l1b/2009/01/15/gnssro_cosmic1_jpl_l1b_v2.6_cosmic1c3-G24-200901150850.nc4	785792	c27b0005c127f2f9f1c9bc473cf9c929	1790	850
2009-01	15	contributed/v2.0/gnssro_cosmic1_jpl_l1b/2009/01/15/gnssro_cosmic1_jpl_l1b_v2.6_cosmic1c3-G31-200901151617.nc4	719792	484107efa975c834ffe67cd70e42f0ad	1790	939
2009-01	15	contributed/v2.0/gnssro_cosmic1_jpl_l1b/2009/01/15/gnssro_cosmic1_jpl_l1b_v2.6_cosmic1c4-G09-200901150741.nc4	605792	cb05bffa310f7372d92f128c2b5fd016	1790	1029
2009-01	15	contributed/v2.0/gnssro_cosmic1_jpl_l1b/2009/01/15/gnssro_cosmic1_jpl_l1b_v2.6_cosmic1c4-G15-200901151745.nc4	671792	59d72bb3f67ab320cf6e14bb44153d60	1790	1118
2009-01	15	contributed/v2.0/gnssro_cosmic1_jpl_l1b/2009/01/15/gnssro_cosmic1_jpl_l1b_v2.6_cosmic1c4-G21-200901152054.nc4	689792	406ef4106b3c8e833ea262b5e1738b99	1790	1208
2009-01	15	contributed/v2.0/gnssro_cosmic1_jpl_l1b/2009/01/15/gnssro_cosmic1_jpl_l1b_v2.6_cosmic1c4-G28-200901151408.nc4	701792	60dd758823cc81b96273070ee4eaa457	1790	1297
2009-01	15	contributed/v2.0/gnssro_cosmic1_jpl_l1b/2009/01/15/gnssro_cosmic1_jpl_l1b_v2.6_cosmic1c5-G05-200901150337.nc4	683792	e983faf13bd8cb04714ce276760e1c3d	1790	1387
2009-01	15	contributed/v2.0/gnssro_cosmic1_jpl_l1b/2009/01/15/gnssro_cosmic1_jpl_l1b_v2.6_cosmic1c5-G14-200901150729.nc4	683792	90cf5531f5235753b9742bd4e254532a	1790	1476
2009-01	15	contributed/v2.0/gnssro_cosmic1_jpl_l1b/2009/01/15/gnssro_cosmic1_jpl_l1b_v2.6_cosmic1c5-G24-200901150538.nc4	575792	9175c127501de0f98c6f9e9256eae9b2	1790	1566
2009-01	15	contributed/v2.0/gnssro_cosmic1_jpl_l1b/2009/01/15/gnssro_cosmic1_jpl_l1b_v2.6_cosmic1c6-G04-200901151304.nc4	743792	39107a0c528a7789c038645018d5195c	1790	1655
2009-01	15	contributed/v2.0/gnssro_cosmic1_jpl_l1b/2009/01/15/gnssro_cosmic1_jpl_l1b_v2.6_cosmic1c6-G23-200901151326.nc4	761792	516401a3c0dfd014878cf75d9d4df751	1790	1745
2009-02	15	contributed/v2.0/gnssro_cosmic1_jpl_l1b/2009/02/15/gnssro_cosmic1_jpl_l1b_v2.6_cosmic1c1-G04-200902151914.nc4	911672	10fc5283a5cef2f1a40a3201d7b799e8	1567	39
2009-02	15	contributed/v2.0/gnssro_cosmic1_jpl_l1b/2009/02/15/gnssro_cosmic1_jpl_l1b_v2.6_cosmic1c1-G10-200902150020.nc4	647792	d4e92708f003cf21f3fe23e3b34d314c	1567	117
2009-02	15	contributed/v2.0/gnssro_cosmic1_jpl_l1b/2009/02/15/gnssro_cosmic1_jpl_l1b_v2.6_cosmic1c1-G15-200902151946.nc4	647792	4bf22d97ea7625a64e288ae881d604b9	1567	195
2009-02	15	contributed/v2.0/gnssro_cosmic1_jpl_l1b/2009/02/15/gnssro_cosmic1_jpl_l1b_v2.6_cosmic1c1-G22-200902150342.nc4	647792	c612123e3e9b2bde03bfba6a4fca3264	1567	274
2009-02	15	contributed/v2.0/gnssro_cosmic1_jpl_l1b/2009/02/15/gnssro_cosmic1_jpl_l1b_v2.6_cosmic1c1-G27-200902150324.nc4	749792	e948f5d936dd589f7c176393838c823a	1567	352
2009-02	15	contributed/v2.0/gnssro_cosmic1_jpl_l1b/2009/02/15/gnssro_cosmic1_jpl_l1b_v2.6_cosmic1c2-G03-200902152134.nc4	551792	f4192968bb2fcb908658520e49a11089	1567	430
2009-02	15	contributed/v2.0/gnssro_cosmic1_jpl_l1b/2009/02/15/gnssro_cosmic1_jpl_l1b_v2.6_cosmic1c2-G12-200902150014.nc4	593792	c6e9e5a998479042da4c17f03c3a86eb	1567	509
2009-02	15	contributed/v2.0/gnssro_cosmic1_jpl_l1b/2009/02/15/gnssro_cosmic1_jpl_l1b_v2.6_cosmic1c2-G18-200902151844.nc4	713792	8c34888fc3ce36ba379b6080df5a8355	1567	587
2009-02	15	contributed/v2.0/gnssro_cosmic1_jpl_l1b/2009/02/15/gnssro_cosmic1_jpl_l1b_v2.6_cosmic1c2-G25-200902152248.nc4	779792	1fec5fbb65ac8359504819c29135e744	1567	665
2009-02	15	contributed/v2.0/gnssro_cosmic1_jpl_l1b/2009/02/15/gnssro_cosmic1_jpl_l1b_v2.6_cosmic1c4-G02-200902150344.nc4	713792	c9cd2ea8fec2151d8730c0d1f84c5481	1567	744
2009-02	15	contributed/v2.0/gnssro_cosmic1_jpl_l1b/2009/02/15/gnssro_cosmic1_jpl_l1b_v2.6_cosmic1c4-G07-200902152156.nc4	617792	40e03ff91d6fac8be3fce0d222e03a90	1567	822
2009-02	15	contributed/v2.0/gnssro_cosmic1_jpl_l1b/2009/02/15/gnssro_cosmic1_jpl_l1b_v2.6_cosmic1c4-G12-200902150511.nc4	731792	64907dc75fe63d2196fd48dfe85b797e	1567	901
2009-02	15	contributed/v2.0/gnssro_cosmic1_jpl_l1b/2009/02/15/gnssro_cosmic1_jpl_l1b_v2.6_cosmic1c4-G19-200902150520.nc4	827792	c17511d29b98523559635347fb7f3ff0	1567	979
2009-02	15	contributed/v2.0/gnssro_cosmic1_jpl_l1b/2009/02/15/gnssro_cosmic1_jpl_l1b_v2.6_cosmic1c4-G24-200902150610.nc4	695792	57d38808ee600c6d4b77857816804514	1567	1057
2009-02	15	contributed/v2.0/gnssro_cosmic1_jpl_l1b/2009/02/15/gnssro_cosmic1_jpl_l1b_v2.6_cosmic1c4-G29-200902151859.nc4	1055792	e5f2a08dba5e1a44ec369a464c697776	1567	1136
2009-02	15	contributed/v2.0/gnssro_cosmic1_jpl_l1b/2009/02/15/gnssro_cosmic1_jpl_l1b_v2.6_cosmic1c5-G04-200902151622.nc4	617792	e5634cabd63bbedd76de29bec344e7ef	1567	1214
2009-02	15	contributed/v2.0/gnssro_cosmic1_jpl_l1b/2009/02/15/gnssro_cosmic1_jpl_l1b_v2.6_cosmic1c5-G13-200902150840.nc4	713792	dcc2a06a53295506eb304dad6fafb406	1567	1292
2009-02	15	contributed/v2.0/gnssro_cosmic1_jpl_l1b/2009/02/15/gnssro_cosmic1_jpl_l1b_v2.6_cosmic1c5-G19-200902151152.nc4	437792	e14c472ef7e7a86e38966932ce4eb96d	1567	1371
2009-02	15	contributed/v2.0/gnssro_cosmic1_jpl_l1b/2009/02/15/gnssro_cosmic1_jpl_l1b_v2.6_cosmic1c5-G26-200902151200.nc4	719792	bc439e5d0b1f4bcbb03e3e19198c225f	1567	1449
2009-02	15	contributed/v2.0/gnssro_cosmic1_jpl_l1b/2009/02/15/gnssro_cosmic1_jpl_l1b_v2.6_cosmic1c6-G07-200902150611.nc4	539672	c52a9b21998307da96ff23df12ddf18e	1567	1527
2009-03	15	contributed/v2.0/gnssro_cosmic1_jpl_l1b/2009/03/15/gnssro_cosmic1_jpl_l1b_v2.6_cosmic1c1-G17-200903151112.nc4	581792	8757b172a9e9834c31e126d1096eb3c6	1575	39
2009-03	15	contributed/v2.0/gnssro_cosmic1_jpl_l1b/2009/03/15/gnssro_cosmic1_jpl_l1b_v2.6_cosmic1c2-G14-200903150416.nc4	563792	ea421c74d0f1a9e9bdcbfecea8f384a8	1575	118
2009-03	15	contributed/v2.0/gnssro_cosmic1_jpl_l1b/2009/03/15/gnssro_cosmic1_jpl_l1b_v2.6_cosmic1c3-G02-200903151929.nc4	629792	7e33d0a78be1be96be831822396b1f2b	1575	196
2009-03	15	contributed/v2.0/gnssro_cosmic1_jpl_l1b/2009/03/15/gnssro_cosmic1_jpl_l1b_v2.6_cosmic1c3-G10-200903150048.nc4	611792	fd252ba46a2664ec67cd6396eb85f406	1575	275
2009-03	15	contributed/v2.0/gnssro_cosmic1_jpl_l1b/2009/03/15/gnssro_cosmic1_jpl_l1b_v2.6_cosmic1c3-G16-200903151112.nc4	755792	0d71a62206f3df341755283984809507	1575	354
2009-03	15	contributed/v2.0/gnssro_cosmic1_jpl_l1b/2009/03/15/gnssro_cosmic1_jpl_l1b_v2.6_cosmic1c3-G21-200903151700.nc4	557792	718d7ccff6d30273d35cf6ac80702b0f	1575	433
2009-03	15	contributed/v2.0/gnssro_cosmic1_jpl_l1b/2009/03/15/gnssro_cosmic1_jpl_l1b_v2.6_cosmic1c3-G28-200903152304.nc4	683792	3506cc43141ca548e20cf849fe76f8e9	1575	511
2009-03	15	contributed/v2.0/gnssro_cosmic1_jpl_l1b/2009/03/15/gnssro_cosmic1_jpl_l1b_v2.6_cosmic1c4-G03-200903152005.nc4	881792	cd04639fe58c536102321cb39beab7cc	1575	590
2009-03	15	contributed/v2.0/gnssro_cosmic1_jpl_l1b/2009/03/15/gnssro_cosmic1_jpl_l1b_v2.6_cosmic1c4-G09-200903150943.nc4	653792	f7c5ca6e196e17132ad92cb859eed3c0	1575	669
2009-03	15	contributed/v2.0/gnssro_cosmic1_jpl_l1b/2009/03/15/gnssro_cosmic1_jpl_l1b_v2.6_cosmic1c4-G15-200903150333.nc4	629792	a6293d62b097749635283d51ffb239a3	1575	748
2009-03	15	contributed/v2.0/gnssro_cosmic1_jpl_l1b/2009/03/15/gnssro_cosmic1_jpl_l1b_v2.6_cosmic1c4-G21-200903150245.nc4	815792	01d1fe211fd8ef7f1503e85127fbc99e	1575	826
2009-03	15	contributed/v2.0/gnssro_cosmic1_jpl_l1b/2009/03/15/gnssro_cosmic1_jpl_l1b_v2.6_cosmic1c4-G25-200903151703.nc4	581792	6b5f23c099c7c42614ba73d14023babd	1575	905
2009-03	15	contributed/v2.0/gnssro_cosmic1_jpl_l1b/2009/03/15/gnssro_cosmic1_jpl_l1b_v2.6_cosmic1c4-G31-200903151900.nc4	833792	e5a6ee3afa399cf93b93ec06a5952e67	1575	984
2009-03	15	contributed/v2.0/gnssro_cosmic1_jpl_l1b/2009/03/15/gnssro_cosmic1_jpl_l1b_v2.6_cosmic1c5-G06-200903150850.nc4	869792	5531482aa6955cd021af7c7bb770cd82	1575	1063
2009-03	15	contributed/v2.0/gnssro_cosmic1_jpl_l1b/2009/03/15/gnssro_cosmic1_jpl_l1b_v2.6_cosmic1c5-G13-200903150225.nc4	755792	23f1b49b6af029aa1b351dacb8207ab8	1575	1141
2009-03	15	contributed/v2.0/gnssro_cosmic1_jpl_l1b/2009/03/15/gnssro_cosmic1_jpl_l1b_v2.6_cosmic1c5-G18-200903151511.nc4	677792	71936b2eacb90e16b658e52025a9f21d	1575	1220
2009-03	15	contributed/v2.0/gnssro_cosmic1_jpl_l1b/2009/03/15/gnssro_cosmic1_jpl_l1b_v2.6_cosmic1c5-G24-200903151622.nc4	623792	55960d83b9421cc7b7ac2a6a153ee803	1575	1299
2009-03	15	contributed/v2.0/gnssro_cosmic1_jpl_l1b/2009/03/15/gnssro_cosmic1_jpl_l1b_v2.6_cosmic1c5-G30-200903151105.nc4	659792	01c957b18ea3e3f0ef2ad11179be12d3	1575	1378
2009-03	15	contributed/v2.0/gnssro_cosmic1_jpl_l1b/2009/03/15/gnssro_cosmic1_jpl_l1b_v2.6_cosmic1c6-G09-200903151905.nc4	503792	141918378db987ab1807782b473c5135	1575	1456
2009-03	15	contributed/v2.0/gnssro_cosmic1_jpl_l1b/2009/03/15/gnssro_cosmic1_jpl_l1b_v2.6_cosmic1c6-G24-200903152011.nc4	707792	06c3c91dc171530b64b19e4a198ed43a	1575	1535
2009-04	15	contributed/v2.0/gnssro_cosmic1_jpl_l1b/2009/04/15/gnssro_cosmic1_jpl_l1b_v2.6_cosmic1c1-G07-200904150858.nc4	755792	8fec667d8a0a3fccafff4e98df968457	1977	49
2009-04	15	contributed/v2.0/gnssro_cosmic1_jpl_l1b/2009/04/15/gnssro_cosmic1_jpl_l1b_v2.6_cosmic1c1-G15-200904150625.nc4	731792	6d9492ac8a89d6e3511e6f1aef095cd3	1977	148
2009-04	15	contributed/v2.0/gnssro_cosmic1_jpl_l1b/2009/04/15/gnssro_cosmic1_jpl_l1b_v2.6_cosmic1c1-G23-200904151352.nc4	791792	67705df51b0d850d528a907a2e480825	1977	247
2009-04	15	contributed/v2.0/gnssro_cosmic1_jpl_l1b/2009/04/15/gnssro_cosmic1_jpl_l1b_v2.6_cosmic1c1-G31-200904150831.nc4	701792	8d38628f835fbb41412a8b7aedcfc616	1977	345
2009-04	15	contributed/v2.0/gnssro_cosmic1_jpl_l1b/2009/04/15/gnssro_cosmic1_jpl_l1b_v2.6_cosmic1c2-G07-200904150932.nc4	689792	845a141a6111de27cf6190bd3fd50f48	1977	444
2009-04	15	contributed/v2.0/gnssro_cosmic1_jpl_l1b/2009/04/15/gnssro_cosmic1_jpl_l1b_v2.6_cosmic1c2-G13-200904152239.nc4	599792	b68989093b30f359b2a37112f05b01bf	1977	543
2009-04	15	contributed/v2.0/gnssro_cosmic1_jpl_l1b/2009/04/15/gnssro_cosmic1_jpl_l1b_v2.6_cosmic1c2-G20-200904151637.nc4	749792	279dc757be6f1b2d94fbf8d9cb0adbb6	1977	642
2009-04	15	contributed/v2.0/gnssro_cosmic1_jpl_l1b/2009/04/15/gnssro_cosmic1_jpl_l1b_v2.6_cosmic1c2-G26-200904150441.nc4	605792	f1dcd515cad29370de54e1b1e1212fec	1977	741
2009-04	15	contributed/v2.0/gnssro_cosmic1_jpl_l1b/2009/04/15/gnssro_cosmic1_jpl_l1b_v2.6_cosmic1c2-G32-200904152231.nc4	1151792	858c61b8983dac9174afbbe8429e3b24	1977	840
2009-04	15	contributed/v2.0/gnssro_cosmic1_jpl_l1b/2009/04/15/gnssro_cosmic1_jpl_l1b_v2.6_cosmic1c4-G03-200904150426.nc4	761792	f0e29e61be99d7a004a3d08a9bec09af	1977	939
2009-04	15	contributed/v2.0/gnssro_cosmic1_jpl_l1b/2009/04/15/gnssro_cosmic1_jpl_l1b_v2.6_cosmic1c4-G12-200904150913.nc4	755792	b3cd7be5d402896713fa933ebe3792de	1977	1037
2009-04	15	contributed/v2.0/gnssro_cosmic1_jpl_l1b/2009/04/15/gnssro_cosmic1_jpl_l1b_v2.6_cosmic1c4-G18-200904152042.nc4	593792	969cee2a663d3bf282caf0436992a7cb	1977	1136
2009-04	15	contributed/v2.0/gnssro_cosmic1_jpl_l1b/2009/04/15/gnssro_cosmic1_jpl_l1b_v2.6_cosmic1c4-G26-200904150725.nc4	605792	a7f59f69fbfde272380e0af020d52d15	1977	1235
2009-04	15	contributed/v2.0/gnssro_cosmic1_jpl_l1b/2009/04/15/gnssro_cosmic1_jpl_l1b_v2.6_cosmic1c5-G02-200904151003.nc4	725792	6c192dba01f3a100144b4fddcdf64533	1977	1334
2009-04	15	contributed/v2.0/gnssro_cosmic1_jpl_l1b/2009/04/15/gnssro_cosmic1_jpl_l1b_v2.6_cosmic1c5-G11-200904151241.nc4	725792	729b62ab5377059cd2296a1cbb6e7553	1977	1433
2009-04	15	contributed/v2.0/gnssro_cosmic1_jpl_l1b/2009/04/15/gnssro_cosmic1_jpl_l1b_v2.6_cosmic1c5-G19-200904152139.nc4	749792	c12ee02a7fbff3cbd29cd7bc978601af	1977	1532
2009-04	15	contributed/v2.0/gnssro_cosmic1_jpl_l1b/2009/04/15/gnssro_cosmic1_jpl_l1b_v2.6_cosmic1c5-G28-200904151419.nc4	731792	b5047fd42237c200ea1941e64d93a41a	1977	1631
2009-04	15	contributed/v2.0/gnssro_cosmic1_jpl_l1b/2009/04/15/gnssro_cosmic1_jpl_l1b_v2.6_cosmic1c6-G07-200904151541.nc4	575792	4391acae98c255eff4efdb9a61c6cfad	1977	1729
2009-04	15	contributed/v2.0/gnssro_cosmic1_jpl_l1b/2009/04/15/gnssro_cosmic1_jpl_l1b_v2.6_cosmic1c6-G18-200904150244.nc4	701792	2b1b83a4bf6b9ca36945498ded2e4093	1977	1828
2009-04	15	contributed/v2.0/gnssro_cosmic1_jpl_l1b/2009/04/15/gnssro_cosmic1_jpl_l1b_v2.6_cosmic1c6-G27-200904152043.nc4	707792	77d3b4400e2693fd324eadf47c4d11c8	1977	1927
2009-05	15	contributed/v2.0/gnssro_cosmic1_jpl_l1b/2009/05/15/gnssro_cosmic1_jpl_l1b_v2.6_cosmic1c1-G06-200905151022.nc4	599792	0a00f1ac00cb7ddbafe39daa21f7da11	1684	42
2009-05	15	contributed/v2.0/gnssro_cosmic1_jpl_l1b/2009/05/15/gnssro_cosmic1_jpl_l1b_v2.6_cosmic1c1-G14-200905150628.nc4	773792	465f95825f5eb69af757c10b1fe22aac	1684	126
2009-05	15	contributed/v2.0/gnssro_cosmic1_jpl_l1b/2009/05/15/gnssro_cosmic1_jpl_l1b_v2.6_cosmic1c1-G22-200905151628.nc4	629792	c6a1387e5fe9a18747f0c58842a21d2b	1684	210
2009-05	15	contributed/v2.0/gnssro_cosmic1_jpl_l1b/2009/05/15/gnssro_cosmic1_jpl_l1b_v2.6_cosmic1c1-G29-200905151638.nc4	707792	5f85c42c7704630e3ba920499acc1efa	1684	294
2009-05	15	contributed/v2.0/gnssro_cosmic1_jpl_l1b/2009/05/15/gnssro_cosmic1_jpl_l1b_v2.6_cosmic1c2-G19-200905151545.nc4	719792	3c96d92f73f842a8337be4386fc79553	1684	378
2009-05	15	contributed/v2.0/gnssro_cosmic1_jpl_l1b/2009/05/15/gnssro_cosmic1_jpl_l1b_v2.6_cosmic1c3-G06-200905151920.nc4	773792	edfd25ade7ecfa0fce73a9409cebbff2	1684	463
2009-05	15	contributed/v2.0/gnssro_cosmic1_jpl_l1b/2009/05/15/gnssro_cosmic1_jpl_l1b_v2.6_cosmic1c3-G14-200905150001.nc4	725792	92d2b438d53a87110fb5618a6718f383	1684	547
2009-05	15	contributed/v2.0/gnssro_cosmic1_jpl_l1b/2009/05/15/gnssro_cosmic1_jpl_l1b_v2.6_cosmic1c3-G20-200905150235.nc4	761792	cfc843bbc2cd749b005b1206db193ae2	1684	631
2009-05	15	contributed/v2.0/gnssro_cosmic1_jpl_l1b/2009/05/15/gnssro_cosmic1_jpl_l1b_v2.6_cosmic1c3-G27-200905150130.nc4	1277792	97b1694a26ab4ebe61d288962ff04273	1684	715
2009-05	15	contributed/v2.0/gnssro_cosmic1_jpl_l1b/2009/05/15/gnssro_cosmic1_jpl_l1b_v2.6_cosmic1c4-G03-200905150108.nc4	701792	a362eee6c4f425dd527fa2010ab2fc84	1684	799
2009-05	15	contributed/v2.0/gnssro_cosmic1_jpl_l1b/2009/05/15/gnssro_cosmic1_jpl_l1b_v2.6_cosmic1c4-G10-200905151545.nc4	773792	f719915312f2964463b70d7b73456129	1684	884
2009-05	15	contributed/v2.0/gnssro_cosmic1_jpl_l1b/2009/05/15/gnssro_cosmic1_jpl_l1b_v2.6_cosmic1c4-G17-200905151024.nc4	743792	30092ca016589742ab69a0b1147fe668	1684	968
2009-05	15	contributed/v2.0/gnssro_cosmic1_jpl_l1b/2009/05/15/gnssro_cosmic1_jpl_l1b_v2.6_cosmic1c4-G23-200905150403.nc4	611792	2906c0ad38df150bdfd7029b4d3286f4	1684	1052
2009-05	15	contributed/v2.0/gnssro_cosmic1_jpl_l1b/2009/05/15/gnssro_cosmic1_jpl_l1b_v2.6_cosmic1c4-G28-200905151808.nc4	779792	a42e9a6e01240d545189ec4e2636dbf2	1684	1136
2009-05	15	contributed/v2.0/gnssro_cosmic1_jpl_l1b/2009/05/15/gnssro_cosmic1_jpl_l1b_v2.6_cosmic1c5-G04-200905150447.nc4	1013792	792ee19c024dad33f988d94bfc8a8bf9	1684	1220
2009-05	15	contributed/v2.0/gnssro_cosmic1_jpl_l1b/2009/05/15/gnssro_cosmic1_jpl_l1b_v2.6_cosmic1c5-G17-200905151849.nc4	761792	d672a768882e961cdf3d788fa89b0a0d	1684	1305
2009-05	15	contributed/v2.0/gnssro_cosmic1_jpl_l1b/2009/05/15/gnssro_cosmic1_jpl_l1b_v2.6_cosmic1c5-G30-200905152207.nc4	839792	152f2ac08612c485f5f6df2eded2718c	1684	1389
2009-05	15	contributed/v2.0/gnssro_cosmic1_jpl_l1b/2009/05/15/gnssro_cosmic1_jpl_l1b_v2.6_cosmic1c6-G10-200905151105.nc4	827792	d391062ebbe7e4b4a0f51a60fe545133	1684	1473
2009-05	15	contributed/v2.0/gnssro_cosmic1_jpl_l1b/2009/05/15/gnssro_cosmic1_jpl_l1b_v2.6_cosmic1c6-G20-200905150014.nc4	725792	c34c49377191fb676eb899254639f3cb	1684	1557
2009-05	15	contributed/v2.0/gnssro_cosmic1_jpl_l1b/2009/05/15/gnssro_cosmic1_jpl_l1b_v2.6_cosmic1c6-G28-200905151747.nc4	719792	69da2e1e4ce13aedcebfd9f820b14c55	1684	1641
2009-06	15	contributed/v2.0/gnssro_cosmic1_jpl_l1b/2009/06/15/gnssro_cosmic1_jpl_l1b_v2.6_cosmic1c1-G04-200906151926.nc4	659792	12d9eb2af11c369baa626be44cf26758	949	23
2009-06	15	contributed/v2.0/gnssro_cosmic1_jpl_l1b/2009/06/15/gnssro_cosmic1_jpl_l1b_v2.6_cosmic1c1-G10-200906150326.nc4	719792	348eeadeeff9be0291ebb508ffc352d1	949	71
2009-06	15	contributed/v2.0/gnssro_cosmic1_jpl_l1b/2009/06/15/gnssro_cosmic1_jpl_l1b_v2.6_cosmic1c1-G14-200906151025.nc4	725792	ca9503d74c9f152c8664b59f6df30c90	949	118
2009-06	15	contributed/v2.0/gnssro_cosmic1_jpl_l1b/2009/06/15/gnssro_cosmic1_jpl_l1b_v2.6_cosmic1c1-G19-200906150824.nc4	593792	a2ff26f007c3476fcc9f026519c04857	949	166
2009-06	15	contributed/v2.0/gnssro_cosmic1_jpl_l1b/2009/06/15/gnssro_cosmic1_jpl_l1b_v2.6_cosmic1c1-G24-200906150324.nc4	713792	90d29298c4e1b5cd9cd551c50e9f0d57	949	213
2009-06	15	contributed/v2.0/gnssro_cosmic1_jpl_l1b/2009/06/15/gnssro_cosmic1_jpl_l1b_v2.6_cosmic1c1-G30-200906150023.nc4	725792	5a33a175d7423841db3ad0537ca15386	949	260
2009-06	15	contributed/v2.0/gnssro_cosmic1_jpl_l1b/2009/06/15/gnssro_cosmic1_jpl_l1b_v2.6_cosmic1c4-G02-200906152207.nc4	599792	e13eaabca928c50126f622de9d9bdf20	949	308
2009-06	15	contributed/v2.0/gnssro_cosmic1_jpl_l1b/2009/06/15/gnssro_cosmic1_jpl_l1b_v2.6_cosmic1c4-G08-200906151228.nc4	659792	39966cada7ef3ee24bf464bde9f00806	949	355
2009-06	15	contributed/v2.0/gnssro_cosmic1_jpl_l1b/2009/06/15/gnssro_cosmic1_jpl_l1b_v2.6_cosmic1c4-G12-200906152145.nc4	791792	572eec5c144ea2528dd52a8406682e3d	949	403
2009-06	15	contributed/v2.0/gnssro_cosmic1_jpl_l1b/2009/06/15/gnssro_cosmic1_jpl_l1b_v2.6_cosmic1c4-G17-200906150652.nc4	665792	e3e1844868b25b17b47a03546e753222	949	450
2009-06	15	contributed/v2.0/gnssro_cosmic1_jpl_l1b/2009/06/15/gnssro_cosmic1_jpl_l1b_v2.6_cosmic1c4-G21-200906152354.nc4	611792	e8747ea9f911a039e4d441ebb57eb38b	949	498
2009-06	15	contributed/v2.0/gnssro_cosmic1_jpl_l1b/2009/06/15/gnssro_cosmic1_jpl_l1b_v2.6_cosmic1c4-G26-200906151354.nc4	695792	4480ee6e16dc208ace1372616859c3ec	949	545
2009-06	15	contributed/v2.0/gnssro_cosmic1_jpl_l1b/2009/06/15/gnssro_cosmic1_jpl_l1b_v2.6_cosmic1c4-G30-200906151139.nc4	653792	4a837e6e5a646b0db77f49a495245ea3	949	593
2009-06	15	contributed/v2.0/gnssro_cosmic1_jpl_l1b/2009/06/15/gnssro_cosmic1_jpl_l1b_v2.6_cosmic1c5-G06-200906151632.nc4	761792	1acb39c1ce8bfd9e838a8a8b4903d9cd	949	640
2009-06	15	contributed/v2.0/gnssro_cosmic1_jpl_l1b/2009/06/15/gnssro_cosmic1_jpl_l1b_v2.6_cosmic1c5-G11-200906150321.nc4	737792	6749fe1565c2e5995502ceb4bc9907cd	949	688
2009-06	15	contributed/v2.0/gnssro_cosmic1_jpl_l1b/2009/06/15/gnssro_cosmic1_jpl_l1b_v2.6_cosmic1c5-G16-200906150848.nc4	737792	2472bc84749d38142f81db334950ea95	949	735
2009-06	15	contributed/v2.0/gnssro_cosmic1_jpl_l1b/2009/06/15/gnssro_cosmic1_jpl_l1b_v2.6_cosmic1c5-G20-200906151219.nc4	683792	e8d2bc1e4945ca8b01b23ebc06d2995f	949	782
2009-06	15	contributed/v2.0/gnssro_cosmic1_jpl_l1b/2009/06/15/gnssro_cosmic1_jpl_l1b_v2.6_cosmic1c5-G24-200906152015.nc4	617792	4d46dfbd32a96b345ebaab0494578e0b	949	830
2009-06	15	contributed/v2.0/gnssro_cosmic1_jpl_l1b/2009/06/15/gnssro_cosmic1_jpl_l1b_v2.6_cosmic1c5-G28-200906151506.nc4	731792	5a1a7c82e678d21b1e91b47025d87204	949	877
2009-06	15	contributed/v2.0/gnssro_cosmic1_jpl_l1b/2009/06/15/gnssro_cosmic1_jpl_l1b_v2.6_cosmic1c5-G32-200906151938.nc4	599792	fc0ac6b4304b5ad0b56f58f791f76f4b	949	925
2009-07	15	contributed/v2.0/gnssro_cosmic1_jpl_l1b/2009/07/15/gnssro_cosmic1_jpl_l1b_v2.6_cosmic1c1-G07-200907151722.nc4	653792	813ca4c7226e75a11736033367c7b123	2044	51
2009-07	15	contributed/v2.0/gnssro_cosmic1_jpl_l1b/2009/07/15/gnssro_cosmic1_jpl_l1b_v2.6_cosmic1c1-G16-200907152102.nc4	575792	86060966b178150373686257f2a44f3c	2044	153
2009-07	15	contributed/v2.0/gnssro_cosmic1_jpl_l1b/2009/07/15/gnssro_cosmic1_jpl_l1b_v2.6_cosmic1c1-G26-200907151714.nc4	647792	a54868096099a2f3fc693f3af3c0a6c1	2044	255
2009-07	15	contributed/v2.0/gnssro_cosmic1_jpl_l1b/2009/07/15/gnssro_cosmic1_jpl_l1b_v2.6_cosmic1c2-G07-200907150829.nc4	743792	129642765cf700d082916c6d7913821a	2044	357
2009-07	15	contributed/v2.0/gnssro_cosmic1_jpl_l1b/2009/07/15/gnssro_cosmic1_jpl_l1b_v2.6_cosmic1c2-G21-200907150402.nc4	593792	38c26c483eaeb9c023ebd4211dfbe77c	2044	459
2009-07	15	contributed/v2.0/gnssro_cosmic1_jpl_l1b/2009/07/15/gnssro_cosmic1_jpl_l1b_v2.6_cosmic1c3-G02-200907152259.nc4	827792	4e71e666c6b970e6526d56b7c3fde935	2044	562
2009-07	15	contributed/v2.0/gnssro_cosmic1_jpl_l1b/2009/07/15/gnssro_cosmic1_jpl_l1b_v2.6_cosmic1c3-G10-200907150143.nc4	719792	f39b3f2752f7e83b310768600efdf9d1	2044	664
2009-07	15	contributed/v2.0/gnssro_cosmic1_jpl_l1b/2009/07/15/gnssro_cosmic1_jpl_l1b_v2.6_cosmic1c3-G19-200907150143.nc4	911792	28e080ce75331d0366e8b2331dd54580	2044	766
2009-07	15	contributed/v2.0/gnssro_cosmic1_jpl_l1b/2009/07/15/gnssro_cosmic1_jpl_l1b_v2.6_cosmic1c3-G27-200907150047.nc4	821792	84b6f284c3b280f164bfb959b3a4e63c	2044	868
2009-07	15	contributed/v2.0/gnssro_cosmic1_jpl_l1b/2009/07/15/gnssro_cosmic1_jpl_l1b_v2.6_cosmic1c4-G04-200907150343.nc4	767792	d763c4fff7ca26ada79fd11607c3680c	2044	970
2009-07	15	contributed/v2.0/gnssro_cosmic1_jpl_l1b/2009/07/15/gnssro_cosmic1_jpl_l1b_v2.6_cosmic1c4-G13-200907152310.nc4	941792	7fb5f65abf5ed46734cc9e60cf7f0b32	2044	1073
2009-07	15	contributed/v2.0/gnssro_cosmic1_jpl_l1b/2009/07/15/gnssro_cosmic1_jpl_l1b_v2.6_cosmic1c4-G20-200907151143.nc4	815792	62e3505f2ec6a696a080d4f6ee7b2f17	2044	1175
2009-07	15	contributed/v2.0/gnssro_cosmic1_jpl_l1b/2009/07/15/gnssro_cosmic1_jpl_l1b_v2.6_cosmic1c4-G28-200907152108.nc4	599792	96ffccf77080d8d97121626e3f05557b	2044	1277
2009-07	15	contributed/v2.0/gnssro_cosmic1_jpl_l1b/2009/07/15/gnssro_cosmic1_jpl_l1b_v2.6_cosmic1c5-G06-200907151004.nc4	827792	fbfbb73e5089ca9d6c7faf9c2ca8121e	2044	1379
2009-07	15	contributed/v2.0/gnssro_cosmic1_jpl_l1b/2009/07/15/gnssro_cosmic1_jpl_l1b_v2.6_cosmic1c5-G14-200907151854.nc4	713792	dc22967987cd4ad72f375fb54fcbd1ad	2044	1481
2009-07	15	contributed/v2.0/gnssro_cosmic1_jpl_l1b/2009/07/15/gnssro_cosmic1_jpl_l1b_v2.6_cosmic1c5-G24-200907150344.nc4	611792	27e8181aa75565d1c4fd6d06d8a976d4	2044	1584
2009-07	15	contributed/v2.0/gnssro_cosmic1_jpl_l1b/2009/07/15/gnssro_cosmic1_jpl_l1b_v2.6_cosmic1c5-G31-200907151044.nc4	677792	97af0221459bee722e781e23183a8592	2044	1686
2009-07	15	contributed/v2.0/gnssro_cosmic1_jpl_l1b/2009/07/15/gnssro_cosmic1_jpl_l1b_v2.6_cosmic1c6-G10-200907152026.nc4	731792	cdd249506672b92e75335088bbb9a5e0	2044	1788
2009-07	15	contributed/v2.0/gnssro_cosmic1_jpl_l1b/2009/07/15/gnssro_cosmic1_jpl_l1b_v2.6_cosmic1c6-G19-200907150217.nc4	533792	bbef64f683f8ceae811c95919f9bbbc4	2044	1890
2009-07	15	contributed/v2.0/gnssro_cosmic1_jpl_l1b/2009/07/15/gnssro_cosmic1_jpl_l1b_v2.6_cosmic1c6-G28-200907151459.nc4	755792	c941d96d15993990e495895e3c536d6d	2044	1992
2009-08	15	contributed/v2.0/gnssro_cosmic1_jpl_l1b/2009/08/15/gnssro_cosmic1_jpl_l1b_v2.6_cosmic1c1-G04-200908152049.nc4	641792	ae22c73a5df442d591031bf7edbad329	1570	39
2009-08	15	contributed/v2.0/gnssro_cosmic1_jpl_l1b/2009/08/15/gnssro_cosmic1_jpl_l1b_v2.6_cosmic1c1-G12-200908151951.nc4	653792	a4fc524108059a556afda16d1dd2b5e7	1570	117
2009-08	15	contributed/v2.0/gnssro_cosmic1_jpl_l1b/2009/08/15/gnssro_cosmic1_jpl_l1b_v2.6_cosmic1c1-G18-200908151326.nc4	629792	5dbfd6ed0728b43d113a4023c0d4e318	1570	196
2009-08	15	contributed/v2.0/gnssro_cosmic1_jpl_l1b/2009/08/15/gnssro_cosmic1_jpl_l1b_v2.6_cosmic1c1-G24-200908151031.nc4	845792	bf4be024e379191ca9816f8b54bf31bf	1570	274
2009-08	15	contributed/v2.0/gnssro_cosmic1_jpl_l1b/2009/08/15/gnssro_cosmic1_jpl_l1b_v2.6_cosmic1c1-G31-200908151536.nc4	659792	307e0d5ef515b4b6251d1cc5f439c0aa	1570	353
2009-08	15	contributed/v2.0/gnssro_cosmic1_jpl_l1b/2009/08/15/gnssro_cosmic1_jpl_l1b_v2.6_cosmic1c2-G12-200908151219.nc4	593792	16abe300728ac0c496beb4ce451f860b	1570	431
2009-08	15	contributed/v2.0/gnssro_cosmic1_jpl_l1b/2009/08/15/gnssro_cosmic1_jpl_l1b_v2.6_cosmic1c2-G21-200908150200.nc4	671792	7398facab27f47d03b56e1f1245037a6	1570	510
2009-08	15	contributed/v2.0/gnssro_cosmic1_jpl_l1b/2009/08/15/gnssro_cosmic1_jpl_l1b_v2.6_cosmic1c2-G30-200908151050.nc4	695792	22d0cc58d1897489e8d7654e3a08232a	1570	588
2009-08	15	contributed/v2.0/gnssro_cosmic1_jpl_l1b/2009/08/15/gnssro_cosmic1_jpl_l1b_v2.6_cosmic1c4-G06-200908151316.nc4	653792	99b3239c19b2420c981c66e0aa85065c	1570	667
2009-08	15	contributed/v2.0/gnssro_cosmic1_jpl_l1b/2009/08/15/gnssro_cosmic1_jpl_l1b_v2.6_cosmic1c4-G11-200908150405.nc4	659792	0e84f5171401bd295662175f90c78e64	1570	745
2009-08	15	contributed/v2.0/gnssro_cosmic1_jpl_l1b/2009/08/15/gnssro_cosmic1_jpl_l1b_v2.6_cosmic1c4-G18-200908150044.nc4	929792	608e85a1c9cb643589212570ac6c27a6	1570	824
2009-08	15	contributed/v2.0/gnssro_cosmic1_jpl_l1b/2009/08/15/gnssro_cosmic1_jpl_l1b_v2.6_cosmic1c4-G23-200908151608.nc4	635792	85c0ad8b14a95a764e84655764025d2c	1570	902
2009-08	15	contributed/v2.0/gnssro_cosmic1_jpl_l1b/2009/08/15/gnssro_cosmic1_jpl_l1b_v2.6_cosmic1c4-G29-200908151245.nc4	1223792	c2d52e19befd33760c25b55db3f1eb7c	1570	981
2009-08	15	contributed/v2.0/gnssro_cosmic1_jpl_l1b/2009/08/15/gnssro_cosmic1_jpl_l1b_v2.6_cosmic1c5-G04-200908150828.nc4	701792	238a16c5239e4a60a60ce41926fda06a	1570	1059
2009-08	15	contributed/v2.0/gnssro_cosmic1_jpl_l1b/2009/08/15/gnssro_cosmic1_jpl_l1b_v2.6_cosmic1c5-G11-200908152247.nc4	857792	a09b7435868af72188125190dafdc070	1570	1138
2009-08	15	contributed/v2.0/gnssro_cosmic1_jpl_l1b/2009/08/15/gnssro_cosmic1_jpl_l1b_v2.6_cosmic1c5-G17-200908151621.nc4	677672	fcb2e36371576ad5fa5ecc8334d0819d	1570	1216
2009-08	15	contributed/v2.0/gnssro_cosmic1_jpl_l1b/2009/08/15/gnssro_cosmic1_jpl_l1b_v2.6_cosmic1c5-G23-200908152300.nc4	683792	b906e6e5240a77f6a676f830a1cfc613	1570	1295
2009-08	15	contributed/v2.0/gnssro_cosmic1_jpl_l1b/2009/08/15/gnssro_cosmic1_jpl_l1b_v2.6_cosmic1c5-G30-200908151440.nc4	869792	e994e6026b6ebb115836e8bba799a824	1570	1373
2009-08	15	contributed/v2.0/gnssro_cosmic1_jpl_l1b/2009/08/15/gnssro_cosmic1_jpl_l1b_v2.6_cosmic1c6-G12-200908151447.nc4	623792	738415ea831d019527332e99fe362222	1570	1452
2009-08	15	contributed/v2.0/gnssro_cosmic1_jpl_l1b/2009/08/15/gnssro_cosmic1_jpl_l1b_v2.6_cosmic1c6-G26-200908151744.nc4	689792	0c0ecff225ea67d22fbeb70d013c6f9a	1570	1530
2009-09	15	contributed/v2.0/gnssro_cosmic1_jpl_l1b/2009/09/15/gnssro_cosmic1_jpl_l1b_v2.6_cosmic1c1-G06-200909150324.nc4	857792	78aa9a5617daa32fbf4972ca81765302	2026	50
2009-09	15	contributed/v2.0/gnssro_cosmic1_jpl_l1b/2009/09/15/gnssro_cosmic1_jpl_l1b_v2.6_cosmic1c1-G15-200909151415.nc4	617792	4d8ddbca521d93a875f4dd50cb65dd6f	2026	151
2009-09	15	contributed/v2.0/gnssro_cosmic1_jpl_l1b/2009/09/15/gnssro_cosmic1_jpl_l1b_v2.6_cosmic1c1-G23-200909150739.nc4	677792	63ba16fddd54e80be67cd844460facf6	2026	253
2009-09	15	contributed/v2.0/gnssro_cosmic1_jpl_l1b/2009/09/15/gnssro_cosmic1_jpl_l1b_v2.6_cosmic1c1-G32-200909151153.nc4	785792	67b8bc2e43457cb00710098776266e6b	2026	354
2009-09	15	contributed/v2.0/gnssro_cosmic1_jpl_l1b/2009/09/15/gnssro_cosmic1_jpl_l1b_v2.6_cosmic1c2-G16-200909152318.nc4	599792	33f61ccac5acd28cd063857e34cdb24c	2026	455
2009-09	15	contributed/v2.0/gnssro_cosmic1_jpl_l1b/2009/09/15/gnssro_cosmic1_jpl_l1b_v2.6_cosmic1c2-G32-200909152054.nc4	1007792	fc424b3f3f85f2a3e75f547e887614fb	2026	557
2009-09	15	contributed/v2.0/gnssro_cosmic1_jpl_l1b/2009/09/15/gnssro_cosmic1_jpl_l1b_v2.6_cosmic1c3-G12-200909150128.nc4	695792	6b6234ef74e18d06df298d51f4c4af1d	2026	658
2009-09	15	contributed/v2.0/gnssro_cosmic1_jpl_l1b/2009/09/15/gnssro_cosmic1_jpl_l1b_v2.6_cosmic1c3-G21-200909150813.nc4	599792	5669e524e789a21954fa48770d309081	2026	759
2009-09	15	contributed/v2.0/gnssro_cosmic1_jpl_l1b/2009/09/15/gnssro_cosmic1_jpl_l1b_v2.6_cosmic1c3-G30-200909151746.nc4	755792	b7488fe8a2f6694dd3d82195c0159a53	2026	861
2009-09	15	contributed/v2.0/gnssro_cosmic1_jpl_l1b/2009/09/15/gnssro_cosmic1_jpl_l1b_v2.6_cosmic1c4-G07-200909150152.nc4	743792	1a4a243d229cb9c88f2419cbc4af546a	2026	962
2009-09	15	contributed/v2.0/gnssro_cosmic1_jpl_l1b/2009/09/15/gnssro_cosmic1_jpl_l1b_v2.6_cosmic1c4-G14-200909151324.nc4	545792	832990ee4b71fbfd84b35de80de936b8	2026	1063
2009-09	15	contributed/v2.0/gnssro_cosmic1_jpl_l1b/2009/09/15/gnssro_cosmic1_jpl_l1b_v2.6_cosmic1c4-G21-200909151526.nc4	905792	b79807cc3f5fe029b6070ebb32bad747	2026	1164
2009-09	15	contributed/v2.0/gnssro_cosmic1_jpl_l1b/2009/09/15/gnssro_cosmic1_jpl_l1b_v2.6_cosmic1c4-G30-200909152301.nc4	797792	24486309dc26dd56e15faca2829196f0	2026	1266
2009-09	15	contributed/v2.0/gnssro_cosmic1_jpl_l1b/2009/09/15/gnssro_cosmic1_jpl_l1b_v2.6_cosmic1c5-G10-200909150055.nc4	695792	fb278f20d6c54a16a5f1d42c7bdc7966	2026	1367
2009-09	15	contributed/v2.0/gnssro_cosmic1_jpl_l1b/2009/09/15/gnssro_cosmic1_jpl_l1b_v2.6_cosmic1c5-G20-200909151233.nc4	749792	7aa0f7a8f78e1ded13ff9d17a4973854	2026	1468
2009-09	15	contributed/v2.0/gnssro_cosmic1_jpl_l1b/2009/09/15/gnssro_cosmic1_jpl_l1b_v2.6_cosmic1c5-G31-200909151651.nc4	605792	905c45cbb7b0d9cb74ba341f209f0c17	2026	1570
2009-09	15	contributed/v2.0/gnssro_cosmic1_jpl_l1b/2009/09/15/gnssro_cosmic1_jpl_l1b_v2.6_cosmic1c6-G07-200909151956.nc4	569792	f6c74954275280808432a55486fdfa04	2026	1671
2009-09	15	contributed/v2.0/gnssro_cosmic1_jpl_l1b/2009/09/15/gnssro_cosmic1_jpl_l1b_v2.6_cosmic1c6-G14-200909151020.nc4	755792	c72c320a7dcc7219c041f0eea5cdad72	2026	1772
2009-09	15	contributed/v2.0/gnssro_cosmic1_jpl_l1b/2009/09/15/gnssro_cosmic1_jpl_l1b_v2.6_cosmic1c6-G22-200909150209.nc4	713792	3ab43441a21dd64bdfcee95824df46e4	2026	1874
2009-09	15	contributed/v2.0/gnssro_cosmic1_jpl_l1b/2009/09/15/gnssro_cosmic1_jpl_l1b_v2.6_cosmic1c6-G29-200909150051.nc4	743792	3acf22e49091dd5c0099404fc451abf3	2026	1975
2009-10	15	contributed/v2.0/gnssro_cosmic1_jpl_l1b/2009/10/15/gnssro_cosmic1_jpl_l1b_v2.6_cosmic1c1-G07-200910150540.nc4	731792	6eea1f174172ee46c125de5f5c36ccdd	1374	34
2009-10	15	contributed/v2.0/gnssro_cosmic1_jpl_l1b/2009/10/15/gnssro_cosmic1_jpl_l1b_v2.6_cosmic1c1-G18-200910150508.nc4	719792	63d30ff8a33208d3837dd7f5ebd395c9	1374	103
2009-10	15	contributed/v2.0/gnssro_cosmic1_jpl_l1b/2009/10/15/gnssro_cosmic1_jpl_l1b_v2.6_cosmic1c1-G31-200910151209.nc4	707792	576aac0ef0d8bfeac0c436e4ce12b764	1374	171
2009-10	15	contributed/v2.0/gnssro_cosmic1_jpl_l1b/2009/10/15/gnssro_cosmic1_jpl_l1b_v2.6_cosmic1c2-G22-200910150012.nc4	785792	119656b421787cf32a107fadf28d0d3c	1374	240
2009-10	15	contributed/v2.0/gnssro_cosmic1_jpl_l1b/2009/10/15/gnssro_cosmic1_jpl_l1b_v2.6_cosmic1c4-G05-200910152041.nc4	797792	6aec518071e9f4e1c20fb54f31b64309	1374	309
2009-10	15	contributed/v2.0/gnssro_cosmic1_jpl_l1b/2009/10/15/gnssro_cosmic1_jpl_l1b_v2.6_cosmic1c4-G11-200910151906.nc4	635792	c5f1f1963e5011e83d1c7663c59f3b62	1374	377
2009-10	15	contributed/v2.0/gnssro_cosmic1_jpl_l1b/2009/10/15/gnssro_cosmic1_jpl_l1b_v2.6_cosmic1c4-G16-200910150408.nc4	689792	a775c9e8f350c592ef71be1be5bde013	1374	446
2009-10	15	contributed/v2.0/gnssro_cosmic1_jpl_l1b/2009/10/15/gnssro_cosmic1_jpl_l1b_v2.6_cosmic1c4-G20-200910150648.nc4	617792	ff98589aadba1b120e891ae4a73b9a1b	1374	515
2009-10	15	contributed/v2.0/gnssro_cosmic1_jpl_l1b/2009/10/15/gnssro_cosmic1_jpl_l1b_v2.6_cosmic1c4-G25-200910150155.nc4	593792	c64500f0826cfae07584f9ce333634c3	1374	583
2009-10	15	contributed/v2.0/gnssro_cosmic1_jpl_l1b/2009/10/15/gnssro_cosmic1_jpl_l1b_v2.6_cosmic1c4-G30-200910150940.nc4	605792	f022b15889e46ae9e31d024dca0b7a17	1374	652
2009-10	15	contributed/v2.0/gnssro_cosmic1_jpl_l1b/2009/10/15/gnssro_cosmic1_jpl_l1b_v2.6_cosmic1c5-G04-200910150453.nc4	863792	ab0af64593e142c42236174fe13c912a	1374	721
2009-10	15	contributed/v2.0/gnssro_cosmic1_jpl_l1b/2009/10/15/gnssro_cosmic1_jpl_l1b_v2.6_cosmic1c5-G11-200910150813.nc4	701792	0427835dc632d77285e6f619955018b5	1374	790
2009-10	15	contributed/v2.0/gnssro_cosmic1_jpl_l1b/2009/10/15/gnssro_cosmic1_jpl_l1b_v2.6_cosmic1c5-G17-200910152248.nc4	905792	8af4a423c70ec9bf8f66d643f62d4270	1374	858
2009-10	15	contributed/v2.0/gnssro_cosmic1_jpl_l1b/2009/10/15/gnssro_cosmic1_jpl_l1b_v2.6_cosmic1c5-G25-200910150842.nc4	647792	758df3627ca9a39d0d4ec72a5cd20742	1374	927
2009-10	15	contributed/v2.0/gnssro_cosmic1_jpl_l1b/2009/10/15/gnssro_cosmic1_jpl_l1b_v2.6_cosmic1c5-G31-200910150021.nc4	605792	16c2eb9736d5e413578b974a6b6a17ea	1374	996
2009-10	15	contributed/v2.0/gnssro_cosmic1_jpl_l1b/2009/10/15/gnssro_cosmic1_jpl_l1b_v2.6_cosmic1c6-G06-200910150138.nc4	725792	8e872e64cb7cfe3a13dd81eeaaf3c8a9	1374	1064
2009-10	15	contributed/v2.0/gnssro_cosmic1_jpl_l1b/2009/10/15/gnssro_cosmic1_jpl_l1b_v2.6_cosmic1c6-G13-200910151000.nc4	443792	2a3edb93010d82c170dcbcf3572adeb1	1374	1133
2009-10	15	contributed/v2.0/gnssro_cosmic1_jpl_l1b/2009/10/15/gnssro_cosmic1_jpl_l1b_v2.6_cosmic1c6-G17-200910152029.nc4	701792	5af2cf372efb5981ca7adc5d3e536a62	1374	1202
2009-10	15	contributed/v2.0/gnssro_cosmic1_jpl_l1b/2009/10/15/gnssro_cosmic1_jpl_l1b_v2.6_cosmic1c6-G23-200910151415.nc4	593792	9de18ea5b4bd222217ca44b8946d276b	1374	1270
2009-10	15	contributed/v2.0/gnssro_cosmic1_jpl_l1b/2009/10/15/gnssro_cosmic1_jpl_l1b_v2.6_cosmic1c6-G29-200910151749.nc4	737792	f2be26b21770adf4d2b43bc796486039	1374	1339
2009-11	15	contributed/v2.0/gnssro_cosmic1_jpl_l1b/2009/11/15/gnssro_cosmic1_jpl_l1b_v2.6_cosmic1c1-G14-200911152017.nc4	737792	f9beee02af6a5a081a22452648afc459	1406	35
2009-11	15	contributed/v2.0/gnssro_cosmic1_jpl_l1b/2009/11/15/gnssro_cosmic1_jpl_l1b_v2.6_cosmic1c2-G05-200911151335.nc4	707792	70031dfa0a860a4c471631acb3ef60d8	1406	105
2009-11	15	contributed/v2.0/gnssro_cosmic1_jpl_l1b/2009/11/15/gnssro_cosmic1_jpl_l1b_v2.6_cosmic1c2-G17-200911151518.nc4	977792	4e6c71ad59e0af6b45bc802c0face349	1406	175
2009-11	15	contributed/v2.0/gnssro_cosmic1_jpl_l1b/2009/11/15/gnssro_cosmic1_jpl_l1b_v2.6_cosmic1c2-G29-200911151438.nc4	953792	7fd2720cdbc6f0f8c6e5810fa01a3ddc	1406	246
2009-11	15	contributed/v2.0/gnssro_cosmic1_jpl_l1b/2009/11/15/gnssro_cosmic1_jpl_l1b_v2.6_cosmic1c3-G09-200911151557.nc4	719792	0a0fc7dd97b881274ad0e0c42707ef60	1406	316
2009-11	15	contributed/v2.0/gnssro_cosmic1_jpl_l1b/2009/11/15/gnssro_cosmic1_jpl_l1b_v2.6_cosmic1c3-G16-200911152104.nc4	587792	1e68602997dc3dc6278db312034a5b56	1406	386
2009-11	15	contributed/v2.0/gnssro_cosmic1_jpl_l1b/2009/11/15/gnssro_cosmic1_jpl_l1b_v2.6_cosmic1c3-G26-200911150502.nc4	695792	8d321d13c763114fe5fa235743b512fe	1406	456
2009-11	15	contributed/v2.0/gnssro_cosmic1_jpl_l1b/2009/11/15/gnssro_cosmic1_jpl_l1b_v2.6_cosmic1c4-G03-200911150150.nc4	659792	a6cd6235f49f1aafd4c25632129a31e0	1406	527
2009-11	15	contributed/v2.0/gnssro_cosmic1_jpl_l1b/2009/11/15/gnssro_cosmic1_jpl_l1b_v2.6_cosmic1c4-G10-200911150043.nc4	563792	184c82749a26e8adc3887bcdbd543d2a	1406	597
2009-11	15	contributed/v2.0/gnssro_cosmic1_jpl_l1b/2009/11/15/gnssro_cosmic1_jpl_l1b_v2.6_cosmic1c4-G16-200911151108.nc4	725792	61ee473b17fc27aae06ca3d847741740	1406	667
2009-11	15	contributed/v2.0/gnssro_cosmic1_jpl_l1b/2009/11/15/gnssro_cosmic1_jpl_l1b_v2.6_cosmic1c4-G22-200911150408.nc4	653792	44d2a72a655f2c6f972a6d2a57ed2f3d	1406	738
2009-11	15	contributed/v2.0/gnssro_cosmic1_jpl_l1b/2009/11/15/gnssro_cosmic1_jpl_l1b_v2.6_cosmic1c4-G28-200911150430.nc4	635792	0573af1ad05e542b4e8d82ab66f6e324	1406	808
2009-11	15	contributed/v2.0/gnssro_cosmic1_jpl_l1b/2009/11/15/gnssro_cosmic1_jpl_l1b_v2.6_cosmic1c5-G05-200911151030.nc4	593792	26277418feb257dd4443006b1271bcad	1406	878
2009-11	15	contributed/v2.0/gnssro_cosmic1_jpl_l1b/2009/11/15/gnssro_cosmic1_jpl_l1b_v2.6_cosmic1c5-G16-200911151003.nc4	695792	cf67c268499a6dc3feacb7975bb526b2	1406	949
2009-11	15	contributed/v2.0/gnssro_cosmic1_jpl_l1b/2009/11/15/gnssro_cosmic1_jpl_l1b_v2.6_cosmic1c5-G27-200911150049.nc4	827792	8431020e43e5c7cfbab621780bee2dca	1406	1019
2009-11	15	contributed/v2.0/gnssro_cosmic1_jpl_l1b/2009/11/15/gnssro_cosmic1_jpl_l1b_v2.6_cosmic1c6-G04-200911151412.nc4	695792	0be5331c0bedea0dd573dc5c612d92b7	1406	1089
2009-11	15	contributed/v2.0/gnssro_cosmic1_jpl_l1b/2009/11/15/gnssro_cosmic1_jpl_l1b_v2.6_cosmic1c6-G11-200911150915.nc4	587792	4aeaa1bb9370dbd823d83de68a353cbd	1406	1159
2009-11	15	contributed/v2.0/gnssro_cosmic1_jpl_l1b/2009/11/15/gnssro_cosmic1_jpl_l1b_v2.6_cosmic1c6-G18-200911150604.nc4	563792	dee1fbc3ebd6904456fbd28709117d37	1406	1230
2009-11	15	contributed/v2.0/gnssro_cosmic1_jpl_l1b/2009/11/15/gnssro_cosmic1_jpl_l1b_v2.6_cosmic1c6-G23-200911150858.nc4	683792	97854bb6594cdd3c3bfc8590659f7cfb	1406	1300
2009-11	15	contributed/v2.0/gnssro_cosmic1_jpl_l1b/2009/11/15/gnssro_cosmic1_jpl_l1b_v2.6_cosmic1c6-G30-200911151958.nc4	707792	7c43ae79ab81585cadb5cc4677573cfa	1406	1370
2009-12	15	contributed/v2.0/gnssro_cosmic1_jpl_l1b/2009/12/15/gnssro_cosmic1_jpl_l1b_v2.6_cosmic1c1-G06-200912150841.nc4	833792	62b91406444c58bec3b50bd93bb7eb7a	1281	32
2009-12	15	contributed/v2.0/gnssro_cosmic1_jpl_l1b/2009/12/15/gnssro_cosmic1_jpl_l1b_v2.6_cosmic1c1-G15-200912151922.nc4	701792	bfefdd31e7d473c74213670a64695fce	1281	96
2009-12	15	contributed/v2.0/gnssro_cosmic1_jpl_l1b/2009/12/15/gnssro_cosmic1_jpl_l1b_v2.6_cosmic1c1-G23-200912151616.nc4	809792	e1229445b240af3083d8e2a06a111afc	1281	160
2009-12	15	contributed/v2.0/gnssro_cosmic1_jpl_l1b/2009/12/15/gnssro_cosmic1_jpl_l1b_v2.6_cosmic1c1-G32-200912150844.nc4	629792	8d3233a51873b767987fb10502dd714f	1281	224
2009-12	15	contributed/v2.0/gnssro_cosmic1_jpl_l1b/2009/12/15/gnssro_cosmic1_jpl_l1b_v2.6_cosmic1c2-G09-200912151737.nc4	719792	938682ee8ef8fa87ef2ae2e1deb34a07	1281	288
2009-12	15	contributed/v2.0/gnssro_cosmic1_jpl_l1b/2009/12/15/gnssro_cosmic1_jpl_l1b_v2.6_cosmic1c2-G18-200912151803.nc4	893792	2bcfae7d46285bcc7cbf0acbafe4912a	1281	352
2009-12	15	contributed/v2.0/gnssro_cosmic1_jpl_l1b/2009/12/15/gnssro_cosmic1_jpl_l1b_v2.6_cosmic1c2-G27-200912150948.nc4	833792	1a47ecb405f1765417c0cfafb997db00	1281	416
2009-12	15	contributed/v2.0/gnssro_cosmic1_jpl_l1b/2009/12/15/gnssro_cosmic1_jpl_l1b_v2.6_cosmic1c4-G04-200912151401.nc4	557792	07cf1e6dddb1cf1f3651b9bfb09bc4d9	1281	480
2009-12	15	contributed/v2.0/gnssro_cosmic1_jpl_l1b/2009/12/15/gnssro_cosmic1_jpl_l1b_v2.6_cosmic1c4-G12-200912152251.nc4	587792	83441dd8eceac62980d6da167c3e440d	1281	544
2009-12	15	contributed/v2.0/gnssro_cosmic1_jpl_l1b/2009/12/15/gnssro_cosmic1_jpl_l1b_v2.6_cosmic1c4-G21-200912151404.nc4	815792	d0ff495d296148f5db523655f5c9bb5e	1281	608
2009-12	15	contributed/v2.0/gnssro_cosmic1_jpl_l1b/2009/12/15/gnssro_cosmic1_jpl_l1b_v2.6_cosmic1c4-G29-200912150446.nc4	533792	feb8f63dd30b38307550cea0141428f7	1281	672
2009-12	15	contributed/v2.0/gnssro_cosmic1_jpl_l1b/2009/12/15/gnssro_cosmic1_jpl_l1b_v2.6_cosmic1c5-G07-200912150611.nc4	893792	280f68df882b33703dd1c81ca2e4e01e	1281	736
2009-12	15	contributed/v2.0/gnssro_cosmic1_jpl_l1b/2009/12/15/gnssro_cosmic1_jpl_l1b_v2.6_cosmic1c5-G16-200912151622.nc4	653792	2cdea591d7ecfd2fc8d5b6e3d8a4d37c	1281	800
2009-12	15	contributed/v2.0/gnssro_cosmic1_jpl_l1b/2009/12/15/gnssro_cosmic1_jpl_l1b_v2.6_cosmic1c5-G26-200912151510.nc4	461792	78ed1d377eae64ea9e797f0432c90a74	1281	864
2009-12	15	contributed/v2.0/gnssro_cosmic1_jpl_l1b/2009/12/15/gnssro_cosmic1_jpl_l1b_v2.6_cosmic1c6-G04-200912150715.nc4	671792	a1071b83b44230a9137fe55ef7228846	1281	928
2009-12	15	contributed/v2.0/gnssro_cosmic1_jpl_l1b/2009/12/15/gnssro_cosmic1_jpl_l1b_v2.6_cosmic1c6-G09-200912150509.nc4	689792	c7a55b1c9dedb6002af2725942376117	1281	992
2009-12	15	contributed/v2.0/gnssro_cosmic1_jpl_l1b/2009/12/15/gnssro_cosmic1_jpl_l1b_v2.6_cosmic1c6-G14-200912150558.nc4	911792	2168495397ce0b6edee8130abb849dbf	1281	1056
2009-12	15	contributed/v2.0/gnssro_cosmic1_jpl_l1b/2009/12/15/gnssro_cosmic1_jpl_l1b_v2.6_cosmic1c6-G20-200912151212.nc4	611792	b3d43aa4274dfdbca587bc9fca76b955	1281	1120
2009-12	15	contributed/v2.0/gnssro_cosmic1_jpl_l1b/2009/12/15/gnssro_cosmic1_jpl_l1b_v2.6_cosmic1c6-G25-200912151258.nc4	683792	bc20c147308147dc5d6da63334cf81af	1281	1184
2009-12	15	contributed/v2.0/gnssro_cosmic1_jpl_l1b/2009/12/15/gnssro_cosmic1_jpl_l1b_v2.6_cosmic1c6-G30-200912151340.nc4	971792	885013a5e79202f750e56c460af0bd81	1281	1248
2010-01	15	contributed/v2.0/gnssro_cosmic1_jpl_l1b/2010/01/15/gnssro_cosmic1_jpl_l1b_v2.6_cosmic1c1-G08-201001150035.nc4	551792	51bed7bc8ab21a15aefbbc0edb87bf49	1113	27
2010-01	15	contributed/v2.0/gnssro_cosmic1_jpl_l1b/2010/01/15/gnssro_cosmic1_jpl_l1b_v2.6_cosmic1c1-G17-201001152015.nc4	605792	1f3b873ca248f1fa4b6013c3f195f1fb	1113	83
2010-01	15	contributed/v2.0/gnssro_cosmic1_jpl_l1b/2010/01/15/gnssro_cosmic1_jpl_l1b_v2.6_cosmic1c1-G31-201001152040.nc4	599792	3776d241e30b2af4115f4703de78cfd1	1113	139
2010-01	15	contributed/v2.0/gnssro_cosmic1_jpl_l1b/2010/01/15/gnssro_cosmic1_jpl_l1b_v2.6_cosmic1c2-G07-201001151317.nc4	779792	b47e828fcd36dcdbe6f0455d6adf3c46	1113	194
2010-01	15	contributed/v2.0/gnssro_cosmic1_jpl_l1b/2010/01/15/gnssro_cosmic1_jpl_l1b_v2.6_cosmic1c2-G13-201001152313.nc4	689792	1e4e87ffb8e4585568016911362e6be6	1113	250
2010-01	15	contributed/v2.0/gnssro_cosmic1_jpl_l1b/2010/01/15/gnssro_cosmic1_jpl_l1b_v2.6_cosmic1c2-G17-201001152350.nc4	611792	ad16a19dad8c0eee8c0a655e4e87ae54	1113	306
2010-01	15	contributed/v2.0/gnssro_cosmic1_jpl_l1b/2010/01/15/gnssro_cosmic1_jpl_l1b_v2.6_cosmic1c2-G24-201001150354.nc4	665792	dd060050ffca4b6597255633402d04b7	1113	361
2010-01	15	contributed/v2.0/gnssro_cosmic1_jpl_l1b/2010/01/15/gnssro_cosmic1_jpl_l1b_v2.6_cosmic1c2-G32-201001150357.nc4	713792	46d9adce5e76d3056ef6930073c0fba5	1113	417
2010-01	15	contributed/v2.0/gnssro_cosmic1_jpl_l1b/2010/01/15/gnssro_cosmic1_jpl_l1b_v2.6_cosmic1c3-G07-201001150213.nc4	701792	f6f230824370df523b50229a10b214c4	1113	473
2010-01	15	contributed/v2.0/gnssro_cosmic1_jpl_l1b/2010/01/15/gnssro_cosmic1_jpl_l1b_v2.6_cosmic1c3-G13-201001151049.nc4	665792	041099cfc4db49f2f7d26d42b0767ca1	1113	528
2010-01	15	contributed/v2.0/gnssro_cosmic1_jpl_l1b/2010/01/15/gnssro_cosmic1_jpl_l1b_v2.6_cosmic1c3-G18-201001151136.nc4	965792	f549d69a6641289396e00a08d260c91e	1113	584
2010-01	15	contributed/v2.0/gnssro_cosmic1_jpl_l1b/2010/01/15/gnssro_cosmic1_jpl_l1b_v2.6_cosmic1c3-G23-201001151955.nc4	659792	9d430545b2bd33675f6cee38cc302142	1113	639
2010-01	15	contributed/v2.0/gnssro_cosmic1_jpl_l1b/2010/01/15/gnssro_cosmic1_jpl_l1b_v2.6_cosmic1c3-G31-201001152332.nc4	623792	1f620f1f3a0bc7ec2c37e58b0d5b0b8a	1113	695
2010-01	15	contributed/v2.0/gnssro_cosmic1_jpl_l1b/2010/01/15/gnssro_cosmic1_jpl_l1b_v2.6_cosmic1c4-G10-201001150318.nc4	749792	e576855702fa7d39e7fbc8225e61d52f	1113	751
2010-01	15	contributed/v2.0/gnssro_cosmic1_jpl_l1b/2010/01/15/gnssro_cosmic1_jpl_l1b_v2.6_cosmic1c4-G17-201001151010.nc4	581792	dc1fbaf10a0a5cbf4c7dca0f2c4ef012	1113	806
2010-01	15	contributed/v2.0/gnssro_cosmic1_jpl_l1b/2010/01/15/gnssro_cosmic1_jpl_l1b_v2.6_cosmic1c4-G26-201001151220.nc4	725792	a769b5ff518fa43725ccbc1751a9861e	1113	862
2010-01	15	contributed/v2.0/gnssro_cosmic1_jpl_l1b/2010/01/15/gnssro_cosmic1_jpl_l1b_v2.6_cosmic1c5-G04-201001151336.nc4	659792	c3befd7b787399f5eca808bbc1c80456	1113	918
2010-01	15	contributed/v2.0/gnssro_cosmic1_jpl_l1b/2010/01/15/gnssro_cosmic1_jpl_l1b_v2.6_cosmic1c5-G13-201001152206.nc4	695792	7af324197a1e2f7d72e312db798b8182	1113	973
2010-01	15	contributed/v2.0/gnssro_cosmic1_jpl_l1b/2010/01/15/gnssro_cosmic1_jpl_l1b_v2.6_cosmic1c5-G23-201001150522.nc4	671792	94e0ae0eafc4466d90a0b2b9f267fd96	1113	1029
2010-01	15	contributed/v2.0/gnssro_cosmic1_jpl_l1b/2010/01/15/gnssro_cosmic1_jpl_l1b_v2.6_cosmic1c6-G06-201001150128.nc4	731792	9e1ac2b1558257bfd896bcff6c7909c9	1113	1085
2010-02	15	contributed/v2.0/gnssro_cosmic1_jpl_l1b/2010/02/15/gnssro_cosmic1_jpl_l1b_v2.6_cosmic1c1-G06-201002151007.nc4	701792	77511bdd2623bcfb9c4b3767270202ad	1318	32
2010-02	15	contributed/v2.0/gnssro_cosmic1_jpl_l1b/2010/02/15/gnssro_cosmic1_jpl_l1b_v2.6_cosmic1c1-G13-201002152309.nc4	749792	fa65692d7d3c88099515ce50f9fc753a	1318	98
2010-02	15	contributed/v2.0/gnssro_cosmic1_jpl_l1b/2010/02/15/gnssro_cosmic1_jpl_l1b_v2.6_cosmic1c1-G20-201002151826.nc4	605792	da879a04fef975b569141a6d51fbc5c3	1318	164
2010-02	15	contributed/v2.0/gnssro_cosmic1_jpl_l1b/2010/02/15/gnssro_cosmic1_jpl_l1b_v2.6_cosmic1c1-G29-201002151236.nc4	707792	e2c1f7354b2403911e39c49ea8866a8c	1318	230
2010-02	15	contributed/v2.0/gnssro_cosmic1_jpl_l1b/2010/02/15/gnssro_cosmic1_jpl_l1b_v2.6_cosmic1c2-G08-201002150114.nc4	557792	919174cb153327d3dda61c04e5f7f830	1318	296
2010-02	15	contributed/v2.0/gnssro_cosmic1_jpl_l1b/2010/02/15/gnssro_cosmic1_jpl_l1b_v2.6_cosmic1c2-G18-201002150048.nc4	659792	b9053d0a2bbb57011dcd15eaee7c4f3b	1318	362
2010-02	15	contributed/v2.0/gnssro_cosmic1_jpl_l1b/2010/02/15/gnssro_cosmic1_jpl_l1b_v2.6_cosmic1c2-G28-201002151731.nc4	593792	851a51071c29dbb1747800abe74cfd06	1318	428
2010-02	15	contributed/v2.0/gnssro_cosmic1_jpl_l1b/2010/02/15/gnssro_cosmic1_jpl_l1b_v2.6_cosmic1c3-G23-201002151549.nc4	671792	6411527876accd9db123555717c20d28	1318	494
2010-02	15	contributed/v2.0/gnssro_cosmic1_jpl_l1b/2010/02/15/gnssro_cosmic1_jpl_l1b_v2.6_cosmic1c4-G06-201002150824.nc4	773792	b74be79638d7e4bc71d88ca443a467e4	1318	560
2010-02	15	contributed/v2.0/gnssro_cosmic1_jpl_l1b/2010/02/15/gnssro_cosmic1_jpl_l1b_v2.6_cosmic1c4-G11-201002152232.nc4	725792	7c745d2621693c3812918d0bf9dd7208	1318	626
2010-02	15	contributed/v2.0/gnssro_cosmic1_jpl_l1b/2010/02/15/gnssro_cosmic1_jpl_l1b_v2.6_cosmic1c4-G20-201002150002.nc4	827792	c214ab3746e8ad796051c262888196e6	1318	691
2010-02	15	contributed/v2.0/gnssro_cosmic1_jpl_l1b/2010/02/15/gnssro_cosmic1_jpl_l1b_v2.6_cosmic1c4-G27-201002151731.nc4	731792	93df7bf4d59d16d36b104fbb8fb9d45b	1318	757
2010-02	15	contributed/v2.0/gnssro_cosmic1_jpl_l1b/2010/02/15/gnssro_cosmic1_jpl_l1b_v2.6_cosmic1c5-G03-201002151958.nc4	743792	dc691a122a0e8888633a8bbfc817f1a4	1318	823
2010-02	15	contributed/v2.0/gnssro_cosmic1_jpl_l1b/2010/02/15/gnssro_cosmic1_jpl_l1b_v2.6_cosmic1c5-G12-201002151254.nc4	773792	9052b7f90ddcf2e9c3ffd70e510bfa43	1318	889
2010-02	15	contributed/v2.0/gnssro_cosmic1_jpl_l1b/2010/02/15/gnssro_cosmic1_jpl_l1b_v2.6_cosmic1c5-G19-201002151810.nc4	755792	6aab9e19227e088593a7878533e98362	1318	955
2010-02	15	contributed/v2.0/gnssro_cosmic1_jpl_l1b/2010/02/15/gnssro_cosmic1_jpl_l1b_v2.6_cosmic1c5-G29-201002152325.nc4	557792	a9b7da848fc99cd17e7cb54e56c2f190	1318	1021
2010-02	15	contributed/v2.0/gnssro_cosmic1_jpl_l1b/2010/02/15/gnssro_cosmic1_jpl_l1b_v2.6_cosmic1c6-G06-201002151300.nc4	653792	0a0ad89fd0a1f4f32316acae632c5b27	1318	1087
2010-02	15	contributed/v2.0/gnssro_cosmic1_jpl_l1b/2010/02/15/gnssro_cosmic1_jpl_l1b_v2.6_cosmic1c6-G14-201002151004.nc4	731792	39f1e0eb654404828c0792d2464dfa71	1318	1153
2010-02	15	contributed/v2.0/gnssro_cosmic1_jpl_l1b/2010/02/15/gnssro_cosmic1_jpl_l1b_v2.6_cosmic1c6-G20-201002152310.nc4	701792	6c9573bda7d04f27c2693a515c5b5c53	1318	1219
2010-02	15	contributed/v2.0/gnssro_cosmic1_jpl_l1b/2010/02/15/gnssro_cosmic1_jpl_l1b_v2.6_cosmic1c6-G29-201002151450.nc4	749792	77b3383aeed13e30ee44c0cc9b165517	1318	1285
2010-03	15	contributed/v2.0/gnssro_cosmic1_jpl_l1b/2010/03/15/gnssro_cosmic1_jpl_l1b_v2.6_cosmic1c1-G04-201003152332.nc4	605792	12b9cc7eca2ebb53a5d9d30eeee1e420	1433	35
2010-03	15	contributed/v2.0/gnssro_cosmic1_jpl_l1b/2010/03/15/gnssro_cosmic1_jpl_l1b_v2.6_cosmic1c1-G11-201003150824.nc4	629792	462b069c92e6b05e29ed07b76faf7856	1433	107
2010-03	15	contributed/v2.0/gnssro_cosmic1_jpl_l1b/2010/03/15/gnssro_cosmic1_jpl_l1b_v2.6_cosmic1c1-G17-201003150013.nc4	797792	bfdf8c32c91dd4961d03320ad9b4d878	1433	179
2010-03	15	contributed/v2.0/gnssro_cosmic1_jpl_l1b/2010/03/15/gnssro_cosmic1_jpl_l1b_v2.6_cosmic1c1-G22-201003150812.nc4	659792	3df25a27c5b88b457b775e61d42dfbc3	1433	250
2010-03	15	contributed/v2.0/gnssro_cosmic1_jpl_l1b/2010/03/15/gnssro_cosmic1_jpl_l1b_v2.6_cosmic1c1-G28-201003152201.nc4	665792	1e8e3781e675495a4023846905435d4a	1433	322
2010-03	15	contributed/v2.0/gnssro_cosmic1_jpl_l1b/2010/03/15/gnssro_cosmic1_jpl_l1b_v2.6_cosmic1c2-G03-201003152256.nc4	665792	3c9986d62162e69f9f8f5ec56e8c6cb8	1433	394
2010-03	15	contributed/v2.0/gnssro_cosmic1_jpl_l1b/2010/03/15/gnssro_cosmic1_jpl_l1b_v2.6_cosmic1c2-G10-201003151440.nc4	677792	e05a3b84d48d12e1b952d8db92b90a87	1433	465
2010-03	15	contributed/v2.0/gnssro_cosmic1_jpl_l1b/2010/03/15/gnssro_cosmic1_jpl_l1b_v2.6_cosmic1c2-G18-201003150614.nc4	695792	0219b5e45d07c87ecb8f7ac831d8c928	1433	537
2010-03	15	contributed/v2.0/gnssro_cosmic1_jpl_l1b/2010/03/15/gnssro_cosmic1_jpl_l1b_v2.6_cosmic1c2-G27-201003150722.nc4	623792	1360108d626815bb1f263114b1987337	1433	609
2010-03	15	contributed/v2.0/gnssro_cosmic1_jpl_l1b/2010/03/15/gnssro_cosmic1_jpl_l1b_v2.6_cosmic1c3-G04-201003151623.nc4	581792	0c415192504a59ef7db8a354e6525081	1433	680
2010-03	15	contributed/v2.0/gnssro_cosmic1_jpl_l1b/2010/03/15/gnssro_cosmic1_jpl_l1b_v2.6_cosmic1c3-G15-201003151641.nc4	947792	389a4c1bbf0803c819cedb773c4fafe2	1433	752
2010-03	15	contributed/v2.0/gnssro_cosmic1_jpl_l1b/2010/03/15/gnssro_cosmic1_jpl_l1b_v2.6_cosmic1c3-G24-201003151656.nc4	887792	4a197a762f8d6e638d34fb29c90cde46	1433	823
2010-03	15	contributed/v2.0/gnssro_cosmic1_jpl_l1b/2010/03/15/gnssro_cosmic1_jpl_l1b_v2.6_cosmic1c4-G03-201003152231.nc4	593792	0bfc67c1e86c48dc123c90177e8ac901	1433	895
2010-03	15	contributed/v2.0/gnssro_cosmic1_jpl_l1b/2010/03/15/gnssro_cosmic1_jpl_l1b_v2.6_cosmic1c4-G19-201003152330.nc4	731792	3bd1a4c69c650f14418fd5a41a19c0e5	1433	967
2010-03	15	contributed/v2.0/gnssro_cosmic1_jpl_l1b/2010/03/15/gnssro_cosmic1_jpl_l1b_v2.6_cosmic1c5-G03-201003151058.nc4	737792	9cd51104c25406b7966c454445511636	1433	1038
2010-03	15	contributed/v2.0/gnssro_cosmic1_jpl_l1b/2010/03/15/gnssro_cosmic1_jpl_l1b_v2.6_cosmic1c5-G14-201003150435.nc4	725792	593b08f0f32ba56ed3cbe6a62070e51b	1433	1110
2010-03	15	contributed/v2.0/gnssro_cosmic1_jpl_l1b/2010/03/15/gnssro_cosmic1_jpl_l1b_v2.6_cosmic1c5-G24-201003151304.nc4	899792	0400e1ca2e0d9de444a781bf44c456e3	1433	1182
2010-03	15	contributed/v2.0/gnssro_cosmic1_jpl_l1b/2010/03/15/gnssro_cosmic1_jpl_l1b_v2.6_cosmic1c6-G02-201003150438.nc4	713792	4db578e40644fa135552352cb88507ea	1433	1253
2010-03	15	contributed/v2.0/gnssro_cosmic1_jpl_l1b/2010/03/15/gnssro_cosmic1_jpl_l1b_v2.6_cosmic1c6-G14-201003150328.nc4	617792	c7f06dbf65af64c05ac573d7c17791f0	1433	1325
2010-03	15	contributed/v2.0/gnssro_cosmic1_jpl_l1b/2010/03/15/gnssro_cosmic1_jpl_l1b_v2.6_cosmic1c6-G27-201003150019.nc4	641792	deba3e02249d8f154ff634983a6c0211	1433	1397
2010-04	15	contributed/v2.0/gnssro_cosmic1_jpl_l1b/2010/04/15/gnssro_cosmic1_jpl_l1b_v2.6_cosmic1c1-G04-201004151226.nc4	605792	7fbab37fd020a1a5fb0fcf35a8e9524c	1759	43
2010-04	15	contributed/v2.0/gnssro_cosmic1_jpl_l1b/2010/04/15/gnssro_cosmic1_jpl_l1b_v2.6_cosmic1c1-G11-201004150443.nc4	599792	285499f7e0d6e7d107bdb515019eeb9e	1759	131
2010-04	15	contributed/v2.0/gnssro_cosmic1_jpl_l1b/2010/04/15/gnssro_cosmic1_jpl_l1b_v2.6_cosmic1c1-G20-201004150324.nc4	677792	6a62812392c0c543568dff649aa46883	1759	219
2010-04	15	contributed/v2.0/gnssro_cosmic1_jpl_l1b/2010/04/15/gnssro_cosmic1_jpl_l1b_v2.6_cosmic1c1-G27-201004151549.nc4	695792	540d7147eb9bea327de93e7ec7dce606	1759	307
2010-04	15	contributed/v2.0/gnssro_cosmic1_jpl_l1b/2010/04/15/gnssro_cosmic1_jpl_l1b_v2.6_cosmic1c2-G03-201004151659.nc4	851792	4cf2752a5ba2e91ca20616b8d6aece6f	1759	395
2010-04	15	contributed/v2.0/gnssro_cosmic1_jpl_l1b/2010/04/15/gnssro_cosmic1_jpl_l1b_v2.6_cosmic1c2-G13-201004152036.nc4	581792	130556aab4be848d469627951a33e814	1759	483
2010-04	15	contributed/v2.0/gnssro_cosmic1_jpl_l1b/2010/04/15/gnssro_cosmic1_jpl_l1b_v2.6_cosmic1c2-G24-201004151009.nc4	659792	eef0bbb23d1671d502e1fdb2524c30ed	1759	571
2010-04	15	contributed/v2.0/gnssro_cosmic1_jpl_l1b/2010/04/15/gnssro_cosmic1_jpl_l1b_v2.6_cosmic1c3-G12-201004150830.nc4	581792	8a512b0d36f97ad94eac1744ac207cee	1759	659
2010-04	15	contributed/v2.0/gnssro_cosmic1_jpl_l1b/2010/04/15/gnssro_cosmic1_jpl_l1b_v2.6_cosmic1c4-G05-201004151356.nc4	893792	28a612f9288b9dc10f4d257aa284fe33	1759	747
2010-04	15	contributed/v2.0/gnssro_cosmic1_jpl_l1b/2010/04/15/gnssro_cosmic1_jpl_l1b_v2.6_cosmic1c4-G13-201004151802.nc4	725792	bcf58387a91206df08fb94607bf7eccc	1759	835
2010-04	15	contributed/v2.0/gnssro_cosmic1_jpl_l1b/2010/04/15/gnssro_cosmic1_jpl_l1b_v2.6_cosmic1c4-G20-201004151024.nc4	749792	4fdb2a661bf54b553dce37527cd03063	1759	923
2010-04	15	contributed/v2.0/gnssro_cosmic1_jpl_l1b/2010/04/15/gnssro_cosmic1_jpl_l1b_v2.6_cosmic1c4-G27-201004152259.nc4	857792	2f60f035cfb3b0083a38e08e1fa8ded6	1759	1011
2010-04	15	contributed/v2.0/gnssro_cosmic1_jpl_l1b/2010/04/15/gnssro_cosmic1_jpl_l1b_v2.6_cosmic1c5-G02-201004152122.nc4	629792	26ded8f461063fc9131a664293e23636	1759	1099
2010-04	15	contributed/v2.0/gnssro_cosmic1_jpl_l1b/2010/04/15/gnssro_cosmic1_jpl_l1b_v2.6_cosmic1c5-G11-201004150714.nc4	743792	000b08155e2c753e0e115e8d65ab2fa8	1759	1187
2010-04	15	contributed/v2.0/gnssro_cosmic1_jpl_l1b/2010/04/15/gnssro_cosmic1_jpl_l1b_v2.6_cosmic1c5-G21-201004150114.nc4	719792	95d2c9a35a98b7ad7df3e57d4b243c3c	1759	1275
2010-04	15	contributed/v2.0/gnssro_cosmic1_jpl_l1b/2010/04/15/gnssro_cosmic1_jpl_l1b_v2.6_cosmic1c5-G29-201004151314.nc4	857792	1bdab57c8b23ab8a3360f4faad4cd4e8	1759	1363
2010-04	15	contributed/v2.0/gnssro_cosmic1_jpl_l1b/2010/04/15/gnssro_cosmic1_jpl_l1b_v2.6_cosmic1c6-G06-201004151143.nc4	707792	d09ca045eaacf2f50a513528fb83db6f	1759	1451
2010-04	15	contributed/v2.0/gnssro_cosmic1_jpl_l1b/2010/04/15/gnssro_cosmic1_jpl_l1b_v2.6_cosmic1c6-G13-201004152102.nc4	629792	bc367d0139c6838eb9411ae3df5b44d7	1759	1539
2010-04	15	contributed/v2.0/gnssro_cosmic1_jpl_l1b/2010/04/15/gnssro_cosmic1_jpl_l1b_v2.6_cosmic1c6-G21-201004150850.nc4	623792	732d7e91cc4de97708d46f147af7e485	1759	1627
2010-04	15	contributed/v2.0/gnssro_cosmic1_jpl_l1b/2010/04/15/gnssro_cosmic1_jpl_l1b_v2.6_cosmic1c6-G29-201004150425.nc4	647792	a8d02766e8101a38e2b0aa81f351dae5	1759	1715
2010-05	15	contributed/v2.0/gnssro_cosmic1_jpl_l1b/2010/05/15/gnssro_cosmic1_jpl_l1b_v2.6_cosmic1c2-G05-201005152333.nc4	893792	f620bdda1a4fd91e5ad4e0ab71a55394	1040	26
2010-05	15	contributed/v2.0/gnssro_cosmic1_jpl_l1b/2010/05/15/gnssro_cosmic1_jpl_l1b_v2.6_cosmic1c2-G13-201005150401.nc4	761792	79844cc322f52f7d5c2e5db99e814cb3	1040	78
2010-05	15	contributed/v2.0/gnssro_cosmic1_jpl_l1b/2010/05/15/gnssro_cosmic1_jpl_l1b_v2.6_cosmic1c2-G18-201005152219.nc4	623792	ead9046d794fc31b10a96b64f57f9a76	1040	130
2010-05	15	contributed/v2.0/gnssro_cosmic1_jpl_l1b/2010/05/15/gnssro_cosmic1_jpl_l1b_v2.6_cosmic1c2-G28-201005150514.nc4	743792	9baef7eed64bbf78fd2891e01808fe15	1040	182
2010-05	15	contributed/v2.0/gnssro_cosmic1_jpl_l1b/2010/05/15/gnssro_cosmic1_jpl_l1b_v2.6_cosmic1c3-G06-201005150633.nc4	839792	cafa9371557875472e8b634b6d1ecc7d	1040	234
2010-05	15	contributed/v2.0/gnssro_cosmic1_jpl_l1b/2010/05/15/gnssro_cosmic1_jpl_l1b_v2.6_cosmic1c4-G02-201005150004.nc4	593792	4ab4b0d4dbeadf55bc6adcb08d0ddbaf	1040	286
2010-05	15	contributed/v2.0/gnssro_cosmic1_jpl_l1b/2010/05/15/gnssro_cosmic1_jpl_l1b_v2.6_cosmic1c4-G07-201005151017.nc4	665792	575aa0400f83a069ef47183973251a52	1040	338
2010-05	15	contributed/v2.0/gnssro_cosmic1_jpl_l1b/2010/05/15/gnssro_cosmic1_jpl_l1b_v2.6_cosmic1c4-G11-201005151247.nc4	761792	35460e6d5a3047679ea988986f75085a	1040	390
2010-05	15	contributed/v2.0/gnssro_cosmic1_jpl_l1b/2010/05/15/gnssro_cosmic1_jpl_l1b_v2.6_cosmic1c4-G16-201005151040.nc4	719792	4e36bd560fb01d2c7bca601defa0523d	1040	442
2010-05	15	contributed/v2.0/gnssro_cosmic1_jpl_l1b/2010/05/15/gnssro_cosmic1_jpl_l1b_v2.6_cosmic1c4-G21-201005151818.nc4	773672	f491abfc5c45106e17b28c98d06da22d	1040	494
2010-05	15	contributed/v2.0/gnssro_cosmic1_jpl_l1b/2010/05/15/gnssro_cosmic1_jpl_l1b_v2.6_cosmic1c4-G29-201005151459.nc4	725792	b30f416befc93ae3c4bc27056d099ee6	1040	546
2010-05	15	contributed/v2.0/gnssro_cosmic1_jpl_l1b/2010/05/15/gnssro_cosmic1_jpl_l1b_v2.6_cosmic1c5-G05-201005150828.nc4	725792	b295d5577472bf19bb199f43b340714a	1040	598
2010-05	15	contributed/v2.0/gnssro_cosmic1_jpl_l1b/2010/05/15/gnssro_cosmic1_jpl_l1b_v2.6_cosmic1c5-G12-201005151654.nc4	839792	e07347491f4f6eaaeac10e212aa109ab	1040	650
2010-05	15	contributed/v2.0/gnssro_cosmic1_jpl_l1b/2010/05/15/gnssro_cosmic1_jpl_l1b_v2.6_cosmic1c5-G17-201005150923.nc4	731792	0591a3356fefc4e0e614a543c66e4a61	1040	702
2010-05	15	contributed/v2.0/gnssro_cosmic1_jpl_l1b/2010/05/15/gnssro_cosmic1_jpl_l1b_v2.6_cosmic1c5-G26-201005151450.nc4	809792	e90081a0e76b943205c798cf7aa99060	1040	754
2010-05	15	contributed/v2.0/gnssro_cosmic1_jpl_l1b/2010/05/15/gnssro_cosmic1_jpl_l1b_v2.6_cosmic1c5-G32-201005152109.nc4	713792	7d6ac83e9ad123eb4929fdd65f726fd1	1040	806
2010-05	15	contributed/v2.0/gnssro_cosmic1_jpl_l1b/2010/05/15/gnssro_cosmic1_jpl_l1b_v2.6_cosmic1c6-G08-201005152142.nc4	869792	7aaf59436aebee4f346c373ad39790ca	1040	858
2010-05	15	contributed/v2.0/gnssro_cosmic1_jpl_l1b/2010/05/15/gnssro_cosmic1_jpl_l1b_v2.6_cosmic1c6-G14-201005151704.nc4	689792	2912352b4c69561f5b1191516df01705	1040	910
2010-05	15	contributed/v2.0/gnssro_cosmic1_jpl_l1b/2010/05/15/gnssro_cosmic1_jpl_l1b_v2.6_cosmic1c6-G21-201005150034.nc4	773792	4e5fa01cd4e3e61bea24854bd2b077f8	1040	962
2010-05	15	contributed/v2.0/gnssro_cosmic1_jpl_l1b/2010/05/15/gnssro_cosmic1_jpl_l1b_v2.6_cosmic1c6-G30-201005151256.nc4	827792	6f3c15b9fd76696b4af7391e6bc5be2a	1040	1014
2010-06	15	contributed/v2.0/gnssro_cosmic1_jpl_l1b/2010/06/15/gnssro_cosmic1_jpl_l1b_v2.6_cosmic1c1-G07-201006152237.nc4	899792	bc52eccfcb3ef1795a9789e90fdecae2	1327	33
2010-06	15	contributed/v2.0/gnssro_cosmic1_jpl_l1b/2010/06/15/gnssro_cosmic1_jpl_l1b_v2.6_cosmic1c1-G19-201006152022.nc4	605792	48514a70b41f12019eb3130360591208	1327	99
2010-06	15	contributed/v2.0/gnssro_cosmic1_jpl_l1b/2010/06/15/gnssro_cosmic1_jpl_l1b_v2.6_cosmic1c1-G30-201006151507.nc4	515792	2a22fb947ed9f258adf07c0271667397	1327	165
2010-06	15	contributed/v2.0/gnssro_cosmic1_jpl_l1b/2010/06/15/gnssro_cosmic1_jpl_l1b_v2.6_cosmic1c2-G08-201006151113.nc4	767792	5fdd2179b1924a0e1fbfdf5a54120a84	1327	232
2010-06	15	contributed/v2.0/gnssro_cosmic1_jpl_l1b/2010/06/15/gnssro_cosmic1_jpl_l1b_v2.6_cosmic1c2-G17-201006150121.nc4	677792	62bcbe9a3c8fd536853bfe781103ba64	1327	298
2010-06	15	contributed/v2.0/gnssro_cosmic1_jpl_l1b/2010/06/15/gnssro_cosmic1_jpl_l1b_v2.6_cosmic1c2-G23-201006152016.nc4	635792	a899e22a0efc69cadd364de17c7e25ed	1327	364
2010-06	15	contributed/v2.0/gnssro_cosmic1_jpl_l1b/2010/06/15/gnssro_cosmic1_jpl_l1b_v2.6_cosmic1c2-G32-201006151151.nc4	593792	bdd38aaf1c8cb4f963a3f0d42d005913	1327	431
2010-06	15	contributed/v2.0/gnssro_cosmic1_jpl_l1b/2010/06/15/gnssro_cosmic1_jpl_l1b_v2.6_cosmic1c3-G07-201006151902.nc4	599792	bc5c66b83e4f07975c71c970ec8b42ac	1327	497
2010-06	15	contributed/v2.0/gnssro_cosmic1_jpl_l1b/2010/06/15/gnssro_cosmic1_jpl_l1b_v2.6_cosmic1c3-G12-201006151156.nc4	587792	c7f5ba5eec86786b474f342b8eaeda3a	1327	563
2010-06	15	contributed/v2.0/gnssro_cosmic1_jpl_l1b/2010/06/15/gnssro_cosmic1_jpl_l1b_v2.6_cosmic1c3-G20-201006150929.nc4	905792	ddd6d827a6e5133be0d690a4ad3e2a68	1327	630
2010-06	15	contributed/v2.0/gnssro_cosmic1_jpl_l1b/2010/06/15/gnssro_cosmic1_jpl_l1b_v2.6_cosmic1c3-G25-201006151642.nc4	629792	a50fe367f29b44eed5e7d4cba82f7680	1327	696
2010-06	15	contributed/v2.0/gnssro_cosmic1_jpl_l1b/2010/06/15/gnssro_cosmic1_jpl_l1b_v2.6_cosmic1c3-G31-201006151045.nc4	665792	2e02e8e74dc2e3f8ab034c28e0607808	1327	763
2010-06	15	contributed/v2.0/gnssro_cosmic1_jpl_l1b/2010/06/15/gnssro_cosmic1_jpl_l1b_v2.6_cosmic1c4-G06-201006151612.nc4	731792	6433a550d7f9b4c70c58ef60aca03173	1327	829
2010-06	15	contributed/v2.0/gnssro_cosmic1_jpl_l1b/2010/06/15/gnssro_cosmic1_jpl_l1b_v2.6_cosmic1c4-G14-201006150518.nc4	719792	5e4d3cc611db9a6109f6cb36cd02761a	1327	895
2010-06	15	contributed/v2.0/gnssro_cosmic1_jpl_l1b/2010/06/15/gnssro_cosmic1_jpl_l1b_v2.6_cosmic1c4-G21-201006150408.nc4	695792	726fc060eb6f91bf4e9c78d038e72665	1327	962
2010-06	15	contributed/v2.0/gnssro_cosmic1_jpl_l1b/2010/06/15/gnssro_cosmic1_jpl_l1b_v2.6_cosmic1c4-G29-201006150355.nc4	599792	7bb496a67987503baa692b91a191dd9d	1327	1028
2010-06	15	contributed/v2.0/gnssro_cosmic1_jpl_l1b/2010/06/15/gnssro_cosmic1_jpl_l1b_v2.6_cosmic1c6-G05-201006150401.nc4	617792	cade94aa68b993ea1f68209dd10e049b	1327	1094
2010-06	15	contributed/v2.0/gnssro_cosmic1_jpl_l1b/2010/06/15/gnssro_cosmic1_jpl_l1b_v2.6_cosmic1c6-G12-201006152150.nc4	665792	2a59025d3ab1ce8a8ec9087e26281660	1327	1161
2010-06	15	contributed/v2.0/gnssro_cosmic1_jpl_l1b/2010/06/15/gnssro_cosmic1_jpl_l1b_v2.6_cosmic1c6-G21-201006151344.nc4	569792	d48640850c245f45735d9de2ffe91b2d	1327	1227
2010-06	15	contributed/v2.0/gnssro_cosmic1_jpl_l1b/2010/06/15/gnssro_cosmic1_jpl_l1b_v2.6_cosmic1c6-G29-201006150600.nc4	521792	deaf5e686f928a15ac21bdc8d9059d12	1327	1293
2010-07	15	contributed/v2.0/gnssro_cosmic1_jpl_l1b/2010/07/15/gnssro_cosmic1_jpl_l1b_v2.6_cosmic1c1-G05-201007150027.nc4	437792	682f220766181c70ba37c8922a6fc7cf	1281	32
2010-07	15	contributed/v2.0/gnssro_cosmic1_jpl_l1b/2010/07/15/gnssro_cosmic1_jpl_l1b_v2.6_cosmic1c1-G10-201007151726.nc4	779792	bda5efd17ee7fd328f9b19128c45e7aa	1281	96
2010-07	15	contributed/v2.0/gnssro_cosmic1_jpl_l1b/2010/07/15/gnssro_cosmic1_jpl_l1b_v2.6_cosmic1c1-G17-201007151801.nc4	341672	3a854467b4f59a689c77de706ec09df2	1281	160
2010-07	15	contributed/v2.0/gnssro_cosmic1_jpl_l1b/2010/07/15/gnssro_cosmic1_jpl_l1b_v2.6_cosmic1c1-G23-201007152048.nc4	815792	22ef23cba56ed8084ec23bd296dfd95b	1281	224
2010-07	15	contributed/v2.0/gnssro_cosmic1_jpl_l1b/2010/07/15/gnssro_cosmic1_jpl_l1b_v2.6_cosmic1c1-G30-201007151156.nc4	521792	64b6a2ae83b352813c1048b68f22c0a4	1281	288
2010-07	15	contributed/v2.0/gnssro_cosmic1_jpl_l1b/2010/07/15/gnssro_cosmic1_jpl_l1b_v2.6_cosmic1c2-G05-201007151743.nc4	929792	9ca72b846d7781eeda9dc9ce7870fca4	1281	352
2010-07	15	contributed/v2.0/gnssro_cosmic1_jpl_l1b/2010/07/15/gnssro_cosmic1_jpl_l1b_v2.6_cosmic1c2-G11-201007151841.nc4	767792	febf1b5519259c2bfbf9c135bc2c5e12	1281	416
2010-07	15	contributed/v2.0/gnssro_cosmic1_jpl_l1b/2010/07/15/gnssro_cosmic1_jpl_l1b_v2.6_cosmic1c2-G17-201007150311.nc4	719792	7c8000e9b2b4156e5b56305f0bd4efae	1281	480
2010-07	15	contributed/v2.0/gnssro_cosmic1_jpl_l1b/2010/07/15/gnssro_cosmic1_jpl_l1b_v2.6_cosmic1c2-G23-201007151804.nc4	731792	b4822ea560c22e44e39ce78e5e37013b	1281	544
2010-07	15	contributed/v2.0/gnssro_cosmic1_jpl_l1b/2010/07/15/gnssro_cosmic1_jpl_l1b_v2.6_cosmic1c2-G30-201007151346.nc4	755792	bf09b0a40fc6c23f79f84a4ea5eef19b	1281	608
2010-07	15	contributed/v2.0/gnssro_cosmic1_jpl_l1b/2010/07/15/gnssro_cosmic1_jpl_l1b_v2.6_cosmic1c4-G07-201007150003.nc4	731792	7f7ebdbf84a0b7c3d4e4fe0ad4314d1f	1281	672
2010-07	15	contributed/v2.0/gnssro_cosmic1_jpl_l1b/2010/07/15/gnssro_cosmic1_jpl_l1b_v2.6_cosmic1c4-G14-201007151735.nc4	929792	aa1b05226c3444260d960ad829ca73bc	1281	736
2010-07	15	contributed/v2.0/gnssro_cosmic1_jpl_l1b/2010/07/15/gnssro_cosmic1_jpl_l1b_v2.6_cosmic1c4-G19-201007152146.nc4	791792	ddce5318bb8af4e1ff073d2731d29c4c	1281	800
2010-07	15	contributed/v2.0/gnssro_cosmic1_jpl_l1b/2010/07/15/gnssro_cosmic1_jpl_l1b_v2.6_cosmic1c4-G28-201007150121.nc4	653792	40ae7bca5efdca3bfdca9e7c341eebca	1281	864
2010-07	15	contributed/v2.0/gnssro_cosmic1_jpl_l1b/2010/07/15/gnssro_cosmic1_jpl_l1b_v2.6_cosmic1c5-G02-201007151906.nc4	587792	e7033d51681c0b754b311a7ffeb4c035	1281	928
2010-07	15	contributed/v2.0/gnssro_cosmic1_jpl_l1b/2010/07/15/gnssro_cosmic1_jpl_l1b_v2.6_cosmic1c5-G08-201007152355.nc4	719792	690cae8d842422f56f04243f65c7428d	1281	992
2010-07	15	contributed/v2.0/gnssro_cosmic1_jpl_l1b/2010/07/15/gnssro_cosmic1_jpl_l1b_v2.6_cosmic1c5-G14-201007151032.nc4	881792	ec6e2de6b6acbed86b29930c1b5e6fc8	1281	1056
2010-07	15	contributed/v2.0/gnssro_cosmic1_jpl_l1b/2010/07/15/gnssro_cosmic1_jpl_l1b_v2.6_cosmic1c5-G21-201007150446.nc4	605792	983cd2ad140e79019184f1fbe7135786	1281	1120
2010-07	15	contributed/v2.0/gnssro_cosmic1_jpl_l1b/2010/07/15/gnssro_cosmic1_jpl_l1b_v2.6_cosmic1c5-G28-201007151155.nc4	701792	c5de00f915767fbcbf37a78afcc91e65	1281	1184
2010-07	15	contributed/v2.0/gnssro_cosmic1_jpl_l1b/2010/07/15/gnssro_cosmic1_jpl_l1b_v2.6_cosmic1c6-G16-201007150423.nc4	539792	48392c003be05dcda23c8f935058a646	1281	1248
2010-08	15	contributed/v2.0/gnssro_cosmic1_jpl_l1b/2010/08/15/gnssro_cosmic1_jpl_l1b_v2.6_cosmic1c1-G04-201008152021.nc4	641792	b30fde529ea603b8fac1e19333a74e49	1149	28
2010-08	15	contributed/v2.0/gnssro_cosmic1_jpl_l1b/2010/08/15/gnssro_cosmic1_jpl_l1b_v2.6_cosmic1c1-G10-201008151429.nc4	647792	b331721b806526f85eb4dbf931c62156	1149	86
2010-08	15	contributed/v2.0/gnssro_cosmic1_jpl_l1b/2010/08/15/gnssro_cosmic1_jpl_l1b_v2.6_cosmic1c1-G14-201008152249.nc4	737792	a13b93b5f77c8780499c3b03e532f593	1149	143
2010-08	15	contributed/v2.0/gnssro_cosmic1_jpl_l1b/2010/08/15/gnssro_cosmic1_jpl_l1b_v2.6_cosmic1c1-G19-201008152307.nc4	677792	4a01ae2b5c73b39245d879439d625948	1149	201
2010-08	15	contributed/v2.0/gnssro_cosmic1_jpl_l1b/2010/08/15/gnssro_cosmic1_jpl_l1b_v2.6_cosmic1c1-G24-201008151034.nc4	839792	40ae97fdc12dd8c30ab7caf1cecc4a3a	1149	258
2010-08	15	contributed/v2.0/gnssro_cosmic1_jpl_l1b/2010/08/15/gnssro_cosmic1_jpl_l1b_v2.6_cosmic1c1-G30-201008150224.nc4	635792	0bb59b4b3cc97b9e90e98c485777ccbe	1149	315
2010-08	15	contributed/v2.0/gnssro_cosmic1_jpl_l1b/2010/08/15/gnssro_cosmic1_jpl_l1b_v2.6_cosmic1c2-G06-201008150023.nc4	863792	8ca68ee40f1906cabc32b2d42ee7ee34	1149	373
2010-08	15	contributed/v2.0/gnssro_cosmic1_jpl_l1b/2010/08/15/gnssro_cosmic1_jpl_l1b_v2.6_cosmic1c2-G13-201008151402.nc4	983792	d69bc41b8c39dfcd39fe5eddbe381e75	1149	430
2010-08	15	contributed/v2.0/gnssro_cosmic1_jpl_l1b/2010/08/15/gnssro_cosmic1_jpl_l1b_v2.6_cosmic1c2-G19-201008151447.nc4	611792	8b148a084bae728ae624103391fdf42b	1149	488
2010-08	15	contributed/v2.0/gnssro_cosmic1_jpl_l1b/2010/08/15/gnssro_cosmic1_jpl_l1b_v2.6_cosmic1c2-G27-201008152244.nc4	983792	be52faa4dfb88582112bdbce9d7bab4c	1149	545
2010-08	15	contributed/v2.0/gnssro_cosmic1_jpl_l1b/2010/08/15/gnssro_cosmic1_jpl_l1b_v2.6_cosmic1c4-G03-201008152343.nc4	779792	e130504f24de125bf02a1afa0f7c89a9	1149	603
2010-08	15	contributed/v2.0/gnssro_cosmic1_jpl_l1b/2010/08/15/gnssro_cosmic1_jpl_l1b_v2.6_cosmic1c4-G08-201008152237.nc4	605792	d395111487c977362fcc7048b064dde8	1149	660
2010-08	15	contributed/v2.0/gnssro_cosmic1_jpl_l1b/2010/08/15/gnssro_cosmic1_jpl_l1b_v2.6_cosmic1c4-G13-201008150801.nc4	629792	d56a8f78991a53a2ac5a041fe4cc02f7	1149	718
2010-08	15	contributed/v2.0/gnssro_cosmic1_jpl_l1b/2010/08/15/gnssro_cosmic1_jpl_l1b_v2.6_cosmic1c4-G18-201008152038.nc4	653792	135d20eaf8dce1b5200a4d2e1967957e	1149	775
2010-08	15	contributed/v2.0/gnssro_cosmic1_jpl_l1b/2010/08/15/gnssro_cosmic1_jpl_l1b_v2.6_cosmic1c4-G23-201008150306.nc4	689792	d9b1843c52a7dbd0e6c4905307ba2e44	1149	833
2010-08	15	contributed/v2.0/gnssro_cosmic1_jpl_l1b/2010/08/15/gnssro_cosmic1_jpl_l1b_v2.6_cosmic1c4-G27-201008152257.nc4	635792	08db5cc36197edbd4a37065d90f65d04	1149	890
2010-08	15	contributed/v2.0/gnssro_cosmic1_jpl_l1b/2010/08/15/gnssro_cosmic1_jpl_l1b_v2.6_cosmic1c4-G32-201008152309.nc4	767792	77f665670aa33f6a6f0b13066f87c2ad	1149	947
2010-08	15	contributed/v2.0/gnssro_cosmic1_jpl_l1b/2010/08/15/gnssro_cosmic1_jpl_l1b_v2.6_cosmic1c6-G11-201008151117.nc4	815792	a433061619e4831646a1a3ef8a2fd51b	1149	1005
2010-08	15	contributed/v2.0/gnssro_cosmic1_jpl_l1b/2010/08/15/gnssro_cosmic1_jpl_l1b_v2.6_cosmic1c6-G20-201008150124.nc4	767792	280ad19881fc29914af6bb5cc5a33722	1149	1062
2010-08	15	contributed/v2.0/gnssro_cosmic1_jpl_l1b/2010/08/15/gnssro_cosmic1_jpl_l1b_v2.6_cosmic1c6-G29-201008151758.nc4	1067792	475b60f902407253f1bc43fc4b85f162	1149	1120
2010-09	15	contributed/v2.0/gnssro_cosmic1_jpl_l1b/2010/09/15/gnssro_cosmic1_jpl_l1b_v2.6_cosmic1c1-G03-201009152118.nc4	839672	23fd2fd93934833c230dcc111d07f202	1063	26
2010-09	15	contributed/v2.0/gnssro_cosmic1_jpl_l1b/2010/09/15/gnssro_cosmic1_jpl_l1b_v2.6_cosmic1c1-G08-201009151215.nc4	845792	1d507fc04f2e819c4c951dd5d71ef634	1063	79
2010-09	15	contributed/v2.0/gnssro_cosmic1_jpl_l1b/2010/09/15/gnssro_cosmic1_jpl_l1b_v2.6_cosmic1c1-G13-201009150330.nc4	581792	2c96d7d4846cffc29da052580a5a1048	1063	132
2010-09	15	contributed/v2.0/gnssro_cosmic1_jpl_l1b/2010/09/15/gnssro_cosmic1_jpl_l1b_v2.6_cosmic1c1-G18-201009152011.nc4	617792	b14dc683b84e6a6178c6ab647dc3050c	1063	186
2010-09	15	contributed/v2.0/gnssro_cosmic1_jpl_l1b/2010/09/15/gnssro_cosmic1_jpl_l1b_v2.6_cosmic1c1-G23-201009150840.nc4	599792	51eb8d1f922fbd24f3207a40424c5845	1063	239
2010-09	15	contributed/v2.0/gnssro_cosmic1_jpl_l1b/2010/09/15/gnssro_cosmic1_jpl_l1b_v2.6_cosmic1c1-G28-201009150815.nc4	755792	254cd70dca9a1a6ef4f46add83b61036	1063	292
2010-09	15	contributed/v2.0/gnssro_cosmic1_jpl_l1b/2010/09/15/gnssro_cosmic1_jpl_l1b_v2.6_cosmic1c1-G32-201009150822.nc4	653792	8be02b06a4a02caf805e78235e87a483	1063	345
2010-09	15	contributed/v2.0/gnssro_cosmic1_jpl_l1b/2010/09/15/gnssro_cosmic1_jpl_l1b_v2.6_cosmic1c2-G05-201009151336.nc4	893792	f29a8ceb0f407bb0c5e359b350dcdea8	1063	398
2010-09	15	contributed/v2.0/gnssro_cosmic1_jpl_l1b/2010/09/15/gnssro_cosmic1_jpl_l1b_v2.6_cosmic1c2-G09-201009151431.nc4	821792	5f800c9ac804683b5374c97a69a3819a	1063	451
2010-09	15	contributed/v2.0/gnssro_cosmic1_jpl_l1b/2010/09/15/gnssro_cosmic1_jpl_l1b_v2.6_cosmic1c2-G14-201009151342.nc4	617792	789771871226e1f0f526cea896af5de9	1063	504
2010-09	15	contributed/v2.0/gnssro_cosmic1_jpl_l1b/2010/09/15/gnssro_cosmic1_jpl_l1b_v2.6_cosmic1c2-G20-201009152209.nc4	701792	458dd930268916a42906561fd37e24ca	1063	558
2010-09	15	contributed/v2.0/gnssro_cosmic1_jpl_l1b/2010/09/15/gnssro_cosmic1_jpl_l1b_v2.6_cosmic1c2-G24-201009152233.nc4	653792	8048715fc7c6ee243dfeba0fa707fb9d	1063	611
2010-09	15	contributed/v2.0/gnssro_cosmic1_jpl_l1b/2010/09/15/gnssro_cosmic1_jpl_l1b_v2.6_cosmic1c2-G30-201009151917.nc4	623792	917cc5ae54cea334e8fe0a134ac8a6e2	1063	664
2010-09	15	contributed/v2.0/gnssro_cosmic1_jpl_l1b/2010/09/15/gnssro_cosmic1_jpl_l1b_v2.6_cosmic1c5-G11-201009150622.nc4	785792	64954d5bac1a57e115217b93264366b6	1063	717
2010-09	15	contributed/v2.0/gnssro_cosmic1_jpl_l1b/2010/09/15/gnssro_cosmic1_jpl_l1b_v2.6_cosmic1c5-G23-201009152339.nc4	761792	c3a5e745a46df619d214e757b184de07	1063	770
2010-09	15	contributed/v2.0/gnssro_cosmic1_jpl_l1b/2010/09/15/gnssro_cosmic1_jpl_l1b_v2.6_cosmic1c6-G05-201009150238.nc4	671792	9bb373ef452d8a4ddb01dd215b1d575b	1063	823
2010-09	15	contributed/v2.0/gnssro_cosmic1_jpl_l1b/2010/09/15/gnssro_cosmic1_jpl_l1b_v2.6_cosmic1c6-G11-201009150526.nc4	665792	c0a61372d5a9c6a84e1ac25fcaf42297	1063	876
2010-09	15	contributed/v2.0/gnssro_cosmic1_jpl_l1b/2010/09/15/gnssro_cosmic1_jpl_l1b_v2.6_cosmic1c6-G16-201009152141.nc4	671792	51d68753f6004aeae00f3fa976a542d9	1063	930
2010-09	15	contributed/v2.0/gnssro_cosmic1_jpl_l1b/2010/09/15/gnssro_cosmic1_jpl_l1b_v2.6_cosmic1c6-G24-201009150149.nc4	707792	afddaa6620edbd8419ae39d0efa5a55f	1063	983
2010-09	15	contributed/v2.0/gnssro_cosmic1_jpl_l1b/2010/09/15/gnssro_cosmic1_jpl_l1b_v2.6_cosmic1c6-G30-201009150451.nc4	761792	a40133e37b7f346b3c14036936437c63	1063	1036
2010-10	15	contributed/v2.0/gnssro_cosmic1_jpl_l1b/2010/10/15/gnssro_cosmic1_jpl_l1b_v2.6_cosmic1c1-G03-201010151910.nc4	659792	e49ac6c1701fbe37c8c6b11049f46bbe	1082	27
2010-10	15	contributed/v2.0/gnssro_cosmic1_jpl_l1b/2010/10/15/gnssro_cosmic1_jpl_l1b_v2.6_cosmic1c1-G09-201010150029.nc4	743792	63e4cb7877440f73413e8caaae5be5d7	1082	81
2010-10	15	contributed/v2.0/gnssro_cosmic1_jpl_l1b/2010/10/15/gnssro_cosmic1_jpl_l1b_v2.6_cosmic1c1-G14-201010150609.nc4	755792	3922e1fcf3bcb716764f8351004fc001	1082	135
2010-10	15	contributed/v2.0/gnssro_cosmic1_jpl_l1b/2010/10/15/gnssro_cosmic1_jpl_l1b_v2.6_cosmic1c1-G19-201010152051.nc4	629792	94f135faa74516628048a35168abf885	1082	189
2010-10	15	contributed/v2.0/gnssro_cosmic1_jpl_l1b/2010/10/15/gnssro_cosmic1_jpl_l1b_v2.6_cosmic1c1-G25-201010150954.nc4	677792	353c7a0cdf54a18ab3f8d3e3d45af7f6	1082	243
2010-10	15	contributed/v2.0/gnssro_cosmic1_jpl_l1b/2010/10/15/gnssro_cosmic1_jpl_l1b_v2.6_cosmic1c1-G30-201010151544.nc4	707672	a38bb7dc6fe6cf2892a342a08e567fb6	1082	297
2010-10	15	contributed/v2.0/gnssro_cosmic1_jpl_l1b/2010/10/15/gnssro_cosmic1_jpl_l1b_v2.6_cosmic1c2-G05-201010150656.nc4	623792	0daf56035505ee5862b508e1bc3c5b29	1082	351
2010-10	15	contributed/v2.0/gnssro_cosmic1_jpl_l1b/2010/10/15/gnssro_cosmic1_jpl_l1b_v2.6_cosmic1c2-G14-201010151255.nc4	845792	965ff09a80c1f59b965595838e0625ca	1082	405
2010-10	15	contributed/v2.0/gnssro_cosmic1_jpl_l1b/2010/10/15/gnssro_cosmic1_jpl_l1b_v2.6_cosmic1c2-G21-201010150643.nc4	851792	7e8d2a88076b356451313defc39814a7	1082	459
2010-10	15	contributed/v2.0/gnssro_cosmic1_jpl_l1b/2010/10/15/gnssro_cosmic1_jpl_l1b_v2.6_cosmic1c2-G27-201010151410.nc4	653792	91968c9ca7f232b9c4cefa04e783c28d	1082	513
2010-10	15	contributed/v2.0/gnssro_cosmic1_jpl_l1b/2010/10/15/gnssro_cosmic1_jpl_l1b_v2.6_cosmic1c4-G03-201010150319.nc4	653792	2c920896cc7e134dd5aaac88352a3ab9	1082	568
2010-10	15	contributed/v2.0/gnssro_cosmic1_jpl_l1b/2010/10/15/gnssro_cosmic1_jpl_l1b_v2.6_cosmic1c4-G07-201010151405.nc4	677792	99489c16d264f8ac2a7fa7ad6b290a6e	1082	622
2010-10	15	contributed/v2.0/gnssro_cosmic1_jpl_l1b/2010/10/15/gnssro_cosmic1_jpl_l1b_v2.6_cosmic1c4-G12-201010151953.nc4	665792	02a787b41c6e26ecd7f82b51da66cc98	1082	676
2010-10	15	contributed/v2.0/gnssro_cosmic1_jpl_l1b/2010/10/15/gnssro_cosmic1_jpl_l1b_v2.6_cosmic1c4-G17-201010150148.nc4	785792	d4f8a04e4738082620e67b6f292f9595	1082	730
2010-10	15	contributed/v2.0/gnssro_cosmic1_jpl_l1b/2010/10/15/gnssro_cosmic1_jpl_l1b_v2.6_cosmic1c4-G20-201010151625.nc4	671792	7d127c6e8c94085b7fb303ff46f696fe	1082	784
2010-10	15	contributed/v2.0/gnssro_cosmic1_jpl_l1b/2010/10/15/gnssro_cosmic1_jpl_l1b_v2.6_cosmic1c4-G24-201010151152.nc4	851792	d8e95726865263eb5dea5acb60d53de0	1082	838
2010-10	15	contributed/v2.0/gnssro_cosmic1_jpl_l1b/2010/10/15/gnssro_cosmic1_jpl_l1b_v2.6_cosmic1c4-G28-201010151742.nc4	719792	a27e40097c0c89dcd410a823b7b6eb0c	1082	892
2010-10	15	contributed/v2.0/gnssro_cosmic1_jpl_l1b/2010/10/15/gnssro_cosmic1_jpl_l1b_v2.6_cosmic1c4-G32-201010150607.nc4	659792	cdd34ed1141aa38be107fd7ce6b47f77	1082	946
2010-10	15	contributed/v2.0/gnssro_cosmic1_jpl_l1b/2010/10/15/gnssro_cosmic1_jpl_l1b_v2.6_cosmic1c6-G13-201010151129.nc4	851792	f5bb63efb4fe91fa128e716d6fc8b0c9	1082	1000
2010-10	15	contributed/v2.0/gnssro_cosmic1_jpl_l1b/2010/10/15/gnssro_cosmic1_jpl_l1b_v2.6_cosmic1c6-G25-201010151152.nc4	887792	4f2cb0a07574a5ff9f7f38b872459bab	1082	1054
2010-11	15	contributed/v2.0/gnssro_cosmic1_jpl_l1b/2010/11/15/gnssro_cosmic1_jpl_l1b_v2.6_cosmic1c1-G05-201011151640.nc4	659792	d98caa7476145171b37153f553719aa7	577	14
2010-11	15	contributed/v2.0/gnssro_cosmic1_jpl_l1b/2010/11/15/gnssro_cosmic1_jpl_l1b_v2.6_cosmic1c1-G12-201011152206.nc4	719792	a26aedd7fea9a65f375b109f818717c8	577	43
2010-11	15	contributed/v2.0/gnssro_cosmic1_jpl_l1b/2010/11/15/gnssro_cosmic1_jpl_l1b_v2.6_cosmic1c1-G17-201011152112.nc4	491792	57999f6324f1f656741bae5cf9627c36	577	72
2010-11	15	contributed/v2.0/gnssro_cosmic1_jpl_l1b/2010/11/15/gnssro_cosmic1_jpl_l1b_v2.6_cosmic1c1-G24-201011151727.nc4	605792	5551d8b8f1591205872cb34481e08d14	577	100
2010-11	15	contributed/v2.0/gnssro_cosmic1_jpl_l1b/2010/11/15/gnssro_cosmic1_jpl_l1b_v2.6_cosmic1c1-G31-201011152324.nc4	1157792	9c171ca660608975c9643e38abc65c12	577	129
2010-11	15	contributed/v2.0/gnssro_cosmic1_jpl_l1b/2010/11/15/gnssro_cosmic1_jpl_l1b_v2.6_cosmic1c2-G05-201011150233.nc4	593792	ab283321170a2b4dbd61acc811476165	577	158
2010-11	15	contributed/v2.0/gnssro_cosmic1_jpl_l1b/2010/11/15/gnssro_cosmic1_jpl_l1b_v2.6_cosmic1c2-G07-201011151305.nc4	737672	650542ecf9c014e8a9e036612ea91de0	577	187
2010-11	15	contributed/v2.0/gnssro_cosmic1_jpl_l1b/2010/11/15/gnssro_cosmic1_jpl_l1b_v2.6_cosmic1c2-G10-201011151242.nc4	593792	6b71e0c4cdec6958590d0cf4ff304357	577	216
2010-11	15	contributed/v2.0/gnssro_cosmic1_jpl_l1b/2010/11/15/gnssro_cosmic1_jpl_l1b_v2.6_cosmic1c2-G13-201011151707.nc4	623792	3526e5b6546c56f511e9a06e4b7498bc	577	245
2010-11	15	contributed/v2.0/gnssro_cosmic1_jpl_l1b/2010/11/15/gnssro_cosmic1_jpl_l1b_v2.6_cosmic1c2-G16-201011151028.nc4	689792	d0bccf9bd7d675483cde9ca7b3e46433	577	274
2010-11	15	contributed/v2.0/gnssro_cosmic1_jpl_l1b/2010/11/15/gnssro_cosmic1_jpl_l1b_v2.6_cosmic1c2-G19-201011150407.nc4	911792	aeb17df9a3d56b97c436703b9e6c3fee	577	302
2010-11	15	contributed/v2.0/gnssro_cosmic1_jpl_l1b/2010/11/15/gnssro_cosmic1_jpl_l1b_v2.6_cosmic1c2-G22-201011150005.nc4	605792	314fd6fe15c7eabd816b1f78dfee46a1	577	331
2010-11	15	contributed/v2.0/gnssro_cosmic1_jpl_l1b/2010/11/15/gnssro_cosmic1_jpl_l1b_v2.6_cosmic1c2-G23-201011152121.nc4	581792	8c7361a6df3c797b935b6a10a4f92e4e	577	360
2010-11	15	contributed/v2.0/gnssro_cosmic1_jpl_l1b/2010/11/15/gnssro_cosmic1_jpl_l1b_v2.6_cosmic1c2-G26-201011150328.nc4	605792	8ab63a71032db58ba41e82c6456725ae	577	389
2010-11	15	contributed/v2.0/gnssro_cosmic1_jpl_l1b/2010/11/15/gnssro_cosmic1_jpl_l1b_v2.6_cosmic1c2-G29-201011150010.nc4	953792	0e1d47817365e6180cf543d56e888edf	577	418
2010-11	15	contributed/v2.0/gnssro_cosmic1_jpl_l1b/2010/11/15/gnssro_cosmic1_jpl_l1b_v2.6_cosmic1c2-G32-201011150919.nc4	593792	1b3ff3dc1ff22e209ac45c64c020222a	577	447
2010-11	15	contributed/v2.0/gnssro_cosmic1_jpl_l1b/2010/11/15/gnssro_cosmic1_jpl_l1b_v2.6_cosmic1c6-G08-201011150458.nc4	707792	bc0103e6d52b38c8f57033b66a121ebf	577	476
2010-11	15	contributed/v2.0/gnssro_cosmic1_jpl_l1b/2010/11/15/gnssro_cosmic1_jpl_l1b_v2.6_cosmic1c6-G16-201011151515.nc4	785792	454826788d2f53332feda8caa31e246d	577	504
2010-11	15	contributed/v2.0/gnssro_cosmic1_jpl_l1b/2010/11/15/gnssro_cosmic1_jpl_l1b_v2.6_cosmic1c6-G22-201011151558.nc4	587792	39064f7fd326e1ee67162a1b2b4e7f4f	577	533
2010-11	15	contributed/v2.0/gnssro_cosmic1_jpl_l1b/2010/11/15/gnssro_cosmic1_jpl_l1b_v2.6_cosmic1c6-G28-201011152223.nc4	683792	a271bd370d1a9cd18cd114117a68bb6c	577	562
2010-12	15	contributed/v2.0/gnssro_cosmic1_jpl_l1b/2010/12/15/gnssro_cosmic1_jpl_l1b_v2.6_cosmic1c1-G04-201012151730.nc4	665792	b86a1d264f2b358f510422d555111eaa	1007	25
2010-12	15	contributed/v2.0/gnssro_cosmic1_jpl_l1b/2010/12/15/gnssro_cosmic1_jpl_l1b_v2.6_cosmic1c1-G09-201012152021.nc4	755792	3030e5f56249b7cba5c99ea6e70e263e	1007	75
2010-12	15	contributed/v2.0/gnssro_cosmic1_jpl_l1b/2010/12/15/gnssro_cosmic1_jpl_l1b_v2.6_cosmic1c1-G13-201012152014.nc4	647792	f11a5cb947ad21862ebcfe5b3686a07f	1007	125
2010-12	15	contributed/v2.0/gnssro_cosmic1_jpl_l1b/2010/12/15/gnssro_cosmic1_jpl_l1b_v2.6_cosmic1c1-G18-201012150848.nc4	677792	8f20ca544f120be94ef7a5bfef4469c1	1007	176
2010-12	15	contributed/v2.0/gnssro_cosmic1_jpl_l1b/2010/12/15/gnssro_cosmic1_jpl_l1b_v2.6_cosmic1c1-G23-201012150157.nc4	761792	2cd9badcd4659f4910429bc281348b86	1007	226
2010-12	15	contributed/v2.0/gnssro_cosmic1_jpl_l1b/2010/12/15/gnssro_cosmic1_jpl_l1b_v2.6_cosmic1c1-G27-201012150654.nc4	581792	dc3c8fa6078f0078c6c1d9b4c904cb71	1007	276
2010-12	15	contributed/v2.0/gnssro_cosmic1_jpl_l1b/2010/12/15/gnssro_cosmic1_jpl_l1b_v2.6_cosmic1c1-G30-201012151527.nc4	557792	8e647777e9e7047ceaeaeea653f20b93	1007	327
2010-12	15	contributed/v2.0/gnssro_cosmic1_jpl_l1b/2010/12/15/gnssro_cosmic1_jpl_l1b_v2.6_cosmic1c2-G04-201012150148.nc4	611792	553282b3011dcef67bff6fca9c925acd	1007	377
2010-12	15	contributed/v2.0/gnssro_cosmic1_jpl_l1b/2010/12/15/gnssro_cosmic1_jpl_l1b_v2.6_cosmic1c2-G08-201012151131.nc4	773792	7137b4754084aa9c70da88f7c977ef34	1007	427
2010-12	15	contributed/v2.0/gnssro_cosmic1_jpl_l1b/2010/12/15/gnssro_cosmic1_jpl_l1b_v2.6_cosmic1c2-G12-201012150453.nc4	707792	b2cd941776b93106db29d43fc251a197	1007	478
2010-12	15	contributed/v2.0/gnssro_cosmic1_jpl_l1b/2010/12/15/gnssro_cosmic1_jpl_l1b_v2.6_cosmic1c2-G18-201012150243.nc4	683792	287a2f795b5084afc510ed3784d39f93	1007	528
2010-12	15	contributed/v2.0/gnssro_cosmic1_jpl_l1b/2010/12/15/gnssro_cosmic1_jpl_l1b_v2.6_cosmic1c2-G22-201012152026.nc4	599792	9108f7d85119f9b6532df493f3d93928	1007	579
2010-12	15	contributed/v2.0/gnssro_cosmic1_jpl_l1b/2010/12/15/gnssro_cosmic1_jpl_l1b_v2.6_cosmic1c2-G26-201012152304.nc4	653792	59ffc40a503214d77fd2a490b6900167	1007	629
2010-12	15	contributed/v2.0/gnssro_cosmic1_jpl_l1b/2010/12/15/gnssro_cosmic1_jpl_l1b_v2.6_cosmic1c2-G31-201012150234.nc4	737792	a9356c0d77f324c20d3c624195c89ad5	1007	679
2010-12	15	contributed/v2.0/gnssro_cosmic1_jpl_l1b/2010/12/15/gnssro_cosmic1_jpl_l1b_v2.6_cosmic1c4-G08-201012150242.nc4	971792	82af2bc06955e817b8d9816b94878e81	1007	730
2010-12	15	contributed/v2.0/gnssro_cosmic1_jpl_l1b/2010/12/15/gnssro_cosmic1_jpl_l1b_v2.6_cosmic1c4-G18-201012150600.nc4	623792	c1c1d743f567fbe04e7dc155c6885091	1007	780
2010-12	15	contributed/v2.0/gnssro_cosmic1_jpl_l1b/2010/12/15/gnssro_cosmic1_jpl_l1b_v2.6_cosmic1c4-G28-201012151806.nc4	587792	934b0f7a8262b4daafe9de8d6b8c9501	1007	830
2010-12	15	contributed/v2.0/gnssro_cosmic1_jpl_l1b/2010/12/15/gnssro_cosmic1_jpl_l1b_v2.6_cosmic1c6-G09-201012150007.nc4	773792	c4eb72548c823e897ddd96173bf9300a	1007	881
2010-12	15	contributed/v2.0/gnssro_cosmic1_jpl_l1b/2010/12/15/gnssro_cosmic1_jpl_l1b_v2.6_cosmic1c6-G17-201012151056.nc4	695792	444f481c0afc444d898224bdc720123e	1007	931
2010-12	15	contributed/v2.0/gnssro_cosmic1_jpl_l1b/2010/12/15/gnssro_cosmic1_jpl_l1b_v2.6_cosmic1c6-G28-201012150030.nc4	653792	7e0996d319c3763191ebe08a5ba17abf	1007	981
2011-01	15	contributed/v2.0/gnssro_cosmic1_jpl_l1b/2011/01/15/gnssro_cosmic1_jpl_l1b_v2.6_cosmic1c1-G03-201101150141.nc4	695792	4ab7e43af044da79a734238ce0cbb358	648	16
2011-01	15	contributed/v2.0/gnssro_cosmic1_jpl_l1b/2011/01/15/gnssro_cosmic1_jpl_l1b_v2.6_cosmic1c1-G05-201101151309.nc4	683792	2858ebfc832d9f7401e9eb10030d5ff1	648	48
2011-01	15	contributed/v2.0/gnssro_cosmic1_jpl_l1b/2011/01/15/gnssro_cosmic1_jpl_l1b_v2.6_cosmic1c1-G08-201101151314.nc4	689792	99b2046ecf793b5514a424dbe475a569	648	81
2011-01	15	contributed/v2.0/gnssro_cosmic1_jpl_l1b/2011/01/15/gnssro_cosmic1_jpl_l1b_v2.6_cosmic1c1-G10-201101151126.nc4	665792	289c71cde5fcff4305a399598fb054cb	648	113
2011-01	15	contributed/v2.0/gnssro_cosmic1_jpl_l1b/2011/01/15/gnssro_cosmic1_jpl_l1b_v2.6_cosmic1c1-G13-201101150355.nc4	617792	0145f9ffc0a214f864b75aa992afa8a5	648	145
2011-01	15	contributed/v2.0/gnssro_cosmic1_jpl_l1b/2011/01/15/gnssro_cosmic1_jpl_l1b_v2.6_cosmic1c1-G16-201101150238.nc4	689792	044a333cfeacb6518ef2de6beedb79c2	648	178
2011-01	15	contributed/v2.0/gnssro_cosmic1_jpl_l1b/2011/01/15/gnssro_cosmic1_jpl_l1b_v2.6_cosmic1c1-G20-201101150208.nc4	707792	9b23b88611a7073b5495a9c1f418134c	648	210
2011-01	15	contributed/v2.0/gnssro_cosmic1_jpl_l1b/2011/01/15/gnssro_cosmic1_jpl_l1b_v2.6_cosmic1c1-G22-201101151713.nc4	653792	2f58454cca5943c8dcc66043a2894f6f	648	243
2011-01	15	contributed/v2.0/gnssro_cosmic1_jpl_l1b/2011/01/15/gnssro_cosmic1_jpl_l1b_v2.6_cosmic1c1-G25-201101150413.nc4	479792	a2828e78eccb8d2bb01ff821e1d1e18d	648	275
2011-01	15	contributed/v2.0/gnssro_cosmic1_jpl_l1b/2011/01/15/gnssro_cosmic1_jpl_l1b_v2.6_cosmic1c1-G27-201101152351.nc4	845792	bae0eb27da64a117de0bb9a4dfcd42f0	648	307
2011-01	15	contributed/v2.0/gnssro_cosmic1_jpl_l1b/2011/01/15/gnssro_cosmic1_jpl_l1b_v2.6_cosmic1c1-G30-201101151839.nc4	605792	4427a3abe50c9ed21e1f754a0dbf8b94	648	340
2011-01	15	contributed/v2.0/gnssro_cosmic1_jpl_l1b/2011/01/15/gnssro_cosmic1_jpl_l1b_v2.6_cosmic1c1-G32-201101152146.nc4	1151792	2a131e8a68c4718002c61c3406debe89	648	372
2011-01	15	contributed/v2.0/gnssro_cosmic1_jpl_l1b/2011/01/15/gnssro_cosmic1_jpl_l1b_v2.6_cosmic1c4-G09-201101150551.nc4	677792	1f846193c7b57ee5bf357233e5f92029	648	405
2011-01	15	contributed/v2.0/gnssro_cosmic1_jpl_l1b/2011/01/15/gnssro_cosmic1_jpl_l1b_v2.6_cosmic1c4-G16-201101150926.nc4	491672	ff3d5281226239f4a60be41f95e6d7ac	648	437
2011-01	15	contributed/v2.0/gnssro_cosmic1_jpl_l1b/2011/01/15/gnssro_cosmic1_jpl_l1b_v2.6_cosmic1c4-G22-201101151930.nc4	725792	d644bb4e6485dcf079afd3706c49f3f2	648	469
2011-01	15	contributed/v2.0/gnssro_cosmic1_jpl_l1b/2011/01/15/gnssro_cosmic1_jpl_l1b_v2.6_cosmic1c4-G30-201101150236.nc4	551792	8a78ce04acb144b58efada4476f2712d	648	502
2011-01	15	contributed/v2.0/gnssro_cosmic1_jpl_l1b/2011/01/15/gnssro_cosmic1_jpl_l1b_v2.6_cosmic1c5-G06-201101150812.nc4	731792	969371b00a276c3b1d2ec8b94ab68e13	648	534
2011-01	15	contributed/v2.0/gnssro_cosmic1_jpl_l1b/2011/01/15/gnssro_cosmic1_jpl_l1b_v2.6_cosmic1c5-G14-201101150120.nc4	701792	0765bcb11435fe59da22d50ee15e017c	648	567
2011-01	15	contributed/v2.0/gnssro_cosmic1_jpl_l1b/2011/01/15/gnssro_cosmic1_jpl_l1b_v2.6_cosmic1c5-G24-201101150930.nc4	653792	6cbf12d3c9ff156c7027366283288f7b	648	599
2011-01	15	contributed/v2.0/gnssro_cosmic1_jpl_l1b/2011/01/15/gnssro_cosmic1_jpl_l1b_v2.6_cosmic1c5-G31-201101151751.nc4	743792	b4b247b633a1d3182d781a35b5e2f746	648	631
2011-02	15	contributed/v2.0/gnssro_cosmic1_jpl_l1b/2011/02/15/gnssro_cosmic1_jpl_l1b_v2.6_cosmic1c1-G05-201102151652.nc4	851792	53f94a8bcd0a96631ef8d750aa48fa65	1017	25
2011-02	15	contributed/v2.0/gnssro_cosmic1_jpl_l1b/2011/02/15/gnssro_cosmic1_jpl_l1b_v2.6_cosmic1c1-G13-201102151759.nc4	587792	7cb507c0d162f5f3ed49b590df63a8d3	1017	76
2011-02	15	contributed/v2.0/gnssro_cosmic1_jpl_l1b/2011/02/15/gnssro_cosmic1_jpl_l1b_v2.6_cosmic1c1-G19-201102151419.nc4	743792	1d6b05c65c510f07f955009320777c7b	1017	127
2011-02	15	contributed/v2.0/gnssro_cosmic1_jpl_l1b/2011/02/15/gnssro_cosmic1_jpl_l1b_v2.6_cosmic1c1-G26-201102151735.nc4	707792	44e1c04ed3954ed3b5f757ac7f5292cc	1017	177
2011-02	15	contributed/v2.0/gnssro_cosmic1_jpl_l1b/2011/02/15/gnssro_cosmic1_jpl_l1b_v2.6_cosmic1c2-G05-201102150333.nc4	707792	25ea680b9720c3d26c81fab95223c82f	1017	228
2011-02	15	contributed/v2.0/gnssro_cosmic1_jpl_l1b/2011/02/15/gnssro_cosmic1_jpl_l1b_v2.6_cosmic1c2-G14-201102150440.nc4	743792	b03759e084bf103f3d18cb5dbff9ac35	1017	279
2011-02	15	contributed/v2.0/gnssro_cosmic1_jpl_l1b/2011/02/15/gnssro_cosmic1_jpl_l1b_v2.6_cosmic1c2-G23-201102151353.nc4	719792	6097f1f5f2a14689bede1db3a7fac43e	1017	330
2011-02	15	contributed/v2.0/gnssro_cosmic1_jpl_l1b/2011/02/15/gnssro_cosmic1_jpl_l1b_v2.6_cosmic1c2-G32-201102151212.nc4	779792	5c3664409af385dcd95497de09bcaa67	1017	381
2011-02	15	contributed/v2.0/gnssro_cosmic1_jpl_l1b/2011/02/15/gnssro_cosmic1_jpl_l1b_v2.6_cosmic1c4-G05-201102151807.nc4	827792	e9205bd95de2626f5b63b109a3a063b0	1017	432
2011-02	15	contributed/v2.0/gnssro_cosmic1_jpl_l1b/2011/02/15/gnssro_cosmic1_jpl_l1b_v2.6_cosmic1c4-G09-201102150113.nc4	509792	bda2eb0fa3d725ef0988e74bf2149958	1017	483
2011-02	15	contributed/v2.0/gnssro_cosmic1_jpl_l1b/2011/02/15/gnssro_cosmic1_jpl_l1b_v2.6_cosmic1c4-G12-201102151234.nc4	605792	b4a559780a96c44963d650a96b3c2273	1017	533
2011-02	15	contributed/v2.0/gnssro_cosmic1_jpl_l1b/2011/02/15/gnssro_cosmic1_jpl_l1b_v2.6_cosmic1c4-G16-201102152329.nc4	617792	9de865eb77389ef3176c8e7d532bf185	1017	584
2011-02	15	contributed/v2.0/gnssro_cosmic1_jpl_l1b/2011/02/15/gnssro_cosmic1_jpl_l1b_v2.6_cosmic1c4-G22-201102150153.nc4	695792	c6c450e7ca5896b40fe019c21899cfec	1017	635
2011-02	15	contributed/v2.0/gnssro_cosmic1_jpl_l1b/2011/02/15/gnssro_cosmic1_jpl_l1b_v2.6_cosmic1c4-G25-201102151551.nc4	827792	8ffdb56b57fc1008881f680f59fae328	1017	686
2011-02	15	contributed/v2.0/gnssro_cosmic1_jpl_l1b/2011/02/15/gnssro_cosmic1_jpl_l1b_v2.6_cosmic1c4-G29-201102151604.nc4	839792	78883ca338bcb34a29570ee5ea94201d	1017	737
2011-02	15	contributed/v2.0/gnssro_cosmic1_jpl_l1b/2011/02/15/gnssro_cosmic1_jpl_l1b_v2.6_cosmic1c5-G04-201102150735.nc4	653792	33ec6e429c9055d429e625815f9ba765	1017	788
2011-02	15	contributed/v2.0/gnssro_cosmic1_jpl_l1b/2011/02/15/gnssro_cosmic1_jpl_l1b_v2.6_cosmic1c5-G17-201102151449.nc4	779792	eb9d6968e36958cdd957ec6d948ef147	1017	839
2011-02	15	contributed/v2.0/gnssro_cosmic1_jpl_l1b/2011/02/15/gnssro_cosmic1_jpl_l1b_v2.6_cosmic1c6-G02-201102151128.nc4	761792	5175cd803b3aa00913df072339df99ef	1017	889
2011-02	15	contributed/v2.0/gnssro_cosmic1_jpl_l1b/2011/02/15/gnssro_cosmic1_jpl_l1b_v2.6_cosmic1c6-G14-201102150429.nc4	593792	9259e778940eee348a41e002c6683ee6	1017	940
2011-02	15	contributed/v2.0/gnssro_cosmic1_jpl_l1b/2011/02/15/gnssro_cosmic1_jpl_l1b_v2.6_cosmic1c6-G26-201102150701.nc4	653792	8f399d40a4f3d1deea0dfe3c23ed8508	1017	991
2011-03	15	contributed/v2.0/gnssro_cosmic1_jpl_l1b/2011/03/15/gnssro_cosmic1_jpl_l1b_v2.6_cosmic1c1-G05-201103150522.nc4	575792	e40c35f029970a26342b0f1481e6aa6a	1630	40
2011-03	15	contributed/v2.0/gnssro_cosmic1_jpl_l1b/2011/03/15/gnssro_cosmic1_jpl_l1b_v2.6_cosmic1c1-G11-201103150641.nc4	635792	09480dd6dae25e4e364817c544df6bf0	1630	122
2011-03	15	contributed/v2.0/gnssro_cosmic1_jpl_l1b/2011/03/15/gnssro_cosmic1_jpl_l1b_v2.6_cosmic1c1-G16-201103152002.nc4	725792	4706d12c05547de2d4e2fca14f76697d	1630	203
2011-03	15	contributed/v2.0/gnssro_cosmic1_jpl_l1b/2011/03/15/gnssro_cosmic1_jpl_l1b_v2.6_cosmic1c1-G22-201103152037.nc4	647792	0c2c321a874a66ff30132b5130abf540	1630	285
2011-03	15	contributed/v2.0/gnssro_cosmic1_jpl_l1b/2011/03/15/gnssro_cosmic1_jpl_l1b_v2.6_cosmic1c1-G29-201103150138.nc4	671792	2c1d6b4a650ce9398af3592153c1ec61	1630	366
2011-03	15	contributed/v2.0/gnssro_cosmic1_jpl_l1b/2011/03/15/gnssro_cosmic1_jpl_l1b_v2.6_cosmic1c2-G04-201103150130.nc4	713792	2a5549b40b66e2157b8570bc4d513ede	1630	448
2011-03	15	contributed/v2.0/gnssro_cosmic1_jpl_l1b/2011/03/15/gnssro_cosmic1_jpl_l1b_v2.6_cosmic1c2-G11-201103150400.nc4	785792	77046238053f4bdd3ea8525b02fe31b4	1630	529
2011-03	15	contributed/v2.0/gnssro_cosmic1_jpl_l1b/2011/03/15/gnssro_cosmic1_jpl_l1b_v2.6_cosmic1c2-G20-201103150539.nc4	743792	bcb6c2cb18e1e073e10d1f96b1e1b42c	1630	611
2011-03	15	contributed/v2.0/gnssro_cosmic1_jpl_l1b/2011/03/15/gnssro_cosmic1_jpl_l1b_v2.6_cosmic1c2-G27-201103151815.nc4	713792	6ed559d26c93d5df9a3952d4b765b732	1630	692
2011-03	15	contributed/v2.0/gnssro_cosmic1_jpl_l1b/2011/03/15/gnssro_cosmic1_jpl_l1b_v2.6_cosmic1c4-G08-201103151826.nc4	659792	3717310de957c80598568b196f125443	1630	774
2011-03	15	contributed/v2.0/gnssro_cosmic1_jpl_l1b/2011/03/15/gnssro_cosmic1_jpl_l1b_v2.6_cosmic1c4-G26-201103151658.nc4	797792	dbb14a151679b4a943fe219a9b9e74b2	1630	855
2011-03	15	contributed/v2.0/gnssro_cosmic1_jpl_l1b/2011/03/15/gnssro_cosmic1_jpl_l1b_v2.6_cosmic1c5-G05-201103150534.nc4	737792	007b51b6d0deca75886496feff268bb6	1630	937
2011-03	15	contributed/v2.0/gnssro_cosmic1_jpl_l1b/2011/03/15/gnssro_cosmic1_jpl_l1b_v2.6_cosmic1c5-G12-201103151525.nc4	869792	4796bc468025e3e83645608e9d227fa0	1630	1018
2011-03	15	contributed/v2.0/gnssro_cosmic1_jpl_l1b/2011/03/15/gnssro_cosmic1_jpl_l1b_v2.6_cosmic1c5-G18-201103151647.nc4	755792	7457a7f8403e3948453f91172c812cc6	1630	1100
2011-03	15	contributed/v2.0/gnssro_cosmic1_jpl_l1b/2011/03/15/gnssro_cosmic1_jpl_l1b_v2.6_cosmic1c5-G24-201103151329.nc4	701792	09dcb70f5b4c4039fa56ef0d65da219e	1630	1181
2011-03	15	contributed/v2.0/gnssro_cosmic1_jpl_l1b/2011/03/15/gnssro_cosmic1_jpl_l1b_v2.6_cosmic1c5-G30-201103152014.nc4	671792	d6c3c1c9ce292bf78a878c9300ee5373	1630	1263
2011-03	15	contributed/v2.0/gnssro_cosmic1_jpl_l1b/2011/03/15/gnssro_cosmic1_jpl_l1b_v2.6_cosmic1c6-G06-201103151514.nc4	719792	ce00def3e1e282149469b7b77f19db05	1630	1344
2011-03	15	contributed/v2.0/gnssro_cosmic1_jpl_l1b/2011/03/15/gnssro_cosmic1_jpl_l1b_v2.6_cosmic1c6-G13-201103151217.nc4	629792	872443fcf5ee49da8e6dfeb692e15bd9	1630	1426
2011-03	15	contributed/v2.0/gnssro_cosmic1_jpl_l1b/2011/03/15/gnssro_cosmic1_jpl_l1b_v2.6_cosmic1c6-G21-201103151026.nc4	641792	22ac128816e7ca30c96b4703ea9d214c	1630	1507
2011-03	15	contributed/v2.0/gnssro_cosmic1_jpl_l1b/2011/03/15/gnssro_cosmic1_jpl_l1b_v2.6_cosmic1c6-G28-201103152329.nc4	905792	d15e9e51271e4e7d0dd8dd37ae9531c4	1630	1589
2011-04	15	contributed/v2.0/gnssro_cosmic1_jpl_l1b/2011/04/15/gnssro_cosmic1_jpl_l1b_v2.6_cosmic1c1-G09-201104151549.nc4	671792	7e84c23350aabc1c80e8473e02940daf	1022	25
2011-04	15	contributed/v2.0/gnssro_cosmic1_jpl_l1b/2011/04/15/gnssro_cosmic1_jpl_l1b_v2.6_cosmic1c1-G27-201104150014.nc4	689792	c29545f2c6dae2ed91eec384d3adfbda	1022	76
2011-04	15	contributed/v2.0/gnssro_cosmic1_jpl_l1b/2011/04/15/gnssro_cosmic1_jpl_l1b_v2.6_cosmic1c2-G07-201104150708.nc4	791792	50438d97b6c265b946be80db2614feb7	1022	127
2011-04	15	contributed/v2.0/gnssro_cosmic1_jpl_l1b/2011/04/15/gnssro_cosmic1_jpl_l1b_v2.6_cosmic1c2-G14-201104150721.nc4	761792	8467a272d3273711c284c5afd0b7e4db	1022	178
2011-04	15	contributed/v2.0/gnssro_cosmic1_jpl_l1b/2011/04/15/gnssro_cosmic1_jpl_l1b_v2.6_cosmic1c2-G19-201104151555.nc4	803792	aa3447ad9bc9759a5c7680bea083380d	1022	229
2011-04	15	contributed/v2.0/gnssro_cosmic1_jpl_l1b/2011/04/15/gnssro_cosmic1_jpl_l1b_v2.6_cosmic1c2-G27-201104150710.nc4	629792	866fee030af3c11394a2c9b049d47471	1022	281
2011-04	15	contributed/v2.0/gnssro_cosmic1_jpl_l1b/2011/04/15/gnssro_cosmic1_jpl_l1b_v2.6_cosmic1c4-G03-201104152141.nc4	731792	02fef801e0c149c8633c404f2444c060	1022	332
2011-04	15	contributed/v2.0/gnssro_cosmic1_jpl_l1b/2011/04/15/gnssro_cosmic1_jpl_l1b_v2.6_cosmic1c4-G10-201104151844.nc4	653792	3aa8889aa5239ba936f84ce326dcc112	1022	383
2011-04	15	contributed/v2.0/gnssro_cosmic1_jpl_l1b/2011/04/15/gnssro_cosmic1_jpl_l1b_v2.6_cosmic1c4-G15-201104151755.nc4	593792	168f0db0f09af8c802b420c21e131982	1022	434
2011-04	15	contributed/v2.0/gnssro_cosmic1_jpl_l1b/2011/04/15/gnssro_cosmic1_jpl_l1b_v2.6_cosmic1c4-G19-201104151647.nc4	839792	6d019ea8dae252a7e62941e791f8a058	1022	485
2011-04	15	contributed/v2.0/gnssro_cosmic1_jpl_l1b/2011/04/15/gnssro_cosmic1_jpl_l1b_v2.6_cosmic1c4-G24-201104150951.nc4	767792	e8c9f26218d4d4b6caecb1eaabe08c6a	1022	536
2011-04	15	contributed/v2.0/gnssro_cosmic1_jpl_l1b/2011/04/15/gnssro_cosmic1_jpl_l1b_v2.6_cosmic1c4-G30-201104150730.nc4	659792	fec3d2cb861a2b2ed93fa08db29b56f2	1022	587
2011-04	15	contributed/v2.0/gnssro_cosmic1_jpl_l1b/2011/04/15/gnssro_cosmic1_jpl_l1b_v2.6_cosmic1c5-G09-201104151601.nc4	749792	9788f729c5fe061f9a9ca19ebaee8bf8	1022	638
2011-04	15	contributed/v2.0/gnssro_cosmic1_jpl_l1b/2011/04/15/gnssro_cosmic1_jpl_l1b_v2.6_cosmic1c5-G24-201104150535.nc4	791792	ee5db949a1fb35e6f1a92129a0ff9249	1022	689
2011-04	15	contributed/v2.0/gnssro_cosmic1_jpl_l1b/2011/04/15/gnssro_cosmic1_jpl_l1b_v2.6_cosmic1c6-G05-201104150248.nc4	791792	40168017a9f4a89d637062a915359aa2	1022	740
2011-04	15	contributed/v2.0/gnssro_cosmic1_jpl_l1b/2011/04/15/gnssro_cosmic1_jpl_l1b_v2.6_cosmic1c6-G12-201104150024.nc4	683792	6588ecf3a274444dac558b2e00fa2db3	1022	792
2011-04	15	contributed/v2.0/gnssro_cosmic1_jpl_l1b/2011/04/15/gnssro_cosmic1_jpl_l1b_v2.6_cosmic1c6-G16-201104152113.nc4	731792	b7cdb58387c4a6208e977043be86021c	1022	843
2011-04	15	contributed/v2.0/gnssro_cosmic1_jpl_l1b/2011/04/15/gnssro_cosmic1_jpl_l1b_v2.6_cosmic1c6-G21-201104151920.nc4	701792	2ae24853d6cd5ac38a0252dee9b2b494	1022	894
2011-04	15	contributed/v2.0/gnssro_cosmic1_jpl_l1b/2011/04/15/gnssro_cosmic1_jpl_l1b_v2.6_cosmic1c6-G26-201104151449.nc4	707792	88bab35cedb3eda9ace98576f31c2aba	1022	945
2011-04	15	contributed/v2.0/gnssro_cosmic1_jpl_l1b/2011/04/15/gnssro_cosmic1_jpl_l1b_v2.6_cosmic1c6-G30-201104151723.nc4	707792	eaf3fbd7d1692afd43bf8875e858bb2b	1022	996
2011-05	15	contributed/v2.0/gnssro_cosmic1_jpl_l1b/2011/05/15/gnssro_cosmic1_jpl_l1b_v2.6_cosmic1c1-G26-201105151835.nc4	695792	b5dfb44e0c48f07f814fe12c5b5075d5	1034	25
2011-05	15	contributed/v2.0/gnssro_cosmic1_jpl_l1b/2011/05/15/gnssro_cosmic1_jpl_l1b_v2.6_cosmic1c2-G07-201105150033.nc4	677792	11843655ee31da6dd334201ecabdf84c	1034	77
2011-05	15	contributed/v2.0/gnssro_cosmic1_jpl_l1b/2011/05/15/gnssro_cosmic1_jpl_l1b_v2.6_cosmic1c2-G12-201105152205.nc4	665792	fa9a57a458abe0a5d1f37bcd9eb465ae	1034	129
2011-05	15	contributed/v2.0/gnssro_cosmic1_jpl_l1b/2011/05/15/gnssro_cosmic1_jpl_l1b_v2.6_cosmic1c2-G17-201105152229.nc4	653792	e64e38df650d34bbea33d04f8ac3e8d3	1034	180
2011-05	15	contributed/v2.0/gnssro_cosmic1_jpl_l1b/2011/05/15/gnssro_cosmic1_jpl_l1b_v2.6_cosmic1c2-G22-201105152258.nc4	563792	fe3a2e49f87eb12098b094125d832686	1034	232
2011-05	15	contributed/v2.0/gnssro_cosmic1_jpl_l1b/2011/05/15/gnssro_cosmic1_jpl_l1b_v2.6_cosmic1c2-G28-201105151648.nc4	689792	45e6b10244704661525c246033a2546b	1034	284
2011-05	15	contributed/v2.0/gnssro_cosmic1_jpl_l1b/2011/05/15/gnssro_cosmic1_jpl_l1b_v2.6_cosmic1c4-G09-201105152225.nc4	779792	27d1cc0e4e556367029c69e2fb19c482	1034	336
2011-05	15	contributed/v2.0/gnssro_cosmic1_jpl_l1b/2011/05/15/gnssro_cosmic1_jpl_l1b_v2.6_cosmic1c5-G04-201105150132.nc4	713792	1e671b29c4a5550a8697a1e65cc32fed	1034	387
2011-05	15	contributed/v2.0/gnssro_cosmic1_jpl_l1b/2011/05/15/gnssro_cosmic1_jpl_l1b_v2.6_cosmic1c5-G11-201105150405.nc4	737792	356ad0ab3fda01da7120a4ad8e5a2d71	1034	439
2011-05	15	contributed/v2.0/gnssro_cosmic1_jpl_l1b/2011/05/15/gnssro_cosmic1_jpl_l1b_v2.6_cosmic1c5-G15-201105151520.nc4	581792	2256719837f10610a4ed8fb03861a54f	1034	491
2011-05	15	contributed/v2.0/gnssro_cosmic1_jpl_l1b/2011/05/15/gnssro_cosmic1_jpl_l1b_v2.6_cosmic1c5-G20-201105151002.nc4	653792	36081b3146cb03eff01b1f8ac66380a7	1034	542
2011-05	15	contributed/v2.0/gnssro_cosmic1_jpl_l1b/2011/05/15/gnssro_cosmic1_jpl_l1b_v2.6_cosmic1c5-G25-201105151748.nc4	701792	674aea8f35472de78c973ba742b1a571	1034	594
2011-05	15	contributed/v2.0/gnssro_cosmic1_jpl_l1b/2011/05/15/gnssro_cosmic1_jpl_l1b_v2.6_cosmic1c5-G30-201105150251.nc4	689792	e9362489d8f47673ef68cec1cfe0336a	1034	646
2011-05	15	contributed/v2.0/gnssro_cosmic1_jpl_l1b/2011/05/15/gnssro_cosmic1_jpl_l1b_v2.6_cosmic1c6-G04-201105151235.nc4	599792	f7c6fe7a6958b4d52cb7d9449b7974b0	1034	697
2011-05	15	contributed/v2.0/gnssro_cosmic1_jpl_l1b/2011/05/15/gnssro_cosmic1_jpl_l1b_v2.6_cosmic1c6-G08-201105151609.nc4	641792	f4f67505fa99cad9613c7bfbfff339f5	1034	749
2011-05	15	contributed/v2.0/gnssro_cosmic1_jpl_l1b/2011/05/15/gnssro_cosmic1_jpl_l1b_v2.6_cosmic1c6-G12-201105152222.nc4	833792	a10f2f9a3a562bd68855e36b370aced3	1034	801
2011-05	15	contributed/v2.0/gnssro_cosmic1_jpl_l1b/2011/05/15/gnssro_cosmic1_jpl_l1b_v2.6_cosmic1c6-G18-201105150429.nc4	605792	a92138b4b9c520ccdde042eb5aa3c965	1034	853
2011-05	15	contributed/v2.0/gnssro_cosmic1_jpl_l1b/2011/05/15/gnssro_cosmic1_jpl_l1b_v2.6_cosmic1c6-G22-201105151026.nc4	563792	54767d6f33e222b034ad6bf5e8078c4d	1034	904
2011-05	15	contributed/v2.0/gnssro_cosmic1_jpl_l1b/2011/05/15/gnssro_cosmic1_jpl_l1b_v2.6_cosmic1c6-G27-201105150157.nc4	611792	32d383807e03fac2c690d8e85b9b2a74	1034	956
2011-05	15	contributed/v2.0/gnssro_cosmic1_jpl_l1b/2011/05/15/gnssro_cosmic1_jpl_l1b_v2.6_cosmic1c6-G30-201105151948.nc4	761792	6907d7483affcd12ad9140eb9f2f941d	1034	1008
2011-06	15	contributed/v2.0/gnssro_cosmic1_jpl_l1b/2011/06/15/gnssro_cosmic1_jpl_l1b_v2.6_cosmic1c1-G05-201106150608.nc4	707792	a50795ca23bd49252ccf997d1bedb2f4	1242	31
2011-06	15	contributed/v2.0/gnssro_cosmic1_jpl_l1b/2011/06/15/gnssro_cosmic1_jpl_l1b_v2.6_cosmic1c1-G13-201106151225.nc4	707792	6ccf80d47db72ecc436efa61964717e5	1242	93
2011-06	15	contributed/v2.0/gnssro_cosmic1_jpl_l1b/2011/06/15/gnssro_cosmic1_jpl_l1b_v2.6_cosmic1c1-G22-201106150724.nc4	761792	9599121cb7476df9956d865ead6765ee	1242	155
2011-06	15	contributed/v2.0/gnssro_cosmic1_jpl_l1b/2011/06/15/gnssro_cosmic1_jpl_l1b_v2.6_cosmic1c1-G30-201106151232.nc4	773792	777a7f8a85fa36f99f4df2018b53e23a	1242	217
2011-06	15	contributed/v2.0/gnssro_cosmic1_jpl_l1b/2011/06/15/gnssro_cosmic1_jpl_l1b_v2.6_cosmic1c2-G07-201106151307.nc4	677792	1aefb5fda2afe449d61af88ad0a19165	1242	279
2011-06	15	contributed/v2.0/gnssro_cosmic1_jpl_l1b/2011/06/15/gnssro_cosmic1_jpl_l1b_v2.6_cosmic1c2-G13-201106151423.nc4	839792	c6004043457496764a02dcbf9b82fbc4	1242	341
2011-06	15	contributed/v2.0/gnssro_cosmic1_jpl_l1b/2011/06/15/gnssro_cosmic1_jpl_l1b_v2.6_cosmic1c2-G21-201106151305.nc4	593792	3f9569ad0ba685dd818c57274edea9ed	1242	403
2011-06	15	contributed/v2.0/gnssro_cosmic1_jpl_l1b/2011/06/15/gnssro_cosmic1_jpl_l1b_v2.6_cosmic1c2-G28-201106150411.nc4	947792	b5bce410fa59c1ad765427e49a709614	1242	465
2011-06	15	contributed/v2.0/gnssro_cosmic1_jpl_l1b/2011/06/15/gnssro_cosmic1_jpl_l1b_v2.6_cosmic1c4-G02-201106151946.nc4	593792	0ea9ce32798997716121e57c131e1477	1242	527
2011-06	15	contributed/v2.0/gnssro_cosmic1_jpl_l1b/2011/06/15/gnssro_cosmic1_jpl_l1b_v2.6_cosmic1c4-G09-201106150243.nc4	827792	3ad426be9533f74e85a7af02707f3cd9	1242	589
2011-06	15	contributed/v2.0/gnssro_cosmic1_jpl_l1b/2011/06/15/gnssro_cosmic1_jpl_l1b_v2.6_cosmic1c4-G14-201106152055.nc4	731792	40a09cba4a79097f985d6b855a6fd50b	1242	652
2011-06	15	contributed/v2.0/gnssro_cosmic1_jpl_l1b/2011/06/15/gnssro_cosmic1_jpl_l1b_v2.6_cosmic1c4-G20-201106150211.nc4	917792	8b7185826e868b7be5e17bf70e312670	1242	714
2011-06	15	contributed/v2.0/gnssro_cosmic1_jpl_l1b/2011/06/15/gnssro_cosmic1_jpl_l1b_v2.6_cosmic1c4-G26-201106151740.nc4	707792	6e6cdedf4e2e56a1c35e9970954955e3	1242	776
2011-06	15	contributed/v2.0/gnssro_cosmic1_jpl_l1b/2011/06/15/gnssro_cosmic1_jpl_l1b_v2.6_cosmic1c4-G32-201106150450.nc4	809792	07e89aa3a3e872c3012765710df2a894	1242	838
2011-06	15	contributed/v2.0/gnssro_cosmic1_jpl_l1b/2011/06/15/gnssro_cosmic1_jpl_l1b_v2.6_cosmic1c6-G03-201106150246.nc4	551792	55d80d2e8cece54cccb4376e00fa66b2	1242	900
2011-06	15	contributed/v2.0/gnssro_cosmic1_jpl_l1b/2011/06/15/gnssro_cosmic1_jpl_l1b_v2.6_cosmic1c6-G08-201106150331.nc4	755792	6e0ab4afa7746db352bc757fcbc092f0	1242	962
2011-06	15	contributed/v2.0/gnssro_cosmic1_jpl_l1b/2011/06/15/gnssro_cosmic1_jpl_l1b_v2.6_cosmic1c6-G13-201106151141.nc4	659792	76c58d8c1a716349658524546af5f118	1242	1024
2011-06	15	contributed/v2.0/gnssro_cosmic1_jpl_l1b/2011/06/15/gnssro_cosmic1_jpl_l1b_v2.6_cosmic1c6-G18-201106151912.nc4	767792	b8c90ef03223ffa4fd413e82ce5c3767	1242	1086
2011-06	15	contributed/v2.0/gnssro_cosmic1_jpl_l1b/2011/06/15/gnssro_cosmic1_jpl_l1b_v2.6_cosmic1c6-G23-201106152029.nc4	779792	4594825757015b55a45422cf6d770055	1242	1148
2011-06	15	contributed/v2.0/gnssro_cosmic1_jpl_l1b/2011/06/15/gnssro_cosmic1_jpl_l1b_v2.6_cosmic1c6-G29-201106152220.nc4	605792	6dcc13ddb956063e6ca497b71275fb85	1242	1210
2011-07	15	contributed/v2.0/gnssro_cosmic1_jpl_l1b/2011/07/15/gnssro_cosmic1_jpl_l1b_v2.6_cosmic1c1-G04-201107150944.nc4	743792	2af42a39c4b4c90edb0e212631550361	1277	31
2011-07	15	contributed/v2.0/gnssro_cosmic1_jpl_l1b/2011/07/15/gnssro_cosmic1_jpl_l1b_v2.6_cosmic1c1-G09-201107151253.nc4	665792	41a40fb0f842bbbc56d57a555ae91966	1277	95
2011-07	15	contributed/v2.0/gnssro_cosmic1_jpl_l1b/2011/07/15/gnssro_cosmic1_jpl_l1b_v2.6_cosmic1c1-G15-201107150223.nc4	593792	eea40df469177aed0bbdeca019bba962	1277	159
2011-07	15	contributed/v2.0/gnssro_cosmic1_jpl_l1b/2011/07/15/gnssro_cosmic1_jpl_l1b_v2.6_cosmic1c1-G21-201107150701.nc4	683792	c589c1eee3944399c9c29855f34ed8cd	1277	223
2011-07	15	contributed/v2.0/gnssro_cosmic1_jpl_l1b/2011/07/15/gnssro_cosmic1_jpl_l1b_v2.6_cosmic1c1-G26-201107151824.nc4	623792	dc2c0a1fb01efddb787ad778fff35ad0	1277	287
2011-07	15	contributed/v2.0/gnssro_cosmic1_jpl_l1b/2011/07/15/gnssro_cosmic1_jpl_l1b_v2.6_cosmic1c1-G32-201107152309.nc4	1115792	499993526127d38d98044bc82f7bed58	1277	351
2011-07	15	contributed/v2.0/gnssro_cosmic1_jpl_l1b/2011/07/15/gnssro_cosmic1_jpl_l1b_v2.6_cosmic1c2-G11-201107151312.nc4	581792	c98fc9d057fd5b0bd5606e80cda66119	1277	415
2011-07	15	contributed/v2.0/gnssro_cosmic1_jpl_l1b/2011/07/15/gnssro_cosmic1_jpl_l1b_v2.6_cosmic1c2-G19-201107152314.nc4	581792	dcf082a9a19bf8308097c7d341923f2a	1277	478
2011-07	15	contributed/v2.0/gnssro_cosmic1_jpl_l1b/2011/07/15/gnssro_cosmic1_jpl_l1b_v2.6_cosmic1c2-G29-201107152120.nc4	569792	6066b6b41dee1b103fff9734dd1a01c1	1277	542
2011-07	15	contributed/v2.0/gnssro_cosmic1_jpl_l1b/2011/07/15/gnssro_cosmic1_jpl_l1b_v2.6_cosmic1c4-G07-201107152241.nc4	821792	5a4fc9a63c5637a9b0b3e4c003451236	1277	606
2011-07	15	contributed/v2.0/gnssro_cosmic1_jpl_l1b/2011/07/15/gnssro_cosmic1_jpl_l1b_v2.6_cosmic1c4-G14-201107151729.nc4	737672	26f0d97691dbd85cdb7039c6e3323481	1277	670
2011-07	15	contributed/v2.0/gnssro_cosmic1_jpl_l1b/2011/07/15/gnssro_cosmic1_jpl_l1b_v2.6_cosmic1c4-G19-201107151631.nc4	629792	24945bc9ea97a39f24775b95e7c0dfb4	1277	734
2011-07	15	contributed/v2.0/gnssro_cosmic1_jpl_l1b/2011/07/15/gnssro_cosmic1_jpl_l1b_v2.6_cosmic1c4-G25-201107151250.nc4	623792	1f50e494d5aba91774af2a1b46224f0c	1277	798
2011-07	15	contributed/v2.0/gnssro_cosmic1_jpl_l1b/2011/07/15/gnssro_cosmic1_jpl_l1b_v2.6_cosmic1c5-G04-201107150148.nc4	977792	8e00cd073252f3201079262955632852	1277	861
2011-07	15	contributed/v2.0/gnssro_cosmic1_jpl_l1b/2011/07/15/gnssro_cosmic1_jpl_l1b_v2.6_cosmic1c5-G13-201107150939.nc4	695792	e6ee752416d6a6c833c1e568ccf9ade9	1277	925
2011-07	15	contributed/v2.0/gnssro_cosmic1_jpl_l1b/2011/07/15/gnssro_cosmic1_jpl_l1b_v2.6_cosmic1c5-G23-201107150500.nc4	779792	f938381f1a2487710b2b6b0e7cf83b04	1277	989
2011-07	15	contributed/v2.0/gnssro_cosmic1_jpl_l1b/2011/07/15/gnssro_cosmic1_jpl_l1b_v2.6_cosmic1c6-G03-201107151040.nc4	581792	3c287c4794f40a8ca038e7c1b7656d5d	1277	1053
2011-07	15	contributed/v2.0/gnssro_cosmic1_jpl_l1b/2011/07/15/gnssro_cosmic1_jpl_l1b_v2.6_cosmic1c6-G13-201107150419.nc4	767792	20c92546a4feb90918c766979a7bc7e9	1277	1117
2011-07	15	contributed/v2.0/gnssro_cosmic1_jpl_l1b/2011/07/15/gnssro_cosmic1_jpl_l1b_v2.6_cosmic1c6-G20-201107151029.nc4	833792	94d60c87577cc84b124530c45198e7b7	1277	1181
2011-07	15	contributed/v2.0/gnssro_cosmic1_jpl_l1b/2011/07/15/gnssro_cosmic1_jpl_l1b_v2.6_cosmic1c6-G28-201107151526.nc4	677792	20fa2070876adac3e63c8ca55325e0c7	1277	1245
2011-08	15	contributed/v2.0/gnssro_cosmic1_jpl_l1b/2011/08/15/gnssro_cosmic1_jpl_l1b_v2.6_cosmic1c1-G09-201108152311.nc4	563792	11487b337d2d191a52307b2a53c64bcc	732	18
2011-08	15	contributed/v2.0/gnssro_cosmic1_jpl_l1b/2011/08/15/gnssro_cosmic1_jpl_l1b_v2.6_cosmic1c1-G20-201108151603.nc4	623792	18741be615b0ebac6e749937fbee2b7d	732	54
2011-08	15	contributed/v2.0/gnssro_cosmic1_jpl_l1b/2011/08/15/gnssro_cosmic1_jpl_l1b_v2.6_cosmic1c2-G04-201108151100.nc4	809792	d77713ddbdd54775def6db56c97cda23	732	91
2011-08	15	contributed/v2.0/gnssro_cosmic1_jpl_l1b/2011/08/15/gnssro_cosmic1_jpl_l1b_v2.6_cosmic1c2-G12-201108152048.nc4	521792	f4f1df5a317b8552f621bb6d2774725a	732	128
2011-08	15	contributed/v2.0/gnssro_cosmic1_jpl_l1b/2011/08/15/gnssro_cosmic1_jpl_l1b_v2.6_cosmic1c2-G22-201108150355.nc4	743792	99eb3f49f122983b5c03b9ebb2006bde	732	164
2011-08	15	contributed/v2.0/gnssro_cosmic1_jpl_l1b/2011/08/15/gnssro_cosmic1_jpl_l1b_v2.6_cosmic1c2-G31-201108151940.nc4	881792	9d461f6dc60ebabfa177050342914a60	732	201
2011-08	15	contributed/v2.0/gnssro_cosmic1_jpl_l1b/2011/08/15/gnssro_cosmic1_jpl_l1b_v2.6_cosmic1c4-G08-201108151118.nc4	635792	773319cf494b14ca835e8ffde4897849	732	237
2011-08	15	contributed/v2.0/gnssro_cosmic1_jpl_l1b/2011/08/15/gnssro_cosmic1_jpl_l1b_v2.6_cosmic1c4-G20-201108150426.nc4	851792	45e54f54cdc9308151fc1a4493adb8d1	732	274
2011-08	15	contributed/v2.0/gnssro_cosmic1_jpl_l1b/2011/08/15/gnssro_cosmic1_jpl_l1b_v2.6_cosmic1c4-G32-201108150622.nc4	767792	fa05b53f2bb879617074ab62291987bc	732	311
2011-08	15	contributed/v2.0/gnssro_cosmic1_jpl_l1b/2011/08/15/gnssro_cosmic1_jpl_l1b_v2.6_cosmic1c5-G08-201108151254.nc4	899792	1f03882991bbe7fb8f888b97f479087a	732	347
2011-08	15	contributed/v2.0/gnssro_cosmic1_jpl_l1b/2011/08/15/gnssro_cosmic1_jpl_l1b_v2.6_cosmic1c5-G14-201108151804.nc4	539792	2a7c41a14410aa36d4c7fa6a76c851e1	732	384
2011-08	15	contributed/v2.0/gnssro_cosmic1_jpl_l1b/2011/08/15/gnssro_cosmic1_jpl_l1b_v2.6_cosmic1c5-G19-201108152138.nc4	575792	e2e658cafd1c510e16821fc20cd9eb82	732	420
2011-08	15	contributed/v2.0/gnssro_cosmic1_jpl_l1b/2011/08/15/gnssro_cosmic1_jpl_l1b_v2.6_cosmic1c5-G26-201108151757.nc4	707792	28e8b5dd2169c4020aa3f703f42b0cfe	732	457
2011-08	15	contributed/v2.0/gnssro_cosmic1_jpl_l1b/2011/08/15/gnssro_cosmic1_jpl_l1b_v2.6_cosmic1c6-G02-201108151348.nc4	767792	6f64bf74256edf5346b237152d96cca9	732	494
2011-08	15	contributed/v2.0/gnssro_cosmic1_jpl_l1b/2011/08/15/gnssro_cosmic1_jpl_l1b_v2.6_cosmic1c6-G06-201108152258.nc4	695792	0785923a73d8283c8ae8e6bfe1658a93	732	530
2011-08	15	contributed/v2.0/gnssro_cosmic1_jpl_l1b/2011/08/15/gnssro_cosmic1_jpl_l1b_v2.6_cosmic1c6-G10-201108150209.nc4	695792	46a844024a427437e769e86922aa4694	732	567
2011-08	15	contributed/v2.0/gnssro_cosmic1_jpl_l1b/2011/08/15/gnssro_cosmic1_jpl_l1b_v2.6_cosmic1c6-G14-201108151042.nc4	617792	94a29a5e5c0153c953006bd15deac3f2	732	603
2011-08	15	contributed/v2.0/gnssro_cosmic1_jpl_l1b/2011/08/15/gnssro_cosmic1_jpl_l1b_v2.6_cosmic1c6-G19-201108150107.nc4	647792	eed1b165c945c73463bb42a9e7abd8e9	732	640
2011-08	15	contributed/v2.0/gnssro_cosmic1_jpl_l1b/2011/08/15/gnssro_cosmic1_jpl_l1b_v2.6_cosmic1c6-G23-201108151958.nc4	749792	5e476819042438634d8e21698c08526c	732	677
2011-08	15	contributed/v2.0/gnssro_cosmic1_jpl_l1b/2011/08/15/gnssro_cosmic1_jpl_l1b_v2.6_cosmic1c6-G29-201108151342.nc4	827792	2ca94521e572a9dc11b5b3ab8b348874	732	713
2011-09	15	contributed/v2.0/gnssro_cosmic1_jpl_l1b/2011/09/15/gnssro_cosmic1_jpl_l1b_v2.6_cosmic1c1-G04-201109151707.nc4	713672	c6602e5246e96c21d3769edca837fdba	1003	25
2011-09	15	contributed/v2.0/gnssro_cosmic1_jpl_l1b/2011/09/15/gnssro_cosmic1_jpl_l1b_v2.6_cosmic1c1-G09-201109151140.nc4	905792	e3c03f015801ba671a010532c3d178ff	1003	75
2011-09	15	contributed/v2.0/gnssro_cosmic1_jpl_l1b/2011/09/15/gnssro_cosmic1_jpl_l1b_v2.6_cosmic1c1-G13-201109150922.nc4	1007792	7810eeef8e7f0d3b9efeb1e42dccddb2	1003	125
2011-09	15	contributed/v2.0/gnssro_cosmic1_jpl_l1b/2011/09/15/gnssro_cosmic1_jpl_l1b_v2.6_cosmic1c1-G16-201109152026.nc4	635792	c3b0e28feca39afbb04200969d998082	1003	175
2011-09	15	contributed/v2.0/gnssro_cosmic1_jpl_l1b/2011/09/15/gnssro_cosmic1_jpl_l1b_v2.6_cosmic1c1-G21-201109150036.nc4	803792	d3c3884fd6b5c76807a1e3feaf2a49c5	1003	225
2011-09	15	contributed/v2.0/gnssro_cosmic1_jpl_l1b/2011/09/15/gnssro_cosmic1_jpl_l1b_v2.6_cosmic1c1-G24-201109152318.nc4	671792	6a197573b53972ec8ba09e740c683ea0	1003	275
2011-09	15	contributed/v2.0/gnssro_cosmic1_jpl_l1b/2011/09/15/gnssro_cosmic1_jpl_l1b_v2.6_cosmic1c1-G29-201109150219.nc4	965792	aa00a80ed3b4e39951a5cd7387b0fe61	1003	325
2011-09	15	contributed/v2.0/gnssro_cosmic1_jpl_l1b/2011/09/15/gnssro_cosmic1_jpl_l1b_v2.6_cosmic1c2-G02-201109151913.nc4	707792	192bfb79054f7ea5c4bae805fbc32fdf	1003	376
2011-09	15	contributed/v2.0/gnssro_cosmic1_jpl_l1b/2011/09/15/gnssro_cosmic1_jpl_l1b_v2.6_cosmic1c2-G08-201109151458.nc4	701792	76b3a4a29a3e7874a22aaebb16c2685b	1003	426
2011-09	15	contributed/v2.0/gnssro_cosmic1_jpl_l1b/2011/09/15/gnssro_cosmic1_jpl_l1b_v2.6_cosmic1c2-G13-201109151058.nc4	641792	1fe5c87a8b1ed715687bed7ab6b30128	1003	476
2011-09	15	contributed/v2.0/gnssro_cosmic1_jpl_l1b/2011/09/15/gnssro_cosmic1_jpl_l1b_v2.6_cosmic1c2-G18-201109151826.nc4	359792	bb2835a3a64488186de46fff736703c8	1003	526
2011-09	15	contributed/v2.0/gnssro_cosmic1_jpl_l1b/2011/09/15/gnssro_cosmic1_jpl_l1b_v2.6_cosmic1c2-G23-201109150503.nc4	635792	f58e6931d4640c319dbb767c7553d676	1003	576
2011-09	15	contributed/v2.0/gnssro_cosmic1_jpl_l1b/2011/09/15/gnssro_cosmic1_jpl_l1b_v2.6_cosmic1c2-G29-201109151854.nc4	647792	e56dd562b0f2c8d793c7345daa3e8889	1003	626
2011-09	15	contributed/v2.0/gnssro_cosmic1_jpl_l1b/2011/09/15/gnssro_cosmic1_jpl_l1b_v2.6_cosmic1c4-G13-201109150417.nc4	587792	a60d697aaf43fbeab97de357f4d55877	1003	677
2011-09	15	contributed/v2.0/gnssro_cosmic1_jpl_l1b/2011/09/15/gnssro_cosmic1_jpl_l1b_v2.6_cosmic1c5-G02-201109151617.nc4	725792	a85cc218a8214f4e124c793412cb27fc	1003	727
2011-09	15	contributed/v2.0/gnssro_cosmic1_jpl_l1b/2011/09/15/gnssro_cosmic1_jpl_l1b_v2.6_cosmic1c5-G11-201109150759.nc4	815792	191feadbd0ac7d6574d57c7aa57dfbc0	1003	777
2011-09	15	contributed/v2.0/gnssro_cosmic1_jpl_l1b/2011/09/15/gnssro_cosmic1_jpl_l1b_v2.6_cosmic1c5-G20-201109150305.nc4	761792	a536d650d66d4635625c2bd773712de2	1003	827
2011-09	15	contributed/v2.0/gnssro_cosmic1_jpl_l1b/2011/09/15/gnssro_cosmic1_jpl_l1b_v2.6_cosmic1c5-G29-201109151254.nc4	563792	1be34c3cb425ba53796ebd43ef71ab65	1003	877
2011-09	15	contributed/v2.0/gnssro_cosmic1_jpl_l1b/2011/09/15/gnssro_cosmic1_jpl_l1b_v2.6_cosmic1c6-G11-201109150334.nc4	671792	aca08eeb814e739ff0e51b45ec547cf2	1003	927
2011-09	15	contributed/v2.0/gnssro_cosmic1_jpl_l1b/2011/09/15/gnssro_cosmic1_jpl_l1b_v2.6_cosmic1c6-G24-201109150922.nc4	665792	6e247475a89f1ea30487b322b6aa3a3d	1003	977
2011-10	15	contributed/v2.0/gnssro_cosmic1_jpl_l1b/2011/10/15/gnssro_cosmic1_jpl_l1b_v2.6_cosmic1c1-G03-201110151256.nc4	557792	c9569fed6d4b70998a9481d3f4e393eb	728	18
2011-10	15	contributed/v2.0/gnssro_cosmic1_jpl_l1b/2011/10/15/gnssro_cosmic1_jpl_l1b_v2.6_cosmic1c1-G06-201110151354.nc4	971792	8008b53c54287e71242b4c36e2824528	728	54
2011-10	15	contributed/v2.0/gnssro_cosmic1_jpl_l1b/2011/10/15/gnssro_cosmic1_jpl_l1b_v2.6_cosmic1c1-G09-201110152058.nc4	701792	ee12c7efccf90acce9b0c595bee10348	728	91
2011-10	15	contributed/v2.0/gnssro_cosmic1_jpl_l1b/2011/10/15/gnssro_cosmic1_jpl_l1b_v2.6_cosmic1c1-G13-201110150611.nc4	923792	da588b944d2e26467f0144dfc78f86e8	728	127
2011-10	15	contributed/v2.0/gnssro_cosmic1_jpl_l1b/2011/10/15/gnssro_cosmic1_jpl_l1b_v2.6_cosmic1c1-G17-201110151301.nc4	1229792	847a7bb6c45fdfa40ebdd88bb1b604aa	728	163
2011-10	15	contributed/v2.0/gnssro_cosmic1_jpl_l1b/2011/10/15/gnssro_cosmic1_jpl_l1b_v2.6_cosmic1c1-G20-201110152014.nc4	611792	3cb0dbdb489810930adff8a080ac71b8	728	200
2011-10	15	contributed/v2.0/gnssro_cosmic1_jpl_l1b/2011/10/15/gnssro_cosmic1_jpl_l1b_v2.6_cosmic1c1-G25-201110150659.nc4	851792	276d0ca7b4f6678cb13fd412ca86a21c	728	236
2011-10	15	contributed/v2.0/gnssro_cosmic1_jpl_l1b/2011/10/15/gnssro_cosmic1_jpl_l1b_v2.6_cosmic1c1-G31-201110151430.nc4	749792	4dc031bd2507a1afbef899e7f356a4e5	728	273
2011-10	15	contributed/v2.0/gnssro_cosmic1_jpl_l1b/2011/10/15/gnssro_cosmic1_jpl_l1b_v2.6_cosmic1c2-G08-201110150936.nc4	653792	40c2003d2bd580f53928b7c328c96986	728	309
2011-10	15	contributed/v2.0/gnssro_cosmic1_jpl_l1b/2011/10/15/gnssro_cosmic1_jpl_l1b_v2.6_cosmic1c2-G16-201110152358.nc4	617792	85c98a52ffdf1bb9db5d59d2ba04f3ab	728	345
2011-10	15	contributed/v2.0/gnssro_cosmic1_jpl_l1b/2011/10/15/gnssro_cosmic1_jpl_l1b_v2.6_cosmic1c2-G28-201110152315.nc4	863792	2611eaea436befbb77596c7db1cda88e	728	382
2011-10	15	contributed/v2.0/gnssro_cosmic1_jpl_l1b/2011/10/15/gnssro_cosmic1_jpl_l1b_v2.6_cosmic1c4-G10-201110152304.nc4	641792	56d74ba2144b569c8489d1a91694d9f5	728	418
2011-10	15	contributed/v2.0/gnssro_cosmic1_jpl_l1b/2011/10/15/gnssro_cosmic1_jpl_l1b_v2.6_cosmic1c5-G03-201110151945.nc4	707792	a416dc8d3c0af0d1cb2c1dfef764b288	728	455
2011-10	15	contributed/v2.0/gnssro_cosmic1_jpl_l1b/2011/10/15/gnssro_cosmic1_jpl_l1b_v2.6_cosmic1c5-G10-201110151129.nc4	911792	d8ef42ec1a17a3389f5e46f8802cd2aa	728	491
2011-10	15	contributed/v2.0/gnssro_cosmic1_jpl_l1b/2011/10/15/gnssro_cosmic1_jpl_l1b_v2.6_cosmic1c5-G15-201110151140.nc4	743792	d10953d2ed4fb3d99a91e98477860d99	728	527
2011-10	15	contributed/v2.0/gnssro_cosmic1_jpl_l1b/2011/10/15/gnssro_cosmic1_jpl_l1b_v2.6_cosmic1c5-G21-201110151302.nc4	713792	47a3f3dca6d6313f9b9f55524252df0e	728	564
2011-10	15	contributed/v2.0/gnssro_cosmic1_jpl_l1b/2011/10/15/gnssro_cosmic1_jpl_l1b_v2.6_cosmic1c5-G31-201110151445.nc4	791792	0fa91b935ccc68900b45893a0a746069	728	600
2011-10	15	contributed/v2.0/gnssro_cosmic1_jpl_l1b/2011/10/15/gnssro_cosmic1_jpl_l1b_v2.6_cosmic1c6-G10-201110151928.nc4	569792	e83eac9e209c415922c8227dbbf8f4ef	728	637
2011-10	15	contributed/v2.0/gnssro_cosmic1_jpl_l1b/2011/10/15/gnssro_cosmic1_jpl_l1b_v2.6_cosmic1c6-G18-201110150821.nc4	635792	713a6f8be4dbfcfe7a935f46c53c9af2	728	673
2011-10	15	contributed/v2.0/gnssro_cosmic1_jpl_l1b/2011/10/15/gnssro_cosmic1_jpl_l1b_v2.6_cosmic1c6-G28-201110151143.nc4	749792	e19f198f7fb31fef7b2b4828c20c0664	728	709
2011-11	15	contributed/v2.0/gnssro_cosmic1_jpl_l1b/2011/11/15/gnssro_cosmic1_jpl_l1b_v2.6_cosmic1c1-G08-201111150442.nc4	707792	923119d8ab607d63149f585f96ff5829	553	13
2011-11	15	contributed/v2.0/gnssro_cosmic1_jpl_l1b/2011/11/15/gnssro_cosmic1_jpl_l1b_v2.6_cosmic1c1-G20-201111150433.nc4	719792	1bf3e449ec80ae6f36257b32d40e2b0f	553	41
2011-11	15	contributed/v2.0/gnssro_cosmic1_jpl_l1b/2011/11/15/gnssro_cosmic1_jpl_l1b_v2.6_cosmic1c2-G02-201111150143.nc4	653792	627ebc3ba7ff4203beeedb37687443e3	553	69
2011-11	15	contributed/v2.0/gnssro_cosmic1_jpl_l1b/2011/11/15/gnssro_cosmic1_jpl_l1b_v2.6_cosmic1c2-G05-201111150153.nc4	551792	81db0b57532079fa1b45f8fac1d85b90	553	96
2011-11	15	contributed/v2.0/gnssro_cosmic1_jpl_l1b/2011/11/15/gnssro_cosmic1_jpl_l1b_v2.6_cosmic1c2-G08-201111151225.nc4	653792	952e2a674ebae3fc610ef4a1e6219be2	553	124
2011-11	15	contributed/v2.0/gnssro_cosmic1_jpl_l1b/2011/11/15/gnssro_cosmic1_jpl_l1b_v2.6_cosmic1c2-G11-201111151238.nc4	881792	41170b409b215e404e5c1d97afddf483	553	152
2011-11	15	contributed/v2.0/gnssro_cosmic1_jpl_l1b/2011/11/15/gnssro_cosmic1_jpl_l1b_v2.6_cosmic1c2-G15-201111150211.nc4	581792	1309f73995ec5f23e8fffee962f2b9b2	553	179
2011-11	15	contributed/v2.0/gnssro_cosmic1_jpl_l1b/2011/11/15/gnssro_cosmic1_jpl_l1b_v2.6_cosmic1c2-G18-201111150013.nc4	779792	6f711882283c2a7fdc3773987a75dce7	553	207
2011-11	15	contributed/v2.0/gnssro_cosmic1_jpl_l1b/2011/11/15/gnssro_cosmic1_jpl_l1b_v2.6_cosmic1c2-G20-201111151227.nc4	743792	00f0f8746eba64696d20dcb6758acb39	553	235
2011-11	15	contributed/v2.0/gnssro_cosmic1_jpl_l1b/2011/11/15/gnssro_cosmic1_jpl_l1b_v2.6_cosmic1c2-G22-201111152127.nc4	719792	883e5366aea4be37f93855ee614c2af2	553	262
2011-11	15	contributed/v2.0/gnssro_cosmic1_jpl_l1b/2011/11/15/gnssro_cosmic1_jpl_l1b_v2.6_cosmic1c2-G26-201111151315.nc4	617792	2a7f7b5f376dda19cd31dc8acf479d69	553	290
2011-11	15	contributed/v2.0/gnssro_cosmic1_jpl_l1b/2011/11/15/gnssro_cosmic1_jpl_l1b_v2.6_cosmic1c2-G29-201111152019.nc4	713792	186def36ad8d30339ebde5f06ca75f86	553	317
2011-11	15	contributed/v2.0/gnssro_cosmic1_jpl_l1b/2011/11/15/gnssro_cosmic1_jpl_l1b_v2.6_cosmic1c2-G32-201111150931.nc4	713792	e97e8b4c9b06230e084c1364124b5505	553	345
2011-11	15	contributed/v2.0/gnssro_cosmic1_jpl_l1b/2011/11/15/gnssro_cosmic1_jpl_l1b_v2.6_cosmic1c4-G05-201111152228.nc4	587792	32946034826e3b4d78faa66bcb6e0915	553	373
2011-11	15	contributed/v2.0/gnssro_cosmic1_jpl_l1b/2011/11/15/gnssro_cosmic1_jpl_l1b_v2.6_cosmic1c4-G12-201111151557.nc4	815792	6e9f80d4bfe3ecccab94063b369c1970	553	400
2011-11	15	contributed/v2.0/gnssro_cosmic1_jpl_l1b/2011/11/15/gnssro_cosmic1_jpl_l1b_v2.6_cosmic1c4-G21-201111151944.nc4	593792	de3f35d04e19e6fc35c0d5b93255dcd9	553	428
2011-11	15	contributed/v2.0/gnssro_cosmic1_jpl_l1b/2011/11/15/gnssro_cosmic1_jpl_l1b_v2.6_cosmic1c4-G32-201111150403.nc4	443792	48d4b0171917dc741b364fcdcdafd923	553	456
2011-11	15	contributed/v2.0/gnssro_cosmic1_jpl_l1b/2011/11/15/gnssro_cosmic1_jpl_l1b_v2.6_cosmic1c6-G08-201111151257.nc4	749792	3afe2bd926a8187e1a81b689439d0346	553	483
2011-11	15	contributed/v2.0/gnssro_cosmic1_jpl_l1b/2011/11/15/gnssro_cosmic1_jpl_l1b_v2.6_cosmic1c6-G19-201111152305.nc4	707792	ad1d531fb74b3c4d6ca59a7511ac0034	553	511
2011-11	15	contributed/v2.0/gnssro_cosmic1_jpl_l1b/2011/11/15/gnssro_cosmic1_jpl_l1b_v2.6_cosmic1c6-G29-201111151942.nc4	647792	56863bfa57c1be0edaedd315a19daf2a	553	539
2011-12	15	contributed/v2.0/gnssro_cosmic1_jpl_l1b/2011/12/15/gnssro_cosmic1_jpl_l1b_v2.6_cosmic1c1-G03-201112152120.nc4	695792	7261fd6bab874ec3f1d9cd7250076099	800	20
2011-12	15	contributed/v2.0/gnssro_cosmic1_jpl_l1b/2011/12/15/gnssro_cosmic1_jpl_l1b_v2.6_cosmic1c1-G07-201112152040.nc4	569792	b2811004f96eaa09c540a49ee6c330e4	800	60
2011-12	15	contributed/v2.0/gnssro_cosmic1_jpl_l1b/2011/12/15/gnssro_cosmic1_jpl_l1b_v2.6_cosmic1c1-G11-201112150747.nc4	659792	125ec1b5cc475eeb78e997e5de8fb19a	800	100
2011-12	15	contributed/v2.0/gnssro_cosmic1_jpl_l1b/2011/12/15/gnssro_cosmic1_jpl_l1b_v2.6_cosmic1c1-G15-201112151815.nc4	797792	33a06cb1cbc18905ed2ca11b7a86cbd3	800	140
2011-12	15	contributed/v2.0/gnssro_cosmic1_jpl_l1b/2011/12/15/gnssro_cosmic1_jpl_l1b_v2.6_cosmic1c1-G19-201112150008.nc4	545792	8b11e56eda6f4d8e3314b487b7f711c7	800	180
2011-12	15	contributed/v2.0/gnssro_cosmic1_jpl_l1b/2011/12/15/gnssro_cosmic1_jpl_l1b_v2.6_cosmic1c1-G22-201112151117.nc4	725792	531458d90aceb6e0784e70b2159218b3	800	220
2011-12	15	contributed/v2.0/gnssro_cosmic1_jpl_l1b/2011/12/15/gnssro_cosmic1_jpl_l1b_v2.6_cosmic1c1-G28-201112151253.nc4	701792	1320b66e55d895f0ca955864db5d4b07	800	260
2011-12	15	contributed/v2.0/gnssro_cosmic1_jpl_l1b/2011/12/15/gnssro_cosmic1_jpl_l1b_v2.6_cosmic1c1-G32-201112151930.nc4	719792	40b2b185adaf81924a3f02a40b74a7bb	800	300
2011-12	15	contributed/v2.0/gnssro_cosmic1_jpl_l1b/2011/12/15/gnssro_cosmic1_jpl_l1b_v2.6_cosmic1c2-G09-201112151521.nc4	683792	323db8222e153147a6f17e55db718a4f	800	340
2011-12	15	contributed/v2.0/gnssro_cosmic1_jpl_l1b/2011/12/15/gnssro_cosmic1_jpl_l1b_v2.6_cosmic1c2-G20-201112151455.nc4	719792	4f844a07aba69668b92ab1cc679f27db	800	380
2011-12	15	contributed/v2.0/gnssro_cosmic1_jpl_l1b/2011/12/15/gnssro_cosmic1_jpl_l1b_v2.6_cosmic1c2-G32-201112152302.nc4	695792	e1be5cecc5272128c0c465e183834aca	800	420
2011-12	15	contributed/v2.0/gnssro_cosmic1_jpl_l1b/2011/12/15/gnssro_cosmic1_jpl_l1b_v2.6_cosmic1c4-G11-201112150936.nc4	737792	196703db471c5c0ced779b750cc99a4b	800	460
2011-12	15	contributed/v2.0/gnssro_cosmic1_jpl_l1b/2011/12/15/gnssro_cosmic1_jpl_l1b_v2.6_cosmic1c4-G21-201112150302.nc4	677792	4c21579bceb614f49eb8c432723b4deb	800	500
2011-12	15	contributed/v2.0/gnssro_cosmic1_jpl_l1b/2011/12/15/gnssro_cosmic1_jpl_l1b_v2.6_cosmic1c5-G02-201112151004.nc4	545792	5031c6574cf1a10856787df75e771c77	800	540
2011-12	15	contributed/v2.0/gnssro_cosmic1_jpl_l1b/2011/12/15/gnssro_cosmic1_jpl_l1b_v2.6_cosmic1c5-G26-201112151131.nc4	863792	20fbf6233f53558aa210203b54f3e2bb	800	580
2011-12	15	contributed/v2.0/gnssro_cosmic1_jpl_l1b/2011/12/15/gnssro_cosmic1_jpl_l1b_v2.6_cosmic1c6-G05-201112150915.nc4	647792	8e90901cb6653c83896aa18fbb444309	800	620
2011-12	15	contributed/v2.0/gnssro_cosmic1_jpl_l1b/2011/12/15/gnssro_cosmic1_jpl_l1b_v2.6_cosmic1c6-G10-201112150549.nc4	629792	d417907231782f62b965e1d7e2b7321d	800	660
2011-12	15	contributed/v2.0/gnssro_cosmic1_jpl_l1b/2011/12/15/gnssro_cosmic1_jpl_l1b_v2.6_cosmic1c6-G15-201112151059.nc4	785792	fe5684011df825ad0ffabe41c6d9ba9a	800	700
2011-12	15	contributed/v2.0/gnssro_cosmic1_jpl_l1b/2011/12/15/gnssro_cosmic1_jpl_l1b_v2.6_cosmic1c6-G21-201112151046.nc4	593792	9faa21cce7edd57fad11742ffa9a5e96	800	740
2011-12	15	contributed/v2.0/gnssro_cosmic1_jpl_l1b/2011/12/15/gnssro_cosmic1_jpl_l1b_v2.6_cosmic1c6-G29-201112151327.nc4	887792	1f3aebf3f4ff763334cbeb6e2cffe798	800	780
2012-01	15	contributed/v2.0/gnssro_cosmic1_jpl_l1b/2012/01/15/gnssro_cosmic1_jpl_l1b_v2.6_cosmic1c1-G02-201201151449.nc4	731792	496083a11ca4b37aef5155db59f33ed4	943	23
2012-01	15	contributed/v2.0/gnssro_cosmic1_jpl_l1b/2012/01/15/gnssro_cosmic1_jpl_l1b_v2.6_cosmic1c1-G07-201201151520.nc4	533792	4cbd77138d7a6b64c7ec70c904544aec	943	70
2012-01	15	contributed/v2.0/gnssro_cosmic1_jpl_l1b/2012/01/15/gnssro_cosmic1_jpl_l1b_v2.6_cosmic1c1-G11-201201150657.nc4	725792	5b32e93d48e6df28fd5940ea9a561958	943	117
2012-01	15	contributed/v2.0/gnssro_cosmic1_jpl_l1b/2012/01/15/gnssro_cosmic1_jpl_l1b_v2.6_cosmic1c1-G17-201201151905.nc4	821792	5bd10e0685df8802e20e20f16320fc23	943	165
2012-01	15	contributed/v2.0/gnssro_cosmic1_jpl_l1b/2012/01/15/gnssro_cosmic1_jpl_l1b_v2.6_cosmic1c1-G23-201201151504.nc4	599792	94e758a132d98ba97bfee312b33c14e0	943	212
2012-01	15	contributed/v2.0/gnssro_cosmic1_jpl_l1b/2012/01/15/gnssro_cosmic1_jpl_l1b_v2.6_cosmic1c1-G31-201201151447.nc4	665792	7cbe7d5a73a08e957c6be50f934921fa	943	259
2012-01	15	contributed/v2.0/gnssro_cosmic1_jpl_l1b/2012/01/15/gnssro_cosmic1_jpl_l1b_v2.6_cosmic1c4-G03-201201151452.nc4	575792	0294c5c0ba871cf9fd526d541dd14810	943	306
2012-01	15	contributed/v2.0/gnssro_cosmic1_jpl_l1b/2012/01/15/gnssro_cosmic1_jpl_l1b_v2.6_cosmic1c4-G07-201201150106.nc4	959792	22e8364398c273bc3db922b786a720a6	943	353
2012-01	15	contributed/v2.0/gnssro_cosmic1_jpl_l1b/2012/01/15/gnssro_cosmic1_jpl_l1b_v2.6_cosmic1c4-G11-201201151044.nc4	611792	eef418738fabc07146a3ce524c8c17e2	943	400
2012-01	15	contributed/v2.0/gnssro_cosmic1_jpl_l1b/2012/01/15/gnssro_cosmic1_jpl_l1b_v2.6_cosmic1c4-G15-201201150733.nc4	773792	9367bff31d285b884a8774dd2679c413	943	447
2012-01	15	contributed/v2.0/gnssro_cosmic1_jpl_l1b/2012/01/15/gnssro_cosmic1_jpl_l1b_v2.6_cosmic1c4-G18-201201151223.nc4	725672	a361c06be4f365f816a760e8a7a5d566	943	495
2012-01	15	contributed/v2.0/gnssro_cosmic1_jpl_l1b/2012/01/15/gnssro_cosmic1_jpl_l1b_v2.6_cosmic1c4-G22-201201150708.nc4	653792	23bacbb1fcb32fbdac7fda7c04592947	943	542
2012-01	15	contributed/v2.0/gnssro_cosmic1_jpl_l1b/2012/01/15/gnssro_cosmic1_jpl_l1b_v2.6_cosmic1c4-G28-201201150250.nc4	779792	7573177262457365e025b8d258843fb5	943	589
2012-01	15	contributed/v2.0/gnssro_cosmic1_jpl_l1b/2012/01/15/gnssro_cosmic1_jpl_l1b_v2.6_cosmic1c4-G32-201201150050.nc4	701792	e7cef7133f9cf6f679126fc54ae80a40	943	636
2012-01	15	contributed/v2.0/gnssro_cosmic1_jpl_l1b/2012/01/15/gnssro_cosmic1_jpl_l1b_v2.6_cosmic1c5-G06-201201152354.nc4	641792	a9b73e7dda58419d9618650c36f4f109	943	683
2012-01	15	contributed/v2.0/gnssro_cosmic1_jpl_l1b/2012/01/15/gnssro_cosmic1_jpl_l1b_v2.6_cosmic1c5-G14-201201151642.nc4	731792	5c00cd50e279899eacedb558059f1cfc	943	730
2012-01	15	contributed/v2.0/gnssro_cosmic1_jpl_l1b/2012/01/15/gnssro_cosmic1_jpl_l1b_v2.6_cosmic1c5-G23-201201150818.nc4	701792	684e05182fdeebba4935f9198893e166	943	777
2012-01	15	contributed/v2.0/gnssro_cosmic1_jpl_l1b/2012/01/15/gnssro_cosmic1_jpl_l1b_v2.6_cosmic1c6-G03-201201151926.nc4	737792	85a5526d4c27777aa86ff1ba1861a0f1	943	825
2012-01	15	contributed/v2.0/gnssro_cosmic1_jpl_l1b/2012/01/15/gnssro_cosmic1_jpl_l1b_v2.6_cosmic1c6-G15-201201151137.nc4	821792	0ee0369a590e1a0df52be78982600107	943	872
2012-01	15	contributed/v2.0/gnssro_cosmic1_jpl_l1b/2012/01/15/gnssro_cosmic1_jpl_l1b_v2.6_cosmic1c6-G25-201201152319.nc4	521792	a33f29726b5f5fc644e9adf4f4e3a1f8	943	919
2012-02	14	contributed/v2.0/gnssro_cosmic1_jpl_l1b/2012/02/14/gnssro_cosmic1_jpl_l1b_v2.6_cosmic1c1-G14-201202140912.nc4	821792	df47c478cb2ce1aa5aac9cb133a8059b	272	6
2012-02	14	contributed/v2.0/gnssro_cosmic1_jpl_l1b/2012/02/14/gnssro_cosmic1_jpl_l1b_v2.6_cosmic1c4-G01-201202140813.nc4	737792	f2d1077554a5889be8106e4f38161dce	272	20
2012-02	14	contributed/v2.0/gnssro_cosmic1_jpl_l1b/2012/02/14/gnssro_cosmic1_jpl_l1b_v2.6_cosmic1c4-G08-201202140630.nc4	695792	c27a7d9ecd5aa6708f30b3be692e14b5	272	34
2012-02	14	contributed/v2.0/gnssro_cosmic1_jpl_l1b/2012/02/14/gnssro_cosmic1_jpl_l1b_v2.6_cosmic1c4-G13-201202140823.nc4	635792	c0138d56239da062d3f46d0b7e96cfd3	272	47
2012-02	14	contributed/v2.0/gnssro_cosmic1_jpl_l1b/2012/02/14/gnssro_cosmic1_jpl_l1b_v2.6_cosmic1c4-G20-201202140011.nc4	743792	c89b5b2d4ea0c1c255b3645f15f5fb60	272	61
2012-02	14	contributed/v2.0/gnssro_cosmic1_jpl_l1b/2012/02/14/gnssro_cosmic1_jpl_l1b_v2.6_cosmic1c4-G25-201202140206.nc4	497792	74120c4673c344a3f3ece15856ce56f3	272	74
2012-02	14	contributed/v2.0/gnssro_cosmic1_jpl_l1b/2012/02/14/gnssro_cosmic1_jpl_l1b_v2.6_cosmic1c4-G31-201202140507.nc4	587792	cf475e6412649d4580c8111ccde7761f	272	88
2012-02	14	contributed/v2.0/gnssro_cosmic1_jpl_l1b/2012/02/14/gnssro_cosmic1_jpl_l1b_v2.6_cosmic1c5-G04-201202140039.nc4	647792	41ce90b97f97445132e2ee0edb2bede5	272	102
2012-02	14	contributed/v2.0/gnssro_cosmic1_jpl_l1b/2012/02/14/gnssro_cosmic1_jpl_l1b_v2.6_cosmic1c5-G06-201202140159.nc4	521792	6d5c477c58f7bc8d3ecf300c79cb165e	272	115
2012-02	14	contributed/v2.0/gnssro_cosmic1_jpl_l1b/2012/02/14/gnssro_cosmic1_jpl_l1b_v2.6_cosmic1c5-G10-201202140318.nc4	785792	cda80417ccc244ea8d89af8021d474b9	272	129
2012-02	14	contributed/v2.0/gnssro_cosmic1_jpl_l1b/2012/02/14/gnssro_cosmic1_jpl_l1b_v2.6_cosmic1c5-G14-201202140713.nc4	899792	b5298272992cfe38c717e61375d26524	272	142
2012-02	14	contributed/v2.0/gnssro_cosmic1_jpl_l1b/2012/02/14/gnssro_cosmic1_jpl_l1b_v2.6_cosmic1c5-G17-201202140700.nc4	629792	d819f16be89523873dde96be98d092f5	272	156
2012-02	14	contributed/v2.0/gnssro_cosmic1_jpl_l1b/2012/02/14/gnssro_cosmic1_jpl_l1b_v2.6_cosmic1c5-G22-201202140329.nc4	905792	ed3fa88048c5af9e18d73e6850170321	272	170
2012-02	14	contributed/v2.0/gnssro_cosmic1_jpl_l1b/2012/02/14/gnssro_cosmic1_jpl_l1b_v2.6_cosmic1c5-G27-201202140148.nc4	683792	0704eb46834d0537ff02f3b0169dd3ca	272	183
2012-02	14	contributed/v2.0/gnssro_cosmic1_jpl_l1b/2012/02/14/gnssro_cosmic1_jpl_l1b_v2.6_cosmic1c5-G30-201202140658.nc4	593792	90633ec8f4b9569f1b8c6e8decbe9983	272	197
2012-02	14	contributed/v2.0/gnssro_cosmic1_jpl_l1b/2012/02/14/gnssro_cosmic1_jpl_l1b_v2.6_cosmic1c6-G02-201202140643.nc4	671792	d01a0ab5dd81cfa8eca72fa8f9e0d697	272	210
2012-02	14	contributed/v2.0/gnssro_cosmic1_jpl_l1b/2012/02/14/gnssro_cosmic1_jpl_l1b_v2.6_cosmic1c6-G10-201202140251.nc4	665792	42955c4e3f8ee1d0f7db3e29f7afe5f1	272	224
2012-02	14	contributed/v2.0/gnssro_cosmic1_jpl_l1b/2012/02/14/gnssro_cosmic1_jpl_l1b_v2.6_cosmic1c6-G17-201202140504.nc4	701792	b945e3bd6f55e824782ae7fe6ba3c437	272	238
2012-02	14	contributed/v2.0/gnssro_cosmic1_jpl_l1b/2012/02/14/gnssro_cosmic1_jpl_l1b_v2.6_cosmic1c6-G22-201202140349.nc4	719792	b183109eea4f8351037f477e7838a426	272	251
2012-02	14	contributed/v2.0/gnssro_cosmic1_jpl_l1b/2012/02/14/gnssro_cosmic1_jpl_l1b_v2.6_cosmic1c6-G29-201202140230.nc4	533792	4e09a9debfba7a301f9f15e78200701a	272	265
2012-03	15	contributed/v2.0/gnssro_cosmic1_jpl_l1b/2012/03/15/gnssro_cosmic1_jpl_l1b_v2.6_cosmic1c1-G03-201203150602.nc4	1259792	72264940c94a4a5d8b1085a22adcf4ed	1015	25
2012-03	15	contributed/v2.0/gnssro_cosmic1_jpl_l1b/2012/03/15/gnssro_cosmic1_jpl_l1b_v2.6_cosmic1c1-G06-201203152142.nc4	719792	86c3d1c8f2d40f55c70c0ece4cf51382	1015	76
2012-03	15	contributed/v2.0/gnssro_cosmic1_jpl_l1b/2012/03/15/gnssro_cosmic1_jpl_l1b_v2.6_cosmic1c1-G10-201203152104.nc4	575792	81605a07361c445a5b3dfb0bc3a757e6	1015	126
2012-03	15	contributed/v2.0/gnssro_cosmic1_jpl_l1b/2012/03/15/gnssro_cosmic1_jpl_l1b_v2.6_cosmic1c1-G14-201203152028.nc4	599792	3b6b1fcf820181201224965660bd45c4	1015	177
2012-03	15	contributed/v2.0/gnssro_cosmic1_jpl_l1b/2012/03/15/gnssro_cosmic1_jpl_l1b_v2.6_cosmic1c1-G18-201203150522.nc4	803792	a3806afa15b9d45a5d346906a73d5def	1015	228
2012-03	15	contributed/v2.0/gnssro_cosmic1_jpl_l1b/2012/03/15/gnssro_cosmic1_jpl_l1b_v2.6_cosmic1c1-G22-201203150315.nc4	539792	3c1914d2409d4aabcccab3679646551a	1015	279
2012-03	15	contributed/v2.0/gnssro_cosmic1_jpl_l1b/2012/03/15/gnssro_cosmic1_jpl_l1b_v2.6_cosmic1c1-G26-201203151745.nc4	737792	418902a7b9f96aafbf7ee2b3caf78d25	1015	329
2012-03	15	contributed/v2.0/gnssro_cosmic1_jpl_l1b/2012/03/15/gnssro_cosmic1_jpl_l1b_v2.6_cosmic1c1-G30-201203152158.nc4	719792	e510d1d0bf7d49c29b48612a89dbfe5a	1015	380
2012-03	15	contributed/v2.0/gnssro_cosmic1_jpl_l1b/2012/03/15/gnssro_cosmic1_jpl_l1b_v2.6_cosmic1c2-G03-201203150354.nc4	683792	efd9f0bbd14f532ea9a94dae1625374f	1015	431
2012-03	15	contributed/v2.0/gnssro_cosmic1_jpl_l1b/2012/03/15/gnssro_cosmic1_jpl_l1b_v2.6_cosmic1c2-G09-201203151222.nc4	779792	168d62b83d2fc6b2da25bd77d36a4638	1015	482
2012-03	15	contributed/v2.0/gnssro_cosmic1_jpl_l1b/2012/03/15/gnssro_cosmic1_jpl_l1b_v2.6_cosmic1c2-G16-201203150940.nc4	677792	3f471244e97855bb9d85dcb4d17ad7ee	1015	532
2012-03	15	contributed/v2.0/gnssro_cosmic1_jpl_l1b/2012/03/15/gnssro_cosmic1_jpl_l1b_v2.6_cosmic1c2-G25-201203151034.nc4	623792	3579b64039556239c867a49d6a0467c5	1015	583
2012-03	15	contributed/v2.0/gnssro_cosmic1_jpl_l1b/2012/03/15/gnssro_cosmic1_jpl_l1b_v2.6_cosmic1c4-G01-201203151124.nc4	911792	22e89a082fc714279932c4e172f4a9b7	1015	634
2012-03	15	contributed/v2.0/gnssro_cosmic1_jpl_l1b/2012/03/15/gnssro_cosmic1_jpl_l1b_v2.6_cosmic1c4-G12-201203151946.nc4	779792	c5c251f1490fa356e09a047400c5ad9a	1015	685
2012-03	15	contributed/v2.0/gnssro_cosmic1_jpl_l1b/2012/03/15/gnssro_cosmic1_jpl_l1b_v2.6_cosmic1c4-G21-201203152147.nc4	683792	6efb5f173634feb8dde9444c81cd6eb7	1015	735
2012-03	15	contributed/v2.0/gnssro_cosmic1_jpl_l1b/2012/03/15/gnssro_cosmic1_jpl_l1b_v2.6_cosmic1c5-G02-201203150533.nc4	641792	8dd55fb98474ff6e7d17d1c0f4ae85b7	1015	786
2012-03	15	contributed/v2.0/gnssro_cosmic1_jpl_l1b/2012/03/15/gnssro_cosmic1_jpl_l1b_v2.6_cosmic1c5-G11-201203150423.nc4	851792	e14bc76a0cf0289db1923bad900e862d	1015	837
2012-03	15	contributed/v2.0/gnssro_cosmic1_jpl_l1b/2012/03/15/gnssro_cosmic1_jpl_l1b_v2.6_cosmic1c5-G20-201203150710.nc4	839792	ae9febe237587c3f20cb54890583ea41	1015	888
2012-03	15	contributed/v2.0/gnssro_cosmic1_jpl_l1b/2012/03/15/gnssro_cosmic1_jpl_l1b_v2.6_cosmic1c5-G29-201203150708.nc4	635792	52c3bfdbb0fe34b198f69010090970dd	1015	938
2012-03	15	contributed/v2.0/gnssro_cosmic1_jpl_l1b/2012/03/15/gnssro_cosmic1_jpl_l1b_v2.6_cosmic1c6-G17-201203151036.nc4	749792	00f101f61108fa89371580f63f0ea258	1015	989
2012-04	15	contributed/v2.0/gnssro_cosmic1_jpl_l1b/2012/04/15/gnssro_cosmic1_jpl_l1b_v2.6_cosmic1c1-G03-201204151646.nc4	677672	6bd7d238d2321c30d941a3c99b03dea9	1146	28
2012-04	15	contributed/v2.0/gnssro_cosmic1_jpl_l1b/2012/04/15/gnssro_cosmic1_jpl_l1b_v2.6_cosmic1c1-G12-201204151726.nc4	773792	37426bbb78d64e053aedfa8c50b1e05b	1146	85
2012-04	15	contributed/v2.0/gnssro_cosmic1_jpl_l1b/2012/04/15/gnssro_cosmic1_jpl_l1b_v2.6_cosmic1c1-G22-201204150900.nc4	893792	d5112ccdb9c612051b0b443efb230d9f	1146	143
2012-04	15	contributed/v2.0/gnssro_cosmic1_jpl_l1b/2012/04/15/gnssro_cosmic1_jpl_l1b_v2.6_cosmic1c1-G32-201204150212.nc4	647792	572ba025a69af8d799117e5bc98de703	1146	200
2012-04	15	contributed/v2.0/gnssro_cosmic1_jpl_l1b/2012/04/15/gnssro_cosmic1_jpl_l1b_v2.6_cosmic1c2-G14-201204151305.nc4	641792	b205344bf06f9745c3d34a3b82495c58	1146	257
2012-04	15	contributed/v2.0/gnssro_cosmic1_jpl_l1b/2012/04/15/gnssro_cosmic1_jpl_l1b_v2.6_cosmic1c2-G29-201204150506.nc4	695792	53c51a50f66d51a932250ec2fdc8703a	1146	315
2012-04	15	contributed/v2.0/gnssro_cosmic1_jpl_l1b/2012/04/15/gnssro_cosmic1_jpl_l1b_v2.6_cosmic1c4-G07-201204150840.nc4	1337792	7e0d44eb71df3194ab58a82879293608	1146	372
2012-04	15	contributed/v2.0/gnssro_cosmic1_jpl_l1b/2012/04/15/gnssro_cosmic1_jpl_l1b_v2.6_cosmic1c4-G18-201204152141.nc4	677792	20733d4f0d959ceeb0ed7b0f9956d651	1146	429
2012-04	15	contributed/v2.0/gnssro_cosmic1_jpl_l1b/2012/04/15/gnssro_cosmic1_jpl_l1b_v2.6_cosmic1c4-G28-201204150621.nc4	689792	85a0b1bdb80e9bbdef06911611302220	1146	487
2012-04	15	contributed/v2.0/gnssro_cosmic1_jpl_l1b/2012/04/15/gnssro_cosmic1_jpl_l1b_v2.6_cosmic1c5-G03-201204151328.nc4	767792	2e8406b57d252c3da47450b4fbf242a6	1146	544
2012-04	15	contributed/v2.0/gnssro_cosmic1_jpl_l1b/2012/04/15/gnssro_cosmic1_jpl_l1b_v2.6_cosmic1c5-G10-201204151431.nc4	683792	a26670dcc64656dd668fe1439f702fe0	1146	601
2012-04	15	contributed/v2.0/gnssro_cosmic1_jpl_l1b/2012/04/15/gnssro_cosmic1_jpl_l1b_v2.6_cosmic1c5-G18-201204151425.nc4	539792	7d889a101ab0080c0b35a495d02775fd	1146	658
2012-04	15	contributed/v2.0/gnssro_cosmic1_jpl_l1b/2012/04/15/gnssro_cosmic1_jpl_l1b_v2.6_cosmic1c5-G27-201204152144.nc4	839792	259e2b937b760300f6b5acd1599bc460	1146	716
2012-04	15	contributed/v2.0/gnssro_cosmic1_jpl_l1b/2012/04/15/gnssro_cosmic1_jpl_l1b_v2.6_cosmic1c6-G02-201204150214.nc4	581792	9635dace158a5af25a7a0d963557e21a	1146	773
2012-04	15	contributed/v2.0/gnssro_cosmic1_jpl_l1b/2012/04/15/gnssro_cosmic1_jpl_l1b_v2.6_cosmic1c6-G06-201204150715.nc4	659792	a6b2816a19f821331368d91a1e395dd4	1146	830
2012-04	15	contributed/v2.0/gnssro_cosmic1_jpl_l1b/2012/04/15/gnssro_cosmic1_jpl_l1b_v2.6_cosmic1c6-G12-201204150213.nc4	767792	9b7981179b7fa8fcf1f93bf630010137	1146	888
2012-04	15	contributed/v2.0/gnssro_cosmic1_jpl_l1b/2012/04/15/gnssro_cosmic1_jpl_l1b_v2.6_cosmic1c6-G16-201204150919.nc4	719792	1d6a706255c5b7b7d41709d3160ca048	1146	945
2012-04	15	contributed/v2.0/gnssro_cosmic1_jpl_l1b/2012/04/15/gnssro_cosmic1_jpl_l1b_v2.6_cosmic1c6-G20-201204151548.nc4	623792	6336172e427f07877c306b7eee5e6933	1146	1002
2012-04	15	contributed/v2.0/gnssro_cosmic1_jpl_l1b/2012/04/15/gnssro_cosmic1_jpl_l1b_v2.6_cosmic1c6-G26-201204150145.nc4	599792	d2fc073a752d092e8b5cdb31f48ac127	1146	1060
2012-04	15	contributed/v2.0/gnssro_cosmic1_jpl_l1b/2012/04/15/gnssro_cosmic1_jpl_l1b_v2.6_cosmic1c6-G30-201204152200.nc4	665792	889a3b98b2cc158592c9cf52a7b0a0a7	1146	1117
2012-05	15	contributed/v2.0/gnssro_cosmic1_jpl_l1b/2012/05/15/gnssro_cosmic1_jpl_l1b_v2.6_cosmic1c1-G02-201205152024.nc4	599792	6b6e7a1bd91348f8ca9a78a148da0d79	622	15
2012-05	15	contributed/v2.0/gnssro_cosmic1_jpl_l1b/2012/05/15/gnssro_cosmic1_jpl_l1b_v2.6_cosmic1c1-G05-201205152215.nc4	533792	9a3f57ba3161997d8f3e5d10cebe6fe7	622	46
2012-05	15	contributed/v2.0/gnssro_cosmic1_jpl_l1b/2012/05/15/gnssro_cosmic1_jpl_l1b_v2.6_cosmic1c1-G09-201205150720.nc4	773792	e98c6de50c1a382f99312b0c79d7f800	622	77
2012-05	15	contributed/v2.0/gnssro_cosmic1_jpl_l1b/2012/05/15/gnssro_cosmic1_jpl_l1b_v2.6_cosmic1c1-G13-201205150413.nc4	689792	0ad85fc67b33315c4e3e9cd5d2f3625a	622	108
2012-05	15	contributed/v2.0/gnssro_cosmic1_jpl_l1b/2012/05/15/gnssro_cosmic1_jpl_l1b_v2.6_cosmic1c1-G16-201205150403.nc4	1061792	3961182ee6de88763db795fc715f421f	622	139
2012-05	15	contributed/v2.0/gnssro_cosmic1_jpl_l1b/2012/05/15/gnssro_cosmic1_jpl_l1b_v2.6_cosmic1c1-G19-201205151431.nc4	557792	825d7df4aafaa9dbeab14d12961e1ee8	622	171
2012-05	15	contributed/v2.0/gnssro_cosmic1_jpl_l1b/2012/05/15/gnssro_cosmic1_jpl_l1b_v2.6_cosmic1c1-G23-201205151015.nc4	695792	1f7cb03393aafe2f9720043774e36b2b	622	202
2012-05	15	contributed/v2.0/gnssro_cosmic1_jpl_l1b/2012/05/15/gnssro_cosmic1_jpl_l1b_v2.6_cosmic1c1-G26-201205151329.nc4	695792	d0cb747f5b696c8bf5d014e9398da5a4	622	233
2012-05	15	contributed/v2.0/gnssro_cosmic1_jpl_l1b/2012/05/15/gnssro_cosmic1_jpl_l1b_v2.6_cosmic1c1-G29-201205150805.nc4	845792	869b80dd1b08c65742268340fba91a68	622	264
2012-05	15	contributed/v2.0/gnssro_cosmic1_jpl_l1b/2012/05/15/gnssro_cosmic1_jpl_l1b_v2.6_cosmic1c2-G01-201205151233.nc4	761792	77291e2f51b2907d7be5f2c248b32940	622	295
2012-05	15	contributed/v2.0/gnssro_cosmic1_jpl_l1b/2012/05/15/gnssro_cosmic1_jpl_l1b_v2.6_cosmic1c2-G18-201205151438.nc4	623792	0f540dfa1c22e13c6dfe1ea677f7af42	622	326
2012-05	15	contributed/v2.0/gnssro_cosmic1_jpl_l1b/2012/05/15/gnssro_cosmic1_jpl_l1b_v2.6_cosmic1c2-G31-201205151221.nc4	671792	060c7dee6f1e75ca69ba17117791f04b	622	357
2012-05	15	contributed/v2.0/gnssro_cosmic1_jpl_l1b/2012/05/15/gnssro_cosmic1_jpl_l1b_v2.6_cosmic1c5-G07-201205151544.nc4	713792	0d9635e4430b2609a26bef1ec821799e	622	388
2012-05	15	contributed/v2.0/gnssro_cosmic1_jpl_l1b/2012/05/15/gnssro_cosmic1_jpl_l1b_v2.6_cosmic1c5-G13-201205151619.nc4	557792	4d18a0505515565070f567f85fee4972	622	419
2012-05	15	contributed/v2.0/gnssro_cosmic1_jpl_l1b/2012/05/15/gnssro_cosmic1_jpl_l1b_v2.6_cosmic1c5-G18-201205151613.nc4	569792	0ff3439c69a807ae4e68d955e119e6ab	622	450
2012-05	15	contributed/v2.0/gnssro_cosmic1_jpl_l1b/2012/05/15/gnssro_cosmic1_jpl_l1b_v2.6_cosmic1c5-G24-201205151219.nc4	821792	87970bc4769f2b177e756ca848744881	622	482
2012-05	15	contributed/v2.0/gnssro_cosmic1_jpl_l1b/2012/05/15/gnssro_cosmic1_jpl_l1b_v2.6_cosmic1c5-G29-201205150917.nc4	659792	21e23fd6f8eed044109b3627a9522e87	622	513
2012-05	15	contributed/v2.0/gnssro_cosmic1_jpl_l1b/2012/05/15/gnssro_cosmic1_jpl_l1b_v2.6_cosmic1c6-G04-201205150214.nc4	713792	70a34af463322050579666e3b1cd490d	622	544
2012-05	15	contributed/v2.0/gnssro_cosmic1_jpl_l1b/2012/05/15/gnssro_cosmic1_jpl_l1b_v2.6_cosmic1c6-G15-201205151731.nc4	857792	4d236617ec01343fc30e8659249b10b5	622	575
2012-05	15	contributed/v2.0/gnssro_cosmic1_jpl_l1b/2012/05/15/gnssro_cosmic1_jpl_l1b_v2.6_cosmic1c6-G28-201205150000.nc4	863792	b26e311de6694255252ad1d0db66142f	622	606
2012-06	15	contributed/v2.0/gnssro_cosmic1_jpl_l1b/2012/06/15/gnssro_cosmic1_jpl_l1b_v2.6_cosmic1c4-G03-201206150022.nc4	545792	c7be1e852dc2991c9a437b8d40c1631d	244	6
2012-06	15	contributed/v2.0/gnssro_cosmic1_jpl_l1b/2012/06/15/gnssro_cosmic1_jpl_l1b_v2.6_cosmic1c4-G04-201206151644.nc4	593792	53e41fc415341da5475698553df629a6	244	18
2012-06	15	contributed/v2.0/gnssro_cosmic1_jpl_l1b/2012/06/15/gnssro_cosmic1_jpl_l1b_v2.6_cosmic1c4-G06-201206152317.nc4	581792	bcb10c606be9bd0c712550d4d02bde8d	244	30
2012-06	15	contributed/v2.0/gnssro_cosmic1_jpl_l1b/2012/06/15/gnssro_cosmic1_jpl_l1b_v2.6_cosmic1c4-G09-201206151646.nc4	911792	f348c9be7513a5a21aba0a0411a106a4	244	42
2012-06	15	contributed/v2.0/gnssro_cosmic1_jpl_l1b/2012/06/15/gnssro_cosmic1_jpl_l1b_v2.6_cosmic1c4-G13-201206151844.nc4	731792	04cbc078244a003f87126ec3ce9b4144	244	54
2012-06	15	contributed/v2.0/gnssro_cosmic1_jpl_l1b/2012/06/15/gnssro_cosmic1_jpl_l1b_v2.6_cosmic1c4-G16-201206150701.nc4	725792	40501a3964606fe05a9d286d95fd379a	244	67
2012-06	15	contributed/v2.0/gnssro_cosmic1_jpl_l1b/2012/06/15/gnssro_cosmic1_jpl_l1b_v2.6_cosmic1c4-G18-201206150011.nc4	1097792	1af2a7ed1f2e5381e29dc791b48fd0d4	244	79
2012-06	15	contributed/v2.0/gnssro_cosmic1_jpl_l1b/2012/06/15/gnssro_cosmic1_jpl_l1b_v2.6_cosmic1c4-G19-201206151138.nc4	641792	365cf80bb884b052106cdc81653f868b	244	91
2012-06	15	contributed/v2.0/gnssro_cosmic1_jpl_l1b/2012/06/15/gnssro_cosmic1_jpl_l1b_v2.6_cosmic1c4-G22-201206151825.nc4	731792	2425679352137b4c1440dba21193a8e6	244	103
2012-06	15	contributed/v2.0/gnssro_cosmic1_jpl_l1b/2012/06/15/gnssro_cosmic1_jpl_l1b_v2.6_cosmic1c4-G25-201206152159.nc4	689792	fbac8f703fb451f6e3446f7f0c6ef5d1	244	115
2012-06	15	contributed/v2.0/gnssro_cosmic1_jpl_l1b/2012/06/15/gnssro_cosmic1_jpl_l1b_v2.6_cosmic1c4-G28-201206151025.nc4	617792	39d9394f5186c2be2c29359dbe80e57e	244	128
2012-06	15	contributed/v2.0/gnssro_cosmic1_jpl_l1b/2012/06/15/gnssro_cosmic1_jpl_l1b_v2.6_cosmic1c4-G31-201206151014.nc4	623792	0e3f90877a27fabe8a9196bd36072669	244	140
2012-06	15	contributed/v2.0/gnssro_cosmic1_jpl_l1b/2012/06/15/gnssro_cosmic1_jpl_l1b_v2.6_cosmic1c6-G02-201206151153.nc4	599792	acc28e3fccf3bcd26fa9cec123d1fce4	244	152
2012-06	15	contributed/v2.0/gnssro_cosmic1_jpl_l1b/2012/06/15/gnssro_cosmic1_jpl_l1b_v2.6_cosmic1c6-G06-201206151358.nc4	617792	a5490bbf0263fd40b101cc1d445b8008	244	164
2012-06	15	contributed/v2.0/gnssro_cosmic1_jpl_l1b/2012/06/15/gnssro_cosmic1_jpl_l1b_v2.6_cosmic1c6-G09-201206150318.nc4	881792	adb050a065ceff1bd55881e9eb772ea0	244	176
2012-06	15	contributed/v2.0/gnssro_cosmic1_jpl_l1b/2012/06/15/gnssro_cosmic1_jpl_l1b_v2.6_cosmic1c6-G13-201206151007.nc4	695792	64b15e87e200999494b9779711767750	244	189
2012-06	15	contributed/v2.0/gnssro_cosmic1_jpl_l1b/2012/06/15/gnssro_cosmic1_jpl_l1b_v2.6_cosmic1c6-G15-201206151911.nc4	713792	e22edd099de935e7a89b9fc9b5744908	244	201
2012-06	15	contributed/v2.0/gnssro_cosmic1_jpl_l1b/2012/06/15/gnssro_cosmic1_jpl_l1b_v2.6_cosmic1c6-G19-201206151407.nc4	527792	9dbcc82ab889aa352d0e8b293b7a9846	244	213
2012-06	15	contributed/v2.0/gnssro_cosmic1_jpl_l1b/2012/06/15/gnssro_cosmic1_jpl_l1b_v2.6_cosmic1c6-G26-201206151331.nc4	689792	fc21563d19e9becf8933105bb77587bc	244	225
2012-06	15	contributed/v2.0/gnssro_cosmic1_jpl_l1b/2012/06/15/gnssro_cosmic1_jpl_l1b_v2.6_cosmic1c6-G29-201206152226.nc4	539792	ad8ee2b03c36e370c8501fb84868dd55	244	237
2012-07	15	contributed/v2.0/gnssro_cosmic1_jpl_l1b/2012/07/15/gnssro_cosmic1_jpl_l1b_v2.6_cosmic1c1-G02-201207151159.nc4	713792	86c56ed809b3942b596dfc7f4404e856	751	18
2012-07	15	contributed/v2.0/gnssro_cosmic1_jpl_l1b/2012/07/15/gnssro_cosmic1_jpl_l1b_v2.6_cosmic1c1-G06-201207150018.nc4	641792	361685101f5dec57ec78a49ea82c2b4a	751	56
2012-07	15	contributed/v2.0/gnssro_cosmic1_jpl_l1b/2012/07/15/gnssro_cosmic1_jpl_l1b_v2.6_cosmic1c1-G09-201207152104.nc4	743792	f892fabc095a4c0b630c4cf6014ed4cb	751	93
2012-07	15	contributed/v2.0/gnssro_cosmic1_jpl_l1b/2012/07/15/gnssro_cosmic1_jpl_l1b_v2.6_cosmic1c1-G13-201207151001.nc4	749792	e34e44b3b37c1b5d996bbb8ccbfc03de	751	131
2012-07	15	contributed/v2.0/gnssro_cosmic1_jpl_l1b/2012/07/15/gnssro_cosmic1_jpl_l1b_v2.6_cosmic1c1-G17-201207150717.nc4	911792	4e90b50bb1351578c90bc30f453b642b	751	168
2012-07	15	contributed/v2.0/gnssro_cosmic1_jpl_l1b/2012/07/15/gnssro_cosmic1_jpl_l1b_v2.6_cosmic1c1-G20-201207151823.nc4	671792	26c439b4e3998b6d2c8b7870f8e5228d	751	206
2012-07	15	contributed/v2.0/gnssro_cosmic1_jpl_l1b/2012/07/15/gnssro_cosmic1_jpl_l1b_v2.6_cosmic1c1-G25-201207152126.nc4	683792	a93f375a6e205d4d5ce2d6d4f936e448	751	244
2012-07	15	contributed/v2.0/gnssro_cosmic1_jpl_l1b/2012/07/15/gnssro_cosmic1_jpl_l1b_v2.6_cosmic1c1-G29-201207151433.nc4	707792	8d3670d8cb157c683b2d360fdb3bd7bb	751	281
2012-07	15	contributed/v2.0/gnssro_cosmic1_jpl_l1b/2012/07/15/gnssro_cosmic1_jpl_l1b_v2.6_cosmic1c1-G32-201207151318.nc4	725792	94cbda2d8d4147fce2334eb2f223de09	751	319
2012-07	15	contributed/v2.0/gnssro_cosmic1_jpl_l1b/2012/07/15/gnssro_cosmic1_jpl_l1b_v2.6_cosmic1c2-G08-201207150039.nc4	665792	ce28b48b9731f5b13d7e1c7fc8238834	751	356
2012-07	15	contributed/v2.0/gnssro_cosmic1_jpl_l1b/2012/07/15/gnssro_cosmic1_jpl_l1b_v2.6_cosmic1c2-G15-201207151753.nc4	683792	367fc1697542b3d9ffc61392e35bcb1c	751	394
2012-07	15	contributed/v2.0/gnssro_cosmic1_jpl_l1b/2012/07/15/gnssro_cosmic1_jpl_l1b_v2.6_cosmic1c2-G25-201207150727.nc4	581792	d8bca9fc05c2669b72a8332580a21b5e	751	431
2012-07	15	contributed/v2.0/gnssro_cosmic1_jpl_l1b/2012/07/15/gnssro_cosmic1_jpl_l1b_v2.6_cosmic1c5-G03-201207150049.nc4	635792	65e4931232f6ce836a10b00182414f41	751	469
2012-07	15	contributed/v2.0/gnssro_cosmic1_jpl_l1b/2012/07/15/gnssro_cosmic1_jpl_l1b_v2.6_cosmic1c5-G14-201207150540.nc4	695792	8689fd1746b348c96b224ce9a88e4326	751	506
2012-07	15	contributed/v2.0/gnssro_cosmic1_jpl_l1b/2012/07/15/gnssro_cosmic1_jpl_l1b_v2.6_cosmic1c5-G25-201207150057.nc4	647792	fe0effb6180ac1e1b4611d113a1996b8	751	544
2012-07	15	contributed/v2.0/gnssro_cosmic1_jpl_l1b/2012/07/15/gnssro_cosmic1_jpl_l1b_v2.6_cosmic1c6-G03-201207152148.nc4	659672	071f2a56bbdafe9246a47d5086c09d26	751	582
2012-07	15	contributed/v2.0/gnssro_cosmic1_jpl_l1b/2012/07/15/gnssro_cosmic1_jpl_l1b_v2.6_cosmic1c6-G10-201207151720.nc4	803792	c0d6c12f256f3ac2e11cb619e0cb19d7	751	619
2012-07	15	contributed/v2.0/gnssro_cosmic1_jpl_l1b/2012/07/15/gnssro_cosmic1_jpl_l1b_v2.6_cosmic1c6-G17-201207150141.nc4	647792	99fd325a4a9dcad102aa2d9ced051cbc	751	657
2012-07	15	contributed/v2.0/gnssro_cosmic1_jpl_l1b/2012/07/15/gnssro_cosmic1_jpl_l1b_v2.6_cosmic1c6-G23-201207152129.nc4	293672	3dd2ba7ec966bef80c8b64eaede6954f	751	694
2012-07	15	contributed/v2.0/gnssro_cosmic1_jpl_l1b/2012/07/15/gnssro_cosmic1_jpl_l1b_v2.6_cosmic1c6-G29-201207152115.nc4	833792	3d50c257ba3c6dfb75dc560e66eca291	751	732
2012-08	15	contributed/v2.0/gnssro_cosmic1_jpl_l1b/2012/08/15/gnssro_cosmic1_jpl_l1b_v2.6_cosmic1c1-G06-201208150310.nc4	737792	8a9898efaaa9c819531f959c9d0272a0	963	24
2012-08	15	contributed/v2.0/gnssro_cosmic1_jpl_l1b/2012/08/15/gnssro_cosmic1_jpl_l1b_v2.6_cosmic1c1-G14-201208150401.nc4	725792	e8cd1e5aea0725e1238e918e10b3e0a6	963	72
2012-08	15	contributed/v2.0/gnssro_cosmic1_jpl_l1b/2012/08/15/gnssro_cosmic1_jpl_l1b_v2.6_cosmic1c1-G21-201208151701.nc4	761792	a022e12dad72c31d34d97ff04574b8c6	963	120
2012-08	15	contributed/v2.0/gnssro_cosmic1_jpl_l1b/2012/08/15/gnssro_cosmic1_jpl_l1b_v2.6_cosmic1c1-G32-201208151432.nc4	557792	b759ec0117baa750178f2d6b016a379d	963	168
2012-08	15	contributed/v2.0/gnssro_cosmic1_jpl_l1b/2012/08/15/gnssro_cosmic1_jpl_l1b_v2.6_cosmic1c2-G10-201208150736.nc4	767792	cea8c0440cb72ea0246c8f2bc6d23d45	963	216
2012-08	15	contributed/v2.0/gnssro_cosmic1_jpl_l1b/2012/08/15/gnssro_cosmic1_jpl_l1b_v2.6_cosmic1c2-G17-201208151630.nc4	569792	0f3a539e101d7c2cb717843880bd0d4a	963	264
2012-08	15	contributed/v2.0/gnssro_cosmic1_jpl_l1b/2012/08/15/gnssro_cosmic1_jpl_l1b_v2.6_cosmic1c2-G25-201208151023.nc4	707792	86bd55cedf9babcf67bdec9e184718a1	963	312
2012-08	15	contributed/v2.0/gnssro_cosmic1_jpl_l1b/2012/08/15/gnssro_cosmic1_jpl_l1b_v2.6_cosmic1c5-G01-201208151417.nc4	683792	38ccdbdc57f6903fb81ff7b7162a1c75	963	361
2012-08	15	contributed/v2.0/gnssro_cosmic1_jpl_l1b/2012/08/15/gnssro_cosmic1_jpl_l1b_v2.6_cosmic1c5-G09-201208151338.nc4	563792	a3edc5e789c86c3515f37995f67ab567	963	409
2012-08	15	contributed/v2.0/gnssro_cosmic1_jpl_l1b/2012/08/15/gnssro_cosmic1_jpl_l1b_v2.6_cosmic1c5-G15-201208151454.nc4	869792	c10c92dcccfd8b6f7a301a25d0a5fd7a	963	457
2012-08	15	contributed/v2.0/gnssro_cosmic1_jpl_l1b/2012/08/15/gnssro_cosmic1_jpl_l1b_v2.6_cosmic1c5-G20-201208152238.nc4	635792	159d8c8df4389e2456bdd5176035b20d	963	505
2012-08	15	contributed/v2.0/gnssro_cosmic1_jpl_l1b/2012/08/15/gnssro_cosmic1_jpl_l1b_v2.6_cosmic1c5-G28-201208151622.nc4	575792	a037f4dc491d18def19149c58eed0119	963	553
2012-08	15	contributed/v2.0/gnssro_cosmic1_jpl_l1b/2012/08/15/gnssro_cosmic1_jpl_l1b_v2.6_cosmic1c6-G02-201208150411.nc4	683792	e2ddbb2213f3e2c466458adca03158b5	963	601
2012-08	15	contributed/v2.0/gnssro_cosmic1_jpl_l1b/2012/08/15/gnssro_cosmic1_jpl_l1b_v2.6_cosmic1c6-G06-201208151026.nc4	659792	c73dc6dbc890f602f302f18bfae4a862	963	650
2012-08	15	contributed/v2.0/gnssro_cosmic1_jpl_l1b/2012/08/15/gnssro_cosmic1_jpl_l1b_v2.6_cosmic1c6-G09-201208151828.nc4	557792	7aa33711e2ed82227e4915e4ff039a91	963	698
2012-08	15	contributed/v2.0/gnssro_cosmic1_jpl_l1b/2012/08/15/gnssro_cosmic1_jpl_l1b_v2.6_cosmic1c6-G13-201208151359.nc4	653792	78dad37a90194f1d60b1bcb73c03dc77	963	746
2012-08	15	contributed/v2.0/gnssro_cosmic1_jpl_l1b/2012/08/15/gnssro_cosmic1_jpl_l1b_v2.6_cosmic1c6-G18-201208150040.nc4	713792	dc7af240561faeb00095b0c5137c6f9f	963	794
2012-08	15	contributed/v2.0/gnssro_cosmic1_jpl_l1b/2012/08/15/gnssro_cosmic1_jpl_l1b_v2.6_cosmic1c6-G21-201208151630.nc4	719792	089048d9d569876c18cc2e56e4370f46	963	842
2012-08	15	contributed/v2.0/gnssro_cosmic1_jpl_l1b/2012/08/15/gnssro_cosmic1_jpl_l1b_v2.6_cosmic1c6-G27-201208150045.nc4	599792	b2b181124b4ada7898dfeeab5d66d230	963	890
2012-08	15	contributed/v2.0/gnssro_cosmic1_jpl_l1b/2012/08/15/gnssro_cosmic1_jpl_l1b_v2.6_cosmic1c6-G31-201208150448.nc4	587792	744902b756b87b480f171a40f46beb1e	963	938
2012-09	15	contributed/v2.0/gnssro_cosmic1_jpl_l1b/2012/09/15/gnssro_cosmic1_jpl_l1b_v2.6_cosmic1c1-G03-201209151630.nc4	755792	efc1cbd2620150015621c759b841ca9e	1545	38
2012-09	15	contributed/v2.0/gnssro_cosmic1_jpl_l1b/2012/09/15/gnssro_cosmic1_jpl_l1b_v2.6_cosmic1c1-G09-201209151741.nc4	659792	8694b608d9cec4a1b4a67c2cab9dc203	1545	115
2012-09	15	contributed/v2.0/gnssro_cosmic1_jpl_l1b/2012/09/15/gnssro_cosmic1_jpl_l1b_v2.6_cosmic1c1-G16-201209150854.nc4	623792	d07588542f81501519e20242050384ea	1545	193
2012-09	15	contributed/v2.0/gnssro_cosmic1_jpl_l1b/2012/09/15/gnssro_cosmic1_jpl_l1b_v2.6_cosmic1c1-G23-201209150957.nc4	869792	6fb8c111c167fb17ff97b084fa9ae6fe	1545	270
2012-09	15	contributed/v2.0/gnssro_cosmic1_jpl_l1b/2012/09/15/gnssro_cosmic1_jpl_l1b_v2.6_cosmic1c1-G30-201209150113.nc4	743792	a19890ba30b7f2bb91a1bd11676c972c	1545	347
2012-09	15	contributed/v2.0/gnssro_cosmic1_jpl_l1b/2012/09/15/gnssro_cosmic1_jpl_l1b_v2.6_cosmic1c2-G08-201209150411.nc4	659792	5a96c9e16476022266a82ab5d48324da	1545	424
2012-09	15	contributed/v2.0/gnssro_cosmic1_jpl_l1b/2012/09/15/gnssro_cosmic1_jpl_l1b_v2.6_cosmic1c2-G19-201209151210.nc4	1211792	b57c6e30a553870b4b2737574750f427	1545	502
2012-09	15	contributed/v2.0/gnssro_cosmic1_jpl_l1b/2012/09/15/gnssro_cosmic1_jpl_l1b_v2.6_cosmic1c2-G32-201209151347.nc4	623792	23160c01723af6a0fc230d084d205cae	1545	579
2012-09	15	contributed/v2.0/gnssro_cosmic1_jpl_l1b/2012/09/15/gnssro_cosmic1_jpl_l1b_v2.6_cosmic1c4-G07-201209151932.nc4	713792	f3549e248d0edb2078225979fba96ae9	1545	656
2012-09	15	contributed/v2.0/gnssro_cosmic1_jpl_l1b/2012/09/15/gnssro_cosmic1_jpl_l1b_v2.6_cosmic1c4-G13-201209151924.nc4	599792	880fc649c4bdfb040644a8cfecffef31	1545	733
2012-09	15	contributed/v2.0/gnssro_cosmic1_jpl_l1b/2012/09/15/gnssro_cosmic1_jpl_l1b_v2.6_cosmic1c4-G18-201209151403.nc4	653792	c59fb4d96368dc4fa9d83d2f154a9c0d	1545	811
2012-09	15	contributed/v2.0/gnssro_cosmic1_jpl_l1b/2012/09/15/gnssro_cosmic1_jpl_l1b_v2.6_cosmic1c4-G25-201209151425.nc4	731792	55a77a2d80f3649b22a144e240676d36	1545	888
2012-09	15	contributed/v2.0/gnssro_cosmic1_jpl_l1b/2012/09/15/gnssro_cosmic1_jpl_l1b_v2.6_cosmic1c4-G31-201209150008.nc4	899792	a4a36b4d3e165787bc0373c546617bad	1545	965
2012-09	15	contributed/v2.0/gnssro_cosmic1_jpl_l1b/2012/09/15/gnssro_cosmic1_jpl_l1b_v2.6_cosmic1c5-G05-201209150801.nc4	641792	8a2feb2510332f13104b016c1e91b06b	1545	1042
2012-09	15	contributed/v2.0/gnssro_cosmic1_jpl_l1b/2012/09/15/gnssro_cosmic1_jpl_l1b_v2.6_cosmic1c5-G11-201209150812.nc4	1097792	227669f00d6359b6a1ac120ee0fcc378	1545	1120
2012-09	15	contributed/v2.0/gnssro_cosmic1_jpl_l1b/2012/09/15/gnssro_cosmic1_jpl_l1b_v2.6_cosmic1c5-G18-201209150048.nc4	869792	227b12b8819db2cae6bbe94de75e6604	1545	1197
2012-09	15	contributed/v2.0/gnssro_cosmic1_jpl_l1b/2012/09/15/gnssro_cosmic1_jpl_l1b_v2.6_cosmic1c5-G25-201209151237.nc4	695792	ab02bc09b2181e400455ea365c05c85e	1545	1274
2012-09	15	contributed/v2.0/gnssro_cosmic1_jpl_l1b/2012/09/15/gnssro_cosmic1_jpl_l1b_v2.6_cosmic1c5-G31-201209150944.nc4	833792	40e450094d7a2d41f1390dddccc0c654	1545	1351
2012-09	15	contributed/v2.0/gnssro_cosmic1_jpl_l1b/2012/09/15/gnssro_cosmic1_jpl_l1b_v2.6_cosmic1c6-G10-201209152328.nc4	623792	7b8be77bb3225e421949d89a4786ad3a	1545	1429
2012-09	15	contributed/v2.0/gnssro_cosmic1_jpl_l1b/2012/09/15/gnssro_cosmic1_jpl_l1b_v2.6_cosmic1c6-G23-201209151000.nc4	653792	0efa02779393cb367eeda2f60014036a	1545	1506
2012-10	15	contributed/v2.0/gnssro_cosmic1_jpl_l1b/2012/10/15/gnssro_cosmic1_jpl_l1b_v2.6_cosmic1c1-G05-201210150632.nc4	683792	34431b1a8010c381fcb3c9fd1ce5cc97	1177	29
2012-10	15	contributed/v2.0/gnssro_cosmic1_jpl_l1b/2012/10/15/gnssro_cosmic1_jpl_l1b_v2.6_cosmic1c1-G12-201210150645.nc4	617792	6b199f7a0fb689d246f660b8b044008d	1177	88
2012-10	15	contributed/v2.0/gnssro_cosmic1_jpl_l1b/2012/10/15/gnssro_cosmic1_jpl_l1b_v2.6_cosmic1c1-G20-201210151316.nc4	617792	6cb5f8803c14cbfa6d523a8317461f9d	1177	147
2012-10	15	contributed/v2.0/gnssro_cosmic1_jpl_l1b/2012/10/15/gnssro_cosmic1_jpl_l1b_v2.6_cosmic1c1-G29-201210150059.nc4	491792	23042840f764b75e86f1f70ca4db4334	1177	205
2012-10	15	contributed/v2.0/gnssro_cosmic1_jpl_l1b/2012/10/15/gnssro_cosmic1_jpl_l1b_v2.6_cosmic1c2-G05-201210150512.nc4	803792	19239af364b9fb92f65a65418a817d7a	1177	264
2012-10	15	contributed/v2.0/gnssro_cosmic1_jpl_l1b/2012/10/15/gnssro_cosmic1_jpl_l1b_v2.6_cosmic1c2-G11-201210151655.nc4	701792	2d9166db5549f15519f8dbb4d140861d	1177	323
2012-10	15	contributed/v2.0/gnssro_cosmic1_jpl_l1b/2012/10/15/gnssro_cosmic1_jpl_l1b_v2.6_cosmic1c2-G17-201210150057.nc4	695792	a2474f5a4352e802791b43600df15e64	1177	382
2012-10	15	contributed/v2.0/gnssro_cosmic1_jpl_l1b/2012/10/15/gnssro_cosmic1_jpl_l1b_v2.6_cosmic1c2-G22-201210150835.nc4	629792	7d7b126d311c35df038c6b0845593f5b	1177	441
2012-10	15	contributed/v2.0/gnssro_cosmic1_jpl_l1b/2012/10/15/gnssro_cosmic1_jpl_l1b_v2.6_cosmic1c2-G29-201210150607.nc4	659792	7408181973a2c1c7a3e5183d11e18e45	1177	500
2012-10	15	contributed/v2.0/gnssro_cosmic1_jpl_l1b/2012/10/15/gnssro_cosmic1_jpl_l1b_v2.6_cosmic1c4-G10-201210151635.nc4	671792	6178a09308b0f0b1fd23a39a7b9b9ff8	1177	559
2012-10	15	contributed/v2.0/gnssro_cosmic1_jpl_l1b/2012/10/15/gnssro_cosmic1_jpl_l1b_v2.6_cosmic1c4-G28-201210151808.nc4	707792	3cdf4a6da78416dda484b829af8327e1	1177	617
2012-10	15	contributed/v2.0/gnssro_cosmic1_jpl_l1b/2012/10/15/gnssro_cosmic1_jpl_l1b_v2.6_cosmic1c5-G04-201210150355.nc4	785792	e7cbccfb28a60bb211eb6b11b70ead29	1177	676
2012-10	15	contributed/v2.0/gnssro_cosmic1_jpl_l1b/2012/10/15/gnssro_cosmic1_jpl_l1b_v2.6_cosmic1c5-G08-201210150647.nc4	707792	cd8995fa88056f408a4ca582ba935cf2	1177	735
2012-10	15	contributed/v2.0/gnssro_cosmic1_jpl_l1b/2012/10/15/gnssro_cosmic1_jpl_l1b_v2.6_cosmic1c5-G13-201210151222.nc4	533792	179a59474f67037c421803e7d4418878	1177	794
2012-10	15	contributed/v2.0/gnssro_cosmic1_jpl_l1b/2012/10/15/gnssro_cosmic1_jpl_l1b_v2.6_cosmic1c5-G18-201210151440.nc4	785792	46fbf2e6ddb45b2990bc1aa1fc478d1e	1177	853
2012-10	15	contributed/v2.0/gnssro_cosmic1_jpl_l1b/2012/10/15/gnssro_cosmic1_jpl_l1b_v2.6_cosmic1c5-G23-201210150029.nc4	563792	7ea4e7b06a7098bd26e6e67c8a306415	1177	912
2012-10	15	contributed/v2.0/gnssro_cosmic1_jpl_l1b/2012/10/15/gnssro_cosmic1_jpl_l1b_v2.6_cosmic1c5-G27-201210151907.nc4	707792	fe42090ecccf540d7cb776bda74b6bd6	1177	971
2012-10	15	contributed/v2.0/gnssro_cosmic1_jpl_l1b/2012/10/15/gnssro_cosmic1_jpl_l1b_v2.6_cosmic1c5-G32-201210151841.nc4	827792	3ee16198a874e886002ce6fcd02724a9	1177	1029
2012-10	15	contributed/v2.0/gnssro_cosmic1_jpl_l1b/2012/10/15/gnssro_cosmic1_jpl_l1b_v2.6_cosmic1c6-G13-201210151523.nc4	809792	596cc3d94371c56955471f4cd129ab52	1177	1088
2012-10	15	contributed/v2.0/gnssro_cosmic1_jpl_l1b/2012/10/15/gnssro_cosmic1_jpl_l1b_v2.6_cosmic1c6-G26-201210151845.nc4	791792	bf2bf74e272e58dab80d253938212698	1177	1147
2012-11	15	contributed/v2.0/gnssro_cosmic1_jpl_l1b/2012/11/15/gnssro_cosmic1_jpl_l1b_v2.6_cosmic1c1-G06-201211150852.nc4	809792	bfc2378f3240d0e54b40940f564cdd48	852	21
2012-11	15	contributed/v2.0/gnssro_cosmic1_jpl_l1b/2012/11/15/gnssro_cosmic1_jpl_l1b_v2.6_cosmic1c1-G16-201211150845.nc4	749792	cdb40b9b7d24d03598f0ea4c4a0418ff	852	63
2012-11	15	contributed/v2.0/gnssro_cosmic1_jpl_l1b/2012/11/15/gnssro_cosmic1_jpl_l1b_v2.6_cosmic1c1-G24-201211150838.nc4	659792	d6a4a55217f8579e52b311a225144706	852	106
2012-11	15	contributed/v2.0/gnssro_cosmic1_jpl_l1b/2012/11/15/gnssro_cosmic1_jpl_l1b_v2.6_cosmic1c4-G01-201211150123.nc4	821792	c71151a996af69b250227c6eea51b3e9	852	149
2012-11	15	contributed/v2.0/gnssro_cosmic1_jpl_l1b/2012/11/15/gnssro_cosmic1_jpl_l1b_v2.6_cosmic1c4-G05-201211152010.nc4	911792	5a3a3073ee3a2922711c6159913f17b6	852	191
2012-11	15	contributed/v2.0/gnssro_cosmic1_jpl_l1b/2012/11/15/gnssro_cosmic1_jpl_l1b_v2.6_cosmic1c4-G11-201211152322.nc4	563792	357b1515aac1872d81bbd0c8664dff30	852	234
2012-11	15	contributed/v2.0/gnssro_cosmic1_jpl_l1b/2012/11/15/gnssro_cosmic1_jpl_l1b_v2.6_cosmic1c4-G17-201211150621.nc4	689792	a3bf51ccf0440fa56fc5328a6445dca0	852	276
2012-11	15	contributed/v2.0/gnssro_cosmic1_jpl_l1b/2012/11/15/gnssro_cosmic1_jpl_l1b_v2.6_cosmic1c4-G22-201211151839.nc4	755792	fbc73fc041eadcd21500dace57137d79	852	319
2012-11	15	contributed/v2.0/gnssro_cosmic1_jpl_l1b/2012/11/15/gnssro_cosmic1_jpl_l1b_v2.6_cosmic1c4-G29-201211151812.nc4	575792	4075bda759544c3e9d3650f9f16cf757	852	362
2012-11	15	contributed/v2.0/gnssro_cosmic1_jpl_l1b/2012/11/15/gnssro_cosmic1_jpl_l1b_v2.6_cosmic1c5-G02-201211151902.nc4	749792	9b944c05e867def3f2e2fb170d8a0daf	852	404
2012-11	15	contributed/v2.0/gnssro_cosmic1_jpl_l1b/2012/11/15/gnssro_cosmic1_jpl_l1b_v2.6_cosmic1c5-G08-201211152201.nc4	725792	a5312d14e0e971f2d18551e821c8b86c	852	447
2012-11	15	contributed/v2.0/gnssro_cosmic1_jpl_l1b/2012/11/15/gnssro_cosmic1_jpl_l1b_v2.6_cosmic1c5-G15-201211151158.nc4	713792	382f82482961ab0a0424578f6c6e5afa	852	489
2012-11	15	contributed/v2.0/gnssro_cosmic1_jpl_l1b/2012/11/15/gnssro_cosmic1_jpl_l1b_v2.6_cosmic1c5-G20-201211150049.nc4	713792	f7832535414f048525dca3617f9ba12c	852	532
2012-11	15	contributed/v2.0/gnssro_cosmic1_jpl_l1b/2012/11/15/gnssro_cosmic1_jpl_l1b_v2.6_cosmic1c5-G25-201211151752.nc4	695792	521d8e5243bc6df4e41415198bd9a4ab	852	575
2012-11	15	contributed/v2.0/gnssro_cosmic1_jpl_l1b/2012/11/15/gnssro_cosmic1_jpl_l1b_v2.6_cosmic1c5-G31-201211150004.nc4	629792	156f8e3b995a773a2a5ee22501e61f66	852	617
2012-11	15	contributed/v2.0/gnssro_cosmic1_jpl_l1b/2012/11/15/gnssro_cosmic1_jpl_l1b_v2.6_cosmic1c6-G04-201211150753.nc4	605792	85e2512c943ea93ffee98c39a87ed630	852	660
2012-11	15	contributed/v2.0/gnssro_cosmic1_jpl_l1b/2012/11/15/gnssro_cosmic1_jpl_l1b_v2.6_cosmic1c6-G08-201211152133.nc4	713792	2a0716df93f347b5791ff821d9938b9d	852	702
2012-11	15	contributed/v2.0/gnssro_cosmic1_jpl_l1b/2012/11/15/gnssro_cosmic1_jpl_l1b_v2.6_cosmic1c6-G17-201211150144.nc4	617792	20789701550e21f3530e196072b69e6a	852	745
2012-11	15	contributed/v2.0/gnssro_cosmic1_jpl_l1b/2012/11/15/gnssro_cosmic1_jpl_l1b_v2.6_cosmic1c6-G22-201211151904.nc4	725792	63a256b377c7548f47b35aa438d3fdab	852	788
2012-11	15	contributed/v2.0/gnssro_cosmic1_jpl_l1b/2012/11/15/gnssro_cosmic1_jpl_l1b_v2.6_cosmic1c6-G30-201211151024.nc4	923792	3aa9210da406484b1083d236c7f0c075	852	830
2012-12	20	contributed/v2.0/gnssro_cosmic1_jpl_l1b/2012/12/20/gnssro_cosmic1_jpl_l1b_v2.6_cosmic1c1-G04-201212201818.nc4	881792	182840562b9206518cdf2e81e8a00403	1534	38
2012-12	20	contributed/v2.0/gnssro_cosmic1_jpl_l1b/2012/12/20/gnssro_cosmic1_jpl_l1b_v2.6_cosmic1c1-G11-201212202331.nc4	677792	226cda6ea9c2d8fdaaa33ab1edf1287f	1534	115
2012-12	20	contributed/v2.0/gnssro_cosmic1_jpl_l1b/2012/12/20/gnssro_cosmic1_jpl_l1b_v2.6_cosmic1c1-G19-201212200222.nc4	893792	7d84034cada6f609a092e5d6c6dcbb39	1534	191
2012-12	20	contributed/v2.0/gnssro_cosmic1_jpl_l1b/2012/12/20/gnssro_cosmic1_jpl_l1b_v2.6_cosmic1c1-G28-201212200043.nc4	593792	e5f12bce852a2a0eb52c8fc3e9605ab2	1534	268
2012-12	20	contributed/v2.0/gnssro_cosmic1_jpl_l1b/2012/12/20/gnssro_cosmic1_jpl_l1b_v2.6_cosmic1c2-G02-201212202036.nc4	827792	301b13f0585ca754552cb80642ebf68a	1534	345
2012-12	20	contributed/v2.0/gnssro_cosmic1_jpl_l1b/2012/12/20/gnssro_cosmic1_jpl_l1b_v2.6_cosmic1c2-G09-201212202248.nc4	785792	ac86cd90a71c3c8e3ba2aa7d2782677f	1534	421
2012-12	20	contributed/v2.0/gnssro_cosmic1_jpl_l1b/2012/12/20/gnssro_cosmic1_jpl_l1b_v2.6_cosmic1c2-G17-201212201846.nc4	851792	7d2b317e9ffec00a8793eeab5f60978c	1534	498
2012-12	20	contributed/v2.0/gnssro_cosmic1_jpl_l1b/2012/12/20/gnssro_cosmic1_jpl_l1b_v2.6_cosmic1c2-G24-201212202243.nc4	821792	030a1c42efdf907a2eb133275a4e6193	1534	575
2012-12	20	contributed/v2.0/gnssro_cosmic1_jpl_l1b/2012/12/20/gnssro_cosmic1_jpl_l1b_v2.6_cosmic1c4-G01-201212201156.nc4	653792	f4812383c772f722aee4ee56081e0b70	1534	651
2012-12	20	contributed/v2.0/gnssro_cosmic1_jpl_l1b/2012/12/20/gnssro_cosmic1_jpl_l1b_v2.6_cosmic1c4-G09-201212201221.nc4	1061792	92eef147829f91eeb76e277988dd9678	1534	728
2012-12	20	contributed/v2.0/gnssro_cosmic1_jpl_l1b/2012/12/20/gnssro_cosmic1_jpl_l1b_v2.6_cosmic1c4-G16-201212200614.nc4	629792	cfab5fbd00e838553f3afcca3a98ea2e	1534	805
2012-12	20	contributed/v2.0/gnssro_cosmic1_jpl_l1b/2012/12/20/gnssro_cosmic1_jpl_l1b_v2.6_cosmic1c4-G22-201212201212.nc4	923792	e9d1c185c1a9a7cd89509eb47f3c1a05	1534	882
2012-12	20	contributed/v2.0/gnssro_cosmic1_jpl_l1b/2012/12/20/gnssro_cosmic1_jpl_l1b_v2.6_cosmic1c4-G30-201212201543.nc4	617792	8c8eeac152e5dcfe75d050d6c62f255d	1534	958
2012-12	20	contributed/v2.0/gnssro_cosmic1_jpl_l1b/2012/12/20/gnssro_cosmic1_jpl_l1b_v2.6_cosmic1c5-G05-201212200742.nc4	593792	0a45054c491e2baed6a00421472f6e9d	1534	1035
2012-12	20	contributed/v2.0/gnssro_cosmic1_jpl_l1b/2012/12/20/gnssro_cosmic1_jpl_l1b_v2.6_cosmic1c5-G11-201212201125.nc4	1007792	ef0e95c506f201b51e7984741036a8ca	1534	1112
2012-12	20	contributed/v2.0/gnssro_cosmic1_jpl_l1b/2012/12/20/gnssro_cosmic1_jpl_l1b_v2.6_cosmic1c5-G20-201212201603.nc4	581792	235185b21a2529ccfdb26f01623de23b	1534	1188
2012-12	20	contributed/v2.0/gnssro_cosmic1_jpl_l1b/2012/12/20/gnssro_cosmic1_jpl_l1b_v2.6_cosmic1c5-G28-201212202014.nc4	911792	636b9965a09dbc0b3d4b1cd1c6982c42	1534	1265
2012-12	20	contributed/v2.0/gnssro_cosmic1_jpl_l1b/2012/12/20/gnssro_cosmic1_jpl_l1b_v2.6_cosmic1c6-G06-201212200736.nc4	869792	8a725b0f54548556f76fd6fa3ba60c80	1534	1342
2012-12	20	contributed/v2.0/gnssro_cosmic1_jpl_l1b/2012/12/20/gnssro_cosmic1_jpl_l1b_v2.6_cosmic1c6-G15-201212202050.nc4	773792	fac351c4dd30c198ec5aca102ea3e148	1534	1418
2012-12	20	contributed/v2.0/gnssro_cosmic1_jpl_l1b/2012/12/20/gnssro_cosmic1_jpl_l1b_v2.6_cosmic1c6-G26-201212200324.nc4	707792	c571e8a1d3d54f6ac2fdb68dfcb1acab	1534	1495
2013-01	15	contributed/v2.0/gnssro_cosmic1_jpl_l1b/2013/01/15/gnssro_cosmic1_jpl_l1b_v2.6_cosmic1c1-G03-201301151419.nc4	905792	88ae29041874c058d888883c7cd7b5a4	1564	39
2013-01	15	contributed/v2.0/gnssro_cosmic1_jpl_l1b/2013/01/15/gnssro_cosmic1_jpl_l1b_v2.6_cosmic1c1-G09-201301150918.nc4	785792	8947aaac2e17869c3b5dedae7f807ceb	1564	117
2013-01	15	contributed/v2.0/gnssro_cosmic1_jpl_l1b/2013/01/15/gnssro_cosmic1_jpl_l1b_v2.6_cosmic1c1-G15-201301152355.nc4	617792	ea806ffbd860ee3a4b3fca1e59b4292b	1564	195
2013-01	15	contributed/v2.0/gnssro_cosmic1_jpl_l1b/2013/01/15/gnssro_cosmic1_jpl_l1b_v2.6_cosmic1c1-G22-201301150342.nc4	557792	01ac6ada8a4a844774bfb49ea7a0ce99	1564	273
2013-01	15	contributed/v2.0/gnssro_cosmic1_jpl_l1b/2013/01/15/gnssro_cosmic1_jpl_l1b_v2.6_cosmic1c1-G30-201301152329.nc4	683792	af81d1216215aba997212ec3dd3358ba	1564	351
2013-01	15	contributed/v2.0/gnssro_cosmic1_jpl_l1b/2013/01/15/gnssro_cosmic1_jpl_l1b_v2.6_cosmic1c2-G07-201301151157.nc4	719792	51f23e511c1d88072633428c83d9ef7b	1564	430
2013-01	15	contributed/v2.0/gnssro_cosmic1_jpl_l1b/2013/01/15/gnssro_cosmic1_jpl_l1b_v2.6_cosmic1c2-G14-201301151937.nc4	695792	1cfaaed145721b7be42c1ac270d2d589	1564	508
2013-01	15	contributed/v2.0/gnssro_cosmic1_jpl_l1b/2013/01/15/gnssro_cosmic1_jpl_l1b_v2.6_cosmic1c2-G21-201301151731.nc4	791792	edbca1511bc82d09301e4c3f3ef80fac	1564	586
2013-01	15	contributed/v2.0/gnssro_cosmic1_jpl_l1b/2013/01/15/gnssro_cosmic1_jpl_l1b_v2.6_cosmic1c2-G32-201301150451.nc4	707792	a244912bf4595797cd6161941f9d1a3c	1564	664
2013-01	15	contributed/v2.0/gnssro_cosmic1_jpl_l1b/2013/01/15/gnssro_cosmic1_jpl_l1b_v2.6_cosmic1c4-G05-201301151709.nc4	773792	69b0dae96c0a44ac554f7688747c410a	1564	742
2013-01	15	contributed/v2.0/gnssro_cosmic1_jpl_l1b/2013/01/15/gnssro_cosmic1_jpl_l1b_v2.6_cosmic1c4-G12-201301150140.nc4	629792	9bb23ec5131599e01e2d44f9f2c21c23	1564	821
2013-01	15	contributed/v2.0/gnssro_cosmic1_jpl_l1b/2013/01/15/gnssro_cosmic1_jpl_l1b_v2.6_cosmic1c4-G17-201301151645.nc4	647792	a73b81a160d27e9cc80cb7bcaffb4a08	1564	899
2013-01	15	contributed/v2.0/gnssro_cosmic1_jpl_l1b/2013/01/15/gnssro_cosmic1_jpl_l1b_v2.6_cosmic1c4-G22-201301152309.nc4	587792	354c2cb390843b1f229d14debb4db666	1564	977
2013-01	15	contributed/v2.0/gnssro_cosmic1_jpl_l1b/2013/01/15/gnssro_cosmic1_jpl_l1b_v2.6_cosmic1c4-G30-201301151056.nc4	713792	011ce07eed51600067d2aaee8e41dfe4	1564	1055
2013-01	15	contributed/v2.0/gnssro_cosmic1_jpl_l1b/2013/01/15/gnssro_cosmic1_jpl_l1b_v2.6_cosmic1c5-G05-201301151055.nc4	629792	4d6405b0bee04121885d090c97ed67d8	1564	1133
2013-01	15	contributed/v2.0/gnssro_cosmic1_jpl_l1b/2013/01/15/gnssro_cosmic1_jpl_l1b_v2.6_cosmic1c5-G13-201301150921.nc4	713792	7dc441c9646de4bc57e31399e2e2a197	1564	1212
2013-01	15	contributed/v2.0/gnssro_cosmic1_jpl_l1b/2013/01/15/gnssro_cosmic1_jpl_l1b_v2.6_cosmic1c5-G20-201301152245.nc4	1085792	2130e9ca4b01b36d8d53296280165872	1564	1290
2013-01	15	contributed/v2.0/gnssro_cosmic1_jpl_l1b/2013/01/15/gnssro_cosmic1_jpl_l1b_v2.6_cosmic1c5-G28-201301152029.nc4	593792	6c428d707b40c0390d8ea051fae19d84	1564	1368
2013-01	15	contributed/v2.0/gnssro_cosmic1_jpl_l1b/2013/01/15/gnssro_cosmic1_jpl_l1b_v2.6_cosmic1c6-G10-201301150655.nc4	671672	1ff304640a16c7cb5751fffe8d469332	1564	1446
2013-01	15	contributed/v2.0/gnssro_cosmic1_jpl_l1b/2013/01/15/gnssro_cosmic1_jpl_l1b_v2.6_cosmic1c6-G25-201301151144.nc4	557792	6ce63af4a4fae8a11837798a521d82ab	1564	1524
2013-02	15	contributed/v2.0/gnssro_cosmic1_jpl_l1b/2013/02/15/gnssro_cosmic1_jpl_l1b_v2.6_cosmic1c1-G11-201302150756.nc4	617792	493a6014c4a404f87cf2d195ba3b052f	939	23
2013-02	15	contributed/v2.0/gnssro_cosmic1_jpl_l1b/2013/02/15/gnssro_cosmic1_jpl_l1b_v2.6_cosmic1c1-G28-201302150154.nc4	815792	733bf8249b8d34b20832c2b6bdd6b958	939	70
2013-02	15	contributed/v2.0/gnssro_cosmic1_jpl_l1b/2013/02/15/gnssro_cosmic1_jpl_l1b_v2.6_cosmic1c2-G11-201302150046.nc4	635792	079f1001dfa9fcff4f11a812c18135ea	939	117
2013-02	15	contributed/v2.0/gnssro_cosmic1_jpl_l1b/2013/02/15/gnssro_cosmic1_jpl_l1b_v2.6_cosmic1c2-G20-201302150816.nc4	749792	83849dd70df5c0e031ce8ec14cd3ad81	939	164
2013-02	15	contributed/v2.0/gnssro_cosmic1_jpl_l1b/2013/02/15/gnssro_cosmic1_jpl_l1b_v2.6_cosmic1c2-G30-201302151038.nc4	575792	3c68ad254b72f01292bf5343b1ebb2c2	939	211
2013-02	15	contributed/v2.0/gnssro_cosmic1_jpl_l1b/2013/02/15/gnssro_cosmic1_jpl_l1b_v2.6_cosmic1c4-G07-201302150001.nc4	251792	e334c0068d5503a71d6d4faff0e9b0b0	939	258
2013-02	15	contributed/v2.0/gnssro_cosmic1_jpl_l1b/2013/02/15/gnssro_cosmic1_jpl_l1b_v2.6_cosmic1c4-G17-201302152121.nc4	779792	598c2d5ef640cf20ef2b2729052740db	939	305
2013-02	15	contributed/v2.0/gnssro_cosmic1_jpl_l1b/2013/02/15/gnssro_cosmic1_jpl_l1b_v2.6_cosmic1c4-G29-201302151146.nc4	701672	b58b9c29355aefe192382babc9b9b1fe	939	352
2013-02	15	contributed/v2.0/gnssro_cosmic1_jpl_l1b/2013/02/15/gnssro_cosmic1_jpl_l1b_v2.6_cosmic1c5-G03-201302151322.nc4	605792	505ca76d92646206ea5cc3c1ac1f0629	939	399
2013-02	15	contributed/v2.0/gnssro_cosmic1_jpl_l1b/2013/02/15/gnssro_cosmic1_jpl_l1b_v2.6_cosmic1c5-G06-201302152334.nc4	557792	43ba64ca9f20ac01301803a7f8e27bd4	939	446
2013-02	15	contributed/v2.0/gnssro_cosmic1_jpl_l1b/2013/02/15/gnssro_cosmic1_jpl_l1b_v2.6_cosmic1c5-G11-201302150741.nc4	521792	f783720ada699b851db7d405afd66e15	939	492
2013-02	15	contributed/v2.0/gnssro_cosmic1_jpl_l1b/2013/02/15/gnssro_cosmic1_jpl_l1b_v2.6_cosmic1c5-G15-201302150817.nc4	809792	1388b26ce2f92a153c0834c3521f8c7f	939	539
2013-02	15	contributed/v2.0/gnssro_cosmic1_jpl_l1b/2013/02/15/gnssro_cosmic1_jpl_l1b_v2.6_cosmic1c5-G19-201302150830.nc4	887792	dab635bb03fbc2458328f2a8bed0a472	939	586
2013-02	15	contributed/v2.0/gnssro_cosmic1_jpl_l1b/2013/02/15/gnssro_cosmic1_jpl_l1b_v2.6_cosmic1c5-G22-201302151942.nc4	743792	a93a09b8a8c6084d1b2cf403d17c4373	939	633
2013-02	15	contributed/v2.0/gnssro_cosmic1_jpl_l1b/2013/02/15/gnssro_cosmic1_jpl_l1b_v2.6_cosmic1c5-G26-201302151133.nc4	725792	5bb1df323d0d9e301e4315f67bc2941b	939	680
2013-02	15	contributed/v2.0/gnssro_cosmic1_jpl_l1b/2013/02/15/gnssro_cosmic1_jpl_l1b_v2.6_cosmic1c5-G31-201302151041.nc4	617792	c0e1737665d746a4313b48e3575bfb0d	939	727
2013-02	15	contributed/v2.0/gnssro_cosmic1_jpl_l1b/2013/02/15/gnssro_cosmic1_jpl_l1b_v2.6_cosmic1c6-G04-201302150449.nc4	689792	9719d0e345e63199487a3354c0ad54eb	939	774
2013-02	15	contributed/v2.0/gnssro_cosmic1_jpl_l1b/2013/02/15/gnssro_cosmic1_jpl_l1b_v2.6_cosmic1c6-G11-201302151313.nc4	659792	1c6de6df3a855110c0d117d379f24b8e	939	821
2013-02	15	contributed/v2.0/gnssro_cosmic1_jpl_l1b/2013/02/15/gnssro_cosmic1_jpl_l1b_v2.6_cosmic1c6-G20-201302152245.nc4	653792	8880fc965e87b50e1e79e30ca1763d26	939	868
2013-02	15	contributed/v2.0/gnssro_cosmic1_jpl_l1b/2013/02/15/gnssro_cosmic1_jpl_l1b_v2.6_cosmic1c6-G29-201302150810.nc4	671792	9eba3b9a7a3b089de05b83cfcc03ac48	939	915
2013-03	15	contributed/v2.0/gnssro_cosmic1_jpl_l1b/2013/03/15/gnssro_cosmic1_jpl_l1b_v2.6_cosmic1c1-G04-201303150835.nc4	593792	4ce69289a30433d4a849c97abd80f610	1394	34
2013-03	15	contributed/v2.0/gnssro_cosmic1_jpl_l1b/2013/03/15/gnssro_cosmic1_jpl_l1b_v2.6_cosmic1c1-G10-201303150041.nc4	647792	a6a2b4e557db523995a743fcbe725dac	1394	104
2013-03	15	contributed/v2.0/gnssro_cosmic1_jpl_l1b/2013/03/15/gnssro_cosmic1_jpl_l1b_v2.6_cosmic1c1-G16-201303152235.nc4	791792	53330ebcdbf299b04b68eccb889d620a	1394	174
2013-03	15	contributed/v2.0/gnssro_cosmic1_jpl_l1b/2013/03/15/gnssro_cosmic1_jpl_l1b_v2.6_cosmic1c1-G24-201303150157.nc4	1115792	0ac0efc75035e7c1a9f061b337ceff47	1394	243
2013-03	15	contributed/v2.0/gnssro_cosmic1_jpl_l1b/2013/03/15/gnssro_cosmic1_jpl_l1b_v2.6_cosmic1c1-G32-201303151118.nc4	593792	26643f0cae2865316162522ec9fa2f16	1394	313
2013-03	15	contributed/v2.0/gnssro_cosmic1_jpl_l1b/2013/03/15/gnssro_cosmic1_jpl_l1b_v2.6_cosmic1c2-G06-201303150622.nc4	959792	d6615cd2b77fce1993065194097acb02	1394	383
2013-03	15	contributed/v2.0/gnssro_cosmic1_jpl_l1b/2013/03/15/gnssro_cosmic1_jpl_l1b_v2.6_cosmic1c2-G11-201303151538.nc4	713792	8eb788dc351d2ec7b32b3b0b4095ea39	1394	453
2013-03	15	contributed/v2.0/gnssro_cosmic1_jpl_l1b/2013/03/15/gnssro_cosmic1_jpl_l1b_v2.6_cosmic1c2-G19-201303151043.nc4	761792	d67ff3a7af62b089841c904d25134c7b	1394	522
2013-03	15	contributed/v2.0/gnssro_cosmic1_jpl_l1b/2013/03/15/gnssro_cosmic1_jpl_l1b_v2.6_cosmic1c2-G25-201303150308.nc4	689792	f8aea4598d80595509a243a246451a07	1394	592
2013-03	15	contributed/v2.0/gnssro_cosmic1_jpl_l1b/2013/03/15/gnssro_cosmic1_jpl_l1b_v2.6_cosmic1c4-G02-201303150333.nc4	689792	aad4e391d8790d22fadf5542e06a8bf5	1394	662
2013-03	15	contributed/v2.0/gnssro_cosmic1_jpl_l1b/2013/03/15/gnssro_cosmic1_jpl_l1b_v2.6_cosmic1c4-G10-201303150301.nc4	641792	398d124275405e96a7d00d63988ab0bc	1394	731
2013-03	15	contributed/v2.0/gnssro_cosmic1_jpl_l1b/2013/03/15/gnssro_cosmic1_jpl_l1b_v2.6_cosmic1c4-G16-201303151041.nc4	851792	69e4a106a1754f2be78bf23ca57935c7	1394	801
2013-03	15	contributed/v2.0/gnssro_cosmic1_jpl_l1b/2013/03/15/gnssro_cosmic1_jpl_l1b_v2.6_cosmic1c4-G24-201303150508.nc4	911792	70d10c8da6095c173ad6677669ba62d1	1394	871
2013-03	15	contributed/v2.0/gnssro_cosmic1_jpl_l1b/2013/03/15/gnssro_cosmic1_jpl_l1b_v2.6_cosmic1c5-G01-201303150209.nc4	863792	b3d7320863735897b07c9a53f0820eb8	1394	940
2013-03	15	contributed/v2.0/gnssro_cosmic1_jpl_l1b/2013/03/15/gnssro_cosmic1_jpl_l1b_v2.6_cosmic1c5-G08-201303152321.nc4	617792	29fb794b84e1944b92dd51671d918c70	1394	1010
2013-03	15	contributed/v2.0/gnssro_cosmic1_jpl_l1b/2013/03/15/gnssro_cosmic1_jpl_l1b_v2.6_cosmic1c5-G16-201303152010.nc4	623792	643c804e9bc8e6d006932bd59ada462c	1394	1080
2013-03	15	contributed/v2.0/gnssro_cosmic1_jpl_l1b/2013/03/15/gnssro_cosmic1_jpl_l1b_v2.6_cosmic1c5-G24-201303151629.nc4	599792	d3f4831a269ff5c29c2f593aa020052e	1394	1150
2013-03	15	contributed/v2.0/gnssro_cosmic1_jpl_l1b/2013/03/15/gnssro_cosmic1_jpl_l1b_v2.6_cosmic1c5-G32-201303152338.nc4	971792	ef60fc3f5844480b4c8395645f998431	1394	1219
2013-03	15	contributed/v2.0/gnssro_cosmic1_jpl_l1b/2013/03/15/gnssro_cosmic1_jpl_l1b_v2.6_cosmic1c6-G12-201303151304.nc4	815672	b8fa7499a62a40b512912d1b1c0c7e7b	1394	1289
2013-03	15	contributed/v2.0/gnssro_cosmic1_jpl_l1b/2013/03/15/gnssro_cosmic1_jpl_l1b_v2.6_cosmic1c6-G25-201303151635.nc4	911792	1a1ada50d767515d8dd504223e4cb0f9	1394	1359
2013-04	15	contributed/v2.0/gnssro_cosmic1_jpl_l1b/2013/04/15/gnssro_cosmic1_jpl_l1b_v2.6_cosmic1c1-G02-201304152229.nc4	533792	486f8befa3a2439851ca227eae4d419e	1036	25
2013-04	15	contributed/v2.0/gnssro_cosmic1_jpl_l1b/2013/04/15/gnssro_cosmic1_jpl_l1b_v2.6_cosmic1c1-G08-201304150700.nc4	689792	9be06fb39a8f3c504232820537a2c28b	1036	77
2013-04	15	contributed/v2.0/gnssro_cosmic1_jpl_l1b/2013/04/15/gnssro_cosmic1_jpl_l1b_v2.6_cosmic1c1-G13-201304150521.nc4	899792	48878bc4c2819b026fb7dcaf1873178b	1036	129
2013-04	15	contributed/v2.0/gnssro_cosmic1_jpl_l1b/2013/04/15/gnssro_cosmic1_jpl_l1b_v2.6_cosmic1c1-G18-201304150146.nc4	677792	3b11949ee0c4652850aefbacfbb91bc0	1036	181
2013-04	15	contributed/v2.0/gnssro_cosmic1_jpl_l1b/2013/04/15/gnssro_cosmic1_jpl_l1b_v2.6_cosmic1c1-G23-201304150922.nc4	725792	0a6bba4f8cb796efda1ebf8003a49921	1036	233
2013-04	15	contributed/v2.0/gnssro_cosmic1_jpl_l1b/2013/04/15/gnssro_cosmic1_jpl_l1b_v2.6_cosmic1c1-G31-201304150303.nc4	713792	d1cca875e5695cf0aa47db47ac587d65	1036	284
2013-04	15	contributed/v2.0/gnssro_cosmic1_jpl_l1b/2013/04/15/gnssro_cosmic1_jpl_l1b_v2.6_cosmic1c4-G08-201304150158.nc4	881792	a53c2bc3506e86edf91ed167c4224c4d	1036	336
2013-04	15	contributed/v2.0/gnssro_cosmic1_jpl_l1b/2013/04/15/gnssro_cosmic1_jpl_l1b_v2.6_cosmic1c4-G17-201304151035.nc4	677792	c8c1896f8af9bb9e65c38b5e573ef2ef	1036	388
2013-04	15	contributed/v2.0/gnssro_cosmic1_jpl_l1b/2013/04/15/gnssro_cosmic1_jpl_l1b_v2.6_cosmic1c4-G26-201304151330.nc4	575792	440ff533923b5dabcd4bd3ee1835027f	1036	440
2013-04	15	contributed/v2.0/gnssro_cosmic1_jpl_l1b/2013/04/15/gnssro_cosmic1_jpl_l1b_v2.6_cosmic1c5-G03-201304150807.nc4	905792	ff438c0c4c118a8416d8c48459f1bdae	1036	492
2013-04	15	contributed/v2.0/gnssro_cosmic1_jpl_l1b/2013/04/15/gnssro_cosmic1_jpl_l1b_v2.6_cosmic1c5-G07-201304150605.nc4	671792	a8ca525e428bec061f6a01610d5c6756	1036	543
2013-04	15	contributed/v2.0/gnssro_cosmic1_jpl_l1b/2013/04/15/gnssro_cosmic1_jpl_l1b_v2.6_cosmic1c5-G11-201304150550.nc4	779792	24b27808aecf4780b2d699cb4771f2ee	1036	595
2013-04	15	contributed/v2.0/gnssro_cosmic1_jpl_l1b/2013/04/15/gnssro_cosmic1_jpl_l1b_v2.6_cosmic1c5-G16-201304150915.nc4	911792	8748b10465f384855863e9ac2afc828b	1036	647
2013-04	15	contributed/v2.0/gnssro_cosmic1_jpl_l1b/2013/04/15/gnssro_cosmic1_jpl_l1b_v2.6_cosmic1c5-G22-201304151401.nc4	581792	1d377c9fd21b08e1899d30a44e8eebbb	1036	699
2013-04	15	contributed/v2.0/gnssro_cosmic1_jpl_l1b/2013/04/15/gnssro_cosmic1_jpl_l1b_v2.6_cosmic1c5-G28-201304150154.nc4	731792	fbde296108e6f35932fce1d763ad1c2f	1036	751
2013-04	15	contributed/v2.0/gnssro_cosmic1_jpl_l1b/2013/04/15/gnssro_cosmic1_jpl_l1b_v2.6_cosmic1c6-G01-201304152110.nc4	647792	12a9bbc7b8fefa2d00704f9dcb4439dd	1036	802
2013-04	15	contributed/v2.0/gnssro_cosmic1_jpl_l1b/2013/04/15/gnssro_cosmic1_jpl_l1b_v2.6_cosmic1c6-G08-201304151914.nc4	791792	2635a9a9bd11f29b5d1c40af14cfcda9	1036	854
2013-04	15	contributed/v2.0/gnssro_cosmic1_jpl_l1b/2013/04/15/gnssro_cosmic1_jpl_l1b_v2.6_cosmic1c6-G15-201304150441.nc4	893792	67a8234c2ffd30e5eb82fff6d4292b65	1036	906
2013-04	15	contributed/v2.0/gnssro_cosmic1_jpl_l1b/2013/04/15/gnssro_cosmic1_jpl_l1b_v2.6_cosmic1c6-G21-201304150602.nc4	815792	bd2f644c5158e9d9dbac30c33b06d7a6	1036	958
2013-04	15	contributed/v2.0/gnssro_cosmic1_jpl_l1b/2013/04/15/gnssro_cosmic1_jpl_l1b_v2.6_cosmic1c6-G28-201304151905.nc4	755792	2af366f42b6500efabf381c7fc37c4b7	1036	1010
2013-05	15	contributed/v2.0/gnssro_cosmic1_jpl_l1b/2013/05/15/gnssro_cosmic1_jpl_l1b_v2.6_cosmic1c1-G03-201305151937.nc4	575792	e5a291b4114cabb0132e228cc2a884f5	1214	30
2013-05	15	contributed/v2.0/gnssro_cosmic1_jpl_l1b/2013/05/15/gnssro_cosmic1_jpl_l1b_v2.6_cosmic1c1-G10-201305151819.nc4	707792	0a1708b2c4863587953f7c855d5d51ba	1214	91
2013-05	15	contributed/v2.0/gnssro_cosmic1_jpl_l1b/2013/05/15/gnssro_cosmic1_jpl_l1b_v2.6_cosmic1c1-G15-201305152336.nc4	803792	8b7ae41ff2c2a02b52b179ce0a6d5dfb	1214	151
2013-05	15	contributed/v2.0/gnssro_cosmic1_jpl_l1b/2013/05/15/gnssro_cosmic1_jpl_l1b_v2.6_cosmic1c1-G22-201305150433.nc4	851792	3291f47916ea469b1bc55dd9a7af32fc	1214	212
2013-05	15	contributed/v2.0/gnssro_cosmic1_jpl_l1b/2013/05/15/gnssro_cosmic1_jpl_l1b_v2.6_cosmic1c1-G28-201305152209.nc4	641792	e3cedc65adf23e79fab381a509deb892	1214	273
2013-05	15	contributed/v2.0/gnssro_cosmic1_jpl_l1b/2013/05/15/gnssro_cosmic1_jpl_l1b_v2.6_cosmic1c2-G09-201305151122.nc4	689792	80ef1949f4fd83d70504175b3e559552	1214	333
2013-05	15	contributed/v2.0/gnssro_cosmic1_jpl_l1b/2013/05/15/gnssro_cosmic1_jpl_l1b_v2.6_cosmic1c2-G23-201305150025.nc4	683792	1e21d2ad9e07fa0c073324d1b60f712e	1214	394
2013-05	15	contributed/v2.0/gnssro_cosmic1_jpl_l1b/2013/05/15/gnssro_cosmic1_jpl_l1b_v2.6_cosmic1c4-G02-201305151819.nc4	857792	22cdd3a9ddb79a855df3d631f013b115	1214	455
2013-05	15	contributed/v2.0/gnssro_cosmic1_jpl_l1b/2013/05/15/gnssro_cosmic1_jpl_l1b_v2.6_cosmic1c4-G07-201305150132.nc4	761792	4cc2ccbee41ee2cd5e625add1e75f970	1214	515
2013-05	15	contributed/v2.0/gnssro_cosmic1_jpl_l1b/2013/05/15/gnssro_cosmic1_jpl_l1b_v2.6_cosmic1c4-G10-201305151914.nc4	659792	9002ecf7107c7e7c62b110e657594371	1214	576
2013-05	15	contributed/v2.0/gnssro_cosmic1_jpl_l1b/2013/05/15/gnssro_cosmic1_jpl_l1b_v2.6_cosmic1c4-G15-201305151834.nc4	863792	4d70c0389b455e85d9f4a5c9770d06bb	1214	637
2013-05	15	contributed/v2.0/gnssro_cosmic1_jpl_l1b/2013/05/15/gnssro_cosmic1_jpl_l1b_v2.6_cosmic1c4-G20-201305151813.nc4	695792	5dc5ccae7309723384d62b5861eed06e	1214	698
2013-05	15	contributed/v2.0/gnssro_cosmic1_jpl_l1b/2013/05/15/gnssro_cosmic1_jpl_l1b_v2.6_cosmic1c4-G24-201305152220.nc4	761792	5d21b12e95c3a0e3eb5e1d612f819e98	1214	758
2013-05	15	contributed/v2.0/gnssro_cosmic1_jpl_l1b/2013/05/15/gnssro_cosmic1_jpl_l1b_v2.6_cosmic1c4-G31-201305152146.nc4	779792	d2ca76c5f92d4bb943c6bbdb2e1c2abe	1214	819
2013-05	15	contributed/v2.0/gnssro_cosmic1_jpl_l1b/2013/05/15/gnssro_cosmic1_jpl_l1b_v2.6_cosmic1c5-G06-201305151614.nc4	719792	9c08e74227f70a0f6c6023b71b6edcd0	1214	880
2013-05	15	contributed/v2.0/gnssro_cosmic1_jpl_l1b/2013/05/15/gnssro_cosmic1_jpl_l1b_v2.6_cosmic1c5-G13-201305150954.nc4	743792	99eec2220023dedd7ec136f5a2e7874d	1214	940
2013-05	15	contributed/v2.0/gnssro_cosmic1_jpl_l1b/2013/05/15/gnssro_cosmic1_jpl_l1b_v2.6_cosmic1c5-G19-201305151604.nc4	857792	988fa6d00b2d0ca77efcdd35d1b54827	1214	1001
2013-05	15	contributed/v2.0/gnssro_cosmic1_jpl_l1b/2013/05/15/gnssro_cosmic1_jpl_l1b_v2.6_cosmic1c5-G26-201305151315.nc4	749792	13c5fa014d75c767dd10384cf5a2408f	1214	1062
2013-05	15	contributed/v2.0/gnssro_cosmic1_jpl_l1b/2013/05/15/gnssro_cosmic1_jpl_l1b_v2.6_cosmic1c6-G03-201305150447.nc4	695792	351d236069a9afcae8fbcce2d6021ee6	1214	1122
2013-05	15	contributed/v2.0/gnssro_cosmic1_jpl_l1b/2013/05/15/gnssro_cosmic1_jpl_l1b_v2.6_cosmic1c6-G18-201305152346.nc4	683792	dbfa175b1927df3ec5b721fa686e9aef	1214	1183
2013-06	15	contributed/v2.0/gnssro_cosmic1_jpl_l1b/2013/06/15/gnssro_cosmic1_jpl_l1b_v2.6_cosmic1c1-G03-201306150359.nc4	473792	c119e342defa299c0eeb7660fc219af8	1029	25
2013-06	15	contributed/v2.0/gnssro_cosmic1_jpl_l1b/2013/06/15/gnssro_cosmic1_jpl_l1b_v2.6_cosmic1c1-G08-201306151709.nc4	695792	c8aff55920318dbcc08788f080ca15c3	1029	77
2013-06	15	contributed/v2.0/gnssro_cosmic1_jpl_l1b/2013/06/15/gnssro_cosmic1_jpl_l1b_v2.6_cosmic1c1-G14-201306151254.nc4	713792	932eefe02dce77bb574dd5f9af3cf49b	1029	128
2013-06	15	contributed/v2.0/gnssro_cosmic1_jpl_l1b/2013/06/15/gnssro_cosmic1_jpl_l1b_v2.6_cosmic1c1-G19-201306150811.nc4	863792	6c368f687f6cac66d68a98f153098276	1029	180
2013-06	15	contributed/v2.0/gnssro_cosmic1_jpl_l1b/2013/06/15/gnssro_cosmic1_jpl_l1b_v2.6_cosmic1c1-G24-201306152030.nc4	761792	c540fe746c37ccbdc3c2b10c4139927c	1029	231
2013-06	15	contributed/v2.0/gnssro_cosmic1_jpl_l1b/2013/06/15/gnssro_cosmic1_jpl_l1b_v2.6_cosmic1c1-G32-201306151132.nc4	737792	045b89c8ab3a9f6ebe46a6426072fa47	1029	282
2013-06	15	contributed/v2.0/gnssro_cosmic1_jpl_l1b/2013/06/15/gnssro_cosmic1_jpl_l1b_v2.6_cosmic1c2-G07-201306151910.nc4	809792	5dfdf3c3aa8af3c5a06effac00385374	1029	334
2013-06	15	contributed/v2.0/gnssro_cosmic1_jpl_l1b/2013/06/15/gnssro_cosmic1_jpl_l1b_v2.6_cosmic1c2-G14-201306150031.nc4	695792	0404b009daaa7bad5ef65b23d6251a5a	1029	385
2013-06	15	contributed/v2.0/gnssro_cosmic1_jpl_l1b/2013/06/15/gnssro_cosmic1_jpl_l1b_v2.6_cosmic1c2-G24-201306150248.nc4	731792	faabfb1aeedee310fb666b2023296524	1029	437
2013-06	15	contributed/v2.0/gnssro_cosmic1_jpl_l1b/2013/06/15/gnssro_cosmic1_jpl_l1b_v2.6_cosmic1c4-G05-201306150739.nc4	857792	a638ae2795e9a1ba87aab4265eb8cb87	1029	488
2013-06	15	contributed/v2.0/gnssro_cosmic1_jpl_l1b/2013/06/15/gnssro_cosmic1_jpl_l1b_v2.6_cosmic1c4-G15-201306150040.nc4	749792	5755ecad439822a8f88cd195fd12b2db	1029	540
2013-06	15	contributed/v2.0/gnssro_cosmic1_jpl_l1b/2013/06/15/gnssro_cosmic1_jpl_l1b_v2.6_cosmic1c4-G24-201306150429.nc4	731792	89275e5d60478471be379a0a6150c8e1	1029	591
2013-06	15	contributed/v2.0/gnssro_cosmic1_jpl_l1b/2013/06/15/gnssro_cosmic1_jpl_l1b_v2.6_cosmic1c5-G03-201306150615.nc4	929792	73bc7423ea02f1b773fb7190d170cef0	1029	643
2013-06	15	contributed/v2.0/gnssro_cosmic1_jpl_l1b/2013/06/15/gnssro_cosmic1_jpl_l1b_v2.6_cosmic1c5-G08-201306150634.nc4	641792	b2216a8c922f573e876ae13b761ba988	1029	694
2013-06	15	contributed/v2.0/gnssro_cosmic1_jpl_l1b/2013/06/15/gnssro_cosmic1_jpl_l1b_v2.6_cosmic1c5-G12-201306150853.nc4	725792	890e8ff83543860374f409a013ba1f7e	1029	746
2013-06	15	contributed/v2.0/gnssro_cosmic1_jpl_l1b/2013/06/15/gnssro_cosmic1_jpl_l1b_v2.6_cosmic1c5-G18-201306150406.nc4	647792	57a33e8d882340f657f28b0d9e764446	1029	797
2013-06	15	contributed/v2.0/gnssro_cosmic1_jpl_l1b/2013/06/15/gnssro_cosmic1_jpl_l1b_v2.6_cosmic1c5-G24-201306152051.nc4	779792	859bfaa5b6c5375e0428287cd54c24c7	1029	848
2013-06	15	contributed/v2.0/gnssro_cosmic1_jpl_l1b/2013/06/15/gnssro_cosmic1_jpl_l1b_v2.6_cosmic1c5-G32-201306151555.nc4	713792	d1d731504c8b1452677718eacbbca24d	1029	900
2013-06	15	contributed/v2.0/gnssro_cosmic1_jpl_l1b/2013/06/15/gnssro_cosmic1_jpl_l1b_v2.6_cosmic1c6-G11-201306151115.nc4	743792	f194cb640793a22013fc74b230b88abf	1029	951
2013-06	15	contributed/v2.0/gnssro_cosmic1_jpl_l1b/2013/06/15/gnssro_cosmic1_jpl_l1b_v2.6_cosmic1c6-G23-201306152225.nc4	713792	4296e673707531b0bca48fd2ae0439c1	1029	1003
2013-07	15	contributed/v2.0/gnssro_cosmic1_jpl_l1b/2013/07/15/gnssro_cosmic1_jpl_l1b_v2.6_cosmic1c1-G03-201307151610.nc4	809792	6a387dfb6f3e9050cfbd658be4280840	1066	26
2013-07	15	contributed/v2.0/gnssro_cosmic1_jpl_l1b/2013/07/15/gnssro_cosmic1_jpl_l1b_v2.6_cosmic1c1-G09-201307150158.nc4	563792	929667e65688c1a05631652777df7f34	1066	79
2013-07	15	contributed/v2.0/gnssro_cosmic1_jpl_l1b/2013/07/15/gnssro_cosmic1_jpl_l1b_v2.6_cosmic1c1-G15-201307150503.nc4	659672	08897200e200efb41f09c8ce6a665b5e	1066	133
2013-07	15	contributed/v2.0/gnssro_cosmic1_jpl_l1b/2013/07/15/gnssro_cosmic1_jpl_l1b_v2.6_cosmic1c1-G20-201307150500.nc4	761792	7e4b325fa359f950a8ed6eb56fb58d57	1066	186
2013-07	15	contributed/v2.0/gnssro_cosmic1_jpl_l1b/2013/07/15/gnssro_cosmic1_jpl_l1b_v2.6_cosmic1c1-G25-201307150846.nc4	707792	8aacb782c0778b359c48c10b6dfff62e	1066	239
2013-07	15	contributed/v2.0/gnssro_cosmic1_jpl_l1b/2013/07/15/gnssro_cosmic1_jpl_l1b_v2.6_cosmic1c2-G01-201307151016.nc4	647792	6b17988a149a50b7414f7a007db60b1c	1066	293
2013-07	15	contributed/v2.0/gnssro_cosmic1_jpl_l1b/2013/07/15/gnssro_cosmic1_jpl_l1b_v2.6_cosmic1c2-G08-201307152354.nc4	587792	546b1a58e318ad3ccdc84dad22118c29	1066	346
2013-07	15	contributed/v2.0/gnssro_cosmic1_jpl_l1b/2013/07/15/gnssro_cosmic1_jpl_l1b_v2.6_cosmic1c2-G14-201307150039.nc4	749792	3cdcd9388c95b26271a264def4e94788	1066	399
2013-07	15	contributed/v2.0/gnssro_cosmic1_jpl_l1b/2013/07/15/gnssro_cosmic1_jpl_l1b_v2.6_cosmic1c2-G19-201307152356.nc4	719792	4fda7a659cfc9abc1580d11df5330211	1066	453
2013-07	15	contributed/v2.0/gnssro_cosmic1_jpl_l1b/2013/07/15/gnssro_cosmic1_jpl_l1b_v2.6_cosmic1c2-G26-201307151355.nc4	683792	ed8241b689cd390e9eef43f391df03d0	1066	506
2013-07	15	contributed/v2.0/gnssro_cosmic1_jpl_l1b/2013/07/15/gnssro_cosmic1_jpl_l1b_v2.6_cosmic1c4-G01-201307152225.nc4	725792	dfafa65fa92f212d2b92db9e064fac1d	1066	559
2013-07	15	contributed/v2.0/gnssro_cosmic1_jpl_l1b/2013/07/15/gnssro_cosmic1_jpl_l1b_v2.6_cosmic1c4-G07-201307150924.nc4	605792	5d0b7021e45de34334bf4e0347aabbee	1066	612
2013-07	15	contributed/v2.0/gnssro_cosmic1_jpl_l1b/2013/07/15/gnssro_cosmic1_jpl_l1b_v2.6_cosmic1c4-G13-201307151557.nc4	737792	8a7c711671a018f7c28d51ceb2e383bc	1066	666
2013-07	15	contributed/v2.0/gnssro_cosmic1_jpl_l1b/2013/07/15/gnssro_cosmic1_jpl_l1b_v2.6_cosmic1c4-G18-201307151422.nc4	761792	84da3dce2a16c8663c389aaa3f8ae21b	1066	719
2013-07	15	contributed/v2.0/gnssro_cosmic1_jpl_l1b/2013/07/15/gnssro_cosmic1_jpl_l1b_v2.6_cosmic1c4-G24-201307151601.nc4	1037792	f5529316ae7f280fef974eefb3904797	1066	772
2013-07	15	contributed/v2.0/gnssro_cosmic1_jpl_l1b/2013/07/15/gnssro_cosmic1_jpl_l1b_v2.6_cosmic1c4-G32-201307150003.nc4	737792	5a64932bcdf48d9a70eca46f776564a1	1066	826
2013-07	15	contributed/v2.0/gnssro_cosmic1_jpl_l1b/2013/07/15/gnssro_cosmic1_jpl_l1b_v2.6_cosmic1c6-G06-201307150520.nc4	869792	ec71739c497f095a2aecac6dd1c42d44	1066	879
2013-07	15	contributed/v2.0/gnssro_cosmic1_jpl_l1b/2013/07/15/gnssro_cosmic1_jpl_l1b_v2.6_cosmic1c6-G13-201307151543.nc4	737792	a5642688c73991ba064b1a7e6714e2c8	1066	932
2013-07	15	contributed/v2.0/gnssro_cosmic1_jpl_l1b/2013/07/15/gnssro_cosmic1_jpl_l1b_v2.6_cosmic1c6-G20-201307150420.nc4	695792	3a10480dbf1875ca660f4a7f2ea49048	1066	986
2013-07	15	contributed/v2.0/gnssro_cosmic1_jpl_l1b/2013/07/15/gnssro_cosmic1_jpl_l1b_v2.6_cosmic1c6-G28-201307151141.nc4	581792	b389c4e4600e4c499658c046badb09bc	1066	1039
2013-08	15	contributed/v2.0/gnssro_cosmic1_jpl_l1b/2013/08/15/gnssro_cosmic1_jpl_l1b_v2.6_cosmic1c1-G04-201308150606.nc4	1043792	154055dd4504741111b342d92a136d5a	1199	29
2013-08	15	contributed/v2.0/gnssro_cosmic1_jpl_l1b/2013/08/15/gnssro_cosmic1_jpl_l1b_v2.6_cosmic1c1-G11-201308150545.nc4	803792	febd5edf0f1263d156b373c4cbe6e30e	1199	89
2013-08	15	contributed/v2.0/gnssro_cosmic1_jpl_l1b/2013/08/15/gnssro_cosmic1_jpl_l1b_v2.6_cosmic1c1-G17-201308151703.nc4	671792	8d6ce27ebbdbfa92192e55cc4dd1aea3	1199	149
2013-08	15	contributed/v2.0/gnssro_cosmic1_jpl_l1b/2013/08/15/gnssro_cosmic1_jpl_l1b_v2.6_cosmic1c1-G24-201308150632.nc4	923792	c4e9371bf1a68f45d6d2352ec55c9550	1199	209
2013-08	15	contributed/v2.0/gnssro_cosmic1_jpl_l1b/2013/08/15/gnssro_cosmic1_jpl_l1b_v2.6_cosmic1c1-G29-201308152322.nc4	839792	e253c0fc4ad8171a9a49c9581b392e25	1199	269
2013-08	15	contributed/v2.0/gnssro_cosmic1_jpl_l1b/2013/08/15/gnssro_cosmic1_jpl_l1b_v2.6_cosmic1c2-G07-201308151910.nc4	659792	8c01da43f037719dd365889cb3ea6882	1199	329
2013-08	15	contributed/v2.0/gnssro_cosmic1_jpl_l1b/2013/08/15/gnssro_cosmic1_jpl_l1b_v2.6_cosmic1c2-G17-201308151522.nc4	659792	27dc31fcb2138074099c6a67598b683f	1199	389
2013-08	15	contributed/v2.0/gnssro_cosmic1_jpl_l1b/2013/08/15/gnssro_cosmic1_jpl_l1b_v2.6_cosmic1c2-G25-201308151113.nc4	791792	1c5d63e996f0d65ae51868c29fbbde24	1199	449
2013-08	15	contributed/v2.0/gnssro_cosmic1_jpl_l1b/2013/08/15/gnssro_cosmic1_jpl_l1b_v2.6_cosmic1c4-G02-201308151840.nc4	767792	908ee9ae261e6bddda8df86d8c278fb2	1199	509
2013-08	15	contributed/v2.0/gnssro_cosmic1_jpl_l1b/2013/08/15/gnssro_cosmic1_jpl_l1b_v2.6_cosmic1c4-G13-201308150653.nc4	803792	e0f2862580c719ede1d97b801f9613f1	1199	569
2013-08	15	contributed/v2.0/gnssro_cosmic1_jpl_l1b/2013/08/15/gnssro_cosmic1_jpl_l1b_v2.6_cosmic1c4-G25-201308151819.nc4	749792	5087a05629a3902815d96755aa0550b6	1199	629
2013-08	15	contributed/v2.0/gnssro_cosmic1_jpl_l1b/2013/08/15/gnssro_cosmic1_jpl_l1b_v2.6_cosmic1c5-G04-201308150404.nc4	767672	e2320f4a3038837577814644234efbb5	1199	689
2013-08	15	contributed/v2.0/gnssro_cosmic1_jpl_l1b/2013/08/15/gnssro_cosmic1_jpl_l1b_v2.6_cosmic1c5-G10-201308151820.nc4	689792	3adfa685c950d41a02b5099753bd60d6	1199	749
2013-08	15	contributed/v2.0/gnssro_cosmic1_jpl_l1b/2013/08/15/gnssro_cosmic1_jpl_l1b_v2.6_cosmic1c5-G16-201308151504.nc4	917792	b6081380fca8d493824477cc209b7ca1	1199	809
2013-08	15	contributed/v2.0/gnssro_cosmic1_jpl_l1b/2013/08/15/gnssro_cosmic1_jpl_l1b_v2.6_cosmic1c5-G20-201308151955.nc4	737792	9b9c69ef83a6a9b553ffae141d92809d	1199	869
2013-08	15	contributed/v2.0/gnssro_cosmic1_jpl_l1b/2013/08/15/gnssro_cosmic1_jpl_l1b_v2.6_cosmic1c5-G27-201308150454.nc4	623792	42dd972e2625946829f76dab5674b186	1199	929
2013-08	15	contributed/v2.0/gnssro_cosmic1_jpl_l1b/2013/08/15/gnssro_cosmic1_jpl_l1b_v2.6_cosmic1c6-G02-201308150331.nc4	707792	f16fead3cc80a04965f7a09dc9b8164e	1199	989
2013-08	15	contributed/v2.0/gnssro_cosmic1_jpl_l1b/2013/08/15/gnssro_cosmic1_jpl_l1b_v2.6_cosmic1c6-G09-201308151750.nc4	701792	2f784938391f25b85724340d23c196cd	1199	1049
2013-08	15	contributed/v2.0/gnssro_cosmic1_jpl_l1b/2013/08/15/gnssro_cosmic1_jpl_l1b_v2.6_cosmic1c6-G18-201308151823.nc4	767792	b43dfda691129a388cceb3a4b1606218	1199	1109
2013-08	15	contributed/v2.0/gnssro_cosmic1_jpl_l1b/2013/08/15/gnssro_cosmic1_jpl_l1b_v2.6_cosmic1c6-G26-201308151045.nc4	923792	20904294ce07d905d15720349faf187f	1199	1169
2013-09	15	contributed/v2.0/gnssro_cosmic1_jpl_l1b/2013/09/15/gnssro_cosmic1_jpl_l1b_v2.6_cosmic1c1-G03-201309150059.nc4	731792	0592ecafb1fd4739158f68706cde096c	967	24
2013-09	15	contributed/v2.0/gnssro_cosmic1_jpl_l1b/2013/09/15/gnssro_cosmic1_jpl_l1b_v2.6_cosmic1c1-G08-201309150233.nc4	785792	3ae12d13b877be77a7e5b74e78d7ab07	967	72
2013-09	15	contributed/v2.0/gnssro_cosmic1_jpl_l1b/2013/09/15/gnssro_cosmic1_jpl_l1b_v2.6_cosmic1c1-G11-201309152247.nc4	701792	532baabc131f363007eea08b5be679c3	967	120
2013-09	15	contributed/v2.0/gnssro_cosmic1_jpl_l1b/2013/09/15/gnssro_cosmic1_jpl_l1b_v2.6_cosmic1c1-G17-201309150420.nc4	953792	3b627b9a1b8a5eb97e753bac8cf8811c	967	169
2013-09	15	contributed/v2.0/gnssro_cosmic1_jpl_l1b/2013/09/15/gnssro_cosmic1_jpl_l1b_v2.6_cosmic1c1-G23-201309152235.nc4	611792	ec972ba748cb46d3208b6e2415a61720	967	217
2013-09	15	contributed/v2.0/gnssro_cosmic1_jpl_l1b/2013/09/15/gnssro_cosmic1_jpl_l1b_v2.6_cosmic1c1-G28-201309152159.nc4	755792	8e2de982092d8db0f9f67ec92fce043d	967	265
2013-09	15	contributed/v2.0/gnssro_cosmic1_jpl_l1b/2013/09/15/gnssro_cosmic1_jpl_l1b_v2.6_cosmic1c2-G02-201309151330.nc4	719792	001289f9c789d6f2c213a60a1f88ee07	967	314
2013-09	15	contributed/v2.0/gnssro_cosmic1_jpl_l1b/2013/09/15/gnssro_cosmic1_jpl_l1b_v2.6_cosmic1c2-G07-201309152242.nc4	659792	e1fb788dcfe71188a55f57a86e48955a	967	362
2013-09	15	contributed/v2.0/gnssro_cosmic1_jpl_l1b/2013/09/15/gnssro_cosmic1_jpl_l1b_v2.6_cosmic1c2-G11-201309151921.nc4	737792	2e4b0f87160a57167b8ebb43bf6056b2	967	410
2013-09	15	contributed/v2.0/gnssro_cosmic1_jpl_l1b/2013/09/15/gnssro_cosmic1_jpl_l1b_v2.6_cosmic1c2-G16-201309151938.nc4	743792	5c130414425b4db957bfd7cd97117414	967	459
2013-09	15	contributed/v2.0/gnssro_cosmic1_jpl_l1b/2013/09/15/gnssro_cosmic1_jpl_l1b_v2.6_cosmic1c2-G22-201309151441.nc4	671792	39641cf49376b2a885adf40bc62f8262	967	507
2013-09	15	contributed/v2.0/gnssro_cosmic1_jpl_l1b/2013/09/15/gnssro_cosmic1_jpl_l1b_v2.6_cosmic1c2-G29-201309150039.nc4	1127792	e31bcf3af00ceeecde32942ad5b12b69	967	556
2013-09	15	contributed/v2.0/gnssro_cosmic1_jpl_l1b/2013/09/15/gnssro_cosmic1_jpl_l1b_v2.6_cosmic1c4-G02-201309151515.nc4	641792	d689a079567f84bc395557eca0f9e99d	967	604
2013-09	15	contributed/v2.0/gnssro_cosmic1_jpl_l1b/2013/09/15/gnssro_cosmic1_jpl_l1b_v2.6_cosmic1c4-G06-201309150545.nc4	791792	e22d8e11ae11d7001e0a42b938a46308	967	652
2013-09	15	contributed/v2.0/gnssro_cosmic1_jpl_l1b/2013/09/15/gnssro_cosmic1_jpl_l1b_v2.6_cosmic1c4-G10-201309150926.nc4	557792	96a93e5c5f84e06fa87afe2d4397532e	967	701
2013-09	15	contributed/v2.0/gnssro_cosmic1_jpl_l1b/2013/09/15/gnssro_cosmic1_jpl_l1b_v2.6_cosmic1c4-G13-201309151945.nc4	539792	6b0a63cdec4b8e7e5f148ae9b46c2d9c	967	749
2013-09	15	contributed/v2.0/gnssro_cosmic1_jpl_l1b/2013/09/15/gnssro_cosmic1_jpl_l1b_v2.6_cosmic1c4-G17-201309151250.nc4	767792	ab83891a8192d915b5458d324cd47700	967	797
2013-09	15	contributed/v2.0/gnssro_cosmic1_jpl_l1b/2013/09/15/gnssro_cosmic1_jpl_l1b_v2.6_cosmic1c4-G22-201309150417.nc4	737792	dfa7b2e0204bdcb0402a4b855073fc15	967	846
2013-09	15	contributed/v2.0/gnssro_cosmic1_jpl_l1b/2013/09/15/gnssro_cosmic1_jpl_l1b_v2.6_cosmic1c4-G26-201309150025.nc4	821792	5f6c1effb28914a4b5e7b3c1dd51a610	967	894
2013-09	15	contributed/v2.0/gnssro_cosmic1_jpl_l1b/2013/09/15/gnssro_cosmic1_jpl_l1b_v2.6_cosmic1c4-G29-201309151800.nc4	737672	b8da308011d6f80be26ca3b8935e1b21	967	942
2013-10	15	contributed/v2.0/gnssro_cosmic1_jpl_l1b/2013/10/15/gnssro_cosmic1_jpl_l1b_v2.6_cosmic1c1-G04-201310151015.nc4	725792	543661c3a1c2682fbd5dd800e72eb9fb	926	23
2013-10	15	contributed/v2.0/gnssro_cosmic1_jpl_l1b/2013/10/15/gnssro_cosmic1_jpl_l1b_v2.6_cosmic1c1-G11-201310152257.nc4	581792	86f674eacb0e3261f8805ff15e1850db	926	69
2013-10	15	contributed/v2.0/gnssro_cosmic1_jpl_l1b/2013/10/15/gnssro_cosmic1_jpl_l1b_v2.6_cosmic1c1-G20-201310151302.nc4	251672	13c172a879356a0f2a8f184537d53dee	926	115
2013-10	15	contributed/v2.0/gnssro_cosmic1_jpl_l1b/2013/10/15/gnssro_cosmic1_jpl_l1b_v2.6_cosmic1c1-G27-201310151054.nc4	617792	3ade4b6ad15ebc3c5a508ef91ab5f45a	926	162
2013-10	15	contributed/v2.0/gnssro_cosmic1_jpl_l1b/2013/10/15/gnssro_cosmic1_jpl_l1b_v2.6_cosmic1c2-G05-201310152210.nc4	917792	dd05fed33b5ddcb1f524915304ec9012	926	208
2013-10	15	contributed/v2.0/gnssro_cosmic1_jpl_l1b/2013/10/15/gnssro_cosmic1_jpl_l1b_v2.6_cosmic1c2-G14-201310151820.nc4	575792	3de448cb3d562197b63b49b331b54f4e	926	254
2013-10	15	contributed/v2.0/gnssro_cosmic1_jpl_l1b/2013/10/15/gnssro_cosmic1_jpl_l1b_v2.6_cosmic1c2-G25-201310150844.nc4	1241792	cbdf9d8adc536ef7e1f977809f4d828a	926	300
2013-10	15	contributed/v2.0/gnssro_cosmic1_jpl_l1b/2013/10/15/gnssro_cosmic1_jpl_l1b_v2.6_cosmic1c4-G05-201310151118.nc4	617792	bf8adfeef7821d524a3a0e778c524ded	926	347
2013-10	15	contributed/v2.0/gnssro_cosmic1_jpl_l1b/2013/10/15/gnssro_cosmic1_jpl_l1b_v2.6_cosmic1c4-G15-201310151444.nc4	749792	92c771f01e801cc020f6043ee487d37a	926	393
2013-10	15	contributed/v2.0/gnssro_cosmic1_jpl_l1b/2013/10/15/gnssro_cosmic1_jpl_l1b_v2.6_cosmic1c4-G22-201310152210.nc4	611792	e64ff9d9d26f70c8ef41ed9a9ef83f47	926	439
2013-10	15	contributed/v2.0/gnssro_cosmic1_jpl_l1b/2013/10/15/gnssro_cosmic1_jpl_l1b_v2.6_cosmic1c5-G01-201310151202.nc4	941792	0f74eb4121b6b063954d41683de798f1	926	486
2013-10	15	contributed/v2.0/gnssro_cosmic1_jpl_l1b/2013/10/15/gnssro_cosmic1_jpl_l1b_v2.6_cosmic1c5-G05-201310152103.nc4	545792	0d3e48f829d390f4e446009ab3c5bd97	926	532
2013-10	15	contributed/v2.0/gnssro_cosmic1_jpl_l1b/2013/10/15/gnssro_cosmic1_jpl_l1b_v2.6_cosmic1c5-G10-201310150143.nc4	653792	2852c006fe681409ab2ff9376c1ac798	926	578
2013-10	15	contributed/v2.0/gnssro_cosmic1_jpl_l1b/2013/10/15/gnssro_cosmic1_jpl_l1b_v2.6_cosmic1c5-G14-201310150740.nc4	521792	16ceb903215825d44cc31f68efecc229	926	625
2013-10	15	contributed/v2.0/gnssro_cosmic1_jpl_l1b/2013/10/15/gnssro_cosmic1_jpl_l1b_v2.6_cosmic1c5-G19-201310150127.nc4	713792	f35338252c59811e540f506d3bf4a5db	926	671
2013-10	15	contributed/v2.0/gnssro_cosmic1_jpl_l1b/2013/10/15/gnssro_cosmic1_jpl_l1b_v2.6_cosmic1c5-G23-201310150508.nc4	479792	0cd8d43bf2c02f26dae2e34426230334	926	717
2013-10	15	contributed/v2.0/gnssro_cosmic1_jpl_l1b/2013/10/15/gnssro_cosmic1_jpl_l1b_v2.6_cosmic1c5-G29-201310150209.nc4	707792	f5ff2ab18325c99679d881a6a1d63309	926	763
2013-10	15	contributed/v2.0/gnssro_cosmic1_jpl_l1b/2013/10/15/gnssro_cosmic1_jpl_l1b_v2.6_cosmic1c6-G04-201310150021.nc4	587792	77a8bc3813c6bf32124ac11c8f397b9f	926	810
2013-10	15	contributed/v2.0/gnssro_cosmic1_jpl_l1b/2013/10/15/gnssro_cosmic1_jpl_l1b_v2.6_cosmic1c6-G13-201310151507.nc4	605792	ce1107b43def122ff307e7040c29cc7d	926	856
2013-10	15	contributed/v2.0/gnssro_cosmic1_jpl_l1b/2013/10/15/gnssro_cosmic1_jpl_l1b_v2.6_cosmic1c6-G23-201310152233.nc4	755792	37a8fc24ccc9e50161d3f635456b52a6	926	902
2013-11	15	contributed/v2.0/gnssro_cosmic1_jpl_l1b/2013/11/15/gnssro_cosmic1_jpl_l1b_v2.6_cosmic1c1-G03-201311150953.nc4	887792	423d9f74bbe48d4c3a3d2f43b5c993c2	976	24
2013-11	15	contributed/v2.0/gnssro_cosmic1_jpl_l1b/2013/11/15/gnssro_cosmic1_jpl_l1b_v2.6_cosmic1c1-G08-201311150313.nc4	587792	3b016e5feee40e35e409db5a59ee80d5	976	73
2013-11	15	contributed/v2.0/gnssro_cosmic1_jpl_l1b/2013/11/15/gnssro_cosmic1_jpl_l1b_v2.6_cosmic1c1-G12-201311152007.nc4	455792	7fea6a372a211440acbe92eb99d7384d	976	122
2013-11	15	contributed/v2.0/gnssro_cosmic1_jpl_l1b/2013/11/15/gnssro_cosmic1_jpl_l1b_v2.6_cosmic1c1-G16-201311151414.nc4	941792	ad3b66b43af6b0a47d4a36314d9edf34	976	170
2013-11	15	contributed/v2.0/gnssro_cosmic1_jpl_l1b/2013/11/15/gnssro_cosmic1_jpl_l1b_v2.6_cosmic1c1-G20-201311151446.nc4	701792	db4dcf895d01cf9978ca3c21ab7f7b79	976	219
2013-11	15	contributed/v2.0/gnssro_cosmic1_jpl_l1b/2013/11/15/gnssro_cosmic1_jpl_l1b_v2.6_cosmic1c1-G25-201311150824.nc4	575792	7a7a00a6c32aa99d7b7a0117d25c8969	976	268
2013-11	15	contributed/v2.0/gnssro_cosmic1_jpl_l1b/2013/11/15/gnssro_cosmic1_jpl_l1b_v2.6_cosmic1c1-G29-201311150338.nc4	719792	b05e370ee28c7f1a1b49d99b8b636e04	976	317
2013-11	15	contributed/v2.0/gnssro_cosmic1_jpl_l1b/2013/11/15/gnssro_cosmic1_jpl_l1b_v2.6_cosmic1c2-G06-201311150747.nc4	869792	29e8c415ea3975dc7c5ef2c84f31280d	976	366
2013-11	15	contributed/v2.0/gnssro_cosmic1_jpl_l1b/2013/11/15/gnssro_cosmic1_jpl_l1b_v2.6_cosmic1c2-G18-201311150810.nc4	623792	092284d6997aa202144b96491053e501	976	414
2013-11	15	contributed/v2.0/gnssro_cosmic1_jpl_l1b/2013/11/15/gnssro_cosmic1_jpl_l1b_v2.6_cosmic1c2-G32-201311150408.nc4	635792	606eecb457f12135b42db922b3210ffe	976	463
2013-11	15	contributed/v2.0/gnssro_cosmic1_jpl_l1b/2013/11/15/gnssro_cosmic1_jpl_l1b_v2.6_cosmic1c4-G09-201311151100.nc4	731792	ae4f72f9a4d671de49d612c9e8af3df6	976	512
2013-11	15	contributed/v2.0/gnssro_cosmic1_jpl_l1b/2013/11/15/gnssro_cosmic1_jpl_l1b_v2.6_cosmic1c4-G19-201311150921.nc4	617792	71dede51a048b946231257ee7dd53b3b	976	561
2013-11	15	contributed/v2.0/gnssro_cosmic1_jpl_l1b/2013/11/15/gnssro_cosmic1_jpl_l1b_v2.6_cosmic1c4-G31-201311150954.nc4	629792	e62a5703a1df030e652b46ceac012b8b	976	610
2013-11	15	contributed/v2.0/gnssro_cosmic1_jpl_l1b/2013/11/15/gnssro_cosmic1_jpl_l1b_v2.6_cosmic1c5-G10-201311150340.nc4	587792	d5ade8c515d3c59c526d882a715d9fd0	976	658
2013-11	15	contributed/v2.0/gnssro_cosmic1_jpl_l1b/2013/11/15/gnssro_cosmic1_jpl_l1b_v2.6_cosmic1c5-G21-201311151325.nc4	695792	91de7a771e834c195754d58345064b39	976	707
2013-11	15	contributed/v2.0/gnssro_cosmic1_jpl_l1b/2013/11/15/gnssro_cosmic1_jpl_l1b_v2.6_cosmic1c5-G31-201311152228.nc4	707792	adb1d767ab95578d727f98970d1e822f	976	756
2013-11	15	contributed/v2.0/gnssro_cosmic1_jpl_l1b/2013/11/15/gnssro_cosmic1_jpl_l1b_v2.6_cosmic1c6-G06-201311151401.nc4	641792	2a93dea2277eb315c0477c1edf7d8f19	976	805
2013-11	15	contributed/v2.0/gnssro_cosmic1_jpl_l1b/2013/11/15/gnssro_cosmic1_jpl_l1b_v2.6_cosmic1c6-G12-201311152037.nc4	731792	aaa9e14271958778dbbc39fc933a4ab8	976	854
2013-11	15	contributed/v2.0/gnssro_cosmic1_jpl_l1b/2013/11/15/gnssro_cosmic1_jpl_l1b_v2.6_cosmic1c6-G20-201311150422.nc4	593792	7a972b9d4a39cfa13342e4337f4b943b	976	902
2013-11	15	contributed/v2.0/gnssro_cosmic1_jpl_l1b/2013/11/15/gnssro_cosmic1_jpl_l1b_v2.6_cosmic1c6-G28-201311150725.nc4	1007792	bc7b9eb111872fc30523ea3e235c7e18	976	951
2013-12	15	contributed/v2.0/gnssro_cosmic1_jpl_l1b/2013/12/15/gnssro_cosmic1_jpl_l1b_v2.6_cosmic1c1-G03-201312151932.nc4	743792	aacbdc0594847139173f5a78c07c725b	1204	30
2013-12	15	contributed/v2.0/gnssro_cosmic1_jpl_l1b/2013/12/15/gnssro_cosmic1_jpl_l1b_v2.6_cosmic1c1-G09-201312151048.nc4	689792	129d351f5361f501b2fd523f8fe74638	1204	90
2013-12	15	contributed/v2.0/gnssro_cosmic1_jpl_l1b/2013/12/15/gnssro_cosmic1_jpl_l1b_v2.6_cosmic1c1-G14-201312150617.nc4	623792	ce0b3b34e3a36f0fe777f81af000c819	1204	150
2013-12	15	contributed/v2.0/gnssro_cosmic1_jpl_l1b/2013/12/15/gnssro_cosmic1_jpl_l1b_v2.6_cosmic1c1-G20-201312152331.nc4	749792	1077deea427be57ec1b0f0a509f3a6a2	1204	210
2013-12	15	contributed/v2.0/gnssro_cosmic1_jpl_l1b/2013/12/15/gnssro_cosmic1_jpl_l1b_v2.6_cosmic1c1-G26-201312150849.nc4	815792	59a3b1f25a3e66679c9649edd1d799d9	1204	270
2013-12	15	contributed/v2.0/gnssro_cosmic1_jpl_l1b/2013/12/15/gnssro_cosmic1_jpl_l1b_v2.6_cosmic1c2-G01-201312150622.nc4	737792	5edd458d30b303d3d2448208940fc2e5	1204	331
2013-12	15	contributed/v2.0/gnssro_cosmic1_jpl_l1b/2013/12/15/gnssro_cosmic1_jpl_l1b_v2.6_cosmic1c2-G11-201312150954.nc4	779792	8436d37ae6fc7893b7694806632d0fec	1204	391
2013-12	15	contributed/v2.0/gnssro_cosmic1_jpl_l1b/2013/12/15/gnssro_cosmic1_jpl_l1b_v2.6_cosmic1c2-G23-201312151738.nc4	1169792	5f7334f06818b96f6b4dba695897a9cd	1204	451
2013-12	15	contributed/v2.0/gnssro_cosmic1_jpl_l1b/2013/12/15/gnssro_cosmic1_jpl_l1b_v2.6_cosmic1c4-G03-201312151507.nc4	629792	29399440d6890a13167a786e1327c3d9	1204	511
2013-12	15	contributed/v2.0/gnssro_cosmic1_jpl_l1b/2013/12/15/gnssro_cosmic1_jpl_l1b_v2.6_cosmic1c4-G18-201312150443.nc4	1067792	4eca5ef5af5472b347672465df21debf	1204	571
2013-12	15	contributed/v2.0/gnssro_cosmic1_jpl_l1b/2013/12/15/gnssro_cosmic1_jpl_l1b_v2.6_cosmic1c4-G28-201312151816.nc4	821792	a146929ebbebe825ee5f237c81f60f5d	1204	632
2013-12	15	contributed/v2.0/gnssro_cosmic1_jpl_l1b/2013/12/15/gnssro_cosmic1_jpl_l1b_v2.6_cosmic1c5-G05-201312151338.nc4	623792	ccec55b4a499474f3d642ec7d198a017	1204	692
2013-12	15	contributed/v2.0/gnssro_cosmic1_jpl_l1b/2013/12/15/gnssro_cosmic1_jpl_l1b_v2.6_cosmic1c5-G11-201312150401.nc4	761792	b986b90d60835441f55ba34fb40cb5e5	1204	752
2013-12	15	contributed/v2.0/gnssro_cosmic1_jpl_l1b/2013/12/15/gnssro_cosmic1_jpl_l1b_v2.6_cosmic1c5-G16-201312151903.nc4	665792	432cd8a265d791823569f924d0ce72ee	1204	812
2013-12	15	contributed/v2.0/gnssro_cosmic1_jpl_l1b/2013/12/15/gnssro_cosmic1_jpl_l1b_v2.6_cosmic1c5-G24-201312150333.nc4	725792	c13d26536373f689a01747c490ad37f1	1204	872
2013-12	15	contributed/v2.0/gnssro_cosmic1_jpl_l1b/2013/12/15/gnssro_cosmic1_jpl_l1b_v2.6_cosmic1c5-G30-201312152008.nc4	671792	7cff9efaa52212bca4c3e092748aa8e9	1204	933
2013-12	15	contributed/v2.0/gnssro_cosmic1_jpl_l1b/2013/12/15/gnssro_cosmic1_jpl_l1b_v2.6_cosmic1c6-G06-201312151625.nc4	593792	6ea414b7a4ec87a4192d91b86b919864	1204	993
2013-12	15	contributed/v2.0/gnssro_cosmic1_jpl_l1b/2013/12/15/gnssro_cosmic1_jpl_l1b_v2.6_cosmic1c6-G14-201312151047.nc4	767792	a3af7501004378da554bc707d3edcd30	1204	1053
2013-12	15	contributed/v2.0/gnssro_cosmic1_jpl_l1b/2013/12/15/gnssro_cosmic1_jpl_l1b_v2.6_cosmic1c6-G21-201312150726.nc4	653792	537bd19839bf83e229613ca557ef8fd3	1204	1113
2013-12	15	contributed/v2.0/gnssro_cosmic1_jpl_l1b/2013/12/15/gnssro_cosmic1_jpl_l1b_v2.6_cosmic1c6-G28-201312151521.nc4	677792	4c26ed0d272e97386d3aaed04d716ab3	1204	1173
2014-01	15	contributed/v2.0/gnssro_cosmic1_jpl_l1b/2014/01/15/gnssro_cosmic1_jpl_l1b_v2.6_cosmic1c1-G03-201401152101.nc4	947792	9f300a7258c997ce177e99a5883dfd9f	1134	28
2014-01	15	contributed/v2.0/gnssro_cosmic1_jpl_l1b/2014/01/15/gnssro_cosmic1_jpl_l1b_v2.6_cosmic1c1-G09-201401150827.nc4	629792	7c47982eb0b4708f5ec9bdd86f682abd	1134	85
2014-01	15	contributed/v2.0/gnssro_cosmic1_jpl_l1b/2014/01/15/gnssro_cosmic1_jpl_l1b_v2.6_cosmic1c1-G15-201401150541.nc4	659672	41bad254ae70fda8d6e6a4837c3140b2	1134	141
2014-01	15	contributed/v2.0/gnssro_cosmic1_jpl_l1b/2014/01/15/gnssro_cosmic1_jpl_l1b_v2.6_cosmic1c1-G23-201401151050.nc4	653792	35d87dea343a9957ba460113c918930d	1134	198
2014-01	15	contributed/v2.0/gnssro_cosmic1_jpl_l1b/2014/01/15/gnssro_cosmic1_jpl_l1b_v2.6_cosmic1c1-G31-201401150824.nc4	509792	ca1fb3bcbcaedc4e080b72a867ec317e	1134	255
2014-01	15	contributed/v2.0/gnssro_cosmic1_jpl_l1b/2014/01/15/gnssro_cosmic1_jpl_l1b_v2.6_cosmic1c2-G13-201401150014.nc4	737792	4964dc77040c78d8a4b1fb54e513984c	1134	311
2014-01	15	contributed/v2.0/gnssro_cosmic1_jpl_l1b/2014/01/15/gnssro_cosmic1_jpl_l1b_v2.6_cosmic1c2-G24-201401150418.nc4	953792	fed328c16ffb03684c522407823c0cb3	1134	368
2014-01	15	contributed/v2.0/gnssro_cosmic1_jpl_l1b/2014/01/15/gnssro_cosmic1_jpl_l1b_v2.6_cosmic1c4-G03-201401151836.nc4	599792	b2ea3aebd6a26638f67f2b049cdd368c	1134	425
2014-01	15	contributed/v2.0/gnssro_cosmic1_jpl_l1b/2014/01/15/gnssro_cosmic1_jpl_l1b_v2.6_cosmic1c4-G09-201401150354.nc4	569792	e97c32a18a83097f938909d84b7e3196	1134	481
2014-01	15	contributed/v2.0/gnssro_cosmic1_jpl_l1b/2014/01/15/gnssro_cosmic1_jpl_l1b_v2.6_cosmic1c4-G13-201401150207.nc4	605792	1852b217465fac6bf9292f1f5e05471f	1134	538
2014-01	15	contributed/v2.0/gnssro_cosmic1_jpl_l1b/2014/01/15/gnssro_cosmic1_jpl_l1b_v2.6_cosmic1c4-G18-201401151010.nc4	755792	f914d99f479076f3e826a8713742c37e	1134	595
2014-01	15	contributed/v2.0/gnssro_cosmic1_jpl_l1b/2014/01/15/gnssro_cosmic1_jpl_l1b_v2.6_cosmic1c4-G22-201401150805.nc4	719792	d78844296873241e434da4b57369bba0	1134	652
2014-01	15	contributed/v2.0/gnssro_cosmic1_jpl_l1b/2014/01/15/gnssro_cosmic1_jpl_l1b_v2.6_cosmic1c4-G28-201401151002.nc4	539792	fc420ebd1176745b445f3a083e1dbc18	1134	708
2014-01	15	contributed/v2.0/gnssro_cosmic1_jpl_l1b/2014/01/15/gnssro_cosmic1_jpl_l1b_v2.6_cosmic1c5-G03-201401151134.nc4	851792	b1078565c196bc53b1049d455d89b951	1134	765
2014-01	15	contributed/v2.0/gnssro_cosmic1_jpl_l1b/2014/01/15/gnssro_cosmic1_jpl_l1b_v2.6_cosmic1c5-G10-201401151345.nc4	683792	7c37a1af9a30e0e57119e15a100d49da	1134	822
2014-01	15	contributed/v2.0/gnssro_cosmic1_jpl_l1b/2014/01/15/gnssro_cosmic1_jpl_l1b_v2.6_cosmic1c5-G16-201401150401.nc4	803792	da516798d5f84653b636ce3a3f6fd646	1134	878
2014-01	15	contributed/v2.0/gnssro_cosmic1_jpl_l1b/2014/01/15/gnssro_cosmic1_jpl_l1b_v2.6_cosmic1c5-G23-201401150807.nc4	761792	8d19dd1dd368ccb0b0951717c796dd57	1134	935
2014-01	15	contributed/v2.0/gnssro_cosmic1_jpl_l1b/2014/01/15/gnssro_cosmic1_jpl_l1b_v2.6_cosmic1c5-G29-201401150931.nc4	779792	4bea3e998c024f2ecfe26e61978b7cda	1134	992
2014-01	15	contributed/v2.0/gnssro_cosmic1_jpl_l1b/2014/01/15/gnssro_cosmic1_jpl_l1b_v2.6_cosmic1c6-G09-201401151745.nc4	671792	aadb29cdc2dfb5bf0f645c45daeed7c6	1134	1048
2014-01	15	contributed/v2.0/gnssro_cosmic1_jpl_l1b/2014/01/15/gnssro_cosmic1_jpl_l1b_v2.6_cosmic1c6-G22-201401151320.nc4	719792	c0500621c6f83c46f1a731d23a80c919	1134	1105
2014-02	15	contributed/v2.0/gnssro_cosmic1_jpl_l1b/2014/02/15/gnssro_cosmic1_jpl_l1b_v2.6_cosmic1c1-G03-201402151833.nc4	779792	80b8ee62bf6d39af361cbc14b7393f80	1002	25
2014-02	15	contributed/v2.0/gnssro_cosmic1_jpl_l1b/2014/02/15/gnssro_cosmic1_jpl_l1b_v2.6_cosmic1c1-G09-201402150842.nc4	725792	59acd1ade244a40b5666589edbf1dc01	1002	75
2014-02	15	contributed/v2.0/gnssro_cosmic1_jpl_l1b/2014/02/15/gnssro_cosmic1_jpl_l1b_v2.6_cosmic1c1-G14-201402150925.nc4	605792	aa811f3548aa0046b51b685bdcad2536	1002	125
2014-02	15	contributed/v2.0/gnssro_cosmic1_jpl_l1b/2014/02/15/gnssro_cosmic1_jpl_l1b_v2.6_cosmic1c1-G19-201402150248.nc4	893792	e0a9e78f579cc9e88057c5912712e4ff	1002	175
2014-02	15	contributed/v2.0/gnssro_cosmic1_jpl_l1b/2014/02/15/gnssro_cosmic1_jpl_l1b_v2.6_cosmic1c1-G24-201402152020.nc4	683792	a181151279c8cea3adb2831cda553ba9	1002	225
2014-02	15	contributed/v2.0/gnssro_cosmic1_jpl_l1b/2014/02/15/gnssro_cosmic1_jpl_l1b_v2.6_cosmic1c1-G29-201402150330.nc4	869792	79b69e23b1ffee9d4c43e76109fdfb7b	1002	275
2014-02	15	contributed/v2.0/gnssro_cosmic1_jpl_l1b/2014/02/15/gnssro_cosmic1_jpl_l1b_v2.6_cosmic1c2-G04-201402152315.nc4	809792	0e7b65bc81857ddc60f86861f54b7a11	1002	325
2014-02	15	contributed/v2.0/gnssro_cosmic1_jpl_l1b/2014/02/15/gnssro_cosmic1_jpl_l1b_v2.6_cosmic1c2-G12-201402150515.nc4	533792	ce0e01c043587da3365387e503dbafc1	1002	375
2014-02	15	contributed/v2.0/gnssro_cosmic1_jpl_l1b/2014/02/15/gnssro_cosmic1_jpl_l1b_v2.6_cosmic1c2-G20-201402152336.nc4	665792	d95b49534a6d70d988c32449b8858234	1002	425
2014-02	15	contributed/v2.0/gnssro_cosmic1_jpl_l1b/2014/02/15/gnssro_cosmic1_jpl_l1b_v2.6_cosmic1c2-G29-201402150211.nc4	893792	33f699c65308b081bd84937380db406a	1002	475
2014-02	15	contributed/v2.0/gnssro_cosmic1_jpl_l1b/2014/02/15/gnssro_cosmic1_jpl_l1b_v2.6_cosmic1c4-G07-201402151234.nc4	839792	9ba1856782cc6e058c330cd8ea82740f	1002	526
2014-02	15	contributed/v2.0/gnssro_cosmic1_jpl_l1b/2014/02/15/gnssro_cosmic1_jpl_l1b_v2.6_cosmic1c4-G18-201402151543.nc4	689792	51b8e9fe3d8786d0f22e2531b0f20209	1002	576
2014-02	15	contributed/v2.0/gnssro_cosmic1_jpl_l1b/2014/02/15/gnssro_cosmic1_jpl_l1b_v2.6_cosmic1c4-G29-201402151605.nc4	785792	6c4535bb68c12c4c062e8d9eec858a40	1002	626
2014-02	15	contributed/v2.0/gnssro_cosmic1_jpl_l1b/2014/02/15/gnssro_cosmic1_jpl_l1b_v2.6_cosmic1c5-G06-201402151102.nc4	545792	a8607ff643ae73659ced4d3be59a4f96	1002	676
2014-02	15	contributed/v2.0/gnssro_cosmic1_jpl_l1b/2014/02/15/gnssro_cosmic1_jpl_l1b_v2.6_cosmic1c5-G11-201402151842.nc4	581792	3e5306e68a2b3137cf7c35945b71602d	1002	726
2014-02	15	contributed/v2.0/gnssro_cosmic1_jpl_l1b/2014/02/15/gnssro_cosmic1_jpl_l1b_v2.6_cosmic1c5-G16-201402151439.nc4	827792	f7f19c3cd6033428e5c2a5749ec83934	1002	776
2014-02	15	contributed/v2.0/gnssro_cosmic1_jpl_l1b/2014/02/15/gnssro_cosmic1_jpl_l1b_v2.6_cosmic1c5-G21-201402150150.nc4	713792	d580a50a143c48677155a389159decb0	1002	826
2014-02	15	contributed/v2.0/gnssro_cosmic1_jpl_l1b/2014/02/15/gnssro_cosmic1_jpl_l1b_v2.6_cosmic1c5-G25-201402151547.nc4	857792	f5c10b486804017c1ec0431aba1239b1	1002	876
2014-02	15	contributed/v2.0/gnssro_cosmic1_jpl_l1b/2014/02/15/gnssro_cosmic1_jpl_l1b_v2.6_cosmic1c5-G32-201402150406.nc4	797792	f160b09487e37fa3ec77ae4d51bc6f6a	1002	926
2014-02	15	contributed/v2.0/gnssro_cosmic1_jpl_l1b/2014/02/15/gnssro_cosmic1_jpl_l1b_v2.6_cosmic1c6-G19-201402151048.nc4	623792	51919aef34bcb44ce08dad96bcb9a33e	1002	976
2014-03	15	contributed/v2.0/gnssro_cosmic1_jpl_l1b/2014/03/15/gnssro_cosmic1_jpl_l1b_v2.6_cosmic1c1-G03-201403152024.nc4	683792	72779ddd7c057b91ee29ba8456ae25a3	1163	29
2014-03	15	contributed/v2.0/gnssro_cosmic1_jpl_l1b/2014/03/15/gnssro_cosmic1_jpl_l1b_v2.6_cosmic1c1-G09-201403151024.nc4	911792	016381225936815c9dae3249a6522868	1163	87
2014-03	15	contributed/v2.0/gnssro_cosmic1_jpl_l1b/2014/03/15/gnssro_cosmic1_jpl_l1b_v2.6_cosmic1c1-G15-201403150956.nc4	587792	fd5f50b52ed04f41035db84e066c2585	1163	145
2014-03	15	contributed/v2.0/gnssro_cosmic1_jpl_l1b/2014/03/15/gnssro_cosmic1_jpl_l1b_v2.6_cosmic1c1-G20-201403152046.nc4	545792	332382e77931120a2775e89a0e7e478d	1163	203
2014-03	15	contributed/v2.0/gnssro_cosmic1_jpl_l1b/2014/03/15/gnssro_cosmic1_jpl_l1b_v2.6_cosmic1c1-G25-201403151828.nc4	845792	6b6163514a2dd994f6552f0bac642dd0	1163	261
2014-03	15	contributed/v2.0/gnssro_cosmic1_jpl_l1b/2014/03/15/gnssro_cosmic1_jpl_l1b_v2.6_cosmic1c1-G32-201403150302.nc4	569792	ab8eaec8ca7ec99bb04938da5669b2ad	1163	319
2014-03	15	contributed/v2.0/gnssro_cosmic1_jpl_l1b/2014/03/15/gnssro_cosmic1_jpl_l1b_v2.6_cosmic1c2-G05-201403151125.nc4	689792	a19858078a4b7640fb0042a7d860d51a	1163	377
2014-03	15	contributed/v2.0/gnssro_cosmic1_jpl_l1b/2014/03/15/gnssro_cosmic1_jpl_l1b_v2.6_cosmic1c2-G13-201403150258.nc4	539792	9d68d94e7466924d050a199624c2e58b	1163	436
2014-03	15	contributed/v2.0/gnssro_cosmic1_jpl_l1b/2014/03/15/gnssro_cosmic1_jpl_l1b_v2.6_cosmic1c2-G19-201403151830.nc4	881792	ba02cd4ecbe4a8b90a0b7a82a326f680	1163	494
2014-03	15	contributed/v2.0/gnssro_cosmic1_jpl_l1b/2014/03/15/gnssro_cosmic1_jpl_l1b_v2.6_cosmic1c2-G27-201403151246.nc4	731792	910b5139184eceac49c7daf6fcf073bf	1163	552
2014-03	15	contributed/v2.0/gnssro_cosmic1_jpl_l1b/2014/03/15/gnssro_cosmic1_jpl_l1b_v2.6_cosmic1c4-G09-201403150132.nc4	683792	6a89cdc1af7d8704c15435d73b869387	1163	610
2014-03	15	contributed/v2.0/gnssro_cosmic1_jpl_l1b/2014/03/15/gnssro_cosmic1_jpl_l1b_v2.6_cosmic1c4-G16-201403152326.nc4	647792	231c8992a076bfb809453b9daa692c12	1163	668
2014-03	15	contributed/v2.0/gnssro_cosmic1_jpl_l1b/2014/03/15/gnssro_cosmic1_jpl_l1b_v2.6_cosmic1c4-G25-201403152159.nc4	875792	515450eb7d029743b588a68e8fb6760d	1163	726
2014-03	15	contributed/v2.0/gnssro_cosmic1_jpl_l1b/2014/03/15/gnssro_cosmic1_jpl_l1b_v2.6_cosmic1c5-G05-201403152353.nc4	707792	31aa6ea52d98fed244ed1dd1898b5c0e	1163	785
2014-03	15	contributed/v2.0/gnssro_cosmic1_jpl_l1b/2014/03/15/gnssro_cosmic1_jpl_l1b_v2.6_cosmic1c5-G18-201403151533.nc4	719792	793073759e81b62655f590e76962fe65	1163	843
2014-03	15	contributed/v2.0/gnssro_cosmic1_jpl_l1b/2014/03/15/gnssro_cosmic1_jpl_l1b_v2.6_cosmic1c6-G01-201403151051.nc4	737792	87ba58f10c38aeda9baee7c9231c352f	1163	901
2014-03	15	contributed/v2.0/gnssro_cosmic1_jpl_l1b/2014/03/15/gnssro_cosmic1_jpl_l1b_v2.6_cosmic1c6-G09-201403150852.nc4	617792	e94ca0e3194e6c0d290583c599bd94d4	1163	959
2014-03	15	contributed/v2.0/gnssro_cosmic1_jpl_l1b/2014/03/15/gnssro_cosmic1_jpl_l1b_v2.6_cosmic1c6-G15-201403151332.nc4	731792	643151541bb886a6148b251470f2abc9	1163	1017
2014-03	15	contributed/v2.0/gnssro_cosmic1_jpl_l1b/2014/03/15/gnssro_cosmic1_jpl_l1b_v2.6_cosmic1c6-G21-201403150545.nc4	785792	cd13670faab90b3326de6cef01876f78	1163	1075
2014-03	15	contributed/v2.0/gnssro_cosmic1_jpl_l1b/2014/03/15/gnssro_cosmic1_jpl_l1b_v2.6_cosmic1c6-G28-201403150451.nc4	875792	0c0e6c3b62f0b03ac34a21043b769b5e	1163	1133
2014-04	15	contributed/v2.0/gnssro_cosmic1_jpl_l1b/2014/04/15/gnssro_cosmic1_jpl_l1b_v2.6_cosmic1c1-G03-201404152303.nc4	647792	aecfc0abff47f6a298a1903bbd174c8d	1000	25
2014-04	15	contributed/v2.0/gnssro_cosmic1_jpl_l1b/2014/04/15/gnssro_cosmic1_jpl_l1b_v2.6_cosmic1c1-G10-201404151919.nc4	809792	b479ca10b49801568b7448a86b6a630f	1000	75
2014-04	15	contributed/v2.0/gnssro_cosmic1_jpl_l1b/2014/04/15/gnssro_cosmic1_jpl_l1b_v2.6_cosmic1c1-G16-201404150156.nc4	803792	d5c25412fbed7f9a4694ff06c4c31733	1000	125
2014-04	15	contributed/v2.0/gnssro_cosmic1_jpl_l1b/2014/04/15/gnssro_cosmic1_jpl_l1b_v2.6_cosmic1c1-G22-201404151459.nc4	635792	a1f18c4dd2cecfcac43ce12e1d6eed95	1000	175
2014-04	15	contributed/v2.0/gnssro_cosmic1_jpl_l1b/2014/04/15/gnssro_cosmic1_jpl_l1b_v2.6_cosmic1c1-G32-201404151004.nc4	701792	98d010557d168e4921689524d39bff83	1000	225
2014-04	15	contributed/v2.0/gnssro_cosmic1_jpl_l1b/2014/04/15/gnssro_cosmic1_jpl_l1b_v2.6_cosmic1c2-G07-201404151607.nc4	755792	b745fb8e18dfc127bb700fff5334ec4c	1000	275
2014-04	15	contributed/v2.0/gnssro_cosmic1_jpl_l1b/2014/04/15/gnssro_cosmic1_jpl_l1b_v2.6_cosmic1c2-G13-201404151902.nc4	893792	559486494587f60ee5eaf7fbb6744cfb	1000	325
2014-04	15	contributed/v2.0/gnssro_cosmic1_jpl_l1b/2014/04/15/gnssro_cosmic1_jpl_l1b_v2.6_cosmic1c2-G18-201404151632.nc4	653792	8b3ebcbaa1bba52575947248621681ba	1000	375
2014-04	15	contributed/v2.0/gnssro_cosmic1_jpl_l1b/2014/04/15/gnssro_cosmic1_jpl_l1b_v2.6_cosmic1c2-G22-201404152308.nc4	641792	d0cc2c47b02fe51d7baf2562453db9f1	1000	425
2014-04	15	contributed/v2.0/gnssro_cosmic1_jpl_l1b/2014/04/15/gnssro_cosmic1_jpl_l1b_v2.6_cosmic1c2-G27-201404152358.nc4	743792	935ef237f8fde61af6e9208209751d08	1000	475
2014-04	15	contributed/v2.0/gnssro_cosmic1_jpl_l1b/2014/04/15/gnssro_cosmic1_jpl_l1b_v2.6_cosmic1c5-G02-201404151635.nc4	911792	f47d3334e01ac987b234dd0e699db8ef	1000	525
2014-04	15	contributed/v2.0/gnssro_cosmic1_jpl_l1b/2014/04/15/gnssro_cosmic1_jpl_l1b_v2.6_cosmic1c5-G08-201404150643.nc4	617792	b1001151533e9a7e8e419072a7153ffc	1000	575
2014-04	15	contributed/v2.0/gnssro_cosmic1_jpl_l1b/2014/04/15/gnssro_cosmic1_jpl_l1b_v2.6_cosmic1c5-G13-201404151639.nc4	629792	8ec3dc6ea3d3a98bf8476d3517fc605f	1000	625
2014-04	15	contributed/v2.0/gnssro_cosmic1_jpl_l1b/2014/04/15/gnssro_cosmic1_jpl_l1b_v2.6_cosmic1c5-G19-201404151646.nc4	719792	f5657ee429e548155ed52a5e4b919d23	1000	675
2014-04	15	contributed/v2.0/gnssro_cosmic1_jpl_l1b/2014/04/15/gnssro_cosmic1_jpl_l1b_v2.6_cosmic1c5-G24-201404151553.nc4	611792	ce7ffc2878fedfd33dd5c09eb0261878	1000	725
2014-04	15	contributed/v2.0/gnssro_cosmic1_jpl_l1b/2014/04/15/gnssro_cosmic1_jpl_l1b_v2.6_cosmic1c5-G32-201404150255.nc4	635792	356adc3695aec38bec9b60ed507f8b9c	1000	775
2014-04	15	contributed/v2.0/gnssro_cosmic1_jpl_l1b/2014/04/15/gnssro_cosmic1_jpl_l1b_v2.6_cosmic1c6-G05-201404151506.nc4	899792	740a9f164d7b27f353bc6b765248797d	1000	825
2014-04	15	contributed/v2.0/gnssro_cosmic1_jpl_l1b/2014/04/15/gnssro_cosmic1_jpl_l1b_v2.6_cosmic1c6-G12-201404152324.nc4	767792	93d4475f71491f631a015a6d37591a3e	1000	875
2014-04	15	contributed/v2.0/gnssro_cosmic1_jpl_l1b/2014/04/15/gnssro_cosmic1_jpl_l1b_v2.6_cosmic1c6-G20-201404150242.nc4	575792	e0059bfe3effb15879d027ed4febe3ae	1000	925
2014-04	15	contributed/v2.0/gnssro_cosmic1_jpl_l1b/2014/04/15/gnssro_cosmic1_jpl_l1b_v2.6_cosmic1c6-G27-201404150457.nc4	707792	40e58d6996abbcf7aec87a1be019f9bd	1000	975
2014-05	15	contributed/v2.0/gnssro_cosmic1_jpl_l1b/2014/05/15/gnssro_cosmic1_jpl_l1b_v2.6_cosmic1c1-G02-201405151019.nc4	893792	9d6f322dd925756540c08826f9d5deb6	432	10
2014-05	15	contributed/v2.0/gnssro_cosmic1_jpl_l1b/2014/05/15/gnssro_cosmic1_jpl_l1b_v2.6_cosmic1c1-G05-201405151855.nc4	689792	518eee570e9f3bf8295dd03b663b00b4	432	32
2014-05	15	contributed/v2.0/gnssro_cosmic1_jpl_l1b/2014/05/15/gnssro_cosmic1_jpl_l1b_v2.6_cosmic1c1-G12-201405150053.nc4	563792	65007b8d8c2eea61cce8b3119031f6c5	432	54
2014-05	15	contributed/v2.0/gnssro_cosmic1_jpl_l1b/2014/05/15/gnssro_cosmic1_jpl_l1b_v2.6_cosmic1c1-G15-201405150454.nc4	749792	cf3b2cf2b739bbc10b8008e655d8552a	432	75
2014-05	15	contributed/v2.0/gnssro_cosmic1_jpl_l1b/2014/05/15/gnssro_cosmic1_jpl_l1b_v2.6_cosmic1c1-G17-201405151606.nc4	521792	3b90fc0e09d83e09edc33801e27268e0	432	97
2014-05	15	contributed/v2.0/gnssro_cosmic1_jpl_l1b/2014/05/15/gnssro_cosmic1_jpl_l1b_v2.6_cosmic1c1-G20-201405151037.nc4	875792	6d94870a196fa8d9881f52dfdcc914f2	432	118
2014-05	15	contributed/v2.0/gnssro_cosmic1_jpl_l1b/2014/05/15/gnssro_cosmic1_jpl_l1b_v2.6_cosmic1c1-G23-201405150832.nc4	731792	758ffc9c857d6f5e6daafbe2b8c84bc2	432	140
2014-05	15	contributed/v2.0/gnssro_cosmic1_jpl_l1b/2014/05/15/gnssro_cosmic1_jpl_l1b_v2.6_cosmic1c1-G26-201405151342.nc4	761792	9d8d66e037a57e02689a001627ab93fe	432	162
2014-05	15	contributed/v2.0/gnssro_cosmic1_jpl_l1b/2014/05/15/gnssro_cosmic1_jpl_l1b_v2.6_cosmic1c1-G29-201405151259.nc4	677792	2475307000af48d80c9514c8e5a90beb	432	183
2014-05	15	contributed/v2.0/gnssro_cosmic1_jpl_l1b/2014/05/15/gnssro_cosmic1_jpl_l1b_v2.6_cosmic1c4-G02-201405152106.nc4	731792	63d2316ae5fe4664a3f5ae44bdb6365e	432	205
2014-05	15	contributed/v2.0/gnssro_cosmic1_jpl_l1b/2014/05/15/gnssro_cosmic1_jpl_l1b_v2.6_cosmic1c4-G09-201405152138.nc4	773792	2305a591534bf260d3a0f73eebeee990	432	226
2014-05	15	contributed/v2.0/gnssro_cosmic1_jpl_l1b/2014/05/15/gnssro_cosmic1_jpl_l1b_v2.6_cosmic1c4-G14-201405150009.nc4	641792	12e1c5c20ee7338d02bd60561eb2e14d	432	248
2014-05	15	contributed/v2.0/gnssro_cosmic1_jpl_l1b/2014/05/15/gnssro_cosmic1_jpl_l1b_v2.6_cosmic1c4-G19-201405151916.nc4	677792	d359bbb4166a0c5bd57d3b6a652c1f0a	432	270
2014-05	15	contributed/v2.0/gnssro_cosmic1_jpl_l1b/2014/05/15/gnssro_cosmic1_jpl_l1b_v2.6_cosmic1c4-G23-201405152106.nc4	767792	400febe9c7261b18872b5ec7321583f3	432	291
2014-05	15	contributed/v2.0/gnssro_cosmic1_jpl_l1b/2014/05/15/gnssro_cosmic1_jpl_l1b_v2.6_cosmic1c4-G29-201405152106.nc4	689792	3d570be2f71365a7d233fcb7dfc78360	432	313
2014-05	15	contributed/v2.0/gnssro_cosmic1_jpl_l1b/2014/05/15/gnssro_cosmic1_jpl_l1b_v2.6_cosmic1c6-G03-201405150932.nc4	575792	07f76c00c05c6f29b7b7d910a3beafc2	432	334
2014-05	15	contributed/v2.0/gnssro_cosmic1_jpl_l1b/2014/05/15/gnssro_cosmic1_jpl_l1b_v2.6_cosmic1c6-G09-201405151315.nc4	647792	a073d4cc180a8493944fbc1913cc5840	432	356
2014-05	15	contributed/v2.0/gnssro_cosmic1_jpl_l1b/2014/05/15/gnssro_cosmic1_jpl_l1b_v2.6_cosmic1c6-G14-201405151820.nc4	779792	217739fbe900f773f58716a22263658a	432	378
2014-05	15	contributed/v2.0/gnssro_cosmic1_jpl_l1b/2014/05/15/gnssro_cosmic1_jpl_l1b_v2.6_cosmic1c6-G21-201405150620.nc4	551792	de345b32e2faa12ff7ac4a7a5a67d4cc	432	399
2014-05	15	contributed/v2.0/gnssro_cosmic1_jpl_l1b/2014/05/15/gnssro_cosmic1_jpl_l1b_v2.6_cosmic1c6-G27-201405151346.nc4	521792	76bd0fb4d82b9bd3e444e03d78eada89	432	421
2014-06	15	contributed/v2.0/gnssro_cosmic1_jpl_l1b/2014/06/15/gnssro_cosmic1_jpl_l1b_v2.6_cosmic1c1-G02-201406152034.nc4	731792	6b9598a84c0064bff96340a5647b6577	966	24
2014-06	15	contributed/v2.0/gnssro_cosmic1_jpl_l1b/2014/06/15/gnssro_cosmic1_jpl_l1b_v2.6_cosmic1c1-G07-201406150958.nc4	563792	3fbdaf25c886383f0cacbf9832f530a2	966	72
2014-06	15	contributed/v2.0/gnssro_cosmic1_jpl_l1b/2014/06/15/gnssro_cosmic1_jpl_l1b_v2.6_cosmic1c1-G11-201406152015.nc4	815792	0dc1fdbeae6d30cff3a3ced1162a7621	966	120
2014-06	15	contributed/v2.0/gnssro_cosmic1_jpl_l1b/2014/06/15/gnssro_cosmic1_jpl_l1b_v2.6_cosmic1c1-G15-201406151308.nc4	713792	f048a018dc0e46a8851925bf1b120868	966	169
2014-06	15	contributed/v2.0/gnssro_cosmic1_jpl_l1b/2014/06/15/gnssro_cosmic1_jpl_l1b_v2.6_cosmic1c1-G19-201406151942.nc4	737792	6017c7f6a7d8f6497e32c7b4863d5dc0	966	217
2014-06	15	contributed/v2.0/gnssro_cosmic1_jpl_l1b/2014/06/15/gnssro_cosmic1_jpl_l1b_v2.6_cosmic1c1-G23-201406151359.nc4	641792	bc2d7232c84c91f9eba6289922001127	966	265
2014-06	15	contributed/v2.0/gnssro_cosmic1_jpl_l1b/2014/06/15/gnssro_cosmic1_jpl_l1b_v2.6_cosmic1c1-G27-201406151843.nc4	683792	4483b8cd2ec994ce90d992ad0873eae2	966	313
2014-06	15	contributed/v2.0/gnssro_cosmic1_jpl_l1b/2014/06/15/gnssro_cosmic1_jpl_l1b_v2.6_cosmic1c1-G31-201406150211.nc4	719792	65ec05dc9e254f318ecc8e5da269a8e7	966	362
2014-06	15	contributed/v2.0/gnssro_cosmic1_jpl_l1b/2014/06/15/gnssro_cosmic1_jpl_l1b_v2.6_cosmic1c4-G11-201406152210.nc4	713792	3d537bda7c902df424363ed5ee59d4b7	966	410
2014-06	15	contributed/v2.0/gnssro_cosmic1_jpl_l1b/2014/06/15/gnssro_cosmic1_jpl_l1b_v2.6_cosmic1c4-G22-201406152221.nc4	839792	2d032b62de18f9d53e015145b94748d5	966	458
2014-06	15	contributed/v2.0/gnssro_cosmic1_jpl_l1b/2014/06/15/gnssro_cosmic1_jpl_l1b_v2.6_cosmic1c5-G02-201406150434.nc4	845792	4fba936e7f92cb180e923e8bf8dbbf04	966	507
2014-06	15	contributed/v2.0/gnssro_cosmic1_jpl_l1b/2014/06/15/gnssro_cosmic1_jpl_l1b_v2.6_cosmic1c5-G08-201406150120.nc4	737792	431fc9a21b083000209368d114b8f2f8	966	555
2014-06	15	contributed/v2.0/gnssro_cosmic1_jpl_l1b/2014/06/15/gnssro_cosmic1_jpl_l1b_v2.6_cosmic1c5-G15-201406150206.nc4	701792	9727f40552825d543c862c1184e241b1	966	603
2014-06	15	contributed/v2.0/gnssro_cosmic1_jpl_l1b/2014/06/15/gnssro_cosmic1_jpl_l1b_v2.6_cosmic1c5-G21-201406151228.nc4	923792	78922c62df0758bb1c8476b9bcbdebaa	966	652
2014-06	15	contributed/v2.0/gnssro_cosmic1_jpl_l1b/2014/06/15/gnssro_cosmic1_jpl_l1b_v2.6_cosmic1c5-G26-201406151800.nc4	953792	5314f621083df454b3ca188672769566	966	700
2014-06	15	contributed/v2.0/gnssro_cosmic1_jpl_l1b/2014/06/15/gnssro_cosmic1_jpl_l1b_v2.6_cosmic1c5-G31-201406150955.nc4	671792	12b69a7f48cae9c5dac10d54b0f05375	966	748
2014-06	15	contributed/v2.0/gnssro_cosmic1_jpl_l1b/2014/06/15/gnssro_cosmic1_jpl_l1b_v2.6_cosmic1c6-G05-201406151002.nc4	845792	efa8a8040c1cb3d4f89af7da67687d3b	966	796
2014-06	15	contributed/v2.0/gnssro_cosmic1_jpl_l1b/2014/06/15/gnssro_cosmic1_jpl_l1b_v2.6_cosmic1c6-G15-201406151330.nc4	773792	a990b149c00dc756b93426d2646ab181	966	845
2014-06	15	contributed/v2.0/gnssro_cosmic1_jpl_l1b/2014/06/15/gnssro_cosmic1_jpl_l1b_v2.6_cosmic1c6-G22-201406150725.nc4	1103792	1440a4e19489f42aa7f79c05410288ff	966	893
2014-06	15	contributed/v2.0/gnssro_cosmic1_jpl_l1b/2014/06/15/gnssro_cosmic1_jpl_l1b_v2.6_cosmic1c6-G29-201406150121.nc4	611792	84633b6c18db3061a4891759e497dc8b	966	941
2014-07	15	contributed/v2.0/gnssro_cosmic1_jpl_l1b/2014/07/15/gnssro_cosmic1_jpl_l1b_v2.6_cosmic1c1-G02-201407151927.nc4	665792	3bb19d77c17fd91011c75879a1b88187	943	23
2014-07	15	contributed/v2.0/gnssro_cosmic1_jpl_l1b/2014/07/15/gnssro_cosmic1_jpl_l1b_v2.6_cosmic1c1-G07-201407150414.nc4	821792	a846194d2e95d8c1241162868674d1af	943	70
2014-07	15	contributed/v2.0/gnssro_cosmic1_jpl_l1b/2014/07/15/gnssro_cosmic1_jpl_l1b_v2.6_cosmic1c1-G11-201407152121.nc4	779792	9802b623beb1e105e40edc468bd93960	943	117
2014-07	15	contributed/v2.0/gnssro_cosmic1_jpl_l1b/2014/07/15/gnssro_cosmic1_jpl_l1b_v2.6_cosmic1c1-G16-201407151047.nc4	683792	f1a9736336818dbae31a3233e88dd955	943	165
2014-07	15	contributed/v2.0/gnssro_cosmic1_jpl_l1b/2014/07/15/gnssro_cosmic1_jpl_l1b_v2.6_cosmic1c1-G21-201407151014.nc4	761792	6e6adbd854a13a65d36396c5db1908bd	943	212
2014-07	15	contributed/v2.0/gnssro_cosmic1_jpl_l1b/2014/07/15/gnssro_cosmic1_jpl_l1b_v2.6_cosmic1c1-G26-201407151619.nc4	611792	aeb98b1abf0766ab3be7c3aff1c28910	943	259
2014-07	15	contributed/v2.0/gnssro_cosmic1_jpl_l1b/2014/07/15/gnssro_cosmic1_jpl_l1b_v2.6_cosmic1c1-G32-201407150339.nc4	617792	f8fcb1278db7c1b2f8fbd52d43e84c6c	943	306
2014-07	15	contributed/v2.0/gnssro_cosmic1_jpl_l1b/2014/07/15/gnssro_cosmic1_jpl_l1b_v2.6_cosmic1c4-G07-201407150203.nc4	599792	eaf3685b65536f3a3cfe679a8b7d2944	943	353
2014-07	15	contributed/v2.0/gnssro_cosmic1_jpl_l1b/2014/07/15/gnssro_cosmic1_jpl_l1b_v2.6_cosmic1c4-G15-201407150107.nc4	809792	d66c06be82ba8134e0c377c85aa62f3d	943	400
2014-07	15	contributed/v2.0/gnssro_cosmic1_jpl_l1b/2014/07/15/gnssro_cosmic1_jpl_l1b_v2.6_cosmic1c4-G21-201407152047.nc4	761792	f16736492bd14eed0d4709e78991e4ec	943	447
2014-07	15	contributed/v2.0/gnssro_cosmic1_jpl_l1b/2014/07/15/gnssro_cosmic1_jpl_l1b_v2.6_cosmic1c4-G29-201407150728.nc4	737792	e64532473956d942135d3be7017b0a24	943	495
2014-07	15	contributed/v2.0/gnssro_cosmic1_jpl_l1b/2014/07/15/gnssro_cosmic1_jpl_l1b_v2.6_cosmic1c5-G05-201407151008.nc4	725792	eb95ffacbb437f2386899ee2a59c3a0f	943	542
2014-07	15	contributed/v2.0/gnssro_cosmic1_jpl_l1b/2014/07/15/gnssro_cosmic1_jpl_l1b_v2.6_cosmic1c5-G15-201407150557.nc4	749792	58f54557155ef4c71d5e95da71477730	943	589
2014-07	15	contributed/v2.0/gnssro_cosmic1_jpl_l1b/2014/07/15/gnssro_cosmic1_jpl_l1b_v2.6_cosmic1c5-G21-201407151736.nc4	599792	2e03f0fe7d982b5dad532c0e97a18f7b	943	636
2014-07	15	contributed/v2.0/gnssro_cosmic1_jpl_l1b/2014/07/15/gnssro_cosmic1_jpl_l1b_v2.6_cosmic1c5-G28-201407151759.nc4	647792	7bc71f6d8b6f63fa25b4b9b30ec2255a	943	683
2014-07	15	contributed/v2.0/gnssro_cosmic1_jpl_l1b/2014/07/15/gnssro_cosmic1_jpl_l1b_v2.6_cosmic1c6-G04-201407151029.nc4	731792	2d8b56772630c02600f38d75de6b933e	943	730
2014-07	15	contributed/v2.0/gnssro_cosmic1_jpl_l1b/2014/07/15/gnssro_cosmic1_jpl_l1b_v2.6_cosmic1c6-G12-201407150057.nc4	575792	621b7831613522320243f8bd842e7575	943	777
2014-07	15	contributed/v2.0/gnssro_cosmic1_jpl_l1b/2014/07/15/gnssro_cosmic1_jpl_l1b_v2.6_cosmic1c6-G17-201407151029.nc4	629792	a5a05c51dbb5bd604b81ebcbad514cf9	943	825
2014-07	15	contributed/v2.0/gnssro_cosmic1_jpl_l1b/2014/07/15/gnssro_cosmic1_jpl_l1b_v2.6_cosmic1c6-G22-201407152256.nc4	725792	73733e9785713129f37d422b00efca79	943	872
2014-07	15	contributed/v2.0/gnssro_cosmic1_jpl_l1b/2014/07/15/gnssro_cosmic1_jpl_l1b_v2.6_cosmic1c6-G29-201407150206.nc4	677792	3f1bfbd3aa2b3f1621be61fc8759df9c	943	919
2014-08	15	contributed/v2.0/gnssro_cosmic1_jpl_l1b/2014/08/15/gnssro_cosmic1_jpl_l1b_v2.6_cosmic1c2-G03-201408151728.nc4	767792	ae3374d7e2d32c4ca03dc4dafa352baa	783	19
2014-08	15	contributed/v2.0/gnssro_cosmic1_jpl_l1b/2014/08/15/gnssro_cosmic1_jpl_l1b_v2.6_cosmic1c2-G07-201408151252.nc4	623792	4b9bc04c91b335f014cb216fb4aee426	783	58
2014-08	15	contributed/v2.0/gnssro_cosmic1_jpl_l1b/2014/08/15/gnssro_cosmic1_jpl_l1b_v2.6_cosmic1c2-G11-201408151730.nc4	665792	94aa9c413a9530415257ec8d2599607f	783	97
2014-08	15	contributed/v2.0/gnssro_cosmic1_jpl_l1b/2014/08/15/gnssro_cosmic1_jpl_l1b_v2.6_cosmic1c2-G16-201408150946.nc4	587792	4d8896ff517ea8bcb7009fa89cfee1db	783	137
2014-08	15	contributed/v2.0/gnssro_cosmic1_jpl_l1b/2014/08/15/gnssro_cosmic1_jpl_l1b_v2.6_cosmic1c2-G19-201408150447.nc4	593792	f10d1becf85e3ef9a79c18c15b143168	783	176
2014-08	15	contributed/v2.0/gnssro_cosmic1_jpl_l1b/2014/08/15/gnssro_cosmic1_jpl_l1b_v2.6_cosmic1c2-G22-201408150405.nc4	815792	d4a50d246b1856d72bc12edd099a36e9	783	215
2014-08	15	contributed/v2.0/gnssro_cosmic1_jpl_l1b/2014/08/15/gnssro_cosmic1_jpl_l1b_v2.6_cosmic1c2-G26-201408151614.nc4	929792	0de775d3465f156b18fc3477ba7904d7	783	254
2014-08	15	contributed/v2.0/gnssro_cosmic1_jpl_l1b/2014/08/15/gnssro_cosmic1_jpl_l1b_v2.6_cosmic1c2-G31-201408150753.nc4	641792	da3a772949222dcb72938595201f392a	783	293
2014-08	15	contributed/v2.0/gnssro_cosmic1_jpl_l1b/2014/08/15/gnssro_cosmic1_jpl_l1b_v2.6_cosmic1c5-G02-201408152229.nc4	671792	941e2084984af7cbb82850586b8ea9b9	783	332
2014-08	15	contributed/v2.0/gnssro_cosmic1_jpl_l1b/2014/08/15/gnssro_cosmic1_jpl_l1b_v2.6_cosmic1c5-G07-201408150831.nc4	749792	63b4052b56e3a6237b8c735ec3e4737a	783	371
2014-08	15	contributed/v2.0/gnssro_cosmic1_jpl_l1b/2014/08/15/gnssro_cosmic1_jpl_l1b_v2.6_cosmic1c5-G12-201408150706.nc4	659792	d77360fea8257d72edbed8a099777f93	783	411
2014-08	15	contributed/v2.0/gnssro_cosmic1_jpl_l1b/2014/08/15/gnssro_cosmic1_jpl_l1b_v2.6_cosmic1c5-G15-201408150922.nc4	815792	413024fdbf4a688ec8ae8125e330b26a	783	450
2014-08	15	contributed/v2.0/gnssro_cosmic1_jpl_l1b/2014/08/15/gnssro_cosmic1_jpl_l1b_v2.6_cosmic1c5-G17-201408150818.nc4	629792	3f64b1062d1f17c77c2d59da4fe8d523	783	489
2014-08	15	contributed/v2.0/gnssro_cosmic1_jpl_l1b/2014/08/15/gnssro_cosmic1_jpl_l1b_v2.6_cosmic1c5-G20-201408150823.nc4	755792	70486f7be076a78e798f726d38ac9807	783	528
2014-08	15	contributed/v2.0/gnssro_cosmic1_jpl_l1b/2014/08/15/gnssro_cosmic1_jpl_l1b_v2.6_cosmic1c5-G23-201408150904.nc4	911792	69c45e5dcd6439f350d463046a27ccfd	783	567
2014-08	15	contributed/v2.0/gnssro_cosmic1_jpl_l1b/2014/08/15/gnssro_cosmic1_jpl_l1b_v2.6_cosmic1c5-G26-201408151922.nc4	983792	0188d9c2730881824fee2f14048760f3	783	606
2014-08	15	contributed/v2.0/gnssro_cosmic1_jpl_l1b/2014/08/15/gnssro_cosmic1_jpl_l1b_v2.6_cosmic1c5-G31-201408150429.nc4	881792	1ce2d1bc8c6a76da812b4fb426a795ea	783	645
2014-08	15	contributed/v2.0/gnssro_cosmic1_jpl_l1b/2014/08/15/gnssro_cosmic1_jpl_l1b_v2.6_cosmic1c6-G04-201408151052.nc4	701792	356092b7b9af3573fb03068333d40334	783	685
2014-08	15	contributed/v2.0/gnssro_cosmic1_jpl_l1b/2014/08/15/gnssro_cosmic1_jpl_l1b_v2.6_cosmic1c6-G16-201408150924.nc4	731792	e613123a62b174c1b63891f462730b95	783	724
2014-08	15	contributed/v2.0/gnssro_cosmic1_jpl_l1b/2014/08/15/gnssro_cosmic1_jpl_l1b_v2.6_cosmic1c6-G28-201408150020.nc4	617792	7e9e367360aad8a1f5f04098a3c99b33	783	763
2014-09	15	contributed/v2.0/gnssro_cosmic1_jpl_l1b/2014/09/15/gnssro_cosmic1_jpl_l1b_v2.6_cosmic1c1-G02-201409152013.nc4	653792	3440b9e08864e8bc147825dd4d15a8ad	541	13
2014-09	15	contributed/v2.0/gnssro_cosmic1_jpl_l1b/2014/09/15/gnssro_cosmic1_jpl_l1b_v2.6_cosmic1c1-G06-201409152216.nc4	755792	7c721407e4bd4784a1cbdeacc58f5038	541	40
2014-09	15	contributed/v2.0/gnssro_cosmic1_jpl_l1b/2014/09/15/gnssro_cosmic1_jpl_l1b_v2.6_cosmic1c1-G10-201409150622.nc4	623792	f89fd05a503f5c900ec33159eeb46109	541	67
2014-09	15	contributed/v2.0/gnssro_cosmic1_jpl_l1b/2014/09/15/gnssro_cosmic1_jpl_l1b_v2.6_cosmic1c1-G14-201409151916.nc4	1091792	9a85a63ab9c24c9aa5c99e3e38b825cf	541	94
2014-09	15	contributed/v2.0/gnssro_cosmic1_jpl_l1b/2014/09/15/gnssro_cosmic1_jpl_l1b_v2.6_cosmic1c1-G18-201409151542.nc4	575792	5300c761b9d3d3884c3ca20fde3ca6e8	541	121
2014-09	15	contributed/v2.0/gnssro_cosmic1_jpl_l1b/2014/09/15/gnssro_cosmic1_jpl_l1b_v2.6_cosmic1c1-G22-201409150707.nc4	869792	90e76806ae308663e4cedb43fdf5afe7	541	148
2014-09	15	contributed/v2.0/gnssro_cosmic1_jpl_l1b/2014/09/15/gnssro_cosmic1_jpl_l1b_v2.6_cosmic1c1-G25-201409151527.nc4	785792	ed89921e0a28e7e136cdc6c7007841d4	541	175
2014-09	15	contributed/v2.0/gnssro_cosmic1_jpl_l1b/2014/09/15/gnssro_cosmic1_jpl_l1b_v2.6_cosmic1c1-G28-201409151700.nc4	737792	529cb20daf7e787890cf81a5864835e6	541	202
2014-09	15	contributed/v2.0/gnssro_cosmic1_jpl_l1b/2014/09/15/gnssro_cosmic1_jpl_l1b_v2.6_cosmic1c1-G32-201409151945.nc4	563792	3294333bdfe4fdfe978bd59dc6d8c114	541	229
2014-09	15	contributed/v2.0/gnssro_cosmic1_jpl_l1b/2014/09/15/gnssro_cosmic1_jpl_l1b_v2.6_cosmic1c4-G20-201409150418.nc4	593792	ec5a9b51523569a112b4dc18cee129b8	541	256
2014-09	15	contributed/v2.0/gnssro_cosmic1_jpl_l1b/2014/09/15/gnssro_cosmic1_jpl_l1b_v2.6_cosmic1c4-G31-201409150710.nc4	761792	045aaf7cd884f8bd961c354e44bd7c9a	541	284
2014-09	15	contributed/v2.0/gnssro_cosmic1_jpl_l1b/2014/09/15/gnssro_cosmic1_jpl_l1b_v2.6_cosmic1c5-G02-201409152153.nc4	761792	66fc95b5352e4d65c422a4f02d1eeeaa	541	311
2014-09	15	contributed/v2.0/gnssro_cosmic1_jpl_l1b/2014/09/15/gnssro_cosmic1_jpl_l1b_v2.6_cosmic1c5-G05-201409151348.nc4	911792	5db0ed6ad24ccb526de284c4274c639c	541	338
2014-09	15	contributed/v2.0/gnssro_cosmic1_jpl_l1b/2014/09/15/gnssro_cosmic1_jpl_l1b_v2.6_cosmic1c5-G07-201409152257.nc4	719792	e4536c923f86ee5399d92cae47a6c251	541	365
2014-09	15	contributed/v2.0/gnssro_cosmic1_jpl_l1b/2014/09/15/gnssro_cosmic1_jpl_l1b_v2.6_cosmic1c5-G10-201409152301.nc4	857792	7b82770bb800255d80149f239cbc9bb0	541	392
2014-09	15	contributed/v2.0/gnssro_cosmic1_jpl_l1b/2014/09/15/gnssro_cosmic1_jpl_l1b_v2.6_cosmic1c5-G15-201409150838.nc4	869792	bc1e8833b865a1cec3de235881440fbb	541	419
2014-09	15	contributed/v2.0/gnssro_cosmic1_jpl_l1b/2014/09/15/gnssro_cosmic1_jpl_l1b_v2.6_cosmic1c5-G20-201409151539.nc4	1091792	7c1b24683b2db35c8db6ab6f0b32261b	541	446
2014-09	15	contributed/v2.0/gnssro_cosmic1_jpl_l1b/2014/09/15/gnssro_cosmic1_jpl_l1b_v2.6_cosmic1c5-G23-201409152114.nc4	821792	21f5c9af24f449e5e7dac53faa2c3a91	541	473
2014-09	15	contributed/v2.0/gnssro_cosmic1_jpl_l1b/2014/09/15/gnssro_cosmic1_jpl_l1b_v2.6_cosmic1c5-G28-201409151416.nc4	965792	a44bd92532d3ef70647b1c010bcb9651	541	500
2014-09	15	contributed/v2.0/gnssro_cosmic1_jpl_l1b/2014/09/15/gnssro_cosmic1_jpl_l1b_v2.6_cosmic1c5-G31-201409150904.nc4	803792	590e34b998c766d14b6d81de30613293	541	527
2014-10	15	contributed/v2.0/gnssro_cosmic1_jpl_l1b/2014/10/15/gnssro_cosmic1_jpl_l1b_v2.6_cosmic1c1-G04-201410150638.nc4	923792	83d04fc7be2c27d45284cbbe08e627c8	1097	27
2014-10	15	contributed/v2.0/gnssro_cosmic1_jpl_l1b/2014/10/15/gnssro_cosmic1_jpl_l1b_v2.6_cosmic1c1-G09-201410150942.nc4	719792	a34953285fe374bba58ea635e3dfdde0	1097	82
2014-10	15	contributed/v2.0/gnssro_cosmic1_jpl_l1b/2014/10/15/gnssro_cosmic1_jpl_l1b_v2.6_cosmic1c1-G14-201410150937.nc4	809792	f674bc0b53089fac93f5698dc26dc1b7	1097	137
2014-10	15	contributed/v2.0/gnssro_cosmic1_jpl_l1b/2014/10/15/gnssro_cosmic1_jpl_l1b_v2.6_cosmic1c1-G19-201410150526.nc4	683792	4d2a06c803b80bcc4e9b4705068e86e8	1097	191
2014-10	15	contributed/v2.0/gnssro_cosmic1_jpl_l1b/2014/10/15/gnssro_cosmic1_jpl_l1b_v2.6_cosmic1c1-G23-201410152136.nc4	821792	f8216248b2d4ab430eef0b21bbc21680	1097	246
2014-10	15	contributed/v2.0/gnssro_cosmic1_jpl_l1b/2014/10/15/gnssro_cosmic1_jpl_l1b_v2.6_cosmic1c1-G29-201410151005.nc4	749792	1ea808e791f87a864bbf84ae060c771b	1097	301
2014-10	15	contributed/v2.0/gnssro_cosmic1_jpl_l1b/2014/10/15/gnssro_cosmic1_jpl_l1b_v2.6_cosmic1c2-G02-201410151255.nc4	563792	7a32e5cfa54fc9e714295fca6ee1a1cb	1097	356
2014-10	15	contributed/v2.0/gnssro_cosmic1_jpl_l1b/2014/10/15/gnssro_cosmic1_jpl_l1b_v2.6_cosmic1c2-G10-201410150527.nc4	509792	7aea49f8c646f1abfc7b8eac7a053610	1097	411
2014-10	15	contributed/v2.0/gnssro_cosmic1_jpl_l1b/2014/10/15/gnssro_cosmic1_jpl_l1b_v2.6_cosmic1c2-G16-201410151919.nc4	797792	08498536b9cdcadfc73a30be1c1d96d4	1097	466
2014-10	15	contributed/v2.0/gnssro_cosmic1_jpl_l1b/2014/10/15/gnssro_cosmic1_jpl_l1b_v2.6_cosmic1c2-G22-201410151933.nc4	695792	64bc99243b44b1388bc907a3dd34529c	1097	521
2014-10	15	contributed/v2.0/gnssro_cosmic1_jpl_l1b/2014/10/15/gnssro_cosmic1_jpl_l1b_v2.6_cosmic1c2-G27-201410152104.nc4	815792	2df871c6a1b12c084fe111a3ad999d76	1097	575
2014-10	15	contributed/v2.0/gnssro_cosmic1_jpl_l1b/2014/10/15/gnssro_cosmic1_jpl_l1b_v2.6_cosmic1c4-G04-201410151445.nc4	905792	26517f640403771100870a6fa3a28fba	1097	630
2014-10	15	contributed/v2.0/gnssro_cosmic1_jpl_l1b/2014/10/15/gnssro_cosmic1_jpl_l1b_v2.6_cosmic1c4-G26-201410150103.nc4	929792	e8fbb1dcf4a04f1b08d095a5229fe78a	1097	685
2014-10	15	contributed/v2.0/gnssro_cosmic1_jpl_l1b/2014/10/15/gnssro_cosmic1_jpl_l1b_v2.6_cosmic1c5-G06-201410151127.nc4	737792	bdecfeea113a4f9037e285f0d9a0250b	1097	740
2014-10	15	contributed/v2.0/gnssro_cosmic1_jpl_l1b/2014/10/15/gnssro_cosmic1_jpl_l1b_v2.6_cosmic1c5-G13-201410150551.nc4	593792	fd88a9990c6778660866878f5cdc4ece	1097	795
2014-10	15	contributed/v2.0/gnssro_cosmic1_jpl_l1b/2014/10/15/gnssro_cosmic1_jpl_l1b_v2.6_cosmic1c5-G19-201410151016.nc4	737792	dd9a96e6981c93db3cbfee3943fbc935	1097	850
2014-10	15	contributed/v2.0/gnssro_cosmic1_jpl_l1b/2014/10/15/gnssro_cosmic1_jpl_l1b_v2.6_cosmic1c5-G25-201410150518.nc4	707792	a2b278ea1b4152f8b3b8d2fab02b5005	1097	905
2014-10	15	contributed/v2.0/gnssro_cosmic1_jpl_l1b/2014/10/15/gnssro_cosmic1_jpl_l1b_v2.6_cosmic1c5-G30-201410151158.nc4	617792	56eec0ff24d5f283f078182c1c2f491b	1097	959
2014-10	15	contributed/v2.0/gnssro_cosmic1_jpl_l1b/2014/10/15/gnssro_cosmic1_jpl_l1b_v2.6_cosmic1c6-G10-201410151116.nc4	665792	9bd5bd618af4b97ac1144988aa4f4502	1097	1014
2014-10	15	contributed/v2.0/gnssro_cosmic1_jpl_l1b/2014/10/15/gnssro_cosmic1_jpl_l1b_v2.6_cosmic1c6-G25-201410150854.nc4	701792	a5fa0f8e217b082400fd8c33b7015d0b	1097	1069
2014-11	15	contributed/v2.0/gnssro_cosmic1_jpl_l1b/2014/11/15/gnssro_cosmic1_jpl_l1b_v2.6_cosmic1c1-G05-201411151548.nc4	881792	98564736b1eebfde7a6d3f32adbee391	956	23
2014-11	15	contributed/v2.0/gnssro_cosmic1_jpl_l1b/2014/11/15/gnssro_cosmic1_jpl_l1b_v2.6_cosmic1c1-G12-201411151728.nc4	611792	4ef10885a8613ccbe14f347e466d48a2	956	71
2014-11	15	contributed/v2.0/gnssro_cosmic1_jpl_l1b/2014/11/15/gnssro_cosmic1_jpl_l1b_v2.6_cosmic1c1-G18-201411150816.nc4	659792	6715d4b1287850efbedc931bbc565dd1	956	119
2014-11	15	contributed/v2.0/gnssro_cosmic1_jpl_l1b/2014/11/15/gnssro_cosmic1_jpl_l1b_v2.6_cosmic1c1-G26-201411151140.nc4	887792	e797e7f7f82c1971aa2da56774bd132a	956	167
2014-11	15	contributed/v2.0/gnssro_cosmic1_jpl_l1b/2014/11/15/gnssro_cosmic1_jpl_l1b_v2.6_cosmic1c1-G32-201411151048.nc4	773792	3daf363021dc83df177a50b404ab8f8d	956	215
2014-11	15	contributed/v2.0/gnssro_cosmic1_jpl_l1b/2014/11/15/gnssro_cosmic1_jpl_l1b_v2.6_cosmic1c4-G07-201411151639.nc4	803792	a44f1a78ad7ca4bfc23a1b828e94dd64	956	262
2014-11	15	contributed/v2.0/gnssro_cosmic1_jpl_l1b/2014/11/15/gnssro_cosmic1_jpl_l1b_v2.6_cosmic1c4-G15-201411151212.nc4	1049792	d850307456e86b4909d93ffaed80e6e6	956	310
2014-11	15	contributed/v2.0/gnssro_cosmic1_jpl_l1b/2014/11/15/gnssro_cosmic1_jpl_l1b_v2.6_cosmic1c4-G23-201411150911.nc4	767792	1922f5463a0f249be91c717e906832d0	956	358
2014-11	15	contributed/v2.0/gnssro_cosmic1_jpl_l1b/2014/11/15/gnssro_cosmic1_jpl_l1b_v2.6_cosmic1c4-G30-201411150445.nc4	731792	1caa468d30d5854a4600216428d2a711	956	406
2014-11	15	contributed/v2.0/gnssro_cosmic1_jpl_l1b/2014/11/15/gnssro_cosmic1_jpl_l1b_v2.6_cosmic1c5-G05-201411151339.nc4	893792	01b3e30bd94df6b92d533361f97d5394	956	454
2014-11	15	contributed/v2.0/gnssro_cosmic1_jpl_l1b/2014/11/15/gnssro_cosmic1_jpl_l1b_v2.6_cosmic1c5-G10-201411152051.nc4	611792	29b0b823b6c0e54ab290fdc4c7adc06c	956	501
2014-11	15	contributed/v2.0/gnssro_cosmic1_jpl_l1b/2014/11/15/gnssro_cosmic1_jpl_l1b_v2.6_cosmic1c5-G16-201411151000.nc4	749792	3d175af5d78e31eeb7ddeb2b88006aaf	956	549
2014-11	15	contributed/v2.0/gnssro_cosmic1_jpl_l1b/2014/11/15/gnssro_cosmic1_jpl_l1b_v2.6_cosmic1c5-G20-201411152157.nc4	821792	f37c6ed170f00bc0167d2ef598085291	956	597
2014-11	15	contributed/v2.0/gnssro_cosmic1_jpl_l1b/2014/11/15/gnssro_cosmic1_jpl_l1b_v2.6_cosmic1c5-G26-201411151654.nc4	677792	48672f7a10781ae5f4b1d264b2592245	956	645
2014-11	15	contributed/v2.0/gnssro_cosmic1_jpl_l1b/2014/11/15/gnssro_cosmic1_jpl_l1b_v2.6_cosmic1c5-G32-201411150908.nc4	707792	25fb803e9097e6f4627c4f43cc93805e	956	693
2014-11	15	contributed/v2.0/gnssro_cosmic1_jpl_l1b/2014/11/15/gnssro_cosmic1_jpl_l1b_v2.6_cosmic1c6-G05-201411151309.nc4	659792	e69e91c0d3afcf5ea8065e73bf8ecc82	956	740
2014-11	15	contributed/v2.0/gnssro_cosmic1_jpl_l1b/2014/11/15/gnssro_cosmic1_jpl_l1b_v2.6_cosmic1c6-G11-201411150928.nc4	593792	32468944edaabed38d9c77ecd6a7499f	956	788
2014-11	15	contributed/v2.0/gnssro_cosmic1_jpl_l1b/2014/11/15/gnssro_cosmic1_jpl_l1b_v2.6_cosmic1c6-G18-201411150444.nc4	623792	a6c53a313b4f1cf90138b4b93c511cde	956	836
2014-11	15	contributed/v2.0/gnssro_cosmic1_jpl_l1b/2014/11/15/gnssro_cosmic1_jpl_l1b_v2.6_cosmic1c6-G24-201411151825.nc4	449672	0b65e10ad06e6e770fbdb6ca830e9996	956	884
2014-11	15	contributed/v2.0/gnssro_cosmic1_jpl_l1b/2014/11/15/gnssro_cosmic1_jpl_l1b_v2.6_cosmic1c6-G30-201411151506.nc4	791792	b1da248c67bed410714ad4fb34917429	956	932
2014-12	15	contributed/v2.0/gnssro_cosmic1_jpl_l1b/2014/12/15/gnssro_cosmic1_jpl_l1b_v2.6_cosmic1c1-G02-201412150408.nc4	911792	83b5e215d0f4e695d791d7962171bd71	430	10
2014-12	15	contributed/v2.0/gnssro_cosmic1_jpl_l1b/2014/12/15/gnssro_cosmic1_jpl_l1b_v2.6_cosmic1c1-G05-201412150358.nc4	791792	6db0d8b7af27c3ad636626d41f0d9a82	430	32
2014-12	15	contributed/v2.0/gnssro_cosmic1_jpl_l1b/2014/12/15/gnssro_cosmic1_jpl_l1b_v2.6_cosmic1c1-G07-201412150547.nc4	905792	0391086895ca9a2bbe84edb065112b94	430	53
2014-12	15	contributed/v2.0/gnssro_cosmic1_jpl_l1b/2014/12/15/gnssro_cosmic1_jpl_l1b_v2.6_cosmic1c1-G09-201412152150.nc4	737672	6c2ab0e4ec2239f9dbcb38d09e7ea564	430	75
2014-12	15	contributed/v2.0/gnssro_cosmic1_jpl_l1b/2014/12/15/gnssro_cosmic1_jpl_l1b_v2.6_cosmic1c1-G11-201412152316.nc4	911792	d4a0bb3daa3b2453c0d69c1e4db6f49b	430	96
2014-12	15	contributed/v2.0/gnssro_cosmic1_jpl_l1b/2014/12/15/gnssro_cosmic1_jpl_l1b_v2.6_cosmic1c1-G15-201412150138.nc4	659792	eca5bbbc4368d3407d668c0207ef06bc	430	118
2014-12	15	contributed/v2.0/gnssro_cosmic1_jpl_l1b/2014/12/15/gnssro_cosmic1_jpl_l1b_v2.6_cosmic1c1-G17-201412152219.nc4	731792	6569af489743f86ceba79b194a12c1f9	430	139
2014-12	15	contributed/v2.0/gnssro_cosmic1_jpl_l1b/2014/12/15/gnssro_cosmic1_jpl_l1b_v2.6_cosmic1c1-G20-201412151423.nc4	743792	7eeac8da88e75d2109354c5f4adfd1ac	430	161
2014-12	15	contributed/v2.0/gnssro_cosmic1_jpl_l1b/2014/12/15/gnssro_cosmic1_jpl_l1b_v2.6_cosmic1c1-G22-201412150316.nc4	743792	2cc512d38af5e91fa34ee34760f658fc	430	182
2014-12	15	contributed/v2.0/gnssro_cosmic1_jpl_l1b/2014/12/15/gnssro_cosmic1_jpl_l1b_v2.6_cosmic1c1-G25-201412150840.nc4	551792	e4dfd0798580f52d1ea88e5ecdab6a2d	430	204
2014-12	15	contributed/v2.0/gnssro_cosmic1_jpl_l1b/2014/12/15/gnssro_cosmic1_jpl_l1b_v2.6_cosmic1c1-G28-201412151028.nc4	593792	968757df28575ca2e0152d5d8310f9a1	430	225
2014-12	15	contributed/v2.0/gnssro_cosmic1_jpl_l1b/2014/12/15/gnssro_cosmic1_jpl_l1b_v2.6_cosmic1c1-G31-201412150416.nc4	647792	575b2dc6020964a4c724627a62e960ac	430	247
2014-12	15	contributed/v2.0/gnssro_cosmic1_jpl_l1b/2014/12/15/gnssro_cosmic1_jpl_l1b_v2.6_cosmic1c5-G02-201412152008.nc4	869792	e3122da7361fea40473bb08a5d8be2a4	430	268
2014-12	15	contributed/v2.0/gnssro_cosmic1_jpl_l1b/2014/12/15/gnssro_cosmic1_jpl_l1b_v2.6_cosmic1c5-G31-201412152002.nc4	761792	ef9bc9cbd69d8af562dc9f4012436693	430	290
2014-12	15	contributed/v2.0/gnssro_cosmic1_jpl_l1b/2014/12/15/gnssro_cosmic1_jpl_l1b_v2.6_cosmic1c6-G08-201412150429.nc4	683792	3c7716dc1a931a4c407064b97364cf37	430	311
2014-12	15	contributed/v2.0/gnssro_cosmic1_jpl_l1b/2014/12/15/gnssro_cosmic1_jpl_l1b_v2.6_cosmic1c6-G13-201412150006.nc4	695792	28f3e8d24e6b585313128129f587b8bd	430	333
2014-12	15	contributed/v2.0/gnssro_cosmic1_jpl_l1b/2014/12/15/gnssro_cosmic1_jpl_l1b_v2.6_cosmic1c6-G16-201412151438.nc4	617792	132bf47c08463b8996e35eae5ed0ed06	430	354
2014-12	15	contributed/v2.0/gnssro_cosmic1_jpl_l1b/2014/12/15/gnssro_cosmic1_jpl_l1b_v2.6_cosmic1c6-G21-201412151733.nc4	875792	2b939824d6d456b4c52895d16fa19a58	430	376
2014-12	15	contributed/v2.0/gnssro_cosmic1_jpl_l1b/2014/12/15/gnssro_cosmic1_jpl_l1b_v2.6_cosmic1c6-G26-201412150155.nc4	689792	93526d9b82ac1dfc3bf17528efc57376	430	397
2014-12	15	contributed/v2.0/gnssro_cosmic1_jpl_l1b/2014/12/15/gnssro_cosmic1_jpl_l1b_v2.6_cosmic1c6-G28-201412151800.nc4	719792	33d9bb1f49a42730f7ca631ea544962c	430	419
2015-01	15	contributed/v2.0/gnssro_cosmic1_jpl_l1b/2015/01/15/gnssro_cosmic1_jpl_l1b_v2.6_cosmic1c1-G02-201501150530.nc4	803792	67c680a66e827a20bd474ceb72394788	396	9
2015-01	15	contributed/v2.0/gnssro_cosmic1_jpl_l1b/2015/01/15/gnssro_cosmic1_jpl_l1b_v2.6_cosmic1c1-G05-201501151315.nc4	743792	d38b34000a8b88de11113b0ff9ba7d46	396	29
2015-01	15	contributed/v2.0/gnssro_cosmic1_jpl_l1b/2015/01/15/gnssro_cosmic1_jpl_l1b_v2.6_cosmic1c1-G09-201501150549.nc4	605792	7f6deef9c201fb226a6e96a378fe1e85	396	49
2015-01	15	contributed/v2.0/gnssro_cosmic1_jpl_l1b/2015/01/15/gnssro_cosmic1_jpl_l1b_v2.6_cosmic1c1-G13-201501150449.nc4	893792	6ccec3287f26e6ef99b66451f9d68eeb	396	69
2015-01	15	contributed/v2.0/gnssro_cosmic1_jpl_l1b/2015/01/15/gnssro_cosmic1_jpl_l1b_v2.6_cosmic1c1-G18-201501150043.nc4	917792	9d78e14554033260f17193da941f04f2	396	89
2015-01	15	contributed/v2.0/gnssro_cosmic1_jpl_l1b/2015/01/15/gnssro_cosmic1_jpl_l1b_v2.6_cosmic1c1-G21-201501150259.nc4	845672	634c675c4b9bc17eec6bcdd0d1b3b888	396	108
2015-01	15	contributed/v2.0/gnssro_cosmic1_jpl_l1b/2015/01/15/gnssro_cosmic1_jpl_l1b_v2.6_cosmic1c1-G27-201501150134.nc4	791792	7f03b24a92b090a30ed48efa4197caad	396	128
2015-01	15	contributed/v2.0/gnssro_cosmic1_jpl_l1b/2015/01/15/gnssro_cosmic1_jpl_l1b_v2.6_cosmic1c1-G30-201501150148.nc4	797792	38487745bcdb712823addd4015bb53a2	396	148
2015-01	15	contributed/v2.0/gnssro_cosmic1_jpl_l1b/2015/01/15/gnssro_cosmic1_jpl_l1b_v2.6_cosmic1c5-G03-201501152204.nc4	647792	ac12849ef2493038c87d1ed213efe7b1	396	168
2015-01	15	contributed/v2.0/gnssro_cosmic1_jpl_l1b/2015/01/15/gnssro_cosmic1_jpl_l1b_v2.6_cosmic1c5-G11-201501150334.nc4	617792	93c5f5927b7667c26853db1e471ae5ca	396	188
2015-01	15	contributed/v2.0/gnssro_cosmic1_jpl_l1b/2015/01/15/gnssro_cosmic1_jpl_l1b_v2.6_cosmic1c5-G15-201501150035.nc4	815792	fcfa8424f7532f6063a43755651755d6	396	207
2015-01	15	contributed/v2.0/gnssro_cosmic1_jpl_l1b/2015/01/15/gnssro_cosmic1_jpl_l1b_v2.6_cosmic1c5-G20-201501150016.nc4	569792	dd55e3c12b484bd22419b86d04401371	396	227
2015-01	15	contributed/v2.0/gnssro_cosmic1_jpl_l1b/2015/01/15/gnssro_cosmic1_jpl_l1b_v2.6_cosmic1c5-G24-201501150415.nc4	977792	1dde42989f2f1f3ce5506132cb253940	396	247
2015-01	15	contributed/v2.0/gnssro_cosmic1_jpl_l1b/2015/01/15/gnssro_cosmic1_jpl_l1b_v2.6_cosmic1c5-G29-201501150550.nc4	701792	b9692f6a6417e9b7d3f5b6645540df6c	396	267
2015-01	15	contributed/v2.0/gnssro_cosmic1_jpl_l1b/2015/01/15/gnssro_cosmic1_jpl_l1b_v2.6_cosmic1c6-G03-201501151156.nc4	653792	0e868af8a2e06ff5873abda9f607193e	396	287
2015-01	15	contributed/v2.0/gnssro_cosmic1_jpl_l1b/2015/01/15/gnssro_cosmic1_jpl_l1b_v2.6_cosmic1c6-G08-201501152341.nc4	545792	0fb1909d9987643ba432ec6c7f77f32d	396	306
2015-01	15	contributed/v2.0/gnssro_cosmic1_jpl_l1b/2015/01/15/gnssro_cosmic1_jpl_l1b_v2.6_cosmic1c6-G14-201501152200.nc4	683792	6e96991c0c7469004b701c7245fa5796	396	326
2015-01	15	contributed/v2.0/gnssro_cosmic1_jpl_l1b/2015/01/15/gnssro_cosmic1_jpl_l1b_v2.6_cosmic1c6-G20-201501150356.nc4	683792	fb4c89d83d5d7476786f5f9601507405	396	346
2015-01	15	contributed/v2.0/gnssro_cosmic1_jpl_l1b/2015/01/15/gnssro_cosmic1_jpl_l1b_v2.6_cosmic1c6-G23-201501150744.nc4	743792	0abc467ebcf6688a793ff6eeeba12caa	396	366
2015-01	15	contributed/v2.0/gnssro_cosmic1_jpl_l1b/2015/01/15/gnssro_cosmic1_jpl_l1b_v2.6_cosmic1c6-G30-201501151340.nc4	749792	3b2da1c560efab56481efac423f62fcb	396	386
2015-02	15	contributed/v2.0/gnssro_cosmic1_jpl_l1b/2015/02/15/gnssro_cosmic1_jpl_l1b_v2.6_cosmic1c1-G04-201502151209.nc4	755792	64d9685ef7241d55200c5aa8a3d439e4	1009	25
2015-02	15	contributed/v2.0/gnssro_cosmic1_jpl_l1b/2015/02/15/gnssro_cosmic1_jpl_l1b_v2.6_cosmic1c1-G12-201502150255.nc4	767792	7200ac4c0c038a0dd3ce93835ee31ac0	1009	75
2015-02	15	contributed/v2.0/gnssro_cosmic1_jpl_l1b/2015/02/15/gnssro_cosmic1_jpl_l1b_v2.6_cosmic1c1-G18-201502150638.nc4	671672	1e6bc4e6b0fcd597a3aca95ac5575c3a	1009	126
2015-02	15	contributed/v2.0/gnssro_cosmic1_jpl_l1b/2015/02/15/gnssro_cosmic1_jpl_l1b_v2.6_cosmic1c1-G23-201502151614.nc4	815792	35c2a9ca3b3f083b9ffa8c2803a699bf	1009	176
2015-02	15	contributed/v2.0/gnssro_cosmic1_jpl_l1b/2015/02/15/gnssro_cosmic1_jpl_l1b_v2.6_cosmic1c1-G30-201502151420.nc4	461792	0d1405199a42f45e0692685c7d61e130	1009	227
2015-02	15	contributed/v2.0/gnssro_cosmic1_jpl_l1b/2015/02/15/gnssro_cosmic1_jpl_l1b_v2.6_cosmic1c2-G03-201502150532.nc4	797792	fdfb634d3b83045e2ccea2408bc1c24c	1009	277
2015-02	15	contributed/v2.0/gnssro_cosmic1_jpl_l1b/2015/02/15/gnssro_cosmic1_jpl_l1b_v2.6_cosmic1c2-G07-201502150655.nc4	695792	54148fa50630527b5eaf4b7e257c0f68	1009	327
2015-02	15	contributed/v2.0/gnssro_cosmic1_jpl_l1b/2015/02/15/gnssro_cosmic1_jpl_l1b_v2.6_cosmic1c2-G13-201502150734.nc4	665792	26bc98a4bad63f95eda3577795229e98	1009	378
2015-02	15	contributed/v2.0/gnssro_cosmic1_jpl_l1b/2015/02/15/gnssro_cosmic1_jpl_l1b_v2.6_cosmic1c2-G20-201502150603.nc4	677792	db44c3823657d8733d12c05cb430cf7e	1009	428
2015-02	15	contributed/v2.0/gnssro_cosmic1_jpl_l1b/2015/02/15/gnssro_cosmic1_jpl_l1b_v2.6_cosmic1c2-G25-201502151505.nc4	827792	3722dbd52d0943fee663f23dd358873c	1009	479
2015-02	15	contributed/v2.0/gnssro_cosmic1_jpl_l1b/2015/02/15/gnssro_cosmic1_jpl_l1b_v2.6_cosmic1c2-G32-201502151335.nc4	719792	d16e105e80794751193a4e710c839995	1009	529
2015-02	15	contributed/v2.0/gnssro_cosmic1_jpl_l1b/2015/02/15/gnssro_cosmic1_jpl_l1b_v2.6_cosmic1c5-G07-201502150212.nc4	1091792	c54a5caf7160116cbaf9c5e6db0e1a76	1009	580
2015-02	15	contributed/v2.0/gnssro_cosmic1_jpl_l1b/2015/02/15/gnssro_cosmic1_jpl_l1b_v2.6_cosmic1c5-G13-201502150846.nc4	629792	72ec07b2563ed1472c686689e9d27cb2	1009	630
2015-02	15	contributed/v2.0/gnssro_cosmic1_jpl_l1b/2015/02/15/gnssro_cosmic1_jpl_l1b_v2.6_cosmic1c5-G19-201502150414.nc4	581792	851832b14a299cf59e46abe9b5f07bf5	1009	681
2015-02	15	contributed/v2.0/gnssro_cosmic1_jpl_l1b/2015/02/15/gnssro_cosmic1_jpl_l1b_v2.6_cosmic1c5-G25-201502150129.nc4	659792	b74a7c95650950ad8984f82cda031654	1009	731
2015-02	15	contributed/v2.0/gnssro_cosmic1_jpl_l1b/2015/02/15/gnssro_cosmic1_jpl_l1b_v2.6_cosmic1c5-G31-201502150344.nc4	593792	7d2f4ec4f8e18e88529c6fcdd793d792	1009	781
2015-02	15	contributed/v2.0/gnssro_cosmic1_jpl_l1b/2015/02/15/gnssro_cosmic1_jpl_l1b_v2.6_cosmic1c6-G05-201502151334.nc4	827792	0a95030a688dba8dc4d522ebe48d1797	1009	832
2015-02	15	contributed/v2.0/gnssro_cosmic1_jpl_l1b/2015/02/15/gnssro_cosmic1_jpl_l1b_v2.6_cosmic1c6-G13-201502150606.nc4	719792	e83ada9c0db36c0c0039db800d9aba51	1009	882
2015-02	15	contributed/v2.0/gnssro_cosmic1_jpl_l1b/2015/02/15/gnssro_cosmic1_jpl_l1b_v2.6_cosmic1c6-G21-201502151910.nc4	767792	ec9ac4801b1ed91d506faeb5ff54da71	1009	933
2015-02	15	contributed/v2.0/gnssro_cosmic1_jpl_l1b/2015/02/15/gnssro_cosmic1_jpl_l1b_v2.6_cosmic1c6-G29-201502152321.nc4	767792	ce09ff58e71eb33bf04e8c983df1d807	1009	983
2015-03	15	contributed/v2.0/gnssro_cosmic1_jpl_l1b/2015/03/15/gnssro_cosmic1_jpl_l1b_v2.6_cosmic1c1-G02-201503152346.nc4	635792	21eb7696bc507984676bcd97297fa96d	526	13
2015-03	15	contributed/v2.0/gnssro_cosmic1_jpl_l1b/2015/03/15/gnssro_cosmic1_jpl_l1b_v2.6_cosmic1c1-G05-201503151942.nc4	653792	f016ad99072e310129139859aa691d86	526	39
2015-03	15	contributed/v2.0/gnssro_cosmic1_jpl_l1b/2015/03/15/gnssro_cosmic1_jpl_l1b_v2.6_cosmic1c1-G08-201503151858.nc4	761792	1725414cc38b1d756028b571f0731d04	526	65
2015-03	15	contributed/v2.0/gnssro_cosmic1_jpl_l1b/2015/03/15/gnssro_cosmic1_jpl_l1b_v2.6_cosmic1c1-G10-201503152354.nc4	695792	9636e6ed6608f34bcd61f25e11fa53dd	526	92
2015-03	15	contributed/v2.0/gnssro_cosmic1_jpl_l1b/2015/03/15/gnssro_cosmic1_jpl_l1b_v2.6_cosmic1c1-G14-201503150621.nc4	683792	64b2cbb2477414f2e656f7c6cefee4a8	526	118
2015-03	15	contributed/v2.0/gnssro_cosmic1_jpl_l1b/2015/03/15/gnssro_cosmic1_jpl_l1b_v2.6_cosmic1c1-G18-201503150428.nc4	551792	91025c475fe3129baf62eed61dd4ad52	526	144
2015-03	15	contributed/v2.0/gnssro_cosmic1_jpl_l1b/2015/03/15/gnssro_cosmic1_jpl_l1b_v2.6_cosmic1c1-G20-201503151032.nc4	593792	5e9e625f93d403446bf4d752584c3d6d	526	170
2015-03	15	contributed/v2.0/gnssro_cosmic1_jpl_l1b/2015/03/15/gnssro_cosmic1_jpl_l1b_v2.6_cosmic1c1-G22-201503151846.nc4	923792	f3553af193f91d66e9735aa07201577b	526	197
2015-03	15	contributed/v2.0/gnssro_cosmic1_jpl_l1b/2015/03/15/gnssro_cosmic1_jpl_l1b_v2.6_cosmic1c1-G25-201503151521.nc4	833792	17534c2992806661512c4d486e742242	526	223
2015-03	15	contributed/v2.0/gnssro_cosmic1_jpl_l1b/2015/03/15/gnssro_cosmic1_jpl_l1b_v2.6_cosmic1c1-G28-201503152053.nc4	575792	c38cdfa534227c408d5f564934bce41a	526	249
2015-03	15	contributed/v2.0/gnssro_cosmic1_jpl_l1b/2015/03/15/gnssro_cosmic1_jpl_l1b_v2.6_cosmic1c1-G31-201503151313.nc4	731792	ec19d4ddebfc59f464a9f56c1133f6a3	526	276
2015-03	15	contributed/v2.0/gnssro_cosmic1_jpl_l1b/2015/03/15/gnssro_cosmic1_jpl_l1b_v2.6_cosmic1c6-G02-201503151254.nc4	887792	cbe7c64c5760bd0651e6a82e9c2c0710	526	302
2015-03	15	contributed/v2.0/gnssro_cosmic1_jpl_l1b/2015/03/15/gnssro_cosmic1_jpl_l1b_v2.6_cosmic1c6-G07-201503150005.nc4	641672	dec65029682140ee2bfb045841a9e60a	526	328
2015-03	15	contributed/v2.0/gnssro_cosmic1_jpl_l1b/2015/03/15/gnssro_cosmic1_jpl_l1b_v2.6_cosmic1c6-G10-201503150714.nc4	317672	f3996a6d7ac2e7938bf8f0e3ddad7a8b	526	355
2015-03	15	contributed/v2.0/gnssro_cosmic1_jpl_l1b/2015/03/15/gnssro_cosmic1_jpl_l1b_v2.6_cosmic1c6-G13-201503151333.nc4	743792	94073274ca0c7374777a9d29f2fba96c	526	381
2015-03	15	contributed/v2.0/gnssro_cosmic1_jpl_l1b/2015/03/15/gnssro_cosmic1_jpl_l1b_v2.6_cosmic1c6-G16-201503151604.nc4	719792	befd9f772947308fec0d38f366fcc134	526	407
2015-03	15	contributed/v2.0/gnssro_cosmic1_jpl_l1b/2015/03/15/gnssro_cosmic1_jpl_l1b_v2.6_cosmic1c6-G19-201503151544.nc4	761792	6f17ce53b908c7d020d75579b450814c	526	433
2015-03	15	contributed/v2.0/gnssro_cosmic1_jpl_l1b/2015/03/15/gnssro_cosmic1_jpl_l1b_v2.6_cosmic1c6-G23-201503151559.nc4	629792	bb1dd744cce44659591ea0a1546ad9ba	526	460
2015-03	15	contributed/v2.0/gnssro_cosmic1_jpl_l1b/2015/03/15/gnssro_cosmic1_jpl_l1b_v2.6_cosmic1c6-G27-201503151553.nc4	719792	7959e90fce3b180bd2a802cc54e32a02	526	486
2015-03	15	contributed/v2.0/gnssro_cosmic1_jpl_l1b/2015/03/15/gnssro_cosmic1_jpl_l1b_v2.6_cosmic1c6-G31-201503150236.nc4	617792	167c9c45589825bf1601d652545a0f7a	526	512
2015-04	15	contributed/v2.0/gnssro_cosmic1_jpl_l1b/2015/04/15/gnssro_cosmic1_jpl_l1b_v2.6_cosmic1c1-G03-201504150435.nc4	635792	939450544e9ed4990d72d10136affcf5	868	21
2015-04	15	contributed/v2.0/gnssro_cosmic1_jpl_l1b/2015/04/15/gnssro_cosmic1_jpl_l1b_v2.6_cosmic1c1-G09-201504150217.nc4	779792	756ec271065dc1ec8329af23616b34d6	868	65
2015-04	15	contributed/v2.0/gnssro_cosmic1_jpl_l1b/2015/04/15/gnssro_cosmic1_jpl_l1b_v2.6_cosmic1c1-G13-201504150037.nc4	695792	01cb23d3eb5a75bb735a6edd873f7356	868	108
2015-04	15	contributed/v2.0/gnssro_cosmic1_jpl_l1b/2015/04/15/gnssro_cosmic1_jpl_l1b_v2.6_cosmic1c1-G18-201504151116.nc4	701792	4e8cc508cbda1a04a7133f3408da734f	868	151
2015-04	15	contributed/v2.0/gnssro_cosmic1_jpl_l1b/2015/04/15/gnssro_cosmic1_jpl_l1b_v2.6_cosmic1c1-G23-201504151411.nc4	875672	cc4b3f93dd681fa3470c081245b2e60d	868	195
2015-04	15	contributed/v2.0/gnssro_cosmic1_jpl_l1b/2015/04/15/gnssro_cosmic1_jpl_l1b_v2.6_cosmic1c1-G30-201504151629.nc4	659792	9f87dd4ea25ef71a9c375506afa9cbea	868	238
2015-04	15	contributed/v2.0/gnssro_cosmic1_jpl_l1b/2015/04/15/gnssro_cosmic1_jpl_l1b_v2.6_cosmic1c2-G04-201504152343.nc4	857792	adf3c1b21891c3fd2546fddd7306c30e	868	282
2015-04	15	contributed/v2.0/gnssro_cosmic1_jpl_l1b/2015/04/15/gnssro_cosmic1_jpl_l1b_v2.6_cosmic1c2-G11-201504151240.nc4	713792	bff7c89181e497916714088fe6e168d0	868	325
2015-04	15	contributed/v2.0/gnssro_cosmic1_jpl_l1b/2015/04/15/gnssro_cosmic1_jpl_l1b_v2.6_cosmic1c2-G17-201504150337.nc4	749792	1bcfdc8da14c2b616d8347a2bf387a7d	868	368
2015-04	15	contributed/v2.0/gnssro_cosmic1_jpl_l1b/2015/04/15/gnssro_cosmic1_jpl_l1b_v2.6_cosmic1c2-G22-201504150516.nc4	545792	0864be909e08a4213d13657d39aabec9	868	412
2015-04	15	contributed/v2.0/gnssro_cosmic1_jpl_l1b/2015/04/15/gnssro_cosmic1_jpl_l1b_v2.6_cosmic1c2-G27-201504151406.nc4	815792	c24d7e774205138cb115fafc47089fe7	868	455
2015-04	15	contributed/v2.0/gnssro_cosmic1_jpl_l1b/2015/04/15/gnssro_cosmic1_jpl_l1b_v2.6_cosmic1c2-G32-201504150754.nc4	605792	9f393dbbb0abbd59c0e69c7c1da30b9f	868	499
2015-04	15	contributed/v2.0/gnssro_cosmic1_jpl_l1b/2015/04/15/gnssro_cosmic1_jpl_l1b_v2.6_cosmic1c5-G05-201504150046.nc4	587792	ca90fb04a9bfb51531a033aa91ec3bec	868	542
2015-04	15	contributed/v2.0/gnssro_cosmic1_jpl_l1b/2015/04/15/gnssro_cosmic1_jpl_l1b_v2.6_cosmic1c5-G10-201504152318.nc4	617792	d680f6bbe7156e39ff71cf1494d442f6	868	585
2015-04	15	contributed/v2.0/gnssro_cosmic1_jpl_l1b/2015/04/15/gnssro_cosmic1_jpl_l1b_v2.6_cosmic1c5-G14-201504151453.nc4	929792	9e6efa19c767c3280c8bc52b7d2605b6	868	629
2015-04	15	contributed/v2.0/gnssro_cosmic1_jpl_l1b/2015/04/15/gnssro_cosmic1_jpl_l1b_v2.6_cosmic1c5-G19-201504151523.nc4	719792	9edc1e57ca80406f04ca7987a44147c2	868	672
2015-04	15	contributed/v2.0/gnssro_cosmic1_jpl_l1b/2015/04/15/gnssro_cosmic1_jpl_l1b_v2.6_cosmic1c5-G23-201504151515.nc4	563792	b892c75473504d9dcd2c9630a8a64aa6	868	716
2015-04	15	contributed/v2.0/gnssro_cosmic1_jpl_l1b/2015/04/15/gnssro_cosmic1_jpl_l1b_v2.6_cosmic1c5-G29-201504151014.nc4	719792	ce9b7dbb14bb63018fdd0f4107e3b35c	868	759
2015-04	15	contributed/v2.0/gnssro_cosmic1_jpl_l1b/2015/04/15/gnssro_cosmic1_jpl_l1b_v2.6_cosmic1c6-G04-201504151925.nc4	677792	f515e6b578bd4d5547e95c682ee6fc15	868	802
2015-04	15	contributed/v2.0/gnssro_cosmic1_jpl_l1b/2015/04/15/gnssro_cosmic1_jpl_l1b_v2.6_cosmic1c6-G22-201504151444.nc4	605792	7ad8d98252d2da41476e96afc278f46b	868	846
2015-05	15	contributed/v2.0/gnssro_cosmic1_jpl_l1b/2015/05/15/gnssro_cosmic1_jpl_l1b_v2.6_cosmic1c1-G03-201505150425.nc4	881792	f4df214c2fc9a5d16b55b6dfe0614e7e	933	23
2015-05	15	contributed/v2.0/gnssro_cosmic1_jpl_l1b/2015/05/15/gnssro_cosmic1_jpl_l1b_v2.6_cosmic1c1-G07-201505151152.nc4	731792	169b33f38f3ac5678d7f7d4f96cae553	933	69
2015-05	15	contributed/v2.0/gnssro_cosmic1_jpl_l1b/2015/05/15/gnssro_cosmic1_jpl_l1b_v2.6_cosmic1c1-G12-201505151248.nc4	641792	8940e15edbe57f07583d1226d7a5bb77	933	116
2015-05	15	contributed/v2.0/gnssro_cosmic1_jpl_l1b/2015/05/15/gnssro_cosmic1_jpl_l1b_v2.6_cosmic1c1-G16-201505150428.nc4	605792	b722c08c75f77246e61c4a9c16a43717	933	163
2015-05	15	contributed/v2.0/gnssro_cosmic1_jpl_l1b/2015/05/15/gnssro_cosmic1_jpl_l1b_v2.6_cosmic1c1-G19-201505150526.nc4	533792	68523cb75a89ec4bc10ab05b4cfe8f3b	933	209
2015-05	15	contributed/v2.0/gnssro_cosmic1_jpl_l1b/2015/05/15/gnssro_cosmic1_jpl_l1b_v2.6_cosmic1c1-G22-201505152321.nc4	737792	c9a4bb282e3b500310405a69bc8c1a80	933	256
2015-05	15	contributed/v2.0/gnssro_cosmic1_jpl_l1b/2015/05/15/gnssro_cosmic1_jpl_l1b_v2.6_cosmic1c1-G27-201505150441.nc4	629792	e4ec1542a7ebd8b483812ce39d4fd5b1	933	303
2015-05	15	contributed/v2.0/gnssro_cosmic1_jpl_l1b/2015/05/15/gnssro_cosmic1_jpl_l1b_v2.6_cosmic1c1-G31-201505151507.nc4	623792	1877c5da438dd475b33456ad3f9b1c8b	933	349
2015-05	15	contributed/v2.0/gnssro_cosmic1_jpl_l1b/2015/05/15/gnssro_cosmic1_jpl_l1b_v2.6_cosmic1c2-G04-201505150853.nc4	641792	cd563118902ed20478cd63381d791e66	933	396
2015-05	15	contributed/v2.0/gnssro_cosmic1_jpl_l1b/2015/05/15/gnssro_cosmic1_jpl_l1b_v2.6_cosmic1c2-G11-201505151540.nc4	617792	1070b8351626b574769ffa434be36345	933	443
2015-05	15	contributed/v2.0/gnssro_cosmic1_jpl_l1b/2015/05/15/gnssro_cosmic1_jpl_l1b_v2.6_cosmic1c2-G17-201505150527.nc4	755792	5de1d25e57bf7ec30b4a0c7606527892	933	489
2015-05	15	contributed/v2.0/gnssro_cosmic1_jpl_l1b/2015/05/15/gnssro_cosmic1_jpl_l1b_v2.6_cosmic1c2-G21-201505151638.nc4	713792	97829e748db4b274c6c21b06356ce47f	933	536
2015-05	15	contributed/v2.0/gnssro_cosmic1_jpl_l1b/2015/05/15/gnssro_cosmic1_jpl_l1b_v2.6_cosmic1c2-G27-201505150252.nc4	647792	02c19e0e686d378d8ef31a45c5c435cd	933	583
2015-05	15	contributed/v2.0/gnssro_cosmic1_jpl_l1b/2015/05/15/gnssro_cosmic1_jpl_l1b_v2.6_cosmic1c2-G32-201505150234.nc4	629792	e3453fda3c8c3718cd5366490d2b841a	933	629
2015-05	15	contributed/v2.0/gnssro_cosmic1_jpl_l1b/2015/05/15/gnssro_cosmic1_jpl_l1b_v2.6_cosmic1c5-G06-201505150240.nc4	641792	b52421f87d90f2d9819dfc9ff81c8bf0	933	676
2015-05	15	contributed/v2.0/gnssro_cosmic1_jpl_l1b/2015/05/15/gnssro_cosmic1_jpl_l1b_v2.6_cosmic1c5-G13-201505150902.nc4	665792	1f6c4f779a95460e304e62b73593da54	933	723
2015-05	15	contributed/v2.0/gnssro_cosmic1_jpl_l1b/2015/05/15/gnssro_cosmic1_jpl_l1b_v2.6_cosmic1c5-G20-201505150258.nc4	617792	e9fb9f54bcc158bfb874f255c9028773	933	769
2015-05	15	contributed/v2.0/gnssro_cosmic1_jpl_l1b/2015/05/15/gnssro_cosmic1_jpl_l1b_v2.6_cosmic1c5-G26-201505150641.nc4	653792	e4ec7a8fb713fead9e1e1d3672f9818b	933	816
2015-05	15	contributed/v2.0/gnssro_cosmic1_jpl_l1b/2015/05/15/gnssro_cosmic1_jpl_l1b_v2.6_cosmic1c5-G31-201505151549.nc4	689792	57f123375c7cbd319898bdb63fdddeaa	933	863
2015-05	15	contributed/v2.0/gnssro_cosmic1_jpl_l1b/2015/05/15/gnssro_cosmic1_jpl_l1b_v2.6_cosmic1c6-G20-201505151326.nc4	593792	8213b25f5f862da2e0adf02fb600cde1	933	909
2015-06	15	contributed/v2.0/gnssro_cosmic1_jpl_l1b/2015/06/15/gnssro_cosmic1_jpl_l1b_v2.6_cosmic1c1-G02-201506152335.nc4	713792	12991a7fa73944b1412d1aab7b64cfe7	886	22
2015-06	15	contributed/v2.0/gnssro_cosmic1_jpl_l1b/2015/06/15/gnssro_cosmic1_jpl_l1b_v2.6_cosmic1c1-G06-201506151309.nc4	755792	e69ac451f4a0101318761d6c131bcaee	886	66
2015-06	15	contributed/v2.0/gnssro_cosmic1_jpl_l1b/2015/06/15/gnssro_cosmic1_jpl_l1b_v2.6_cosmic1c1-G11-201506151538.nc4	743792	d3d11888882fdb4d61fe3de99937552d	886	110
2015-06	15	contributed/v2.0/gnssro_cosmic1_jpl_l1b/2015/06/15/gnssro_cosmic1_jpl_l1b_v2.6_cosmic1c1-G16-201506150439.nc4	713792	b69e37f44bc2a6a50f19a136a45528ba	886	155
2015-06	15	contributed/v2.0/gnssro_cosmic1_jpl_l1b/2015/06/15/gnssro_cosmic1_jpl_l1b_v2.6_cosmic1c1-G20-201506151720.nc4	725792	bb38dca9043e993b47d5aba40d8e242d	886	199
2015-06	15	contributed/v2.0/gnssro_cosmic1_jpl_l1b/2015/06/15/gnssro_cosmic1_jpl_l1b_v2.6_cosmic1c1-G24-201506152144.nc4	881792	7c68683c713afa7c45d47f86f09f5dbc	886	243
2015-06	15	contributed/v2.0/gnssro_cosmic1_jpl_l1b/2015/06/15/gnssro_cosmic1_jpl_l1b_v2.6_cosmic1c1-G29-201506150154.nc4	851792	9491002130f7cb13a0be98a5d33db922	886	287
2015-06	15	contributed/v2.0/gnssro_cosmic1_jpl_l1b/2015/06/15/gnssro_cosmic1_jpl_l1b_v2.6_cosmic1c1-G32-201506152131.nc4	905792	a2619d7d294aaaa99efd3fe4dcacac1b	886	332
2015-06	15	contributed/v2.0/gnssro_cosmic1_jpl_l1b/2015/06/15/gnssro_cosmic1_jpl_l1b_v2.6_cosmic1c2-G07-201506151344.nc4	671792	8e524431d7de838410799925ba667797	886	376
2015-06	15	contributed/v2.0/gnssro_cosmic1_jpl_l1b/2015/06/15/gnssro_cosmic1_jpl_l1b_v2.6_cosmic1c2-G17-201506151934.nc4	683792	ca17b1152bee1d3b4f31987a2d72cdcc	886	420
2015-06	15	contributed/v2.0/gnssro_cosmic1_jpl_l1b/2015/06/15/gnssro_cosmic1_jpl_l1b_v2.6_cosmic1c2-G25-201506151341.nc4	791792	2c65a360def25fbda541bb243b330079	886	465
2015-06	15	contributed/v2.0/gnssro_cosmic1_jpl_l1b/2015/06/15/gnssro_cosmic1_jpl_l1b_v2.6_cosmic1c5-G04-201506150822.nc4	791792	a4c5761cb10f1e4f5a4ad4a5c6dfa550	886	509
2015-06	15	contributed/v2.0/gnssro_cosmic1_jpl_l1b/2015/06/15/gnssro_cosmic1_jpl_l1b_v2.6_cosmic1c5-G11-201506151241.nc4	623792	0b9d425fe3f4a6474c63cfd4ab004dca	886	553
2015-06	15	contributed/v2.0/gnssro_cosmic1_jpl_l1b/2015/06/15/gnssro_cosmic1_jpl_l1b_v2.6_cosmic1c5-G18-201506150935.nc4	659792	c3028e48bc4a22b43bfb1005198b62ad	886	598
2015-06	15	contributed/v2.0/gnssro_cosmic1_jpl_l1b/2015/06/15/gnssro_cosmic1_jpl_l1b_v2.6_cosmic1c5-G25-201506150728.nc4	725792	460b7166c4334592a8628a291ecf90d6	886	642
2015-06	15	contributed/v2.0/gnssro_cosmic1_jpl_l1b/2015/06/15/gnssro_cosmic1_jpl_l1b_v2.6_cosmic1c5-G32-201506150704.nc4	695792	a239323ff89be5564558cee7f7a834eb	886	686
2015-06	15	contributed/v2.0/gnssro_cosmic1_jpl_l1b/2015/06/15/gnssro_cosmic1_jpl_l1b_v2.6_cosmic1c6-G09-201506151219.nc4	749792	493c692fd2dcb2488af03e762e87f491	886	730
2015-06	15	contributed/v2.0/gnssro_cosmic1_jpl_l1b/2015/06/15/gnssro_cosmic1_jpl_l1b_v2.6_cosmic1c6-G15-201506152124.nc4	737792	925b6772e7165ff183009e46fb7d98ab	886	775
2015-06	15	contributed/v2.0/gnssro_cosmic1_jpl_l1b/2015/06/15/gnssro_cosmic1_jpl_l1b_v2.6_cosmic1c6-G22-201506150322.nc4	761792	2a59e37b23c851c006e8681832772f0c	886	819
2015-06	15	contributed/v2.0/gnssro_cosmic1_jpl_l1b/2015/06/15/gnssro_cosmic1_jpl_l1b_v2.6_cosmic1c6-G29-201506151855.nc4	713792	77e82f1b8e1c26c91922cee037983cbf	886	863
2015-07	15	contributed/v2.0/gnssro_cosmic1_jpl_l1b/2015/07/15/gnssro_cosmic1_jpl_l1b_v2.6_cosmic1c1-G02-201507152034.nc4	839792	f64f297f43fab09b6ce9e14bbc5d486b	1005	25
2015-07	15	contributed/v2.0/gnssro_cosmic1_jpl_l1b/2015/07/15/gnssro_cosmic1_jpl_l1b_v2.6_cosmic1c1-G07-201507151626.nc4	569792	29d747f40e2683ebbc02a46a31d50979	1005	75
2015-07	15	contributed/v2.0/gnssro_cosmic1_jpl_l1b/2015/07/15/gnssro_cosmic1_jpl_l1b_v2.6_cosmic1c1-G14-201507150153.nc4	695792	f91d0be250f0f6b1081a06197a4908d3	1005	125
2015-07	15	contributed/v2.0/gnssro_cosmic1_jpl_l1b/2015/07/15/gnssro_cosmic1_jpl_l1b_v2.6_cosmic1c1-G20-201507150240.nc4	695792	2983d25e5d538e758d0a0a637e234635	1005	175
2015-07	15	contributed/v2.0/gnssro_cosmic1_jpl_l1b/2015/07/15/gnssro_cosmic1_jpl_l1b_v2.6_cosmic1c1-G26-201507150631.nc4	845792	1e8bc65eec46b1e915d3ba2f04a5fc9b	1005	226
2015-07	15	contributed/v2.0/gnssro_cosmic1_jpl_l1b/2015/07/15/gnssro_cosmic1_jpl_l1b_v2.6_cosmic1c1-G30-201507152318.nc4	599792	6a6f607d5b3293d596a8d43be9a66fb0	1005	276
2015-07	15	contributed/v2.0/gnssro_cosmic1_jpl_l1b/2015/07/15/gnssro_cosmic1_jpl_l1b_v2.6_cosmic1c2-G09-201507150352.nc4	665792	69cd980dc77efe8a24e0c407163da364	1005	326
2015-07	15	contributed/v2.0/gnssro_cosmic1_jpl_l1b/2015/07/15/gnssro_cosmic1_jpl_l1b_v2.6_cosmic1c2-G19-201507150901.nc4	767792	330bc9900d41814ed33cb40f78ca61c3	1005	376
2015-07	15	contributed/v2.0/gnssro_cosmic1_jpl_l1b/2015/07/15/gnssro_cosmic1_jpl_l1b_v2.6_cosmic1c2-G29-201507150402.nc4	647792	df22ca2ae75ab6a7a4ab32f7503a405a	1005	427
2015-07	15	contributed/v2.0/gnssro_cosmic1_jpl_l1b/2015/07/15/gnssro_cosmic1_jpl_l1b_v2.6_cosmic1c5-G04-201507151910.nc4	689792	9e36c09cf69bc4b4ca6104eae3f4eb21	1005	477
2015-07	15	contributed/v2.0/gnssro_cosmic1_jpl_l1b/2015/07/15/gnssro_cosmic1_jpl_l1b_v2.6_cosmic1c5-G10-201507151712.nc4	905792	12a7316fd4a0a60cafeac07c4c838647	1005	527
2015-07	15	contributed/v2.0/gnssro_cosmic1_jpl_l1b/2015/07/15/gnssro_cosmic1_jpl_l1b_v2.6_cosmic1c5-G14-201507151009.nc4	647792	b768e4efa0e6421fc569b9e58d1dac6c	1005	577
2015-07	15	contributed/v2.0/gnssro_cosmic1_jpl_l1b/2015/07/15/gnssro_cosmic1_jpl_l1b_v2.6_cosmic1c5-G18-201507150543.nc4	641792	4c788aaca4660be23c21baf9d7ea19f7	1005	628
2015-07	15	contributed/v2.0/gnssro_cosmic1_jpl_l1b/2015/07/15/gnssro_cosmic1_jpl_l1b_v2.6_cosmic1c5-G23-201507150846.nc4	743792	b520eda1769c9f5071660c49b2b9123a	1005	678
2015-07	15	contributed/v2.0/gnssro_cosmic1_jpl_l1b/2015/07/15/gnssro_cosmic1_jpl_l1b_v2.6_cosmic1c5-G27-201507152157.nc4	905792	aca965dafe1835b04db6ab709007ae1a	1005	728
2015-07	15	contributed/v2.0/gnssro_cosmic1_jpl_l1b/2015/07/15/gnssro_cosmic1_jpl_l1b_v2.6_cosmic1c5-G32-201507152051.nc4	707792	0163c1cbe2e801cd0df9993df505199e	1005	778
2015-07	15	contributed/v2.0/gnssro_cosmic1_jpl_l1b/2015/07/15/gnssro_cosmic1_jpl_l1b_v2.6_cosmic1c6-G07-201507151818.nc4	821792	08c87753d38598c7b5ad557e2d175780	1005	829
2015-07	15	contributed/v2.0/gnssro_cosmic1_jpl_l1b/2015/07/15/gnssro_cosmic1_jpl_l1b_v2.6_cosmic1c6-G16-201507150631.nc4	731792	7185fa949e773916899b351a50fbacf0	1005	879
2015-07	15	contributed/v2.0/gnssro_cosmic1_jpl_l1b/2015/07/15/gnssro_cosmic1_jpl_l1b_v2.6_cosmic1c6-G22-201507151653.nc4	773792	f4982d50512288252cc3072970c73c17	1005	929
2015-07	15	contributed/v2.0/gnssro_cosmic1_jpl_l1b/2015/07/15/gnssro_cosmic1_jpl_l1b_v2.6_cosmic1c6-G29-201507150149.nc4	611792	0862119fe07069df584c6c63bc49fcb4	1005	979
2015-08	15	contributed/v2.0/gnssro_cosmic1_jpl_l1b/2015/08/15/gnssro_cosmic1_jpl_l1b_v2.6_cosmic1c1-G04-201508151052.nc4	671792	1b0c8e07bd147d418a229a7e1a80240b	871	21
2015-08	15	contributed/v2.0/gnssro_cosmic1_jpl_l1b/2015/08/15/gnssro_cosmic1_jpl_l1b_v2.6_cosmic1c1-G13-201508151444.nc4	665792	2235d5d5564076f4a2a444520f9324aa	871	65
2015-08	15	contributed/v2.0/gnssro_cosmic1_jpl_l1b/2015/08/15/gnssro_cosmic1_jpl_l1b_v2.6_cosmic1c1-G20-201508150002.nc4	599792	ddf7322dc1ef3d90754c9f8806e73a8b	871	108
2015-08	15	contributed/v2.0/gnssro_cosmic1_jpl_l1b/2015/08/15/gnssro_cosmic1_jpl_l1b_v2.6_cosmic1c1-G26-201508150737.nc4	815792	efab80189765be9a774452ef76dfcfbb	871	152
2015-08	15	contributed/v2.0/gnssro_cosmic1_jpl_l1b/2015/08/15/gnssro_cosmic1_jpl_l1b_v2.6_cosmic1c1-G32-201508150045.nc4	827792	f4860c393bd8a9a8d508faf94d64aedf	871	195
2015-08	15	contributed/v2.0/gnssro_cosmic1_jpl_l1b/2015/08/15/gnssro_cosmic1_jpl_l1b_v2.6_cosmic1c2-G04-201508151328.nc4	911792	3dfc2cd66834569b63925e593da03964	871	239
2015-08	15	contributed/v2.0/gnssro_cosmic1_jpl_l1b/2015/08/15/gnssro_cosmic1_jpl_l1b_v2.6_cosmic1c2-G07-201508152342.nc4	605792	af2af4a3e7999471b520e99ad4bf7d66	871	283
2015-08	15	contributed/v2.0/gnssro_cosmic1_jpl_l1b/2015/08/15/gnssro_cosmic1_jpl_l1b_v2.6_cosmic1c2-G13-201508150924.nc4	959792	40eb35eaa750f023b5bf0928dbf137e8	871	326
2015-08	15	contributed/v2.0/gnssro_cosmic1_jpl_l1b/2015/08/15/gnssro_cosmic1_jpl_l1b_v2.6_cosmic1c2-G18-201508151002.nc4	665792	8c94c60de72a2acca3093293316cf9ce	871	370
2015-08	15	contributed/v2.0/gnssro_cosmic1_jpl_l1b/2015/08/15/gnssro_cosmic1_jpl_l1b_v2.6_cosmic1c2-G23-201508151012.nc4	707792	810a65f0f3636b3346122471be0fccea	871	413
2015-08	15	contributed/v2.0/gnssro_cosmic1_jpl_l1b/2015/08/15/gnssro_cosmic1_jpl_l1b_v2.6_cosmic1c2-G28-201508150527.nc4	611792	d9cb807cc83832f21d067323d1fc99f4	871	457
2015-08	15	contributed/v2.0/gnssro_cosmic1_jpl_l1b/2015/08/15/gnssro_cosmic1_jpl_l1b_v2.6_cosmic1c2-G32-201508150837.nc4	767792	abc5ba2caf9565f7d30a27c255b10b2d	871	500
2015-08	15	contributed/v2.0/gnssro_cosmic1_jpl_l1b/2015/08/15/gnssro_cosmic1_jpl_l1b_v2.6_cosmic1c5-G04-201508151115.nc4	635792	7b12778ec6611e97d691cb223f7e92a4	871	544
2015-08	15	contributed/v2.0/gnssro_cosmic1_jpl_l1b/2015/08/15/gnssro_cosmic1_jpl_l1b_v2.6_cosmic1c5-G09-201508150359.nc4	815792	9e5477cb5752395f65dafbe12848c853	871	587
2015-08	15	contributed/v2.0/gnssro_cosmic1_jpl_l1b/2015/08/15/gnssro_cosmic1_jpl_l1b_v2.6_cosmic1c5-G14-201508151230.nc4	713792	c95f94593bb8fdcfe6566a0154c2c362	871	631
2015-08	15	contributed/v2.0/gnssro_cosmic1_jpl_l1b/2015/08/15/gnssro_cosmic1_jpl_l1b_v2.6_cosmic1c5-G18-201508150944.nc4	755792	affba31c3fbd7490d13a1cb81cb20c02	871	675
2015-08	15	contributed/v2.0/gnssro_cosmic1_jpl_l1b/2015/08/15/gnssro_cosmic1_jpl_l1b_v2.6_cosmic1c5-G22-201508151920.nc4	659792	33778f1a80a20a31c989005716941854	871	718
2015-08	15	contributed/v2.0/gnssro_cosmic1_jpl_l1b/2015/08/15/gnssro_cosmic1_jpl_l1b_v2.6_cosmic1c5-G27-201508150336.nc4	527792	15787668ad57222785bc01331143da06	871	762
2015-08	15	contributed/v2.0/gnssro_cosmic1_jpl_l1b/2015/08/15/gnssro_cosmic1_jpl_l1b_v2.6_cosmic1c5-G31-201508151414.nc4	605792	b69f567e080c9a4c0eda636fc93cca86	871	805
2015-08	15	contributed/v2.0/gnssro_cosmic1_jpl_l1b/2015/08/15/gnssro_cosmic1_jpl_l1b_v2.6_cosmic1c6-G16-201508152316.nc4	767792	d999d461cfd3147179d4d4f138d78a2e	871	849
2015-09	15	contributed/v2.0/gnssro_cosmic1_jpl_l1b/2015/09/15/gnssro_cosmic1_jpl_l1b_v2.6_cosmic1c1-G03-201509150004.nc4	305792	dc5b67715fcd90525509df4fb4be21aa	639	15
2015-09	15	contributed/v2.0/gnssro_cosmic1_jpl_l1b/2015/09/15/gnssro_cosmic1_jpl_l1b_v2.6_cosmic1c1-G07-201509150121.nc4	281792	3d3a12c4bdcc0b82f77bcb8891df3d79	639	47
2015-09	15	contributed/v2.0/gnssro_cosmic1_jpl_l1b/2015/09/15/gnssro_cosmic1_jpl_l1b_v2.6_cosmic1c1-G12-201509152111.nc4	719792	669f61668ce0110b2e5a6c9d088c3e1d	639	79
2015-09	15	contributed/v2.0/gnssro_cosmic1_jpl_l1b/2015/09/15/gnssro_cosmic1_jpl_l1b_v2.6_cosmic1c1-G18-201509151418.nc4	569792	bb9a5f72d1a97ab6c72721fdddbe9e47	639	111
2015-09	15	contributed/v2.0/gnssro_cosmic1_jpl_l1b/2015/09/15/gnssro_cosmic1_jpl_l1b_v2.6_cosmic1c1-G23-201509150101.nc4	749792	7062fa9ec5df96e9dceadaed94a34c73	639	143
2015-09	15	contributed/v2.0/gnssro_cosmic1_jpl_l1b/2015/09/15/gnssro_cosmic1_jpl_l1b_v2.6_cosmic1c1-G26-201509151044.nc4	809792	171885bd54d37b6e84617bd86950c1cc	639	175
2015-09	15	contributed/v2.0/gnssro_cosmic1_jpl_l1b/2015/09/15/gnssro_cosmic1_jpl_l1b_v2.6_cosmic1c1-G30-201509150813.nc4	797792	a1052876b2868ad01f49914b8a5370f9	639	207
2015-09	15	contributed/v2.0/gnssro_cosmic1_jpl_l1b/2015/09/15/gnssro_cosmic1_jpl_l1b_v2.6_cosmic1c5-G01-201509150540.nc4	743792	c48b76822d06f679dd692489aa4a9b8d	639	239
2015-09	15	contributed/v2.0/gnssro_cosmic1_jpl_l1b/2015/09/15/gnssro_cosmic1_jpl_l1b_v2.6_cosmic1c5-G04-201509150942.nc4	785792	b09ba4280b7705d072f3bc89a555be56	639	271
2015-09	15	contributed/v2.0/gnssro_cosmic1_jpl_l1b/2015/09/15/gnssro_cosmic1_jpl_l1b_v2.6_cosmic1c5-G07-201509151751.nc4	755792	b7c4ba699ce11e4febc34c7788490265	639	303
2015-09	15	contributed/v2.0/gnssro_cosmic1_jpl_l1b/2015/09/15/gnssro_cosmic1_jpl_l1b_v2.6_cosmic1c5-G11-201509152320.nc4	815792	59f51a0339fee307e07fc3f17e3e6099	639	335
2015-09	15	contributed/v2.0/gnssro_cosmic1_jpl_l1b/2015/09/15/gnssro_cosmic1_jpl_l1b_v2.6_cosmic1c5-G16-201509151651.nc4	563792	9ff9683cf1168063327001c3f351b911	639	367
2015-09	15	contributed/v2.0/gnssro_cosmic1_jpl_l1b/2015/09/15/gnssro_cosmic1_jpl_l1b_v2.6_cosmic1c5-G21-201509150624.nc4	773792	e6af5565968fa7cdd9319379db4a32af	639	399
2015-09	15	contributed/v2.0/gnssro_cosmic1_jpl_l1b/2015/09/15/gnssro_cosmic1_jpl_l1b_v2.6_cosmic1c5-G26-201509150245.nc4	821792	f481fe16492b75afd2140c9d5eba808d	639	431
2015-09	15	contributed/v2.0/gnssro_cosmic1_jpl_l1b/2015/09/15/gnssro_cosmic1_jpl_l1b_v2.6_cosmic1c5-G29-201509151830.nc4	1103792	7757307905bff2e09263784beba64535	639	463
2015-09	15	contributed/v2.0/gnssro_cosmic1_jpl_l1b/2015/09/15/gnssro_cosmic1_jpl_l1b_v2.6_cosmic1c6-G02-201509150722.nc4	653792	456d37bffd175f8c6fb9e0e23af54ce1	639	495
2015-09	15	contributed/v2.0/gnssro_cosmic1_jpl_l1b/2015/09/15/gnssro_cosmic1_jpl_l1b_v2.6_cosmic1c6-G09-201509151322.nc4	713792	d271cedaefd5877000fa653a2656e305	639	527
2015-09	15	contributed/v2.0/gnssro_cosmic1_jpl_l1b/2015/09/15/gnssro_cosmic1_jpl_l1b_v2.6_cosmic1c6-G18-201509150043.nc4	581792	82cfce4c4905fa6a1b8cdee013358bec	639	559
2015-09	15	contributed/v2.0/gnssro_cosmic1_jpl_l1b/2015/09/15/gnssro_cosmic1_jpl_l1b_v2.6_cosmic1c6-G22-201509151408.nc4	629792	054080d02713be0845177700f5f24fd6	639	591
2015-09	15	contributed/v2.0/gnssro_cosmic1_jpl_l1b/2015/09/15/gnssro_cosmic1_jpl_l1b_v2.6_cosmic1c6-G28-201509150601.nc4	893792	f170f61b844489d75e013b2573a066ff	639	623
2015-10	15	contributed/v2.0/gnssro_cosmic1_jpl_l1b/2015/10/15/gnssro_cosmic1_jpl_l1b_v2.6_cosmic1c1-G04-201510150710.nc4	725792	ef70590aa2c0ecd5935a5d4915485976	937	23
2015-10	15	contributed/v2.0/gnssro_cosmic1_jpl_l1b/2015/10/15/gnssro_cosmic1_jpl_l1b_v2.6_cosmic1c1-G09-201510151107.nc4	671792	8bdb767d8fe32aac07a51c193cee8905	937	70
2015-10	15	contributed/v2.0/gnssro_cosmic1_jpl_l1b/2015/10/15/gnssro_cosmic1_jpl_l1b_v2.6_cosmic1c1-G14-201510151655.nc4	791792	90961ea4519051cac7c455abe2f62558	937	117
2015-10	15	contributed/v2.0/gnssro_cosmic1_jpl_l1b/2015/10/15/gnssro_cosmic1_jpl_l1b_v2.6_cosmic1c1-G19-201510151642.nc4	545792	eba2638121fea9d01e2357a85393d925	937	163
2015-10	15	contributed/v2.0/gnssro_cosmic1_jpl_l1b/2015/10/15/gnssro_cosmic1_jpl_l1b_v2.6_cosmic1c1-G25-201510150459.nc4	785792	0230e589a283846bcc590d02ee98b487	937	210
2015-10	15	contributed/v2.0/gnssro_cosmic1_jpl_l1b/2015/10/15/gnssro_cosmic1_jpl_l1b_v2.6_cosmic1c1-G30-201510151743.nc4	851792	bd8139482706cc9ebca8fa4637fc3d9f	937	257
2015-10	15	contributed/v2.0/gnssro_cosmic1_jpl_l1b/2015/10/15/gnssro_cosmic1_jpl_l1b_v2.6_cosmic1c2-G05-201510150053.nc4	623792	f5cb566bca4e8db42827a20ddd396ab5	937	304
2015-10	15	contributed/v2.0/gnssro_cosmic1_jpl_l1b/2015/10/15/gnssro_cosmic1_jpl_l1b_v2.6_cosmic1c2-G10-201510150013.nc4	725792	62bef50517a986ea943d9985311313d1	937	351
2015-10	15	contributed/v2.0/gnssro_cosmic1_jpl_l1b/2015/10/15/gnssro_cosmic1_jpl_l1b_v2.6_cosmic1c2-G13-201510152347.nc4	551792	3f9e9fb5e6537457d583871335e05bd8	937	398
2015-10	15	contributed/v2.0/gnssro_cosmic1_jpl_l1b/2015/10/15/gnssro_cosmic1_jpl_l1b_v2.6_cosmic1c2-G17-201510151506.nc4	719792	9848b05d40cd0d97895ddd9542722d22	937	445
2015-10	15	contributed/v2.0/gnssro_cosmic1_jpl_l1b/2015/10/15/gnssro_cosmic1_jpl_l1b_v2.6_cosmic1c2-G22-201510151740.nc4	677792	29b9a27a6e12e30bbc657008ab1377f8	937	491
2015-10	15	contributed/v2.0/gnssro_cosmic1_jpl_l1b/2015/10/15/gnssro_cosmic1_jpl_l1b_v2.6_cosmic1c2-G27-201510151046.nc4	659792	12be0936637dc52c5e5fd3460d5b4b29	937	538
2015-10	15	contributed/v2.0/gnssro_cosmic1_jpl_l1b/2015/10/15/gnssro_cosmic1_jpl_l1b_v2.6_cosmic1c2-G31-201510151850.nc4	839792	009fb6203b40b4b88d37c4ac7d0a97b4	937	585
2015-10	15	contributed/v2.0/gnssro_cosmic1_jpl_l1b/2015/10/15/gnssro_cosmic1_jpl_l1b_v2.6_cosmic1c5-G10-201510152333.nc4	743792	5164ef31d012434d447163f9d61ef9c8	937	632
2015-10	15	contributed/v2.0/gnssro_cosmic1_jpl_l1b/2015/10/15/gnssro_cosmic1_jpl_l1b_v2.6_cosmic1c5-G24-201510151857.nc4	815792	c8f66d22f31032da254c3acf3de829f1	937	679
2015-10	15	contributed/v2.0/gnssro_cosmic1_jpl_l1b/2015/10/15/gnssro_cosmic1_jpl_l1b_v2.6_cosmic1c6-G03-201510150838.nc4	899792	e0f85d9f7944f587bc586502d9c8e4b8	937	726
2015-10	15	contributed/v2.0/gnssro_cosmic1_jpl_l1b/2015/10/15/gnssro_cosmic1_jpl_l1b_v2.6_cosmic1c6-G10-201510150228.nc4	605792	26382fcaaa19927097a620477122a35e	937	773
2015-10	15	contributed/v2.0/gnssro_cosmic1_jpl_l1b/2015/10/15/gnssro_cosmic1_jpl_l1b_v2.6_cosmic1c6-G17-201510151834.nc4	887792	5c48caba7d6f6d642583c1bbbfb99f67	937	819
2015-10	15	contributed/v2.0/gnssro_cosmic1_jpl_l1b/2015/10/15/gnssro_cosmic1_jpl_l1b_v2.6_cosmic1c6-G23-201510151137.nc4	707792	4aefda9793ba02cc3e2626f0705da4d4	937	866
2015-10	15	contributed/v2.0/gnssro_cosmic1_jpl_l1b/2015/10/15/gnssro_cosmic1_jpl_l1b_v2.6_cosmic1c6-G30-201510150707.nc4	1013792	8f7da29a03be54fd6e5c3b219476ad1e	937	913
2015-11	15	contributed/v2.0/gnssro_cosmic1_jpl_l1b/2015/11/15/gnssro_cosmic1_jpl_l1b_v2.6_cosmic1c1-G03-201511150402.nc4	791792	11b2d782dc658c5230f9cabddbb4b1b5	666	16
2015-11	15	contributed/v2.0/gnssro_cosmic1_jpl_l1b/2015/11/15/gnssro_cosmic1_jpl_l1b_v2.6_cosmic1c1-G06-201511151336.nc4	827792	dfb303c2600b1c506e1b304d11d69034	666	49
2015-11	15	contributed/v2.0/gnssro_cosmic1_jpl_l1b/2015/11/15/gnssro_cosmic1_jpl_l1b_v2.6_cosmic1c1-G09-201511152005.nc4	911792	fae7732c36ca03c0a67ba6d006a77135	666	83
2015-11	15	contributed/v2.0/gnssro_cosmic1_jpl_l1b/2015/11/15/gnssro_cosmic1_jpl_l1b_v2.6_cosmic1c1-G14-201511150225.nc4	893792	805340cebdc1b88af654c3f9fb6cf391	666	116
2015-11	15	contributed/v2.0/gnssro_cosmic1_jpl_l1b/2015/11/15/gnssro_cosmic1_jpl_l1b_v2.6_cosmic1c1-G16-201511152313.nc4	755792	a369bea08f0e980a8bf6d2647b6265e1	666	149
2015-11	15	contributed/v2.0/gnssro_cosmic1_jpl_l1b/2015/11/15/gnssro_cosmic1_jpl_l1b_v2.6_cosmic1c1-G20-201511150354.nc4	683672	3dfc69e8986115ee3691253e6ba4df2e	666	183
2015-11	15	contributed/v2.0/gnssro_cosmic1_jpl_l1b/2015/11/15/gnssro_cosmic1_jpl_l1b_v2.6_cosmic1c1-G22-201511152258.nc4	737792	02a38be83228a32f5d2b0755999cc350	666	216
2015-11	15	contributed/v2.0/gnssro_cosmic1_jpl_l1b/2015/11/15/gnssro_cosmic1_jpl_l1b_v2.6_cosmic1c1-G26-201511150224.nc4	611792	4ce4204196be0efc31e96202097694fb	666	249
2015-11	15	contributed/v2.0/gnssro_cosmic1_jpl_l1b/2015/11/15/gnssro_cosmic1_jpl_l1b_v2.6_cosmic1c1-G28-201511151819.nc4	563792	7c12e839b17003d464db80a5a6c576b2	666	283
2015-11	15	contributed/v2.0/gnssro_cosmic1_jpl_l1b/2015/11/15/gnssro_cosmic1_jpl_l1b_v2.6_cosmic1c1-G32-201511151644.nc4	671792	5a874a40ebc669431b6de94f202ece1d	666	316
2015-11	15	contributed/v2.0/gnssro_cosmic1_jpl_l1b/2015/11/15/gnssro_cosmic1_jpl_l1b_v2.6_cosmic1c5-G13-201511151012.nc4	755792	3ce17acca8061ba7bfa1ea3b21610ca9	666	349
2015-11	15	contributed/v2.0/gnssro_cosmic1_jpl_l1b/2015/11/15/gnssro_cosmic1_jpl_l1b_v2.6_cosmic1c5-G24-201511151057.nc4	665792	f1a83c0ee8aa70f7c07b8f421f3ddb33	666	382
2015-11	15	contributed/v2.0/gnssro_cosmic1_jpl_l1b/2015/11/15/gnssro_cosmic1_jpl_l1b_v2.6_cosmic1c6-G01-201511151850.nc4	641792	f755ee8b1e1b2abdf21e32c84b79e570	666	416
2015-11	15	contributed/v2.0/gnssro_cosmic1_jpl_l1b/2015/11/15/gnssro_cosmic1_jpl_l1b_v2.6_cosmic1c6-G06-201511151448.nc4	833792	4e1dcc154174fe1e0127769b0969fb43	666	449
2015-11	15	contributed/v2.0/gnssro_cosmic1_jpl_l1b/2015/11/15/gnssro_cosmic1_jpl_l1b_v2.6_cosmic1c6-G09-201511151819.nc4	983792	f8dab5371df81baf9ba13e68bfe81441	666	482
2015-11	15	contributed/v2.0/gnssro_cosmic1_jpl_l1b/2015/11/15/gnssro_cosmic1_jpl_l1b_v2.6_cosmic1c6-G14-201511151712.nc4	725792	6e49369d27c6d11554519e0e565b3f01	666	516
2015-11	15	contributed/v2.0/gnssro_cosmic1_jpl_l1b/2015/11/15/gnssro_cosmic1_jpl_l1b_v2.6_cosmic1c6-G18-201511152125.nc4	665792	50d2c4ee448b8ecebfd3ba03a4a88603	666	549
2015-11	15	contributed/v2.0/gnssro_cosmic1_jpl_l1b/2015/11/15/gnssro_cosmic1_jpl_l1b_v2.6_cosmic1c6-G22-201511152126.nc4	887792	5ec36db59f845e31b00d709b47f3ff49	666	582
2015-11	15	contributed/v2.0/gnssro_cosmic1_jpl_l1b/2015/11/15/gnssro_cosmic1_jpl_l1b_v2.6_cosmic1c6-G27-201511150642.nc4	599792	2c0c33a8ddd74adf3b7ad32540be9e9b	666	616
2015-11	15	contributed/v2.0/gnssro_cosmic1_jpl_l1b/2015/11/15/gnssro_cosmic1_jpl_l1b_v2.6_cosmic1c6-G30-201511152354.nc4	797792	038470ad6843513dec8ba85642a7a538	666	649
2015-12	15	contributed/v2.0/gnssro_cosmic1_jpl_l1b/2015/12/15/gnssro_cosmic1_jpl_l1b_v2.6_cosmic1c1-G01-201512151936.nc4	707792	4f5b7e14a12467336dda52c861326825	333	8
2015-12	15	contributed/v2.0/gnssro_cosmic1_jpl_l1b/2015/12/15/gnssro_cosmic1_jpl_l1b_v2.6_cosmic1c1-G05-201512150307.nc4	779792	5477ea7732b53d8b5460669228ca38f1	333	24
2015-12	15	contributed/v2.0/gnssro_cosmic1_jpl_l1b/2015/12/15/gnssro_cosmic1_jpl_l1b_v2.6_cosmic1c1-G06-201512152105.nc4	809792	4ea1a7c8f10cd4b3e5afd5c896dd57b5	333	41
2015-12	15	contributed/v2.0/gnssro_cosmic1_jpl_l1b/2015/12/15/gnssro_cosmic1_jpl_l1b_v2.6_cosmic1c1-G08-201512152354.nc4	785792	97edd13fab6d8160e2613eecda84fc3b	333	58
2015-12	15	contributed/v2.0/gnssro_cosmic1_jpl_l1b/2015/12/15/gnssro_cosmic1_jpl_l1b_v2.6_cosmic1c1-G11-201512152136.nc4	881792	9c2ddba80959062debb484140e3b5c92	333	74
2015-12	15	contributed/v2.0/gnssro_cosmic1_jpl_l1b/2015/12/15/gnssro_cosmic1_jpl_l1b_v2.6_cosmic1c1-G15-201512151230.nc4	653792	396836fe3898e826c6aab27b42798610	333	91
2015-12	15	contributed/v2.0/gnssro_cosmic1_jpl_l1b/2015/12/15/gnssro_cosmic1_jpl_l1b_v2.6_cosmic1c1-G18-201512150038.nc4	785792	01ec070a67df9dcb164d7a3bc65befae	333	108
2015-12	15	contributed/v2.0/gnssro_cosmic1_jpl_l1b/2015/12/15/gnssro_cosmic1_jpl_l1b_v2.6_cosmic1c1-G20-201512151828.nc4	737792	d0031c357490f025c705cbc842b15faf	333	124
2015-12	15	contributed/v2.0/gnssro_cosmic1_jpl_l1b/2015/12/15/gnssro_cosmic1_jpl_l1b_v2.6_cosmic1c1-G23-201512151733.nc4	875792	bf2b0462f3f07014c1eee3aa745f193e	333	141
2015-12	15	contributed/v2.0/gnssro_cosmic1_jpl_l1b/2015/12/15/gnssro_cosmic1_jpl_l1b_v2.6_cosmic1c1-G25-201512151853.nc4	653792	84716954a158adeed92695071bd5e92e	333	158
2015-12	15	contributed/v2.0/gnssro_cosmic1_jpl_l1b/2015/12/15/gnssro_cosmic1_jpl_l1b_v2.6_cosmic1c1-G27-201512151619.nc4	1049792	fec85fd5eb1f6b4a0c86917bf875c194	333	174
2015-12	15	contributed/v2.0/gnssro_cosmic1_jpl_l1b/2015/12/15/gnssro_cosmic1_jpl_l1b_v2.6_cosmic1c1-G30-201512150326.nc4	593672	9849dc2d970961399d7d061d37647bf3	333	191
2015-12	15	contributed/v2.0/gnssro_cosmic1_jpl_l1b/2015/12/15/gnssro_cosmic1_jpl_l1b_v2.6_cosmic1c1-G32-201512151543.nc4	779792	f3dfaf2e729cab1e21e2af0e7aa07191	333	208
2015-12	15	contributed/v2.0/gnssro_cosmic1_jpl_l1b/2015/12/15/gnssro_cosmic1_jpl_l1b_v2.6_cosmic1c5-G03-201512150702.nc4	641792	35d03b403dbd61ed772723aa32973f3c	333	224
2015-12	15	contributed/v2.0/gnssro_cosmic1_jpl_l1b/2015/12/15/gnssro_cosmic1_jpl_l1b_v2.6_cosmic1c5-G08-201512150539.nc4	569792	a5dbed38e37cff3563ab0d9fbdd1fd7e	333	241
2015-12	15	contributed/v2.0/gnssro_cosmic1_jpl_l1b/2015/12/15/gnssro_cosmic1_jpl_l1b_v2.6_cosmic1c5-G13-201512150112.nc4	719792	d1a4c52d8773ae0d320cc96289afb963	333	258
2015-12	15	contributed/v2.0/gnssro_cosmic1_jpl_l1b/2015/12/15/gnssro_cosmic1_jpl_l1b_v2.6_cosmic1c5-G17-201512150819.nc4	647792	fde929c144bb38e141f862fd4ed58d42	333	274
2015-12	15	contributed/v2.0/gnssro_cosmic1_jpl_l1b/2015/12/15/gnssro_cosmic1_jpl_l1b_v2.6_cosmic1c5-G21-201512150149.nc4	593792	32679f013a2dbcbd12bc0a1fbdf33cb7	333	291
2015-12	15	contributed/v2.0/gnssro_cosmic1_jpl_l1b/2015/12/15/gnssro_cosmic1_jpl_l1b_v2.6_cosmic1c5-G26-201512150313.nc4	683792	8f64578e5951248ccbea8beb3db0c9d2	333	308
2015-12	15	contributed/v2.0/gnssro_cosmic1_jpl_l1b/2015/12/15/gnssro_cosmic1_jpl_l1b_v2.6_cosmic1c5-G30-201512150631.nc4	779792	6a5f1e644a3b1c276d569885f1c99d86	333	324
2016-01	15	contributed/v2.0/gnssro_cosmic1_jpl_l1b/2016/01/15/gnssro_cosmic1_jpl_l1b_v2.6_cosmic1c1-G06-201601151428.nc4	971792	2e58d297aa0857d3b72586d527ed9b47	816	20
2016-01	15	contributed/v2.0/gnssro_cosmic1_jpl_l1b/2016/01/15/gnssro_cosmic1_jpl_l1b_v2.6_cosmic1c1-G13-201601151731.nc4	713792	1108dce3c90b443318abd6bf2ce8f5d2	816	61
2016-01	15	contributed/v2.0/gnssro_cosmic1_jpl_l1b/2016/01/15/gnssro_cosmic1_jpl_l1b_v2.6_cosmic1c1-G18-201601151537.nc4	653792	c17c45d7904e13b6bd849244fc7e7e3a	816	102
2016-01	15	contributed/v2.0/gnssro_cosmic1_jpl_l1b/2016/01/15/gnssro_cosmic1_jpl_l1b_v2.6_cosmic1c1-G25-201601151015.nc4	647792	99c35d0b351100f44299987e20ee2cec	816	142
2016-01	15	contributed/v2.0/gnssro_cosmic1_jpl_l1b/2016/01/15/gnssro_cosmic1_jpl_l1b_v2.6_cosmic1c1-G32-201601151306.nc4	659792	720ef3b0ea5563463b15beac78f3cde6	816	183
2016-01	15	contributed/v2.0/gnssro_cosmic1_jpl_l1b/2016/01/15/gnssro_cosmic1_jpl_l1b_v2.6_cosmic1c2-G06-201601152150.nc4	743792	70bbb4b9fd7185160a44365ae0b3bbaf	816	224
2016-01	15	contributed/v2.0/gnssro_cosmic1_jpl_l1b/2016/01/15/gnssro_cosmic1_jpl_l1b_v2.6_cosmic1c2-G10-201601151645.nc4	689792	1e57507d3bebfe27b9cb55e138c637a4	816	265
2016-01	15	contributed/v2.0/gnssro_cosmic1_jpl_l1b/2016/01/15/gnssro_cosmic1_jpl_l1b_v2.6_cosmic1c2-G14-201601151436.nc4	719792	2a9baf237910efc82f69113b8ea37b86	816	306
2016-01	15	contributed/v2.0/gnssro_cosmic1_jpl_l1b/2016/01/15/gnssro_cosmic1_jpl_l1b_v2.6_cosmic1c2-G18-201601150508.nc4	737792	a15268d47ae35672e1e4fb51e4ee50da	816	346
2016-01	15	contributed/v2.0/gnssro_cosmic1_jpl_l1b/2016/01/15/gnssro_cosmic1_jpl_l1b_v2.6_cosmic1c2-G21-201601151405.nc4	845792	3a6f411a3150223fd6ae94fe8f9faefe	816	387
2016-01	15	contributed/v2.0/gnssro_cosmic1_jpl_l1b/2016/01/15/gnssro_cosmic1_jpl_l1b_v2.6_cosmic1c2-G25-201601150849.nc4	641792	fe1bbab14cd3cf5db7e93360e6c82c72	816	428
2016-01	15	contributed/v2.0/gnssro_cosmic1_jpl_l1b/2016/01/15/gnssro_cosmic1_jpl_l1b_v2.6_cosmic1c2-G31-201601152110.nc4	665792	d7af327dc0987477b9ba0e3e225fe06a	816	469
2016-01	15	contributed/v2.0/gnssro_cosmic1_jpl_l1b/2016/01/15/gnssro_cosmic1_jpl_l1b_v2.6_cosmic1c5-G03-201601152248.nc4	863792	43dfc99735209f66c49fd781608daeb1	816	510
2016-01	15	contributed/v2.0/gnssro_cosmic1_jpl_l1b/2016/01/15/gnssro_cosmic1_jpl_l1b_v2.6_cosmic1c5-G08-201601151444.nc4	521792	852f95ef47bb8c517ced5337945e116e	816	550
2016-01	15	contributed/v2.0/gnssro_cosmic1_jpl_l1b/2016/01/15/gnssro_cosmic1_jpl_l1b_v2.6_cosmic1c5-G11-201601152145.nc4	881792	b979b774c430d63f86b5b1c74ee0f6a4	816	591
2016-01	15	contributed/v2.0/gnssro_cosmic1_jpl_l1b/2016/01/15/gnssro_cosmic1_jpl_l1b_v2.6_cosmic1c5-G14-201601151834.nc4	749792	0a3cf75b4d1096727e7aba8e52758481	816	632
2016-01	15	contributed/v2.0/gnssro_cosmic1_jpl_l1b/2016/01/15/gnssro_cosmic1_jpl_l1b_v2.6_cosmic1c5-G17-201601152148.nc4	635792	13fb7283707ac879acd3e2a5f0c6272c	816	673
2016-01	15	contributed/v2.0/gnssro_cosmic1_jpl_l1b/2016/01/15/gnssro_cosmic1_jpl_l1b_v2.6_cosmic1c5-G21-201601152323.nc4	707792	012d73e57fbe4fc0d2b780dec814b1bd	816	714
2016-01	15	contributed/v2.0/gnssro_cosmic1_jpl_l1b/2016/01/15/gnssro_cosmic1_jpl_l1b_v2.6_cosmic1c5-G26-201601151253.nc4	641792	c8e05b9ae5c8819e8e2898eeafe7809e	816	754
2016-01	15	contributed/v2.0/gnssro_cosmic1_jpl_l1b/2016/01/15/gnssro_cosmic1_jpl_l1b_v2.6_cosmic1c5-G30-201601151532.nc4	677792	68c71cc8000d885961f4aad9f93d62cc	816	795
2016-02	15	contributed/v2.0/gnssro_cosmic1_jpl_l1b/2016/02/15/gnssro_cosmic1_jpl_l1b_v2.6_cosmic1c1-G02-201602151008.nc4	791792	aa723c660971a28a5b01a96ad38ca79d	739	18
2016-02	15	contributed/v2.0/gnssro_cosmic1_jpl_l1b/2016/02/15/gnssro_cosmic1_jpl_l1b_v2.6_cosmic1c1-G05-201602152029.nc4	533792	a9d9c96d75068081620689954475a030	739	55
2016-02	15	contributed/v2.0/gnssro_cosmic1_jpl_l1b/2016/02/15/gnssro_cosmic1_jpl_l1b_v2.6_cosmic1c1-G08-201602151620.nc4	839792	813c36c25d8405631118de59178af9cc	739	92
2016-02	15	contributed/v2.0/gnssro_cosmic1_jpl_l1b/2016/02/15/gnssro_cosmic1_jpl_l1b_v2.6_cosmic1c1-G11-201602150917.nc4	665792	1d5ce69f41876e6a28ec20573787d612	739	129
2016-02	15	contributed/v2.0/gnssro_cosmic1_jpl_l1b/2016/02/15/gnssro_cosmic1_jpl_l1b_v2.6_cosmic1c1-G14-201602150209.nc4	605792	93773015c134721d2bb87f67207da80d	739	166
2016-02	15	contributed/v2.0/gnssro_cosmic1_jpl_l1b/2016/02/15/gnssro_cosmic1_jpl_l1b_v2.6_cosmic1c1-G16-201602150943.nc4	677792	6265adc04f01497423cfc9bf542fa578	739	203
2016-02	15	contributed/v2.0/gnssro_cosmic1_jpl_l1b/2016/02/15/gnssro_cosmic1_jpl_l1b_v2.6_cosmic1c1-G18-201602151029.nc4	749792	c80b5d773e647672f2b1e9c36919338a	739	240
2016-02	15	contributed/v2.0/gnssro_cosmic1_jpl_l1b/2016/02/15/gnssro_cosmic1_jpl_l1b_v2.6_cosmic1c1-G20-201602150942.nc4	641792	b9311fafd7d065303f9c64e7e467f25c	739	277
2016-02	15	contributed/v2.0/gnssro_cosmic1_jpl_l1b/2016/02/15/gnssro_cosmic1_jpl_l1b_v2.6_cosmic1c1-G22-201602151615.nc4	695792	f663f054ae8fa72cd37e52421124333a	739	314
2016-02	15	contributed/v2.0/gnssro_cosmic1_jpl_l1b/2016/02/15/gnssro_cosmic1_jpl_l1b_v2.6_cosmic1c1-G25-201602150730.nc4	725792	4b73a59589fb9dd3f384d1a5530770fe	739	351
2016-02	15	contributed/v2.0/gnssro_cosmic1_jpl_l1b/2016/02/15/gnssro_cosmic1_jpl_l1b_v2.6_cosmic1c1-G27-201602150735.nc4	665792	8c6ed8ba33ca9c4acb1818d4624f6de0	739	387
2016-02	15	contributed/v2.0/gnssro_cosmic1_jpl_l1b/2016/02/15/gnssro_cosmic1_jpl_l1b_v2.6_cosmic1c1-G29-201602151511.nc4	827792	5af73ccef1f548c1b83e835ce08b1124	739	424
2016-02	15	contributed/v2.0/gnssro_cosmic1_jpl_l1b/2016/02/15/gnssro_cosmic1_jpl_l1b_v2.6_cosmic1c2-G02-201602150702.nc4	785792	2b602a64f398f5cf45bec63bedc0c21e	739	461
2016-02	15	contributed/v2.0/gnssro_cosmic1_jpl_l1b/2016/02/15/gnssro_cosmic1_jpl_l1b_v2.6_cosmic1c2-G09-201602151056.nc4	755792	245628878c44e8ef5e58d10bd1276f82	739	498
2016-02	15	contributed/v2.0/gnssro_cosmic1_jpl_l1b/2016/02/15/gnssro_cosmic1_jpl_l1b_v2.6_cosmic1c2-G16-201602151809.nc4	665792	a29a2d4f72bf66b9df9052b7d69f10a1	739	535
2016-02	15	contributed/v2.0/gnssro_cosmic1_jpl_l1b/2016/02/15/gnssro_cosmic1_jpl_l1b_v2.6_cosmic1c2-G22-201602152020.nc4	779792	c33a67f2002ec8e2862875a3fc721a19	739	572
2016-02	15	contributed/v2.0/gnssro_cosmic1_jpl_l1b/2016/02/15/gnssro_cosmic1_jpl_l1b_v2.6_cosmic1c2-G29-201602150443.nc4	677792	408ddff6d47d417d3291d142bc0713f6	739	609
2016-02	15	contributed/v2.0/gnssro_cosmic1_jpl_l1b/2016/02/15/gnssro_cosmic1_jpl_l1b_v2.6_cosmic1c5-G08-201602152001.nc4	821792	91133f24494f8739f24ceed381308a4d	739	646
2016-02	15	contributed/v2.0/gnssro_cosmic1_jpl_l1b/2016/02/15/gnssro_cosmic1_jpl_l1b_v2.6_cosmic1c5-G17-201602151907.nc4	563792	8e7f3170efadb27222b9bf1d1076b587	739	683
2016-02	15	contributed/v2.0/gnssro_cosmic1_jpl_l1b/2016/02/15/gnssro_cosmic1_jpl_l1b_v2.6_cosmic1c5-G26-201602151850.nc4	575792	577f9b276cc575ceba66a7a00dedf654	739	720
2016-03	15	contributed/v2.0/gnssro_cosmic1_jpl_l1b/2016/03/15/gnssro_cosmic1_jpl_l1b_v2.6_cosmic1c1-G02-201603151021.nc4	611792	0c407e7f052e1bfc60235d50f187800e	823	20
2016-03	15	contributed/v2.0/gnssro_cosmic1_jpl_l1b/2016/03/15/gnssro_cosmic1_jpl_l1b_v2.6_cosmic1c1-G06-201603151609.nc4	605672	79df73d5c2c8bef7b4cd5c475d90b7c7	823	61
2016-03	15	contributed/v2.0/gnssro_cosmic1_jpl_l1b/2016/03/15/gnssro_cosmic1_jpl_l1b_v2.6_cosmic1c1-G09-201603151349.nc4	683792	f12aa0c3b8ff2ad3df6a3ddf9b3bfdfb	823	102
2016-03	15	contributed/v2.0/gnssro_cosmic1_jpl_l1b/2016/03/15/gnssro_cosmic1_jpl_l1b_v2.6_cosmic1c1-G13-201603151033.nc4	863672	e9d2b9a311a723b9a3a52dbcaf915709	823	144
2016-03	15	contributed/v2.0/gnssro_cosmic1_jpl_l1b/2016/03/15/gnssro_cosmic1_jpl_l1b_v2.6_cosmic1c1-G17-201603150316.nc4	533792	f537c1b9ea52c2408d1c4416f4290997	823	185
2016-03	15	contributed/v2.0/gnssro_cosmic1_jpl_l1b/2016/03/15/gnssro_cosmic1_jpl_l1b_v2.6_cosmic1c1-G21-201603150157.nc4	617792	2972eb719e6320a08901921e07a9653b	823	226
2016-03	15	contributed/v2.0/gnssro_cosmic1_jpl_l1b/2016/03/15/gnssro_cosmic1_jpl_l1b_v2.6_cosmic1c1-G23-201603151753.nc4	911792	31a911d8d3bf15d6315a2d9a463e759a	823	267
2016-03	15	contributed/v2.0/gnssro_cosmic1_jpl_l1b/2016/03/15/gnssro_cosmic1_jpl_l1b_v2.6_cosmic1c1-G27-201603151552.nc4	695792	becd7c5dcbf689487c41507676e64c46	823	308
2016-03	15	contributed/v2.0/gnssro_cosmic1_jpl_l1b/2016/03/15/gnssro_cosmic1_jpl_l1b_v2.6_cosmic1c1-G31-201603150733.nc4	785792	7c668ee89325699af040cb72e57cfb91	823	349
2016-03	15	contributed/v2.0/gnssro_cosmic1_jpl_l1b/2016/03/15/gnssro_cosmic1_jpl_l1b_v2.6_cosmic1c2-G10-201603150853.nc4	881792	c674af4ea505e70f001d5714ad784833	823	390
2016-03	15	contributed/v2.0/gnssro_cosmic1_jpl_l1b/2016/03/15/gnssro_cosmic1_jpl_l1b_v2.6_cosmic1c2-G21-201603150725.nc4	707792	4eb0a321acf52e14e5224bb9353da6c0	823	432
2016-03	15	contributed/v2.0/gnssro_cosmic1_jpl_l1b/2016/03/15/gnssro_cosmic1_jpl_l1b_v2.6_cosmic1c5-G01-201603150802.nc4	755792	a0e334046118909cd44ba9b811a8ecc0	823	473
2016-03	15	contributed/v2.0/gnssro_cosmic1_jpl_l1b/2016/03/15/gnssro_cosmic1_jpl_l1b_v2.6_cosmic1c5-G05-201603151946.nc4	845792	d622f852af63f98cdc09b9c2471e8da7	823	514
2016-03	15	contributed/v2.0/gnssro_cosmic1_jpl_l1b/2016/03/15/gnssro_cosmic1_jpl_l1b_v2.6_cosmic1c5-G08-201603150030.nc4	683792	abe6fb9833b3f0b0431e22c798537801	823	555
2016-03	15	contributed/v2.0/gnssro_cosmic1_jpl_l1b/2016/03/15/gnssro_cosmic1_jpl_l1b_v2.6_cosmic1c5-G12-201603150531.nc4	647792	7195b1be3c36baa404426a2cb3783d44	823	596
2016-03	15	contributed/v2.0/gnssro_cosmic1_jpl_l1b/2016/03/15/gnssro_cosmic1_jpl_l1b_v2.6_cosmic1c5-G16-201603151450.nc4	929792	ce0ce7da79951d489462adf6cf01e9ae	823	637
2016-03	15	contributed/v2.0/gnssro_cosmic1_jpl_l1b/2016/03/15/gnssro_cosmic1_jpl_l1b_v2.6_cosmic1c5-G20-201603150945.nc4	785792	647481c04a48acd53a48655692535511	823	678
2016-03	15	contributed/v2.0/gnssro_cosmic1_jpl_l1b/2016/03/15/gnssro_cosmic1_jpl_l1b_v2.6_cosmic1c5-G24-201603150519.nc4	623792	c509665575e80c67d5ff6596a8b515c2	823	720
2016-03	15	contributed/v2.0/gnssro_cosmic1_jpl_l1b/2016/03/15/gnssro_cosmic1_jpl_l1b_v2.6_cosmic1c5-G27-201603151709.nc4	635792	977c157384a7ab42a6acb814d679a719	823	761
2016-03	15	contributed/v2.0/gnssro_cosmic1_jpl_l1b/2016/03/15/gnssro_cosmic1_jpl_l1b_v2.6_cosmic1c5-G30-201603152017.nc4	539792	75f74765e3e14f271f6f670c178407f5	823	802
2016-04	15	contributed/v2.0/gnssro_cosmic1_jpl_l1b/2016/04/15/gnssro_cosmic1_jpl_l1b_v2.6_cosmic1c1-G13-201604152320.nc4	779792	c4c05355eb2cb9ceef4a97a4a58415ea	575	14
2016-04	15	contributed/v2.0/gnssro_cosmic1_jpl_l1b/2016/04/15/gnssro_cosmic1_jpl_l1b_v2.6_cosmic1c2-G05-201604150518.nc4	575792	844c03847cad5bd7ac58c46554b32fef	575	43
2016-04	15	contributed/v2.0/gnssro_cosmic1_jpl_l1b/2016/04/15/gnssro_cosmic1_jpl_l1b_v2.6_cosmic1c2-G17-201604150646.nc4	821792	ee0bcd4b53746fa9b949bebef9cef737	575	71
2016-04	15	contributed/v2.0/gnssro_cosmic1_jpl_l1b/2016/04/15/gnssro_cosmic1_jpl_l1b_v2.6_cosmic1c2-G30-201604150400.nc4	527792	16a950671d11da6264875541f18958b1	575	100
2016-04	15	contributed/v2.0/gnssro_cosmic1_jpl_l1b/2016/04/15/gnssro_cosmic1_jpl_l1b_v2.6_cosmic1c5-G02-201604151813.nc4	743792	87123958a985b428027015891fa4c987	575	129
2016-04	15	contributed/v2.0/gnssro_cosmic1_jpl_l1b/2016/04/15/gnssro_cosmic1_jpl_l1b_v2.6_cosmic1c5-G05-201604152309.nc4	335792	13a2ac6634d0d1b9268720b29d1656c5	575	158
2016-04	15	contributed/v2.0/gnssro_cosmic1_jpl_l1b/2016/04/15/gnssro_cosmic1_jpl_l1b_v2.6_cosmic1c5-G08-201604150534.nc4	779792	70ff524f7e803159a685f69c8f37881b	575	186
2016-04	15	contributed/v2.0/gnssro_cosmic1_jpl_l1b/2016/04/15/gnssro_cosmic1_jpl_l1b_v2.6_cosmic1c5-G09-201604151637.nc4	695792	2c7f936c5ec4b6b5da6e0126b16f0c1a	575	215
2016-04	15	contributed/v2.0/gnssro_cosmic1_jpl_l1b/2016/04/15/gnssro_cosmic1_jpl_l1b_v2.6_cosmic1c5-G11-201604151557.nc4	899792	63793b1753bb0a785a4ddb62211a953d	575	244
2016-04	15	contributed/v2.0/gnssro_cosmic1_jpl_l1b/2016/04/15/gnssro_cosmic1_jpl_l1b_v2.6_cosmic1c5-G13-201604151440.nc4	725792	b38fd81ca1e94e80abcab85a6f5396ec	575	273
2016-04	15	contributed/v2.0/gnssro_cosmic1_jpl_l1b/2016/04/15/gnssro_cosmic1_jpl_l1b_v2.6_cosmic1c5-G14-201604152059.nc4	683792	8a5241a3227055e885d4309474633b74	575	301
2016-04	15	contributed/v2.0/gnssro_cosmic1_jpl_l1b/2016/04/15/gnssro_cosmic1_jpl_l1b_v2.6_cosmic1c5-G16-201604151150.nc4	863792	07479e33bc41fefecd3bd451286f5e6f	575	330
2016-04	15	contributed/v2.0/gnssro_cosmic1_jpl_l1b/2016/04/15/gnssro_cosmic1_jpl_l1b_v2.6_cosmic1c5-G18-201604150258.nc4	587792	f1c8f76d19df5beef83de223426796bb	575	359
2016-04	15	contributed/v2.0/gnssro_cosmic1_jpl_l1b/2016/04/15/gnssro_cosmic1_jpl_l1b_v2.6_cosmic1c5-G19-201604152033.nc4	761792	4d1145616958b791b238112903910daf	575	388
2016-04	15	contributed/v2.0/gnssro_cosmic1_jpl_l1b/2016/04/15/gnssro_cosmic1_jpl_l1b_v2.6_cosmic1c5-G22-201604150205.nc4	593792	b540d44e7650668dae2d4f30b46b6569	575	416
2016-04	15	contributed/v2.0/gnssro_cosmic1_jpl_l1b/2016/04/15/gnssro_cosmic1_jpl_l1b_v2.6_cosmic1c5-G23-201604151922.nc4	593792	f89307c3fd392151b3b56c906d7c7c7f	575	445
2016-04	15	contributed/v2.0/gnssro_cosmic1_jpl_l1b/2016/04/15/gnssro_cosmic1_jpl_l1b_v2.6_cosmic1c5-G26-201604150457.nc4	887792	51a7c6ba029bff17d8e237c1a79a0798	575	474
2016-04	15	contributed/v2.0/gnssro_cosmic1_jpl_l1b/2016/04/15/gnssro_cosmic1_jpl_l1b_v2.6_cosmic1c5-G28-201604150514.nc4	719792	e135d39b72cdf9185911a820e6a585b7	575	503
2016-04	15	contributed/v2.0/gnssro_cosmic1_jpl_l1b/2016/04/15/gnssro_cosmic1_jpl_l1b_v2.6_cosmic1c5-G30-201604150333.nc4	683792	54ff4be814f98121faf9d46e83e4dfd1	575	531
2016-04	15	contributed/v2.0/gnssro_cosmic1_jpl_l1b/2016/04/15/gnssro_cosmic1_jpl_l1b_v2.6_cosmic1c5-G32-201604151005.nc4	599792	14c448d25fcdeed58e8899aeff3a4e14	575	560
2016-05	15	contributed/v2.0/gnssro_cosmic1_jpl_l1b/2016/05/15/gnssro_cosmic1_jpl_l1b_v2.6_cosmic1c1-G02-201605151349.nc4	1019792	52e6c3acc37d6e8d713ea876febc1cf0	636	15
2016-05	15	contributed/v2.0/gnssro_cosmic1_jpl_l1b/2016/05/15/gnssro_cosmic1_jpl_l1b_v2.6_cosmic1c1-G05-201605152117.nc4	713792	0b620064d980bd0a03cc7a1b3d8a4757	636	47
2016-05	15	contributed/v2.0/gnssro_cosmic1_jpl_l1b/2016/05/15/gnssro_cosmic1_jpl_l1b_v2.6_cosmic1c1-G09-201605150956.nc4	713792	4e8a5a35c48fb3a841f2cccfb73e0e4d	636	79
2016-05	15	contributed/v2.0/gnssro_cosmic1_jpl_l1b/2016/05/15/gnssro_cosmic1_jpl_l1b_v2.6_cosmic1c1-G12-201605150044.nc4	833792	613a7b2d10e4ebddb7b3d1950cf97d16	636	111
2016-05	15	contributed/v2.0/gnssro_cosmic1_jpl_l1b/2016/05/15/gnssro_cosmic1_jpl_l1b_v2.6_cosmic1c1-G14-201605150335.nc4	911792	d6ad69971757d980de28e908d7e11ccb	636	143
2016-05	15	contributed/v2.0/gnssro_cosmic1_jpl_l1b/2016/05/15/gnssro_cosmic1_jpl_l1b_v2.6_cosmic1c1-G16-201605150541.nc4	929792	b0b0775c6c7e76352f1dcda96a88993d	636	174
2016-05	15	contributed/v2.0/gnssro_cosmic1_jpl_l1b/2016/05/15/gnssro_cosmic1_jpl_l1b_v2.6_cosmic1c1-G18-201605152046.nc4	785792	f9e746a3232960b589f1ce92aedd6cf8	636	206
2016-05	15	contributed/v2.0/gnssro_cosmic1_jpl_l1b/2016/05/15/gnssro_cosmic1_jpl_l1b_v2.6_cosmic1c1-G21-201605151857.nc4	689672	5a72848c18157667e226596032092072	636	238
2016-05	15	contributed/v2.0/gnssro_cosmic1_jpl_l1b/2016/05/15/gnssro_cosmic1_jpl_l1b_v2.6_cosmic1c1-G23-201605151954.nc4	893792	2deaa80f9d08d51447c4dbf7dd254b9f	636	270
2016-05	15	contributed/v2.0/gnssro_cosmic1_jpl_l1b/2016/05/15/gnssro_cosmic1_jpl_l1b_v2.6_cosmic1c1-G26-201605151251.nc4	677792	662fe240c3b640d5fed357627dfeb45e	636	302
2016-05	15	contributed/v2.0/gnssro_cosmic1_jpl_l1b/2016/05/15/gnssro_cosmic1_jpl_l1b_v2.6_cosmic1c1-G28-201605151410.nc4	563792	d453bf8804ba49f68102e4fac6b5c15f	636	333
2016-05	15	contributed/v2.0/gnssro_cosmic1_jpl_l1b/2016/05/15/gnssro_cosmic1_jpl_l1b_v2.6_cosmic1c1-G32-201605151041.nc4	827792	1de8e85d5154a5157312b023d5eeaa24	636	365
2016-05	15	contributed/v2.0/gnssro_cosmic1_jpl_l1b/2016/05/15/gnssro_cosmic1_jpl_l1b_v2.6_cosmic1c2-G08-201605150110.nc4	725792	71b0cad259667379dccdf8d6e68960d8	636	397
2016-05	15	contributed/v2.0/gnssro_cosmic1_jpl_l1b/2016/05/15/gnssro_cosmic1_jpl_l1b_v2.6_cosmic1c2-G16-201605151857.nc4	773792	946c31f4b98176f56e83626c3c3e3fd7	636	429
2016-05	15	contributed/v2.0/gnssro_cosmic1_jpl_l1b/2016/05/15/gnssro_cosmic1_jpl_l1b_v2.6_cosmic1c2-G26-201605151709.nc4	731672	d25aba132aac7608e0d7aa7016415024	636	461
2016-05	15	contributed/v2.0/gnssro_cosmic1_jpl_l1b/2016/05/15/gnssro_cosmic1_jpl_l1b_v2.6_cosmic1c6-G02-201605150056.nc4	611792	c11282fddc2c35351d56f4f2a79004ef	636	492
2016-05	15	contributed/v2.0/gnssro_cosmic1_jpl_l1b/2016/05/15/gnssro_cosmic1_jpl_l1b_v2.6_cosmic1c6-G10-201605151028.nc4	581792	6878164cfcca19870c39955c2062cb97	636	524
2016-05	15	contributed/v2.0/gnssro_cosmic1_jpl_l1b/2016/05/15/gnssro_cosmic1_jpl_l1b_v2.6_cosmic1c6-G16-201605150546.nc4	659792	0b440d33a5a717091e28b4753f804a9c	636	556
2016-05	15	contributed/v2.0/gnssro_cosmic1_jpl_l1b/2016/05/15/gnssro_cosmic1_jpl_l1b_v2.6_cosmic1c6-G21-201605151012.nc4	569792	a305a951f92ae923b2f204018743139c	636	588
2016-05	15	contributed/v2.0/gnssro_cosmic1_jpl_l1b/2016/05/15/gnssro_cosmic1_jpl_l1b_v2.6_cosmic1c6-G28-201605151459.nc4	587792	a85b85589db67915f1a47b1ac5c00d29	636	620
2016-06	15	contributed/v2.0/gnssro_cosmic1_jpl_l1b/2016/06/15/gnssro_cosmic1_jpl_l1b_v2.6_cosmic1c1-G02-201606150947.nc4	713792	190b2895bc85aa6d86f8430552616083	522	13
2016-06	15	contributed/v2.0/gnssro_cosmic1_jpl_l1b/2016/06/15/gnssro_cosmic1_jpl_l1b_v2.6_cosmic1c1-G05-201606151238.nc4	1151792	ecc9fc7326cbbf124a3b438443e60af3	522	39
2016-06	15	contributed/v2.0/gnssro_cosmic1_jpl_l1b/2016/06/15/gnssro_cosmic1_jpl_l1b_v2.6_cosmic1c1-G07-201606151530.nc4	659792	11d42a82cd5f73a1741e6718387397ac	522	65
2016-06	15	contributed/v2.0/gnssro_cosmic1_jpl_l1b/2016/06/15/gnssro_cosmic1_jpl_l1b_v2.6_cosmic1c1-G10-201606151755.nc4	887792	e29e043dc5728e68499d34abc8b483e1	522	91
2016-06	15	contributed/v2.0/gnssro_cosmic1_jpl_l1b/2016/06/15/gnssro_cosmic1_jpl_l1b_v2.6_cosmic1c1-G13-201606152304.nc4	539792	2211e8e167a825896be930332c2c5043	522	117
2016-06	15	contributed/v2.0/gnssro_cosmic1_jpl_l1b/2016/06/15/gnssro_cosmic1_jpl_l1b_v2.6_cosmic1c1-G18-201606151404.nc4	839792	315d2a1e4f6d4e21e387f288c57c9d59	522	143
2016-06	15	contributed/v2.0/gnssro_cosmic1_jpl_l1b/2016/06/15/gnssro_cosmic1_jpl_l1b_v2.6_cosmic1c1-G21-201606151020.nc4	779792	ef6089d5c135f1aed220ee78d9afc934	522	169
2016-06	15	contributed/v2.0/gnssro_cosmic1_jpl_l1b/2016/06/15/gnssro_cosmic1_jpl_l1b_v2.6_cosmic1c1-G23-201606150753.nc4	815792	f071234ee7b01dd83a2d40721789b730	522	195
2016-06	15	contributed/v2.0/gnssro_cosmic1_jpl_l1b/2016/06/15/gnssro_cosmic1_jpl_l1b_v2.6_cosmic1c1-G27-201606151751.nc4	695792	a16ae7323d6add9b16c7a89127589ee3	522	221
2016-06	15	contributed/v2.0/gnssro_cosmic1_jpl_l1b/2016/06/15/gnssro_cosmic1_jpl_l1b_v2.6_cosmic1c1-G31-201606150658.nc4	923792	3e34bdc15a35391f27ff2d8df9fbcbf9	522	247
2016-06	15	contributed/v2.0/gnssro_cosmic1_jpl_l1b/2016/06/15/gnssro_cosmic1_jpl_l1b_v2.6_cosmic1c6-G02-201606150152.nc4	635792	004de3f792ce4c029d8a177834e868da	522	274
2016-06	15	contributed/v2.0/gnssro_cosmic1_jpl_l1b/2016/06/15/gnssro_cosmic1_jpl_l1b_v2.6_cosmic1c6-G07-201606150352.nc4	671792	ce4ab39895169c53c4c5b15ee7ccddcc	522	300
2016-06	15	contributed/v2.0/gnssro_cosmic1_jpl_l1b/2016/06/15/gnssro_cosmic1_jpl_l1b_v2.6_cosmic1c6-G10-201606150501.nc4	911792	e8f2785fd09b461971010f7991d186dd	522	326
2016-06	15	contributed/v2.0/gnssro_cosmic1_jpl_l1b/2016/06/15/gnssro_cosmic1_jpl_l1b_v2.6_cosmic1c6-G13-201606150329.nc4	887792	e67a2d086f23843349ce28c658f42d8e	522	352
2016-06	15	contributed/v2.0/gnssro_cosmic1_jpl_l1b/2016/06/15/gnssro_cosmic1_jpl_l1b_v2.6_cosmic1c6-G16-201606150350.nc4	947792	7d87265b1bef430c8126e52f47e1f80b	522	378
2016-06	15	contributed/v2.0/gnssro_cosmic1_jpl_l1b/2016/06/15/gnssro_cosmic1_jpl_l1b_v2.6_cosmic1c6-G18-201606151654.nc4	743792	9c58b6eb1b2f8cd31b5a871799aa64bf	522	404
2016-06	15	contributed/v2.0/gnssro_cosmic1_jpl_l1b/2016/06/15/gnssro_cosmic1_jpl_l1b_v2.6_cosmic1c6-G21-201606151107.nc4	635792	7876706d1d8162a9ca87cdb533685ebe	522	430
2016-06	15	contributed/v2.0/gnssro_cosmic1_jpl_l1b/2016/06/15/gnssro_cosmic1_jpl_l1b_v2.6_cosmic1c6-G24-201606151304.nc4	851792	2ff07577e90563dfc55441b429aeee67	522	456
2016-06	15	contributed/v2.0/gnssro_cosmic1_jpl_l1b/2016/06/15/gnssro_cosmic1_jpl_l1b_v2.6_cosmic1c6-G28-201606150121.nc4	827792	ad7abe11fed975334b8ae87a7557c48e	522	482
2016-06	15	contributed/v2.0/gnssro_cosmic1_jpl_l1b/2016/06/15/gnssro_cosmic1_jpl_l1b_v2.6_cosmic1c6-G31-201606150033.nc4	707792	873439c5bbaba9af16b3aa66ec4d2373	522	508
2016-07	03	contributed/v2.0/gnssro_cosmic1_jpl_l1b/2016/07/03/gnssro_cosmic1_jpl_l1b_v2.6_cosmic1c1-G02-201607030013.nc4	701792	33f8d7e2ccac33d51998a805a61b2cf3	723	18
2016-07	03	contributed/v2.0/gnssro_cosmic1_jpl_l1b/2016/07/03/gnssro_cosmic1_jpl_l1b_v2.6_cosmic1c1-G06-201607032107.nc4	827792	7d57f84102de116ddaabf5bdb9dbcdd8	723	54
2016-07	03	contributed/v2.0/gnssro_cosmic1_jpl_l1b/2016/07/03/gnssro_cosmic1_jpl_l1b_v2.6_cosmic1c1-G09-201607032140.nc4	713792	09c0768a4c9d7bdc5a88f24a481142be	723	90
2016-07	03	contributed/v2.0/gnssro_cosmic1_jpl_l1b/2016/07/03/gnssro_cosmic1_jpl_l1b_v2.6_cosmic1c1-G14-201607030115.nc4	539792	d229c498f7c402a41d5cee57fe32b220	723	126
2016-07	03	contributed/v2.0/gnssro_cosmic1_jpl_l1b/2016/07/03/gnssro_cosmic1_jpl_l1b_v2.6_cosmic1c1-G18-201607030624.nc4	965792	4a939923d795a782087e57bff0554c47	723	162
2016-07	03	contributed/v2.0/gnssro_cosmic1_jpl_l1b/2016/07/03/gnssro_cosmic1_jpl_l1b_v2.6_cosmic1c1-G21-201607030838.nc4	785792	5fec51102584149db64b9d99d28da39d	723	198
2016-07	03	contributed/v2.0/gnssro_cosmic1_jpl_l1b/2016/07/03/gnssro_cosmic1_jpl_l1b_v2.6_cosmic1c1-G24-201607030742.nc4	761792	36de4d3be7f3c8ddddd27f995e3b8cee	723	234
2016-07	03	contributed/v2.0/gnssro_cosmic1_jpl_l1b/2016/07/03/gnssro_cosmic1_jpl_l1b_v2.6_cosmic1c1-G27-201607032055.nc4	689792	398549483416e28d50d7d37aada9099f	723	271
2016-07	03	contributed/v2.0/gnssro_cosmic1_jpl_l1b/2016/07/03/gnssro_cosmic1_jpl_l1b_v2.6_cosmic1c1-G31-201607030643.nc4	611792	88dc11390cbe1aa33af61ac4c8d2719f	723	307
2016-07	03	contributed/v2.0/gnssro_cosmic1_jpl_l1b/2016/07/03/gnssro_cosmic1_jpl_l1b_v2.6_cosmic1c2-G05-201607030207.nc4	689792	f0763fdb007b320c6597c01ca6da41f3	723	343
2016-07	03	contributed/v2.0/gnssro_cosmic1_jpl_l1b/2016/07/03/gnssro_cosmic1_jpl_l1b_v2.6_cosmic1c2-G11-201607030747.nc4	569792	a23052c8648c47c9cde05091dd94f8dc	723	379
2016-07	03	contributed/v2.0/gnssro_cosmic1_jpl_l1b/2016/07/03/gnssro_cosmic1_jpl_l1b_v2.6_cosmic1c2-G18-201607030932.nc4	881792	dbdffc64b52f8ba0a357e69e33c79285	723	415
2016-07	03	contributed/v2.0/gnssro_cosmic1_jpl_l1b/2016/07/03/gnssro_cosmic1_jpl_l1b_v2.6_cosmic1c2-G25-201607030816.nc4	677792	ea285cebcf5b426fb271647741d4710f	723	451
2016-07	03	contributed/v2.0/gnssro_cosmic1_jpl_l1b/2016/07/03/gnssro_cosmic1_jpl_l1b_v2.6_cosmic1c6-G01-201607030056.nc4	719792	f8260f307ab9770991591cad192e7410	723	488
2016-07	03	contributed/v2.0/gnssro_cosmic1_jpl_l1b/2016/07/03/gnssro_cosmic1_jpl_l1b_v2.6_cosmic1c6-G10-201607030115.nc4	803792	142b690ff4280d53280de6e7af40de00	723	524
2016-07	03	contributed/v2.0/gnssro_cosmic1_jpl_l1b/2016/07/03/gnssro_cosmic1_jpl_l1b_v2.6_cosmic1c6-G14-201607030106.nc4	1031792	629bb4274521521398b55998139d04c8	723	560
2016-07	03	contributed/v2.0/gnssro_cosmic1_jpl_l1b/2016/07/03/gnssro_cosmic1_jpl_l1b_v2.6_cosmic1c6-G18-201607030718.nc4	773792	2c1b4a165c4b4dcea572fa23963e832b	723	596
2016-07	03	contributed/v2.0/gnssro_cosmic1_jpl_l1b/2016/07/03/gnssro_cosmic1_jpl_l1b_v2.6_cosmic1c6-G22-201607031231.nc4	725792	c620ec7ed10f6412a05c256097669004	723	632
2016-07	03	contributed/v2.0/gnssro_cosmic1_jpl_l1b/2016/07/03/gnssro_cosmic1_jpl_l1b_v2.6_cosmic1c6-G26-201607030154.nc4	857792	383b76da20dfbf9165fd975379e6f302	723	668
2016-07	03	contributed/v2.0/gnssro_cosmic1_jpl_l1b/2016/07/03/gnssro_cosmic1_jpl_l1b_v2.6_cosmic1c6-G29-201607031332.nc4	635792	0495480a572e41ab7c0751ed56d050b4	723	704
2016-08	28	contributed/v2.0/gnssro_cosmic1_jpl_l1b/2016/08/28/gnssro_cosmic1_jpl_l1b_v2.6_cosmic1c1-G02-201608282340.nc4	617792	3e24b25a7b4e9fc8e876b818570d7d58	13	0
2016-08	28	contributed/v2.0/gnssro_cosmic1_jpl_l1b/2016/08/28/gnssro_cosmic1_jpl_l1b_v2.6_cosmic1c1-G05-201608282318.nc4	683792	10c94e979efee983c41807176a4441ab	13	1
2016-08	28	contributed/v2.0/gnssro_cosmic1_jpl_l1b/2016/08/28/gnssro_cosmic1_jpl_l1b_v2.6_cosmic1c1-G07-201608282326.nc4	467672	0ae6a4f6d0c3ba9f6eedaf922bab062b	13	2
2016-08	28	contributed/v2.0/gnssro_cosmic1_jpl_l1b/2016/08/28/gnssro_cosmic1_jpl_l1b_v2.6_cosmic1c1-G08-201608282335.nc4	863792	5182afb0abd957ddcc053fd9f6968bff	13	3
2016-08	28	contributed/v2.0/gnssro_cosmic1_jpl_l1b/2016/08/28/gnssro_cosmic1_jpl_l1b_v2.6_cosmic1c1-G16-201608282345.nc4	725792	4d8f90500ad6ee3663a035036efc8758	13	4
2016-08	28	contributed/v2.0/gnssro_cosmic1_jpl_l1b/2016/08/28/gnssro_cosmic1_jpl_l1b_v2.6_cosmic1c1-G18-201608282348.nc4	881792	ba0748037f76f0698391d99b441165c0	13	5
2016-08	28	contributed/v2.0/gnssro_cosmic1_jpl_l1b/2016/08/28/gnssro_cosmic1_jpl_l1b_v2.6_cosmic1c1-G21-201608282340.nc4	941792	a2165643181b92f5b4cd6b2761733a46	13	6
2016-08	28	contributed/v2.0/gnssro_cosmic1_jpl_l1b/2016/08/28/gnssro_cosmic1_jpl_l1b_v2.6_cosmic1c1-G26-201608282353.nc4	779792	02da407f26547dfaad4f52dbd869c779	13	7
2016-08	28	contributed/v2.0/gnssro_cosmic1_jpl_l1b/2016/08/28/gnssro_cosmic1_jpl_l1b_v2.6_cosmic1c1-G27-201608282338.nc4	683792	d84d9e117a0996916d625750469dba0c	13	8
2016-08	28	contributed/v2.0/gnssro_cosmic1_jpl_l1b/2016/08/28/gnssro_cosmic1_jpl_l1b_v2.6_cosmic1c1-G28-201608282307.nc4	785792	04ca096ad1076f6c568203c180cf39b2	13	9
2016-08	28	contributed/v2.0/gnssro_cosmic1_jpl_l1b/2016/08/28/gnssro_cosmic1_jpl_l1b_v2.6_cosmic1c1-G30-201608282320.nc4	725792	fadc15b0b44854f0afedd64a136651e2	13	10
2016-08	28	contributed/v2.0/gnssro_cosmic1_jpl_l1b/2016/08/28/gnssro_cosmic1_jpl_l1b_v2.6_cosmic1c6-G25-201608282358.nc4	695792	e0199b83cc562710f1afe2cd7dc1eafb	13	11
2016-08	28	contributed/v2.0/gnssro_cosmic1_jpl_l1b/2016/08/28/gnssro_cosmic1_jpl_l1b_v2.6_cosmic1c6-G32-201608282354.nc4	755792	8d66e709a1696c3966d2f59f730e5398	13	12
2016-09	15	contributed/v2.0/gnssro_cosmic1_jpl_l1b/2016/09/15/gnssro_cosmic1_jpl_l1b_v2.6_cosmic1c6-G01-201609151502.nc4	641792	cb90fd030db8b56b54c5f40da649e77f	231	5
2016-09	15	contributed/v2.0/gnssro_cosmic1_jpl_l1b/2016/09/15/gnssro_cosmic1_jpl_l1b_v2.6_cosmic1c6-G03-201609151046.nc4	719792	9544bf0d0d6e42d38d1e4b072281aaa3	231	17
2016-09	15	contributed/v2.0/gnssro_cosmic1_jpl_l1b/2016/09/15/gnssro_cosmic1_jpl_l1b_v2.6_cosmic1c6-G06-201609150454.nc4	635792	c1131bb1ecfa88e9361ef9445bb82baf	231	28
2016-09	15	contributed/v2.0/gnssro_cosmic1_jpl_l1b/2016/09/15/gnssro_cosmic1_jpl_l1b_v2.6_cosmic1c6-G08-201609150734.nc4	659792	14cccaceb4c24e5f530198799ff6ed5e	231	40
2016-09	15	contributed/v2.0/gnssro_cosmic1_jpl_l1b/2016/09/15/gnssro_cosmic1_jpl_l1b_v2.6_cosmic1c6-G09-201609151105.nc4	587792	fdb93d7489c9fcf2b48045b937ef9604	231	51
2016-09	15	contributed/v2.0/gnssro_cosmic1_jpl_l1b/2016/09/15/gnssro_cosmic1_jpl_l1b_v2.6_cosmic1c6-G10-201609151604.nc4	695792	2fc3bf35ee87844b98dce19417a5f39b	231	63
2016-09	15	contributed/v2.0/gnssro_cosmic1_jpl_l1b/2016/09/15/gnssro_cosmic1_jpl_l1b_v2.6_cosmic1c6-G12-201609150443.nc4	665792	0e5505f9b8b8410c0acb2983d42f3d01	231	75
2016-09	15	contributed/v2.0/gnssro_cosmic1_jpl_l1b/2016/09/15/gnssro_cosmic1_jpl_l1b_v2.6_cosmic1c6-G13-201609150702.nc4	527792	bf16ff9e19982b31daa16bdba5a276a5	231	86
2016-09	15	contributed/v2.0/gnssro_cosmic1_jpl_l1b/2016/09/15/gnssro_cosmic1_jpl_l1b_v2.6_cosmic1c6-G15-201609151601.nc4	731792	7e26057b86bc37b25d9c859eff950662	231	98
2016-09	15	contributed/v2.0/gnssro_cosmic1_jpl_l1b/2016/09/15/gnssro_cosmic1_jpl_l1b_v2.6_cosmic1c6-G16-201609151939.nc4	665792	3ab5bdec2e2c05eb04fe09ab5eb49616	231	109
2016-09	15	contributed/v2.0/gnssro_cosmic1_jpl_l1b/2016/09/15/gnssro_cosmic1_jpl_l1b_v2.6_cosmic1c6-G18-201609150547.nc4	671792	e1c0ffd5fb4048d3ca8abcc4e47d50ba	231	121
2016-09	15	contributed/v2.0/gnssro_cosmic1_jpl_l1b/2016/09/15/gnssro_cosmic1_jpl_l1b_v2.6_cosmic1c6-G19-201609151643.nc4	629792	532d08ab696639b190e0c0f90129cbca	231	132
2016-09	15	contributed/v2.0/gnssro_cosmic1_jpl_l1b/2016/09/15/gnssro_cosmic1_jpl_l1b_v2.6_cosmic1c6-G21-201609151552.nc4	599792	9fa984e9c6e42923dae936cb86256698	231	144
2016-09	15	contributed/v2.0/gnssro_cosmic1_jpl_l1b/2016/09/15/gnssro_cosmic1_jpl_l1b_v2.6_cosmic1c6-G22-201609152059.nc4	569792	321087b311024818a95db5a3b01de1dd	231	155
2016-09	15	contributed/v2.0/gnssro_cosmic1_jpl_l1b/2016/09/15/gnssro_cosmic1_jpl_l1b_v2.6_cosmic1c6-G25-201609150036.nc4	719792	0070cb1cb060e596a3c63aa05084eb82	231	167
2016-09	15	contributed/v2.0/gnssro_cosmic1_jpl_l1b/2016/09/15/gnssro_cosmic1_jpl_l1b_v2.6_cosmic1c6-G26-201609151158.nc4	767792	bd79cb16c97dd0ef5f63ac2e4b0b7a68	231	179
2016-09	15	contributed/v2.0/gnssro_cosmic1_jpl_l1b/2016/09/15/gnssro_cosmic1_jpl_l1b_v2.6_cosmic1c6-G28-201609150519.nc4	743792	b7abe038e43bc36adf8a5752b50b719c	231	190
2016-09	15	contributed/v2.0/gnssro_cosmic1_jpl_l1b/2016/09/15/gnssro_cosmic1_jpl_l1b_v2.6_cosmic1c6-G29-201609151805.nc4	785792	de6694a46b8c9ed0e75d7a3de45b36e5	231	202
2016-09	15	contributed/v2.0/gnssro_cosmic1_jpl_l1b/2016/09/15/gnssro_cosmic1_jpl_l1b_v2.6_cosmic1c6-G31-201609150618.nc4	623792	b8838843d1f315527b57a906ed084253	231	213
2016-09	15	contributed/v2.0/gnssro_cosmic1_jpl_l1b/2016/09/15/gnssro_cosmic1_jpl_l1b_v2.6_cosmic1c6-G32-201609151159.nc4	533792	c87142fb5b7655fe804e5ae632537a9b	231	225
2016-10	15	contributed/v2.0/gnssro_cosmic1_jpl_l1b/2016/10/15/gnssro_cosmic1_jpl_l1b_v2.6_cosmic1c1-G02-201610150722.nc4	737792	53b4fda8255846e3854d4766e2487067	645	16
2016-10	15	contributed/v2.0/gnssro_cosmic1_jpl_l1b/2016/10/15/gnssro_cosmic1_jpl_l1b_v2.6_cosmic1c1-G05-201610150817.nc4	731792	b50982ce7e3ac5c61f7759a21de879a6	645	48
2016-10	15	contributed/v2.0/gnssro_cosmic1_jpl_l1b/2016/10/15/gnssro_cosmic1_jpl_l1b_v2.6_cosmic1c1-G08-201610150758.nc4	611792	8d04d75fa08edc5211dbd2977c2ef3c8	645	80
2016-10	15	contributed/v2.0/gnssro_cosmic1_jpl_l1b/2016/10/15/gnssro_cosmic1_jpl_l1b_v2.6_cosmic1c1-G10-201610151050.nc4	719792	78763533e0f5d44a6c142e74893f1d94	645	112
2016-10	15	contributed/v2.0/gnssro_cosmic1_jpl_l1b/2016/10/15/gnssro_cosmic1_jpl_l1b_v2.6_cosmic1c1-G13-201610150526.nc4	755792	06687cfdb3932380449bc68b2701aeb1	645	145
2016-10	15	contributed/v2.0/gnssro_cosmic1_jpl_l1b/2016/10/15/gnssro_cosmic1_jpl_l1b_v2.6_cosmic1c1-G15-201610151307.nc4	773792	e20c29d52d9a6ed3ea08fcbb07044bc0	645	177
2016-10	15	contributed/v2.0/gnssro_cosmic1_jpl_l1b/2016/10/15/gnssro_cosmic1_jpl_l1b_v2.6_cosmic1c1-G18-201610150502.nc4	737792	6378b92ef272adcfa6dbdeaab941b25d	645	209
2016-10	15	contributed/v2.0/gnssro_cosmic1_jpl_l1b/2016/10/15/gnssro_cosmic1_jpl_l1b_v2.6_cosmic1c1-G20-201610151505.nc4	713792	dc963c6a0b5a2c109c2cea470a9fe644	645	241
2016-10	15	contributed/v2.0/gnssro_cosmic1_jpl_l1b/2016/10/15/gnssro_cosmic1_jpl_l1b_v2.6_cosmic1c1-G23-201610150303.nc4	605792	6b87677605671f7a0da84cc8b319b120	645	274
2016-10	15	contributed/v2.0/gnssro_cosmic1_jpl_l1b/2016/10/15/gnssro_cosmic1_jpl_l1b_v2.6_cosmic1c1-G25-201610151335.nc4	671792	64cdc4f4508b829ee4cf3395f536043f	645	306
2016-10	15	contributed/v2.0/gnssro_cosmic1_jpl_l1b/2016/10/15/gnssro_cosmic1_jpl_l1b_v2.6_cosmic1c1-G28-201610150241.nc4	785792	c2c91d30d5ecd41a70c2118a2da533ca	645	338
2016-10	15	contributed/v2.0/gnssro_cosmic1_jpl_l1b/2016/10/15/gnssro_cosmic1_jpl_l1b_v2.6_cosmic1c1-G30-201610151333.nc4	863792	e8409e14cffeebfb8e0d5dd1d46a44b6	645	370
2016-10	15	contributed/v2.0/gnssro_cosmic1_jpl_l1b/2016/10/15/gnssro_cosmic1_jpl_l1b_v2.6_cosmic1c1-G32-201610152025.nc4	779792	d3f49e65ce45ef437fa96a95282f454e	645	403
2016-10	15	contributed/v2.0/gnssro_cosmic1_jpl_l1b/2016/10/15/gnssro_cosmic1_jpl_l1b_v2.6_cosmic1c6-G04-201610152000.nc4	779792	072b5e435a6c409a6f83edbbfcfbacf3	645	435
2016-10	15	contributed/v2.0/gnssro_cosmic1_jpl_l1b/2016/10/15/gnssro_cosmic1_jpl_l1b_v2.6_cosmic1c6-G08-201610152017.nc4	845792	9304d2c2b6a57fff60f3f7376c67cc11	645	467
2016-10	15	contributed/v2.0/gnssro_cosmic1_jpl_l1b/2016/10/15/gnssro_cosmic1_jpl_l1b_v2.6_cosmic1c6-G12-201610152306.nc4	797792	5b7a968ecd7f50b9dc092e9b37bd5e88	645	499
2016-10	15	contributed/v2.0/gnssro_cosmic1_jpl_l1b/2016/10/15/gnssro_cosmic1_jpl_l1b_v2.6_cosmic1c6-G17-201610151747.nc4	767792	bfd1b9088eb154e51ffcfea158e31b78	645	532
2016-10	15	contributed/v2.0/gnssro_cosmic1_jpl_l1b/2016/10/15/gnssro_cosmic1_jpl_l1b_v2.6_cosmic1c6-G22-201610151114.nc4	563792	69d15b2d7bdb265c630920ecf2c939c8	645	564
2016-10	15	contributed/v2.0/gnssro_cosmic1_jpl_l1b/2016/10/15/gnssro_cosmic1_jpl_l1b_v2.6_cosmic1c6-G26-201610151138.nc4	749792	e7f6a9b361cbcafd9632b16c803f93b6	645	596
2016-10	15	contributed/v2.0/gnssro_cosmic1_jpl_l1b/2016/10/15/gnssro_cosmic1_jpl_l1b_v2.6_cosmic1c6-G30-201610151604.nc4	857792	1b32aa31679820a94b2d215a4fdfad80	645	628
2016-11	02	contributed/v2.0/gnssro_cosmic1_jpl_l1b/2016/11/02/gnssro_cosmic1_jpl_l1b_v2.6_cosmic1c1-G03-201611020526.nc4	761792	117ee0b7af745803a5d389522ef42278	462	11
2016-11	02	contributed/v2.0/gnssro_cosmic1_jpl_l1b/2016/11/02/gnssro_cosmic1_jpl_l1b_v2.6_cosmic1c1-G06-201611020816.nc4	659792	9e96d3be88ed626f2c862597da989b0e	462	34
2016-11	02	contributed/v2.0/gnssro_cosmic1_jpl_l1b/2016/11/02/gnssro_cosmic1_jpl_l1b_v2.6_cosmic1c1-G10-201611020904.nc4	701792	d789b5a669e7c74d9fdc57ef1fca2c60	462	57
2016-11	02	contributed/v2.0/gnssro_cosmic1_jpl_l1b/2016/11/02/gnssro_cosmic1_jpl_l1b_v2.6_cosmic1c1-G13-201611021131.nc4	923792	8fd2a8ccdb7fd3d51e6e813f0564982f	462	80
2016-11	02	contributed/v2.0/gnssro_cosmic1_jpl_l1b/2016/11/02/gnssro_cosmic1_jpl_l1b_v2.6_cosmic1c1-G16-201611020559.nc4	953792	55d8d17369d25b521f467b3f7ac2d838	462	103
2016-11	02	contributed/v2.0/gnssro_cosmic1_jpl_l1b/2016/11/02/gnssro_cosmic1_jpl_l1b_v2.6_cosmic1c1-G19-201611021957.nc4	581792	cd80f2cdfc25f8e829f2d59a5ef86279	462	127
2016-11	02	contributed/v2.0/gnssro_cosmic1_jpl_l1b/2016/11/02/gnssro_cosmic1_jpl_l1b_v2.6_cosmic1c1-G22-201611020637.nc4	701792	d8381f5f857e934d208eefce6a43cc33	462	150
2016-11	02	contributed/v2.0/gnssro_cosmic1_jpl_l1b/2016/11/02/gnssro_cosmic1_jpl_l1b_v2.6_cosmic1c1-G24-201611020923.nc4	815792	7834d1f3637c0e9e0386216d7a6dc638	462	173
2016-11	02	contributed/v2.0/gnssro_cosmic1_jpl_l1b/2016/11/02/gnssro_cosmic1_jpl_l1b_v2.6_cosmic1c1-G27-201611021628.nc4	635792	2d8d45562c411239164fcedd144d9bfd	462	196
2016-11	02	contributed/v2.0/gnssro_cosmic1_jpl_l1b/2016/11/02/gnssro_cosmic1_jpl_l1b_v2.6_cosmic1c1-G30-201611021421.nc4	737792	a720fcca67af8e010ab22ea351ba343d	462	219
2016-11	02	contributed/v2.0/gnssro_cosmic1_jpl_l1b/2016/11/02/gnssro_cosmic1_jpl_l1b_v2.6_cosmic1c6-G02-201611021510.nc4	959672	d1b28d6ccd8b5a98ab8b6018d50f4e03	462	242
2016-11	02	contributed/v2.0/gnssro_cosmic1_jpl_l1b/2016/11/02/gnssro_cosmic1_jpl_l1b_v2.6_cosmic1c6-G05-201611021813.nc4	671792	b49b0a46b2a00a01addd1059ea4a6088	462	265
2016-11	02	contributed/v2.0/gnssro_cosmic1_jpl_l1b/2016/11/02/gnssro_cosmic1_jpl_l1b_v2.6_cosmic1c6-G07-201611021625.nc4	755792	6b9c161b4d270749bb41c6dc189fb4d9	462	288
2016-11	02	contributed/v2.0/gnssro_cosmic1_jpl_l1b/2016/11/02/gnssro_cosmic1_jpl_l1b_v2.6_cosmic1c6-G11-201611021010.nc4	911792	b7903fef0028a2a6e24dc6cfb1f52de8	462	311
2016-11	02	contributed/v2.0/gnssro_cosmic1_jpl_l1b/2016/11/02/gnssro_cosmic1_jpl_l1b_v2.6_cosmic1c6-G14-201611021718.nc4	857792	b4f9be2363a63bc241dd4e92cc73af99	462	334
2016-11	02	contributed/v2.0/gnssro_cosmic1_jpl_l1b/2016/11/02/gnssro_cosmic1_jpl_l1b_v2.6_cosmic1c6-G18-201611020220.nc4	899792	b81a2fd09a937d1c1b1737347b9c9cea	462	358
2016-11	02	contributed/v2.0/gnssro_cosmic1_jpl_l1b/2016/11/02/gnssro_cosmic1_jpl_l1b_v2.6_cosmic1c6-G21-201611021400.nc4	743792	caa50a415573cc8b500a00aa36b31a6b	462	381
2016-11	02	contributed/v2.0/gnssro_cosmic1_jpl_l1b/2016/11/02/gnssro_cosmic1_jpl_l1b_v2.6_cosmic1c6-G24-201611021147.nc4	791792	54ba0b8fecc88031d0478317ff7ba402	462	404
2016-11	02	contributed/v2.0/gnssro_cosmic1_jpl_l1b/2016/11/02/gnssro_cosmic1_jpl_l1b_v2.6_cosmic1c6-G27-201611021836.nc4	647792	2cfb0ff64ecf3ed9044651ef40163b31	462	427
2016-11	02	contributed/v2.0/gnssro_cosmic1_jpl_l1b/2016/11/02/gnssro_cosmic1_jpl_l1b_v2.6_cosmic1c6-G30-201611021420.nc4	743792	b574b6dedce111a0ed582c9fbf1b8f48	462	450
2016-12	30	contributed/v2.0/gnssro_cosmic1_jpl_l1b/2016/12/30/gnssro_cosmic1_jpl_l1b_v2.6_cosmic1c1-G08-201612302353.nc4	755792	34de192f43eabf3bb050177ef0f2c99d	33	0
2016-12	30	contributed/v2.0/gnssro_cosmic1_jpl_l1b/2016/12/30/gnssro_cosmic1_jpl_l1b_v2.6_cosmic1c1-G17-201612302324.nc4	803792	a18955a17a032d1a065d063c1aafed19	33	2
2016-12	30	contributed/v2.0/gnssro_cosmic1_jpl_l1b/2016/12/30/gnssro_cosmic1_jpl_l1b_v2.6_cosmic1c1-G25-201612302350.nc4	749792	29fb82073bf3f0c6d019de658d5bdf54	33	4
2016-12	30	contributed/v2.0/gnssro_cosmic1_jpl_l1b/2016/12/30/gnssro_cosmic1_jpl_l1b_v2.6_cosmic1c1-G26-201612302348.nc4	965792	c97b9ccc9d654cd72300b0fd74f111cd	33	5
2016-12	30	contributed/v2.0/gnssro_cosmic1_jpl_l1b/2016/12/30/gnssro_cosmic1_jpl_l1b_v2.6_cosmic1c1-G31-201612302344.nc4	629792	0599ced37fd8bd59430717031ae4588a	33	7
2016-12	30	contributed/v2.0/gnssro_cosmic1_jpl_l1b/2016/12/30/gnssro_cosmic1_jpl_l1b_v2.6_cosmic1c6-G02-201612302139.nc4	911792	8912b49338b21fdeec5eb6ffa1e83220	33	9
2016-12	30	contributed/v2.0/gnssro_cosmic1_jpl_l1b/2016/12/30/gnssro_cosmic1_jpl_l1b_v2.6_cosmic1c6-G03-201612302207.nc4	755792	090a5d1b61891d9e294027e4ab2d143f	33	10
2016-12	30	contributed/v2.0/gnssro_cosmic1_jpl_l1b/2016/12/30/gnssro_cosmic1_jpl_l1b_v2.6_cosmic1c6-G06-201612302338.nc4	731792	d38119e288db86616fb75f3e85a93b28	33	12
2016-12	30	contributed/v2.0/gnssro_cosmic1_jpl_l1b/2016/12/30/gnssro_cosmic1_jpl_l1b_v2.6_cosmic1c6-G09-201612302345.nc4	731792	bee94ed3ef50937fdf205f83a04f5e50	33	14
2016-12	30	contributed/v2.0/gnssro_cosmic1_jpl_l1b/2016/12/30/gnssro_cosmic1_jpl_l1b_v2.6_cosmic1c6-G12-201612302321.nc4	551792	7de03a0d4e94362db80711ea2057555d	33	15
2016-12	30	contributed/v2.0/gnssro_cosmic1_jpl_l1b/2016/12/30/gnssro_cosmic1_jpl_l1b_v2.6_cosmic1c6-G13-201612302303.nc4	659792	d2ec6d62648ceb7a977f9e4d5e05157f	33	17
2016-12	30	contributed/v2.0/gnssro_cosmic1_jpl_l1b/2016/12/30/gnssro_cosmic1_jpl_l1b_v2.6_cosmic1c6-G16-201612302228.nc4	515792	1a14d800c99e62c2190a1ae94b550749	33	18
2016-12	30	contributed/v2.0/gnssro_cosmic1_jpl_l1b/2016/12/30/gnssro_cosmic1_jpl_l1b_v2.6_cosmic1c6-G18-201612302051.nc4	671792	3079efdfda394a08fca17f1960bcb644	33	20
2016-12	30	contributed/v2.0/gnssro_cosmic1_jpl_l1b/2016/12/30/gnssro_cosmic1_jpl_l1b_v2.6_cosmic1c6-G19-201612302149.nc4	551792	be938cf89fe3d63f00706347d75437aa	33	22
2016-12	30	contributed/v2.0/gnssro_cosmic1_jpl_l1b/2016/12/30/gnssro_cosmic1_jpl_l1b_v2.6_cosmic1c6-G20-201612302108.nc4	731792	1e22f2b312d71ef781edc2f58826c721	33	23
2016-12	30	contributed/v2.0/gnssro_cosmic1_jpl_l1b/2016/12/30/gnssro_cosmic1_jpl_l1b_v2.6_cosmic1c6-G22-201612302211.nc4	737792	75ea54260e5e24c12f5aab0d1bbae596	33	25
2016-12	30	contributed/v2.0/gnssro_cosmic1_jpl_l1b/2016/12/30/gnssro_cosmic1_jpl_l1b_v2.6_cosmic1c6-G26-201612302050.nc4	605792	28614e74ec72791a85e74e2111464e7a	33	27
2016-12	30	contributed/v2.0/gnssro_cosmic1_jpl_l1b/2016/12/30/gnssro_cosmic1_jpl_l1b_v2.6_cosmic1c6-G26-201612302223.nc4	563792	60f0148411669f0d250efa9be8b8ebcd	33	28
2016-12	30	contributed/v2.0/gnssro_cosmic1_jpl_l1b/2016/12/30/gnssro_cosmic1_jpl_l1b_v2.6_cosmic1c6-G28-201612302131.nc4	551792	729774d6cf3a003dbfe691a604fbda2e	33	30
2016-12	30	contributed/v2.0/gnssro_cosmic1_jpl_l1b/2016/12/30/gnssro_cosmic1_jpl_l1b_v2.6_cosmic1c6-G32-201612302223.nc4	911792	f41174502cdaf01a75fa3cb215b278f4	33	32
