path	size_bytes	git_blob_sha1	machine	operation	label	timeframe	run_index	rows	cols	container_dtype
data/M01/OP00/good/M01_Aug_2019_OP00_000.h5	1434336	ef68831dfa5823df9ce26fcaa772dbb8a01e0c09	M01	OP00	good	Aug_2019	000	268288	3	float64
data/M01/OP00/good/M01_Aug_2019_OP00_001.h5	1431844	29ee6ac947ae4ff917e04e729d809190f3916ddb	M01	OP00	good	Aug_2019	001	268288	3	float64
data/M01/OP00/good/M01_Aug_2019_OP00_003.h5	1415769	3e74d55f41b8b6400010d7affb6f1fa1bccd4f69	M01	OP00	good	Aug_2019	003	268288	3	float64
data/M01/OP00/good/M01_Aug_2019_OP00_004.h5	1387635	75a383904a31c16698376ee03926dad93b8df18f	M01	OP00	good	Aug_2019	004	264192	3	float64
data/M01/OP00/good/M01_Aug_2019_OP00_005.h5	1400339	5c00d8f5b878cdb1c718746a381f420429d2175d	M01	OP00	good	Aug_2019	005	268288	3	float64
data/M01/OP00/good/M01_Aug_2019_OP00_006.h5	1411205	ee9becc3b2cfcbeeaad47d04e81e437a715b589f	M01	OP00	good	Aug_2019	006	268288	3	float64
data/M01/OP00/good/M01_Aug_2019_OP00_007.h5	1409407	02078f214dd5e04cf71772b62adb425d3b04612e	M01	OP00	good	Aug_2019	007	269312	3	float64
data/M01/OP00/good/M01_Aug_2019_OP00_008.h5	1432246	e87c2627d5cbb6dc630be989cceffbfd91774868	M01	OP00	good	Aug_2019	008	268288	3	float64
data/M01/OP00/good/M01_Aug_2019_OP00_009.h5	1407855	e77dc7afc74f9f475b8ef310390d6b564198de12	M01	OP00	good	Aug_2019	009	263168	3	float64
data/M01/OP00/good/M01_Aug_2019_OP00_010.h5	1416706	586afdc9c56abc7afb58d0aab809bfe672955591	M01	OP00	good	Aug_2019	010	268288	3	float64
data/M01/OP00/good/M01_Aug_2019_OP00_011.h5	1400614	7bed70410c73f34806bbf88154badccde38ae916	M01	OP00	good	Aug_2019	011	268288	3	float64
data/M01/OP00/good/M01_Aug_2019_OP00_012.h5	1421694	0ffe4e59b73a6d5d405a54e60b59462fd7a3cdce	M01	OP00	good	Aug_2019	012	269312	3	float64
data/M01/OP00/good/M01_Aug_2019_OP00_013.h5	1424387	17b3c08e0ffde972180240e64faf194fbe5ca57f	M01	OP00	good	Aug_2019	013	268288	3	float64
data/M01/OP00/good/M01_Aug_2021_OP00_002.h5	1357568	0e8af56faaa6a0a780aa6711899ea2e30d06f5fa	M01	OP00	good	Aug_2021	002	268288	3	int64
data/M01/OP00/good/M01_Aug_2021_OP00_003.h5	1350775	3d9872d030bb3f5e0830fb7bd4397d8e49899381	M01	OP00	good	Aug_2021	003	269312	3	int64
data/M01/OP00/good/M01_Feb_2019_OP00_000.h5	1256527	04fb32f1b224f974a2a79aa2fe7f8665036fd59a	M01	OP00	good	Feb_2019	000	266400	3	float32
data/M01/OP00/good/M01_Feb_2019_OP00_001.h5	1261345	246eef927df0110bdda5b965c18bb145305cf71e	M01	OP00	good	Feb_2019	001	265200	3	float32
data/M01/OP00/good/M01_Feb_2019_OP00_002.h5	1260650	f2d44bc0a519737e3b64478ec44231df912d43de	M01	OP00	good	Feb_2019	002	266400	3	float32
data/M01/OP00/good/M01_Feb_2019_OP00_003.h5	1259892	0709105b5dccae0519a391e0aa10a7cf844d45be	M01	OP00	good	Feb_2019	003	264000	3	float32
data/M01/OP00/good/M01_Feb_2019_OP00_004.h5	1258296	d4d4cb2872f06388df7c67149b1eec8bbb03b847	M01	OP00	good	Feb_2019	004	265200	3	float32
data/M01/OP00/good/M01_Feb_2020_OP00_001.h5	1382171	d48e17b820184ff1fd7053ce9b57b78f09fc2399	M01	OP00	good	Feb_2020	001	273408	3	int64
data/M01/OP00/good/M01_Feb_2020_OP00_002.h5	1368875	f1ca20ccde9cfb4a1ade15cd69cb6216614954f4	M01	OP00	good	Feb_2020	002	271360	3	int64
data/M01/OP00/good/M01_Feb_2021_OP00_003.h5	1358219	f8792b2acb8c5a986619f219057f38bf1842c859	M01	OP00	good	Feb_2021	003	269312	3	int64
data/M01/OP00/good/M01_Feb_2021_OP00_004.h5	1336367	88ce761c39f43ff9ff6fb5ee2856c8c7e0359c52	M01	OP00	good	Feb_2021	004	267264	3	int64
data/M01/OP00/good/M01_Feb_2021_OP00_005.h5	1339770	f81cc4249ba52a7572c260503e7392d85a7e9cb2	M01	OP00	good	Feb_2021	005	267264	3	int64
data/M01/OP00/good/M01_Feb_2021_OP00_006.h5	1357102	9887a944f56ec75c8fcb1d9d2295496d2ac8e399	M01	OP00	good	Feb_2021	006	268288	3	int64
data/M01/OP00/good/M01_Feb_2021_OP00_007.h5	1360746	d811a3e262dee9402f1d85365e192bc76f76992d	M01	OP00	good	Feb_2021	007	270000	3	int64
data/M01/OP00/good/M01_Feb_2021_OP00_008.h5	1348501	b7bbd8c7a7b5dd4fb56e223225debc6e3ea8abf2	M01	OP00	good	Feb_2021	008	268288	3	int64
data/M01/OP00/good/M01_Feb_2021_OP00_009.h5	1347492	d67e2726500009ddbe3753c6b6fcaf0fcdb5eeb9	M01	OP00	good	Feb_2021	009	268288	3	int64
data/M01/OP01/bad/M01_Aug_2019_OP01_000.h5	215848	e21b495c977e1bd754a15b3c9aea159f01a42345	M01	OP01	bad	Aug_2019	000	38983	3	float32
data/M01/OP01/bad/M01_Feb_2019_OP01_000.h5	252057	93548db28898b899de94ef2725c951ad105ecf04	M01	OP01	bad	Feb_2019	000	47081	3	float32
data/M01/OP01/good/M01_Aug_2019_OP01_000.h5	341385	f2bc7cc2a7097ec5affe55dc123b46a36a250d50	M01	OP01	good	Aug_2019	000	60416	3	float64
data/M01/OP01/good/M01_Aug_2019_OP01_001.h5	336285	4a4f96825da174e93ffaf9bd00b3c6965fd8ed1d	M01	OP01	good	Aug_2019	001	59392	3	float64
data/M01/OP01/good/M01_Aug_2019_OP01_002.h5	321073	fda3bfc5f33322293f4ffc59cdab9fa4359a7501	M01	OP01	good	Aug_2019	002	55296	3	float64
data/M01/OP01/good/M01_Aug_2019_OP01_003.h5	334231	a1ecde49d895c9ea7b02afe98ec97e60dd6f780c	M01	OP01	good	Aug_2019	003	59392	3	float64
data/M01/OP01/good/M01_Aug_2019_OP01_004.h5	337758	910ab2bd09cbde2de12f0be06584dccc382d25bd	M01	OP01	good	Aug_2019	004	60416	3	float64
data/M01/OP01/good/M01_Aug_2019_OP01_005.h5	337248	ef90ddb241a49a78f74bf0d02eb603ccb561364e	M01	OP01	good	Aug_2019	005	60416	3	float64
data/M01/OP01/good/M01_Aug_2019_OP01_006.h5	338714	cca780a578036c8317d501f528d1160324558777	M01	OP01	good	Aug_2019	006	59392	3	float64
data/M01/OP01/good/M01_Aug_2019_OP01_007.h5	368693	e4f15fd2d665cc25887cf8b9cf064c1c2d3af60a	M01	OP01	good	Aug_2019	007	64512	3	float64
data/M01/OP01/good/M01_Aug_2019_OP01_008.h5	334872	13c94791a9d38ccdd06259408e52b82657e9d3b7	M01	OP01	good	Aug_2019	008	59392	3	float64
data/M01/OP01/good/M01_Aug_2019_OP01_009.h5	334880	b267c2fa5acce3c5dc62c28d08f625c6f6698d28	M01	OP01	good	Aug_2019	009	59392	3	float64
data/M01/OP01/good/M01_Aug_2019_OP01_010.h5	337449	4071d7f6bcd3d2cf1a821cbd6480d41319038779	M01	OP01	good	Aug_2019	010	60416	3	float64
data/M01/OP01/good/M01_Aug_2019_OP01_011.h5	338327	cf7e087a036462a038eb334d90909184bd1f7852	M01	OP01	good	Aug_2019	011	60416	3	float64
data/M01/OP01/good/M01_Aug_2019_OP01_012.h5	335722	29b848df519407d7f530810ad0c02559c9912b57	M01	OP01	good	Aug_2019	012	59392	3	float64
data/M01/OP01/good/M01_Aug_2019_OP01_013.h5	338020	a55954c96509ec15da3e774cc6deeb81f092f151	M01	OP01	good	Aug_2019	013	59392	3	float64
data/M01/OP01/good/M01_Feb_2019_OP01_000.h5	288715	c8e6d756ebd60ac53689c9fa1182730270eb4de1	M01	OP01	good	Feb_2019	000	58800	3	float32
data/M01/OP01/good/M01_Feb_2019_OP01_001.h5	289197	79ea961651798176771d3c95ebc2f9de1db1e524	M01	OP01	good	Feb_2019	001	58800	3	float32
data/M01/OP01/good/M01_Feb_2019_OP01_002.h5	289029	a7d4a06e08e7a034d1dae78697583a5cc5fbeb71	M01	OP01	good	Feb_2019	002	58800	3	float32
data/M01/OP01/good/M01_Feb_2019_OP01_003.h5	278746	0652342878fa1a47cd117272d7981cf18ea7e758	M01	OP01	good	Feb_2019	003	56400	3	float32
data/M01/OP01/good/M01_Feb_2019_OP01_004.h5	291573	80b7f30955743caaa5e7538a9c4ed7ce91705e83	M01	OP01	good	Feb_2019	004	60000	3	float32
data/M01/OP01/good/M01_Feb_2020_OP01_000.h5	339353	11ad67c80fae02ddb99666b68068509d79fd7f78	M01	OP01	good	Feb_2020	000	66560	3	int64
data/M01/OP01/good/M01_Feb_2020_OP01_001.h5	302868	6dd7e9e8551aa460b16b187c07c2017ebd10c3b6	M01	OP01	good	Feb_2020	001	55296	3	int64
data/M01/OP01/good/M01_Feb_2020_OP01_002.h5	320835	0df6905d30e067c9b93edc94e454cd36aaf7ce44	M01	OP01	good	Feb_2020	002	60416	3	int64
data/M01/OP01/good/M01_Feb_2020_OP01_003.h5	318762	6939bc162163615eae8bcf92664597447171ccd9	M01	OP01	good	Feb_2020	003	59392	3	int64
data/M01/OP01/good/M01_Feb_2021_OP01_000.h5	308171	f43822c8139c3e9e56c3db10233dd9e8a0b1089a	M01	OP01	good	Feb_2021	000	58368	3	int64
data/M01/OP01/good/M01_Feb_2021_OP01_001.h5	294075	b756866d27e16f036813ac6f03a4d12d26f762e5	M01	OP01	good	Feb_2021	001	54272	3	int64
data/M01/OP01/good/M01_Feb_2021_OP01_002.h5	300509	c10d3a7bf14ba83bc77c1b3b81c11237dc24fe89	M01	OP01	good	Feb_2021	002	56320	3	int64
data/M01/OP01/good/M01_Feb_2021_OP01_003.h5	313426	97ab55e6a64295cddc1677a36f1203403bd3c862	M01	OP01	good	Feb_2021	003	60416	3	int64
data/M01/OP01/good/M01_Feb_2021_OP01_004.h5	311295	9426e21bde5480e372c326f197cc4ed695ab4fd4	M01	OP01	good	Feb_2021	004	59392	3	int64
data/M01/OP01/good/M01_Feb_2021_OP01_005.h5	314535	63a98837877c821922706d966cb2beea656771d1	M01	OP01	good	Feb_2021	005	60416	3	int64
data/M01/OP01/good/M01_Feb_2021_OP01_006.h5	297113	452cca66ecf7caae6a432a5903ece921c9f151cf	M01	OP01	good	Feb_2021	006	55296	3	int64
data/M01/OP01/good/M01_Feb_2021_OP01_007.h5	311789	b5a0f1a4b7e6574797ad56911cdd28bd3e8bd516	M01	OP01	good	Feb_2021	007	59392	3	int64
data/M01/OP01/good/M01_Feb_2021_OP01_008.h5	312077	cc9105a43883f2bca5fbe02cbf654719aa92c646	M01	OP01	good	Feb_2021	008	59392	3	int64
data/M01/OP01/good/M01_Feb_2021_OP01_009.h5	311627	953d0e28bc0b929e3ff8bd807c747ed1fcbb6bc8	M01	OP01	good	Feb_2021	009	59392	3	int64
data/M01/OP01/good/M01_Feb_2021_OP01_010.h5	313326	9a826ffef352fe3fb04fdbcaff6b7459f008aabb	M01	OP01	good	Feb_2021	010	59392	3	int64
data/M01/OP01/good/M01_Feb_2021_OP01_011.h5	292566	e1e3e25ae185c7db838f66a2db2db52f3dc7c2ce	M01	OP01	good	Feb_2021	011	54272	3	int64
data/M01/OP01/good/M01_Feb_2021_OP01_012.h5	316588	a5d94be0e4e09c5a9c00382daa654a6192a7cc4a	M01	OP01	good	Feb_2021	012	60416	3	int64
data/M01/OP01/good/M01_Feb_2021_OP01_013.h5	321285	0039a137d3ec8c0745fb265cf8cebda2587284c3	M01	OP01	good	Feb_2021	013	62500	3	int64
data/M01/OP01/good/M01_Feb_2021_OP01_014.h5	311538	2cfcfa37663bae35bef2a0b35ee45700e2746448	M01	OP01	good	Feb_2021	014	59392	3	int64
data/M01/OP02/bad/M01_Feb_2019_OP02_000.h5	390277	34b7e1f8cf3a7f885cd895746ff9d58d1e445e40	M01	OP02	bad	Feb_2019	000	71711	3	float32
data/M01/OP02/good/M01_Aug_2019_OP02_000.h5	512575	bb78c88caf05b8fda76edc9295e770353eab4676	M01	OP02	good	Aug_2019	000	93184	3	float64
data/M01/OP02/good/M01_Aug_2019_OP02_001.h5	519969	3b6874472ac935a2c3e19b0a00dea7082f26c2cd	M01	OP02	good	Aug_2019	001	94208	3	float64
data/M01/OP02/good/M01_Aug_2019_OP02_002.h5	490518	f2870e400807a78e31bd4b2d1888591bb199228b	M01	OP02	good	Aug_2019	002	89088	3	float64
data/M01/OP02/good/M01_Aug_2019_OP02_003.h5	489186	496b5392ece761aa9180a26068f8ff11f79950a9	M01	OP02	good	Aug_2019	003	88064	3	float64
data/M01/OP02/good/M01_Aug_2019_OP02_004.h5	503925	cd4d79b4600c4946f2c555bca9a5f25283c848a8	M01	OP02	good	Aug_2019	004	91136	3	float64
data/M01/OP02/good/M01_Aug_2019_OP02_005.h5	540893	36bfab0f50fa861b941cbb1f4452266065927973	M01	OP02	good	Aug_2019	005	98304	3	float64
data/M01/OP02/good/M01_Aug_2019_OP02_006.h5	520400	7526190f930fae7a8b83a0194a4eed04908f558a	M01	OP02	good	Aug_2019	006	95232	3	float64
data/M01/OP02/good/M01_Aug_2019_OP02_007.h5	518580	863dba884e4019935c7144618e9d876513a75713	M01	OP02	good	Aug_2019	007	94208	3	float64
data/M01/OP02/good/M01_Aug_2019_OP02_008.h5	518187	a79a7e2f1996dd879c15d7647b34856706a58fc2	M01	OP02	good	Aug_2019	008	95232	3	float64
data/M01/OP02/good/M01_Aug_2019_OP02_009.h5	490340	218ef30c1499bba917166d2873a2cee175d7849f	M01	OP02	good	Aug_2019	009	88064	3	float64
data/M01/OP02/good/M01_Aug_2019_OP02_010.h5	499072	1e84ce508bb37f580c895cde036b34d586d62e38	M01	OP02	good	Aug_2019	010	91136	3	float64
data/M01/OP02/good/M01_Aug_2019_OP02_011.h5	491306	8cddbeb4abbcabd4d17f75459c7069fd44dfbe75	M01	OP02	good	Aug_2019	011	89088	3	float64
data/M01/OP02/good/M01_Aug_2019_OP02_012.h5	495680	9c68c792097e1cef505739fdbbba31e41d5128a0	M01	OP02	good	Aug_2019	012	90112	3	float64
data/M01/OP02/good/M01_Aug_2019_OP02_013.h5	517305	b4eff0cbeb4e08571274325d85f35387a54d92a0	M01	OP02	good	Aug_2019	013	94208	3	float64
data/M01/OP02/good/M01_Aug_2019_OP02_014.h5	488413	266ed70bc800caebdd4ce859ea8a54c0e333822d	M01	OP02	good	Aug_2019	014	89088	3	float64
data/M01/OP02/good/M01_Aug_2019_OP02_015.h5	490402	12db1fd34f66cb5bfc3870662119a7e62c929483	M01	OP02	good	Aug_2019	015	89088	3	float64
data/M01/OP02/good/M01_Aug_2021_OP02_000.h5	444619	b37823b9c58c5a2615d49e5fbf435079581cef2f	M01	OP02	good	Aug_2021	000	89088	3	int64
data/M01/OP02/good/M01_Aug_2021_OP02_001.h5	449861	e904ea8fd8f100e1dcb207e812c947c7edb07e61	M01	OP02	good	Aug_2021	001	90112	3	int64
data/M01/OP02/good/M01_Aug_2021_OP02_002.h5	440474	c3e496b38fe91e37dbf2599c80b7d63d0bcdb42f	M01	OP02	good	Aug_2021	002	88064	3	int64
data/M01/OP02/good/M01_Aug_2021_OP02_003.h5	487980	03d9e1e94ea422288b66798ee6fee47cf19f131a	M01	OP02	good	Aug_2021	003	86000	3	float64
data/M01/OP02/good/M01_Aug_2021_OP02_004.h5	489726	132cf04a2a73b2f4ae661c7dbd0ca2f7d77daa8d	M01	OP02	good	Aug_2021	004	88000	3	float64
data/M01/OP02/good/M01_Feb_2019_OP02_000.h5	411183	db477ecfa82894f4eedae472dde16e2f56029d5e	M01	OP02	good	Feb_2019	000	85200	3	float32
data/M01/OP02/good/M01_Feb_2019_OP02_001.h5	423011	4508c075631cfae7754d3f94f5822c21fa9f6bbb	M01	OP02	good	Feb_2019	001	87600	3	float32
data/M01/OP02/good/M01_Feb_2019_OP02_002.h5	412977	9be75270892de42361a5e583e73f46061e1bb99e	M01	OP02	good	Feb_2019	002	86400	3	float32
data/M01/OP02/good/M01_Feb_2019_OP02_003.h5	427660	f39c68d1a6bf4bd40a23ecda1fc06204a585d0f2	M01	OP02	good	Feb_2019	003	88800	3	float32
data/M01/OP02/good/M01_Feb_2019_OP02_004.h5	425565	93449998e184f9b7fc74f44c0c9d18b6be93f431	M01	OP02	good	Feb_2019	004	87600	3	float32
data/M01/OP02/good/M01_Feb_2020_OP02_000.h5	481475	bce5a550a8d61d61b25e9bbb5fd91159e175b97a	M01	OP02	good	Feb_2020	000	92160	3	int64
data/M01/OP02/good/M01_Feb_2020_OP02_001.h5	498325	954e2f9c600d4cc1b0eabab74af0e86c8cf276fb	M01	OP02	good	Feb_2020	001	95232	3	int64
data/M01/OP02/good/M01_Feb_2020_OP02_002.h5	475873	bdee71680c513e003581b7b81fbe277176348642	M01	OP02	good	Feb_2020	002	91136	3	int64
data/M01/OP02/good/M01_Feb_2020_OP02_003.h5	470511	0a402b551cd6659358afb8d8615cc75ab45b1e1e	M01	OP02	good	Feb_2020	003	89088	3	int64
data/M01/OP02/good/M01_Feb_2021_OP02_000.h5	443861	af93bebba93026cca110bd40e3d8b74b1253ae3d	M01	OP02	good	Feb_2021	000	89088	3	int64
data/M01/OP02/good/M01_Feb_2021_OP02_001.h5	438352	068e9f8a52b47aba3220427df004439f17bdf6b9	M01	OP02	good	Feb_2021	001	88064	3	int64
data/M01/OP02/good/M01_Feb_2021_OP02_002.h5	443152	fdc708bf0d2a12812d8a490cb57cd9653c4ca6cf	M01	OP02	good	Feb_2021	002	88064	3	int64
data/M01/OP02/good/M01_Feb_2021_OP02_003.h5	441313	40fb481f1d73a7d906e85b6bb3e29c7366fb2c49	M01	OP02	good	Feb_2021	003	88064	3	int64
data/M01/OP02/good/M01_Feb_2021_OP02_004.h5	440267	3f32d8058359407edfe4587ddf8d04ca06e653cb	M01	OP02	good	Feb_2021	004	88064	3	int64
data/M01/OP02/good/M01_Feb_2021_OP02_005.h5	439629	715cc6e680bfd84270ecceccb4bf8ab2caabf30b	M01	OP02	good	Feb_2021	005	88064	3	int64
data/M01/OP02/good/M01_Feb_2021_OP02_006.h5	441750	209ab81d7b693cd14e6e55ed3387d189d63207fd	M01	OP02	good	Feb_2021	006	88064	3	int64
data/M01/OP02/good/M01_Feb_2021_OP02_007.h5	441289	c7f4c306b8ec1bafc6881973225a8efa339d4e3a	M01	OP02	good	Feb_2021	007	88064	3	int64
data/M01/OP02/good/M01_Feb_2021_OP02_008.h5	444906	a991b60745f836ec4876967f22e7ba034d4738ab	M01	OP02	good	Feb_2021	008	90000	3	int64
data/M01/OP02/good/M01_Feb_2021_OP02_009.h5	423694	2c48324706fb7421b9de7d67dcd019b0976f70ef	M01	OP02	good	Feb_2021	009	83968	3	int64
data/M01/OP02/good/M01_Feb_2021_OP02_010.h5	445790	23adb909944bdb8fca012fcee99e90f80004be18	M01	OP02	good	Feb_2021	010	89088	3	int64
data/M01/OP02/good/M01_Feb_2021_OP02_011.h5	437565	8231868af70acdd1dcd028130f2c8a045781ee5b	M01	OP02	good	Feb_2021	011	88064	3	int64
data/M01/OP02/good/M01_Feb_2021_OP02_012.h5	439721	44d2c8fed3b2d658afd5431d964118cbba0e45f5	M01	OP02	good	Feb_2021	012	88064	3	int64
data/M01/OP02/good/M01_Feb_2021_OP02_013.h5	438693	0226a6b9693a2103431530255735ce57550fa0b9	M01	OP02	good	Feb_2021	013	89088	3	int64
data/M01/OP02/good/M01_Feb_2021_OP02_014.h5	439127	d2efd3a72bf673696db3e75e4ecd4408ba08f4fe	M01	OP02	good	Feb_2021	014	89088	3	int64
data/M01/OP03/bad/M01_Aug_2019_OP03_000.h5	727826	8df808740da534a276d6d2eb4a48951cb5f214f8	M01	OP03	bad	Aug_2019	000	139653	3	float32
data/M01/OP03/good/M01_Aug_2019_OP03_000.h5	972791	124f0d8b1e4dfc7b4fb842d8f478efc815788954	M01	OP03	good	Aug_2019	000	177152	3	float64
data/M01/OP03/good/M01_Aug_2019_OP03_001.h5	969525	834cc61bb77ee30e8e4b53fed4b322d6d80beeed	M01	OP03	good	Aug_2019	001	176128	3	float64
data/M01/OP03/good/M01_Aug_2019_OP03_002.h5	984595	d4cda24817a64a5d61a9e41537462806d77b9061	M01	OP03	good	Aug_2019	002	178176	3	float64
data/M01/OP03/good/M01_Aug_2019_OP03_003.h5	964381	faabcb26f472921471b667d4bcf64b67c4270ddc	M01	OP03	good	Aug_2019	003	177152	3	float64
data/M01/OP03/good/M01_Aug_2019_OP03_004.h5	967942	015ebd96513360beacacc637b872f7d613bb3f26	M01	OP03	good	Aug_2019	004	177152	3	float64
data/M01/OP03/good/M01_Aug_2019_OP03_005.h5	967801	2d570f3a2d3a030fa7663d51f375b8dcb0ce294a	M01	OP03	good	Aug_2019	005	177152	3	float64
data/M01/OP03/good/M01_Aug_2019_OP03_006.h5	1019496	11fb8dbcecebb6a8700467ac4728f1f5b1ac4455	M01	OP03	good	Aug_2019	006	177152	3	float64
data/M01/OP03/good/M01_Aug_2019_OP03_007.h5	971693	dd0fba893f7ce4f9654f0cc2d00ecc628f7b9f69	M01	OP03	good	Aug_2019	007	178176	3	float64
data/M01/OP03/good/M01_Aug_2019_OP03_008.h5	972810	87983367c73af3bf200af0a8012a43dc30d55e51	M01	OP03	good	Aug_2019	008	178176	3	float64
data/M01/OP03/good/M01_Aug_2019_OP03_009.h5	973626	0dab0809b6bb43aede0cccc1e975cfb54e6984ed	M01	OP03	good	Aug_2019	009	178176	3	float64
data/M01/OP03/good/M01_Aug_2019_OP03_010.h5	973192	31580eb3824d5a15983cb08ddebb2831a1af4e53	M01	OP03	good	Aug_2019	010	178176	3	float64
data/M01/OP03/good/M01_Aug_2019_OP03_011.h5	971775	fba9ac55af98f38ce86b0441ee61ee02362990ba	M01	OP03	good	Aug_2019	011	177152	3	float64
data/M01/OP03/good/M01_Aug_2019_OP03_012.h5	971414	1d39827f448df3875ddeba825c13f095ec5465a2	M01	OP03	good	Aug_2019	012	176128	3	float64
data/M01/OP03/good/M01_Aug_2019_OP03_013.h5	909118	0adf14fb0f08372b1106d80ff3c4113448de73ac	M01	OP03	good	Aug_2019	013	164864	3	float64
data/M01/OP03/good/M01_Feb_2019_OP03_000.h5	784845	367ac668bed68d613cb9efe64bde7c36e5e6c13c	M01	OP03	good	Feb_2019	000	162000	3	float32
data/M01/OP03/good/M01_Feb_2019_OP03_001.h5	784313	868d48d4431a4fa29ded52986aba9baec699f3d6	M01	OP03	good	Feb_2019	001	162000	3	float32
data/M01/OP03/good/M01_Feb_2019_OP03_002.h5	764695	023591e4f01c5fca7c86590a1d8c5b4c0a94c713	M01	OP03	good	Feb_2019	002	156000	3	float32
data/M01/OP03/good/M01_Feb_2020_OP03_000.h5	935584	fb28a565fb618167060b8519e8013195e53cf688	M01	OP03	good	Feb_2020	000	179200	3	int64
data/M01/OP03/good/M01_Feb_2020_OP03_001.h5	933351	4c695fb66289283a8b5ac2313fa4b36e18570539	M01	OP03	good	Feb_2020	001	178176	3	int64
data/M01/OP03/good/M01_Feb_2020_OP03_002.h5	933081	678eb6406c633a6fd4bce30685f1757f4aee72b7	M01	OP03	good	Feb_2020	002	178176	3	int64
data/M01/OP03/good/M01_Feb_2020_OP03_003.h5	939782	9ef98825505476832840605d3eecef0e76c97868	M01	OP03	good	Feb_2020	003	179200	3	int64
data/M01/OP03/good/M01_Feb_2021_OP03_002.h5	894655	5afe7a96c8484a3ccd2c475b5a1786f5a380f16e	M01	OP03	good	Feb_2021	002	178176	3	int64
data/M01/OP03/good/M01_Feb_2021_OP03_003.h5	891664	c59540a20a1420a5dfda11d60d4f4be1ccf857f7	M01	OP03	good	Feb_2021	003	178176	3	int64
data/M01/OP03/good/M01_Feb_2021_OP03_004.h5	899754	a10decd56dd67c8775aa3b94fa645c2e7da008a3	M01	OP03	good	Feb_2021	004	179200	3	int64
data/M01/OP03/good/M01_Feb_2021_OP03_005.h5	894173	2f4f87e803bf0b9f293edb0ae3d67b77c3015089	M01	OP03	good	Feb_2021	005	177152	3	int64
data/M01/OP03/good/M01_Feb_2021_OP03_006.h5	809420	f47d1a4c377bc89b0b2c3b2b2316a904cc2fd7ff	M01	OP03	good	Feb_2021	006	158720	3	int64
data/M01/OP03/good/M01_Feb_2021_OP03_007.h5	808497	af02ada1431125699e9b0bd1571c5724580a1631	M01	OP03	good	Feb_2021	007	158720	3	int64
data/M01/OP04/bad/M01_Aug_2019_OP04_000.h5	372880	35166f23b51794fe13077c98db8de8a0a8cf92f8	M01	OP04	bad	Aug_2019	000	67730	3	float32
data/M01/OP04/bad/M01_Feb_2019_OP04_000.h5	668796	02380c40f7bac9870c61fa489ca682940ddbec4b	M01	OP04	bad	Feb_2019	000	124781	3	float32
data/M01/OP04/good/M01_Aug_2019_OP04_000.h5	761267	44eeb0c509d964c734729efb0f49ab48291706fb	M01	OP04	good	Aug_2019	000	138240	3	float64
data/M01/OP04/good/M01_Aug_2019_OP04_001.h5	760797	138622af1b1cd62efa003ae2b046ef7b060ddfe5	M01	OP04	good	Aug_2019	001	138240	3	float64
data/M01/OP04/good/M01_Aug_2019_OP04_002.h5	755689	e647eda6f853ba9fa7f187b78af5c31dda10522f	M01	OP04	good	Aug_2019	002	137216	3	float64
data/M01/OP04/good/M01_Aug_2019_OP04_003.h5	754698	5fd37d2851c419a3f7d9bbc41b1826f4e4801f29	M01	OP04	good	Aug_2019	003	137216	3	float64
data/M01/OP04/good/M01_Aug_2019_OP04_004.h5	753198	5e805384e69beab9e98df92c48159a2b777e405a	M01	OP04	good	Aug_2019	004	137216	3	float64
data/M01/OP04/good/M01_Aug_2019_OP04_005.h5	752784	ad424289aaa2dd72292a9051dd2e7bca231994e7	M01	OP04	good	Aug_2019	005	137216	3	float64
data/M01/OP04/good/M01_Aug_2019_OP04_006.h5	554144	40dc4a6ee4ea0c8240feeeaf222f587a8bc03c80	M01	OP04	good	Aug_2019	006	99328	3	float64
data/M01/OP04/good/M01_Aug_2019_OP04_007.h5	761824	7d2dbe06db0b5d6cefec8ffffb856eec7c7a68f6	M01	OP04	good	Aug_2019	007	138240	3	float64
data/M01/OP04/good/M01_Aug_2019_OP04_008.h5	561861	3d882de76bc56057571448886ef4c3543b62794a	M01	OP04	good	Aug_2019	008	99328	3	float64
data/M01/OP04/good/M01_Aug_2019_OP04_009.h5	758482	93bb81aa04be592776d49b5931c99ceb8a34c41f	M01	OP04	good	Aug_2019	009	138240	3	float64
data/M01/OP04/good/M01_Aug_2019_OP04_010.h5	757661	49185950c75ba0fb1ba04d8cd2f066b5b063728e	M01	OP04	good	Aug_2019	010	138240	3	float64
data/M01/OP04/good/M01_Aug_2019_OP04_011.h5	753371	c35be8f552bcac0e9e918265b27d6ddfb262ce10	M01	OP04	good	Aug_2019	011	137216	3	float64
data/M01/OP04/good/M01_Aug_2019_OP04_012.h5	754264	966aac73570356b0bc1335dcb2daaf5357b165d8	M01	OP04	good	Aug_2019	012	137216	3	float64
data/M01/OP04/good/M01_Aug_2019_OP04_013.h5	755566	c2d5532de409b9ccd99caafbac4b67385d56ed08	M01	OP04	good	Aug_2019	013	137216	3	float64
data/M01/OP04/good/M01_Aug_2019_OP04_014.h5	757687	761cbe43ce067d4dfee149defb615d357bea69c5	M01	OP04	good	Aug_2019	014	137216	3	float64
data/M01/OP04/good/M01_Aug_2021_OP04_000.h5	716085	367626994af915d791a8b50164f14a07b9bf145c	M01	OP04	good	Aug_2021	000	137216	3	int64
data/M01/OP04/good/M01_Aug_2021_OP04_001.h5	717977	465860f19385daac60c18727417d134f1b1e5219	M01	OP04	good	Aug_2021	001	137216	3	int64
data/M01/OP04/good/M01_Feb_2019_OP04_000.h5	690459	4eec846efa6494a7b69be17fae54ff8e8eeb3c17	M01	OP04	good	Feb_2019	000	138000	3	float32
data/M01/OP04/good/M01_Feb_2019_OP04_001.h5	683044	277586a884a6615a1a430426b5e626165d9bfcc3	M01	OP04	good	Feb_2019	001	135600	3	float32
data/M01/OP04/good/M01_Feb_2019_OP04_002.h5	683292	bc78ef6ddf164f9f7c71416871ce516ef34027b2	M01	OP04	good	Feb_2019	002	135600	3	float32
data/M01/OP04/good/M01_Feb_2019_OP04_003.h5	674292	aa78bc62eec783386aa99c1a25349b85d5a12cdc	M01	OP04	good	Feb_2019	003	133200	3	float32
data/M01/OP04/good/M01_Feb_2019_OP04_004.h5	683977	e98355061bce62d0327cc0e41b3a25e4312543a4	M01	OP04	good	Feb_2019	004	135600	3	float32
data/M01/OP04/good/M01_Feb_2021_OP04_000.h5	706046	9784a47ca34c897c3cfdc277ea554d6c6aab35d3	M01	OP04	good	Feb_2021	000	137392	3	int64
data/M01/OP04/good/M01_Feb_2021_OP04_001.h5	705009	db0d1e9b7f5e8243b202779f5a3ade9f36e645b0	M01	OP04	good	Feb_2021	001	136192	3	int64
data/M01/OP04/good/M01_Feb_2021_OP04_002.h5	699944	2b3094bacb9e898463c2548e52e56394807ec512	M01	OP04	good	Feb_2021	002	136192	3	int64
data/M01/OP04/good/M01_Feb_2021_OP04_003.h5	741616	060302066e1720e36fcddb66afea9541abc720ea	M01	OP04	good	Feb_2021	003	140000	3	int64
data/M01/OP04/good/M01_Feb_2021_OP04_004.h5	746884	5b97edc453830f63f498b34d99333a818164429a	M01	OP04	good	Feb_2021	004	140000	3	int64
data/M01/OP04/good/M01_Feb_2021_OP04_005.h5	708434	e5296bff4b7226f9fd89a5aeeb02badab19c746b	M01	OP04	good	Feb_2021	005	137216	3	int64
data/M01/OP04/good/M01_Feb_2021_OP04_006.h5	707200	3698327c1d105dc6600782b927430920b6d867c2	M01	OP04	good	Feb_2021	006	137216	3	int64
data/M01/OP04/good/M01_Feb_2021_OP04_007.h5	706856	c66395d0a4ef3c1b0811c74cb599c435784c82f5	M01	OP04	good	Feb_2021	007	137216	3	int64
data/M01/OP04/good/M01_Feb_2021_OP04_008.h5	705572	d9227647d376742e6e99efc72d72ac85e2ae146e	M01	OP04	good	Feb_2021	008	137216	3	int64
data/M01/OP04/good/M01_Feb_2021_OP04_009.h5	707096	c079fc74bcab5286b9d8d7dfdab9a3b0fdb9ae9c	M01	OP04	good	Feb_2021	009	137216	3	int64
data/M01/OP04/good/M01_Feb_2021_OP04_010.h5	705363	ef79f3b57e24ba9bd66f293752e5c6c624e51045	M01	OP04	good	Feb_2021	010	136192	3	int64
data/M01/OP04/good/M01_Feb_2021_OP04_011.h5	705397	0a7071b0844ddde1e4440ce904d170095149c3db	M01	OP04	good	Feb_2021	011	137216	3	int64
data/M01/OP05/bad/M01_Aug_2019_OP05_000.h5	133628	46368c194adaa7bdbe16b799a0724baed0baf862	M01	OP05	bad	Aug_2019	000	26793	3	float32
data/M01/OP05/bad/M01_Feb_2019_OP05_000.h5	146751	ef257f3845c9e9776ac97ac0f2915587b389adf3	M01	OP05	bad	Feb_2019	000	29831	3	float32
data/M01/OP05/bad/M01_Feb_2019_OP05_001.h5	145300	811b007bb45f4001c79e32f7e65b3a4e51552876	M01	OP05	bad	Feb_2019	001	29621	3	float32
data/M01/OP05/bad/M01_Feb_2021_OP05_000.h5	158816	830ac0d1af4012585f14ef5f6f0b59a5b438d074	M01	OP05	bad	Feb_2021	000	30000	3	int64
data/M01/OP05/good/M01_Aug_2019_OP05_000.h5	221736	91c08899f7230b12d75233b95bf139b1ba9a015c	M01	OP05	good	Aug_2019	000	46080	3	float64
data/M01/OP05/good/M01_Aug_2019_OP05_001.h5	219757	ef4140299205a273b50e55c203bf3d1442a5ee29	M01	OP05	good	Aug_2019	001	41984	3	float64
data/M01/OP05/good/M01_Aug_2019_OP05_002.h5	238250	37f776f59e7c0147ecee12890410ee44d27bb52d	M01	OP05	good	Aug_2019	002	47104	3	float64
data/M01/OP05/good/M01_Aug_2019_OP05_003.h5	225531	2f3275053e7cd3660326199fa27e81674c6689a9	M01	OP05	good	Aug_2019	003	43008	3	float64
data/M01/OP05/good/M01_Aug_2019_OP05_004.h5	236159	1b1a26840311a95363e7857513cc7e119983548c	M01	OP05	good	Aug_2019	004	46080	3	float64
data/M01/OP05/good/M01_Aug_2019_OP05_005.h5	238404	b64f2c9417174441fb0b275addb4c03347d8c495	M01	OP05	good	Aug_2019	005	45056	3	float64
data/M01/OP05/good/M01_Aug_2019_OP05_006.h5	208934	6ea2dbc95ec77af0b0e6af3c30017b14193088e9	M01	OP05	good	Aug_2019	006	41984	3	float64
data/M01/OP05/good/M01_Aug_2019_OP05_007.h5	209210	1aa426b6147c7c57f68f9858a99dd558bbf8b78e	M01	OP05	good	Aug_2019	007	41984	3	float64
data/M01/OP05/good/M01_Aug_2019_OP05_008.h5	240728	c94eb0720b62e468ab5f40463296ee895256a1be	M01	OP05	good	Aug_2019	008	47104	3	float64
data/M01/OP05/good/M01_Aug_2019_OP05_009.h5	208343	8bcc8240943ea61d1e6ea8955bce8d4537f3349a	M01	OP05	good	Aug_2019	009	41984	3	float64
data/M01/OP05/good/M01_Aug_2019_OP05_010.h5	211703	18acd2622ead4a51897151a5dd8cd7c4e22303da	M01	OP05	good	Aug_2019	010	41984	3	float64
data/M01/OP05/good/M01_Aug_2019_OP05_011.h5	233694	b5444a514f239dd4db8428abcc935e9d4bdbc082	M01	OP05	good	Aug_2019	011	46080	3	float64
data/M01/OP05/good/M01_Aug_2019_OP05_012.h5	204989	f97491e908a4720f4550120f96af1e50e1c6f947	M01	OP05	good	Aug_2019	012	37888	3	float64
data/M01/OP05/good/M01_Aug_2019_OP05_013.h5	224515	0e085018cafd2cc335af053e9338d7dc231fd4fb	M01	OP05	good	Aug_2019	013	43008	3	float64
data/M01/OP05/good/M01_Aug_2019_OP05_014.h5	219339	a33ebcf68b58b578b3daf4ebc9a3316aaa5adfd6	M01	OP05	good	Aug_2019	014	41984	3	float64
data/M01/OP05/good/M01_Aug_2019_OP05_015.h5	238337	880db70820e4b098c3134a386067b7fc5bf1b4f3	M01	OP05	good	Aug_2019	015	47104	3	float64
data/M01/OP05/good/M01_Aug_2021_OP05_000.h5	203298	91eef04c89dca8e00f7226675f937e24286866ee	M01	OP05	good	Aug_2021	000	41984	3	int64
data/M01/OP05/good/M01_Aug_2021_OP05_001.h5	195506	b329671b0627458753c9b2cdce3e554c2485010e	M01	OP05	good	Aug_2021	001	39936	3	int64
data/M01/OP05/good/M01_Feb_2019_OP05_000.h5	187231	da9ff8bf9a588e2bb9592988f1657668b89b9891	M01	OP05	good	Feb_2019	000	40800	3	float32
data/M01/OP05/good/M01_Feb_2019_OP05_001.h5	189811	73f8a2830199354f71cb43d5bce7adce50359ce2	M01	OP05	good	Feb_2019	001	40800	3	float32
data/M01/OP05/good/M01_Feb_2019_OP05_002.h5	181501	12383c9e5ef2ee38cc0256b768eb041d62815bba	M01	OP05	good	Feb_2019	002	39600	3	float32
data/M01/OP05/good/M01_Feb_2020_OP05_000.h5	202020	cbef57576f25324d66dc0d4c0c652400dac7a9e2	M01	OP05	good	Feb_2020	000	41984	3	int64
data/M01/OP05/good/M01_Feb_2020_OP05_001.h5	199330	3efeb2043b7044f2ecb6f28d35a044d15cb83180	M01	OP05	good	Feb_2020	001	40960	3	int64
data/M01/OP05/good/M01_Feb_2020_OP05_002.h5	202038	f5b896d4c0bdda72e79d4e665f98384951834268	M01	OP05	good	Feb_2020	002	41984	3	int64
data/M01/OP05/good/M01_Feb_2020_OP05_003.h5	202518	692ed39a38de136c2c66f7ce89e4836435d62b21	M01	OP05	good	Feb_2020	003	41984	3	int64
data/M01/OP05/good/M01_Feb_2021_OP05_000.h5	195163	2be5dffd496edd42a5c20cd20bb39b5b4953e7cb	M01	OP05	good	Feb_2021	000	41984	3	int64
data/M01/OP05/good/M01_Feb_2021_OP05_001.h5	196439	14549346eb638e33aaa16762c09fc7750c778568	M01	OP05	good	Feb_2021	001	41984	3	int64
data/M01/OP05/good/M01_Feb_2021_OP05_002.h5	190321	c71ffc7e9e76b78f666e64b0e98d79e1c1b03188	M01	OP05	good	Feb_2021	002	40960	3	int64
data/M01/OP05/good/M01_Feb_2021_OP05_003.h5	194711	b095a618728dce016d619106aee69909b2b8825e	M01	OP05	good	Feb_2021	003	41984	3	int64
data/M01/OP05/good/M01_Feb_2021_OP05_004.h5	194933	1569dc95c73c71e9a783701f9d55c64cdc1a6557	M01	OP05	good	Feb_2021	004	41984	3	int64
data/M01/OP05/good/M01_Feb_2021_OP05_005.h5	191272	0dc0b680418cf33a2aa5c4bc3f3356f74552c374	M01	OP05	good	Feb_2021	005	40960	3	int64
data/M01/OP05/good/M01_Feb_2021_OP05_006.h5	202825	8471a555d37fce9fb75f0e531de0c8614af3d70b	M01	OP05	good	Feb_2021	006	44032	3	int64
data/M01/OP05/good/M01_Feb_2021_OP05_007.h5	232567	2a48e9ecdd71860b0ef8da9e60b5cca598cf6893	M01	OP05	good	Feb_2021	007	49248	3	int64
data/M01/OP05/good/M01_Feb_2021_OP05_008.h5	225484	1c5c1d186afbe0fb31be59b4c07fd1d5ac262fc7	M01	OP05	good	Feb_2021	008	47104	3	int64
data/M01/OP06/bad/M01_Aug_2019_OP06_000.h5	891822	d361084c492a1d830eadf754130710730ab2458b	M01	OP06	bad	Aug_2019	000	170156	3	float32
data/M01/OP06/bad/M01_Aug_2021_OP06_000.h5	1048949	42f689f72090130b08b36a0f5c0e0d068a812dfb	M01	OP06	bad	Aug_2021	000	176000	3	int64
data/M01/OP06/bad/M01_Aug_2021_OP06_001.h5	898363	6c6b96a0c8afe5e64befe290701214225e064a74	M01	OP06	bad	Aug_2021	001	160000	3	int64
data/M01/OP06/bad/M01_Aug_2021_OP06_002.h5	1064799	6d1c27dc96373fdc87527deb244b5f593fd54488	M01	OP06	bad	Aug_2021	002	180000	3	int64
data/M01/OP06/good/M01_Aug_2019_OP06_000.h5	882585	6ad8b4b967d6cea651b0cfe7cab8f518aafa4ba9	M01	OP06	good	Aug_2019	000	159744	3	float64
data/M01/OP06/good/M01_Aug_2019_OP06_001.h5	908450	cbcbc8aecfc971a743d3651a5c561c9da64cc7e0	M01	OP06	good	Aug_2019	001	165888	3	float64
data/M01/OP06/good/M01_Aug_2019_OP06_002.h5	907363	90d4c98d818fdeed76c75d694ed4c0e956b0c4f1	M01	OP06	good	Aug_2019	002	165888	3	float64
data/M01/OP06/good/M01_Aug_2019_OP06_003.h5	909638	29dd20cdca06411f3007d3ebf5858a3064ad408b	M01	OP06	good	Aug_2019	003	162816	3	float64
data/M01/OP06/good/M01_Aug_2021_OP06_000.h5	991662	babf495a490f81dfeb1c94c8d33dd9b0f44be7af	M01	OP06	good	Aug_2021	000	190464	3	int64
data/M01/OP06/good/M01_Feb_2019_OP06_000.h5	908110	a3e4b169dc923e2cfe7e114f0a39d394ec7ffc1f	M01	OP06	good	Feb_2019	000	188400	3	float32
data/M01/OP06/good/M01_Feb_2019_OP06_001.h5	920334	0f8c7bd65fe01c575bdf02bb051a61b3cdfaa90c	M01	OP06	good	Feb_2019	001	190800	3	float32
data/M01/OP06/good/M01_Feb_2019_OP06_002.h5	898780	6c58a762ef572bb7bd5c76fea0a4af1e6cb57933	M01	OP06	good	Feb_2019	002	186000	3	float32
data/M01/OP06/good/M01_Feb_2020_OP06_000.h5	1004644	132a06191aa720d1508eeddbed2526189542445a	M01	OP06	good	Feb_2020	000	189440	3	int64
data/M01/OP06/good/M01_Feb_2020_OP06_001.h5	1003552	2299e753c1771e9bfbc8a72d31e592008cb87cb7	M01	OP06	good	Feb_2020	001	189440	3	int64
data/M01/OP06/good/M01_Feb_2020_OP06_002.h5	1008832	daf1fcd7fc5f800e20cbac79c24c0448567ca400	M01	OP06	good	Feb_2020	002	189440	3	int64
data/M01/OP06/good/M01_Feb_2020_OP06_003.h5	1008682	c6d8478cf213b3654db1b9bb4d28c33b85ace910	M01	OP06	good	Feb_2020	003	189440	3	int64
data/M01/OP06/good/M01_Feb_2021_OP06_000.h5	997406	c62f6deca25e0c31fa22e1ae4d012f4406074eb5	M01	OP06	good	Feb_2021	000	191488	3	int64
data/M01/OP06/good/M01_Feb_2021_OP06_001.h5	999798	b8f747e740b150c6042aeb7d887e24ee5fb1f982	M01	OP06	good	Feb_2021	001	191488	3	int64
data/M01/OP06/good/M01_Feb_2021_OP06_002.h5	980413	6a65e57e4e42ca1472f1df4d49d140850327fc5b	M01	OP06	good	Feb_2021	002	190464	3	int64
data/M01/OP06/good/M01_Feb_2021_OP06_003.h5	984408	26a34b8f01a980ad403468f7b101ee42a90d0f09	M01	OP06	good	Feb_2021	003	190464	3	int64
data/M01/OP06/good/M01_Feb_2021_OP06_004.h5	992007	d2b15a61788a6c2bed126aeab5605d7671555fc3	M01	OP06	good	Feb_2021	004	190464	3	int64
data/M01/OP06/good/M01_Feb_2021_OP06_005.h5	994336	dbf7faab4b6c857a2087d8fb1df6bbe0610d1c62	M01	OP06	good	Feb_2021	005	190464	3	int64
data/M01/OP06/good/M01_Feb_2021_OP06_006.h5	1001233	0b66d970429b5a9fb6bef636faeeec6a349b7fe3	M01	OP06	good	Feb_2021	006	192512	3	int64
data/M01/OP07/bad/M01_Aug_2019_OP07_000.h5	172529	282669bf29857d50f86a542936528dbbe0c66620	M01	OP07	bad	Aug_2019	000	32199	3	float32
data/M01/OP07/bad/M01_Aug_2021_OP07_000.h5	251306	aa54849912fe3880499256bb723fbce6307ac137	M01	OP07	bad	Aug_2021	000	42000	3	int64
data/M01/OP07/bad/M01_Aug_2021_OP07_001.h5	272609	dbe31648e713cf366b67ace8eac147d43f74168c	M01	OP07	bad	Aug_2021	001	46000	3	int64
data/M01/OP07/bad/M01_Feb_2019_OP07_000.h5	202089	6b3161d129e1a0a92c3b22e0fb0b466593a41d8b	M01	OP07	bad	Feb_2019	000	37511	3	float32
data/M01/OP07/good/M01_Aug_2019_OP07_000.h5	261216	1e9594ddc096475e3b992e937ac47437ebc2e2e2	M01	OP07	good	Aug_2019	000	49152	3	float64
data/M01/OP07/good/M01_Aug_2019_OP07_001.h5	263615	7d3c6191b54817b9d26d2ed471b59dcc8dedb2db	M01	OP07	good	Aug_2019	001	50176	3	float64
data/M01/OP07/good/M01_Aug_2019_OP07_002.h5	265096	05cd31f56251afb632d8cfe96162f04f2cfbd9c9	M01	OP07	good	Aug_2019	002	50176	3	float64
data/M01/OP07/good/M01_Aug_2019_OP07_003.h5	265140	1d00a5125103e43fd736819d1ca8db2d092ac35a	M01	OP07	good	Aug_2019	003	50176	3	float64
data/M01/OP07/good/M01_Aug_2019_OP07_004.h5	265193	2ee4513ef1b35c93d8c67b4c94cafddf8987d3a8	M01	OP07	good	Aug_2019	004	50176	3	float64
data/M01/OP07/good/M01_Aug_2019_OP07_005.h5	260679	8c2b2026f42fa294ba2fc433dd88a325c365556a	M01	OP07	good	Aug_2019	005	49152	3	float64
data/M01/OP07/good/M01_Aug_2019_OP07_006.h5	265545	33ea5ac8add4d285bc21e0e2e3c66cfc9fbe1bb1	M01	OP07	good	Aug_2019	006	50176	3	float64
data/M01/OP07/good/M01_Aug_2019_OP07_007.h5	260392	9d83c994237f87bca178099b507707000c4ca4c1	M01	OP07	good	Aug_2019	007	49152	3	float64
data/M01/OP07/good/M01_Aug_2019_OP07_008.h5	264616	0830edfba4d92174ea8875cdc023413c7770dd3b	M01	OP07	good	Aug_2019	008	50176	3	float64
data/M01/OP07/good/M01_Aug_2019_OP07_009.h5	266156	bc4174e0f3f01fc30fc5a559cdcd1650bef3b877	M01	OP07	good	Aug_2019	009	50176	3	float64
data/M01/OP07/good/M01_Aug_2019_OP07_010.h5	261434	4306ac4944f330988c468f91bb615b3f5ab7e322	M01	OP07	good	Aug_2019	010	49152	3	float64
data/M01/OP07/good/M01_Aug_2019_OP07_011.h5	264655	24ab271a5494503ec67f21dd0afd7f80c752fa82	M01	OP07	good	Aug_2019	011	50176	3	float64
data/M01/OP07/good/M01_Aug_2019_OP07_012.h5	264521	ec6bbcd5142dce7f44e3c9881ca0cd616158534d	M01	OP07	good	Aug_2019	012	50176	3	float64
data/M01/OP07/good/M01_Aug_2019_OP07_013.h5	262951	4eff8ef863d51d92d16d90b76789ffb628ef3110	M01	OP07	good	Aug_2019	013	49152	3	float64
data/M01/OP07/good/M01_Aug_2019_OP07_014.h5	261665	5b81114eedc48a12719efa83641bf502175ceb78	M01	OP07	good	Aug_2019	014	49152	3	float64
data/M01/OP07/good/M01_Aug_2019_OP07_015.h5	262752	52eb45b200aedcc67855154c0ceeb5834d891be6	M01	OP07	good	Aug_2019	015	50176	3	float64
data/M01/OP07/good/M01_Aug_2021_OP07_000.h5	255889	f018c12cf1a08b9f72255719c2b60ece89ac4ce1	M01	OP07	good	Aug_2021	000	50176	3	int64
data/M01/OP07/good/M01_Aug_2021_OP07_001.h5	262767	980dd3abe1e2c89f9b1babf19b9e2d6b53d2c52c	M01	OP07	good	Aug_2021	001	51200	3	int64
data/M01/OP07/good/M01_Aug_2021_OP07_002.h5	255338	5ed0e2b9d5b0f6c15c9887e9744adae8de103aeb	M01	OP07	good	Aug_2021	002	50176	3	int64
data/M01/OP07/good/M01_Feb_2019_OP07_000.h5	238212	728c9e52789b5fd314ec8da10a6dda09f1100c53	M01	OP07	good	Feb_2019	000	49200	3	float32
data/M01/OP07/good/M01_Feb_2019_OP07_001.h5	239758	02ad2910261c71373542cf1e5e1a72c23e43b7f3	M01	OP07	good	Feb_2019	001	50400	3	float32
data/M01/OP07/good/M01_Feb_2019_OP07_002.h5	240745	7edc609752d17a718008248d0f4dceb5f1ccbefd	M01	OP07	good	Feb_2019	002	50400	3	float32
data/M01/OP07/good/M01_Feb_2019_OP07_003.h5	242239	93a600d135f09b07b21b9c674efb194e38cd605f	M01	OP07	good	Feb_2019	003	50400	3	float32
data/M01/OP07/good/M01_Feb_2019_OP07_004.h5	243996	1700d793888b7531494d4ce7400693deb62ca164	M01	OP07	good	Feb_2019	004	51600	3	float32
data/M01/OP07/good/M01_Feb_2020_OP07_000.h5	253905	2edce73118b312ed479714ee0e99e4a5aa04a48b	M01	OP07	good	Feb_2020	000	50176	3	int64
data/M01/OP07/good/M01_Feb_2020_OP07_001.h5	253774	44d151870d02b422b4a5c38f1c85370751699da2	M01	OP07	good	Feb_2020	001	50176	3	int64
data/M01/OP07/good/M01_Feb_2020_OP07_002.h5	253707	d3ec34fe966572f7f3e238ddaca7873a937efbcf	M01	OP07	good	Feb_2020	002	50176	3	int64
data/M01/OP07/good/M01_Feb_2020_OP07_003.h5	255871	ebd799aea0944a5d8581faf928249bf45c9978c7	M01	OP07	good	Feb_2020	003	51200	3	int64
data/M01/OP07/good/M01_Feb_2021_OP07_000.h5	250721	292705b3d6c056a53e1fcefc3d77e3f39fb1c51c	M01	OP07	good	Feb_2021	000	50000	3	int64
data/M01/OP07/good/M01_Feb_2021_OP07_001.h5	247130	19efe31d50eaf0a2cc81da961e2d1a6cda106579	M01	OP07	good	Feb_2021	001	49152	3	int64
data/M01/OP07/good/M01_Feb_2021_OP07_002.h5	246213	aade01a22a92257dee88d80e5bae6048ebfe73e5	M01	OP07	good	Feb_2021	002	49152	3	int64
data/M01/OP07/good/M01_Feb_2021_OP07_003.h5	248313	537fa26281670e9c43fe1d13803d1e4091b53914	M01	OP07	good	Feb_2021	003	50176	3	int64
data/M01/OP07/good/M01_Feb_2021_OP07_004.h5	246695	12593575e7cfc748353c1822e5da41f61353590e	M01	OP07	good	Feb_2021	004	49152	3	int64
data/M01/OP07/good/M01_Feb_2021_OP07_005.h5	250380	5756d60e8cedb85f49743f36f28d86086f5d73a5	M01	OP07	good	Feb_2021	005	50176	3	int64
data/M01/OP07/good/M01_Feb_2021_OP07_006.h5	249026	37ea2c6bf1c58bfab5ec3ba0450816efd39eb084	M01	OP07	good	Feb_2021	006	50176	3	int64
data/M01/OP07/good/M01_Feb_2021_OP07_007.h5	251314	ed368ccc78e5c474a0d20775a42fd37a498300a1	M01	OP07	good	Feb_2021	007	50176	3	int64
data/M01/OP07/good/M01_Feb_2021_OP07_008.h5	249825	d3b489e55b9c9af0db678c37173fdf2dbf5a142f	M01	OP07	good	Feb_2021	008	50288	3	int64
data/M01/OP07/good/M01_Feb_2021_OP07_009.h5	249692	295f9a690c27acb63386608ef84e2708cc0656f2	M01	OP07	good	Feb_2021	009	50176	3	int64
data/M01/OP07/good/M01_Feb_2021_OP07_010.h5	248940	3865c0df5a0a2b6f9eb7de0217445b9b044afcb3	M01	OP07	good	Feb_2021	010	50176	3	int64
data/M01/OP07/good/M01_Feb_2021_OP07_011.h5	250237	386b16bdd36c29fe350957aac891fe9f6207410d	M01	OP07	good	Feb_2021	011	50176	3	int64
data/M01/OP07/good/M01_Feb_2021_OP07_012.h5	251573	13fde243f5da022c0043f5ab25a3db778cf5c414	M01	OP07	good	Feb_2021	012	51200	3	int64
data/M01/OP07/good/M01_Feb_2021_OP07_013.h5	244922	22071e5929027a967c5250f3a19d2356965f4c06	M01	OP07	good	Feb_2021	013	49152	3	int64
data/M01/OP07/good/M01_Feb_2021_OP07_014.h5	247220	73fa704aaa3736046e21a099d7b4ddf984153b2b	M01	OP07	good	Feb_2021	014	50176	3	int64
data/M01/OP08/bad/M01_Feb_2019_OP08_000.h5	324154	47f2212ff0f26780b7101bfd0425172913997650	M01	OP08	bad	Feb_2019	000	64231	3	float32
data/M01/OP08/bad/M01_Feb_2019_OP08_001.h5	322890	3669024b832c98d4cbf084f4631b8741e67e2481	M01	OP08	bad	Feb_2019	001	64181	3	float32
data/M01/OP08/bad/M01_Feb_2019_OP08_002.h5	324750	4b236fd82c23908ba06fb748c70d9dbd684f645f	M01	OP08	bad	Feb_2019	002	64591	3	float32
data/M01/OP08/good/M01_Aug_2019_OP08_000.h5	420569	84e315f6ab73e521abd6e4f1d3e2db549af7cfd1	M01	OP08	good	Aug_2019	000	75776	3	float64
data/M01/OP08/good/M01_Aug_2019_OP08_001.h5	422426	cbc64d0ccebd70b04ab360a478861efa69bea835	M01	OP08	good	Aug_2019	001	76800	3	float64
data/M01/OP08/good/M01_Aug_2019_OP08_002.h5	426710	e079cebe101af631575c01a3614c53ea47392db8	M01	OP08	good	Aug_2019	002	77824	3	float64
data/M01/OP08/good/M01_Aug_2019_OP08_003.h5	414615	6eb0e5644c5c1f2d5d8a523ab81abd1562b85736	M01	OP08	good	Aug_2019	003	75776	3	float64
data/M01/OP08/good/M01_Aug_2019_OP08_004.h5	418460	60773f1298075d3cc6cb75283d8579b7bdfd423b	M01	OP08	good	Aug_2019	004	76800	3	float64
data/M01/OP08/good/M01_Aug_2019_OP08_005.h5	417739	f452ca6999ae696d7603ed4a0cd2058bed52597c	M01	OP08	good	Aug_2019	005	76800	3	float64
data/M01/OP08/good/M01_Aug_2019_OP08_006.h5	434874	125e68e748e876dce9c2ff7f3b2bac93fa171ca6	M01	OP08	good	Aug_2019	006	75776	3	float64
data/M01/OP08/good/M01_Aug_2019_OP08_007.h5	422747	43a48634d4b2187cd75d08950a69991815d1a097	M01	OP08	good	Aug_2019	007	76800	3	float64
data/M01/OP08/good/M01_Aug_2019_OP08_008.h5	426910	82acae121d22c571ddc0ba8120a2b0e62536906e	M01	OP08	good	Aug_2019	008	78848	3	float64
data/M01/OP08/good/M01_Aug_2019_OP08_009.h5	415960	7de6058fd59e659e6750a2c157c9a2933ad04f36	M01	OP08	good	Aug_2019	009	75776	3	float64
data/M01/OP08/good/M01_Aug_2019_OP08_010.h5	422536	9385f62954cc94f54da8d42f8c1567719327da8e	M01	OP08	good	Aug_2019	010	77824	3	float64
data/M01/OP08/good/M01_Aug_2019_OP08_011.h5	418483	068d11b785c2f128c5f89049518a2e7a95ec941c	M01	OP08	good	Aug_2019	011	76800	3	float64
data/M01/OP08/good/M01_Aug_2019_OP08_012.h5	419845	842c80fb766fb66aecfa83436db1cf3ef8c9fd16	M01	OP08	good	Aug_2019	012	76800	3	float64
data/M01/OP08/good/M01_Aug_2019_OP08_013.h5	422719	150b46ebae70df2844b6edf9ef8f31dcef4c4bf6	M01	OP08	good	Aug_2019	013	76800	3	float64
data/M01/OP08/good/M01_Aug_2021_OP08_000.h5	377912	e8e494ba43b89a78c8b36d4221c93b44eaa5f14d	M01	OP08	good	Aug_2021	000	72704	3	int64
data/M01/OP08/good/M01_Feb_2019_OP08_000.h5	358291	d009e55fd17534208d62d5923139b53e58ecce6d	M01	OP08	good	Feb_2019	000	75600	3	float32
data/M01/OP08/good/M01_Feb_2019_OP08_001.h5	361041	9d2ba5d24ff44f0d9ff026690fae13171c5e800e	M01	OP08	good	Feb_2019	001	75600	3	float32
data/M01/OP08/good/M01_Feb_2019_OP08_002.h5	347284	7d4feb484a3be57b522a528eacf815e6acf137e4	M01	OP08	good	Feb_2019	002	73200	3	float32
data/M01/OP08/good/M01_Feb_2020_OP08_000.h5	404716	497de7637fc8d9e8dae66971c4356f25e34e01dd	M01	OP08	good	Feb_2020	000	77824	3	int64
data/M01/OP08/good/M01_Feb_2020_OP08_001.h5	398707	0eb270d295dad46403be690b86d8497f8901fd2e	M01	OP08	good	Feb_2020	001	75776	3	int64
data/M01/OP08/good/M01_Feb_2020_OP08_002.h5	408904	acb2be30dc3b6dc829e0475bf1e77382aa4c955e	M01	OP08	good	Feb_2020	002	78848	3	int64
data/M01/OP08/good/M01_Feb_2020_OP08_003.h5	397993	ee6759754ac4c43de80b429360cc449edab82e47	M01	OP08	good	Feb_2020	003	75776	3	int64
data/M01/OP08/good/M01_Feb_2021_OP08_000.h5	390388	c66e25113bb72a49bf1878a204862d3f02c11f85	M01	OP08	good	Feb_2021	000	77824	3	int64
data/M01/OP08/good/M01_Feb_2021_OP08_001.h5	375239	cd55ab26c68f554cee63e94dffa916d3c9dc0a47	M01	OP08	good	Feb_2021	001	73728	3	int64
data/M01/OP08/good/M01_Feb_2021_OP08_002.h5	385092	446ce5250bbf5c59bc938822e655b748ef7b2f47	M01	OP08	good	Feb_2021	002	77824	3	int64
data/M01/OP08/good/M01_Feb_2021_OP08_003.h5	386350	1ff6e09a6aa44936f64f4a38fe41fbe8c1a3cb56	M01	OP08	good	Feb_2021	003	77824	3	int64
data/M01/OP08/good/M01_Feb_2021_OP08_004.h5	388613	f995dea50146aeacc61e262eaf996443623219b6	M01	OP08	good	Feb_2021	004	77824	3	int64
data/M01/OP08/good/M01_Feb_2021_OP08_005.h5	387448	105bb6e3725ea95640cd8223bf6ec260b9927e86	M01	OP08	good	Feb_2021	005	76800	3	int64
data/M01/OP08/good/M01_Feb_2021_OP08_006.h5	385368	9bcef918869346987e19ba2ce925f082dca2279f	M01	OP08	good	Feb_2021	006	75776	3	int64
data/M01/OP08/good/M01_Feb_2021_OP08_007.h5	386393	89539a1b635292080523f8bb011f9e043f11af09	M01	OP08	good	Feb_2021	007	76800	3	int64
data/M01/OP08/good/M01_Feb_2021_OP08_008.h5	386846	056ea56b50c626b6ad8756ea764ac7655041a2eb	M01	OP08	good	Feb_2021	008	77824	3	int64
data/M01/OP09/bad/M01_Aug_2019_OP09_000.h5	931588	2f3c22a77c96a19a9f04d0ed0394af7498de615e	M01	OP09	bad	Aug_2019	000	193906	3	float32
data/M01/OP09/good/M01_Aug_2019_OP09_000.h5	1123234	bdd07534678a935fcdf446635b60b495e58073e8	M01	OP09	good	Aug_2019	000	208896	3	float64
data/M01/OP09/good/M01_Aug_2019_OP09_001.h5	1155558	7b18276f88dd22e01731bd7be5074e4979fc9cf4	M01	OP09	good	Aug_2019	001	214016	3	float64
data/M01/OP09/good/M01_Aug_2019_OP09_002.h5	1124415	9b0bbb21988f52335f08de298afc0f8c61f3ae2a	M01	OP09	good	Aug_2019	002	213120	3	float64
data/M01/OP09/good/M01_Aug_2019_OP09_003.h5	1130046	67b4531a01f461b9b76c0c9ceb16cf8ba1825511	M01	OP09	good	Aug_2019	003	212992	3	float64
data/M01/OP09/good/M01_Aug_2019_OP09_004.h5	1116365	b033efd567adc3072eab7d5e6836d8e18b4a87e0	M01	OP09	good	Aug_2019	004	208896	3	float64
data/M01/OP09/good/M01_Aug_2019_OP09_005.h5	1147085	68c4fe544c4b74ad22fe800e68e86fd6ce1960e0	M01	OP09	good	Aug_2019	005	203904	3	float64
data/M01/OP09/good/M01_Aug_2019_OP09_006.h5	1160112	79acb084b8df8c221f334ce9f16ca4a859b5d825	M01	OP09	good	Aug_2019	006	206904	3	float64
data/M01/OP09/good/M01_Aug_2019_OP09_007.h5	1118919	9270603cab07e00ccce5518403e6ad01018fe1b8	M01	OP09	good	Aug_2019	007	214144	3	float64
data/M01/OP09/good/M01_Aug_2019_OP09_008.h5	1118670	7f5e4fedf0813263841813e76581fcd9f14948f3	M01	OP09	good	Aug_2019	008	212992	3	float64
data/M01/OP09/good/M01_Aug_2019_OP09_009.h5	1151802	3539051b7af0eacd3dd9e44d1813f321cbc96ada	M01	OP09	good	Aug_2019	009	213120	3	float64
data/M01/OP09/good/M01_Aug_2019_OP09_010.h5	1119613	7e06d4ce59599bbe0b707a86e6f2b6ce148487c3	M01	OP09	good	Aug_2019	010	212024	3	float64
data/M01/OP09/good/M01_Aug_2019_OP09_011.h5	1152707	fa248a6c197d20d2b3b26f8d678c16c78fc1f07b	M01	OP09	good	Aug_2019	011	213644	3	float64
data/M01/OP09/good/M01_Aug_2019_OP09_012.h5	1117518	5f33f11b0745fe98b6f0e1da8f60a30494f0f716	M01	OP09	good	Aug_2019	012	213644	3	float64
data/M01/OP09/good/M01_Aug_2019_OP09_013.h5	1109953	4fb5b407ca331b3e2636f5541bee985d7c59527b	M01	OP09	good	Aug_2019	013	207952	3	float64
data/M01/OP09/good/M01_Aug_2019_OP09_014.h5	1146342	0592ae35eb51bdf2fa90379201a935a2cf4bd835	M01	OP09	good	Aug_2019	014	213048	3	float64
data/M01/OP09/good/M01_Aug_2019_OP09_015.h5	1126709	2eaf316490e602018ea575fe7d04735cc0f4062e	M01	OP09	good	Aug_2019	015	214016	3	float64
data/M01/OP09/good/M01_Aug_2019_OP09_016.h5	1135311	c81da61c2dc8d75eedfc24a88416552102dca9d2	M01	OP09	good	Aug_2019	016	214016	3	float64
data/M01/OP09/good/M01_Aug_2021_OP09_000.h5	1052507	a3d9710ae8bb2fa1c627ab9bc264da0305427d02	M01	OP09	good	Aug_2021	000	206848	3	int64
data/M01/OP09/good/M01_Aug_2021_OP09_001.h5	1070743	89eac133e74dc4507e9453dad3425b425ab1f8bf	M01	OP09	good	Aug_2021	001	210944	3	int64
data/M01/OP09/good/M01_Feb_2019_OP09_000.h5	1008460	55c5303b6f50520e603805523af57cbdb8dd2d4b	M01	OP09	good	Feb_2019	000	214800	3	float32
data/M01/OP09/good/M01_Feb_2019_OP09_001.h5	1010624	148167f73dbc0693bc37dd8ef22433d3ee55a61b	M01	OP09	good	Feb_2019	001	212400	3	float32
data/M01/OP09/good/M01_Feb_2019_OP09_002.h5	1006285	c8845e43df7d7a44e6d28e7dedba54cd78901c39	M01	OP09	good	Feb_2019	002	213600	3	float32
data/M01/OP09/good/M01_Feb_2020_OP09_000.h5	1103677	a960f5de99c89f5b70d920b8e3ed29bbb9bde8ca	M01	OP09	good	Feb_2020	000	219136	3	int64
data/M01/OP09/good/M01_Feb_2020_OP09_001.h5	1098146	f2e0d1f652c7ebf4d9f60f852c02fd8f6467d297	M01	OP09	good	Feb_2020	001	218112	3	int64
data/M01/OP09/good/M01_Feb_2020_OP09_002.h5	1080557	e5cef0ef50e487a6eb6112f3f27179e1d9220218	M01	OP09	good	Feb_2020	002	212992	3	int64
data/M01/OP09/good/M01_Feb_2020_OP09_003.h5	1082979	ebf11cba8c7ff93f011f6e470b81a58d1c092dd7	M01	OP09	good	Feb_2020	003	214016	3	int64
data/M01/OP09/good/M01_Feb_2021_OP09_000.h5	1088623	f6dcaeed665f0aac3301ef0f582ad56d088cdac5	M01	OP09	good	Feb_2021	000	218112	3	int64
data/M01/OP09/good/M01_Feb_2021_OP09_001.h5	1097855	19aba2ebabbfe8435895773301201892c685908a	M01	OP09	good	Feb_2021	001	219136	3	int64
data/M01/OP09/good/M01_Feb_2021_OP09_002.h5	1086785	77c922efa0921ce8a6b4034da012d9967d268ab2	M01	OP09	good	Feb_2021	002	219136	3	int64
data/M01/OP09/good/M01_Feb_2021_OP09_003.h5	1087044	913d99f89b8fe23f5ac7c4b9d00dfe0c80188434	M01	OP09	good	Feb_2021	003	218112	3	int64
data/M01/OP09/good/M01_Feb_2021_OP09_004.h5	1087387	63c58254b3340f63645a97cb254e5c0b7edc802c	M01	OP09	good	Feb_2021	004	219136	3	int64
data/M01/OP09/good/M01_Feb_2021_OP09_005.h5	1094446	c723ec99dbd54bd9a57d223a443086fa667b57cc	M01	OP09	good	Feb_2021	005	220160	3	int64
data/M01/OP09/good/M01_Feb_2021_OP09_006.h5	1099558	c43d6aa513835f56efe7be9bc3eba88af370df60	M01	OP09	good	Feb_2021	006	219136	3	int64
data/M01/OP09/good/M01_Feb_2021_OP09_007.h5	1057764	d39460c5e588449c27721c3f6f6d31024cf9cdff	M01	OP09	good	Feb_2021	007	210000	3	int64
data/M01/OP09/good/M01_Feb_2021_OP09_008.h5	1047396	b25116e6f9f4d1f9f01a382329a422ecb0b7b6ff	M01	OP09	good	Feb_2021	008	207024	3	int64
data/M01/OP10/bad/M01_Aug_2021_OP10_000.h5	458202	83016ef6683753bfd0882d03b90adfefb4219b5e	M01	OP10	bad	Aug_2021	000	80000	3	int64
data/M01/OP10/bad/M01_Feb_2019_OP10_000.h5	451735	fcee50c3a568598ad275b58f5e52b1676a1606bb	M01	OP10	bad	Feb_2019	000	83441	3	float32
data/M01/OP10/bad/M01_Feb_2019_OP10_001.h5	461964	4b62f405a26cb15ab834939895cf88de18d102c0	M01	OP10	bad	Feb_2019	001	85831	3	float32
data/M01/OP10/bad/M01_Feb_2019_OP10_002.h5	462485	d92c9ece86f910c4784da57d85d649e097194314	M01	OP10	bad	Feb_2019	002	86021	3	float32
data/M01/OP10/good/M01_Aug_2019_OP10_000.h5	535629	26adce913f37d252d22c550987dc66cc7d62abaa	M01	OP10	good	Aug_2019	000	98304	3	float64
data/M01/OP10/good/M01_Aug_2019_OP10_001.h5	531868	afcc9be955ebcbae43a9d7cda993e83836c9dabd	M01	OP10	good	Aug_2019	001	98304	3	float64
data/M01/OP10/good/M01_Aug_2019_OP10_002.h5	530611	5f53b23eb4d356c5f942353e8d16682e6e6395d8	M01	OP10	good	Aug_2019	002	98304	3	float64
data/M01/OP10/good/M01_Aug_2019_OP10_003.h5	532897	323e0c6dd07eecfe0c9668b460fbbddb2cd1b402	M01	OP10	good	Aug_2019	003	98304	3	float64
data/M01/OP10/good/M01_Aug_2019_OP10_004.h5	536207	4c0d6a0ab481efd6cd32fdfeef8a85901d1b4798	M01	OP10	good	Aug_2019	004	99328	3	float64
data/M01/OP10/good/M01_Aug_2019_OP10_005.h5	532943	1867d1255d346af8e0594d3b46ecee83b65efcd9	M01	OP10	good	Aug_2019	005	98304	3	float64
data/M01/OP10/good/M01_Aug_2019_OP10_006.h5	534647	b65537896ebec825f14deb21aaf00a12deefc616	M01	OP10	good	Aug_2019	006	92160	3	float64
data/M01/OP10/good/M01_Aug_2019_OP10_007.h5	536986	796dd25a1158c218915a374dfb594dedcec0b291	M01	OP10	good	Aug_2019	007	98304	3	float64
data/M01/OP10/good/M01_Aug_2019_OP10_008.h5	526437	fad285fd9e9d328b7daf93490d445889a8d637b5	M01	OP10	good	Aug_2019	008	97280	3	float64
data/M01/OP10/good/M01_Aug_2019_OP10_009.h5	529489	6de7b7b1f0c3c99a9c92c007372310637417a369	M01	OP10	good	Aug_2019	009	97280	3	float64
data/M01/OP10/good/M01_Aug_2019_OP10_010.h5	551090	7ffbdbd1470e2e55276bcbbf0516982bcb61ab9d	M01	OP10	good	Aug_2019	010	98304	3	float64
data/M01/OP10/good/M01_Aug_2019_OP10_011.h5	531983	01fdc9abdf094422612359177dfe2e28712747d5	M01	OP10	good	Aug_2019	011	98304	3	float64
data/M01/OP10/good/M01_Aug_2019_OP10_012.h5	538667	341e1e6c574c721a83270e30872dd54ee89801de	M01	OP10	good	Aug_2019	012	99328	3	float64
data/M01/OP10/good/M01_Aug_2019_OP10_013.h5	531512	29f8d71e6b2303c9e635f2fc4e0a55168bd20042	M01	OP10	good	Aug_2019	013	98304	3	float64
data/M01/OP10/good/M01_Feb_2019_OP10_000.h5	469705	01f199d933841ca6a89cc22561a21d914f42ebd6	M01	OP10	good	Feb_2019	000	99600	3	float32
data/M01/OP10/good/M01_Feb_2019_OP10_001.h5	470803	24d85f3d0f1ab80ac0d33804b70756f790737b8f	M01	OP10	good	Feb_2019	001	98400	3	float32
data/M01/OP10/good/M01_Feb_2019_OP10_002.h5	448079	b6a486e3b6d7dfa1b25b4cb7d62558aa40f3e68f	M01	OP10	good	Feb_2019	002	92400	3	float32
data/M01/OP10/good/M01_Feb_2020_OP10_000.h5	519347	5fad6b87623d64922c00feaaaa44a0510a353e76	M01	OP10	good	Feb_2020	000	98304	3	int64
data/M01/OP10/good/M01_Feb_2020_OP10_001.h5	518846	4febcebf2f1d9f4248bc1681453681229366c875	M01	OP10	good	Feb_2020	001	98304	3	int64
data/M01/OP10/good/M01_Feb_2020_OP10_002.h5	519027	02c1b0c468369f4ef25b34fe7bea6cc615f5daff	M01	OP10	good	Feb_2020	002	98304	3	int64
data/M01/OP10/good/M01_Feb_2020_OP10_003.h5	522033	5e3385f7d0301657be1084c2721edde6b530166b	M01	OP10	good	Feb_2020	003	99328	3	int64
data/M01/OP10/good/M01_Feb_2021_OP10_000.h5	480343	4ff656b9b8176a2a17e5c11bc9d94ac6abbdbc73	M01	OP10	good	Feb_2021	000	93184	3	int64
data/M01/OP10/good/M01_Feb_2021_OP10_001.h5	499469	16e4d8cb2ccebf6c58a7668fd4124ac69b940f4e	M01	OP10	good	Feb_2021	001	99328	3	int64
data/M01/OP10/good/M01_Feb_2021_OP10_002.h5	461554	6632c48c92a5acabcbb3805e008fce4beb2c1bba	M01	OP10	good	Feb_2021	002	96256	3	int64
data/M01/OP10/good/M01_Feb_2021_OP10_003.h5	507029	6890737e6ec38625b2232fe21cf6ee778602ab4a	M01	OP10	good	Feb_2021	003	100000	3	int64
data/M01/OP10/good/M01_Feb_2021_OP10_004.h5	503253	747bcdbc53fd13e19151e4bc1724fc46c903b9a3	M01	OP10	good	Feb_2021	004	98304	3	int64
data/M01/OP10/good/M01_Feb_2021_OP10_005.h5	507578	e6a9989893c0e9d25419ec7245999d73a6c0eb8a	M01	OP10	good	Feb_2021	005	100000	3	int64
data/M01/OP10/good/M01_Feb_2021_OP10_006.h5	515890	d9d9675bfafb743d973d52dabc308d5b2cd39328	M01	OP10	good	Feb_2021	006	98304	3	int64
data/M01/OP10/good/M01_Feb_2021_OP10_007.h5	459275	6746345ef598c869a213c0d493675d05c8a04705	M01	OP10	good	Feb_2021	007	95232	3	int64
data/M01/OP11/bad/M01_Feb_2019_OP11_000.h5	587987	f21f8f709747e2ff79e7a990ec1e2f80b3059d7c	M01	OP11	bad	Feb_2019	000	107161	3	float32
data/M01/OP11/bad/M01_Feb_2019_OP11_001.h5	590033	ad70b79224af18e993d8612d744f58c7c3875b02	M01	OP11	bad	Feb_2019	001	107551	3	float32
data/M01/OP11/bad/M01_Feb_2019_OP11_002.h5	581859	492f371015037cc62b19790a7eb5e05c4153b83e	M01	OP11	bad	Feb_2019	002	107151	3	float32
data/M01/OP11/bad/M01_Feb_2021_OP11_000.h5	517890	ec03f12c63757d5f7a5a6d6ae7be96f54b0dc4b7	M01	OP11	bad	Feb_2021	000	90000	3	int64
data/M01/OP11/good/M01_Aug_2019_OP11_000.h5	652421	c9e8e5ca47e54c0588dc0474244ef04806c61ac3	M01	OP11	good	Aug_2019	000	120832	3	float64
data/M01/OP11/good/M01_Aug_2019_OP11_001.h5	654469	f399c8fc51b6e1258a31a0ac0e80677678e93736	M01	OP11	good	Aug_2019	001	121856	3	float64
data/M01/OP11/good/M01_Aug_2019_OP11_002.h5	634637	b004c4293ff273f939844e5df443c20566f390ce	M01	OP11	good	Aug_2019	002	115712	3	float64
data/M01/OP11/good/M01_Aug_2019_OP11_003.h5	664508	bc9a972db30c37dc627d05231103c3d535639d75	M01	OP11	good	Aug_2019	003	121856	3	float64
data/M01/OP11/good/M01_Aug_2021_OP11_000.h5	600072	486501c123cc902e4b8e7c9a6c33f223d7ee2553	M01	OP11	good	Aug_2021	000	118784	3	int64
data/M01/OP11/good/M01_Feb_2019_OP11_000.h5	589856	f56d395f6b0401cfabd7159451801083ab49665a	M01	OP11	good	Feb_2019	000	120000	3	float32
data/M01/OP11/good/M01_Feb_2019_OP11_001.h5	578373	60199f4037b99c1c94b0b96202637deb93b1972c	M01	OP11	good	Feb_2019	001	116400	3	float32
data/M01/OP11/good/M01_Feb_2019_OP11_002.h5	590878	03eb2e0eaf821afc9098e4f2dc94cbdb22f21652	M01	OP11	good	Feb_2019	002	120000	3	float32
data/M01/OP11/good/M01_Feb_2020_OP11_000.h5	615927	d203f6b7d81c99bec8466157dc1b657ecb44af59	M01	OP11	good	Feb_2020	000	119808	3	int64
data/M01/OP11/good/M01_Feb_2020_OP11_001.h5	615532	0a3d580b3a249c761cf1733e727f363303c4659e	M01	OP11	good	Feb_2020	001	119808	3	int64
data/M01/OP11/good/M01_Feb_2020_OP11_002.h5	615886	a58d122dfae13dda7ac272aed3a4b9756913c702	M01	OP11	good	Feb_2020	002	119808	3	int64
data/M01/OP11/good/M01_Feb_2020_OP11_003.h5	616476	cfe9bf531fa8aebbe6ca7a61fe9834c9fdf1b1ff	M01	OP11	good	Feb_2020	003	118784	3	int64
data/M01/OP11/good/M01_Feb_2021_OP11_000.h5	585205	784e89f7f031271efe4e4ce18830531f7dd8161c	M01	OP11	good	Feb_2021	000	116736	3	int64
data/M01/OP11/good/M01_Feb_2021_OP11_001.h5	600928	12c6eac9f591e21fcb70d8b4fa8367ba0e622c70	M01	OP11	good	Feb_2021	001	120832	3	int64
data/M01/OP11/good/M01_Feb_2021_OP11_002.h5	591695	c130b1cd02bc8ec6f242ec4426057ddf4b09f6e5	M01	OP11	good	Feb_2021	002	118784	3	int64
data/M01/OP11/good/M01_Feb_2021_OP11_007.h5	599515	f886e1c795530a87b2017309f053cffcb0bb4486	M01	OP11	good	Feb_2021	007	120832	3	int64
data/M01/OP11/good/M01_Feb_2021_OP11_008.h5	594496	d6302e26b8bbb8b28d1e7ec90cabc65958b5ac2f	M01	OP11	good	Feb_2021	008	119808	3	int64
data/M01/OP12/bad/M01_Feb_2019_OP12_000.h5	454618	378a3e0ed79155aafe7fea8209323a11825fbb35	M01	OP12	bad	Feb_2019	000	85411	3	float32
data/M01/OP12/bad/M01_Feb_2019_OP12_001.h5	452343	597d02f625ed84dfb0421a8cbb7eea75862ea7e8	M01	OP12	bad	Feb_2019	001	85231	3	float32
data/M01/OP12/bad/M01_Feb_2019_OP12_002.h5	448697	992b770e26540cdf82bd0aae367e53160efbd094	M01	OP12	bad	Feb_2019	002	84821	3	float32
data/M01/OP12/good/M01_Aug_2019_OP12_000.h5	542257	4e9b7e80dc05fc3d59cc3071b2b4d8894444b4d0	M01	OP12	good	Aug_2019	000	99328	3	float64
data/M01/OP12/good/M01_Aug_2019_OP12_001.h5	540922	ddf450c754825cec261f64b984e5519caeca340f	M01	OP12	good	Aug_2019	001	97280	3	float64
data/M01/OP12/good/M01_Aug_2019_OP12_002.h5	541336	536a47a8b808bf9c4a2bdcd50f5365e6480128bf	M01	OP12	good	Aug_2019	002	97280	3	float64
data/M01/OP12/good/M01_Aug_2019_OP12_003.h5	542798	6ba8aeffaf350c96f8527f64638d5860dd5db595	M01	OP12	good	Aug_2019	003	97280	3	float64
data/M01/OP12/good/M01_Aug_2019_OP12_004.h5	539399	7514d7b36ef6648aaa0ef987cfcb3f2c35c0140a	M01	OP12	good	Aug_2019	004	96256	3	float64
data/M01/OP12/good/M01_Aug_2019_OP12_005.h5	541200	e20ad9904982ce25827d3b2c9782393a299828ec	M01	OP12	good	Aug_2019	005	97280	3	float64
data/M01/OP12/good/M01_Aug_2019_OP12_006.h5	562637	a8f0f56a40082d9810243d6f1e34466ed2e9d096	M01	OP12	good	Aug_2019	006	94208	3	float64
data/M01/OP12/good/M01_Aug_2019_OP12_007.h5	538416	e27ba24c4927dbb2010ee7862ad590c186113070	M01	OP12	good	Aug_2019	007	100352	3	float64
data/M01/OP12/good/M01_Aug_2019_OP12_008.h5	537399	c4a0a43c6cda18d071c0f19ebf986453b8b751f5	M01	OP12	good	Aug_2019	008	99328	3	float64
data/M01/OP12/good/M01_Aug_2019_OP12_009.h5	536582	e567fc95e0c3c8ea20bd19f3b7b5b5c7602e57dd	M01	OP12	good	Aug_2019	009	99328	3	float64
data/M01/OP12/good/M01_Aug_2019_OP12_010.h5	530432	8045c2009f5ae67436fa974e20aab2cd29cbf580	M01	OP12	good	Aug_2019	010	94208	3	float64
data/M01/OP12/good/M01_Aug_2019_OP12_011.h5	542210	3b943838cbd110e02526d04ba7fbf82acfadc85b	M01	OP12	good	Aug_2019	011	99328	3	float64
data/M01/OP12/good/M01_Aug_2019_OP12_012.h5	524704	089ae829b2c0962bec828ea2bd60a23dd0e4d6df	M01	OP12	good	Aug_2019	012	93184	3	float64
data/M01/OP12/good/M01_Aug_2019_OP12_013.h5	542441	bfc55932d572cd0d6654d735d89cce98d3c07da5	M01	OP12	good	Aug_2019	013	97280	3	float64
data/M01/OP12/good/M01_Aug_2019_OP12_014.h5	541773	07ee8f4aeb02ae8f70b13540f08abd546b82bfd1	M01	OP12	good	Aug_2019	014	97280	3	float64
data/M01/OP12/good/M01_Aug_2019_OP12_015.h5	540806	24443294138bcbb16c0bc37a4fce4eaebb19fb88	M01	OP12	good	Aug_2019	015	97280	3	float64
data/M01/OP12/good/M01_Aug_2019_OP12_016.h5	524607	d88105849038078c3705fb401fa2d69cbaf8e2ee	M01	OP12	good	Aug_2019	016	92160	3	float64
data/M01/OP12/good/M01_Aug_2019_OP12_017.h5	539852	e36ed704675a5f39c067ab142cd5a6ab1e1795cd	M01	OP12	good	Aug_2019	017	97280	3	float64
data/M01/OP12/good/M01_Feb_2019_OP12_000.h5	459043	3ed11ec71fe2c6ab2da3e88d5495a5b4ddea16be	M01	OP12	good	Feb_2019	000	93600	3	float32
data/M01/OP12/good/M01_Feb_2019_OP12_001.h5	455137	1da9a2fc5d5727bfcc3acc7943af07ca9d86eb49	M01	OP12	good	Feb_2019	001	91200	3	float32
data/M01/OP12/good/M01_Feb_2019_OP12_002.h5	471471	78aef6b12875006a4868d009be62daf8b0900281	M01	OP12	good	Feb_2019	002	96000	3	float32
data/M01/OP12/good/M01_Feb_2020_OP12_000.h5	522618	32ce5e5395737c37ed78bbaa97250545bfaad31c	M01	OP12	good	Feb_2020	000	98304	3	int64
data/M01/OP12/good/M01_Feb_2020_OP12_001.h5	523895	ae6585599a1e4ef9a94a65d5bb30dd610127cfc5	M01	OP12	good	Feb_2020	001	98304	3	int64
data/M01/OP12/good/M01_Feb_2020_OP12_002.h5	518260	828d391419a97e2dbda07ef80f90c6f41b0577e9	M01	OP12	good	Feb_2020	002	97280	3	int64
data/M01/OP12/good/M01_Feb_2020_OP12_003.h5	516697	c686ba5b3a35afbe6279cb7343debc673ade31d3	M01	OP12	good	Feb_2020	003	97280	3	int64
data/M01/OP12/good/M01_Feb_2021_OP12_000.h5	510273	e65e59099304cb9f553e0a14c9bc2cc695a15a9a	M01	OP12	good	Feb_2021	000	97280	3	int64
data/M01/OP12/good/M01_Feb_2021_OP12_001.h5	517225	72f13ac4e2259f91b69a5895b3948dde3445ecaf	M01	OP12	good	Feb_2021	001	98304	3	int64
data/M01/OP12/good/M01_Feb_2021_OP12_002.h5	512330	08c5cbf84b6099a92884d166f50acd04e27a4247	M01	OP12	good	Feb_2021	002	98304	3	int64
data/M01/OP12/good/M01_Feb_2021_OP12_003.h5	511065	a8ec323b2d1857664af7605ae08a227c8d5a3147	M01	OP12	good	Feb_2021	003	97280	3	int64
data/M01/OP12/good/M01_Feb_2021_OP12_004.h5	511981	fa2ed6d33f937689f6af2b150e7dcab37963f7d2	M01	OP12	good	Feb_2021	004	96256	3	int64
data/M01/OP12/good/M01_Feb_2021_OP12_005.h5	517995	e0feea751072cf2e9ee06640a144651bca657cba	M01	OP12	good	Feb_2021	005	98304	3	int64
data/M01/OP12/good/M01_Feb_2021_OP12_006.h5	509623	881036063d6655df094ae57ae363d28f992e07b4	M01	OP12	good	Feb_2021	006	96256	3	int64
data/M01/OP12/good/M01_Feb_2021_OP12_007.h5	510128	a64e6d8485fe4c65af42889ab07936c9b4c638ea	M01	OP12	good	Feb_2021	007	96256	3	int64
data/M01/OP12/good/M01_Feb_2021_OP12_008.h5	522037	547eda4795877fa268d61b178e09f32258d4eb76	M01	OP12	good	Feb_2021	008	100352	3	int64
data/M01/OP13/good/M01_Aug_2019_OP13_000.h5	344594	77e305460031236fc1dbf0967d788a8b90253ffe	M01	OP13	good	Aug_2019	000	68608	3	float64
data/M01/OP13/good/M01_Aug_2019_OP13_001.h5	346852	cf426a2a5ab01f617b0a7e7d7539b47e61e37500	M01	OP13	good	Aug_2019	001	68608	3	float64
data/M01/OP13/good/M01_Aug_2019_OP13_002.h5	359317	47a81ed6c822d1847a0f5397013ee8709d38d00c	M01	OP13	good	Aug_2019	002	68608	3	float64
data/M01/OP13/good/M01_Aug_2019_OP13_003.h5	360601	70d671f4aeeeabd4a212739a5d8123e4c699aeaf	M01	OP13	good	Aug_2019	003	68608	3	float64
data/M01/OP13/good/M01_Aug_2019_OP13_004.h5	365611	7f98d78729d70979c3cfbca785c5ca4a4a584dda	M01	OP13	good	Aug_2019	004	69632	3	float64
data/M01/OP13/good/M01_Aug_2019_OP13_005.h5	360426	df7af4805eab16705cd013be8e4df1ac64bca62f	M01	OP13	good	Aug_2019	005	68608	3	float64
data/M01/OP13/good/M01_Aug_2019_OP13_006.h5	358528	95fc45d8905cc9e4b67f748d89dbc5eca3013d4f	M01	OP13	good	Aug_2019	006	68608	3	float64
data/M01/OP13/good/M01_Aug_2019_OP13_007.h5	349417	7ae7be8a3f53419c9793038c1fa963589ce5af8f	M01	OP13	good	Aug_2019	007	69632	3	float64
data/M01/OP13/good/M01_Aug_2019_OP13_008.h5	360129	6858b44e12ab798ec581833aaf55c2ab9226d327	M01	OP13	good	Aug_2019	008	68608	3	float64
data/M01/OP13/good/M01_Aug_2019_OP13_009.h5	345068	e8b3f00664341801aba43066a5730c15fa1cf668	M01	OP13	good	Aug_2019	009	67584	3	float64
data/M01/OP13/good/M01_Aug_2019_OP13_010.h5	358673	cd991cdb55c817fb2835e0d63f148ae8a4825c59	M01	OP13	good	Aug_2019	010	68608	3	float64
data/M01/OP13/good/M01_Aug_2019_OP13_011.h5	359850	18655b8db21f9f4f6b25292a638e0de01a69b991	M01	OP13	good	Aug_2019	011	68608	3	float64
data/M01/OP13/good/M01_Aug_2019_OP13_012.h5	363657	e3aaff41e53d7768d32e28dc8c222852e71a9676	M01	OP13	good	Aug_2019	012	69632	3	float64
data/M01/OP13/good/M01_Aug_2019_OP13_013.h5	362572	0901bff2489a360b80f3f486e7bb87c9d621acf4	M01	OP13	good	Aug_2019	013	69632	3	float64
data/M01/OP13/good/M01_Aug_2019_OP13_014.h5	360807	6d5803ab7cc1d5e5dbb7172b1f6d4fcde3be495b	M01	OP13	good	Aug_2019	014	68608	3	float64
data/M01/OP13/good/M01_Aug_2019_OP13_015.h5	360797	f4eaf603f2c75fe32b6112302487c39062254531	M01	OP13	good	Aug_2019	015	69632	3	float64
data/M01/OP13/good/M01_Aug_2021_OP13_000.h5	338452	7a6ba1278bf5a99784ec02f0130daba60c82caeb	M01	OP13	good	Aug_2021	000	68608	3	int64
data/M01/OP13/good/M01_Aug_2021_OP13_001.h5	346089	1c8970e25a03a2e6d850ac656213b3280578c76d	M01	OP13	good	Aug_2021	001	68608	3	int64
data/M01/OP13/good/M01_Aug_2021_OP13_002.h5	345317	93819067b9163a4bb7fd5f8dd5f7b4fd7caabee0	M01	OP13	good	Aug_2021	002	68608	3	int64
data/M01/OP13/good/M01_Feb_2019_OP13_000.h5	318580	a5085bf6510439b2379bfcec8e6913c4bafc3d2e	M01	OP13	good	Feb_2019	000	66000	3	float64
data/M01/OP13/good/M01_Feb_2019_OP13_001.h5	285827	acab88b9edc6477022b80887dfd9d7452ce06318	M01	OP13	good	Feb_2019	001	66000	3	float32
data/M01/OP13/good/M01_Feb_2019_OP13_002.h5	317907	82e32f8e35d392b92cd3c7c39c2073db27bdb07d	M01	OP13	good	Feb_2019	002	66000	3	float64
data/M01/OP13/good/M01_Feb_2019_OP13_003.h5	318678	ce4a785862f3ee64b91dde8d0c38750423d1765a	M01	OP13	good	Feb_2019	003	66000	3	float64
data/M01/OP13/good/M01_Feb_2019_OP13_004.h5	319845	c3f27e38c59b7f9b24253cfa02e99adc7bff79ac	M01	OP13	good	Feb_2019	004	66000	3	float64
data/M01/OP13/good/M01_Feb_2020_OP13_000.h5	341417	d065c61e4139352869f3cec316a86787c4d45f1f	M01	OP13	good	Feb_2020	000	70656	3	int64
data/M01/OP13/good/M01_Feb_2020_OP13_001.h5	334480	09c639fbe1e7815c49d2669d9930d9ab4fdb4e21	M01	OP13	good	Feb_2020	001	68608	3	int64
data/M01/OP13/good/M01_Feb_2020_OP13_002.h5	336758	b044a3964f6e54ba8dad39fb9ca99d25391003f7	M01	OP13	good	Feb_2020	002	69632	3	int64
data/M01/OP13/good/M01_Feb_2020_OP13_003.h5	329446	ac4511651b80d014561a554d40aec6e137432e31	M01	OP13	good	Feb_2020	003	67584	3	int64
data/M01/OP13/good/M01_Feb_2021_OP13_000.h5	329484	f42bf9c66fa2802b02b4c16a6c59e8d1bc70f28f	M01	OP13	good	Feb_2021	000	69632	3	int64
data/M01/OP13/good/M01_Feb_2021_OP13_001.h5	334691	5641c0658ac2d0910037b75fd5e7c3b5480046aa	M01	OP13	good	Feb_2021	001	69632	3	int64
data/M01/OP13/good/M01_Feb_2021_OP13_002.h5	368425	c0d749d76d777ee47c4c0fe6f437084e4b747065	M01	OP13	good	Feb_2021	002	69632	3	int64
data/M01/OP13/good/M01_Feb_2021_OP13_003.h5	327617	b16424081bac7153139e2159564af9a0f6d26f06	M01	OP13	good	Feb_2021	003	68608	3	int64
data/M01/OP13/good/M01_Feb_2021_OP13_004.h5	330692	370b62629df49ff64edf64b40c916ad08fce5102	M01	OP13	good	Feb_2021	004	65824	3	int64
data/M01/OP13/good/M01_Feb_2021_OP13_005.h5	347982	e5e1f84251d508d9fbe23c0eb40023e4a875afaa	M01	OP13	good	Feb_2021	005	70656	3	int64
data/M01/OP13/good/M01_Feb_2021_OP13_006.h5	352781	2d7598058f6fe8b100787095bd7036459f5778c9	M01	OP13	good	Feb_2021	006	66848	3	int64
data/M01/OP13/good/M01_Feb_2021_OP13_007.h5	364393	4d22713f0c673012ebbac2e34f93706a49aaec7e	M01	OP13	good	Feb_2021	007	69632	3	int64
data/M01/OP13/good/M01_Feb_2021_OP13_008.h5	360350	46e3c2f1f1723d6b0d169848ebd716f4a27ddafd	M01	OP13	good	Feb_2021	008	67584	3	int64
data/M01/OP13/good/M01_Feb_2021_OP13_009.h5	366158	5a2ba891659bc146b6859cf720f84f32c8127cc7	M01	OP13	good	Feb_2021	009	69632	3	int64
data/M01/OP13/good/M01_Feb_2021_OP13_010.h5	363272	8f303b93030c6dfb4ac140d01fac243e7a36da21	M01	OP13	good	Feb_2021	010	68608	3	int64
data/M01/OP13/good/M01_Feb_2021_OP13_011.h5	327059	715e232f8ab7ab23c75c950add3a622fd0020a82	M01	OP13	good	Feb_2021	011	69632	3	int64
data/M01/OP13/good/M01_Feb_2021_OP13_012.h5	323208	5454014ee884760bee3d641d41151d4e381e6203	M01	OP13	good	Feb_2021	012	67584	3	int64
data/M01/OP13/good/M01_Feb_2021_OP13_013.h5	325282	90c6df514af761b9cfb79fbdff03d07550b77b08	M01	OP13	good	Feb_2021	013	69632	3	int64
data/M01/OP13/good/M01_Feb_2021_OP13_014.h5	323520	eae3f9ef0a18417e1701af4d596c599d7915ecc2	M01	OP13	good	Feb_2021	014	68608	3	int64
data/M01/OP14/bad/M01_Feb_2019_OP14_000.h5	303095	16c7549e3eb31e1f2a5e7f1e12fc78e7243fdba8	M01	OP14	bad	Feb_2019	000	52611	3	float32
data/M01/OP14/good/M01_Aug_2021_OP14_000.h5	342822	9b6a9808a0d6e796bc465d9d3d73a5f286e6693e	M01	OP14	good	Aug_2021	000	67584	3	int64
data/M01/OP14/good/M01_Aug_2021_OP14_001.h5	354936	cf5dcb0c94ef801d80f2d9b493f64fd2deed50f4	M01	OP14	good	Aug_2021	001	65536	3	int64
data/M01/OP14/good/M01_Aug_2021_OP14_002.h5	355213	0a32b579c18f6fed1a93dd76e62e8da75fa3c837	M01	OP14	good	Aug_2021	002	65536	3	int64
data/M01/OP14/good/M01_Feb_2019_OP14_000.h5	328937	c01229356f69202ec949f6ef59b2eae1661d1f42	M01	OP14	good	Feb_2019	000	66000	3	float32
data/M01/OP14/good/M01_Feb_2019_OP14_001.h5	328670	3845d5ab6f7760a06b1c83ff3480e0c4bdd9b6d5	M01	OP14	good	Feb_2019	001	66000	3	float32
data/M01/OP14/good/M01_Feb_2019_OP14_002.h5	327508	184987ebead4b2e5b33ee25a1493043de8ccbed0	M01	OP14	good	Feb_2019	002	64800	3	float32
data/M01/OP14/good/M01_Feb_2019_OP14_003.h5	326203	ccb1e5f13cf01124fb11c860d3710457ce7d6b0f	M01	OP14	good	Feb_2019	003	64800	3	float32
data/M01/OP14/good/M01_Feb_2019_OP14_004.h5	325669	9b472200e5645c40c5c038f40135d7322cc98971	M01	OP14	good	Feb_2019	004	64800	3	float32
data/M01/OP14/good/M01_Feb_2020_OP14_000.h5	327596	06b1b0140dc18d083be6973785a30075a49667b8	M01	OP14	good	Feb_2020	000	63488	3	int64
data/M01/OP14/good/M01_Feb_2020_OP14_001.h5	331301	087f4821162193e997cf697be7926e67cd5e2f1e	M01	OP14	good	Feb_2020	001	64512	3	int64
data/M01/OP14/good/M01_Feb_2020_OP14_002.h5	353517	01553ba023aa5905c81813592308daede956f5aa	M01	OP14	good	Feb_2020	002	70656	3	int64
data/M01/OP14/good/M01_Feb_2020_OP14_003.h5	347119	f5137d5447146b5010879cc1d5753dc2fb50bc15	M01	OP14	good	Feb_2020	003	68608	3	int64
data/M01/OP14/good/M01_Feb_2020_OP14_004.h5	357803	b95f244394ce2e0d16941ef07e5cd3039eeb10f4	M01	OP14	good	Feb_2020	004	68608	3	int64
data/M01/OP14/good/M01_Feb_2020_OP14_005.h5	361462	376327896d8a637c1928d269b6c87ecea9d3f114	M01	OP14	good	Feb_2020	005	69632	3	int64
data/M01/OP14/good/M01_Feb_2020_OP14_006.h5	336805	0b94044c22507be8b97cdf8454825686fc483d1f	M01	OP14	good	Feb_2020	006	65536	3	int64
data/M01/OP14/good/M01_Feb_2020_OP14_007.h5	337839	45d9bc20130e4dfe7f94cb4855aaae6db8b2c62c	M01	OP14	good	Feb_2020	007	66560	3	int64
data/M01/OP14/good/M01_Feb_2021_OP14_000.h5	358591	deed61801c115419369abb2cf58c92e8599e43e1	M01	OP14	good	Feb_2021	000	70000	3	int64
data/M01/OP14/good/M01_Feb_2021_OP14_001.h5	370072	9125f3ea22af57d730953428e89f00c150cd38df	M01	OP14	good	Feb_2021	001	71680	3	int64
data/M01/OP14/good/M01_Feb_2021_OP14_002.h5	353321	5fab1ad28672ef49b0a757389f8ce8b1e398b68d	M01	OP14	good	Feb_2021	002	70656	3	int64
data/M01/OP14/good/M01_Feb_2021_OP14_003.h5	347114	16ac875c80fe84fa09afc963c6c246abfbd52d7b	M01	OP14	good	Feb_2021	003	66560	3	int64
data/M01/OP14/good/M01_Feb_2021_OP14_004.h5	351052	b8e0d35e09e695692e5c776a50ab7114af0f2738	M01	OP14	good	Feb_2021	004	66560	3	int64
data/M01/OP14/good/M01_Feb_2021_OP14_005.h5	349654	8358cbe3e13564873de6e1b6f6d0c42e91de4b37	M01	OP14	good	Feb_2021	005	70656	3	int64
data/M01/OP14/good/M01_Feb_2021_OP14_006.h5	364774	96f4ee75753f09332a586f88f93ec97300801a27	M01	OP14	good	Feb_2021	006	70656	3	int64
data/M01/OP14/good/M01_Feb_2021_OP14_007.h5	350275	81255734c361063bf9a31fd27e84cb070f461e90	M01	OP14	good	Feb_2021	007	66560	3	int64
data/M01/OP14/good/M01_Feb_2021_OP14_008.h5	351333	50fb6df2fdc7baa891b80a6e6fbc040b1c2807bd	M01	OP14	good	Feb_2021	008	66560	3	int64
data/M01/OP14/good/M01_Feb_2021_OP14_009.h5	354897	1114da8a063d85f0582448f8d2e8f32ada959269	M01	OP14	good	Feb_2021	009	67584	3	int64
data/M01/OP14/good/M01_Feb_2021_OP14_010.h5	354003	9b45d8c00145cef1a35c773c21fb7d3d218d8bd2	M01	OP14	good	Feb_2021	010	70656	3	int64
data/M02/OP00/bad/M02_Feb_2021_OP00_000.h5	1523970	8174f13bface07386e7d6d2f6f2b51e28904354d	M02	OP00	bad	Feb_2021	000	260000	3	int64
data/M02/OP00/good/M02_Aug_2019_OP00_000.h5	1382883	9e45f9a005522760cffd9411d08b697f4c46084b	M02	OP00	good	Aug_2019	000	268288	3	float64
data/M02/OP00/good/M02_Aug_2019_OP00_001.h5	1379174	aa7156d0aaffe2595d8e02201220afc320a1bc53	M02	OP00	good	Aug_2019	001	268288	3	float64
data/M02/OP00/good/M02_Aug_2019_OP00_002.h5	1382371	d86e6c6e40e7324f0bc63c236290d0761e3b7a31	M02	OP00	good	Aug_2019	002	269312	3	float64
data/M02/OP00/good/M02_Aug_2019_OP00_003.h5	1378874	cad62d0955cec18a9bb57fcbe9aa8f5a01e1641e	M02	OP00	good	Aug_2019	003	267264	3	float64
data/M02/OP00/good/M02_Aug_2019_OP00_004.h5	1363075	b8d212db854a1e4dbe0a7b125f4b10c4c250d04b	M02	OP00	good	Aug_2019	004	263168	3	float64
data/M02/OP00/good/M02_Aug_2019_OP00_005.h5	1380198	87c472f3ed4596743d0ebbcdb10b6cab0bd47bc3	M02	OP00	good	Aug_2019	005	267264	3	float64
data/M02/OP00/good/M02_Aug_2019_OP00_006.h5	1382191	acab879365f8f7224f8a6e29895f68d663beec22	M02	OP00	good	Aug_2019	006	268288	3	float64
data/M02/OP00/good/M02_Aug_2019_OP00_007.h5	1380074	15f25e5dc97d8c92e87088025714a5904f09e139	M02	OP00	good	Aug_2019	007	268288	3	float64
data/M02/OP00/good/M02_Aug_2019_OP00_008.h5	1381418	91321dcbf08361c3a893cf4ebc75663c71915ea3	M02	OP00	good	Aug_2019	008	268288	3	float64
data/M02/OP00/good/M02_Aug_2019_OP00_009.h5	1380056	b59793166d03b953d99f34343d8d4a9e50126eeb	M02	OP00	good	Aug_2019	009	268288	3	float64
data/M02/OP00/good/M02_Aug_2021_OP00_000.h5	1391706	50d59cdf276be7934f4c885c3363c17e119e1b01	M02	OP00	good	Aug_2021	000	270336	3	int64
data/M02/OP00/good/M02_Aug_2021_OP00_001.h5	1392213	3359601624eb934bd5b5e74269e8d4c4b935b216	M02	OP00	good	Aug_2021	001	270336	3	int64
data/M02/OP00/good/M02_Aug_2021_OP00_002.h5	1379900	1ca402123da5c4b4acefb055599160569c0ad423	M02	OP00	good	Aug_2021	002	268288	3	int64
data/M02/OP00/good/M02_Aug_2021_OP00_003.h5	1436255	4e5a7aeba7cdde7b08853cac8e44bf8ce7f6f971	M02	OP00	good	Aug_2021	003	317440	3	int64
data/M02/OP00/good/M02_Feb_2020_OP00_000.h5	1373659	1239531f9024a8eced1d192b87aff8796bf78494	M02	OP00	good	Feb_2020	000	268288	3	int64
data/M02/OP00/good/M02_Feb_2020_OP00_001.h5	1375331	9189aeef9dde9aef94cc43b721c34ebddd4178b3	M02	OP00	good	Feb_2020	001	269312	3	int64
data/M02/OP00/good/M02_Feb_2020_OP00_002.h5	1379354	e68f4fb74aa015edf07d656f2810d6108a96fc8a	M02	OP00	good	Feb_2020	002	265216	3	int64
data/M02/OP00/good/M02_Feb_2020_OP00_003.h5	1385093	e3a24eb508b139f2089df1999d09165595c62250	M02	OP00	good	Feb_2020	003	268288	3	int64
data/M02/OP00/good/M02_Feb_2020_OP00_004.h5	1398282	44c776ea799e320a03ce4d128f49c3f7447b0ad5	M02	OP00	good	Feb_2020	004	269312	3	int64
data/M02/OP00/good/M02_Feb_2020_OP00_005.h5	1385415	4e5afb4edd9fb0ee6bdab5fc03ea1be417412512	M02	OP00	good	Feb_2020	005	268288	3	int64
data/M02/OP00/good/M02_Feb_2021_OP00_000.h5	1385209	2253eabfdf5b84f3bb7e50571c09344c952e5c0d	M02	OP00	good	Feb_2021	000	273408	3	int64
data/M02/OP00/good/M02_Feb_2021_OP00_001.h5	1387227	83b4de401288287cb900d4d423420a87958912a8	M02	OP00	good	Feb_2021	001	273408	3	int64
data/M02/OP00/good/M02_Feb_2021_OP00_002.h5	1387027	57b4a3ea83594333600ab6f9094149aaf1623155	M02	OP00	good	Feb_2021	002	274432	3	int64
data/M02/OP00/good/M02_Feb_2021_OP00_003.h5	1387860	ae2aed191c86121bcd1c036dc0eab0d548993c53	M02	OP00	good	Feb_2021	003	273408	3	int64
data/M02/OP00/good/M02_Feb_2021_OP00_004.h5	1391450	c15138cbf6605bb217fcc933a4bb1dac7fe290e4	M02	OP00	good	Feb_2021	004	272384	3	int64
data/M02/OP00/good/M02_Feb_2021_OP00_005.h5	1394347	f1edc370a962a23974553d5e3b028c67d63059dd	M02	OP00	good	Feb_2021	005	273408	3	int64
data/M02/OP01/bad/M02_Aug_2019_OP01_000.h5	251064	736cd1ba085c56b556951e7848f13017c07f547d	M02	OP01	bad	Aug_2019	000	43361	3	float64
data/M02/OP01/bad/M02_Feb_2019_OP01_000.h5	249115	1b0ea96955f32fca12e5616afb5b0f9cea169f22	M02	OP01	bad	Feb_2019	000	46811	3	float32
data/M02/OP01/bad/M02_Feb_2019_OP01_001.h5	247382	07d4674dbf284d0f86361cfc261fac4e22ddb511	M02	OP01	bad	Feb_2019	001	46511	3	float32
data/M02/OP01/good/M02_Aug_2019_OP01_000.h5	311192	57ddcc7c81847188b0ef9104c9ba97aa8f4873ff	M02	OP01	good	Aug_2019	000	54272	3	float64
data/M02/OP01/good/M02_Aug_2019_OP01_001.h5	329704	79d9ac55734a4e157d7d11e6af1651c61433eaea	M02	OP01	good	Aug_2019	001	59392	3	float64
data/M02/OP01/good/M02_Aug_2019_OP01_002.h5	323969	b57d182676b6e46dc1433c06c5cfa8bd1cc7b73e	M02	OP01	good	Aug_2019	002	57344	3	float64
data/M02/OP01/good/M02_Aug_2019_OP01_003.h5	330514	bfa88c1eb4003e3e46223ef023e443b696fe5e76	M02	OP01	good	Aug_2019	003	59392	3	float64
data/M02/OP01/good/M02_Aug_2019_OP01_004.h5	328016	31f2a250363300345d3effc8e0e506e11592a829	M02	OP01	good	Aug_2019	004	58368	3	float64
data/M02/OP01/good/M02_Aug_2019_OP01_005.h5	326628	d33a237a870710da437b26314e58188d5687f876	M02	OP01	good	Aug_2019	005	58368	3	float64
data/M02/OP01/good/M02_Aug_2019_OP01_006.h5	327744	248acf97a79ce3884d965931ce904f4760a2a2fb	M02	OP01	good	Aug_2019	006	58368	3	float64
data/M02/OP01/good/M02_Aug_2019_OP01_007.h5	326620	b1a5bec989042f78e336f77683d372ff42dd9a3b	M02	OP01	good	Aug_2019	007	58368	3	float64
data/M02/OP01/good/M02_Aug_2019_OP01_008.h5	327166	fa8b41a92ee1c22123fa04677369409d866d11a0	M02	OP01	good	Aug_2019	008	58368	3	float64
data/M02/OP01/good/M02_Aug_2019_OP01_009.h5	326711	9832a56ac062eaefdfc27ad6403550545f31da89	M02	OP01	good	Aug_2019	009	58368	3	float64
data/M02/OP01/good/M02_Aug_2019_OP01_010.h5	331464	f1502f5ca16fa7a80bebbcbcb141996d22ee1c18	M02	OP01	good	Aug_2019	010	59392	3	float64
data/M02/OP01/good/M02_Aug_2019_OP01_011.h5	327569	6b06246464f6c8b6fef8d00f482eea79800ca629	M02	OP01	good	Aug_2019	011	58368	3	float64
data/M02/OP01/good/M02_Aug_2019_OP01_012.h5	329917	c3721b27864259c2fa45169309b3edb9b42ccca6	M02	OP01	good	Aug_2019	012	59392	3	float64
data/M02/OP01/good/M02_Aug_2019_OP01_013.h5	327935	bf6b2c3fefc159beaff5faf778dc0811fabdf88a	M02	OP01	good	Aug_2019	013	58368	3	float64
data/M02/OP01/good/M02_Aug_2019_OP01_014.h5	326577	0c8fbfe7eec0f51f92b6132c63074687bf0e4b77	M02	OP01	good	Aug_2019	014	58368	3	float64
data/M02/OP01/good/M02_Aug_2019_OP01_015.h5	326377	327fd2b6651c7fa6ea02fb7da8745c6b6c728ceb	M02	OP01	good	Aug_2019	015	58368	3	float64
data/M02/OP01/good/M02_Aug_2019_OP01_016.h5	326739	d2276a99ff0516c0363f9c47b6f9430da4161265	M02	OP01	good	Aug_2019	016	58368	3	float64
data/M02/OP01/good/M02_Aug_2019_OP01_017.h5	325780	a5a83888210692afb4fe57fe9e72ec13a711b219	M02	OP01	good	Aug_2019	017	58368	3	float64
data/M02/OP01/good/M02_Aug_2019_OP01_018.h5	326914	63d4120297470ef14e3ad72d8535b2cf34d15fd1	M02	OP01	good	Aug_2019	018	58368	3	float64
data/M02/OP01/good/M02_Aug_2019_OP01_019.h5	323453	4adbced621e34e4e3e2b68f25bfeb4e649f5ed85	M02	OP01	good	Aug_2019	019	57344	3	float64
data/M02/OP01/good/M02_Aug_2019_OP01_020.h5	329924	1e7a9d24f50909b82649bb0ef23bf990dd3b6efd	M02	OP01	good	Aug_2019	020	59392	3	float64
data/M02/OP01/good/M02_Aug_2020_OP01_000.h5	381955	30c85e6158c3b0844c4e676813b4276f14c59fbf	M02	OP01	good	Aug_2020	000	65536	3	int64
data/M02/OP01/good/M02_Aug_2020_OP01_001.h5	378325	4fb4c128fe808dc2b60ac31049b9a938286fd9e3	M02	OP01	good	Aug_2020	001	64512	3	int64
data/M02/OP01/good/M02_Aug_2020_OP01_002.h5	378071	8b79f509fe11ae6391568da15933b987435878dd	M02	OP01	good	Aug_2020	002	64512	3	int64
data/M02/OP01/good/M02_Aug_2020_OP01_003.h5	364609	ba41ecefe8446eb02da4409814f93e29c2965b46	M02	OP01	good	Aug_2020	003	60416	3	int64
data/M02/OP01/good/M02_Aug_2020_OP01_004.h5	354131	a12e20d6dfc490d5a85c7438538612fba0ce5195	M02	OP01	good	Aug_2020	004	58368	3	int64
data/M02/OP01/good/M02_Aug_2021_OP01_000.h5	309193	b186ba5135bc20770bf8adbc9ef0ce89e09ccb46	M02	OP01	good	Aug_2021	000	60416	3	int64
data/M02/OP01/good/M02_Aug_2021_OP01_001.h5	309986	37489f2e61c6e270e463283946fe378c661b93ce	M02	OP01	good	Aug_2021	001	60416	3	int64
data/M02/OP01/good/M02_Aug_2021_OP01_002.h5	305539	9b2ace2d6e2dbc7db76ad0313849b753afad96bd	M02	OP01	good	Aug_2021	002	59392	3	int64
data/M02/OP01/good/M02_Aug_2021_OP01_003.h5	305071	b26c3afcdef5839ecd1f9af5747d7a6978f2b53f	M02	OP01	good	Aug_2021	003	59392	3	int64
data/M02/OP01/good/M02_Feb_2019_OP01_000.h5	287868	a3b72c09ebb35e7f5cc8abf380a835bfc2a85867	M02	OP01	good	Feb_2019	000	58800	3	float32
data/M02/OP01/good/M02_Feb_2019_OP01_001.h5	290530	5af4da13b5017b111fb3e163138d7185b5e9a72e	M02	OP01	good	Feb_2019	001	60000	3	float32
data/M02/OP01/good/M02_Feb_2019_OP01_002.h5	290569	f3c1cc05f7b2acf87f94607df3c8619f5fcbab7e	M02	OP01	good	Feb_2019	002	60000	3	float32
data/M02/OP01/good/M02_Feb_2020_OP01_000.h5	303014	905cdebbc76ede2a93b50db020c0647b324bb9e4	M02	OP01	good	Feb_2020	000	54272	3	int64
data/M02/OP01/good/M02_Feb_2020_OP01_001.h5	320317	8fe25a85fe654b09a6f6b19d948a9b32ce28998a	M02	OP01	good	Feb_2020	001	58368	3	int64
data/M02/OP01/good/M02_Feb_2020_OP01_002.h5	322614	354c153bd63a085f456aa275f8aee66c063a979b	M02	OP01	good	Feb_2020	002	58368	3	int64
data/M02/OP01/good/M02_Feb_2020_OP01_003.h5	305718	b62363c8f2ab8bd1c64104f427165ad33afc0924	M02	OP01	good	Feb_2020	003	54272	3	int64
data/M02/OP01/good/M02_Feb_2020_OP01_004.h5	322876	451dee14fb5fb781339d05f527bba24e12625e3d	M02	OP01	good	Feb_2020	004	58368	3	int64
data/M02/OP01/good/M02_Feb_2020_OP01_005.h5	322104	f7859aa35027d52c1f1d21be07357aa25bffac1a	M02	OP01	good	Feb_2020	005	58368	3	int64
data/M02/OP01/good/M02_Feb_2021_OP01_000.h5	323721	a357bc127d5b171da0a51bab2e19e181dd730478	M02	OP01	good	Feb_2021	000	63488	3	int64
data/M02/OP01/good/M02_Feb_2021_OP01_001.h5	321344	c99b874cf9e7563ea9cf596ffe0cce9996f6c545	M02	OP01	good	Feb_2021	001	62464	3	int64
data/M02/OP01/good/M02_Feb_2021_OP01_002.h5	308930	e2e5edfcaf437a2b2fc92f7fdc19be3dbdbccf14	M02	OP01	good	Feb_2021	002	58368	3	int64
data/M02/OP01/good/M02_Feb_2021_OP01_003.h5	337992	fb873893e742b05d7515171ef22d9af35c360606	M02	OP01	good	Feb_2021	003	66560	3	int64
data/M02/OP01/good/M02_Feb_2021_OP01_004.h5	322712	7c72266cf74113570e1316d2675c5ff9bf791e69	M02	OP01	good	Feb_2021	004	62464	3	int64
data/M02/OP01/good/M02_Feb_2021_OP01_005.h5	327184	d98c8b80df758513016a3d2c28958086472f2b6d	M02	OP01	good	Feb_2021	005	64512	3	int64
data/M02/OP01/good/M02_Feb_2021_OP01_006.h5	307130	f2ce5b79b3f10f610216cbfec41c8528aad234c3	M02	OP01	good	Feb_2021	006	58368	3	int64
data/M02/OP01/good/M02_Feb_2021_OP01_007.h5	330952	5c54cc0de8e0b3295266c630a056e02a5d85e94a	M02	OP01	good	Feb_2021	007	63488	3	int64
data/M02/OP01/good/M02_Feb_2021_OP01_008.h5	328107	1c380ccb7a22fbb0fb5f5dd19a63035446473413	M02	OP01	good	Feb_2021	008	63488	3	int64
data/M02/OP01/good/M02_Feb_2021_OP01_009.h5	324095	efa2d206a7fd667c3e272fb8dd045ae504e8d4db	M02	OP01	good	Feb_2021	009	63488	3	int64
data/M02/OP01/good/M02_Feb_2021_OP01_010.h5	313979	7ad88e140e777099ae73cc6fb1a448fc7c4dd14f	M02	OP01	good	Feb_2021	010	60416	3	int64
data/M02/OP01/good/M02_Feb_2021_OP01_011.h5	314212	e317e49b1a95cbb84bf797aa3635a858c49294af	M02	OP01	good	Feb_2021	011	60416	3	int64
data/M02/OP02/bad/M02_Feb_2019_OP02_000.h5	403326	480500f50b7e6e5a4828b46dce77784d166caef8	M02	OP02	bad	Feb_2019	000	72381	3	float32
data/M02/OP02/bad/M02_Feb_2019_OP02_001.h5	419508	2aef38a3812eca12034ab2943123168e6658d627	M02	OP02	bad	Feb_2019	001	75741	3	float32
data/M02/OP02/good/M02_Aug_2019_OP02_000.h5	482641	b79ab8b3e404784fba009b34b231db2a6a415ded	M02	OP02	good	Aug_2019	000	88064	3	float64
data/M02/OP02/good/M02_Aug_2019_OP02_001.h5	480073	778b6bd2ee0bfc658ae3874afaeb3dab847dfb1e	M02	OP02	good	Aug_2019	001	88064	3	float64
data/M02/OP02/good/M02_Aug_2019_OP02_002.h5	493001	a7ce1c29141f9c8ae233343a65eec0de046fe9ab	M02	OP02	good	Aug_2019	002	88064	3	float64
data/M02/OP02/good/M02_Aug_2019_OP02_003.h5	473271	2493e5920fa607ba268b302bfa73387689af4f8f	M02	OP02	good	Aug_2019	003	83968	3	float64
data/M02/OP02/good/M02_Aug_2019_OP02_004.h5	491477	06bf7c8e823feb0dce0f931a661a4998f843b223	M02	OP02	good	Aug_2019	004	88064	3	float64
data/M02/OP02/good/M02_Aug_2019_OP02_005.h5	463477	6e50485877307bbc8acdbdbafbb500396d423033	M02	OP02	good	Aug_2019	005	83968	3	float64
data/M02/OP02/good/M02_Aug_2019_OP02_006.h5	484048	1d9b6943958208bca8b4604587d29ba485d65f9b	M02	OP02	good	Aug_2019	006	88064	3	float64
data/M02/OP02/good/M02_Aug_2019_OP02_007.h5	484323	d4f2e8c68b6abd6a67732a533faf76d9d6d87a7d	M02	OP02	good	Aug_2019	007	88064	3	float64
data/M02/OP02/good/M02_Aug_2019_OP02_008.h5	494947	8d24ec8a21ddea757a753ec591e13679afc40dbb	M02	OP02	good	Aug_2019	008	88064	3	float64
data/M02/OP02/good/M02_Aug_2019_OP02_009.h5	498729	20acf663c79fe9a8c003441e5dd62303618bceb5	M02	OP02	good	Aug_2019	009	89088	3	float64
data/M02/OP02/good/M02_Aug_2019_OP02_010.h5	491020	0e16ccfe5e3b125e03ce67667baef4e76c5ec52e	M02	OP02	good	Aug_2019	010	87040	3	float64
data/M02/OP02/good/M02_Aug_2019_OP02_011.h5	482108	1273b5ec9c7b85f6dc0646d1da9a955d37104408	M02	OP02	good	Aug_2019	011	88064	3	float64
data/M02/OP02/good/M02_Aug_2019_OP02_012.h5	475555	49047b5f340080436b8dc27dab17be07460aebbc	M02	OP02	good	Aug_2019	012	83968	3	float64
data/M02/OP02/good/M02_Aug_2019_OP02_013.h5	494459	89cab394d647dcb5a220a1a7f346b997b4cd4a2e	M02	OP02	good	Aug_2019	013	88064	3	float64
data/M02/OP02/good/M02_Aug_2019_OP02_014.h5	481742	3c83ea9ba0b86f31febe188ed8c8918e042c29cf	M02	OP02	good	Aug_2019	014	88064	3	float64
data/M02/OP02/good/M02_Aug_2019_OP02_015.h5	479351	baefbfaf35a6deb4ff3bedc55b509d9185e12b15	M02	OP02	good	Aug_2019	015	87040	3	float64
data/M02/OP02/good/M02_Aug_2019_OP02_016.h5	480631	7df48e7f2b3c17853cb428f1004a08c94c5dd48c	M02	OP02	good	Aug_2019	016	87040	3	float64
data/M02/OP02/good/M02_Aug_2019_OP02_017.h5	478685	4ae24c0d0973c0be113007351e376e2b6833611d	M02	OP02	good	Aug_2019	017	87040	3	float64
data/M02/OP02/good/M02_Aug_2019_OP02_018.h5	490844	7cf24b64eb6eb0d023fd4b645da6f52d85199d11	M02	OP02	good	Aug_2019	018	88064	3	float64
data/M02/OP02/good/M02_Aug_2019_OP02_019.h5	492357	c22daec6b439d11af7cee2539bf6f45500452dbc	M02	OP02	good	Aug_2019	019	88064	3	float64
data/M02/OP02/good/M02_Aug_2019_OP02_020.h5	491179	29a7401a6bb6a948e5a7566e555d72d7422cdd13	M02	OP02	good	Aug_2019	020	88064	3	float64
data/M02/OP02/good/M02_Aug_2020_OP02_000.h5	458451	2e52161a573e5e05716fb4d60c600e21685323d4	M02	OP02	good	Aug_2020	000	88064	3	int64
data/M02/OP02/good/M02_Aug_2020_OP02_001.h5	455713	3d148da8e4008961f840cb3ca908c95cb26b7696	M02	OP02	good	Aug_2020	001	89088	3	int64
data/M02/OP02/good/M02_Aug_2020_OP02_002.h5	439893	f9b3ce663201ce023663f7317625aac4ebb82546	M02	OP02	good	Aug_2020	002	83968	3	int64
data/M02/OP02/good/M02_Aug_2020_OP02_003.h5	456209	b8dea55760c3c8e631b1bdd23ed363696cab94e9	M02	OP02	good	Aug_2020	003	88064	3	int64
data/M02/OP02/good/M02_Aug_2020_OP02_004.h5	467372	b48cfd75882ec4306693495443488acc55c6aa39	M02	OP02	good	Aug_2020	004	88064	3	int64
data/M02/OP02/good/M02_Aug_2021_OP02_000.h5	451593	a2c8ae8798157d372453ec872c04c7b35e566618	M02	OP02	good	Aug_2021	000	89088	3	int64
data/M02/OP02/good/M02_Aug_2021_OP02_001.h5	464154	441c98ae1e11266c2ebb96c393ffc86b669440fd	M02	OP02	good	Aug_2021	001	90112	3	int64
data/M02/OP02/good/M02_Aug_2021_OP02_002.h5	458695	f9b810319ef035de357ef6e75ef4e94b36f778a2	M02	OP02	good	Aug_2021	002	88064	3	int64
data/M02/OP02/good/M02_Aug_2021_OP02_003.h5	460648	24d88bb7d4e731344593970cdacf9d7de6652f2e	M02	OP02	good	Aug_2021	003	89088	3	int64
data/M02/OP02/good/M02_Feb_2019_OP02_000.h5	430543	7971dcf6deb76a01380e75af6a7a99be68d5ccab	M02	OP02	good	Feb_2019	000	88800	3	float32
data/M02/OP02/good/M02_Feb_2019_OP02_001.h5	432004	21203c9c8de171dd9a1b96301c7013dfe5172acf	M02	OP02	good	Feb_2019	001	88800	3	float32
data/M02/OP02/good/M02_Feb_2019_OP02_002.h5	437970	8f99585ebedf197e260a90cdd7d7aa59a9b787ad	M02	OP02	good	Feb_2019	002	90000	3	float32
data/M02/OP02/good/M02_Feb_2020_OP02_000.h5	430775	7c33ecd1b13e5a2e27b2868b1961724af3f91368	M02	OP02	good	Feb_2020	000	83968	3	int64
data/M02/OP02/good/M02_Feb_2020_OP02_001.h5	434077	07ebe9b314b823fd262fad85da336b794fdc8693	M02	OP02	good	Feb_2020	001	83968	3	int64
data/M02/OP02/good/M02_Feb_2020_OP02_002.h5	452934	ed322b337f229e4a9994421595dbff4a585290c2	M02	OP02	good	Feb_2020	002	89088	3	int64
data/M02/OP02/good/M02_Feb_2020_OP02_003.h5	442060	281d5b91711d4df7c4c6a4e73c62853d53d52c46	M02	OP02	good	Feb_2020	003	88064	3	int64
data/M02/OP02/good/M02_Feb_2020_OP02_004.h5	445543	909a0dc735de923a97f201427ca65e237e9f2a80	M02	OP02	good	Feb_2020	004	89088	3	int64
data/M02/OP02/good/M02_Feb_2020_OP02_005.h5	443308	17d79d1cbf9283545f334ef7799267ab27d672c5	M02	OP02	good	Feb_2020	005	89088	3	int64
data/M02/OP02/good/M02_Feb_2020_OP02_006.h5	440003	5e8bdc464090045da925e604a52ab269aaaf82ba	M02	OP02	good	Feb_2020	006	88064	3	int64
data/M02/OP02/good/M02_Feb_2021_OP02_000.h5	463118	eb9cb2ba04a065efacf721aa86022b86abebab61	M02	OP02	good	Feb_2021	000	90112	3	int64
data/M02/OP02/good/M02_Feb_2021_OP02_001.h5	450262	394742d3528b28c1f955f18f67c5cf4ec4f04648	M02	OP02	good	Feb_2021	001	87040	3	int64
data/M02/OP02/good/M02_Feb_2021_OP02_002.h5	485067	c9ff951d2b6e36626f27e40683c5aff35cee68d3	M02	OP02	good	Feb_2021	002	96256	3	int64
data/M02/OP02/good/M02_Feb_2021_OP02_003.h5	484386	afacf95e166dc3a8a673aede5c093e2c193924bf	M02	OP02	good	Feb_2021	003	94208	3	int64
data/M02/OP02/good/M02_Feb_2021_OP02_004.h5	470253	666d0f6a3e15c5b0c7ece0e50a363e184c10c9d6	M02	OP02	good	Feb_2021	004	91136	3	int64
data/M02/OP02/good/M02_Feb_2021_OP02_005.h5	468956	ef8552e009738a46ecc4d46cd37bab726cdcdd98	M02	OP02	good	Feb_2021	005	91136	3	int64
data/M02/OP02/good/M02_Feb_2021_OP02_006.h5	469103	dca5a36c2623611a4887d71d07ef2b30d887ba30	M02	OP02	good	Feb_2021	006	91136	3	int64
data/M02/OP02/good/M02_Feb_2021_OP02_007.h5	468502	f1839fbe6e257add0328cb0d874d9db6392b71d2	M02	OP02	good	Feb_2021	007	90112	3	int64
data/M02/OP02/good/M02_Feb_2021_OP02_008.h5	469051	2ce35ac8727729622003509abb641f7835b11df5	M02	OP02	good	Feb_2021	008	92160	3	int64
data/M02/OP02/good/M02_Feb_2021_OP02_009.h5	448748	1e29aa68d9dca9e8da43788c55da03dd422d7d67	M02	OP02	good	Feb_2021	009	86016	3	int64
data/M02/OP02/good/M02_Feb_2021_OP02_010.h5	490040	119fc619d40c0bdf4f65b47106884a2a0ff14b3e	M02	OP02	good	Feb_2021	010	96256	3	int64
data/M02/OP02/good/M02_Feb_2021_OP02_011.h5	471701	0a17252c61a009b15a3dbccf0a2481dc973458ae	M02	OP02	good	Feb_2021	011	90112	3	int64
data/M02/OP03/bad/M02_Feb_2021_OP03_000.h5	876352	051a189c94da2fa5d5c4ddca0a4a95c10625eec0	M02	OP03	bad	Feb_2021	000	150000	3	int64
data/M02/OP03/good/M02_Aug_2019_OP03_000.h5	863352	61a291b4f9d0967a140baebb5a67ca5e45becb73	M02	OP03	good	Aug_2019	000	159744	3	float64
data/M02/OP03/good/M02_Aug_2019_OP03_001.h5	857326	0b088c0fe3776e298e8b6aae2558ba12d403c778	M02	OP03	good	Aug_2019	001	159744	3	float64
data/M02/OP03/good/M02_Aug_2019_OP03_002.h5	856543	5f6d53559d2c0d3ea922279ae6677e7922da36d0	M02	OP03	good	Aug_2019	002	159744	3	float64
data/M02/OP03/good/M02_Aug_2019_OP03_003.h5	836077	9eba33b3cf6516ed8a2a4e6767c2dc90f029a327	M02	OP03	good	Aug_2019	003	154624	3	float64
data/M02/OP03/good/M02_Aug_2019_OP03_004.h5	862002	00ff28c512d1bbee8f6eae807fcfb5e2c5205991	M02	OP03	good	Aug_2019	004	160768	3	float64
data/M02/OP03/good/M02_Aug_2019_OP03_005.h5	862414	a30e96f8fe7e3695d423e5a5a4f8eb0905759776	M02	OP03	good	Aug_2019	005	159744	3	float64
data/M02/OP03/good/M02_Aug_2019_OP03_006.h5	863312	6e3c568ab94787593dd2d1fc516ed9e234f23e3e	M02	OP03	good	Aug_2019	006	159744	3	float64
data/M02/OP03/good/M02_Aug_2019_OP03_007.h5	864002	6a577bb4ebee35aa7b0044d211165e5c827bef6f	M02	OP03	good	Aug_2019	007	159744	3	float64
data/M02/OP03/good/M02_Aug_2019_OP03_008.h5	842043	9f13e83284ab70d2c17374a638a4c048ca041546	M02	OP03	good	Aug_2019	008	154624	3	float64
data/M02/OP03/good/M02_Aug_2019_OP03_009.h5	856394	42a4515f18b8d1018d49efdb5d1d92dd03cb0566	M02	OP03	good	Aug_2019	009	159744	3	float64
data/M02/OP03/good/M02_Aug_2019_OP03_010.h5	857875	19e88d76e84366b656107e593267953a9758cd22	M02	OP03	good	Aug_2019	010	159744	3	float64
data/M02/OP03/good/M02_Aug_2019_OP03_011.h5	857574	570e83317b116088b6e7421f436c095a5790147a	M02	OP03	good	Aug_2019	011	159744	3	float64
data/M02/OP03/good/M02_Aug_2019_OP03_012.h5	857886	d7e13d2291e0b4274fde312095d25f65b97a8b59	M02	OP03	good	Aug_2019	012	159744	3	float64
data/M02/OP03/good/M02_Aug_2019_OP03_013.h5	848703	c2156db90f24dc6c9f1dcbf8ac2fef617ce2443d	M02	OP03	good	Aug_2019	013	157696	3	float64
data/M02/OP03/good/M02_Aug_2019_OP03_014.h5	860984	54df87ff13b3a8fa8453eb77fdb37f5f419b11c4	M02	OP03	good	Aug_2019	014	159744	3	float64
data/M02/OP03/good/M02_Aug_2019_OP03_015.h5	839033	067dd260fb154ebf27457a3421de5ab5f015e085	M02	OP03	good	Aug_2019	015	154624	3	float64
data/M02/OP03/good/M02_Aug_2019_OP03_016.h5	861919	203038475cdacd6f004f7071a72d3b5084f1c67c	M02	OP03	good	Aug_2019	016	159744	3	float64
data/M02/OP03/good/M02_Aug_2020_OP03_000.h5	911123	2a83eee220c7ae0160910c28e1f33d5a9cb9ece3	M02	OP03	good	Aug_2020	000	158720	3	int64
data/M02/OP03/good/M02_Aug_2020_OP03_001.h5	915101	66661e798f7c895d73ad3ce70b3dfc0d24fb624b	M02	OP03	good	Aug_2020	001	160768	3	int64
data/M02/OP03/good/M02_Aug_2020_OP03_002.h5	908498	4281e55e2fd818a71fde2ed6c8cf2ffbf250196a	M02	OP03	good	Aug_2020	002	157696	3	int64
data/M02/OP03/good/M02_Aug_2020_OP03_003.h5	912416	1724584d4bb3efb99093ca8665c6371179b678e3	M02	OP03	good	Aug_2020	003	158720	3	int64
data/M02/OP03/good/M02_Aug_2021_OP03_000.h5	784889	18011bea1972d176f74bc3e6609f343e056cf069	M02	OP03	good	Aug_2021	000	156672	3	int64
data/M02/OP03/good/M02_Feb_2019_OP03_000.h5	774451	5a25e47c54fdd27de2d2ee2684658069039aec6c	M02	OP03	good	Feb_2019	000	162000	3	float32
data/M02/OP03/good/M02_Feb_2020_OP03_000.h5	831112	c69faa89d2483a4f9bd6d0ce2c8b1c66c3a16589	M02	OP03	good	Feb_2020	000	152576	3	int64
data/M02/OP03/good/M02_Feb_2020_OP03_001.h5	862767	05f17a0807e20148aba1fb0eeba8a33d509369f7	M02	OP03	good	Feb_2020	001	158720	3	int64
data/M02/OP03/good/M02_Feb_2020_OP03_002.h5	838612	4f8b8f74ce7852ee0275a58a18283ba6b4be5716	M02	OP03	good	Feb_2020	002	153600	3	int64
data/M02/OP03/good/M02_Feb_2020_OP03_003.h5	860788	7475838e9e381b6a81c41df5ff415d1c7fc7267b	M02	OP03	good	Feb_2020	003	158720	3	int64
data/M02/OP03/good/M02_Feb_2020_OP03_004.h5	848822	fb4d4792bd502a1e0c8a24328c244529b5e85eb5	M02	OP03	good	Feb_2020	004	156672	3	int64
data/M02/OP04/bad/M02_Aug_2019_OP04_000.h5	700089	ed29f1a2add46d9d522b845731be028398f8246b	M02	OP04	bad	Aug_2019	000	119190	3	float64
data/M02/OP04/bad/M02_Feb_2019_OP04_000.h5	716832	b0282f60c60c15e8489cb99662ced927eeb11a86	M02	OP04	bad	Feb_2019	000	124731	3	float32
data/M02/OP04/bad/M02_Feb_2019_OP04_002.h5	722233	8d0017884c62100674fb57928382ba771339f4f7	M02	OP04	bad	Feb_2019	002	125751	3	float32
data/M02/OP04/good/M02_Aug_2019_OP04_000.h5	738919	e12c40f08dbde70b377dacab0c7bb2677ff0a94f	M02	OP04	good	Aug_2019	000	135168	3	float64
data/M02/OP04/good/M02_Aug_2019_OP04_001.h5	741336	6d8bca757c675be1c8f92f92ac26eedc273a1ea5	M02	OP04	good	Aug_2019	001	135168	3	float64
data/M02/OP04/good/M02_Aug_2019_OP04_002.h5	742481	fd8cfcd363969686c0940c2e904d24a09fb7069b	M02	OP04	good	Aug_2019	002	135168	3	float64
data/M02/OP04/good/M02_Aug_2019_OP04_003.h5	742545	c2f69989a045fc01700ca79122c586d7683bed17	M02	OP04	good	Aug_2019	003	135168	3	float64
data/M02/OP04/good/M02_Aug_2019_OP04_004.h5	745062	4e4ce7fe1cce5507b36674a5587ef50c9b9d3971	M02	OP04	good	Aug_2019	004	135168	3	float64
data/M02/OP04/good/M02_Aug_2019_OP04_005.h5	739797	af8c6217505fd4d8844956c532b4ad07000553bd	M02	OP04	good	Aug_2019	005	134144	3	float64
data/M02/OP04/good/M02_Aug_2019_OP04_006.h5	740856	6fc4ef605d4d3ed3b926eb16b01fa738fc75e864	M02	OP04	good	Aug_2019	006	135168	3	float64
data/M02/OP04/good/M02_Aug_2019_OP04_007.h5	743041	fe9536dc30c924e1b4c8cb0a70af497e6aa29831	M02	OP04	good	Aug_2019	007	135168	3	float64
data/M02/OP04/good/M02_Aug_2019_OP04_008.h5	739168	4c2c15efcd54c01ae5cc48c063025b491787e909	M02	OP04	good	Aug_2019	008	135168	3	float64
data/M02/OP04/good/M02_Aug_2019_OP04_009.h5	735133	0ca559e6cfdf3d10e9064d7b47b3393cbf2fa3d3	M02	OP04	good	Aug_2019	009	134144	3	float64
data/M02/OP04/good/M02_Aug_2019_OP04_010.h5	738052	de1021ddd122cec5c72a648da5e52951aca5ba33	M02	OP04	good	Aug_2019	010	135168	3	float64
data/M02/OP04/good/M02_Aug_2020_OP04_000.h5	557922	3585e1b39e5faf4bc25d81237b7d4174ebe4da28	M02	OP04	good	Aug_2020	000	99328	3	int64
data/M02/OP04/good/M02_Aug_2020_OP04_001.h5	552840	bb4047e412e463063f6ea8f36ff16317f487a310	M02	OP04	good	Aug_2020	001	98304	3	int64
data/M02/OP04/good/M02_Aug_2020_OP04_002.h5	558237	1bf5e634b1bfe9264fb087203ea8256ce91ce5ea	M02	OP04	good	Aug_2020	002	99328	3	int64
data/M02/OP04/good/M02_Aug_2020_OP04_003.h5	554900	6bdebd238eea64287f89498ae6a10f5cdd525b5a	M02	OP04	good	Aug_2020	003	98304	3	int64
data/M02/OP04/good/M02_Aug_2020_OP04_004.h5	786567	ad8fbded8e2f855e1dd1b0b527af751b8fc42104	M02	OP04	good	Aug_2020	004	135168	3	int64
data/M02/OP04/good/M02_Aug_2021_OP04_000.h5	743058	0ad83e1f2c042fb9a3e35fddeb706e997395ee6b	M02	OP04	good	Aug_2021	000	140288	3	int64
data/M02/OP04/good/M02_Aug_2021_OP04_001.h5	708396	14be78b37af5da2dc4403226a25d50d05102277d	M02	OP04	good	Aug_2021	001	139264	3	int64
data/M02/OP04/good/M02_Aug_2021_OP04_002.h5	743034	12abb99d9e9ebac1881b6f8fe69276dcdb80cfd9	M02	OP04	good	Aug_2021	002	140288	3	int64
data/M02/OP04/good/M02_Aug_2021_OP04_003.h5	761406	1753153746b17d697e57869cfd8630bf73622036	M02	OP04	good	Aug_2021	003	144384	3	int64
data/M02/OP04/good/M02_Feb_2019_OP04_000.h5	691068	c12cf1e9af0168b379097606f9ebd5233418437f	M02	OP04	good	Feb_2019	000	136800	3	float32
data/M02/OP04/good/M02_Feb_2019_OP04_001.h5	691729	f40e9397f831a040620517fc361cbfee33eebb97	M02	OP04	good	Feb_2019	001	136800	3	float32
data/M02/OP04/good/M02_Feb_2019_OP04_002.h5	683798	a825d875b01fbe3fb5bf476a41f5d314ecd338de	M02	OP04	good	Feb_2019	002	135600	3	float32
data/M02/OP04/good/M02_Feb_2021_OP04_000.h5	706979	c1e43b75618df147154e3b8ff02d5912d5f95307	M02	OP04	good	Feb_2021	000	136192	3	int64
data/M02/OP04/good/M02_Feb_2021_OP04_001.h5	710624	99ad5a7f8031a483b2108bf72b746c71b17c1795	M02	OP04	good	Feb_2021	001	138240	3	int64
data/M02/OP04/good/M02_Feb_2021_OP04_002.h5	700538	fbd45a01d4cc8b37bddd8c91e47f46a25c449cfc	M02	OP04	good	Feb_2021	002	134144	3	int64
data/M02/OP04/good/M02_Feb_2021_OP04_003.h5	708897	c254703ca3ac13d6e5f6541c597eb68a53792e2e	M02	OP04	good	Feb_2021	003	139264	3	int64
data/M02/OP04/good/M02_Feb_2021_OP04_004.h5	748582	68b5fa4c84d4f3a4cef40b508231402cfeaf3cb7	M02	OP04	good	Feb_2021	004	141312	3	int64
data/M02/OP04/good/M02_Feb_2021_OP04_005.h5	706288	e7401764d7fd54017489ed910d9d41471a97362f	M02	OP04	good	Feb_2021	005	136192	3	int64
data/M02/OP05/bad/M02_Feb_2019_OP05_000.h5	150340	ffc0b6c2a352dd8e91cbe00b8e0e25c6dfeeb5a0	M02	OP05	bad	Feb_2019	000	30191	3	float32
data/M02/OP05/bad/M02_Feb_2019_OP05_001.h5	149905	65c6dc78402d728df149cf5f87c1586a50c50eb0	M02	OP05	bad	Feb_2019	001	30041	3	float32
data/M02/OP05/good/M02_Aug_2019_OP05_000.h5	195662	bf78447b25e58e901d792595d6295018e93366a2	M02	OP05	good	Aug_2019	000	40960	3	float64
data/M02/OP05/good/M02_Aug_2019_OP05_001.h5	198167	ca90548bb58fee97731d365eee8d7ee6b6eaa910	M02	OP05	good	Aug_2019	001	41984	3	float64
data/M02/OP05/good/M02_Aug_2019_OP05_002.h5	195948	5fe2b6f2363d932585e336bda215e1d180b01de3	M02	OP05	good	Aug_2019	002	40960	3	float64
data/M02/OP05/good/M02_Aug_2019_OP05_003.h5	195224	2c0a3ca66f8e437f8c9aa4898b0ae854379905ef	M02	OP05	good	Aug_2019	003	40960	3	float64
data/M02/OP05/good/M02_Aug_2019_OP05_004.h5	194758	2bce01f07b6cc8ae58f765d0541f048e7859abea	M02	OP05	good	Aug_2019	004	40960	3	float64
data/M02/OP05/good/M02_Aug_2019_OP05_005.h5	198992	0138713c24fb4a4da0adf6224147cdc71e7bae53	M02	OP05	good	Aug_2019	005	41984	3	float64
data/M02/OP05/good/M02_Aug_2019_OP05_006.h5	188945	270ef5b01c1c929bfea7dd2ff4567119c0588fd6	M02	OP05	good	Aug_2019	006	38912	3	float64
data/M02/OP05/good/M02_Aug_2019_OP05_007.h5	181760	8c537d1632fe21fbf8f983337c981f31288375a4	M02	OP05	good	Aug_2019	007	37888	3	float64
data/M02/OP05/good/M02_Aug_2019_OP05_008.h5	198158	27fc05a5ddd9ab45163dbfa7572ee92277422a15	M02	OP05	good	Aug_2019	008	41984	3	float64
data/M02/OP05/good/M02_Aug_2019_OP05_009.h5	198033	4ea017bc97eb93f13681284d662443004cccdc93	M02	OP05	good	Aug_2019	009	41984	3	float64
data/M02/OP05/good/M02_Aug_2019_OP05_010.h5	178598	abc3d6ce7a90754f0233480e5cbe581062810fe5	M02	OP05	good	Aug_2019	010	36864	3	float64
data/M02/OP05/good/M02_Aug_2019_OP05_011.h5	178352	da5a47abf5ec80f1b0f8aa723b82523b4a565a98	M02	OP05	good	Aug_2019	011	36864	3	float64
data/M02/OP05/good/M02_Aug_2019_OP05_012.h5	195643	4e0b108008c137f5bdabf1cffa66d24d298fcb4d	M02	OP05	good	Aug_2019	012	40960	3	float64
data/M02/OP05/good/M02_Aug_2019_OP05_013.h5	197690	b397f9136728736fa5c9edfcb8631d21be36d7bf	M02	OP05	good	Aug_2019	013	41984	3	float64
data/M02/OP05/good/M02_Aug_2019_OP05_014.h5	197983	cfc1f64feab3ace016873fed351f46a0a4adb3ea	M02	OP05	good	Aug_2019	014	41984	3	float64
data/M02/OP05/good/M02_Aug_2019_OP05_015.h5	196430	1c122d97168883ed0dd89cf41acbc32e4d300bf8	M02	OP05	good	Aug_2019	015	41984	3	float64
data/M02/OP05/good/M02_Aug_2019_OP05_016.h5	177510	ad2abb28f197df3089fa1d0a492f463be536dfd8	M02	OP05	good	Aug_2019	016	36864	3	float64
data/M02/OP05/good/M02_Aug_2019_OP05_017.h5	198269	6805c86bf717bc7b8ca764f493a875c3a8d95c8b	M02	OP05	good	Aug_2019	017	41984	3	float64
data/M02/OP05/good/M02_Aug_2020_OP05_000.h5	201207	cba51d1a4df8f70a71ff0fe37c99280200d72a7b	M02	OP05	good	Aug_2020	000	41984	3	int64
data/M02/OP05/good/M02_Aug_2020_OP05_001.h5	201051	c8f062f8423f83be248cf024c269da6d7c8dfa47	M02	OP05	good	Aug_2020	001	41984	3	int64
data/M02/OP05/good/M02_Aug_2020_OP05_002.h5	197559	6a840f90cd667cf8625af8d635ff7a3ce329b29f	M02	OP05	good	Aug_2020	002	40960	3	int64
data/M02/OP05/good/M02_Aug_2020_OP05_003.h5	182448	4196125cb030255e0b1cefd2dfd14e2d9b3e0b03	M02	OP05	good	Aug_2020	003	36864	3	int64
data/M02/OP05/good/M02_Aug_2021_OP05_000.h5	191405	65e9d3ce04ad4638561fb5ae9d5edec97c4becd7	M02	OP05	good	Aug_2021	000	41984	3	int64
data/M02/OP05/good/M02_Aug_2021_OP05_001.h5	189874	871614cdf6405f76a1cfbcf925cac2c8e0387ae0	M02	OP05	good	Aug_2021	001	41984	3	int64
data/M02/OP05/good/M02_Feb_2019_OP05_000.h5	191377	7bf1d6e8f2724bb1b1e469667ad43fac4e99f022	M02	OP05	good	Feb_2019	000	43200	3	float32
data/M02/OP05/good/M02_Feb_2020_OP05_000.h5	186666	dc0bb305c48b8ecd847bf896108d7221a208a06b	M02	OP05	good	Feb_2020	000	41984	3	int64
data/M02/OP05/good/M02_Feb_2020_OP05_001.h5	187064	45056bf540a6890338095d1d401bab45fdf6f5d7	M02	OP05	good	Feb_2020	001	41984	3	int64
data/M02/OP05/good/M02_Feb_2020_OP05_002.h5	186592	826ea29e98e783b1e502e504e97d0ef888c8d895	M02	OP05	good	Feb_2020	002	41984	3	int64
data/M02/OP05/good/M02_Feb_2020_OP05_003.h5	187242	24284a857da0136450ed9548bf8afa42600991bb	M02	OP05	good	Feb_2020	003	41984	3	int64
data/M02/OP05/good/M02_Feb_2020_OP05_004.h5	184707	fcaaa81db4bc1c73dfff77b95dc21cd0d7109bac	M02	OP05	good	Feb_2020	004	40960	3	int64
data/M02/OP05/good/M02_Feb_2020_OP05_005.h5	190226	884e9bf37fd3711c1a743256a7eb8686a43c502d	M02	OP05	good	Feb_2020	005	43008	3	int64
data/M02/OP05/good/M02_Feb_2021_OP05_000.h5	194334	1f2eef3bf1ad470ddca817e668786e2c45ab4f0d	M02	OP05	good	Feb_2021	000	43008	3	int64
data/M02/OP05/good/M02_Feb_2021_OP05_001.h5	200769	8bd32eb908bb8e7670b3adf3d8461c449911cc98	M02	OP05	good	Feb_2021	001	44032	3	int64
data/M02/OP05/good/M02_Feb_2021_OP05_002.h5	206697	62f69238889b443b625dc20eb7f8cd9c3fc0679a	M02	OP05	good	Feb_2021	002	45056	3	int64
data/M02/OP05/good/M02_Feb_2021_OP05_003.h5	200098	f299521fc7462cc9a64a4478cdb1ea57641ce913	M02	OP05	good	Feb_2021	003	43008	3	int64
data/M02/OP05/good/M02_Feb_2021_OP05_004.h5	200793	9a9601696f480c1cc19462e9eec3230c1d07bad9	M02	OP05	good	Feb_2021	004	44032	3	int64
data/M02/OP05/good/M02_Feb_2021_OP05_005.h5	184633	54f7c204d4a7679390a34d9a6a74cc8f83fc980f	M02	OP05	good	Feb_2021	005	39936	3	int64
data/M02/OP05/good/M02_Feb_2021_OP05_006.h5	199946	945f2b5ed8bd6140db7da0da3e6a3681eb6fb8ce	M02	OP05	good	Feb_2021	006	44032	3	int64
data/M02/OP05/good/M02_Feb_2021_OP05_007.h5	180217	45b0f928a0bdfbf404e8e2a7f30e2a67fe756370	M02	OP05	good	Feb_2021	007	38912	3	int64
data/M02/OP05/good/M02_Feb_2021_OP05_008.h5	197743	cef70a5c008470dd7385e88cefa0733132ef07cd	M02	OP05	good	Feb_2021	008	43008	3	int64
data/M02/OP05/good/M02_Feb_2021_OP05_009.h5	205286	e3943ba4bc38c88fa2b085c5e04d14c8ebf92c3d	M02	OP05	good	Feb_2021	009	45056	3	int64
data/M02/OP05/good/M02_Feb_2021_OP05_010.h5	198179	a8b04aee9514a7220d51b43edc5b093466d10f9b	M02	OP05	good	Feb_2021	010	43008	3	int64
data/M02/OP06/good/M02_Aug_2019_OP06_000.h5	1032970	8dea2f5e90a9b67777ece98afb461bcd2c0691e6	M02	OP06	good	Aug_2019	000	187392	3	float64
data/M02/OP06/good/M02_Aug_2019_OP06_001.h5	1031071	7d7acfce20b452c84cb4170a861596a75e6101d6	M02	OP06	good	Aug_2019	001	188416	3	float64
data/M02/OP06/good/M02_Aug_2019_OP06_002.h5	1009879	7b621a6162a32b3894fe0f1bbf2eb6cfff5ff9df	M02	OP06	good	Aug_2019	002	184320	3	float64
data/M02/OP06/good/M02_Aug_2019_OP06_003.h5	1030853	0bc48105f3235175ec5482b7f3df0c711547bd9e	M02	OP06	good	Aug_2019	003	188416	3	float64
data/M02/OP06/good/M02_Aug_2019_OP06_004.h5	1026379	31ffb8f6a7ee08c0e97440131d775742fefe3f3e	M02	OP06	good	Aug_2019	004	187392	3	float64
data/M02/OP06/good/M02_Aug_2019_OP06_005.h5	1030356	f84e631eaad2e80e8d5e0be4c8270370a52207e4	M02	OP06	good	Aug_2019	005	187392	3	float64
data/M02/OP06/good/M02_Aug_2019_OP06_006.h5	1035590	d73de4727c9b260ff1329b4d06e6e0c66f3fe6f8	M02	OP06	good	Aug_2019	006	188416	3	float64
data/M02/OP06/good/M02_Aug_2019_OP06_007.h5	1033977	6be3c860d199c501064bd5f5df97037c841ff9d7	M02	OP06	good	Aug_2019	007	187392	3	float64
data/M02/OP06/good/M02_Aug_2019_OP06_008.h5	1040372	cbb3ce69044e507e4c3c16bb49a2c91f97730695	M02	OP06	good	Aug_2019	008	188416	3	float64
data/M02/OP06/good/M02_Aug_2019_OP06_009.h5	1024973	f2e3fe8add320507b34e89b15fe128b3efe6b26d	M02	OP06	good	Aug_2019	009	187392	3	float64
data/M02/OP06/good/M02_Aug_2019_OP06_010.h5	1026981	714c24c90dde2ab2e529d06dd32b4b59d9b3a32a	M02	OP06	good	Aug_2019	010	187392	3	float64
data/M02/OP06/good/M02_Aug_2019_OP06_011.h5	1015037	998ad7ea13e0e95462381037583c9ae504b7f390	M02	OP06	good	Aug_2019	011	186368	3	float64
data/M02/OP06/good/M02_Aug_2019_OP06_012.h5	1026289	cd6384b9e400d1e67d6af03d39c0e33eb280ce24	M02	OP06	good	Aug_2019	012	188416	3	float64
data/M02/OP06/good/M02_Aug_2019_OP06_013.h5	1018646	b1ec47ee102faa315bc4bb7832bbc7321f6ae25f	M02	OP06	good	Aug_2019	013	187392	3	float64
data/M02/OP06/good/M02_Aug_2019_OP06_014.h5	1027493	fda0a9c70089243284451e8de2bca999a7fc9d11	M02	OP06	good	Aug_2019	014	187392	3	float64
data/M02/OP06/good/M02_Aug_2019_OP06_015.h5	1028117	a4fba43c13a438ce6182d8cf5e12e302f4f3b22a	M02	OP06	good	Aug_2019	015	187392	3	float64
data/M02/OP06/good/M02_Aug_2019_OP06_016.h5	1012424	147888f54d8f82a6f77f555f03279e7bdc1570ae	M02	OP06	good	Aug_2019	016	183296	3	float64
data/M02/OP06/good/M02_Aug_2020_OP06_000.h5	1062043	012dc7dbf05877dc723140379ed459a2325dbc81	M02	OP06	good	Aug_2020	000	185344	3	int64
data/M02/OP06/good/M02_Aug_2020_OP06_001.h5	1074248	689ef64e75e8e11bf83a260683718c54ad9aadb0	M02	OP06	good	Aug_2020	001	189440	3	int64
data/M02/OP06/good/M02_Aug_2020_OP06_002.h5	1059907	e1082bf53c1dff530a0111902e81cb1d2d6dfc7b	M02	OP06	good	Aug_2020	002	184320	3	int64
data/M02/OP06/good/M02_Aug_2020_OP06_003.h5	1074361	03c9a12dac94874c08b185f3a0da1a94b4b98ec9	M02	OP06	good	Aug_2020	003	188416	3	int64
data/M02/OP06/good/M02_Aug_2021_OP06_000.h5	958510	30fce44dd9a7867f70b541973d01bdc7f3d1cc35	M02	OP06	good	Aug_2021	000	188416	3	int64
data/M02/OP06/good/M02_Aug_2021_OP06_001.h5	905568	b66d41bcddaad5d421cd0972c9424acdcae307d6	M02	OP06	good	Aug_2021	001	189440	3	int64
data/M02/OP06/good/M02_Feb_2019_OP06_000.h5	902948	ae0ec871f4b88fa5134af1dc059bf8fa96586bad	M02	OP06	good	Feb_2019	000	187200	3	float32
data/M02/OP06/good/M02_Feb_2020_OP06_000.h5	1022208	62bbf7b31f297f98e6e6b9e488b293d670735be3	M02	OP06	good	Feb_2020	000	188416	3	int64
data/M02/OP06/good/M02_Feb_2020_OP06_001.h5	1020553	603a303f59a1c7b8025681f6b3bf3b05aeac51c6	M02	OP06	good	Feb_2020	001	188416	3	int64
data/M02/OP06/good/M02_Feb_2020_OP06_002.h5	1026491	40491582b04a4dcc618bba03155d41839df253e0	M02	OP06	good	Feb_2020	002	188416	3	int64
data/M02/OP06/good/M02_Feb_2020_OP06_003.h5	1009749	9331cc12bf9605b4087a85fb9e692968bed8b274	M02	OP06	good	Feb_2020	003	184320	3	int64
data/M02/OP06/good/M02_Feb_2020_OP06_004.h5	1026126	3632115ff06e765a1e3390260a3e66a15739ae47	M02	OP06	good	Feb_2020	004	188416	3	int64
data/M02/OP06/good/M02_Feb_2020_OP06_005.h5	1008338	aa3b8ded3ef74c58bd63ee777c8cfc844d8b8bc1	M02	OP06	good	Feb_2020	005	184320	3	int64
data/M02/OP07/bad/M02_Aug_2019_OP07_000.h5	218730	ce495cd1e0a1a3390a61ab433f71a38c8b8acf5b	M02	OP07	bad	Aug_2019	000	34447	3	float64
data/M02/OP07/bad/M02_Feb_2019_OP07_000.h5	213501	0432dc1b6c66e6f55bf16e9d1c8e7e78f48024e6	M02	OP07	bad	Feb_2019	000	37531	3	float32
data/M02/OP07/bad/M02_Feb_2019_OP07_001.h5	212865	b63f60bba1c5eab9be588f118e0280a18568e05d	M02	OP07	bad	Feb_2019	001	37671	3	float32
data/M02/OP07/good/M02_Aug_2019_OP07_000.h5	258044	edc28091d9a7d0271721085f368ee5c5fa88025a	M02	OP07	good	Aug_2019	000	50176	3	float64
data/M02/OP07/good/M02_Aug_2019_OP07_001.h5	258543	173be41166e27db9322a879d7c9dd6f7bacabef2	M02	OP07	good	Aug_2019	001	50176	3	float64
data/M02/OP07/good/M02_Aug_2019_OP07_002.h5	257459	98df27083502e01d38c9bea013928892ed8466b5	M02	OP07	good	Aug_2019	002	50176	3	float64
data/M02/OP07/good/M02_Aug_2019_OP07_003.h5	258419	01ccd52b10f6a280588bba1c8d4cab7fc49c1981	M02	OP07	good	Aug_2019	003	50176	3	float64
data/M02/OP07/good/M02_Aug_2019_OP07_004.h5	260196	369e633874c3bf5b28fb8dc55b7a1c77a27ff102	M02	OP07	good	Aug_2019	004	50176	3	float64
data/M02/OP07/good/M02_Aug_2019_OP07_005.h5	257457	1af6c9e23b8a5dde6e0e612fda7b2bfb882ea252	M02	OP07	good	Aug_2019	005	49152	3	float64
data/M02/OP07/good/M02_Aug_2019_OP07_006.h5	255636	3cc7eaaf33613a39d45e45b565c8ece7679f70ba	M02	OP07	good	Aug_2019	006	49152	3	float64
data/M02/OP07/good/M02_Aug_2019_OP07_007.h5	259853	7fcc1fde061689f4edc24a681be6ea0b18919f42	M02	OP07	good	Aug_2019	007	50176	3	float64
data/M02/OP07/good/M02_Aug_2019_OP07_008.h5	257396	7b6ec6f1a6835f1dd5aab9d221b1b56e14cb7d01	M02	OP07	good	Aug_2019	008	49152	3	float64
data/M02/OP07/good/M02_Aug_2019_OP07_009.h5	257500	36dbb46881af8bd4a9ccc7faa2e0bb6b12dec7b0	M02	OP07	good	Aug_2019	009	49152	3	float64
data/M02/OP07/good/M02_Aug_2019_OP07_010.h5	256074	c96e6d23641222d88f3dedd76860268529749b13	M02	OP07	good	Aug_2019	010	49152	3	float64
data/M02/OP07/good/M02_Aug_2019_OP07_011.h5	255597	02144788fa65e76767f82ef6ac52a27547c4a850	M02	OP07	good	Aug_2019	011	49152	3	float64
data/M02/OP07/good/M02_Aug_2019_OP07_012.h5	256089	98304e6226cc01a126c1520b9de36295a010ea3d	M02	OP07	good	Aug_2019	012	49152	3	float64
data/M02/OP07/good/M02_Aug_2019_OP07_013.h5	259150	7c6532c9ede12042ab63dbce8e09c2c05227e60d	M02	OP07	good	Aug_2019	013	50176	3	float64
data/M02/OP07/good/M02_Aug_2019_OP07_014.h5	254685	4ebf28c62890fc6e1752a69ed5f96349eec0496c	M02	OP07	good	Aug_2019	014	49152	3	float64
data/M02/OP07/good/M02_Aug_2019_OP07_015.h5	257406	68fd1aa0d0a8e27d7042a58d9b62923065e24fcb	M02	OP07	good	Aug_2019	015	49152	3	float64
data/M02/OP07/good/M02_Aug_2019_OP07_016.h5	255671	815ebd140e3e75a73daa0c53203db8a6b752c456	M02	OP07	good	Aug_2019	016	49152	3	float64
data/M02/OP07/good/M02_Aug_2019_OP07_017.h5	259990	67b6281db4756c18f6a06070da7c736c210f570e	M02	OP07	good	Aug_2019	017	50176	3	float64
data/M02/OP07/good/M02_Aug_2019_OP07_018.h5	260082	795fdd2c6c03535ab2d0d72f8c90b51b4bcabf41	M02	OP07	good	Aug_2019	018	50176	3	float64
data/M02/OP07/good/M02_Aug_2019_OP07_019.h5	255632	600febb2c29accb8954d45c8cf551377a35babc4	M02	OP07	good	Aug_2019	019	49152	3	float64
data/M02/OP07/good/M02_Aug_2019_OP07_020.h5	256728	e9a50df28208478c8980411942fff05af88ff49d	M02	OP07	good	Aug_2019	020	49152	3	float64
data/M02/OP07/good/M02_Aug_2020_OP07_000.h5	252773	30a915a0ce40f011b3dc8513f6ca2fc3ec6c600d	M02	OP07	good	Aug_2020	000	50176	3	int64
data/M02/OP07/good/M02_Aug_2020_OP07_001.h5	252326	2e693fb02b0797417e90c5d460eb7f4b829ed80f	M02	OP07	good	Aug_2020	001	50176	3	int64
data/M02/OP07/good/M02_Aug_2020_OP07_002.h5	250425	f143ba58f2dec1c5b4fcde6d079babdf44c67a8c	M02	OP07	good	Aug_2020	002	49152	3	int64
data/M02/OP07/good/M02_Aug_2020_OP07_003.h5	250128	46d83d132574de34bd84aeab1d307ce77010d941	M02	OP07	good	Aug_2020	003	49152	3	int64
data/M02/OP07/good/M02_Aug_2020_OP07_004.h5	260278	823f3c5456fb83ee893ead5a76ad449d6aa6d8a8	M02	OP07	good	Aug_2020	004	49152	3	int64
data/M02/OP07/good/M02_Aug_2021_OP07_000.h5	251779	259ca01c18a5acd208e85c646a9fc70f5e8c0c52	M02	OP07	good	Aug_2021	000	51200	3	int64
data/M02/OP07/good/M02_Aug_2021_OP07_001.h5	248233	95b32b132249418eb945a2934dc7db9af5ccf3bc	M02	OP07	good	Aug_2021	001	50176	3	int64
data/M02/OP07/good/M02_Aug_2021_OP07_002.h5	250091	8de2901b6ca54df44c7c77b11885321b85cc7450	M02	OP07	good	Aug_2021	002	50176	3	int64
data/M02/OP07/good/M02_Aug_2021_OP07_003.h5	251268	9d57ddb758d9e510fdddd1901d5cfdcba11c8b1f	M02	OP07	good	Aug_2021	003	50176	3	int64
data/M02/OP07/good/M02_Feb_2019_OP07_000.h5	242729	31c10ee0e0edffc078f806748be1a1ced658a0fc	M02	OP07	good	Feb_2019	000	50400	3	float32
data/M02/OP07/good/M02_Feb_2019_OP07_001.h5	243959	9a66e61938046d67b15c778ad979c1b0a67c0f0c	M02	OP07	good	Feb_2019	001	50400	3	float32
data/M02/OP07/good/M02_Feb_2019_OP07_002.h5	240321	60fdb44ab1fcb0dbc19e6308a54eb2542b7e7d44	M02	OP07	good	Feb_2019	002	49200	3	float32
data/M02/OP07/good/M02_Feb_2020_OP07_000.h5	238076	f3c9d9afe99268635dd9923966e82dc974ce8909	M02	OP07	good	Feb_2020	000	48128	3	int64
data/M02/OP07/good/M02_Feb_2020_OP07_001.h5	241689	ced48e05bc33c166d2d2c33e7e6bd3ae39b5e5d8	M02	OP07	good	Feb_2020	001	49152	3	int64
data/M02/OP07/good/M02_Feb_2020_OP07_002.h5	240771	7c38ef171929c41364f8cbacf88c7fb89a49c315	M02	OP07	good	Feb_2020	002	49152	3	int64
data/M02/OP07/good/M02_Feb_2020_OP07_003.h5	241329	6a9ecf72f5afdf41c46f22d611f64406486ff81e	M02	OP07	good	Feb_2020	003	49152	3	int64
data/M02/OP07/good/M02_Feb_2020_OP07_004.h5	226068	72f6496ae801dbfbd9106120e829dee1a667de99	M02	OP07	good	Feb_2020	004	45056	3	int64
data/M02/OP07/good/M02_Feb_2020_OP07_005.h5	241934	f1b22b819b0246b05d7cd8c5932854976b3e1081	M02	OP07	good	Feb_2020	005	49152	3	int64
data/M02/OP07/good/M02_Feb_2020_OP07_006.h5	242455	c1d59f738b8ebd3f4f17db8f6317258bdfd75bb9	M02	OP07	good	Feb_2020	006	49152	3	int64
data/M02/OP07/good/M02_Feb_2021_OP07_000.h5	252032	b9a2ca695adee0bf25108fb0d9270c6af23c166a	M02	OP07	good	Feb_2021	000	51200	3	int64
data/M02/OP07/good/M02_Feb_2021_OP07_001.h5	267693	185edd572067f8ee4f00b4ce41f50b5564d713c9	M02	OP07	good	Feb_2021	001	52224	3	int64
data/M02/OP07/good/M02_Feb_2021_OP07_002.h5	273961	02473b016707f20fe2a88aa67407ee3b00b30ce4	M02	OP07	good	Feb_2021	002	53248	3	int64
data/M02/OP07/good/M02_Feb_2021_OP07_003.h5	276508	94ac53bf9301dc8921fb8f1cb3d49507ea05c6c3	M02	OP07	good	Feb_2021	003	54272	3	int64
data/M02/OP07/good/M02_Feb_2021_OP07_004.h5	271680	41a549d2f2a486b2e2ff02725de295c8e5cd6904	M02	OP07	good	Feb_2021	004	52224	3	int64
data/M02/OP07/good/M02_Feb_2021_OP07_005.h5	274955	fcd51326a1309b8d672083ce45b66233c899a529	M02	OP07	good	Feb_2021	005	54272	3	int64
data/M02/OP07/good/M02_Feb_2021_OP07_006.h5	268555	06d4b2f9404ddd7aa1512eb2c91ffa230b17d4cd	M02	OP07	good	Feb_2021	006	52224	3	int64
data/M02/OP07/good/M02_Feb_2021_OP07_007.h5	268980	2648a585050b2d3a360738fcccdd048f745f5c1b	M02	OP07	good	Feb_2021	007	52224	3	int64
data/M02/OP07/good/M02_Feb_2021_OP07_008.h5	268553	69c0a904fb2cf7c95d6c076a6e3dfa32e74f302a	M02	OP07	good	Feb_2021	008	52224	3	int64
data/M02/OP07/good/M02_Feb_2021_OP07_009.h5	270181	24fd938b9478b5399bbf1b517880eda414d55877	M02	OP07	good	Feb_2021	009	52224	3	int64
data/M02/OP07/good/M02_Feb_2021_OP07_010.h5	275757	729c2d407b6c1411f71265f374d062de28759ba6	M02	OP07	good	Feb_2021	010	54272	3	int64
data/M02/OP07/good/M02_Feb_2021_OP07_011.h5	272106	41d2b0827becdb8e91da3e315f9003463a042068	M02	OP07	good	Feb_2021	011	52224	3	int64
data/M02/OP08/bad/M02_Aug_2019_OP08_000.h5	350799	0a652dbea49ee195bb6c8bf42fbc82503b083cda	M02	OP08	bad	Aug_2019	000	59184	3	float64
data/M02/OP08/bad/M02_Aug_2021_OP08_000.h5	386817	b197d6a58d6fabefecf25c8c973b04aaf0fe869e	M02	OP08	bad	Aug_2021	000	70000	3	int64
data/M02/OP08/bad/M02_Feb_2019_OP08_000.h5	327338	a18e6d11bb88dc4d9a938a9282684a08e7e8a5b3	M02	OP08	bad	Feb_2019	000	63811	3	float32
data/M02/OP08/bad/M02_Feb_2019_OP08_001.h5	327476	a021a8dc15968c693fbe007919297c542e77d033	M02	OP08	bad	Feb_2019	001	64071	3	float32
data/M02/OP08/good/M02_Aug_2019_OP08_000.h5	402348	0dde7777df3597b773bc614d2b04ea5f48ca919c	M02	OP08	good	Aug_2019	000	75776	3	float64
data/M02/OP08/good/M02_Aug_2019_OP08_001.h5	392490	18cacdfa27aa4ec3f7417376170722fa73b8d9c9	M02	OP08	good	Aug_2019	001	73728	3	float64
data/M02/OP08/good/M02_Aug_2019_OP08_002.h5	399873	fd858de71794cd5dda6d7fb43793f268c4e75703	M02	OP08	good	Aug_2019	002	75776	3	float64
data/M02/OP08/good/M02_Aug_2019_OP08_003.h5	397432	d72ca5341886d1896d373f42b7f5ac194319cd1c	M02	OP08	good	Aug_2019	003	74752	3	float64
data/M02/OP08/good/M02_Aug_2019_OP08_004.h5	401195	b0807ecd04ee4db470cbb9353b211f5a40073e18	M02	OP08	good	Aug_2019	004	75776	3	float64
data/M02/OP08/good/M02_Aug_2019_OP08_005.h5	401352	5b6bdcd813c7bbe8faace03f6686651f30e0bea3	M02	OP08	good	Aug_2019	005	75776	3	float64
data/M02/OP08/good/M02_Aug_2019_OP08_006.h5	401593	79195b940980f34ca5766263101ded1c36820097	M02	OP08	good	Aug_2019	006	75776	3	float64
data/M02/OP08/good/M02_Aug_2019_OP08_007.h5	397433	e0399ae20c275a66746ddb0c1941dfc61ea2155a	M02	OP08	good	Aug_2019	007	74752	3	float64
data/M02/OP08/good/M02_Aug_2019_OP08_008.h5	401156	13d9b962d5514ff4a7a466862e342d3ed787b679	M02	OP08	good	Aug_2019	008	75776	3	float64
data/M02/OP08/good/M02_Aug_2019_OP08_009.h5	401953	90301e9657858ae7e53b1146d39fefbaf02fc218	M02	OP08	good	Aug_2019	009	75776	3	float64
data/M02/OP08/good/M02_Aug_2019_OP08_010.h5	379538	320a33143cafb0429216ad393de7a6bb3af0bd95	M02	OP08	good	Aug_2019	010	70656	3	float64
data/M02/OP08/good/M02_Aug_2019_OP08_011.h5	396988	e5f6f8708ecf9f2408367263ceaac431ca6e738c	M02	OP08	good	Aug_2019	011	74752	3	float64
data/M02/OP08/good/M02_Aug_2019_OP08_012.h5	397683	c55688ec42745ea9ba9223e1639c646b5372934c	M02	OP08	good	Aug_2019	012	74752	3	float64
data/M02/OP08/good/M02_Aug_2019_OP08_013.h5	399494	6d57cf5c5a93ffc1de811948895d7f41b06cb7a1	M02	OP08	good	Aug_2019	013	75776	3	float64
data/M02/OP08/good/M02_Aug_2019_OP08_014.h5	383046	401b3854da2c92a7c4901358d0d8a96abf7ee76d	M02	OP08	good	Aug_2019	014	71680	3	float64
data/M02/OP08/good/M02_Aug_2019_OP08_015.h5	400889	ace737934bb6b43d92e82cc73312a0fd6de7150b	M02	OP08	good	Aug_2019	015	75776	3	float64
data/M02/OP08/good/M02_Aug_2019_OP08_016.h5	401969	951b1b8f361a505e28d6c7e373add89e80bb4fd1	M02	OP08	good	Aug_2019	016	75776	3	float64
data/M02/OP08/good/M02_Aug_2019_OP08_017.h5	400555	ab8542f08ec7aacb3ecb8b0aee4718f8946beca0	M02	OP08	good	Aug_2019	017	75776	3	float64
data/M02/OP08/good/M02_Aug_2020_OP08_000.h5	411166	661e7d08df5edea5def7052cdfd8fa010dade899	M02	OP08	good	Aug_2020	000	71680	3	int64
data/M02/OP08/good/M02_Aug_2020_OP08_001.h5	426266	7fdf886c2f93a69aa409af56a9d104c4269a00cd	M02	OP08	good	Aug_2020	001	75776	3	int64
data/M02/OP08/good/M02_Aug_2020_OP08_002.h5	427111	b3f6c370ccfd5dfa4ad9dcd2e4452175ba1ac9b5	M02	OP08	good	Aug_2020	002	75776	3	int64
data/M02/OP08/good/M02_Aug_2020_OP08_003.h5	427571	f12002fd7b4c035788eea823f03dd4096534bb15	M02	OP08	good	Aug_2020	003	75776	3	int64
data/M02/OP08/good/M02_Aug_2021_OP08_000.h5	379462	51c1a032c59bd75f4fc43ba4950337b943fbf3b2	M02	OP08	good	Aug_2021	000	76800	3	int64
data/M02/OP08/good/M02_Aug_2021_OP08_001.h5	383917	1557e06fb239c0e997d815bc3f286c39e5b32eaa	M02	OP08	good	Aug_2021	001	77824	3	int64
data/M02/OP08/good/M02_Feb_2019_OP08_000.h5	344214	2f4503ca41d913818ec9770abab7e0881632556f	M02	OP08	good	Feb_2019	000	73200	3	float32
data/M02/OP08/good/M02_Feb_2020_OP08_000.h5	399331	80fee10f5b6b6b3ff5e541b953a341912d1e09ee	M02	OP08	good	Feb_2020	000	75776	3	int64
data/M02/OP08/good/M02_Feb_2020_OP08_001.h5	398589	a7717eb0166e6c63694ecbf26115c5f0de20229b	M02	OP08	good	Feb_2020	001	75776	3	int64
data/M02/OP08/good/M02_Feb_2020_OP08_002.h5	403529	5bf7383679f22cdaf92170895fdc376d0b77e4e9	M02	OP08	good	Feb_2020	002	75776	3	int64
data/M02/OP08/good/M02_Feb_2020_OP08_003.h5	401139	d43957ee9e592e7ac72f3bd005943ac9be0d713f	M02	OP08	good	Feb_2020	003	75776	3	int64
data/M02/OP08/good/M02_Feb_2020_OP08_004.h5	401914	d475b350bb3b85211fb395d291863aec02899db3	M02	OP08	good	Feb_2020	004	75776	3	int64
data/M02/OP08/good/M02_Feb_2020_OP08_005.h5	403920	8f6e2c5cf435594fa6873e78c37ae0fc3c25cc39	M02	OP08	good	Feb_2020	005	75776	3	int64
data/M02/OP08/good/M02_Feb_2021_OP08_000.h5	396428	0b012a94379009269b529a4516ea2be7791cfa33	M02	OP08	good	Feb_2021	000	79872	3	int64
data/M02/OP08/good/M02_Feb_2021_OP08_001.h5	398360	7dd476fe8d3748b2793cea89715fc0a021503633	M02	OP08	good	Feb_2021	001	79872	3	int64
data/M02/OP08/good/M02_Feb_2021_OP08_002.h5	408020	8e95690fd0f49fc39180aa26adf65db0edff83c6	M02	OP08	good	Feb_2021	002	81920	3	int64
data/M02/OP08/good/M02_Feb_2021_OP08_003.h5	406598	5d8f39e57208c9a34211db4c4f37d67e6b0ff173	M02	OP08	good	Feb_2021	003	80896	3	int64
data/M02/OP08/good/M02_Feb_2021_OP08_004.h5	401416	b4e8f161244d5854149c48c33c988cc56c1f2e89	M02	OP08	good	Feb_2021	004	80896	3	int64
data/M02/OP08/good/M02_Feb_2021_OP08_005.h5	401211	2cc9595bdf24160ed40b9d497e655a27e796fcc7	M02	OP08	good	Feb_2021	005	79872	3	int64
data/M02/OP08/good/M02_Feb_2021_OP08_006.h5	389015	2b211e91c48c5d2ebb3fd0719923fae3db318733	M02	OP08	good	Feb_2021	006	75776	3	int64
data/M02/OP08/good/M02_Feb_2021_OP08_007.h5	386827	f859f044def8705efe97dee9c434f2836de39a01	M02	OP08	good	Feb_2021	007	75776	3	int64
data/M02/OP08/good/M02_Feb_2021_OP08_008.h5	400022	ac9f81b9873eec46ff1438a1f7585426696c5625	M02	OP08	good	Feb_2021	008	79872	3	int64
data/M02/OP08/good/M02_Feb_2021_OP08_009.h5	411276	2dd2021d4f0b138a049852b0bb728265bacf70bf	M02	OP08	good	Feb_2021	009	82944	3	int64
data/M02/OP08/good/M02_Feb_2021_OP08_010.h5	405934	f4adc6a6e5463f44cff5469ec64651593b581f9f	M02	OP08	good	Feb_2021	010	79872	3	int64
data/M02/OP09/good/M02_Aug_2019_OP09_000.h5	1082434	c82cd92adae81295ce8eca47d0eb4f4654d788ba	M02	OP09	good	Aug_2019	000	210944	3	float64
data/M02/OP09/good/M02_Aug_2019_OP09_001.h5	1071927	428125acd9331e00762e9e1253df69bf1fd75917	M02	OP09	good	Aug_2019	001	207872	3	float64
data/M02/OP09/good/M02_Aug_2019_OP09_002.h5	1082380	205a460cd71d9958e6bdf09e6845252b794a292a	M02	OP09	good	Aug_2019	002	210944	3	float64
data/M02/OP09/good/M02_Aug_2019_OP09_003.h5	1086296	6a011347cda6be7292a790b450ee8c51ba59495a	M02	OP09	good	Aug_2019	003	211968	3	float64
data/M02/OP09/good/M02_Aug_2019_OP09_004.h5	1083612	212f56d48157175a02f69326393805d43ae89ae1	M02	OP09	good	Aug_2019	004	209920	3	float64
data/M02/OP09/good/M02_Aug_2019_OP09_005.h5	1086687	26f4674c6bd16320177df99f08321758e8ba357d	M02	OP09	good	Aug_2019	005	209920	3	float64
data/M02/OP09/good/M02_Aug_2019_OP09_006.h5	1085681	014e88141f5a94c1037a79e5b828a4101dcfffaf	M02	OP09	good	Aug_2019	006	209920	3	float64
data/M02/OP09/good/M02_Aug_2019_OP09_007.h5	1068874	5b12bb94b0f20810be366cef5fb967ddcd405420	M02	OP09	good	Aug_2019	007	206848	3	float64
data/M02/OP09/good/M02_Aug_2019_OP09_008.h5	1088591	ad531a9d77f0d7e65d531998429da787b76e4b6c	M02	OP09	good	Aug_2019	008	210944	3	float64
data/M02/OP09/good/M02_Aug_2019_OP09_009.h5	1090436	0fd308793807786111a363e88a965ff1dd33fb8a	M02	OP09	good	Aug_2019	009	210944	3	float64
data/M02/OP09/good/M02_Aug_2019_OP09_010.h5	1067107	bc60d57519eb3f40f28d290273bf1113237c440e	M02	OP09	good	Aug_2019	010	206848	3	float64
data/M02/OP09/good/M02_Aug_2019_OP09_011.h5	1085212	a036193284235f5eb6df1403404f186956cd8d26	M02	OP09	good	Aug_2019	011	210944	3	float64
data/M02/OP09/good/M02_Aug_2019_OP09_012.h5	1078951	e6f22679ff6272a946989801cbaab6e8c05dcff0	M02	OP09	good	Aug_2019	012	209920	3	float64
data/M02/OP09/good/M02_Aug_2019_OP09_013.h5	1082123	e84194d646f0f23cce39db19af249bafe1bcac5d	M02	OP09	good	Aug_2019	013	210944	3	float64
data/M02/OP09/good/M02_Aug_2019_OP09_014.h5	1077752	ad4c7b3f10d6c5d85ef93c24088863fbfe2bbd36	M02	OP09	good	Aug_2019	014	209920	3	float64
data/M02/OP09/good/M02_Aug_2019_OP09_015.h5	1076567	609b933f2a39009a3598978340b3dc6c6da9ef5b	M02	OP09	good	Aug_2019	015	209920	3	float64
data/M02/OP09/good/M02_Aug_2019_OP09_016.h5	1067008	ebd3c2d6896c6ac33c98a49e897f28c6303ad0c1	M02	OP09	good	Aug_2019	016	206848	3	float64
data/M02/OP09/good/M02_Aug_2019_OP09_017.h5	1083074	f5416ac071df818053dda8282ef6b396cde568f2	M02	OP09	good	Aug_2019	017	210944	3	float64
data/M02/OP09/good/M02_Aug_2020_OP09_000.h5	1157929	18c85c9ea4f1003cd261ed95f3e8471f5f9e3fc7	M02	OP09	good	Aug_2020	000	211968	3	int64
data/M02/OP09/good/M02_Aug_2020_OP09_001.h5	1157407	eed73593bdd14f184732acf996ca9496c4413626	M02	OP09	good	Aug_2020	001	211968	3	int64
data/M02/OP09/good/M02_Aug_2020_OP09_002.h5	1153591	54cbb047a0992a79cc2aa2de84f3ecd1e00ca0e3	M02	OP09	good	Aug_2020	002	209976	3	int64
data/M02/OP09/good/M02_Aug_2020_OP09_003.h5	1157927	ff58b68e61783038777ca364b57cf1c681811135	M02	OP09	good	Aug_2020	003	210944	3	int64
data/M02/OP09/good/M02_Aug_2020_OP09_004.h5	1231844	b07ed0d415d505191f103bd5eb14bf14c1cb8bf9	M02	OP09	good	Aug_2020	004	210944	3	int64
data/M02/OP09/good/M02_Aug_2021_OP09_000.h5	1103647	ed242fa08b11bc990c1153269e68f9dc3b4f4d83	M02	OP09	good	Aug_2021	000	216064	3	int64
data/M02/OP09/good/M02_Aug_2021_OP09_001.h5	1084593	95898ec1f0d778fcb20f63ec94983fe6c7b20512	M02	OP09	good	Aug_2021	001	212992	3	int64
data/M02/OP09/good/M02_Feb_2019_OP09_000.h5	986891	6ed987241b6ec060fe0e8c9cd1f609c738c469f3	M02	OP09	good	Feb_2019	000	213600	3	float32
data/M02/OP09/good/M02_Feb_2020_OP09_000.h5	1077525	db74c8466748cabfb5915b9a566ffb9c8738249a	M02	OP09	good	Feb_2020	000	211968	3	int64
data/M02/OP09/good/M02_Feb_2020_OP09_001.h5	1079501	489aceca255b3fb6c4aaf332b43ab11744aa8c66	M02	OP09	good	Feb_2020	001	211968	3	int64
data/M02/OP09/good/M02_Feb_2020_OP09_002.h5	1087311	e9f343fc2fa83872d305bbb009365b2501bf2155	M02	OP09	good	Feb_2020	002	211968	3	int64
data/M02/OP09/good/M02_Feb_2020_OP09_003.h5	1066709	a06cc7797886ad14c681ff2e90e3031e6fc6a1ba	M02	OP09	good	Feb_2020	003	206848	3	int64
data/M02/OP09/good/M02_Feb_2020_OP09_004.h5	1064748	bd3cf270c639ff7b51c9f084d4e748184b55eb5c	M02	OP09	good	Feb_2020	004	206848	3	int64
data/M02/OP09/good/M02_Feb_2020_OP09_005.h5	1081567	8377110ae9081d59e4d2f095dbe1a2427ef80d1f	M02	OP09	good	Feb_2020	005	209920	3	int64
data/M02/OP09/good/M02_Feb_2021_OP09_000.h5	1087139	76dec1ffedfb25f6cba3d8a97a95f8fb24bf354e	M02	OP09	good	Feb_2021	000	215040	3	int64
data/M02/OP09/good/M02_Feb_2021_OP09_001.h5	1102585	a9340afa87364837c7f9821c1da084f36f1e28a2	M02	OP09	good	Feb_2021	001	217088	3	int64
data/M02/OP09/good/M02_Feb_2021_OP09_002.h5	1097011	18ee0cfc911f53c60686e19a8c1f4a62be0128a7	M02	OP09	good	Feb_2021	002	216064	3	int64
data/M02/OP09/good/M02_Feb_2021_OP09_003.h5	1100798	58e3b7a04992baee3f21106ac7cb411caa9152c8	M02	OP09	good	Feb_2021	003	215040	3	int64
data/M02/OP09/good/M02_Feb_2021_OP09_004.h5	1100873	878c4cf90b5f7b0a2d88c15b320c53f8f8361b93	M02	OP09	good	Feb_2021	004	217088	3	int64
data/M02/OP09/good/M02_Feb_2021_OP09_005.h5	1090544	64ee10ebbca6db2bc0bf18fc3125e57458ad0d25	M02	OP09	good	Feb_2021	005	212992	3	int64
data/M02/OP09/good/M02_Feb_2021_OP09_006.h5	1105917	4c0a0d3e28d056de8120a302c96a1720acf2f32b	M02	OP09	good	Feb_2021	006	216064	3	int64
data/M02/OP09/good/M02_Feb_2021_OP09_007.h5	1101083	2ff85ae38b3e52fdc4159aebab6c6acbd380c1bf	M02	OP09	good	Feb_2021	007	217088	3	int64
data/M02/OP09/good/M02_Feb_2021_OP09_008.h5	1082989	bcd1a86b9537a4f4efd3567c9e18fc58b50fc8ac	M02	OP09	good	Feb_2021	008	212992	3	int64
data/M02/OP09/good/M02_Feb_2021_OP09_009.h5	1105992	8ec5d8bed7dcc3c700e53f548d2e24c20dde0604	M02	OP09	good	Feb_2021	009	220160	3	int64
data/M02/OP09/good/M02_Feb_2021_OP09_010.h5	1118227	6e7a6a88ce296d8f1a9c29925370f62b8e2c7e88	M02	OP09	good	Feb_2021	010	217088	3	int64
data/M02/OP10/bad/M02_Feb_2019_OP10_000.h5	464616	594c5859ca3c55dcd0029e88b39d9ef0542656b1	M02	OP10	bad	Feb_2019	000	85591	3	float32
data/M02/OP10/bad/M02_Feb_2019_OP10_001.h5	464999	c68ca3cb6eb47ba482f19a3beaae5ae1fb186a6b	M02	OP10	bad	Feb_2019	001	85641	3	float32
data/M02/OP10/good/M02_Aug_2019_OP10_000.h5	526773	6cac00ee100b1c12887d99556aa8bfcdc14cee7b	M02	OP10	good	Aug_2019	000	97280	3	float64
data/M02/OP10/good/M02_Aug_2019_OP10_001.h5	525028	c4cd9254ae2b417b4017de68aea2ca85c5eb86ec	M02	OP10	good	Aug_2019	001	96256	3	float64
data/M02/OP10/good/M02_Aug_2019_OP10_002.h5	525695	4624ba0aea1dc4f12a590d4b96c517426c110cf3	M02	OP10	good	Aug_2019	002	97280	3	float64
data/M02/OP10/good/M02_Aug_2019_OP10_003.h5	506177	0ab37fe02eea6de699f07f68e1dbf6349864686b	M02	OP10	good	Aug_2019	003	92160	3	float64
data/M02/OP10/good/M02_Aug_2019_OP10_004.h5	523634	15a026a90c322ec6f99b692c4564fe608cf0f19e	M02	OP10	good	Aug_2019	004	96256	3	float64
data/M02/OP10/good/M02_Aug_2019_OP10_005.h5	530282	f08d205bdd310152fa95ac41f7464e7f85bcd232	M02	OP10	good	Aug_2019	005	97280	3	float64
data/M02/OP10/good/M02_Aug_2019_OP10_006.h5	527593	39358749309bd90018658fe735a1b10f38215ef7	M02	OP10	good	Aug_2019	006	96256	3	float64
data/M02/OP10/good/M02_Aug_2019_OP10_007.h5	526041	92dbc2d83d750bdd792be9607b0e9f42bbe6db04	M02	OP10	good	Aug_2019	007	96256	3	float64
data/M02/OP10/good/M02_Aug_2019_OP10_008.h5	530667	04e8339d99fa07c1b6c250da0f4bc6f5d7a1ae44	M02	OP10	good	Aug_2019	008	97280	3	float64
data/M02/OP10/good/M02_Aug_2019_OP10_009.h5	532307	2eddb46279d53316b856a459b27b1575567201e8	M02	OP10	good	Aug_2019	009	97280	3	float64
data/M02/OP10/good/M02_Aug_2019_OP10_010.h5	521545	9eb983eaafaa49130dca5724078cf0627cafd9f9	M02	OP10	good	Aug_2019	010	96256	3	float64
data/M02/OP10/good/M02_Aug_2019_OP10_011.h5	522547	37c2fcd9d2ca07d95fba4a7d2bcfb53606c8de54	M02	OP10	good	Aug_2019	011	96256	3	float64
data/M02/OP10/good/M02_Aug_2019_OP10_012.h5	520831	6a2adc5ad5ae35ef36426c6e84fb8ed3d601748d	M02	OP10	good	Aug_2019	012	96256	3	float64
data/M02/OP10/good/M02_Aug_2019_OP10_013.h5	520196	2086d307d38bfe3c51e064a63fe4e495b3a4305c	M02	OP10	good	Aug_2019	013	96256	3	float64
data/M02/OP10/good/M02_Aug_2019_OP10_014.h5	523059	4d206cecd4e30eb212aa4f60620eea329b0408ee	M02	OP10	good	Aug_2019	014	97280	3	float64
data/M02/OP10/good/M02_Aug_2019_OP10_015.h5	524662	dae7f0cc98cd20d7bc1da8729941ed489b23345d	M02	OP10	good	Aug_2019	015	96256	3	float64
data/M02/OP10/good/M02_Aug_2019_OP10_016.h5	525575	da0c085e8e0b1efe1dcc37a1f1a5bff1b40c9d42	M02	OP10	good	Aug_2019	016	96256	3	float64
data/M02/OP10/good/M02_Aug_2019_OP10_017.h5	527949	a5a422366eb94069c767526f2bb3f4a7c496c0d7	M02	OP10	good	Aug_2019	017	97280	3	float64
data/M02/OP10/good/M02_Aug_2020_OP10_000.h5	538780	dcff76157cbab76f50c219515311ef7696b44023	M02	OP10	good	Aug_2020	000	97280	3	int64
data/M02/OP10/good/M02_Aug_2020_OP10_001.h5	534508	52a65aa0c78677a41663bce0f3d3611773922637	M02	OP10	good	Aug_2020	001	96256	3	int64
data/M02/OP10/good/M02_Aug_2020_OP10_002.h5	538528	f3a53ae47eae03f8be4dcb7fbd2dc6876ffe5bd5	M02	OP10	good	Aug_2020	002	96256	3	int64
data/M02/OP10/good/M02_Aug_2020_OP10_003.h5	540354	0628adaae6ebffcceadae769885b477d19478b28	M02	OP10	good	Aug_2020	003	97280	3	int64
data/M02/OP10/good/M02_Aug_2021_OP10_000.h5	518025	ce04bcf82456a61afddb0286e2d5eb27d0741650	M02	OP10	good	Aug_2021	000	98304	3	int64
data/M02/OP10/good/M02_Aug_2021_OP10_001.h5	531798	64656c4e684320e100741a52f95b99406b241a6a	M02	OP10	good	Aug_2021	001	98304	3	int64
data/M02/OP10/good/M02_Feb_2019_OP10_000.h5	476174	cd34ea5ffeaa8c5c96b8c1bbfaacd1007b3637f3	M02	OP10	good	Feb_2019	000	98400	3	float32
data/M02/OP10/good/M02_Feb_2020_OP10_000.h5	508662	d822cdd510b64e4a4571dcd55f8d5436635b9008	M02	OP10	good	Feb_2020	000	96256	3	int64
data/M02/OP10/good/M02_Feb_2020_OP10_001.h5	513323	ed8aea2afa879bce5ed10dd6f235376541bee07a	M02	OP10	good	Feb_2020	001	97280	3	int64
data/M02/OP10/good/M02_Feb_2020_OP10_002.h5	512197	351ec4688c165bcf007579f3057b7f4a431ca610	M02	OP10	good	Feb_2020	002	96256	3	int64
data/M02/OP10/good/M02_Feb_2020_OP10_003.h5	516044	93c9d9c519bbbb9f85c4892d55ad4a6635536e82	M02	OP10	good	Feb_2020	003	97280	3	int64
data/M02/OP10/good/M02_Feb_2020_OP10_004.h5	499335	27295b51ecfb29e8462756431f28bb3870c33a47	M02	OP10	good	Feb_2020	004	93184	3	int64
data/M02/OP10/good/M02_Feb_2020_OP10_005.h5	515502	c3f4c7c0b864eebb3042bd883abeeb5393bfca41	M02	OP10	good	Feb_2020	005	97280	3	int64
data/M02/OP10/good/M02_Feb_2021_OP10_000.h5	501306	288dd8ad979678005d450e3e6109b42a0c8baf02	M02	OP10	good	Feb_2021	000	96256	3	int64
data/M02/OP10/good/M02_Feb_2021_OP10_001.h5	521913	bbb13d9a3ed566b2ba5998ff3136a46155cf27c2	M02	OP10	good	Feb_2021	001	101376	3	int64
data/M02/OP10/good/M02_Feb_2021_OP10_002.h5	526023	239a4356f729aabd7ab446d781b0c10c7d3bf27a	M02	OP10	good	Feb_2021	002	101376	3	int64
data/M02/OP10/good/M02_Feb_2021_OP10_003.h5	539153	6a7793cc638c93a04e5c9555c305644e224ee857	M02	OP10	good	Feb_2021	003	101376	3	int64
data/M02/OP10/good/M02_Feb_2021_OP10_004.h5	537485	5e674ea11c7efdf059719f428443025b588ad3b3	M02	OP10	good	Feb_2021	004	101376	3	int64
data/M02/OP10/good/M02_Feb_2021_OP10_005.h5	505908	672fcfeaa8ef659d68fdf651113b0230f68083b7	M02	OP10	good	Feb_2021	005	97280	3	int64
data/M02/OP10/good/M02_Feb_2021_OP10_006.h5	524664	fb13f82c10d0f2c24a62451e358d41c64725c811	M02	OP10	good	Feb_2021	006	101376	3	int64
data/M02/OP10/good/M02_Feb_2021_OP10_007.h5	510759	6ff3730aa6f2a61c097de49f045d4bab8ce7b36e	M02	OP10	good	Feb_2021	007	97280	3	int64
data/M02/OP10/good/M02_Feb_2021_OP10_008.h5	523262	4d4ba2341331e3528afb2708b2bdde1f22f7a3c0	M02	OP10	good	Feb_2021	008	101376	3	int64
data/M02/OP10/good/M02_Feb_2021_OP10_009.h5	519058	5098e452a62bdc4a031802dfecde4de290dbc0f1	M02	OP10	good	Feb_2021	009	100352	3	int64
data/M02/OP10/good/M02_Feb_2021_OP10_010.h5	522035	2761782823665b1009d076e29b9bd8182d37edce	M02	OP10	good	Feb_2021	010	98304	3	int64
data/M02/OP10/good/M02_Feb_2021_OP10_011.h5	527511	a8c9fe929feb8ccd4cf74f701a7871ee58536ba6	M02	OP10	good	Feb_2021	011	102400	3	int64
data/M02/OP10/good/M02_Feb_2021_OP10_012.h5	524934	66ad5acc591909fb0062939f3ba97574e8d16b9f	M02	OP10	good	Feb_2021	012	101376	3	int64
data/M02/OP11/bad/M02_Feb_2019_OP11_000.h5	545678	59870d806a77a3bc32d3eb9ca8f98b53e5ddabc9	M02	OP11	bad	Feb_2019	000	104331	3	float32
data/M02/OP11/bad/M02_Feb_2019_OP11_001.h5	541742	92995c21091eccdf50f2e3b5764b2e2c3af75b8c	M02	OP11	bad	Feb_2019	001	103781	3	float32
data/M02/OP11/good/M02_Aug_2019_OP11_000.h5	628321	797bcd3184c0d2784196805a6375b59fb521e607	M02	OP11	good	Aug_2019	000	118784	3	float64
data/M02/OP11/good/M02_Aug_2019_OP11_001.h5	604326	c34f0d783cb6619dd86a5d1e4e8b2b10edf093e2	M02	OP11	good	Aug_2019	001	113664	3	float64
data/M02/OP11/good/M02_Aug_2019_OP11_002.h5	619338	c20393d26dfce5d84e263f7a958781abea8f76cb	M02	OP11	good	Aug_2019	002	117760	3	float64
data/M02/OP11/good/M02_Aug_2019_OP11_003.h5	620943	4ca0d6cbeed49ef6ffbde1d06c3972aa127b1c87	M02	OP11	good	Aug_2019	003	117760	3	float64
data/M02/OP11/good/M02_Aug_2019_OP11_004.h5	619699	ddb277b522ef82c6fccafd308ffe1ed4f347c42d	M02	OP11	good	Aug_2019	004	117760	3	float64
data/M02/OP11/good/M02_Aug_2019_OP11_005.h5	622053	848b1fb0bcef102070d4f9b042366a912c898045	M02	OP11	good	Aug_2019	005	117760	3	float64
data/M02/OP11/good/M02_Aug_2019_OP11_006.h5	624845	86bdb5356488b6f1597dc70eda8f99b4fabc10f3	M02	OP11	good	Aug_2019	006	117760	3	float64
data/M02/OP11/good/M02_Aug_2019_OP11_007.h5	623571	57c7b0d77592c9f63b752a1c435903254312e10f	M02	OP11	good	Aug_2019	007	117760	3	float64
data/M02/OP11/good/M02_Aug_2019_OP11_008.h5	611121	a13e93c46081b9378c3e90470c3b3f3248e143f6	M02	OP11	good	Aug_2019	008	114688	3	float64
data/M02/OP11/good/M02_Aug_2019_OP11_009.h5	622855	c163967908c4c932555a813d19a74813b4e5c5f9	M02	OP11	good	Aug_2019	009	116736	3	float64
data/M02/OP11/good/M02_Aug_2019_OP11_010.h5	621102	1f1d45aef9154190a1d4178b11e4d69a9ed155e5	M02	OP11	good	Aug_2019	010	117760	3	float64
data/M02/OP11/good/M02_Aug_2019_OP11_011.h5	625049	1cb4233d06153d4398b78a019539fc8a902106a3	M02	OP11	good	Aug_2019	011	118784	3	float64
data/M02/OP11/good/M02_Aug_2019_OP11_012.h5	619165	9879c526a1a8ffd9acde2aab63fa1b2d8e3b41bd	M02	OP11	good	Aug_2019	012	117760	3	float64
data/M02/OP11/good/M02_Aug_2019_OP11_013.h5	601776	dcbfa4af6f094d62fddaf24bbe9e135367cc3768	M02	OP11	good	Aug_2019	013	113664	3	float64
data/M02/OP11/good/M02_Aug_2019_OP11_014.h5	598280	906a363aaaf264b099bbd78b91a2930b852c2a43	M02	OP11	good	Aug_2019	014	112640	3	float64
data/M02/OP11/good/M02_Aug_2019_OP11_015.h5	625883	6c5a99eda0ad0558c49675ad06f75bfc5546d8dd	M02	OP11	good	Aug_2019	015	118784	3	float64
data/M02/OP11/good/M02_Aug_2019_OP11_016.h5	625436	34f9cb9ea161c42b95b89f7cb8661a609da0e5fc	M02	OP11	good	Aug_2019	016	118784	3	float64
data/M02/OP11/good/M02_Aug_2019_OP11_017.h5	622770	ba76078b5e47dbb8dddd711a6f13aa77565cabdf	M02	OP11	good	Aug_2019	017	117760	3	float64
data/M02/OP11/good/M02_Aug_2020_OP11_000.h5	649159	d7a03ef6a83e2209e3d351a15908e9a6244f9e30	M02	OP11	good	Aug_2020	000	115712	3	int64
data/M02/OP11/good/M02_Aug_2020_OP11_001.h5	664698	d93694dd9d91cc1de816e9d6bdc04a872ebed3ac	M02	OP11	good	Aug_2020	001	120832	3	int64
data/M02/OP11/good/M02_Aug_2020_OP11_002.h5	645937	a0cad7519a1a400931f74bad0b13e2c61232e04d	M02	OP11	good	Aug_2020	002	114688	3	int64
data/M02/OP11/good/M02_Aug_2020_OP11_003.h5	661549	451505a3516a378262d4a323f8823337115e0e0b	M02	OP11	good	Aug_2020	003	118784	3	int64
data/M02/OP11/good/M02_Aug_2021_OP11_000.h5	593146	bc28af715840b82861cf9b7b83cdbf5d9bc26afd	M02	OP11	good	Aug_2021	000	119808	3	int64
data/M02/OP11/good/M02_Aug_2021_OP11_001.h5	583714	91c8c6df53b31399be8b56489f0d501fdbd4ced1	M02	OP11	good	Aug_2021	001	117760	3	int64
data/M02/OP11/good/M02_Feb_2019_OP11_000.h5	582769	47733800b3616fe6992881afd75654e277f7af56	M02	OP11	good	Feb_2019	000	120000	3	float32
data/M02/OP11/good/M02_Feb_2020_OP11_000.h5	619937	2b210eacf490b232da19db402dfc6613dd3fbc2b	M02	OP11	good	Feb_2020	000	117760	3	int64
data/M02/OP11/good/M02_Feb_2020_OP11_001.h5	601759	ab9be98dd0213cdd5e6ea52a888ff8b0ad5607b1	M02	OP11	good	Feb_2020	001	113664	3	int64
data/M02/OP11/good/M02_Feb_2020_OP11_002.h5	625878	c66ac25d5f1efedec3118dec2a473bbdc8e374fc	M02	OP11	good	Feb_2020	002	118784	3	int64
data/M02/OP11/good/M02_Feb_2020_OP11_003.h5	623252	43ddf34148078ff328a81fa9a5776efad9264971	M02	OP11	good	Feb_2020	003	118784	3	int64
data/M02/OP11/good/M02_Feb_2020_OP11_004.h5	621254	0ab17e9fa1fae54c1817b1ea421ee3e53dc7512e	M02	OP11	good	Feb_2020	004	117760	3	int64
data/M02/OP11/good/M02_Feb_2020_OP11_005.h5	624130	035a81927f511c12739354aff01e96abbbf91d42	M02	OP11	good	Feb_2020	005	118784	3	int64
data/M02/OP12/bad/M02_Feb_2019_OP12_000.h5	463167	77968a6aa6dcb52d1a7814c8faf09e9c7fb93ef0	M02	OP12	bad	Feb_2019	000	85141	3	float32
data/M02/OP12/bad/M02_Feb_2019_OP12_001.h5	463265	f1d10ee3030ba4133efae3f1bb2d4f1a6cce9867	M02	OP12	bad	Feb_2019	001	85371	3	float32
data/M02/OP12/good/M02_Aug_2019_OP12_000.h5	553198	5cc67bb212217214445297aa62ecf1c4bc546526	M02	OP12	good	Aug_2019	000	96256	3	float64
data/M02/OP12/good/M02_Aug_2019_OP12_001.h5	551809	b53b87290ebc67ba457dbf3ca4da9c1fa95cff84	M02	OP12	good	Aug_2019	001	94208	3	float64
data/M02/OP12/good/M02_Aug_2019_OP12_002.h5	549974	83e8dfdacd875ae1cd268070cc8c38740d8ca3e3	M02	OP12	good	Aug_2019	002	96256	3	float64
data/M02/OP12/good/M02_Aug_2019_OP12_003.h5	545521	2623737c45f48e9a9420aee75aaf8e0af01ddb4f	M02	OP12	good	Aug_2019	003	95232	3	float64
data/M02/OP12/good/M02_Aug_2019_OP12_004.h5	554892	6edbea86dfc53f831b6c7d736b1d3fcfd82f360f	M02	OP12	good	Aug_2019	004	97280	3	float64
data/M02/OP12/good/M02_Aug_2019_OP12_005.h5	558659	161b4796033fc2b2b84cbf53acbc01fb7d68f171	M02	OP12	good	Aug_2019	005	97280	3	float64
data/M02/OP12/good/M02_Aug_2019_OP12_006.h5	554630	a23fd989914e5eff10fab335546d4d23637158e2	M02	OP12	good	Aug_2019	006	96256	3	float64
data/M02/OP12/good/M02_Aug_2019_OP12_007.h5	560231	fb2312ee86ed8f38ab1fcb7b17ff8d4dbe9b1317	M02	OP12	good	Aug_2019	007	96256	3	float64
data/M02/OP12/good/M02_Aug_2019_OP12_008.h5	558441	14658510cd73f62ad315496f2da7260e7063b5ad	M02	OP12	good	Aug_2019	008	96256	3	float64
data/M02/OP12/good/M02_Aug_2019_OP12_009.h5	556860	209ae3e5b947c002bd015c9bfb7b9ece819388f3	M02	OP12	good	Aug_2019	009	96256	3	float64
data/M02/OP12/good/M02_Aug_2019_OP12_010.h5	551887	163d15d457cb69128f26defc612c0aa2928c3295	M02	OP12	good	Aug_2019	010	97280	3	float64
data/M02/OP12/good/M02_Aug_2019_OP12_011.h5	551332	2fbbdd3568d8c28ffad7cf3c116be671576c25b3	M02	OP12	good	Aug_2019	011	96256	3	float64
data/M02/OP12/good/M02_Aug_2019_OP12_012.h5	544975	a8739600da5cbbb06ec962edb40b1506b0da017b	M02	OP12	good	Aug_2019	012	96256	3	float64
data/M02/OP12/good/M02_Aug_2019_OP12_013.h5	548343	01c0706a6f1838f7b9ea8c6800b1e948eb2b0546	M02	OP12	good	Aug_2019	013	96256	3	float64
data/M02/OP12/good/M02_Aug_2019_OP12_014.h5	539611	fdeca4cc58f75ce3501471fc8c7ce9cee1383748	M02	OP12	good	Aug_2019	014	94208	3	float64
data/M02/OP12/good/M02_Aug_2019_OP12_015.h5	555518	2ebba324984a90eb5802f5977bfe5fdc30bdeb13	M02	OP12	good	Aug_2019	015	96256	3	float64
data/M02/OP12/good/M02_Aug_2019_OP12_016.h5	558666	e0b85770946dd789d0af7972e937f7a190903ab4	M02	OP12	good	Aug_2019	016	97280	3	float64
data/M02/OP12/good/M02_Aug_2019_OP12_017.h5	549522	ce321c1899baa2eab06be56f8a3dbbb07ec0f829	M02	OP12	good	Aug_2019	017	94208	3	float64
data/M02/OP12/good/M02_Aug_2020_OP12_000.h5	533423	a73016aa3c648d42aca66283b825845fe9249599	M02	OP12	good	Aug_2020	000	94208	3	int64
data/M02/OP12/good/M02_Aug_2020_OP12_001.h5	541976	2af130fd7f9c282ce6c66fc311cbeca398e3acaf	M02	OP12	good	Aug_2020	001	97280	3	int64
data/M02/OP12/good/M02_Aug_2020_OP12_002.h5	545854	be43ce1fcc9cbe5858d4b075b644a11b5d7f1981	M02	OP12	good	Aug_2020	002	97280	3	int64
data/M02/OP12/good/M02_Aug_2020_OP12_003.h5	528599	86fe8c289228a3c22f15b63d2cf044479284cebd	M02	OP12	good	Aug_2020	003	92160	3	int64
data/M02/OP12/good/M02_Aug_2021_OP12_000.h5	525616	bc74f874f62371a04d9ad8833175579fe06bafa0	M02	OP12	good	Aug_2021	000	96256	3	int64
data/M02/OP12/good/M02_Aug_2021_OP12_001.h5	514011	f5204c98925578b34ba26720d20c7e06e8ab95fd	M02	OP12	good	Aug_2021	001	97280	3	int64
data/M02/OP12/good/M02_Aug_2021_OP12_002.h5	475361	4076be382a6e0b884028c9f3133ce216171f0e35	M02	OP12	good	Aug_2021	002	109568	3	int64
data/M02/OP12/good/M02_Feb_2019_OP12_000.h5	505016	8f539cb9baf16e488f89fe1233be1df1b4726ae4	M02	OP12	good	Feb_2019	000	98400	3	float32
data/M02/OP12/good/M02_Feb_2020_OP12_000.h5	534081	ee8a142bd2e3c967ea5ff470ffbb5e09e02d2cba	M02	OP12	good	Feb_2020	000	98304	3	int64
data/M02/OP12/good/M02_Feb_2020_OP12_001.h5	527812	9a71f21c9973b43fc625e0694971013c525fa416	M02	OP12	good	Feb_2020	001	97280	3	int64
data/M02/OP12/good/M02_Feb_2020_OP12_002.h5	530220	e5ccad9ef425f16ccfbf04da5d0f89e7e68a5c34	M02	OP12	good	Feb_2020	002	97280	3	int64
data/M02/OP12/good/M02_Feb_2020_OP12_003.h5	529137	f48429675c3385e1c8311debd8c8718b301286c5	M02	OP12	good	Feb_2020	003	97280	3	int64
data/M02/OP12/good/M02_Feb_2020_OP12_004.h5	525677	5fd4c3b2f69e46ade0323e5cb4e011e3780be964	M02	OP12	good	Feb_2020	004	96256	3	int64
data/M02/OP12/good/M02_Feb_2020_OP12_005.h5	529103	ee4d081a97ab5a499d53a85208625785c10906d7	M02	OP12	good	Feb_2020	005	97280	3	int64
data/M02/OP12/good/M02_Feb_2021_OP12_000.h5	528347	43695e02a66436f630a3f6b860fe35f1d750c8b0	M02	OP12	good	Feb_2021	000	100352	3	int64
data/M02/OP12/good/M02_Feb_2021_OP12_001.h5	530189	a0fb8378f5a558508e9df3aa7d90124a51ea147b	M02	OP12	good	Feb_2021	001	100352	3	int64
data/M02/OP12/good/M02_Feb_2021_OP12_002.h5	518187	8f4200f1876a4cd5564417a683f18f11be950dab	M02	OP12	good	Feb_2021	002	96256	3	int64
data/M02/OP12/good/M02_Feb_2021_OP12_003.h5	530817	8bdb8dfa22d59f3ca7e30eeb0deb7e304497e2e7	M02	OP12	good	Feb_2021	003	101376	3	int64
data/M02/OP12/good/M02_Feb_2021_OP12_004.h5	531780	a1d886a970ba7d687109de0bc06edc83755779c0	M02	OP12	good	Feb_2021	004	101376	3	int64
data/M02/OP12/good/M02_Feb_2021_OP12_005.h5	535207	c770a741bdc89d13365175273425e8b2dc64b691	M02	OP12	good	Feb_2021	005	101376	3	int64
data/M02/OP12/good/M02_Feb_2021_OP12_006.h5	514464	720d6efb22f0460c2c7143344a88c4ecc63268c0	M02	OP12	good	Feb_2021	006	96256	3	int64
data/M02/OP12/good/M02_Feb_2021_OP12_007.h5	519695	dd32ce08614c3e18bc1b5ed0a984e47f49654006	M02	OP12	good	Feb_2021	007	98304	3	int64
data/M02/OP12/good/M02_Feb_2021_OP12_008.h5	536267	d335c976e3959839551b9749af14fdd05cf815fe	M02	OP12	good	Feb_2021	008	101376	3	int64
data/M02/OP12/good/M02_Feb_2021_OP12_009.h5	540647	da4a55a773a0d3fa1265cece81ae9c656e6dd807	M02	OP12	good	Feb_2021	009	101376	3	int64
data/M02/OP13/good/M02_Aug_2019_OP13_000.h5	346657	2c8fadef2c524550013a6f00c2030140b453a9bf	M02	OP13	good	Aug_2019	000	65536	3	float64
data/M02/OP13/good/M02_Aug_2019_OP13_001.h5	345765	c04532498ae136c231a3e0c741d2380d93015ac2	M02	OP13	good	Aug_2019	001	65536	3	float64
data/M02/OP13/good/M02_Aug_2019_OP13_002.h5	344818	3c4d5e643bb8b390201bcf46e70b0350e954944f	M02	OP13	good	Aug_2019	002	66560	3	float64
data/M02/OP13/good/M02_Aug_2019_OP13_003.h5	346585	7d542086edb7b64c234712e29f6b4fdf03d8eec7	M02	OP13	good	Aug_2019	003	65536	3	float64
data/M02/OP13/good/M02_Aug_2019_OP13_004.h5	348015	df56c606d10019725f188ea0f4370b291cf6908d	M02	OP13	good	Aug_2019	004	65536	3	float64
data/M02/OP13/good/M02_Aug_2019_OP13_005.h5	341529	b4e94219955c41d091f9bc87d3c4a4be0aa2d34d	M02	OP13	good	Aug_2019	005	65536	3	float64
data/M02/OP13/good/M02_Aug_2019_OP13_006.h5	346465	06471629919e91a8ee1444d6fe1c1059ebc590c9	M02	OP13	good	Aug_2019	006	65536	3	float64
data/M02/OP13/good/M02_Aug_2019_OP13_007.h5	345840	7d6faabd8961a0796b378aa8cd6ca75d907a8b90	M02	OP13	good	Aug_2019	007	65536	3	float64
data/M02/OP13/good/M02_Aug_2019_OP13_008.h5	347353	61f1fc4b70f1c5faf3824646db423098f3daa1f7	M02	OP13	good	Aug_2019	008	65536	3	float64
data/M02/OP13/good/M02_Aug_2019_OP13_009.h5	345613	b38a518202d343c523345cea1d2b74e3021a97e0	M02	OP13	good	Aug_2019	009	65536	3	float64
data/M02/OP13/good/M02_Aug_2019_OP13_010.h5	348860	728ea65c615c9adcf959a04d5c0d69060a1adb7b	M02	OP13	good	Aug_2019	010	65536	3	float64
data/M02/OP13/good/M02_Aug_2019_OP13_011.h5	351283	1ab2a9e1da09ca9bf20703239e39dfab7534f907	M02	OP13	good	Aug_2019	011	66560	3	float64
data/M02/OP13/good/M02_Aug_2019_OP13_012.h5	345593	72d42084372eb12d4996f1e76111e184fd58616f	M02	OP13	good	Aug_2019	012	65536	3	float64
data/M02/OP13/good/M02_Aug_2019_OP13_013.h5	346189	9e27b658692ef0cfff4417fa4d82b0fa7bf4aea1	M02	OP13	good	Aug_2019	013	65536	3	float64
data/M02/OP13/good/M02_Aug_2019_OP13_014.h5	345067	70b83ddc4e758fb358e0b3aa55b758b22ea389b5	M02	OP13	good	Aug_2019	014	65536	3	float64
data/M02/OP13/good/M02_Aug_2019_OP13_015.h5	349638	65bdcf0f8e432fb85ab5fc3c1cef9f9bc8d22061	M02	OP13	good	Aug_2019	015	66560	3	float64
data/M02/OP13/good/M02_Aug_2019_OP13_016.h5	344075	d81bdb68f7e1cbd2a584c2eca73ce81546585306	M02	OP13	good	Aug_2019	016	65536	3	float64
data/M02/OP13/good/M02_Aug_2019_OP13_017.h5	346308	581520bdd40a3b23d264f9ef2de7eda1dba8f592	M02	OP13	good	Aug_2019	017	65536	3	float64
data/M02/OP13/good/M02_Aug_2019_OP13_018.h5	345263	38aa6703023fb5d9111ba6116166d5cd481e9bdc	M02	OP13	good	Aug_2019	018	65536	3	float64
data/M02/OP13/good/M02_Aug_2019_OP13_019.h5	349794	a4f152139937cd143776a63ad85222b8c7da89ae	M02	OP13	good	Aug_2019	019	66560	3	float64
data/M02/OP13/good/M02_Aug_2019_OP13_020.h5	345001	d3d9357c86e41f82394273b9dd8a4855dd123ddf	M02	OP13	good	Aug_2019	020	65536	3	float64
data/M02/OP13/good/M02_Aug_2020_OP13_000.h5	339381	5de2a17f931de180793dbf711a6838c860b39755	M02	OP13	good	Aug_2020	000	67584	3	int64
data/M02/OP13/good/M02_Aug_2020_OP13_001.h5	332917	abf41ddd121a01065a669bcfa78e9c51a379c66c	M02	OP13	good	Aug_2020	001	65536	3	int64
data/M02/OP13/good/M02_Aug_2020_OP13_002.h5	333343	bafc27deb57f6a425f03c4adec4c53a937512464	M02	OP13	good	Aug_2020	002	65536	3	int64
data/M02/OP13/good/M02_Aug_2020_OP13_003.h5	332363	913698f288ae464e425b91f2dbc62334a268ebae	M02	OP13	good	Aug_2020	003	65536	3	int64
data/M02/OP13/good/M02_Aug_2020_OP13_004.h5	354391	2a8b70be55a7cdc3632a2473bba206471d3d39e7	M02	OP13	good	Aug_2020	004	66560	3	int64
data/M02/OP13/good/M02_Aug_2021_OP13_000.h5	324358	5ffab9ac48f2102eaa695765c3ec0018bd77ed58	M02	OP13	good	Aug_2021	000	66560	3	int64
data/M02/OP13/good/M02_Aug_2021_OP13_001.h5	313768	3dccbf33b675229306b25ab194d912ebdbf2ec07	M02	OP13	good	Aug_2021	001	64512	3	int64
data/M02/OP13/good/M02_Aug_2021_OP13_002.h5	319979	9038223a7ca2f223677fb23e0f9256ea7371febb	M02	OP13	good	Aug_2021	002	65536	3	int64
data/M02/OP13/good/M02_Aug_2021_OP13_003.h5	313742	4b221dc1210e26dc3292604299491ab5173a4806	M02	OP13	good	Aug_2021	003	64512	3	int64
data/M02/OP13/good/M02_Feb_2019_OP13_000.h5	315091	17dcc5af563f8474f195264b71324424d0314a52	M02	OP13	good	Feb_2019	000	67200	3	float32
data/M02/OP13/good/M02_Feb_2019_OP13_001.h5	305737	e400351dbb453215a6f8bc00e67112a444f62c39	M02	OP13	good	Feb_2019	001	66000	3	float32
data/M02/OP13/good/M02_Feb_2019_OP13_002.h5	312917	a35d1fa41d641c28acfb387aa41b2d450d99ec88	M02	OP13	good	Feb_2019	002	67200	3	float32
data/M02/OP13/good/M02_Feb_2020_OP13_000.h5	322501	21f15918f06c313589b8e364cbbb52835085367a	M02	OP13	good	Feb_2020	000	66560	3	int64
data/M02/OP13/good/M02_Feb_2020_OP13_001.h5	317633	81f1cce6c6f71dddcd55d5104742c2768a94376d	M02	OP13	good	Feb_2020	001	65536	3	int64
data/M02/OP13/good/M02_Feb_2020_OP13_002.h5	323265	3e5d0278dd6b22494e29d54b55154e9b36a5d632	M02	OP13	good	Feb_2020	002	66560	3	int64
data/M02/OP13/good/M02_Feb_2020_OP13_003.h5	319505	df9513ff86ff3d6d5d44387d960bc79bf57e7478	M02	OP13	good	Feb_2020	003	65536	3	int64
data/M02/OP13/good/M02_Feb_2020_OP13_004.h5	332581	bfae09f1c46c211e075c008f97f1d61bce4d3d32	M02	OP13	good	Feb_2020	004	69632	3	int64
data/M02/OP13/good/M02_Feb_2020_OP13_005.h5	322283	2c6e35d3bc207c6eee081b37d2db927f6fc9f632	M02	OP13	good	Feb_2020	005	66560	3	int64
data/M02/OP13/good/M02_Feb_2021_OP13_000.h5	311535	69fd025ed09070435b12c9b8f27d603efcd61a2b	M02	OP13	good	Feb_2021	000	64512	3	int64
data/M02/OP13/good/M02_Feb_2021_OP13_001.h5	311631	7a742da0376b5564aea82eb04ac62fad6633dad9	M02	OP13	good	Feb_2021	001	64512	3	int64
data/M02/OP13/good/M02_Feb_2021_OP13_002.h5	320880	84bc6877db4c39603dfba2269d789cc1384848ae	M02	OP13	good	Feb_2021	002	66560	3	int64
data/M02/OP13/good/M02_Feb_2021_OP13_003.h5	318271	e0142ab36771dcf2527bf8035ab505f33e21583c	M02	OP13	good	Feb_2021	003	65536	3	int64
data/M02/OP13/good/M02_Feb_2021_OP13_004.h5	316273	4c24a7cd2dc7126192ce5335ed93505201aeba57	M02	OP13	good	Feb_2021	004	65536	3	int64
data/M02/OP13/good/M02_Feb_2021_OP13_005.h5	315934	50a76aa2b1e0b2fb682f3ac1587b3a7003833423	M02	OP13	good	Feb_2021	005	65536	3	int64
data/M02/OP13/good/M02_Feb_2021_OP13_006.h5	319455	b93f4f6cc40108370f805a3e08f119f4b3fe645f	M02	OP13	good	Feb_2021	006	66560	3	int64
data/M02/OP13/good/M02_Feb_2021_OP13_007.h5	315741	79ddc3624e5ae8e803004ed7752d02e25ac473c7	M02	OP13	good	Feb_2021	007	65536	3	int64
data/M02/OP13/good/M02_Feb_2021_OP13_008.h5	316553	ec30cde0bd1c30189f072a401f6ff92d8682f926	M02	OP13	good	Feb_2021	008	65536	3	int64
data/M02/OP13/good/M02_Feb_2021_OP13_009.h5	316776	6713f35e002cf69c5160a214b007d63545c79572	M02	OP13	good	Feb_2021	009	65536	3	int64
data/M02/OP13/good/M02_Feb_2021_OP13_010.h5	315459	fe0a60daa4fa3bd6701b810ae06da1d51e7c924e	M02	OP13	good	Feb_2021	010	65536	3	int64
data/M02/OP13/good/M02_Feb_2021_OP13_011.h5	315738	e0fac8c568fd2ff5fc050ccd3369618bbcf5c8cd	M02	OP13	good	Feb_2021	011	65536	3	int64
data/M02/OP14/bad/M02_Feb_2019_OP14_000.h5	312665	f48a5533455e1a09221a9c990d83803b7b41a2ea	M02	OP14	bad	Feb_2019	000	53161	3	float32
data/M02/OP14/bad/M02_Feb_2019_OP14_001.h5	311283	e523fc4e79fb032b8e2f0f9a6963ad4b9a11d80f	M02	OP14	bad	Feb_2019	001	53041	3	float32
data/M02/OP14/good/M02_Aug_2019_OP14_000.h5	355743	c170790665bf893c0c6d1ad5882a28444f5bfa18	M02	OP14	good	Aug_2019	000	67584	3	float64
data/M02/OP14/good/M02_Aug_2019_OP14_001.h5	355670	f753f57df592ab1fc1d2dee8c187a169d593c24d	M02	OP14	good	Aug_2019	001	67584	3	float64
data/M02/OP14/good/M02_Aug_2019_OP14_002.h5	368734	1bbd5a6edfec2c2063b09a6c484cf4693fd77ab2	M02	OP14	good	Aug_2019	002	65536	3	float64
data/M02/OP14/good/M02_Aug_2019_OP14_003.h5	367591	5f787df0b0e7bb188f8264948c5fa759688f7e8d	M02	OP14	good	Aug_2019	003	65536	3	float64
data/M02/OP14/good/M02_Aug_2019_OP14_004.h5	363157	2beebcee732b40a5ecfbc5395c2943fa3cf2c6da	M02	OP14	good	Aug_2019	004	64512	3	float64
data/M02/OP14/good/M02_Aug_2019_OP14_005.h5	358275	9d46b3902454bfd325b55f60113505a0a06f81f0	M02	OP14	good	Aug_2019	005	68608	3	float64
data/M02/OP14/good/M02_Aug_2019_OP14_006.h5	356661	0f4ef2838edc11e2d7133d5cd145bd610bcf7413	M02	OP14	good	Aug_2019	006	67584	3	float64
data/M02/OP14/good/M02_Aug_2019_OP14_007.h5	359562	53c9e813ccfb8a321ac8b9d443f421d16f5b3b36	M02	OP14	good	Aug_2019	007	68608	3	float64
data/M02/OP14/good/M02_Aug_2019_OP14_008.h5	364960	8cd95c3c99592a7571eb852c7e5d36ed5e45c63d	M02	OP14	good	Aug_2019	008	64512	3	float64
data/M02/OP14/good/M02_Aug_2019_OP14_009.h5	366426	e713cdb1c84312551a890cf09ffbbccd91e759ed	M02	OP14	good	Aug_2019	009	64512	3	float64
data/M02/OP14/good/M02_Aug_2019_OP14_010.h5	369950	2d27526b49b72dac87e9c0686630c89af0d50bea	M02	OP14	good	Aug_2019	010	65536	3	float64
data/M02/OP14/good/M02_Aug_2019_OP14_011.h5	356443	97d7145ae3dcf8f764c7a4655a569a53cc36876b	M02	OP14	good	Aug_2019	011	67584	3	float64
data/M02/OP14/good/M02_Aug_2019_OP14_012.h5	365929	141b8f8fea7304363d109c6bfeab0f939bd2f92c	M02	OP14	good	Aug_2019	012	65536	3	float64
data/M02/OP14/good/M02_Aug_2019_OP14_013.h5	361889	25cd452ee199950431adcb5b9c15bf6020451823	M02	OP14	good	Aug_2019	013	64512	3	float64
data/M02/OP14/good/M02_Aug_2019_OP14_014.h5	355052	f75607c9ddc8898f50d774bafacf6acfb0df0b04	M02	OP14	good	Aug_2019	014	67584	3	float64
data/M02/OP14/good/M02_Aug_2019_OP14_015.h5	363969	e10ac7c7733aba909fc9c135b7bdcd910602fcd6	M02	OP14	good	Aug_2019	015	64512	3	float64
data/M02/OP14/good/M02_Aug_2019_OP14_016.h5	366206	c5401970d8e65eeeee924375b92a5160291a4921	M02	OP14	good	Aug_2019	016	65536	3	float64
data/M02/OP14/good/M02_Aug_2019_OP14_017.h5	364230	13d1184d9736b478b70cd970d691f2d6d4e6e3c1	M02	OP14	good	Aug_2019	017	64512	3	float64
data/M02/OP14/good/M02_Aug_2019_OP14_018.h5	357192	d0e67b05af73491db96325ec511b381988c831a8	M02	OP14	good	Aug_2019	018	67584	3	float64
data/M02/OP14/good/M02_Aug_2019_OP14_019.h5	357571	733437af357ca79a1f9cb09ae7020f29b5f1d2e5	M02	OP14	good	Aug_2019	019	67584	3	float64
data/M02/OP14/good/M02_Aug_2019_OP14_020.h5	357541	fba7922b0fcea3b1fb2a02d00511ca42d9de4b4e	M02	OP14	good	Aug_2019	020	67584	3	float64
data/M02/OP14/good/M02_Aug_2019_OP14_021.h5	353376	2bd1764423220564354fec9fca5f0904f300a06c	M02	OP14	good	Aug_2019	021	65536	3	float64
data/M02/OP14/good/M02_Aug_2020_OP14_000.h5	368140	f41c236c04c09911937c645d4b7e7ef6d8ab9eae	M02	OP14	good	Aug_2020	000	66560	3	int64
data/M02/OP14/good/M02_Aug_2020_OP14_001.h5	364029	90125753edb7c39216e5145bcbb312b92ea0330d	M02	OP14	good	Aug_2020	001	65536	3	int64
data/M02/OP14/good/M02_Aug_2020_OP14_002.h5	360134	b82125eaf8cc4bb5a8d473bad65f5b2fe2515a58	M02	OP14	good	Aug_2020	002	64512	3	int64
data/M02/OP14/good/M02_Aug_2020_OP14_003.h5	364370	d125cd4f34e749554621b1f084273913b7b4abb5	M02	OP14	good	Aug_2020	003	65536	3	int64
data/M02/OP14/good/M02_Aug_2021_OP14_000.h5	364813	3a6328e51ae674bafee48ef154306708223937d6	M02	OP14	good	Aug_2021	000	67584	3	int64
data/M02/OP14/good/M02_Aug_2021_OP14_001.h5	363302	576c624c94fae2744eeb7e4d653c05c6290904a8	M02	OP14	good	Aug_2021	001	67584	3	int64
data/M02/OP14/good/M02_Aug_2021_OP14_002.h5	357991	8d0947b2293e89ad58283427385dfdcf6ff0126b	M02	OP14	good	Aug_2021	002	66560	3	int64
data/M02/OP14/good/M02_Aug_2021_OP14_003.h5	357170	fd4c9ab0ce9aed56af849cfa3c8f3dbe22c38907	M02	OP14	good	Aug_2021	003	67584	3	int64
data/M02/OP14/good/M02_Feb_2019_OP14_000.h5	318235	a6a983c93ce315ebca54f40aaa00cc508bd9c82f	M02	OP14	good	Feb_2019	000	64800	3	float32
data/M02/OP14/good/M02_Feb_2019_OP14_001.h5	325770	588ec15dd39a8edf0e0e7a6716aeb0c18440a878	M02	OP14	good	Feb_2019	001	66000	3	float32
data/M02/OP14/good/M02_Feb_2019_OP14_002.h5	330442	18f9c61d4e31b278ae8c175cbfbca1aab02e3278	M02	OP14	good	Feb_2019	002	67200	3	float32
data/M02/OP14/good/M02_Feb_2020_OP14_000.h5	337609	db0a3e20b841cbd6730626d18de5ca5907f7133f	M02	OP14	good	Feb_2020	000	68608	3	int64
data/M02/OP14/good/M02_Feb_2020_OP14_001.h5	333469	ace38d544a79c18bf3b567e7766dfa657ab2ea98	M02	OP14	good	Feb_2020	001	67584	3	int64
data/M02/OP14/good/M02_Feb_2020_OP14_002.h5	337615	d05f0aaff6fc4c23c57bd26b3278aebc20abc61d	M02	OP14	good	Feb_2020	002	68608	3	int64
data/M02/OP14/good/M02_Feb_2020_OP14_003.h5	338433	8bafbd8932427bf74cf2e1af66e30bb4e7e6c3d1	M02	OP14	good	Feb_2020	003	68608	3	int64
data/M02/OP14/good/M02_Feb_2020_OP14_004.h5	336044	a34d74da23435bc3a9359709ba6e986880f19d65	M02	OP14	good	Feb_2020	004	67584	3	int64
data/M02/OP14/good/M02_Feb_2020_OP14_005.h5	332531	6cc46e6f52422b753fa73091f9d5156a684ca5ee	M02	OP14	good	Feb_2020	005	66560	3	int64
data/M02/OP14/good/M02_Feb_2021_OP14_000.h5	358622	ef8210a429e6b8b0193182067e353337a7a87813	M02	OP14	good	Feb_2021	000	70656	3	int64
data/M02/OP14/good/M02_Feb_2021_OP14_001.h5	358977	425a1f44a3c9ceb1dd7d25380c3d814ec3a40431	M02	OP14	good	Feb_2021	001	70656	3	int64
data/M02/OP14/good/M02_Feb_2021_OP14_002.h5	366743	02787d0e9a7dd6b9f60ff461b661e5474a752001	M02	OP14	good	Feb_2021	002	72704	3	int64
data/M02/OP14/good/M02_Feb_2021_OP14_003.h5	369312	78cc4551cbe18560b19c3fc673bdeddfd97f1345	M02	OP14	good	Feb_2021	003	71680	3	int64
data/M02/OP14/good/M02_Feb_2021_OP14_004.h5	342858	1f69efc4bd4ff24a7473a2d53ca77f458b2dda6b	M02	OP14	good	Feb_2021	004	66560	3	int64
data/M02/OP14/good/M02_Feb_2021_OP14_005.h5	359705	59addf528731d3c2bf880b2fe22b6cde1770674b	M02	OP14	good	Feb_2021	005	70656	3	int64
data/M02/OP14/good/M02_Feb_2021_OP14_006.h5	351461	0a6b2889e79c6f2cf78a9c668fe48664ff4eff95	M02	OP14	good	Feb_2021	006	65536	3	int64
data/M02/OP14/good/M02_Feb_2021_OP14_007.h5	336771	165254dcd81e9395979ccbbbca689999b7eb6b83	M02	OP14	good	Feb_2021	007	65536	3	int64
data/M02/OP14/good/M02_Feb_2021_OP14_008.h5	349627	6a66001eec9b3cc01332ecf3e9c093573f4a7365	M02	OP14	good	Feb_2021	008	66560	3	int64
data/M02/OP14/good/M02_Feb_2021_OP14_009.h5	370553	6256e2716dbd93698baab02dcbe4b6c7131514a2	M02	OP14	good	Feb_2021	009	71680	3	int64
data/M02/OP14/good/M02_Feb_2021_OP14_010.h5	328373	19bf479c7093e60837460795931e8e8ab8ac09e9	M02	OP14	good	Feb_2021	010	65536	3	int64
data/M02/OP14/good/M02_Feb_2021_OP14_011.h5	351605	87c409d0900bf079c5f50d9809f560227fa4c727	M02	OP14	good	Feb_2021	011	71680	3	int64
data/M02/OP14/good/M02_Feb_2021_OP14_012.h5	331675	46b1e6cf04776ede689da71d7b765af708ca791a	M02	OP14	good	Feb_2021	012	66560	3	int64
data/M02/OP14/good/M02_Feb_2021_OP14_013.h5	327722	12aac3eaa99971fdef035dc2616df4ce9f095844	M02	OP14	good	Feb_2021	013	65536	3	int64
data/M02/OP14/good/M02_Feb_2021_OP14_014.h5	326527	6dfbe0fe5243007b43aa9bbd83275914f0920b3a	M02	OP14	good	Feb_2021	014	65536	3	int64
