dataset_id	mp_id	fileset_id	size_bytes	md5
0007b78a-ea09-445b-8ace-ab0aaff8427f	mp-572767	339c37fa-b7f8-4ae2-8596-607e2c2397ab	18728	3a78abdcc9a090e00c0d49234368323d
001a4dc0-0e1d-4703-9510-a5608665035a	mp-567594	b8b0718a-9067-4468-a5eb-40687d2b4f11	41644	249da2721140f1cd8008bcd27820095d
0026c229-cf1d-4032-a592-89cdc1215850	mp-560098	c263e32f-5770-4a0c-be72-1618ebd1396a	28952	455c81c1a07a497c8beb9f6df6a32930
002a361f-39b0-41fa-8141-8c398e3dc877	mp-570410	4860c450-d2ff-4d25-9df7-ca5514c9303b	47524	8956a34fd3b720732100a8a8f8eececc
004aeca3-5bc0-4717-bf45-19f97f2d2ef3	mp-24074	15d44c42-bdd3-49bd-a490-ca2b8078920b	11880	d59b317cb3e7bac99cf68b63b81ff580
007b81b0-6351-4a19-88e1-a045da90690f	mp-7198	e5382352-076c-492b-bb63-495e711a844e	24376	29864cc9d61a62b98b9e75af421365d5
007e2a65-a0fa-4639-9963-9e179487531a	mp-762279	bbd71815-0968-48e7-a731-ecb6aa4380e8	54500	f3197da8af42e3b88d11ea8f745ab2a2
009832dc-75b4-4072-a5fb-2145ddf10905	mp-557529	0267c5ab-55dd-410a-bbc7-eece5f75cc02	76748	a0aba5be7ad2608c382940f29cae9bac
00b1d478-2906-4bfe-ad0b-91526d223be5	mp-561065	6e0a60fb-bb1a-4fb1-8aca-5adb95289e6f	57552	0a6973a04fb6887ba6e21b8b2a87bd57
00b9a60d-2eb2-483c-a53a-de7575471986	mp-6032	441dde36-68b9-481e-a621-3b02b2cb753e	45140	edc553371bc5de732301bcecb5bd413b
00c246a5-bf24-43c9-92f2-5517911f586f	mp-24227	61e526f5-88bb-4361-a97d-2d5f00dafb94	4372	9c23a60d81679b94adb3640eddd952eb
00c65b4a-93aa-480a-9210-244ecf415950	mp-541707	686aa537-03ac-4cb6-979f-3a832b6b5903	12908	27651ac82daf358ad200c2b651102a66
00cac389-fb49-4cce-a5cc-01aaf72b092f	mp-560046	07eaac72-cff1-4f86-84e7-035cfee0f0be	24932	6d2b9f79c798c13041250ccfbd63b60b
00d509cd-a13d-426d-a72e-aad50dbf60c8	mp-7499	6c9a41a6-1d41-4744-ab3d-6e5804b6b83f	37916	3d5e8e518baecb29ed49b65bde5c6ea6
00d66d15-1b4d-4e20-963d-0014bc425235	mp-561154	bdfe4882-94e5-4d60-ae33-d6a7e953b7af	51312	8e51d257d13992903ddeacb421699018
00e972c1-7a03-42a3-8b64-de7aee364a43	mp-27451	9cb13676-ddfa-4597-a4bb-9d7bf2686ae9	70292	09fa8c4d0fc5e77ce5136e313d930141
00ef1476-e317-4b5e-b1f4-7cf9a3c44983	mp-27295	14aaffdd-04be-4081-93be-74ec2c1432e1	64600	2e1e81c2ea8d45d0fcba918d2fd526ec
00fc27af-beb6-42b2-beae-ade9f1dd4fd1	mp-10409	68c84ac7-a70e-4ed5-9162-743242685804	50808	ae1f756e964d3e3aad189d961fc4b505
010353d6-21e4-4978-a2da-7c0625cbc3ce	mp-770481	47015b5a-976e-4484-842a-587edae1bbb4	75012	9d8c81e898aa9766d02abcaf74c6fc66
0134e256-0cbc-4117-a4ed-336ad30ed3c2	mp-768770	5fba78ea-3853-4935-8291-b034446332cc	38520	97b8a3e5e30fdf0249a4cc7898197a08
0135db0e-ff2c-4874-8671-5e02b030c4c2	mp-11715	4bdc8948-6f35-4ecb-8613-1a3e93fda000	18240	7b98a743f239643fcf3b57b27b759a0a
0138aa2e-5aaa-4251-afbb-a8df738d761c	mp-12620	004819f3-2d91-4595-8860-b768cb3f2868	5652	7c2554746f725bc720e6ad5b74cd6991
01414cd9-c841-442e-92ad-0bc65ad12106	mp-10381	7a71dfc9-3702-4669-b02b-359a1cb5e968	10052	7bc84de9a8e4a578f29e35b9c3efa0d4
014784eb-0292-417f-a645-1b0bcab52c19	mp-14433	3ef3daca-50b9-496a-bcfe-0f8276473ba0	20372	1645c3c307edb85994ac8431e6227bcc
0165ce01-9073-4f26-848b-3f972d4c03fe	mp-9479	3d61e129-6fff-41a1-ab70-21f017f6595b	7260	4b39041b7be445573d3a8fe87226a860
017426e0-6e7b-4a20-9178-d828198bf193	mp-541041	b05be715-6932-4949-9393-d1ac9c349030	155832	d486f52dbb8f954dbd3c1279926e3bfd
018480f0-9b43-43bb-ac3d-9d59dfb45511	mp-555005	eb8341e0-1266-4188-a171-928a58d4fd5f	82212	21ae0ff42546df538b35a7cb033b8d0b
01906247-173c-4655-990a-ac90ce8e978b	mp-753662	8fd87e13-356c-435f-932d-f0baf4663323	24416	9132a501039916ced81d41fed0cd497b
01a91854-65c6-4535-8e80-c203e1377bc1	mp-772086	99d3c9b5-7536-4872-aa8a-51d87bdc12ab	41160	400f5857162ed118e6127bc23eb3de76
01b69166-bc0a-4728-80c1-f4837d1a86e9	mp-570646	bf48c091-59bf-41e1-8f8b-280bbce7d27c	40672	7b8add5a14675ec9bc00969f69e28406
01bc6a04-1d98-41d1-928a-c9d31ef473c2	mp-540951	7cafad7b-8934-47ce-b22d-7b975cdeed25	14140	f9acdb862ec31d2c80492ed15690e633
01c2616a-d4f9-4e3f-b78a-e5280236a679	mp-7147	faf8c376-07d2-4476-9c4a-508bad9e1a43	29628	17eb0226407cfa7b4c767bda8fb21ade
01c878e7-a2c2-4807-95f2-0b3413909bd3	mp-561467	44e9d9ef-c53d-4251-9a03-72949203f54c	45952	ea18e1f862733248a6287ac17618e99d
01cd0ee6-d2be-4f05-8f34-50a96e080bef	mp-625409	a95e60b2-a76b-4353-9cef-1a564d0c640c	28268	de985b510797a8feac6f0bef87068bfd
01ce91fe-c11f-466f-b554-893b810f9a5f	mp-561189	9e5c1a58-8465-4f30-bb41-08ab8a1ddb52	21976	4e34728147829ebe09661ae973f845d9
01ebb78a-78c7-444a-852a-f6805ac42a7c	mp-703470	8ac24ea2-8664-48d0-a559-4852e769fd58	11024	95055ff72eac7074e775f8f6ad6c11f4
021a684b-5658-473b-8569-5294e8523304	mp-23023	2ced3c79-9178-4807-872f-76043fe1e5a8	5704	df452f8db25f3f86bbefef356bf607a1
021b0d91-e607-409d-9932-290bf95ab577	mp-644883	6ae2512d-075b-44a3-ae7c-3956ef8d62e6	10176	115f5c8b9ae824e915099aafa0940b4f
02206d58-4e48-4f62-a7d6-e832ec4afd35	mp-569903	b6144b42-e941-4802-a872-45fb0eb19bf9	15288	f5f70a48c3fa9ed0828746a8d94e0f9e
022ee401-648c-4d75-bc09-9520e7658fd4	mp-14854	bb97df42-d614-431c-bd91-657a73fd1fde	154864	0c8c04d3ce03771294d1381d728179c7
023dc4d8-4eec-44b7-b2cc-669fb2f191c0	mp-505464	0d2e960e-4798-48c2-bcea-0009dd479b72	50792	4ff7e12dc6673b129ba5acfbd4ea305a
024aa228-e7cd-4428-9fe7-b08f342897e7	mp-5818	9fc31751-b5b3-4bee-a297-caedced5689e	70712	196b815ccf985391deab68d0b61a3b0e
027d7b8f-7d6a-4757-9038-cb2483486d7e	mp-867757	1be06380-93c2-43b8-a60f-476bcda15d66	12056	bc842e85160767ffa4b7851edc83955e
027ed73f-88dd-427f-8134-079134395ffd	mp-28485	ccb7bac6-73f2-4f9a-b99a-1873fda9ec9f	20664	af135b45b7c9e6491f803e9c2797d188
0285ad44-68cd-44fa-a4f3-4afc44880938	mp-553884	1fe5fa17-ecbf-4457-bd17-33f8e7982315	59988	b4176283a9e49f8c9b0eb546505c29fd
028986a7-2eeb-465d-af24-5c0caf13d352	mp-573658	4022a1f9-f7e8-4b64-a937-71371fa133ad	17740	b40e582b035d1ea569857dd0357dc0f3
02b2b00f-f64b-4fd2-90d9-7cd5af3ba548	mp-773011	b870f4e6-815c-4508-96e0-0210372418e0	34272	08c4b7c555bfe0fad42fe3d43466f5c5
02b39773-d4d7-416c-9422-21f8f9e4518c	mp-23155	19add630-dad8-4dc2-99d2-99a3b80746ad	1484	451f43de4259ef4c617de167e16d3ceb
02b93532-7168-4d79-af82-fb0224da2e7e	mp-7644	be1d2660-8334-434d-8e0a-3cc64a2dab68	4864	5c70af641a877cc449122e6f8a91d478
02d72edd-a212-40f1-aacf-81de6b28f0a2	mp-28266	0615c9c6-dc25-44ae-9e6d-81db7b942213	13564	354020341f6570a6726e41c748a4b5ea
02e291bd-9aa3-4bfa-ac8b-8b36e512bd1d	mp-6987	206d8514-2c34-4402-8b54-c3e68a1ca8c3	14584	06dcd427bc16457a7f70b413e610fbbc
02e5fa59-2373-47d3-9045-7c25c2af0a59	mp-568116	efc6e57b-6f7a-481a-ad68-08123ccb1b4c	18876	d9b8ea42bcb4aa4e51017e5711e0cc9d
02f30893-4df7-41f9-b2e8-d4359a9c6d23	mp-5854	49f49db2-4e36-4392-b8ec-3b1d075d462f	31368	7b66322b1b352ee2e9f0fa8d5f66e66d
0316432d-153b-471b-81ce-64349ff649e1	mp-32884	4cbb47f8-16d0-48bf-9e94-436d818db0dc	15564	2d4ef1137431be17788ec4310058b70a
032d6688-359d-49e6-90ea-f405ffd53b21	mp-6236	33e406d0-f3aa-4931-aace-0f037ff75b47	121956	51f8031d3eafabca174b496e1f48b3d1
03462103-3198-4f82-8fdd-493ba5b9b304	mp-29484	d6f13a7f-fbfa-4476-a0c0-cbdf9bc364fc	7548	ddf8dfa0f8ad627cef3fc1bd36006466
035db1dc-12f2-473b-a1b3-3e4550e33f52	mp-20902	1ff6a89b-1366-46f6-b24b-0a2f2fcd4b1c	12188	d9463c3763046c1b23c7e3e66699bcb8
035ea6ad-255b-47d2-a055-a0c6d6010c73	mp-559571	8a15f9a3-0558-4f79-abc6-6422b86c947c	63952	59fb88eeee119f5d555b244d31f4f5a5
037c414d-a8ba-416a-bd26-c95aaeb1412e	mp-753821	7550d32d-5509-41e1-a0e4-b0de8d0ff2dc	28408	1b7fc160f13040ade0a112d3d7de61e1
037cdab6-6444-4d12-9719-3fbb40731bbd	mp-3887	c220eeb1-13e5-4cab-803e-7b6d150b9899	13828	75cf64a56f05a14ac427323f6f1470f1
038a9b5a-ec5d-4cc4-8770-e7600368a5d7	mp-4408	822893e5-91c1-47bd-a3bb-64e1ae44fec0	5904	2ff677eb61b70c8c5b171a06e632e2e0
03a47929-3598-44e5-aaf7-74e02a6ead47	mp-673245	7348be02-8da8-4035-8760-817b6b61618c	45832	f7e7ba40f35a861a0b2568bc1ace20c2
03a758df-89ce-44df-ba46-25fd9315ea87	mp-567524	cd3f7cb5-5bfc-4114-9116-af54c5f16ee3	24768	424078dffd0294f7cc455b16442e658b
03c77797-0ae6-4cf7-8a6c-4fecc13b54d3	mp-23860	41eeae96-1c8a-4465-a509-62e74df190ef	5512	3aa86c790b2238866bdb0dd3f12fb277
03d58fca-4a6e-4028-b3e1-148629591037	mp-540549	e26fa3a8-f9dc-4770-89dd-68d1011a4058	364244	cec5e80d2d30d16bbfea5f345c769ac3
03dac519-9ac0-4b16-b17b-58cfc9aa7682	mp-30107	4d12b4fa-57b2-46e0-a438-46c31dbb9b21	33724	ebb1999e7c166fee315e5a0076fab231
03de41c3-664d-432d-aaac-bad4d33c7ed3	mp-30990	9cdd2e05-37d8-4e4f-a3f5-95b3020d5dca	53264	7084feb13d6a536a49be8b1d2f343dd1
03efb4bf-dcbe-4bac-8d85-46bca14211ac	mp-559059	27e182d1-ac06-4d37-b631-75893b4d878b	46776	86033e23fb343292c1700b2ace5ba5cb
0411ef84-8b87-46ba-9f2f-c34a0457ae93	mp-558137	f829b062-39a4-4454-a95b-3ca4dfb22b16	49724	645064ff6801f5b1b6a24eb82c666d40
04165405-e1b3-484b-9582-d5260c3275e2	mp-557019	40311581-24dc-4798-8f2d-74d31e9daf15	59392	3c6dcf200e8aabfae23c17e0abe10d6b
0421c053-719b-4563-8f07-98e6259e1af9	mp-5151	258c05c2-d536-49e5-9dbb-f11ac9d3446e	56812	83ebb8a501270c3a91d79365744e74b2
043b6462-a8eb-422c-b0fc-5992c72a6059	mp-28857	3ad01be9-01ca-45a4-9c3d-b8c10bc0606f	40168	48dcc19cf4e24b0f9601e15985ba2163
0444dd5c-6bca-461c-8cfc-dbdfc6ea586c	mp-3211	f354753e-73a6-4030-b5ef-72ca80ea85ad	6616	a035012105b97555f67c7c4a865ed4ff
0454fe21-491d-4cd4-be9b-7ceeb94f7199	mp-556407	ebde518b-20a7-4922-bb89-f860329d13d8	27036	c24db1aab7260febccdad2df296c4a46
045cd9fd-d4fa-44a5-b836-9697307d65d4	mp-8934	ddacf419-7a6a-4e72-bc24-6ec39f1d7130	11964	87636ed3625fece496a306b5084fcda8
0465ebb0-689f-4153-9db5-4283e771a667	mp-27189	0ff444f8-098d-4144-9e88-70bf8c4e62c6	20244	691ca0448777b40c7643c01528cdd441
0469efd4-aeed-4c8a-af1a-1e7cb422f8c5	mp-20496	a00b096e-5f3e-4f03-9a0e-5c8714d2839b	26712	2c642f5fd25548959934d9d07a2e0e2f
046f4f0c-8cc2-4e6a-95e3-84457d289845	mp-556013	5d20ae40-2eb0-4586-85cc-726e9511be65	249412	6f0bf6e29912ad3cb5b0efe8c387ebe2
0471a9e2-0734-4f90-bc61-db219a9cd084	mp-18203	b6a44758-0905-4e4a-9aed-3d2b040104d6	45748	cc40125332d99e70162fc9dd43341d09
04750194-2f9a-4e82-89f4-d7239e77b944	mp-865095	0a52d7a6-288d-4967-bb7e-8b990f6dae19	4788	4c2fadb97b8f5b6256b8127397bde5b7
047743d4-e5b7-482b-b3e7-e39c1004e91e	mp-21554	a30a3fce-4e8b-4fe2-9347-dce02523e7e9	24820	b5ee12246e2cb6b8c5d2a864154ffad9
04790fbe-545d-455a-aee8-8a434cbfdc74	mp-555932	862d9567-7f8e-40b8-81c8-afd05473261d	22904	fab6a104c14b6f033a22fe9e9212c4cd
04793300-c28a-4c1f-81fd-e78b262ef36e	mp-21445	b4699c7a-9ef7-4a49-afcc-572e51e4c1e0	9412	29e3bb4954afafd78f0d158938922d03
04949fc1-e250-4ec0-9f79-da98dcd48f75	mp-600006	1d87b9db-5403-40e2-a129-84e81e98f31d	16804	65eb542f0f6207d3a753172e3e72c18f
04b2fc31-ab33-49b7-9ae0-071a6cfde5c8	mp-554441	e37557f4-5325-40a5-a39a-455ef14f3ba9	45724	509501df20402986179b1107a3c6cf75
04b36b78-f6e4-45a0-9bf6-c2d523e82b76	mp-560767	915520b2-68de-4e85-803f-070bdc728368	28672	571cfc2b5eeb204819beb0bb44b511fb
04b54714-76d3-446e-8a49-0f662fdbe756	mp-1700	04abd40b-f669-47b1-a470-2f9c83429e54	1876	c69147239f0242b079ee9d75cc463d62
04bccee3-855b-428e-b632-3da3a65812a9	mp-23963	5c5f7d63-cf63-433b-9ed3-b1974d5292c1	26244	686e6fd08004e56aee80d739dabf5375
04ceb016-b2d0-4e08-83d5-eb1cb2bf27b9	mp-571646	8bd05158-5e50-4414-aa63-1ba31568a562	77792	f9d9058481ce90996c3607bdaa1b85ae
04da2d4d-51b2-4530-9f4b-a28197f4b4b6	mp-22535	69be4d10-9bbb-4222-96d6-967405100cab	3380	b4880b638bcaffbc49fc2cfc72007e71
04dce60f-83a0-45d0-8bba-577636441eb8	mp-9361	d6a4d599-6331-4881-95a5-fba99c36659b	6480	45296dac57921e58ae4f542eb9f37348
04edb725-53ce-459f-9df7-d9fa2f179686	mp-779156	111e920c-7770-4bcc-89fa-d9bbb30765ef	20928	02dcb784c5a35dc8fdcb6228d52ec74e
04ff2a6e-1174-4c5a-9093-61028d772766	mp-644486	d434c085-2e3d-41ed-92fb-4db7f34d9527	10204	e5bdb0dd2e5bb0ef56a812e4bcfe3cf6
0509b695-b36f-4ebc-b999-1a07cf9d085f	mp-22913	41538174-ad6b-4599-b0fb-ddd426a744cd	1788	f3a05e474b879dbbb522af332ff2d383
050ea8f8-5f44-480d-b520-27decd86a584	mp-15254	94877d11-b795-44d0-acb3-8e2fe618e845	105148	385cd10425614bb74cb787dc500364c3
052e640e-7caf-4c8d-a021-2b3cef7b28dd	mp-10783	01c193f7-a3e5-48f3-8f4e-9f6333100017	6388	1a9421a7ca65e851255ce0cc78a0ae56
0548ea7e-6226-4f39-91cc-3d4cf66b5057	mp-753677	35f98c15-654d-48b9-808f-aea6daa46158	14556	8ac01ff8bbbdf16d4e2e6b9ae515eb02
054f4b62-60ad-49fa-853a-006e1d002b89	mp-557777	57879767-1fb5-485b-a39d-f8245a8156ea	43692	c3884e77100894b077430f999909fb6d
055a160a-a630-4d59-8cd1-4142a5973760	mp-560198	0cd40433-82e7-450e-ac0b-21b247e28a8c	54120	57f5e4b5dc7d26922495eebd659e1993
056224cb-4874-4d55-9205-e42b0ed2d455	mp-24018	0c7a89d6-75c5-4817-8303-f484e87cd35c	76800	669f47aa6b55949494c8e7f872bfb3a9
05724311-d7ab-4818-abf0-76b812d88671	mp-27673	1367c45e-f3e3-4799-9044-31ea1b9e00e5	32248	ac2cdc232752f66d5a8a9f0ec4f98299
057a1a1e-a00c-4c9d-be2f-be9ecd908b6e	mp-29359	959d6565-94fc-48f6-9055-81651d2ffef5	7528	371e3f3c9dd58e7fa52e59bb8bb2b032
0581cb87-e064-461e-976e-869bacb409b8	mp-561586	fb483c8c-1951-4236-b944-34983f864fee	6528	2cd08e330c90c63b2dfb3f2c26488a49
058313aa-32ce-426a-bcb4-c563556ea7d1	mp-989571	aa24b82a-7f11-437c-8e1a-7dc4af33c18e	2328	03e584c83dde1d01ca74d708672324ad
059f5423-346b-4c4f-942c-f62463733510	mp-15236	92996b39-559c-493b-9e6d-20c9881c32a4	22132	03b3debbbdcaaf7daba61b7c3711492a
05a0ebba-6c6e-4ed9-a66f-0ad564796d22	mp-34081	7d13936f-e883-4125-81fe-359017654977	6892	c47c65bf9879fe2fafbfe4201c816bfb
05a56c1d-7ed0-45b4-a393-affbb3c872d7	mp-867884	1b671bc6-59b6-4f4f-ad2c-2d0ef2eb6f5b	26500	9ab2ff22fa33c3b724d2500f1c6b4c72
05a7ff57-6596-42a3-87b0-e209778b943d	mp-11025	e7baab79-191a-4045-a206-16e3f4f05dc1	17872	f42d1935c3e5b15bbb4e25589cc552c8
05be1c05-b118-4504-b68e-9f6e309fd5c0	mp-758597	af3c39fb-668a-403d-b9ad-00a29736488e	154268	ff6c445e8ffa451d545257315df5173a
05c4a2c5-99bf-4c85-ba55-66cf47afd47d	mp-560471	2a20bdc7-4c2b-4900-a5d0-93fda97a4de7	45404	4da0220c076a81386afc5ed7289b5923
05c816c3-2ef0-43ae-a8aa-6acee42ef914	mp-561236	b1204c2f-1dc8-4d00-a39e-55a658498a73	97680	bfe36c9679b192bce8517e57971d2623
05caf700-fb16-4f1f-89c9-1585ae37cce7	mp-3775	29a885fd-df5e-408a-8b9b-67c52163cdad	19052	f2014acecd7a628bbe38766154a6f951
05db7000-25fe-4378-88ad-d1385c2ca2bf	mp-9676	11835a47-9729-4fec-84c2-04b81a4cc750	16808	51d6f3077fe440b238b8f7b1bde0c281
05e43929-1551-4803-924b-284dd6a70aa6	mp-23667	6b453ff1-2e9e-4324-a4f7-9a22348dd673	32972	74c8437001c1e96e5c12f10cef162fe3
05f887cd-e815-4466-a69c-c8d25bd3b1f7	mp-3932	8ba2562d-bd7b-415d-aa10-96e2259a2769	71184	60f1471c883a8dec524bfc144082ad6a
06009920-729b-460c-8cf2-646ca78b4f43	mp-541379	9a9ef0c5-a21b-4751-b4d4-064a3474890b	65036	d1a68eff5b5e21a28147785785776f25
06029f9b-f7b3-4ee5-9113-964a198b2868	mp-7046	78f9e380-8e24-4c8f-b8fd-1633752e25f0	6412	929332e0e4256f560fa236aea4d7b717
060ea066-63e6-4a29-bdf5-37821e3c8993	mp-5141	75497301-455c-4f36-8399-1f3138cd03e5	14420	c7634514ae0c8e5c92626c903684fd5f
0610f966-3f85-44cf-9372-268baacd8e3a	mp-5853	546cddc5-acf8-4b33-aa31-3204eea9ee15	20572	12ad4772ea5376e535bfc005219f012c
06239f0d-80a9-4e37-aafa-8e8261b88f49	mp-989527	6f94c342-93fa-40cb-b6b6-be507ce4a2c0	2348	e5c093e3a1f9ff755c50d4ccc666dfdb
062918a6-c577-4bf8-afef-a2f5bfdb127d	mp-557890	e25fa11c-98d5-4df9-902e-d3cbe4abfc41	5816	d9ad637d9345f70e39758a42a28d86e3
0634176d-c147-41e1-b3dd-072e49f863c4	mp-557696	e7de72c7-4143-4b63-a518-aa5a8c3dadf6	56068	987d5c463e0930ef27f03eeee32b6042
06365d79-3761-4c42-8e06-ad533fb87f43	mp-13133	bf9fe0cc-5821-4fe1-bc3c-ac971b744b5f	12224	914c948e1cf2eaacebd4765b966448fc
063780c2-c26c-41a1-8773-07d8d30d194b	mp-706	37ae80e2-db43-47ad-a113-ae5fd17867a6	5416	60d5ba70544124e8b69071b7691d7e99
0639e4d5-191f-48e6-a004-055a2d3ba934	mp-532768	a09287da-f84a-40f8-8d63-58d962a95939	154952	cc0ed55b0a897d0995177f1de33b2d47
0645296d-a3c8-4b3b-98b1-621f77c9687d	mp-13196	7b672190-9224-4d30-b7d4-69276cbad41f	37184	896d270c437be70e9b30ae3282147f1f
064798e7-d62c-40b8-b618-4c62beb3817d	mp-28433	2e92a459-94f5-46ca-b87e-795537cf2109	21016	1e4bef02a5be6e4ddb2eabd4f8f0258e
0649b4a1-1595-47f8-acba-dc91d5d085d7	mp-1986	76fd8da5-70d8-4ec9-baba-25b4b22496e4	1884	45a8f1a23ef00b300910a28078929cd3
065d8c85-bbcf-443d-abc6-79d30b0f984e	mp-567224	2149a0c5-ac59-4ef4-9216-f099a325381e	59388	6b4516c1a54f3ac06cf2e17a9bf2bdd8
066467a1-c4d0-4152-8631-909e7c69b7ec	mp-756639	8481cf83-0322-49a5-b4cc-04286bbe9e17	59640	094af109234ab5edc485dc4e7d7db838
06712c99-cf2b-4bd4-a063-831b4f82fa27	mp-18711	3b312c89-883a-47d2-89df-0f4e69959ef7	79584	ab93eb3ab1e7235f23c9380e3ff8dd97
0684654a-be78-413e-ad8e-99731d092c78	mp-4823	794e7459-e44c-4469-9d4b-cbb2a47e230d	8292	b55e0be280c30429103fbd2eb89b32fd
068a4213-daf6-40b5-8ede-a8298ca681d4	mp-12807	1edd7277-d295-4c6e-bcd6-b7f136919441	16652	0fc0cc36c307b36e84c213ad639fb2c4
06907542-6d5d-47f1-9b21-920e1c91e6dc	mp-777990	66870290-fe74-4c01-9127-6af80f94314f	46052	16377c2c2ba6688d32d1a9f3f816038e
069ac352-8cb8-42ef-8cde-2e3cb6565f98	mp-23302	426d241f-e935-4225-b697-cc4b360d4b0d	2008	ca0d36b46119b1851713f5f2249a3e76
069fe3ad-07b0-47b2-9bdf-df3a7136e569	mp-20940	130a4cb2-d4ea-46a8-9d3a-e6b1f9686563	28536	441286e504ecade0e94e47be38b6f5d2
06a4b476-247e-4c3c-a6fa-f3f755ee2b04	mp-3006	ff0d5fd8-1751-4895-9ca2-3e9d11f52951	10900	7a923661a1969198568c0c93b7b544da
06a59671-fc90-406e-a27c-53200830095f	mp-754134	c6c15763-ab38-4a32-a52b-9ea87663f2dd	28060	97ae417fc36a9fe66116cc56f7edc81b
06c57868-2a08-4b3d-b6e9-a8d5515289f3	mp-752418	95fb72ea-54ee-4dc0-b303-8ece0e2924db	22612	c83fd0c15e1fffce2577277bdc29ccea
06f0ef3f-5691-4026-8fb7-a467fca201a4	mp-12626	aa2e1801-0a2e-4a0c-a46c-a7a47080b3c2	5812	fcad7078ac32de31084037b45de70f26
070aa179-4ae0-484b-8186-199c1002926e	mp-561902	923a9960-bca7-4959-bf2c-1f31a6b69a10	29488	178b6628961ac6d43fb92fd83a71f070
0717e554-fadf-40c6-a46e-6b6687bebd29	mp-6434	4b23c846-210a-4fa1-866e-82e780b97f1e	47608	e748beda6406d523c050ec9f172a6bd9
07765482-3a9f-422a-95f8-beafb2fe8ca3	mp-9635	ddeefa73-245d-41bc-9056-c35fe67dc8d7	17760	a37d32e17af53853b5aa70d0e010a477
07bdfcf8-087b-41cc-9963-f58c6aca8696	mp-28554	353a7b3b-dbaf-4e6a-8db6-83c2c36cfc5a	6440	d3cc916d3bace72af74039243188b4b3
07bf2971-bd68-49a2-9b89-cb3f26839dbb	mp-772151	eccbfd0a-dddc-4912-834a-014efdb61d0c	26960	f3bb4db5212a65aa165174693e7ceadc
07c3fcbd-1e62-48c4-960b-97122baaf616	mp-505274	e9bec4bd-9e62-4bd6-a557-b669accf4284	27648	8453375b5b82c08e4a715ed38bdcd8d1
07cd591f-3884-44a1-bbd9-36a09b882493	mp-27801	4854bfdc-bb2e-44c8-bad2-24421d5951b5	6740	a1b048235411c63383adbc35fea40ceb
07d0cab0-8235-445d-ba6e-352126354f86	mp-555079	ac0de7c9-a78b-47d4-b41f-fb75860c275a	47324	0e167be2b151f20149e5c7dd8bf27f1c
07e75cc7-845d-4da0-aae1-0913efcf0a13	mp-18150	0f75aa9d-5572-4c9f-a593-d935e7bc0653	41136	4fc321c22e4b58794bace6d3aaba9559
07f19409-f39d-4739-bd35-81c55af80ddb	mp-17812	6e807ec0-f319-45a4-bd2d-21e3c4250602	61548	b83e9bb2f9d1859ac7c86496167df001
07f72b38-40e8-4678-97ad-c562c3894636	mp-554889	e6335c47-27af-4ba2-8ed7-e1be5e928ed1	37384	516e9770fd718d894dd75a8fe4a12176
07fbb32d-a1fc-41a9-8682-dd3fa879c287	mp-754556	b30c0a54-de91-4898-9a3a-153d5b84a4e6	17116	b7293a572097f4eca9ec4148ed299a05
07fc1fd6-c44c-4f28-bad3-8c8cc06b0d18	mp-541629	b55a3508-447e-4ff5-a68f-f2800fac1d2d	47380	c544ed152da30f71b9c345c838f7dd64
080996c3-a216-4b1b-9ab7-314fd4a87158	mp-7791	facae74e-fe93-46d3-a4f6-7bda52157ca3	14504	3076816d4d3b15342b1e83059dad41d2
081744a2-427c-4261-a4da-b6461f1e98ee	mp-28327	80be3f54-43b2-481c-95c8-2bab2828ce08	26420	37fce78d43c4a1716fadc68df20d937b
081cde54-41bd-4268-8ff7-acefd129a82a	mp-557483	97b04b5b-ee5d-4c24-831e-9e0bb4f229d3	5628	7a5967c448bfcc8e3734e621d34ccf2f
082f6a16-1c8a-41d0-9743-bf7e19e2559b	mp-753826	b41b2231-dff5-4721-83c8-a4f142b15200	14908	2588abf7302a5d30c4363590f797b8e1
08309242-72ef-4124-a0c0-edf4e57a523f	mp-29705	b63d869c-bd70-427e-8f51-3138ecf736eb	97576	2d9e22685e2b98f8ef22c555805a8149
0842d0c1-0146-4729-b51d-433f9eced0f2	mp-27821	d9611ee1-40ac-43c2-888c-77d5db0b0d14	48020	82c5471afcc362c5c96d158f8df832ad
084efcd7-f390-4330-a49f-c035fc708115	mp-29383	413c0bf5-f1ba-4934-a977-db29e58a7ba8	60164	988176b0ff7ec7f905ba8c7dc4b095eb
085cd23e-52cd-43fa-8d44-27371dcc82d5	mp-1143	58dc2e1c-d5b2-4ffe-a973-1765e28d84c1	10424	e846383a9de4732bf90d664ea5f4c6aa
08611afc-6b7e-48b3-a998-74e45452bacf	mp-5479	b135da4a-d075-40d0-9156-dbb6c2cc2691	5968	bccdb9fd5fc7c712257e860e75a95296
0862fdef-b947-4ca0-8bef-ad1d52b4ef52	mp-567910	02196530-15c9-4503-9a18-2a7e53be37f2	12584	95050c5c7f06a277d949acf642ef9441
0863bfbb-2548-4cc4-af74-8ab412ef4a20	mp-862787	3298054d-0f8d-4a53-99eb-f9abc63e5eba	36428	f4d5df713a8a8f947cef998187d34a75
087f18fa-e2bd-4bde-b077-07c89bb9b14a	mp-570921	5e8ccfc4-c807-4735-9e2c-bf12ace5980c	15564	8bcdfacd8628846e6524a268e5ef3249
088553e5-e97d-4fdf-b854-ab58dd1720d0	mp-754853	669c4807-9815-4789-98db-dcdafc9641e7	15184	7a53149885907e1e6d395cdbb4f4287e
088bfd3c-e782-40fd-901f-edfacf7858c0	mp-989548	41f0fdd5-3b52-47f0-8e70-342b7c2ba153	2344	d6756499a1dc712b0aba5e0d222b1aa2
088dacc6-1c83-494d-9320-00d893c2f567	mp-33615	2915618b-4c52-45d4-aae8-bc914a874787	8088	d58049c1a838f9c7fd89b7fc28396315
088f2c63-6d22-4cc2-96d6-e0e406e8b7d5	mp-7645	7540aad7-1d54-4a62-9cf2-a2b4ff9a1760	12380	966586f18724a48fd3dceb0c515f6468
0892ed88-0df2-4fce-ba50-4dbcf32e8286	mp-29836	c7827353-4c7d-4740-8848-4b5d6618e96e	24636	c3c6d2e17a68b51e1cfebfbd2d70148c
089e5c11-f05e-4b89-ae3c-7cd7564ee4b7	mp-16863	a414c80d-b556-4f1f-aaa1-a2ae247c0fda	31784	5b6333c911ff58b0af9cc222e3f7cecb
08a78e66-2eb4-4260-be6f-faf76f275d8c	mp-570117	69b997ac-3e13-42e7-91c3-5fbe967a2ac9	6428	da746d8bea476c0c0fe3b9d52ae18e77
08b5ac9b-26b9-46d8-ac3a-0d90746d7684	mp-634326	7e1c5614-0520-406f-9508-2c0bffb59330	20124	0500f56fb1472c7124ecebd9e563cb39
08e41a16-cd62-4fd4-ac7d-57b117c258ed	mp-571232	2109901b-b6fb-418c-a592-4a52dfd4caa1	13956	73653a3df92910c28fc1dd81d3ae651b
08ebe9b5-10f1-4a4c-9cc3-f0e9a8d71be3	mp-560226	a933777a-c5fb-420c-95b7-36e74b45f7dc	122900	07f1cffc9f8e37fc2fbeeda7d216ca17
08ee289b-0d96-44d5-8b73-ac21ec47e065	mp-695409	4fcdb728-db78-4443-8044-563459ce8e14	175808	f3ba93343f7b8b68379e29d45505327b
08f0455f-5e1d-4375-a801-7fd94be447e8	mp-24266	55029c7a-5649-4a77-88bf-13404f775cb3	30944	874b8585693e4dcfe529b3924a0ac76b
08f0d12c-876a-4063-bdbf-45b47838c4be	mp-8380	636f2bed-6820-4530-9aef-6e053d08b188	25188	a0bb0cc0eb6f4821c709d2f57dbc8a8b
0908528f-a8c2-4111-8dac-5417d39d7b76	mp-569050	6943cf80-a0ed-4e41-9330-981174a2d08e	16812	ec98d83a2c23253801b24e1cf393a01a
0912731c-e022-456b-993f-3da95c1c31f6	mp-780049	cc458b32-507c-4e7e-86cb-fe837a249a19	19740	5a4e4bc8fd34c9a3c3748eb0ed239012
091c1737-188d-4beb-b5bb-951a0d0a057b	mp-23096	0f9971bf-394b-47fc-919a-e89ac4394126	21528	fe7b4ec9e2102e3e0d193535653ef8b1
0925dc9a-9ac4-4de6-a064-59bb674b2b07	mp-11131	1c88ea6d-9dc7-431e-a8fd-61debaee8b19	52140	f738ba7c7ef1d7ee9ff99790f3382822
095ad20e-d975-46bc-bfb5-1d96da99ddda	mp-510566	8035338d-722d-4a93-9823-005b0d413557	16272	55632f448fbc1eb097b312913ec77c1f
096b5e25-a98b-4361-87b5-9451644e5173	mp-571668	856e5165-4f6c-492f-9a31-21e091963a0e	79256	fed36d9a5579becdf1e478306060e5a3
0972aeb0-8bfe-416d-80fa-933923188760	mp-3677	e4282da6-69fe-4433-ba0b-2c9491b85689	32336	d6a707e08509b620b168dfefa53ec9a8
0975df14-fe16-40bb-9ff4-a94de1966987	mp-29826	6561b0b9-7f6d-4afb-a2d4-9aeb1dbd0ba0	10180	9ff8928d76159e582a28a7a190e14f8d
097baabc-ab78-49f1-ab79-9d2b71604f84	mp-583084	f8ae1315-477c-4c86-a3d6-084b33d1d5e9	152492	2009ef99b7aba9dc839d5f4ac83933a0
098ad398-5faf-4bcd-a005-f5fa2bac45fd	mp-27770	4ef088da-02d8-41bf-bf48-7fa9c34da768	15944	279b99ec424d70825ff0e12c62a8f432
098b6f56-5940-4633-ab1c-a63d88c19f19	mp-16037	d559c83a-290d-4cb3-858e-8e9663b225af	4584	984ef20db378d9b19054bf9ad77f7cfd
0995462c-07bb-441d-8ce3-833074139ad0	mp-2895	e009449c-f56f-4fc1-bd00-412458fb186e	28712	86def0cb49ba5cac145b40966778dc46
09a24021-e266-4468-adf2-3d2c0ab232ec	mp-12492	3d82c5f3-97f1-44ff-ac11-8ba5aae3d101	17580	283e9b651ab8b218a16074f76c69aa33
09a39f36-b096-4fb9-ab64-d5d76e80e3b9	mp-17929	4f26573c-1c5d-4658-b7dc-4beec69d281a	28012	678ad97fa74a87a2bac3a2d963ee22ce
09b43752-d3ea-453b-bd16-1bc4e272371f	mp-7903	30eeb1eb-91bb-4db7-891f-3b249e8abac9	9540	0b5a04348970f7050a07268bca5b81b4
09cf0661-43f0-4ffa-ae73-4b8ee1a0f76e	mp-13960	d050bd1a-9217-4163-bcdd-ea14eff16edf	108700	7eed8c942a4f06f59432602a7f4603e3
09d2aa29-fec7-41b1-972d-f79a5e5cb699	mp-644264	6cf2d6d5-7662-4dd1-91cb-9ddd00156068	5100	104f374cc5338dddad27e1256f0c3af5
09d60b1b-d6b9-4afa-9c54-9d5a3faf5155	mp-772087	2a7c45fe-6da1-4591-8864-6fdb41ae9bec	12628	36be817c8dec8466fcebde47a7f028e7
0a603fc1-c19e-432c-96f5-79e7bcc05bdf	mp-561533	e3fde9ab-751c-4adf-9af2-40e9612b29bb	52528	f3cf38973404565aabb5846d65b04268
0a617973-bc42-4ac6-92eb-301bdb724e99	mp-675564	0d9820b9-c196-4879-b4f1-e9faed3f88b3	36884	a017a74eaf883796907bfaf938493ff7
0a632afb-c303-4afc-ad36-877ed4b37c43	mp-552176	3f71eaa5-d11f-4ba4-9116-6c8a3a5315db	18520	d0cd058f559dbdbd1937980f2caf3b30
0a7115cd-013e-43fd-b014-855b87a1188e	mp-779511	67add3ea-7b49-485a-b8bd-1d7d89b5b839	36840	a6dba9471823e7ba4af8a48fe0ec4529
0a7ae113-38c2-4a87-89d5-2c8781d88c5c	mp-650840	322812f7-ca70-4331-9c42-6766c86a7153	75056	c05dc117ceb53262d1899c108045ac4a
0a94c5cd-562f-40aa-a36a-8d5475c7d9a7	mp-6299	70943ef3-9d2f-4c18-9565-7a8ac5a20b17	31564	32db5a8f22c6b940b28d5ad1684838df
0aa088c3-12fd-470d-9926-8902c77fb1db	mp-554818	35b99fa5-3535-493e-844f-1a2bd13605bd	18960	cfd23bf8e25c084f28a5d04d1111bf61
0aab3482-8134-4aea-82bb-4eebb7074c8b	mp-768735	155d2524-5709-4c99-91bd-cf6d3d26718d	68980	03bbba9e244b16ad52f98e1e6f7da685
0ac72a4a-e992-46dd-b2b0-b5f018711cbd	mp-6597	9ec02951-f878-4afa-af60-ed8240c593be	27948	762afff8b6a54e05ed18ee0dd4b814c5
0ad0d064-cdda-4893-a0f4-63a2fb2398b5	mp-769285	02a410b4-4dde-4a6a-bc65-3a96855fce31	42532	e247bb683ef43e5c84b0af6273469e45
0ad50e35-e27f-43ab-91fe-55448f036a1e	mp-669358	27ab9b08-03fa-4878-b190-b73321889e89	65804	d9af2f3cc17666940dac93549c7511dc
0af0139c-fcb0-4e7a-b650-2402ccfbf864	mp-556820	7f797850-71b6-4857-8994-894ca6be9f3b	63332	f93ed2454053548c6f0f32f7499cb4e2
0aff054d-bf46-409b-b2dd-650141e15f76	mp-13033	cb3e0b7b-6d45-46e2-8790-81b3eebd6621	1844	a3eefeab95b2139023c9f05dd511855b
0b007c81-7cae-4031-881d-40efa63016a6	mp-546684	8024fc46-f623-47b1-b307-f8f542fe5c4e	14664	ec21479605ab4a9af9ec33e20c160825
0b0a78d0-7062-416b-a3cf-16aa39efd665	mp-17282	6fffd589-09f3-477a-ac5c-5dd9da7d156b	58648	2b4e2b97d0c61dd21bc5c6343cdb1eb3
0b0d91a8-c3f1-4d8b-aabb-d80fc9949c47	mp-7547	e48955bb-c941-4bef-9890-e8e735cd4c1d	13568	33e096403b6620e47563c51d6315b118
0b250958-b43c-4864-88b0-5d7a71d61f48	mp-756290	a58c6a21-0390-471d-bda1-01b0976d295e	15176	6c55d5e43ee678d2ea9d13d48cb028f9
0b271ca2-51ff-44c8-9ab4-d1c19dca5a08	mp-644492	d75b637c-3c93-476d-9408-032e6e05d012	29320	d09f3539d736b9064bb7ed4616136a86
0b339925-282e-46c4-b9f0-36a22109a676	mp-11742	c046a3d1-ebb9-4eeb-8c12-f53e9e826465	6452	89e46c74a7220d4b717fe249d07b436a
0b33fd81-9630-4d06-8633-d7312e7d220e	mp-29083	27671776-e320-4a41-9775-8b574432c974	26464	6883836d979585de7f8475bb2d093be1
0b442cd8-a7e2-4edf-930d-de30e793369f	mp-27422	02082291-00b1-4d2c-9bb0-213be25656a4	11000	e13eab3c6db2b854671c4b3f92d04466
0b701cd2-86f0-4bc9-a951-5d1b37a2f12e	mp-772073	8c988a19-3b1e-4689-b8ee-1e0719c9ba65	73796	d288d15d93cba27d8266b4fcd55943d8
0b7b34bf-6f36-4a74-80be-ba544ed3b6c2	mp-755574	ef8aab24-b240-431a-af93-24c6369f3b7e	15040	74575af2fc6c152588aa569c9cd9635c
0b84423a-b2e8-480c-8558-1eea5ac655ac	mp-8290	acb25150-1b6a-4bb9-9717-b7ba7ac354a6	6552	6b48d4f6aa5f28236a8c43916a461405
0bad5467-5573-4ba5-80fa-66ce8010099d	mp-754154	63b7ffad-5820-41b1-9e1d-7dd45faa8018	7388	d7099308ac19331944804d84f4c0f462
0bbec5a0-c7fa-4a5a-a8d6-cd977226fc9c	mp-865213	10a0807b-be25-469f-8a01-990fea20b23b	13028	5d323db15606a385d82ce3dd288f47ea
0bcc674c-4248-4c64-b9a0-206677dedcb2	mp-7914	c445630b-cc8d-45ff-aebe-3f4dbd8cfed0	6724	873631cc37d7cace96c531d3df213a8b
0c013449-b889-4504-884c-176ddc7686c5	mp-540950	58a1e074-3713-40f9-af21-700cc94e0f38	27168	185d31e88847232bdc621d825ca2b2e2
0c0556df-e122-47a5-bde4-499b4fe791c0	mp-866612	33e4072e-fc11-4ffb-8bb6-010eb3b88365	32344	5bbcb90df58af02e031fadbac85dac0a
0c1daa53-ffa8-47c7-a46b-4c9cead55a9f	mp-37722	e4a97928-83c2-4f5f-a4c2-9959c46bb07c	6436	060e2727372745afa4686823b0afb528
0c3186e7-d84f-474c-9580-da9c329289a0	mp-23287	dfeda2d0-d8b0-4b87-aaae-e06deff128f7	6260	7b94215252cb4420bf33687a671960d2
0c3f5300-f775-4f51-be22-00ddbdfe0242	mp-558534	347e2a99-cf67-4fc7-a68a-9900028d4d7c	55596	3b786c81f1691ecbbbf64a33c411a673
0c3f7dcf-ba41-4b5f-8986-d503cc071b9f	mp-567558	2424b875-e3bb-4433-b667-4acb5cec27c3	8688	caae7e6d94c85d207d87c3f012cb7334
0c485eb7-cd70-403d-9ea3-6ddf6da99f6a	mp-850536	a3e996f9-4158-49c1-abaa-73763104e3a9	34284	c204d6b80ed6a7e618837267663bb0bc
0c4d6213-c546-4b41-bc5e-a7aa1df643ce	mp-558347	0d729fb2-5239-42ae-b812-5892241dced2	75608	9500130e581e1ffbab081d6aad998336
0c4dc904-0c8d-4c58-94f8-41bf6987caac	mp-3439	45d435d3-5572-4ba0-a3b0-0cb15ce14501	30800	6c977f3f27a278c361d5523df30798ff
0c69cb73-137a-4a0c-ac11-478556d31aa2	mp-9631	1501c531-01a2-4f3f-bfde-31a501caecf3	7428	2cca01f608b850d47d94aec6b8c843c6
0c72c6de-b9a6-4bc2-b4ba-91cff0647d1e	mp-7394	49c9e869-1469-40c3-8a04-5e77e0bfd985	11616	c2bf69fc497cd62c1861986972f04aff
0c86d046-2f7f-4fc5-8336-ad55fe28c89f	mp-28569	1de4239f-0896-40a2-8b95-312310a1854a	32212	ec1c185446b747ff8bd2256426881667
0caf264b-005f-4705-8daa-3e969a512b17	mp-30100	2ba4acc2-6e41-4819-a61f-8da1c42a6387	28900	9d3dd3155066035b9338678f1feb4a1e
0cb54e32-d26a-46b5-8dce-661578fe3c0e	mp-541403	018ec5dd-7fca-4baa-8c18-b294300e13b3	61580	f4eb998a73636cc33342c1117b1a0182
0cc0e440-9668-43de-97b2-4445209fdaf1	mp-12488	0c1d218e-00e3-467c-9053-fccf705bb6a7	17404	2e85fb1c77e682e2ef24d154dab8a878
0cd2bb1b-4b73-426f-aab5-240281aa995b	mp-560647	f519c06c-3dea-4b77-96c9-44b7780e2d19	28412	737e1a289934ab8b867e8825586cc563
0cd371ad-3813-43ea-ba14-8aae0c0872b0	mp-30247	d2bdd6c7-404d-414d-b279-524063d29cf9	6388	40afc216b3e67b8426d10a0a4120f704
0cd84665-b708-4fed-b5ea-c74f64d163ea	mp-7768	390063a2-1f10-464e-a45c-91b90ec0ca6f	6636	52566068ccde0ac533cb282f97040088
0cdb00ed-7bad-44d0-9d0f-7c66e9a7abf7	mp-555237	0fa3ecea-350c-4016-a272-5b35f42c3e55	48532	d71f997bcb9b19b616111e43bb13b63d
0cdd61df-048f-4eb0-9ea6-a97b89aef363	mp-16118	7efc13c9-5860-441c-84ee-9fc2cceadb8c	20304	1817df02086a8d14e2d7cccb8bfc4fa8
0cf73d6b-6813-4f56-b857-dcf02067ee00	mp-559243	cb00435d-595e-4c06-bbb6-499ae6cd5379	26964	2b5195fc5b9835a72e9b4ca7a908a5bf
0d0ba2ae-2df0-4c4d-9ea8-c642a4a1490f	mp-541060	64bd0efe-2eb1-484f-9acf-c11f982cd4c4	55488	11c9c1b876ef40b95743cda0d58d926c
0d16cdb1-0afc-4a09-8398-29740110007f	mp-28781	7ba4ac93-707c-487d-b671-df6498f9aa53	27860	ce05949c88f4b2dcfb316927cc29d518
0d20df5b-bae6-40ab-b1b1-9b2a80d1c413	mp-7604	ffaeca0d-62d2-4746-8399-b98188f80472	2352	472b61e59f557a4fb7600f6139edf2a9
0d288215-72aa-4ac4-9417-a4b1a3e87c87	mp-697022	806a8bff-755a-4c2c-9e8e-69cfe164762a	62800	cc6bd0061aec7d38a029e435a0ccc098
0d38a0df-d48f-4e66-9a58-99f59d1df53c	mp-983589	aa7935df-c187-47f8-a831-c9439004db9a	49740	9a3420e8715af50d6a2612d44ad814d2
0d39a3db-4c44-4a37-96eb-73f3eb231749	mp-32594	0a7bb52a-4ed2-4ab9-aaa1-1cc7b95cd40c	24964	b55439c44f4ee7cb4eb18e6bc9a5a516
0d435edf-78a2-442f-9f70-9fe4c16f24a7	mp-16163	267e040d-5a6a-47d2-8285-1a4b63b59275	71696	bdc13b8c368de414e3bfc1190fef3fbe
0d487846-2d76-4a7e-8dfa-a44dac59b913	mp-18337	5664366e-7dc2-4489-b98a-7a3978586c5b	10744	4913ad2f05a582a460986cae06483755
0d558819-5ad0-4e08-a071-93e948df50a4	mp-989570	3fb07dbb-3433-40aa-829e-684cfe49391a	2324	e7634f4b8e2151338e374d84cbba596b
0d5635a9-147d-4d07-be77-3bfb2aec27cb	mp-15549	09d62d1a-ec87-4c0a-bd97-e844a33d8f8c	11004	037d9d68c670ddb52d1b3cc62f975662
0d679420-6174-4d2c-9dea-261da3b4df31	mp-17470	13bdb329-d8b1-4214-9417-f643befd6ca1	70152	58d977c415de9a0e302637f7a0991657
0d73692d-5411-4a63-bcb7-f80000fcb503	mp-12630	682b1a10-9573-4740-8191-652c1a5c7da3	12648	0b90a7e0b04a8c9110da4764e883ba0d
0d87c272-b69f-40b1-a58e-a3bd2b612bd2	mp-6008	264925e2-ccc6-4e29-abfc-719d1abe5ccb	19640	d60423d44903e59b42e6fe821f7734a0
0d8889d8-b5ca-4168-9184-306e52dee071	mp-21560	ae348232-f6cf-4667-988f-d62e64c265b6	60224	fc0d8625bead82a5aed23110bf44162b
0d967a11-4f8c-43c4-a7f9-83f2ca59bd60	mp-556583	1f72bb5f-2534-4128-a3ea-e1830c66ac53	25064	15b6d0673462f549f59c5069f179e19f
0da5d265-3d6e-4c56-8016-01b935c5d617	mp-773017	5277a92a-db5c-41c8-a626-0185a93a3361	158092	e7042d87c6414cb3e5f792c1c89c74b3
0db74ccc-28ea-4d89-b9b3-c3e931972503	mp-12263	49e63e07-5441-4732-96b5-3db55474a898	26608	4eea32138df6de6736ef12d8ac8b597a
0db7ac17-c4f7-4de6-9f5c-b53b1814537e	mp-8612	523e35bd-4417-443f-be41-e6e8c6217561	15036	72618af015d1e38b6a810c2ad6acb94c
0dbb71a6-19a3-441b-bee3-631c20c60b58	mp-557452	823e24aa-669c-4425-8a25-60ad2ddc08a0	76716	3ef951a303bd5f4aa49f1e16d81a3c0e
0dcfeac3-b566-4291-95f5-0b49d140f98a	mp-555144	8d95b1a0-e22e-49b1-b6d3-898821b1e33a	90736	482ddd599f2a82676b6bde5b120f0343
0ddf0189-625d-43b0-b82e-2ba0e1a6695d	mp-680555	77218ee1-8eee-4d2c-b6f4-3c358999eab9	114172	07926712376b5d0117d6a6b6df73bbfe
0de150a3-3e98-47ba-ac1f-66af6bd583a9	mp-649774	71d7b626-46df-4a0a-88dc-d2fe4a27cc64	37596	187ce8541b2bae9167ceb7678d732b0b
0e021e8c-e009-4a03-b078-b3ce59c3109f	mp-16919	e10e403b-5e5f-4dd4-8362-6e9eee340c71	34156	c0ae0394121cc9593011bafedc4359a1
0e1c1d3d-17d0-4363-8ca9-e574a137780b	mp-5986	ae3574b2-f5a7-401a-bf0b-8373e45a61e8	10196	979949fb8cd5972683bb8080cad50969
0e2f2ccc-9d85-474a-b362-f1734ea7f137	mp-607829	af6927d0-20f3-4660-9ec9-979c90d432eb	45556	45dab7901d3482a90ed199edb072aed1
0e3ba52c-7ab5-4782-b451-da1a295f44fc	mp-3338	1e3acf43-bf61-44c9-b8a2-be61752da912	31160	77a4f174e95bfc403a743ac10023cc73
0e4157d7-cf8c-4fcb-8abf-1fa28d1538f1	mp-553991	e669c0dc-8ca6-4a08-aa7f-19d30a2e9899	26836	a083a25a0f3d1bb2243717fcd0b9437c
0e4c9fe8-cb78-4a23-ab87-d983364151ee	mp-680205	150b5664-d311-41aa-8f27-6700fdfb0aef	30452	b829f65d8eb9450f31fc7f0edeb2f736
0e614153-4802-44b0-9d8b-35616ae1dba4	mp-762240	dea6d279-d523-4cda-9c44-9839775787e8	74812	6efc3506a8a41cbef3dca66c29ea0f77
0e733032-7d0a-4178-b534-3979609d8e19	mp-22904	f1dfa707-4a8c-47f6-a17d-2edfbe528d44	4456	c9e4d85098d45b955f2cd8524337b067
0ea03db2-3af8-4b0d-9e7e-99cd5028e7d6	mp-35269	53816d6e-215e-47a9-92b8-2e9076f710e1	13316	f39f052984110f094f274ff024015e61
0ec540ed-d459-4867-9085-e49c77de8866	mp-555356	a62fced3-9a13-490e-bda1-fbd5b8c5a772	76372	34363c9b9daa9104c21c83a8af3f863b
0ede8ab1-08a9-4f2e-86f4-a9427d2cdefa	mp-23341	fcea0b0f-fcd4-4fe3-8057-0593870331b5	5712	18f9ae023d79469e834c4a24b33baf39
0ee9eb81-c49c-4fa9-8a13-c7e3b1c4f016	mp-13923	d43fd3f7-ebba-4289-8dfc-3fe80f8644b6	48400	dd14311299919292e5651b35e11dbe92
0eed4504-48dd-437b-b9ec-0ade8dbff79e	mp-686583	466845cf-e9fc-466c-9c40-0b2d8fc85fdf	53188	3510402958889013d13fb96d3a132db9
0ef7f90b-dc51-4852-9f05-0907516a1edd	mp-7505	bbfa596e-7f9a-4010-ad54-8e9b37fe8ab9	12304	8dec9fc3160eec8cd67e40bc790837cb
0f2c0e35-ee3e-4bd2-bae4-415027887bbb	mp-28641	6114c142-966c-4ef8-af95-865f1a7bf7d4	64100	fb880409e7571dc67ff5a085952a7834
0f2f722c-efdb-4f9e-ae58-cc8cc2f4e4e8	mp-866657	a47b7f7c-eccb-4bcc-999a-b2b5cb7c9401	72540	f793a11719ad3036ddfdb420ee443864
0f4df287-77a0-4ab4-91de-be553b71a46f	mp-759737	21cae3c7-eab1-4b7b-aa57-2d8e60c47b8d	72420	42139bd766df9ac82041f30dfb501213
0f7422ec-17a0-4a04-a288-d2b7886bb476	mp-28195	d2e2d4cc-f71f-494a-b0d7-26ce581f216c	51144	219b220904fc13eab1342da6a6c53d23
0f79db68-c08b-4bb1-9799-673ccabf9bb6	mp-772194	567a4329-b879-4899-9873-ba3b9161360c	14008	55fead7277d30f013406c2bb7689a21b
0f862195-4a9c-416a-af9c-1069933daf06	mp-13596	3ff95df5-3213-46a0-94e9-4b232515971a	24388	bf0c77225e96b9636475a2f3b5e848c6
0f974816-a015-4491-bb91-eb612008959f	mp-28070	b76e427e-5a88-4ae5-8299-40826e0e6ee9	12388	d729f5d22f7e414d9d6f53f4c02ad193
0fa141de-5fef-47d7-b2a2-8a1f75b60d13	mp-554826	28b55abb-7f18-4523-8ad1-5c95dfc8172e	49660	75160f47f2ee370e52de2daaef96cf31
0fb3490f-ee7b-4d68-8aea-11158f5a7660	mp-560233	626a256f-6afe-47f1-8197-e32f01dcc6ee	80464	5b842a2511f329ab21a8e6ab29b88632
0fb62e80-9e8a-4248-aabd-3de4d0675a31	mp-3472	5573bd3d-c932-47e6-9d22-a404ea3ff0f8	22036	8c9124cee922d4b9e9e4bafd952f774a
0fc183d3-0186-45a0-a0e9-0b9094c028b7	mp-3653	6f3caa0c-4b9f-4519-952b-04222dbe4b27	14776	7d4916b25569cb307c4e4b1b6b5e431a
0fd5c39a-a404-40e1-9112-e024bfb34644	mp-510273	a0ae0141-4acc-40e1-91b1-0f1019999e8b	16816	a71aac06e45d8b89d2ef8747ea3d5c7c
0fd8124f-3f40-4e8a-a6d7-f1e51a60bc85	mp-23730	878607cd-d2f0-4496-acd8-92c6e8581f8b	13804	d80d1235dd3b6d75224b35f4d935de3a
0fdcd303-509b-4c1a-8bc2-3c880423b182	mp-38975	47fe2389-5cd8-45d8-880d-d30760ad1bcb	16096	474cabc0b2e8464a6a48954c4f750108
0fddc652-0dc8-40ce-b98b-663490f235e2	mp-30959	f678ee50-9cf0-45aa-aaba-4daa08b48541	6364	a8a0bfc6cff6ad5e9a6b5f2a0a16965f
0fe96454-ea19-4111-99c5-39172e089107	mp-15668	5fec1f4c-36af-484d-b5e9-21d1bd91a098	7316	27349ef2323d774994edaf7c2a14815b
10009c72-2c12-4121-9029-b4b71bad767e	mp-699284	ff60d0b2-8420-40ca-bf65-4e74f78bd427	37284	6107f4351f6782042e8b58e9fbb3ba74
10034a50-ccd3-4025-857e-c0a868ab6ade	mp-771306	9e7bc313-9d9a-40f7-aace-3d224d58ffc5	46720	2388bb468d4a7a96e0a4921d275b5f62
101174da-1745-4f5c-a428-1c298f46f0ad	mp-5055	bf1dff80-ad30-4007-855d-d5172b09269c	7984	dc998a78ee95e23028146b5428c05b3b
101628e1-e79a-4e56-b198-0ba020d960d3	mp-7387	6f7b426d-eb2c-40c4-b545-7af0b13a8921	7628	050955366591bdbb3f3e5a5983b7a28e
10396e11-f661-4c5c-a8b0-319daa00e656	mp-560799	9e8caa25-d449-44c7-aeb4-93bcc99a96c6	22624	9d1fc16c1171783eca61bc8826a51a6f
103b910d-5686-48ef-856d-fccb876e6ca5	mp-35909	e6809221-cc12-45b4-967b-18f35150933b	11500	eb109490deb8f42b9023605885d03abe
1058989c-0c6b-48d7-89af-30cda038fe98	mp-989405	ba0c1572-174c-449d-ae0c-c1f29871f11e	2284	0e5e841fbcd9bce10cd93f5b4063d07f
105f8955-d272-4541-b92a-f0d02cfbfd26	mp-769301	a553473f-8d1e-4290-b050-cd662932d447	56476	09eef65416e5a74bbf31821633fcd64b
1060c1bd-f151-4c74-9c1e-1ab66f0a3135	mp-14712	87ab364f-3d48-406c-874e-3cfb8428aebb	25632	b0f8406a234fdd394e85d1ccde3421ee
1064c496-6118-4905-83d5-5243549c5182	mp-18352	d04f30a6-8de5-42e5-86de-47f11ba7eace	14332	bcdf48b16ad4e2be6e50395081560ca4
106ad9bf-9d5c-4751-847e-86cbfcc19614	mp-24181	f35c84ba-7d17-456e-80d0-5a7a7b55ea0e	63132	9a50b93268629e755c5c1cec8b418d6d
106c13c1-7068-4c1b-beb1-e5bc91faa83b	mp-555507	766f3f10-1f28-4261-aac7-7fed85bd363f	42648	95ed3c2050df5030650fca8d4e140429
107b3b8e-4bc4-4447-ae3e-f5dfec041d2c	mp-555184	ae154cb9-5992-4771-bea6-f32f4e4bb770	32544	99749fb96114a512e8d7a9e4cc79429f
107e2478-3e9a-4600-b6d8-3dfb3dfe861d	mp-554542	1f21b4ad-c804-4258-a9a6-52d75afa062d	9836	a2164793cb780ff840f32762fcaf1da2
1085a5d9-0e5c-4347-947f-eb86a0eb207f	mp-559390	455a53ba-53c3-4eb2-854e-c9aeed2082ea	41596	b58781077e82a37405a9a1cfc86470db
108e76d2-ae86-4b1f-8175-63e28d958988	mp-540736	61f49747-ca6b-40d9-ad00-a7df2913095b	154496	208957aaa223d3551df6bef49c170668
10be9b4e-fd9f-41ad-815a-3ec9a4aabf24	mp-30133	919d5766-57af-4dc5-bd4a-46f0f276fed1	20944	e0a2ce43a78c96744d65bca524692452
10ca8c3c-8401-4bd4-b8b1-889815f16dc3	mp-675989	d36b9741-f616-43c7-bac9-c7fda7ab5041	18292	7ec6ef714e6e15ca66722c97c6eae1d2
10d3d89d-5e04-4456-88d0-253f3af10aca	mp-556953	30d63d96-d31b-466c-9fb9-8e81a0c2c0d1	9488	0d080fe948004388e4efd495698a0bc1
10db2254-6427-4ae1-9c9f-78fd8f8d538e	mp-27398	0ca4c100-b19e-477a-814c-16f3c75eee2e	17788	1f0259d34b8a5439880e811ecfa3f71c
10ddf50a-1020-4fe7-9103-23c045efd029	mp-561013	0732cfce-1aee-4741-9f9e-6ef3d4301b41	47836	47daab14f06412361664e883434ad8ad
1103ddbe-846a-4bd1-b4b8-5643509047d1	mp-754326	da7357c8-2fd8-4e1d-8f1f-77d58490956d	10576	31d6c93d96f33dfa12d800f7e4f342da
110541f6-b1f2-42dc-8b01-972d47bf9cb0	mp-550925	0b83e691-4d7a-4ff3-9741-51b265aebb6b	32604	babe0c89c04c9de2708f8efd135161d6
1112c3d9-ce6e-40f2-bde6-991aadc98139	mp-558294	6e9ed3b0-bfa4-41d8-8cdd-ba283254cf2d	71100	a69b9f14f4df5fc65493ca41fe0a6d8a
111bab94-5bb9-4646-97f0-5e92f1c193a1	mp-1195	32c67616-1097-4907-b32d-cd88659ac278	61660	0768958a042a6d7ac50032cdb6ab2334
11281134-233e-4e0e-9331-b7a3351b210a	mp-24424	e5694836-3e0f-4e72-b7ae-54aca882e8b2	5548	c4ca8b857ab21779a9580e11d90c8c7d
1139af22-fa2e-43c0-8ce8-e1965d17157d	mp-7907	5a08ab0c-a34d-4333-8b96-74b37235f890	13216	8e76417f70ada3553683ced095285fb2
113e2dd7-e1b2-4094-a638-e239d08415fe	mp-552191	fddb3a61-c916-4ba5-9bc7-0baa4e8e20e3	16064	164983dd16bcf1379d59d56748c56a71
1146975d-41cf-453b-a8b4-d3ea7d0a2848	mp-4699	19d7b06d-e0e0-4a4b-9525-6e48de18e8bc	16064	52ae82445a35ab1e0eada3b36b0c03bd
114b07ca-6de5-41a7-a5bf-4959b591d3bc	mp-4255	76d5a82a-fcdc-481a-a415-2e76f2b97e18	4380	af182a41ee2f3760a41a89f168e09a36
115f5110-da71-43e2-aa0c-cac61049afd2	mp-771328	2a9752e6-962d-49a7-9ac8-b5d1f2927400	71844	ae91144aa30438a54ac6d3c6f592db04
116354bd-9fc2-48d6-b3d2-612b7deee6be	mp-568224	c4d3f13f-cbf5-4596-bb73-fddd298af139	48928	4c639c27de2a8fc67a8a02da510ad6b6
116bb796-c5b0-495a-b456-10e37160f1b2	mp-510032	e4d9202f-259f-4b49-a736-ece25b9f2289	14692	2ac76ce62b4dcf2b4e3e8c7d9d0168c5
11735828-1bf1-46e4-9840-de4d48325f36	mp-690794	df5f92b4-c6d4-41b4-a446-4991057c864a	6448	aa01ba31543dfd07586f3380dfb09aa5
117c77d6-23c3-4d81-9b7a-a2bb8b348693	mp-4759	2c2ead61-2546-468f-ad10-907e2f8455ea	14316	8a11053d26e48275f4505ef4c76fa21f
1189f65e-cb14-448e-85fc-269255030f2c	mp-554282	9bad670a-ede4-4cb4-8d57-2a33634a7f53	55412	51d0275252865b288b9c0f4930530e7f
11a2ae33-cb5e-4f46-8c06-f9788de41185	mp-27931	dfddef3f-5db5-4bfb-83ec-b860ae9e30d6	24680	26838237d92100e2280b9b7de78ce0e6
11a96588-3289-4ef7-adfa-2f7414be4da4	mp-557151	a6fdaef2-b7f9-4aa7-b487-0ad387534e40	13040	1283128fb6148ba124ae11b3d31d841a
11ae8129-49a8-4430-a678-0ceab1754bd2	mp-18619	c4b39728-e75f-4ef3-a6e8-9956264597fa	43052	1aba8f14e510b880d62595ac83d40202
11b6dddc-00d2-4615-9875-11ddd5f762f5	mp-772074	2f709931-75e8-4509-a618-7db34eda8493	141580	fad23268cf15ea21495670d7f1de8d02
11baca58-3eaa-46ca-ac36-8b062c14bb30	mp-625052	662a7ad7-6817-4887-9f56-7ffb528ef05c	5912	29b4f12ea88305d67868a5a0281e9716
11bc2bf8-9b9b-4c43-a514-e0bfecb9e716	mp-755026	8531f2f8-f206-4605-b903-909653944d2f	5780	445d91918ead796a36d185806e34c906
11c373ca-87e7-48c1-ad7a-3f1e2b31bc91	mp-18043	b0caa68e-867e-4dec-9e41-6c305bd0737e	35004	5cf85276c702c4b68127029b90716a62
11ceefe1-7f3a-4dfa-a224-7157e6a044d6	mp-559985	c1edc12a-18cd-446f-b1a7-ea6228948aaa	68524	9425ca62c31c07771ccb56be18ff6d39
11d7ece8-2862-453d-9cd4-8bffa9a8ea88	mp-772180	95e6d8a0-8b93-47ea-a45d-702871047ffc	31744	8e86a7f6248aad10d486314036dfbf04
121bf03a-82fb-4c10-8839-2bc0753a78b2	mp-2763	5854da36-7a7e-41b9-9d13-155bf88fba5e	6616	da4e718ef2e83f3784e2161a75f195ee
12214e24-ee15-496c-b8ec-386114aba692	mp-9384	375d885e-17f7-48eb-8656-f92ed02bc1d7	5044	99a3924ca8bb0a8c0489fdaf3bdcd109
122e071f-2761-4499-9605-25c3087f344e	mp-10780	536d3ffb-a770-4935-ac8f-7784e89b4388	6396	a13f62d96c3c00fd82536a1ddf43c0ee
1230f70b-3bb7-4341-939c-7c387e6788a4	mp-571404	e4436c0a-2561-4a02-9b92-c50f94c88a69	49360	2b93154436c7dfeb9c83bff68bec2395
123cc010-e00b-45cf-9da6-7440f1bba1a0	mp-757727	1a2913a5-fe95-42d2-9294-c309c99e9701	109488	f507474812a1be3c4de036b41a9daae6
124680ad-6d17-40c6-93d4-c2f7bef65fb8	mp-8872	ca1921a6-5b05-46ff-b4b3-6a5ed50866d0	16332	abb3f14fc11ea4ff3c60a0d79b3ad444
12570eff-e615-45ce-ac2a-d105db221745	mp-3376	5e4374aa-11cc-4ebc-8796-2b24f2435c55	8088	652dd057cccf8e9871775bf936ecbfd0
126bec82-ef19-4ce3-af4e-07f59c1f530a	mp-28324	449d46ae-ea0b-40b3-8967-fcdc479a62e9	23120	6ec623a71061d35bfaf6e35f56574962
1279ac9e-1521-468c-8cc1-5f32f6f85d62	mp-13614	8f4eb111-86fb-472f-a100-40f39eb744a1	30496	9c8208a3d3bf72899c498c6ccc892726
129744cd-2c69-4f63-8eaf-6a5a6d13d7f9	mp-754892	3d2fd3e0-8651-4eab-b207-8c2dc4be88df	3344	9ba1fa1dacdcb1c3f57e5c6e514568fc
129c9766-9955-4ffa-8e3a-fb7d3f9387c4	mp-541057	ea30305d-6973-4d48-bfdc-136dfeadcdd6	59928	a7f4071d4b41843d6be53e016e7f7904
129ed935-3bf7-4767-889b-c9cb80baa127	mp-24084	29c1d603-1172-4080-8568-e98ab31b843e	1604	5a80d41a88bfe778771f7afe50bc2e03
12a1fabc-b020-44b2-b4c3-4820ecf258c7	mp-559826	e9b013d9-338c-459c-b667-6d7e3203d6b4	28756	ab532c34b0130801e44cb1bf59c9bc52
12a538c3-f0e3-4078-8de3-f5ff38be0bb8	mp-556066	8c9b0515-03cd-436e-aa8d-1f9d55e75e0d	44580	f30f0add62d942e756bf2a4e7791db37
12dbed93-7f6f-4931-a02a-7ccf19bbd4d3	mp-4351	a0c3e3b4-7418-4c42-8d37-82ecff1a8a5f	28648	bb3a0f278f67cc0cc2c54729af7b35f5
12e05191-3110-4d1f-a48a-3e4f0ef1ee69	mp-866141	4735b667-faaa-49c8-8b1f-5f9ad60bb0ef	3100	eb8e564dd353c7e64f6fcc3604860534
12e4d235-1ede-4c02-bc4d-ce3bf172cdc1	mp-14193	e994ac2d-b56e-4a9e-a330-85725ca298f8	12172	a791babe529eabfce27cf0e881139e52
12ebdd80-1610-4794-a68e-1d5958397ffe	mp-753747	bfbd9860-991f-4554-ba56-0edd46fa94b7	17688	0f9eeca28939ec29d0c99a5345dcb5e1
130ae718-b0a4-45f7-b689-9aabd210c955	mp-617	5d35d32a-ddbf-43ce-b10b-64160528197f	6324	1985665d62b2b304c07abbbaeb27483f
1311e897-190d-425c-9b4b-af8ba9396b90	mp-755015	1e0aee09-c6c6-4c55-9059-bf80ee900df6	33144	bf156e0643ff3e46557169873ba555c0
1313370a-d148-494f-8744-9ca15535faf4	mp-556021	6b04e620-36d0-4721-a134-9d3cc1556086	61668	286c951fbcbd589367fee9a65209186f
13153fe9-e5b5-4286-9bba-a030e2f6ab76	mp-28144	1f522ccb-3b5b-44fe-91c2-45c801502760	33452	b9f6fb482431667cce88d17071946dd6
1319857a-a50a-4a27-a438-8e7b8657a3a0	mp-9167	815e76b5-d8eb-48e6-a461-04bfb11ec8d9	21984	c7885a53d44ae793a82419ab94992b08
13324359-24e6-4c08-998f-954a8261e7b2	mp-779096	f5819730-48a9-4b3b-861e-cac7d8bf2e4a	33420	0a54718f706f3853b8855af1ec145405
133721b0-3229-437e-acc6-b02609d0c1d0	mp-3249	1541dd03-8709-4795-889b-54d9f2f6649d	15396	940df5743edb0c9f7042af359bf6863d
133bf472-c3b0-42a2-88f9-b38db635f9ee	mp-541916	46a0aa62-f1d0-40a9-9fdd-713a186e5de6	64024	9654ae6ea0c08b4ace25c2a72fe9b01e
133c9abe-ceac-409f-9c82-1e82d7fcc1b5	mp-27845	a2c4bae6-48f0-433a-89bc-c077a8be3022	61792	2812877b62ecccd76c277ff1f993c8ca
13460fb8-0dcc-4771-a92d-dab269635bb6	mp-28087	f59176b8-93fc-455d-9a22-7e178873882d	22684	6b23fea17b79f59a4a2eaae1ccec5326
13523272-b3a1-4341-a2f2-5e322c23753a	mp-690785	6b795b93-58b8-492a-8922-cc00020f0af1	2036	f414daf62092a34a14beb34ea579aa63
13603cdc-75c1-4014-9eb4-bb5a631accd9	mp-3831	0c9aba5f-9cff-43c8-aebf-abb71fe462c4	37200	af19bb90e49bf526fe49e44cc729cd16
136c08e1-b7e0-4330-9448-ce05e605466a	mp-754152	32397d85-2182-4573-942c-72c871a1e58e	18488	59e175e233ca00049e03b0bb7dedee7c
13711f29-a690-4675-bde4-c737cc28b676	mp-14304	2d0faae3-221e-48e1-ba0c-21f2ec5ce6d6	3116	1a5bef0352e88c016c43c4cb5396013f
1381a701-5d04-4167-9902-425a7b0ef5f5	mp-569193	17bfaf73-a540-4a2a-8d0d-4e5fabf2a4bc	49884	8d58753a03e403c46fa0a67d05203c6b
1382559e-2848-4ec7-bd7e-0e9bc6036ac2	mp-27381	0dd7d1d7-d7c9-4266-ba95-f28346c6cfdc	20812	9c7f053486d3123831097d1deba6f1d0
1382fad3-0854-4959-bd4f-31e8560fb94e	mp-571594	4b3fa013-c340-42a0-bbea-05e30d6e18ce	19000	0f29fb44f63202062e8025636124e4ac
1392c33c-48ec-4ccb-bee0-10612051de4e	mp-676448	0775f515-3c9e-4279-af6e-332dc6ac87d9	24596	270dbf5d5494406ce283abfc97d06042
1398e684-b25d-4624-b47e-eb06585bedec	mp-561877	28bdbee7-0823-4939-a588-2c61beacbc28	18256	3ce9ff6309e907e8e3be5b649b59036a
139cdb2b-f51e-4f01-889c-6172fd9e4959	mp-18132	d768d536-8f98-446c-a0ff-2f668570d843	39256	a13a021f359afe2f6f989f3271688568
13b9813f-077e-4a9a-8ab8-31e6512ab6c6	mp-3521	2556144b-e1ea-49a7-8a10-4ca9eb6979d2	12548	afe92ab3374c5ab0621019baa836486a
13c076e8-2cc3-4da1-9af3-f34a34dbdf65	mp-553278	5e7e305a-fe13-43c0-bc76-78a8aa4df6ed	29748	3746c79f658029a6031b83f2d65d6427
13d5e91d-53a6-4f8b-9e6b-ef980e69e833	mp-821	1ab5d761-0e00-42ba-9a6a-f7cabb88b025	36016	830fa3834ac29b59e7c5f0e9bedb1d2c
13daa9cd-998b-4d26-8b40-adcc54d45da5	mp-675531	2b8a0293-193f-4b3c-abc0-63916219191d	16460	36174e55a2bc7222dcab11b4bac191a3
13dda994-5777-4c12-8b6d-64a4725a9226	mp-28597	ae46fa14-3e30-4cac-b3f7-30b3590bbbc2	44128	e31675919764de786e8bd36a184e5870
13e4892b-f660-409c-84f8-b5a7288afa3a	mp-769409	d3baa5aa-eac0-4865-956b-a7f796e7e3ca	110032	df41b35662cafa6b028e97b366f16859
13e5e173-6290-4af1-bcfb-f53a917d6084	mp-557631	71e8d658-5353-45c5-8375-ecf59dda7263	9460	72679adb3e07a094b70e919384d88d46
13ea92fc-909c-4741-94f3-239fac31f885	mp-16363	2fb169d1-15de-4137-9ae3-5ad31ce16f20	7188	040cef0d5772c55237b6323a31f0be67
13ffe544-8c76-4552-93f7-d4bf98d3f85c	mp-568392	084fc263-6abb-443c-9e37-177de237ccf2	71416	8092168789963893e7c9b8e9b943d53f
140af6aa-382e-4050-bdcc-2e925cd2c09a	mp-9066	5c5c5b66-a0a1-4b26-831c-f61223b10d35	33768	3b4b1205e564d40fc76fe493ee275451
1411d0ea-5c2b-49d8-ba5e-9200393fa7e0	mp-31107	4b0fe1e1-6ac9-4f6f-820f-ac913e230a61	71796	eb6d72c3d1c32efb5308d13a87063da4
14535427-3343-4ec0-b62a-f8dfe1f90b90	mp-6416	65d463d4-86c8-4004-b4b0-bc4c9fcbce35	27660	196bedec219541619101623647d8e105
14571890-2dca-42c3-95a9-62bcc4709763	mp-550117	0bde1f57-b021-4b09-a12d-b1a6be254ecb	29832	e25068f1ee979fcd50d8487725599f63
14665aa1-04e8-4981-a70f-e4f8f6d3b146	mp-23870	24e93086-7b45-4c09-868a-1b5735d7d71f	1624	d6313e93ee4bdaacab11263ecd3d1ed8
146d580f-2879-4ae9-aab7-8f6be3812608	mp-560278	6501708c-71e7-424a-965f-d78469986e40	55556	03f72359fd5a41a99f3b07d3b894377f
146fa7fb-3d49-4d2a-a043-e9667e3066d7	mp-755802	47b8d0ed-4a27-48af-bab4-11a6f1219a1b	13592	b2d619680a17b10d36b36158f1cd9ff2
1478c07c-35e9-46e9-9477-6bf2e8232f13	mp-17887	ad8c4e08-2bc7-4a94-bdc4-27e40405915c	5704	ba3eb471b8e951d3f6e37112f403397a
1486a9ef-7b4e-4603-bec4-d1aa3e519489	mp-27199	48df8b4f-70e2-4df7-bbfa-f8ae84759119	18204	478606002079b878f2a197badaa87b81
1487080e-d00a-4633-84bb-1e40fe52dcbb	mp-6571	55bf7c94-c611-4606-87c7-161ef4ce451b	59596	6a284adf32723c96276b0702fe370057
148d5ae0-7a0b-4d14-8245-d5781bbce34e	mp-2879	497f2df0-f852-4f14-9d44-7b2b77ea76e4	14996	e3c1bacf93e53bd51b211f7125e91838
149a0e15-c42a-41bf-8c9a-9023b6f66e35	mp-941221	10eb8db1-31c9-4728-a463-e83966343c05	21848	b7869ee8a043f4a61fdf12c811d89349
14b94679-c760-4703-8ae7-f87df4f5b64d	mp-989614	23d4f880-bdcd-4f13-a3f5-5d66fa783545	37676	854a80cac3b7ee6efacd46d0962ef142
14be9612-a71e-40b6-ad89-8ceb1556ba9b	mp-3922	4b1d8894-e9e4-4749-b096-27a22e5defed	23652	525c76e6f87ddeb2d63fa65504d46bdb
14cd1281-d623-46c6-9a68-f680e6152ca3	mp-568172	836316ef-de5d-4d49-b757-56c73eacb93f	26276	e87660c0bd9edae68be2950e32225f87
14cfa2c2-3548-42d0-ae6b-dfc97fb721c2	mp-29898	cc216500-0ce3-4e4f-b6f1-952afff0b5f1	17084	c132613780b1962368901fa28eea5375
14db7820-bd06-40f6-9fc7-792c756806a6	mp-3395	fb093970-29df-4484-b159-d8696b183728	21276	6394d716ab5407361516848c2349bf24
14dd939a-1213-448c-bc38-d4c690b2f9f3	mp-973391	04ff81c4-1f44-434e-93ff-92486b469a22	34172	70ec84313c83fd837b6ef9863686a293
14ed8218-9148-4a30-9c80-fd3d8051c9e7	mp-558336	c311663a-552f-4c33-ae9e-4550bc9f04cc	27308	b79bc2b8f024e4dbfe78f4eb8a5ae248
14eff5f4-92b9-448d-864b-b9bf74fcb4e4	mp-2319	852c4b28-2e39-4494-b583-c976e93ee6d3	9128	cf709a61446906d8e1bf175e48ce5f4a
150d1353-1689-4521-9d68-0f10d13365ce	mp-18196	260bbadf-d73b-4abd-a5f2-d241adc0099c	28364	2096554969fbd9c26657ef8c425ea854
15283c36-3dd4-4301-bcb9-95f2e8c2cd8b	mp-557656	ccd421c3-6752-4f63-b9b4-0dc53edd830d	75636	106fd520e8ae4a7debfad491c2d25229
153adcbe-7901-4458-b2eb-b5edb60bbbc6	mp-4975	7187e69d-2722-4c65-8656-b566e9ed5516	16516	36ef70052017fb830c2c062a1476b2a6
154dd0f4-0bf9-4f5d-a951-f538c1681952	mp-676934	de68cab6-46ad-4016-ac95-3fc60bf71915	18028	0b70d278a1da4ad41ed4b57a9bc1dcc9
155ddab9-5ed6-4d08-aa7c-6620097588d7	mp-555119	0749640f-b058-4c24-9bfb-f9d7beb394b8	42908	25dce6a1ad0098bcef8b341e27cc787d
1570cae0-c29f-4c30-8e68-9c836e31be6c	mp-5634	1a6e348c-93b5-40a2-8ed7-cfbc0ba8510e	6108	709da79917df38a2c1fff5facfee46a1
1572810d-d895-4af4-b3e9-0bf1e5ec3613	mp-641924	04693676-a281-41fd-9d70-d6a3654b8358	23008	5cf3312490b9aca6dc481b7b84e8c8db
158fe9b6-fad4-4895-bec5-796f1b413dff	mp-8389	29e10e45-36d1-4c5a-a55b-b796debbbece	9072	5cf707b79f467373d4247bd792ff2ec0
15958a77-a132-4822-a25c-b6d6b2e6df64	mp-37091	6224d3da-f674-4c1d-b390-d0606324fbb8	7904	353ef563c8e04e5f0c0575ce11e2d2e1
15a6d4b5-be42-47f5-8c5b-c862df93a685	mp-6240	d24240a0-349a-4720-b8f7-a1dcf9c3802d	27212	9de3767570af27c06e4d9a89d134a32f
15a7f98c-e78e-4aaf-b74e-892aabb89d0b	mp-649327	f3c3c6fe-8314-49c0-aa0b-2b2024b6eb6f	17776	7fec922498ac77e77026053d8fbee6fc
15af19d9-4ffa-4840-8d4d-0f5bac3ccba2	mp-505045	bf7fdd8d-8e6b-4b70-be5b-e51eb59219fe	79476	333ec3bbbd4eb0673f27f9fe5812bc6b
15bda656-6f71-49e4-9965-8a5b80497483	mp-626716	e6ab4260-93a7-49cc-b297-e95566955304	19308	24b6c75987a3fca90409a65c412b246d
15bf4969-2329-47f1-a8cd-df599954d18e	mp-560246	05c996b2-f2f9-45ae-87af-82ab18da573f	16180	6571155197125479fe54ff926fa04653
15c250a9-3fa1-48d6-b121-940fb14aacae	mp-7386	1bdb591c-2874-4bfe-b999-76a8f8e84264	7576	1e37972eec405f710ae3ef654ff214ca
15c596f4-c9ec-4725-b378-272696137393	mp-9910	d78b0cc5-7f00-4a72-aa58-794fc54b6316	19976	8aad1e9c821f57579a63e2ef1d96e12d
15ce10dc-110b-4aba-9908-ceb5dbefbecc	mp-7462	5a52cc9d-1bbe-4d44-a4c3-9af0f09e7439	24564	ced56d0e293e56632c035195af706184
15d2f5cf-3e11-4590-919c-ff56b2106535	mp-556346	6e8c30eb-bb55-4004-9398-8f208c92e12c	83084	a73e7d2ac1e2a0faca8f5326b8560156
15e2957f-0311-422f-96af-727f0eec0b50	mp-555954	04cdb930-f19b-4793-a6ae-d6f086ea0051	26952	452efbf3e3bedfe5b4f1658e88436003
15e6dcc9-b476-4329-9a45-9e7dcfe36110	mp-27209	15782994-34c1-4607-9def-85e63c3a5111	97540	95e48b10cb4e6797755b57730bbec61b
162a63a3-9700-4459-9559-04a3d45cb1f1	mp-556377	c60274e9-ae86-4596-acfc-e3848971582f	170172	b89b43728c41bc5b728c64931c2aa098
1643dd5c-7f21-4b82-9d9f-9f680aa63263	mp-696965	b69b70a3-1a36-41a8-97cd-42ec01483b2f	2372	114941a32a6f0f70ef7ba11446504aca
1670a1a5-6530-421b-9a2c-802c32ec74f6	mp-540633	bd4bd1db-560e-4947-bd42-a61bc15e43b6	21612	378885d39b34f4a35567a43f3b2d236c
16749019-4e9c-4217-9e9b-1f83f071dfb7	mp-27829	e249b177-7cc7-4330-a384-4f80f19c6d33	1976	fb2da291a03d97e22dfd2b092d33dad4
1681d5e3-209b-4abf-b0b4-bf54fa2876c8	mp-1572	abb06db5-0e05-4f6f-aaaf-0a3bfcbdff29	11908	4b89b3f46ca43b709a7ab40a5d0f8b09
168d7182-d2e7-4c97-ab80-1cbd06134c83	mp-780396	e7ebce0c-e90e-4195-b85c-15b4936a3f13	36560	1ec96ccf40fcd29444b5d820ecf5bed6
16942757-fa04-4dcc-9d6e-c1ae1d50d677	mp-768517	6966df54-a665-4f87-b193-43295338326c	62924	4edf0d3ee96599d42694d1dd5064b4b8
16965805-2c6e-4fbc-92ec-24a412843250	mp-3336	331e1455-15d9-4e3f-a401-145bc8a9df45	10836	7cb08e26af9b5479ac78a591736f638c
1699f809-ebad-4a41-a358-852147fb67cc	mp-541628	ee6b49fd-9eda-4802-8b01-871dd326a21e	26516	f15b717505527b3c33e976d0ec09cc6c
169cdd0a-33fd-4a3c-a681-832ac4dc2919	mp-5263	78d42740-f8b5-4163-b376-1a045dcfbd62	216508	374001a190c6c7bbef63a5ee1dac5c51
16c0398c-bb32-4027-a9eb-3f502fddc63e	mp-560493	188e90f7-76bb-45f6-87d6-7198cf19b434	33788	3e5276d09240480cb2a7f2adbc7910a5
16f13ed1-503f-485c-a5e8-2c3ce1a3633e	mp-557189	b2da482e-9f0e-49c6-bad3-dde9d25214a1	152116	b2b4bc1db51fc5a88a9112d0c5087569
16f9c217-3ad9-460b-ae3b-087d9742785b	mp-754472	56f4d495-f1da-45d8-bed5-8f9df37c49ce	6500	27108515c46d7e70d390f4db46b03568
16fcba7e-a68f-466e-b8a2-d609f502666f	mp-5339	678471ca-7022-4006-9f2f-9762a7813fef	5356	6804b938b08e7866d256733e03e0343f
170557cb-c0bc-4f35-935c-2b6b80e55a03	mp-1039	8978f250-fd5c-4293-88fe-a456d65536a6	6580	4190e8cb4c363dc5973ef72c83517266
17371842-d8a0-4c2e-ac14-8e3fb0889134	mp-7560	b1627b98-a5f5-4b26-8321-27f3ca83c82a	10600	27772ad8b0a0d8a554663ca468b773d4
174feb26-203b-4d6f-8077-ab95e39c5f24	mp-686748	415cb488-3d00-40ec-a7c5-97c8d7857151	107896	0c932bb635676f6f48e32f6bb37fbda9
176346bb-4c81-4cab-822a-851b92d0182c	mp-4891	6618fcc2-8096-485c-95ef-98e5b3be82e0	15300	1b1235fb5f7b568d991d8994437cf581
1795ca9c-3796-48fb-9f66-485e897e4c5c	mp-36791	4a42b93a-8da9-44cf-b035-8e775320e718	7872	795f265b95fadc2fc9e9a53507637b90
1795dbb9-83d3-4924-9d31-22bf08cc2ac6	mp-768573	650c6bc6-3b5f-4a38-a22c-2d5bd10c39ed	28656	081ec07d1d66df07dbebc5e2ac8c0057
17a0f85b-b654-457c-9675-64d2f8cb443c	mp-558478	50727e44-a22d-4ff9-bebd-ef2987353ebb	62924	4a676e315781f2e45871910c837bfeb5
17a87944-7558-4f6b-baa5-7fdaaee0d1dc	mp-14338	3eff9498-7753-41d7-8aa1-d5f873b59d25	13152	7c789fdccfdee9eb847bab391778f651
17adb74d-7be8-4031-afca-7a42db3d0b8c	mp-27809	e06fcc64-a5c2-42ee-8510-d5f1e96295a2	15548	070d61fe140b6aab434fd61c133a0380
17b7e53c-2dcc-4f0a-8560-22ae01b24c46	mp-753575	9243260d-0d9a-404b-b07d-8b7e401a3831	14872	584471192f5dbfc1d74c232a631ea111
17c772e4-08ef-44d4-9763-893da9d82793	mp-979340	1cc68589-c92b-4f15-b93c-45627fdd1511	60700	96af3cacd4e1350ac308f69f913dc631
17d7b7df-e1df-4d0f-890e-ea7336250b33	mp-5955	e46f884d-f356-4a46-b5ed-ca60838e700b	1852	24e687b63e6fbf87868ef7de1d516a2e
17e499ee-db0b-4af9-a34b-393a8ad5edd8	mp-25929	5201ef23-9fec-45b9-a30e-f1e60a3c3c11	53152	fad3c19a7bf24b6430432b071226ba77
17eae119-5d67-4acb-af0a-680231ef9cb7	mp-773003	e6b54ff6-c78b-429e-94b0-6971115b98f4	46808	511f3de2ff8c053d491371b731b9dd0d
17f2c4fc-cd50-4ce9-849a-a511c6738e1a	mp-570703	07eccd84-3979-4cd8-8d36-954284d23338	16136	dbb524b4f7fc099d4293f3abd086b6a4
17fb399c-94f5-49e8-a438-1e326eeef381	mp-556198	efef94ba-83b5-49bc-b029-8118a05fb34b	71412	30bf748a1e196f029c8d5c3845ea5e4c
180baa51-656a-46be-9c89-c1eb70da780f	mp-569994	bcd2a81e-58c3-47d2-aa29-270c8b38d4d1	13684	c5e249a9b90b5049695c79da158249e8
1818bff0-e664-463e-a878-f2b9790338b0	mp-23008	039e12ca-015f-4ee5-b403-4df59aaa1a22	5612	d7166f336a470a53a69a8a32a5af16d1
18375d95-b407-4b60-b290-d34f5d225733	mp-27641	739bdb40-99b0-4106-8731-6e5f91b39d1e	17736	0b8090d6a8a05530e5be0acdc31d416b
183f64ce-de7d-4a4f-8efd-f9f1c1208c07	mp-542199	046982d5-913d-4f38-8726-dcce2dfc9eb0	85744	42821499665a94a4e1824375b31920ea
1840eaec-b5b8-4c4d-90c8-30f574aea44a	mp-841	a42c6b00-96e1-4a4d-9541-67d9f279764f	7748	eef852b70e3e43d6b8ebf75f1b2f8612
18524ec3-6fc0-4197-834d-d2d666b506fc	mp-18575	729534e4-2811-4f16-9981-55d2546d011c	43016	bca609de257813362d7dd3c063d2ed9e
18560b08-2197-4ba9-98b1-d97dbb5b87c2	mp-35264	e3aeecae-4247-4aa5-98d8-9455cd25a361	24416	5176cb637cfa922c6fdfc94085ba642c
1857fd76-bfdf-403f-9309-139510af1f1f	mp-684690	84602687-59a1-43c9-86ed-01933471490d	14192	505eeba62fe6fce8d2b951ccab5236dd
1868c7fc-af39-4169-88d0-44129bc1d1fe	mp-567918	21424eb6-19f9-4710-b9dd-8a33a62ac1da	133392	cb4abaabd10d488bd6178cce6cc39d23
187379dc-001f-4559-a5af-9c31a61a91e6	mp-6134	83321a48-e06a-41b3-b481-b1eeb20ed8b6	17788	5901f26273bcfe1480f424e47777986d
1878388f-cf5c-4b6e-aaf8-c50590971835	mp-23492	a42709b5-77a2-404e-ad60-62794925892e	13256	3b5e6b1637b3ce3f4bd2d2c376ffcfab
18783973-ab3c-440b-b507-cc08ad40db43	mp-12902	fb22cc19-69f2-4b9a-800d-b21f44c8bcdc	10600	7a01cfd6d78d1af2e7e365cb2bf3bd6f
187960dc-4726-4d9b-b0b9-e855a75faf55	mp-675701	71cd7001-01ef-40ed-a13c-8cb828d5ba2d	15384	d7664844dddecada6508f4ddb17d934c
188819ab-5e85-40d7-87f2-79032eb5d031	mp-756281	755aee2c-a7ad-45ba-8f0e-87215ce9dfc7	15296	3c197d2cf42117864e9efe751faae704
188884b0-b788-4b11-ad93-386533fa2dd6	mp-555150	ebda3897-3556-482c-a8db-60cbee54b87e	40576	f624a88ad1d20eab5aa7e790a0a7af15
188ab399-283a-4cdc-97b6-79a0300ee156	mp-545598	34bd6d42-894d-4a91-8f2d-e9a52bd2a704	11212	4969c6d53f184cb6c2e40506b6d85ff1
18959231-486d-4167-9717-7cfb7a9af99e	mp-15141	38538beb-a3b0-445b-aa54-da38a9c35de0	32488	3d7d9d85e3e8d39c6a6dbad9f0a56374
18960323-340b-4fd4-90ca-e509529b9ade	mp-22007	53603fc0-36f7-4b35-96b0-90f38fcb804c	22744	ecb2600971e46646c68eccbe2788b7ef
189f9c7b-87f6-4c89-84f4-344fc8658b9b	mp-12644	8fb7f1e6-0997-4de6-8865-590acc3d26ea	2460	e7a0463f9c91a58ba7cf0a6fbe86885e
18a0adac-96b5-4743-86c6-45b138d4ccaf	mp-35717	a908e605-61f5-4b48-a142-d222685016b0	7716	dacc7985a543102a05ba7e9a3f2ff3be
18a67cf4-222a-4793-b474-b2a895b84af8	mp-5409	b5561719-7c4a-44a5-8d67-668a3ce971e7	110168	44a5bf9775423589119b1ac6478faaf7
18c36ab2-efe7-40ae-b83c-a29e933f81e0	mp-17924	fb307ca9-703a-42e5-860a-0ea2ac4d5569	60396	a15d1e379ec0e1272747ad4e703e3b78
18ca0703-03d8-4927-b083-ceb874284126	mp-768427	13b46565-cda5-4330-b7ec-451dacf441ed	46940	61af60a942e6807846f1863c0d4f2a07
18d70618-b7f3-4642-8a35-2e77a4701327	mp-17361	0ccffdd9-4284-4ddc-b774-ab785447ca83	25996	8ca8a4904298b56d1ecb206bf2f61624
18e30ba6-cebf-4ea9-9307-25b470c54861	mp-571550	40ddc12e-5f4d-4838-8d51-262441309a41	8760	9e5e3d6147b1a1050fd442c727776fe1
18eb17ef-93cb-4356-b109-1e0eb87beb6c	mp-13326	1338a95a-3b15-46c0-ae49-5ee6fe47e140	13328	922bf1873b890a415b14bb9e33bdfbc2
1927baec-a526-41ec-928e-a8e124a5a502	mp-38103	f13efed2-2e00-4745-bb00-ad166fc3f61d	7416	2587eec20055a1910afa79f2f6f5ea58
1928c893-690e-446d-996c-cee6ea023f48	mp-3538	210ac6ed-57a4-4bac-976c-6cfc1497b8b7	32988	bf545bb78655b38f84afe67262238568
19294c33-a0cb-4da7-a372-2f41e591647a	mp-558826	efa9d941-d23c-4808-8fc5-4d867e8cc95c	42820	4ce65ab622c0592b2b3cbc3696d8f0a6
19301324-c614-404f-9719-ac400eeaf87d	mp-769368	8a860db0-2536-4293-ae3b-81e293b4c2fe	57148	bbd4e45943b0ff6502574e6154ec7d98
1934d2e0-1a13-478c-8956-49e4b13b5625	mp-8016	5f72a5e6-267d-41bb-b9ca-8ea8f0485111	9444	597777dce95f703a3ad9f3f1764dec7f
1942aae9-901a-4635-aeec-20466058666f	mp-31113	56781e59-bd71-4726-80af-a9bb712e05fa	28600	e5d59b516ae2b435da02dc2156c1dee9
19452053-86b6-49f2-a952-06d5bbc4d0ce	mp-676020	6bd6ab28-3d4d-4760-8353-041dffc3bac9	15616	71b00fff70c6b33f05f4a9399d147e47
1945fa41-e2c1-45b1-a6e3-7d2c021a8949	mp-10985	c43ad59d-034b-4f69-b0ab-9defd1698432	29024	6423ac202e1ed72a8e3cca3a1acbb92d
196cd995-1605-4770-91b2-3cdf107351c2	mp-754250	f05d8561-4689-4817-9d94-6ab61d2553f0	33488	de31f35d161cf82e34aa9ad8d78dc62c
19888b3a-957a-44d2-a33f-f19892acb96f	mp-756544	ed8ab577-9583-4cf0-b873-883c56c7597c	31856	e8a689ffd2442ccd0759ee2af2f48791
1989b652-9be6-4200-b898-5881e938b786	mp-12670	3391ced0-1ea1-43be-9e7c-94ec8f86a646	6640	0336d330cb773cc5a5d2161155037736
198df225-f6da-434c-8468-396475477852	mp-14635	1edeabec-b1e6-413a-a796-173bf19dc535	16740	02ecef18d5f351adb11fdaa87fd50375
19910194-7655-4dab-98cc-255dbb035094	mp-571642	a4125d91-2a44-457a-a438-5a8430864298	13996	c9100f590b0b20d34710423a772a2b0b
19ae5e74-480c-4995-8b42-7250287c2fbb	mp-15960	a091cdc5-930f-43e2-aa8f-641e4f79779d	49356	d1dccf79ddd785867960db7144663392
19ba2a61-de22-454c-b067-93fab3d2afeb	mp-768283	354b6ba6-9b88-49f7-a4cd-c6f7b94cea98	50892	97d0f683236d7b04fe4b251d98e60949
19c57202-3614-4e79-a003-200477c2a0fb	mp-541522	403fc5c0-73b0-4d7e-933c-96d261a1667a	14200	afc8d2df705836010762e4e814e98175
19c757b5-fd8d-40f4-83c6-39ee4bc0e159	mp-569282	5905a397-ac1e-480e-9750-823f87e76df8	32560	ab64fc87625d533ee2dcdd199ecdca74
19cc4e8a-ebe0-4dc4-bf52-7dd8a1e05057	mp-768814	09b9e736-0e4d-4913-9adc-8608918a5662	29920	b037a5a0c1bf28b0d9f5d2fb2a559a0c
19e38223-bff9-483a-8a6e-a532e2de39a8	mp-14760	563ba4f6-8dea-46d8-bdf9-a7245cdb70c5	6992	ca841489adaf3b31b27f36f59d0159ae
19eb27e8-0631-43cf-9920-c829acc4ca85	mp-774567	c395d582-c826-4525-b27c-464e29e11243	30040	6a15b447a10167297cd5abef3452072f
19f967c8-1ed2-473a-a585-6e51fbe85ff4	mp-27752	0b99b466-9306-44ac-a383-5096a8b18eb4	52572	efda39fa93ad926543bd49cb9c230fb2
19fbe086-63fe-4f79-b883-7b3493893eb2	mp-28069	52d9a7e2-b70d-4e34-8fbb-23ecd046374b	2316	fd21b75ee8f32a7bce70dcd49ac5ba12
1a031139-769d-45af-afd2-c5a4b6fcf2b5	mp-27478	dd44cd9e-07d0-4fdf-8af4-3c7fa0a86e03	7724	9a5c3caab88f13044d2c125564595712
1a1610c5-8785-453e-b37e-67904efca79a	mp-756251	35bdb101-9285-496f-8a4e-51f1d2202276	24860	73ccf8ff0e369e13033415fa889d0bad
1a3ec894-890a-4585-9219-2c6a25547182	mp-505001	38e4c987-9c5d-4aff-95c3-f34e43dd3cf9	38312	268d25427285ac325c4dbd09c777f0f6
1a428282-b09d-4f3a-bede-0aec237af9e2	mp-7441	1ce7e49f-557f-4059-826f-2e15bf64392a	27388	6b0c0e0d6be2a2cb728a54b2ea4787d7
1a434e4b-fb67-4633-89e3-1fe4d31d9981	mp-557224	15bcbb32-3f86-4f73-b2ed-b9306854b225	37172	e85c9792483f1697116045957941fda0
1a7c9249-dab2-44cf-879d-1b160b66abc7	mp-5122	3cf692ee-9949-45a8-9ed2-1cfc1a9711ab	16852	6035903e5802bd63f159590d00db4e02
1ab761ff-7706-48fe-8c26-d2a6f9211c39	mp-17743	f785ffd6-4941-46a9-8aa1-7d386e9f7c41	22048	67a5d06d9eab9f89b4b881156c812365
1ac89065-b22d-4536-a5ed-2f3d3995eb94	mp-9548	d5b58738-7d77-4357-b1a0-c205dd7ae675	29684	7559f17c8dffbc1cd1e6a18d6fcdcc2f
1ad3fb09-0248-4ff6-8c65-50b78743c845	mp-560072	9c65e586-afe8-4618-85b2-d63bc7bd6c83	7344	e2def072e2937d1dd4fa243341255d1a
1ade357c-f162-4680-b49e-1201560803a7	mp-9575	bc83b4eb-3c0c-4f85-9a58-c9ff7c10639b	7844	dadb1517b575a6ab9eee576bec1cd73b
1ae6352f-010d-4139-9086-453265678b8c	mp-561543	a38ec84a-839e-4c9d-a104-37e8698e4d2e	3428	be151cb3541a65d3e174d6cf15480a2d
1aed25c2-690f-4ebc-8baf-d777ca8221ea	mp-988	a8c861b4-3446-44a9-ba52-a141b8b2ea96	6072	f87b86f10659cd355966493a7a9f0728
1af3af27-d67f-4e7a-b41a-c5838e16bf71	mp-561518	3ec7c41b-197a-425f-9c2a-a84076ba301f	17160	785bef2400cf98b25920c7646b30e131
1b0380dd-3295-42a2-9d89-11a2a8c5a984	mp-867607	0f816f23-bba3-4c59-820e-f6f23a03cd33	53268	adadeb78b913eea6ca160f7479bed012
1b1b9bc5-1c59-4f00-950d-13f04f95f937	mp-567636	233289c4-9ecd-404f-a770-fd651f241b01	2864	3857756440395fd03c713fcf7a6b4f17
1b21e324-8348-4ed7-8c13-ca498e01dac2	mp-752658	db8edf5c-b886-47eb-9279-5cfadff398cf	6460	245f347ef803cc77dc765767782a9deb
1b25ea4d-ce31-4dfe-8721-84726a9a126c	mp-849335	68cb7704-69eb-4495-858b-69a8cb4c31ee	59348	5f7a27014e029f51706970a4fcd6e731
1b3030a1-1375-4c43-8338-2cf8de3af4fd	mp-28788	93ba22ee-8d33-4a34-b5dc-deb1da9cb217	66536	085c2b94d89b30983fbf10d6e3e32bd8
1b32f2dc-d434-451f-ae15-60b5c6550e2a	mp-22874	d7c55b94-e1f3-49ba-aeff-f90d0cb4244b	27104	783da781e3434480c3e54eba72f91f32
1b4bc205-4881-49f0-8bf1-77fb81d5ba59	mp-27629	1c3dd727-3d5e-40d6-ac5e-76b569fd8d3a	13688	4db33967ebaa570ef9c31c9bac4255d8
1b4dc7b9-e706-4642-993d-9e68590eab74	mp-570492	88aa2dc7-4d42-4c48-a8e9-a97b8ab1b919	22940	a484510510057104dabe1603f153c760
1b4f170b-875e-43dc-8435-94bcf44a25f7	mp-865532	7b72c069-fa20-4473-a4da-7bc3aa9d43df	34204	a0669b13d9f7ed277cc8d0a30300d642
1b5c4958-ea96-4816-9c84-608a5d65b7b0	mp-561786	4762f6a5-49c5-442d-aafe-60bb5813d6db	8376	95058fa3be514988da3eddba76771b55
1b6124c7-3920-44ec-b424-d659f6d57b7d	mp-239	3e234e7c-e626-4185-84c4-543831bf303d	10552	9f9b1c58bfaabc4cfb364c5843dd296d
1b6a7230-bd37-4587-9b79-0d0df74c50b6	mp-561086	4b233f99-c001-488b-ac82-cdf9faeb42f1	108668	857734a647160296cf974bca78fd3ca2
1b7f2c5f-c23c-4fbc-afd2-9c4337b51f13	mp-772783	b1722f62-dead-4799-8972-4cf6548e720c	176280	5b4c10ae310c81f3acd8133c663d5b1e
1b898c61-145c-4dd2-a8b4-5b6fbc8dafb3	mp-560356	23eeaa9b-b1e0-400f-b919-8b6c5a20261f	47368	310eb610e9d84661f8cb8ebee40992f2
1ba30bec-a79a-4b91-8d64-e7fab7ac2af5	mp-3924	722e5a14-1dd5-4437-ad72-518818913fe9	7244	b7451eefbf263cc3df0e7decc6e8200f
1bc380af-0b8f-49c0-b34a-ee8322386849	mp-555044	2d9182aa-4ce7-4048-8ca1-627eeb010a85	18636	fa4199a98b6849a39592b7d9ef4eb4d4
1bca0331-2287-4990-84a0-623bc9971f95	mp-6185	e78fe696-2cba-46da-a9c7-f0c6c54d2895	12912	eb69c10b53626b91e77868d9b04caff7
1bce89c1-66ae-444c-bbb8-3f8b27e7f5fd	mp-773599	52f4a0b5-358b-41da-be0d-1c1761501afe	70912	4694b4eafda36522335750a186accc65
1bd16f34-cf35-482b-8578-2488adc4145b	mp-15599	7bbf51a2-1b83-4872-acd1-8c72d1b93b1e	31108	78b2cc59100666cbb7d5304ce57ce2e0
1bdbab53-38b5-4886-a4ce-ece26b07b819	mp-974451	740001f0-56bb-4621-ba54-b2c70fcb2dcd	40692	c6b706988985860f72059ec811bbd919
1be99da2-2f90-4822-ad19-fd8d8bde992e	mp-560595	1b4955fd-f8b6-4595-a373-da96b921b0e3	33588	fdf3cb5448fb060909eb9ef00b08ba2e
1c02a4f2-3161-4ad3-a97a-23618c0f9e35	mp-772861	dbb981c6-7a0a-432a-819b-f63bb1a1dcea	35856	086f956b42690ee0ccf135a1725bd75c
1c168303-fd3c-453c-8a56-09aa3063313b	mp-574571	e2721118-db20-4cdd-a8f6-76e9dbe78fcd	45536	36373da0f72a459b016e1483c0663c35
1c1ad2ac-869d-4c22-b302-ddc4c152e7f7	mp-560133	4ba77f1f-04a6-431d-b0b2-3d26012b4670	30272	c7c8ca493810195e9dfe4db75525900d
1c283450-2280-41cc-bc00-8ee8dc747e69	mp-924130	13d83387-9942-4cc3-8b3c-11cb769bbfcc	2856	f6c2638a66ffb44c8b90d7fbafd67a34
1c2ca713-70b7-4a3b-acf7-88b34340fcb9	mp-569580	8ab6a414-fc68-4ada-b076-c1d58dca0589	86820	992e2dc974deafd7aad93db2b96aa79e
1c3552f6-be5d-42a4-a73d-ee485ca5ddc5	mp-1249	17a8f751-2f2e-41ad-922d-82b92ebe217e	4552	6f48b953e4021d6d0027f96abb2f48f3
1c43cb3e-ab0a-472d-9fb3-f450f5d53a5d	mp-4340	7195462c-c2a4-4e8d-8c99-19a872377646	4792	eab79950ed2ccadb47f51689daca0f65
1c4b54a5-7c52-4b19-b8be-6e2aabde8a1a	mp-28332	ea125d28-2d4e-4a6e-842a-cfe5ac3fe9aa	44356	ded6e86f23956c84da8c60a31b6b96f1
1c4db4cb-0ed2-4b14-a24f-645bebe13bda	mp-27164	13f076c8-9d48-4bfc-bcd2-298b11b571ec	54068	7d1391dadbf2fc1c20df5faa6511fbac
1c7aa725-fd1b-4a08-ad2b-671e59c69917	mp-27851	f571f24c-e16c-4474-bf8c-7cab9d65b548	3680	e5fa9f4bfe74a287b589c04d67880e48
1c8f117e-e416-4ab9-82e9-36ee6fda4c93	mp-14374	6dff3254-10cb-4890-820b-35073ddd7c8b	12808	cdb1c483497c0d64bf5257ea07bfc682
1ca2c161-6d2e-4cc6-aa9b-3801f8ded050	mp-24799	09dc5e74-ad35-4ec7-818e-214cb4f7bec5	15648	b2df94ea74691fc9300c04a15c1440dc
1ca344f2-39d7-4320-9877-2e49fa4e0c09	mp-769004	d96e6743-8fa0-4c75-b71c-6bd12a687b31	8424	ffea28de63d75bbc805ef1b9ede8ebe4
1cc2778a-5388-40f8-b04d-a98846012787	mp-5813	c96829f0-f70b-4a78-b43f-828ae75538fd	33932	ade4eea1a00507637e935c3a88722a83
1cd0319a-a4f5-420a-9f49-67b224b64655	mp-757442	f1098938-f095-424d-bd1e-c8000158f3d9	105148	17b6c5165835ad56345dbdc499e25919
1cd6dca1-9a99-4c0d-a7f4-e18451aabf48	mp-559043	1abe704e-05d4-44b4-bbf6-a3ac60992d3e	45108	3095e3cc615f920a26d945347d2e629b
1cdc4238-fdaa-41a2-8c3c-add0d1c889a9	mp-1190	57b950ba-c950-40fa-98b8-9a971d3f92ef	1852	c421f623bd00416fc5dce4df2991a8cd
1ce52c1c-1648-408c-a837-206b24ce2f02	mp-556500	0b6cbafe-7442-408a-bb94-67d6e3eb3d63	17140	47529cd68d5ecb2642ccf8e4b47b331c
1ced2614-4509-47e4-ae9a-d92992396967	mp-567373	fc5f5b94-ef5a-487e-8be2-0e4359a5d0e4	22584	f3de3989ccde6cfc0c152baaf1adb7e7
1cf39f61-4940-4e4a-8586-260b3c2c1b8f	mp-27824	a9a41dcf-82c6-4c2a-996e-31e7aa3e4481	17156	ef35861714f5edcad0d3f8b8c495cabd
1d011248-142c-42f8-a0b0-df79a004248f	mp-676262	01383c4f-a36f-47c9-a2a9-2c78c42a21dd	51516	f87a27615004173ebdd675403cba634f
1d02c3fe-3773-4f00-b53b-04662ddbf7ee	mp-574580	c7d7b0a6-9b28-4fe9-b6a6-f2ac78683cac	65160	f891d5463c207eff5e87863bd277e06d
1d0c27c7-8c23-440d-9b94-9da966a54b48	mp-29187	17931ed5-aaa7-46fb-a827-e24c11f6a52f	90852	435c8b51034cf082f901c1db4d903a58
1d1e1185-3065-49f9-addb-1163a9de596f	mp-703316	a7739df6-d366-41af-80e1-fbcb38738b17	13272	527e857a5e55c98fefb7ce2ab27c9898
1d207e3a-c71c-4931-a6fc-d0a5d2d6cef5	mp-15684	9d20f060-fff2-4fec-b30e-767c14303b12	10296	5b9b1305d07949e2c597b50705a3878c
1d254971-3693-4ae6-b5d4-b9792a628b32	mp-569978	84000e54-adcf-4b57-a1a2-af03d677cd70	9180	f2bfb3b11d04602f7996144c196798e8
1d30c6e4-e816-477d-b1bb-008a410fb7d2	mp-3828	5e400edc-73f1-47ba-a81f-a1667893ae16	13188	41ed06395d310c9ba05a5e0dbdc5a889
1d3931cb-0f78-49fe-830d-c736fb0d8034	mp-770092	f15f742d-4d97-465d-b8c2-76709b52ab55	5708	52d57085623d775216e766acbe3a1d3f
1d3bbd7f-6021-4de5-bf80-d1765c96a56c	mp-7571	8aced2b4-b6fc-493a-a10f-6a2e8f60b6d3	11880	864eeb2a31ffdc20e22dae53316311d2
1d50810d-0dfc-40f5-904a-29207c3aa1ad	mp-773039	c78dba15-ddb7-424b-8d9a-5c19a3f0824b	177052	eb04c03706e4b4be33b22783a45b2b44
1d5dedb7-f489-4cc1-9208-e0c105570672	mp-559820	b0abf7ee-2d6e-4575-8ab5-a983a656a89a	48676	85f2d63017770c9826a5f66603326c27
1d626bf2-73af-4afc-b344-d84cfd6c0325	mp-23804	cc2a5108-d722-4625-94ff-e43b50506f7f	2016	177f8fa0a594c500b8f825fd5c45ddfc
1d6571c8-4b67-496e-b262-b01e2b7cbeb6	mp-28710	ff99c80f-bb32-4860-bb7c-53519406ad55	10224	9aa8fde6ac68c9bc62fdcd07c7421563
1d67565c-4564-4694-ac5f-79c2aae849bf	mp-30993	90df8cb1-e819-4ae6-aa1f-87880ef7cef0	5632	64a3788a0d9541ac4a98d93b02086c93
1d675765-caae-431c-a996-4ecff26017ed	mp-505825	0ee290c7-1a0a-40d0-80de-fa39f94c3145	8136	49a94ffc9c0bdc114b1b5b6d2f98da13
1d6ad09a-c9ac-423d-8bc4-f1b5c3f77f0c	mp-540653	15982d7f-1315-4afe-83c8-122bfb3beb75	89600	61b726f461b13a4e2b18982ff22fd444
1d84dc8b-c175-4738-8bc7-d3eee19d6d89	mp-20009	5ce68e70-3bdd-4465-8f27-9e73cdd18f9b	25784	7b06053d6f53efac2a54b2c3566a34f8
1d8e9264-8688-4a9c-be28-deea2ba9b40b	mp-30192	a6f81ec9-0917-4f69-b66e-93da25931e48	29556	9e9e053048d10c926417c9e1fcb053b8
1d992f58-ec3f-4a3e-903b-6c727518a404	mp-1477	fd339f5d-f584-42d3-b021-1215a6d5d1e5	19804	3f14e9a3c61213dd42601658cac9b2d5
1d9f9f33-0463-4ca9-a331-145440d8cb1c	mp-684029	02c3633a-4dc7-4403-bec1-a35fbb408809	26144	ecf359e4a426a8e28357cb24d42e684d
1daaed3e-d763-4141-a671-dadfd17ab931	mp-4160	281db0fe-1a09-4c71-af4a-b81471b6ff56	32244	7ca7f30372abb175adce8d12eca927d3
1db43286-8248-4a80-969e-8efaea82454f	mp-24341	37212b52-0991-405c-bf1a-f1167e974ca3	19840	7522ba8ea13981af1caf0ebcc3db4237
1dc48b82-1f2a-41f2-a2ca-7f0c295ccd72	mp-3575	db84c25f-d46c-41c6-8994-84528f78b303	10256	318adf9535ed7c6fe539057b3b3128a4
1dcbbc8e-c451-4b7a-8de1-698e8ee66226	mp-555483	5398672d-f883-4244-8114-fb05b575a98e	11412	2f8ea05da02b29bb0941939870cc38c3
1ddcda57-11b8-4131-aac0-54ce6290f9bc	mp-14620	b04a8cca-80a4-4f79-bada-bb271a592f82	3148	343f001a15630d53043d78568e4bd83b
1de7797c-76b2-4c23-ac62-da6c1ec69405	mp-3009	fdd1e93c-0308-4575-adf2-e6200f2b41e9	27196	f3233adb0b1ae3a1eb589162e6b30a66
1defac0f-5f2a-4a49-95d7-22b6f62b1e34	mp-5777	b991cf0b-e1e6-4cc3-adbd-c08debc8694c	14088	c9bf69c7eebe46c4dcf5a1fb29e17f7f
1defcd78-8699-4785-9bda-1cdfb9db204f	mp-570192	233acc50-d3cb-4801-9e14-2fc8336f35bd	31232	5730cc7a875188742b2940dcfea9e753
1df2b93b-d9fc-4a82-b930-726842cc29b6	mp-22889	79b9f0d2-c150-4f2d-861f-f73612452bc8	24432	d9cb4e2f9754806dc247d7c4364ebd31
1df71972-d3ac-4c69-bb16-e2b9cb2d21fe	mp-571615	792ab94e-8e67-4375-a88b-4998f5eb4a18	57092	2cf13effbbf18b00a809f8d20119978f
1df8af39-5aa2-495c-8955-6f4116ae6ce6	mp-23758	d235ed69-b54e-405a-8489-6bad5ac380dc	14972	6d439638c779b28447962f56d347f889
1dfb955e-88d5-4661-8eb7-44c2e870c29d	mp-568742	f0aa11dc-bfa6-4383-ab21-43e9907eb599	11436	3af074915d3059d0d5da69e1da40e65f
1e0a9b62-374b-4600-a970-529432d70b0f	mp-15217	f5c6ad39-b1ab-47ce-bf57-b1695a7aa178	16716	92c26fe269a92a37b6e3772fd7ca6826
1e1438f8-dc87-424e-b5ed-6dd3a92beebf	mp-604909	6c68b13c-e086-4817-92a2-9177f4fcdd5c	355540	1f73f5f2b8028304d91a795078a42b37
1e37c8a9-72f8-40fb-b155-e40af8f99f9a	mp-8267	3a7f2a49-2262-4b85-9a33-2894d4175820	9408	de3e7d4d46a81328808ccb74275d02fc
1e3f6fc5-a5ea-46f2-ab73-65bd5fc9b75c	mp-30971	fe738158-15e8-45ff-b9b0-8b4e13ef2109	22652	a35fc3d5e4e0dce9706cd1af7e83ab0b
1e41024c-fa16-4ff5-8aca-d15a5abc4001	mp-3038	f693ca7d-8ac6-4718-a01c-19a449a0d32b	13292	6eda313cfff27cedaeeb164133ee6d7d
1e583245-564f-4dfe-8536-0e3d73faddc5	mp-755505	d8f0d767-0216-46c1-b369-e4c61d3444de	40740	d3b59bfec6963cfa6ddd1fbe877220e6
1e5b0721-e49e-435f-99d2-65e09056cda9	mp-13032	c71fb555-bb87-4c22-97c5-5de9d5fd63c3	1844	0fb4c30a53858aeb6f1650ad8507d6fc
1e6e495d-e1f1-4b10-b9c3-d75224d3f243	mp-556543	a9a9af8e-25f0-4a02-8f1e-6ab51eed8502	31128	0b5375ae5f4ce37ef066d479dba28f7d
1e8633f2-71af-4403-9815-4f3a57d5cab4	mp-22934	bc9f3eda-22ba-4b75-b59b-0b863968ad41	5672	02b3196da635e6bc539ba73361060357
1e892ffe-b5d7-4847-94d1-cf12b91d82fb	mp-549475	3fdde072-d267-4d20-b6d6-7a0a74f54d9e	8832	4390ff2b5c33f0a80d9d0656b89ffe55
1e977c41-4487-4186-9af5-6ae03cecdd44	mp-28090	346d2561-8421-4a05-9763-405fc60b7a89	23028	4853e436b195cfeb28e5ff984e382374
1e9c9003-aff3-47ff-8e0e-38b510f88dea	mp-560394	38e22c04-7732-4928-8be3-14a229acea6f	49532	b024a769dac94893bc4748c3355f3fc2
1ea0310b-4d42-4f08-9c23-6f82fb3682f8	mp-989609	454b9d04-d8f6-4f62-b96a-0c081ab21093	14228	45cb6772ce50d31977900c6968761473
1ea1e408-6334-432e-8d9d-bd860473dcc9	mp-985583	24887fcd-9adb-45d4-8ebf-844efbbf238f	32500	b5f3492c8a86442f68ebb7cbba8ca245
1ea9b3fe-05a1-4a4d-adaa-99d8b6c59b5d	mp-6192	7ade7eaf-e050-4e6f-ba28-41764b2b4ed9	2416	304f14603ae81379446cd0ade4e7a468
1ebad5ce-f6d0-4701-abac-bd36a9bcfebd	mp-636598	0515d0a0-0227-41a4-86bc-53a66d385fde	43128	5bd7d07674cbf15a3ef94adc9fe9ca65
1ed8d364-866c-40bb-98e4-9a714521e846	mp-640053	8c17b8d4-f84e-48fe-abe0-d7bd799bd303	28840	5bf0f436cbc12ab988e93da23d9eaa52
1eecd4e0-b13e-4842-9847-5fde574e13dc	mp-540805	a69372d0-57fd-4108-8086-38a5b16612c5	26836	590989ef1cbcb27a950aa492d6005fb7
1eee318a-a54e-4194-ad53-dc8e162057af	mp-755084	4c3acaef-2f08-46a3-af3b-e034c62d3b5d	5924	4fa2d397bebb68bc7d873d355ea2126b
1f0bd4c4-a1aa-49ee-9647-364eff75eb2e	mp-13744	4e646d02-1cd2-4e3d-bf13-e362efe3a11a	26996	faa1bf0f4e885f8f856ef783ffc9611c
1f1d029f-8c5e-4353-a040-d36ec44f60c6	mp-13641	472b2c25-86e8-4aeb-914a-d97ea0f935dd	18356	68ec6c54d101fc1e007ec006510439c1
1f315389-512e-427f-b7bb-3e0df781c8b0	mp-669419	d9e03cff-aae8-4da4-9c2f-2ab247d9d4a0	42744	3e9a782def4abf8bf650e347a3cd6328
1f3d35e0-fa03-4387-af3e-7590f031c4cc	mp-8111	3161e96e-5688-4370-99e8-30b079b56df5	6124	8ad0974d247f5a05da66a59034d20627
1f40ec83-90e6-4840-b46a-bd034023d8b1	mp-531340	309e4fa6-6586-45bf-90f6-5350d191b4bb	579676	0b765ef989553594525ad65f8598f61f
1f5d08cd-3b18-4625-908b-97ba1878b32f	mp-559014	5067b354-218f-47d2-b93a-699f11bcf0d8	47404	d0b55790ae414f16287064778422d90e
1f73611e-4267-4b23-9741-08aefd0150f4	mp-24240	6fbb3640-72ee-499a-83ff-94bba6ef2a4b	16684	975956ae678628bfaa1095a835511c00
1f7fd8f3-bbfb-4991-aca6-42257ae37057	mp-555966	9617c0a8-a378-4226-856a-6f1f55ff31fb	103308	06d24d0278ca58870b94ad2167bcfc2e
1f826abb-0103-4166-96b3-901569e38699	mp-558310	ab5878b3-faea-42b9-8dda-a88d843ab404	18532	14973d1dfe71df51e055d1da1aaadc6a
1f8521da-85cf-40ef-b57d-8f1d84c3a1ab	mp-975605	bd82b6a8-4521-40be-96e5-6cd5536a4bd6	40072	822144b344fabb3b68d0b4dd9c8743fe
1f8b238a-d1b3-4eb9-a2a9-bcb1db086d71	mp-559901	a574d9ea-0144-4a40-b1ee-1ff6e7c6aa5c	71108	59e1ee654f763ce2ae9921776980039f
1f8c7422-008e-4970-b837-77b120ce24b3	mp-27377	8e045e79-a075-4de2-804f-c168cb5a3dc7	17508	f6ae1d31904943b51fc3da6c0573b9b5
1f8f0212-157b-4ee5-9022-379eac246f22	mp-28520	3c916f92-9687-4726-9172-cc457b204cd0	11548	5adb437e34373d4347b67c447e0d24d5
1f96976f-9d99-4a74-a162-39c8b5cc029c	mp-644222	8015a01d-8f9e-4cc2-ac43-7094807ca800	12608	c3fbda0d43d4ee786e28669b0ef6a434
1fb8db2f-2731-426e-9677-c12be26597c2	mp-7193	9fe08970-1b60-448c-9aba-972a2e86ab53	18988	7f9845d4a43c3caed69d4c375481d72e
1fbe816b-02f9-487e-a564-726bbaf73baf	mp-23452	0fe4a6ea-1134-4709-a723-bd06213b8f2b	57068	1c279525063a2c042c44b081a7fe8c94
1fc20d87-8439-4c33-9ca3-aa3e491dff90	mp-568208	d8c5a89b-e3f2-475c-8179-4f497156e755	15924	2db797a750fb13f8eca99c8f003527ad
1fcb4c40-6c37-4153-af41-6a8e8fbff043	mp-766506	d531ab7f-6cb5-4694-8bae-607cb755b807	13096	c0e0031da4e73a5d05a2e4a62aeac90a
1fcbf17d-2b38-435d-9cc8-1fa3fdb10132	mp-17694	e7e16fdc-45b0-4cb5-8124-79c8261e8516	81876	7a5f47d7969324b122db6c5f7bcf6b39
20097ec3-6131-4b44-9476-eb894b87fa65	mp-556009	60ff553c-aea9-4d36-990b-858e04676caa	80268	58226db8dd1c8520d36f13025afb35ed
200e0e09-7fc8-41ed-b23a-7dc8128aea59	mp-28205	3d238a76-4499-4f9a-8939-ff7e96573d3f	31444	328149c6af3b16160ce6b1ca905e3afe
20169f8f-0bec-4b94-bb57-2bc85814fff1	mp-984550	45fca6d9-1076-4ece-856c-dc688bb44f1b	6516	34c84f5da533f702521213d2aa419c14
20253c10-1b63-4b80-8d56-25615839c3bf	mp-17313	8bd95ace-c3a7-4264-9f23-316bbd24f5fa	26364	c9399e30838955aae320389458e6c187
203fac8c-36b0-4a97-8822-390b86cace89	mp-8248	548ec0cf-58f8-4f82-9eef-c458552f537f	21148	01b360d29a0f744b67cb397daca148ae
2048e9b9-0f07-4961-8f9d-65d891646b4f	mp-632250	ef735fab-f72e-40f6-b017-4cdd2e95c366	1648	7a63765079b41dc1ea7270104d96572e
2050a537-82d8-4a1f-b903-d99966ec9bd0	mp-557614	ff2cf66b-76c9-4588-a298-59a57de89ce9	78592	3ba712aded30a85cd23da4696f0a8017
20555361-4fee-4aa5-97ea-bcfcb71914ca	mp-9037	65fb736b-236f-4490-bdf3-1409dda5557e	7300	0a3ed186fdd0138e5037a3f8bd6ba4c3
206a0f49-14cf-4d9f-9027-76dfb808f71b	mp-3074	a78959ef-c3e4-4329-b388-da4d76ef367c	4532	b3a2ce3b79d21986fa6b823039105198
208ee1a4-432f-4b67-b904-ac1a378433f1	mp-30222	49485c02-a28d-4c22-8743-9fe5bc00363b	44692	bb38ed5456baff670585539c11fa093f
2090206f-9a4c-4a4d-afb3-3a802a6e6253	mp-17100	05cee7f4-b322-41a9-9145-d210c09e038f	60420	6f6f5ba0b582bae899e0d93ac66a7018
209c1a4d-07fe-438f-b924-d2382097f9b1	mp-10165	e332c7db-7750-4ad3-972d-9a8383d7dc12	6872	a3c49508278720a35421d912bf7b9394
209d2663-3de3-45f0-b630-cf5bd14c5bf2	mp-11016	f2fedc44-bd16-4205-92bb-d9f0e7ba2b11	33632	d1070c25015e381ab2575324a2e8da79
209fadaf-66ab-45b8-ac30-3cd069872e84	mp-28274	02241726-8daa-4ff7-bad2-60355f71df77	12352	b74aa6f06d7bbeccb030de3c11401dfe
20b3217d-c004-4d2f-82bc-425500a63440	mp-2457	bde9e5d5-6755-41e0-a0a1-9a366abfa0e5	27176	fd856ba06880c7ddce318b0f2fde90f4
20b92211-e764-45d4-ba25-941533218b69	mp-6613	3c28e9bf-c262-493b-bb9a-303ec4241c9e	2412	7b7fdc8d2fa35c578d4795ec23b3cfed
20bb7c5c-929b-41b8-ba7e-2c2775b678b3	mp-23058	c79ec969-51f1-48fc-8499-9a7675ba6d73	5732	16fe0e5f20b846f527a9c0ef42470939
20bc0b54-5ccb-4070-b22f-18ffef2bdff9	mp-39	b865f217-5e4d-41ac-addb-2e0abb1ecb1a	1648	0e3b8d7f787d75b54684b2cecf036c49
20bf2ebd-f5d9-4af9-8656-6a1d64f69ccb	mp-33606	697a8dcb-3c78-4498-901d-a75940d3ef09	7972	9b0631b628768548e9723de6aa433be3
20c1b235-56ff-4e4a-96f9-e28f36777961	mp-6803	d91ec98b-0950-4fc9-a021-7116ad67e768	108296	051a1555123a10448d35df3b14792054
20d78e9d-acba-48c3-a4e6-e3770dd314dd	mp-14388	6d9a0132-8dec-4251-937e-17d955bfb4f1	19340	6674553538ea44f3d1487e7807b52336
20e079cc-49bd-4f79-9251-f8397519745e	mp-680144	90cee1fc-d12e-4646-a171-99ff991ac6f8	44336	67044fa492e55cf62acf06ea6f71cfcc
20e76913-b841-475e-9e6f-1d20000b3274	mp-3277	243e99ec-a049-469a-9f0f-4269c509cbab	10892	f2d291944353bda33ce1ce8cb4f67f0e
21010cf8-9150-4a71-8e38-82bbf482f742	mp-768293	8cc3095b-87b0-4912-a8f6-9e628b4493ce	50492	94f95a81e91885c20f0f0e85563bb065
21157a2f-5401-438d-86fe-e9b5046473de	mp-6281	f579ebe9-a634-4613-a84d-fe520c637830	10624	a261878a7584006c87c9c68d32331e8e
2122990a-b536-4fe5-8f53-ad317e0a620e	mp-574928	db7d566c-6351-4e90-b7b0-c0dd06627fa6	73588	f48ec4e2ba7a930af5f59099d585b504
212cc300-d018-413b-b573-3ced9b541da2	mp-625403	ec333144-0502-411e-a82b-80f3202d1325	28188	fa76988b2ea75726d7d2e653d3897611
213059df-9ace-41eb-bae6-d77fd888cd1f	mp-560441	0f8efed5-d54d-4592-be92-ba7c4d1665ab	22224	cba8eb18d215307bf7ca10789d5c4c3e
21449727-c9ac-45a9-9369-809300769490	mp-3228	e26c9d8b-22e5-42f0-9f48-0eb0072fa634	30368	2dde10585eed6ff7d3c013660b7cb4dc
21510c8d-a302-4a40-a20b-bef11af98f03	mp-7324	58f82649-dc42-4297-a70b-d83911ec02f1	48184	9c635151d8128f953ac73d88e8070a17
2159f9ee-717c-484d-ac8d-5c5f7fd55faf	mp-768605	4c25816a-4afe-484b-906c-6efed4a1bca1	30220	5dc09fd26db86f0dfb327c28042713cd
215dda32-d104-4779-ba26-f916ae9bffa0	mp-581868	6caf5bd2-ebd5-4426-b4e4-01c594d4f69d	293180	a7da2c321231b0ff50f1f7dfdd55ede1
216faff6-b349-468f-8baa-1bd1b9e7d452	mp-643460	2c35359a-4068-4c4e-8b66-b024670e6820	45316	686ae05387158710599b72a5ab0e51d8
21759855-80a3-480d-bc7c-6f112e5f1c26	mp-27167	56b9ff64-4a4e-4a84-a723-98801e9e2e6d	25832	3a8964da5ccabfcab73c3259b4b17921
218a5249-5faf-4a69-bac0-705676cfcac7	mp-558134	bd2fb5c5-0a98-4cf7-bbee-8d924defb322	10640	59025f8f648d923be8fd3121653c8b7e
218de389-1a99-494c-80c0-e0af54730659	mp-17660	2c90d82b-d7b8-4096-9d94-f0568ebe131c	29576	07d529cdab7c69d6a57174301d19e402
2192831e-8ab1-4d10-97dd-d84187c24d78	mp-753809	5eb5395d-24d4-483c-8e7f-c3cfb9ce5b4c	25392	2050611722ea8d7d0a1aa0a1b5b31b24
219a5098-ec5c-48b8-ba25-c365ffb000e9	mp-28200	7acd75c8-01a3-48c0-96ee-a0ae01406115	36272	76c24e514ed05c4a63a4b7535d0ddaa4
21a6c5c4-302b-4bf6-8134-72ba9bdeab96	mp-556826	a1c482e5-518b-48d9-9460-6c432843b4ec	110256	af342954bb4ca915253d22eecd3cf929
21a904f5-b6f4-4751-aa3e-73154c8aa926	mp-15845	46a87801-4c07-4bf0-a149-d9ccfd51b13c	9976	05fecebb59f624bcf143d3a04458c529
21b606fd-34c0-46d4-bf4d-cb09478235f9	mp-650442	b77efd73-46cd-4a14-981d-e38fc737ae76	31608	327f9a20fe2cd28fbaba738e11dc0792
21b9e04c-1d81-4944-b53c-eef1ec90fd30	mp-29205	68c99526-a0c3-43a3-add3-49a9c1d0a8d6	33540	98f434c9abbcbdcda7e107806c3d7cca
21bd78c4-890a-47af-ab1d-a39b0d8d3082	mp-733877	f2160a2e-018a-417a-bd0d-e23a847ac53e	197516	43fdc9c62915d0e34a720fa04e0a0042
21ccb36c-910d-4553-8ee4-ce50eee077bf	mp-557163	1d08f0bb-d72e-46a4-846d-1dcf82ba87db	43388	ea300ae1b9fc2056d6d145ac4a55e17a
21ccf240-d702-418f-b19c-8cee015db112	mp-23657	387e8bce-e8f2-4770-ad30-edf4d1c9c35e	5024	75ccf952f12111e8081d02997e83d5c7
21efd575-72de-498f-ad19-3b4171fc7b06	mp-977298	ffaf10af-aca7-4e3a-9b29-c4971d78efbf	24856	719b0bcb8f87b6a3cfb8c5c701b64b7d
21f2c696-83e9-4ade-b130-77f28add9a45	mp-3203	974e4bfe-f340-4d17-8867-63ebb83c29f8	28948	bd790df5412932d92871a5abd3eadcbf
21f51cc2-070e-4d24-985b-b69867f6e72b	mp-574653	32c2b1e0-24a9-4cba-9e80-1c259fab590c	4260	872ed4ce024c8ee7a6ee099cab3146f2
21f69285-b98d-48f4-9b6e-4a2bff554e25	mp-768638	303748e9-14da-4a0f-8abc-e1b7dc7f4912	12652	e7781c394d39b510ca912f7c5a0ceec5
21fe82b3-ca44-4ee6-be97-73108808561b	mp-778064	f5f2d8bc-61a8-4e72-8f56-eb5277b9051c	104256	0b49675abb0a6e2ebcc957ff831c15ac
220041b6-39dc-4365-9bb5-14b4ecf83554	mp-6389	e37c57ea-a00e-4925-b50d-d6ef6fb4b5c4	25632	3112451f9507e65c15a820481bebe676
2215ff1b-99bb-41c2-898b-40fbe88fbfad	mp-776407	08f018ba-71d6-4d50-980b-e9d815665e47	158308	2669ad8b7d09d6dbce2dfec701513bb3
222a2ef5-10c9-4a71-a69e-bd55bc509dc3	mp-27366	6c312d88-a5fe-4e6d-9c23-c03be98280af	13280	e2a8a5dae98680eea933ee5b19b68a09
222d0f5c-2038-4ceb-a5ba-8bc7603a716a	mp-10492	60421486-735c-481b-82db-7b61158097b8	2056	7d91c37cd333eeeb9fe7ab894796d522
223be6ad-688a-45c8-9678-2b4294f556af	mp-759342	c45d5912-cebb-4c4c-9921-825d3150a4d9	76384	4d0e91a534d30bacd75560d3d2e7fc65
2256dbf2-b3b4-4b07-9ffe-2534266650dd	mp-754929	a2f35a4f-a8d6-4e61-b6c0-d576f4ea3711	22444	192853088d72618c857e960eca68aacc
2257aff2-fbde-4b71-a2c0-2c7acccf3da3	mp-28303	d53ea87c-8c54-4a9b-bf1d-43c61995a6b9	111764	aa2efc5b1e5f9775f3dc614e3f6e871d
227d06f6-d536-455b-b15c-1e9661f068b5	mp-3671	ce2e4cc0-e487-4e9e-b0a3-2fd882be8af5	27268	690695ba53387edb7792e9218cfa879e
22872c5f-cf8d-4c51-936d-2426b6d586a8	mp-768240	2a05c66e-a404-4214-a46b-d48ffeb39b7c	25200	a0e3968cec3804c9807da4bbce7810cd
228c1fb8-5adf-4e79-8ba2-3f5e66426f3c	mp-28145	69a6d3b4-5fe6-47e6-9a54-5cbc93515630	2000	3ab8a09a0b6056ac23070bcbeec2bb4b
22940db7-f7af-4fdf-92f6-5b9789808624	mp-554988	bc3c9869-ff3b-4dcd-a076-a56198783834	173116	b71bb1d284cc090ffb1e3b0d3baf739d
22a49583-1f48-4de6-85ec-038ab46b0542	mp-8884	ffb97e83-c558-44b6-8846-1f73205240f3	6620	11835a9555d09a329b59f09e5770d2b7
22a8009f-de63-4136-a6fa-70dbeb322c84	mp-680760	919ed638-edcc-4178-af1b-dc1f5f9ee50b	53480	96a5e90dba4f009382f3c7c80ec892fd
22b390a6-e130-4629-a4c8-92047bd24635	mp-14526	682d198e-bc52-4a8c-87a2-2a057eb6ee89	31204	7253ebe093148775bc14b9623bc3459d
22c7e5af-3fbc-418e-97e6-15970fdb259f	mp-554718	a01ad827-4d3f-4568-9cb4-1f4af3821219	50360	6ec4be39cc6f7a37b78b4151d6fd281e
22cb8fc7-e008-487d-add9-be062fa59607	mp-761825	ae28ac99-e634-4acf-b584-08eb867b385d	71368	67a6b07e7fa7d2068761cd2c80881304
22e42569-bd2f-4b00-bbeb-418a307111ac	mp-14424	8dd4df6b-dd14-4928-89cf-1af53fe5e698	86960	404e36136c9446548780e7e1d77481a5
22ea0066-64a3-4ce3-a4bc-969a62c517ed	mp-41109	71bae994-e42c-4cf6-a4bd-2679df47beb5	61944	131818151af1c01cedf41ae5b445664c
22ed1358-3cd6-456b-ac88-dfada2458861	mp-6651	45020579-8679-4a47-b41b-2af6217491ad	46708	ccd774140b0718827acd39d100629d24
22f4b711-4cac-4e54-970f-dd370390085b	mp-12341	6f09ffba-0f0c-4710-b253-c7611798fc7c	17608	227fbc1b31ecb0cba2d6cb5e5b414c52
2315eadf-b170-4243-ad00-9c1f64560214	mp-684024	25daf286-8bb8-4c3f-9d3a-bb9b39ffce21	185996	f9b342e2639920976417223a346d5acf
232f5f88-c61b-44ef-997b-8a4da1e071ae	mp-755322	fcd33355-6ca6-430c-a517-9e52a219a12a	6116	3d214455aefd4c53dea9a1a9510d21f5
232f9e85-556b-4feb-8566-be6a40dab7e8	mp-570165	e8616815-1e43-4ed5-903f-5c4573ec7462	47532	9f2f6074c369642576be1a45b99ecc6a
233cdf15-f14e-4e07-88ee-1d0ef407fe7b	mp-567567	254ca499-edb3-4a82-9571-b7e8aaf85117	25220	d7ab7fa7ee55de2cc929e8ffa9aec248
2344df9a-5a4c-4163-abac-f127edc53231	mp-111	7a54241e-61f2-4865-9b19-930053ed400b	1476	3c8403725dd902c32ead97159ff83bdd
23511acb-c052-4c9c-be2c-fbd36f3696bf	mp-3666	f890dcc7-44c3-4d16-b932-e086ac6383fe	18612	cd3a075fadc9ee49e28ee0527726f9c5
23678d42-9cc4-4b66-b49f-0805b7076ca6	mp-557974	bff7dfa5-6dca-4152-a3b1-96fc934cb690	60544	ca2bfb12a1ccfb3107d5a8bca26e9847
23705d32-217d-4ab5-b6ce-a7020cfd9ccf	mp-557311	ef24e6a6-6c30-4950-90d7-7f6f4f990c2c	94524	1b62420b0edd18ef680d73ce72463d70
2371013c-e7bc-4fe6-b6d7-b8396a07ff83	mp-30975	c54a7688-7615-46bd-9569-aa9320f0707d	47008	c2e62a5e2db29c54cd04f8f103002b3d
23784fba-0a3e-445a-91fe-36ed37c17c8a	mp-16930	c7bc2388-67b8-464c-a844-aeefefd26591	43592	c4d40b9a01c88f595eb43328e52d195f
2385e357-1ed9-4224-8dd3-af56bd46a26d	mp-771825	3fb41aa7-3915-4bc6-8cf2-6694980ce956	29924	b79565038f6d3f2ee83eb2d582719d6b
23abdd83-3891-4620-90ab-6766ca82dd15	mp-776125	2bdeb970-4ad8-4907-9236-7f996f4ce9f7	90712	68c9679c4bc85454acfd667204a90fcc
23b06b3e-782c-4356-baad-14c463b67dff	mp-557	aee11b10-d287-4253-ad63-be6e9f8278fd	10428	bcd6a0792589c8a724da33c437b55f14
23ba6898-e137-4620-92f6-cac255af638d	mp-554218	0daf6b9e-2751-4f6f-9894-7fde77838bd7	44152	8ad366a248fa77a5d0ccc47f9a0e1df0
23c842c7-67e8-4788-9865-f791f7473dce	mp-560381	50e3b32f-1fd3-4a3f-b783-4268a1386ba5	47388	b084e100a859cb24ff46fcb2ee84f410
23d1235d-f4ea-4830-b5d3-e940a84557d6	mp-683974	20031b12-6dda-4c2d-bdd2-ba143afd0cc6	408964	d30e76522d911929bb145a1d99caa4a9
23d142d4-4ea0-4ded-8f75-9303638a32c4	mp-556023	90d9c43f-4a91-4ae6-be14-0d9daa61357a	47792	1ac23396c0a092c208ee81bced89b924
23d33835-1804-40a8-aede-e3fa2a682a6f	mp-768345	5c058f50-9faf-40fc-b66b-84d66a0639ec	59232	d13c7a14058f3b0919e48a5c8ca629ee
23fe18dc-438e-4170-ae32-5fe42d0cd243	mp-22512	cb59168d-a364-4383-916a-2f6e5e227752	41112	62ed340679c099ece27974f2b4ec0fcd
2402bb88-c642-4aa0-b7f7-37cbb41ca938	mp-27369	4cd7300a-87bf-465d-bb64-0df7bf05057b	19544	e5b717d44ec49080cf74f95575ec20c3
24105b19-8d08-420b-ba27-d562bd82a659	mp-755895	63049b33-b13b-4bef-b445-9eca203f6984	9652	2465258ec41dd3c090b2b66537e998fa
2410f5c4-e753-4c6f-b530-7950051b54cf	mp-18003	9ed21a2f-2cdb-4f26-b6ad-5dd640104cb5	44836	5979804eec53e4fe4e7cfac0350e8b50
24167c4b-5c6b-4212-8794-3955047e82e7	mp-12867	43c4f5d8-0297-4579-8bfa-b585ca5efb77	6364	536a30d9889d8c964b1afef172ff7d1c
242b2d3a-ec01-4506-9346-241ccff5e3cf	mp-556237	709c0855-efd8-4aeb-a045-8edddfc829b3	59760	e5f9c5e774b5293fd3c2df06b9425bb9
2437884c-42ab-4b35-a1d9-115d43b5e6da	mp-752404	0bf41767-35de-4bb5-b672-091483694066	19248	c0918362c0ee096c4f26819e2d4a389c
243bb750-93f9-45d9-990e-0fae7ca89cbb	mp-755072	9b35a9c9-af4a-467f-b02d-7a21fa2ab198	6960	e1cb12df17e8afc383ebbb5dcd21c8fb
2445e413-f295-456c-9dc1-0f935aa855a3	mp-36007	ef36f95c-bc10-4ece-898d-badc5f2fa125	8036	e41dd01491a52caefe9ed3c27980c1b9
24644b9a-010b-46e3-aa02-a1672868ab09	mp-14837	edbb325b-ebff-449e-89c1-2e712946ea67	38184	63a29e55743ee5936ede69359839dfa2
24662935-4dbb-40c0-97c5-c08a5c973286	mp-8713	4acd8537-ca01-4fa7-9c4a-5f6723aaf73a	12228	58bc48ee8a896a162a9380d5057ed4fb
246e83ef-eb68-411e-bbbc-8e055ca7d291	mp-12490	c1faa65d-697c-49ba-94a9-38f36c4596b2	17520	f11bf108af64dcf030c57e3e155f7c4c
246f1670-116c-440d-b25f-a6eeb3bc943c	mp-679930	432b6c14-8f3f-4976-92d8-c1f257afb3cd	89776	a239cc1cdb4e015beff66deb744854ba
2473623f-8d88-48b4-9b40-0c668e91f617	mp-22661	ea57e02a-1f5f-4f52-8b4c-28c598641383	12180	f214706ec49ac296008dfebf9fa64102
247615bd-4695-4bea-b8fc-5196616850d6	mp-557028	02220461-fc56-4f20-9c09-0f38dcc8063e	25392	7001b822096a31b199e3c8a13f0a3b51
247cba45-25bb-4a18-8d73-7f48915bb700	mp-19896	a7121792-2a1b-4711-9ff9-6b09ba2bb055	11552	6cdaa154e68f9a59f5cb00536928d2df
247ea3bf-29ca-4b37-b759-ee6b9586a556	mp-557962	47106772-5c83-4372-ae63-e6074744d935	20208	f9321f65d0adea3dc5fe1fabafda4ede
2482855a-76df-497b-8836-53f4ae8e1332	mp-11634	cdc0a79d-aed2-4064-be42-12174edcf2a5	43456	c0cbe0b7684f42f90718e0521d9bfbd5
2484d2e0-33d7-4ff0-a955-652c83ad1a73	mp-669357	de737751-3204-42b8-9509-cc2a26d14c53	67332	a387cf059acb5c04cc77f5ef8c85d7fe
24992ff0-8771-4251-bc48-76e7ad1e8dce	mp-556776	01902465-f06d-4db8-9598-b460ba652a1d	60224	1828ca5e27b6a6c3bb00e4e467e7f5b1
24aec56f-0335-4240-82e9-921163289e79	mp-557448	c460612d-1881-4427-99dc-654bad5e6d9e	26424	11d30133d140b68258687c1175f46c2b
24bd3be3-864d-4c83-bfd9-ed8e03c7b623	mp-6766	152d253e-ce47-4d35-8c37-528fe3345428	27324	7b92d710d40d4ee3909b141f07db1a6c
24bdc9f1-2f18-46f5-9bf1-f258ca884685	mp-2833	3bebf436-74af-44ec-b44e-459543b7083e	30860	2b44bfbe91abf4fed4f72e139200f13b
24c09c8c-4d5e-41cd-95d7-271ad111c217	mp-769266	87b965ed-a377-46d5-b315-47fd51ca2831	44300	cc14e9b1f85ef35daf702e66ea0348a7
24d3866d-7ea0-4bb5-9503-69f88b215e47	mp-684580	ce423c2b-61c5-4076-93d9-d65b7b478012	3400	d4225f9d175bc54a54a3f571a7274906
2507818d-37af-4275-90ee-a1e05960b1ac	mp-608314	8d426964-7cd7-4908-b791-148aa9e9e955	26436	f092d34e24b964d5d622616237a4af31
250ac20e-4878-4e2a-abea-188dbaf49190	mp-6244	6d0390f3-642f-433c-9cf6-eabbcf0beaa3	30484	ab5eedc5ece7c1e03e7a1c58dfb21d33
250f37a8-b967-4550-878a-4f3ddb858ce0	mp-552588	ceb06482-806e-4fd5-880d-148aeba24059	11000	91b74229499c751cef8f9ff876892d10
2528b9fd-e699-4355-b172-9a9e1fda857c	mp-23411	2c2d1cf0-29d2-42fd-87d8-149744d0ef79	12560	92a9107c5dea912f5137c63e58827e2b
252f48c1-08a8-487d-bc9f-94f70226424c	mp-4934	487dd102-5826-4042-aa8d-fac762f87fa6	36640	db8f11afc0436a85beee11d5c1634dfd
255c3558-acda-4daf-aadb-d80b5b93bcc6	mp-551269	77303e4d-8684-4969-a7b3-ff5f33bdf17b	18372	382dc61de5e397eceaecbe336d592f5e
2567b4d4-953f-4531-8c32-1d7f20f91564	mp-10392	2d2619b3-2c8c-49f0-8016-10d404892c9f	10608	820a947298ac3ce09ddce1a077a69a28
2577248b-e7e0-4961-91ef-e28b1c00cdab	mp-14988	5ea095c9-34a7-4eb3-b5e7-4e03a09980d3	57112	6620b5c3c0880ad350dfe5ea8d988046
25773053-6feb-4ff8-b543-4346c4a54d95	mp-15503	4540c22f-9461-497f-aa5e-8306b5f24182	14320	370dbde98e9ed41251e0abe9fcfc9ea3
257d1487-e9db-4a55-b37c-8fbffcfb69a0	mp-557436	16553954-5662-444f-9472-d3f64f11bb83	83396	b0e579b071cfb244b57d906243ec2f61
25860441-aa7c-4444-bf6e-942f8d265ef6	mp-559703	31b6a602-6f04-46a2-b3e0-550802b65280	60120	07421fa7eebf26f5af419ba8e76769e8
258cf98b-d776-4c5f-a0c6-27ff8ca5a926	mp-1990	6ef84994-ddb3-49dd-8e75-f0e7fcc9c8ac	9980	d5a9718dac0e7433968be3be1512716b
259126f6-7a46-4eac-a3ce-38ce370a6442	mp-20282	28cec509-a61e-4204-aef9-891262d438e9	17356	29a9983f689da61a3ce85afd2a954243
25a4a81e-17b0-4c83-98d9-f6be12b2d02a	mp-568228	57cc2e31-6a00-429a-85c6-3e72c6df211f	16464	f58e2489f534840b36f52d7bfa51db70
25ddf89b-089a-4f6a-a6bb-9e34f7968d45	mp-29075	c48d6eca-1509-420e-ab62-e19ca9da28c7	26668	31d21cb5a7490add7fc82585cb6524a9
25deefb8-16b4-45f7-ba37-7518c860a112	mp-9209	1a81b44e-c951-439b-8db4-d8db7b8f1caa	139164	07de341532ce93a1d733eb5433ee91a0
26304ef1-b625-44d6-bb77-121e5271027d	mp-5794	e0773432-b761-4b9b-94cd-60283a3e405d	3228	1250232f6f6c9c6df282ca1aeb98d77c
263c0f23-8678-4000-9562-8f15558ef860	mp-24438	77c3f7d8-4bfc-477d-9947-033184210b7e	111300	ef0da72000c86a7eac57310758488d14
26507b43-2b73-414e-8eb5-ad7801961d24	mp-625359	01cc18c8-13d8-42ae-ac1a-44f40af78027	34400	be0c61aa12dbb4408135abc18ef528b2
2650b831-50f6-4115-9417-15628e5c42f6	mp-15239	af249549-5838-4786-976b-afcd1b0b2748	19108	1b0033840e405f4d9d6a957565b2a327
26552356-bbed-42b2-bf40-71ccbf7ab2f9	mp-28442	c5109cb5-be8d-4977-9106-50b33ee08b96	87504	c27f2de30503bf0893d0f371df831042
266a12b7-cf0e-4d52-a593-5bf318c4d20a	mp-28903	f932a404-3935-4beb-b90a-a5d95ea30e53	29244	d0f62e5e23901abb677c68f56991b4e6
26700ebb-5ac6-422d-ae89-e2f81c212ccc	mp-6494	3fc22507-1137-4b20-af10-1a4ba1cf3d54	13756	9f32cea537e9c3aad84e22148365586a
2672f3e0-ccc3-4064-b93a-65866d120495	mp-768243	42e1f789-6152-4115-9e21-7eb9ec79c1b5	30000	064f8fcb379fd646b94cd737f9174fa8
26784eef-6a2f-4cae-bd92-a656a0798525	mp-554577	d42a5c3e-d0ca-48c7-9758-d8feb945ebe2	81428	0c5b943cebda49b046526ca9dd2c7327
268816e4-825b-4b02-a8d2-a968114d57dd	mp-4452	c0dce4c5-4af1-4989-9f50-468abdc90643	13464	5c1da6f2f701e2f91338e5092e426183
268b50ed-5401-4888-b6c9-ddfda18c5ceb	mp-9392	6edb3774-5005-4b12-9647-edb9d30887e9	5292	404bd5f694605d5a1b653559e562dc3b
2692d8d5-f400-4304-9132-b7af7f74bbaa	mp-17513	1fbdde79-a97b-49ca-87fe-0534164819c4	51180	bd1f9ffc70e035f5e03c74085adda68a
26ab4d09-7ecf-4b1b-928c-26b2fe23ccbc	mp-23883	8b59173f-e5a9-432a-8408-9015f2fdd275	62820	da59ddd7ad43e464c4087dd5062593b9
26abc4b4-11bb-41d0-8cf3-8d61a522b2c6	mp-11739	788b5ad2-beb9-4419-b434-3d9c68067a48	6364	2b95ecae0fd5e992e86e0724ae318793
26bdd8ef-f50d-4c01-ad86-51ec918ad322	mp-5081	876f4ff8-eeff-4743-a59a-5c2c6c7fd963	29944	f7bfd418413d4ff45e248a770a04c3ad
26d569d3-9033-4526-9d93-e52ef6b626e7	mp-861950	53b6266b-e434-4075-afaa-c510ce2a72c0	3152	3506f7f0343e130d88eaa950524eceb3
26df873f-da3e-4af5-a308-013510ace866	mp-554155	0c742761-0b5a-43bb-8197-e5c11cd46918	24624	a2d2f6891fbe6b3f7ca8574d9344eb75
26e6ab67-fbc5-4c49-886c-c6ebc6f9d02e	mp-569543	30db8c56-a474-4962-ad00-137ef7cdafea	17168	8b140ba4579f47fc324bea7d6ad32897
26e86c79-a4d7-417b-9c7c-de84eb249861	mp-504427	01bc1a65-2415-4346-b239-a6b801f1a294	53708	cb838ff889fbb6fe363eb4c29035fa3f
26f44920-5f22-4dd0-b75f-32877f1d70df	mp-540862	ff2b35ef-a13c-458f-9035-d6960c9651e2	48796	cc4f1683df19fe9020402a2ec3468138
270df525-ec25-44cb-8d52-745d34beac9c	mp-9125	219af819-1450-4def-ac41-cc7e7911282a	9372	8c629417b09268162d3a5126aa549a53
271111ff-4462-4ad3-8e24-974bd0eea2c4	mp-14047	38c68058-35d6-439e-b7a7-97803669d26a	19164	d19f79bbf706f15a505f2977c9af51e7
2725bc62-fdd3-48a6-94c0-374460752fc4	mp-556498	4831ce4c-d59d-4c4c-b133-999feac6ccec	21632	6ef81cfaaedcde7f43c0984f9db92c2d
272f5ae1-ebd2-4328-a997-48d23cea6640	mp-28772	eaf90e13-d000-464e-96ba-9771ec923989	11936	cad54868eeffb90c93cf76948643de90
27411850-40bc-44d2-ac5d-dbf3da951730	mp-21390	843c3c49-eb45-4f6c-8ed6-c9962d5c5279	34948	cd7dd71a343f64de35ddd571bb24003a
274c055f-2356-4241-bb8e-cbe3da26612c	mp-559482	8522927f-885d-4512-8593-290643b5800c	5808	1a211e6b891ee495a867b523728b7e29
275aa49e-36d3-425c-b4ad-21a1d6dd2616	mp-13038	fc9256a6-28ef-4b50-a1b0-2733df6e61ae	11112	726f8d3b35b5864d31e221396e71c046
275cdf10-348d-44cf-b718-cfdf52f3d885	mp-760515	f5ae3004-3e5a-48b7-8b58-b18535f0142b	17888	77bbf0cd63904373f3efe31c8b8673d8
276b7995-782d-44df-8461-f8ca5d97964b	mp-8543	491ccff4-0500-471e-8c0c-f529921e9f82	16716	a3cde9da03cccc22f58769c529db53a2
27719d01-b28e-45b4-ab02-f743f15194a2	mp-9304	c4d22943-88cd-4176-a436-f51630acec8f	8620	d8054580be65c5c087dfd30b8ddd6971
2771d97f-0929-42a7-9f63-edbcde5519f2	mp-9718	61907f12-0c2c-494e-a395-f9ae077085a4	17820	582f8ebf9de6d31429c9223dfb215089
2771e439-0d7b-413d-836c-33e524cde194	mp-771248	2f6b6b08-2aed-49b2-a1d5-9900ea8aafb2	74560	5a229d949082d0d10b719c8b5c9679f7
27757620-feff-496e-81a7-9b611d21e52f	mp-561011	dc291e27-c402-4af4-9176-8e5770f0d574	16972	42ef0896f8741e02b7ab023145079b7e
277ab46a-f84e-443d-b2dd-08bf07615a7e	mp-560538	dbfd75a8-41a5-4f35-bec6-37c6bde84017	89260	161871454fe0e0350b1e5ead0c8afb5e
2785aee7-e0d8-4b5e-a5e7-c97050224df2	mp-15472	3d82a990-581e-470b-af4e-1242eb6e8c70	26048	b222a701e7b4cca235967bb975363157
278bcd8c-748b-49ae-8149-81b340a8fe44	mp-9749	1303691a-6c72-416a-8516-fb8d57c44b42	25520	cfdb6a8fc669d236e8a65a648c810e94
278f37f4-1b2f-4e8a-9515-652e61a6d69a	mp-680113	1a8c75be-a948-44d9-8b88-cc5752049bb5	67024	1c2b70ce84aa8b106fe5413cec233c3b
279865bd-04c5-48e2-9457-ebaf5ec021ee	mp-17912	dc76247e-cb7e-4cc5-b58f-8a277d90730b	5564	34a7c2f3dd505f0fae72eb6ae139b8fc
27a469ec-9d70-4971-aa47-aeaa539bd4b5	mp-554004	1bcb7999-b50b-44c0-8657-5dd0fdb6ef1c	49608	bf48f486dc9f6a312ca5102e1256dc9e
27b5678b-5163-4445-b450-279143802e51	mp-667295	a6edc4ad-867c-4daf-b00b-b057120fbb93	21440	efdc2e0bc8f7e4e88f9bed27e0aa8c7c
27dab753-bf3c-4682-8e35-51b0e83860e3	mp-37657	7f4d442e-cf67-47af-b94b-e57f99741d38	22152	e48b01622528510371d88dc48e344a84
27f89a44-4517-4366-ba3a-79255e9c63eb	mp-561424	de386ae5-fa51-48e2-aa10-f8ca8ce1b519	36740	ca7abdf0fc366ed77ba1a90ba093532a
27fd03e6-bd46-4bb9-9a0b-8f09c1990f01	mp-571461	264a2699-9b98-4091-8ba3-bdeee10894d2	7472	4b896226b7fe63e18ba55dd6de97a2c4
2803a256-6b33-4966-8fbc-40e4d7ff0231	mp-30145	9c0ea169-8566-4348-955a-25ab7ebc0e3d	104924	5f6770f7b8f304bfaeb195b4321696b8
280533f2-6a92-4d63-8b0e-5d3c23cc8955	mp-14680	23c36ab0-7833-42c0-b1ae-fa8d92e90a62	73136	4f306c3321f192b10ff39e36064139fc
280a0949-51a1-4581-9bb5-75f691e711cd	mp-569921	9fb96e9d-d320-4897-a7c6-704bd5ca5d32	38012	90211aa2a687eda699f112b306fec84b
282895b0-c4af-40a2-86b7-83e7baa58275	mp-554805	121b5550-3ce0-4280-881f-883c61a75aeb	69344	e6de705fdd80baf5e9d2ce20c9a9ccc1
2834271d-0e67-4aa7-a1fc-995b9f115c55	mp-18361	1c86c316-5642-4aa4-beb6-d234adffc873	36252	e4ef355f10dbbaa93570c17b72ddc6d3
284a5c61-b2f9-4f4d-a4b4-5a1ae9143ddf	mp-546973	6507ea86-4fe1-4173-9ae3-ca7c889d975b	3440	d9c830a07244a23a5ca0bef81d1eb6c9
286980fd-3786-4da2-8344-f411451a4e2f	mp-3855	5df54a35-8ba7-4431-a3f5-ffe5efb41b39	46056	087eef7196bf62de846d98a1e28d8712
2879e335-ffd2-4aa3-8ea1-c7d2686222eb	mp-7017	e495e2c1-0e28-4595-945b-15fe4e50682d	6684	410b4b2b1b84568ef6891e54f1cce647
287dabb6-347f-4964-8208-afaa26b13dc9	mp-768820	f43d64b4-1915-4ad7-a5e7-06ab52df618b	70696	8c857aae2d114f751215998bdd04c2bc
28d55292-a1c3-4484-a9e5-fca11a48537c	mp-28727	ae3e5a63-93e9-48ee-9fe1-5242e00af9f0	61468	621e880d770820bbc1f5b9c9fdbff931
28d8de8f-a1ec-4099-8158-e0e4196a8921	mp-32692	53f710d5-b458-485e-9cc1-8f47f45b70f2	25192	2b8fdb2aa4be45d8d79c633ef9fa92a7
28d966b7-31be-4f6f-9104-2caaa2befdeb	mp-545603	7628b567-6edc-41d0-a004-fb98dd650069	2384	31f3d933e8e049572ea38dfe54a64c48
28e190fa-9866-459a-ab45-86caa130c54a	mp-8452	a60518be-2ffc-4583-9c18-c6cbeb1cdf2f	5504	dfc8e9a15f583d2fc95562097060dc11
28f59f5e-0175-4b27-bc64-810f85abdc9a	mp-569854	074ccfdd-3add-4536-ae51-502d913581d8	48332	257a88d1108c8d1ae6c1cfd37fba0973
291ba559-065f-4767-8ed6-86ff5cb4039e	mp-554199	44e21559-53ff-4455-bba8-afb2e33e4d5e	10600	e61afcd31e5eacc97912ba39fb7f25d7
292c74ff-dea9-4ba3-9ffa-ac029b6c700a	mp-17220	4d11a188-39bc-49ec-b543-8e1543915332	31616	44f156f88901ff72b34972bd1d835acf
29361667-2042-45b3-ac0c-00c67501ea88	mp-974603	43f3bbe0-d9b6-4e90-9456-0275b7334998	3800	46913265523bdc206831f7be5753a869
295dbf5c-a35b-49c1-8dc6-db1091c71fd8	mp-8720	d31576e4-729d-44cd-8c8b-39ddb26bceb3	11768	7ad9b492d913f82ac25d29cad039a35d
297a2982-3faa-4d20-a61f-b7bb7a60aef8	mp-675011	74cfd39c-24ed-4555-a4f8-7c50eba09454	7924	86844647d78cf60b7ef9cede969d0731
29975dfc-6ebe-4423-b61b-9af06a98931d	mp-775761	4684a646-2d0f-44a9-8635-748a7ef951df	3648	34fee0f1c35e7f0da58aad711263a30e
299dd18f-7d5b-430d-9063-04cd2409e73e	mp-643814	ff62abdb-af32-4fcd-9310-c05cf4fb7df4	29544	70cdf52e6250e45cc19ee8f69ba7cce9
29a30b23-0a98-4a88-924b-d9b667b4ea05	mp-676665	18733906-9830-417c-b71b-437188922b53	17940	baf0489e93cbfd012b75928acff470c9
29a8a721-815d-440f-899f-bb4590238e60	mp-8972	e00e4ca4-b035-4c88-bb76-1b0ec3965e0a	16576	946b261d78684b6296ea4102ef429716
29ac2489-aa3c-4402-8379-559b8424a43e	mp-28051	ee1e4c01-91a4-45c5-ae97-dc9452019d1b	11168	d00645cd21a3c65df0dd891563e63a80
29adabca-cbbf-47bb-9ba7-1244c6d173da	mp-6960	56f768d3-0548-4ba2-8096-9f0997288704	12200	9836300d91cb577fe8ce40db63fed1ad
29b0b3e6-ea9e-4614-883e-68702fac2679	mp-31005	b6afc07b-4ab9-4e3d-9d9c-2dca42d73c05	42492	8ecacf0d0c950115757dea6162ea557c
29b4f52b-7046-4a13-9644-206834f33a31	mp-628647	4fb442b7-178f-4018-8d9a-d8b02de55160	39780	91b8b41ec03f061a172581c2946b0b44
29d8102f-77a5-4be6-9b0d-265d8007a160	mp-557308	6450c3a8-c2b1-4c59-9de9-e103e42bfbad	32152	dc59679db831161c1b08cd4721878ba9
29dde790-3909-4c96-b0c9-f6fd083f3d51	mp-27927	1879de34-6418-4b97-baa1-6efd28ff05e6	33404	dc29bec8037364883fa05169b500e3ce
29e3dea4-3723-4f61-9766-e35b685378bd	mp-22875	f44da88c-45ef-4816-83d0-1f2c08496fb4	2000	8ea57ee4c6c2254dbfae5c6241933264
29e49679-304d-4971-8bcd-5733e5be4a87	mp-540868	0a846387-f051-4be5-adb8-0a07b8b267f2	49708	aa8b555da681b2f2305fb05993ae0f90
29eba4ba-ca6d-4959-85f8-07c4b3856a6c	mp-752672	1f3a54cb-95a9-4b05-b8e4-6e32f1bb7e8a	33104	b27f7f5d597b8ff129188d86a9598231
29efdc71-00d2-4d9b-8b68-2642fde87ad4	mp-15840	5cb2209c-f3cc-45f1-ba93-b11dc239d5e1	15004	99b8b3883a10ec61ad2c425b6d9c5171
2a30b5b3-c3de-427d-9ba8-0fb9557a1920	mp-12621	eb0b87c2-44d7-4670-83e6-23509ad5ad20	5636	2b275a90610b8a6e4483705b9444490a
2a53f8a4-2551-4ad2-9d84-32f5db5966b8	mp-556372	0db49a05-3a7b-48ba-ba95-a6c72ebc457e	15448	697c5697f219a3aa55ee88c62db8c1fb
2a58914c-2a20-466d-ac11-5e5af3c19906	mp-756578	634943e5-b462-4871-8c13-c1fa02de3818	15068	7ba806c3dcfe423c4572e604368c62d2
2a5dd5ce-a521-4e63-b75c-c81cd2fa40f9	mp-555006	b26be93b-5e90-4e88-92d4-e6aa48df6da7	142296	af11f24205005127e5bca4de7bf69131
2a6232aa-6579-4caa-a218-690380785389	mp-754745	7b98c2e1-538e-49d8-8312-ee4c6fbe7f53	20716	c18d2d84d52dc14b1eef11ffc02351f1
2a74d7f0-d90c-4095-b389-83b896a42469	mp-562542	f2242e1d-f49f-45c0-adec-192adcbadb3a	112596	f15b63179145152733eb7ea07b06ec0f
2a7adb0e-fbb2-4c58-9a88-1a1208d84044	mp-685097	d9fa3d52-c1d5-4d00-a873-862215f08507	28088	85e3fc2f6895d37d4a6718a15004164f
2a85c786-0ee1-4f67-95c2-5e86e36ecfbc	mp-614572	34f8f6eb-5230-44f8-9a1e-6baecca8076a	22596	abc777629ab2578e12f09ba73395eecb
2a8ab941-f4f9-4284-a71b-e37ae7edf035	mp-656662	14f241c0-5ee1-46b7-a5fb-c0792f570b6c	20844	d918cb6c8cd45bce202f51411bf49405
2a94062f-5f99-44de-b9e7-47f42a1ce3b8	mp-29402	2b2cc01b-0f47-4878-a94c-c5d899e9d28c	44772	8513a0a34cddd1ce3045b1bef2c8bef7
2a97346e-85b5-4b75-a391-b6aff674c9e9	mp-555340	47ae732b-924e-466b-b26e-19d2466d8cec	9232	f40d3c21e5e5fc04cc4ea0e6035256bf
2a975605-950c-4636-b559-12cd697b1c00	mp-17827	0d399b52-8831-46d9-990b-4fbeeb6bc302	16192	490b1eab44f6f2ef0066ce4a7a5b37ea
2a9db7b2-220b-4c99-99d8-9930594d7acc	mp-29368	687eb3b9-b043-4fb2-8bc2-35a08a8e3cc4	86300	02dbf8e629bdaee28ab360bd9945d436
2aa39cd9-fd38-4311-88e5-3013da168f6b	mp-567431	7cb92f62-2d90-479d-a6e6-d88974c173b6	7800	c27b767d048f57c72147a1073a1824b2
2aa95e17-7f3d-409f-8d9c-b5bfedbcc6af	mp-2943	f97869ab-d506-43e2-95ed-c5720a0d3a6f	8780	dfa4b02cd064cb220987a101a4627563
2ab4716a-887c-4f5d-aeb0-f29cb0b5f57d	mp-10760	53bdde41-93b1-4706-b3d9-eecfc0d96b56	1636	5e553f5297bf244f908948ff8da5f0b3
2ac77900-e5b4-4c34-8f14-5a487a9de5f6	mp-17504	3096f460-aebb-462b-b8ee-2e1824b14099	71116	8545ff37f5d12aa1f662943346b20f67
2ad9c5b6-bf08-477a-9a37-252477582ae1	mp-680092	d82b2099-b513-4d0e-991a-a3a5d894625b	57164	ed9042ab4cc5685bff4fe5b84b3e0cb1
2ae02abb-cb77-4092-92b9-302c98b6b668	mp-695325	07431679-2d25-4fad-9196-80e42f8807d3	123480	0037355f4b1dc107b8e90dcfe30f02ac
2ae0b6df-a3c5-4ff4-bde4-a2168f4e5bda	mp-966800	68f0efe2-75e8-4f8f-914c-0e6b8ad6828a	6680	ada94a2815c6a5e305659189f1238862
2afbfbd1-337d-4b02-9401-77ea958c88ee	mp-23810	ba83b06e-b59c-4774-99fd-7443e9be1c0e	180332	11afd304329e5908f3801f44a1523647
2b09be44-5c9f-4f21-b107-41071e52eb7c	mp-8714	92cb463d-be29-472c-bbc4-49f1fdbbb49d	12248	cf1f107b0e87be003a697a677bdd4bce
2b110b2c-35ca-4241-8e62-e38644799bff	mp-29354	787e162a-a433-4a2b-a501-3f5f0c7fe2cd	53712	79c81a7c3dd0d2fb3cee229120aecb67
2b16e373-89fd-437b-83ae-220b0b4b048d	mp-849271	6c7b9a5f-ffde-48cf-9be5-57898130cd91	14624	0f15f80888444ec7e915898fc62bd3f5
2b4a4427-a596-400a-bd76-0ef0845545ea	mp-17085	6e1988b4-0838-4562-8182-a0a8517c47c6	26824	8cd5a02cdfbcb749ffa59d2bf848d27b
2b5038e0-56d9-4e74-a4ba-26d843c7d213	mp-22467	f4a0c32c-0d71-4b55-b511-92f787b3fa3b	8748	8d724c1eefec625c79cc147b3c06fdc1
2b63d3c3-cf1e-44bf-98a1-b42cabbc7cdf	mp-558483	88464dd3-5dfa-45c2-b862-9b0cb267e47f	69100	7f81d3b65a5de2a38b1e9b48862dd183
2b794de9-56ec-484f-922b-f0c08ecf98d0	mp-559598	10c9ef7e-0469-4a63-a3ca-5128b274e58c	10852	6bb10e3af39663d90007af7c2d81c07b
2b829fb6-6895-49d3-b842-a499c327934c	mp-571538	00262ba8-a802-447a-8cea-cc114912f544	57292	edc25b3c5846de5408881d93f3d199ad
2babb649-39c7-43a9-a57b-825288fce1ca	mp-863374	ce984d5d-cc0f-477f-a94a-20f9f9996ca8	72244	aad0a0318549d4fcd2eef412b51c63df
2bb09bf7-24ba-4f0e-a650-71ab1c55dfa6	mp-558349	ab52a3d2-5a08-4182-b89b-7871d43e0b18	24208	0d0290c80d6b8cf93bf7f2cdc1970b61
2bb25a39-5a4c-4709-8c5b-8c7d46620723	mp-28726	2879b651-b34c-4161-8f10-2a1e7a754c56	225192	4f06a860e561e85de27f372885c7840b
2bba3a8f-e8fa-4ced-ad04-c8ada0905146	mp-684022	c3a915ca-72ed-4873-aa76-8c9408bd16ba	87204	6e581b0fd78a4457ed4aabb7e50ced92
2bc2e8d6-b9d9-4ac4-a1bf-76fcf5860622	mp-29265	38d56b7d-be1d-4a22-a276-bdfb117cca35	70200	6a1f141b330f5362e0f84c702132b1ec
2bcdf09e-2ed9-46b7-9306-2e02d97f53ba	mp-572805	739199c9-7b91-4184-9d0e-801e3a46b4a9	137056	17856fc4f2df613d3d4622fe004c7021
2bd14133-6836-4cbf-8fda-3395257dc683	mp-18274	e21d95a3-13ed-45c4-adcd-fb4f5b91c339	14492	e0ecb512b83e7c4f522d385795117c46
2bd4d8ef-5dd3-4842-a109-e4011cbb32bf	mp-555865	9512cb85-26e0-4485-b584-57429970b559	77020	9a116f05af6b832c65626bd2225c3d1f
2bd4e874-d344-4e1e-9f31-0978fb7e25b8	mp-16905	f309ef42-f895-4c13-8880-dc0725115299	29040	2b8a62ae7531d292b28c12f5ea70cafc
2bddf589-668c-4532-abe5-94da738cbc35	mp-10623	12f15e02-0515-40b2-bcdb-eb019dbe6cbb	2876	eedac544fdb43ab22fb8b19899f5f01a
2c01a981-f89d-4eea-b338-a1156a732f25	mp-3941	f3fa0140-aad2-4665-a6cd-e3aea940c37a	27324	12f78c4020d58cba14398590fd721a58
2c023da0-9446-44b6-a460-ee2e042569a8	mp-560572	479ba443-c355-4f33-9e80-394e16eee383	93708	807f90f3907b1c50a2690e21eff87a99
2c0bfb74-a0f5-4a73-aa35-0b0ac0c7a0eb	mp-31303	dd314a13-6ad5-4711-8e90-6eb7089d9732	39256	adb7dd44e3f6aa7334dbde345b8b7345
2c1049a0-2374-47dc-bbd1-328c72ea997b	mp-7181	6ee75e54-a8a2-401f-baa9-a238cf1e9fe2	17096	5ca7f9b26de4deb455e9665cb5d9ffb1
2c146d29-35e2-4343-bb4b-93e735ab3454	mp-4917	80bdf8c2-b553-4607-8dec-e8ca12f44526	36812	b5bcad0bc842f360614fa4d9866bb0a8
2c2c0411-ddbb-42f4-a7d4-b3891f175864	mp-554351	dd9e2fd0-c464-485c-9360-fb325ce00d3c	47028	b28f30099b011d294837840ff647f26b
2c34293e-de51-4d66-a1cd-219595e35d32	mp-15078	dcc963eb-1fb2-4ff6-ba7f-50c5ca4dce42	52124	0f61cfc8054f1b8f6b78939a3519156e
2c38d9e2-85db-4e6e-a553-8974aba6d489	mp-555785	2a94e05a-54c9-4b69-8545-479362d7854a	5748	5fcee63fd1bf50edb4057ed717ee3933
2c3c129e-0dd8-408b-8c31-3f5a257c7876	mp-753671	7034ff38-0e94-4f06-9317-03b884f5b368	16340	365c53d44766ba966d30e698d81897da
2c44b8eb-8cb8-4b9a-8a8f-77515b627407	mp-540939	b6d741b0-aa9a-487c-915e-1ec1f3cc9737	71024	47ca9828cf2de037a708240aa3311030
2c5901a1-41ba-4fbd-a48f-b614ae3c3880	mp-27552	1c64ec60-4b8e-4245-aeb9-edcb2f792beb	12560	7c544eaa0c0287f2daf116be03c0cda0
2c646d92-ccc7-4c4b-9613-0dd48a358ce1	mp-555863	0c52ea38-87b9-4ff4-b843-ca5f6f0d0cef	3628	668bb036a6a4d16f6d2222745828d445
2c716ff0-30cb-493e-94e9-6648b71d1d44	mp-8926	cca5351f-1b9f-49ab-a444-07acc05661b5	7384	f1301f79a9671edc08087d762ff3d18f
2c7c786e-c816-42df-902c-be1af496ae1b	mp-5652	9a81816c-156c-4213-9dfc-aaea8afa408f	18856	9d6dfe617614a7befc00e8975001c097
2c7f59db-b670-4888-9087-f5a1be498f48	mp-560086	e6df89fd-9891-45f3-bfa9-2fcbcd32d2da	44832	9a8ded64b0c63b7dbf8e3774203c9170
2c838664-6169-403f-b119-48dd3f592c83	mp-766292	c5263e68-998c-41d0-ad5c-e55d77ea15c7	53360	04cf79985e9732b0235b2c4f7fa4df5e
2c84861d-63d6-4b5f-ad43-f5c23960be82	mp-28967	378f71b7-218e-42db-9908-a6fec5369329	25968	a35fe0d101ef69f3f932602d1d475bbb
2c919a87-d0ae-4aeb-8e45-40665bcfb18b	mp-8594	37b49bd2-8bce-4733-a930-8b871727b306	16732	958b4b284c2f556f053858b64af541c5
2c98c0e1-2d43-4927-91f7-bcf3b0d38a13	mp-34361	4b62fe0b-d193-498e-a4f1-1291bb73fdd2	18216	3252e1917360b9954c338a9fc36dc29f
2c9bd315-e941-4fc8-b274-01b5d03415e1	mp-558862	515e4902-fd50-4e71-a779-b9e94a70e77a	52660	997226eeb8108c26f78980b13d92dc61
2ca6b2bd-77d6-4695-a48e-d0c2e4d448d9	mp-24075	1e8da3ee-f43e-4e1e-a50a-6c48a00b9ef2	12000	77a8aef5cd25269a24e2496bcbdf1a04
2cb20713-c623-45d8-beaa-09d50d89b517	mp-2983	607fa027-6983-4adb-8424-ae69ad459137	20144	ff7194238fee8cfb00fc441064ee375a
2cc9b86a-3868-4112-af64-31529d22ddce	mp-510569	6f62a21f-fe91-449b-9d29-7c0a3bdc074d	17712	79daef9adc1e9f874ce0506a84ad3a9c
2cd9bbf7-871a-438a-9c3f-eaf3d7c87f31	mp-801028	7bda985c-f269-444d-8ee4-d624e7eb628d	17460	1b45413a3b5c63d1061d4154e5f5381a
2cdb9670-9637-47ab-a741-fdc2529c2bf4	mp-567398	799f101f-a004-40cd-8281-7888db9c93e1	40036	d948d7353f701c254b0e20c264c909d1
2ce09793-5e6c-40dd-83fd-176c6416c211	mp-558302	ded7648f-7994-4b77-999a-c2c8cef8b13f	43244	0e6e8bfd703dda8c6cd750f6b206ad7f
2ce3b5a6-a0ff-4b6a-a805-dac4662c281e	mp-24124	8ad07262-127c-440a-a3cd-73332fc2411e	30496	c0fa1d9f305863db30ae293d0440f2b0
2ceea079-e821-4a0b-9f8a-442f205ed905	mp-754009	7a143c7e-156f-45c2-8978-11b1f4d3fd2e	18640	651be32dacac27b991e263809c077036
2cf933f7-29f4-439e-bc4c-f33aeb988894	mp-29839	332862bd-6661-4a88-bd00-228d410d078d	65056	e122edf0614923402f9cb63a34eb8cf3
2d0b85aa-b81a-42b2-8116-522a321a66b4	mp-23553	173edb93-d73a-455e-95e8-1c91655a4fd6	29992	48e4bf9a88552fe86c358cd9f3ef7d03
2d0c67ed-fc90-40e4-bf4b-a652eb57db2c	mp-628185	5adcb720-0505-40f3-8a33-12a0759ad447	18964	375618b0a1a4e377de9c5f46dd7d1f70
2d207dc5-808e-4de6-81c6-b9b8cc6ea7b0	mp-555070	c10e181d-8b6b-4f36-bf57-67544ae975b3	17576	ef9075841806adf066ab4559b5fd7ee0
2d276de5-2460-4c1e-8190-23920c42791c	mp-849732	945e531b-205a-4d28-bed6-58a2c52b6ced	71660	6ee41038f49afeaa45198a89d8f3e47d
2d2a1d3e-3186-4555-8833-2c893b401423	mp-22939	4cba793b-a197-42bb-97b8-f4e8b898a905	5752	5e2c54210f24228dd314028347d735b9
2d305bce-6864-4a11-a161-a871120570bc	mp-3444	fef69f95-abcc-491b-8dd6-3842ab7d2991	29020	a0895553d4fe7b27d41aecb4f11cf9fb
2d32c713-c773-43e6-ac44-1986e55b3c69	mp-11902	c0bc18df-db71-48f3-bc93-e162863f45c1	26656	b038f70c19ef563728fb25fd9d7ec7e6
2d34bf7a-eae4-46e2-abea-828e99f37a7a	mp-15557	ed8707bb-3511-482f-9869-1d4cbf08c766	9044	5710f72e4b2fe6fbf419b923f71aebde
2d37651c-bb59-43f1-8adb-fa8cb3acd0fb	mp-4672	8d58c5d9-7702-4d28-82f5-fb954eee0dfb	19004	2082edb32e2ffd4f589d1ab8a4782ee5
2d3f88f0-2bbc-4863-bec1-4e5ae63732c3	mp-14652	4528acee-4188-4714-8151-191282f64289	9120	df0427cc67ff1fa2aa64d52368b28ea4
2d496cd9-90d0-4cab-a21c-c3da392fe99e	mp-27241	04efb03b-a8e1-49c0-a6fe-79b10ee21135	56772	1d4bac6949fa848769d7e6780caec9f4
2d578a8d-52be-4536-98cb-f40fe1e15ed4	mp-560196	02ef82d3-e1bb-4c54-b157-7ad0b9721ccc	48056	72df6573b31bc6059262afd546d929c9
2d58b4a6-5ef1-4bb5-94b2-813b04b2a91b	mp-768884	1b969e56-3c71-4acb-b2c7-046c349856ba	31256	ae9a1e44f543d52b06acee389131dfea
2d67e7e8-811a-48ac-b761-931bde28d77b	mp-36329	d2c5453f-92bc-4036-adb3-5c0c1cd2a0dc	6424	032fae1d2cfb7449d0b49a16a7d6d34c
2d699ff2-f811-496e-be5a-528cf88de48d	mp-558083	a12103d5-2189-4fee-ae30-2e81b34c2ae4	133692	bdf1715041ed4c7c7b8ea496fe7c77c6
2d6c837f-2883-48bf-91ec-03c9b47df3fc	mp-4425	0c1e3e57-554e-48c5-9c9e-f2c56ef87b20	24344	e81b5fc1e3b1a60af63411c5d7f848ee
2d6df2a2-72af-4882-90fe-6c3a3331b372	mp-5475	330a7aff-65cf-4ace-9053-c6990830e897	6624	df40b9c4ef96b89bd1eeb24ba479ddf2
2d706c98-5b8d-4f2c-bc2d-8686e67288ab	mp-685982	c5b9b05e-813f-4463-8c3c-224370cfaf61	311884	96a6c679a2709f7b9a14b1e0a59befbd
2d867b30-0edd-4021-bbf5-252d1211ebe1	mp-28049	f307f4ae-6eb5-4189-8aec-4f696ec727aa	15472	3d3601e6c2d1b091f00ed6d6e58d2440
2dcafe9c-cf3f-41da-8ca8-311b32298165	mp-569764	72790695-b89b-4b91-b950-eb3d2b0327ba	27352	fb837454662e99117e0725762d81feca
2dd8d101-aa7b-4f06-8464-edd9baa8daad	mp-570005	43620420-8fc3-4a8e-b438-1cfbaf8b0780	16904	574afe03e28b60a7bb47af0d24b1b41d
2de7432b-1c23-4f41-9fa7-181e25be2676	mp-754363	ad121db7-189b-4a16-a78f-f7a146f37459	7968	6f37119396b418785273305b2b56baed
2de8d144-06a8-40ec-acd5-dacec836c49f	mp-779519	7ee07e27-4710-45f5-abab-d84b323ef6c8	33880	9002d6f3fa4443e3fcbf7a9ad174c049
2dec452a-542a-4912-bcd1-909511d2844b	mp-632394	d40d3810-2bf2-439f-9980-65f8ab6689e6	16316	dc000f8f3dbe201c95c45ca9b0fddc03
2df62dff-7f9b-4130-aa52-b275486073e8	mp-12365	68e63b36-79d1-445a-82f0-a9a198ba082a	17776	07c8e260e8e4dcdef8592be49894fe9c
2e1fd434-9297-435d-be03-cd90d9f16a58	mp-554903	9f76dd69-5c73-4a0d-9094-6b122b4e6823	21704	3df8e09a9485dcf3fb4659b22758d3f3
2e1ff4e5-349d-439f-843e-9823c11b3af2	mp-616461	3a6e2c2b-eb99-4624-95d6-a9715bc281e7	25912	b26ff4f8177ee821d1f978ddd320097b
2e2f88e4-5c8b-4e79-aa39-965e26188f59	mp-28158	4ae27261-b7c7-4478-8684-de6d8b48cb5b	35808	5a8345d09d6138648c1b9250b33b8fbf
2e3d5218-97f0-483e-aece-a6087c575782	mp-10289	b3efeabc-e695-43e6-ad30-d3590bb54a2e	6332	0ba98b6a476bcee38c376286c4dc2228
2e4536ae-c4cc-4d4b-b0b3-44aede012022	mp-36866	b5d0230f-f5ad-497c-9411-831509afb45f	3088	bbdbdea8dd80e41b8219f9127e32e12f
2e4918e8-a51e-4e75-b1c7-60e0a5097cde	mp-540921	bb9e8352-83f6-4742-8941-62b06b434b58	7360	ddb7363151bfc23933a6d562d86b5245
2e56fa98-922f-47d9-b21b-370f102a204a	mp-754856	51a1df5d-d7a9-4119-b163-9fcd9b6898ef	60408	c8fb8a9d40117e711b11c33890a9a38c
2e572a12-7507-47be-afb0-1396d17a6f77	mp-3094	f752e27d-750e-4455-9da6-a288c94ee8b7	94228	613a7152b8b25fa623ddfcb0310c211c
2e5cc8be-eb73-45ac-bdff-b94370632990	mp-28420	b2e3cadc-f425-4c95-8c37-8f9068f52533	34180	a2e4df69d89091c20d6bbca79778ed78
2e5ce77c-f85f-48f3-8e7c-3829c0ce91c0	mp-555700	f0674355-1f9b-49c3-827a-65a7d2af6ac4	21704	389be56042f14a1eb0d5e8f74fc092f0
2e7def7f-8ad4-4a16-893b-e1fbc5b4613b	mp-862693	50b25f73-bb0f-4530-8f12-0f91ef1627a8	6832	24915a9f01f9ce9d12da6897b3c026e6
2e7e81cd-e159-4256-bfc5-63c2b2c1480e	mp-560176	8a8609f2-0b75-4848-a8b4-62f3b54bf6dc	80660	39fc4a422adf5e5ea10146121c11f035
2e81bc62-fd23-4048-a3ae-864e96ee6c74	mp-559861	9015a8dc-bf7c-462f-85bc-05415edc90ca	68480	14ff7a10dfe9f4454839e80d1ac5f4c6
2e8c5361-1ea9-4fcf-9f66-12447705616f	mp-14323	49c3e383-34ff-48cb-823c-63e80f304766	21144	bc7db74892005cf7b59848ff0c879c2c
2e8fd1c9-7446-447a-8204-52536b089d92	mp-573204	3de3cc58-96f3-4bb8-a69d-d917a5a8699b	2336	40932a667e883d75741704d496e01ab6
2eaf5506-613f-434b-8ef6-9c96566821f6	mp-555650	fa5004a7-25c1-4526-8043-fac8e34025d4	60328	5b141b738fe18ca2352c8faa61e1782a
2ebaf52a-64b6-493b-87b2-3777cf111e0b	mp-7756	ba7ed2b9-742e-4665-b03f-80a488d1c251	15492	11760a6c4d7058a9049fe14b6f2863c7
2ebc58ee-ea4d-4fcc-802f-4d75b0cbaccd	mp-11327	3987431a-1c55-47ca-b66f-989c6ef4adbe	2116	133b89d84702d02aca1149009b47136c
2ebc680c-c732-4b88-b66a-b2608481d10d	mp-568545	c3b75cda-a71d-4a3a-b2a7-03487ad1b222	70148	a9358959ec5e575977c2a4dc03b201f2
2edeb697-8b9b-4717-9d3c-cc63204d5682	mp-6995	e406aef1-b9c2-456b-92f1-66f22d4ff51a	18424	e3ba15e5726d3c656f416b3ce94635d3
2ee0b917-734a-44d4-8bbb-48998a9628b1	mp-5767	1789a24b-29a4-4954-b009-d483dd813a08	4796	57990459d855f1dff204314284fca57e
2eebe2b0-be24-4035-8dec-5ece795ebd9e	mp-559519	3220bacf-4c3f-4ac4-95ce-106b9748e7fd	70448	ce1a910134dbd6f186cf65b5bc88086f
2ef29608-b080-4b87-8b4b-4f1efdf9fa64	mp-556228	42a8116d-a69a-4023-9f90-16f7ddd08902	55944	61ff48f3a0af359051c33eecdb50df87
2ef4735d-d94b-4ebc-9b15-857e848be596	mp-553965	6879cad5-a7aa-484f-8b97-99f411fc10b1	19680	c6a84ca475999c8443cdffa29e26c532
2efbe9c8-eed2-4b18-ad99-2617a02e25d3	mp-558332	260bfd29-5110-41c1-ab36-a606a2d39183	21800	afcb4b5393b8b4673cd7f61b13694be8
2f49294f-500d-4765-983b-d3c47aada9d0	mp-667324	cecaf1c0-c48c-43cc-ac69-bc96e16cdd9c	183516	5acf58135c6f7e5284345e8347f47866
2f4badbd-d3b3-4e9a-a23d-72a8b3d33b6b	mp-15103	e78fcdee-33a4-4460-a6f5-544a93349ab6	19092	128a0183379b8903e838cb8ea7032e6c
2f4fce23-2dc2-431d-b9ca-12e64cbe0f28	mp-556665	2afa96f4-6663-4317-bbd3-23808926937f	57276	befdcac40d8163829584fa6be2daab5a
2f55bca1-13fc-4417-8e44-7dea9b8af062	mp-17066	e4b954b0-8e21-4841-a417-ab548a925a09	77864	898c68026311f1b53087408d45bea6fc
2f5dbe0d-c8d8-4840-b7d7-72b4346eb266	mp-20458	d0d8c9fe-fce7-4514-a62c-a66ebae201fa	4796	da26e067f5426a342304a68c520106ba
2f6c2056-435e-4ae0-aa76-ea99eddaceb1	mp-582034	16e400af-2ec0-4c59-b156-da72a77f89a0	28188	b6a2d4aaf05329c69d5db6803b94fabb
2f75e985-5d26-4b21-b016-662d206d71fe	mp-13230	f6cbc65d-8530-4caf-bf00-11160beafe1d	25092	800d5feeb7dd5f5dd525cc4a2a1136c9
2f76812b-963f-4120-9683-95908ce10b21	mp-23827	184e1bf3-7105-4a3f-a388-62c57e62b0a5	19212	2e675c325e0bff31ff77dc4bf05819fc
2f8de806-8a69-4b2d-ab01-fceef46dd98d	mp-3527	220cb51e-2ee0-4ac4-a464-0da96d840374	11580	d3e7d8a980de66ffae71df7b42d6ba80
2f9488ff-3ab2-4e86-aab0-4867924e4be6	mp-571662	789b3f6b-934d-4dbb-9def-1b57166f7261	47044	492fca5b3440bddb626733ec45404124
2f9c3fa4-9684-49c9-80ec-02090e8e6ea5	mp-541487	eb94e068-d18c-4c52-9496-f7b9f76cb4f1	14560	558ead3673ad044e4e513ec6bbf57ff8
2fb07f15-71e9-4290-8e78-96e7113c5f14	mp-972117	70853f33-d23d-4982-a536-656c4e741098	26024	b20ed3f47993c440b5a6d366822d5a53
2fb0aa39-03db-4985-b905-84dd23443ec6	mp-643579	5d9b5189-f61d-47d0-8c5c-b6dcab72eb12	21108	84043a906c5a8be17915a5c347018ba6
2fb8d299-9b26-47db-a4f4-8f4cde5c0a1b	mp-14038	42babf9b-c045-450f-ab90-69ee410877a3	2376	04b6f1d7015dc71646efb08cf28ece30
2fbda767-eba9-42ec-bca7-1291c6463ea3	mp-8710	362c9b04-a7e5-40c6-b22b-4fed97d8cd90	5520	b6e8235ce22deb37f350e759106faef1
2fc5e913-afa7-4683-946c-bd56c61fbe57	mp-556672	c751ee2a-1ca9-460b-8426-5ae750bbed24	4820	cdff0af72160ad91badfeca30d6d756a
2fd26871-0782-4647-a15f-2f41898d57bd	mp-989519	84d327a3-4369-4d9c-a7c5-aaa49e7f6640	2336	ec24d36ae636c30a4349e165e5060cb2
2ff6b7ac-28da-4dce-99e6-55111c648ec3	mp-556390	9c474d07-92dc-467d-bc30-cd0a5993438b	127456	b6e7db1ef4f143dcd8704b978b60f582
2fff96d2-0e8c-4a69-8d08-6bcf1c6bf3ad	mp-35787	5a431190-d298-4e5a-99c6-186010e93217	13644	e916c7441485285bbf1a1ef6ee233963
300e8cc7-b047-4b80-88dc-5edd0d3656b2	mp-600028	9dd8e990-4cda-4df9-b442-68a908f00dd1	15780	6c77c06d4e11009f8ce96500dbfe87c8
300f0dce-cda7-4fb7-8151-fb9d16e1b816	mp-32750	b0d6b782-29f9-47ec-a29b-fbabb68a16c8	15232	f9cc96916378f5739da9684f03d3531a
3017ee59-bdb7-4afa-bc7c-467790268cee	mp-989573	0cb99e99-2f67-4373-89ee-d1d750e5f346	2332	ad72224403d0694715d08de97b64ba54
301cd708-2c81-470e-bbf4-5767c5782e64	mp-752573	160120ab-7a2e-4b9c-a31a-1dfde095e529	48328	e717ada59981a7dbe590ee3f0b551666
30554935-e54b-4ad5-9796-d201008683a6	mp-28872	9c33ce04-2205-4ce0-baa7-35db5cdfe167	11444	ebdb5e91e672838abf0c00746e0d14ac
305c4aa1-76d0-4cfb-b457-dee35fb3b2a5	mp-4035	df554a05-e96c-4e72-8fc1-e58fb040d4f5	10744	7f1abdf8836fc0baadd5a68e7bb8f395
305e3c8a-e069-43e0-a5d6-f89899605b93	mp-8882	b7751218-b0cb-47c9-a15a-30f76aadc5f8	6836	b12e60e82d5aa7d64907fc82eaea65f9
30710956-c877-4579-b507-5af6222671e0	mp-16433	434a6103-32cc-4572-9e91-96925bdcdf8e	41356	23b73d8d4ffa3a6a6812652b6de83089
307cd79f-770d-4aa8-afd7-30a82bf1c7a9	mp-571286	459fc153-fbdb-4f9b-b02c-5e0b0a22bf86	72832	7fab8b67bbcb16b51a7990405dfd9537
30826c04-3274-4f96-af61-1bfb0f4b37ca	mp-4266	8897195c-ab06-42a3-ac81-37266dc9dfd1	6568	d09864f4cfda2e85d9ee18644b567b2e
308df2bc-b64d-461d-b38e-067278819594	mp-23065	15f6e38d-91c5-4cef-ae8a-319eb307e4df	16080	38c47f58880ea152a50aa80027c45a7b
30922fbb-592b-4a7e-ad4c-2e5014561015	mp-31245	e38ab355-861c-47f7-9bd1-4bc277d1f80e	70748	8e21609ec4d20df2543236cc1061c474
30ab6b7a-df72-4b25-bb98-99fad646a919	mp-559710	36a4a16a-8624-4b78-a777-e9241e7e954c	60564	a7e7ea0a406f9bb0f41b4ee30f01a9ad
30aecbc3-e4af-4236-aa5a-45cfe81984b0	mp-17133	7a7ef474-5fe5-4212-8d12-398ee48a2dbf	39924	f6491dca092d00ed7c58acc5c50f0020
30b0e3b5-55cd-445b-b413-073e6a059811	mp-13287	b316df65-d1bb-49dd-9ce7-d622bd0f0f8c	8440	fe6d813ba36fa953ded8ec1209f20d28
30c80256-35af-4188-9900-2c55a18d5c62	mp-558317	781a20ff-01b7-4bb5-806c-35feca0031c8	15864	4f6e02712ba0bacd9e8d726501c3ed9f
30d21e1d-16e0-4df7-a65b-70fb54fcff82	mp-5444	74723b5c-f159-44e7-8452-fa02f3ddae4f	19448	28828e4f07d48fd4e09fb6ba0ab9858d
30d43277-8641-4084-8801-ec82e8f4a12d	mp-632229	5025d9bc-80dc-4271-abc5-a91c0b102254	10336	4373a8911caee2b8c102c4a71ddc40cc
30e3dd3f-ada2-44eb-bad5-99f7b459e67f	mp-555918	7b0085ef-3ba0-4b6b-ab50-2d38a78fca85	50760	132640a9a4e5204f3701939dfd377576
30fc6faf-97f2-4b33-974f-ed34a612e6ae	mp-4006	9bc8847d-e33d-4ea4-92da-4a7e2be6d353	4868	161f1a933503022c0f0625f3e5d05cbb
3106e76e-97f6-428e-ae78-1dff514d657c	mp-24217	fad9a577-4415-4b99-87bb-49a30cff832e	16052	d7e77dfe96c2e6d4a4781675b69dcb5d
310cc5c7-65b0-44c5-ac62-7f3bd25fb4c9	mp-13740	cacc5840-08e2-4eba-9a5c-f419a136cc8f	33384	db5550e4d0f40481fc89bcb316dfe062
310ef017-a81a-44c0-bb77-f89a8215f050	mp-23220	f97edf8c-8fcc-4b78-b57a-efa67c6c88df	18140	2f2ae7ed706dfdb3fcf20e575f63845f
310fd315-9503-47d4-8de3-1fd36af67139	mp-561751	a8a5994c-0e15-440a-a3b3-a8ff8920b4cb	6292	e369178b8fb2716952a969831d3e84fa
312aad30-40bd-44dc-92cc-f2c4b2f3e854	mp-560530	5d0b385b-0bcd-4fc9-926c-06de15f639e6	35496	1dceb1c92a398d8413925110f9b09048
313331e4-bb9e-4bb9-8b38-daa65bf82a4a	mp-569806	bc20d39e-f639-4b46-a391-e5e7d35267b5	61924	618c4bf44f47ce77a3502c99a9676e90
31404a57-e19f-447c-93f8-ff945e6b312b	mp-865758	63126997-ef79-4334-9f9e-26ecd739c153	3448	39c00d056c36224e521e770ca46de66e
31425141-6283-423e-840d-d7104efe71cb	mp-18421	f2e574e2-b544-43ae-830c-3b5a1fbfcda7	75008	c39006b54e2374623a555113d0d9e92a
31495f60-7d57-4372-a22a-7fadfea7f604	mp-28602	84b45e39-bd3b-488b-aa51-8f4c8219884d	3336	3ba4e33d22a11a587cc9113617c074a5
315120e6-ad49-494d-ac6c-f6b59c73905c	mp-626557	a95a34ef-d03c-4c38-96ed-b980ebf012d0	123996	b809fc596d38933a7467db6ca628e564
3154aa8c-2652-4bf7-8d49-a1bebd631328	mp-556206	4df221c8-baf5-4d94-93ac-ced2d841f112	136284	dd408f44c2cab3c8dc9f4e9558addc05
3165d9e9-d320-4d33-b8f8-e25141cfc430	mp-560114	a2d89ecd-782e-44ee-aa22-e8b69be57a0a	26744	c41db70b57118fbc3e97bc66de5e4767
31660d14-ff7d-4738-a2b6-4f2dfa42f749	mp-558298	b2beddcd-7e72-490e-8878-92a300bb1dec	15712	1dff0d8b494920978b401aadfbd7445d
316cc19d-6c3e-4ced-8e8f-cc67597d2312	mp-3236	c95d6184-38f5-4911-8e45-340c2b014d3b	6596	0b00c82e1c6cf6cb97263262196c5827
3175011b-f0df-484b-9480-3e0df535f732	mp-26725	0b838c7c-9c1c-40a9-a601-1d946cd27f9a	24268	3c91cefa68f9bde114035056596b0115
31a16715-c862-498c-89c6-8c4a04bc3884	mp-18332	6fbd724a-fa39-477e-a85b-000310e66cd3	27752	67b819fee39a3509cac85da6b2f937aa
31a6e021-9875-4ee2-955b-898c22b28ed9	mp-865961	f289ad6e-cd0d-418b-a9bf-705eafd6754d	13140	b0b753b56f88af0f3c08bbcd3fde00da
31c49afa-ee49-439d-b123-dfbfed39c0d5	mp-867677	de3b10f0-fb79-49ab-92e5-46e34b3c2033	6616	8da6cf6200de26cb41875253e0bede0a
31c839cf-b761-448e-8135-4c13b5b1b055	mp-560490	36f4fb7e-e669-4f00-9af6-9bde254561fa	40480	1a54ea7f4a6deb170794543c27be1752
31e927f4-8c17-4266-a69d-665971636a7f	mp-27482	2a6196b8-73b4-4bb1-8b68-bc6b3a3ba011	39948	9564efe57035c04916778d6c643207b4
31f0e6dd-d27b-4744-8718-37e4fa762f33	mp-558751	27dda4f8-bc09-4a1a-a473-c750cfbc1cef	94944	fb241947bb841d9032d27ae6b7925cd3
31f130f3-1330-43c4-aa58-2277fccd814d	mp-569666	7d85fcf3-7e2e-4257-9549-1fa47bef4f0f	37308	5d70ecac25200e62afdd7f4dab3a9516
320190e2-381f-446f-acd4-35fe2f2062a6	mp-570270	27893fd7-8fb5-42ce-8700-4ca4fe332755	24144	eb2314974d6d2f9efb4fefbf2ef5225b
3210cddd-d47a-4f17-9665-83d264adfe10	mp-15794	6dfa897e-4d19-4b82-aca9-768da8631dbb	6424	40fab4ef362123b819c54db2c357804a
321a1492-c5ec-4206-bde6-ae90c1198dc9	mp-9636	0d3c9fcc-7074-47a8-bab8-42b87c3f7cde	10536	4c6bea9a2f414871b7a9c5900727ddf2
322e0a6f-b1f2-48e6-8b91-d5dadc4f5672	mp-22967	1bebd766-0da3-4522-894b-cab4eec4fdd7	7440	00fed93552d3fd102e8ec6ca87e1ed36
32575ed7-c5d6-408f-8292-9bea4222b16f	mp-779287	e3f4f0a2-a1a6-43d4-91a4-d03f59803ad2	23640	bd6c1e315b010ec5ac8d01f3f6eb1769
326e5795-c81d-49ff-b54e-6d78dd3bf7d3	mp-556647	da831802-b771-4b11-a475-2c4fb8092d78	30456	9b9a670e0b2294bae383bfdd74a0ae93
328373fa-906e-40cb-b6df-f8c0ea602d09	mp-28913	2d8ad5d1-f3c6-472e-88cf-539dbaf48655	28780	1dadb34c07dfc2650b3fe6d8f7a37b9f
32a18f49-9dc4-4579-bb23-dbe8264d0ea2	mp-554766	20620944-63c4-4de0-85b9-9d358ca51053	9516	79f8c4de3d8f1109f7f40981e668fe6e
32a321a3-96b4-409e-806e-103977354b80	mp-23398	6ef2d7c1-8fd3-4dfc-ba03-2ea8434b3e58	58940	9cb4fa7efc0498ca59cd10d3959cd327
32b1ab67-ff7f-440f-9078-538081cb442e	mp-557584	d040df2b-edf5-4fe3-b702-6d49d7c38856	136724	8cd8c4c53c8b0b9f9cafcfc06c575553
32cd1ce0-6ce7-4981-b807-d8206923d690	mp-29295	c8641bdf-8419-4541-a1b5-a5d7a58df128	107436	2bd868d9d9f518fc53dbe3b0f48cbf97
32db19e9-82fa-48a9-a5cd-d268fbe766a4	mp-561619	06ec841e-6d1b-4318-8c42-fefb693dc0dc	6316	0d9ae78322fde145d8b46536629cb512
32e78c57-8aa6-4198-ac5b-872f181429ea	mp-558257	b6a94bc3-401f-4518-844b-2363b945cd24	21696	ec4ac502df5a167c9f12c2a95d85afbb
32fe6082-4991-4d08-9b83-e1713a5c8f5f	mp-23611	eb055b81-d81d-42b0-95f4-11a63a3a1480	12008	eca8e662302838fd3248e350c77c5700
3311558f-b138-4a52-a3a3-e1cad8666b57	mp-623862	7762f1d3-05d4-4ffb-bfd5-cc522ec9802b	6364	1eb0482dab334cdaef426b77c08468cc
33388f32-0f7b-4c2a-bfb2-1e6ecea146c2	mp-4387	884d6d0e-8f53-46dd-a61d-563d92a62a53	15224	69e19a23ed8eba1560e11a3558e9a889
336af6ac-7434-4f54-a54e-8510662f1289	mp-568348	228bb08f-2a92-42fe-9a78-cec645b0ff29	97608	742a4e3953f92c3ee01100a6f1da0135
336f8ac5-83c2-43f6-a97d-3e15f82a11dc	mp-760510	be28088a-652e-4dbc-9009-f1c8806693d2	42552	36c577e69a4e0146577b1b409307875d
3383e841-b954-4509-8036-0348dc42c484	mp-756160	0799d043-e025-4983-be91-26f048d680fd	19580	4ef392ced62978788e2e5c745b56fb0f
3389334b-d540-41eb-8e0c-0b9bee42c62d	mp-867355	16bc5292-1a99-4b35-9ac4-4beec09e86fb	5188	65da8ecdc775093d45d47deaaae18c8b
338a2260-255d-4535-bf09-8f901fa0709f	mp-570520	01601ae9-3c7f-4232-b90a-5d8d394bd6ec	34892	f9a0fd00ff3e7c3b7162489a281a0ce8
338d0c4e-4529-4969-8f40-df85c9dff1d5	mp-8891	689f6a10-48e3-4e5d-ab3c-22022bc27d59	14252	b01a7b033378a9420f8484008b9a31b7
339ef824-dfbc-4583-86ad-34ab4e9a9701	mp-756076	332accb2-4ad7-409d-af67-cc142ba74a90	37756	6a5e8e16eeb553d0ec48964d6f22d0e3
33ad23ba-a344-4ecd-935d-1229d9c70e02	mp-561474	b4dc83fe-7df5-4453-a530-575daa954d1d	146424	1279779d9e7ca54fbcf927f05ce2cace
33bb3f91-efa0-4be0-bb6a-2c382976a544	mp-10103	c0af9213-dea0-4174-9201-a0cc9564de8d	17844	be1638632b083ecb63b3a29e0ae50888
33c9af30-5cf5-405f-8c83-95cf1c1ae61e	mp-758894	327fb319-56c8-4fc1-82e5-7bae148923a8	158744	5d023db1abcdd13f587cb7b806e9320c
33cc2f70-8c71-4f1a-a8c8-d47201024ca6	mp-768267	783370bd-dff3-4b4a-9b9d-bcd82b25987c	31184	26cc89c12e7715ca8f11020405846745
33d7cd10-9bcc-4a13-b58c-5ac20af47864	mp-3748	390ad58d-9d55-4e4d-b551-ce6c8e0fe0f1	6652	674fdee530facca2f0adfcfe9673531d
33e01729-22ce-4801-b934-e0690df18b57	mp-568828	1f67b949-9edc-4e51-9df2-02323836013d	13752	fc7be864d86c0217f83be641ffdaf456
33e4c2f3-ffbe-4bf7-a32e-82369b4be76b	mp-10390	8fe3e615-ea8f-4312-9b64-0c24fa087387	27492	c9a74f14737dace53e8a5ed5ac44c190
33e67dad-4243-44ce-844a-bb896348502c	mp-557250	38af438a-73ad-4dc4-be01-2f397d8a9d4d	29084	d2bd320c42ef9e474c37c3f6f0868336
33eca702-4e1b-4ae9-8797-75be789353df	mp-23526	dedb8d65-cbe7-4a34-a7ee-1ec36ce34ea2	21252	a1fc40d4a69676b62fc08a3918de33af
34064326-82cd-4ff4-b0f2-d1a5cf6e8fe3	mp-554688	8c68f0d7-a3d3-4388-8d92-563e5ffaf433	10856	356f7ea3ca2462eb78a33ebba835a4b2
340ab4c0-b897-4694-adb4-27cc0fe35d7b	mp-554947	5a919d64-b0a1-4cfa-b2de-8747f5642229	41660	0adead1c5388ff2778dbdffb7c0af2af
3414ea1c-e4d4-444f-bf38-3b99555d6be8	mp-569052	3753cb52-9e3a-4da4-9a83-8990bd83b765	19648	53f2c3d271c19391dbd9682600dc2c79
34295e4b-2329-4eed-b608-19b4bcabef11	mp-776076	6ca382f1-98e2-49b7-8901-5f57f8e9d0f1	50508	3ffcb54725a6243bb0ff7f96b2c05707
342e54a4-644d-42b3-8aba-43bd492357ae	mp-865986	02decfe1-0637-4312-bf97-87a94c2db191	3088	31458889c75bd80cc1baf7a43c257c72
34320f84-d787-4e80-babb-f254d2447ef6	mp-33985	f28fa458-1200-4db6-aa41-d1f976bb0cb3	8008	509c6a6c8f319fb2f3150011b6c77bc6
344203d9-2650-49de-8fd0-8f138f5bcb4e	mp-9186	16adfac2-872d-48bb-b359-0991b720ce59	14800	4052a94522eae0584f422640bd141e65
3442f9a7-af5e-4dba-bcf0-1a444733a5a2	mp-3297	5527fa23-8b05-4b55-a5b6-3a78b0402029	27592	4609720f95bd633c6353ba5bc72ed85f
345ea93e-3c0e-4171-a299-13e0cb2396b6	mp-6741	bf479c89-6dab-4b79-82bd-6d9f413e395a	154872	f65d0bbd591d932031f1780139a5b3fe
3469f734-3130-46d3-976a-d73e90440118	mp-27723	a7f9e308-f1d6-4142-8265-79e686516180	20756	788f2699014f4d2ca683055db834a931
3474425f-eaf7-4523-b5a2-04446d746a97	mp-12671	11f7dc16-a58b-4e0f-b866-ac490eadb4d0	6656	3177192ba0b789767ba596c6dc607370
347bcab7-3d3d-46ec-9b0c-ff89cbf9cd9b	mp-776575	13ce295e-54e3-469d-8162-064f2871fc31	54276	026f067c388b7e56c32fcdd3260d2719
348c600e-cb19-46b4-9487-fd43c2e27683	mp-558707	510955ab-7da4-43fb-bd52-222ec0eb2149	53580	b18a1878e2009070065a9fdff82b2342
348d4e97-0ac9-446d-977c-b572e4622295	mp-557059	3104c2a3-84b4-41f1-a1c2-ac8f7c2f2e87	66048	127dce2b76371475b1c2e201f29a67a1
348ff0f8-5741-425f-a5e1-3ffa59f1b327	mp-14328	80211893-38e0-47cf-abe9-cf22d0ef5513	96144	4ef63f7e56f33535b4660f47d0dc752a
3497ba39-aa1c-4269-843d-1828b1a7edbc	mp-4748	598fd663-3913-4a2e-9658-b86557b8572b	15660	4a054cecd898a03d7b6b322d9081ba83
34b7f582-78de-47bd-a8ef-6c9327693efb	mp-966801	5dd9af3d-b91d-4734-94d8-0c8bade91aaa	19928	6d6d1ce34bb32cb8607215388a57b80e
34c50d40-41dc-4507-bca3-a1988f5e338a	mp-7117	c0f76746-3be3-4ff1-9503-b49bcdf4ef09	29436	8b8c6275b89beeffd95cfd4c61c7ce9b
34d961d2-3690-4044-b4fd-676bcedc2a90	mp-20351	6bb142dd-412c-4692-8ce0-60bebbf391fe	1824	f628241176bec59057cc836ed23612ee
34dcd95b-72db-4ff3-90bf-63df83712d96	mp-30243	8666e3ec-2efb-430a-98dc-aa4a34225f56	14836	840d14d0bd99a9c346402d1aa98c1e85
34f8bce8-4c62-4f10-b89b-a9e977e97f8a	mp-209	99a54621-6ca6-4a45-b8ea-76063d519c19	13832	bf704ff608bfb7101c917dab023a75c6
351360e3-fc91-4525-b236-f2ccdb47c500	mp-4733	6b6e12c5-62fb-49e7-a7b7-d9850dcf6b41	40960	00de99428f620e2b2879a96ecf05e794
35190e1a-ae79-4ad6-97fa-5f7341654712	mp-759883	c0817aa7-3786-4c26-947d-67a025787957	6148	6d33430c91755fb26d43e811e81eb0b4
352ff264-55ff-49e0-aa41-ba4ee2e84b40	mp-682067	a07bf81c-2b2b-464f-8796-5fed14bbc3d5	20764	f4f39fd6c1a1558614c3387f4b64add9
3534eb40-e207-4c73-bd0b-26676175ce32	mp-569571	d6203a67-64a2-40d4-a8a1-ea815ba774bf	4428	b2bb8ca7196cbbfe38d082f3fed53423
35366234-dd56-45db-bc18-322a7d83a4f9	mp-546285	ca3f877f-1d79-4744-8e89-1663dfa0eced	23064	5e146f202864b8d9ff2efd1b31ccbb59
353e4be3-30f2-416e-a1e7-2c71a037d235	mp-29380	e18f1198-a18d-4e49-ba09-ba89d715afaf	25856	08daa6a4388c8081de2b378b85bb7be5
3561545b-f119-415d-b4a8-b78313aa83e2	mp-6686	de70409a-6577-4c55-975b-2e1555e484a4	2392	072277b2036233e12fb4ea917764d45b
3566c0ee-4fc6-437a-b857-2268e59e7c64	mp-570695	6eb44233-7750-48a0-b871-0aac9b4e1a96	23836	8eaf10438718630ff2d0c07af8158d73
357bf74d-6347-476b-855f-a128775602fa	mp-17057	c6dcdcf6-a7cd-474e-b8bd-e499e13493c3	31496	4a36160b62f2002d773e0abfdc9e9060
357e06a4-ed55-4194-b0a5-a28d3e54104d	mp-541817	82de4ee2-50f9-436a-a25e-0608aa5304f0	23392	08659a1196b9b3a41668421042c1e358
359b23ea-b270-437c-b280-920d33fa1902	mp-9362	119582f7-c394-4984-a2c0-ed6bae6b4f9b	6404	fa468c113d02b88f5806abc8e7239367
35b4e0ea-3234-42ff-bfa6-186b3ad373e7	mp-769396	d60b744d-b729-4809-8444-1934511644dc	5828	8d627827abc7fc2905867aa2dfb2ef50
35ba0677-fab3-4f34-9d31-2b6c802c46ef	mp-29337	efd279a7-c72f-4a81-b1c8-60d59b73c7e1	24680	4442d203a9aeff7439f06ca2384d558a
35bda330-11ab-4455-89b7-73e0663bb035	mp-9747	bb2c0b84-e930-4f5b-948a-565f8b7d86c3	55208	6db92eda129ee48f13303993229a3010
35c370d8-c075-4b40-a0df-7d2020ee25ed	mp-555202	addc6bec-5eb6-4229-8e7c-64832f936423	58888	d859c8d3745fa29aa94908b8224ff91c
35ce8c7a-a5b3-4d10-8c3d-f505e2c3eab0	mp-989595	d8a0dd4a-dce4-4bcd-8ddb-7ea49662614e	2352	c168cfde9bd942eacc1f399570b88e86
35d73f34-3289-479a-a641-a026ba459f7f	mp-6647	a954fde2-d53a-4272-8284-e6158d4350aa	18024	77e6f83eaff1bed9f5ed42d936265343
35f2410e-c270-495a-87bb-5f38419f23ad	mp-13995	e886e5d5-42a7-4bf0-ab48-eb0c84fb9a8c	14588	2b8ff408f21cec906a4a51099288ebda
3601a0b3-ad37-4a4b-9208-99bb7c253bae	mp-557698	8279c94a-419d-4543-95f4-bf14ccb3a774	41020	16c9e63c926d8e0906c9a879166e595f
36242a6b-d7f0-4c86-8c35-8c716ffbeb91	mp-29463	5fe6e1f4-2d78-49bc-b59a-04b7a01e8645	26684	afc3f15193f168e953cd5cc4060041b9
362c2eac-34d8-4621-b701-ae8f2e453d06	mp-756088	cd350828-68aa-4ff7-81fd-eb95bd9bf77c	52128	c5bf1bd75afbf3b445818acdc7889c42
363e5e94-f058-417e-91cb-dda45c10b4c5	mp-29738	00f2d640-014c-413a-ab71-dd41e728e588	11360	1b06f3bc45951e94594012597ac2627b
364d4824-63b0-4853-8160-a5849a96f027	mp-1522	5688f9df-1c72-4fa6-8d14-e0560678000f	8864	69afdd69dd3251a63ce86188430b6e5f
365209b4-859c-46dc-8ca4-4e268376417e	mp-541281	fbed3798-41d4-46ce-ab11-3a159bc10b65	48568	1e73c43d27353520461ff2dccefd0107
36549bc3-cb9c-436a-9e3d-4f481e077efe	mp-11773	24b09fd3-e969-4710-98c1-a93328f61c48	28512	19afe51263af6ac6b1da4c2d543da081
365a39d6-e211-416d-8dcc-2fc2454f6d53	mp-27850	2f6f422b-e979-4d72-acb2-112caf2eb5c6	10272	9336f8a42e49c25a0bc175ef6e6dfd1d
365d216d-9a4c-4607-a65d-250ac6e6a2e8	mp-29576	f49ab733-0c7b-4069-9690-f8a86156a0ac	62340	43b92875fd1c7c5c6b608fb014bdab02
365e73a5-803e-422a-b78b-e4fc5e2f65f1	mp-754605	076510f3-6aa4-4f3c-9d90-6bdbcf31ee65	8084	994d50a6659c475bb58931f61c9ecfe0
36602a53-c192-46db-9c64-1ddab6d55d97	mp-33526	661f26b7-3181-4b7b-b725-0718ecb80f7a	7720	16dcd04262fad7d0b209a148388928bb
3669555e-6544-4a6e-83da-f2c9d5ad8367	mp-5800	6b96e077-2c1e-4f95-808c-137bcad9bf97	19352	651a0d1c682b30040e8dcbea02ccfbe1
3699b386-418a-4472-959c-1d8fda0dab59	mp-683903	da47675b-4399-41c0-8ec5-264387db6a64	123372	2bcaa47b7a07f0888900be863035a72d
36eb1653-dca7-4582-b46d-8ab1566286fc	mp-754717	e598d373-946a-4c6d-970b-5e74a1279920	10680	51015a2098e3913a7e1ff8b3be5177cd
36ecf212-c237-4ed3-8fae-3791bd9e54e4	mp-8314	9e52e1a2-9a75-4708-9f62-1cb2146bf538	34992	c88ea09de032a0dadfac6b17121b08d5
36f0f477-4ce9-4644-8351-128d16d9a2a9	mp-6514	3a14734b-4e33-44ef-85f8-bd170eb24429	13624	4676a6102fb1cad08f9aea971fdb924b
36f98af4-d81f-483c-bb6c-e83b4bd09dc5	mp-561639	581ad79b-db53-425f-adac-bae68b1b6231	29488	348b7368657611e2a28a8216c499af63
37218ccf-acce-4123-b5c2-5781f0ce8e30	mp-560665	5b042e22-cec0-45c5-8304-7a75e9e63121	33116	45af4ea301c312fd2f9f739b20084e00
372272f1-d2ad-47cc-aa82-10906bbd81fc	mp-28931	84d81882-cdad-4ce4-8d6e-23a28770417b	15088	07a2d83942b6fb26a390a808557a5590
3725d752-c135-4baa-b56f-d7951ba4a437	mp-17560	a7a5c382-1c73-423d-b244-9312da3d2542	24708	8663e108408b97854acc8b881327274e
37327195-5477-401f-bdeb-ccc1d94b325f	mp-600015	bf9d2608-bc26-4b7c-b855-289d10d5d0e7	43480	008dafcdb113f7f422b13c6fad3b6dd3
3761b8e4-228a-48a7-95c5-f6826062fd25	mp-554736	e1c1417b-fa93-4f48-b3b8-bac6eaef664c	75704	f2a736d4d6b62f9dee36466881f9fa98
37734eb3-89fd-40a4-9793-0e27fb5bca57	mp-555843	ba80ee19-5808-4b68-8648-e9a68ec753b4	13900	8118a83ca76575525ea92899fbdea156
37751d6f-a7ac-4518-9047-aca40ffcc633	mp-12927	b395ad60-f6c2-466e-823b-3adb35316289	6112	cb87ead2a2ec30f9f9aee508b247fe42
377755e7-c782-4bd7-a07d-466ae6504f28	mp-753371	f8f849fe-b07e-4ded-ba22-196fed2ba0fc	6180	f5a2ad264757c7ff9967ebeb49ba2fc4
378013a6-9116-477e-b82f-203246e194b1	mp-23751	a0bcdddd-8b57-4b9b-85e7-085e94e76262	6788	162a6c7b30925acb1f5584ef3eb2f317
37860a50-4909-421b-85f3-e4c6e805a6f1	mp-28371	391b1ce6-22f7-4e27-9da6-79436bb5570f	38848	a731f9cd6196d343dc9c3f15db088c47
3793ee1f-8ea7-47ad-ad12-0f991b348e50	mp-989196	79df21f0-8f9b-47ad-a3da-1f2c197c8c35	5712	ff5a31b31647205cb87de4a09b6b9a05
37969cdb-2c9c-416f-b1a4-ab0a0a496ca9	mp-27488	798c5750-ce31-49e1-98cb-306dfd5174ec	17356	f8593c220e6fc5c0e3445596139afd0c
3797f3a7-2df8-4477-a909-be0e2d140027	mp-11124	74efa755-9522-4616-aa4b-a1a25a21004a	18152	3cd8084389e8b044944e33622ec46fe6
379e9960-52a3-4421-96ca-2350e4761ca5	mp-23831	974b7876-4244-438d-85ae-5f9d5aabb0d8	61484	2c5f4f0a8c93f35667898dfdce020b30
37c66ac0-e68f-497c-9041-3cd9e0ff8ea0	mp-11183	07a60d83-7a6e-4588-acd4-f13a244719f7	27500	dff330e35b8346a148eae6a0db4ac68b
37e5a592-038b-46b4-bae4-84ef7c3486fe	mp-675800	c97c91e1-9dd7-48ef-a66c-80613e901b36	37460	29cffd007b4ead2acead4f8129533b2d
37eade71-3eef-484b-87fc-2b1ca728c551	mp-28432	21da3b24-8c69-4537-94c6-77ce2f578e02	20476	fc3455fadf25786a97228cd8f17a8443
37f2a80e-807f-4494-a70f-c2db277cd000	mp-755988	6bcc653b-e1c5-4182-ae97-2ca905826501	3292	ab66351090e0205b73e9f3ebc5f1710f
37fe6f63-da1d-4db0-b9f3-cabf50525dc0	mp-23622	808c3d61-8d21-47df-bf15-950b00f19c82	49052	5b1ab8736a4e565ebc6667c2a7c84a00
381af8b8-07c7-4a40-be84-e3bbdb35a8e5	mp-27484	7bbb0f18-f58d-40dc-af3e-36c3d1e12bee	5692	f8c6093de77117404da8f0ed5470a37b
3823f01c-a5de-4826-9ef7-82418068bb66	mp-6138	76e16ac3-9e5f-41b9-a91b-9a2ba8b8b237	14908	c4e5588ee010b3c597e9ed64f7abccaf
38245af4-ef4d-4e2a-8551-56a1e251549e	mp-6013	14b8f7ca-7932-4a02-ac8a-21ede002171c	32116	c80f77402241745e8ae7a6ecc43611cb
383d3cea-7f79-4a5d-860e-203720a90e92	mp-4200	50f3d4af-a563-4479-a52d-b1b2dd021ec6	4828	3cd7b4b58947e99043dc024c947a2eb2
38481c28-8643-404c-83e4-fdbb3c7d3f60	mp-21137	dc912ef0-6562-4c20-a407-8cb2fda664d7	12580	a2e44e1f4e5aa7c18cea34d4cdf57bed
385cf8df-5b1c-4d8a-a382-f274794c4629	mp-4066	a2c37448-649e-4309-b649-5cc505402a5b	60776	39aafb45fcb5a3382dc1fe61a163b381
3860e0bb-81e6-4989-ae66-7b6b94ce365e	mp-557387	0d982dd5-2063-429c-8cf6-bb6d4f8b9e08	25708	adbf35d65aca7081ec8d4cee445eb6bc
38733e4a-fccf-441d-abc6-d2bba4a07b0a	mp-8898	5cf0da0b-4434-4aff-8b9f-cc7011cde700	29624	fee5f5fe83823741d5cc71bd4bece213
387e6613-2e70-4dea-9fbc-aad18d55d429	mp-23467	50812fe7-3411-4373-9dc2-ebf449ac99f6	11748	9965971708f3021490fc04ffafe33ae2
3883141a-d91c-42da-8615-5bf8c40da8f6	mp-554034	31a8efeb-4b57-4272-aa53-3dad4c47a810	29540	0ae411d775077557ed55209363907c46
38b3ad2c-0e1d-4aaf-b882-ebed34deeecd	mp-769466	755d2ea3-7bd4-4f84-8142-0bfff944a91a	18860	bcd9db8f486bf055b6572e164f8971a5
38c3e9a3-184f-4803-b1fb-05cf0086415a	mp-504948	e60bbd81-7e10-4c16-8afd-b5eec154d2f3	28604	3fba544cd58c52d45e30702a1c1f6337
38d06f5c-e6dc-4249-98a6-39dab974a087	mp-754768	9a644bcc-22be-405b-a46c-7ae851c0190d	5752	5ddb5f046e86b42489abb6b273964127
38d240e6-d970-4e27-9a9f-f48a62bd0c78	mp-31451	19821945-611f-4952-a215-8a7053ba64e3	2864	a785ee0a8bd8763d25a2b79d3bb85fa9
38d9d90a-bce2-419e-a0fb-8c7fcdf46d92	mp-3779	cde8b35f-8159-47d0-90b2-7137c0cbca5e	17068	d64aa9c619940b6f4a19853820e82eac
39046bbf-a3af-4785-94f2-f9fab4c53e6b	mp-675798	3a4bc2e3-5417-4d00-a947-803e51e33ba0	7000	6a3d2e209075fad39395196a66606e96
39169759-a255-4e4e-b235-b609a52a6148	mp-696746	70c0d93e-f04c-4dec-be54-4e85776527c1	7000	7213fa41234899a9b929075ed764080c
391ba2f6-150b-4fcf-b381-570d20e8b586	mp-554303	0dbcb10f-d564-4f67-9ebe-8fb196931439	10560	fe34b2d6c4f6c84dce49c2217e83e632
3922c3d8-8096-4731-bf2d-e508f67f9d0c	mp-643749	bc946890-1803-4169-bc1d-0ad3c3464d8d	26920	92387f76f836b76a22ae3a8d2aff91ae
392f6c72-c6af-4d65-874d-5bdc09c5de0d	mp-27419	c9533342-e50c-4dfe-b695-4b5001a8b3ec	11128	286497ad6fb8a1957aefa1d93fec5e1f
393c8ef5-bc98-41d9-af37-8aeed6936c97	mp-554914	949eb4bf-0a41-4ce6-9b93-dc1762f44f5f	61032	d9a274964f4415e0783c97e95430d6e4
393f34ae-7b0a-4a06-bdd1-ef1f94272183	mp-556623	885a0896-e97e-4589-8af0-2e4b645619b8	235124	668baa2488466c4771d866b81b455b0d
395bf2a0-6785-40de-b980-deb7d2f906b0	mp-8585	c7f07f5c-2715-45ad-afbe-549f09e2c533	40968	8ae667058894382f7f64f0e57cce84b7
39601bc7-997b-4b91-8d00-cc260a5ee20f	mp-625739	e6d3622c-0d4e-466a-8fa1-a0a1670440e4	93192	b5b048156b24cc6dde73785ceceb2596
396afed0-2bdb-4a5a-86cc-1b6447cb2536	mp-7337	3cc43cf6-cde4-4953-bc16-05115367ad1b	29236	34dbf5606445e814c97ee17c37854274
396fd7c0-783d-400b-91e5-e3b7629e7170	mp-756034	92e7544e-da8d-47a6-8a15-b40d2af2c1fe	6588	f732bc98074a341140faac07b0ce789c
3985a212-fba1-4475-899a-d35828982c74	mp-4800	7e74c731-4587-40be-94db-5bd68476d4c0	32484	03dd5ab3d758839e519c21e5b9b60637
39b1ee51-ddcc-47f7-928a-732e97ea4b8a	mp-17024	5afe231f-1fad-45dd-8e06-f6107a817541	36864	350f89cebe7691be074510771ac024ca
39b73c9d-2097-4377-993b-899e17c2bd6e	mp-568134	292c07ed-254c-42f4-ba65-95a163807a41	25412	b7921a2e6fb66c5b7352446033358d7e
39cb8303-711a-4521-9048-222927261e93	mp-9784	3855585a-4fce-4b2a-be7c-b45d8d7c40fa	14784	4efff56752485694f43d90e971e9ba4d
3a16b5a9-1a05-4c83-88d1-2046ad15981d	mp-6419	53948205-ca47-419c-86b2-485d350ad2bc	45072	86744ed98ec5d217bf0206f5445dbf5f
3a1c4727-0c00-45e7-a3ac-8201b36c1694	mp-643896	11641bf9-13cb-40a0-bfe0-1fdb828d9e05	9408	4412f79438c8d6380d1a2d1cbea5264b
3a270047-3223-4648-8278-caf38f024aa6	mp-8963	4c728733-c1e9-4f10-9952-c17ac282980c	7724	1d0794bb504823daa956c18d05fa8a86
3a3a333f-97ad-4775-93cf-ae7271ebfe25	mp-10226	888d6b26-2846-4c7b-9dee-746de385e429	6364	1fc095f5d22ed709f67235edd875135a
3a3dab23-a1b0-4ef5-ad47-1d7df65e5eeb	mp-20015	c10e4fde-14fa-4374-8822-65dfc7591791	6860	b28f2d3dc0b947e3ca679b0ff3fe7856
3a7da4e7-c056-4582-94ff-8d23a2df1d11	mp-5001	0ee134f9-4672-44f7-b09a-922a0406c5ac	35372	d5e2f9c1cfd5383c14fc3fa620f04c26
3a8e7570-855f-4f6d-98f3-ae8d3a68c299	mp-560029	98b64182-9eef-4fe3-ad01-947081adf641	17228	0b63b24633b22c5e66ca177e4df98f88
3a9600b6-75a7-481b-8136-327a6487bb48	mp-556979	e5e0d5cb-8884-45ac-97bf-e7b3eec906d5	44900	15baf3cf503d72c2ff35dbc325b59029
3aacbd11-29bc-4325-a40c-e41987dc50ab	mp-624399	81d671c2-a490-4019-a70f-6e4a48688f7c	47624	31ed381ba949dfc0c1325c9dad978def
3aad315b-eb60-47f4-8640-a857e546c196	mp-10408	51378782-55cb-4b6f-9c1d-9847510be80a	12040	0887dda8a02dab1995a25d849c604a77
3ab9983d-a722-4f06-8f1d-e95a11f5331a	mp-16705	c0e9a1e9-030a-4987-ab56-219e6b9de73e	10476	1029665926100b2b697bcdb992dd9496
3ad89761-9dac-4b58-bb2c-6b72a476b3cc	mp-976181	6d36f59d-9d5f-4f98-a6c0-e712d365d01a	1816	8f93affbfa2ef0031958f7eb9838d584
3aeb9513-458b-4d59-a0ce-e140a1ab15c8	mp-14941	389dce70-ba9b-45a5-99b8-e2d07b285d1d	134668	2ffe8c3c9adaa05ec1b9a2bb08d65080
3b01da96-85d4-45eb-9a1d-5b0a47299b58	mp-23443	76230a99-88f1-439c-bc5c-6920b11cf861	21384	3c0edf5a7cd3dec2dd364887d8573fd4
3b0bc957-36b3-4b72-bcf3-c3bee7cfa21b	mp-2201	03899591-0147-48c8-998b-fa6f415059af	1656	eb3c8054035d3e5124a89471da60ecf3
3b1d53bf-5f39-44b1-ae41-4202f4a31d39	mp-984729	6a4b65bd-0e8f-40ed-b3a3-163bdc8d6802	2812	763186feecf0856a5b55e252079ed211
3b2a6535-d2ed-4dad-8b99-448abf5437c3	mp-557810	64afc15b-c070-41bd-bb50-787549f672cb	22848	7de4b641936c8a2a38eb0669079aec3c
3b2e99ca-9aa2-465b-91c7-b4b0862ad928	mp-558430	5fdb44ab-fd22-4818-85dc-f26aeeeea80f	26088	c7439c95a4cecc3f906897704e0ab7f5
3b4dbf75-0745-4ef8-b315-0745d4261a25	mp-10495	6eb1ae96-2372-4864-ab73-fc9fcf046d86	29660	0703e3fa58a7e32804a92d4af2efecb5
3b4fd6b5-b7a1-4d81-879c-54cd60abd326	mp-677703	1723e0f4-e7dc-4f5d-a11c-8cac722270ea	91600	872ff340d858a809b795f5483918571f
3b51d00d-e9fd-40fc-948a-82d3882cf343	mp-570652	42f61606-f2b4-4331-a852-3cbc7bc73493	14108	e4a7f42e84e08ce5338d0efb45b77622
3b578c37-670c-4fe7-a58c-ca9693fc676a	mp-570930	6f6171a6-79c7-41c7-9637-c3cebea8bcb6	15360	8651280263074f6312f8af2d0ab93687
3b586970-1810-4038-94d8-fe5e64201774	mp-29447	8a83aa84-e55f-4ec9-a4c5-049aed4e35fc	30092	e65066d49f11c129b86c01e3bcc79957
3b59a04d-eb6b-48de-947b-9638d3261507	mp-643023	d363bd7a-5487-4359-96c4-9bcf5e32b137	15112	9d9a70647ee48eb951ba01a6efa210ef
3b5ade85-2c3e-4c30-8d15-71caee24c78a	mp-510646	cf38de9e-ac5f-46ca-96ec-480515083a32	27604	9873b7c1d90adb7995f6c14bf4a396c2
3b639d69-a1d0-4574-9174-97eb85c97303	mp-625548	1d41a2dd-d059-4de9-b66c-9bbf7e890bec	8616	91cc505b9e86b1d56df1b68b164012cd
3b730050-ac4b-48c7-a8b8-4fc4a5a2cf62	mp-7123	f6549006-130f-4cef-b1ad-64d640b9d9ca	46756	b8017cfc33be092db6958b3846f44ff6
3b7ad039-4022-429f-80ee-bc827392a296	mp-9856	cee5f659-6b51-4213-8fdb-f19d36a09991	11936	4208aa325ef08a949a72de6f98e1d1ec
3b81851c-f2d7-491e-86df-65e89a6b4cd9	mp-13998	c9049ab1-91ef-4a42-8403-d3abdf9d609b	47132	24cbe2c32dcc55b37b120f330f25d1d9
3b8643f7-ce99-4f1e-8f64-4ce269a844b5	mp-6694	a8c21d6e-4caa-4d93-8f19-566ddb1a9203	24920	6b8efb49a9f7e0764b47afaa112bb143
3b91a68f-853f-4dce-b246-4fa09a4635d0	mp-559702	5e85caf2-15cd-4c92-9073-f269472c5ec8	26680	2df3b92e70a6c3c00d074e9abd6251b3
3b91f318-a4a6-469e-9056-3718b8a4fdf3	mp-18549	b28726cb-780f-4dd4-9835-938da50f8f15	31044	5dfc3c81aaf8538873b49bceb0e9c956
3ba0e754-52f0-46ee-a251-c622141d07be	mp-554608	39c4af9e-1392-45aa-8ce9-6f72d6e9bd24	40496	67da2032be8e958629bff49606fa54e0
3ba10805-0ff5-4e64-a56f-d1475a2ac717	mp-16947	7f63192a-1713-4ca4-a047-7524c642e24d	54640	8651395b6e74495774f395c07220bef3
3bae6afd-ee11-4249-88f9-5dcc910b2174	mp-758660	36d4d6a9-34a9-44ab-a8ad-200e7d16504f	16612	43ef45bd5d15df3f3fdb42ecfcef0c90
3bafcb73-46f3-4e4e-947d-3d6c71252beb	mp-9628	5ba94ee7-c359-42fa-a286-1d49ce72d487	14240	873ed11b8b11b42acf63ec07b5f1f1cd
3bb98126-e4a6-46d8-9958-3a4166d785fd	mp-5824	225b22c5-d7be-497b-a707-1335c2ff1925	46764	0f1d7118bec014c7d41ad1c05703b604
3bbb6e9d-af97-4ea5-84fc-78a2a6fbbc09	mp-18510	3d4f80f0-2517-4076-bd94-42406e1ea0ef	48768	0146283ae0b715a0c54473ea42ea9f01
3bbd7803-47ad-4934-b717-e721c776190a	mp-27628	f68a900d-9311-42ff-a74a-e2cfc495d4f0	24148	18329ef6f825126e1ed8fa202b8412ab
3bbdbc3a-6ade-42c3-a720-c17f189c53d2	mp-17186	81111c7d-9f9e-4a01-b961-e6a623a7f82f	22304	993ed52501dce8babe50af0e9da5a2ec
3c01a9f9-8b98-4920-9dac-523310988eec	mp-6433	6e7d1088-2d03-448a-9bcb-b2d1bd61febe	153544	7a58e1e5d45abfc17428a5003306f46a
3c17bc57-3a07-421e-a1e3-c63207c8a229	mp-651358	9f274162-006f-402d-8ba3-b32d91f7d2cb	46900	b4e63531acbef8967f98c7a387623cd2
3c2a31d8-589d-420b-b658-97132d070766	mp-769222	5ada693f-ba91-4808-9bdf-9cf138268ed7	5796	e9cf551dec357ce0a594332d70fbbf28
3c35b08f-c587-4651-9a28-708a4372dbce	mp-9018	014aebe5-c54b-462b-9bdc-19038c85d714	28252	3c6aa3986d3ee87e88619587746158b8
3c37b53b-15b5-4368-8240-376dc15e305f	mp-10476	ccc41dae-9d8d-491a-867a-341bdfdef2d6	59644	5efc159c2f1fcb10b78161c9b173df78
3c46bf80-23f1-4557-a8d3-2a8cb7b66fe3	mp-14416	2b02a7c5-fd85-4326-9eb0-113fc10bf214	12724	f69ebd76e3b362f8c0df682f3d3acd43
3c4a34cf-a790-442f-a34f-8f21ac8fd77e	mp-647579	36a88d4e-2aee-41be-b5a5-ad0e737e9af6	18772	a85b8c6c7873b78685e6c67651317832
3c5712d2-6e33-4c13-a9eb-3d71bd49127c	mp-558920	b0da1ac5-8b80-4b94-8936-99cd3eccb76b	50288	f4d514bd935902a5f278ff7685cff19b
3c7ba73f-c8b2-4cea-9019-084ef45182db	mp-530545	d420998e-b5d6-4431-8a4c-496464b15a86	14060	4a5f8e837ea3098b6ff30698eab2e395
3c8bb0b4-de5a-4489-9259-45890ac6cdb5	mp-10250	3a435b18-60e6-4dec-bc0f-530181ae0982	3388	10fcb27dbd12a767de4e2ebe6a1ef047
3c93f939-f25d-46e0-8dea-03c0c7f1358a	mp-560591	f544ecc1-ecc8-4682-84da-b5923307392b	45816	76b9acc014bd47488f3b465593b2efc3
3c967156-536e-4bed-8a03-4f86f5c97c85	mp-561118	eb6cf1b3-4806-4139-b19b-543f892079ce	24132	03aa7fb0d25eaf95ca669d080348edb4
3c9d780d-d946-446d-9ea6-67afc817ab98	mp-11713	4f8916de-8400-4d47-bcee-8087db79f37a	24436	27c0fa2896568e69de385d94863ae5dc
3ca70330-c898-4f57-b108-811f4e97bf45	mp-752849	f75ac226-d97b-48f5-8dae-56848a4ab6f2	5664	a1ba757c09cf28a5d5947b5406fd9f86
3cb5ed77-c53e-4172-b4a5-a8105db1c906	mp-7929	dd52b36a-f6ec-459f-8b47-3c01f16133f3	7532	efd6f6a358d16bce7c9ae2a79bf8c207
3cc08817-4986-419a-8d8f-dc4d6a2a7bd0	mp-770805	f9e7cd4c-a9ca-4f8d-b885-f51b90504692	55200	95d8d906e93a168744b39d97edbc36fd
3cc59d65-c6df-4752-bc65-e80d63786ce0	mp-556472	e472a189-f1ca-4c0f-a352-d2e0285f9762	28056	309e1ac0014e88d539541056958b2838
3cda8677-ff91-4dfa-861f-459c3f0ace30	mp-554157	0113664c-f1d2-46df-a1f3-c8e87cf107c3	70008	b649b43fcf54fced37c83111f729f6f8
3cdb8a0f-ee0f-4bb7-9211-5b3a294a8005	mp-760461	49004cf1-b8c7-4094-b186-5d05153550cd	13728	6d60046236edb684fff35a743db980ea
3d0b0163-9a61-4320-a039-a081bb2c0559	mp-562137	546316fe-44d4-4545-9076-b0adb99981c0	35888	713eb894c6fa8afa9a6193e3d4345140
3d0c2b7c-9263-43f4-bbb7-146c8d7a4a5f	mp-556017	8b2e7c40-4972-4ed8-8de9-21644641676c	25924	52833ba029e9f37d502b6db6e3876af4
3d0c746e-6d1a-4f5a-98bd-69e1e3ee2a4a	mp-6884	00e12721-5ecf-4a67-9dbe-58b7b153651b	4132	0297fbdcfa54eb33806599bcd8b14be0
3d14e5b9-e709-4bbe-9b27-1ae376d46fa8	mp-14568	a08a331b-bed0-4c4b-ad0f-9541ef02765b	32072	12486b08d092d68a1b4e6d94f7da4067
3d1e9f9b-e272-4402-8f70-12d5d4c25e96	mp-18139	64c92fe2-9e30-4ba4-808b-c1a13363bb88	68636	2004a52639ba085aedbd14487fe51f9c
3d34a19d-c750-4552-8992-466bc220eca5	mp-1403	4c44eb8a-ec01-4d42-9fcd-3f89a6c97950	22544	4460b3b2d122fb676c0d73bee237d1cb
3d42437e-cf94-4f62-8c0d-8c3978be397d	mp-3159	603f75ed-6199-4aa0-8083-9dc5a2665bb8	13456	9edd214b1796e00fc0b8832816e04dfb
3d42dcbe-dc74-41c7-9a2d-d753911980ed	mp-531793	5767b026-93e8-4c9f-be54-40fd67e6e14a	120716	51b5177dcf235dc92e064fabf40822c6
3d431112-21f1-49d8-837c-df7c06bc2f71	mp-17243	45330a07-90b1-4a04-a22c-0abeef127926	15952	592bd038a659cf925878d74d3c023a5c
3d67865c-cb5c-4bd0-9527-cbdb19ffbfe2	mp-755013	5c2b51fb-83f7-4194-9642-3b138ab8c346	28012	99e028b5b607d7ad59bc1abde32eb141
3d860bb1-80c9-4817-bcbd-c9600c81c97d	mp-5737	65e9a76d-9a19-4565-99f7-f312ad22d895	30180	4f3d19e9b0edb415a5929529e20bd985
3dc97f2d-1cef-486a-b895-2e2a4adf8023	mp-10402	3f11de15-8a43-44f5-9de0-2972cf30da5a	9556	bea952878d584bc8b10d9e40288f8b38
3dd3ea36-0f10-40c6-ac23-a297b5bcd799	mp-29469	9d9e52b6-fe7f-4e7d-a1e9-6c62faec9ff2	27824	45cf13c6a0fdfb4cbfbddaeabbd0b570
3deced3b-15f1-47be-8eca-321cb7bc1a32	mp-1818	1a16089b-81bb-4d15-b0fb-0bb337e28de1	3252	8afdda214a5fbe369e6958b50db44744
3df3b8c1-57f0-48ff-87a5-f56c736c8d2f	mp-623854	4b933453-eddc-4ca8-8fee-2d75da6e2c8f	35412	435e7b20ce3e250c1437f37f72bd26e7
3e0752dc-a630-4581-8933-8973d381780e	mp-6785	85378e7a-b9b0-48ed-b819-00ac134813f0	30212	88c02f5be8a2009f4b72e1017dc4fc97
3e0889ec-d865-458c-8920-925b924d1df6	mp-30167	17943927-7a8c-42cf-b8e2-4bbf1396b206	13340	7ed445764a027586435fea5a17bfdfdf
3e0e0bcc-f306-4b55-b835-dd955f66692a	mp-567864	bc8e3800-e35a-4507-bc31-9568f6ebe1af	47228	ef9548f01f07ce3af86181dca74f5fa8
3e0ffbae-6aa5-4053-964b-f33279abc6db	mp-2858	5789e921-9bde-458d-8b79-1d56c875ce42	28092	77fb478b7a1f26f8711c36575f77db02
3e28547e-4ad6-4c15-b756-506187d5548c	mp-13385	da412637-a25d-4ff6-b4d5-00775cf798df	12288	b2cc6baea8a1969107d2101c41c8d70c
3e3d1cc7-0d34-403c-923b-f18e2188a050	mp-633158	5738bac3-d4c6-4f7f-ba68-fcb5d669d434	17860	4c7a3fe3b60fce007ca5b1fed0bebd14
3e4b513f-b030-4cf3-9315-107f5657e1d0	mp-989533	273717f0-86dc-4d75-8784-2a3481c77d8c	2344	1a3c73fc15f80fa35116e6f91c5ccb23
3e5193be-97d6-4458-8314-f02751fa5d70	mp-755139	52c54529-ea54-4a33-af1e-0efa5b8e5796	13900	c910da7ebfd9a4ca5f37f3b821401186
3e68b6bc-aad6-4e83-86df-1084c57fe5b5	mp-559689	cc700d30-ef9f-4f6c-9dd2-e642cc722153	49200	420a40ea26c94971b1de2732a451dbf0
3e69a55a-acb1-4804-8483-ae93f532c95b	mp-17784	4c14d503-1079-4b11-9284-bc270ba9c0fb	63520	6801a28a43de1895f211e7d8e72eb3a9
3e723b25-a79c-43c3-b076-d7fb4947966c	mp-12442	3adbd781-b06a-4c99-bde0-8ba423aafd71	4652	b8279b75c978dea155d74c59b67d745a
3e7f7e38-fde4-4a2a-aad1-977a0fc340be	mp-556183	0575ba4a-66b5-40e7-a95a-d9c8f325e60e	10608	7ca9e0e0eba5e489673f32002eb494a7
3e8099a7-0913-40df-ac16-124fa1068733	mp-14912	730a38b5-e591-4c05-b444-3426dc9261d1	38232	5c8da0284b669a1a32cbce4e04f7a8e5
3e81e53a-7300-4281-af42-a739f0f94c13	mp-18217	89246c80-e198-44d8-a385-7230828e000d	44296	589178cca86529046f1059505e4b3960
3e87d334-5f32-4e51-ad3c-477572eb175e	mp-9843	50d953fd-c815-45e3-b0c3-94b97418b253	38004	2e9f51dd02306643806de5e8480d4250
3e8ea583-b34a-4f19-9ce7-691403277d84	mp-6019	29898e17-8f54-424e-9da4-ab04869d6d36	26696	dc7b7e5a0ec6e0877728ebde1110806a
3ea18722-a4c2-4189-a560-cef0d58f4d0f	mp-3536	1577a038-bafd-4fc5-b871-4a31acbc3cab	3240	2f64197fe6d929b1e8b96c220e2a8154
3ea62fae-c751-42ba-b2e8-d144443c96a4	mp-3324	e8d140a5-5f98-403c-8ed3-27c7fa452bf0	41188	bdf3a4821a2b12d11132f50c35b65cd2
3ec8b324-2836-4013-a0e0-76651c67a41d	mp-28797	95229ec7-4771-49ce-8b2c-22c99160c2a3	6292	3b67bd5e2172f58e83693c92b00880cc
3ecae929-2af3-44d9-a3c7-e3cc59727152	mp-669367	ebedc273-169b-4db5-b6f8-4e94a85de0fd	16496	0a7e3cfe4eaa329c9248d203ca607d52
3ed7fe8c-b1b1-485c-9605-848c209951f7	mp-23110	9bfefd9f-cf2b-48da-b1ea-e3e40cbeb768	14532	5081c9cf93ed2cda1759d320838bae61
3ee4375f-e176-4561-848f-a70fe5ca8ae6	mp-29976	d9b4c2b8-e053-4689-bff0-26a69a3b650d	24628	f5d6b50614d04aa4d592bd915189f534
3ef2c589-e20d-41ed-bba8-3045c4d7f201	mp-14441	7f1d4bed-06dc-408b-a4f8-1dbfd8acd2bb	43964	e6d090b6cd5d5481e2b015fcb786a773
3f0ca620-eeda-4fce-a444-0e6b213fdbc3	mp-551456	003317ca-1abc-42ef-a970-34f22bc2358a	6152	542a9f268bd52897e938c51d5d32a8d4
3f24cbf2-d39e-40d7-af2f-d7c38c967b87	mp-985608	b3bdf9b3-18b3-4fda-86fc-b2425fc5bdd2	25356	f35d563d356a32f96e720fde200b7922
3f441f2b-62dc-4630-b8fb-5906e6174576	mp-560407	4e13786f-afe9-448f-9367-0ebc4202b957	36676	bf73490d37b23377dcf2becf3674627c
3f4f8e9c-050d-42b3-8617-4e162e49651d	mp-542613	773e047c-4b5a-4571-aeec-540cd238e4e5	38208	6735ecb021faeccc13347f9d0b12f24b
3f5aaa83-b180-4645-96be-6fdd65620c3b	mp-2136	cd6b9ec7-fead-4617-9f2a-4e4bf6928ef5	20228	98b6cc8bf167fd94ab692e7b20066fef
3f639609-9408-46c2-a132-72dc900bba5a	mp-3405	61284961-676e-4005-bb6a-930c41318f0d	15292	2d63203d59d3478278e5c56ab4f201ef
3f77360c-dea6-48f7-b40a-7a452c21717f	mp-15575	30131ca2-d4de-4e98-98f6-7399c23d50b4	19096	b87731aa3390eb045f67b84c6e6248f8
3f7b00ad-861c-4584-ba3c-9e2c4fcef514	mp-756638	b2e4d0ea-9e3e-44d3-925d-daddeb62ed2f	7912	25fa17133d4a9b4ad46d79c7c7ab3396
3f8b46ee-81a9-4748-a96a-1990a42749f0	mp-12295	e8f84116-b67f-442c-9218-c8b92d416048	107780	9c9c2460339ab9d755d5ba3c33d29e58
3f9814b8-46b0-41f3-b0af-6a8b74428752	mp-568762	2c82f034-fae7-4b96-86a2-4bb68eaaed11	108044	e5a563e4355074aaf2a16f05712e925c
3fa24a5c-6d6c-421f-a710-137d0ae8f96e	mp-680093	3f793106-38c2-4f8a-85ea-d08eb0e448c7	66988	f3515c4f4519bea7ab272ca8f360b6f2
3faf181b-a789-4390-b328-9d8863660a7d	mp-675458	f948b39b-f468-4cc3-9719-b35b20bdfab2	13016	0e83b876919f4677169a12cca2c54f03
3fba42d3-a066-4f05-967c-415026a0fa33	mp-772034	b4f62196-6616-409e-9237-8dc0ba4231cf	141392	66a8e61fd08972dd6697dab57b3e97f1
3fceecf4-eaac-4c4d-bfc8-fe7a9ad008e9	mp-616255	a677b94c-ea1e-43f0-8b87-3dea580068b3	59840	4fc9ecaf3ac7c2fc8cce2028b60f6aca
3feec558-a230-4dd6-a4c6-f5989568dec1	mp-756235	c8c82fd3-4357-4653-8409-93dc68fa7e42	7324	db12e066590ea3e9be596f66397a0768
3ff4e4ea-8524-4a69-822a-f89a8a663661	mp-29450	c4846f92-5894-4b53-b102-e684602924bb	17376	847cf231fa1003c498c9a9c00bdd3143
40068795-188e-4364-9437-b2bac181fe3f	mp-18422	8709b885-6370-4fb1-98e1-e1f02df96549	16656	88b617d0f6a4578e3f94a3306b929265
40275a79-d778-4a7a-a084-0bce92a24c37	mp-676	ccfb3ddd-a408-4cc8-be05-f7299b0cfdc6	14104	8774e37fe20f851471358b6991244bb2
40280ada-5ea5-4449-be71-473878037bd9	mp-556316	a91e0fce-9f00-434c-b1d0-d9236ab2ede0	10580	1d5caf84e0cd70492d02c9d8be63c4c0
402f0d83-92f8-4467-a3d5-7f9588fd798a	mp-616026	86da3f9a-9c42-47de-a487-16623318c922	22736	221f37e98ebdabbf5040e08f1f98c3cd
402f1a2f-7eba-446c-927c-f08dd22954b3	mp-569028	70fbe0a5-3b8b-4176-b074-491ccff12787	1988	9eb747ff0a656495b3f7dd7e262792b5
4057b3f9-19c4-4fd0-9434-90858bdcd4bd	mp-504851	66fedf4e-1580-4cce-8b85-64df828a09b3	27408	c6f8365f4085467686bec083f693c209
406474e8-d86b-4978-a162-f87cc43e03bf	mp-643246	16e47bba-a1d8-4e89-b878-862b9462d845	5584	f7e41b85dcc3f0dd521fb40ba8629254
406914a7-cf2a-4b9d-bb28-3aa420441636	mp-18129	cf609858-0f6c-42d6-88b3-0f02a2008b2a	12164	61ff1b36fd0f87a70c9a643a40f03945
406d0e52-2e0c-486a-95eb-c6adc3f9a6f9	mp-505138	25443e8a-97d4-48fd-b3f1-a5be2bd7bf62	38820	54dc1471cd05d518329117251bc68f07
4074273f-055f-4177-86d1-50198fe4a2d7	mp-560316	94e4339f-4fb8-4fc9-922c-18a0690a3cfb	38252	8fcc1f7e1a78e0c63cdef0b61f445fca
4074d479-b78c-4eb1-8d37-497e077630be	mp-23333	971d2f79-f79a-40e5-8068-6cae6372f6ff	6564	105a7440639f10edb0a0237357cf1b0d
407768ba-4656-43a4-a546-be143b1cdbea	mp-608311	57c5318a-7f46-4da1-a882-ebff5393c1f0	31664	e8b75a5cf58ce2aaf9ea7007d5c37de2
408c92f4-861f-437c-bcb6-0a0ec4b629e2	mp-616190	314ca522-17e5-4d6c-81f2-4498aa9502ed	56724	9b41a1eb055fe305a703874c491d1946
4090e5a3-cc37-45a7-8e27-cefafbb63306	mp-504539	ba60f8f3-f9cd-485c-85b2-cce81e158f0b	23456	0bd01a9a8415d4e02d278376f4b8ce8d
409c0666-f6a7-4a62-afed-0e53a0af5fc1	mp-974482	07548867-313d-49fa-8240-d2e57eb6d3b9	17440	9ab03b42d4c4ddd7791dd8b4442fca60
40ae96a0-0d7f-4a70-b0af-ccb499e5ece0	mp-588	f52df0ff-4927-4adf-976f-79b3a38e28bb	6712	e36bf9738aaa8cc57953b93839c46755
40b6c9b7-07a5-4426-9133-2ae72cd3f9bb	mp-22916	2a2e9ff6-7e9d-4bb0-a2c8-b64c3e71ff6f	1612	9e67b7b397c2cf43678a4cb6478bf0af
40b9b8e7-00a9-4659-95f9-a61ff7b2e1dc	mp-766351	d6717a9c-211a-4cce-84d0-516f0dd14659	36992	6c9029f3fb4ed37e57f215a63066a1a6
40c0af6c-71b5-4157-98b7-0fe5f23d3f47	mp-760701	4e08db4a-1891-44b4-8f08-4301e743377b	26892	3789eb47028ae63c1290331d0668c7bd
40c1efdf-36b6-4996-8454-1a0379278a29	mp-18439	b301aa7a-b848-4158-9dde-f02cbde32ffc	25416	cf441733b90367bcb6ee82d113d85456
40c21ffa-8026-454a-bc98-132bb4f7432e	mp-23104	fc386185-0542-4ad3-8fcf-dd926a225549	13028	389bd48f19025b7463d6a397b1cee919
40c4e143-9543-4271-8cae-2dab0637de4a	mp-22977	aa49c359-6615-4ad0-9fc3-8a6ed1bcc389	6724	3c40315d9393f1040d51151c8cf68420
40c5adca-7aa9-49ca-89c4-20aa3fb8210e	mp-16032	512b5c8c-74ae-4f09-a327-ed4369c7e4f8	4568	c58e5345b8ab4f42a3f64956a57bbecc
40c9911a-aca1-4a56-96fb-e8125d9597f6	mp-541646	311d554d-8b10-4e2b-aa8a-67750a7d873e	13808	104f289911d9fc6aba2e1f5dd71818c1
40ca0346-1f60-4d9c-9862-7f43de00f201	mp-30102	4b4ce616-e853-4d72-8d74-8b65e788a4dc	17708	977fe179c7307405feac61d7588ae3cc
40cc3b5c-88c6-4939-a18a-abe00e4ff3e7	mp-29483	32fa3c6d-9cc4-47e8-95a0-e4e47f1f91c0	21332	c03a769be718729a8544387d5ed70f69
40d4b317-bc38-400d-bfef-ca5cf58287d3	mp-695514	a3546c2b-ca3c-41a4-87cf-e2560bca13a8	34088	58fca29129b33477af61ca9a5fb46aa1
40d5a7ee-3bb2-49c1-8617-1f82f3bc131c	mp-560358	be12c5d7-b446-483a-95bd-bbe965ba9db0	50392	f5f352fc3f19d33359e64f5b82a094e2
40db78fd-42c7-45d7-ab6e-a92e0067c1bf	mp-6507	f39c2fc4-a364-471c-bf2b-21c8b3e24694	43264	1e0d51b75c43332a08c9d44a6fbf41f5
40e4fbae-9127-445d-a8e6-d4ddaec11074	mp-582024	8389e363-8b73-470c-b030-9e05eb8a57b0	26364	4e16dd6a5438ac652ce1a4be2cca5aa4
40e5658b-0145-4482-a280-41bba2b1bd4c	mp-5373	24fef706-eff8-486d-b7c1-622a47499bbc	5756	9a4a6cf50bcdc409f21a9c05ada47d81
40f18525-467f-441e-a00a-c979bdcee0a7	mp-5811	18f9d6a9-e57c-4f39-90ac-7a9869b6f23c	3340	07d6572caed6674acfc4ea55ecc5ca32
4110f079-6606-4c8c-b13c-43917a24e803	mp-6224	2ea16ca0-74d7-4e9b-991b-87e603d71a97	28684	78e726d92cccb3aeda9d835658ff39c9
411a4a2e-ebe5-4ae2-bf61-ab9b0553bd8e	mp-4155	c8d83b12-62b2-49a2-beb7-dcd5d27cd2c9	5892	9c12c9480d88aed33add8bff41eaf9ac
412a2f28-af27-40c4-8b4d-0742606f7ac1	mp-505222	7ab2a810-9f45-4fd5-bcc3-4d022b7c9edb	21108	8a975677dfca8b42f9d4463f7d39125c
412c3629-c3de-46f2-bcf1-dfccbb6147ba	mp-1598	a0cb5c80-a7b1-486a-98fc-18b572f50886	7280	5f7d4208290c360904cc867ec6ef5821
4131ea60-b6ea-4be4-9422-2897838935ca	mp-18256	88a411ad-07d2-4e21-a0ed-079506e905c2	60480	f65a093422992e9f4bd4c9b1a1f701d2
413a6b05-3687-41b8-9dd0-6312d82b6e7c	mp-160	b20c18b4-b94e-4695-86dc-1dbca0843d74	12768	3b851eeedc61006da5a94d6c84494016
413b93db-a67b-4b52-81c4-98742215c33e	mp-18008	18b1426b-e08c-45f7-aa06-e26a3cfeea9a	30700	00a941afe69329d41e16d3f942e14974
413dcf7a-a97f-4a11-bfbe-eb70c0cb633a	mp-13312	9862cad6-706f-41c4-a6c9-ef06938d8d3d	7368	598f00d2deea8e07576538d245b7406a
41466769-5068-49a0-a326-539d8bee8a75	mp-35647	ed97d543-0255-441d-9a09-752055d38fcc	16600	979feaacdaa60753913a8ce2254c9bc6
4149cced-5be1-43ce-bb01-93e874e1419c	mp-985697	5c1a2975-e263-47b0-8856-97f7dac9a9f7	15316	e778a6a28a10ed31b6511b41dca25cd5
4158d579-8506-4880-b1d9-d894b1c82e64	mp-15016	8905cf2a-8a10-469d-aef6-f32c430b4b66	38368	72139aaa9366ce2e45f2300a133f6940
415be5ac-1690-4ef2-89bf-99e682444db1	mp-13944	0f15f24d-f859-40cd-8aa0-8d20a5dc0264	13732	332795a01208d16912548d078319dbe2
41683d58-e728-457b-8ffe-24059f8833e9	mp-555178	e27c7b37-8fb7-4819-ac6e-4f4258055352	73708	9f59fa4432cdaa40688fa920ec1f1d19
416e03c1-97c5-4720-9d17-609a081db81f	mp-30533	54b735d9-f01a-40fe-b509-e8d9577c800f	13288	9393d87a8198065964871f6f0cd2592d
417248bd-bb4a-4bcd-8b35-845553ea92bf	mp-28595	2eb3ae70-7fd0-41a9-929a-b875a46fe59d	15084	5b232e3aef63db7f788f896ea99a4bb2
41742129-1eef-49d6-8a28-25f35522805b	mp-12623	39a9c682-c20f-4ef2-99a1-377abaee403b	7680	db4a7e2d80e21c3289fa2e010fa22045
41798add-424e-4595-91e4-5814bb13aae6	mp-570974	96c90f53-4a04-457c-91ae-b2f2ed0f281a	19252	2f599a6b1d26cd0fc46fc4fd8d878dad
418d8edb-dc89-482b-b632-003d239fea98	mp-12984	95a10e72-4030-42bb-bc8b-b68805c956fd	29628	1ba93fefd0385192f6d9253474e299a3
41a7dc3d-4c0c-42de-b370-1dd31f2273dd	mp-30321	23930266-068c-4a88-808c-1728e966415a	45372	7ac4a4d2d48421a7b8ec7b1ba9804dd8
41ab21d5-8adf-4848-b45b-b7faaaf19b5c	mp-553082	774052de-d2bf-4b8b-a675-fb60c85b205a	8900	b368f8f8283b889ad1dd51da6e0aea9a
41b96fb5-52a5-40b3-9612-db263e53d0b6	mp-20620	b0361f6a-093a-4652-80ce-1ff3001dd3dd	2404	3a0ce5aebbfe833ffb9823dd30cd572f
41c123ae-e764-4ff8-8966-069d17e13fec	mp-30298	1bc55ac3-b1c4-4c93-978d-11ebd1e58eaa	18672	851368229626ef74e489f521feceec78
41ca40cf-8132-447e-bf74-460d91c51b97	mp-23295	1d83f5a0-5158-4359-8a8a-bda76f557877	1616	9731c7f894da6c6162173b5e1777932b
41d8c7f7-6b1a-4376-9ce5-e307ea005543	mp-23957	b37c9d9b-1f17-4670-adbe-b011b40ac450	36228	1c7421547a6acbaa002e9c97f398f1ae
41e5231d-63ed-42a1-872b-8382bf2a350b	mp-13898	14f5a4a5-6672-4819-a76e-4211996caacd	2376	86e5b8b965667eaa50049ef726a2748a
41e5d35e-5055-4942-ae41-6075fc8796f8	mp-20244	97fd2190-46b2-4efd-9dc1-a2e916fd5ac4	22456	03b91c779af414d7d80959abd12c09d5
41ee0e4d-fa20-457e-a31a-46ff0882ec03	mp-8279	3661f6dd-87a4-4250-854c-5196189183f0	6196	3df41ede1dfa5faf6bfc2142545c703b
41fa67a7-d275-476d-8233-8de503e7fdef	mp-866482	a35f143a-3376-4415-94c6-c1552c0ac31d	8840	397c153f004840afe7084bf0f65698cb
4202002d-fcb1-4d84-b9cd-d81c0d92cd68	mp-7035	ffe239f6-e4f9-481f-8282-e26d9aae00e0	33208	eefdbfaa01f633c76b4426034a367e87
42085242-3ed5-48c9-b424-325c1de7733b	mp-24428	c2519b3c-096b-4c68-9265-5096ac3205a0	17824	223b6662fd291f817f9417bf0e842fc8
42241e5b-b0b5-4ec9-b1d8-c21c76cbf653	mp-375	0cb9da34-b2b0-402f-9486-4c2c9d488a9f	2576	a44295b592b10265cef6d7d4fb6e4b67
42245585-acd2-464d-aa6e-7ad79db73044	mp-571568	fa0da218-4945-4c93-9706-24eaf7c2d61e	38276	d1be77939bd749be85b4d2ebab4d617f
42281d22-286e-40a1-ab3a-1f54153a087a	mp-554493	72930f22-308d-4a5e-ac93-06c51c891d7c	36804	6a6bc5ae8e873be2fdef1b08d79faf1e
422867a7-384b-4115-966b-eb311260c0c3	mp-24205	eff7f5d0-00dd-44cb-b83d-3924234ab532	5480	4e0d555ec73e9be4fa5dbac923077653
42296c68-039b-4568-a452-436fbc3d9a55	mp-643451	5693f6ce-02fe-4920-8258-bb424da7e58b	11916	b743934a3c8cdbf9fac4b61fc9a8113c
424b8fc4-9b50-4d20-a5c5-2cc0c7fdd995	mp-2652	3d7be3d3-d1e3-432c-85a7-d193e09598ba	10596	627ce3c8ad21c64dc5b8a6ee03e31b1a
4252ef44-3fcd-4bb4-ae21-32e8923aedb6	mp-3637	ed6c1e20-1313-477e-a9ac-cfed5cea1d4c	6172	000edc75cc7b08076a7997df51388d79
4259df43-df51-4aaf-9a7a-94895dedddf5	mp-37449	b9f130a9-830d-4f55-b63f-23c6da02c46f	24660	7707128c69a0d59124da45091bdf618b
425b6aa5-c780-4dcc-9887-10f05faf4615	mp-976291	980d94d8-ed77-40fc-baab-74cefdf664bc	10216	27887f767c2f1db19f2a57963e4d44bc
425ea084-e795-4964-ae3a-1f1470114f50	mp-653559	d7ca5899-b3fe-4e39-ad04-1d9c103da214	37352	f2e9fac25979d01c90ebc612bb2426a6
428c0138-3b1b-4495-afa3-5cebd52bdada	mp-542463	1d74ac2a-f090-4b69-9e88-6138349c3c5f	28592	6cc3e3117cba20ffe327573597e3fd01
42923d11-af55-4f94-b46d-d334e57a7dc4	mp-541696	0699c146-b243-47b8-9999-7cf795d047b7	32868	a2fa897f53beced25be1d90c73d35701
42b3a93e-ec55-4914-b025-122066a489b4	mp-552738	934e7424-9a8c-46fd-ae5c-ddee35968b37	8852	38d62f84c6ee7958fb6a3d7c9cf0e5ed
42b7ac43-245e-406e-b7c0-422c35f5b7b1	mp-17678	be4551fb-721e-4c2c-a703-c0c946f8739c	29344	e23b6e40b90341bcdc60c8c1c0cfceba
42bbb19f-8cbe-4d93-8b0f-d50d024c311c	mp-541236	a7d0db49-6930-4de8-b4fd-c911fdb60a89	69796	d6f074473d2715524366d874a042bc39
42c60e3c-b1fa-46df-a051-df34ad222110	mp-2139	5c0a3e98-26b8-4a94-a2a6-548bda9f23db	19704	c53ae1557e6af01d72e405e85ebee640
42d5f880-4078-4945-82d4-6644f0a9d84a	mp-667386	f8068f7b-e252-4e6b-98a4-6febdd138cf5	166268	545dd03c3b18501429df1e47da8bc473
42e424b0-fb6f-4cc4-a267-036d6c0edcf9	mp-3123	5d936789-34c4-45a9-9e26-622cc2f6e4ae	24500	415236695e5aee6364490611910b00ab
42f8ee1e-12dd-4dcc-9cbf-547a78c57b4d	mp-558516	ecffa01a-13eb-4817-b4d2-920fa7b0a40b	21160	071bf2406e57a9db985769c6b4aaf36f
42f9578b-2f52-4f61-961d-39393b5380b1	mp-23436	b4e237b6-2ede-4467-9a2e-27656b802e79	10152	e74e1906045a669589431f7891a67e83
42fd74ea-3384-4172-b147-8309e334574e	mp-557009	3fa614be-778f-4b34-b1b1-45eb0d235884	26612	0fcd1f896fc436830573d9bbf76d84fb
43370221-7615-4cd9-bc94-010fd7ab7741	mp-568949	f27b0336-c953-4c16-a5a8-928ffcb6b112	6968	99b16f8dbbb12d635016bd14b20dfd33
4338a862-ecb1-4583-8e5d-ffd61b76e740	mp-703305	772c188e-cb57-4dbf-9df6-dee47983fb19	60964	efb0312246ee963a98e772ad7a2f0635
434384ed-ef52-4e56-ba4a-d5bf1755a4d7	mp-9197	ad92be97-4870-462f-9818-614d4212a0b1	34104	f80982b18979a2c293e569c608111d0e
434a5a22-f151-4279-a8e6-89f7c741b07b	mp-756018	96fe6af0-7ddc-47b7-9f3e-27f36f95d588	13476	96c5e4879ebe49293082bb98676e427d
4356505f-cb24-4c8d-a2d1-21ff2e31d9cc	mp-27837	de313183-4a44-44b6-82c7-4e8ab1bf93ca	6352	fb648f4bce1ad4db729c88501f436b19
43576012-0637-4292-a23d-d2c78df39fcc	mp-29582	c547edbd-ebb2-4b40-9316-e71883fb1f45	22164	0302f1bbd9e95cfa2c75382a3c79fc48
4358da49-39e0-4b09-8ca0-1d1528328671	mp-978534	40392aa7-79ff-4037-9c71-57c04d3606ec	6740	07d421f6f39297f3b70aca93ac221bf5
437ac5d6-9a1a-48a7-b1e8-e5f98a5884de	mp-17240	7997b5b1-56c3-43e0-bfab-7340ad741e41	44640	fd725ac1494d4662f0303b753555e597
437e876f-6098-475c-a52a-de259921c4d0	mp-9367	84eb4456-1391-4197-9527-c8a05db365de	6444	9c0dda83abb002552402ed099bbadd3e
4383bc1d-57fc-487a-a4c7-351c2ad74137	mp-28513	91743e04-ca95-4a09-8b39-e340acece475	40200	dea15aec8e3957fc56682447518786ca
4384d4ef-69bb-4d7f-a967-f2a4016e6b03	mp-23214	e56f1e31-3e8e-423f-b0a1-21b98f8262e6	8600	ad9b93662064c0a34cb0d002c200bad3
4395fc36-bd0c-4c98-a22c-270a971b9a39	mp-14827	eb1708c0-4505-4926-88a2-e206621a1fb8	24060	96a5ddb5eb69a5ab98665e25d8b106d4
439c6192-cb8a-461c-b7ed-4972c3fc475a	mp-16608	7d36dac7-a691-40d3-af91-5e521306e3df	26700	c8cdeae29959f3289071ab5070c076e5
43a0d8a1-6ef8-4d68-9d04-be4a503e3c61	mp-861944	26f557a2-0df1-4f3a-9476-9a207bac5af4	15648	7953ab308882f901a095cb84e0cbb554
43b1db62-dacf-4ea0-8a60-fd41bba13795	mp-557340	6e2645c8-7b5d-430a-8842-7a2786120457	74832	ca9f85aa37320f82692b4dada6432f9b
43b7cd77-f6a4-477b-9dd1-cdd522848a9c	mp-917	b1b86ad4-b069-437d-8019-fe0c4136ec05	16056	4a0fe7cb54272fcf284764f7574cf043
43b9173d-6980-4a8d-b702-3aaa1498b44d	mp-15095	7f440593-7963-4b9a-a6e8-0756bc6cc108	109324	919e63890ae59e5827bdaddf7017c38c
43bb42f9-e985-419c-9351-1e19f0a06dd1	mp-771106	6e093948-d9f2-4737-9d44-1336db798136	89412	fe41edd638f33edcfeb7aba623ce6182
43cc3751-d488-4176-a9c6-4b7a77079eb5	mp-13190	c97122bf-bb47-4d50-8e31-e9d86c1900fc	2360	a2e553e97fc10212aaaee0c154bad2e7
43db002e-e21b-4fb9-93be-e7b350182a66	mp-557540	7a9efa71-cb9a-41f5-9fba-ee12fb29a6c1	56212	2008bb0849af65dc318110f447192326
43ed51f5-cfea-4dc4-9391-8606a5d50e67	mp-616218	6d8c44b3-4c4d-4b89-8af0-73ac0532ca25	9652	39a568faf9121e38ba34ecb097c35adc
43f16707-3f4d-4e7f-8f8d-045e9e8b8200	mp-754885	44899080-577e-4d61-a6f3-9d65727d2117	25608	57931bf243f6886b6c90fe133c1a0a0b
440990b2-bf69-4f5d-bf72-4bf51f0d5e74	mp-570687	72d3262e-b46f-4afe-8b86-2971cb01e44e	10520	70fdf12bee597e570bc0bf20bad76ad5
441c5d88-e517-4e78-b138-9519256d2e3a	mp-4182	55d5b0d6-bcc0-4d85-9a85-9782c9e7fce7	10772	26fb54fe3e6f0e93d49a4ec5b151498d
44313968-8acc-4d87-b0f5-667c69104f65	mp-6231	abae7d14-9648-49a7-a9e3-a19d8944d722	2420	124d06f2a0a4327e9115d3c6f9bb7988
4444f778-a11d-4e6c-b646-5e6a4dd778d4	mp-6941	d8eb9ea8-15e3-4fe8-8570-1d887e3af63a	12632	5ae994e4f0702e9a0da8cddce16bd849
444c7ed3-9728-4b41-9471-08f0eaeaa7d6	mp-42255	831c0e06-ecb1-46e5-90da-b0b519959d7f	20664	fa1f07fca7de878c1dabf8d54a53f8dd
4456e447-f3fc-47eb-ad0f-a20d0832cb31	mp-769390	a274f08f-ba01-4dc9-a585-67bc02a63b38	43312	8ebace143b9216b52dc49ebd31856be2
44579efa-d68f-4d59-b970-6acf2dd6f862	mp-19717	e827d1fa-95bf-470d-8122-a8a8c20b2c68	1632	5f4bb4077972f0d35f6e05633bbc12b0
44595417-f510-4af7-9648-318f12e550c1	mp-3915	65bcc4ab-daf8-4a80-8e35-15ed3fa0086c	6460	d76f9dcf7d6abba8a02178ad53fa5014
4461891e-671d-44c3-812e-313b10afc6b8	mp-3104	7e6024b8-5ccc-4ebb-9ad0-54aa34fac0ce	9252	4cef0e42f297d0e97f72efe74756824a
44644321-3b54-4f90-849d-1dc02e24b10b	mp-27544	c678a706-8196-4dd1-9ad7-99fefed95007	13344	973d7c54526fe92b6d0c778b211491ca
4470e833-8866-4858-beb6-2174f5e3ff95	mp-13875	3e747fb3-0b91-4338-86d4-a5b1ca8bd7d0	59060	b086c62a7acc49e05968f8e4815d8ccd
44766186-e168-4d57-a1db-09cde9b38291	mp-673798	71ed2596-a8c6-4ca9-bab7-08f2ed8f6ed1	15664	027ac7969ba4295f5c1aa9855480c728
44848df2-bf8f-4e6c-82f2-0bbb4d32a74c	mp-23740	e4f4b9ab-ff38-4c79-9c99-76f4ffa9a701	44696	9d2ce0200fda3f3bbb0ec0ddbaadce49
449b7411-f220-4087-af13-ad4daf0aad20	mp-643243	c5fc695e-1f90-4609-871b-2077ffc67bf8	2036	ccd6303225132f23ed6b089ca274ffb0
44ab4f29-081a-49a3-b9ba-ad06af540184	mp-12449	cf5277db-d1d1-49db-aebd-5535f00b432a	25660	58ca1bb49af4ef3252b8b565d6361c33
44b32d01-4c82-489c-89b7-3dbb673e8059	mp-643047	6583f2fc-503e-40ee-9418-871bc42640dd	17600	7248cff45c9fe338b5f71bc71a7ab5f3
44bf222d-2112-48bf-8b0d-db08c69f2226	mp-23034	199f3271-c24c-4e54-bdc1-5a7934688b9a	10404	a09b5f6b996c97a51d3d26ef167d9beb
44c12f7b-e202-4544-825e-db4ad09a1416	mp-27211	796fa11b-aff3-41cf-937d-afb28a41990e	21696	c7b3442eb42ad62f6c620833ede599b6
44c820c6-ec91-42c4-96dc-370aa839ac32	mp-2782	4455953c-f326-48c2-9387-445265f65a07	17936	b8dd7890dd03086f86a70ac5c4e5f6aa
44dc0baf-5926-486e-924c-e2555bb95865	mp-570311	44a55f80-3dda-4987-af7e-324563099768	45632	e637d2afba2359efcb1ee3f6045e498c
44ecd161-94c3-4617-8b9f-f8f2e8a6db96	mp-12309	a7e8213e-dbf6-406b-bc28-6db4a0351c29	8676	4f27394b597dec38f7d591888338d9e6
44fc6f41-c44e-473c-ae50-952cf5ab379b	mp-559639	32e78b84-325a-4032-8043-1ddfa15aa963	24152	959c06ef73c3b5ef7fd62aefec48d02a
4509da75-127e-49f3-a892-eff8af0e8301	mp-29798	bfab6c5e-7043-4f15-80b8-2e98b541728b	11376	41308dcdfb0fa8f496ea82e870c50304
450aa0cd-e1f1-43bf-b2cb-ab19ef8ed0a9	mp-23205	670f3c56-c9dc-48ba-ad6f-c9c9571632df	5964	a2c5962c7ee2d5b89b2665a365075cf0
453145f3-bd3b-4026-b823-8292c53d589c	mp-10616	61b4e98d-94ab-4328-aaf4-8bbdaaefd573	6192	d889831f7fc0a8098e22a4f77ec945cc
45371a72-b75e-4f22-b689-cf7d45749ecb	mp-17392	44fd5d2b-3a54-435a-9342-e652e41604ba	12376	47466cea7a0918ab35c2d358658f46bd
455eb6a1-eeb1-4b57-b3ed-520c28bb555c	mp-505366	4df7767c-5b5a-4b33-a584-3f5ca9205f02	6208	b32f6b41fc395171d8e5f77cd7f1028b
455ee68d-ce43-47dc-b3e2-f385903e6244	mp-29035	e903f5b3-75dd-463a-bee1-f25e3f3957fe	29108	62fb75575f9cc4b394d90c4f293e9ba8
4565790d-abdd-41ab-ba34-75e14e4ea337	mp-22147	af7a1c51-09be-40b1-aff5-b21b6635689a	22360	c7df36bca7d84d3ce3e9720bc5e59208
4583f4ad-0611-425b-842a-5a642c3360de	mp-557672	e3ae12c9-eb97-463a-930f-e8deeb549d59	73684	d15ebc5cf270cc656bc5ed01ad0fc7dc
45bf43c2-a548-4c65-8774-14896dc1ff74	mp-9089	20b4272c-270e-4371-b910-0c756fc3b6c5	6372	43e48f23f58e45dec6e8a7faa860b326
45db1e5d-1f28-48b0-926a-e16d5a1894cd	mp-978985	fcc9b5c3-12c3-40cb-9ead-9e193ad59505	4536	200c1bfb9f3db8fd55228538001f9373
4605ae84-c7f1-41a1-a423-83ecdd74af22	mp-984519	9f6ac29f-fb86-4dfc-b7ee-ed2e5d0d9e63	105728	fcafd0006d136c9c346198c7a42e8664
460b2865-4237-47e6-b9f1-9119964d403e	mp-12779	a4a0ce27-700d-4556-a313-de06be5e4937	6524	6b28a680e50f3b39ef19e4c7fa38e01d
461961af-f73e-4665-9e6e-2c17a2b0bb4b	mp-5348	70637a6e-24b1-41ee-a394-04c808a2190d	10460	e3ffef7cf1d7279465b8a91e6813bd6e
4627bfb1-8e65-426d-ab57-a175197275ed	mp-555508	45dc3d4f-6c0b-4aae-8ea1-f6c50d2c5fc0	40348	39435bf404878b668716624b88d9c2de
462ee5b0-f152-4d2c-b353-9395fdde7cb5	mp-560875	cf1d1909-76bc-4589-a64f-2156a929955b	45516	559e6a131a6d29ef38a56ecf57215d62
463abbd7-756f-4357-87fd-83b1d8ab9d32	mp-22885	282589f4-da8f-448c-9de4-e691f37cb5c1	3848	cf3498677a53eb68fc34ea3fb18df788
463f04c5-2e62-468c-8b23-7286972c2ec5	mp-30900	97f55f49-b84a-45c8-ba93-bb333adb949d	29448	a0e01f1fa528df7259e714144d5e4d2f
4647cdf9-609d-40e2-b4eb-e42223b4f51d	mp-567534	2d3265e7-0771-473a-b1d4-8cccf54368be	20704	99c19f145d943fb6b1a2032851819822
464c8a72-b768-4b99-a86e-574463e180ca	mp-15573	52f15683-6ca2-48c7-bb36-eb1ff22650d7	26084	cf8a537a7eb63e993c161ddbc8a9efaf
4650830c-763e-4c28-ac9d-22e2967bc0ef	mp-27144	7d2a20c2-03b7-4e1d-9b71-5225a84241c6	14376	32b0b4044c701595f4c7493e4c70b102
46588f0d-1a56-4443-b61e-813f4e826f40	mp-4841	b61e4a25-6c31-434a-8bb6-0bb5ad803edd	29608	6c1be7eb9ec5209b35ca5598c77194ae
465df95b-2eae-42a9-a52f-d2767bc32bae	mp-557227	da05fbbc-49fa-4430-8a68-7962e6ec5709	46844	208049536cab7cf2dd9475b35f0eb941
46820eef-0beb-44d1-b586-bd878009e514	mp-10804	ef10f2df-d9ef-448b-a11e-32526bd4257d	37124	44623472f1ed76abf66d0a2d917f9b75
46870376-1da4-4010-9b2b-d0d3ee642255	mp-17709	d342555e-291b-4c4a-8afa-18dd5d9a5008	60544	ae5a2a1c301cc295e007b8d3b541fb0b
46b9db16-9cc1-43f0-9083-29785aaff228	mp-23736	ae716e1a-fd88-4696-b279-3875678cb164	17256	d4390d310625da8c922cc1608b50cd30
46c0ff98-ab88-4ff1-821c-9788a7558a18	mp-30041	7e5042b8-4c5a-4dfd-843c-56a1f637aa31	6280	dbc37a09b0de7c035fa36d79dd9ec018
46cfbd3d-a235-4238-b722-16856bb672ae	mp-698491	4c5e695c-a347-477d-94b9-9f23500fbf0f	29888	4e0a82068a7ae843b694daa8321ae790
46dace96-5db9-4694-a36d-6a6d4af13862	mp-636461	583eba8e-013e-4b48-bb55-060df921e1c2	15968	967ce8eb0e0ebc6939af26d7a62b13db
46ff9720-13b1-4792-b694-91812402bf76	mp-13195	807bd04b-10fb-4f59-aace-ac4df31f355c	36900	8734b25799ea5a34cc37df3a85ed94f8
470216ca-07b5-45a8-b9e6-5865371e188e	mp-557844	7b562c46-9c42-45e9-993d-e90a31155861	57520	8b259bcda7b167acad759a7ad5bbd982
4712ad7f-c747-4c22-b5b0-43f07aae88fa	mp-569510	01f7d499-b9c1-4aa7-b5f6-67dbad9b2e9c	32516	f2962bc423fc9f7936ce5a761514185a
4716b5aa-01cd-438a-afb5-00e41fd3676f	mp-8203	daf35aca-a564-4eb4-bca2-4e42741fb6e6	21292	632944e769ec4d793eb25bd7c3f08cd7
47197316-50bc-43f4-84cc-c28c620e74e1	mp-6853	28939080-f1e8-4914-82ae-518743c7a615	16068	017bc280b75423af400860b7cf03d39d
471e23b3-c45b-4912-9019-6cf1f060d208	mp-559053	9ab38726-06b0-422f-819a-c4b7a6673531	50020	226f76b7e69ae85e9ad7c0f2d36b2450
4720430d-ca17-4ed7-872c-c764973b64ae	mp-29170	fd68c8c7-a2c9-48bc-8e3b-3c5a6942073a	9636	300f50893486f12dcb2d117b0f965352
4739163b-b4d9-4f91-b1c0-7d893616dde2	mp-989645	0b03d60d-f92e-4e4f-a855-5b04096d324e	23400	f43520f70eae34940645906be767d81e
47451358-9576-4021-b70b-eb38b0d41d4a	mp-756852	61878656-1249-4b4f-aeb1-199133a43a3d	37592	8881031f0b02419c13f2c97992a6a2ae
474cc37b-0554-4391-bfc7-aaf6fabf1249	mp-707874	1039fccd-6f84-4edb-809f-7213ae45852f	58100	bd8c905f441a4a0f3fee1850395a44be
4751aacc-dd98-4fc7-bcd2-f2485b06c2d5	mp-1087	757f22d1-e794-4719-80ae-24097f605805	1620	54c788896c4725616ce21e96aa071ed6
476319ba-9e86-46b7-8914-6c036bda6996	mp-8812	ffc04afd-08ba-43a0-94b3-4512de880e47	2024	36ea106ae3d913bcc5f261f78f893133
4763bc73-362f-4407-80af-b3a06ee084be	mp-6091	dec80bda-16b2-4344-b40b-2f450f871efe	82532	de3231d4ae61edff29caa230ab758c52
476429c5-f333-4076-9e88-433997e35164	mp-27863	8fc05269-6c5d-4227-999f-a989973b6a7e	10260	c6d6857e7cc1d0a299cd59bdf31d7372
476a167f-09d6-4154-95b2-61e7296f901c	mp-1591	5f4bca84-7843-4f99-9fc2-d19c0f5ca11c	8072	bfa3313685604f6393df1117f3f960c7
476e043c-72ac-425a-bf8d-8e2f907b1d0b	mp-555982	c1cacf53-57c5-4bd2-921d-e76224db236f	32680	0a7ec1359b80a0acc0ad9479f07d312f
47ac43ad-cf3c-4333-9136-021c2c04e07e	mp-541619	8f1cd2b7-3754-4838-88de-358be74b39e5	50520	6ec7eaee178a4971f13b9db26b2d46b4
47acecdd-4670-40db-bb90-2a977bba89b1	mp-29019	43bcf0c5-fc41-4d1f-b54b-93bad8ff810c	16412	eba35b4dcd5b7db959554b92e18f1297
47aec8ea-edc3-4324-8d7d-fd9bdef0951f	mp-3956	0eebab28-855d-480c-8297-6613556d5121	26348	3d3812842b5b9b74a0461adec7a57585
47b3cf14-c040-4926-b8cb-166b41bbf14a	mp-9480	da16ad65-fd02-4a1a-904f-25b8e4ff91d9	24736	242787326da3c358e04dcabcbbfb2053
47ba3351-ef85-4549-8f94-22cfa695ec26	mp-555730	8b2fbf86-c994-4276-b2e6-d0a1ae3186ea	19996	06b372456edd484a1094fb6953932791
47c7b0e0-5778-4ea1-8594-e1e18058cfaf	mp-644223	5ae2872e-4058-4ab3-bc5d-958a365ee915	9972	bb82e12e4e831fb0683863c2b7a5f2d0
47c8b492-3f21-4e80-9e9d-3a138e619fa0	mp-7494	d59f6c2b-dd1b-405a-aaf7-1a9bcbb3a0dc	33140	d34c756893b61f51dda0cf58a28e425e
47e86f13-062a-46bb-bc05-205c0443d893	mp-23122	8a3bffa1-616e-4f72-bfa0-5c52740234b0	55156	b8b08799af5e933a412df8d363049afe
47eeab7e-3506-4be1-b867-0979d8b5777a	mp-6824	99a466d3-80f7-421a-ab46-21bcdf177f09	80304	bb7c3b582eb5e962b1082c72379153d9
47efc04c-30c6-4e8b-855f-c6b0f65d3aac	mp-11925	7f034d11-3df1-4a43-b6ee-3f9ff5f52752	31996	f2c695c466a9e71825002df7c7d81755
482f6243-a037-4309-8878-1ee62378909c	mp-7941	8a21079a-ea7e-49ba-b945-263dc65341db	12880	3c76f82b2b901920bea79370ab046c99
485c0d72-0fa9-4dcd-94c3-37ffe03e0849	mp-2994	aa6c3be3-dc87-430b-9a19-d10dd43c7e48	33076	21368de577d6a7dc1e161f7d95545cfe
4870e97c-dae0-4e62-bee9-a53e7b632d2b	mp-556395	b2ad2c0d-04c6-46cf-922e-57dd536aa559	45840	35780f33707cb270ebc61a6d09ff38b7
48735b6a-92a7-4413-841b-6bfc7a35636e	mp-22925	9ab88ac8-09a2-4403-8754-9247da6cf567	1812	21a1f68404ec9e416bd5894651b578a9
487cbc10-dcf0-4b2c-949f-0140e59f6377	mp-28713	8d870dde-835b-4185-8d51-ce8c32b09303	74720	8c2866cd6fe694da7bf3a80fa09d2801
4880433e-8d41-4155-a8cb-63c884459256	mp-567680	f9780939-8c94-45ab-94d6-761595e41d3d	12172	8acaefc485898aceae16ac661dd8b098
48830fdf-bd9b-4202-b5cb-b8652e8829ce	mp-625526	7aa94514-45da-4ec8-a4df-32cf2954599e	47964	3a806c9b3fd83ff0cddee00c024755d4
488ea15b-be08-4999-9ca6-6d2ea58eb8bc	mp-3595	c54fdb3e-cd48-4fe3-8472-90a9c3f29fb1	9572	6cf39a793f86cd7dab0f50dc1bfc97eb
48a708fd-d8fe-4b2f-b4cf-1e5357aed639	mp-614491	71574842-841d-48e2-a2d7-132eb213638f	32444	7bd8612057876c46ecd641d3dd5fae1b
48a9756f-0946-4e9d-bc82-bb80a4689ea2	mp-769268	05bff28b-5f5f-4f1c-8df5-1f1c386900a7	26684	8f971069885b790acc0b4ebb41af7c68
48ab53a4-205d-42dc-882d-4c45a883ebe8	mp-27301	ba2315b7-b836-4bdd-bb02-04099f1835ad	42864	042d4710a1e30e878b263338550cc340
48c1c15d-8469-4b1e-9c2f-1404077c141e	mp-675562	8bff4e3f-41a8-46d3-87cf-5e29ba2b6a6e	39404	05a2a1abab8eb4c8fafcb0761c90627a
48c9cf6c-0fe1-42cc-8a61-e31f6266cc4f	mp-604	0cbede21-5989-4974-9d16-df95b09c0634	26596	67d68ff5c6d845171c6c2f0ebd2e93d6
48e1a358-0846-4acb-bf63-056ae3c19e2f	mp-562473	9a507f9c-bedd-4cd9-8627-367985c5b907	24284	95de9345eaf4197c275c8f5cbfbb0799
48e4c549-1106-4f89-a92a-957f19c84682	mp-22791	1dff46b8-1a8a-4673-b138-dba14d460543	7056	143f7d5e1a9b6aae87ccea48ca2d068c
48f80a72-da5b-4fd4-b5b1-8bde6c4151c7	mp-31115	67f38351-eaa6-471c-af2e-0995ae2f4bd9	28584	d423b5908d3efac4c7cf3321870836dc
49006088-5a9d-4cc3-89be-b8a253d23fe6	mp-14495	193d9b9b-1086-4ced-8adf-e7dacd40cb98	6328	fa95323bd83658f02487cd529b910c74
4908ca9f-c1d0-4b41-bd31-7511e170c4db	mp-541772	6bd33e3a-27f0-4229-9a14-b393b4d0f040	28064	bebdfab50ea16b45cf6ba6afcf5f586a
492719c3-0dd3-461f-bcd7-79b5fd471eb7	mp-5730	ce5874c5-e62b-49cf-b378-4adccd77326e	53724	f57fdb56b704fd7b528c48c01d122504
49369d14-96bf-4969-b009-74c27c907e6e	mp-21604	4bbc01f9-2464-43ef-be28-ac10cf9c3849	44116	146a97c66737eb192f5f64b19b98a2c1
493ed764-70ea-427c-8819-23149e6341f1	mp-29775	3f4b2329-25d1-4f10-b996-7e015d6ff56e	10544	5a377c745262cf79587e5067584aaf77
494121ea-47f8-4690-bf91-89c430c44aa8	mp-570232	74f44b2d-b7e1-4dbd-b19e-6606871fad37	11484	da1b6f09aac509e65f8ef235440cd7b4
494a8256-b2b5-4abe-938b-e18b2667847c	mp-758238	a3a6ebe8-e737-4deb-a9ef-78115a6619d8	49920	c8e66adbfe6f0c735ec514f72066bbf6
494af643-629f-4956-8e4e-0e10c9ea0de1	mp-542843	c7b95d0a-03b9-43fa-9e44-a2b830e982eb	161324	bbe9a4743da44e048e737ee643a567bc
4951cca9-8056-4fee-a1fe-da86dbe771fc	mp-27417	d8b4e22c-c3c5-469a-ab17-34015d8402e2	19580	87f1c0f4987ded218f0ed954b6cc14b5
496e83be-9415-4321-8644-578475885382	mp-559383	10701b6d-e521-4591-a517-a87fc66cdbe7	60724	d594c8eb19d254eef1222e18ced9f2ff
497c1b67-bea2-476a-8fb3-916629b7ac39	mp-780406	cf78da26-b7b0-47c9-8a89-eab4e33a28f9	111088	fa34d59451a9432a17e3ae743464207e
497e33fa-336f-4d42-b594-98d78c3babcd	mp-754834	5b8ec0a0-0ce8-40da-b3df-467bc0f5deed	6528	530bafa19372b181976634c9a45ea2b0
499d37f8-dea3-44dd-9d71-9849670f8782	mp-557773	56058f6b-92b7-451c-96f8-8eec32411b58	20200	3e9f1ec5be068c2f20f50c8355594e98
499ed22d-f2a6-443c-a116-764da457d43e	mp-16280	a5ddfa59-db07-49be-aaef-253b0a26f8c0	19128	ee4e5ce40f04351ec2e5c867728925f6
49ad5fcc-6ecf-45cc-9460-6f71bb8ae743	mp-697096	8911a602-0587-4450-8228-951f229d1951	5744	f5c2db8bf68d1d264b846c7033b8c423
49bcec36-da1b-4c2f-9327-aed3e38b2ace	mp-561525	7366a5d8-cc3c-49da-860c-5f6a9aa1d0bb	20876	f6a3afff3c3c672dc07935d2b2ac1840
49df2f30-0f26-42b6-9010-b6c569a85255	mp-17148	4c80b95a-9fd9-4819-9a90-844395016512	45032	452c875a7bc9761928676dd0b42c8ea7
49e12695-f32c-4b2d-821d-bed2d48da8f3	mp-19956	ce7180a1-6f6b-43f3-b382-58673deaad26	13280	98f459aaaf6071a528d9884999660fb7
49efe17f-1326-44ae-8a3b-20713bd1b693	mp-7129	75be8f69-6a1b-4256-bb5b-32e4561a1617	7864	f7666b4bbdcb91396f462b50a4fde714
4a099641-ad5d-45c5-aa91-d8ad5e71c76b	mp-554845	eaf1c6a5-75ce-48a3-ab72-84fc7bb07ec6	24956	77497fc21ee75a9f98232e3fcd000adb
4a0d2518-b562-467a-bbc8-ecd133e0093a	mp-971673	f369c726-f78a-44d5-be5d-2414d9c8b960	30780	0fb226bfe1a8c0aa0dc0aef8573ed47d
4a0e1875-5134-4ec8-8c22-d609609d4ba5	mp-567931	a13784bb-ea7b-420d-bf62-2ecb3dc22c8e	7712	54922ce0d255acea8c9da6728f4f0640
4a325780-9478-4d58-bdd7-f6badb30858c	mp-11923	910f6a1b-a1c2-4728-a87e-36559002203f	16748	ac41bf4028ce37785f4b56903e93abaf
4a370585-d23b-41d1-863c-9acd91445698	mp-558669	dba711c2-135b-47d3-9659-85c0d09855ad	12040	a8e2ff30f55f22301812d92b68ce45a4
4a3921fe-1576-4cc5-95a1-be2e8e8245ea	mp-755116	ef34284d-f14f-4ad0-ba0a-a24148569c44	5708	278c997280a0928dbefea4d47686b5ba
4a5301d8-3564-4cd4-a1e3-f35b00f0efc4	mp-40685	a399605b-73e1-4904-ac18-0d1cabeca709	62044	cf5b9ecd40f25aad6d471a93f2807c50
4a53f582-732d-4e98-8cf3-3c525f3ba453	mp-866314	1dccd0b8-0b2b-4881-a10c-5c6ea6dce166	70488	2b19452b96b7fa36c314888b256de04a
4a5a43df-b14d-4bec-9214-13326ebad38d	mp-18126	b0b65e89-7150-4c1f-a569-74557863d8cd	16052	778f4681c8609d6945ef7b1205c22f73
4a60c06b-2b92-4beb-82e4-a14ac23bead9	mp-759405	e39bbcf6-34a3-406a-b410-26371b712e99	26596	cf635f8eaca5b33eafa509f309fb610a
4a6c2d03-1463-482f-81b5-a0b90a4ca0f2	mp-10969	41ce75a3-448e-4598-aab8-71f4bccaef02	6560	f9e981cde899569960f94a0082a7c8b4
4a737999-b80b-4687-b2c0-a2bf8dd131ad	mp-625394	38c184bf-9d05-4902-8f39-bb82105156c4	11680	803d9a9d64c04307ea8f2cfda626f8d6
4a88f88e-cd66-45ed-9e55-4a20a18333f8	mp-7801	b2f48e81-02bb-4690-b84d-620101ec3367	10120	c3361d7e1af1224acc44c63b87cdebe3
4a943e9e-35d2-4615-a3ba-2edbabd6c4b6	mp-556129	d721fae9-3bed-4f08-9ee9-fa8fd0a6d97c	26384	d7c12c8c5e431fd3074a2b308939a662
4aaedf37-0ad1-47d5-bfbc-e9cc72c59693	mp-27996	2aa3c5f0-dd3d-415e-b6cb-cb3b635013b2	35604	826e7eeb9b8fffcaa3963e5d6c882cd2
4abee554-0975-42bc-a2db-17940f595cea	mp-409	62b8f01c-a513-4b11-9775-5455f3d2ae88	14604	77bae430d653935e4a0a089fc380b6c4
4abf83be-481c-44db-a7dc-f91a883d8e48	mp-21724	23af8398-6137-4fd8-9052-79b13a39a3bc	93064	2c91d288756318a33cf1af19391d43ec
4abfd275-22d4-402e-8ecd-099e96d1bb1f	mp-28760	3ad22379-2c61-42ac-9e04-d6de88fc4ec1	15420	3069b63e990b16a22ebf72439a4fc1b3
4af02f0d-06a9-4ab6-83cf-7e59c6fcf49e	mp-524	e4d88ef6-2036-4355-9eee-e4b537f39eff	61348	b6b92650dc05d07634627422869eeb50
4af1af17-d42a-4b36-b8a4-a84a09dc0b4b	mp-560860	e3d7f917-1972-4467-b870-c85732941505	18928	d48ce7acd40d1065946ae430f1c285a2
4af1f0e3-8012-470d-bdd9-5cc1328086b0	mp-4886	7feaaa91-abbc-40d2-99a9-550dda702be1	6584	52c5bb97b59fc383c30229aa5634831c
4af286a4-10f4-484c-89d2-fdc45faa15d3	mp-555421	6c3d04fd-0efe-4997-b62b-919a9f251692	71336	3d2acb72d2822719cb508863f6169855
4af6fb61-b21d-4ed2-83da-37ab1d0ab187	mp-555188	13b85bbd-9bab-433b-9cd6-e992a575e566	170516	1bccaf9b43b99b2109152a610dc19f7d
4afd6c9c-2aaa-4d27-a03d-ab2d4f8260bc	mp-622213	98ccf325-3c65-4772-a45d-2401e2775ca5	19448	9a4bb5a63d2b04dd2bd9c5d143617593
4b29ec5e-89af-444f-886d-13a0d47db825	mp-643801	0a94ad32-2253-424b-8517-2128fd83735d	9740	f3339e332a19f908977c74d83c526fb2
4b468f5f-cd56-46b9-9fa2-564089a1d9fe	mp-4784	75a96b44-af2c-415b-b677-bc6125f0be2a	13616	57924d8fb809b3f0de0782fa787e14a7
4b74c814-167a-494f-ae59-08cd7d08b5f0	mp-15701	b342b1db-826a-4514-8b90-0b97f149dda6	10300	50822810ea1b33c6b747e9d7129cbc22
4b865074-f6e3-4461-9b3f-3ad366023e90	mp-23535	a6994288-8d6c-4350-849f-4d68f474fe4c	42700	ddc31d0441bd6667bcf054f1d9514a91
4b876c02-3262-473d-a22f-47783e83cbff	mp-6296	9020831a-051a-494e-962c-260abe0d60b8	25528	f93263815be13b39b3800d9ddcb2e3dd
4b93e24d-9946-4525-9f0b-30128db1109c	mp-680087	68fd8516-5b0d-4429-8d0b-56e243e795ea	110064	58d7a991a8b677bf35b341f818d91302
4ba3dfe9-f978-4e1b-a36b-28ebcff9c5ad	mp-772919	0ed2b3d8-52ff-43d8-9f8c-e8c15fd53282	77164	c39de91d89f139886118a7c0303a78cb
4ba6df58-3039-4393-a7a2-92608fa597dd	mp-22569	5f6f3f40-4900-4fc9-b04f-98c27196dc69	21516	918eb39455a7fffdf7a1343b0ff7f882
4bd5be11-1845-4787-949e-b1de5068278f	mp-14168	288097f9-35f9-4f0b-85fb-ba51fb2bf23e	21052	28afc7b99fd2b54b325fc49014acd6f7
4bd6ba72-1606-456d-ad79-f571d7c5eb7b	mp-6586	226fc933-bc03-4e85-a72c-588d544a8761	2424	bd4bd2d80b92333c482734ef5bd9c34b
4bdcf273-e3cf-48b7-ad5a-a6920df38388	mp-554236	1bd85926-6ece-4419-b454-b6895ff718d7	24140	34a2510306ee74fc8af410019f34dce5
4bf13260-ee72-49c1-8cd4-9b02c000ce6e	mp-556005	e4d3f401-0430-4be5-8113-4edb8d010561	46276	9603f60ca90fd7c51a27d00fac2acbc7
4bf4e9b6-acf9-4bea-b552-ff2146d323a9	mp-28108	88ad5948-d04e-4c56-a9a4-27b340779ec6	68252	74eaeb5605f33575c6735c66eff927f0
4bfa9d83-15fd-4ede-b96c-3f77a2b538d4	mp-8187	5e1b3cf3-78a8-4599-aae8-07a8214bb4ff	8972	da152738763d5c571c7dccac25c99e55
4bfe7a7b-ccba-4d09-9bbc-08e533da6e32	mp-555488	5434d802-b8b6-47aa-a980-9c9b44df5f47	64616	5233999337ed4cbb2164d34bb9aaf9d6
4c013e1d-22a8-4f36-b1bd-90d341d3f551	mp-17673	575b5472-528b-484f-b2b0-7b01160c8712	26804	d495ac16f696b9b40408ad71e86e6eb7
4c030038-73e0-4ab7-b633-ab11651ebd9c	mp-23347	e1b00194-5abe-46cb-8f3b-d71b09dbb569	9636	71ce364ec8222f6b0f6c4c0c0dfe2f9d
4c10ca16-21b6-45b6-a340-01e19229ce1b	mp-625406	46ada8c5-aa12-49fe-8543-f3e5b16b796c	28132	ddb6edd0e417d35274035ec16f5db782
4c12dcbb-5453-4e1b-a0f8-20b0b3aafe1c	mp-28491	fcf8125f-7e41-4b68-b7a6-a1a445a7a7e0	14192	2ad5e6c6db82eb7efc0fa00144293405
4c28cf1d-eb7c-4f8b-869b-206a07da3885	mp-226	b06130fb-8d9d-4add-8aa8-7d296b929e48	4444	b1a9ae69b4fc8e2aa70095ff5e9bb70e
4c2c1377-fb7a-486a-8bc3-e088e0c5dd90	mp-28483	163dd892-9b2e-4524-9a4f-c9a7f61f6a1b	8288	db0bb753b3485d52de70374a691afe76
4c2e9347-f5a5-44dd-ab7e-21f7cdc3da03	mp-28351	b6a9a96f-084c-4fdc-9e5a-951660f3a83d	63656	2772d9bc4ab09d966544e9197868cf92
4c440338-cd2b-4628-a547-4ec7fa951fc6	mp-5226	e2730008-25ad-4795-aad7-8183c8437435	27720	cf8b22ec15d92f0769e1f859a135a9c2
4c4f5a5f-c504-4328-9ec0-3d812bfe0b69	mp-752922	423503f5-5757-42ba-84b0-d47e44b42b11	9464	b189195034f1dc190d83962251cd0a37
4c52fa2c-5524-4f31-9708-5272256c9660	mp-720583	298ddf4a-1e17-4f60-b6b9-64d6c56ac441	60996	f4b861f2c3c7deae9808c4bbccb6aaf4
4c621ee0-0213-43c6-aa03-078926e7f15e	mp-571539	757d4cc2-2761-4b8a-a7a5-e61aba3dcc42	38872	e071e47f8a9e16dfbf0b56ac27bd6d61
4c7965bb-d9c9-491b-bf8c-318ce0379497	mp-776023	23022624-d55e-4a8d-85c5-ad9465463499	26872	01574035bf2b567948b730b37199ddd5
4c81edbb-0531-414a-a18d-f86d81f2cee4	mp-38322	97ed0c6f-3862-47df-bff8-a28a63a80fc8	76900	0771218ba47d807f924fc777ac5b2ed8
4c8af966-52c5-4e58-b613-337fb8004ea6	mp-555487	ed8c269b-7ba2-44e0-9200-20126297244d	40916	12fb85818758e49dbf0a4e32741094a9
4c96d230-b407-4308-b215-1f59c15157dd	mp-556413	8e268bc5-db98-41e6-b95a-d32bedb03ba1	45444	80b9448a58095548e88d9cea0a566b78
4cb170e1-fc94-4658-8849-6da73a3fec28	mp-28448	f024a9e8-987c-4ce2-a874-53264e2e6132	10872	85106fef3f995303879ef4af997af26b
4cbb4411-fe2a-4869-a143-8b8b13625234	mp-753378	05389703-4e6d-4868-8e10-27c428b4cc7d	29272	2dfb774d83d48c396ce006ac4f5fd980
4cdde193-23ef-4fcf-be6b-bfbc5b1f6588	mp-672273	8414dad0-8909-4a1b-a956-010bc6f36e2e	57068	2cb988b7639787e27fee1df74983d992
4ce0885b-217b-4316-88b0-f1f0b749554a	mp-14889	55bf4dc9-b886-4df0-94df-cace259fe5b7	25568	93ad811bd0d460d411b7bc3297300ef7
4ce6aff3-764c-497d-b5b0-26231f29a833	mp-34330	78c853d2-b6bf-4df4-b18a-5dbcd9907ef8	11316	767bc19d3b84d86058c95a5e4371d373
4ce9ca3e-046a-4a67-a8e7-bb0a9ff3cca5	mp-22323	ffa747f3-2f52-49a9-abce-da614d98e234	10244	de72e2bb547682aa949a7f8d6a06d658
4ced4ec9-1874-45a9-a2f1-5202d928f5a7	mp-569939	8683102f-bce8-4b0f-b7fd-c2bb07a89311	21668	f215297830f9f9b7ae959e4b058f18c4
4cf27364-3e6c-4611-8c31-e978a4ba8fde	mp-29160	e06354d9-414a-43aa-a63e-f7bea052076b	36188	182c5dd365fd6389fba7c689c5cec5d6
4d0952e2-854b-4ed7-abd5-520f64365650	mp-772900	5c0290df-5633-4284-8c7e-b0d959f7c0a4	77768	a95a066f76ca3331c9793a2a68f38437
4d1951d5-75e7-4ec0-b4ed-68cbc50b9882	mp-567278	672f431e-03bd-4580-8fe9-cd67cb339892	31996	168a3cd76aac1f74a93ea6d8664979dc
4d2cb8ac-6fe3-4c27-8d7a-1fc723a02bc6	mp-559092	17d41197-86d6-4a54-b0e4-9a5ad33eb9a6	4812	8508b0fec1ee0b62c60c94e653b08b5f
4d32cc78-838f-4b96-a9fd-5ff9637d9b4c	mp-542482	8f50e797-6fd2-4c03-af19-cf971762895d	27356	3f6d2e686e63735437dcca2337ff4080
4d486d90-82d5-46c1-a994-8ca8e038790d	mp-13108	3b80ceaf-f39b-4474-84d7-7f9f65689dd9	10292	2fbfb31591bc513d00746cdc50dc17ac
4d754e92-8d7e-4807-8755-2e1e76388259	mp-752405	fd800f23-ff3b-4fbd-93c7-e8bc30149af5	63588	68a0e075f01bb0b3ba66e64b5eea3ebe
4d759e84-09e5-44b8-b7b4-b09b49907fc5	mp-865735	68a96479-2d8c-419f-ab06-8a8bd40b3837	3104	8f1e72a6060c7cf25a8bd7f52b3d6f88
4d7a797a-57aa-42fc-b414-ca65b5c375f1	mp-21489	9fdcb3ef-3c6e-4f77-a674-e6e021e9ae1d	19280	1113da6edec20e0f3c2d568f430298d8
4d8047a3-1c13-44e4-9d95-8337d9925a05	mp-29327	1a02636e-26a8-4557-b5db-491fc70a7489	5676	c7515875a8b31236cd0c61777ee67d94
4d908150-7a27-49ec-b1cf-dde599759312	mp-775944	c3d98f7c-a01f-4ecb-85e7-9f235ab91a72	50128	9a5eedc4f4b529880659eebf64c0db36
4d9c1286-1ef5-49e1-bd6b-f47c31a14d45	mp-626411	4cdc6f59-11ce-4e08-ac6d-6467968da2a3	26416	c0862f78f1513551e71d4532b75d3864
4da6e31d-95de-4f26-9523-07a8ee57ac97	mp-759928	5a50a8b6-339f-44e1-9dc1-f0a809c90158	46892	aeab8d8bcb2e359d6fbe657d92f02d44
4da95fd1-803a-47b4-895f-26fe3cc1828f	mp-773843	4cc674c1-3056-46ae-982b-a8e330774bdd	158864	a1178b0547966bffc50d11c07a70d30b
4dad24e2-59ca-4899-bd08-a4110e7b6d7d	mp-24121	10e6f8e1-5d39-440e-93af-e198b328106e	11900	7527f9c61f392b768ae3461c24497d1e
4db6f6c1-1e22-4975-a71e-42371c4a7a34	mp-16998	2adc7d08-1aab-4ea7-973d-7684f690f0d9	68740	a0570c20e2a058ffb509a57ecb1dc9c8
4df07b66-f6fe-48e3-8978-18680277e9ae	mp-778950	ab63aad7-ee55-4b3c-abb3-44b9f1673be7	58256	b73fae4bb328929910912002937c885a
4df70f0c-d206-47b1-bd5b-56f60df1a4e9	mp-28344	344bff5e-26bf-424f-ade1-52330c790545	28000	3d5fb60f2bc6fed81fbc502ca4d1ddba
4dfc36c3-9c45-4ee5-9a7a-7cbd4c24078d	mp-27775	f710a456-98d8-480d-bb42-53572a30057a	9868	766df1b37cb98fa2978b252bf4a70a88
4e11b520-8f62-4794-ad61-6542e5ddd002	mp-2310	b24eeef1-80f2-4e6a-93d5-cbc8aed7f89f	4208	7596e53985ac4312f4a12cfc90889765
4e1736e1-ac4b-4303-b624-36133d3ece48	mp-568289	972e509d-4ef0-4210-94a9-f0d80dcfcca5	9712	f9998893029a1610d827ba0c3d68cc52
4e1c391e-fb6c-4114-8558-855e94de6dad	mp-28782	ad57dc20-0c6f-4d5b-a94f-8c84aa96a6cd	16824	f11788e5b15f0b16378cf133d6529d2e
4e1d6371-814c-4489-ae25-c8bef8a830fe	mp-4551	7fd0964e-781a-45e6-9bd6-cf8501c5a0b3	3444	9163e9d9f0abfab9a7be4bef3473be65
4e1e801c-2029-4eb3-93b9-55e12cb81f3f	mp-8175	7169489a-da69-4dca-a60b-a0817acc9a02	6516	772cb4b527fd4fd73f3cb4cfb5ca5455
4e21f588-b667-4a42-a6f8-10595c067e2c	mp-752581	87fdad24-7f02-43a5-9206-a0aabcebd758	7068	cb29b837f17f8804af8c90009e4e3e92
4e30c7d3-2fdb-4eb5-8087-3e192ced231e	mp-755738	3c602359-b604-4643-8bfa-14d22d43ef8c	15500	8594018397e08a399e0bafcf9da1e47b
4e3a20f5-d1c1-492e-a16d-cae0f93bfc8d	mp-768150	51c98491-3351-4221-bc63-7818bdf8f4d2	16164	4aa3076ea17862388e69238565eafa22
4e520c30-99f3-4c33-89bc-9f789175c698	mp-6949	c4bcdb55-21a9-48a1-9768-9658db17d02d	6644	485c0603d98f557996fd1c53331a8dea
4e6892f8-5fea-4081-9ab1-bbca7c76a453	mp-8348	5537ab7f-682a-4158-b9be-4749b1876f1f	7392	a5e48a8adeff25acf31a6fd87fa44045
4e6b657e-f185-4100-8fe1-d27aba10d7e4	mp-6326	5121fece-e349-4e43-ba25-e5613da7faa5	38716	6a8d5917a800136633228c83e0e7b341
4e88d517-8f0e-4919-88af-3e9c4f3b7711	mp-863358	4ac9bf23-167a-4862-8183-dad99742d43e	58920	b37d7f9157322a87cd77610f1a1c0fbe
4e8d7718-b91c-4905-b88b-76da9deb16be	mp-13840	5a016278-0151-444b-a737-97d50faef470	15616	6b02f5a69acc1eb86fb860fafac9190e
4e917824-5168-462b-a06c-3783757553ca	mp-16889	2a33c9de-84fc-43d7-bc71-52e526fb5777	51372	8ceaa994098c2eb40e26e774919870ea
4e93308f-9c6d-426a-91f0-a14db2ed66b6	mp-567907	3d229506-5d59-4326-8d2a-09d5c4c077aa	34048	566ff1de13ba8d07695ffa7097ff978e
4e9709cf-35f5-4a33-a774-0080479bbbe2	mp-7094	bce75217-d47e-46bb-ad76-3b673466fb8f	10696	292a5b65dd150812fa2e1782ccf053a2
4e9fa9e9-e275-42ae-a597-4883e359b365	mp-571535	161ab748-dd21-4fb4-a916-e0a3e4fece97	38404	dbaa5d584400a06ba8478cf8f108c8dd
4eb80284-0167-482f-8e3c-ac54b890a053	mp-9720	97caf5df-7b88-44b2-8a7f-bf9e86e31f61	17656	b21c39ac8259597ce8087f5169cac73b
4eda2410-6ef6-4d8f-951b-1985122b1d86	mp-757145	31e82cb6-b088-437d-9fa0-f2123e334e68	31332	c68e668ef7f5f09a56468c9e53251eb0
4edd9a6c-6c58-4b7f-ab15-9cf8d321cce0	mp-569055	720c6a89-62e9-44d0-a305-b930ad252c36	7656	70bbc75c4059b092174f6c7cad724987
4ee7e951-b3a3-40aa-9c39-f34ecd7b6241	mp-555194	cc80ac7b-26c7-4852-8ce8-d3022d15893c	13832	783632cc47eee462ee8d50160c134522
4ee92187-1e9c-4123-8b86-bc02e2cb7d15	mp-29363	60042611-ef09-43e7-b28c-aefc6287841e	62760	5a1e8fbe0b5aae4c4595033c83b3cc1c
4eeef64a-3180-44a6-aaad-4b77454e0bb1	mp-14977	d8b5a06f-df4f-40f2-8625-38c20c7997bd	153152	6125d644dd58894f18d2b92c64439a63
4ef1b85e-a0bf-45de-b9fc-315c098c161f	mp-3349	1d601bfd-47bc-43e7-a645-4f304b695d0e	9592	ae7830ede9d853ca0b92f288608aae8f
4ef45a8d-c8a7-4422-b164-8d0f50710cef	mp-9006	2fd0150e-d807-49f9-90c8-100f5d077ea8	6480	d412a1150ef96ef92207c03fe59d264f
4ef54ffd-159a-480a-8571-85c0730c38bf	mp-3777	b30fbb1a-cbac-4d96-b4e6-cbd72387e549	20044	8b0d3d524b435fc0885284fc3a18f0e5
4f1cc90a-f0fc-4c94-9b2a-f54dd83fc377	mp-559025	5eb30ae5-b4ec-43da-add7-8fb1681f604f	31744	da166ac8b2e1b29947734b902d35ec17
4f23ab2e-85db-4d45-baa1-86545b913656	mp-561491	f0514061-3495-49fc-ad29-60bbbac7eaa0	28292	4aed2510387758144f0044b4600e9b46
4f2d00e9-e7de-4d0d-8a2f-2e2b5ab6175b	mp-753864	88d142d3-f13a-4137-a8fd-2d58bf7246aa	6980	0177d58e75441b61736c28b74474ea91
4f4f705e-1223-47b9-b7d9-fd9ba63e3621	mp-31417	3f50aba0-3409-4eb5-9982-be166fac6b41	19828	e4bfbb6908d4d3121cc4b8cbb613cd37
4f5c658d-a45c-44e2-83be-2c8d055c48f0	mp-8354	855ef72e-44ea-462d-ad6b-38f55a418e0d	8028	4e7c42e09b205aef91cae47c9f18acc6
4f6806fc-a300-46ce-9d8c-3c93a28b9b25	mp-3967	17d92d00-363e-40d2-aaa6-14f219bb1715	35028	cd98c53f3aad98e222b48554da134bba
4f687719-ab74-464a-ad8d-67d12cf0253f	mp-558536	4228043a-2349-47d4-901a-e4c18bb7c166	18792	ec3fd0a16cb6b8ae28c497185616e9a2
4f7e5788-807e-499c-bd89-c2ec8d7918ff	mp-568670	e3c92307-2d66-43c9-a1ce-3419f1644a2c	2288	ee2b53442471c7b9f8f40ab2e23d016b
4f8fe704-378a-4dda-a9fa-aaf2d6fbefdc	mp-571020	25708ecc-09e1-48e3-99a2-60a3289cd35e	31688	e1dec7968144472ccc58db29cfda6bde
4f954743-0d3b-48a4-a296-17a4c8983e0b	mp-757115	ba991ed6-8b53-4c7e-bb02-45bcdb039443	42364	a82de07539d4488359024529f5ade7b0
4fa0ea44-6ac2-4976-8f27-6cc46fb2e94d	mp-541013	d7167ea5-f764-4a57-b9ea-c94590233efe	18156	2af78a86c529799b159400bcc58b92e0
4fb3ce62-a882-4e7e-8009-203db94e7b20	mp-286	f2a96544-faeb-43ce-96b4-f0c77adbf187	1632	f1aef894a927541966ca35f25e61f750
4fbc58ba-74f1-4831-a1f1-ffe1b61cf8b0	mp-570876	978d246b-cdef-4d00-b1ee-899253336fb2	86308	229ced9adac21cbd7604ccca71866259
4fbf8af8-4e49-4a15-aa6c-528642de0804	mp-769947	44e096a5-54ea-4c42-aa10-3068a0e185f8	73352	49c63e6a57d39219a5c911c6b704b3d3
4fd65b26-c4da-4720-ae20-08899eaac43f	mp-2131	0040c39c-f395-4de8-b507-1c3cd5fb4b7e	14176	aa16a9d48e6c41c6e70f0f553171a6f6
4fece381-c6df-4269-af9f-bb9c0c998f27	mp-619661	5664da56-de2f-4551-a939-26e56bfc3103	27372	695aa9877ec52e665e4558810e354a7b
4ff0692e-3268-4987-b502-2ea10f49105b	mp-30009	8df95941-c540-49ed-94ec-a7f21898374a	3740	5846ad326b8265a11c26be2e98f1d661
4ff225f4-fa04-449e-bc7e-da437164d884	mp-6984	5e36c335-2c1e-4331-819e-6dca94deb5cb	12140	e6859eca86af4cb4ace96e69e7f83464
4ffad6ba-b04b-433e-9951-98986f1a5fcc	mp-18303	5a65ba81-f322-473d-b472-1a4ae420119b	16044	a0dc87d7cbfc7b8d1d4597e1cde3428a
4fff69d2-a769-478e-a590-0778e314aecc	mp-28773	218d18a9-087f-4c48-864e-48fec5aa3541	55276	8d0264c489e3d2837dbc4f223b237b47
50148074-8d04-44b3-874a-66e368ac5d38	mp-3248	7e57b52a-6a54-42e0-be2c-8eed2337b2c2	4816	eb1adb37b418ab43bb2a4d7016d141c3
501769d6-853f-47be-9439-95b9e2919bca	mp-555098	22f276ad-d31b-4e0f-b1b3-15fb8f44a88e	21748	9bc8fef089b3f5ad559fd6498b39f449
50326a5d-6b91-4392-a4cf-b2fd846983fe	mp-14276	98e1f033-b443-48b9-a54a-24b3b3fda48d	48488	e231683c6e0c414c0104f632a6c3d756
503d64ae-725d-4df7-bd5e-190ac969ce5b	mp-766207	1575d161-7463-4a76-a2e8-e7866b7c787d	141300	d524e3bb2f1cff2277699a6b88c87e6a
5088b9e3-5fb1-432a-8f48-334b9380bf93	mp-3884	cfd394d9-0885-4d25-8865-309c9051cc0c	5788	5957f5a66a21c6aa7f0c7864723c9bb9
5090794e-cde1-4330-8cc8-1ef95b7ef4ee	mp-24517	a208fec4-2fb9-44a8-ae5d-da2017327e21	7672	69ec6c7ebea3cfabdfecbba948dc9b43
50936dcf-4bda-47a8-b88b-48f1fbe5bf90	mp-7257	89ba11bc-f868-41b2-9a37-ceec0efd354b	15652	b8736ec31d89289ac48153b23e0d3271
509ab991-75b6-4c24-b453-a202bc29492c	mp-675104	20c06c66-fade-4339-bc2e-bcf8112e3ecb	16988	2592abbf9cd26d5a72b76e309deaa534
50a2ad7e-1061-4e3d-ba1f-c2cc0b227926	mp-571015	7444bf38-8630-43e8-8313-32e7a68529fc	25840	5507b215ce857c087738f41d2086fb23
50a5c059-45ba-41ce-aaf6-fc4e65969d5b	mp-27227	62434437-0f71-4f74-849a-5f73d1d87f5c	11056	251a79ae75b130b47458daf274943e3d
50aa2d5d-f5c0-495d-bade-6bd0af944add	mp-22984	49db8b03-3a4f-4b59-b142-948aeaaf6d1c	17528	84c688bdf6c2d9c9c0b997a3dc750244
50ac9b73-8051-466c-b053-358c107013a5	mp-557803	361a64c8-8bba-4231-8923-fab8598b9c36	51288	66694a16865b2c42fd257784e80c748d
50ae804a-d8f8-4afc-969b-d54ac60e2380	mp-1045	167cfec2-00b6-4bf3-9473-390a7590c550	10460	027446c40a8ebaae6fc7e233c6b7354b
50c58d77-329e-4776-9aeb-1e5c5d0a1385	mp-753000	feab156f-0175-4ac8-b2f7-4676de9eb85f	53296	c74cd8e346fa635cf853dfbf370f0af6
50e61233-29a8-4677-94f8-f56c6654e5a0	mp-540585	24783ee5-b9cf-4cb0-b46b-b337c13965fc	82196	f390e1ae1517a164a860844eaa27e9da
50efaedf-e44f-4871-9d78-c0d118cf764d	mp-28877	3d2dfea1-7d18-4cf1-a527-c7a6742005bb	24856	404e125692dff755f134ec78e0c5ea36
50f4a5c3-3fde-4b53-b6c6-52023361b4d4	mp-14088	d96f4298-306a-45cd-b588-02aafad486b5	2076	17030abc079cb4e43de0ac0d00e2e4fa
50fa71aa-38bf-45ae-916c-b7c4c4d56aaf	mp-8000	7ea17113-e3f6-4379-a8f5-687b4ca90e26	18072	a3532a27c1ef77325c92a643b92a95e5
50fe337d-c9b3-459e-9e4b-23466daa57ba	mp-12495	b381a598-3be9-4146-b1db-3a84c37d3550	17452	1fb699574a563f1e5812cd3c7bde52ca
51015f0b-c1ce-4ed4-9020-4b0411599cc5	mp-5840	1ff9c9b7-f611-424b-8a5e-c810c7749ae3	8096	bae65ff95544c4050892d05d5c5210c1
510a49ec-541d-4dac-a32c-c38b6faa294c	mp-672334	86c6c3c6-ea01-4e6f-95a2-b84cde172e70	59892	585a1b0c906aa552a060603d9cea3638
5139eeef-d6eb-40b5-b961-a67cb7e1bfa3	mp-557531	0787ed14-00c2-4ec3-919d-d03f795c0450	39736	67b8aab82b4a1d3f4bcf5f9eadbfdcc4
514cded8-2600-4c0b-ac8b-ad5250cb9f2a	mp-9781	64339c28-6a32-4c04-a8d2-c4e40a162f1a	31732	d5315327f1614614225bf1e3fe9d2f71
51699e00-0eed-426b-bd4a-cf708c8e0a54	mp-29605	12b62567-9ff8-4c1a-b42a-02d6d52e0071	23676	413744ddbff64d37415fe5fc0d00c176
516fd49f-f75a-41c3-b2fd-aa06c22b8e1d	mp-641987	3b87994b-c530-4f4c-8900-f105d327ed0e	131952	66f8e59dfc38999e904dfbdd64754577
5170cf70-564f-4144-bb32-a5f3cf850ff6	mp-510279	59f55ca8-1643-4133-a88d-a9523792ae99	76608	c32967627c887b33c290c7744db38b4c
5183dcc3-1c46-4f1e-a482-827c7177f18e	mp-15501	923716aa-862d-45b1-8944-4f190354bf24	14248	55d3086d341f34d1f4e2825e6b4c906f
51844c13-ef4c-49cf-ba15-7e91e2cf2ed5	mp-558240	017fd957-bc8a-4154-9824-fa79db1bd3ba	85928	cfa66b5877ee829c3c98f57e836bf630
5189d28c-a152-4520-a770-67cf56e013e0	mp-30018	4bdc4465-14d3-4d1f-b1d6-5d4bced2f5d9	24944	541c01eaf9fdbcc0c1d38425cb256dd5
51a3c659-d884-4289-a24d-deb362e8ba75	mp-757777	2e7f4d41-f199-4f96-9cbf-8e4a45b920f1	17008	6ee46b58f51560f3e57befdd0d1216e0
51b60e2c-6af8-4aef-828e-c98757fe2487	mp-29710	2edf7573-0bb9-417c-9b13-96bf1ecd6b32	42996	597499001d1fe47f26a01fa1f2a344fe
51c13a54-4de4-4d42-967f-067628e1ac7f	mp-28392	e2e6b758-2b41-4f34-8899-01ff3bc00713	43112	331dbf8427cf58a8e000481736e54f61
51de66fe-7e3c-4a36-ad13-5cbc3d00bbb5	mp-600005	b1633c21-189c-4d96-bd28-a9ce81743a3e	3736	b372065d6fcfb7a954c466561717e2ba
51e52134-530f-4eaa-a230-776bac80a740	mp-4541	d1a240ac-5575-472e-8905-29c93d3258cb	10460	9c686d7e3a1b50a3047f0baa832c9387
520501e3-185e-478d-b727-7060ff6b085d	mp-772898	a2bf2d90-316e-4930-b9de-14fa5ba4a220	51608	a54835de3d924e59f4838caf6dc1611d
5224e2a3-b359-445b-9760-85e2300a8b2e	mp-19893	c16393a2-c487-4418-9ede-b2a14bc6fa7d	15288	0003923ab904ebd5920ea17b3c308f47
523c93fa-c082-471c-bebe-fec9f93c5435	mp-558842	9083f010-3b47-4a2d-95bc-13feaa2b637c	175804	a0284e3f0f5cc056f9da3e21361fca42
523e89a2-7ef4-4e24-ad08-f9458681b76e	mp-27310	6ec5603c-8f44-4be5-bb3a-7cd203b7753c	67180	a604768cdbd21dd0867d63d22cb0b514
5248faaf-464f-4152-a8c1-b2fbc1f653ad	mp-10733	68e1d162-49d0-4340-9dcc-afc53699bcfb	6668	0c2919e9a03f990d95cf9b577f23506c
5278d021-135f-417c-a6cb-e4e253dd85a1	mp-30130	c947a6c3-dbc1-44d7-a406-1f461d866847	115400	f2228c5c0127a0f0e61ba1f2722d093d
5290133d-b751-4ffb-ab3a-112417a2cf18	mp-1340	ecf707b4-5238-4800-95e6-a4eb3ed10d3e	24984	6d942f5b159330edc0b0fce23a4ae61d
52a0bfb6-6e01-427b-becb-7a072c7b6484	mp-677055	d39500d4-4413-4064-b4ce-a70e24523d51	56400	ca276fd2efa2b02c86750092c02f65e4
52bcb7e0-3ab1-4819-966f-34e735a5b105	mp-30161	8faea69d-acd2-4052-b7e6-5fb51e100ce3	25976	288e59bb372dd04133890eaa6423d752
52c48823-01e6-4867-8415-90000dd172d6	mp-9573	b7f97a9e-4d3a-44b7-9070-1817cd18b609	5044	d66bc4071d13fe77022256f5d99d50da
52cbf1b7-16cc-4225-9eed-2bbdf8a315b2	mp-6253	4742e42b-618b-485a-ba43-49b87960678e	23372	d3aa572a5a49513b7701ad9d4a254017
52d466b1-91bb-4c87-9aaa-a6a84384c4a9	mp-9437	754b738f-d9cc-4497-987e-06e0e4a87c4e	2872	20f2acbc35c6ef518f643ba56070a62b
52d7a8e6-4165-4cc8-9cc7-ff8b431266d9	mp-961687	ddfb3adc-4b0c-4da0-87a4-e8f6a50688e9	2784	8d3d9033874a43ad1cc441ed4a38253d
52d8caa4-acf4-404c-9548-ad1332584e30	mp-600038	4deac5d6-0287-49cf-9730-17552a5dc4bd	34468	a87fbf9d686bfb4248d17ace0bfdfcd1
52dc539d-7982-4c5a-bdf4-7fa76fac9b7d	mp-758571	c472b408-d37c-418b-a475-6a0d89d196d0	93032	cddfb34b61d65a1a6cedf63bf4e24df4
52eaa085-3b9a-4e3b-9d54-fa494a547fc3	mp-554310	d9e62bc0-e0ad-4439-bbee-75eb0f1cdbda	6516	824734d5db53a3ebfc6e317133d114d6
5302738e-461e-46a9-a876-594bab13e1f3	mp-28828	ed5354e0-7779-4229-b917-7a95806e795e	3624	994a5c0eeccfe1bd35920199b1b35197
5315b59c-78b0-4eed-bb53-f847f73612a0	mp-769032	1a652edb-c3ab-4dcd-8bf2-ad177a050820	8452	7e3330f2ca67e4e7002f66d31680c277
5316365f-8403-4478-9fa2-cfe4142d0aeb	mp-4081	47b61991-f4b0-4dde-ae3b-2e9d3a1f3926	3332	c8d3922e8729f0a65fee706d5bb31fb8
53165900-1ccd-4f4b-95eb-36a9c1bd5fc9	mp-755478	05bf2854-5199-40c1-a5b6-1659321dd0d2	33588	c40c2c6eb6215dc06abb5bcb8c602147
5323f23f-28b1-4c71-a3c5-b7024c9eb76b	mp-556761	ced02ecb-6cb4-41e0-a161-b9479e14bbcd	24100	d2b7b967eb02aa6009fbfe7ed479d5bb
533beba7-ad9c-40c9-8b34-0f8dad2e44a5	mp-753670	7a5e09bf-c628-4928-a45b-4c9483d48aac	15544	1cd053cddaae03ee34cfdd2df51fa4e8
533de01e-9f0e-4e45-a10a-8bd582bbd15b	mp-14935	152f695f-33ad-4ff0-bd0a-a28060c970db	359912	a2608046f54dad5c25d46f9cd8c6c42b
5341526b-dcf2-41c8-921f-2b6444ea1a12	mp-570423	1bc28104-ea5f-444a-a3ab-651dde517bfe	85700	c85b71f15a752d0c97f1d2cf79f54693
53458a9b-11d4-4625-8ee2-225969f6a923	mp-29408	f6628df2-0c8a-407f-b921-ee1ee6ceead2	52784	75babdf6d60cc532e8a0ffcd59efffaa
5351a078-df09-4846-b1b0-7b6d1cf4c3c5	mp-5782	a0aedc62-d232-447e-8c4e-aeb91964ccc9	9440	213fa9de42356df67f6374643f897989
53550cd5-6bf2-4923-b888-bc4d165c0009	mp-3592	944885ea-a557-4c99-80d7-d2cbdfbf6b0c	24516	d3003848bf7e603d1f006b31e0b9735e
53703ff7-d562-47ff-a9e0-c022257cdf76	mp-560843	1757d1b7-4de0-491e-bbda-8c6fbbe5b6d0	88468	e62820f1fa365e557aa3d455df4e15c3
537635a5-2e17-4607-8a91-ebf504e2652b	mp-28558	762d71c6-232f-4e77-842e-d1c3c175952e	23600	1edad7ebc9dfdb06924da37a2576531e
537b9352-91ac-4195-b66b-a3e4bb8b03db	mp-1821	a8317d83-fa04-4ddd-9003-133c985c220f	6104	10e5bf0d3fe4551dff570d7c6a05050f
5383108b-180d-4eb0-a34f-b28ff9e430d7	mp-990448	4f782522-171a-4b3d-8963-66a0949258d1	3140	9bcd455923a76d7148c717e3ed773859
53acb36f-12b7-4687-88e5-d101e158aa68	mp-14246	79f4fcf0-a40b-4b1d-8107-b1b7e2d22716	18912	1fa19c3a29d5653073b17d4ec583ff4f
53b99211-20b1-4630-b04f-dc0f4255fe15	mp-559037	556b7f29-2761-4eff-a03d-6ccd114959e3	80996	2dd78773469fadcc4386814ea0e81b0b
53bd9e63-67f8-45e7-b1a5-c78cfba35052	mp-17719	42f2e9c0-7641-4f2b-9ba5-d8a0ae82ba3a	16344	1ca220eec89112fa5821b0ffab6f11e6
53c1dc9e-99cd-4395-85c3-8968e1307097	mp-23778	ebaa121a-91b0-4531-91dc-118e41d3f47e	21000	4235582887b542665aeb54d18ad403de
53d8a876-a569-435c-81ba-e75ff615f3f2	mp-9323	d7a8b27f-f7e3-4ebe-81f2-fe8ba1c1d243	22292	da40e613a6e4063fec6ae0c8ad44e259
53e8aaf5-1e70-44d5-85dd-c67f5fe66f22	mp-558241	c14b3bc0-e4e3-4ba0-af2e-05ffc833d54a	56388	d626d9f0bb9aeed9bfbeee5f8f0af515
53e979cc-82e3-4081-93fc-c7135a60d98e	mp-6241	715c10a0-522a-4e88-96fb-bf16de083247	51668	daad794962c9e0e05880d48c48de07c7
53ee46bf-c2a0-4fbb-9efa-552f7982166f	mp-9921	2e0a8f3a-becf-4fea-bb7e-6abee27355c5	19636	f9c6096d8281b13be58cc11ff7be5a53
5407d780-1a9b-42b8-9324-617d19807fb1	mp-7028	d24af422-55ba-46f2-9c04-56e49cd70f9c	15784	c8dfc7af49dad8ad0ad4c73febdab769
54161189-b08d-49f0-a41f-5a76a3243897	mp-776108	c6d550f7-854f-4323-8184-6952c5369d9e	27520	224aa8176b83ee93f29cc57a5362f268
5420b7bd-7cce-4b6b-96ca-16ed1eb5a83c	mp-38099	9d531d14-447d-44e4-886f-f77fded7ea7d	13196	cc474ee1beb5698a478ec331e9bfe97f
54289ef7-7f02-4953-8d82-c48d2d51f1e5	mp-27253	2e29aff6-761b-4443-9757-50e6ee8989bf	19088	944a1b9ca235517f32d526f1ee01aba9
543c979c-74d9-4a0c-9423-4d5d6085cb27	mp-557385	9bf5cc4e-1d42-44ed-8698-363b96d4c458	19816	4304e1a35cff378c69dc2067d248973b
543ef969-3028-4c79-9bb6-b2836328f77d	mp-5414	46c4ec83-d3eb-48ad-ba2a-4fa768041add	16880	e36145a04075abe0ce8ea89e6c6a08d1
544449c0-1e2d-4a95-8046-1d81098d9d94	mp-18010	3b98e063-2f09-4c28-bd05-5629c7149f0b	24428	035dd6c1b8389cd802b3675a0fbb9e5b
546b1226-bed9-44e0-804d-0be4602e0042	mp-571085	49231715-ff3b-416e-ba30-2d1f2148bd3b	14524	4ddb5b819b35bf45ffb516498905fec3
5481c90a-9fa6-482d-81fa-bc8380c58895	mp-23949	ec247dda-b37a-41fe-b7e9-034fce1a4a2f	3328	e7b6870aa054a760d85f50bfb714c81f
54903573-f88b-4d21-a87a-774addd22e84	mp-23571	1c8b36c8-6456-45bd-b6c1-1b2c5da24fde	14196	1d333a8a1fa80d01bb5c8b7325828635
54954d44-959b-4f45-b2c7-f5e6f5dccf82	mp-6474	13f8eb32-0fcd-4139-bf6f-90aeb0f5d646	17272	c02df9dcc56a62eeb2ecc03fb7e4eac6
549adaf7-5e27-4740-a9b3-142494c1f655	mp-31097	eb3db4a8-6973-4199-940a-fbaaba28b5b7	19772	0985989eb719f532e38efc19503eaf7a
54b9f1f7-cc1e-4fcc-88eb-5d29956e23bf	mp-570756	4767e785-151f-406c-87ef-ca7f8cb95baf	33752	cb6d7c2bb7bc3390688cf44a8398b455
54cbb34c-6053-484d-8065-1e1beb54a09e	mp-653930	031fd8de-945b-49ef-a867-36413ad63a5f	76280	1d41200513cf1b3192566fcd6a5ae641
54ce6a9a-4d06-4729-933e-28ca73dc50d3	mp-11924	03c34f88-33ec-460d-8b1e-402de50fdaf3	16440	e46225868046de5ac35023421f7a3af2
54db5670-d753-4a95-a902-3b498c261130	mp-557665	a094c7ee-c2d6-48a2-ba0b-3693e4591c97	34072	d6521825c723f7401f1aa0201a6ff7d1
54e6c8c4-d7f9-4b03-8b1a-5457e51eae94	mp-554733	8092f214-ea9c-4ae1-a8bf-273f3b671274	7348	16839756ed4f2e2472085058c63de31c
54f3d155-28e7-4ea0-9934-19919139a380	mp-16945	70344618-a96d-42df-8bee-1b4cd4c68f64	39868	455a8f05e6487a39d030fa9dd056a796
54f72b2e-9c20-4b94-a0c1-4e01a6075e5a	mp-7664	9a9fe345-148e-4d63-8d9b-b684864951e1	8884	08348d9edf6856bde3f775931f08793c
54fd2782-50c2-4aa9-ba3c-0677cfec81a0	mp-23453	4fd44dcd-20bb-4bbe-93c9-b7cf81a8065f	13696	d6dbaa498e86e8b41da51da99d3ffb67
54fe6da4-94c6-4c70-a70f-338de461c1b3	mp-9127	eb05d790-31aa-4bf7-8ce3-0f61c2377c9a	6460	3ce3d3409a11528c46c49d9aec145708
55026fc0-c04b-4f85-a0da-cd828042ee37	mp-18104	021d3bb1-306a-4b6d-91f5-1c7d7529a875	44708	0ab7188367b37ac60153bd73f3182aaa
55052d4c-35d1-4cac-aada-3c38136f6da0	mp-558629	94cec5ab-5078-40a6-a53d-3d22f663b318	37204	5c11337cbd58d89cfdd7fa3b45df8845
5506e924-719b-45d6-a6a8-4fc25bce215a	mp-11980	5672b2c7-c8dc-4ea8-ac84-4c8a8713f2e4	11204	7d3be2c28163c65d5536d783b45c8370
551552a7-2a13-4cf1-93fd-58770beb0054	mp-559783	30af2f9b-dfcf-433b-ac55-75e6e517297a	95764	e1c6fa80c429c4a704f3593aa25c5b44
55258765-7371-4a20-a051-d04b65a989ae	mp-569897	54f54e2b-8423-4af8-9997-feebb93085d4	71088	0867d8fc3791f454ea2e7017fd81b34f
552622e1-d5d2-4dfe-bec7-80875d5d1e5f	mp-995190	17a539e7-7a5e-46e5-abf8-c6081d73efb0	61616	ed65d299c0611a3bff6c57926fe68c5f
553cafe6-dcca-4420-a670-062ad61bf61f	mp-541380	71c4f988-9c69-4f0c-957a-189373d748fb	64676	9c8573592c19ac90a19b7fdb8baabb08
554ad418-78b8-47da-bf51-d0502de2aba6	mp-560560	d7b50175-6643-4795-bddc-a95d6768913e	107064	ab1dfddb92ebf8bd047e7290df3ce7e5
556c8c05-3c48-42fe-8174-28b7ad9d1dbb	mp-768503	d0e82364-afb4-451d-bff9-78496347f0a1	89564	0371b4bec000037e325cfdf2e9b5915c
5573218f-bda7-4872-a988-1716560b5375	mp-4495	273b2484-64e5-4912-b7a3-e5ab66028e5b	5480	8855f4813000ff7937f3aacfa14a0c90
5577904d-5493-439c-a098-300b24ace639	mp-9295	c7cd119a-cb48-4c5a-8725-75e3f8502588	3420	6d795d364628992f39392b009623475a
55810849-9c45-4831-b366-518ebd830d9d	mp-17916	2f4fae2a-b916-4d37-abab-a217b2f1ce41	15992	62d0dbbaea293ba7886af937cf1cc9d5
5582fcf4-9f0a-4604-b9af-9db5e8aac26a	mp-23734	76c46798-600b-466f-941c-27f82fd94215	119812	0519670a088de21a3b510f69ac456858
558f0864-140a-424b-b001-5b2f48b1e8f8	mp-28807	53dcca04-700e-49a3-b419-28450aac1c98	109768	e3af2ca601f124d2c4b9ffcb38a223f3
55a4481d-32c1-4b5f-b178-2ecbd7c31315	mp-571636	7ccde3cc-9475-4fc1-9a40-572f531887db	10580	ab934724a664021ee952baa82dc2f96f
55aefde3-8319-405a-b449-2ec610683866	mp-571079	841e6df2-e994-4243-946b-bab4b0fa4e59	7260	358cbad1184bc8af488e9b7ef9c323c2
55b67d46-8161-4ffb-b0fd-3d3e620e77d4	mp-6392	5650cb71-1758-4184-8cdb-7764fcac3436	108208	2459bce24a6a9c856a8a2e24d41d0d6c
55d0c84e-07d4-41b0-bdd5-ac2bdabcf15f	mp-17187	99c9c8ff-41fe-463d-a9a5-3f9b5d35e02c	54728	fb5eb507c9064f31f22245fb0ec5a43c
55d58419-78a1-42db-bae2-79b4d2df4f37	mp-8678	89213c6a-45c6-4a40-a6aa-3b57b850c6ff	33352	1b0c6b35afdb0569e6cc69847b17452c
55d6d951-41e1-4b10-ae79-7c39741145e3	mp-17350	24ce5d59-6ea6-4dfd-8c8f-de3c9098974a	77568	cfe95118d6c6f4dcd99d467db3991cae
55dd345d-bf43-4e1c-912a-d3b5fa2de788	mp-766938	8efa064e-9ba3-4e82-981d-af95639caa40	62356	a265052d976404fcbd7ca85a7ef76c7f
560d7bd3-1a49-4f69-ab6c-f827b673aa01	mp-17054	d670b701-95db-4d7c-a034-640b2509d446	31376	599d2b7decd69000c249401a915c7cbe
560e12b2-9ab1-4a59-a935-a23d7e320988	mp-776890	34536d13-1ba0-43ef-a8f8-e1e6b0900432	17628	d65d25e2731b4d29f91aca8f3baf7b1d
563a0e3a-ce31-419f-8daa-f2f52c4ae963	mp-772777	d8ba0c49-964e-42e8-b975-d3af28bd5b2c	46856	a61b3ad4682e8b1a0998a60761a037c3
5647f1e2-82b4-4559-8a68-6c92fd3e7206	mp-35539	d7f110e7-ae39-42ef-b51e-3322982fd1f8	8600	d41a8ca29ca812a32f8af6e05e88da0e
5650544d-e2c5-40c6-9da6-4beb7a176fea	mp-29269	c2452e26-4492-4693-86d5-4bbf3b9d21a7	35088	708c52a9535511c63dc107ce1f6ebd53
56637cb6-2516-45e3-8ba7-35aa0f7421fa	mp-643385	e26ba816-bef0-42d0-a70b-a3d6813e19ef	14436	1e823d0e852d2b3bd1fc43cdc1eb4acb
5667838c-d3f0-420c-b24d-08244f3ed45f	mp-38684	1cb331ee-921f-48af-9082-0505616734d7	15568	05bb34c5d1aa015ded53cdfe7ee7b64d
567d2fd7-1d3d-49ab-ac8b-8eda3428f9ea	mp-32906	eb6fe994-1d97-4b45-8168-578295d0e34e	25040	8f7d4338516421d8da147d76693181ed
56920894-3b84-442b-8fe3-4f88cbab9f76	mp-16108	1073558d-19a9-47fd-ab76-7305c726c46a	18604	c92b44c13e7cb40875f93720309ed97e
56c42514-34d4-4de9-a865-cc85f753bd6e	mp-8623	79fd9f87-1106-4a45-8290-3f8b20e4dd19	7440	53c036e6e458e008c2011e42aa84204a
56c7647f-c00b-4183-bd04-d60d05fa5e3e	mp-34291	1f906e66-a199-4179-9130-cb9a4c09be96	25544	1bc18a2568b714af1d1c483fc5e397cc
56c77b4c-c560-43d1-b93b-f5fbff91e08e	mp-29245	4c55f8a6-120c-4ee2-9fa8-521abe98ed23	18540	7176319b176300383a0b9152ea188f7d
56dcbff0-1e82-4f02-b858-f9eec99daf09	mp-7176	e01b8a9e-e722-47a4-b7b7-ab5bc42bdb65	6476	5259c93eea89cc07d6a3ae2619e470e4
56e39474-23b5-4d83-b95d-717bcf5a1415	mp-769246	a8f5e671-dc2c-4620-bff8-71a2c533fb46	110260	36a091abdcbee996c16b9916675ec715
56f00d7d-7f76-4b3f-9e44-a9f78f755485	mp-30197	b1ac2e87-5e05-4f6a-b385-7e7eafbd47b5	46460	8e5cf2bec91900fbaa1cae8cd837b1c8
56f79810-7c0b-4966-8f24-e0461e6ad79e	mp-22052	81d641f6-a2c7-497d-bce5-625039a40838	3156	15ef7f804a8f56f6ad05c2a41db22464
5704f900-eb17-4f1a-af68-043bb922b61c	mp-6565	c4e8711b-3cf5-4792-95fd-ca75f59f6b73	100316	f967402ccd8449cadbbcce959ccff865
571a2fba-8222-4720-9d9e-a23182c30404	mp-559135	c1316892-d275-4aa6-b134-a5883f3297d8	74860	9877219b6dbe3f33e6b7b78410b97be1
572d02ea-9c10-4e7d-ab12-1243dc26829d	mp-772024	3183569d-cb0d-484d-8e4f-23dec5c9ee39	143944	c1cd5c419d8694f450e4f6fa1be06fbc
57322064-8044-4399-a41f-f020c623dd98	mp-18243	a9f26ceb-26f5-4c4c-8244-4e78a94c6149	25008	80dab5601d1671a6361edf800f309f14
5743f014-ff31-4600-a7c9-2bfa337d7ec8	mp-757	ee12fb2c-8e3d-47cb-b029-c27da45a9399	7300	fdbcec77f7c6498cc5b014df5f61b291
574ce639-8fb9-4405-997f-2cdf59341c2f	mp-604147	b1b6fc82-6d1a-40c2-9e51-87a78801724b	19708	ea6f04d2db0f3c232735d54f64dd6732
57529bc3-7622-4486-9ed4-346e05748665	mp-17805	bb9453a8-d0f6-4f33-a949-f6ef8d0f3d20	31224	6419c8e5b706285e97dce80c4818c76c
5772f550-d8b9-423b-979f-51aa35ddabcb	mp-16403	d612624b-631d-4075-9b91-079c53acc5ae	61620	d7f62e10d82a88150105db43602c7399
5777b64f-7507-49f8-9c81-1bb8f75757c5	mp-5328	e4384937-f216-4552-88de-c27e87f2b496	14556	dacdc5ab786e8291a83fce92f364395f
5780c764-5753-4c4f-9a38-a9b4ccaae378	mp-772813	d78e8e2c-6ede-48d9-9c34-ff9330932bca	57232	20be34dd7d4f738b01795923d48a7198
57922dd7-4ad6-42d3-9478-064115ad1f84	mp-7596	da67d4a1-4acd-48e5-a7ae-0935eb8aaafd	28012	a9700d1d256f5047fc435508fa2425cf
579634c4-5174-4c8a-adb5-04dc22695ea1	mp-7977	4ebdc668-65e7-4c32-aa5c-5d4fe05bb6aa	7432	eeb9da6198f5be687668a96580514b1b
57a2aee2-f954-4989-8169-8643e663792d	mp-540866	40fad55e-0f51-48f5-b6a1-042d40f44e71	28140	d11dde3b71511df87906953f2bb02f39
57a2c981-1487-430b-be59-a8af50620e91	mp-8947	0c841219-f5fd-4d3c-9096-a7d28a180434	46060	0215fd9027da25da9f13dbdcd25ac34f
57ae9b6c-f43e-4fad-a686-4d6d16e81811	mp-15724	c2b2eea9-e217-45fb-81be-314f10cfcb75	3008	07a52fdb7a98fce1790fb97574f961d7
57b356a6-7ddb-4c96-91bf-ad624200d16f	mp-4578	25852a4b-a117-4d16-b703-8615cd28192f	27188	879b25793b4d278ff61fb051c76156ed
57c1a153-2037-4627-8865-27f112444cf8	mp-989555	7a18965d-b4ea-4ed5-b899-b91116739f32	2332	c9a759184f2bb2438e8e6aadfb3444a4
57d48b11-04a6-444f-8e25-a53367835c7b	mp-557807	9e2bce67-f107-4c98-97ab-952ac585e936	20492	8cfddd940b527076b80067f09d70283a
57d7aec4-efcd-47da-8187-18bc0db61064	mp-23838	ffd2b280-95b6-4ab2-903b-00d26f0bae07	82128	673ace1a0889021bc52a4b535ec65924
57d9120e-3694-4f20-8cf8-d0fdf98b451d	mp-5504	e9f5677f-8b60-4142-8512-a622c814a5e8	15128	bc21597426b46e208b2d2ecfcbefbb60
57e26e4d-3f72-429c-ad1a-c73973b188ea	mp-989547	5c24c7ac-c4e9-4f92-9bb8-f79c0ab2dd32	2316	5a1f0c7891fb1bd1e36c7578e642394f
57f72861-f2df-42c1-b1d5-5fa4558a7428	mp-23948	95d4b348-9fb8-4ed3-bc87-62d8c15839a4	20404	3e7d2e49f93c0ff807bbd9539eddee5c
581c2a86-158d-405c-9ff4-78eacd31c0b8	mp-14142	82efab59-922e-4448-bb82-03845b655e74	18656	c706055540c3908e53da9ffe6cb352bd
5825d2dd-8aee-4ae7-87cd-06fba83d68f8	mp-755323	2ca634a4-85ab-4cca-93be-1729978a6e4f	5732	d021b2366981d6f62238ff7926ff0c8e
58317f10-9a00-4dbd-ae31-73a79bec4ca6	mp-7615	44bccea5-ba07-415e-aa2c-6cf29ae294fc	6828	c3964cbab6dc7d2a232eb534506b9388
5840ed59-60b0-4e29-b4c9-da38b37e74be	mp-4758	a5019aa1-2bf0-4383-90c6-b79db5d79376	47588	845474d76554ee7f3ce0e4f93efabc03
584adaa0-eacf-4f67-96a6-fed0db780c7a	mp-541996	9ec69f09-b3c7-492d-9d91-8492993a4701	61344	0e7030f96a991c670399979dc6371b64
585d3bab-cb25-41c5-839e-8857c4e2872f	mp-16001	d4c13782-0ff8-4817-8ad5-906ddae2a28a	61504	eabaa1e6e8571aa088010ba0ba1a5ef9
58618e3a-28ff-4a91-854d-870319066cb0	mp-9756	1d3fadbe-4db7-426f-bc87-c645c15d94ab	11236	d07a58192bc322d9fded593de681dcd4
5863d639-0184-408d-a812-07e18d7f4085	mp-571418	88cd9035-3065-4126-924f-05cefa2c518f	13924	d05e3621ab13ad3a04774754d6008943
587083a0-0aaf-46b5-8676-d25b7128bec5	mp-754876	0b060fe5-7d79-4aaf-980f-b553e72df0aa	37188	e6c28a844a811bf9252867fa733660b9
5877a044-f7bd-46d2-93e9-f27c0b93c2cd	mp-686086	4aa6fee2-633f-47ed-b1d9-b15969212e62	71600	8b09106383c72b8ac2de1712f92624ca
5883246c-24f2-49d1-87fd-1a57b3e0ecf2	mp-556544	924d3732-00af-45bc-811a-2b103094c581	95400	6a50dec961fc1520608e52b54d4b0601
588d881c-c35a-459a-93f5-7a68e85f64a0	mp-557373	72a30144-7e87-4e31-8a6a-fde91fc2078d	8436	3e8ca5bde9e5a41354f14b4a466644eb
58990852-60dd-4fe1-bbf2-97411df4d98b	mp-9625	20d95ef4-ab4d-4d1c-a123-f7e9041bc083	28416	919dfabf31a61c9ec1c3293b4c73899f
589c4889-d644-4cfd-8072-a2b5521f9d1c	mp-33449	9a6f21d8-5869-42f7-a80f-1c3c3903d531	24628	782e28ae99ccbcae0e63150ead0cf85a
589cc4d7-adb3-4511-8f56-3158d1dc46ce	mp-556340	b7489a6a-924b-4f6d-a210-643909836aa3	28816	a0f4df39e8c1be088caa46055244f993
589e08b9-c398-4e02-99e2-53c2b0c4b95f	mp-560456	0bcf3679-3df8-409a-b6eb-e2d470911310	225056	91de0343e2bb1bde7d01f938c0f0581a
589f462f-164d-4f80-a49e-9a7eb58ace9c	mp-697030	c985a4cd-d036-4afd-a8fc-ca069b324a6c	2020	e3606e90c41ef9ebe12ab976e73db81f
58aa2728-ce5f-45d5-a196-9a3ee94501d5	mp-568592	7586ca6d-b073-4aad-ab04-9b5dbce6ad32	5828	24d676bd123cc4528cf1abcbf38bad26
58ac50a3-4070-49f6-854b-829f39362c0b	mp-758693	4ad51ce3-9341-43c1-ba8a-3434231e1fcb	62316	defe2852925325b73d0068d32ce8bb6a
58c373e9-1b84-4fde-80de-c96e2b1fa1ea	mp-6215	35e663d1-6de2-48d3-bc96-5e7c703391fb	33796	97a664fc32d9b48fad0ae62ee28bd76c
58cd79a2-c7f4-4fe3-8223-734c6bb8fed9	mp-981379	14f08899-6e24-4f4a-bda1-68c3a91e6902	3412	3941168bd244b3d8480f2853c9747966
58cd99e2-e99e-488d-a855-2b0a8dd5c3f8	mp-10074	d438e4fa-5877-4646-8086-af9cb41c0149	6108	8736bbfd06dcc39dcf191fae02ce8fe7
58ec3543-ae18-46d1-aa36-4b3791b5c590	mp-768372	a8411f10-fb4e-401f-95d6-6da0ca770194	74856	8b522520e8d50048f02f14d825013530
58f161cf-576e-428b-80d5-23e20a15c274	mp-24043	f4ed4d1f-ec85-40a7-8c8b-457055d904ad	39548	881cbb295003ca251f2b5675e7c7fff7
59038ed5-35d6-4e9a-9449-8b3416f88ed1	mp-16771	ddff55e4-b5cb-48ec-8079-699f7c203e18	32968	21d1bed47f4f02f3f50618ee045d7569
591a5a16-ab88-43f8-a791-e575157ef851	mp-24461	63332c83-e370-4f4c-a07f-8331b5a31a67	11436	61de72d04f2647d9b007c21b222a5b19
59399052-f7d3-4cf5-a0ce-2dedad1eba34	mp-9330	52e28c7f-ff4a-48d1-8be9-f268cf903a40	17112	dacf16e092401d2a0b33e2553c6b8d27
59494821-2960-48c7-a1b6-a8b2b59a8b80	mp-560832	ffb3ae9d-381e-4d50-b924-94c4bddb1960	200528	092dc0a50082d407b6d1712ce87ec6e5
594bb57d-db19-40f7-8312-577b9dbcddc5	mp-976726	30e8fffc-b3f1-4f6e-bf1e-37664bf80e81	19876	7a01b91f7d2ebf16ab3828bf8cebb425
594eb730-12f5-454d-a583-8b4427586847	mp-581258	7364a946-c848-4e56-841d-ac7e47aff5cd	26392	8fe1fdf1f3c4de16b2a20e86ea9d05fd
5981c35a-d510-426c-b3d9-0dd2cda1f45f	mp-559154	24bc2939-16c3-424f-9ef9-047c3dbc4fe6	68156	e72004c3474e96962ca44f1f427024f3
5983eeef-4e50-483d-8902-ae161c16e556	mp-771031	add9fa28-d389-41a2-b3fb-14983b86e5f9	30220	020e656e19339adc79b3460e1463db90
59848cb2-b788-411e-9bd0-3d5126af8c53	mp-9386	26daa8e3-182b-43a2-9ba3-261f034eb0d7	4884	1e50d4fb24108e91dab966e4144f5bec
598a8abe-92c8-4b07-8e8f-589e293c5dcf	mp-573763	8b43e35e-6d02-4f86-9de9-4eb7f49c749e	14800	c2196e48f9889b39be9530df04859855
599ea2f7-45c8-47dd-809c-3d0daf095533	mp-29216	6f0d62d2-de95-4d6d-a367-c16218a0b4c5	13252	60ba383084db43b30b30aca37231513c
59a23012-5593-44f8-9387-a314e444e61f	mp-15791	152751f9-a16d-4143-8767-c2ee00bb486a	6428	694405b0e6068075691a04bc8a8028d9
59b460bb-3763-47fe-ab3d-27b1d68b4a40	mp-865716	667bf241-ff52-4fc6-af20-dfaf1b398f5c	4488	baf8a740cf91faec5b387b80d765489b
59bbefd0-fb71-496d-9ab6-cabea6b47769	mp-777297	12deeffc-cc83-41bf-94e2-00290aaf44cf	10684	1d7903bfcb402ff92db2d53f3fe0e1e8
59d7e4c6-4677-44de-b3b1-a1a43a33272c	mp-20495	4a1153e5-7037-4465-9d39-518d54f23b17	7208	973e8af52c4f730316581608c9215e31
59ec3b8d-5f5b-4c12-9dde-f18c6ad4df1a	mp-772049	8f2f9df3-fedf-4cd9-a161-6392f7695b27	40096	161840eba6749354b5bb30a15f08d79a
59f271a1-91e6-4fab-8bfe-01d787ad0f88	mp-23519	e7953df3-aba9-4963-990b-a5a4a8abf825	32656	5a82c215eaa3be34f787835e910ca130
5a01f833-bc5a-4e27-a00a-c169c8f57a5e	mp-606393	77ad1452-4734-40d3-a4e0-33e404166743	11528	e0bc85f90e97e30102534f786024cc5d
5a0d1772-ae04-4c84-bee4-17bc1f9543c9	mp-6452	fd8542c0-b5c3-4d77-99f7-24afb118ec9c	44636	c08528161e51ff013718015da756d5b7
5a1419a4-69cf-4289-ba57-50c626ff583e	mp-25301	ad0d82d1-799a-4a43-9907-55b20c4b2108	41228	0a41579690787533e157bd928281edf6
5a417f64-c07c-4dfb-a5da-e0f7049be7fd	mp-12243	a8d0dbab-b6e3-48e7-943b-01d25786b009	6920	55ac145696d4d3a869b353aa014659f9
5a50be8b-83d3-4220-94f6-a657ccf14e15	mp-14425	e2216405-73d8-48fd-96d1-2b71ea544b31	86460	e65f3ecc23273a3839d380486083610f
5a68829f-8322-467f-9cba-f247e6320bfd	mp-8202	8a41f988-c8f2-49a3-96b3-bbfa1bc4e509	14296	f9408badec0a4b0e06d38b83a6103ee9
5a738ef0-0e3a-4973-a7cb-a1382c07ca60	mp-4907	90773eea-9495-477d-ac9f-2b76f52e7c49	52740	62d0efd5fdd95200477a0ad38b1a6d93
5a76119d-5aa8-4212-9d4a-ab7b3a8071d8	mp-18195	41142ae5-48cc-4a02-a591-2f7cad50ec63	63088	cb3492bd0a9c4498f44b68a3936bd308
5a90ca4c-4255-48b2-bef9-1da039de38aa	mp-8161	722cdd92-9ec2-4fc0-b722-3a104e12665d	7708	5a545e6b2a944724dba6351e93b2bfdb
5a932ceb-14cb-4654-bb8f-8f4db092144d	mp-4117	23505b0a-e549-4b73-aea0-c416318af037	39724	88c70403900b4ac86f64c2303e1890df
5a9e6b92-75b3-497c-9165-f959b126a75b	mp-753048	bdf70b3d-b6c2-4abc-bd62-8df08745b980	89524	b601255671a22ed6388c943064be69fa
5aa42d96-241f-43ae-9f68-3a636b0dc85e	mp-761184	0d070371-c14b-467e-a19d-98f9be3f052d	36948	b27b081d2e439d80dd0f5e71462785c2
5ab3c90c-033c-47de-b52a-bd909c575153	mp-14659	1802d2ec-7f1a-4853-bb92-6644487311bc	54284	63e4602940587ac4fc983874a536c531
5ac77330-7195-4276-b80b-307df6cf129e	mp-9657	5901bae5-4ab7-4501-b422-d8331076b9b1	18236	1223875f0e70ac157ad38dff088577db
5ac8f430-9a01-49fc-a46a-aea07f44e828	mp-12862	5ba482a1-8b17-4b38-bd28-f7a86636e1ed	29532	57c5e87275c10c25585f09c274509d47
5ad8c4a3-6162-4d94-901a-0f89a2597580	mp-568385	2e6a9ec4-2f9e-495f-b608-383e13dc1288	58912	fb15ad8632422f2e796f9a7a2b2f7bf6
5ad98029-c29c-443e-a27b-4893eeda37c5	mp-30249	83af1366-16bc-428e-b449-431af9e4864b	40852	4db9df9642844e09fad06547bdd22fa8
5b08163c-0fa8-44ec-a718-b7f25ce6aea5	mp-27123	3139324e-a3b3-4a19-8d19-09d02ca5a383	35640	52ff6d9e954755762c0ba79bd3957d78
5b0d4605-0ec7-40ae-acf6-40b94ce6c9ba	mp-557328	4663a4aa-75c6-4915-a0e6-a2919606bea8	21216	1b328a22a97fbd27a4507e6c9cb869fa
5b100325-3384-4463-95eb-92497cd4c97b	mp-7232	60089f2f-9517-4d57-a5b8-c019122bb0a2	4840	c86112435227e0a3170579290aeb5d5b
5b10fc78-70c1-49f4-b5b5-79e61ec2d592	mp-561712	e7f992de-c386-4177-8d25-6744927b80e3	156416	aad416b8c54035b2b3e4b7097dbe0f94
5b146ff0-85b5-460a-9526-d8fc5f2a1288	mp-605646	117e3417-28cf-4943-ac1c-711c4aa23829	74952	40a8946e73803378cb923723f4836d11
5b19558e-6678-44f1-91ac-a30fb97e00a3	mp-984714	02ebbc59-4b1a-4144-8939-6d34cccd2ee3	10888	34a3c139c5cde06206469619f515ec4b
5b1bfc3a-ff98-409f-80be-acfc41557f61	mp-752768	146d9d5f-b174-401a-af91-81b99db55741	7440	a1a21e92dde68a315f6ba8f98ade26fd
5b2da2fc-5e27-4183-bfe8-a99b7391461e	mp-7548	c008dfad-a8f3-4666-bca1-5826253288c9	10624	75d288a6866f819c5b45584390eb172d
5b559013-0db7-405e-aa10-fa485472cfb1	mp-30209	6a618166-482a-4a9e-bc8c-eb534730e2fa	19084	68cc583d3f9d5dddfbebf600ad75a089
5b57e5b3-734e-4c78-a9e5-01c46efc9353	mp-557319	aaad1fbe-aa37-4e6f-89e3-b131cebe7d08	28060	a1b6ae83e68fe0a2d4ec388de5522c36
5b5a6e5f-76ab-4143-80e4-e67dbd9db415	mp-567658	a24c6a52-3adc-42f5-93af-3414f1e73dfb	26132	442486583dfa3ecdf8dd4572b7c3cf94
5b666a31-7f31-465e-8c41-6f38f63ed71f	mp-15844	11e606d3-a95f-4091-84e8-17de19b81069	10504	a934d22b2acdb2c0400aa0ffff868bbe
5b6a75c7-592a-4b53-90b9-6ca32e4f6604	mp-773894	c054e448-28a1-4cc5-8b86-50c1c9216c92	161832	77fd92ca0e253b2928f5bc5e44e7b318
5b7579a5-03c3-4a67-ae0e-c9797397d076	mp-1000	06de2e9b-8cae-4d77-b30d-7eed1b202c33	1640	4ace10d485d49008b412f4dc69d3e7a2
5b7b1e85-e19c-4742-b7ae-5801f1948947	mp-23074	fba08332-ce11-4abe-84f1-30b5f4b34834	5728	2abf77f39e0bce90801aaf0548ab3cdd
5b7dd557-eec9-4f45-aed9-a49d2297e796	mp-574070	58e10d4d-3b3a-44fd-82b6-643534db982d	70252	1266f5162db7be92a212b5b2d855f6cc
5b80a380-267a-4f36-8797-9435bab13bb1	mp-14853	ccc26542-e3b0-4348-8251-1033698c2851	21312	323e1e4db9adb850f418581ea4043f8b
5bb5078f-34c9-4907-81ba-ac1f498873ff	mp-29459	dcaf305d-7f17-4d62-8987-690203d4195f	13988	ce4f7e5bd9dc0a6f0c645ae67f43ba79
5bb61d27-2dcd-4b70-a986-492c989bf04e	mp-861979	70c7a133-693c-4879-a37a-29dda67c82ee	9908	09a6f43108dfc625029fe851f7997bf3
5bbd2b5d-662d-42cb-93bf-f30b0acc95e2	mp-17065	514acae1-6fae-4742-bb54-1f9f8fe35a15	63252	cfbc331f73a23d296eb549c16c447619
5bd7b912-6ecd-4ed2-adf5-8ee298f2dd9b	mp-870	26e3e8eb-f99e-4c39-83ef-66cc0f0fff98	7112	9baf995fe69ef622a346d6f6733cd447
5bdac3c6-13e6-4e48-8e2f-76ab50443920	mp-23210	48a666aa-265b-4d77-84b2-fc32f3b18b13	6204	b379c4feeed316011b69af4d5837dd83
5bde3a6f-0744-4c35-b79a-425d207f8ceb	mp-622086	0dd158c5-2f04-47d3-b15e-767b0532ba1b	59660	7a25ed8b34645227769fe521e8157416
5be4ba7f-0b5a-425c-b050-d22648f9ea0e	mp-13630	1c8a71c1-1928-43e5-9b9d-0efa1d77df6c	15572	5edfa6110a01d9fa7faeb2922d59d1e1
5be65c3b-0c05-444f-b8f0-77baa8515fe2	mp-754352	65db8d1d-8165-4b7b-92bc-65a8442215e2	11576	4a3a8cbe7f3f41c32d5356f83519c36b
5bf5d35a-305f-438d-a92b-22d35979ca66	mp-13634	480fd29f-caa9-4622-923b-53dd2a8a1227	8340	44cc228af72920309023022918934471
5c0d7c95-bd2b-4fd5-8584-7e8d3c24fa5a	mp-18296	c5517d5a-e836-46f2-a0fb-612cf33dd378	27772	2421df6ee3dc398c2f6362e0434629c2
5c58d5b3-9339-4dd1-ad20-2f4463c43202	mp-756050	659cb453-bd7a-4920-8127-4fa324632e72	29320	431219a8fba3805896f995492c3fe3f9
5c60d0af-0aed-4998-aba0-1f8101bec34a	mp-1270	7c2d9940-8868-48f2-891e-0c105d28f8c2	22300	e812d6d433656f91c6daa0f52ffe5989
5c6ac4fd-36db-4c7f-b936-d11ffe205c17	mp-17245	9964b332-f2e7-41d2-b780-8f9a432a859a	50976	81153beeb10d654e29cbac2e815d9c45
5c6f35af-bb25-42b1-a391-44a6182d094a	mp-755225	145cc7b9-592f-4e8a-aa36-c1617b341e39	9412	05900ed1d0cd1ae6dcf27de500503322
5c7518f0-0a2b-44f6-bc93-101619c4bb3b	mp-559982	0e320173-c74d-481b-a333-8d3e1ad08dc7	18760	11b589b30b71e7abf33e5cfc71d882c2
5c7bc46a-73d9-4543-a0e1-61bbc1690c60	mp-7908	3734939e-ac34-4726-8eab-1e874c1ea6a2	13044	41e96e8770b2e59aee5705a545913d04
5c7da01b-44cf-4f29-9870-dd94274184d3	mp-558224	14f8a4b4-b258-4d7a-a76f-19a5bc2cc378	187504	a847804ea93f9e39316bfab30768f738
5c8a5c17-416b-4280-8e04-294f87515128	mp-642740	cd3c59a2-8ddb-4508-bb06-1499050b73c7	13020	3ce549702f611034e3e7313fd0ae8ba0
5ca7640a-5bdb-4c4d-b622-940b9ace98f1	mp-567259	6dab519f-687b-406b-820e-79c49d8b3707	5956	487ce79be0e85d38d2c17bc383eca672
5cb64b80-553c-44b4-8940-84aa31b3fa0d	mp-23852	2d61d61d-6322-49bb-8287-762f2747a935	75328	af963955f43b0ebbc6c67c27bb129fb9
5cb938a3-e95f-4b9b-973a-fa069910743b	mp-27865	429f5cb3-04e6-4e3f-9376-20d3688bfd24	13920	b330c8522487442ae6665c44727730c9
5ccba798-53a0-4a9f-9c68-bf01f969eacc	mp-1559	7f8db1a6-d2e4-4f59-9987-bb3125ab9261	10276	afe1f874258a691e362a8bd894661137
5ccdf37c-4f29-47af-9e2f-15fe11a203a7	mp-505145	a47acd76-241d-4566-8564-87079fc325d6	88720	0e096fa52c1a8635210768a4924fd201
5ccfc641-104a-4d00-b872-4496242f5252	mp-560831	bdba8e12-8b5d-48e4-add0-03118d98cbde	30568	f3e05ca2df84f66a38e0b1927ab196fd
5cd856b6-7325-4dd8-b2b2-2cc1651ac949	mp-30002	cf9d7374-c1a0-4095-b695-511b36385c8c	24000	1255480118c80bc017c9623560a96d42
5cd8fc12-29ab-43c8-99d7-72b84d5b1958	mp-632172	89679877-e551-403e-9674-9c8b1fb5ef8d	3228	02ca5676e25e7fc3bd3a6b6a6524c3c5
5ce4c26d-d942-4441-800a-0d86a5d137e6	mp-9086	53d75c02-c106-428c-997e-5174f20fcd7d	6360	ef5c1e8818dd905bddf232cb9fa5bf5c
5ce8d2cd-98f3-4d65-a023-444f9fc98662	mp-34185	42c76dd1-0664-4b04-9503-3745a39a941d	13756	8377b7b52cce2c1fb6cac397624c564c
5cf6623a-d055-41c3-b277-b9d795e4b37b	mp-559289	4eadac03-3ae0-416b-bbb7-3fdf6d6b76c6	29412	7e44f6fec2d7faa261e565baef616433
5cfe27c9-3e4e-4c10-8ae8-7bad78622c0f	mp-17401	d25f43dd-55f1-4d1d-8d4f-4999a0fe7cde	14268	fa96a5826b36aa7f3953e08764edc3bb
5d05bb23-051e-4e2e-8c37-90b15e29e7cf	mp-5614	4db1bc25-0037-482b-bf2d-6ed777edea5b	25592	1a0b7a1ada626181e23e954a4bfe3a24
5d0d3ea4-38e4-4cbb-87d6-1403f2c1e694	mp-557506	1ea7462d-e285-4cd5-beef-98f911e2fc9e	19920	ab8ed748972cb793429205719aa8f55d
5d115094-138c-4f0e-8b42-dcf239d16c37	mp-9912	1d80abb3-377a-46da-994e-79b9e6d913ad	6188	0023e586d3b4e8ee31b971e4236f19d9
5d1454a8-0269-41ad-ad1d-9dedce5cf05f	mp-556152	fdcdc65b-ff81-434c-b33d-f9fddf2c62a6	90748	21e04df90aa75ef18cfb85a6ae4fbb54
5d29de84-526b-4edb-ad36-65a65eb1f2b9	mp-7264	5c2c80a2-acd5-48da-8b6c-2bbdc02ff085	44296	27453ef674a489473a3354e0be42ec21
5d33ca3e-4569-4fa7-afae-2a9603b5a409	mp-989520	60410a4d-dc9d-4295-9065-11d2266abf96	2308	9a8c8917aafe45abdf63c2aae854ad68
5d39fff4-a94b-4c52-bf19-049e34abe803	mp-22566	23ec6446-36c3-406f-9a45-bd790b0ade98	6608	a2652947ac5da34cd1e3995fbae1d743
5d4025d2-3f04-423f-829e-f01e330f0276	mp-1705	40f2d01c-ebc6-4e76-b312-f4e9d1b04058	26216	52d1c7d7af1fa015acc14cd573e3c40e
5d461743-a009-406e-8811-eed9db4a144d	mp-27386	bbf020cc-1a71-4dc9-b98d-a5a150b07fc9	35076	da8b2db5b74f2ac8140958f5d006749e
5d4f6bb8-716f-44a0-9bda-0da60fc98da5	mp-676512	03dc3925-837f-49a9-a9e7-dabe30b8babe	17616	38ea65a736dc1bb003f1d120543357af
5d748a5d-bc22-48e8-848c-3925e915b72b	mp-561430	bf049282-5cc4-4212-b6f2-383b1b1baadd	27716	7934b91b3828a1077852889c0f2b6cfd
5d7b7154-c9a2-466e-984c-ae3a78be59f8	mp-7060	2d75e1cc-e025-47d2-b1fa-b2ef9f2012fd	8636	5e63ffa7160f6e0e459f54e5aad45c34
5d8ad26a-7005-472d-8d68-bd120f62c62d	mp-562072	8d577e1b-9c38-4b96-b962-00e4df23c929	5764	920158df3d791b315ab5a16946ef2b0c
5d946b4e-958b-443f-968b-9f7607e6a6f7	mp-23227	fc51811c-0ea6-4136-950d-e602398b7441	4200	34cb32262344d47293aff350ef27d36c
5da4cc6f-39cc-44f3-ad47-a28826937239	mp-34326	584e8abf-8b02-42a8-9d1e-760ab477f60d	14312	f4a2ccaba2a4040bc7e043995e58a85e
5daa15ee-02d7-45f6-9f71-4cc8cf8dd2a3	mp-559608	587a97ef-bda1-4ab2-b428-64cd71898820	133892	a146f54e20785d194a1e6c227d75baca
5daca760-f513-4614-92ed-6f947f1f5273	mp-638078	9a77f652-77aa-4f68-a6f3-a1c970cc28c6	17572	a0e34892d51f85e5d24882d7dbd76b80
5de5c737-f2af-482c-b917-9ff892705824	mp-754150	11ca8fc5-0b04-4762-91c9-d22fa8b682e0	28388	86cf808cab9bc64fa3d7afa543872fb3
5dea27bd-e124-4070-8350-5d2302a47d86	mp-37829	fe081a38-606f-4701-92ee-68843381a652	13816	b28be2b61aa40ed9f3e7348cd47af428
5e120c53-26f2-4be9-90ba-8abf924e03aa	mp-13718	13b2fcb0-32be-4487-9dd7-eaf97993e82a	52336	9eb9f16380b72d74425639a0b6009168
5e371efd-035f-4ec9-a016-e349809f717b	mp-989531	81167fac-1f1b-4938-a5d0-0b414604b545	2340	0bf55b108010e6f98e72278e10369140
5e449d21-b7ec-4a74-8a1d-aac28d9408e0	mp-8278	78acaeaa-536f-4ce9-a7b5-4e3f41e1f3f7	6328	3c26fe051bd6c2703ae0e0fc8df34670
5e578d39-820e-4f40-accb-b93825ad9b5e	mp-570168	e86995c5-70d5-4644-a744-c095713d5dc3	26352	7e688ed6735cf8e952543d87505ae1f5
5e8db162-473c-4a94-9421-19a09fa83f3c	mp-981511	220a7b8e-6739-4f36-9c7f-a5480a5454fb	19952	0c7a1f91215aa23dc5a68c529bd51a61
5e9d76d1-cc99-418b-b0b3-5ebee28a5121	mp-17077	b7dbe581-8c39-48c2-9d2a-7de02d4b9a5c	33688	a98dc7f1b8c829dde1ef321ed8cfbea5
5ea03015-9324-462c-bc65-a73869a1926f	mp-5455	8568ed8a-d154-47c9-8b2d-96b012bbdc66	53248	3d132df9b50e9c87c21f781b90902d4e
5ea6d8aa-c06b-4adb-9547-78b44d2ce820	mp-8652	c6e8bf14-3c31-44e8-9cfc-708b789838c2	8548	a4840af15da795d2837cbcc32b295df8
5eaf4b66-24bf-4752-a1fe-68847cc9a75e	mp-6055	4b29f937-da8c-45b7-99fd-a8411367ae73	34360	b114414682ec87be737a132e0d30904d
5effdde8-6560-4cc9-afa3-e724dd1dc5ef	mp-555199	51314099-6489-4b7f-8294-2dd902ae1ed6	20340	71ff38e95ea8edddae378c119ff3e075
5f08387b-8f9b-4b31-988f-4bd6d803ef1b	mp-6798	230895f2-cd9d-4532-acd2-9cca5fe7fc5e	2404	f87c4bb500c6ff75b9d73577313b78c5
5f12ec6c-5e0a-493c-a6fb-1288a2221abc	mp-555574	e38a1bd2-3478-45ef-a39b-c8310f221b85	27064	f73c550d0d3a52887a1958afc3d6ca8e
5f1a87be-2c91-42a9-a65f-ae562c5a2941	mp-27549	435c4f96-f8c7-4c95-be28-730a70b11e15	9992	274e0f91000cadb6da92f8b7ece10a22
5f58197a-ef78-4d24-8b68-af46ea35d235	mp-38695	9bfa597b-d7b0-4e00-b7ee-697f3689ab75	7664	b0ee32fa2584da9bc69a1806f737d990
5f5f5231-fd7e-4d34-abe3-8c3f82053c83	mp-555773	1ca48ad8-e473-4461-83c6-bd6704dfe2e3	89404	7b918131ef8c3dfe168b8b42ed39e9f9
5f69bd57-4dd7-479b-a9ef-6c9e62d779c2	mp-655613	019c8c1e-57ca-456f-8d6a-4e8deb678c86	31292	350283d20409d42f7bba09836f64cfd4
5f6ce62f-5ec4-45ce-b088-0abf50d41376	mp-11677	a1ddbdf8-f8ef-4f37-8c21-b431f4155c71	38608	2e60c1852cfdb1127e3a093a278f3297
5f75d02f-8e2f-45d4-9f50-8fe0ce069c54	mp-556522	ac0e0452-22a3-4fad-921c-0ae04c8e4b49	43144	53e4aee1ba8360906784c5f32b4b74e5
5f844bff-895d-4d40-bc5e-579edecf06a2	mp-21228	e0b179a1-bcf6-4031-a0f9-55b538984d2d	8424	7746508e3dfb56748967d6c6648f7895
5f93fa5e-9c3e-4db8-88c2-aca9786ab71b	mp-22950	bf092477-8e5d-46ac-a7be-3c49e616cc51	6980	36fa979d0cd53267a6c00171effe593b
5f9cdaf1-207c-406d-87e8-20acf1dee0e0	mp-29313	bb4bea60-10ec-4cc6-b695-15003a13d517	147368	efa71b9ab45ada300f0b8d8b2f019c56
5fa1b629-d5cf-481e-bdde-ce58f9587624	mp-648	db39be24-6af7-486d-9150-f950dddf4425	2172	3156d3ca91ba9492b3d0720778e577f8
5fa4803a-1ece-426b-aaa8-8c80aa8186bb	mp-7738	f11e6a5d-19ab-4807-852b-b066b5bbeb2e	5264	ee54a220d833c09f5e40f62e34c20f9c
5fa5edea-c0f4-452f-8910-5805d01de309	mp-568525	46bb4f9e-a4d9-4353-8359-0761e11aa0b0	115564	aa8585c80612e7645eaf801e4c241df0
5fa6f950-79b9-496b-81ef-a82865b7d1ea	mp-542737	0caa09bb-ecb9-41ff-b174-15564cc906af	26628	da01e6125791c3255bed491a107381a2
5faaac6d-8167-45d5-bb33-49e55e8131ff	mp-9523	7e1f3bde-ba51-4df5-bbc2-a4a94a34f596	11092	b7b6567c7c165f05c6769271a40dd4dd
5fb147ee-3f2b-4251-a478-c978c13faf0c	mp-18660	54861cfa-81a4-4e7f-80c4-3faf9341f475	28284	d507879c02707326f0b0596f0d76ac6e
5fb4ba11-b3d0-4f38-a441-cb0979abaff3	mp-23181	8463f1ab-e4aa-4986-9f71-894e98fa1833	17356	1a205623cad7ab07c527bba2622dc3d9
5fbf4595-b0d7-42a5-bcb1-7b5ff8c5f34c	mp-554445	dcf41a27-ce78-43e3-a08e-9180a25d2878	42680	8c59134311cc72be3de70c184fd8f60e
5fc75fb8-c8fa-452e-a4e0-79de979fb25a	mp-540795	8fcef99d-1c9d-4fac-9aeb-31e8ee74e1cf	17672	9bf6b260c35e0917727860c125d34233
5fd76647-0797-45ef-aece-861891a993dd	mp-12814	2e7ecd73-c993-4615-88a9-174f067d7d71	6692	899206438dcedca1f8995d08a051a1b4
5fd79d13-5f55-41fe-8095-bd06d33bdd5c	mp-696944	24563cca-25f3-4a42-8c2b-44378367990c	6960	f0d357c9c91a2434e71fc2648fa4a7cc
5ffa51bc-1625-41f8-847d-c06f33064f69	mp-37263	5eb4441d-5198-411f-805f-abfe16522fce	13300	922d2ddf3b44a67a665820afea75b40a
600f4ea8-7fe0-43f3-aa44-764fd85e785d	mp-552857	cc51c21a-60d3-45b0-9273-504601822440	8828	32bba5bc20a5f4a28968c2a137ed3dc5
60171ff0-ac20-4e4f-b754-392743348ba9	mp-703559	f1ed72ee-eb87-4fe1-bac2-9dc9c307f781	58152	40adb06ffb03c02898f7b0708f2b80da
601dc1b4-d38f-47f4-9967-4b551da248bf	mp-755421	518276ad-5f52-41cb-b945-b309a87f2db8	3832	604ffa8b1c37399e89e8ee7ba4000141
60205c33-a814-49da-9604-e5145d492992	mp-22996	d40bb279-1b61-4e25-98d2-cb8aed3cac38	15356	bf41a00da5f37d2eefacd533b7de9324
60331825-c9e4-465a-b2b9-1e7dcc9f7522	mp-643248	8cb336b8-787d-464c-9e5d-db376e8ca00b	7472	418ef808d503f25a990aa62608cf0a23
603b9d2b-0da0-47e1-ad81-7a9aaf389084	mp-540659	166f8aee-ba0e-481f-bfe8-5b8e49f87361	27580	94bc619ee1bd9cd56fc2c5f4d608e19e
6057f3a8-b988-4fd8-8d87-493b3a22355b	mp-567336	84ecc2e7-eab9-458b-8f23-0e51da451177	14076	5483af0dc33f3d14f25deb1256d4ee22
60690b2f-ae1b-4e24-8935-dde7fadfc18b	mp-20815	337690b0-5494-4ca0-9344-75fd9b5e9915	9724	4beae792852120ebd977f6f387ee471b
6082ce8d-aaa9-4c4f-bee6-d7a0e3d14c6c	mp-3960	eb45c446-565a-4167-befe-93d71e66da7d	6436	cac73742c94cff55422810ec22882b5f
609d39cc-69fd-4cf3-b176-5d602acf2a6c	mp-17043	0fad4789-7efb-4c69-a78e-787e31c49112	27772	79d3b1aca299f72106ac61ee07407b3a
609e8d47-f6b8-47ac-b0de-62fce8b63c52	mp-10080	88fce6b0-85e2-4481-87ff-17ddd33a3356	27620	1947806977e4acfdb2725e409a251077
60a39cb8-7377-4396-9f5a-0fa331545310	mp-6478	ee552ba3-6359-41ed-a38a-4db24325df1b	33660	9129fe43ca88a8af5c05f5181710b922
60a5e834-b5d5-4e42-b425-717dda669619	mp-3739	f0c2d3e9-208d-44a3-806d-84072a497446	29268	dd3db8b305b1f72eab99c8541a90bf2f
60b224c3-93bb-4c16-bfe0-fc49c0d574c1	mp-16690	5248cb0d-1490-46bf-af8a-a402bbb5477e	65080	7a82163f8b744566354c94f5275d4164
60c5af54-7543-4cb7-b54c-8dc3017d82a0	mp-12372	0ed88bcc-88ed-4549-8b6d-c7aee57b6acb	36788	7784c045308275c37a2921d70d09b195
60c9f2e0-2582-4deb-97ca-8d34bb7739b3	mp-38152	ac94c31f-a5b5-4c2e-b253-13710007bf9d	7992	65a6256a1dc73fe05f5597965368f05b
60da1ca2-a665-4630-af9c-a731768b4b33	mp-510727	4e7396b0-abca-4756-976a-c34a12e63f1c	36616	8cf4001344a3f65b2e5252deb3eb3cb5
60e91ec8-f996-40e1-9927-e975c6f9b437	mp-504554	89b02e4e-df33-4b78-aded-78a7fd48075d	21312	5f6d4b18fc68acd8e5ea8a5872c083b4
60f7c4cc-c7f2-42d3-a3b2-8933ca5b1dd4	mp-16585	63a707ab-b235-4586-a637-a873236ffd27	71984	5a8c0ebff6f60655a606eb19c5ec7b67
6100911e-8a82-4bb2-ad4d-01cbbc86b140	mp-9757	d7f185cb-6f77-4b2b-979b-7c5ffb6734eb	15096	dc6207e8ca46f30097e055088be1d84a
610d2201-b780-437f-bdd3-60a77b545837	mp-568796	dfcd1793-d049-4630-a64d-7561e97d359f	21028	b9fccfdcbde8936391ab216365ff519b
612d5ab6-50b3-4c6e-98e0-e46531bf359c	mp-17394	523c0f32-8af2-4ba8-b0ff-86487166760f	28288	60dfa5280fb02933cc1e5445a2551933
615b19dc-e177-49c3-9624-2f2e269071ab	mp-974713	539108cc-019c-4814-95b0-7769ade43e1f	8708	81b3d15f2840049848064b46f10fd374
615babac-b254-4b2c-9774-11eb09d4d84a	mp-867261	15278616-754e-4281-b66e-047c4ec616ec	7348	13ab4bde43b646768e971d6e853ede05
6160e68e-e594-41df-a6d5-e8f2dce15fd6	mp-21964	820f8793-41d4-4a8d-9c55-52bd37ae6208	33924	4eb5bb6907d56e6f42b0b2ec15e98be8
6180a6be-f0e1-4edf-b759-05921d3a2f1b	mp-21365	ffc1d68e-137d-46f2-b7f3-00b0c5821eb2	22060	ddf9e347045c4b0dd420b41a1dac247c
6182ad69-92a9-49e5-8d5e-c124f9119765	mp-560721	57cfcf66-49aa-4755-a5ae-549c670fe32c	71060	97048b441fd64af42b8be1c6d57fbe3e
61875b2a-7781-4668-83ba-54cb35882430	mp-561224	76060c10-09d9-412b-860a-54c496e39353	27588	8b070d86bbde8664b1066da0f437024b
61957002-2b36-4f95-bd37-9ebc8f3d17a0	mp-14761	9ad31965-71bc-4ae0-8f2e-ef8009b47005	144672	cba2490db619971bb0f7baa6f7d5c413
619a951c-4764-4f80-954f-197464ff1642	mp-9179	1451abb3-0f88-4dcf-b3e8-2e852d09850a	9348	43edca56983b369cb52c0a2ef219a0a3
61aa369e-fb14-41f3-a088-b7008e4cd3af	mp-29501	095a1c6f-2592-4e86-97b3-144a6c66cf2a	17256	6a44067bc02cd4f51323a3cc48ad087f
61af82e4-6e6d-46f1-bfd8-16c230ca2a3b	mp-752406	1fa836d9-0193-4479-ab05-83f8fe487337	46436	869c4394424915d8ecaed7c2c73cc9a2
61b52f21-0f32-438e-9276-ca2742e509aa	mp-5884	01315f73-888c-471b-9df7-220e631b7e2c	4860	a873cb3c67ae27a6156f7fc86046dd3f
61c39459-4df6-49e0-a41a-01622d80eea2	mp-643397	70dc7dcc-665a-425f-866e-10b67a5ee461	4364	a80c036218717dfd8c2cba977084536b
61c8901b-ad90-401b-9ab9-bd33b49afba4	mp-4535	c53a46cc-e2ee-4631-ad0a-c637a48002d9	15172	545d15c15252d1d55791339f460b129a
61ca2262-c25f-4ca1-a0ec-17611d95b118	mp-625837	2eb1da56-7327-4af8-96d7-5dc94a733524	25804	4fa7604fd0190516e9bf8b09ee559aeb
61ce0afb-9680-4307-86da-8537f6b16462	mp-769287	65957189-ed61-4ba9-ba62-8369d12b84ab	50848	ede2127372cdb33d3c94a2285e2e5c44
61fe0eaf-e7d5-47ad-ba68-134c11a2ef3e	mp-550111	04eb177f-46e6-4c20-81be-1eaaf05b3309	8848	24c5d6df176937a4685198367f056105
6214c703-0b13-4f34-a890-aa4c56230671	mp-557181	4e877a9d-b05a-4b88-acfc-761a912e4b91	62076	3a8cc1c17d236a66b2cbae358ffb9681
624955a6-54dd-4d13-8374-61018dcc62c6	mp-989536	b3cd6f41-fdf1-466a-955e-68c1ab3d6f57	2352	dbba052ced9c898e7fe36519e0360e6f
624f67f4-af66-4d9b-bfd8-bd21b507e822	mp-866503	5ef29820-13ca-4a47-9c2d-f294c8ca1ae5	26872	52c61efe088959d3d9cecb147831ac84
625b293a-5478-4ee1-ae4d-04b6f746c119	mp-12364	b0a0284c-b238-4776-8b38-fd50557c96f0	31336	4135a1ee32ee7f97f6ff6506d06a6c16
626fc20a-3936-48a4-ace5-afc4aaa8428e	mp-981103	2e4ed337-7652-4ad7-81ba-e20ab5357769	2844	63ec00c4c5930aa68feca49a839f83e6
6273b203-f0a8-443b-ab03-4913cbf749ea	mp-604315	ecad5ab5-8c4d-406b-b9d0-248a5ccd2c8a	31276	96316fe5f3866a083087d89886319f0c
62772588-1b0f-40d9-8fdd-a4d097315b92	mp-14439	78149ec2-d84e-477e-a923-1be183a76ab3	46044	f2ed6d67405ed3e42a5f34a3e8fa5bcf
6288927a-0ca7-496f-b5d6-44c31f56e432	mp-779515	bed2b09a-2e37-4fa1-bbdf-189833ed31f2	89580	3c31fc1f79e435eb872f77bbddaa8426
6290b4fe-2167-47c7-a38a-1e8b11055a24	mp-6892	fd1bfa7f-2549-4003-8f7b-582a30e8215b	35812	644e5e07395290ac586453bcb84620cf
629e4237-35d0-4bf5-9940-7f86bfd77896	mp-973981	810a386c-ac98-463c-89f1-500cd2b2f296	5620	421e2d7c89cb14ad43e0d5bb750ba498
62a44c08-8dc9-48db-82cf-ffbfd8c29aae	mp-555313	4fd9660e-61b0-4b06-ab26-af861096f71c	51488	d767384e5a4005720cf7632ba2628e21
62ca3b79-d583-41ce-839b-c07592e678a2	mp-505743	1aad7adb-b2d9-477e-97e5-fe9701f319e4	28424	2d180f71060034ff888e17254125797e
630d687e-bd28-4bb3-bf3d-568b38156e38	mp-669308	8083cf4a-2a64-4da4-9723-b75e4cda4cfd	14272	f7870aa443de2ff6fb419c549990e067
63175e89-3859-4823-856e-cee68045d14a	mp-774749	cd2e487d-a59d-4298-827f-f50a49e5fa1d	44380	83df3d05df6b4455a1d0df8b61c2640c
6328318a-ae19-4013-a70c-86d8dd9ebd2d	mp-29833	6bae54e9-e8d0-4d2b-8059-1593f33275d8	94164	a14498cd43dcfac21e0cc529345b39e1
634627c3-bec0-4d1f-ac53-6d79460ad8cc	mp-15572	12eac90d-71f2-41df-8f51-9be1b4171f7f	9152	2d0f64b2930421dedf7318ee052475d3
634a4623-2067-4390-9cd1-9b80e34c70e2	mp-560019	2a865426-4037-46af-90ef-988e899b8b06	138756	bf5f1a83a5003bef80b7e390b49540dd
6353ede5-d744-4fee-9b34-a0daa3c03403	mp-28270	f9da7758-9221-4e66-94ff-f507f458e01a	13880	ea3a6c0d998238dc2a3bfeb4c29f05ec
636fb251-e386-4141-bfe4-572557444721	mp-570135	40fdba4e-d885-4f3a-9ed6-6faae825c253	26028	ba388d7368204403bbf1a4fd6c09407d
63848325-faaf-4a89-82f3-aab3e06819ee	mp-554740	b00f17aa-f821-4151-85cc-87325e9079d7	50968	d1a3d8468daa502153dc444b9ae8cf81
63924f18-cc26-4fae-b889-91ce19cd42f2	mp-616564	219ccc8f-6181-47b9-90d8-814a7b59b029	10512	9c45c9a2aa664963948308a123bbd7fc
639da3d6-8a9e-461c-9708-6f4ec54214f5	mp-11166	b19cc353-91fc-4e52-a28f-4fa87d537fe8	20688	a17c08c98f11be731897b62442771048
639e7cde-2e03-4d59-98a6-10cbd589b5f2	mp-4406	cef2ff17-6793-4d3c-914f-3f8494b72cfb	12940	0ec0fe33ddeed1e8a247f067f2972879
63b3119c-40fe-4e41-b619-1ac6bd8b0ddc	mp-7137	90f7dfbf-e7f8-4b7f-a4ea-bc0f524a11f2	19940	614cde823bff05c509abcd1b70258492
63c5ae02-163f-4c2c-878b-3380596639f1	mp-9071	c012984d-0256-4c3a-a091-6dc6f01fc6f6	7068	58fe2418892a261ff6aeffe2669f62d9
63c90eef-01fe-4516-8332-435272a1e422	mp-6081	baedb3f2-f4f1-442f-ad55-83ffc51b4585	14440	6e58a1e03251fa1f381b9e8cac7d9ed8
63cf10a4-b579-48b8-aeec-0d46ec411d78	mp-754109	f1797ff8-101d-4cc1-8cc6-71b65b11eb7a	11136	54de20f38861b8e5fdecb56fcd01a4bf
63d54704-da8f-44ed-ba29-172d93d02700	mp-769365	8414e980-5f9e-4e57-b067-273af16a1ebd	29940	de32c6f56fbc0d8f216cd58a3730d063
63d5c666-5d94-4f75-941f-a1674984ae0c	mp-554371	1a3a8956-c484-47f7-98a5-890da828b157	78068	4794637d1198825e765474ee1e753a39
63d66432-b57c-4a47-bb02-db77b1ffb35e	mp-17095	7eb1556a-62c7-4c13-9426-aa52348f6a91	45036	ba78f86a365cf2aab004e74c2cbc1761
63e53d5e-daa4-4543-8c4b-99b217f9215d	mp-699464	8d6b88db-e1f7-45c8-8f74-d38e225298a9	60836	3a4a8efa28552094068d80713fd60799
63e72ab7-295a-42cf-bdd7-091d22c0081c	mp-14531	f1d2da2a-d41c-4199-96eb-2ec52e154291	22880	c68d4baefbb17e53ddbeca3fcbd54190
63ffac6d-2cc5-47d7-b7c4-9b33117de345	mp-625521	cea96a7d-e3d8-4f0c-b179-87a14b273167	20076	144cd394c38c883d23e324d125e1d7a9
64082813-542f-4924-b3e9-c45bb97f1fc7	mp-531826	046e3939-986a-4986-82fd-91ae9c299c6e	270888	c4f4771e568e92f495d316099160715e
64337ca8-7dfa-45b8-9e91-3c8b3bfe112b	mp-8414	299c080b-3bfb-4341-b14b-5dd9ed2ffc2b	2076	187e76763d5021110e7133fe64e72b40
6438e335-f4e8-48f0-bcae-c145674c5079	mp-8584	b43ac84c-ef3c-4aec-8a7f-ba551005c446	6440	ffc48c1ba6b4e1af361d19f30661e504
6440936a-ea9d-467f-a718-934f7488712d	mp-13992	625fa496-a333-4cdb-8b67-2060e95f7d27	13136	e56cd7dcec904409a256729e5453884e
644cb503-b546-4513-80e0-d581c6be0d9d	mp-18531	0109bef1-991a-45bb-b19a-43d4d3c9fcd3	39500	dbb45542874465e88708ed3703b13473
645198d4-e954-4a3b-971a-762def21f564	mp-675244	e40ccb05-a3ac-4b31-ad95-48abded31f06	13668	9f71fb079e1b98648ab93eb0c1def257
647caa70-beae-4f73-a2c6-869b10295462	mp-6426	4ab9b94d-093a-493c-923b-cd4c7766325f	60528	4ec0e85dc53998b72cbdcd7a1fc8c39a
647d55ff-631b-40cd-bf11-7919f7dde0af	mp-542152	a054f327-f24d-4845-beff-368e79a8f867	42984	f706d9eed42b5760df4a5b761279bfcc
64879aad-fcc8-49cb-8fe2-ae783209914c	mp-14283	aa9d6680-de98-48a7-83ec-912b35d7d886	48368	100ca598f2b293568fbb6d788d525823
6487e903-03e5-4fce-b97f-ab5a2c47bdf3	mp-7973	17dfd2c9-75ef-4661-ae1a-8c0c392de910	6564	705f75a365b02b1c3c45333494fd3d86
64892142-9c26-4f05-8841-7de2815e780b	mp-644419	405b1cbd-ed5c-48b4-81a7-738250776225	26288	6c4009eac6d8ad7f9edc0edf97d61ac4
648a8788-b8e6-441b-b13f-da83c5df8ea7	mp-674972	8ec95841-a762-4648-ae79-422da5090765	88944	c20214bd73e6cf1ec521114ffdf73de2
64928519-bd80-4b7d-a696-c9c80bbd360f	mp-760418	06d6269c-269a-4d6e-b3b9-84d2a23ef58c	12084	9b8d18ab209790fb81371220ff8347d0
64933c7f-54f2-4c25-a49e-1e51b8630d54	mp-755881	2a141ffc-7fa9-4808-8a90-a4d0599485d1	97236	25b533b6304c464655706dca9d9c6f8d
64a0a764-7058-4a75-83fa-47f9155ae2ed	mp-570021	8425473f-df91-44f4-bdb9-35c44ac29fb1	62752	288d8cf45909532637454c908a958cee
64bfa840-5921-4c38-af89-b8879b9bfe3e	mp-867300	ba95bba2-56ef-44a3-9761-7d1f78391587	6364	4bad773d96965fc815b7c28b1d6e9640
64cdb2ac-06f1-444d-9e65-c52249f4489f	mp-15315	b2a02880-3ec1-4dde-a879-bdc9cce4cbc4	66868	06ad8ccda47472041c2bfe61fa2d9f70
64d0b1ff-33b5-4f81-b6c9-0060e69d6110	mp-17464	4a4e3a01-2bb2-4171-a1bf-2463022b9d00	55280	79c3b2a9e734dd127c4975603771d657
64ede570-4f86-4a2a-a554-0a501cc57876	mp-24426	920d9d5f-6dde-457c-8b0d-2849bd59d25f	75112	9280834c45e8f0ecfab01e65f54bbd6b
64f1f1b6-3b73-4b7a-98df-dfc40bbba480	mp-556968	70130a45-2315-47bd-b10d-ad5e3c70dadc	75048	21e06a216d70a633dd7e3261772cc3c3
650a1693-d993-4bb6-9f1d-eb3e0b354dd3	mp-772760	c05b61ee-631e-40a5-984f-0f466e4aa945	120716	816a6a227dd4e87afa059509d31cfc2b
6515309a-ddc1-4821-ae71-79f6cf5a7853	mp-22958	b5dc9974-77d9-47a6-af94-fc2d31fdec0e	10832	ae2d08f0528f4c81f815c23c9ad59ec6
65158a71-a2a3-4249-a613-ed3394013691	mp-19957	5eea94f7-de69-412a-b41f-e7d7bee18811	27620	d49cbc9aeb84eb38378e83bdce086d3b
6532f888-c318-4ffb-a982-87095f096041	mp-28741	7c7e00d9-7f74-4ce0-ab9b-32eaab3d095a	19400	f1416bd1ac2bebc165693358c80c4780
653e94c3-1a18-4f4b-8b3e-1150650072ad	mp-756979	b628352b-d8e8-4f6c-983b-c80cd44db599	13712	f845f04e24a97dfcfe6cf05549d42ff3
65695a97-6d52-4335-a2cb-4ae9a4fd4964	mp-555026	b6cbc36a-5823-4976-a74f-ed132ea5e3b9	24112	afcf05781644ded4d692ca7b7141c87e
658d56cc-5841-4a39-80e7-7ecafbe3324a	mp-9069	46ce0776-784b-4ea9-8c4f-95c9bb9294dc	16576	d0e1cd6aa0bd2bdd8e7405f3226e4cd4
658fd62f-17a6-4029-9d54-adb85aecfa47	mp-34022	b167172b-a348-45a6-a999-6cedd6ac09c3	16616	3d5211b08c5d40e06e82f42fc0e1e80b
6598ccba-61a2-4959-a94a-eddbea608bbc	mp-23632	6911f691-11b9-4e00-9065-9206a6a342da	31420	6106e341156c27d7e120bb73698bd28c
659a624b-4d70-4449-af4f-7fea7822198d	mp-10314	74fe2ba7-14ee-4fba-8104-6e4166f750f8	6368	889f8d38872bb2a4567bf253a4382afa
659b80e2-fb47-4ab9-a67b-31d48d91af60	mp-4709	a82f3c61-b014-47dc-9b69-f36e992f0575	29168	02bfb9e18302b753d6935b270675cebb
659ca132-2635-4438-9a07-75c53d887d92	mp-28112	d817218b-c01d-4984-8ccc-c0ad23df1ef9	14284	05774932dbb7df9c75cc5c6857b7d6c6
659dda34-05e4-4e6b-a4d0-3cdc097b566c	mp-760513	6627a407-1a2e-4471-8fa5-d8a35ca27b05	12064	dc8e085e28bdd04061e0caa5641fed8a
65b5e513-8745-40fa-b116-d94a21c59a83	mp-28983	cafa1718-6cf8-484c-9a62-54e3d1ac3118	35844	c0f8ae49f376b1fd4194a7ac6566ae8a
65c27c10-28eb-4b11-9a6a-c793a41f8ccf	mp-754599	230d7858-98c4-44e0-a33e-9d21bd1b84a9	30428	f568ad135a3991527ff0d1e09da81c2a
65c3eb91-bcf0-4640-889d-c5cb0794dd6f	mp-23267	d582f4d3-5d7e-4e84-9982-bf4faf8f3b28	8716	4ec937f4e4332bdccefdd260a583d5e8
65c584f5-0e5b-49e3-aac1-696a73df57e3	mp-14429	73ac5afc-fbda-4f56-9748-bcac7c84d87e	46408	52744697437ded7a04432e1023e6a7a8
65cc64eb-d429-4c0d-9967-3c28735c16ab	mp-5632	ee6303c3-7501-42f0-af6c-5741b03829f0	4852	927fa59ea25438c2a9dfe0a333307415
65cf913b-ccc3-40ec-af2f-a47534673ec0	mp-7980	ee9e93f2-f5f3-414a-bf7e-3304a32e6d50	16496	0f1c0053d4e44dbbdc9545dd62b1104c
65d0303b-e204-4ed2-b2a7-7fa33dc8be0e	mp-776084	581321ad-75f7-451c-ace0-96699f2c4891	55848	c00c7277b00a7dd02f3926495af915d3
65d0caf3-b04c-431b-9681-97913f6cedb8	mp-39387	47e2fb14-d81f-4c80-81b1-5f9005723d72	20620	5c020dfe750024886487bf58f8b72dfc
65deff29-a6bf-4b32-a33d-d3ed1546c888	mp-675199	dd7eb6cd-a853-4f02-bb21-36a3a73b17e1	7592	d154e9c881b1516d448ad19f419f4117
65f37e74-5434-4880-8204-7cba61670475	mp-571136	e37d3d8b-78e5-4d7a-9679-a589d4ca344c	30440	8aaa31b39d303bdc50baf52b09318cac
65ffa829-25ad-4516-bb6b-f1a8a724b955	mp-753815	e426c020-8be4-46ee-a5b2-97f25a4a8a6f	9500	906d425f022eeaf38764296e867c7da8
6601080f-77f9-4b5c-a2b9-b1dd5c8fcbf3	mp-28873	a4f066f7-cbac-4424-9a85-60f7da20b2a7	11376	495deec90c7ee4f51f4f8b5b7e862eba
660152eb-8a54-4659-8648-b341f12a87eb	mp-9008	1ac4d1a0-e5fc-4d4d-acbc-7f4c6b66cdc1	7640	f581ec711e1bc9724793446d1af4ec40
661d5c63-5c74-4c57-9a7e-ce753038226c	mp-505284	28cb9530-9e3d-441b-bf8b-4170d0a1339a	27584	0e76d020a37110b50eddb79df82f91bf
66207e5a-132e-45a2-8dd8-449ac12374ba	mp-556003	1d4a9003-0712-47ac-8502-3a848edab080	9704	64c35f331d6592b8ef47c38990bc8e2a
66286212-b3ad-411c-addb-2be1ed61e9ce	mp-33322	a91ad6de-0555-4596-8bfb-e7f6577120af	7768	27ab5976225029b233c90f01735557fb
6628ae37-6417-4585-986e-fdcd8075b915	mp-624200	d803b4c5-b00c-4238-bd4c-fc91cf38e1ce	53832	08b17f6a67a889bae5cdddab316c6195
6633bda7-dc28-4fa2-9a66-5894290a9077	mp-780395	97a27785-c157-47aa-9ebd-429e01c4ed8a	109820	d2dd3417657867a23a2ba7781332b8a2
66345870-ac6c-4b35-b72b-f985b1705810	mp-554593	68b4c4e3-ce18-4e9d-8048-0be8084d0c5c	29448	11b5676a3bced7a450c63b2b7674b650
66386c79-8ae3-4856-b08c-4c0d88d738a8	mp-17375	d7622f31-56ea-4405-a4cb-34d4e44c023d	27488	cebffbdfa7599abb6af7a33551b27e75
66479aeb-7800-4389-9aaa-693f9218b124	mp-31243	a3189205-f934-426f-b871-d63a487f0959	67692	20190e09fed0d96c83debc23f8067680
664b184f-0a22-4240-b5d3-e15456b1c6a9	mp-554615	b33c5231-c149-402f-a3d3-e58c86fe1e3d	156680	e365c0cc8da75bba439cae6249dbbe2d
665d7b58-74a6-44c2-b436-0915a7f8d171	mp-6663	cfbb5e17-c6d8-4c34-8256-3a15acf225ba	108524	836539802bd940707d5243abe654b222
66716175-a006-4468-a7f1-976046ac29ac	mp-769294	78990b8b-c14a-4f8f-a822-db2bb325b28e	29492	d0f1442e57cb7e38f852f9e7cbfe4479
66755746-e705-4f75-a664-68f365a43f90	mp-561441	78a5dff7-dcf2-4a64-b85c-2f4358450c23	64380	366738ace59676e1ce314353b4949096
667f3b9e-d0f4-480b-8301-0064eba8bf26	mp-756742	16d2fca4-859f-4f8f-a374-0092c199a729	15744	6d412bf847044a6554c4f8679a1ea334
66911954-7f5f-40d2-abde-6f888b7dbe25	mp-560240	af31db3a-bec4-4ac5-99ba-c811bd33e1e8	29584	b82dcb7190ff8c122c48f33e16a1782e
66912e56-1419-455e-a516-98dd155626b2	mp-29420	379fcc77-9c71-40b0-adac-ed7015585009	9348	66de4df5e6456602c64ad4b6fcfc169e
66ac39a3-4266-4e57-b900-12da87f92ff2	mp-28707	d7c74f17-8313-438d-a789-f19c4f649681	54544	4aa02e1bdd3b7a8037fd45e4edf9182f
66aeaca7-1af6-434e-95eb-54f4b8102d93	mp-14401	3a95d212-fcc9-4448-a1b2-7223c9e3c583	103408	fa97ed36cac137375d8cba019c77f4af
66b2a1ca-3d19-427d-b426-e4ffc0258cb7	mp-569557	39b6f6b9-64d3-4ba6-b419-75d031bebee4	16192	6458cabdcdae024dc6764533bbea4355
66d84e8f-b794-4e3b-9ed5-a3f8fe4668cf	mp-542545	c50577fe-8289-40c4-8a68-557c0daff2f0	122632	ef727b286ce770dc033fe48ec59e1db0
66d95ce4-e0d8-471b-87a8-f368fd22c1d6	mp-755663	f338758a-74b1-4726-864d-4511da7b471c	35640	85efa2296572bf29259ab12950d8a1cf
66f97d7f-02dd-423f-bc50-e7067c7b39c0	mp-555646	5a52ec83-2d08-4da6-9277-e2bb2d44c663	79408	2f4da8448d3f8c8141d885301d8b89bb
66fe6007-f9fc-4604-9265-a42ac45dd56e	mp-778485	ad8c0f3b-a3aa-4ca2-8fdf-ee9073b1ded9	47108	09736560db8f50588ac39a35b1492952
670705bb-27c2-40bf-8f05-263f2afadc44	mp-6504	71a8c019-e23d-4bba-bea7-479b856754c5	12316	36b66e98e9100bf637295b94c9560e91
670a2059-6224-4501-aac5-94a0b7c4d0b7	mp-13997	7394dbb2-0460-403d-ac5f-15a06ec1c672	35012	a174c1d6e727dc5924c086c64e65fd47
6711b911-d03b-4599-a221-e12223216347	mp-567386	d950114e-7e6e-41d3-bb84-06f06603db44	20492	ac64f2fb94627486936a75ac2bab38d1
672acb9d-956f-456a-9d5c-a103c222bdc5	mp-722369	64b052f7-6995-474d-bb8b-e35775fa5961	99072	a2ed51bb8e76f9f410891de21aa2bcd0
673264fd-626d-4087-8a5e-0a5d63b9228c	mp-15408	02a4ac6b-c27f-4edd-9832-68715b174c12	36492	c26e783bedb2dbcad2b8e844fac3f4cc
6764bb30-df67-44f2-a421-d718e6da7f1e	mp-7998	7f66763e-f7a8-459d-9be5-f1949d204a2f	39324	7a84c526339cfbd3f416d0b69957e846
6769e95f-1344-4c1d-84e9-fde2ee854d1c	mp-4338	aae84ef4-0ff0-49f0-90dc-b566b7afd320	3200	7c6585d1012e8c69bcee5da20b8d6f90
6772dda1-5206-4dbb-8251-0eaae400ce46	mp-505747	5f4e12fe-a1c9-4349-806e-cfbe9541b94f	59208	6e76dfca430fbc8d2cf54d8294b17557
677e111d-3439-4dd8-b24f-1c74230e1d83	mp-31086	ff7ad7c0-cb7e-4c6d-b530-3cef7862bb48	20056	edccea655ffeec8ecab6b805740c359b
677e7eb1-74ce-4f55-b61e-2ffefccf16f3	mp-6800	f9579871-9c56-4320-b270-1bf07fe4a2cd	24112	6c899941c45041ab8a44a09e317694ef
678f9f12-c21b-4659-9d9c-5c7d5f3fd64e	mp-760502	ad014e66-f5b5-4fa7-b777-a4d696ac24a1	14840	f785b3f240342f1387f3ec7cb18e9e8b
67a7730a-a7f7-46ed-b2df-014fa3da8f49	mp-7457	7a996b5e-79e2-4c25-9aa7-9416b455a2c3	9832	34f0bc53c6a0dca651d095c84a0cb16f
67b944cb-9ac8-4110-a1a3-538ef547bfba	mp-560558	bcec6444-67d9-4591-8067-1d407c916aa1	12356	ea8d14228a3796acc7ff41095b00e25e
67ce3a0c-0e6c-4f11-8814-504cd6324236	mp-568060	8a8a8702-5463-4174-bff1-0506e071e908	105392	150992a6daac09539c7067e19b288b0a
67fcb9ae-d96e-443c-9efb-77a8a226204b	mp-277	cbf12381-2dfe-442c-8fc6-8cdcee39ad5e	23956	b2100dcecb5521a59ea94de3d366a3c1
68071550-74f3-4772-84c7-7233d22c10da	mp-5401	d8616ee1-f4be-40bd-a8b4-f518628d8ac4	76704	304f486a9745c3881ebc06e5855c60ef
680ccab5-0f59-441f-849e-f7564e8f90ce	mp-28419	399068a9-b1c8-4b9a-a1be-3d72ae99043b	32576	87f0196a2dca6825a9430db92c43f701
680d8772-7fef-4408-84f0-41764a7a2406	mp-23655	572cd891-4433-4484-a3b3-f5f8ac529b20	7348	254fabd575d75230807f7357b951b56d
68121918-9fcc-4cc9-af39-2f7a18bbb483	mp-33775	7201a86b-70be-4865-97bd-974796e23f95	24220	a5c45af45bcff7cf6af276a837ea4f0d
681c8256-0f1e-4336-969a-d2bf97f9e0b0	mp-554885	0ce76809-e7ff-4161-93f1-1f2595109d53	26200	c494adcb7aad0a8e93f9ddd2ea867e25
681eafa6-4b87-4f17-a5b6-82ca33234cd5	mp-554495	4c7edfeb-06e5-4a6e-b9c6-1bbecd0260b4	42292	56b8f94abbe5d27852d260ff98bfc79a
68242169-3be2-4a0a-995c-1c1f54c56510	mp-28657	1efe836a-3c2a-4831-a1cd-edc533314b42	14592	05b9d5e0c26476a8b3b03c3de24619bc
68327c1b-1c16-41f2-ab99-1f465b78befb	mp-989579	b0bffa5d-51b5-47c3-9878-9d061972596b	2328	2c680be477c070b5dbf96d404d63e3a5
683b92c8-2916-4d68-ab60-59cc7e14bc7e	mp-644418	69f916a2-935a-463c-b54c-e409efe52e5d	33276	b01c9ccfcf4a9aa9f9f0431d76b5a389
683bd62e-7c16-4caa-bfde-5df0399a2d2c	mp-555013	4d421727-66cf-4957-bcb2-743b0bacdbdc	36032	82e6d9269ec4ef89dd787122b7f7722b
68419fb7-c904-4cfd-83a8-8cc5e58a4cec	mp-570485	a2656b89-e499-42b4-bb09-a2284a8dd15b	10148	ea4da73637b5f86a2fb1da7cb03fe8b0
68569c94-036d-4a23-8e36-42eec611db58	mp-28534	15bea1de-810f-4761-9dea-80e0d56968e6	12620	cac6adb1da21c3767b8d019e487bdd6b
68608b7d-8a12-4b8f-9d83-93de275e7c2e	mp-2251	4c96ed94-7633-4d89-aaf6-59d780da47b8	4372	cb3cc840c710029d7077acdc8c9e7565
686fb026-9c1d-4207-b29a-6b692ccc9bf2	mp-16454	f22ba5ed-ca20-4c79-8b67-0866966f2227	14884	442611e45c45ad7af213549aa90a854d
687efa2f-ad71-4bf9-a9cc-648ceda19ce2	mp-28950	07f2d2ff-8de7-489a-97e6-07a1398c4a2e	18968	c403234c1ed751ad5220e6d01d90b4ae
688e3c7f-5b91-4431-bf99-0474eb40eed0	mp-707540	eb1bd680-aa83-4702-9dbf-dfe37daba3a7	43316	efa6804ca00abcc6f4687c3377620ec0
688f2d1a-60cb-4c2b-9f23-748d608bcecf	mp-9082	0bed1122-0b99-4921-bf98-734f007ec0cd	6576	ce317697872e50e245e42ac4e75c7afa
6890eb22-eb0f-482b-8882-64d66a0a522b	mp-555140	a5f8a627-855a-4aa5-9678-3fc361f91f92	14816	11f628813de6838bdc5a40e942b701d7
68971256-6919-4e62-96cd-8c806ce3f528	mp-361	4e8fbf7e-53c7-4cc5-85e1-3edd758df73d	1804	65fceee91fabefa3ded0716de744b6f9
689f1dc1-fccc-43ac-95e9-b3327b7d179c	mp-35876	698d9506-b9d0-45e6-a921-0e2252e4ffdc	13692	8dd449d377c5b1fcecc5fefe79b58f4a
68b1cb84-efae-4427-80a7-f3815746a812	mp-561350	efa6d252-503f-4e93-a0d6-90e827fe430b	45004	f45045a83d4e2f3b2722725eac6c1a69
68d1ba8e-d9cc-45fe-bdf6-0f0097ec7048	mp-560818	f227439f-50b2-423b-b767-4345d75b541d	83028	93407b2db9a0f287e31eb1b6eb6831ef
68e3ca53-e7c3-4500-86d2-85de63ce184d	mp-560685	ee396f56-c689-47e9-b3af-1b024b921aca	26364	9e0d2003350cea09d11b5f2952ccd0e1
68effad1-7546-474a-ab2c-8803c49e83ab	mp-22966	13184352-3b2d-4020-88b0-83e59f70536c	13052	7a8006b63a379c266aecc7dda24cce88
68fc02e3-5fa1-46cb-9572-6820395e9d79	mp-8140	cca7c3d2-6291-4311-9600-ba1aad9a16a2	21896	0356724cf63dfbcfd9e3ef77ae0abb19
6903b9dc-3866-42aa-ae52-2649588597f4	mp-16432	1515f9dc-6775-4769-82d6-5304830dc9f7	10208	5fa95cc2c5d54b5392fea0c376488169
6905bbec-10cc-4ab1-9d4c-256b2075de4e	mp-556287	c569f54b-5040-4734-8e38-c930f41cc1a7	14164	c1c139bcf296e4d0c4fca7d4a736db3e
690612a1-6ad9-4eae-8f94-fafbe070e7ec	mp-569442	a1fb8dd7-fa21-491c-9805-954a706fa36a	23564	67e548f9033d92f5eafb88a56e75858f
69117a7e-7ae1-4577-9c8d-80dfc1e437ab	mp-617543	c54a7b8b-3557-410f-bdd5-5c97964dfa8d	36868	72e022e8e0fdffd8ebcd8527aa9eaaa7
6919e588-b575-45fc-9258-c6bcd6a3d75f	mp-23101	b151a4e8-01eb-45ef-aaa0-51ac468818dd	12064	3426f88105033932a256c60c1f7c4dd7
692ff1ca-9244-447a-8c75-3dda5510aea4	mp-5899	27e66c5c-200e-482b-9a17-6717eebd3fea	10760	a49043c9f91cbe1599490dce58b5c494
69304e5f-ce4a-4353-8243-b92f1920002b	mp-570136	6b921463-1ef3-4243-9dff-f7188c38c9f4	24960	17dd15238e68c5bbf329a32255ac5c16
694b9c75-06b3-4e3c-b209-12ecc54ac1b4	mp-6761	78508303-63b3-46ea-80b7-352a71cf74ac	24400	f4426cf9aaa82f5529f13bd6dc0fa230
694e3bd4-967e-4b7e-978a-d46059792ef3	mp-22947	0f5ce80a-e737-4166-a756-03aa11160368	2080	02090a710b509af5211bcc23c505ae61
6955d99c-0adf-4ef7-af0b-8d140f58bc82	mp-961711	5cf9082f-ddac-4168-8a4c-0744ed10d15c	2824	e8abf41b5e0bad31f9b2ac96a4982818
6958c7c5-1672-4153-9f0d-66311565a05e	mp-626550	ae59fabf-ebcc-41e9-9431-511648ebb698	123632	1c6e130e5acd12d4adfb8967baad3dc1
69594edb-ce5d-406f-ad61-fe23720894a7	mp-570887	0d47dcf8-65cb-4016-8a3e-9a2be6637f4f	28936	832431c577492f1fa1e8beaf02fbaa71
6973140e-fd5d-4a58-bbc4-55363b8298e7	mp-4471	06963df3-39f9-422f-a29b-224add90c027	15344	3aad58babe08a330f19aeaa47400b998
69771d7e-efd8-474d-abc9-17fb328c2e95	mp-864801	59aea9c4-a935-477b-9911-0282f28e2cc4	5124	6eb3ad51b02089e290d1f783614b45b9
6985fe68-29aa-4417-aa9e-580c3d32dd26	mp-754165	a7bf1c1f-d396-42db-bf86-b2961c170983	6828	7c6a40e796242eb51adfc97dc0c7eaac
6990432b-779d-470a-a618-072cd307e08b	mp-16543	4c3fd3f1-1a4a-4612-a3a2-8eff380c9534	62624	8818e1d579c0e97ff2c97413ae26b187
6990f177-f511-43bb-bcd6-cbf761b884c7	mp-571478	19195603-ee99-4361-a3c2-904147664099	25776	c3878186fe3dcf3bb066f9859f584bcf
69a3fd1a-79c7-47c3-ab3a-a7d3e95d68d9	mp-637194	bc5f9e07-149b-402c-8efa-4a20607437a1	14324	aa8cf5dfc563944bad1ed2a29d58b1c5
69ba9eee-7317-4869-9d21-5ce9d7229dc7	mp-557861	7de8fdba-dcf3-4cee-827c-9a7a403f18e6	9404	c5e4298c880d30b9bc5015e2c50adb64
69be6b8b-2e14-4667-99ce-c8f3eb072c9f	mp-553025	920dc05a-d06e-42bd-ac64-58a79df0686a	22572	6cb0f5b7ba31630da8022a263a5fb56b
69d31844-5292-4b86-861a-a8995bab5e12	mp-30315	bde64afd-d69e-4e44-a488-79896f0a9b11	7928	11b501d463327d060a62c27244d85e0a
69d9e4db-ecd7-4e3a-98a4-deefabd2fefe	mp-9789	5882a387-764c-4937-a52f-dea289e6e67b	24968	db60fc25ee0be85a5047ccc5b6a53c83
69dc3405-d8f7-4380-bbfa-1c6cce71ff49	mp-768450	38baca49-b644-4832-9c6b-9fbe19a198b0	12664	07988462db047c8ce8db92b3c58c1fb5
69e21ca9-b3bd-4be7-a0b6-34abfd484785	mp-779729	e46938d9-e3de-49f2-830e-4e4b9e240557	75688	78671c8069c04545c6281a3ff35092c5
69e2a123-d66e-4328-bfd2-949d2e546eeb	mp-8773	4a669df3-aa63-4dd9-a3e3-a3cc6cb3bbad	6164	bf491110f1d8c0315e68aee234fecbc3
69f5b22b-d7a0-4541-964c-bdaae3059cd0	mp-11673	882e44e6-cd1c-4cbe-9c36-7a6245dccafa	138352	a22e1ebc388cb91950f324eaabe52d12
6a0801bf-81f9-4eb3-a09f-95c82d38ca91	mp-23033	bca28264-6840-4736-96ea-3c0b2c339dd7	6312	5023944e610be2f2912459b886b8087f
6a184e55-6418-45d6-884a-9b1d84ae91ca	mp-552663	60e37caf-7944-49da-a2f8-42cb1f0d240a	32548	5aff781a4a63ae2f5c632350d333b34f
6a2eaf6e-88ee-4ce9-ad78-10ee4523dd63	mp-9710	b2b33785-5039-4080-a3f6-f052f3cd1887	63256	184b202b0542d3383c3aea778b8dbf90
6a3f0705-9d9d-49b8-b15e-2800664b4aa8	mp-568493	9daa373d-6e93-4e4d-b07f-51096380c8e7	69836	42bede45d2514a5ef427219cd3f0a18c
6a44ce8b-f993-4721-bc42-a0da93c9b926	mp-571666	ce0bd288-eb78-4231-a114-1cd9a67b1c80	20824	9af01a4f91730675d330ad79bf2ce2e3
6a54fba0-2859-4044-9127-498522def597	mp-5427	5f29bef4-3082-4978-b1c2-65f8b96ec078	18824	1b747c902d6ee8896de1f09edb9753d8
6a6d7aa6-4c82-4f22-a418-ac6c5885ae07	mp-3858	02934fdd-19e2-4c28-ad1f-b48ea1ea84a2	15020	be7b38e29cbc9e43efbdd5d2a08c425a
6a73d20e-10e3-4e70-939c-e0df2e756c78	mp-865521	6f13a31a-684f-44a1-bf97-641bfa97b04e	5540	71bd9bdfc1e227880a3de2fc0d7bae9a
6a7f4890-16c5-4e03-82b7-24ac9423f6d8	mp-28730	368fd8c6-b28e-47a6-97f5-f2e2aa29ba36	11368	fabab9c43969744428448950ded35cf2
6a8bd3c0-0efb-49a3-8bad-1fbc29fe34ee	mp-28572	2c2e49e7-3256-4721-a74a-3c38441e4407	4396	d3dd3e280439bb31aff427f3937eddf4
6a9638e2-ae74-45c7-b196-b13fc670ab19	mp-638070	5b09a051-b066-4e5d-9888-4d5e0b131bc7	68572	371c2f9c952fc2f2c0ebc603583ac5fd
6a9f2041-727e-44af-a223-1e23d26bf644	mp-654129	e0c7e72e-ae70-466a-a0e6-b44a341da52b	46380	b480d4b5d78e6aa017793672fc596724
6aa66bcc-4fc9-4534-9f05-eaa7d99e0965	mp-5347	eaa5be5d-8873-4869-854f-d548df2de704	5968	e49d0fdc18ecc7578cfc17b4d653d300
6aa6ceaa-78e6-412f-9da8-cbade78d7d73	mp-646007	637a6626-98ea-4eb8-8fee-cb2a553a3f04	60152	7429957a05378cfbd0b2b25e55f4c04d
6ab9698c-f6c4-4a07-b7b6-539ecf9ae334	mp-555438	c8fcb1c5-3d02-4896-92ae-cf11d424eef4	158776	ea044ab27c7de4e58bbb908eb3ab6f1a
6ac890cd-9db9-423c-8dad-19efc027ab30	mp-6062	984a5b56-3d90-4177-9a00-b10a8339dc0c	29436	d77e0d7e12d3d1ae99a8ee0560f5b03d
6ae798da-d743-49eb-be70-92c4ddac6777	mp-9178	9639f930-1b01-4902-a61e-d2e5b7e997ea	32672	92e60a2f44d03edc18847ebf76c955a8
6af3ab57-096e-49fb-b17b-a89cf596d8fc	mp-6099	a25fe457-611f-4488-a060-9c3deac1c569	51416	67e009310e1abc521e67b472c916f247
6afd6226-2872-436e-9d39-f1d7be5dc77a	mp-559987	67b4ffb6-5e58-422c-b46f-f6e7438552e0	79688	9d8d5501648c11b2e5808ab9e88c436a
6afdf1b6-5f2d-421d-af7e-68e0900317b8	mp-632667	bbee27e5-c0ab-4856-8c91-e00bd97d05db	5120	8e9d9b4de303217af16a123cb8c41063
6b077fce-d87b-4182-bec7-6205ce2ac30b	mp-20694	956e6003-9245-4d26-a832-dbd2a6b22712	3672	8bf11b229be038e69f1eb420f50be2ab
6b079354-35c9-4826-af81-21d527d4995e	mp-567402	0a30c68a-1f39-42d7-95d4-54001fcffaca	12876	df9a9ba66724488126d12f2e9df7400b
6b2701e8-b261-42ec-b91b-220ceb07cf55	mp-559144	3db63819-e9bc-4fa7-bf7d-ab690bf9a6da	75436	4bb7bee371e74f310be16bdace31541a
6b285e28-82e0-42ae-9c14-f64c6e283e5d	mp-9672	da85b5db-1d8a-4576-bec1-9e2f0eaa609f	12332	489ca5cfd2cc6375b27d767114e67cbb
6b298c45-92b2-43ae-9ed0-b9cbb3dd23ae	mp-981	8fc27534-5e9a-4983-91f8-efb43085ea60	2196	6811fedf1eb0343736c97e24cbbfb15a
6b49c6ad-6f2c-4c8a-b380-a008a716c80e	mp-27365	531170d1-b503-4cad-8020-279a6f686365	64364	20ed6d611b79c07215cad3773f7be928
6b4e9624-0183-475c-90b3-498dde8a5c8e	mp-613620	ad2f7b33-a94c-487b-a709-dc21872a3c2a	25084	93108a8deecb2230082c4000465a66ab
6b554958-b77b-486e-9c78-3828fab2275a	mp-8959	e42115a5-ab2e-4c3c-a4a9-2df96a7cba71	14392	2764d8fdf697972143eface7df09260f
6b647d63-2119-4d68-87e4-da378ea27e5c	mp-21855	10b821ea-42f6-41d5-b939-79f74d44c387	3344	e57d354f8f0b08896b5b1acca7f96ed6
6b6cac56-51d6-4ce7-9220-de54bc66bb44	mp-776074	a51bc111-35ef-4743-b20d-5ae7ea7c3e19	56540	39aa9b819d2e5a155d7fc2d37ffe72ed
6b70df14-8c59-4c0e-9cc2-b0a56e68b3fe	mp-696288	f40e911d-d5e1-4b06-a48f-b8bf29ba65f5	70480	c8499393331655731aa11da1f2db6927
6b768d65-8846-4614-8331-07ecd81b6f42	mp-5588	04c305d9-ac14-4186-a4b5-e47f7c047f98	4708	c684e94d559306b8b828b9c95c5e4593
6b7aeae8-becc-4885-b852-a9083a37b78f	mp-505713	e9f8930f-990f-4521-b977-b63b0130dce3	18108	4d0b5e97f631c51879edcc93955464e1
6b7e77a9-d04f-4501-be88-4cdd06246ac5	mp-771955	abdf9161-8a2d-4343-a389-3636cc8f68f3	143420	4f2f565617f6c0ebe91a56277f6ba5ad
6b8559e4-582a-4a79-8cb1-19f010ae49cf	mp-29078	f7555545-174f-4e96-a02b-de2a6dac3dba	13956	fe1220cb5657796928101182e6b23a0d
6b890dd9-665d-40a4-8b6c-4130c02a55dc	mp-556509	5a0eea0f-c412-4b9a-8175-f5dd80102d0c	28048	cfc5520767940cb0e8c0900bb8a93c79
6b960a7b-332e-460d-b64b-de94d83f531f	mp-8900	2d3735d9-4090-44f5-8248-ef962d74da33	16820	4e51e8dd5c43d7f6b93e491db3ad868a
6bcf6556-9fce-473e-94cc-d2181f3c584c	mp-18115	50ad281e-064f-4824-bc65-51bb49dddf16	50816	a2512572d0627712dd61dc7bcaf7b979
6be5d581-3023-4be3-b4a0-4376ce0ca680	mp-23360	3742d736-c68e-4ddf-b056-23418b7a8751	76592	88d8e9c7e0c6ee0e193cc9e48e55ac60
6becef21-b559-46e5-b39a-35168d6698a5	mp-6441	d027302c-fcd9-4bc6-a596-e5b15a7c3449	27608	d7b23109ba3b26c5004485c10fb627f2
6bf492aa-f703-4c32-83e5-c4b6fdfce159	mp-28870	9a4d7980-191c-49cf-a805-57a6ebf845ad	44768	4fd04ca4c5c324a3351588ea7d6b9f21
6bfbb114-f3b3-450d-b241-2a4920f4c99a	mp-758038	6c2e5d75-ef59-42ad-b64b-a3b1275c630f	56940	454e93989e44e4ea98d17c0a3b17929c
6bff9141-0fc0-4ced-99a4-abb26f8e5a00	mp-7609	d8e58b51-9935-415d-83a5-f127553e1d1c	16540	8cc74a6fe15d5ae4b2243f935002d4a1
6c36e09e-94c6-4205-a90f-f67e10b4d3fc	mp-7623	b1f0d579-4d47-4ac2-981a-7c7806c80b0f	13200	b702ea36d0bc83d9e7710bcca0e9b554
6c51d068-9bc0-4800-80b7-8243400a304e	mp-973451	f48d8c5c-7e6f-4e12-a960-42b42137ea60	4568	fcc2a8606471679709056bf5c272eb46
6c64bb2f-a95b-42fa-8f40-fcb7f417a363	mp-14155	e63af384-50f1-44c6-be24-6c17d631e1ea	53784	c1284871d2dad771eb17d6e8d1fead53
6c6c8d25-27ba-4ffa-8169-cfbf54bf5e54	mp-643043	4585c6cf-d78d-4757-8e3f-a9f4fe203de7	12108	6c607097784b04e33ad245474f3ac17e
6c76da04-51e5-4fa4-bd35-1743ba73abaa	mp-8874	c7dc0f82-770d-4562-93f6-cea18409efa5	14060	929984b5db3567f6e8a2ec51bb111202
6c84a214-25a1-4e49-a9c0-965a9b4b592e	mp-557744	4243932b-250e-4089-a798-9be49ede2924	36368	fd08ae9858cd9f1fa8bfc77e9469f7ea
6c9fb0fa-6f82-482e-a324-79315dd724b9	mp-30548	0e0a2ff2-9786-4e1e-98e4-a967deecba37	20760	14cd60e008bf0fb2183f6925fb0ac54f
6cabb909-e2bd-4f2b-af77-40640bd80be6	mp-561104	54e6c7f5-4897-4973-a323-1f25554accb2	17868	9603d728762c1be27ff6896b613d25e2
6cae0996-362b-4321-a7e7-450a47a48995	mp-758933	5b87cbb8-cfdb-42f0-9d2c-a850d1749d56	87808	e77b0d1434a9c60e97028779361d1d67
6cb9cf1a-f4e0-4056-abec-13df4078fe72	mp-154	e2c51372-5068-4b57-a8d5-1a16f188b071	3312	2bff34a0635894125de3aaf3f4a7247f
6cbcce86-7616-4c81-aef2-5c32dad66079	mp-2447	b29f2edd-f268-4c09-a528-8a2ad7e85e08	67348	292885a43684857247296c665d8e6ccb
6cc0e44c-54d7-4287-8cb7-c6d263208778	mp-8065	f65a9b9a-e08b-40d1-b160-ae7080819365	49172	cdf68171905680b2e7444a7c8b81b575
6cc986cc-98cf-4589-a13a-3f9941c772af	mp-13643	453de010-bdb9-4fd9-a1ce-d87f65b413e2	16884	fa92435e87a1948512f182d06f1023ff
6cef7af5-81a9-4b80-9b0f-405783259c49	mp-17926	f86510fe-718a-4e3d-8752-3cc6a187a90b	3600	e13e368f3d4ef43de488d531e92e72bd
6d184794-7764-42ce-a7fa-9118c7c1936d	mp-559554	9fb2cea8-629a-46f4-b1e6-6e0dc0bcf359	27532	ae4ce9d08abb21525875df6b9f693075
6d1eeea8-c534-416e-8d63-f35c0735ce20	mp-755752	fd27fcab-fad3-4959-8173-a8deecce62c9	27988	229bd8f7cb29a32f0e246b537e8b5328
6d2ac375-eb98-469c-adea-9fcd471a0e26	mp-28066	3fbaac41-8d4d-429c-a7c7-932044f03248	5764	4426b67c57859b283fe5a1df1ec9f0e3
6d422265-efd6-441b-b182-ac5e8b911b23	mp-28290	11d7be56-5a74-4c04-baa0-5098bc3fd5b9	50784	10dc75a91d20351b48200ff82eaaeb9d
6d482caf-2c09-4277-886b-7e3e4d2a3baf	mp-552008	dc255df3-fa87-47b7-bb2f-128333f98e86	8908	1c41018e70533707aea02081f4ed5805
6d5bd7e2-d5d3-4526-8ada-6b27f43c6814	mp-756599	9b8ee1bc-a37c-40ee-8aed-5db37c5ba6d7	23612	4acca764722b64e5b075065d31a09738
6d7080ac-3c9c-42cd-a2de-67aa9fd4cf51	mp-554023	1bf910e6-14c2-4b5c-84c2-65410424eef1	5368	1db87db1f86a730756cb2623067e85df
6d70bfc7-3c84-4c25-81fa-bb7bc2b97abc	mp-17850	7f4c7c93-7cd4-4c0f-91b2-693505fd39ca	36628	8fb5550ef276e05112a30ce02ae36d75
6d7f4ea5-ee97-41b3-b808-3ce618fefb35	mp-568284	67ca0864-70d8-42f7-b23c-23106aa960e3	15088	aadc8e8544b11d0fd8751657c98f0182
6d8221e2-3235-4553-a74d-503af4ccffe5	mp-5104	d2672d9f-ec9a-4242-8af4-1c809bc288a3	10872	52b481ecdc3eb972ff44fa409a0053db
6d9e34cd-a557-4efb-a8a7-2e4d017594c7	mp-29364	520d6953-f044-4b0c-b41a-077fae842ee3	28180	dfa7b2c1131a0dd731837f5f8105cb66
6dccd15d-eff3-49d1-881b-b0195448f655	mp-772036	148a961e-d0e5-4846-a2a5-bef7f0513826	19576	f72500a36392ee42aa8a3976c85eefb0
6decf5f5-592c-472e-85c8-d9ca0aaa1b73	mp-504353	b71574bd-fabb-4b1e-a025-25a96bd0bdfb	80232	424e8770eb7e8860a9773c13131c0ea0
6dedd2f6-f4b8-4f03-8cba-5df2abaa78bf	mp-20374	5f24f9fc-aca9-49ed-998d-493272175890	11120	75fe2535f6788d6a761301a9c2fa5e8e
6e054d91-161c-46b3-9294-c032e8fbda26	mp-12622	42a8027d-654b-419b-a37b-ffbc42afea27	7688	5f640b4c9966fe24b869acade44ad851
6e5d8f9b-7ccd-48f2-a16c-dadb2d953617	mp-10784	289e7de1-028b-4611-8cf7-4ae5caae3867	6384	ae92515339797b8ca2a013a601515af1
6e63cf5a-1518-4614-b59c-8bc5e0665cb3	mp-28171	2584596d-87fb-4c78-962e-f2a38bfddf65	3280	ec98acf1be092be4ae0389a4ea9e822f
6e657460-b517-4e66-b8d6-28404b9a4bd7	mp-561294	c9e5f9d3-afa8-40b6-ab1e-ebc43717c197	9412	3d5908e4c5d8caa5e63a67bd02fbbbb2
6e68af9c-997d-4674-ba91-d6e494bddd64	mp-534870	9d1d71c3-fe3c-4b8d-bafe-fe91b6ad72f2	9276	d7aa1b78e5c277399b5f0c964fd50f13
6e6bc60d-6647-43f8-9058-967eda0aa5f3	mp-569531	f97bb99c-7319-45c4-9ee4-e91784d9451e	28268	22462f1333b846b6faf576f01e46402d
6e75914f-706f-48d2-9914-cf32b886daec	mp-772290	e99da6d3-bf71-48b4-a42b-5f9327f7da04	6320	336c1f986ca83c7b7b5486e7b2860443
6e77e2fe-cd1a-4e46-b4a9-1e88f4025dc6	mp-756725	35c08f43-6886-404b-b4a1-84aa2d1f9604	35132	9b23d754babc93631333c0ea9145493c
6e9cfaa1-fc3a-4a7f-9ecd-b487c988a0af	mp-867730	acd25966-23ee-4595-8348-0509d85bfe17	12156	c7b62ce3deb82a7cf748a1231823a646
6eb3a88d-83b0-4a1b-92af-1f549b8f4068	mp-570609	bf1881ec-b648-4aa2-8f74-e5bd652d23ca	20336	8ec9f88c043de193947e505d4d5e9cdf
6ecd98c5-2951-41e2-a7ea-60e9700caa5e	mp-13206	38f6a5ea-6035-4640-b5fa-11eaf6d55cf6	9256	5783b6f8d772c0a4076041b4fa2ef4aa
6ed0aec2-4869-4666-97af-551244d46b56	mp-674531	6289a9cc-2890-42a9-a84e-7beea445b2fc	70796	86fb73421beaea7ba4567c81bcbae704
6ed550a6-ea52-4775-b6a1-c5deb36e7837	mp-632319	934c293c-ec04-45b0-a557-48662613ec79	2008	db38ca9905f88ab18aa5e7b2060cfeae
6edd395e-e747-4282-946a-06ae4caee724	mp-558415	ac6f5b17-9b6d-49c2-9f03-597253f2eef5	76720	46458795b21827869051439510ae3283
6ee79dd8-790f-4e1a-8bf2-68431c4df35f	mp-34932	3aed62e4-a353-4043-9572-cac093b2b83c	5916	3d7c7bc2ee9dfc94a149a27e45d57ea0
6eefa0ea-885c-4e75-8319-f6fc84fe3bc2	mp-769317	12b09af7-51b6-492f-bf82-8be62c709ad6	110480	71daa16d1d1ed6ac40a7776857dcd31c
6ef26eac-1340-45cf-963d-40afe5a80dfd	mp-27743	5da9c578-2c7e-4999-b947-0946e004396d	9692	0903c183e4f5fcdf444f59ac16367d92
6efe56a0-8bf5-421d-a489-7d7e551292b5	mp-549709	4eda7851-e30e-40da-b18d-b1ac4bacf454	9072	a8c7adedc3ef842078b1bd2bba7666d3
6f01ab72-041b-4351-8a43-67d503b135a6	mp-17012	c58dd002-32bc-4cd3-be0e-b455fcb78482	36796	9dcc88b16ab30f5a9b03f4da6f92a458
6f16ab5f-8e2b-4665-8a6a-c8aa349e684d	mp-3694	af0df433-13e3-4772-8d3e-f402b8a0606e	18720	e0d853d8c4dd95a7348c7a0f472d35d2
6f330ac9-6b56-40fd-87c2-3fcbd9c1fefa	mp-15728	b7e11e1e-ae43-48ce-a22b-48589c37656f	96848	9644e4f4f720b1534e58cff1d4f17b17
6f38d04d-722d-4dc6-884f-9dde0aba81c0	mp-573581	79341e0a-104f-4e91-aaa2-83fdba5de4b3	46756	5805ecfe44fcb51e69d56fa2f664ccc8
6f463148-d61e-45a2-abee-97afb1b36020	mp-13541	3f394411-45e7-4bec-ade7-07d6db5a1393	18692	7b1380ba610151a88201189ae85d12f4
6f6e8b8e-d7d2-449c-9c00-2dcbab643527	mp-561472	bf3e42ee-d61d-4138-8890-dadb19ab1671	27216	efd358cedc092d3c972b759fba00f73a
6f7e8c2c-8f70-48bd-a07e-a9b161578737	mp-147	f7180259-22bc-4e71-9b73-f19f11231889	10164	982ac4884af539e44fbd5e2493c7ea20
6f91282f-f530-4427-83b9-2907a6d0c7f6	mp-541430	2ffd78ba-8542-4baa-8a17-185b726daf65	29496	e5fc97419105be0ab987591847c159db
6fa2aceb-f03e-4b53-8c8a-7eefc6bb445f	mp-772098	d8d691a8-abb8-4ccc-9c6d-50736e68172e	14416	9581016ca86344434f6e8ec591e2c20c
6fc5af3a-dc9e-4804-b015-38c8538ca3e5	mp-6073	56a8d7fc-2d55-402d-99cf-8cb234182b37	19452	dc4b73df9e2deb56faefc4950a9fb846
6feafaa1-19f2-4eef-8b1d-9af8da5604e9	mp-756968	a559f1b0-ce7b-4a4a-8454-4688f77119f1	46808	781ac98c77c3d9741012df18cd864686
6febb8b2-e068-48dc-bc95-d47165b1f065	mp-556169	cc88956a-3662-498e-aebd-20ffa592e215	36852	c405512b8f483bfb4e886b4d49ba996f
6ffeed06-b4ae-4085-a3d2-706d54487164	mp-27827	f84b6bcf-b995-4a8b-9db2-41618e2046ad	2028	f86a534bf7cbecc4a0bd82a59c643350
7003cec4-2eb0-4a5c-9a57-2fb8160b7281	mp-641010	0c806a05-2c9d-4d64-85bc-95853c618854	40504	98a053b06558418d9fe2a6228fdbce19
7006fc67-648f-46e5-b3a3-00814b553e0a	mp-28536	89326604-3a46-4b8b-acb2-41b1f7f73d1b	47152	d363c715296711cb3174b3fcb5ef7fb1
701e0b46-0a0b-42a5-aacf-f31a62713fec	mp-556916	6817d357-7d26-46e0-b0ea-f07e453ea416	29556	1c463a4994b5ecd6b3090e22142860d5
7021b57a-b906-40b3-a99a-a077338eff64	mp-775757	28d64749-4bff-4259-b48d-bef63a7e0516	19888	be3d36d0eeec828d42cb0511855b5ca2
703b9c8d-e864-4f4b-a5ad-99282c8f5468	mp-7289	75040475-dd88-40de-ae18-c3b4f4bd4de6	19016	cb3749a1008dc6c47cae0c991b09149a
7046f6ac-6857-4078-9776-e204f0ebb3c8	mp-556046	94d6baf9-c0b0-4e17-8e65-cea2bcda9369	23780	e4cb983988c46252aace765a9926756a
7048f282-35a4-4784-ad04-b1c8c7270d64	mp-11115	c9884eeb-884d-4cff-9094-d3df347b2446	32064	11b544c5d57080b11339ba698689f2d8
704d91c8-5291-410d-a997-98ce6af94824	mp-29254	dabdda63-3b77-4509-aaab-6e2684bb8faf	5596	28e9c116678efd43feb5ca1332859419
705b1c6a-c4bb-4e88-9db5-ffd786740a0e	mp-540618	0c1877c0-193d-4281-a1b9-83ec25e1d626	21872	3dfe045d827f276c3359833becc63d6a
705e56f6-870e-4cb2-a78f-d13b11162049	mp-9569	1ae239df-5105-4cd2-80e9-ee7e4df6b356	6320	fb05ddf3a2d85fdb299115ccfd909840
7073f2b6-83bf-436b-8e89-f1a993f9f5b8	mp-27980	b3b57753-389e-4e03-9e3f-bad9f9fb5f88	8792	eaa9cfca49c07ce0561c19e3ad0c1777
70a355d6-9f4d-4e4f-9a96-d569aad596a3	mp-7773	5f331679-6cfb-4581-80ec-89c51ba4aee2	10152	cafd3eb0fadf6889075c77a909a9f7d2
70bc33cc-f923-4866-bf2b-217e2ce677fa	mp-15649	d93788f7-4762-4199-9584-e2ea70e9ac09	26128	d8192fae796c1b556eae92fa74b5e500
70bcdea0-e89e-4c97-8f82-b90c583a4a32	mp-15983	300e8e19-a7e4-4a2e-8ede-57af68ce1cc6	52376	183949e6788703666b5cccd03a019426
70ddb46a-6fa8-4994-96c7-190a845b9eaa	mp-30239	86b99a7b-6781-479c-b3cb-ca3a2f65efa9	29968	fc5ea89a61b9ed72846dfada2aefff57
70df3e78-9268-4991-a7f4-ecd64f91eeb6	mp-28256	6d0d9ee4-fa5d-446b-b669-7ae15fdf10e7	28640	ac32fd68a34c4850fb1693d0c5068b08
70e9425b-d7b7-45a0-9446-f90c9b68a6a3	mp-642227	ddb8aa28-4e51-4f2f-90d0-6de24d87f057	104556	b4501121f13d7a058de98e24cc138568
70eeb2f9-331b-454a-aa8b-81a0f82f860c	mp-11684	6ebd242a-3503-44d6-8277-06290243fb8c	37532	587f6ff04c93f27b64c7e01c2aeb509e
70efb984-8485-46ab-93a8-6b6f31ebf32f	mp-12933	16da882e-d2d2-4696-8997-078f6c15128a	29052	bf55c5c2e782a466b928588d007bb27f
71099ebd-ba90-426a-9d0c-fa6fefd446ef	mp-866311	869932ca-cf18-44bb-8fae-9a19e4c0c2eb	8940	a33e4d9ffeff11bb280943397b6569db
710f63f3-b259-4653-a7a2-f31a1ba7fe89	mp-3668	80e27bd8-9f75-4a95-b9c9-6fb99de9b9db	9608	b319eede206bcd2d8ab477f3d0b25bd5
711be9c7-8c00-43fe-9c7c-3f3094e97734	mp-27922	1469db55-afd9-460e-b35b-ec53d7b73984	14216	607d8051bcff13c7c8e93e171617e41f
7123e7d8-7538-4913-9fc4-d0d4c92fc283	mp-505633	2556bdde-aa4a-44f8-91eb-70dfcef7fc21	21020	b327b460baec0b1ec9a72052c9e29060
71325579-8a73-4280-a1c0-4aa3a4975e38	mp-4482	8da5f24b-e2d1-4d43-8e97-53c3d3427808	17860	14beba3471ce015f794f3843220307d2
71396c9a-8fa9-46d4-8eb1-b781b8da07a9	mp-760188	7461af3c-ddd5-4ef3-a006-fcbfdd77c19b	47092	a0315ef4406c79fe55f39a5c642aa7be
71497814-c946-4627-8ded-a8f2dd4b7ba0	mp-639734	530ec52f-3a3c-44d6-867e-1f23f85034dd	24404	399652dabd8d15c5938becd5a9358c24
714a369f-a4d6-4f3b-86ed-15a54311e2ed	mp-38117	de4d976f-f7a0-4b5b-bab0-4f8216e0a31c	7888	cbf30ea7079e070d1b63605b9a0f3041
71797587-015d-4446-b11c-436693142b32	mp-8054	024983d3-d52c-40c3-8aba-3686318879a3	27184	898ae57b5ef513e85935a11c177b4c39
717d93a4-0407-4474-98bb-46cfb0ab7446	mp-571516	522250c3-23e9-4ed1-a8a9-e55aa2a8a4b2	32500	005aebd62a2325d31d42854352efa899
71841e1c-d5ea-4652-8d24-be989c9058a9	mp-568638	00041227-62c6-4eea-9123-d29b082fa8c2	16144	4177328ffecfeeedf0117169cf85f44f
7195809d-d07a-4c3a-9e95-202b0d5d412d	mp-20845	08bff555-7052-482c-97b4-3455ca566b48	5656	b209393a3f6482345d4205350a5d0559
7198b362-ad00-447b-aa1b-d429f5fe63d6	mp-29274	23c876fd-c313-4ab7-a127-307e962fe4f9	17628	e2c0c659bef21abe0553bfd4ef81088c
719b7bbd-a535-4e96-aa2c-998b755c996f	mp-28920	36700417-3ba5-48fe-9919-6d19da2e66b7	16960	b947bd7b488a541b8438c68c966e5d8f
71a252e1-b5e4-4d69-9be3-ebcf117f8162	mp-28034	ecf1f1be-408b-4067-a8bd-a079462a02a1	79316	3f566a1b86a1b379a081c51657fd1e28
71ad8b64-82cc-4ff8-8006-2b5fd6d61e0f	mp-560326	18d019b9-1c02-40de-a68f-da7265435a2e	46820	cbeba5a240237fa772b44d2e54f2ecc1
71afa943-9801-48f0-8b3a-8b2b587100f2	mp-10748	cc40a362-b2bd-42a5-a42a-2204bf0a4a6e	3396	785c1805f79477539eb4d34247c8cf79
71b61fbb-0378-4657-a235-6b80da4fcf7a	mp-20256	f57b183b-05c0-4d04-9010-f2552fe56b98	16452	6c1390b96a8de054791085916730198f
71bc2840-78c7-486c-8633-3315da51a7f8	mp-1745	87f8ec66-d231-426b-8f88-8bbe20be8751	27232	cde44f4d8841494944cf6533c850bda4
71dfcc7b-3207-4178-a64d-fc682a737f99	mp-865713	9303c48e-2c2c-4e81-8616-c698a6d56166	3120	294f79217343a4bc764caa50a81b5ef3
71e61eb5-4441-4545-9adf-0a39978016c9	mp-6384	13831273-0aad-4e15-930c-6007d0cd6c31	20396	171ee0d59ed231b7564872fe226d9db0
71ec59d2-e627-4a9f-b8c1-d7f0a64faddc	mp-567644	4b705e5f-5863-42bb-bdb9-eefe6a77efd5	16120	91569e53237d729e6c687273fc574290
71f0a65a-0635-4e2c-bed9-eed43e6464ab	mp-685150	daaffa8b-7c21-4d4e-b1ee-b3a69e3af480	13568	926d0fa4de747f12e69b7ed156b4ee01
71fb893c-5e12-43c0-8e6a-c01c19bb1697	mp-5830	4abfb88a-22c4-42c3-a0d0-53cfbb38634a	5712	220a276cb36bf47c026923b4a53987b9
72000632-87cf-48b8-8087-0217af374852	mp-643346	f766e9be-206d-47b4-a5b9-c0d66eddefcc	31828	4ced0bb42e8fdc65969d1cd146b4df56
7217e9d6-0275-4cd6-b5c4-0137691a4dcf	mp-772125	a3e2bf8d-0292-4f45-8516-64d8dee4489c	29544	6b8b320dc47e1a41a227ec4b612a2597
72501d20-e622-40ec-b74f-468ebdc601d5	mp-29596	7e22cfb3-4cec-4389-953a-cf8adc933dd0	48620	fc029e292c5f6dc59fb7ae5b1e681f29
726561bf-add4-42a5-aef6-dedda069ecda	mp-669334	15c3cfae-01e2-48e1-bd69-b6bd3a24a550	29848	df9562586dfce10b1e22290cb54a030b
7265945f-4464-40aa-af2b-cf22e5cf9e9c	mp-570590	d491a396-fc38-4e9d-a4d0-9cb5075e4245	22004	34766e1819188da60738caa0cd057d1f
72772281-5a26-418c-aa92-817df695759b	mp-13903	1a03a45e-ab75-4744-a5cf-5527d5224bf8	11436	667830cd4ea861c632dbbb3617035133
7283f11c-1182-4ad9-ac3d-d1223b59b0f6	mp-607712	7b8a22bc-f054-40d0-b08a-6b31a2113514	10296	ab63867beda9a342c310e69c7f2e6348
729193a6-9b9d-47a3-969f-71cbe0c089f2	mp-558805	b0184cab-310d-43d7-8d5e-5f8a494a9eeb	70216	6e6fe7a0c4f1ba8c9822098622fa56fd
72967a3a-5346-41a4-ac6f-e783b4dd554e	mp-560378	7254916e-a362-43ca-be4a-afea03b2a9a2	20556	0917c5cb386c4a4b336e19e21ab72d07
7297528f-9509-42ae-b20d-8d417bc8a8cb	mp-570594	98768856-6f26-435e-8763-455b98ec83aa	16236	21d54a7adf8a0d5f8cdc827241407be6
72abdbb0-96c6-417d-b14c-16690418e9a0	mp-1346	f4132afc-c713-42bb-8b4c-3edf5ac2da5e	5988	5101b62534a6d81b4eb64ad36e340388
72ad9983-ca02-44d0-aa01-896b58cff1f6	mp-4961	6231a2e0-67b1-4421-b2f3-e61dc41ac8fb	4676	a68e75166e5d786f449b8e1d3fdf0f9b
72b9ff4f-1284-4d18-971c-b34fadafa8f4	mp-756933	3c34a744-8c44-47e3-b75c-b986a1b6068e	4824	e4faf33ad673e818f201fc27c448ce43
72c612ac-e74d-4795-a0bc-2634c96d2e06	mp-24336	b508bc00-4d77-4953-b2e7-d1607e3bfc70	16840	f5cb727266236f84c0754cc7fcd34afa
72fab03c-d536-43a3-9423-ca35136aa884	mp-16911	69644b37-da11-4dff-ac45-8858024f020f	42024	6caf8aef118d56109d0224fb5756cb14
73035ffd-c29a-44f9-a974-a2e1f62f6cf9	mp-971712	dc1e2d1d-99b0-4005-809e-f31e20fbeafe	5872	781648bc8b75a4d3dc17c96c2b2ee175
7314e885-e9b6-4787-984e-0793ff423bc3	mp-980057	1984474a-fcbe-4d37-8773-127b3ca5a175	10048	4e7b1d2b877952092a5afd438bc137eb
7315afb0-b7c7-4b16-9566-0dcdcaa311ab	mp-755416	0b7914c0-c2d2-4074-be0d-a8a3889dab29	15288	22f2d5396033b71847668d16b22c5c9a
7317066a-0aff-4417-b2df-30a9cf406a57	mp-12180	f4a3f722-3448-45f5-aa53-896c5495656c	10320	4ec3622fb71464e3a2dc2681e481fa03
7323f7da-15e1-4d34-82a4-9439eadcd5c8	mp-755405	7f5fbe1e-2a35-4554-98f2-f57206c03bef	23688	0d4f79952617af4ba35de1dc0ee467d0
733feb41-5fc8-4b5d-bc52-c0139ce32367	mp-640324	50eb5cb9-ed1e-4452-98cc-f1c26a9e4b01	30140	c03a8a98e46f72aa914d605ea54699fa
734ce19f-6cdd-4241-8faa-b116a3faa5b7	mp-766262	0b09dff4-b84c-4755-8657-0de6bb63ea9c	89840	24e72f56855425bced0ba6faa4832f51
734e1dcb-b980-4a55-9ae5-1d413e8bede1	mp-567391	af2a50b4-357b-406d-8ef0-8ca43a332da3	29112	1b45b9ae467176020f25275a0cc7776e
73608d94-10a7-4eab-bdca-664893fb5fc4	mp-8059	1930ff4c-f305-4c43-93c9-819734d6bc1c	4960	9601ffb8693d47220f8a0eb326752d09
7381335c-4948-4bb9-9864-1d5c81cbd0a8	mp-504646	950aa9ae-4d92-4d90-ac81-47dfbf14f859	57240	bdfb38c0c3898c886ebe1365ce657bd6
738f630f-2239-40ae-8aa0-33fdb47e6ad3	mp-27880	b8e96136-9d5f-497f-a4c0-1b65fe4174de	26052	cc9583375d205b94f5a7750fddf00812
73923adb-5a1e-4e1c-86da-607bde607dd1	mp-27449	e560199f-d663-43c2-a1cf-a230824f78f2	15096	54d86cb5abc634736f746fbf0e33167f
7394c484-2fd4-4297-a35a-653be75151f2	mp-554863	5bef8bc7-1d28-4b54-a1f9-6f6c24530f37	48256	1fe3098c436f701d0932c1363b4f53f2
73b3494d-8573-498f-a46c-c0c23e9583f9	mp-558533	df6947f7-6822-448a-9c29-ec8ade4ea8c2	10660	4f417114829331d8c377d858c0aaa087
73bd3b27-2d90-43cf-8d0e-24551d4e01bd	mp-27649	8d17072a-9633-4c07-9e02-72f23dd30b72	5684	2e10b0869308ee816d40382eba9e0ea7
73bec8e7-7d31-4784-90f7-6c88124ee85b	mp-569687	362fbc9c-f9f4-451e-85e3-f6de3fa174a5	17788	01cade632ed939800551265bc5ee190b
73cc78e3-ca74-47ac-a223-e0bc044ed8b3	mp-20289	5ba5e049-343b-454e-833e-760d5f2696af	6504	a3e554ab612560c2542634f147c18e7f
73d65d62-95c1-483e-8e48-bf89d02938c4	mp-754381	8de90ed2-782c-46c5-8046-ab4bcb019e5d	3264	070e79bcf7a7410d3fb835becee27c17
73e15568-b733-4396-8537-d5ec7120f82e	mp-756316	b9546f2b-57e0-4371-a0f2-626b158e9721	32268	993a66165f214d931f24d0fcc55179a0
73f13b8a-e94f-433c-8457-02c6a9ddfaac	mp-22862	090b95c2-a086-4139-b781-1bdcad14376b	1616	c3f85878cac3797c1ca64445fe993c83
73feee6f-b2b6-4cde-9dc7-1afea3015ffd	mp-1575	3ebbf8d0-f76b-4f46-a719-171441f30707	14208	012d2259c5916d5403d76a6fec15d5c3
74028c99-9ac3-4f26-9015-8eb5f653df7a	mp-30150	6c5bf3a4-7e1c-48c8-88c3-99c2a0b80c41	63000	c3a3ee5bb42ce1e792defeb8fce5fb0a
7404a1d7-6825-4050-bb65-6756784fb48e	mp-12112	7e317590-4064-422f-af2e-0b9c9ea9b84e	17888	463514549970db8a93fb8288598cc793
74356fa8-5b59-452d-ba97-99dd0216b289	mp-7523	43be8267-5637-4dc8-b87b-9ceb069354d0	4612	c7c1a08d499bde30d7cb3b7c52613398
74541cdb-ec63-45b4-8e0a-e6a57aade758	mp-23352	ce06282f-0d06-40a6-bbfa-1115fbcfaf77	13400	9434f36654f92ef65e60e45ca7d3873c
7469a1b8-84d9-446c-93d8-31d054a14f52	mp-35493	9c4bb2de-5d5e-4424-8be3-c17edbd2b033	16600	eb07ffd965cece9f759a930fe10438e0
7474509b-c308-4857-9e17-2904d9fdd57c	mp-644203	b1768186-35fd-4148-8b60-8af66c6a7333	3424	fb65d395d99b48586369f58ab4d36d9d
748cf48a-0e87-4a40-9216-7722106fce2f	mp-768453	b29a3c29-2586-44bd-b916-802f57fcb7f2	21524	d72b857b6668b51c4a6bf0e25215b8af
749613a4-2411-41f7-9aaf-d37314651d08	mp-758925	ef991f2e-9cbb-409b-8f4f-4903acb1148f	112708	87d798712ad1d0276b220bdbede95f24
749676c2-3320-4468-9c6c-13974502517d	mp-8235	5b578cdd-a4f0-4e21-a999-98c0aa168d30	12296	61ac95d46d5e8428d851e09542571efb
74aa4a01-351d-451b-8009-9b905173fdf0	mp-13800	4ac57865-2458-4285-83d3-d319cdfad0ec	2384	fc3169ef0573b4fe430301ff6b9228cb
74ad7cec-4cf9-43c7-9b68-6c275a1d08ad	mp-571369	8ddc65fd-b9b2-417c-ae87-f0d12d7c4e51	36396	3c2a3c95d99d5f85db09fdaaa63f7481
74bc1a25-e5de-44e3-bb02-0d0978f7f36e	mp-755082	0283eb5f-e47c-4327-890f-4425e8cc71b4	6008	34889b2ff1a4bf64f1fa2fbb1773a47b
74c28f4b-239b-4854-a87b-ca9d28ad8106	mp-989541	9d25d18d-0260-4a14-876f-6040f93594cf	2360	7afa5157a12260ea0e7f7fa9fd710c1c
74cc6295-33a3-4a25-b19a-ee3a58f66f52	mp-559151	3df7bdab-5250-4b19-aa58-12ffd4724957	21696	bbbb12c065762832e482f5bf9efeb397
74e56c4c-0402-4dff-819b-b94d9579a8e1	mp-572510	e365c5ce-397a-4025-b2c9-559e8e089e24	128276	bba21bb231be0a15ff2e61103dec230d
74ea1d5e-bf50-42c6-b7f6-36ce32fd504b	mp-3788	e02980b5-5c69-4c92-9fe1-e5fe1e585cda	37692	eb32e55f67a3498f0e801ed605cf7b52
75056602-2663-4540-8833-f05b2fb8b63b	mp-6167	27ee165e-2a15-48e9-be78-93a504a71608	16168	ec2bb2d21279f26175efaad9d8b2ff02
752b0bde-609d-46c3-97a6-35a55bb830a3	mp-541895	5d901e4d-4077-4bb7-a567-35a3d0e8852b	56096	25dc8828f4b650a59093b2e4e81ed658
752c5540-5475-45a4-9c44-fa0ac1433ccf	mp-554115	1fc6c17f-1116-4b71-999b-44ca4cb9b18f	35984	61a63e05e76e582f8ea68c80954842ea
75342ecc-711b-48eb-a48d-b0d87f5aeb5f	mp-31418	753873bc-527f-4f76-acb4-75dd0e0873ca	25844	312a5e60853e571d09d701cf7cb4d640
75630982-10f6-4878-97df-81d17c4d8494	mp-555596	4c69ec17-3f96-4df7-b8a7-1fc223bf0195	51976	0999e37f6c4d7c04614e9764c0f97ed7
7570af65-f38b-41e1-9103-9b12cc22636f	mp-14037	fa258b50-6318-49d3-988e-b0d354a670f0	2372	2d37525ee47a87987ab3da4c0a64b89e
7586f766-f4c6-429d-a425-a280dc1b3fb1	mp-556143	c5edb1b4-0a6c-445d-a72e-e274d133d723	19112	2dd4bc84d66f3fb2b21715062410c16e
759a516d-f49d-422f-b9ca-c3c01897d778	mp-9275	d958d89d-e6d0-4a24-88e6-4a648631a6f3	11864	ed8da8d726ec6a702421bd904ab4af28
75c26841-c9b0-450d-af56-726be090cf9f	mp-10577	6911d5f2-2356-4274-bd39-9f677789eba8	33800	4ca17338d101bd5e75ef0166ad7f2ad4
75cd099e-e376-4e15-80a1-c881f116cccd	mp-626729	37210c54-77cb-426e-80e0-b6844bb2675d	26792	f9d6cd96b8651217dd84dbc1a2bcd94e
75d4bc40-7381-47a3-abd0-f4f193bf2d00	mp-6023	8dcd6242-b6c1-4333-a071-b7b36c5497fc	14800	ebcfb38af1576f25b834b4127d076364
75e7091d-c3cf-433f-97dd-2f600eaca73e	mp-560761	dd2a7096-758b-4535-aa57-95d448c4ca7b	113036	a23f6412b5c3e166721d965d6f60b897
75e731f1-9cf0-406a-b3cb-c546e57a0817	mp-28994	29f4bb8f-1da8-460c-a77d-8468d6187cae	11648	89606f93d7c437351f51579f8df165a1
75f024ee-bd40-4f26-8efa-9a447d964d00	mp-753304	28a5d39b-e9c2-42ce-9d7b-ade53bb2d85f	1584	8bc42e55ea951e563faf535a5642882d
75f2c36d-fee6-44d2-bdea-d496820fbabf	mp-627016	2a1adb82-bba5-4b8d-b126-6633305e64ea	48232	8c76724da8b5854afe052a938a2bc415
75f3dd63-224b-4584-a061-5049f57f9c0f	mp-559760	a6ef8c37-ba7b-49f5-996e-b5515683310c	30752	900886d7e33b0179e671751eb8c99203
75f5c929-018d-4553-bd58-8fa7c265c588	mp-542623	66e3422f-fb88-4358-ac7c-689103aa5db8	29148	a33d9a83c139550311d9fa9b88caff7e
75fde53d-06bf-4c1d-8b60-7f5e1419a6dd	mp-29806	a624ebfc-7ef8-4e00-88d9-705d6e2cb6dd	8588	cf814c2ec2356a61129f596e26b56419
760c0a32-1317-4057-9be5-cb7513e8f7ac	mp-29761	0208b4da-8716-4627-a538-1b487b51d95b	13468	cc85c3d31bc347e73e93ee9d1d922814
7613be08-454e-4be4-9528-d288163b9e96	mp-23419	d81a871d-aa73-4dbf-a919-cbbee9613158	44616	cc0d0e8aedc3ec5b9adfaafc69b11237
76181328-a8b0-469e-890e-b79c0129fadd	mp-707373	83c39ce9-20d2-4798-9913-8f770ca2b3a3	12692	e2115c3eeeb47e446e7ce932a3a9d019
76336d03-aa15-453a-b76f-7baa0e0fb6f8	mp-23263	ff50c57d-88fb-4a83-816f-3dcd94c6ea91	8288	21d9e41713f108eeeec3775f97963892
763412ec-313e-4556-ba4e-fc6e1598a38e	mp-775806	960969ae-a109-4929-a2e6-82e237d4e7dd	85988	d0304a0f638b0b907907fb1d67d6857b
763a57c4-4063-4803-bd5e-6d93d70f7a56	mp-601257	f743b534-c6a9-482b-a0f6-6e2e2acd9af8	30608	1fcd7a898a7b33acaa7d93494e2a43c4
764d8e60-1a15-45de-b342-d4b2ed0a4ca9	mp-24079	cc812549-b684-453c-b42f-a086ad049640	303384	89d848a4dbf6b87b17db052bc4bdf8d7
764ef451-c290-4fe9-954f-7171f91e37f9	mp-568365	23f9ecc7-8770-481b-aef3-e186f80e4dce	87888	480348ba781e2a3d265730c8761e437e
765aee13-c1d2-47b3-95a1-b61fdc913bac	mp-558105	47edd2a9-9f43-475f-bc91-712c62d7fbea	139720	5cde8bf71827c02c5d1e9f4b7d4091e0
766213e0-fdbb-420b-b215-c0d93fe4e920	mp-23884	e95ed6b5-f85c-4a48-92f2-d8d6230f44ab	9852	443dd1d9cfbba51d19aeadf1851fe6fd
7664a6da-88a6-4709-8627-06bbdb099fcb	mp-779858	556ce09d-45c5-4d37-8b66-72c54aa08f46	33380	95a227e4859cd8bf237e43783edc78c9
766e27e9-c6da-4928-913e-851827d5d50e	mp-5889	3999a688-9b12-4b44-b415-965dca416142	5744	91d3335992a9a5fc4065311a77d37141
7676be5c-a819-4aee-8035-35874c8b5101	mp-541870	598fc135-af07-4906-9849-8d61c7e39704	109536	509cbae519275daf4c299a6d1829463e
76878fea-4fcd-44f5-bb93-ba344c96acae	mp-552934	e587fdb2-960e-4dc6-84bf-db03a9e7435a	6076	9b0891ade7e996dc0068182655b2d5fd
7690ba22-2456-4789-8455-eae4678f3da4	mp-13445	e74e0aa0-644f-4224-8b99-709da862c568	12428	11f2f7fbc4c7a45582a4c771108da75c
7692eb83-b9a0-4a5b-baf3-9bb3dce364db	mp-12496	cf28dd31-1f32-4c22-8c96-6aa8afd532a2	17516	7719d062ccbb0770a065e8c572dce13e
769d4323-bcfd-4890-b336-7993e364bca0	mp-22737	22472811-3885-405f-9800-9520761b301d	79640	ee1a3fd0f82c2b431a38d41e0d01b5d8
769f6053-6396-4add-8540-34a33c30e32e	mp-643101	febc09ea-32ce-48f3-9c8c-92db132f3c34	2052	fa52827796fcfd84d1c8f8f6cf96cdb0
76b62561-6621-4a6a-866d-c07cdd2eb8db	mp-4950	808f3fb0-644f-40ab-b6d1-b343750367dd	3392	4720fa9e9bb8aa31b7431f8f3617e9d5
76c520ea-fa3b-4181-9343-ff5607bb5a8a	mp-9870	e8714b19-70b1-481d-9863-1099c5c57cf5	11448	34d394c388dad04bc9e11f2c9c43490b
76e58c40-2247-447e-ae50-042de961b185	mp-21521	9a49f6a0-6863-4034-b60b-870af4fa690d	19228	6336b11b87df26a9b081a73f98788af9
770690e9-dfc9-41c1-9b94-14580ba4bfd0	mp-2412	ba8bad95-f60b-4bed-9719-100d825482e4	33176	a178aa2a228543a2e230b3892a6efa75
770e4e47-9edc-4d39-aaf1-563c00b521c4	mp-22989	37217378-b3d3-43d4-b2c8-7c92d3d0d99c	14332	736bbdd91bf71d1569fb22dd72a7866b
77160aec-71e8-48de-998b-249c1fbaa323	mp-778141	6ef8dfec-c7f3-453d-a3f0-42ce25448513	60928	0f226bf4afebf49cff7ecafa65b63c89
77231296-4f4c-4990-9f04-05e9ff713a7d	mp-707195	cf2763f1-e448-453f-87c4-e5e1a3809ba8	40048	1a95e78a8f55a55227a8cda97afc4303
773a804b-bcf9-489d-a993-78dfc2ff7f31	mp-556523	fb3a0cee-10af-418c-9493-3f1c98f67d69	59868	27c02c63a16498ed9dc0d2a92e14f6e1
7762fc99-a60b-4812-9329-ffb2fae842c6	mp-9946	f2d22783-2d0d-42ac-a929-4934c819cd5d	14800	658ef8a19639dc38a901db993959f372
7767a09e-ee31-4441-ae74-000bad1e7c07	mp-14234	09022145-d0c5-488d-893a-7fc72b3121cc	72048	78176d7990224d6e0306aab6601db8e0
776cb281-0c75-43c0-a1ce-c653502fc1fe	mp-6459	a4bf3afb-0694-4557-82cb-56cf6b7302d3	17976	459c77a2d46c6f9419fc70497c47792d
7773ac6d-74c5-4ade-85f9-d7fcaf2b6802	mp-1378	08fef442-f3ba-4847-8348-8ad89c936399	7292	f92541b21f7d07b29e07c95c596824cb
777b2977-abe8-4719-87db-5354993f7244	mp-531238	e572a084-b08b-404e-8810-a655355004d2	104684	f5bc3bc314ee6af521bc7eb3a35c274b
7781ef47-daf8-409b-b91f-f64d1619fa59	mp-9076	823b1ba5-4581-4473-a876-f4c979003089	6480	292ce84a633ac4c5ad2facf4088a3b0b
7784eb30-9aa8-4d4a-be67-4825057ff354	mp-862947	5907549a-057b-4675-962d-d83edcb36bf5	3068	5545c926a10930ddd044e27d943f011f
77bb2192-13f1-4885-8525-4f3ab093fe0f	mp-554503	1ae8bd30-c125-42fc-a007-738e497c3939	49096	77f64ed2b1d7a7264e2b2d6fd8e08050
77c1c3dd-99cc-4177-9f9f-1b49d4ccb4b0	mp-39003	dee8b7c1-bcfb-407b-af7a-5f9f9012d223	117088	ad01c3e6274665f928271bd667fd1fcb
77c584b8-39d0-411c-bff3-904ac7da59fb	mp-560146	f95cbf2d-5388-45a7-a35d-1dfda3dc6662	170604	6b4c7aa828ec7eb25be879e32867b4de
77e74559-926a-4980-8542-51734b2c6da1	mp-570610	f9d3c007-4698-4481-b063-5f178b7c5ac5	23052	73175c275df70e5dc08d218b3775448f
77eccb02-9a43-48db-86c0-3eb7537abb03	mp-28079	4693a8ca-9475-4401-a9c7-4b290b01880c	45084	e4bf463b6c32ea75a6c05995dbbf6e45
77f7f525-59d3-498c-8ad1-46d89a8d2a2c	mp-757722	b3b460d3-dab2-4536-b664-f4c29f0f960f	40996	30d407f8fd86b813acc44b25b118fd9d
7803996a-9c8a-40aa-99df-2da546155612	mp-8376	c6a44dcb-7b8b-476b-9a72-7a83cd31dd39	28672	951ca8f293cbffed637ebcbdb4a9c916
780ed767-3171-4094-8645-03e9c053e74a	mp-28353	493dbca0-8a2b-40f1-95f2-b22890c2cfde	32848	e2d3b7e84d2fd332c3aeeb8df584a7ed
7814d2fe-e4d5-4ab1-aece-a762153baa87	mp-867699	1d527536-523e-4823-ac33-c6c95f182ee2	13732	7ed53d243bdcc0f590b74213e6b9e66d
7818c232-ff84-48c6-bef4-e8a055bd8ebf	mp-23417	e45f8896-07ae-4e1c-b4c2-b6b2b04e1201	11348	4369e3ac6622820b763266dc956e42a6
783bcfa7-d6a5-4cc3-ad6c-83fd046d2401	mp-28315	adf1f12a-a8c2-41e6-a24e-9d4567ba0f68	9832	11105000bb56fc7b09862324de804a5a
783d639e-bed9-483c-bea7-5c825acca98e	mp-540619	30bca2d0-8157-430e-a451-2d5e5bb752bf	43000	41ca5776542f6b226e4456ebc0751d5d
78694a7a-1e53-405f-9628-06b7bfd8a74e	mp-621924	462584a4-20bf-4422-824f-24624b08218d	48652	1128ea97acdf95f2a1ffd307527e1f45
78704639-8b8e-49b1-8cf6-957a60b5aca4	mp-570411	0039bae2-0af0-4bfe-8eb5-3a93373e5265	115956	9cabf8b846cfac2f1c310c0da48d0ae3
78754961-6fb2-4dcb-ac38-239462af24a2	mp-771762	02b5de5f-3e9d-48a3-a1f5-de929a6b8441	12704	8e4e7f8d867d13791611fef878311ca7
78889463-caba-4e5c-b096-2e65f6ed666d	mp-557752	e4067b89-e22f-4d02-a269-a86ef302cddf	27376	0d48bf79e6271316d237a615ccf1b186
78a968fe-35af-441d-a481-76fc93b4704e	mp-16179	4ce5a927-8a0b-413a-85d8-626c33750270	31280	22681fd305725436633cad362c8ba1db
78c56a14-4e94-4a29-a076-1ecc758e04a4	mp-8615	29d27111-f3fd-475b-be79-5ee98a407bd7	4872	fa78f14a35932b6085428dfd350c967c
78d0e03d-776f-431d-a39b-49da3f5e3d0a	mp-5005	3d9b141e-cb81-4d53-a856-35500b487f04	18500	3d1eb4c2e317b8c8dc068a06a731f7c9
78d49ed5-ff3b-4df8-bc78-f22b0088f346	mp-24007	3c4119f4-bb5e-4fe1-973b-9cdd9bf55323	20620	d0ad60393f452f663b517ac65a1d4901
78d7969a-c550-4993-b5d9-5754dc7cfff1	mp-27094	1208d84a-a3f7-4f34-9929-daa072c0c45a	155784	040292164e23c7817e28d0ec468f55af
78d8dba1-36a2-4ddf-a0a3-a313a13e2160	mp-581967	8cf21aa0-b69a-4611-97bb-990d7e8f27bd	279380	c0c0f679e56e868b759c96e00dbbcf2b
78f085b2-cfc9-40ad-ac1e-bc1333462bad	mp-15416	63166851-6cc7-4401-b479-be1083100472	44552	be52a2383253c82c24fe98deebfac2c3
78f4e185-1f2c-473b-8299-00148df54fcf	mp-4698	9ca5b6a2-bb2a-4ac9-8884-bb88d80ceffa	93408	d5ade412efed976d0e04ddee6a62e414
78f63c7b-fcb3-4734-b254-5a1dd20b9b69	mp-559833	50e23088-3917-4607-be70-bfda5c16eee1	49480	3cc292b412766bf9e29f4f75e9981ced
78fd8391-2953-47fc-9abf-45f33461521e	mp-752686	d9a4f9ad-f623-43b1-ada8-7012d76f0208	33300	cecef9f5acdd762b2ed379ef450c63b5
7902e15a-066c-444d-90e4-b3778b6de5f1	mp-3144	5e3e8498-0bed-4a30-bd74-c1bbbe49d779	29360	7db385771b04333c1a6426ec857ab245
7903cea4-fb37-41b9-ac0f-3b5db1d8ddd1	mp-4185	b6069791-5404-4a2a-b266-c0bf59a7c294	25516	407a47b0e8ea3e465fcfc35fdae7c734
791f3dfe-51f1-4191-b218-3933981091eb	mp-606691	0c0ff30c-1852-44f7-adbc-e23890e2451e	52324	5976989b5a5a6d645e655f07f903946f
792400a4-b9f1-45bd-afbe-b2673e846457	mp-7531	46a50f48-b9fc-4a8b-b8f8-9bc61f512c0c	5168	10c01bc392b0a3a5519869c14b185fc3
7925b7e0-a9ed-41f2-afd0-a63fa781dd7e	mp-10167	b633fc01-871a-4f67-881e-507c32fd78c7	5720	20e1b14fc5feb08d1faa431e5ccb3fc6
79307a80-1ae1-458c-87a8-a8e02f3111a6	mp-4123	4ee9b2fc-c82f-42f6-b93f-0d33f46ea0a5	6552	a970b7c1bac38fe73c973a04383080d6
793242af-d18a-4780-ae7d-13153e0abe15	mp-867712	663e2be7-7921-4b13-87c5-3724dc1ee2ea	16076	d477f3a1c73d9dc9546eed559b8992f9
79380390-1453-41b9-adc6-30bc2bedde63	mp-644506	e7052193-59ab-4ad1-b2b6-969f7d28cab0	17696	d2fd88cf09b51894ea5f7629e1224c32
79627ce1-0a7b-49f6-a183-c0aee6d4128d	mp-625565	bd665850-d459-46e4-8b6f-23975eda8682	17668	da8d23544957595d454da406e6383417
796e34f4-24be-4027-bf7c-8fced07414fd	mp-8198	79473ffb-ec72-4fec-b3bb-174ba8386490	63280	7d43209ec615e5fb75766c63d49315ad
798a4677-17e3-46ca-ab95-687b4a4c1f2b	mp-766208	01f97df6-03ec-4372-9ef7-1b595372baf3	138324	63f034c99c3cbccab955c787bdbb6342
79a145d9-0bf8-4e56-88cd-132f56cee29f	mp-40286	ed37a5ad-6b29-4bec-b316-d5ca958579aa	8872	1e225d94bb527ac360342329fb6727aa
79e86f44-04cb-49f3-9dc7-f25106df7ae2	mp-29107	3f671d0d-200a-4fd9-ac21-7767686c0602	35144	f6761dedeba04b53d3e897a39d3334c4
79ed5c6d-6044-4cad-bc9b-13d425455c01	mp-684017	0efa5beb-c58c-409e-aeb1-dc04054e874e	71136	a735438e82d5a867e21e67d6a5842445
79ed9532-0f2e-4c8a-9074-2a09e8b044ba	mp-558362	1249e0b3-cae4-44f3-aa89-99639dabcfdb	28284	f5116362a394a20c545f3b7e178d630c
79f1d91d-b435-4851-9828-bea31f0d7cb5	mp-549127	06b59cc4-3715-436e-8e8b-57ec4b8c241c	8884	2c6986dc6ab15cdfe0b7b41d234167f5
79f3c694-2d3b-4822-b7b3-ac5fc005bb18	mp-761025	df66e9e1-f84d-4aa1-9f05-78f735bcb192	46292	75aeb188b3030708541ded8ed4d9472e
79f57544-b0ee-4184-b07f-325245a02840	mp-545544	1c6dd8f7-3622-4acd-a89f-54f0ab1b854e	16216	f446903167ae673af4e6befe3912f8cc
79faf904-12f0-4783-a44b-8491051ee434	mp-28164	671f4fc7-0c07-4722-9182-da29827ef59b	15316	7668d1c475a816c6ff2bf81f44343db6
79ffb761-b026-4550-8ffc-797709646dad	mp-5725	80195de7-d3c4-45b5-9f38-cd2fb2a68c8d	6888	0db69d18640f7295fa4b2cc2842a72c5
7a035cc5-603c-42a4-ae25-6b02f829ef85	mp-17434	657f120e-a41c-42b1-b326-3da9e56a8ce1	33716	4af9e648fc735247b0337e147469e897
7a126882-0c73-44d5-945f-d799fa44be63	mp-9363	d7062ad4-c679-4d7f-856b-4007ddcf53da	6436	001aab3feba97031c28ebcacc5be3452
7a1d3b80-004f-4db9-a619-7fa9b83aa06d	mp-14484	fa6c4d86-d8d3-4136-bc7c-9acddf2df665	90540	0d8b053ccc3c4fbeac4c4176d8aaef7d
7a348a52-f6e5-401e-805a-bd2d8145b327	mp-28140	37c5f764-8583-4ef0-b8a8-1dc5c9b581ae	15088	c8f5f3110083d8bfe33d08222346e069
7a522127-651a-4c14-b640-366276cb90ea	mp-778256	ea78308e-668e-409a-9273-e7ba8fd5feeb	47656	05e66d498459c3354c75c58fbab3fa77
7a63e641-09d8-4251-b676-ed9b88e1c4b3	mp-680146	9ffb1d7c-ea41-47a9-aa5a-e136096e6674	43628	7a2b755101d98188297958c93da33197
7a76761a-8da0-4bd8-ad86-97d4570b7b8d	mp-756646	28ed69df-510a-47f1-8eb0-856957e0a07f	3148	f58ed3e349cdd17fbc7171da7c82fd7d
7a7a0987-121e-4caf-8c68-42c284bd0c46	mp-7618	4b6a5c8c-eb0b-409d-96f9-5b9d1a204a3a	6792	2a19f44a4e7ac0d955ad27918a6da433
7a862929-8680-44ac-81b3-45fd037c49f3	mp-862701	4861529d-ac7d-4977-a01b-63f9155f568b	12252	8efa0a6a63807cdb78dfcfaf3aafed40
7a8a9fc2-59f4-43b6-81f5-e3c8d4431ac2	mp-542570	02838428-4248-4742-b309-e2aae87548ab	54736	ae6faefd16c1629b2a7d088a525559fe
7a8eb9d7-0336-4c10-959b-9d638363c354	mp-768537	b655e75c-6bff-4ae3-8efa-c597613f8d41	26912	116bb4d9b7f9bd02a644cec36681803a
7a90084c-63ea-4039-8d16-e196e3005dee	mp-3795	b2d0fced-459d-4607-b4da-ef5819137b90	14616	c4652c4b4a45d2b56f61fcef6c9b45d5
7a96bcf4-6057-488c-b0d8-7ebe9ea27ae4	mp-2340	69039b35-60d5-4094-8574-b6a910dd3cff	15608	03d8c04726033c2ec61509747664fd52
7a9bd60b-fd25-4e5a-a7b7-0474e19522b7	mp-6146	16f4099d-5540-4682-a909-b6d523c5b0bb	26484	72cb4bab39c6cd5e91cc0e7adf5b3497
7a9ddd99-152a-4c8f-9154-07fe3439f036	mp-4135	8c463ad6-889e-4025-83b6-6bc58613e996	37152	534eef1d4113f881c66891f19826bf0c
7a9ea581-8c86-4f08-8813-60dce2c0929a	mp-625468	3858e389-a590-4d15-8143-834189ed6d4c	26612	16772e0220cd83139faeaa0d0ae10e90
7aa381c3-2aec-471e-a144-87796084bcb6	mp-28570	f9cfcea7-8964-44f4-954f-d933890ff003	32116	22ee34fc38ff58de4ab6ea263870c617
7ab510cf-9a98-4011-a0f7-567f3e6033c6	mp-5331	bce3af5a-2069-42ab-aa6c-e567879ea354	16080	bdfcb50470c5ca371e706e957eb6ac8c
7ace1b0c-8268-49ed-8626-3a317395c7c0	mp-753816	a43a57c1-5faf-4d2c-ac7f-663915211c9b	9060	b80461f043029c04f2f9d16849fd5770
7ad1791f-ed24-465d-af20-6e55575b2275	mp-5013	3f9fb599-77cd-4fae-b198-096971ed8b70	27112	4b25279179ee60398b38f772b87a9027
7ad9f0a3-094d-4710-9eda-236651ccbe34	mp-541911	b4d130d4-8108-426c-baf1-448fcf1831d1	5820	67599c63afaa3c961a26e06ab30ca5cd
7af751b3-49bb-43ba-9fb9-463b891b5429	mp-17947	a704526e-feb8-42a8-96b4-9f82c8eb3dd7	24088	cf06e25430965c5f9e39a9d0279a2393
7b01595e-868b-4a50-9bda-e4503c182e43	mp-752637	1a2dc106-c31f-4fed-9410-3d82def53cc3	10224	37e9844cd637dd5757c67faf35e90227
7b0bf134-d048-4b33-9fbd-51777ada4473	mp-16160	6c35fe4c-4969-4c52-bc8d-510cb967c62b	55204	be2e45819523fe749bef4d03161315bb
7b11dfee-9e3a-4b69-a7a1-ee894d19b833	mp-29462	33d42244-8bd5-46f1-8d21-790fd58846e4	40568	9b425d4d44e92d0007c6dd6a46d35e07
7b1f5ae5-c1dc-47aa-bc45-fcf96568f6e5	mp-780370	5503eb5d-f2fd-455e-a714-912e1c6842fe	19184	65e253e40e5cfcf5a8244d1f5f9444e8
7b1f994e-9cac-4f79-9865-44e596f517c4	mp-560873	33febd66-489c-491a-8e1a-0b744012089b	22676	49343293e6cee9bfd84a0a8cc19b1050
7b2de8a6-a895-4487-8bf1-9b105281f61d	mp-13610	cf907513-9fb8-4fad-9011-b91a52019999	11312	1c64d5e8a8b62dab94ba73e2956039c2
7b5d813d-ab56-4e58-a6b4-28926c44b8f3	mp-29590	18d275b9-2f50-4f24-b7c1-1e71ef1ec9dd	36528	eee9b1e9e4c14918dae88cd3723f8728
7b6e65dd-3048-4107-9b62-e88b1a83272d	mp-510	e6d3f9aa-49cb-4c23-90d7-908b5097a5d9	36028	1831deb5a1923c3e1f413dc14e4064b1
7b7be01b-9357-413c-8b5d-57c85640bed5	mp-2176	e6f4a115-79bf-40c9-a50c-eb52051c9a13	1856	c856aceaf11731620ebbce8ad3cc25a9
7b88ce06-5b0f-442f-bec8-f472e312efad	mp-27303	f98dbaeb-7db8-4c60-8c9b-361982e74e08	11108	64075eac8e1c8f0f2429a8f41c1cd8b0
7b899a95-e0a4-4713-a92f-7b1499a77ef8	mp-532405	aa2fe706-fe33-488b-bc53-6324064094de	303872	02c21b00a1885d535ea79eacf52289d8
7b8b6c0f-3bc8-4e57-8895-4873a1dba4f5	mp-707095	19c545bc-bb5c-42d4-ab37-fd2138ac3794	123932	34e58a52ecd00cfd565b6eb14ef0200c
7b8cc71f-6c39-4f6b-9906-c95036de9a4a	mp-553956	057dc61a-9fac-46db-9266-256034136d37	26104	7de4a01b60716166b4088a03440883d9
7b8edec9-e404-4042-b813-6a9edb6909a3	mp-989529	4c0b77a6-1980-446f-8ec2-e6289b16e1d3	2320	cf3381595bdcc03998e34c6a6a01a5de
7ba5b1e9-3603-4a89-a648-c50e1c38bd19	mp-643370	ce889dfd-d62d-460a-a3cd-e07d8d26dd50	9136	a5ebf3c77450015b1d477dc416a7ddc1
7baa9e7f-a88f-4b43-b7af-f391f8996e6d	mp-23617	31e882ad-c918-478f-8ce6-2909e9b82842	26528	ab901f86a7b9434aab8e826f3bb29e55
7bc52643-2aaf-4edd-8633-904b6f426280	mp-555554	170a985d-c97d-48ef-a68c-ffbe5e4cddde	80552	b638de883cabb6d2a70c9d391fcf552e
7bc5801c-10d1-4ce6-b050-00d67ede032b	mp-554346	8cb1e437-994f-44c2-8b6f-0c8a216221e8	76512	54bca00e5f3d82235456e6573ea27bb9
7bc9062f-680e-4db8-a159-16f56f0b15ff	mp-756440	d268da9e-dabd-495d-8578-def7feaff877	5808	664bbd7f03a183fce824d8d4f964b007
7bde326c-4bb4-4f7d-bc8f-b0befe16b164	mp-38008	8dce3248-a104-401c-b697-dde040774ce1	15856	4488e28cf20f712df1415b597461c66f
7be094b2-5ec6-47ee-84e4-eb2eb5b84b8d	mp-699213	7c5cdc36-6161-4313-af7f-671a221e2782	28688	be031ef336c09ff8b471833174a63ab7
7c03388d-2410-4a9c-a238-c5b62361670a	mp-546321	b4faf0b2-77e6-4996-acdf-3cee47b9f4b3	15904	2b3465df4decf39e8397c1a402cdf911
7c0694f3-d1f9-45e1-915e-bd8f75a4a28b	mp-560641	5a4de271-fe41-4e76-8f12-b1910d89cd7b	35320	d33cce2701a38c856ba746c2133a3a9b
7c1bc01c-e6a6-4cfd-849f-b4c5322ee7c7	mp-768941	46d60c72-17c7-404d-8761-9690d9cd0f30	26536	b8963d3eef6d57b4ee909c19a4c76ad8
7c296aa3-d942-4b03-9feb-01a2f7a5ea00	mp-22303	43e5c88a-cf65-4be5-8f77-6b7ae61552d1	26324	a2b190e008fd8ba47bf00b3b7663022b
7c2a5cd3-0b2d-4d4e-8452-1dc045e61a94	mp-12011	eec376b1-8996-4297-8064-3523dbad08b1	45096	dc6adfe6c218e0a27ebf180fc1b2536f
7c2bcb24-011f-4f22-a610-67638984b5a9	mp-29198	a9103955-85f8-4c58-a48f-6d9a63491e1d	132976	359c77a97a12592cc761abcc8c808251
7c392408-e280-498b-8858-45332596bf36	mp-568819	87277472-dfe3-4a4b-997c-71dbd8378870	105360	ac959569d6cf152446885be2add1e17f
7c3b6aff-4bb8-4b98-a89f-b91f9fd40d28	mp-555858	690e9f58-c890-48f0-a2f3-4e787f15753d	19780	fa0abba167bf2c2a69729b46c29a891b
7c5672f2-c214-4923-9da1-8d47eff2196d	mp-733729	1f5934e7-f96c-4f7b-84c1-b2f8f91a6a78	41388	a7f7a0b0a7c351f27291dad5eb110a2b
7c797429-8ca5-4eef-aa52-f6d37c8270c3	mp-558981	8fb0666a-82f6-4da2-8545-bc54e632d50b	88636	6251a27a476068287825ae81ccf868bd
7c82da9f-4f18-4640-843f-95f74274b864	mp-9682	3717f79d-4a30-4989-a3c2-f49fa29d4343	44868	96dbf147a2a94730a28bb30c2b82044a
7c90a44c-f3c6-4876-9a7a-74216e9c2d08	mp-12904	a6de463e-f994-4600-8318-0485d2afddca	10560	0b5c8f2f85bde52a769d442947157b3e
7ca0cf85-e9fd-4934-93f0-7fce848fadb8	mp-550685	096556c8-7e0b-45b5-bd23-4eaea787aec7	2416	f41a8074633deb29502e8401e40f8ba6
7ca2cdde-f35b-41fc-ad91-90904e072dd2	mp-28679	f69aa92e-b50b-44cb-9fae-34415a159bac	19680	5ab3b1c784019326e632b93cbcd02700
7cabfccf-f3ed-4d08-a682-c59fee934f45	mp-568987	16b35ac9-ad96-4105-a591-1b895c3cb16e	25832	4a43a3f62c88be46b84b5886424cbf9a
7cb28ebd-486d-4717-a231-9e56c9fc00ad	mp-17349	a5ef0d20-f71c-43fb-9a03-211afc791231	51048	4ef209f531ae499132465c8769fe062a
7cb65688-8241-4150-8e69-a7dae4fcceaf	mp-561455	46d1bfdc-8c31-471f-9a6b-f61667af3dcb	215220	5179ce34d38e69901800fff6a88879ce
7cb9ba53-ed32-4141-9945-ca59328d49b4	mp-9262	94f3fba4-f4b3-44a8-a6fe-c69e54b860e1	2060	96719fa931bffb1a1d4802f7d064caff
7cbf6834-7efb-465c-a85a-336f563cf1b7	mp-545728	9e8d8222-ff35-4c22-86ab-6930595ab4de	8844	c7777850aea839a5597be10065769e3d
7ccb1546-811c-4c45-8511-65ae906575b8	mp-5477	88bf30e3-beb4-4ee7-b5d5-2e7213ef9ea2	31172	e3f0eefb9eecfc4cb08ac1c28d6e4257
7cd4c4e0-2722-4def-989d-30882dab76b9	mp-983565	784c8451-996b-485f-9e7f-5fef2dc243f9	9316	f9ecaa0067742875389d6b94ccf4e7b5
7cd626e6-3f23-4f49-8997-083c6b1f47e6	mp-27726	09d2d006-4e07-412d-906f-55031d52a279	14068	a25dbab9b5edcea49a089986844f3ce5
7ced54fb-910b-477e-9d9a-e73cee41fb70	mp-557747	cc629621-7c39-419d-a074-51b790bd4c08	69980	79e28333e8db170fb9327554c44170c4
7ced5f44-f891-45b5-9627-cdccd567d397	mp-560593	142e71a4-558c-4984-830d-bec00bb3127c	63104	07d8767711d49c6673ab324411ed4956
7cf19cc5-b669-496c-8044-85f5f66cd1e9	mp-14532	2afa3ae7-8707-461c-b3e6-b5eb9a133fa5	22944	784d96275f1dcbf0d0305474c2952312
7d124ec3-08b5-4e91-bb29-125ce2b5f431	mp-14444	867141de-09da-4a0a-8d1a-121fd94e84bf	38652	d9d3f6b233549c499091cfe644bde079
7d127e82-382b-4410-bffc-d57ae720941a	mp-13820	60eadc1b-cb78-4760-bafa-87041b6772f6	14812	82d13cbbffd896fc88562ff19c38e896
7d1436f0-84cf-4f9b-ac0f-fecc37cb7726	mp-865427	421ac466-53a9-4143-a7d7-49be6ef027fe	7040	7ab3ae997b8c1a426a02ce48fb22c31d
7d2d1b21-3b08-4ce3-8924-857b9b98ce7e	mp-579556	b590825c-0aa7-4fc8-b79e-bc15a048ae02	17932	bc14e1e53e983cabe5897fe075162d65
7d312cab-5a54-4fdf-97e1-7e89065585c8	mp-29426	db4f8953-726f-4b58-8292-8651508b6565	110112	023db38fa36557b72aae15d31c8edf7d
7d37228a-6489-4e30-91b1-aec8c92a690a	mp-29155	f7b82c88-7cd4-4cb8-8710-5b032cd5d765	77968	50f7466cb279e7e57cdfc3ac727513c5
7d564914-87d0-4ae1-bed5-35fd297d22bb	mp-643257	fb2b9a6e-41dd-49e8-bc5b-8f755b253d2b	5692	b93079a224cc18dc9447d8e08b93590a
7d5cdb09-7d99-44b7-8016-6e592e98b5f0	mp-541283	35e6410e-e5a3-40f0-ace3-cb173db00511	33808	5dba02b1a41134618435260d9054b881
7d72da01-4305-4256-9451-d6a9a680b783	mp-680756	7d5bbf6e-97f6-4b2a-8d91-e3ef75b73e3d	371300	1fe041cdb994b3c74693783102dad186
7d80ef18-aad5-4076-b7bf-d746fa5d8556	mp-12012	9564a6f5-b13c-4781-81ea-5c80312951db	43640	4f21b1220e84b49338c8207f706e391c
7d8628fa-81bb-49ea-aaef-c87eb59036d3	mp-7384	742a1972-110e-4db0-a466-871fb78b9c19	18096	09b01dd30e2c7f3380a332a8100e8c2e
7d8e5728-e82b-46d8-9554-d6ca46c19eb6	mp-12418	87e92cd4-1893-47e7-a316-50d9f10a9eb4	15408	7fd6c7ba98c335fdf2c3b4faabdce2f7
7d91738a-09de-4334-93e0-da4be5c00c46	mp-571061	e0e2820a-31cb-4146-a318-9e754c06043e	113520	99bdb0f8c8c366bc418222dc8586954e
7d9adffe-206c-48ef-83c1-186d05ecdcdc	mp-9160	b96f9488-c564-4b81-a092-ea256ac15433	54900	98826cc479cdc4f1d60104e641f93bba
7d9c7836-125f-41c7-983f-91717cfaeb06	mp-6764	a0a2c7e5-bcb8-4d4e-bde0-55acd2ebf92c	25784	2097a778c60cfcc15af712f0f4c0ca38
7d9d3dec-d757-4660-a887-59a8a3094529	mp-31112	37cb3d16-3900-4ef5-9897-0ddd9a3e3567	28480	8212502438f55fbf6f933bd44366b2da
7da24498-8d8b-4454-a0b2-bba37eb80b97	mp-17841	b33e3d97-f69a-43a0-b597-646f9af8b18e	26584	09c3d8af9562bd7ac42b568615f9db15
7da74c3b-73b6-420a-a0ea-5240ed7cb8e4	mp-647557	e83779ad-350d-4ab7-92e3-4f9da712bbbe	51036	0dddd1042e42a20e88f96dbc976c2186
7dcbe512-8bba-4691-8fda-a9162d9f1a92	mp-30980	52ffba49-311a-49c3-abd0-7d179bc3a420	33128	d1e1e35265c7c97c79f3227c985b6ad7
7dd5b293-5ed3-436c-a840-29a603fa4ba8	mp-10497	b2ebfe72-7cdb-4d06-8afd-de85addc959b	14108	f400687ea4797444c77669d25deb7227
7dd61b31-e229-4fb0-ad2e-e396cee4fb38	mp-571093	4d696891-e259-48ee-8264-0de4a1c2526d	10028	0c9050ffd9075905b7cb248a2cbba98e
7dd63e67-c012-4b9d-a843-eff6103fe7b1	mp-3704	3af48d87-9855-4e58-b9b0-4f2d741cb041	20972	bfc9e12c3413ab43e024b24dc90d4df6
7df54ace-f5dd-42d9-993f-1eb00796016f	mp-558672	535bcbee-bfaf-409c-a75f-ae1b8f86f91e	21828	e4bbd191ac55fccfd20fa6cbcf2df12c
7e0ebe70-b95d-4770-aa99-11781e75938c	mp-10918	2923d791-69e3-4ae5-96fb-0404e3714e5b	8160	53bd68c30ccad5684ee211921b54ac5c
7e134251-ef03-4958-8499-9d2dd557ed58	mp-557650	4ca2cbf4-befd-4c73-890d-a7e0ccc66525	15424	711af54f3d669caa3e248acf485620d3
7e2474bd-657f-454f-99f0-869b53b94504	mp-15144	8bb79ad0-f2e3-484f-ad70-3571092258a3	60056	935c6e945bd49ad33d776cdbf5671364
7e2659af-3751-4fa1-84d1-b0f8802a53d8	mp-24294	1194f54e-7c7a-4623-9392-d778892008b8	27424	09f3f8f3f486384de04a05d4f272cf9c
7e371111-7c4d-4362-be82-b4f06f58139f	mp-9723	3802ee66-f38d-4920-9066-33a833622440	2416	182a7cb323a7c1f089c1ae76f8e6d932
7e645792-bf59-4b01-83bc-df5858d94cba	mp-953	932beb6b-ac67-4f63-9b4f-1f77dff89da5	2536	a62d5f1605f737fc72cf0fac02277fff
7e6ac6a9-1bbe-48d5-a479-ae4b62291c68	mp-557082	8746add5-328f-4da5-82a9-7bc70f1d1b3d	114580	8dfe412fd3249926c7cd2211b2f8c927
7e71caf7-c8dd-4d1c-8b57-9510be25a2bd	mp-561202	504bdf09-039e-415d-b683-43bab5814c00	10996	9299d1191fe15d1535ec492a072f458a
7eaa3eb3-1aa2-4e82-b3fa-3a921d427cca	mp-29959	40a399d8-719e-4c24-ac01-90d6d2c4e5e0	23880	75e5087bb7e333d2828f2936548d721e
7eafca82-dbc6-4db2-853a-2b36fa086972	mp-4674	cbe9f3f8-208a-4183-8851-254bc2509075	28120	1f24446297754c4f893b901fbb0842c2
7eb611e1-00fd-4224-ac16-83c1ca46ca71	mp-629690	7b7ff796-bb1a-44be-a052-195f62e5dc3b	52144	52603351aa94b0ec0a40f370e6eee95f
7ebec993-d6b0-4de6-bcc9-847904f10956	mp-677103	07843381-1228-40a4-adea-9ffac67f609a	18084	c961c760203bf5a0c726169b9ef95b3c
7ec6c7cc-bbed-48d9-acca-b041ccb31db2	mp-556094	49a5cd5c-8a4c-4679-a7c5-fc69267c5d6a	12956	61945a424637c098a372fb3221fc7c2d
7ed84113-0edc-40f1-a2fd-a2366e10b83c	mp-557649	dca9d57a-0157-43e5-8a10-892295781951	73148	fc8316acf3c9a60033945a835bcad849
7ef6e3e8-3b7c-429c-b7e8-3acef30b9e0f	mp-14232	8ea7fb6e-29b3-47c0-8015-639a84ee74df	10256	32f39f5f9ab3df31ae4fee149dc7dd64
7efe5f62-804d-4e83-abd9-ec004aaaea97	mp-571193	6b26140b-327b-43c9-a8aa-854aff0cd3bc	48484	967a24c83a7c38b3f81c8bde3c724a57
7f019aa0-4896-4060-805a-168e881af6de	mp-3792	0eb76e4b-b0b8-4b52-8eb2-fcd42bbfaad7	15272	ad224387046982a62a0e03a58e578e38
7f1ff536-3a95-402a-9875-0a67d2127727	mp-569970	e113312c-5f5e-4c20-8a13-6032331d5372	34428	671bf4e84ebddab199f21d71110b7875
7f2da18d-0244-4c8c-957c-7d68a9c1f4cf	mp-29924	bee5da61-9e03-4b5b-ab33-dbc72a4c04f7	27396	f9360822fd2b4199ab40f202467b0065
7f32f527-2611-43ad-9872-6f1820adc6cc	mp-17730	c8b7d79d-1043-40de-8c5c-c494729c80d3	19672	022e49ffd0d0c9baa474f8401f6c99ee
7f39f1e1-077e-41b3-9ae7-17c2dbcd0fc0	mp-18037	b6b514ac-2397-4c90-9626-72c1c87c0842	26284	c4980feac652225cb3e2fdb17b99cc5a
7f42ffd9-11bb-454b-9b5c-97395b539a53	mp-757197	851473aa-23fb-4eb6-a8d8-f39292c3e040	101576	0c520532424afe0ebc6e80abea666818
7f6868d2-66da-4d38-89ad-4a994fb77214	mp-28007	533c3e6e-a88b-4e11-81c7-e145131e03b2	34928	4ca10bdc199f3123942dbb193e386fc4
7f693af8-3599-4fc6-91ed-3ff3e437a732	mp-14243	a107de49-1b8f-4b2e-adf2-aef540895009	26440	2fa8ae537a952c6926235642ec4a4a10
7f7d86ef-6d95-450b-96fd-0a438366239f	mp-568778	eb0b34cf-0b84-48ad-b728-ad276172a576	18180	c8cd35644b6442f6b0272a379730c275
7f8dde76-4cea-44a9-bd36-120cfdeab144	mp-24413	aa11eb0f-b784-4adc-ba7e-64f72adb4d06	24448	bf938e7bbfb34f721d9475e479ea1cbe
7f984a5a-3e4a-4c3f-bd30-9b477f019669	mp-756127	c9a57540-4800-4c25-af41-aa9362da80e3	29232	b303fdb3a653a9b262c78f3448f37e30
7fb06157-2c42-41f0-941e-229286af4be7	mp-545788	7a317557-5c95-417c-89ef-68e8a25ab0c5	7904	4303b0cfe63f0a1034c5231ae5dcd5e6
7fb6185c-d033-4409-949d-54ed2eaa3582	mp-558539	acc6a93f-96e1-494d-a426-1b65f5265396	12840	fa7ed091d6f3943f92ae334abe5bc636
7fc60daa-6e9e-4a16-8fcd-a3aaf3ef16bf	mp-554899	96773a3c-b16f-4d86-8d72-93ea4c357b09	8620	5741fa502117b3947a42e8a8cf30f476
7fe45444-c64a-473c-9ff9-2ac29bd5fdd3	mp-18556	4b144c58-b192-48b5-8d3a-775127e86a06	39912	79258dff80bca086439eb51110dc5faf
7ff87d73-deb6-4105-a02e-862255ca5e6d	mp-24603	defcb9b2-7a8d-4ecb-bcd3-19b13dc88df7	88400	7bd3bc331ca1f7813f745a35de2a823e
8015f793-9c24-4da3-ab5e-fed0cc1823da	mp-13949	2bd68276-f9d9-4570-8a7d-7214119b178f	12944	508e119e4a39c666704469e2a9c93a18
801606fc-ba34-4312-85cc-c91c3ebcc4a7	mp-29044	7ebaf3dc-b8ee-4281-ba5c-d1b1df21b259	13660	c42175dcdc82ba5208725a0714940c63
802d66d1-c357-4d8a-8f7f-c6c5319f2bc5	mp-29386	0e60aa3c-d5c4-4059-a2be-e78a3a382572	193828	337384cd68bbf4c76ee41b685df2092f
803a1e34-5d29-4412-867b-d524acdc613c	mp-14353	3ee02636-3f7b-44aa-9301-fc2601f321e2	107992	4e23d2bf5447723ea09373e91e5cdbaf
80661435-8362-4d35-96ad-257072bdd66d	mp-975275	4023c8d3-4fd7-4922-b842-62bb6d8e3e48	3028	2628240ab506e3360f963c4e811a3705
806be88e-4364-487b-9ca7-0c43c468d81a	mp-8500	fb6b5fd6-abdc-47fe-88f7-831baa3cdc66	15284	d9e4f009a31138dd05475ef1a7761fbc
806d9c76-aa1a-40b6-a6a4-6e83d2b9e71e	mp-5116	98841b01-f365-4b24-8211-77b10db9d037	103548	3cd24fe4783f303f624c668e2bcc5430
80842ed2-7fef-422a-b940-4cf1b3719bde	mp-17872	b8a300a4-885b-4397-a989-24ed3e3f12a1	28680	95624178a382d6347721ce795d228a5b
8088017b-016c-4cca-9dc5-76c1a9b7193e	mp-755804	4687494d-58f7-40dd-8531-8bc5a06c3ff3	25004	ffd96081438ccb40cdf9f247591b1f7c
809917d5-21f0-400d-9ecd-14d066088c9e	mp-19845	6799742a-cf0c-461e-820e-0adbc273f2b1	3428	9f955a5868a289d069e1294be68fc684
80a87f09-23d3-4472-95d6-791770d324f7	mp-29509	d536b082-a8c5-46f1-a736-30eb160eaa11	47552	44cd0a6850fa2ded8db8a62861128881
80b5a5cf-4e9b-4543-ba6d-5a1a0370b9c6	mp-4941	865ba4c5-2460-47fc-a003-f1292e546e98	16064	0818c74cd658e0480494d44de8931127
80bea963-778b-4ea3-bbd0-6f8fa3ecd9aa	mp-18502	190ab8b0-37f6-4850-bcfd-e889e6de30da	21432	320253dc62cc5117b28900462264fadb
80cb94ff-5b96-45c2-8293-884669390d21	mp-17662	fcff9ec1-162f-4965-b49b-b4f8fcdc6bc5	15464	8d4fa650ca9c277d3027a0f2e91a1cdd
80f19945-95f2-400a-97e1-5cc7546e1e8f	mp-26897	5ce817c1-798d-4779-b7b9-188b9ab39917	21576	db915a9f515abd1fc505b23c1cccb66a
80fae7dd-7490-499f-a869-b36fbd545bba	mp-6217	bf20c711-6077-4f4b-b056-57c7fc30df64	52188	be38098cb67f8a204afdd4dbf52a8030
810012bb-7b81-4603-861f-1af2f7b58b35	mp-770280	cfd621aa-c9cd-4555-a2df-0f400c0aae0f	87368	2ac4a54857573793d1662866329b60fd
8117c77a-26df-4273-9014-4fbf8396f477	mp-975646	53490f72-1555-4289-aeff-9463bc8192fe	8588	ab64b979fa759be98f14ce111c3b402e
8125b0d6-c994-4a48-8916-f7e4b9381b2f	mp-10533	8d5c72d4-797b-4a6e-84c8-6fd33e607d31	18568	8d0d604486a3964c60ac1d4c969303db
813c36ed-11a8-4aa1-a82a-ccfc442bb2af	mp-2651	4b7fc509-69d0-4eff-a82b-5d02fae65f61	15808	48f32c374a24fa9957dc6fbfdb3b09ec
8141edd0-e9c3-42c2-8ff6-e994a6857d84	mp-643253	89baaa2c-36e2-4a62-acaa-68768c3b2563	20912	37d74d8c350545e1901b9d78a203f60a
81425eee-4836-417f-8d9d-770724a09f4c	mp-867674	17b927d2-b09a-43d6-b79d-de8ae8e5ab91	7452	e659aea7ed65b86c306f871b7c639b83
8149bc0c-8e36-4e8d-9df6-43de922b1726	mp-27300	193a18d9-45e1-4847-86c6-9e6f9bf15e53	14436	4d026bc26a9d53ff9867ef4ad34961d7
8164c30d-2066-4bc3-afb2-3687ca97cde1	mp-23995	5fc97bcf-3c04-4479-948b-0ad0a8188205	16048	5dd5982840ea63608e8db6e36758d053
816f289c-6ebc-4577-830b-bb67f06bff80	mp-973793	03d05afa-291c-4a88-a64e-2de734a627a5	10752	c8a1d52dc1c1028df0c13222403cf61d
819cb629-8d78-47e0-89a7-2a9078df91b6	mp-5472	18e307c4-d8e3-4e5e-96a2-fc92b3f2fe2e	5856	a270642cd09aa008661041c163bba429
81a0a9f6-fe7e-482c-8e65-7462ba37a3e9	mp-9144	a57e4fd9-25d0-4ee5-9e42-d896336d35ee	11348	eaf9da73f8a0bed2698c72fa2b1a0240
81da83fb-630d-493b-baeb-d4b34228955a	mp-2706	1565afbd-0c3f-446c-8410-594cdada2855	4780	c0d3d1751c92f159935795e4e1d07f0d
822c4dad-803b-48a4-a695-112adb08bb5c	mp-580886	7e23f74a-0b55-4d41-9199-f7fdbd607d56	5912	4589b9bbfc33b5fef8bec6946036b7b3
823f1fd1-d003-4941-9c7e-dca5b82f778f	mp-17908	56d93798-e618-455a-8958-31130d84be01	27420	97ddc63094b739b9f6ded5e638999800
825182bd-bed7-4ccb-8d24-d45692186cf1	mp-30250	56760c5a-3f27-468c-b5cf-3784de9288bb	7212	7fbbb8708f7d16d76e4fae2c93bb1a1e
8257df0c-7577-4597-bcd0-4f607e215b4a	mp-570324	4638dabd-bd0b-4f2c-97eb-9606aed9ac89	12800	ed24e3c548b8fafe92f2123630799392
826968bd-8184-4ee2-94a8-d690a136964f	mp-10368	b10dc08e-4ee7-499a-a02a-48edb33af096	25916	b7f1fc903de9e8b08381dbf3339c483b
82764ff6-d05b-4645-9586-c58051ef75cb	mp-558195	3b143fc8-5a0b-4ddb-9eb3-8cdd7aec22d9	58660	a00a6b006cb3361faa07ff32cfdd29d5
827fd283-1cd4-42c6-b38d-894dcf92e81d	mp-22999	4712b9c4-e3a5-4751-bdd9-f7b5d3b11d5d	23840	016462f2466566ddf0c955e16f264cd6
828a469e-a4bc-43b8-aca9-c1b1c8002ef5	mp-27283	53975672-a5fa-454f-b1dd-46145084e23b	58128	8298a5eb32a822a3d1dde1de102c4079
828d9ffe-70da-47a1-a831-cec5f8756926	mp-626182	6027a355-5b65-4646-b992-d7047a006154	5548	02599897732c0e8a7aa701d4d84c31e2
82903741-6e63-4c85-9d71-b49de861ba2b	mp-7173	398b8939-1df3-499c-80c5-30a3c4f20fa1	2812	d3bf407d58a1146cd85fcb07d40f0365
82947913-d4aa-4985-833b-d496d143f72c	mp-567655	7d29e827-d00e-47f7-bc8b-ccef6b8d58ad	12316	48228fed1a699ef610fe55e2a1081a91
829b440e-deca-4f62-ae79-5e98ff53b8d9	mp-559530	a0b2f45b-67e7-4dbf-a86f-2711836d7509	210376	579b8278b78ab03f3b669157293e3cf8
82a2f3a0-f31b-48fc-84f0-5611bfee6472	mp-571057	0824ab9c-f959-4aa2-8fc0-b9807db531cb	45492	49e24c76ace2c7d0fb4ee53d1480dad6
82a9dd69-041f-4560-a011-9447427c9675	mp-30077	5ea2f629-16e6-4f0d-91d4-d42dc2a8a6ec	26384	1f557615d78554b77ae170d5ee366d3f
82b1e160-f66d-4723-b315-74e094d797d3	mp-571313	b4d0647d-3afb-43e5-8015-ac47303be1f7	52356	bd407f8a281bfd39bb0baca75c23e8cd
82bf6d28-65df-4e1a-a791-780a75b8bafe	mp-24029	69adaab8-a825-4fdb-be58-a93a168a7815	41932	6ba4ef48563b3b5361819110838f092e
82c22bab-4f72-4cf0-abe2-7041804cf51e	mp-753683	fd3a6441-be14-47ab-a9b7-2052881896da	5332	173b41903a92777567c664bcec69d6e6
82c5c644-32b9-4542-821f-b56fb8ce0390	mp-38805	2b6dc85c-d961-4582-9565-e695fbda42fa	24380	5d7f2f5e3a6cc8cbc66bd9dc689db751
82d15d63-5f61-4c8b-8d55-858834b148fc	mp-539	1fa3ee1b-6ba4-4ffa-9d5f-79f5b72ad535	25208	c62de0b62a8f0e9a5579faaee2fe5e2a
82eaab43-d1a3-4c77-a9b9-f60f3df34f6d	mp-29751	93d179ab-4b3d-4d8c-9b8d-a468d390279d	6868	1eb09a06a3316baf69cc70abfd63b04e
82f588af-f340-4974-949d-a3de55562d0f	mp-755311	f5fa7e91-2964-4029-a718-112573396825	6604	88d4a883a2ad6f566c063af79421f19a
82fd8dc2-0b27-4906-af70-ea600f251a72	mp-5548	5364a77d-6f85-479b-9737-f3cda5ed70d3	5848	00f744dbecd804e6a5ae6c879704c9c4
83153b05-0a2a-49f4-884e-d9483fa0ac58	mp-30251	8685ddf9-41fe-4745-aef5-ce1f4ada0331	7244	effbbedeec19c778983ea49cb4f488c4
831be126-15f3-4e19-a22e-5a19adc9ec51	mp-560866	9dd6e148-2846-44ea-b0ab-2ff9d5ef78c7	80560	d44300e3de363ea38b388eeb0ccbaebf
832e9e34-901a-48e5-961c-9c25db3b4b76	mp-3125	2b0693d1-7dc1-42f2-9140-a80c1c0c7040	9044	a7949119e6b85208596f45474af0f027
834a9682-3b02-401c-9a42-29c1b9fbe69a	mp-735022	07d25c17-ed26-45dd-9fc4-cbcd075d4d99	93428	bfad8a610de521d4f874dc579fc69e4c
834b4e0e-f062-4ade-8b5a-16c1e105607c	mp-10919	0caecb8b-b7b2-4912-a048-2462b7222f98	8212	03a295c9be394a6df7be7097be6f3e1d
8362c9a0-830d-4640-b35e-c1b4793700eb	mp-6121	940cfa38-354c-43f4-b723-a069b2421dd3	44608	a38877322c5f722fab30fcc889219fba
837bff96-3dba-42f5-8b79-e2cd8b39fccc	mp-700	123bb5ee-5440-42f3-9b3e-1c9f9617adeb	11040	a4a46984530a461a4f93376ae02a7208
8393148d-c659-4269-80e9-1488aa504ad0	mp-17487	e50a709e-268d-4bc8-896b-5acf77126869	28476	102dbffedfa99a8fa108f1bb2e895a0a
83b0a132-940b-4476-9656-b362b4218b8a	mp-3397	92bc3a00-fc56-474e-bb52-8980e2071c2d	48436	ea4f5dbfab0ed7b83b7acf7feaa29769
83b84dbf-be20-48ba-923b-4f2836e6440a	mp-753719	6a9d4390-615d-4df0-acf1-64bb9f441a5e	12200	212cf9e18e51b291dca5e2709ccc11b2
83ba1ddb-cf27-4bd5-866d-382b80967c93	mp-755689	4aa83df4-c7c8-4a18-8054-99e3d633d694	10440	e607576b28c4dcd589c7e28d3ffc5520
83dc3a1c-42da-4a5c-8de4-76990050046d	mp-17418	de7b9ca7-8dd1-4fed-b4e3-50d5d9a5ba2c	75652	0d15f9ea23f488652d260024f9be9a58
83e6aba6-98b2-434b-bdeb-6cfdc80617ea	mp-769582	58d043ce-267b-4b0c-9b4a-7ff921dbe315	16552	9abfdbcc3719ebc178fc1283a0174524
83e72cfe-b256-45c8-bdaa-be3a6bcfcd5b	mp-7437	34d256c6-3ee8-45ad-b999-9c2dd6cb2260	5080	edc8c606ac74ad70ea86500c2749e261
83e9ba58-1769-40c1-af55-fd46e5dc3b8a	mp-28381	400c168a-5902-453c-85ee-34f08f948917	45952	85c95052ad88e6523978fdcf5a4169d0
83f1c861-ec3c-480e-aa10-4a3369fd5e62	mp-625402	6981af58-f6b2-4d2b-9bb1-dae1d04a3152	11704	d48fb46e3d98ab87c42971f271d9e202
83fca653-5036-4f83-8b32-f10ade1fd3d4	mp-22216	79af5d7d-ff12-48ea-a417-7e51059ca09d	16452	d92f1aa7d2b883cb3123d3d6317804ac
84093e08-4641-458c-8790-db0ad31f88f6	mp-20210	65380e6f-a3f9-40e0-9706-3d92af9b5874	13488	66713edcc3916a8e2349d68541091c36
840c03ba-8f53-4596-96cf-5ad0a881e6b2	mp-6711	e6d6053f-445a-4955-bd05-615bc09a7164	18228	6fd45cb91d9fee0458f35bd6d3ce550f
8436b0a6-3fa1-49a0-ad4f-f46d5d2b4f29	mp-14493	96c70baf-18b9-4c1a-83aa-1e5a61af22fd	47924	d95fad6916b01b84e62bbe481089c322
8437fd44-4ad1-4a68-bd10-852085402a8c	mp-29842	5eef5380-b5f1-4c1a-b16b-d6a33eaf9b6b	5688	8935820d3337fb2766e8005617d4b3d4
843fc939-6206-410f-864d-f71b0fe656c4	mp-31064	557436e5-070e-4017-9ea8-159655a7059e	14244	9b707a796d97a30ee594d39d83094632
84452b78-2990-40ea-a12e-0cbbd84ed6df	mp-754967	8306513b-4d1c-48e4-9532-50faf50ce287	28352	b0393387f2d12ab240207263f96f1abc
8446d269-8619-4611-98ef-aa58a643ad0b	mp-608653	0a556921-666f-444a-9eaa-619ed09594d2	278816	7c187c9873df50bff23ff8c474d20620
844a46a3-5475-4a73-9864-6819743d468d	mp-546152	87f511ad-9eb0-4fb1-8652-46c2b7cf234b	8820	a2df415f73461ce507e60f2bcc909f91
8457d95d-258c-42c5-83a2-10d9325ee8af	mp-673650	4980c045-14c9-4990-9f45-63403b377d43	25316	5ae405808293d85c5fba6e2cd46b667c
8461633e-c774-4337-96f8-6ecf4b281d06	mp-570645	afae39bf-e24e-4086-b0a3-6865c2833836	111444	8ab185fa9d8be0c38ebdc76840a7211e
84778690-ca67-4ce2-8fb7-52a9af89575e	mp-23950	19d2912f-b9d8-4652-86ea-70182afa6c22	3304	8f6a8a6605193e8f320a92e4c52103df
847c52e8-791c-4534-a273-d0890e06145b	mp-558760	0d5f6326-a879-4ded-a3f9-feadb8bd7dd7	22576	80d55e83bd8295f3db141ef75a52d972
848899af-9998-4ccc-93cd-f2dbbca3d424	mp-31408	4be15698-3fc6-4f89-8216-fe2d73be69f0	80604	cd8f0f9ca747a16d849d6943fb2238f3
8498dd2d-8ccf-40ce-a9bc-2cadf00d027e	mp-11018	b922d645-7a01-4df2-923c-eac558c2b93d	33940	93e3dc7d9a33c4d43f9bad6b9409f3ad
84b4ad82-9eb5-40e2-abdd-b9b229589edd	mp-27976	7bde40ce-1585-4942-a7d7-97636e4918c3	10736	f53eaf124eebbf6ec4d31fc89a85f900
84dccf39-0046-4447-94aa-f95d5f5d00cf	mp-601861	d876f1e1-ad7d-4ecf-8d7c-cb10c5cc9dec	58840	ceaaa50837fd38ebf47d94984dc8e958
84e0349e-a9c3-4f32-89eb-ff0778e4cf5f	mp-7639	3596e612-15ba-4b9d-980b-751e92960fae	10188	2a9fcd66fa300441fee65267b168724a
84f1fd87-479c-43ae-a180-517745d679d0	mp-961713	678bd331-6c22-458e-8897-79952f46f603	2788	0083dc68d9b2a8d2643bf1d7cd5236db
8503a4f4-6466-487d-997e-7d31399a9caf	mp-570066	20dac972-e964-4865-9360-5d0927021d6d	68224	d14d3ea4f68408ba4b29bb4804a40608
8510046f-be1c-4504-8ee5-2a43711d3508	mp-755165	34752ce2-9101-4b81-a578-734c9af06c13	15408	f2da8e18b8c44b473ad6b9038adb849f
853eba0a-a292-485b-a36d-bc092637e6a9	mp-17886	b59635f1-973b-4f6f-821e-9af8a7f279c8	82352	8f2d394cbefab175c64422c7e03a37f2
85481e8a-7785-41b0-a26f-3f7d9573dc68	mp-580589	2c4816e1-5191-496e-a556-fee10482f475	2364	fc07167d24ed9c095de1b83cfb333883
85531f60-80c3-44fd-bfb4-a1909f2f17b2	mp-553281	6cc2ee51-66dd-445f-a3f4-4751375700ac	16236	91db757be135f52c3a13c0bdb696302a
856f8a82-a103-40af-b739-4a1328986d61	mp-541055	5d0ee089-554a-41ee-a612-b9d3aa79cc38	41376	ef32b7f0273c03d18e610706181dc99f
85715858-c92d-434f-94d4-8d94557a7c8d	mp-3257	eb066454-1ad8-4656-85b7-834f64b354c0	24452	a577d5f7077c579943452b75418c7a2e
858de8f6-6b7a-4cef-b661-c09895714012	mp-7323	2d5351cf-e169-4183-b13d-1d8012eab901	16844	e8ffe703b783d48e88b7a2bdec92aa0c
858eac25-1f60-4c23-b7e2-d3a208f803b0	mp-754065	e4589c09-f521-4832-937e-947034f28802	9308	394aa482f428f34dba8e54137fe7bc23
859d79e9-47a0-4465-a010-0769a9beabaa	mp-33018	2cad9a1e-bd2b-48bd-af83-cc5a9461963b	3024	9874e2e07618cce50dddb5bcb4f69c17
85a85568-eab9-4e3f-9f87-a8653fa20bc7	mp-862780	9fdfca82-dd8e-4178-bc16-4ccd224ead0d	37748	8bf0153bcb72250b5c492913357fe0a2
85ac9643-2ba0-4e87-82bc-0ae71f0eda86	mp-552120	49536584-ac93-49ff-99a8-18c5a1189dd2	5724	1c15f046a62709df88af1ca6b1f35d0f
85cac78e-7183-4bab-9114-f998d453af59	mp-772137	337b1e3f-3e20-4b46-94d1-00d71d49685a	46060	cfdbad6dee8db10814a79406e3bc8740
85d1dd31-f7a9-49c2-8373-cf210565e921	mp-772282	ea239168-af9e-4d33-ba13-1a54a4ea3edb	44536	690845b45fb354bdaa44e393dba90617
85d50d22-f2b3-48eb-bf75-9f449d02cfb5	mp-13277	913bd92f-fec1-427e-9185-71d6e6c8ac32	5112	781308f8e393465331e47a13caf41e89
85efdc08-b3b7-4463-88b5-1f365ff4dcec	mp-15519	47ec91a9-ccee-4d42-b570-1205ef0699db	140884	4f647edd125ccb835bf4066720d1314e
85feed7d-0af5-45fd-a71b-b4c3ce3625d1	mp-30096	c19e9922-f434-4c2b-8952-95968d4ff2ba	27588	ec51ab1361e321be1f8dd3ac4fb4268b
860567e1-a9b5-4ca4-b6fb-e0ba1ed21211	mp-559346	6e5866c4-745c-435a-bcb1-085ce742864b	23812	c2522e60d752266625285c5dee92c54e
86203988-485f-4589-8b82-5b9bd399ee25	mp-14132	e1d8a254-6ce0-4499-abf0-a06ef004018f	19268	72f8299705beb37498681046b6fc6c01
862bf473-5584-4f65-8d17-288df0e05c71	mp-7784	99d8bda9-ab28-4f10-842e-596609b27fc9	30496	19f70659d547a0bbf79dff679c73c853
863024d3-954a-411e-89b4-f97d97bb6f07	mp-866617	648ef2b7-0113-4acf-b85a-03708b83a754	12484	1e61f32dc32e2a99d556f7755379a8c1
863c583a-b4be-45b4-b6a1-5d7272f3e2a7	mp-753946	f2e57793-34d3-43e8-8e0c-7d7fb465da73	7188	4031bb018a8020c31c57328277f364a2
865075e3-31a0-49ab-bf3a-1ae339da8752	mp-572512	5db3f9af-55ec-4aa7-a31c-297bc3cc60d0	16860	bb45a4224b4d4c27b44bf44c40fbca35
8650c5e1-eeea-49c8-ad6d-823ab4759f64	mp-31307	453b903b-2b67-41d2-903c-dd28974f151a	221068	96ed99bbb2ac10f5ddebe8612fe7c531
86626f0a-e922-46ad-bd3c-f8689b11024b	mp-541715	57969c25-90fe-4a35-a6c5-c15b1854dc57	25716	e404f4ea222758ab8d467d68ca238a54
86630fdb-b459-49b9-b05c-14d791766e72	mp-546864	c6cc5a4e-ef76-4476-bd1d-998b9c80ebcb	11140	e967152e8588c1d7fa19531cc23641b6
8668935a-d055-4a58-b270-99001a2074a1	mp-23690	e6127937-e464-41c9-bc1d-b202cc6d66fc	36064	03c58322c2e35e0dfdcc399dcc8a0ccd
866abe20-ed7c-4c84-a8c7-b990f6005507	mp-639480	e02ba1a5-3ffc-48a4-840f-6740683e3390	15668	f0e4a6f765736dad31e778cc9747b777
8678c279-a571-4148-ac08-f06429b623d0	mp-28077	7328c8e1-fea2-4d60-a33c-02732e1bb97d	15952	895ebae366a92aa7c09c72f66d35ae09
86798def-8977-4952-bfb1-788ebfd64221	mp-558642	75862650-8d52-43e7-9673-31cbbbf9602e	27628	2b875fb942d5debb38b6d2fa509417ef
867baeff-24c0-4d3d-8f2d-9bb6bc1c682d	mp-34078	2f2c4c2e-95d3-4ba8-9636-3d1e8fbb1751	10972	8f8b1c3d1255d4b52af9f02fbef24274
86804c4c-b254-4315-a4de-f77fd46cb948	mp-15939	0897c05f-07bc-457a-883b-cee099031a9f	26012	d35c31c1b0471b0dd5ee598970b7cf43
8690ed0e-4156-4f4a-b780-abadaca365e1	mp-695202	c6e28b71-f60e-471f-b2ac-4a33943a4490	209556	785a374d070c9f13a6060375b8aa0758
86978330-9b9a-422d-921a-7e27d4841b46	mp-8702	eae25d7a-a413-4a27-bf8b-0596f9df6b69	54452	02011b94a2029f3b33d4428e74e7cf1d
8697e64a-8882-4148-aed9-6122cd5f3d5b	mp-644225	582725f7-1398-4877-b90b-95d4f95c9ec8	9068	260b8cd8870cfc365a920ef9c13699c7
869cb710-36dd-4d7d-b2e4-ca7f26ae93fc	mp-10223	aa511378-5db4-4862-b7b1-bc0206a457b5	21256	b4cbacd9fccda195294b5136e09ffd59
869df87b-d43c-449a-aad4-3a89049e83c3	mp-28468	f2e5bb80-0b76-47df-a3a2-45807c47944b	33924	b6778d26928282508805643348ae8a82
86ad915a-babf-4669-846e-5bb1aebf7d17	mp-6059	1a8a9efa-7388-4ad2-a3f5-91b3a51596d9	2376	4bc7c77dfbac04e933ec8eab02711d00
86ada2dc-0f55-4d39-b7ec-e1bcdc0ef546	mp-7128	bc4d25a5-4e85-4031-b81b-c425cab16bda	6920	90110a85da0164b1887a28a30913c313
86b119dd-8770-4264-beb4-14f5c1934bec	mp-17273	81ebae6d-aeef-4847-9959-41e372d68a9b	28320	f2f02af1ae33e3ac1c9c8915f217bdd2
86be4322-e087-42e0-b66d-7e65a8e1054e	mp-27373	7ab6de09-8976-4f88-935d-93c83be424be	16108	3d9f5c7374dad1f3e833a4508cea61a7
86c238e0-46bf-4594-aa9d-97de920833ca	mp-557359	642483bd-6f4f-454a-9995-7bfcdf0b1ae3	13680	3aa1b17d4e471aa9e978db78d3971a65
86cb83f2-39c2-43ef-953f-3cb5b7a931d6	mp-990440	143229bf-4d16-4911-9350-1b3c3add5ec1	36868	39b9b7b89b103add0df97c502d45e1f3
86d10f02-ac74-4d39-8e48-e7e4a95a212d	mp-556516	0bdda952-a296-4ad6-ae59-6fbe4b67394d	45632	477fbf3113bead7c14691fda35ede99e
86d67040-5209-422c-9c57-511a5e1e69c2	mp-29498	947f30ed-f5a8-4fad-a22d-dbee1366264c	37896	9f5e8b10120dc8e95bc3442426049d60
86dcedca-b31e-46c7-8223-eada6815e48c	mp-619651	ffa4908b-66ad-4e2d-a410-9392f3ac724a	63336	73e7c5ff44736e365f393ae26f4e445c
86e119c7-d8a0-4c35-b296-fefb10cb7fde	mp-9745	6436491e-51c5-49e4-80f2-2a35d88cda92	10612	3d6de1fe940d1541108e0028382893c4
8702bae4-bb49-4012-bfab-8dcd692c9911	mp-8759	758e5d9b-7568-4a2d-be3a-9ef9819c9d2f	12024	4510d7e747ea2a45e972972517717b76
8705f2d3-72f3-4064-b151-5e7d5cde8094	mp-7027	7731e673-4f20-41d8-80f8-d9d27743ebf4	10456	3417204133351679ee46650a22bae8db
8707f1bd-d567-4065-afe1-dabb549aa583	mp-12641	a4a82c0d-1ee1-446a-bdc1-6f6fa0afc90b	2416	45db128ec64305f6d44f917548a0c573
8714d6e7-4f8e-4d0a-9171-5aad8b1af0b2	mp-28653	71f4c37b-09e2-48a2-9091-1e0e4b87ce2b	46380	d049f654472efd3307823d079fcdf729
8739051d-b458-4fb2-a21f-8504d56ec131	mp-581696	e41d8fdc-9ea5-4129-90cd-0f64625e9e50	27692	54a0c3e9f072e45703911e107711c130
873cafa7-bac9-4a1c-85c9-92eb5c4c6dba	mp-571166	05e433f6-15b7-4f8b-82d6-d52653df5d25	4548	75affcb9b75b1cfe3984543afb3015fe
875319d0-ef6f-4769-9ce7-1d8cf887efab	mp-23331	f0286bf4-29b9-4a33-84e7-829b4b55b751	9620	b18b17fad2ffd19fa6ec34179976d6b0
87549939-582d-4413-8816-580b48eaee73	mp-6678	ce973467-c712-4d73-8f45-621fcd2b0f70	34816	1ec318904101ffe85ff6060e617b7039
8755efcd-18a9-4c21-9dcc-5e96720747cf	mp-780258	a5ee9e7e-8871-44ec-8101-b3c6ffe5a8b3	48168	da49618d934e929bc398a7e2ae449540
875b91cf-4507-4fa4-a214-a1745afc6897	mp-23199	a0d5e775-18bb-47c9-bbd0-30036f625701	15760	a04da3915fe29be8b84d8c83bd627436
876a7bfe-ee9e-47d8-9db5-977ab5a815cb	mp-17972	eec1ec01-bd97-47d0-b8a7-7ef592735a05	5520	c4d4e9de3656446b0faf57e41e42b603
876b9d3a-90ed-4082-9c98-19eed6d71b8a	mp-8965	30ec6f51-2105-45a2-bdba-97308bbc9d51	37420	8b2646b5affbb7b6178d7f8597da7f6e
87712418-85d5-4491-88c7-936276b873b9	mp-7812	808fb160-955d-4888-880f-5c360c457574	10300	924f063ce37263644c1b74bb74597d4c
879df11c-8a08-4fec-8aca-604e31855a0c	mp-610517	e53d8b19-7e09-4c1c-831b-69c46317c0a8	23600	6816f605b5023489a690bb2470163941
87a46546-3e2c-4915-a866-d3bdf504e7c2	mp-8957	0c506d59-17b2-4ab1-a4dc-1af7f75976ce	31148	c41578becf5dfb7155c2c04f38d4fc8b
87bf7197-4123-4204-85d5-b8a9b2934d9c	mp-643770	6a85430e-c839-4a45-86d1-dd9c1ed7aa17	25588	8a704509ad542756c698216d8641def5
87c75a4e-9720-4ad6-9488-634b603b61c6	mp-557754	ba13f73a-c0bc-44ae-bb95-bc51d800351c	16260	8a19b6fd39f54bfb30ae0eb680f6514f
87cf45ed-d3a2-4916-9d11-fd5d34308a8b	mp-567798	0846e989-9855-481f-b091-3281f7c8988b	26736	6969eb9a3e676bab3b82127ed811622c
87d20e5d-5bed-4420-89d1-f68fe94126ed	mp-23040	e33625e3-b2b3-4431-829e-c536d8ef1d08	6432	eb806916d08d92c99df01d3c239a311c
87ecd266-274e-40e2-9ffb-bc700ec00f9d	mp-3267	feeda00f-9198-4100-8c84-243d6d36d85b	175484	60c7f93db363260bbf3bced0b77ac136
87fa1fe1-e55c-4b27-9394-852fa9cb1469	mp-721851	93ca3511-a797-4aa6-95d5-198465821876	25680	25932bca44a907933a58d062bac33cf6
87ffab8d-3f9b-4d08-a5af-3d1ffe75e47e	mp-542302	0e603f46-9e31-4456-a76d-2406861215b2	50672	c0dc3241d1634b7142479e3b6c1cf333
880d4fa4-980e-4907-ac68-a41236bfa5b4	mp-29731	d307397f-6f3e-44dd-a254-965165f4afbe	5676	2b549d66bec61248b90853743aa17259
880e4a29-b3c1-49cf-a521-892a79162e1c	mp-30031	5aa596cc-e543-4a79-8496-033e1cc82f8d	5976	68f25538ba471573817be1bd2cb11ee2
8816fab0-9699-4855-8972-908bb049b39f	mp-568909	d28f1ce3-fd6d-4baa-b098-78678797218f	26236	b5a42fd8f01e83408a075149a05faa91
881a305c-439d-404b-8795-dc9362035e65	mp-675511	73ff6fe8-25f6-4b8f-a4ec-89881fe25f65	7992	6a1304f06d5528737a73dcd99ec1cd0a
8837994a-1a9b-4439-a848-51228f6c2526	mp-4287	d5daa342-905d-4526-bfa2-ea8693566022	16524	36a3c0d18f8c9ab62e9b6566514286e4
8867b6d8-f712-40a9-a4e0-cbc0acd48d17	mp-27140	99d94ed2-824e-4559-909e-3851c05c7964	75816	621004862ae72d49373d64d672b59377
88691e3b-83b7-4809-b00b-269a1ac69b21	mp-23413	7034ae0c-3996-42ab-9322-cd765cccef97	29448	c6210861801c3b0f2cfb260ff2662587
887e689d-61d9-4bc5-869d-475fa137c36c	mp-754073	0e9adaee-9fd0-447f-9ac2-cb8525aefc36	17052	0be5531adb41fce5e4470aa3a3939410
888e217d-ecea-40b1-b12a-10429eb120c8	mp-12944	34263a8b-ccdb-4357-ab9d-a74af3eb9c5c	4828	bf0a4b9edc235b989f3d2b90b3082f0d
88930612-4ff1-4f73-8c89-8a75ffe46de0	mp-560923	46ed4c71-56dd-461c-8260-711b77b4d9e9	8544	55660d4b06c297d18a35d447329efab0
889ab727-b216-421a-b387-5b34a99e9874	mp-541687	0dc1774b-31bd-4df0-902c-17ce79afac2b	44276	8e884c321109a37ac776204709ababaf
88c14756-8143-4d54-b685-c07922b8b882	mp-530033	708d88b6-7162-4621-ad2f-4965584d1147	92740	6b09c2b6fe29fb4d2d33eb3aa2257d42
88d246a1-7663-4af2-895d-b1e823e9e080	mp-7642	4ef90e36-a714-42ca-a0d7-ef7d2709417f	10056	83016772289e558d3e8c0abe13537255
88dcef46-0909-4d38-9a8a-b9951fc1ea7c	mp-17020	2077d81c-04b6-4861-9347-56fd9dcc27de	25008	0eb5f298c6067de01b9a4058c5270496
8901c2ef-a461-45bf-b49a-697e2c99df7e	mp-676074	2ac5ac9f-7618-480d-b4b4-320e6fe48124	39684	27735ef5191860c9b1b907728e2b28f5
89132556-a738-4434-8ccb-f299ed9bff4b	mp-623024	b8429854-91b6-4970-92d9-3fe6e6bfefd5	11516	184966b5ec48d4e22f976b19e2d86451
8914a00f-0866-492a-b773-491513675e95	mp-6064	efeba044-2c17-426e-9213-f0f6c9aa4e02	10772	717b7344b3bf14f9173abcf7214f5c3b
8915b04d-bd18-4d0b-8c75-cd090b8e8476	mp-680731	4f9b00dd-0fe5-42e8-b1a7-da14c2fcbaec	23004	14ecca9a6a8089b83ebebb9bb2c7059e
8927b16f-8135-4375-a3b2-1753dca78ff2	mp-541035	b7bbb7dc-f7b6-4cb9-acc1-42f78cf70fb7	19464	369207ce548ac40db694dde1e1fe449f
89328582-8586-4308-aa4a-0f8ff394d4cb	mp-559112	3b6c2353-a11e-4601-9a28-645e8483ed85	29244	f15aed17b95955145ce2e3cb44312fec
8936628e-adf5-499a-b607-69b2bc9224da	mp-8180	35a2b536-9929-4839-a971-9fafacb5c485	10184	e3f46ee0d531ec35e5f4e88c3910bbb9
8938b6d4-af9e-4d44-bab0-4694d8993130	mp-28038	753e34ce-dd34-4e81-82ec-1f13b13ba43c	23576	96bdf98c619f7741b78201bb0253a031
894e7bd0-0562-45c9-b854-7ce32ddcfc99	mp-558688	51a58fd1-78f4-4682-91ee-bf627000dd67	46520	e6e9be5695036acf98af4217963b411b
895a240d-1c84-4c07-8b23-cc78ca8ac964	mp-22909	636277f3-5c58-4540-a068-7b1b62a3755b	5884	fa8414dddb9edffadffc0b8866316252
895a42b8-11a3-4d51-80ce-fcaa74120ce6	mp-6730	0f41d66a-7cb8-44e6-8b54-3fd0d05a5363	10648	5b3592bf0936d0c133aee2cd20fdd4c9
895d2229-7b85-4a43-9aba-4970d90d1055	mp-28062	c94604b4-fd5e-4809-af21-06aad9d487a0	62112	928f89ec9c8dbf9fd4feda3d52b64482
895e4647-fc76-40e1-993b-be9e00cc052d	mp-9680	f1305630-8c07-4a59-9dcd-b4930bfb1980	44180	00a040f55212783cdc224d98ed71bf87
8961e822-eae8-4cf3-880e-e47b9e45cac2	mp-561352	6c98b82d-39b7-4c83-b72b-82c256e89af4	70412	094d546e53db6403be51cdab916a6b85
89705813-2622-44fd-9b54-fd47aba8ec9d	mp-754047	46a997dc-d867-4733-9b66-911ded02b5d5	26588	0c4ea698bf28ebce0a376d4f361ca217
898c5bc3-22bf-42a9-8c31-4abdd5988245	mp-752442	2b5a4f84-1b99-41e4-8a5c-2ef4e7440ff7	30324	f4b96af74149b21f5a1b75661ac5ce5f
899c020e-fd6c-4d10-9c32-d740c054c899	mp-16929	0aad5c42-f8af-4e40-8b6a-225d64eb4446	41268	8fbf79034fe8ef92bc6b00b589cd5244
89a04686-3445-4474-881a-604dc08c6bb4	mp-17959	007cbda3-3acc-46aa-a6dc-17700d262c7b	61492	72331cc053a88d6cd3ef83a4f4c46555
89a84fb8-4930-4701-9b97-199158b7be7a	mp-5537	8c2205b4-df26-4501-993e-80098f660296	27324	44585bd5a89ba8219c9b3f4f9cee15e2
89bc3c3a-bcc5-4b68-a63f-97f510708037	mp-4086	f080b568-14dd-4b3b-9a9e-bfcd82c2b4f7	5724	eb5ae109127575fb86ce94e845b21020
89c01544-3734-4efe-a1d9-75ddf49ce8a9	mp-559617	e997ec70-4b88-4471-81b4-031cf66ffe24	64096	51b1505a3dff2afc5ffbec0b51a97d15
89daadb9-79cd-4153-84cc-04e636152b15	mp-570747	b07e0061-124f-49fe-bd93-ff725a077a31	3204	9f910689c9dd3bea57450f02bc746cee
89e6dbb6-86cc-426f-b946-8e06ff19699d	mp-756180	f1f12d2d-bc63-461f-af0c-a811c465a2d9	24304	3bd1627aeaf241de8d27d87569426edd
89ecbcc8-2e88-40ac-ae41-da4c1d32a36b	mp-557012	33c3d8fe-884b-436d-a1be-daec4e574fb9	36916	c22985a521bcbfedf947c8296ec3a587
8a11d721-5a03-4e68-b158-78814dec8645	mp-707138	f5cad0d1-786e-4294-bee9-c113bc771106	25436	de456f167fef32da97f3ebf18019ee2d
8a17d940-9b06-4eb7-a972-745a9aee744c	mp-23259	38470201-cc9e-42e1-be50-d38365826867	1640	f446de746bfda573bfde73dd3aca2e1d
8a2e1a82-282f-44dd-90f6-d6943d7023e7	mp-3368	ad31c98e-a25c-4500-a513-44491c6f6b94	72516	8baaf7db0ccb5428b3d68e7c9465281b
8a6184c2-3b99-4e9f-9c0c-2f1436f51726	mp-13725	29272c38-ccf1-4502-8469-63086a0507c5	34240	66fb6143cd0f086c5609684081266e5f
8a62e1bc-4597-4dff-93b1-a2450894ca7a	mp-558259	b5ec7c18-5163-4c4a-ad6c-0717cd168864	47468	8c4e5aabd481ff461cf805d3a8492050
8a6ff0d8-329d-473e-8b29-b798603e6d05	mp-3335	f3891a20-a388-46a5-81ff-5a8df96ee911	5920	99c04ecf5c64cf04d8e69fc4c434759b
8a720a7a-47e8-42b2-aba5-91fbadef2a5c	mp-756166	4f659f97-6090-45fd-bcdd-b24fe6420f92	15160	001ebdcee88078c76f96b9197c151e4c
8a741080-5928-4c55-bb20-0a8fb2637cdb	mp-6044	d282da40-c6da-40ad-8b1b-d8e28ea9f168	62792	898fb6db5be6d748d381dbd195b768e3
8a778fd4-70ed-49cf-be93-653ae862b414	mp-1047	cdc18b43-a061-4ada-bdc3-40694d5de2bd	9904	b8f8ded8936fcb6bb72c353899dd524f
8a77cdde-b7c3-45e7-a8d8-925c2cf68b70	mp-23985	529b68de-ce19-4f4b-9094-12f14c4565a9	14280	8861bb71c514de2ce97ade6cca33cfa9
8a8cba7d-6d65-4a50-9da6-2f4f8496a07f	mp-8200	cee47508-0f26-445b-90f2-283c2b063b24	24040	be89e1820e4a1b5d3860711c187d545b
8a91c923-6ac3-41fe-98ec-6894acd2290a	mp-581639	8395cb3a-d38d-4f8d-b95d-6e234fda7763	35700	6b7a731b02cd2edf82adc5115625e4b2
8aaae182-3454-4abd-aa47-626f90b60d89	mp-6137	b2848e3f-718e-4ffc-8ab6-de0987d799e6	5440	cd7a5e42440deafc09f7ba4abbe9eba1
8abe00cd-d4f0-4653-aa75-2d904b45e860	mp-581403	8ee7a724-7eb8-46b8-a724-e2f6cc11d91a	74524	af0e93716c7f1b6bae1af59c3055326f
8acf0064-8a00-4725-95f3-1189eeef97ea	mp-557705	ab9abf39-6b65-4992-b655-fe8dd62a94fb	95916	d03cb4a50fab07fc16eb6d24093192ef
8ae3ebc2-83c5-42c0-8803-495aa8fd46a0	mp-695998	ba7c3882-facd-4c15-90f9-e7717e1c312c	25448	079916e633cd018700275174d748b835
8ae772e2-222c-4807-9cd7-840c9add7e30	mp-23914	b2835c12-4a28-43ec-b02b-47600b1d7ae2	12592	7ce1679ff3bd4479dd84eb100b1ea097
8aea3a8d-a70e-42f3-86a8-5b76d5f9faa8	mp-29371	5281aa6a-8e4b-4716-ac1a-ccd5dc05de75	26188	4a2f3acf93e741640d7aa7b1b51d328c
8b045a54-6501-4025-a7fb-a196cc476dc2	mp-27169	4abb80ae-a646-49ad-8ca8-42e268685808	47912	d0f3a5570740c44850b0fa318cfe0f71
8b09c944-39c4-45a9-b9a4-5b01bcc45e07	mp-556716	555e38bf-5301-4b7c-8b5c-ad88037b4299	59140	8c775ca546617647fdc8ff9fceb2d412
8b0e25cb-be34-47bf-b1a2-b470e1740339	mp-5046	0b098a37-5051-47c0-bc6e-640ff5bf408b	10940	328b7e678a48763ef642f646f66286d4
8b1cc5ee-ad24-4f42-9af5-7fa6cc539e67	mp-556595	c053732e-dda6-4c84-86ff-2edca0b5ab78	20796	f51bcdd8b60152f1ebff684b6f08dc0b
8b28b35b-7678-4209-970f-4c0631721ad9	mp-568971	6447354f-e6ca-4452-8901-5db95f236391	15740	8f7191e25431f909778bb90ed1616539
8b48b58c-88fc-4aed-905d-a9f8328527da	mp-5834	64d440ee-c271-4fed-8469-7b07530f78c9	49520	9a4320b0348ccb21e53dcf5695d2ed46
8b4e72fa-cb40-4f24-a06a-5ab20f6c7a67	mp-554581	b8d66e62-c6ab-4b40-b459-7c41c9678668	56408	3fd4d73b75f52a0535cbd3139af66dc1
8b7ab9fc-41f0-4ab7-8133-bb18f27bfa8c	mp-17978	146bb07e-3103-4d50-8348-c425efa965c5	32652	21eef703e721e50fdd7af634bd7274b1
8b8ce08f-5309-4829-854a-65ae93b3d268	mp-619928	8e70362d-1b5c-4555-b982-02806678500c	16676	21816bf3491c12be3c3fb315db4862da
8b8ee7af-cc98-47c8-aa83-555a208fbb9f	mp-21989	d6ba11e6-3afa-4f01-9ef0-f94982fe73ce	19632	f6cbfb18e1d93a8da4c07a75e68d84f0
8b9e92bb-a792-4a51-be9b-ecf4b25ed9b8	mp-16597	3b4e1fa9-68ff-4081-b3dd-8105bb298a1d	23032	b399498e1ecddcd9e2fada20bc470cec
8ba433b9-a20f-4357-bedc-edd63487db15	mp-644494	39b0a194-dd2d-4300-b984-d76261513f8a	8500	c19f7aaa70e28bafac4922003a08a466
8bac8e17-9f7c-40ca-aa59-ac90a499e1d1	mp-23644	daf21dad-1b84-4f8f-a287-5f7f8ed67f88	8248	41fe50e8bf2fa2748edca5b253340772
8baf4e52-bfaf-40f8-82c3-14298b2aef37	mp-619456	e0236cb0-a16e-42b8-b150-f8224ffcd7f9	13100	bb74de245c722bd973229016c70e94c2
8bbd115e-b895-49ef-876d-fb789484ea1d	mp-554383	b1d7a992-a304-4e35-85c9-6b194b18ff23	75820	fa0642eae49e65ec4aee236e51fe91de
8bc4ec9d-18bd-4bd2-bbd7-e70b3c3df168	mp-17741	664840b5-f71f-4d08-aa6d-7931fb32df65	18584	0691bbfd7df1ea0a31185b6437bcad05
8bc8511e-2d0c-493b-a74b-ba125b4db803	mp-772633	5acfe617-a444-4d3c-85f2-587de1cc9273	54884	932577929944daf7562db2d601ff9654
8bca03b0-2701-477c-8127-fa96c285b5f4	mp-571637	f2953142-18ca-4b7a-af68-dfddb31cd701	98056	dabe90e5b078ce85ae432dfc0d47f7fb
8bcade9c-428e-434c-b5bf-cc46daf48f11	mp-971837	daa27906-0224-4265-8741-18814cb18a24	9352	57deb3b013c0f22c3898eb68dcb51493
8bcb93fe-09d3-485d-b7c0-46c51eae4467	mp-555591	f6d4b2d0-1964-42cc-a13c-0cd99506fac6	74712	cc50d9392d87b92960da387f7f74796b
8bd98196-2d12-4884-abc6-b8d7fb45342c	mp-560260	2907c112-fd6f-49ad-92b9-1cf1fff2bda0	70356	55aefc6fc6fdbd856a3ef7abcefdba1e
8bf7e81a-3e15-415f-ac14-6d73185df0c3	mp-572596	a01f7d2f-5fc6-4b18-9b3c-3324bdbc0b38	45576	049f7f849e8af77ee39d43e40af9aa17
8bf9d7d1-b4c2-4b33-8908-8bc2171f143c	mp-22994	6f467391-84b8-4054-9e01-4ba5e622d69b	26076	2bc9291027b56794d4be8ee921f77308
8bfa58cd-3591-46d5-93a8-d44302a769a9	mp-504751	4ac399e3-ea9f-4262-90d8-b2ebf41bdb9f	25976	b0882498bc9c11d91f8f29588fea6cac
8c15a9ff-c20c-41b1-83c7-fe09b7da7d0e	mp-558042	58a782cc-6866-4ced-b5f2-e99744dffa0d	16384	2611dfb8ca5b36216aa50a8e45e8b7f0
8c1eb844-541c-43d5-a1d7-3247c3c8bc9b	mp-28650	de1a0bf6-2d1a-4977-a316-19efae6364e0	4964	8611886ffc35b0a4ccf0414b6a101568
8c2a6046-fe70-4670-a152-3c9e4f18b0e4	mp-568450	e6eefc40-b5eb-4ea8-b00d-d961893213de	45220	a6ddb8f4ff076d74fdb27a7c15b9deec
8c34a3d0-854b-4aae-be31-5b0a471ad3da	mp-568145	30b818ff-55bf-4a4c-8b70-3e9f0805376f	2824	1856f508332cf1c706ad97e9a386bdf9
8c35a02d-5eb4-4bb6-ba41-6eefbda8e21d	mp-1323	d35bdfac-bbfb-4fc5-b19b-bcfbccfbf36a	38788	0498a6e2c2bb00f785f3136329d97737
8c365f25-79d1-40d7-a1df-3520f9351cef	mp-560097	9083b207-8d1a-407b-b810-b13a9e4c1674	105944	bcdebb8b92d9a3ff9e41ae067a8e41a2
8c603450-a1b0-4f57-bcfb-8b0254dbd6fe	mp-2469	85bb4540-5787-499a-ab96-5c38bd8947ae	1872	8c9327b00a2d63c06bb4f4139765c942
8c698b20-8192-4bdb-b90c-1af078ebf7d6	mp-28458	949abdf0-c23e-4303-a419-de9cd3082d9b	9908	98a3e512228f67bd80243e4df8a2de14
8c72a6f0-c3e5-49cf-abbf-0f8f9dda0636	mp-5012	8aa82f1b-2bae-41f7-9475-8686acde8e43	28944	7c97a984ad7d711b9d139ebe2fa22e5c
8c77ccae-faf5-4b15-b7e0-f91b812dcf47	mp-29000	4e8e8bd0-a0a3-4099-8886-5edeed644da2	123348	36daf501954db749408fd0f637328ef4
8c9538fd-7cbf-4178-97df-a2c246c49a75	mp-4690	4b60733b-060b-4606-b583-bf20e5b352c6	12456	9fb3884ae3df25a1e730e8382924258e
8c98ee5a-7cf8-469d-a95a-7ade358acd1a	mp-14434	1aeadbd3-3d6b-4df0-b0b1-28de4d273af8	26052	25200655e1b64c3dcfb294c96b7ad749
8cd3bcd9-1107-477d-86cf-0751f6d50779	mp-4156	1f0e09ab-af3b-4507-be98-b163eeba72a5	20052	e9670929cf4c08a7f8063d67595dd94e
8cebdef7-1622-4b74-957d-01d5776228e2	mp-12881	eb56ae9f-98bd-476c-b984-f3c92bf029d0	15936	4f5ad71d6ff1fe96a8143b4400ef3096
8cef431e-919d-4407-954d-c42102304c96	mp-28922	d74f02e1-5ca4-46ce-a420-7a1d8a5ddde9	110448	d0a401f3c24ed65dd2d2732caa5875f6
8cf26299-46f1-4765-b940-d423fb10e18c	mp-560174	be6ae8ce-ac8a-49b2-824a-90a19fbda680	64016	d60968c949bd002761af593f0e5cbf0b
8cf2f1ca-ab1b-470c-be75-acafea2e2a51	mp-573465	f4385d94-5f27-4ffc-b00c-1e6feefd0114	59124	aabe7db095d2750ec0a047c81644c8bf
8d047a69-923a-4421-bde5-2b408ee411a0	mp-557862	f1d2dc26-2117-4918-9878-4c2c640d5d38	13836	7b105f892b7e0fd25b5b9bc266f8d631
8d0692ed-2a1e-41cd-aaa5-307d268d0b89	mp-754478	ec89f6a6-a777-470a-bace-3d62da7522ae	11596	5926a934417883099e11f38aee53789e
8d0f8853-7e69-4431-ad0a-d5e4290b5481	mp-22906	43f243de-c614-4562-aeb8-2d1d3a2ddebd	2012	46d81449edd1fb815284b7374e0c7529
8d350564-a7e2-4e4e-ab92-496a2e27dc91	mp-696878	f4b4b976-ce13-42b2-ad5c-97a0e9b457a1	33164	3154f2d288485389562e7aecfe47f066
8d40b7fb-6e90-42bb-bbdf-eecc60a838cc	mp-28517	a6e29dae-c560-48b0-9886-a7ec1dfab8df	9672	30519c96add6b0d1796eb57817c5baae
8d4aa792-2e9f-4885-9fe7-9001d318aaf6	mp-676572	6838a946-a5fe-41c7-8584-68d8f6a57c35	66804	23b4285b54af86b293a39bace5d1be46
8d4d2bda-4b38-490f-b794-f5b03ed49d50	mp-644097	461a9cc7-5da6-4921-85df-31af073aa367	44804	c96c5cd7cf55a5954fb8206c536b714b
8d5827a1-06ae-4391-bb88-b6cb9ada4f5e	mp-31001	101843bc-6846-4e7f-ba93-0684ca7ea216	76792	916e962304915cada0ada3848e35698e
8d604756-0f1d-4c2e-9fe9-fcc14888ed41	mp-28541	51184dcd-5723-4260-ae08-08aad2a82831	46360	973773cfffceff536cb784574bf80ab3
8d65921d-101f-46db-92c5-10a4cc194885	mp-27805	878fd765-09b3-4ce6-8e3c-455b6acb932f	41736	ae7bf4ad9f599860a73dd56bfc1e1745
8da3dc5d-3e2c-4d46-a9dd-3f10eb7ba95e	mp-5126	ab1e2451-69c2-472e-911e-ad51490154c7	21296	a6c8ace3684977f57412a5456d0c49d7
8db49f6b-4d79-4d68-8d76-67166c2db8d8	mp-757586	d059231e-b329-4d42-9957-5bf772d1da19	67364	849c379e8eb35f732bff05133749c0fc
8dd7a936-e44e-4acd-9175-97e448cbc1d2	mp-643005	1ed39d0a-e47d-494b-8dc3-b021cfa0cef9	13760	9629b85990497c2024cabdfc38b2352a
8df0bb0a-a88c-48b7-9a56-73afa767589c	mp-557372	8dc7be9b-23d1-4474-bfe0-81844d694595	45588	3b639fea1899611228e594a515389b17
8e12516d-7188-41cc-8462-39db9867c46d	mp-14665	c8ba5f31-bd63-4644-b653-33330317ef4d	71136	bf69db05648522d7370b3e5e08fd606a
8e1340bc-fcdb-406b-a16c-98f8e057454c	mp-696815	9d7d54db-efe4-4951-bf6d-def5d7b8c76a	7632	3e67da75c53ec79e2403fc9191fc100c
8e193e82-9b62-4c32-8775-d2b433be46ef	mp-756205	0e137592-bc0b-4cde-ab6b-01a6bd7a65b0	15224	85cdd1f7d9d396dad596f2063dc6fe2e
8e1993d8-0584-473d-9d63-c34ea26b17a4	mp-16839	a40eb4dc-9972-4f61-818c-3d366bd94898	91432	fca44ea7390b9da0bbddba8e70e0d6fc
8e463b71-05c2-4c28-b906-5fd5e033e591	mp-559903	5c1e061a-8da3-4c6e-878d-53d7b7c06cf7	49636	23418764fde479750929b8acdb2ee9ba
8e5000dd-82e3-4020-8c3b-8a232e4f72de	mp-18642	2a0b4c55-866a-4987-9e9a-9bb1a95ecc94	29328	19181da5efc37c9834323412c456b7dc
8e6c4333-888f-4bd2-a145-1c5ffbf6cd1c	mp-556866	bb067928-f721-40df-9f92-4a1d4efcdd5a	18080	a23b44a42e8608df82bad36fe0e129a0
8e6e0530-b16e-48ce-aaff-6bcada21cff6	mp-18138	a2903df2-7cb0-4689-b5ce-851a9216dabf	25932	282324f412d510b06ae4c7325f2ba6b2
8e788ffe-d063-4807-80e1-d25a8bca5729	mp-541158	d3ba06a1-1b17-461d-b737-4516bba10ed3	51880	e2afd76ef73492880a9947c36ee501bb
8e93a4fa-0349-4850-8b1c-6ddb38d6a058	mp-568397	ba188218-d304-4941-b0bc-87fdffb823cb	19744	052988a8284f137221d45a2a824286bc
8e93c576-40c7-49da-8a37-b4eac4e03c8e	mp-556631	79c8a7d7-e0e0-4d7d-842d-8c643523b700	29344	0de23198d44c4a509a3386df9a46c983
8e9a645b-0bcf-4ab7-abf4-db494e13f745	mp-583184	50cd00ad-1d9c-437f-916a-d53c0add0176	86400	e51152be757fcc850a977c48402fb3b6
8e9a9435-6f02-42a5-8438-a66352ddef74	mp-30931	6b391fb3-3d22-49a6-a73b-0f90ee5802f5	40164	3e00fb669e4dd3eacedeadaff776516f
8eb16b14-1bba-4fdf-a496-4c652659591a	mp-14380	32f5c629-8b09-4003-945e-aded558ed72a	73876	be1c1811bf90cd132f59ac3693148b0d
8ec35607-59c6-470c-a5d8-ece141486362	mp-14339	1b03c2bf-beb3-4cf7-bf85-6b6b556dc5be	20064	3d8a51ed473349c5891224c26e432419
8ec3d465-e208-4012-a7db-01d7c7e220a8	mp-6600	086a3c39-15e2-4168-bd5a-8ba5e15edf80	25144	99a3d7c0eaa469b08f649484e5c1d558
8ec69507-a382-4152-92ba-e8bd7bde4889	mp-13925	154c1325-2e9a-4303-a887-b800e5ac324c	2396	0094a51872db07a751685700ab57580d
8ed7d1e1-8085-4547-8211-9e5dab2321f0	mp-7008	671dd15b-e6d3-4c0a-8ff6-96461658bd6c	12136	44807237a49fff45ce89eef787d04084
8eff43b4-7385-4ae2-89cf-d9a91954c309	mp-35799	37b88a5a-6823-42f5-a525-73e6c39010d0	64420	4600ee8fc509aec390fc7c3ffe56e031
8f03bb85-412e-44ef-9d88-46ea2cd49a5c	mp-14390	1733b5ec-a08b-4ee6-8d07-8781a375d80a	51320	5e8e71850b979c31b752db4fbf3e7042
8f1a0f4c-be28-4a67-a60e-243ff1cfb3af	mp-542833	dcd1c691-6f41-446b-84bf-483349545409	57972	fc7ad1977df77e46e0705a09421530ed
8f1c81d6-e353-4bdf-9092-fc477e19dcd4	mp-23416	6ddce8bf-baa6-4cd0-96f5-4df685a11963	26548	bdd61ad95638894e917546570f188719
8f219207-f865-4654-998c-f77b942472a3	mp-8658	930035d6-aff1-495a-aa40-e62cb0ae4d3e	5428	d4433d1d26ccccf8f08f039440d438fa
8f2438de-4e85-4788-a134-2300dc64ec73	mp-10288	dfab475a-faa7-4ac9-896f-687d76b875ae	29024	9ee4f8692173add536007088e30de0fd
8f61dcd2-374b-47ff-bb59-e8f0fbc73f4c	mp-561141	7b37d66d-735e-4015-97f7-3a7ead5f368f	19436	19536ea7f60ede1e371bfc46a43fc6d5
8f6238ca-48ab-49fb-b5de-ac7d65b15db1	mp-756942	c8f2bd74-422b-45db-b79e-e7a47d6f52c1	26984	5fc6a223c98774f4761707a260b4a291
8f7982ca-ab2b-423c-bf01-db257bee3674	mp-554854	88f91a30-fe3a-4c83-ba83-25ee48611187	60672	9812710c44cc9cfccc55f67cbec55edc
8f7e155e-87bf-409a-b6c1-7cc4a1b444ac	mp-543040	bde2aa7f-9777-4ffb-a011-1c2043fa62b6	67556	dcd445490316cf466726c2d1b453f5dc
8f82c543-bb7d-48d0-b290-d240a97895ca	mp-14558	1455d24e-a137-410f-b285-75fd4d58d312	82328	066275cfb502a6ef9d2badc778b7aad4
8f9c2049-3d3a-4e98-afa6-478135e6a66a	mp-680094	94226567-4409-4d92-b599-bc02ff1f850d	66596	f54de598548ee4324bf34b395adf076a
8faf5796-8330-451d-b8ae-af816c0fc6fd	mp-771208	f8b97225-6960-4380-9c61-82dc07a84de9	81048	fc08fc087b516a17c49edfe104feecf2
8fc3a8b4-29e0-4e05-845e-16babdbde0d3	mp-571219	512e41e5-1307-43ed-9d4d-624b1c21dd0b	45508	7feed2f44940d479bfadc950a8d841f0
8ff34b37-d291-48e2-9de7-f88fdc32beec	mp-568759	a3f8c16c-ae99-4bde-9ed3-a21782b8ed0c	87548	247d7b0c3cddcc48346807edc079669d
8ff902d3-83a0-440e-98e1-c4304235f38a	mp-29887	5189ab09-fe4c-4e80-804c-f42896c50564	14444	6900ef59cdcb428a7d215b9dbe203327
8ff93fa4-78bd-4be6-9db4-95030d2498f1	mp-989639	02cf0a38-923e-47a7-a13c-db10dcb527d6	2364	c164301775d9ed4ab0ff1d0c0f1a4cd4
8ff9e5a3-de7d-4a2b-8121-88d8fb080c12	mp-767039	d699a0a2-cc7d-4b31-a679-e76ff65b7c1a	70960	75e33e791fc7a1abf8518521220375ac
9004001e-2121-4074-b1c1-777278458fd7	mp-15079	ec950bb2-6617-4f26-89b2-bb80d63b2413	10960	81a214a62bca132b227cdd02aeb0c86e
90152d38-f95b-4330-b332-e3f41a6ad437	mp-40519	a4c46300-2795-41d5-a056-767cb9c57e61	255236	b0bcfd1701f9d310001e4789c5d0d4a6
90201a79-f8fc-4e34-9ac3-58543809d287	mp-867839	556c4829-90a8-4db7-b777-d4e6a788374d	19216	d351e64de9748b83900893661b010034
9027efb1-8291-4b92-9f1a-40778b9d3ceb	mp-560519	217f4ba6-72a3-4e71-987e-54afa80115ad	34708	a2f552130e1aab72f8d389d3a4135722
902f7bd1-52a4-4ae6-bb52-32c3d13b40e1	mp-557108	3a7809ad-72e0-431b-9b87-aa4d12830a1e	57068	d022439f7cd1750b1ca9a58ef4dcc477
90380286-6122-42dd-8547-529c677e87c3	mp-540689	222b15e1-f261-45ce-a097-8c8f6749f302	89464	63854d6214439c1b38f501411cb4edac
904be02d-2965-4622-b892-8430832e2ded	mp-556155	56c84c5a-4aab-4980-8dec-d6b5a0b95f9b	25984	157a1d6ffdb63974f94119dec829e115
90603612-cad3-4276-8911-babf70abfb18	mp-3807	c58bd1cd-a769-48d3-89bf-9aa47ccffcf5	3112	58d4f7e1adf648cbd4db47f8437ccab6
90610e6b-b0c3-45d4-990b-8fd6fdcf766e	mp-570340	59eaa43a-553d-4a0c-8cf4-7f51a1e8ca95	17404	7f75cf4258cf1ed2bda106f0722f2373
9077a07e-3a2a-4a60-a2f0-34b12d917fe1	mp-504898	963aae36-b886-40a6-a1bb-fcd2bebeefbf	19368	41b8daf7dac9d769432d2fbf9f39c34d
908b34ad-6699-4a25-8ab1-39fa8456713a	mp-555604	ebe88ad5-c598-4196-add7-ce5d39de14eb	154696	42dd113285d76a8e6d3cbdbbefdb523d
909398e7-8c07-490e-a9c8-07b01f5fb2ec	mp-29288	387b9269-248e-49db-a837-c874a3e17724	21140	7f2b8426fc5d060310e089f5dd8b0055
90964f9e-2c66-4c1a-83a1-94808d04875b	mp-674333	3fab0d70-81c7-43fd-b526-4f68c3085bfb	77608	fd6465acdaff671d9916eaf78342412b
909991de-cf8a-4930-94ac-cec2df253d91	mp-684708	98703229-f168-47de-ad76-2a7cddc1865b	25420	e26bda7d875d7b4939127db2037cc0bf
90a1a82d-ab5f-493f-8272-9759ede1cff8	mp-486	ed4b871f-987b-40ad-8750-abd7a7fec9c5	13764	f9d6586b6947c1012fa3ac05bb0eb820
90a667f6-954c-4dbd-b5b1-0118e1519213	mp-608555	49c8a824-196c-4105-ad2c-19e60ce1c09d	1992	1adc45bd36516326c9ce5ac12ed44c20
90a98cdb-bb6b-4305-8d27-f829a9d0ffe2	mp-16872	30b009eb-5255-47d5-9e52-cbf7409baeed	70428	441188d73e445efb19f5adedb6823ba4
90adc678-8f62-4026-bb1d-5a70789fb09b	mp-29888	3d2adc4b-82b6-4ec0-80c4-305863dbdf14	14540	01d3dafd9f6345b859e79431f137e62b
90b13dda-1f93-4763-b284-7eab7a5ce12d	mp-510709	1c6f54db-39d3-435d-a662-2ab25d906394	49672	ae66cfef333d78afa856ac556eec9f4b
90b7853a-f61a-423f-a490-d943c6ff4434	mp-769481	fce4d34b-2c52-4387-b95e-4d6f9cde54f9	110252	6ee198e2db37e55dea7587290faaf119
90c01481-4397-44a0-9b2c-0d6addf9aac4	mp-562182	d4556b46-2d69-4cbd-b593-c72b2bd3a1b2	27260	c5cff898458e042f8952fd5c1d5c7f3b
90c76420-9ba7-4461-bc2e-fa8733b7cbf4	mp-7714	6e1d0970-4de5-4f96-a6f2-c9ed964e514e	5772	98a9efd433c09c763aef3024c5054b8a
90d1a661-3a90-4adb-8643-b423efb0e9a1	mp-574224	44cd29fe-410c-4ec9-9cd7-afcab8868260	13792	bde80696068462a0f2e2769bd465ad6a
90df5300-f2d9-463f-bc6a-366e2db1e28d	mp-556865	d66819fb-ef4e-4643-b9a1-27c37001a492	154652	d6fae281e6a917e464b0c67015c2e14e
90e29afb-90a9-4ad6-8cb5-7fc0cc02798a	mp-17161	ae366f93-4b28-41b8-9095-24616e7e31ec	8984	25fa7dcda45847906dcc6a176c80f835
90f7c2b6-5a2d-4528-a6a7-c9c680b0e80d	mp-29602	d668baea-5682-43b3-be2c-bcdc8e1d05e6	45552	cc7fb7636e5026b390e697b8c77e1665
90fd561e-d0ee-4db9-ac83-894441f61ea0	mp-504838	38b13a9b-4ece-49fb-a557-ad2c96f4fbac	9516	3508902b49e7d1a57be67f4148fc96a6
9100d118-79f4-4b13-a06c-ce067b6e48c5	mp-22184	30f3b85e-daf6-4b8c-806a-17afe426f440	2428	5e63e393e21ad9c3146fd6c16b0332e5
9105ca99-c3a8-4c2c-b2a1-80bd76a68587	mp-625998	a18de628-accc-48fb-a112-cf2dceaa784b	12148	efb69f61c84b78f57fb732c2c252664f
910730eb-3f1e-4040-8e25-8c7007d755c3	mp-600003	f29f04fc-352a-4d55-98f7-7c549752a855	18240	8c3af57400fe86ca600a6a34afdd75f8
91079ddf-deb5-49df-adb4-d1f339c4e9ad	mp-23474	53bf11f5-472a-4d3d-af7e-8d3f601e819a	46328	02ce33545b8934e88a7282beabc396b4
911aadd3-68f6-489a-8e0a-510d9cd4ae5b	mp-546011	d0ab3f57-cfb9-493d-b81e-1a3ab8ef6f49	8744	946233fc49773fc3b293d0003c182d65
9127d13b-3b3a-4be0-baaa-3f0be017bba5	mp-28361	06f090fd-2c1c-47ac-b8b0-3f728d454c1c	56028	f7eca5faed0c2fdfb114890d3b55d2dc
912848a9-1dc2-4853-b350-d12ca1d3e7f7	mp-14161	3e0a98d8-8c4c-43f0-8959-b6423d00d714	6972	f840cb08968e37b4420ba2e4ac82d063
914ba62e-5d81-46f0-8612-eef61f94d537	mp-8430	08db856b-2796-4ec8-95e4-5e3a3f4a033e	5580	37c9d1f8b8709d13c7c8f96add8f7699
916f95f4-471a-4d74-959c-90df18443fa1	mp-730190	bc6bb534-ff7a-4b05-98f7-2c1c4190c178	71624	b894511eeb3c773d8d1102409e909903
916f9906-9025-4401-8297-1f54d887b28d	mp-779698	049c46c2-df91-446d-83fc-99c45b864f34	17952	6de5fd80ee364f5dcb14899101aa53df
917e44cb-daf7-42e4-b0a4-6f18fa8de507	mp-759378	d28b4968-8eea-4f8b-ac5d-ea69100425d2	38408	1c5658b2d2ffe85268239a17bbe0cb4c
9182164d-77ca-4d0e-975d-24ff29e0f9a9	mp-12673	aecca8de-b193-48f0-a210-73db74874524	6664	be6ccab7de11f03b5f52e1e39c8bdeaf
919330fb-f93a-48b1-a256-1bedb2371fb3	mp-24041	0f06b321-7f64-428d-874f-c6cd5701c436	40728	6e0d4c1287235ce1d4c9382e1204b88d
91a7c41b-c830-45e9-b0c2-368418fa354c	mp-555073	e084b99d-1d37-4958-bcc7-9fe1bc5ab6d3	25820	dad7ec6d17b13e5d6340afbd07f77ea6
91bbc079-90b4-42dc-995c-f660b5808aca	mp-16969	332f6930-5e35-47cb-8e15-0d4c90808670	64132	f0dac471915c9b8c874df9e57daa736f
91c664b4-e6a7-4e5a-b70b-67a3cc48acbe	mp-762063	13c51b45-e82e-4006-9c65-545b1c7c3239	23056	61dbdb1f5362b394f130b8abe1be88d3
91c6ff68-4c9c-4715-bda1-7f06e2b30465	mp-4819	0d71955f-06a2-4a8c-be19-4de1e6a4731e	27088	718517f8b69341f350137aa95427bfa0
91c7503e-26ca-4727-8660-40a40cc9a534	mp-7906	8250dca5-7871-404f-8ff3-5dc672e0920e	13260	931090dfd5f765a3cbe04120958ff2d3
91d8c7d2-f83d-4c19-93e7-fd7000d00915	mp-30245	333c25b4-728f-4db3-b119-9d148450232f	15516	2f8f61030021146d516e56921898ca34
91df4421-71f3-47f9-9380-ea7486d44a98	mp-16755	e36a5369-2451-4375-bfe7-702a3dba3142	7304	b1450a967ea6d54810d4641afd58652b
92344399-a70c-4ad7-a8cb-ab8d60aee928	mp-6327	a040368e-b06c-4f33-8c7e-f0c1e48f5550	11692	ecb8bc3c13b1c6191209d047a3c7931a
923b9cab-9d4f-4d83-9c47-fc483348e80d	mp-570559	40651d2f-e90f-43d0-bc12-756d48f3c8a4	37416	bf1dcfb0ce14f80b409ba415d5c56624
923f3a34-aa95-4d7e-b8c7-f8ee9faa00ac	mp-720570	83d50591-68ed-4177-b01e-82067192ec42	59908	2084739d32158e039ab88b5418231f22
924978c3-f076-43d8-8428-bde4ff75777b	mp-23120	d707e3bf-5312-4965-8873-fdc832511d99	2320	3c3cc9b3b200354d57d3e79ee65eb9d5
924a0aae-7998-4f65-ae7f-ae6462c04fc2	mp-556888	d95e5036-9a59-4616-a7cc-25b8b6f846f4	11768	380add995c98e53e8964c42911786ece
92504742-74af-4041-a926-369fcc1c9b4c	mp-11919	ff1a14fc-4009-49c8-bb9c-3dfbfc494aa1	6196	d088c17d5263e49992dac93cbddb52a6
9264ea93-36e0-4d86-b999-a97d7e6ba0ee	mp-568937	9bf74174-34e6-45fb-8fc3-db0bbef922e6	14032	b0e30a52e251fb03e884249d3190ee28
9277dae4-edb2-4849-a9bf-34a821b76aec	mp-8892	d1460963-f434-42de-8f93-6722bf4a5a97	27680	16e280987da8a266da06b6d2a6b7209b
927962df-1556-4cb4-8629-cd60e6d5e1c4	mp-867334	1dd7a8dc-3d94-4348-815e-f036b62de71e	45056	31b48884c04fc02265517378b0e49241
928f3e0b-22a0-41b6-a5b0-8cdc7542dd41	mp-733844	9c50d561-8660-4239-8bb7-8059deed1819	77848	907aacd0e2b58a279c242a1121751008
92b1ebeb-5837-4706-8904-c082388d8c58	mp-531778	a50f5341-a786-4ea5-8d40-027d06beecd4	183128	a1a5c721e6cb9f20da2814bac0d7e744
92b20ee0-e490-4bee-b95b-a65723c94aed	mp-546711	0d4e313b-e127-4725-86bf-048edcb4ced4	1880	bf1b022ce9bc6999e5f8bc16afaceb9f
92b36e4c-acfb-4023-8324-2838e87aff0b	mp-558501	8f084fde-2839-4bb1-9d4b-a8eec836085c	47600	c17e6fc1ddbe4ed9f7ec146345fcd4e1
92bbfd65-a705-4484-a5c7-d07197fee1ae	mp-4531	7ccb31d7-558c-4a50-b69d-d1decb15db2b	10020	55ccf8676b0a6444a93103eddb97610f
92cc9e28-6cac-405f-90a5-790b64167d06	mp-972216	1734c07d-0462-432f-a4b2-b91c76f4817a	26580	4c03ba4246ebec4e5602a5d4ca21759e
92d15b2d-ece5-4d85-81e0-b39d311c7ea9	mp-18506	c256b9a7-731d-46cb-b6f7-a7667286caca	75732	1dad82ce32b10212345a6b021dff88ab
92daa8be-d3e8-4acf-b60c-23420a56e5ff	mp-7020	1f4774b6-0bc5-4a44-bbcc-5d231882c33a	31896	fc411fa265aff59d7c9adaa8926abeaa
92e92382-ebf7-48f5-9ef4-4ed647fcc0a7	mp-531265	e625c762-7f32-4481-816b-316b90068ad1	50056	1acf3f1f3651ae1d69ce09cb6e0c0da8
92fbba3d-03e4-43cf-8ad6-5a3bdc141e9f	mp-12244	4df4b335-2cc0-40f3-8913-33259c6d4d3c	6932	93453c948ef58a38c17bc7fe342330fc
92ff8775-90e7-464f-9c2c-575497f0318d	mp-30311	dd0f7a0d-8d5a-479a-9aab-7193e02b695c	21900	fed6f5bfdef08b0f8e3c9ea36377d632
9304b354-a1b0-4f31-85e1-cc6da3c09f83	mp-7787	0b7d2548-4b26-4ad9-9cb4-033c30d23693	7460	445d5b8be0ae7e7a6bf3ce4db7b8c0c6
930ca0db-b51c-41f1-9056-4827530df8a9	mp-31318	d64ec7b6-c673-4f1f-a955-c556f70f375e	77792	b9f689a1c4bc037f70ab8acfef8a1c55
931b61c5-7920-447b-b883-4a3f7b2a59dc	mp-560638	dee18f1d-166d-4772-9801-c26c4af72fae	11148	381a1c4c6367f623d674f98cf3775366
932f559c-a1af-40da-bc1c-34d708db6db4	mp-570082	8101da2a-1738-430b-8052-75b7975e5f13	38880	fe7c05962d6f71e46a0bc3a965c76af4
934164cf-3c38-41fc-9977-9b3781d2ee7b	mp-9619	d706354f-cdcc-429f-93d9-c3b816da732f	3192	bc0e6dc1af99212c25a689c792c34e34
934a1305-76f6-4202-a5e1-2cf8bb71f022	mp-28248	28d3f4da-1cc2-40eb-9681-a60e3ea820e5	7172	04e1c364ddacbd0a19f6e52f2aea61a8
934b9963-926e-4560-b53e-0de39a9043a3	mp-17291	f58dbcb2-9cf2-4d2c-a4b8-84bdd5e4209e	43620	9e2ef6742c03790bdae072615d343355
934e6e03-8170-4b32-a389-7d29ba0fa235	mp-6899	9ce999fb-46bf-4012-8ee0-99b9cb355756	62304	2d83d52d57f593b31aa90875941329e8
935458a8-be15-4e8d-8fd7-fd60fc2d31ae	mp-18500	9ada475e-8024-4474-864a-c49d8900e6dd	17628	f455b921db679c34099ad81f0a86da05
93638fa1-8fdb-4539-ba85-e0e2bad5a433	mp-541162	c4ef17da-f727-4117-b3ab-47b988dfbd46	59032	3a72255dd763d170acc66aec72665bb6
936c1ffd-a0fb-498c-8616-8fbf6318f581	mp-559949	9e8d7d37-73b1-4739-968a-fea147e4e7a6	114836	9c353c884e88b20034fd62d829ec2209
93780833-7697-4eec-b0f2-6de17171c5b7	mp-22993	c984e515-b32e-4f72-bffa-264ecc39cccc	7760	7d81508d79fd612112d0da475fbf14aa
93786ac7-8b68-4e3c-9574-53f53c6dc914	mp-6495	23f6580c-9ecb-4d1c-a4c6-4bfc36c99756	44844	12fc232958718dacd0ed26fce4ea8d82
9379d9a9-b2e1-47d7-be7e-5ef98b02f335	mp-28859	f0839b06-02d1-488a-9b08-d8157a3e30c0	15012	21f1ee1de244d91dc6f57bd8e3eda6b4
939ac838-38f3-4228-8bf9-a6f3eda0a0c6	mp-555852	bee217ff-c01b-4b64-a225-fdaf9b5c08c1	38404	d9b3998f236f83422b67282b8d66196a
939c6353-c800-4376-a689-af9e209ff89c	mp-27135	525aca05-1148-444c-a061-9c8359481a62	83260	ceae457112d2e3236710b733c154d4d3
939d0556-2d02-4cbb-912f-cd38c617bae2	mp-554823	df00d09e-3828-4be1-a63c-b35185a65dc7	55152	f4087cd57e5d38bc1cc614a4b4dfa176
93a7ed87-0e83-4d1e-a152-8a7463a1cce9	mp-27888	7533d4f6-28b1-4222-b3a6-730010b9eefa	13232	33464136d67538e12c01a4188bcc1983
93ac3597-ebca-4e79-81c0-55e6f4de15a5	mp-9365	c6ddf9d7-1ef4-4daa-bd76-44023c429274	6304	6da46cef9cc9407647cb3fb0d495218a
93b07995-c54d-4f0f-b580-a1d94ced158d	mp-15148	80153e61-9e26-4043-9c9d-b0f9640c901a	123388	1e610a278552bd5d12b4296ff3a8ae6e
93b44e34-3713-45f7-8c4a-0defe60c3335	mp-32826	801df89f-fd4a-4829-abdf-4c2530c6b23e	25116	bbfb77cb335a57503aefbb10a1a36299
93b699c6-bd5c-4d87-9148-c8e7e52401b4	mp-616378	f9c9178d-6926-4236-95cd-2c9a2b339617	7612	a7029f0feb2bf8d8e1145397e755987d
93bd17a3-3d70-45cf-a563-8118f955de12	mp-570231	c89db70c-1eb3-414f-b976-dca974952daf	3268	b53c75a6c06272ea071f3e5fb0e0a052
93bff2e7-c5c0-409c-8c7d-06e7dd54dde0	mp-13666	838a5648-711c-4f2b-8a16-1f95b63cbb72	38188	5e30f8b54895869a08be277d2aecb864
93ca8b61-625a-4341-9277-bbeda591c05b	mp-3468	88d5a814-b626-4b0b-add9-0cc31554ceef	30660	dce9cce96dde7436c0f8a527fdb2c763
93cd40e3-a321-45d7-a046-087a0fdbab9e	mp-27195	a4ae6d4b-736d-4a28-a612-169f8ad9b6b1	49568	158b89edc8914193337fe353a4a57e10
93d6326c-8668-46f0-9018-8dd25c43908a	mp-768154	6fab7c59-1d06-4c60-b9c3-ea5204bf524b	47384	e8085a08757b2f902822f32cc8975233
93d653dd-ca40-4ce0-8698-bc40fbaebd2f	mp-17927	cfa4e494-4fd8-40f1-883f-e784d2f21c4e	28368	b79ae5485c983eb486648514d8dc920f
93d929c6-01ea-4b9d-ae12-d49c3b8c73bf	mp-755530	145386cf-425d-493b-b064-9de8b571dca8	34124	ba27f9e6c715c7b2522d80144f06325a
93d94235-45e3-47b0-86d4-540e62eb22ec	mp-568522	70648f5f-b6df-49dd-8925-09823e041b09	69712	8186af1e6b12d9be55a856f1c312b443
93dd6f37-519a-43fc-9074-fde4dad6708e	mp-542819	ee0e21eb-2339-4862-8be5-8f10a6487d0e	16656	2cfbb0624405f62b2cc2f3fa94e4a61a
9402d9b1-690c-4fbd-a650-d02567b74ea7	mp-756344	1a84b0fc-e6eb-4d75-acf6-2a3b7bf0087c	23656	a9055202a28ca6ea8c6a76b029c75abc
9409672e-c516-4039-a89b-e520aa60ecc4	mp-560303	c43e851f-be82-48d9-afc3-86092e824c01	24624	59722d6f553481f062899a4fa542b9d8
941d3c98-49cb-4c0f-84f0-6d7b6292752b	mp-3520	5f4356fa-4485-403a-8ba5-d12702dc637e	64036	eded1dfe63fa1050a9e6190598c22b86
9436239f-3f48-4911-850a-d9fdc232b252	mp-16055	4f2b775f-469c-48fa-81ad-09e61510db3f	28124	ed252261ec1fada4b76ea07aeaabad7c
94476cfa-1b48-4b05-b79f-00be2d1fce28	mp-12450	aa0447a8-aaae-4cd8-b08b-28d9722e4c31	25896	5e94f20f4b3f0850bbc0afb1ece821ed
944d2056-e061-40c5-b0ae-e3b61c9ae9a9	mp-556548	013a95b7-1843-4c5e-afee-27a051896974	51244	16aedb8c706b30859283c4a8e5a43c00
945c0633-b202-4343-9ea9-281ac4758240	mp-781555	f59547e5-ae1b-49dd-a6dd-1f8c9a1bdd6c	160928	48bf41ea1530e2b4797e3441f7e39608
945e3283-52ce-410b-9d03-4262a747e7bd	mp-560768	1a1b0f3d-8688-46b3-b9c7-6890a627b41f	47896	2c04bef7ae4e5e17601af4bf2efcc39b
9467c335-7dd0-4b59-95f6-1ab3614f32d5	mp-4789	5188aba4-da5b-4c9c-95dd-b2782e0c42e2	14848	7ec5850e7e5f2ae0239d87791d218651
946ae0dc-501e-4497-88dd-64af4448753c	mp-697960	6732d4ad-f20f-45a7-9257-70c6bdd87aba	148412	a12dcaeebc232e64fb2f76447b4bb09e
948442bb-ea09-4605-9519-d35f613e11fc	mp-605863	31f0036e-3887-47aa-b4f6-9a31e209bd2e	47280	257c042467fc2e504cc90887362e7f52
94990019-633e-4d5f-9436-502523a1b103	mp-863066	1f5505c5-3332-4f10-908c-b7515c6362ed	61800	ae626fc9c909bde47f9477d297d7cf3d
94c59803-4f13-48d4-9c6f-02e482e9133d	mp-14116	f1a07709-dae3-47c2-b74e-e7e2f72712c4	6540	aa5a4761addf35ae833ce9af9e29ecbf
94c7d44e-9320-45df-b831-98e877b04b4a	mp-29342	adbb45d1-de9d-4eef-8784-77e04f812c19	2324	828d56e68025a7de87be3993b8275117
94d6ebe7-bf5f-4e3b-881a-9466bd660df1	mp-14551	93e88b55-732e-40e8-bc4f-834a3a1d0b49	26480	36da12827ec5b79995c62746b86be631
95092466-9d88-406d-a807-f5e7f31f19e1	mp-978294	330306f9-dc2e-4f3b-b792-06ae56639584	2564	e1f88fcaee6ca4c13dc4d0193b325d2f
950b700b-34ef-4a4b-8ad4-19f161296b11	mp-10620	16c707c0-051b-4c72-89a1-50a607317c86	31840	31a2515f02bfa30051133fb4830caca0
951fd32e-e493-4013-aa56-ed3a9e84c0ec	mp-18100	165420d8-8de7-4b43-bedf-ab159e93f58e	51608	3d484d27474e3aa53b9eb63d433eed6f
954c2730-26b7-4628-a3b2-e85cfecb2985	mp-581834	652536f9-ec1e-4ed3-a974-b9ecf185cf75	175512	c19aeaa700de29b3b1a39d71ae35339c
9556a7b6-b06c-49e0-ba98-0ef07693eaf3	mp-754341	707e18fc-c7cb-4339-8887-81a549087090	20144	510ab6ef659e9e3a4a2510087bf497e2
9563ab44-f592-47a1-a5d1-7b482a2540f2	mp-20652	ba6355b3-6767-447a-b16c-bc58ea5dbe65	11936	2a1e250e9450bbb73ebb3f81df4a1e62
9566c975-11c7-4aa9-9d59-b5796c4cdf14	mp-574138	9dfe5e1b-3248-4ef8-b220-f6b9805353db	32308	26c607f0c5edbff08411d0b6a42b77a5
9575cb43-5408-4ef7-9854-301e9fbbf2ee	mp-760411	bd1e386e-f0b3-4331-a002-480419ecf43a	20724	06261f8c2fa4acf55051b2eb13dc5892
95a95c52-9fae-4212-8631-0dd661b59b8e	mp-754587	f27ef818-67de-4cd4-ba90-a1038f9b8c90	23920	f4ebf480b0d62d51bd029d6d0f996760
95c57c0d-e038-42d2-92cd-3b0f6312a160	mp-600016	b80b29ac-f48a-4c36-94a2-ae16e538c0da	6836	42d70d50cd02eed67d29109db8c2685f
95c5ed81-ca34-46a2-a6a2-fc57c9e88fa1	mp-504908	24258196-5f63-49fc-8b81-281be8cbbc17	19800	b42009a0230329a1f5f7ba3f2dbba9e7
95cef6ba-f29f-4772-8777-edeceb719c8e	mp-23609	39af06b0-84cc-4c24-863a-b193a65ee445	76292	d99675e00c1936eb429559505dbbc117
95cf0d7e-a0e5-4afc-bfd0-b0c62027670f	mp-546757	34c70cf5-e0ad-4050-8af2-5979456492b2	27228	9ad25abdc62c1d20402bc0289c6d67df
95d088c6-f133-4feb-910e-d57a93dce90f	mp-865203	781a05ea-62c2-482f-9a63-1035241232d8	17988	e640b38cd397b6e32b1a5c0f20fa5379
95d6a558-2331-47a0-b2c9-eac0cf77b0c8	mp-556156	57310814-581a-490e-bf99-43eab87db5d5	62556	1c7e65804632561abd47758c4a1df9c2
95d83473-9b6c-4054-99e5-324989403ad8	mp-43068	6bbc7c90-70e2-461c-b961-e5c4810d7721	127452	60a1536a9235c3a3f2b9c98b37df0330
95e02469-ba3a-4351-a7d3-2d0f21880e67	mp-16777	442a87ab-8c3d-4a64-a754-2da1911ce0d3	61096	dd0fa3686ff401e77225a08a08a3e03c
96102eda-0171-4197-a928-802a6e5129db	mp-28911	e53eecc1-2764-4c54-8edc-6a375839bcfe	8652	f1d8b02df346c770733f048d16d4a367
961b7551-4148-45a9-816e-a497d5d15d58	mp-983327	8085a28d-a81b-48c5-bb07-f712e4f44de3	27104	f0c47ec13177a194ef83bd2859e5606d
962ae4a9-46d3-4f1e-9031-dcd1de34c52e	mp-755635	a7f1e35b-0eb2-42ed-9122-b93930370fa8	5772	ab3152c9b80ec44aef102cf623b32521
96350744-662c-4ebd-b556-d920d0396a6c	mp-28136	a22b910c-b9eb-4b26-b8ac-14e91eb5002e	29024	666f33fbd556a990876a32619cba76fb
9648a34c-d879-4c03-b1d7-b7e9d83681fd	mp-6687	d1999747-af3e-4ab7-8866-b5347812680b	2436	b8a53297de8caf1b70fb655f7f65d9f2
964c11d8-78ae-4713-b24b-d693fbfd9d4e	mp-976280	1c4a58b4-b855-4493-8bcc-8459e1eda407	6412	68af2fb095bb67773f8e01bbbb7db58d
964cacd1-244b-469a-b0ce-53c3e40183be	mp-27525	d73612f4-2cfd-4207-b548-ac58243a6dd3	5700	df41410390a5a9203257f85cd57a3e3c
965e137b-0a41-4336-95e5-fe775a936cc2	mp-756798	339c0a3c-6c6f-4ebc-9e2d-dcbf20b67474	36288	4ca85217f042a9f7e95240a35632554c
966fffa0-cde4-4bf0-9ab6-5d2af4bf8e6a	mp-775430	bffea736-fda5-420f-9232-5bf5e5f12c2a	16024	e792ba699fb9f77fec844698c433a6fc
967f1ffe-3700-4922-ac65-38b19ff0df93	mp-772617	bf1c9b65-ae3c-4699-aec1-6a2d73ac3687	4772	d87e92f68b5421d8512155b80b6ea978
9688d30b-2d55-474b-b74f-8da8431635cd	mp-555109	36c9bfc6-f816-41c7-a928-c4e5cdacbe8b	29436	b6cce28a3dae91a59dbd7e36dbbb764f
9691ee92-9cb6-47ff-a606-20b2482b1bac	mp-29437	b8e3e703-ffb9-45dc-a888-99f8aff910b0	107440	9782ebac41c713a375cab6ced6ba90b0
969a1596-7a14-4d32-964e-97abb465d542	mp-28768	b421aac4-3484-4caa-9519-a19d985670bd	19208	c32fe84791082941785b777657190ef0
96b39618-93a9-438e-ace8-4d8f3502606a	mp-29027	022f92f8-80d3-4bb8-a797-75e5ffe4feb7	18292	d6d17d0829af82d6792e4681ba9fa20b
96b5a057-6c45-4793-ad60-786cdaa07247	mp-29043	42a5f9f9-4ded-48c8-8165-b74ef4c4bc43	13588	6d9bca7c07e0d6ca26452009b3bbf199
96bf0c08-1758-49d7-99b0-0e83000a3839	mp-17429	e4a4bf47-3ab1-4630-a1a1-beaae42ff13a	26164	857b027afcb76331ff88deff09ad4e48
96c32260-9349-41f1-a6c9-1612d41815b8	mp-10555	1b49922a-4af1-403b-b82c-43676a4ebfc5	35592	614e2d063d29ed4719f3b9248c78fd80
96c46502-590d-4ea5-88d8-58d93b293c9b	mp-27132	68f2e706-4269-416d-afea-94c7a506223a	25832	11d79807b15c47dd3ef83c195bb9d212
96ca72a8-c376-4eaf-9270-2102ff6fdb3f	mp-29432	96848463-8b5e-47e7-8380-858c80a83794	26536	cdb4e353eebcc724c637400f981fe7ad
96cf7b7e-9e66-4da3-9139-14cfff085f7c	mp-696969	bda5907f-fcbc-4860-a9bd-105a69ed56c6	8928	84e26f7ff2955e85f648aa11c63d095c
96d03a19-a114-4dbd-9c73-835dc11100fd	mp-22876	860cdf3a-5b06-4f6e-9f8f-bf99cd95ccd0	17304	cab589aa5b6f6a5e293fdc86f5ad9717
96d18dda-acab-4ccd-8c8e-6addfcd68d54	mp-752691	eef92185-a7dc-4d58-a94e-c5dd03f9b095	16480	9b66c0d8585e50adddd5f32d7841be58
96dcea7b-2acd-4326-8a71-f9d57c3f343f	mp-863731	9c8e74ca-f53a-4d64-bd7b-71a9bf7886c3	7724	1a13fb519b31663377a38bef3c7ff3aa
96e0e258-1e6b-4d1a-b8c9-e1800abc71a7	mp-33302	54817e2e-479b-48f8-bec9-e3d0b9b8e1b7	122032	8f35cc7ffbadf2d352ba3a261e0e7ecb
96f00b38-834c-44cb-9ea2-761f452120c9	mp-559052	d3b6c5e1-90c4-4e6b-a93b-6a5c50f89333	62272	1186732ecfea0b26e0c3adffdb678daf
96f9a51b-4889-4da4-b318-bfd2115a96d5	mp-7478	36e66022-fcce-43a6-a197-efc79d918dc6	6544	835b5df97943c5deaaa93bfb50791b98
96fcb480-6949-4c69-bb9f-5f3df69dc851	mp-2345	3d9f1833-e36b-4964-8b3e-803ecbd630ce	10584	74cd6c1955f19f702c3e31792c0b89d6
9701ce7c-c6ac-46f1-8391-03ee0afd9536	mp-568244	0d02f133-0080-4bbe-bac8-6ab6fc70d5d2	11712	fa6f3722a0ca62123010751fcf77c096
9732e7e4-fdc9-4730-801f-af218efcc5f4	mp-16992	06b3f95a-1bfe-481d-982f-383afc63cbbe	5968	45b51f04a9c85fdd0883f68002a3998f
9734a5d7-5318-45ad-82ab-5ca405b73db9	mp-8081	41ff45d8-36f7-4997-9a83-4afd2d0df8f8	14236	07de88def8025ad5e6585cefa99cab93
9736d07e-8542-4862-9c01-7e833fabd48c	mp-555165	d38a1d87-c04a-4405-aa7f-dfbd6808b18d	20544	6107e6cfcce65c8dbfa859141a1397a5
973c7b21-0390-4e2a-8bcb-eac50d96e2c0	mp-35220	3777337c-a7b6-4a70-8167-5604bd0cdbdc	18296	1226bf53962ede07f812645fc96f48d8
974f816a-a889-4e7f-9102-0d571e38d518	mp-768663	94b76480-36ae-487b-90db-2ffa81f56104	47700	1352de3ccc43e7b8cb8546aaa70c76be
9753257c-34a6-4d4a-9253-5584bed362b8	mp-18112	78330085-47f0-4d2d-9ae5-03c2c3b2bb66	70452	aa337a79dd8f694cac2cb556bd63477e
9758c4d8-0b19-4254-afa7-99e76a2797c5	mp-5996	a099c086-722e-42d9-bd97-c58e53c36b3b	56360	3a23dc2025d849fbf95415a4f6138ca8
975c444d-b4bc-4e74-be7d-9d7016c439e1	mp-541742	9706e60a-b729-43dd-b265-5e9ab0b3ff5a	14000	7665f72d7c6907bf1e1a81ac9a4b04ff
97636f2e-3106-494f-89c7-09c2bf504dff	mp-24645	ab8c1660-c555-48f7-bc1b-d2ff45272190	12012	33423bc2b209d91f804126f121e2a75f
977efd40-9070-4ea1-8ba2-3385a2b1485c	mp-23373	c576b261-88d3-416e-ab82-37b959efbdce	18204	a4c59fae592c2099b31e571763ff82ff
97808b94-52f3-47fa-9209-8ce6cffe4377	mp-23714	95b6d5d4-43d2-4748-9c24-f9f649b7ade1	15696	52e6b7145cdfaba419bb54e0d619f4e7
9788a590-c6aa-4e19-ae72-5e3c1b26fcfa	mp-8201	465deaeb-5ae9-41f9-a173-cbe72954bacf	14356	b573749a3e3afd4e97ed78d366ad258f
978ca060-d96c-48ec-ab2c-1e9c84522d1b	mp-2072	c053d7e3-962a-469d-84b7-4749167b750e	7128	0fe2ad574c2d735916e61fcac3b04e53
979b6e59-3fe4-45e4-aa15-afd2bdd6658a	mp-561315	fff6c322-af79-4cb7-8418-2d763bbbae7b	42348	f9eb7001bc377492924bb5a635636f69
97b20e2d-7eb6-4584-ba17-47abf3f5a39d	mp-530826	16a7b085-7ab0-4089-98ca-50bfa4ea126d	312304	5b9aa4a48286f7497874634a369b5195
97b9cf7e-6a81-468b-9974-76b4a91d7873	mp-561110	9a6f5de1-0073-4080-ab21-bc413d91b95d	79516	141d329c69707a055639856762548217
97c91eab-29af-431c-b6b3-ead321a614de	mp-13374	4a3fd871-4dc0-44e3-bc2e-4e123f34c281	15256	92c6cef750832698ab0c19480b4f8b0e
97ccffda-ea0d-4df5-9dba-b7691c02cb17	mp-557910	a7a3bbe7-f0b0-4279-ad1f-f5a85d70a253	63508	5f343e97fb389ca2d4dab2e78a27bd4b
97cd479c-3c9f-4066-bf14-4aeac1b8d878	mp-14964	ff25cb9d-bad5-4397-abc6-ad5b49101b22	19212	b501fc250ac45a0195439fba3e8744dc
9812ad40-123a-4797-a747-48e93a3028a6	mp-559391	fa1a3925-0e3f-44f7-9436-5dc36cca1026	108148	500d7f0f5d784edfb1e921a700f7cc16
98133e0b-c61e-4db8-9add-12f30c1b2afd	mp-9064	8c13c75c-6b62-40f7-a56b-342a3b7d5197	10808	69c7635b2e8f9668c68148520d850d4b
9829f47e-bb0e-4027-b40a-f38f2206f35b	mp-18388	55e9b209-c1cd-49a7-852a-827e38169d72	36744	4609935c0c7c729f3cc8647bf7894eb5
98534c84-31fc-4aa7-93ce-e815949a44f3	mp-4004	6d454d1c-f570-44aa-bb40-da05f55f793d	25824	0acc82889414b66c710b80c07d03f9ed
985adca8-a954-4841-917d-b74e775cb788	mp-21567	ee4516f6-8f31-46a3-8286-0fbef83c7d9c	6980	362fb12a49754b7a89b661619ddd3a58
985eeed7-ed68-4c01-ac39-33f31e65ab89	mp-15785	211d0d7f-3221-4c7f-acad-06e1580de6b8	6376	c1ee72de3d8b5398bb71e508b7eda12e
987453be-99ba-4f0e-b807-981baa767299	mp-672289	2d48a298-ed34-412a-8126-e8f73e7e0ce8	21508	6cd944c0bcf0bee9c8cd7de8914fa530
9882bc15-2b82-40a7-ac02-415ae9eea622	mp-754409	0e76783d-47d5-477a-a404-446a377f7dc6	10632	20bebb289134cae21e258a80eb64c179
989bc2e7-4080-465d-a180-0b72248fe5a0	mp-541601	aa8009ba-9ba7-4c2f-b4ac-ea789c86b71e	79864	17c4a5ef5bdeb52f784d2208287d1117
98a93b08-9773-4c30-979b-f5139f15ccd0	mp-530748	f297b3ed-ecb7-433a-b85c-850f2fb36978	211428	00bc8048efeb5672f7366ee5cf5e1d1c
98ae66d6-ad42-488a-9155-ba100ac83137	mp-9157	975b96f7-a3f8-42f9-9ef0-e44f985b77e2	27048	412a54a35ac6673c8b67af9f60d24f91
98b5bc13-7975-4f4c-bc28-0ffb405dca55	mp-621825	1d99a93d-125a-4af0-9ee7-eb735b047cc2	71912	ce632dde4e96992ef8edfbe2dfad1444
98bd2241-ab90-4e56-b7c6-79ed1c84b76d	mp-22882	386fb1d3-eaae-4bf0-bec1-d8ccb309680b	8456	826fff6099735c05c6c29506d9a953c6
98be186a-0d3a-445e-9a91-58064963b10c	mp-755537	3919586f-a82c-4d66-bcd2-d3474e4ff3a1	16900	47cd3687f97413c5e8364a9f46ed34e0
98ce23ea-e6d3-4799-b940-b7edf950c9be	mp-530984	5f4c8b09-d759-42f5-926b-b9979427f617	213180	0c69c92f413d643efefeac69b44fc749
98de8744-3513-4b2a-9108-dceaf2248907	mp-5985	f9a45ef3-0a9e-4573-a32b-1ea45cdbd249	29072	76d3b37563c81a0da3faa9e4a54faf7a
98e1d7d4-6585-4b7f-b27c-903554c61e1f	mp-866474	18270084-c903-4823-ae43-43bcead69fc8	26128	6882d30725ebc051957d615bb8e4093d
98ec73e2-4fdc-4bdc-b197-a5398d55f856	mp-625420	978ed8cd-a382-4dfa-a758-5fe1af8b120c	21776	5f8fce615d7cb88b9991a7860cb339ba
98fd98b8-a835-4780-a01e-ea9e343d6274	mp-5496	c756ce72-2f13-4748-8a79-4e57b68e598e	8876	c5501e592db889f6fb7a696697f78c7c
99035072-cd1d-4d07-b22d-eaa0c332b94f	mp-4842	cea1955a-8e69-4390-82b8-cdd02560aaef	3104	6d024d1c57e88c1a3989c653a6aed851
9903c3e9-988d-4953-a1df-86fa6d713d73	mp-28127	c41d4f39-6009-49ad-975d-c167e9b4ecc4	23964	606cbe7b370e193c9c4d39990f0a9f0e
991472f3-bc6d-431d-9096-37b1155671c3	mp-29104	8e05b04e-afe1-45ca-bec2-10cb4d16a42b	8756	245f10b2f28da5dfc05c5f3764677fea
992f81a5-5b1f-4bfb-88ce-513e52363515	mp-757333	f8160704-1551-48c1-b2e6-9f4b63811f9a	33048	aebf2993a65b7d47867e70d142ce1e34
9935dd7f-e5db-4544-89ac-e574fbf4411e	mp-1519	08b45143-3388-48d7-8562-b2d30a15c3d9	1624	73ad158973ac91933ee9537fda8ff5a1
993b7316-3706-4a8a-9203-0b3181e7f22b	mp-216	4a59eda8-06bb-4eb9-9c47-e66cd6875523	10536	7ad7024a8283373b95c956d6370648bf
9940c520-fcc5-402e-a156-f1c609f2824e	mp-561268	323f1df9-daaa-4f74-a0c7-1dc395032f3b	40912	1ca6b2bfb1e22a0fe56c2318cccd67c8
9945df65-dc8b-41f0-80ec-75d2917c62e3	mp-4666	c1f93354-1f43-40b4-bffa-01dd07078b50	9532	32862aef174aabe476753793ed68f55d
994e9aa0-11f5-4148-80c5-7dd55307e5d0	mp-555366	6497da40-08a1-4b55-afd2-59b352f76c7f	80288	c1b76036d2ee355f533f42b296724c1d
995080a9-ad6d-4d3c-b874-27fa50c66574	mp-18168	56d9d45b-dfa3-4277-8c85-c25404585a31	94416	0d5d3f5c8143cea9bd6cdcbc94e23fc3
995a6396-f15e-46e1-8b56-351ba299edbf	mp-8888	737cc9f6-8aa9-4e07-9c19-8f738583108b	6988	11cbe1efa5d3b79cd7283c5994bab50c
995b297c-0459-4cac-a6b7-0372b3e185e3	mp-17410	e9fdf189-27e7-4e86-84bd-cd0694f69c30	44968	a2387439b4ba6ff088e5707b210a18d0
9968bf34-4d92-4258-a3e1-667cdba8e8b6	mp-7374	8e50baae-1c41-46e9-8d90-13f09cdb876a	5772	3c2c939ecbeec1b2f5488e213d6d67a6
99777ac9-6eb7-4d1d-9d32-cc25784d1ff7	mp-23582	0b29acd2-647b-412c-b156-dbf6289f9a31	9864	e9be735405820f2a29a889151c6e2f5b
99a18521-9d87-4782-9d26-d27de2191a2f	mp-25469	a2cd4a30-e2c3-436a-ac96-153cf11db788	16476	71cb6ab0e94cd1189e8bc0d47ec628fc
99b8972a-07e4-46af-b33d-ed7f0a4ce9b7	mp-2910	ae5e7afb-823f-4e7e-be17-3bbcfca5cd47	7668	1c6c9e8864fa99f86c87481d397f4e51
99bd3d61-b8c1-4cf9-a9a2-78994ce586bf	mp-556738	73752589-6455-4052-b6bf-7ad2e95c2a53	60860	bc97fcf72c7f002a0bac07bdde5a1fa7
99c18190-95aa-45be-bc66-7d5defad57fe	mp-770927	18303eac-1649-42e4-a51a-eddb9d847806	33432	e45132548b034081f25afdbad342182e
99c2d5e2-ec84-4044-9e71-fff8d476a078	mp-22524	10214a80-f59f-4bb4-bb6d-aff948717c8e	5644	18096f1ca05dd066f68eb491e59df913
99c94d64-b81d-497f-9baf-4b1575b336c4	mp-680717	e15558f5-7601-48a3-a384-df86cabfcf15	204156	9d51d3244264de725f873fdc4e722a29
99d0dc10-3609-465a-a10d-6be04be89c6c	mp-625856	f63ab0d1-b8f6-4953-958c-06b5cd40c6f4	98480	39ce9a3568117d01eba2a36212ba406b
99e83f08-8e87-49dc-803e-9e848796def3	mp-756241	61c5271d-9f69-4d99-80f1-d915983480bc	36612	592f6419525a2c20b0a7d296e1b7fc60
99e94665-e7bf-4ac0-bae4-a84106f7d75a	mp-677335	30658219-0cd8-4533-ab68-6b35958659c8	10924	f0177de21f2d93e5c0f18640f814a39e
99fd6695-ef58-4d26-bf49-69ade8eb2197	mp-850190	038cb6a3-6113-41df-a047-9b3f9305c968	53356	2ab276ee912fe87c6c2c88af04b76200
9a196dec-eff6-490b-b270-a654160881c9	mp-23705	fa89c3a9-d8f9-4b34-97d4-e34b1d0a69dc	24264	2470416d7610529d09560006c8141a4f
9a26238d-3380-4d3a-82bf-f49b7c3583dc	mp-17697	6142ac9f-cceb-4f4b-9a4c-ccdd0c0eb456	31032	76419ceea15cd057d1d0f154ba9cbee9
9a30b2de-9fd2-4a20-b9c6-bfac091e78fc	mp-554630	75d792be-3cff-45e3-ac21-70ab1ee29064	36028	86d3109fa8fc41f4ab73da76afe77bbc
9a3c4093-db39-4966-96aa-32f880f04193	mp-761169	eb246a7d-832e-4cfe-97b6-1981d7bc8f26	47272	e18956ac8b006660261c8dad2c786f90
9a500bed-7e34-438d-a7ce-d935e8b4b2ef	mp-690703	1abd3b58-7681-4556-b5b0-78f9156d5c7f	71420	10ed8dcab523ab524e15943dd2bb42b7
9a591fb6-bba1-45e3-aa99-5fa7d7356ddd	mp-22841	1e0173b6-9d7c-4b5e-8a7b-6015dfcc7ab7	72516	d67dd0d333dd9b0b5e6bacb5616aa5ed
9a5c6002-bd95-439d-82f6-65fce03c805d	mp-4887	42a91ca1-1c23-4a3d-9840-c7e7fc3d722d	7508	c4c77ab661ac3f9f5c5d43d790adfa15
9a6fb745-744a-43aa-bff2-d9331d818540	mp-6929	3e2d4ee3-57c4-45c0-9372-6ce9cb6eecdb	18540	05c3090e7f91d7d48a4dc1a052f712cb
9a748bb4-8de8-4ca4-a199-655dd889c540	mp-753947	14cae4eb-1b3e-48ed-9225-9451591c3628	22580	9fe04c76ec3ee74ace9b99f39b942d57
9a8c4431-de9f-4554-a687-3ac926fab1ea	mp-29787	ff99203c-6e7c-45f5-b426-b743069782be	53244	e424e058feda0a51c32185c4702c0eca
9a998368-976c-467b-ae10-852f787386c9	mp-543011	153a94fb-3607-472e-af3a-c0f9996f6d1c	10428	97c9b7ac07dfe6203ca55f481267c6b5
9aa441a4-3dca-450f-8cd2-5644da246fd1	mp-554952	dd08235d-f9a5-4f2f-9768-3d5c44b3e7ce	47300	8a576a3cf73783a480639f508bd0492e
9aa4bd20-227a-4c3c-9ebe-5705e901e731	mp-556995	d81058b3-bea8-4692-a56e-7e0899457fba	27220	685af2882bb68602e14601a87fdd4d5a
9aa54a7d-ab3d-4e67-b829-658fac6bba8e	mp-669331	6dd0283b-b610-4852-a970-832e92538e9f	19132	d9d07f6d3ad4a5502b85ae71e51dcf84
9abf4780-f8a3-4533-8121-845649dddf12	mp-756294	a1d1c5fb-fd62-44bb-8e00-5be6edf9abda	39936	3c5a3d6c540908fba2c86590cb117b4d
9ad43dbf-e076-4933-bf4c-591f5ed8fba6	mp-561203	d7d0b6b6-8a14-4192-b075-217f62a882be	7316	2c4a7f769573f9d7da0f2dd0789b89a5
9aeef0a2-27ff-415f-b29a-3e74a47cbbfc	mp-18529	bb22c927-2838-4c5a-b334-468304bcf3d9	10312	e8d2afda8a15674ce08a2a8a09fb4db6
9aff3757-f69c-49ac-9f17-3756d8fc661a	mp-15739	b33ebe86-0db3-48b2-b8b2-a162ddc1ffeb	81596	02554511d6ec60e77846f2403286a4e0
9b02ddbd-b4f5-46da-9061-26a18ccd4a3e	mp-601867	8ffcb71a-36c6-47b5-84f5-75874e64463b	72324	e261fcfeb6b48888501da0e850c07aa4
9b0fb113-71c9-43df-8079-b285bf4c451a	mp-24044	fa1c5a19-98e4-47fb-b99d-912f132a1f16	12328	04901b49bea1f72ce32d657e51572d17
9b1dcac4-aa1c-47c0-b0da-f7167755851f	mp-27734	260942d8-0abc-4a8a-a601-f676ebd636ea	10500	57a1f5b95b556228c29c4c61be46ab4f
9b3e1e0c-3919-4bfb-9000-80b45e02edc2	mp-1167	dfd25426-4b5f-4bb9-91d7-813352ca34d7	13284	8808da612ac79d7e22f5f1b079045421
9b4b6f0c-022e-43d5-bf81-5df1732e9378	mp-4092	3fde1105-9832-4cbe-ba83-2755d02da5f4	36112	1983b9939798171af4795cadb4bd66a1
9b5d18c8-c4cb-4f28-a21e-0bbb247aebd8	mp-542099	cc158985-4efa-4956-bcc1-1f8ffd4df1ef	71144	2d3a69e3bbda0ca3f7c5da7042919ed2
9b655a46-2a78-45e9-b300-e5eed59b97b9	mp-4627	bb327342-b906-4d6f-b473-fb5082c81e85	25488	5c4f37328e4aad0c8ee5e5ce282ceed0
9b658788-eab1-4ea5-b68c-12712a1abd96	mp-8058	380c3caa-5cd8-4a53-9ed1-6243ff9e3e31	4824	e626f75f3ff7b8cba2d09f15c432995b
9b67845b-8bc0-41f7-8b93-5d27dd835ef7	mp-562442	10fccc8a-8e13-4b3a-931a-5833fe3f8e21	27456	d14bd6d2ef55742b60c817ec5d9bde4e
9b69d068-f07a-463f-8cc7-5d869ec574c1	mp-26702	e19d7d64-2df6-4479-b502-aeeb60a307f8	155152	c5053365ead9708984e75948e6236916
9b6a000c-61ab-423e-9265-c2cd4a063157	mp-22450	363e5a45-bc99-4a5b-8dc3-4b830192ee5c	19756	7fd34f943fac6a035e011bfe3dd0df66
9b7a4314-b481-40f3-93ab-8b49a2a03ff3	mp-758272	bb353208-484e-4ffa-b127-b7265cbc36cf	36576	053cf5ba9767cd89aa98dce60b6c49ce
9b9d83c3-73e7-4f63-bef2-226f51372708	mp-17777	93bd98ab-902e-4bf7-8b0e-17ff815ad341	24204	8cbbacb6dea47128070aa69ad5d1c5db
9b9efd79-2032-463e-a306-9c7b7d377c71	mp-16663	659cae8d-47a8-4953-ad0b-15eeb27d1855	15252	d1aa15708c59c67ef80300c9f4cf1099
9ba2cb1a-0cf2-4351-bdc7-bbf337e66698	mp-11643	bbac5950-196c-46e3-8041-4298faa18126	28952	d2f877536cd7b0d7d5bf10a8283743b2
9bbadcc3-53a5-45e9-af73-f738a468f9a5	mp-24638	57264766-f907-44db-8b6b-81700b81d9c5	84176	253052d6cedf0292935cb0f8d7697763
9bbf6523-5bd6-43e7-8848-f7030350a99b	mp-3821	c1386e1d-61ef-4dde-9db7-338bfe397be7	9332	5dc24ebe338288783769ba4e2c3513e7
9bd68d82-44c9-4b75-94f9-3c66dba6333f	mp-646116	fe51bd30-64fd-4ee2-9672-2355ddc9ec46	21340	01bc0d6b0fb9ff019e4d205f54fa9a81
9be8b015-7e11-4216-8eeb-13fe81bfe742	mp-625541	1632dca1-ad26-40fc-a5ee-e78b498f42c1	39180	202919ddae2a34c650e97150b66e3497
9bed1cf6-e66a-46cd-bea0-5498e52b0dd4	mp-757365	1cad8b6c-8041-4e38-9d61-de6b28f8375a	49556	93016d12a33c209b4666e60aa4f2295d
9bfac37b-6b5e-4149-a332-f52bd41257e8	mp-554253	19fc1b26-db82-47ab-a9d1-42d1709419ca	41200	4f3c58fc16264830c0030a01622daeb4
9c201aca-fba6-4c53-9a09-7cca8c931937	mp-4626	7f4c0b7c-d713-4fa9-969c-0a82a5089112	15300	913fa91575b2f619a3195a1d6d9b1f82
9c2e0ea3-e2df-4f8f-8fbb-fb22f6ed1162	mp-7440	31a4ac6b-07a6-492a-b54c-e694fbebc742	27900	07e53a4f90ecefaaf457e3021f0492b9
9c31bf80-db3e-4098-9dbb-de2ad496e80d	mp-961684	fe5c55b4-1c55-41c2-9afa-21db4dd63c78	2744	0beec83707c72fbc8e6c9e706fd47db4
9c32237b-3f11-4f83-8824-a4afcc94a838	mp-18466	294d4cca-2372-4b2e-bb7f-22de6e8cd5c7	34248	7454f0ab829119e82570a6da5542a54c
9c33ebb2-f8e1-4c39-ad83-69f7ab53c1db	mp-14091	bcef443b-17e2-4717-890f-7c40fc37be3f	9652	4bf598a77bbadc2f257e7dd889c8314a
9c4d65ee-754b-42b4-9ff9-488cad76f937	mp-560163	de659f85-ce9b-4f7c-a865-7922df7367a1	108860	8b167e110e848bcbbbfd4b83a70c0aab
9c544c30-9233-4d33-8243-32d75657d6f6	mp-540706	aaa65919-a804-45ef-aea5-4d62b0fe8914	21968	c148b0d237245132cf166275733d397d
9c579956-7bca-43e0-b5db-0190c2b68223	mp-28277	389e110b-9fc0-4ee7-8a8d-4eba9a842fc7	31640	5e4d6e5f1691323378e191aa52dccaa1
9c5de10f-dce3-4cfd-8bb2-0b23d6de3131	mp-753459	db81a9a2-3872-47e5-8d5a-5c4f48dd3dd1	17664	ba287ad98d018aa85d16a7bef274add9
9c6cdf76-07fd-4c1b-af15-988c4d8b21f9	mp-754883	d0567cba-b9cd-4b84-8d18-e920e1715b4c	6552	a7c1472bab7037006f429f1c3a84d9d3
9c8564eb-98f5-4ed6-a270-44332fdb7000	mp-570781	97877b59-3e29-43f4-854c-cff8b3eef632	23860	4507811dcff9cfce1073e87015ad5bdd
9c8a2984-f50e-4aa2-b1eb-d7783ba7ad6e	mp-4468	892dba91-005d-4c21-96ff-887ee901cce7	18672	2e76d8938b3ce675f33c3cba9fabb823
9c96a8f8-7b98-4e8f-b51e-b629ab02e7fb	mp-24195	3dbf9b65-08d0-4af4-a376-afc26a4f8fe5	97240	21f93eeede7f6c5e3d59d3966b22af73
9ca24908-1e32-4df7-b217-2ab46cb3a2c3	mp-768221	fcfb7736-fcd3-4e90-8c5d-95082c24c0a0	18424	e2c92660698cfce9a5840e45e8369a90
9ca5cb57-26cd-4904-9025-8a3c124b23f1	mp-572833	e93f097e-f0c2-4946-bbb3-d90b05377065	87188	eba96c22b934bb8af1913c220ee6a3b2
9ca9c987-316f-4101-a2a0-589b6917d02a	mp-6983	a50d3cee-90c5-4333-9462-70363ceeee72	6116	46e21877905b66a173dcd0b72bc6c50d
9caec88b-a37f-40d2-8f26-ba36faf8f8cf	mp-559583	40833fc8-1f81-416f-95c5-672dd1d783a0	60856	f53f758822bbda4c994ab227d6b6a4ed
9cb6c393-d2fd-41a5-bafd-6d54b8afaca1	mp-4959	e8a45f7a-8723-49da-8184-8a281a7c0be0	30200	fbff650e28acee221fc5725973d8d3fc
9cb75a7d-502f-4be3-b06b-b94c9cf14d19	mp-556422	3f171b46-784a-4506-92b2-34f6eaa9ad6c	11608	e95c15e04f645c3079ce2e070d943950
9cba377c-df1e-47b0-86f7-d05c691034c0	mp-30284	280c955b-46b5-491d-b51a-2a6ee5efdfa9	8528	364f2380f2c5f05dc79eb6bd707723e3
9cea8f1a-1f3e-4627-b16b-3988a1c79043	mp-540586	f6b39353-d120-4cb4-9be1-c19b1d8949e3	22296	86f24f4e23afe225edc4df28b63db69d
9cf5df6a-e5e0-4afe-b55a-565c07504da3	mp-12021	a3c05ddf-cdbd-43db-8035-869495ad1e8c	20984	1f26b6851188ac89f3d7181134ede3c8
9cf658c0-9e27-4b3f-859d-5019bd0eb397	mp-624418	edf74f2e-d146-4745-b549-90842a68b081	66120	d4156627cac57dcf01894788f1e39d5b
9d0bfcef-8830-4dc2-ac16-68a7d12b0e7f	mp-7446	71993ac3-85fc-4fbb-bd33-3382446ed9b8	13752	01d6a2ce03bf67a60d8c73a2c70134e6
9d40f179-f425-4860-9a7b-8baa39c7c570	mp-17315	c6e2ec01-921f-424a-9430-8e78bb772a11	27080	ec6a8547876f8e89f66391adedfde9e5
9d4729f4-0889-4283-8dd4-02cb2629b318	mp-561407	2b396b9d-6b6f-43ab-90f0-cbd8d898e83d	59108	cc5bfe43d13c8cd84555a174effe2c09
9d503575-6d2b-431e-acbc-824f4719d5b9	mp-568428	b2df476f-ca5d-413f-8e04-7474e174dfe7	21420	06815ca7bf4238a5a82ff8f7d139860b
9d6c0e8e-5780-45e2-9665-209f7cad5dc0	mp-17048	08eee938-259f-496c-822d-ffa297fcacfb	26320	d9cce7cb530e196e3ebc525606aad5fb
9d6d5985-c9ea-404b-a452-d49fb0f0154b	mp-7868	16ce4b80-b82e-4f56-a8af-dbe5dbb222d2	7828	179c75dc4f1945236b55eb0cfa165d2b
9d86faf3-3ac7-43fd-bd87-354b06c37d97	mp-569782	aaeccee5-3b1d-48f4-8097-8465747a3c41	12364	9df8bd1c61901e4e53b05fc873e99c64
9d87ddb5-242b-46d4-9b3d-d0138a5928f4	mp-556778	83b2a819-3e31-4c47-8b05-e1f90dabf156	60040	fdec0c24ae2a2ab246493e4f4f9eacef
9d92df8e-cd6b-4ecd-8f85-283d88a9dccc	mp-3136	6681b8d3-7b11-446d-b0fb-c0599378d3f3	3400	a02c3fa5951dae54fd3a53fad9967bf7
9d939f22-c153-4494-ac33-ab0c7d6ba77c	mp-30949	06dbd7fe-24e9-4220-ada3-93b79a427093	14596	b18ee8ae5f2c283cd021329012d4d905
9de78e56-8200-4109-a260-3f3507ce6c79	mp-771189	36da3ad1-f1bb-41e5-9325-33f3e66eea7a	39548	9109f432fe669208680e9724789239cf
9dea099e-aaa1-4c9e-8b9d-983439302708	mp-634117	a8f69ad8-21c7-4718-883e-c1dd00d702a6	27092	9daa609a20b76c11dd513d825f8c3b63
9df3390c-ea12-4d00-baed-a66a660fae38	mp-755633	104b8a94-8ae4-461b-966e-8521eea2c1df	14720	9b71973dded8870466a3be37c865cf2b
9df33ed8-507f-4fd0-9cfe-9087cc0044b1	mp-27483	44538b60-4708-43be-a3fd-fd5a2d817862	27792	a2f1bcb63060107c79f71e125c03bed5
9e074c53-f907-4813-97b6-f04711ec132c	mp-5837	d9874724-5f6b-4d06-848c-4579d734516a	15180	c58b7334d9d77ed29dd79909ca36186c
9e0bc37a-bc91-432a-a62e-20265453a4d9	mp-22865	481e3865-de8f-43b6-a623-d68e981b6b36	2000	5563b9def731c4cff2b96c873109a3da
9e1ab7c9-bfe2-4bb4-9bd1-67ef67122b70	mp-769393	088b3e82-29e2-4724-8163-304f5ba08220	50316	8b9190a6cf03aa73c8e9ed07becb474f
9e1b9e2e-e1e7-4d6d-88c1-0fd6b192455c	mp-505767	1f3a39d0-ea8b-4ce7-8097-048de8d1e8ac	27452	31ccc68d8b86bc5dedfd7e13c4e13e07
9e1ef296-fb3d-4f6f-93ad-1595069a0437	mp-640614	b550d735-2829-4168-8447-4700938719f5	55816	df199f55347ebe5d42c86015804fa24d
9e2c086c-a27e-4d95-8d73-8b82f8a57b29	mp-3952	0e52f588-d65e-492b-bdc1-4e7543bf335d	29960	7a52c315b7524e6db81501f20cc8aa78
9e3140cf-49ad-4739-8203-08ea91ab2f54	mp-567471	1f0e22d0-db39-4a35-9fe0-ba91c251f0ae	6692	0e39638115ae70b3253fd35b599f6304
9e32f9bf-08dd-49ef-9378-b717f1d6260d	mp-542791	c27fdf24-51b8-44c5-ac98-833bc99a69e7	5736	0acfa84decee965a511a1de754200097
9e33c96a-bec0-469a-8461-93366c31ba0b	mp-549720	739b2f5d-62c6-4e0b-b652-726b6537affd	27532	3393a95a7cdaedb4cefcd625a8b9e966
9e369af4-297a-4318-a37a-0aa00c0d136e	mp-6450	44767082-fdf4-44de-8bae-59b63448cc13	16536	ec39135ff3a753dd2fc3d232d948516d
9e3b6c32-d411-4ffb-be22-97df77510476	mp-556250	a4b78b6c-1bfa-4673-b169-ca822d0de1a9	123316	e8056ad04cc5afbc03870e492557397c
9e43a6d6-0f54-47d0-9e10-d191f186cf9b	mp-557992	c8c14a8e-f898-4010-8e67-71501958f736	36396	a3991f36471781752b5075065aaaa165
9e60ed57-8ec5-45b3-94bc-d4b156aba762	mp-9297	7b81f2db-e7de-4478-ab6b-9c51def84b52	13588	db8e37db8a82bdc6ed202e5a85e26eab
9e635cc6-96ec-44b5-8c94-dad69af898e8	mp-554146	7949cfbc-a6bd-4141-9bc1-c47c4ab9e722	103044	89578029870501d28f12e2bd3b6b3e5a
9e690953-4fc4-4e67-bb9e-93f185c35b9d	mp-567498	85160a04-4775-491a-b89b-a74eb059e66b	2396	6c2eb2591f3e505e50719b2f16b428a8
9e70a2de-73e9-48b2-8c06-5fb5e11c4339	mp-540584	ffe6ca14-f490-4dcf-89a6-1856cde100bc	7692	c8226946bec3dc5149b0657e3d3b9bf0
9e848cfb-263a-4b70-b0e4-84157d2d5963	mp-680679	964601d6-f9e0-4573-ae11-d12a07c87b0c	74524	5787d4c24d045a69c0326b6df12fb2d9
9e85a22b-8cc0-47b8-9b3d-527fb11718e1	mp-542863	2e7bc00f-8b3f-4084-8e4b-7d1c8b6d5205	216900	dbdb22ec932746a2970a427de0a02ffd
9e910522-0978-43c4-8a64-35f57e44d99b	mp-27576	8a080ebb-feca-4d72-bd06-c6f40381a73f	73008	bdddf6600e3d3848c54e52cad91550f3
9e9424fe-3f42-4b69-a9a7-d4ce9d8bd98f	mp-756919	111c3886-e301-423b-8f82-179258d9f926	42308	490e9c45252310efeff7731fbf84da95
9ea355da-9d82-4a0b-b468-28a7f6fd5ccb	mp-28912	5504d4aa-8b05-449f-b027-bf5e4c1c5e62	21600	74d85749b8dbe0cef657cc862558afde
9ea590b7-07ca-498a-9039-919e62139aa3	mp-551101	cc74105e-fcee-4a6c-a8ce-d0855343dc6b	8936	ae43205052eca15fa2b5f1609f011161
9ebe4e73-2924-473b-a901-32d2b108d9cc	mp-761010	04cddabd-d165-4c5b-8e12-cbd57cad7bc0	52328	d5714694a1706375af06c5331080c369
9ec6a973-ec54-42bb-853b-520a7355b338	mp-1247	08e6a417-ae9b-48ca-bdff-bf1f59cc7a49	25512	6ce1e4316d9ce719fbfcb172d8c6348c
9ed5a330-41a9-4670-973d-0ecedc6e2d8c	mp-541686	84a6ab3d-4454-4712-a700-74c90a426c38	45008	c85d88680e0b6c2b4be872998e4c309a
9ed62e2d-aae8-426e-9566-12ecba619a10	mp-23146	6f8359c1-8232-4f48-8b74-050d3edb8a8c	60832	b9b421d1b61002f3c84555f311c0e292
9ede51b4-b9bf-4154-9882-81f33b1d85bf	mp-558775	ea59c97b-0787-4d14-bee9-3425b002af67	51764	4e9dfc71d780b301e7f5f1f290dc8cf6
9ef045e9-5f9d-4fd6-8513-05425eadade6	mp-12342	7bd3304a-40d6-4cec-b019-20965dc7c1ab	17660	799a9c29c195c52169e409935d86a2f5
9ef6f96c-f9f2-4f40-a651-b6ce67fa28d2	mp-776475	59b99e0f-a6ba-4b40-b172-4c9167f9bbd4	10568	b2d75cf52f5045195a9f06612477db1c
9ef848c8-0981-482b-84b4-f9a5e06a789c	mp-1950	1a70a72f-ac95-4a24-9fe6-5d54b4598f0b	4588	c887abd31b43feafa5aaddd295d0cbb7
9ef8c471-5fe0-4ecf-9163-1610103ad467	mp-556837	6c120a06-99d4-4bd2-b0cc-666595b28cee	63256	67639c2f20e928f4b202fdddc1de9a2e
9effccb7-c743-42d8-bf2b-e934a8b0135b	mp-2589	5558683e-83da-433f-8bce-c68fb190e243	4160	48642497e8568e652f7853cc9737e11e
9f053b12-69ce-4082-b8a2-0686ea3f993c	mp-20066	fdde702b-810c-4779-befd-f2b76786df29	4204	c485bd8cab6c5c929659c893168e7fad
9f0fa246-d949-4bf0-835e-d06df61787fb	mp-691	4f486060-9d9d-4ca6-a257-08e2f56dd403	10860	89348862832faa22cde1bcf7b1ec4640
9f410c8e-1a31-4e42-b083-bd3c4b0834e8	mp-463	a97f1cc0-07b4-46c8-aad3-20ce0a179be6	1632	fe29bb1be11f78a268fd24a77f88533e
9f505780-288d-4368-b20d-2067843e96d7	mp-15788	f8ad5ff8-dd78-4d0e-9124-eaa41528efe6	6416	a295ebfb3da0bf7df48df3c7fa9de5ac
9f62391e-cf67-4af6-b854-13a9099e8358	mp-29947	fbb71f44-279b-4941-9e67-571285b5b2db	17156	447a6e44554b4ff56ee83da47cd0fb0a
9f6ebcf8-61dd-4619-a64a-c20b6d0c1b28	mp-555424	6fb4cd5f-e32c-4997-a118-477a09882327	120176	b23a98dcce070ecff3883e303af254e8
9fa8522c-a39c-4f3b-86b2-fd91d1ba257c	mp-675219	9dbcc5f0-02b1-42f0-8638-cba1ecd98bbb	35748	3563222fc046364b9bd4d92743898ede
9faa1701-d836-4910-b7ad-267dd621a838	mp-556301	b420a817-1ec1-462b-b1ce-194a2d08beab	19724	c006792f989b0fd86f93101a2072b06c
9fae74b1-f27f-4f28-8a37-177988af3fc9	mp-699136	aca7b817-0599-4c26-82b3-93829a608e50	29108	51606bf78ea2f62b9f2e550e07bb2618
9fb8bb9a-37f2-45aa-96f2-c2398812dd18	mp-6481	29855375-0575-40a6-af39-ea39b376bf6b	95268	62b81ca9e4e763a71f8bf41aaa07e9f1
9fbe96d6-ce34-4b3b-89cf-b813eceb0062	mp-554641	87b9e527-6895-41bc-9867-d466b1d739f8	49244	f9d19df79f81a129295f9abeae10d5ec
9fc29069-2a5d-4193-811f-45486aae4997	mp-4187	e3b081a5-084d-442a-bdc4-5f672d467ae0	14676	60bb67f3462bc6a220f8418337eeb759
9fd9665f-1fa3-43e1-b181-01e4cb1b3e5e	mp-570431	d7df8f0f-15c0-45f6-880e-df3df1f2c07d	19276	6ded6fa8fb9bcc4ad66975f41a9efd05
9fe88526-8c7e-4131-a857-66a02a8ff53c	mp-569465	ddd3a292-5592-45f4-843c-2a3ef75979c6	23984	5edc55e5ef2dae2b3c06ffd46613a12d
a00f3fbb-36df-4c12-8252-06ce3bec1020	mp-6560	8a78763b-a710-4ef7-8318-5ab1d7784d30	20624	8c366338fc3e88eca5525508844a9add
a01c839e-6500-42bf-8f6c-ce30179b5680	mp-561075	8d12ef80-724c-44b8-906a-23c724be7f52	31000	f630c3b81a63e0a765aede124f32d5e5
a01f6dfb-fd55-444b-8a6b-3e99271568a3	mp-21741	bddcc896-a92d-4c41-a693-305f23370e2b	84020	92e0bbf6898a42fe7fccb720930fd50e
a028ce9f-d26a-4dc5-bd37-6c0356b71574	mp-37108	17bc6206-8627-4e64-80a6-51dc160f808c	7996	756aa9d3dd9126cf107a2c666f12a7a6
a039d99b-9745-41ce-a297-18da6a4df1ab	mp-23408	7eaeeca2-a3db-4501-8a72-f1297dc1b57a	49636	3bd288b1a2597d382322c49ab1f26bc8
a03d495d-4115-438c-94c9-b3c921e90054	mp-570817	55289d9a-cc2d-4276-b3b0-51d15f8dda57	52196	ab48be3f82ca594a01f7b4ba5db42b55
a03fd420-dfb7-4c72-b572-df9f0c7e83ba	mp-571578	e573c1c0-0eec-43d2-aca1-5ff287065471	56912	0062b13a467599de69a5b4c151ab971b
a0521891-9b70-47e1-a52b-78bea68b13d8	mp-4396	a80b915f-d5d4-4d1b-82f3-3c891bab4ae8	4736	0c31ab29aff8378a9e0173cd98bea1ba
a057495b-2cc2-471f-bd0a-0a14db113ec3	mp-673677	66ccea4a-ae6f-486b-ac58-e579198d7953	18116	2bf838dfcbe62e0b64c28b4e3c5c384e
a0690352-f9f4-4b75-a98b-3ba3ad0a09e0	mp-779846	63f5deed-5175-48dd-800f-1f1fbc436e2a	45592	953ae58017236fe5c4e28878e48e5a9d
a06fdf81-8899-44bc-914b-4f480e5731f2	mp-11674	20be41cd-f287-4178-a8b9-bd4650ba78fc	24856	95be091c3473f314c9fb04c4d734f363
a0729d4a-1ae9-47be-9a36-c54512e28261	mp-571607	1f6fa784-ea19-4aca-9f55-57346fa914b3	78416	238fdd68edd9804ed06cdff82564f742
a0814d31-28f0-4c04-8a0d-b07cff914703	mp-554363	74ccc494-d956-406c-87cc-8392665e94dc	56656	5e7648b02ae19d50423be36caa3c6ed2
a09279ad-bc30-49bf-b7ec-941dcc328b73	mp-867219	81def7c8-6577-42b3-8bca-2edaded8096c	21692	d95d8e6ba57ecc45643da0333e4805c9
a0b54b8b-a15a-4c5a-89ff-9e72ac5e7c17	mp-27869	84fd27b2-5861-4840-a24d-6bf2893d558a	6348	4930084e2423e48bcb402d89cf14bd78
a0b5a166-ba23-4b86-b7b6-803ebc07b5ab	mp-555666	1a386b4a-e0a0-44c9-a0c8-16f1877655d4	62284	c7a1933502dacad6976d9e24251ae530
a0ca5025-96db-483e-8b13-6a2635c460da	mp-27684	b6a9f775-dce1-4016-8299-48ac3d154cea	28280	7cfeabdc98cbe4acd674fa1bdedd0a4b
a0d5795e-1ced-4660-84b0-b578e1ff443e	mp-754403	61460869-34c8-4c19-a00b-ab9d66ef2664	5248	55d79675265a82ad45e116795cc32057
a0dc70b4-aa92-4624-b095-88c933cf9470	mp-17853	9de46ac7-4c72-42f2-b44b-fad9ea8734a3	31384	e8833a793354e58506977d645af9c782
a0e83528-ab3b-4483-84d4-02097d890b95	mp-625509	849ddac0-fbb0-4dfb-aabc-52a13e4cc7d0	10876	f20ec7a12330e8c9c695063527dde100
a0f46339-687f-4d36-9d03-20d5e099fb80	mp-6406	66fbd60e-696b-4918-b49d-c12ee6b03348	60580	a68973efc2f2198fd9d4683b5f1bd6ff
a0f4c44b-5354-4d40-a189-28e70f84ef8b	mp-553248	cc8f2b29-0018-4bba-8c74-6d4b3fc01d58	9076	abaf0dfe7a6fb403648b3775318398f4
a11385d3-046d-4313-be55-340a312fe36e	mp-772823	5fb64e3d-36de-427a-b363-09f402a5f38d	38244	1a80a9e1dfed5e3a8532b5600fd14305
a118d138-d80f-4fd5-b663-dd18ba58eda8	mp-571621	2e6d60ee-a347-48c2-bd86-161e33445329	133724	b90a7523053d501a88fae4fdf7ce799e
a1208333-6128-43aa-a7ee-f5929f08589d	mp-9007	464ad804-02a0-443c-a152-29e1ba64cf06	9108	8977068eb501faa1778396e116ebeffa
a13de775-aeb9-45df-904b-0a2879fe0b3d	mp-556117	14078dfd-ee3e-4e0b-bf37-d0b7dbd019ce	50232	89bc33203a7466403fb385e3fbbd934c
a143ef41-0d37-4e0c-ba23-e4a68c7364dc	mp-23806	8062d841-054e-4e77-ae88-9c14a79dba79	48532	c44256206d8d57c75fd0504294a882c5
a1586239-befe-4a8f-a13f-7c6aff176af5	mp-4325	b130374b-eb44-4e12-a86d-2f840b6ba003	36364	528c34b9d8ed2bff21a92f7f687571f7
a15912b3-217f-4a5d-9a44-6124f0de6ad4	mp-6708	bbd6b543-a011-4890-bbe4-4b77e60620fe	85072	50258c8bb9db69fc4b1c65ee61e110af
a159b77a-3d67-4079-9d47-3c083f832af7	mp-571613	ec46aa57-ab88-426e-a0c3-6f9ac5e711f3	78900	3a010caa47434154ac90f9eaf42e21ba
a16175ae-527e-4a39-9fdc-bfbf11d3b2ad	mp-23037	aa687f9d-690e-48ca-b020-e8cba2331996	3272	cd75d50849fa9a2653638c558f9a8aae
a162d874-611a-452a-97dc-278390f456a5	mp-6524	813ff60d-aafa-4115-aae4-2a48af01ba09	28832	e1b14d07b26463893829b3392bca143d
a19a8b6e-2f9e-465e-937d-f48b597196a7	mp-774907	443616f3-21f0-4cba-a2e9-add41c137739	6360	1a44d482aed8456a43993f28a4eced2c
a19e3a9a-25e1-40fd-b960-d4c6a631a234	mp-28505	752df0e5-36a9-4671-bddc-9243ad1fe4a4	9248	3fce5f9a135f87e8d98a565ced70bbf2
a1a05a81-5e45-4acc-92ba-c809ebe72a0f	mp-42190	6e0698e0-8105-4616-afe4-c2cb5e952328	10968	33f51dcfc7c5e1131ce842fbc1110071
a1a9f57e-6823-44fc-8ab7-18b9b0b33c4d	mp-6856	47a1fb27-d98a-4ffc-a4a6-6ea9b989d584	7472	96384673f26b1a77f1883bb250b479ab
a1b60d45-8e30-4ade-95af-ba54bd786fba	mp-15793	2f468a56-8110-4914-bc4a-368bc780079e	6408	58597d38b54d6c688f9d6c96c7faa43e
a1cc6b60-8cee-4ea1-bfae-66dfac6d7a62	mp-757483	1436ed1e-29c5-4221-89e9-24e88314c756	81316	30af0e48e2c7cbd90e57ade0d3fac060
a1d19286-bb7a-406d-927b-6dfc92104482	mp-741045	1bfe57e9-564e-4d8e-81d5-7fbc3b88ed5d	151260	82c6145b9e75857fd3690cff8aea22c4
a1d3f4f1-a93d-49e3-b80e-5b1ca08f3c91	mp-755078	36b8c24b-cee3-4afd-b0ca-b22c8ba2e237	97296	f63bfd7cafc41b2edf1fabe465419c5c
a1de06ad-ab60-4160-bbd0-95a063089890	mp-559711	1564a180-e0a2-4004-8c23-8cbc58377fbe	74168	44b1edcce69adf87a792bb0da7bc3e59
a1de5539-9fc2-4994-8734-e44de8686204	mp-569175	64155b6f-2496-4a89-962b-2209656f3191	18732	d280692bcae883bc6a90bfa78d111abf
a1f80363-c905-454e-ac5e-a6eb73b1f8ca	mp-16594	afd08f6e-6649-44a8-8644-e689dd7fe56d	22784	5a0f67697f52cdcc6be623083290cd32
a20be6a9-0669-4d91-8dff-eef99f7ce27a	mp-582042	59b82a20-7a1e-44e4-9bcd-1d0c1c9a01ea	29192	b4ff0196663c6d317999f2213095d2e0
a222b5be-c40c-400f-9eb6-b4821f3f7795	mp-568011	506cabde-7937-49c6-931f-1ebcb4d54e81	49328	ac338024ca1d5d4c546e3b1bfc926c5c
a25edea0-814a-4529-8bc2-1234f2641c1d	mp-567873	b485c06f-d426-4504-b964-f618074363dc	44144	6aedfecea64c058f78cf4bd8c60311f8
a26e3d0b-74b6-4796-9ca8-b5020e7d0e7a	mp-557998	0ee65d85-6911-4302-bdd8-cb37c818c3ef	16360	b69bd6b5e2f7255dfcf93cc3f6f46067
a26f18be-a1fe-4525-8535-710918186aa3	mp-29298	a4c56117-b350-4766-b29c-d8189cdc8134	138892	213dee47e56ec370fa49c387b94585ce
a28405a5-d403-4f16-b45b-b1052e74e65c	mp-12797	fbf0a7e9-01c1-4aff-80cc-10ded4a926bd	54056	ff42674a5065a3b95b4976b3497752e1
a28703b9-521b-4269-86f0-559e8626958b	mp-676410	591386c2-fd4a-4deb-9715-ea0753af2550	21288	d3d63ade65fdc0fe496f28f97647c28c
a28efec1-bbc6-4e70-be86-980a4ff236d1	mp-23748	04f38e03-6151-4eac-a9ef-d9c68922005c	102616	21efd8314995923deaa241afa8b9aab0
a29d817a-14e8-4b5c-9972-beadbf62d596	mp-5431	07b32bc0-6714-42e4-9837-611f1309bd3b	21268	ef598ad447b5667735a52023a9caec6f
a29f591a-aefd-46d2-8791-295fdb762186	mp-4590	d93d9072-b7cd-4841-9766-ce4fdb771a35	3216	968514b39638faff69904034cf7c86fc
a2a14389-d547-49de-96fb-6fe01e7f6782	mp-18495	3473230c-6968-4db3-bdcd-151ae131e726	87464	eed4742e8060a0723e5a6a9dfb329891
a2a7b0fb-fca9-48b0-9c2c-aba537070def	mp-755461	49581b85-43ea-46cf-9a25-097fc0fd8ce9	19368	62d6aa8bc62240be61157355efc06215
a2b90a2a-0beb-4764-82ea-710faabfcb18	mp-4445	143815c4-b038-465c-9ac0-2c8c77ba9226	60348	9b70f55bbb30b90c006218788ab1ad5d
a2c2dce7-5108-4dcd-becc-d6b4b02a1427	mp-29057	90fa9104-c33e-492c-a3af-357c87476e01	20208	d1bd1827dd91ff7f558cf0f7dbca3ef4
a2f62768-4ac9-4dcf-93e7-f86575edffed	mp-540686	cff979f9-eeac-479e-a5c0-f006715c6cdf	36480	7b8b1db906d5beb076d868317e831c43
a2f73fe7-36a1-493b-9b53-1cf889b72314	mp-5618	8959c4eb-df97-4c11-89e4-fc790e0535ec	18772	eda07ce9a226fba8ddb3f69554b809bf
a304d205-51bc-4d93-9b00-86fbbe7923bc	mp-23797	079ce60a-8768-4389-9cd9-edf9dd20bcbb	13836	f20cf867259567f5f5efb7e9e7fdfa79
a3142ae3-132c-4617-972a-2cc6018196bc	mp-984350	c7d0dffa-1656-4427-8a08-4c98c2483344	3520	e3c0db18d75833361b1e2b8fd78ec99c
a31ce9e5-65c6-42ba-a11a-e91e5dd143c3	mp-554505	4436ac1c-a166-437a-be83-03d62dfeee69	80676	515244a22aa4cdce92f4039c60f30943
a320872f-07c2-4c04-99f7-cb600d7fe623	mp-752579	3a5a5203-3709-4514-b3e2-31e70b1af67b	30196	d930610e0e5a868cac4756f33fcfc8b9
a3279c47-d700-4a84-827e-7af5b4d389a4	mp-1958	4a838a07-30e3-4870-a307-8dea9d15201d	1632	4445a23cc384ee88d02be1455c942e34
a34359c4-7e01-484a-8ba7-a3921920b16f	mp-10486	6ce1be62-b32a-4bb7-8ec2-ffdaab4aa123	18628	f9889e065b2a968505e900898e8647c1
a352c4ba-9034-48a6-95ac-68ef2acbb5a7	mp-5327	9d6fea40-11db-45f2-aeb8-d858072a201e	5780	737c6e35a1452995a95ca18056a15cc5
a3641e0b-1bd9-455b-8032-5fd8e5e0989c	mp-645962	c6c98b68-0107-4a7d-b500-4a93553cb9a5	235880	3f4628f021a4bb8b41ce270fdf063278
a36b9ee8-dc5b-4f57-9821-0ce4f39da4ab	mp-570132	9677eea3-3c7f-4631-afa5-9fc52254b8ba	41508	166fadacae967681c59c0106d68341c4
a37356fa-4a5a-4087-847b-e2934d303815	mp-28387	b59742de-eb3e-468b-82d5-acb47dfa2bde	28204	1edfaaf0affd06a537524f05355d7143
a374b018-b44e-4ba0-98df-81ce344dfd64	mp-9489	2ceed86c-3e7a-4cc8-bd2d-6257d3ce115e	13528	88edae73bad6f4a65363401a49f5c976
a379ac6a-8f98-4190-b3b0-d02634892264	mp-37923	3281a58c-2899-40b3-ae69-bfa4cf66bc45	24548	e57d3371a046e33c8daf29988ba326df
a38f47ae-01eb-4d72-98e0-d741d75f7ad8	mp-755980	9718cb3a-78c4-49b4-a3f3-ed62de118fb2	46804	f08dfe242c8cb9926eeef4e1c11e1d4b
a3909e9b-75cd-4e60-9e65-e7c3995cb66a	mp-569224	2fff1696-f33e-477c-b9f7-54aa83fe1850	28276	254ae2cb88bb01a1592a59245eeb656c
a39d5c18-7846-429d-a6e4-7cc8cea726bf	mp-560739	6d98c3c3-e637-46c7-899a-05dc104e5443	45900	1c5c4ee499e86946afa694c144d0b796
a3b2bfe2-4798-42c3-b36a-2ce09026fff8	mp-554278	8c76cd26-77a8-4aa4-b20c-fdfa7f1afcb1	33644	166778530014e87fe3871334af7d15cc
a3b3bbab-ba74-46f7-9d73-14f8249c6607	mp-18651	83e62e78-c9cb-4315-b345-6fde742274d6	10544	85e63e022a75cb6b3d58a060289e3881
a3bb74e3-6c76-42b3-ade3-a5c075c7af8a	mp-684911	f8e5045e-4da4-42c8-b244-d83cfa8845ff	24372	2afd12f33dfca8841f9199f845f434a8
a3d9b28b-fb71-4bb9-857d-5a3b7af0ad86	mp-756458	79681ae9-9718-42e8-9fec-2b182b9a36be	15308	12d17da301902022d3c5e173381a417e
a3e20594-00a6-493b-aeae-fb59c2ef8ea4	mp-556562	15547cb6-d5dc-4c89-b296-1e2ac96c20db	15984	23e509265505ef1afb1d958f452b6be7
a3e74cea-f811-4bb7-9a91-e2c417b6a306	mp-28712	66a3b3fa-0691-44e6-a72f-9c3f2a63502a	30872	db5ea7cda45f8507f308a0aeb4ecf31f
a3e93c7a-cd85-4fd3-8aa4-317a5fb9d4b7	mp-568544	5eea408c-1898-4a0c-93cc-58006b631867	3292	5bf5352c4443061ff8c0d5c3bc7b2549
a40422f4-fdcd-4a22-b26c-71c75a55a74a	mp-3288	4691fb9d-fb4a-467f-99d7-1646d4f2b846	12928	a1b460e3c2954b9820abd552419488f4
a40ca6a9-317d-4ae3-993e-c389dcf9378e	mp-567666	7afc00be-fa8b-40a5-9eb2-3225731b9f76	6644	7a97a3a8cc08e08edb7db84dbb5a753c
a4272d44-7c86-427a-98db-b8a41d6b24d1	mp-8298	92912f58-2e72-40c3-9598-3395019f1a78	8008	cfd8bdd4dac9dda94735181207258575
a42cf425-5cdf-4eea-9164-9d8f465e92d6	mp-29030	413f92d1-7e20-4d2b-8e19-da81e637667a	35776	8cb51437d45810ab66d0baf4591278ad
a42e5461-8992-41eb-b865-1230efd28f7d	mp-555050	f47595de-07cc-4c27-9a62-a8ac74ff6b62	83656	eaf90f14036dade6d7f8c95e6ba11d0b
a43249f2-e25b-4841-8a20-8d014a56452d	mp-863367	35752f39-2fb5-4a18-83c4-4d12442d5e5e	60328	5cf70a7633be82383bd096c960c557e8
a433c7f6-90e4-499d-8806-329fba56d586	mp-30291	9af947f5-15f2-4cfb-9329-dce473f2a3db	24076	f15795ad2426345a0c88e7987d335cf5
a44517e4-2721-4508-80c4-8938cbaa4aae	mp-5858	e2765fe3-fab5-4ae7-86b9-a8faad6afe7e	11220	ddb2c8471c23affaa54247d38b8f1050
a4510ec2-c79b-46d5-9568-69a8ff8a9200	mp-18504	7bfd627f-bd24-41e9-8285-570f0a536af6	71460	755be86d4c5e3030ac11355796361d5b
a4545a4e-d476-479b-b654-4f4b9742e316	mp-17559	25b373e0-2f02-44fd-b8ce-c079028dc781	30052	8e37321f365d0cadd243a59a71509c96
a45e3841-73a1-493f-b437-0819c070027e	mp-241	1001e4f4-982c-4484-9229-1dc6053bc893	2220	6d256beedc33679979382489872fac9f
a466e731-2e06-4960-a32d-6ec78f5ce704	mp-6238	e5e33ebe-aa39-4f75-b202-a039a550d49d	67792	2bfb14fb15cf1a5dc00244b4a9eeacf6
a47f83f2-b30f-4630-9c3e-a61693677544	mp-2173	8a8a0c53-f6df-4047-97ec-0f79515622e0	29448	5c9430aa703e61aee97bd0cd9921078d
a48ef798-1fa1-4713-b34d-039a54f15342	mp-768923	90c3698d-b033-4fc8-a55b-6c87ba540bb8	77512	1c5d5bc626928d30cb6eccbcb4cbe415
a4a7c200-ea29-4025-8ee4-a465bd191e8b	mp-6150	2487a709-3022-4176-a61e-127ee789408a	31032	b985df41d6a0e21f5be197bc4f6d4e6d
a4a945a2-8c0e-4545-8b4e-ca5d0ce91a3a	mp-12265	847b6d8b-182b-49cf-869d-187f83c36447	9032	ffe1b168e55152b0cbd6e644d7187e24
a4ab2a58-d521-4e56-a9ca-b0816a4d6602	mp-22897	134b838d-fc88-4c4d-9520-431622c7f788	5308	22e69f5112db242a0c4366d755a15d84
a4abf88b-0f65-459f-a2c2-c965cc5db244	mp-26129	64fa4791-cbef-4896-86aa-370b80e9a7e4	60968	26009d5f096a8ed6615b0a6d4d0c44e9
a4bf3c8b-eed1-457e-af09-98dda50ea445	mp-39511	10399514-b14d-47d4-bb19-910be1451060	20912	8f07f678575f60f27ac50dd19857479a
a4c2e25e-8f95-4dcf-a460-4ab22be61b73	mp-4971	f5eac32a-6bfe-4c33-8dd9-5b9c76c693fd	27388	bd0ad6a1aa10cd131d342890c74fc4c2
a4c90a5c-8db3-4214-a87f-ccdcb4c1b2fa	mp-5163	47062e97-0d77-4724-b214-079ca5914c59	14840	272484d88059d6b8204c023c45a77871
a4ddd90b-60c7-4a13-a070-985dcf40a370	mp-18445	57c10c1d-41ab-4b26-9c18-4b1fb61b6cef	29468	8e52e4231a21015dc61f4d3dddf33de0
a4e11ed5-785d-4563-95d8-80d785d811ef	mp-8974	2e311a8d-f15a-4a14-a494-7c2f1dd88b45	21076	a84a03fa4af1ad5e596dbbc67ce4b1cc
a4e2b2a7-d7fe-412e-a6a5-80a2b3592399	mp-22859	ddd38d22-f3df-4a83-8133-2c3aab01d7d6	5544	6480810d0a7527b6bfffdcc57771616e
a4fafdd3-c478-484d-b4d4-c993ea32aaaa	mp-13538	424a57f4-cbc3-45f7-a7a3-b3588b452495	43652	ca68be15165bf9aa86ca7203e5e6ef06
a5030b08-30d2-4535-befa-e9310515c95a	mp-23151	04202f7a-1f4b-4930-94c3-389085b6656f	19064	2e836c57db915dbc89c7c0c721d8e111
a5156e48-0d2f-4de1-b7fe-7899abe1ab2e	mp-9535	78bbb3a8-a585-4b06-99cc-68227c514a50	5276	daa0c15ec3b7592f11843663e7001cff
a54dcf72-e335-4c73-a6fe-31018a0600ff	mp-766301	6f69f090-bc1e-4b2e-b585-fb7e4e92c18d	68940	b4da1fa01de7d16db160a3f65282ca15
a55a4b69-ef3d-4fff-8d14-ec629fd404ed	mp-557911	882943d2-7ce5-4e48-ac17-bbcbc91554cb	29700	eadbd0ee71b166cf7c7720026de89f0a
a5697158-d472-4a39-a5a7-d7e52ec6f14c	mp-760386	e3bd6bdb-1540-46c9-8c9b-2f55991ab0ae	11084	a8f262fe3311b170f5d570eafbce6b2a
a575ab5a-d909-44a2-8b67-c5b4e30b731c	mp-865047	ba7360b7-557f-43a6-b5f9-400f19de0c9f	10112	5dba9f34869e3fdda0d0618e6bee416d
a57b6ca0-148e-4a50-b58d-e343b25b522a	mp-605166	1ba1b6a8-f558-45e1-8746-d9827ad67768	121988	5949c321fc467188e747e5a0a178d1a6
a585051a-b4f2-4ba2-b1d9-1e28a24d5085	mp-23399	923c218d-5a05-490a-98ad-d69ca3c1f7c6	27296	6076dee232d5d632835ddaf8e26f6730
a5899c98-baa5-44df-acb0-35595437ec31	mp-696057	edb51c5b-3f82-4299-abf2-662c427c6024	7344	e769e034eb24744125b4b8de9451f405
a5dac5ea-e223-4283-a00e-9bc8a24efbdf	mp-557691	0bc2fa75-06fc-4dfb-b990-77f64a6c9337	26840	e376c77f549e8ca0da14fe63dad63cde
a5fb697a-fc5c-4a48-ae01-cd768f8506ad	mp-17059	f4c29dd3-ff1f-413f-a8da-93b1156a3f02	26468	a3c918c59622b65002f107c79c521369
a6021b95-9209-47aa-b990-5e1575d21366	mp-14550	d561ead7-5bb1-4160-bb66-c2c694835a1e	15204	28f5ba8a63f5708549b9d2981750bdd8
a609b763-6dcc-41c4-9f68-942ba2639543	mp-5416	5321d121-5941-4806-bad8-f7f48861aab6	50220	1b7a79f6882f748dfb2c57ed74923c22
a60add80-3d35-484b-80ac-1023d919b717	mp-6712	0463f340-967f-4e06-b8f8-4afeb1ad330b	28264	7a33f79254ca3bebaa56f72cbeecf0eb
a612796a-4d50-498d-b094-497d01f1fc1b	mp-23541	d1477743-2ef9-4077-a696-67dd23e8db03	11604	7391d0784db145b913d16b19469e6af4
a614edea-a9c5-4759-82d1-c0f47d8cb17e	mp-555861	a45978a0-4ce7-42ce-a58c-aede71e84655	83408	51a01b2b3c93c7d659f62cc3fe315a29
a61e8c44-6a92-4578-9ae3-2bddbbe6cc01	mp-540632	35719603-2476-4df0-b3ed-69f76408a433	21284	e05f9cddb6d0d6a52fdaa27ff600dc89
a6221f8a-6521-443a-90c2-e65f06fcfe39	mp-7831	03f98709-e93d-495a-8dad-9e2e3fd5664a	3192	d686aa9a098937acb59ad3343ec9b0b0
a6290549-3ab3-48a1-8a95-35f79c378b91	mp-23185	c07efe69-a475-44a8-86e2-2e7f64dd1d4b	18380	a6c0239c2d87815142bfeb7d7705f1fc
a6326976-6b3a-4aad-858c-122a96c1fb3e	mp-29344	ac0f68eb-c29f-4c8c-bcb7-f17605ac9e63	26232	2b8cab544e79a31cd3870bb567288be8
a633c8a1-aa55-4738-9697-10ed8744ba30	mp-8249	03e2d85d-13fc-4f3d-81c2-3f6052a9cb67	9404	e2eba25c0decbdce54c5620b9e91a9ae
a63fc1c6-ef22-40b3-a72e-5ce6c4dce9f3	mp-707836	5fa00dae-e199-4655-b858-b94e708a457b	26652	205f948247c677bc85af95dba85ee6ea
a64bedec-e329-4494-ae9d-6452b29bd1b7	mp-18288	849f0d4e-19dc-4749-9a41-a6fa333a4bee	8808	7bb5cf9dfe1b6d5c2f4f50f0cdefae41
a6561139-32fa-461b-90f7-8eb4e89bf5cb	mp-4582	2d52e145-af46-42c7-83b3-ea86f423c026	14888	728ba38128c0f7bf912f6ae82c2eb74c
a663628f-4e67-485b-a029-29873e64b462	mp-17854	7ec3de44-79ae-499d-ac91-c9b1d9172f76	28304	d3be5d9e30aa2dbb278a2f906e21c8e7
a66772fa-8522-47e8-9580-d96d7e1ad37c	mp-37879	931125f6-1a04-46fd-ae16-6d828eca07dd	7712	4dfc77870829d444da2adc8ed17ca9a9
a67b0de4-4f16-4c21-8a2a-2fbc2009f6de	mp-28529	c849aa85-136e-4435-9e24-efee42a45b88	21868	39544057a11ff11545735079061fc9ce
a68f2fea-089d-4d6c-a8f7-23bb4635776c	mp-22665	fda0f305-b4d7-4fd6-8e07-8d3d66b8b59f	47816	b2d11bc863b1b45e66c6233f9823147d
a6946cb6-0fc2-46b5-8ae8-ccd64090aed6	mp-558553	899bd6fd-d592-48e0-ac80-ef26051d4872	86112	c88ab3360c6fb218e8a2ec2768d6d2c0
a6bb67fb-9bb0-4fcc-b33b-0592988c51a2	mp-29862	5c29553b-0221-4e1a-ba05-243a5dce8e8d	15804	08b7bcf85537a41369cf8e956c4b5343
a6c1a386-44df-4c68-b7d0-598da7dbd69a	mp-20343	892dd797-dfd9-4900-aca6-af382bec34e2	9180	933757146b8c68207a514fcc6982243a
a6e37158-8a88-4d1e-8ed3-e8201164af5b	mp-34144	8fde9cb3-1587-40de-90c7-932ef34f9ba8	30256	48f50e22948f949a09dd0e4d779bee3e
a6e76ef8-c7f6-4782-a753-3306cf1bc061	mp-752927	e10577f2-c87a-457a-886e-d444e23d838e	7236	ca4d1fd5ce1e736d23e230b0cc2cda69
a6e7fe5a-a71d-4b66-a328-fb3733654ca6	mp-9731	400316e6-8baa-47d5-b96c-86b010e75006	9284	3f1a347b2c3c50132e9102fa1da8445f
a70e24c0-c768-40c6-ba81-1ab161d99e87	mp-768383	a49f1bdd-4914-4bb0-a011-503ed4458451	28656	c17fad42f55ae209065778b8e03a326a
a7137ab8-fbf3-4145-ac1f-0c45fdee2d4d	mp-570125	2124971b-c986-4477-8d0c-87f34a0d9ad9	33044	5fc24a574a168160aec953de726191c9
a7158a7d-4b35-4c82-b051-3b884879f3b6	mp-29506	1278ab6c-84b9-4c7c-953a-d84f5412c9c6	16964	75a37beaf1911b09eb8631a8f9301e69
a71cabb4-d262-495b-a426-e7b70f24b031	mp-989618	d7c24a32-b940-4ee3-8e3c-c478f8fca0d4	2336	649e1cf996c7bf25fe50bf2dbe7c7e14
a7356cd6-a367-4036-a79e-5d29ab34c7c9	mp-561725	f5366b63-4c3c-40a6-bec7-7fbe49da7eb1	18680	c658b12d9f28dbcce735e13c34ada008
a7534565-15e0-4d20-9c35-b7f0cfe32159	mp-28796	d3ede8e1-ab38-4760-8c14-9bc027d5e453	6560	3ef3a3f6eb3bbeb5581fa578888df690
a769842f-4024-4e61-b32a-f676b1aecd29	mp-28357	5ede9474-b405-496a-b3e8-2b8ae5f14ac3	7708	3a18371948a81ba02347cef44e8f39ee
a769bb45-c0c0-4f2d-b5a6-1841882df32c	mp-779893	26778dfb-ac0a-449f-98e9-17824fce28e5	53356	beb558fa4fd624ab4de35070de541320
a778576b-eba6-4911-ad3d-3363eb1b8d8a	mp-554645	447c9154-8499-45e1-b87f-1e2132c26112	28752	219a85b1f13a81d99920df223175b04f
a77d676f-f4b8-492a-bf2b-5df208cd15d9	mp-625812	b2fc2f06-09a4-45b2-8f2c-73cf55a55d66	30280	3f8a5a2dfe587e2fdbb06707eda8ec44
a7839bfd-ed69-4941-9b04-6614a777bd20	mp-8289	449291ba-4994-4110-9fe6-974bd25d157c	1820	2945809c4906fe6471aeccdde6fe8b74
a78f0589-0f9b-44f1-a1b2-f854fb3f438a	mp-557175	49e89fee-db4e-4c23-91f9-4998d9da3348	90736	c1ea4aa259682042c1d6d5794132223b
a7bed593-c98d-4b50-87d7-7a8d4960c1d8	mp-23702	3b04bb15-49d0-4279-9b76-c825b8fcd4e1	30608	221c965110ff061db0d8d48b5c036e50
a7c01148-38d4-429c-8500-659ba9455adf	mp-571124	cb55e5ae-d500-4929-b78a-95ddb2a91fb6	2332	c499aaf752a19f884281ce1e28f61c50
a7f53ccc-e8d7-4ab7-84d9-01a9718629ed	mp-556962	0384b684-0201-4f7a-abf3-758eb8ed03d1	16404	0e5f66a59e5676840e93f92c16d33895
a8033f6f-3c3a-4496-8f82-e6dc562c9149	mp-567185	16609474-eb48-45b3-9b9f-f3b7b28faa64	23492	28080d75e30ea9715958d9c05472dd58
a8080a23-e224-4085-b98b-0d05a68e33fe	mp-555467	d3e97e22-84d8-4e10-8986-9a17521da5e4	69300	0df2fea2d88ac2aaa53f01fe188fc868
a81ab623-f77e-4c97-8e99-4948fb682abf	mp-18555	256ab5c9-5e05-428b-a409-67f9b4534486	71604	b2cabc637769d82b20ade52721b631f1
a82cf1f6-6986-48e1-a41d-4d5826fdb3f3	mp-557176	804aed87-602e-40e2-b996-f6f39a9b2588	53916	78517e00982964b8a04712eec1b672d9
a82e3a6a-37cc-4a63-9c0d-de59cb9156d2	mp-9254	c7c7ccf8-7c84-4418-83f6-7816a84f90ec	14852	3426e1e351941a0c1fe644a3ab3fd991
a835f9c1-709e-4699-91b4-e271943c7c68	mp-4431	e80f7434-5993-4e40-8177-2eb609510110	14036	0bb090bf7c3de752588afdfd0ec8fe8a
a8399a12-85dd-4cd1-acd6-8751872cf2e0	mp-675750	abc1de1c-cc15-4ee8-a9c1-ef6bd86a038b	126024	84d4b38f52f6061034b5ee246269fe11
a842bd2c-683b-4be6-8be4-fe89a6fd941c	mp-777744	ce22e2c9-f59f-41cd-81bf-ee230cae890b	48288	5092c47497a825f611cde82e5c3c0348
a85c9b9a-ea8f-4f66-ba91-76fb3b15d826	mp-17499	2b8847b8-4330-4a7d-9adc-0da5bb2face4	47124	b5817d481335e8d2f20a30a7e78c3a7d
a85d5719-6bff-45c5-af76-764dda7454ba	mp-27749	c3a07148-b8f1-4581-9734-59df3475de09	40548	0e928571ed1289a84d5822e23eab13fc
a8694a60-4c81-4c4e-871c-dddef233e62a	mp-18451	3beb0c0a-6195-432a-995e-2581a3953181	8916	0009814fcf2c1a8ef5a61b95ffcb0e91
a8870e9c-a52a-4f2a-9bf1-a812c4cdf7cc	mp-673101	0092757c-bd65-4bcc-8ed2-9d9a5d401b6e	37448	6533c8a54d0afe37ae1c35e2073cdf0e
a8882a13-3bf4-4955-bdff-0a3192b4568c	mp-769971	19c2c9fa-18ed-4c44-81d9-f8b872ef38c4	37200	f93a85dc972ca239257ccd4a67b555b3
a88c6ebd-9fbf-4804-bb2a-31b1ebf5cd1b	mp-5158	cf745c60-699e-4d51-8fb4-97f7b456123a	14636	bdf20063608203e102a041212ac83057
a894d958-eb1c-4e9c-ba63-b8f4e11ae6e1	mp-555942	a1452f18-8107-46df-908e-d5550f6de087	72456	350fee62cd1aa6c1e17a4a5b8448616d
a8ad558c-8c33-4979-8174-43953c6efd30	mp-776442	fc1d97b9-c2ce-48c4-9e0b-d193a69a45f0	44916	4517816e6fd027153d8f40d87f62d186
a8ae66ad-55f3-4e6c-b2da-5e74b5ff068c	mp-752827	3827cf9e-7043-47c3-be46-e29b2676673a	39980	a0de81e80f6830b1723afdbb6885f9e2
a8b7f1dd-ed09-4ddd-bce2-bf0cc47f36fc	mp-976148	37bb42c9-b183-4851-a3eb-fa3936092cfe	3040	f24fd5e7bd8509f00048fd10d2a269b6
a8d0f249-22fd-4084-b698-a8241b55203f	mp-557456	b17c6901-f8b4-4e3c-a799-a7fb049ba932	7368	91af2ea18ebbeef9267cc9735335aea3
a8e47283-d332-473f-a1a4-eda08f0e6b77	mp-9273	c9498259-814d-4b4c-9f3c-ee8a5bc3f14c	8032	094ac4c1357494d35d0e55afb533014d
a8e5f750-365b-4e46-850d-c97ee79c6566	mp-17112	ce7ec349-ec8b-49fb-887d-41bc498066d1	17884	ced8de8eb9448eaec4a3e9e039a7af0e
a8ee3df2-d842-4251-b328-e8ea7c97d9f8	mp-556714	c0b53149-7bfb-4d95-a0ff-7e64d0f71b23	67576	b9221add967fadb26daea904c0e6e134
a8f8f819-064a-4bff-8cd9-c78572a24296	mp-554560	b761e8a0-5311-40c3-8ba6-c6e1df430575	7412	0fe3b1f2edbfcd63048face896a3291f
a9233f2e-6597-42c2-9c2a-5e54e236b8a2	mp-16861	13bc734b-3a78-4b26-92aa-04cbd5577633	67752	cf160d0b363d8166b80e9f7f2539a011
a92fdc41-38be-4aab-bcbf-3697df52e824	mp-8755	fa37b4df-a929-4f35-973d-bca1bd1f1015	15124	4043c74b84c68a6f7dfdd5f44bd06d77
a9398468-a06e-4076-b991-9edc5a57abd5	mp-29521	a69b63a2-3634-4c44-99e1-b8e398e5b998	16980	56989bf08d03fd82b9e886d88df13260
a951b558-8219-41a5-a22d-a981e95439d4	mp-24199	1daf9715-8ecd-4204-95df-cd117db32c8a	6488	c34a8aeb4acf06ffbbb74e1176b2da0e
a9652e22-e1e4-47d5-96fd-31d5af3fbe6d	mp-755486	be466e16-2b13-47ae-aadd-4ff407c7e7db	10652	4a54d61ea40668f9f09b143ea796c6dc
a9776b49-e6e8-46e3-b6b5-33f0e4cd7e37	mp-989631	045f6bb0-b03e-4391-b9d9-b6aba841c418	27284	a525a4110d43dc9f08ae6a8edc347bbf
a98b9ff4-3875-433f-811a-49bbf913f15f	mp-29226	65c2cc37-2d27-428e-af4b-5b547ffba23b	76148	b5575b8160a5899c699ff45d5eea9287
a996cdd4-41f7-4334-9514-65e686a3cb29	mp-27666	1360278e-0383-4717-9897-678317d56060	15628	fe027af9f9092af9c6b01234e64145bf
a9b5a231-3096-4420-80db-c16c19515ee2	mp-865681	19a4131d-a1b9-4306-b7c6-ba391c0d9ecd	3152	507564b6671e4353ffdd0e8e07e7b475
a9c62dd8-dc6f-411b-9f86-352f32b5d1b6	mp-23251	ea4f00ac-baf8-4b83-99fa-a41250de3689	1612	c242214f5a37d1a5573bd67befc2e29c
a9d15a07-248f-4988-8f79-a5b6d6b13650	mp-3359	c20e6fa8-dc2c-4b9f-af68-4d6c031cd613	7924	e4adbcaf863c15a9a0c811ee2bb2f4b2
a9ed0f71-e1dd-4f83-8a67-b2e9649fa38e	mp-3070	d0068682-f8a2-4d75-8ba7-d0075db71a5f	21624	d0c3cba79fd8aa1d754ea55a5251f13d
a9ee00ad-beb5-4b11-b5a2-687051883de5	mp-760370	5ab0dc15-814e-408b-bbee-99fe2bca350b	81868	189e3ecebb319898ff5f940a5ed5868e
aa10f5a7-eff3-4b4a-9afe-17cc10d76dd1	mp-18447	4aa7d7a8-8b5e-4ccf-938e-fd511d79c65d	39012	91e639e9320ede8dedb4cf33750cb4b5
aa1138d2-ae4e-472a-9fc2-13539fe2d433	mp-755336	b7f33638-aa64-42e9-a929-048aec0a8cfa	5644	997664a67c0d6d75be710ab499c77a69
aa193fc8-01ad-4b08-9b87-9d2c35d3cd26	mp-6765	dd709a08-f9fe-4fa2-a9f7-e9ab6f079e16	48296	545006c840e105f62fc66ac0377b7a6e
aa216be5-ad80-4016-83b0-592049b07426	mp-557880	5fbbfc3e-5e7e-4217-92b8-485bf6afc780	106824	07e889efde3f0a8d07bce346af5d9960
aa2b13aa-4fd4-4298-b4f1-14f83145c88f	mp-17612	41f58886-1466-4fcb-8612-3c23576fa180	28640	0befcd261d0c77ffbbc231108a34dd34
aa38816c-18d4-4c43-988a-d5a235e34bc1	mp-556216	67e43f62-81fe-44d6-9ab6-f59f188168d9	25856	e16da5c9887a662046b5e9bc6cda1d1d
aa3f111f-d84a-4f0d-8c42-409a75b06e07	mp-558528	6ef89bf8-ec55-4aa0-a978-5b7b8c8041bb	26840	28b50fb773a46f94629537b767489ef4
aa4144ca-1b8d-4d6e-90f4-068c7c1e69b1	mp-768633	0116322b-9414-465b-b657-2ba5c01c6287	26468	1ed8f0bd85f900db7b8792b541d99f29
aa43a312-db8c-4825-b2e4-779f04ddeb69	mp-561457	2a3652ec-f72b-40b3-a830-5deec82db268	28372	996520b9503b64a9fc6b9c8a0a7e09f1
aa4492e0-767a-406f-bf32-3dd56f819950	mp-23612	d015d3da-5a9c-4572-afd2-c497a752d487	31496	678f2a0006da81768319a1ac8bbc4fc3
aa4cc5e6-b23f-473e-be17-83b0299a1946	mp-2371	6a0d9727-7b47-42df-b8a4-d69fe1766414	8672	0a221014dc2b7960e1481b0e69c9e392
aa59ba19-b0d3-496b-b69b-8d3b8ea94d4a	mp-28860	cdcb818c-ced1-43a0-8046-68158762b8a6	42664	e49211bf6aa92a277a18922d2851d8bb
aa5e62c8-2208-4437-a8b4-8549c0e785e6	mp-560620	2536c1be-7d9e-4353-a00e-8fa64f82b969	12328	1e5b63efadfcadb780e7755acfa2c7d8
aa627620-524a-42f2-961a-25ee14ab126c	mp-570538	f5e3b045-8749-4e9e-9dc1-6c6589d325d1	11632	28db758d5af21388e854f973840d3bd1
aa8a0206-b1bf-4f93-b4b7-eff9dcbad1b4	mp-13189	3be117ea-b4fe-43fa-bb8d-d783c1473525	18144	40d218cebd75f9296e434e1b9906f2b1
aa9683b2-e853-4ecd-9726-a66568be03e0	mp-6637	88d96e0e-73c4-4f64-90a7-03c5b2d889b3	39508	fb92217cda01beb4e48bf375e36800ce
aab44544-5fa7-4cb1-b20c-461380f975ed	mp-600049	6a5e0d0d-f217-491b-89c1-63e349d1f8d4	73372	4dcf73988f9f47dce0c58a1f65dde2cf
aac15e8b-3699-4ee5-82c4-30b1d5ca0a2a	mp-30242	6557b5e7-a5c4-401f-bda8-38a940685c62	13360	cff67d816c93e1e393248ac6e7dbea47
aac84954-cdb8-48c3-92dd-013b4d5979d2	mp-5079	9a42e9b3-f815-4473-a21c-95bde5721999	53624	fa5460db676de896389895334b4b2f4c
aad0851e-d599-496d-accc-b8cbbfac414a	mp-606680	503ee85d-4005-442a-8188-80a845109d54	8580	9b68eaf48288ec4d006f4de1e784d47c
aae076e5-2ad1-4c5f-8999-6015d7480a8f	mp-5563	9c5b9679-4b57-4f92-9ed9-93da3d90f10b	47880	26eafd22e8c787a728784b5ea2480c3c
aae2ffbd-3cf6-49cf-90b7-8bbf6ed786f3	mp-23450	b73d2401-9182-4745-bbd1-6bf8bc580dcb	10616	483b76f0cfb814fb5aa847852b401607
aae6f663-650f-414e-8167-bd2f84bad3d2	mp-14368	f76d7160-fe70-4723-adb4-f43110e0cd47	48716	11aefed499a4e67221d8aa3dadc4cc8b
aaf13316-bb3e-4433-9088-ff78f0bcdbce	mp-707424	cbc475f8-bc97-4a8e-ad21-8c9767dca0ca	24672	1c361f5c372afd2491fad707377cefdf
ab03ea95-d55d-4dc2-a906-f75c21110bff	mp-18640	b83e6361-c142-48e4-b2fe-d220e975a3e4	24324	abac6d494ffc432a883ce77f03ef343e
ab0cecd5-204a-483c-8a12-7a0f68404394	mp-645172	a84c5edb-e31b-4ead-b4ab-5c8af1a00428	38404	c9a78f043a750f0af9e328a30f6bbd1a
ab18ffac-0a90-4d29-b09a-d062b27f4b56	mp-542884	efc81721-1eae-484d-b816-8529a72e2f01	87548	972aa6a8c24fdd338c75a6a4fea4a314
ab4d103d-85bb-4740-98ab-ce94262668ca	mp-27758	d41f3e27-c0c8-48f9-9558-e12b42949819	18952	e4e8e7d609654390ade89950eddf86ed
ab7215fc-637e-49c2-a08c-ded5d96cffa0	mp-756811	1980d86e-5e00-4455-bd5f-6789d68c0124	22936	8bc7f7dab84483a6a61093c9fe169fc8
ab796402-f685-4c0d-805a-b97bbea80f17	mp-17377	51d81afb-9f5d-4ce8-b175-f6ed33370611	104588	e139628229e05bbd11f438f58fac5c6a
ab7f17d2-9b91-42ba-9c6f-184b700684aa	mp-680711	8b5fd5ff-37b9-4c14-bdbb-6b8e317aa2a0	247668	4111a2c19152a2a171458b6ff843c3ad
ab8047da-c6a6-489f-8f96-5123c7ad4c9e	mp-11123	50b1be6b-79d3-47b0-b9de-3aabe11a7f71	17680	f2e5e0be2ec1edabe08dfd91200c077b
ab88ba12-574c-4389-b20f-2e90f40627ec	mp-560173	f9a4be29-26c0-4536-ab9b-4ebcc65e2388	213288	c79ce45f871256d6d76cc4ef91b86519
ab89e792-53c0-429b-985c-73d17282a62f	mp-14691	f155ce5e-34f1-4ea8-89ea-821963685817	155332	be50976526ca6e59a065d277a2d41402
ab98285c-508b-4448-8072-b9534a37a175	mp-9868	3501743e-37fe-4056-89f9-1869f4ef6bc3	29124	f9bf492ac850d388abf154d3150b06cf
abace15f-06ca-4859-80db-c33af96cfde3	mp-558085	c7525b1a-9d5c-426c-ab85-0980253070f7	50856	f4932fd2936ee49977702525504cd775
abb70b9e-275b-48c2-a95b-9c1697db9cbc	mp-504951	2e090d3c-85bd-41da-bb63-2ff8cca29f6a	36740	75ddd9379990edc370c9318a59c893e3
abbfd410-65a3-45f2-9aea-387c8adcccdd	mp-652046	7919f614-9723-4256-9192-61206b39386e	53980	f20d60368bebb1179c3456fb78b81e55
abc96e86-0ca4-49c0-acdf-0932733af5aa	mp-570262	8acdb759-4da6-4db5-bb9b-6c6da355079f	14696	4914c7413ae7c3d762b76956e3f576c3
abc9fe2c-7ddb-4488-b540-3079d0cdf31d	mp-560419	e665bb0c-e276-4b12-9cc3-25af26c50920	51324	c6039d793607a786b37becd70aa2514c
abcee09d-c4ad-466c-87d2-f231c94d8b58	mp-27187	00f09613-aa16-4851-971e-f93fd0a45137	30756	31a163435965c552f346a42b00709a5d
abd63e17-276f-4918-a5e6-01489b87b15f	mp-989623	b8f3fab6-8e33-4936-bba3-de7640fa6771	26848	74a7846da9400a5bd7db2a9deac2214b
abdf6dd3-bd54-4150-9f25-22f93daac45e	mp-17481	da392d1a-4db4-4cf2-8309-6fc007258f2e	26648	1a2d80325e6d40724501cae9534fa0b0
abdfbec8-05b8-4c23-810f-dabbf8e8b2c1	mp-28095	daa71a0a-d07f-40d1-8b18-8312f18aaaa0	43756	e5b23ad7dc89d6a4c08e4c594388ab65
abe5a0d8-bb47-4124-bd59-b4c096e52c32	mp-3870	801093b9-d0c7-4fd1-93e0-98037f8bbbff	36212	dd3e35f9a3147438b9da141fee79614c
abebbf94-664b-4fe2-8be1-f813cedd5331	mp-554532	04e5ce95-ad27-4d58-b2a2-08b976a11edb	56100	e0b315918b414f52db6187b644bbe725
abf8d838-2e5b-4e17-b7de-4b1a448d5478	mp-28837	5d90e698-28e3-458d-b9ce-fed976ad6991	45252	a08d4ba6458ddb9a0df3efbba4b58375
abfe4f69-f730-48ba-97be-a84b981d39df	mp-1154	eaee2649-34c6-4baf-b94d-c528b432d736	85744	16598736f0eb028b1c497a0fd81fdcd3
ac1bd7d3-1718-420c-9742-5d81e0ea4da7	mp-755393	ca3479ed-3807-416f-b401-c49f68b52d76	26504	3c7bc5548d97e48e850e749168145dca
ac3ad437-3076-44e0-800e-0a378ccaa044	mp-37478	868da50f-5cd3-41c0-8e3d-50b03b5c3a10	24912	ed2d698baf64370d5517c6ecb1bdaa34
ac3ecc72-ce3a-420f-b2df-757b1f9a6352	mp-6388	0ea467d8-014e-4c29-8a64-f9764cbf4345	61628	58b5a4bb660d3def2481a5df8b2e0c48
ac4890a1-9f8f-4a53-b084-46b2a1862fe9	mp-27172	b1ab6de0-38c9-41f1-ba43-979a793b8f5a	14224	bbce39a0c42385ae2884dcdb7006fd85
ac4f3824-cd70-4bd8-be96-18ab26237a74	mp-554076	c1fae0d2-4ffd-4ae3-8d2a-0752fb9b9a78	35064	f7a01a197b9bf0afe34cd61f49694989
ac572dae-e887-4beb-953c-cccf722d1b5e	mp-29183	2a886089-0fbb-486f-a270-2729cd8e3238	98972	1a96da34c73d806ff54f205ace1c8c14
ac5aed42-73d5-4238-a879-a7d24f8a587d	mp-7569	c4a4e1a5-dfed-4102-a458-f415a56968eb	4896	2b41548014f2abb31632343cb9b28608
ac6c3fef-eb48-4d46-a0f1-e9844c5a93f7	mp-8377	550ff24e-8a25-4dc7-905b-a7cbaf5d83ff	27312	ddc208476aa9cdb1f0b2fde147cb390d
ac6d46ce-0df6-4ae1-ba2a-0f1dc3cd979b	mp-27526	69dfceed-2ff8-4c5b-9791-34698277056d	5628	3674d20ce3b14416c8719979302e86a2
ac730231-8d77-4f88-8b3c-77730d0c8541	mp-20027	5be63acd-c93d-4376-b4e5-3b96bdc67e01	9032	d5528c699903b0989c8156d37598f9fc
ac751e1d-4a89-4ce0-9507-983639522ce4	mp-27910	fe7ee670-8d2f-47d8-9185-e8f8cf80fe9c	8668	eb9b18b44ff2d1303191d350cf3e9787
ac75680f-e208-4789-89de-0b7404d9e28f	mp-669304	3eaedc5e-61a7-4c16-814e-2bedce99aedd	14124	7be5fcdd1d1a8cca112fdae580ae923e
ac826e8d-591b-484c-b459-bb199080a162	mp-20352	d9bd3d4e-19e3-4972-9558-9131abbaa964	8076	40eda6f1a1cf81502530dd590446b5e6
aca04b46-c704-44a5-80e9-eaa87e16f3cc	mp-867168	5568d66d-788b-4a44-84c4-df78f3680a5d	3064	a8ff90bfcedf991735ac1e2b8e714d2f
acaf33d2-908e-472e-9d27-d4f92c7a2b6a	mp-16990	8ca03990-609b-44b2-bef9-54e22952535e	38908	999814f5a52e6f1571183871984767c2
acc5ec04-4a16-4e21-9114-d379ff87c216	mp-541361	b934cc2d-03e7-4bca-ab9d-d51124c7043e	51168	d0af0a9005ee3f50d56759472710acfd
acc82c86-f753-41e8-8e9a-628b2f7b91b3	mp-315	b012c760-2071-46d5-9515-14917dc870d8	2200	e8c948c51802669309bffa2444601208
acc9febe-103c-40e9-8d7b-bf0f672c399c	mp-31067	70cd5636-10f2-43c7-953a-bd33b1758ff1	14548	26598b47bea5f310d65669dddeec85d3
acce38bc-2faa-4b9e-8379-e837ab69f91c	mp-554041	1a3de02f-d95c-492b-97fa-d438ceaf3fa1	21292	7ce58471069484e610505436b1582504
acd0b135-e1e4-4ec8-aae3-20ae2af14740	mp-510460	5eab3a6b-66c0-40f8-98eb-4c6595a5321e	17732	26e37837f8b1da9a5f8eacbd84c301e2
acd4de97-8508-4cf1-91be-a62af4857947	mp-755586	46cd2688-8cf5-45d7-a27b-8c19eba3a950	7908	d24b38c79a8e1773de3a5f8cba663247
ad003a40-6258-418c-ac26-77d18fdff1be	mp-24796	0d57c311-ee36-445b-a421-a2d35aabb33c	15476	f7fc530eaa86763d921db7e45aeeae9a
ad105a55-4a92-4a80-9e82-47311a50b5b6	mp-573608	a97c0c58-a7ac-42b9-a1d4-e37556b3eb38	15744	4f48222e6d1d33033a7a0b059ab37130
ad49024c-7da4-4a06-81a7-d1315d9d8874	mp-5914	10d48184-ca70-45ae-b6be-05cb5ef58d0c	7136	654977069f9861adf0482cca186c81b4
ad4d96cd-0e13-4b48-87f2-d6c83637ef30	mp-619510	619b380e-8edf-4230-8a78-23fa51952da3	33820	af489d17df11b8519c659b49bb1d1258
ad600fec-59e2-40df-84cd-eb24adc83fc4	mp-18246	ea80c5b7-2033-4eab-85fc-39b92d05c5d9	8004	cf68e62a29b3d25677be1c08fcc3c621
ad697ff2-9501-42f1-b513-1a353e13820e	mp-581922	8fd1be6d-2bc4-4609-bf9a-908f9287b796	22944	c20e5d7fa33ce9f1d78800aafa1d346a
ad6fbcd4-551a-4424-8329-e8fcbf9c9eba	mp-642817	f5024282-8b05-4137-8aee-e1afd8462459	24852	76d9e00eee3a837fdc0d8ff9a3716113
ad78ad15-9010-4e78-ba88-2cdfca999454	mp-556649	2536c8d2-8f29-420d-acc9-d1daacbbdd02	7356	fb3616a98e48749ce069245503743057
ad79b6f5-edfe-4881-a4ee-6c43ec2b144a	mp-569722	e35bbf33-5d04-4df1-9c33-5d4ff16afb9d	36900	ea7e75b561fd53f9ab808e7aa4f52484
ad80009b-fb8f-4126-ae22-eab4db8b6794	mp-30143	4faab9a5-9130-48bf-9a10-4bd3c4ef7759	45096	6475a8a3c90a1ac9206ddc11ac6bbded
ada1477c-fc29-41bd-bff2-e05a64966a92	mp-27243	d8aa72e1-a3b8-46ee-bf6f-ec50968ca282	5648	8a53a0c15854eff230a0db01a9be8f8d
adb2cc9e-fe8c-4024-acef-172af45d3866	mp-31026	cee70fea-0208-4c50-b4a4-073f8514ba11	52356	a2d73b146d7cb773d49a2951c3d6ee63
adb751ca-297a-4a61-96a9-2e9fb1082a59	mp-14836	88643a39-e6e8-45f9-8c93-91fd25fd0da3	38080	5837737b01f3cc5d4073634c73f18bdf
adb9283f-09c8-4d2a-b40c-1a0a5b5229f1	mp-23703	b79ed99f-8863-4817-90e1-08a6b26fa345	1612	b5be1f021f2f4afdb505a7e2d1056592
adb93835-7a78-4d2b-9817-ed2efcc0bbb4	mp-1138	d6168275-a5f5-4583-8f26-5421b9f3ffa0	1648	cf005ef6b57661e3966de23b952535de
adbf6a80-1616-4f74-ba79-bfd516158599	mp-554831	aff21d4d-5719-4aa5-baf9-81b58deaae17	8968	cb710e6f44ce9bad8eec3cf1e9380fe0
add0c564-9d36-4dc6-b70e-b61b35b6e776	mp-9371	430b6a85-f7b8-4694-86f2-d797cfed1cd1	18224	953f56b56f09400523337a29b6617868
add1161d-ead2-4d10-8379-936786c61806	mp-570314	d0c07201-8de0-488a-b704-1ab1c4bd6ed4	46604	624150676c29881af868a746f6d2734b
ade58e71-f586-4ae6-918a-f488a4b807bf	mp-20489	c87a9cff-58d5-41a8-b44e-b116e6158b4b	14980	337c1442933c57aeb6c80496786c77f0
ae083fdf-e168-4e01-8548-67eb6bcaa399	mp-7392	a31550d9-09b9-4013-9eef-bf847a0de00a	10168	f610accd28c61522af7416313afed910
ae13e7a4-1e97-4af1-ae25-71e17abeef59	mp-10520	53cac2a3-6c67-4285-95ae-72da1e85208e	13080	578a4c5b7e2cb88a99a0ee7050a11361
ae17b7e4-d1d9-4f1e-a603-96c43dd0a954	mp-541378	5fc8d6d4-cdb4-46c4-bd17-a8ff749ccd23	29800	031a4fd95e80e07c63b12420b1a39623
ae24da76-f74f-4e81-ad2d-d479f9dcdfc1	mp-643701	7e12f752-865a-46fc-a327-01a1d3bba8c7	32644	ade654f9b5d6c45f881df27288851052
ae326b7d-4fea-4d6d-8018-05106d492f98	mp-27926	b66cf879-0663-47ca-b13c-2f83337f2e8c	25124	94a6da8fc45ac8eceb19ef1efc2549b2
ae4205f7-14fe-4182-9e83-9d372fb0d70e	mp-567629	b981f2d0-5bd1-4c28-90ad-9dc328f71cf2	13884	f6d9477ec70e219fc7d14c26c08e2685
ae5a0f6b-cc13-4f9f-bc64-2667fbb4e4dd	mp-966582	490c1da1-8b73-46fa-8620-883fc426ce9f	87780	24c0fc0bd433c6559ecda25d87c4b082
ae5ffdbc-6a8d-46f6-a12c-12aa6dc3d51d	mp-553948	756c65df-e593-4977-b18d-9bf676c186fc	149636	13ed2af7f490b52e4d2e9bf317c1f148
ae609503-c5f9-45d3-ae0f-022f2de3d1cc	mp-541956	71c8749e-dc2a-4e90-acc5-61bac4619961	125208	c3eacbf0af32a7699b6a6d6b58521f38
ae61536a-3197-4e12-bc03-a304a4d85d22	mp-557026	66298e07-aefa-4f8a-bed1-fae9340a6a91	90928	bd949257ed0b2296fb1cc56d8a11de05
ae6a5be7-eeb4-46ae-921f-474c4fb7e810	mp-540923	441a73b2-5dbf-4175-b487-f5c00b3c0ee4	45828	0c5f5540b47349c92480b48d2300693b
ae783d61-e03e-442d-8e7e-3c8b7116c73e	mp-17371	1c9c2bd8-43f7-4f6a-a497-4c590c9a29f3	33888	598ff95c321187fc11b69173406110db
ae7caf2a-f966-4e26-a27b-f932972308c3	mp-1243	ceab3b4a-43a7-4bb3-8d23-e1d20041438a	10404	2c3d050b765229bc3c1eabfa6a76795d
ae7f983b-c41d-4b36-89e5-02ccda87c977	mp-16763	4d31a99a-2f27-4889-a701-65957b95addd	6328	8e7f121b254314d1a4b3cfb9d7e6a5be
ae8e65cb-7408-4121-8e47-4fee5af34c99	mp-17015	5792c098-a95c-4afb-a1ed-93a6537845cd	73448	438366095c55fc1f82d58e1748905d4c
ae91f022-6886-494b-bf70-62fa85009109	mp-8973	bc74ed1c-7993-4f09-976d-d5fe82e2923e	20520	e4eb9725d5fe6a5316501afce7d5bfa1
ae947d16-3648-4447-89f1-45e0bda99cc7	mp-9252	cdf0709e-4610-4164-9e96-2251e03d1e96	7752	7c75501a029e4be29cea256ebea42dea
ae96db2f-faf7-4510-b645-b83afd755f25	mp-558219	bcf6c2ce-5cf8-4d42-8f04-5e45478922cb	56184	dd863e13714fad8939231ce39e53f4d9
aeac5651-74aa-42b6-ba38-b75c8228ee06	mp-768313	cc31d675-456d-4580-9ee9-73dc738672ed	78232	36372fa301646be469c4f1129b84e64d
aebea5e9-58d7-4d0f-9273-c7b6c99e274a	mp-555018	c8a5cce9-74b4-4e22-9699-1e9fbb70f087	15676	c6c5c7f40ef4070d465e5835cb6e456b
aec1caf2-0c76-49e7-b20b-7f913903a59c	mp-29375	d747df8e-bdfd-49a4-a90a-794e8f2126eb	45784	cc259bae51142b440db30ac1f0a5afad
aed97bc9-d69f-43ff-8355-94398dd0dedc	mp-17953	2943e254-b384-4e27-bb61-09241cf358d6	41388	5a172bed052569011fc5dc0f4f203e68
aee822cc-088d-43ac-87d8-b99f2f522a1f	mp-11112	0c57fdc8-5e94-4a24-8602-3d98ae5205df	16192	25121999d4ed14e1e2681c4accdea9f1
aef3b474-33d2-44e8-8df8-d24cd4bbeb1c	mp-556699	eabfd442-c70c-4b05-8616-c6f828298f71	46600	ce74cb48f07cc439ea9548026f0ad2f6
af0acd49-64fd-4135-a9b8-280903ecb3d1	mp-676563	8f3ac146-0119-43ab-9fa0-be0d2b210a87	72096	f380023cf2dee76c02339d1f1a654ae7
af0aec4a-6242-458c-a04c-8fd108780e51	mp-752851	a9b0f1b8-1760-4aa4-8258-db10c0821286	12684	44d56270882c0d9fc604f4bca737ff59
af371ae9-20c4-45ba-a625-bf82fb1e092c	mp-29407	a638e35e-8594-462e-85f6-3b78eb93294d	51640	93750c2fbc11eb0790a5a6886af1e490
af3adc4b-34c9-4fc3-9620-ee6b3b5d225f	mp-640553	d1435648-ff80-40e8-a7c5-31a410f35bbe	20732	19245c02f8b7746c02292ca7158eead4
af4a8bcc-aa26-4179-943c-a722eb55b6ac	mp-9610	7bf08cde-9ee3-4245-bc54-26b430b4c5bd	4460	ea89faa75152598ddb58de8b16818169
af605d5d-06dd-43c6-8c1f-ca185d9ff3fd	mp-28962	f82c2520-66f7-4e27-b1e5-b6226e03c6c2	34432	d2c9e58a0e19a16acd2339cbf6a975e1
af7c4a7f-eb7d-4f77-bf1c-e6121a1d485e	mp-755313	be1a158b-2c15-4ffb-a0cb-5233b9e62ec9	10468	5aced471cff215f911297b306e339f27
af7c9b8c-8608-429e-ae1d-fb057ab57cd8	mp-29246	83bcfd69-6f83-45ca-abd8-7a1776d333d2	33420	7580e9694b3c2fffb9321e1ebb6fa93a
af85edc2-1cd6-4057-876d-a0716a481e88	mp-23544	aca4b2df-f6b0-41f6-af9c-25bcad9c6d5f	115932	dce339ce56b4da00e5884a59cad9ef8d
af86bebb-d2be-4002-8b6d-4640fe9439e9	mp-17172	ad0b7679-daff-488e-9fad-016bd2ccbebe	26916	7c24b9e10d03f212e8fd75b0a7cd6d0d
af8bd2d2-5bd6-4a7b-ad59-e3ea19cf3fed	mp-15221	d8ad1035-181f-4946-9fde-b8a0b9496c7e	16884	451d8aab7a205ddccded000204d5f3a9
afa291b6-ab73-4d95-b095-bedda17f7df2	mp-28568	abc29bb6-0206-46a5-99d1-d73c7f2ae5af	33384	03624e530de04b1e7eb67c8c89f666d5
afa63fc1-c182-4250-b0d3-b055552b72b3	mp-9702	6e9b8eae-5dd8-4254-bbcb-0853804dc1c6	13308	7f48045513fb88fd55116fdd1db72b6c
afb82cf3-f74b-4d0f-91db-67ba760718bb	mp-17649	f4f53a60-b15d-4505-b445-c80217cb422b	74560	0880749af7ce43993fa0bcd28689d868
afc1337c-6fcd-4db5-9063-f1cf4263d9b8	mp-27790	1409d3a5-95eb-4e43-adf0-fd5daa01ce6e	141768	dceda21a7f14900b556f44b7a49971ca
afc7ca15-cab9-4ec8-ac74-b7013cfffaf6	mp-780409	3cd47d39-4609-42a9-a868-f0fd0a1cfea6	109496	365a675097f9539e9da7d2606223cac5
afd09c62-92ec-4cad-86cd-c5738c519d07	mp-557930	8c85253d-dc38-42f4-8ce5-e6357c157d6e	20748	a1df65d020fc86b60fb3a41caf9cee9e
afd0e02e-60df-4770-adcf-537f4ebb6c94	mp-252	8901db59-75c5-4ad7-90f4-cede6e9514cf	1812	d6532514e0545a9be91e8aa2f8ac6a03
afdb2c1e-85d2-4f03-b7ba-f2f1dcf2242b	mp-695890	2902d68e-6167-44f5-b631-7e8af0b495b5	79464	9d3fbe08e0e7fbdd7716951c3a6a2d18
afed3bda-c1c2-4dc6-8cef-eb0c43c211ea	mp-989612	97d252c6-4d7d-4720-8bbb-071f0311acc8	27128	5837b9de1e6f62023bda5feb79792c9f
aff7d065-ee48-4c4a-89a6-cec601ddd44f	mp-12525	e66c68d3-dbef-4950-b286-9415268fbcd4	2440	5ca79f884be65a21b1ca2573352dee1d
affe9892-16cb-4c7a-9989-f4ade516fad4	mp-769138	663fa42b-2f43-4e20-ad32-efc1ce7b9a98	46112	1a6642dc9f27cd227dd45315fc658fa6
b0124831-ccb6-4307-ac65-eb7630c416c9	mp-3782	c106960e-becf-44b2-a86e-aef10b889b04	12792	152703cb8eef85ef90b8ceb936fbdbc5
b03b7194-d07c-43c6-866e-cdffd3891904	mp-39033	278322bd-923d-4324-a6ba-d7ef92f46ac8	7960	3939e1a93d15ef0a81c5b7b83d4d4c7c
b0503f0f-ab11-4856-a1f0-e2d93e94e46b	mp-8262	f394332b-bcd1-4943-8283-6739fb713e9a	9044	3d2d08e93c504f6a86d047c606e24c92
b05726fe-fa2f-48cb-8089-fb4e4588efca	mp-560605	e5df3c39-7c2b-4b98-86c4-f353956ca306	17196	e7edd8903d233812db65b3b59d1a2dcf
b0668a56-56f5-41cf-891b-b87f7204e1b7	mp-14797	ded23aad-7159-48b5-b1ac-78191c2cb83c	13832	bafcf4cca7848e92e8e7430e67d76553
b073640e-9645-46ed-bf43-e0960b5bc66b	mp-561157	430cb65c-f820-4bc2-bb6c-4d389ef9798d	108708	b692123507b7d80db1752e5147059fe1
b080209b-3a31-441c-9429-7500350f90ba	mp-28693	cb45990e-80ab-435a-8d6f-5f6d2a65d532	21372	f41e70fe134bde17b9ecbaaf883ed373
b0874cb1-5349-4fd0-b574-f5ecb952d055	mp-10509	ea07c2fe-1532-4e9b-9356-5e8307ab28a7	18048	4ca2cf2725e91feac979f494ab261241
b0938920-db9d-4054-8728-40b131e3f5ba	mp-6955	44ba4549-330f-4a76-b8b7-005a7c4c90bb	30984	e5b623fb2a17c92e6afc848a09fbbd30
b0975d7a-8029-4fec-b03b-10d9b8046e25	mp-680120	a0b0af59-6988-4dc2-8289-667b27fa39fb	29336	62ced291961527622c4e9a1bc57ae7d5
b09da924-fe03-4901-9a38-2bafa3335849	mp-12929	2bbff561-e1d7-46a7-85ad-eb70d5a0cca6	4788	6d20c3c711ecf763e83d8e13e957a134
b0a2d2f5-f155-4f93-b7dd-d7010fbe1232	mp-29149	14e298d6-5e59-44bc-89f3-774314fcd8c1	6236	69c885b2cb8753dd92d7c153a555f32b
b0a6c590-4d12-4cb8-bc7c-15393756fed6	mp-752620	a72274ae-2eb5-4e4c-814b-40bc099b286b	46224	128063663668e50cd99200979cc4d0bb
b0c2010d-803d-45e3-ba95-b2b904756248	mp-27342	c7cf39a8-6aa7-4713-ad29-0a834caaedf1	67660	c2edef664ec145d22cb5cea72c7d8198
b0d8f128-ce73-424d-82a0-3f2eb5d2912e	mp-27700	2716cc1c-af8e-4eda-9003-ea6661a1b9f8	44968	0691fc323d9f1baa7c84dfdbef1a74a7
b0da45ed-e60a-4d76-9bcc-f58c855cfaa7	mp-675100	7d1892e1-66f0-45a6-b33c-239fba5c5315	7916	ed90c30df2e37ca34476ac6bdd0c7e7e
b0db72dc-97f4-40e3-b831-a2b7852d408f	mp-570089	0d49350c-ff55-45fd-a29c-97bc4e1af323	40656	55f53db1d33aba8f4f6fea7b32162bd4
b10bac15-d561-4478-aade-e4dcfd7a6a42	mp-754218	a133a0a5-d912-4045-99df-983444bc1376	11788	f07cfaa1599b2e9e0832ad777a1680e8
b10f7f06-279a-4783-8f51-947b724dee8e	mp-20042	f8811055-8f82-4a19-b853-1da8990a8dac	7324	f2364ebae792fadb650920f67877f082
b1128030-d724-4b80-a5f1-5dd0978d4533	mp-10694	0cef05d5-a6d6-468b-9cb9-f5ff8c1bb8f7	2548	18ee22d7c44af25d6aad2f4e7d9c4c0c
b1362ecc-752e-4d42-b352-5fedbbee786d	mp-568170	8c5ced1c-7dd9-4755-8319-b41a698ea86e	8388	f37e66b448787f0c907f47639cb11d85
b137bab7-9cec-4aa0-8f2e-29949be62a03	mp-13548	b15f400f-889c-4866-b8d7-99bf7b5b2bbc	4852	35c87d472060e7a3cc59b8900f7c3e07
b13b265b-42fe-48b1-8519-4fec44ff9f3c	mp-560014	6b40b0bb-66dd-4c2f-9020-9c08500557de	16292	ef4bc1fe01738413d664d55530aac5ed
b13ec0cb-b9af-4921-b4a0-3d846a60e4aa	mp-28334	5015eee6-8a77-4ffe-bc05-252a660dd2d8	71628	c58b031870a3f66d4600689381f29154
b142e188-4808-4471-883b-01685c995496	mp-555727	3c254f14-308d-4f05-bdcb-716970054bb5	155188	174c276540a0cf6655454307686d49d5
b151dd84-5a04-4a08-b9b8-646825339522	mp-567780	7bb67cc8-04cf-4cf0-bc15-d9874cf1545b	11820	02f510659218bb3a6c5d009545713c61
b1595941-c616-4a89-911d-9c04285f6bba	mp-555621	16a4cf2c-512a-41bf-87eb-6b3a3bdbdbae	112976	e6c882c6ba670a4e174216cb6584705a
b17d829b-c9fa-4d7a-9356-308e3b650aad	mp-28708	78c0c2a5-4831-4acd-8c79-eb381f741089	16364	82c85616f4483fa36b1b7a07751ac93d
b17dddcd-9d74-4f2f-9151-bd2eb82ae58a	mp-29034	3950ba27-eefa-4f6b-997a-5ddc5f10dae2	34692	37ce6eaee4c429d2eb3b9132d90b1654
b1a7fef8-4062-427e-9bce-ae74a5bb78de	mp-24802	d15fcc76-331d-4765-b994-d510905d0fbb	68832	d59bb65cc6d025ee954fcada0e904b33
b1c9c54e-2b71-46fb-9ea9-164af46f3e15	mp-862850	efcad548-2a34-4e96-8b33-6523ee1bc42c	19520	312bc7bbf36e85dfa6f41510e5c612c2
b1cf38d1-4889-48d3-b4df-85340b6a190c	mp-6726	f743c350-7ca7-46ce-810b-55d6d6e0e58f	46712	37a83b129717434f25f381f0182f3be4
b1df509b-7190-4e44-a7c5-b29ee54ea05e	mp-771771	442806dc-7612-49cd-a57b-68db2b5df458	41204	6f1088159588106b2dd40d19a4305dfd
b1e0d70e-3be7-4803-8b15-39403afb43b9	mp-35907	82285ce8-6361-4435-8a22-0f092f77acb8	13228	a1c6d4076ad02bf8d71a02dce2f4898a
b2045e8f-a323-4091-aa7f-38b2523d97d8	mp-13275	6d80234b-9bf3-4b8f-84e2-4d61f7dc2050	12180	a6d34ff9767c26c1b5162c4039fcc646
b20a441d-539f-4b0b-a623-073fcadcc61e	mp-8796	6942eebb-1715-474b-a973-a8aa2362ee09	155500	a3a24d2e898bd5c870d445cc4086f905
b20d199a-fb07-4ac3-adf3-2e882c0ae7c7	mp-554286	41a6e7f1-3464-4838-b12a-388e3b4c5dbe	94864	b1c0d561218b260f5abfcee0f34c4357
b21613a5-7bef-48c7-b6df-5855942c62bb	mp-6653	316bc909-0085-4bd2-9cec-6247d1aaf136	2440	bf106bb0c4278dfe42d4a4d33bc9c4a4
b220a9fd-6509-4963-9ab2-1e1fcc506647	mp-27999	aed95e08-0b4d-4ea0-965f-c5b27139502a	9352	d4fef129a651956463960a1496baa908
b2226e7c-ee70-4fd7-bc79-dac569c43d96	mp-585305	e8239c8a-b5ef-4e3b-b2c8-3dfbb9d22139	56296	fe6931f391393dbb5e74de004af0df03
b2575338-9f71-4c92-ae61-fb9b22b8dee0	mp-541995	1489ee56-49b2-4063-a304-273cbe555c46	33272	2458fbeb840bb605bef328b6f00461cb
b25ef101-22b4-4e76-9c05-bd81d75ae36d	mp-546266	7b072044-7804-4983-bc35-8c63a7bf19e4	8848	3643b13c724ad46aacdbe5ae2f8247dc
b26bea67-9df8-4bfc-8cdf-ad9f5c8e9050	mp-628643	e9b7c295-9a2d-4354-99e4-e3662c90b5c2	37676	90f08e2617d56cc1cffb8cf9dbe542f5
b2962616-0b02-449b-ba50-0a036bd15332	mp-559969	f55a7144-3937-4257-bed6-5dbe45bfe48b	28932	00be1df600784aa15f06c0ef90ee19fb
b299f698-4b08-4866-8f0c-d9bc546d4f56	mp-989591	8787ee2d-f70c-4d82-8ac7-c3c835bcc921	2344	144009ae1b26be2a538af2041774d179
b29bc2a6-30bc-4693-a06e-98a4bac94e09	mp-530121	fd16b537-0e11-4f35-ba97-4f9297a5731d	450324	525ec21f995a8415b8d429ae0a2bc376
b2a32ca4-7e89-4f9b-9642-7c00ad3ce74c	mp-13356	d066a703-d6e5-4825-9383-0f8cd3f6849a	18320	9a80d48ff66bf7c8c80313fc6c7ce438
b2ac6666-94d8-455e-95a3-e99e3e4cfc1e	mp-12448	2ebb3d4f-a9c0-487c-a554-854af5c150f5	26136	a485aea5834a8f2a094052c9f6da81db
b2aed1dd-5f0f-47af-bd2d-9b0549c19909	mp-11623	68a5ba5a-817b-41b0-aa11-3891ce28816d	15192	d04455758ffd005f0ed7dc6723dc1f09
b2c59f96-15a3-4b6a-adc4-56d813fee573	mp-779689	73e5865f-8ce8-4e0e-97e3-fcbe285c4b2e	11052	941c177844a10c02a5ca814ee84f1d6c
b2d82b03-32af-4347-91d8-c8aee29f4d0e	mp-11055	18c7f4ab-6d21-40fa-bb74-4a69e89e054a	8752	4f258e9921d4f2e7cc923ba86cdca01c
b2f22e0a-60fd-4ba9-92e9-785bbb415b37	mp-850864	d8a73b49-5b01-49ec-9064-0af9f0799ada	29896	08731f232fc22813245e3f2079e56d40
b2f9155e-342d-4010-b954-9026fd05790c	mp-7909	1d08c4c4-a666-4feb-ab8c-8ec021db9552	13016	0a49c7e30e62a20fa1d1c0ec48bffe39
b2fd3e63-e7c9-4cce-befd-840efd1debb6	mp-4747	c1659364-785e-4510-89b6-902362a14236	12612	b4433beb36816c616755ede7ca163ab4
b302159e-9811-4d8d-8e13-baecfe673285	mp-865980	23b1415b-5a6c-43a7-a332-843ea897bb30	32808	10c4b88c987c1fe7f7dcfc8bbb9af6a6
b303d240-09af-4677-b217-1eb8bb1ce8ae	mp-569677	8aeaba97-4125-4845-9294-0a06da79b64e	6284	2975377f3d1bd5a88f477962b18af045
b345fe19-4cc2-48bc-8816-813bc8b8e1ea	mp-21879	0fddf003-e8e4-4088-86fb-face2b49e261	2420	4a770f0f6b963d8e2ed619c0411159e8
b34b8584-5c2a-4b56-b377-89fd6e74d9ba	mp-2172	40bd185a-79db-44e8-a59b-4fbdb4d7a286	1848	d6a3be5f0d8c6ad0194b2b34933daee0
b34f169b-5824-4c20-8851-eb2d086f2534	mp-754943	6c6fb61e-fc68-462f-964c-75ef6175ecb6	17924	14d520c3905f99aaf8f4078b8f9a4e14
b35dbf8d-76c5-4165-a726-ff4ea9257483	mp-677002	2bf82125-0123-46eb-bc09-e8bde7172126	204100	cc567e92de8a5c4259bd2bbcfc7cc192
b3646960-93f8-4420-a802-46ccb6f8d56d	mp-978852	8fd30e56-862d-4727-ad10-6278c09ddbb8	9976	64f88a0acb10dccc30cbe447d0c0afc3
b3922545-b027-4755-933a-9b3e0b43450a	mp-559309	b3139fd7-fa3e-447b-9172-f0e73806b585	37524	4364a2f3962b8851e98bfc0e1e051892
b3966ef8-a67b-4733-98f4-8a5a95e1502f	mp-570238	df860e05-7773-4530-9269-6f86b8960412	20820	3a1bfeb58b632fa60586ed279a72c288
b39ea778-913c-462e-b672-669f10338b2f	mp-13019	38524939-3e30-40b5-be22-17a7925be607	26644	e3e62e417d9f316ffb957ee970fab022
b3a5ac9e-6644-4520-9d38-5c32fbbcd648	mp-556178	3b7b6687-02e3-4e52-ad77-b118ba535a0a	83236	75b2c919c2600a57c49025ca0c096db8
b3ae8b08-02a7-4bdc-8a19-5c1c7473775a	mp-29266	3e334e83-935e-49e5-aee2-a232bfa3b436	7128	215627425c732b65c7faf801d87bb819
b3bc00ff-bc7a-4ffa-9a95-b78587ad3643	mp-779502	0f5a5cd7-54fa-4fbb-b441-c93fbf49efc1	18024	248a7bc6ad0780cd3f41c4ba67ff6988
b3c26682-3646-46d7-8a32-6541314d687d	mp-14092	0aa94cc5-ee9b-4200-9ffc-5f1d4b4af22d	9360	255bca9803500f3beb8384d9ffd6ffc0
b3c82062-5a8c-42c3-bc0b-89e2c6d7f0b3	mp-559933	f183f1ff-8cb6-47d7-ac63-91545f4ce88f	9332	095202bd8d8e35997ff1fe3960bac9b6
b3cabbec-062d-42ff-b038-11ae1a1721e1	mp-569128	db4b68c3-57c8-4d95-84e1-722278865435	34320	a3b356d965b0c75b8f852038f357d376
b3d90e2c-887d-42c5-a0c0-bafa7581f57d	mp-16915	78a369ca-e6da-483d-b5f1-7f52eccc1977	27780	ce31c8ff057e81eaa7cd49b911379580
b3da73ac-f0c9-41c2-b7ee-e13aa57dfffd	mp-555980	126a625f-5119-47bd-bdd2-07cf3064842e	124076	83c5004070af4b3e6da39c8a34b0daf1
b3db7587-23d1-4d7b-a3d6-f0656df323dc	mp-8762	61c9f47c-24ce-46e3-a96c-6323fb0b04a5	25852	addd3ddd473152fcf1bd2fceaa2ab94d
b3f07fe3-78f0-431c-b591-5ba82f810ba1	mp-541875	032b0fae-bbe4-4d3a-a5d6-dc35789357a7	44140	658b4bef9897447823ea804c76f13d5d
b409f30f-1d41-41ed-b6a1-aa762f6707e4	mp-10348	c473af06-e893-483d-a259-944c427a02a0	29252	42e7e6577f1dc443c1ca5b0a01a08339
b417e08d-f723-437c-b894-fecec8901ae1	mp-22734	a534819e-0398-45f5-bd4f-f963175827d0	28652	7d2e6701f19388a645df3041b1352671
b42fbb67-a248-4e77-a93e-3b072db60947	mp-556999	ef1385bd-e996-4666-a612-d148f22e962e	37056	6bbdef7b0da88a37257b1b59630f5210
b455f144-6b14-485b-a71b-c484eb6a7e40	mp-6841	adf6e194-cbe2-4d9b-8cf5-b5dbf46a4276	25828	51ffeee1579c27e5de04d90ba74c32ad
b45c4ee5-485d-4b5e-846f-0829413112dd	mp-34322	f2ccbaa3-93c5-4bee-b487-5dab86e3bd99	5960	7358249279ecc7f8da5de5ffb2972075
b46ca42e-4509-4f57-869f-66d2f86bc1fb	mp-23446	771bc11f-c685-4676-815c-67cd03ca6532	33308	fcbede79d3566ad17e0945bbb2ef2db1
b47e60fb-bb25-4f93-9286-345f5743e91c	mp-754158	726bf6f5-eb53-4e0f-8e70-90c5aa409bc0	6528	e614ecd3d5f6e52979a999c8cab0bcb5
b481ffc5-c44b-4138-b6a9-9164bef035c2	mp-673845	30f91dae-980a-41db-a5e3-88b32c1e63e9	24016	4ddff35b254156744b2efd34368b4f3a
b4843fcc-346e-4487-b9cd-e0486ba87b5c	mp-29169	106586ec-7b8c-4cd1-b178-385274f06b9e	9640	ad7da04055394c2ce8a1a7d121d8e0f7
b486d11f-be96-42fe-9e3f-24b623149425	mp-28380	63a72c2d-1e0d-4d4d-a0bd-f254162ba4bd	45948	5d76c246f1e76ece343a2b4eb5a864b9
b48a7056-8123-420a-be00-219888f3049d	mp-7588	1544af18-c2e6-462a-acad-da278d66837f	97660	667d808fb33d8aadbe5f9fe970074a06
b48d71d1-791e-4cd8-9d13-8f125bb637c8	mp-561232	e3856f65-c2e0-4e61-ad0c-1ba815e1bfe5	47608	e8be1c885b54f028d9a3cfcf5238873c
b493953e-0c78-4045-853d-ca83948a932e	mp-542654	4cdffdf0-678f-47a4-88b5-438aad863f9a	52704	df20080e72486ddefdda1675f456a3ff
b4957d0f-e722-4077-95ac-dfeeb1bc66c2	mp-556283	d15a35b8-8829-48c0-b419-321f198a57c7	44852	fe57b19ba314ab76f6880417820bf7f0
b4960c87-b5e1-48bd-8df6-3f9dbb0b1ed1	mp-9195	668f42c1-d06c-4f33-a879-6d7d5048a480	8452	f233d6d5f9a4d299b4dc30723d21247e
b4ad6bd1-842c-4f4d-821d-e37e0c5de994	mp-28898	a73a8b16-1826-4bcb-858c-c07c6ca452ed	19492	86b8e142ee864181b87e8bd1081bab97
b4bfbf50-9d26-4199-a2a7-befa7335189a	mp-15733	8e8b9d8b-1e1d-4b2c-840e-daaa0503c38e	33916	edfec5aa5d156fc98e718965d1f739f6
b4cec022-67f5-432a-9d6a-026cffea599d	mp-18253	8cb35149-80e0-47f2-bb41-654b11aa1e63	37504	9f03aab89b09ac2bdb39258ea4973dcc
b4d0fac7-97e4-4678-a5b9-9a8f7325015a	mp-551816	13dc68a2-3865-4bd6-b9b2-52cb3da51a4d	8852	699c253db1e15e1f1846fd24cf47f495
b4db34a0-7a45-4ec5-a675-cc93173ff7a6	mp-24668	144a063c-15fa-4b4c-bc9b-24b6acc446ca	7172	68f0c7ef17abc8ea52feae012f6a163f
b4dca050-82d3-4048-85c4-beaeb9962abd	mp-989608	0cd0fabc-ae3d-4b65-a442-c4966a43dc6f	2304	2404c3a845843c329cff2c0b59957555
b4e68f16-da10-40d6-9808-32dce17fd642	mp-1779	8835837d-37ee-432a-937f-06d43d557b0d	1632	ab979c8e538c6f8bab802414103b44d3
b4fab0e8-172f-484e-b530-bc63d39c330c	mp-9405	09b6730a-6930-40a2-ae04-6a1de3cd85f4	14680	80b1f489e1384b948a426acbbb1cdf59
b50486af-2139-44ec-8d7b-c3137629e660	mp-541600	31d19104-d727-4e4b-99a5-0cf0eaa8f1d4	9028	782af9d6477bf10fe632ab404cd0cb31
b5055d1a-eecf-4f9a-bc93-d8112545c79f	mp-24338	9ddede6e-a6ab-476f-ad8c-971df629f614	11720	810e6a21360acb4b3997fc9475f5aca1
b50876a2-4651-4f7a-8783-a6f210ad116e	mp-864638	4b479e4f-d866-40f4-b402-49618c2a08d9	45368	9ec9246ecdbd31dc50a99a9b2e692021
b50ac977-05d2-44dc-8f3c-844f7ef74ef4	mp-223	43b6e1e6-0329-42ba-9bf4-d571e54374d4	8636	f4ec13d4407187f37f979500cb08fb8a
b51ed966-3bb8-4180-8e46-91a63db67acc	mp-989565	23c4681f-4ff4-49ae-85b9-377f1acc9c11	2332	52f1dae2fb5ceb0a62bf266e122004b9
b520d825-f389-4736-a508-41af352a08f3	mp-9732	62959a28-0dfb-41ba-ba9b-de84977d8da2	12288	17040d9d1c5aa29e5cdeb3e487f4149b
b5272a3c-5b35-4d07-8914-3d4db5b7915d	mp-10835	49ded0a0-3464-41e3-8165-80b13f7d6256	20716	2bae4c4f4b850c39f3d1be7c516d22bc
b52aea57-2d6b-4cf1-962e-d98fb155404f	mp-7562	477bef31-0381-43e3-a035-e054da5bc1fb	5944	7c154d0b83a80d595e00bf56ec4f288f
b52cff1d-2c9c-4e5c-87dc-5d221d1fb434	mp-570957	a1db0d22-5ade-4e08-9060-578ca58ea0cf	45236	e1e40ce1a6d7487fcfd547e4ed0adfb9
b54198f1-68d5-4ee5-94ef-03f6b30275e2	mp-556521	f0c49fcb-ffc4-4508-a83d-56b2fb5a5cb1	129456	e14cf4e416fd71c3c03454e5d98c8e38
b54e650d-e88a-489a-8324-7e1d929002dd	mp-4434	34026686-70c8-4a10-956b-6d2ab1341016	15216	a82b9a83bbb76c94f2b1bd5ef01beea4
b54ea945-a67e-4beb-9142-75b78b579c0b	mp-6456	f78e8f84-5844-4417-924a-959aafaf0332	37036	48f774927fc2d2ac41dd6b50436c8905
b5540414-953b-4a5e-b8e6-adea60e51e2e	mp-29624	ea9d3b89-21d3-40f6-8989-03e1904f0820	15208	a58937acb4ebfcdfea6cd809ab81543d
b5648dfa-a7e0-4b40-9b3b-bd9fefb575e7	mp-27577	2adf8000-7f91-4352-bc2c-4195bb51436f	18504	d9344e479cfdf28398d37a80b3fcb293
b567940b-8c44-48b9-9c08-8c57228ea323	mp-14985	49e10cb4-2347-41b1-b0a0-c325549c853c	26204	23cb621482e97ffd6b3f560b28887b0c
b57312d4-cfe6-451b-95b9-02ff4d106979	mp-756951	4bc313f2-5ec5-4ab0-ab8b-989cdd139f33	14948	b5a392068dc7737c25e448f23d4f9717
b57b9f29-39b9-4745-99ae-bacadc571dee	mp-865466	d41d1fc6-e63a-4bbd-80ae-cf903df79ca4	18456	caf15b3c4290b0ef4ad08480a5e5d2aa
b58b94d3-2f7b-4f45-8d00-25084f417a91	mp-28130	ed95c2d8-3ef3-42a6-8a54-a14e4d5a5141	28732	0b1e3698d49102b9a7ce72e0ba38106e
b58fb047-adbe-451a-b99f-3664b66b9490	mp-643902	d72a1d36-2ede-48ad-bfeb-e0ac4f9f6fa0	23808	d28a801bc71bd23248857970ff0a8c1e
b593ed14-db41-4f7c-81d9-ab76e5a2866e	mp-976401	c81d68d0-7555-42cd-af1b-a8c35de4dde3	33100	6a40e2991eac6274cdb910dfc8e28eae
b5aeb667-5238-421b-bd3d-096a76189ef5	mp-554191	d008da6a-c597-4ebc-9135-20b8c9e672f6	12416	4f46cbf07864bd5d0dde666d4d2e397f
b5b2b4d3-ec21-45f6-86a5-22365b20a3e3	mp-778079	40684214-56d4-4394-8a9f-043b5b117988	7188	1375bf9b736877b905a419a96ca2c106
b5b68fe3-72d2-4b55-aa1c-f5cff15571b3	mp-556100	95ce685b-5a61-4db4-93bd-b7eb6da9183d	28520	ba55bc496ea90535e4918d8da990217d
b5b9c34a-d01a-47b3-a425-4252071ab4f9	mp-28830	2f77c4c1-4e9a-4f15-af8d-634b8ee59135	25332	37f39de11c456d421e6d4a2318b39970
b5d547e1-5331-4b4c-99ad-6001d343f18b	mp-2507	709ba5a6-43a5-46b5-b283-7456397b5487	6836	de4632190bc09c1eab04b9b5f35f870e
b5f9c5d6-4fad-46af-b4c9-73828c0548de	mp-555909	81ae017c-c781-426e-9483-fd13063c4785	29792	8226840a1877dd702fb96aff73c22fe1
b60f15c0-f212-453a-8f16-645fd80c9555	mp-23260	4845880e-f970-4bdc-a459-321cf770dd48	15520	30211874ca3c0cba3260c7336da63bef
b61190a1-661c-4220-bd39-ba2b147cee39	mp-768762	cc2fd0c9-f26c-437e-9edf-d8900ad10357	77960	68cd51719785a475b1d92511bf1f480b
b6292cb6-2ad1-46d8-be9f-999728f28c92	mp-4681	c9bf5868-1238-4805-995d-42dcfaeabb54	27904	6eee6822eb090e57eae6991a194381ff
b6322f4c-e6b0-4c88-bd5d-b3215bf9cdce	mp-559356	cd2dd780-a34e-4ea3-821a-784983569ca2	44276	1e058764f9379984b768847f433058df
b64375bf-8e41-4e8a-bf0a-21b6a9c5510e	mp-31039	44c7299f-3b33-4c39-b588-6dbfb096cbb1	67368	d4efe8b11cde3cf333acff7bb6cbaaf2
b65a8871-c911-43dd-bcfa-3ea85ec675a2	mp-600078	e3a3512e-a9c2-43c6-8826-7ff8ebd8043a	27340	d3b9432c7a44473993ab26ca46486409
b66ef6e9-9769-4725-b086-b3383709b4cc	mp-7595	1048f33d-1489-493f-b2c4-b63608b7015c	26484	f348f28771cbd7d9f7d89b675f1ce26d
b676d372-1ddf-48ae-a039-113e766de8be	mp-510341	08d81550-cca0-458f-a513-b155bc9270eb	14504	d33e91964c1e1645606c56c3d3df9851
b6bcfedc-59da-47ba-9ea7-fdb04b4b3270	mp-23018	80cce4ec-a577-49b0-95d9-0d5cb5468b5d	28492	92a15b24e1507dc654e4f0fba2d60c4f
b6e707f8-ae4c-4315-a365-12c1de2a7a9e	mp-2133	f8982112-b7e3-453b-9bbd-6c2dcc430023	6980	b126c479349b7c1e6e559d025c03429d
b6ed670c-9d2f-48db-87a9-9b4b72f7af28	mp-4675	848c4aa5-26fb-4230-90b4-c5bc804df07b	8504	f69e68e9cb97960850ed238a1684adfb
b6f84a9a-2a45-4352-9774-c03878c09603	mp-504810	a5f1e027-114a-4dab-a11a-3317abe24d28	40928	4676d64fc0479e3b3690e9843f81f51b
b701339c-1776-4ae4-afeb-fad68d9e1cea	mp-571468	65319528-7af5-4d9f-9c6e-7af875eaf4f6	16312	9b145010fad8d33b072a8ec1898b38ec
b72f5a1a-0dd2-4b88-95db-4b73879397ac	mp-754711	0729deb3-61c0-4f63-aff2-e183464b5b8a	5796	d97f2bf63c7a3e66a39d414b7de97674
b739cc82-f4bd-4da1-8796-28f6360e0f8c	mp-22963	93e3d439-2f91-4b80-84e2-205222ce5d16	34816	a2501005204954fe1e05947dfff37e34
b73c06e4-b8a9-416d-91e7-8d58521e947c	mp-567472	02a614f3-36a4-4e48-9936-190766c5af6a	269972	d1befc17d1db7be93390e2433d52f23d
b73c2c24-f47b-4d40-82ef-01872a0d86db	mp-28067	81439373-4df3-4061-9db2-ac6bf359b013	5624	12145cdeeb2fb99229ee2b31cbb1791a
b73fb3c2-2d19-4ca7-8ec1-593260f3d0f5	mp-6799	00230e93-b093-4e41-b389-324d26485bcb	2424	03f6c8387e9238c6d9d449e26b9663d0
b7411bd8-2f97-46f7-a89d-3918ea735878	mp-530294	100d8c31-0dd8-4d06-bd90-4409d35a4e20	252360	3642fa183f8d52f437488502105d2c55
b74f0435-6ec4-4f7b-8c30-b58b7dfe1a32	mp-12494	2769fe96-eb62-45ac-8bd0-1e05c456116d	17460	6be1e5ee15514967bac4e2ab70e98c28
b7593faf-5f49-4065-813a-5b428e4adce8	mp-4047	33ee7dea-77be-4ddd-9ce7-cd57fa410daf	2056	a972a588e57131cde83300c8d4c53aae
b760e70d-a92a-46a0-ac1d-26d3364e828c	mp-643260	b871a515-df0a-4a94-8754-a549f368a9ec	5716	1153433451f419c43df03fda22594f99
b763546d-0dd1-4311-a55a-a6adf2413779	mp-849636	2406b068-9aef-4873-a1cc-2d2dc9e4e4fb	51632	51560c8cb2a8271cbd1a6204f80af81c
b7666704-5dfb-4db4-9db5-fcb8344fef49	mp-18385	6cfd58e1-5ab3-4087-ac75-26bd121d1b12	17044	4ae0500f6b26b1703b4838b6f4756a36
b768394d-8c45-4253-8931-83c7a2a63577	mp-556703	cca0b6cc-f759-4d2e-953e-6c977e489f89	41608	c052b08f98bbc8459d2b83158f0d321d
b7796d7d-ee0a-45bc-b0d4-e0bf15baee31	mp-780448	278db6e5-b655-4b7b-9b96-0ad50e5ebae7	46332	71693006d281e6889a47c2d967eeefbe
b78b4283-7066-4f50-9c60-4720ac62fa19	mp-12931	e0a207b0-3fb9-4611-a1fd-e3ada462d899	28904	0bbe90dab72b9c45bc857125e5c04569
b7966273-80ab-4232-965f-5951cc70f4f7	mp-548598	534941bd-12fe-4826-9e20-501a6620fd48	9768	f3095a922aeceaa815b2122af0b1833b
b79daa64-8877-44fa-b329-68b31ce32ef5	mp-13676	a11e8ce1-6235-4a11-a718-50c033460e76	13036	8ef3ac00eb5092422f08c6b57ee64b5d
b7a8b051-d367-4a8b-a0f5-a66606c054b1	mp-569815	ff26e235-0309-4347-a8bd-4efb25090b15	19924	3fc62cc001de6f2d7cab6dd299481252
b7ad2f9b-28ff-4444-bc5c-3ab4bfdc1835	mp-560978	1d0ddb39-06d5-4e9a-8607-7300c1750eea	170392	a86488d86633b3d6d602ad2094ff8e8a
b7b26971-7bfe-4981-a22b-8d9a59640c74	mp-558521	e9c48488-23da-4fd4-9e84-3cf61d143ba3	60340	3b24b1c41d4f23d39219366c8aa0fd70
b7d4b9cc-2889-44ae-9d62-bb87943802b4	mp-23268	a1687f9d-12e9-418c-9004-b28999a0f105	1616	a71d627356f9a2f70c648df5363160dc
b7f154d5-b0f8-4879-858d-7ab0e51e657a	mp-570106	796025ab-4fcf-4adc-8664-0fb95ba616e4	16120	8bf8890c660080b28994c43af407aea2
b81a0ef9-b9f8-4b00-9a5a-a625a14d4bf7	mp-11772	4f4253fb-05c8-4eaa-be76-506dcd0a5be6	11064	3219bd4c5c7148957961c5c10f9ec827
b81c5ec4-f83c-4499-94c5-09e38af4cae6	mp-680119	dc4cffac-d890-4f30-bb87-eb4244b1c45a	29364	a6838789eda4e880ac7d1a183972d4bd
b8201485-f8b3-478e-b7f0-acf0a558d3c0	mp-572332	c761d614-a2db-4ecd-8b24-df1cd80a7697	53144	215c49925091d4922fe9336c7b770b07
b82e3aab-0476-44f3-abcf-74129c768035	mp-557955	494b24e4-9961-4630-89df-5d8fe93aa405	152848	b1c29a2829414b62346a34e94a38d0d5
b8316606-d5f8-4dc7-a17d-0537d5d8e13a	mp-865965	5f108fb3-9b16-41a6-ae63-17a4415b4b8b	3104	d35dea18569bffc5ddb4aceb87599127
b852cb26-2bf4-451f-a1b3-066d6effbc79	mp-16102	539bedac-8898-45be-a567-35d76e10a5cb	12440	8f146f0139619762b8a8c9d4c11561f1
b85c2dab-7ca0-4d42-bdcf-a71554f8a1aa	mp-2979	e3f2fb47-8a58-459d-bbe5-495f987ae931	31924	2ec352300b1dfb7e4586827a6ab59d36
b86ac4d8-7e8b-473b-9983-a3141c48d017	mp-4930	0f817b0b-1f12-4b6e-b1e0-b0ca3970ba38	17012	7c0e1d9252bc3bbe99cef2bb74349513
b86d09c8-32f2-47e8-bd80-263b920c8279	mp-39823	356fd960-3e66-4593-8728-2373353c3239	142608	1311fd7d578593e311e57df390183789
b8ada9c7-49fa-42f7-a76c-73b3a7e3fe8a	mp-4602	7ed5ec34-b417-44c5-9fd1-5a719ab9c00a	5888	3cf4300f8b692d056dcad13232e6757e
b8b34dc3-7077-4f00-8ffa-bbc570c9fe07	mp-680145	c0888aa4-2c08-40a5-b159-d147d691fff7	48968	feb16d62f835f0f833c9b440e2b60dce
b8bf51db-4d91-4ac4-8c91-dc46fcf4dc78	mp-554395	51b0663f-3855-42c0-82e1-6bd7ce673d86	72396	11e8c364d1263b5e2e0b51173714032d
b8bfaacc-fcf7-4d69-92e1-6681ec2dcb38	mp-542874	05045b1a-345a-4e42-a894-116ca0f1e664	51712	3a50555c40d2501fbbda66d96ffb1aaa
b8c01148-1a1a-4c80-afd5-bcd588e53979	mp-30456	21a9926a-1a4a-449b-b55b-a23e371aff3c	15028	d960b07c3b2f246bc55a8acc91e556a6
b8c96833-897a-448b-8be8-6715069a92d8	mp-6745	35413398-b71c-4ad6-9447-a1da8eaffda1	27416	c756561ad745faaef3e18737e990439d
b8d1fe67-003e-4943-840d-7d2bf6ebe476	mp-625821	61cd071e-b717-4b96-8980-975ddaf641f2	30488	d9ab4e2cb6f6e64f4f1cd170924c0e5c
b8d701b4-a972-4a76-9fa8-0aaf4d18271f	mp-27210	b3712588-c120-4122-8834-43556207d3d1	19164	33e4d9d89abac8c110772a4804fad990
b8e7c297-5a88-4695-96c5-016b4c950b33	mp-641018	676ccf92-9f4e-4ea2-a39e-791e4f0aa7ae	35724	afeb7907a71220ecfb0ea7b75ba93995
b8ef7dd1-56d6-4ec8-825b-327f2d45cfd6	mp-560297	d19966d7-4310-4ad5-844d-58e556849b0e	63748	1e15f0e8f9b3b592f985dbb591ddd231
b8f14572-e7e4-4334-b3b7-65dc588da4d4	mp-24646	b47c702f-ac04-4992-a2cf-b74a42f680b0	79280	55a8ba512ffc4bdc8f82f81cc213885b
b8f5e19a-45ef-4647-a3d6-8668aeae9d3b	mp-6122	e5bbe6df-acd8-4457-8ecd-5c3f6e62ac45	18376	a57b7d2b363ee2efcc2d933a23721d09
b8fbf7a0-bc0e-416a-a757-5083ba798b60	mp-28680	43f5dc5b-4925-4e6d-901a-90ade57175e2	36044	7fa75e394653d09baed7d3eba7306057
b915f4ef-904b-4564-8b1f-b8c2de361f6c	mp-561473	ad1ce72c-6bd9-4f7f-af6e-6b7b15f397d8	64176	700b2617221296b4bf99437894b37593
b91dcc76-2f38-43e2-a983-9018be18d471	mp-559384	3ae4f040-6416-4df5-874e-c0b96cfa6a1c	71424	bf18ce0f3be5dfcffacbf0a859e4aa54
b923132b-339a-4091-8032-73fc4646d242	mp-27559	22af1847-2f2c-4f72-b180-3f969f1bf881	31572	5b453c2a1c98dc74180be1c7ad6a7c71
b93121d7-2690-422d-979e-92830b7ff268	mp-504814	e298c06d-ecc8-4d26-b058-5daa6cc21012	35172	f5b98006800cc5147aabae4eac3ea930
b9533acf-8262-4c74-809a-2d11e2013d18	mp-560544	47204d8b-16eb-44b3-a2b6-52e9b8171e27	28836	9b4215fbc461f9476954434c0ba8dab9
b95701e5-c239-46bb-b064-f242d4da36de	mp-989636	bc60e6f5-f386-41ed-aee8-53b06c84ab1a	23292	9fb793ebf0ddb0666ee061a3c987856d
b959dbba-d243-4d38-a216-79f38b81c857	mp-17400	d6c805da-eaf2-4909-8d37-6e030538d503	36804	799995a2f4a701e0f662cab8703ca4a7
b96de10b-7b82-40ab-91ef-aa2fb12ddf5c	mp-569548	353fa342-2ecb-450f-92d1-cae0c81ce16e	6508	04b8d0fafeba09b77e2bb1f031538b29
b98a7baf-68b5-45c4-9c95-01498c057af2	mp-504891	800ee298-7ba4-4084-b201-f5ba8e6f1d39	16608	79530c442b485f4256456e580454473e
b9b55db3-9f60-466a-97da-a971c34459cd	mp-560863	0e412959-269d-48b0-9f11-0faae16d5351	51312	e6762ff7047bc1640f80ed3c86e2193d
b9b9dd1d-6629-4967-9626-1f48eb17530d	mp-18532	a138120a-a8c6-4952-8a28-f8580a2ed758	18764	67470c08fe1508270a6cd198b6fffd6e
b9c5db08-7214-41ff-a6bc-4e46b71f30ca	mp-558226	b9c0c33f-cf22-49db-ae7a-e6bf562eb4c8	58320	8d127b11c94a640797b9a8e8a1241384
b9f02ba1-c647-471e-aeea-188ea0e6167e	mp-29299	6cd56640-9023-4d78-84bd-a94076b40610	52880	3243ae06ea724bc05c47c511ee38cd9f
b9f332a5-1c0a-4f3e-bb22-afe981f9929b	mp-583714	3bacde3e-fa9a-4afd-bb4b-e94d27865a62	184996	1b1580f589e9bda3a1f08de36f98db87
b9f5229f-1ba3-4b8f-8c8b-f57798ccebf3	mp-542459	2f821826-eb85-482b-8fc0-e918c10332ff	83056	ec1f177ff59c9ddb2b6a4377b4bd454d
ba100995-df01-405b-82ae-a19ab3b7092e	mp-665	71c63975-718f-4d02-a10d-8ccf4e413e12	6280	65d879c23e845b5bc428f16580c82a75
ba2530f2-e216-4b57-928f-756c7682ecfa	mp-36538	e8ffdc45-b576-4b4f-8d2c-22cf34810fb3	7724	1ba0273160fd5c96561930fe37b34bbe
ba27512a-892b-4f50-88bc-361ddb2a547c	mp-754004	b9c12125-fab0-4e2c-a488-9a7058691634	22372	2ec0909064ab60c91a5e30ee282dd8ce
ba29c5b8-5cda-44da-9960-74f2ba23f34c	mp-770469	fde4e756-2190-40f4-8f2e-0a71ec29036b	31704	d0de8b230316a79573dd15334f6d8f82
ba3b899e-3827-4f5e-9960-1811d9a1d3e5	mp-643276	1e41881d-507f-4937-9ab3-19ffb095e81f	9784	5836372194f8e90283b5641f9e6718f5
ba3c92b4-b063-4a4f-ad2d-832deab60447	mp-4559	483ff4a5-1e47-4f34-b835-9dd2c3e441fc	11340	d541fb9cccd1beda86c962ddb7c4ee77
ba400e5f-4a35-401c-9848-ac90a3e32520	mp-772295	7823372b-43df-4219-adf8-d8ca8c491585	5828	c1f6fb963469333a65885e9a80873aef
ba5fa5f0-93e7-43b3-a92c-26b4cb0e2adf	mp-571583	24844683-2801-4ccc-b777-b91897a4d351	57388	015febdd694d89c497d6e84c3d02a51f
ba5fb429-9c47-44f7-966a-f08da42e4e19	mp-29052	e7f6b3cc-e158-4a30-9b21-dd6b22de8218	17768	ef50957c937a5cb435cbc6722842a76a
ba6db0f7-2da8-423c-bfef-b530b17316f0	mp-30543	843f3908-32b3-4c42-b33a-0a263657bd5b	33696	16844d18ff74c72e234c68c420d2b2f8
ba736f46-383c-4cc8-abf3-a1e2a8065fa4	mp-570218	10905fa4-97dd-4e44-9a93-fab31e8ddb34	97620	e85e048a1c4e85fc7514da9a4d122927
ba77068e-8570-4900-a847-cca3f4d58b27	mp-22598	6d9988e9-b16d-44e7-9528-2173d2971b73	10520	ed30e64f67fb60c0dd7c54b774853eb5
ba8a1fdf-bc29-4f23-8e89-0c112b5454f3	mp-654139	2995a047-e2cb-4b14-966e-da5d8ddb1c1d	72224	ee0277a2191cafa1a9a55edc23a18ec8
ba8fabc2-7b7b-4f40-850b-005ba0dc4aa8	mp-28453	8446ea51-45cc-4a5c-9d8d-a62ac59a842f	6440	5ff72a4606a534b8a67cb0bb0ceb6760
ba966b1f-1594-451d-9e05-d5f9ea21a373	mp-754790	09c9db58-f0ac-4ac5-9327-efe0f3b50a65	58776	5f1555c5220093620057b18daa3e8ad8
ba9f8fc0-5d97-4c84-80c1-c2784048c0d4	mp-567753	9db70464-b411-4488-9dea-8c56918ced21	16288	5e7e73a3241f7d8f23b90836704178fa
babadf07-ecc3-43f9-819a-7324d767ba2c	mp-752413	ee5797bd-761b-4096-b1ba-816062236060	15856	0f3ea0c2661f4a923f8e3ecc98af621c
bac0fb03-869f-43bb-9abd-3fc561e06907	mp-16598	285321bd-19cc-4e4b-9700-3974a91f55dd	22268	a328fb916b1cabcb78caa8f29b4a30c4
badda7ac-3fdd-4fd0-9c74-3628c9901c01	mp-8850	d3a43ece-7832-4f9c-b0b4-48d9a302291e	22888	b40cf2b69d8e7b1d077aad40ea2793ea
bade5d3f-9a0b-4911-97bd-8aefad8aaf94	mp-3529	c5b9043b-d50c-46ec-a2ab-269f8f22ec84	31980	509426049f7d676c3fae7860cbe10b5f
bae9caf1-d44b-4664-bd2b-f062bd2e48f8	mp-752446	8f4728b5-d4c1-411a-b87e-67d9eb010b03	10032	8e9b7a6294af9e43196619a68aab0a80
baeb2b33-6f19-49d2-b4e1-2606d555a331	mp-570061	f88e3133-4950-435e-807c-9a66ad4de82c	48376	ae51ee8c8a4357155dbe5ea39baa1ca5
baf5d282-101e-4deb-b402-b32c328b766d	mp-7781	dd52253b-745c-4e4a-8e4f-0455da71257a	14800	125885bb074eb9eb7baa5d83cb531c64
baf7d16b-fa28-4457-a9e5-5145389d9656	mp-29312	4fb0e35d-86af-463e-8245-502de2766e5e	17764	0ff209de86920914be1d5b0af6a1fdfe
bb04234a-4236-40f4-97db-3325f6c01063	mp-770649	cde2e6a2-13f0-4732-8a71-b9e3f3644afa	27848	2cbb1598e8dd0b3a5b420a82f9df5b73
bb0618ba-f311-4337-a3dd-54d558c11a9d	mp-562057	283b402d-ef0c-44c2-a716-bf1c8a5fc13b	30100	54b91cfa6c484ccdbe3c23cb14ad0957
bb0b5bbf-500a-42fa-9d83-ca34b83e4f32	mp-30299	119dfa24-34f3-45d9-98a2-279ec16c30df	18732	abc87c7caafb377a1bb466f3895bb008
bb1e7ab4-3a15-45c3-82bb-9dcc342de961	mp-677731	442cc688-3e78-44f3-8e0b-d859b7a0bf74	162832	1a99a56d2c5e73f195e7678b84777bd3
bb24beb9-dca5-4c07-858e-aa429a3ba21a	mp-1536	df0f0b2a-5899-4259-852f-eaa6a11012d9	26184	2e3e4c568c5d57685256670c3f34b4b9
bb29b83a-b96e-48de-bd0c-af370fac6e59	mp-17101	a483ff0e-c764-49bb-91e2-e6bee78796af	41224	c3ef6ef0f737cec57c5576d0199ae96d
bb2e9215-a0e0-47e2-b9c8-aa03cb1be2c7	mp-624	463c2de9-8973-4c7a-a676-ab4e5492cc76	5816	f829dca77238592a30afd2b1b5479553
bb2ee505-f68a-4472-a77c-9d71cfeda479	mp-530146	73bdca7a-99ae-49ab-bb9b-3ddfe2dc8cf1	105788	e0f8ab40bcfbc4eb47e3ebe8674407b3
bb577d08-37f6-4d25-973d-a3b82a124564	mp-9462	00eb6764-1916-4159-a587-e87e036e036e	33700	4a259e6e9d6bd681f22ba05bf7e08563
bb5ae0b9-dd89-4def-ad32-19ff8a310284	mp-20316	c035e825-fd11-41e7-a72d-f9387e0697ae	24724	09f1f2595df820e9fb37dd66adf54ba5
bb6ea5c1-1ec3-458a-adce-17bbf4cb61bc	mp-30313	d7b242bd-f828-4824-90fd-ba97076a2fc5	25488	bca1738bc80e824a4a7b03628b79f613
bb84bfb2-65e5-4f44-9e3f-c7f4ede193bd	mp-626369	2874bce4-02e8-4667-ac20-707248d42670	28232	ce8cc186417d93634a4044f5b30bc0f2
bb87b277-f013-4ab1-a69a-2f9750f2e3f6	mp-23872	63b331db-bf2c-4024-bd0a-b7b94e4f0486	93392	dd807ba1fee45a11a942207e612c1a10
bb88c0c4-943b-42ef-8b44-3cc9fcca11e3	mp-779545	60885862-854d-4658-8927-c3dcbb506bba	13144	2d05a6f19962af1f024073bbf314cb9c
bb8b8de8-93c5-499a-a7bd-51db9ed56c49	mp-3901	8a24261a-50d5-4ed8-83db-84057936160b	29236	7f3d2c315f2ca4998eeedfe751b7d722
bbb78393-f060-46f7-b825-94f708117d51	mp-13983	21e94aff-9696-4b8b-bfb1-2b275b08db0e	11176	eaae30f0c37322e71886e58cf20239b2
bbc9c4dd-6d61-4ac2-8708-c565fb1b18a6	mp-559957	d25fa688-59fb-4dec-9b7b-c3d4a46b5d71	63604	c97ad8fc983532b4d72a551e776b5a21
bbe1144c-c835-4419-9bea-995215f7b436	mp-17774	d96a32e8-8dfb-4d44-b9d9-9b0b6f613d5e	48612	6fa12e058d65b1d19f0c908d648e1e81
bbeb337e-a8b6-487a-984f-390738032f38	mp-23147	944de173-9eb2-4e36-a3eb-7e8972ece001	7364	e22b43d980fb4815f6e46daedfca6a5b
bbf46251-9a1e-46e8-9a85-8d1c3ae0184d	mp-605344	bc6d8a3f-0d0e-4973-9391-0846c7436ce9	69556	dbdb85f808da94843ba750b333a6a9fd
bbfd4db8-ac59-46a4-b998-c3451b6f507e	mp-760755	0968194d-5add-4f56-a5e6-82365bb5c7e8	39312	ffa9e891028ddc5a83223c18178f3f8d
bc14a378-b3d0-4516-85a4-78642aa70def	mp-27979	dfdae907-860e-423c-ba59-601f43309fa0	10672	bc30c34ede4dd99744e17dfc8d12ad9c
bc14b5c7-0278-4978-ae52-18e978bb8a19	mp-761036	068ad238-a5f1-449c-bf20-24f35ef90592	12528	29966cc41fa89efb875f7f0d8b4d25c2
bc180139-bc5b-4f84-a3b3-985908d6a885	mp-6628	a3dd44a0-56d0-47e6-ab3c-e24b94c19de5	33952	ac038d445f678b00a36a7aca8d5757a5
bc182bcd-753b-4bdc-b77c-e5f56f769242	mp-772938	74f55d08-fe3b-4f84-ae47-f66fcc48b2bf	21908	8720570b4524166f335b216514b960d8
bc27f32b-7aa6-4327-835a-2d33c9317448	mp-34508	d0f5ce0f-b902-4d40-b3f6-0eeca7fdbc30	8168	16f4158a59d0461df0f4a169e7b58fdf
bc29a0bc-625b-4939-a99b-ae2a3b81e27a	mp-541638	6edf4596-095e-4171-bc1a-fbe781d4163a	56096	038476b7a44e526b37c969e4b0400862
bc3f8f22-8d0d-4d36-acb4-d5b7fdc56f74	mp-865972	a6d30c68-8d16-473b-98d0-82bacf1ce3b2	27156	54710027d6cc141bcfc4711015b6000d
bc74c11b-4b36-4699-91c5-15d9f08108cf	mp-39140	99cc6766-1763-47cd-beca-5ddb75ea5146	77424	6831e6348ce84fc911d77057318cca05
bc7e4bed-bfd8-4bda-8477-86938bac86e2	mp-865274	afc84ad7-ac42-44f4-9886-fc2ad3f2cbb3	59380	a1b4fdee241319bd58245821a8ad61c7
bc806406-21a2-49c1-a765-ae789568805c	mp-22905	4e6401b3-7af6-4344-842c-11edbd87c187	1628	148cd2ef1d95c514aa25aafc5b7f5dfd
bc9ddadc-af07-47a0-b136-f9f1d11ade04	mp-10572	ee2b3b76-1b3c-4288-b5fe-34b2cc18f19a	10140	89e3c9ff08a6597e7844025ef4aa161a
bcc38991-4235-4b38-89b2-4403956fab9b	mp-18255	4484a486-ec8a-4245-b4c0-9bf60d221921	80036	5cdd8ebad6cea1179e944e98e8cfd08d
bcdadc5d-9d27-40e6-a5c4-86bab235270c	mp-554206	d441c036-f120-4076-9e78-f9e3234353ea	25652	4ce69208ca300c3c7a13f7d24bf404e9
bced3d03-dc4c-48dc-9fe1-8d1ab4b30be9	mp-13687	b04c3db4-2d3c-432a-a75f-524e289fc229	2368	ed2ce59e0691e7b540dd1b2602f6e4ab
bcf007ee-8639-4083-932c-7026b718ee24	mp-15833	62509088-53b0-46c3-8223-e9ddbcc09ca5	5488	0b8802e4ae63bdfbe8d0ab85afe8b96f
bd00774d-d99f-468d-84c7-e33bcff1a600	mp-754370	18118b30-d508-4975-9c73-6d2592e23dec	15572	1d3388569ca01ed7cee0c96274ddd649
bd1be563-6454-44d5-b4b1-e085e5397409	mp-7601	bf46de5b-2e47-4bbf-b83b-e0465c789df4	33348	ad7dd8f6df2f5ee3a7802d059c321e51
bd4750a0-48c9-4723-8049-c47d41c3ffcf	mp-23966	b239b3a8-210c-4b3d-bbfe-89b4d63f45f9	40080	a53c6f883d9f7d1aa51d42f5a138e80c
bd51a3e4-ce9a-4431-abc5-aa49225a6144	mp-3789	f3854fc3-2c92-4f47-8c87-4ce36673f36c	54816	e24832774dd2fe39ccdbf86f25c76dce
bd5e6d9e-28db-425e-8938-8670e02af62d	mp-680170	fdeb2fb4-436f-483a-be0e-373bc59050e1	89444	af1d35ec63b9389aa8555c3f5a36f0ff
bd64f28c-de60-4229-948e-b2da1486f516	mp-558268	892438b1-2b97-4d6c-9998-915c7446045b	38180	99e9b4932dfed6c0334ca25ac3a26574
bd714674-234f-40ce-82cd-35cb4ca4092b	mp-1550	10c6bed2-f3c2-46ea-a635-282572d6662c	1872	254339401bd1517f199308a9c8be5fed
bd7e792c-9304-4d5f-86bc-2b20e4b4e555	mp-643070	949bc7ee-c633-4013-9467-bc1f517eb080	15504	e4a4db06b6e744c80fddd3b132a44c2f
bd8e0541-2149-43b1-b126-2bea41d8c32e	mp-28584	9769828c-7a12-4f49-81a4-cd3ffaa76cea	18432	7a19dc8b1ef7d4e1a7ab424c91d136e2
bd8f92a6-7809-4773-b787-73e337ca1174	mp-680185	705842d6-5b14-4e85-8e94-7cb38cfbcc57	131216	1714fb7564a9d9037b47098083fe5735
bd9fb2d8-b716-4965-82e5-88c9a8be8a28	mp-6553	d8d71ff8-8703-42e9-b087-8f9d93507124	27452	1a96cb628bea239702361354705200b5
bda0c4a0-1e72-4d22-8a3a-b6623829cb15	mp-28728	4400cec7-c184-48b8-87aa-23c9008ab868	50484	115af74d6cf31276377579f04544baa5
bdfe8c84-66e7-470c-9aef-9e752693dbe0	mp-669414	c4ade76e-7b71-4d9d-baaf-f9b74e2830a9	51052	13212eb32d4c6f0a915b507a452098bd
be087970-ee9c-453c-b175-774132e5f75b	mp-22991	fafb305d-5dc2-4020-8059-3bc83b27138b	6544	77882f3491c1de3e089274339e360476
be10a876-a295-4b8e-ad4f-d52a44f33992	mp-23349	85043016-9e96-4f70-bf8d-a17bda65da0b	27264	47efb4eadc6fa1117b7d40549c5e1f95
be260c78-b08f-4be7-ad12-af03ab9accc7	mp-867328	5fc207f7-74d5-4e45-ac4b-87e9313ac7cf	45624	629dbfe91d3302b928e52add27fdc78e
be2b8090-dec3-47d6-b11c-02db3d9fa1c3	mp-8411	4d151f1d-c136-4569-9cad-ff391aa82da9	10064	40ca238beb31b7aeb7cbaf57a92e834c
be35b419-8ce7-4817-9501-6d22e7796196	mp-28815	b042eefc-2a2a-4203-b7c4-77714d1b4401	13208	920e72795eb26c7e3cfc43fe69c70af1
be3a3b4d-775c-4fbe-9c16-d8980e3fa346	mp-866660	d5263beb-d796-45c8-bc8c-75bdbecec75c	82808	5b316da2fe2df4aacb191761de89b160
be3d155f-5f81-4019-ae50-7c6b5f9ddc43	mp-24148	ddde1c85-a87a-4d0b-b288-aa7f63920c25	12000	3edb484f5861b11d47889aea422ce8be
be47dc44-89d8-40e2-8a1b-c4d08d533208	mp-559951	3a596e06-5346-475c-8ca3-829070c8e7a4	48432	528410493ad92878dec53424343d4ff9
be54317b-db15-4ade-ad4f-945c09bef234	mp-8347	2397dd7d-4d62-4b87-bff3-7df1360735fa	18784	5334d477a475ade1b9e6044fe1e69626
be5b02bf-cac0-4cd6-b176-e58356535843	mp-555212	1d390940-2289-4942-90e3-6aa182bede4c	13316	d2ae52eff58b8f27abfea574018fc98f
be5ebbbb-6875-4a1a-bfe4-13b66ecdc215	mp-28542	9664aeba-7360-4df9-809b-af0c3b155fbf	24576	4e8e974fb0a4574b387e43fbe8a9e724
be61c56a-9817-4dfb-aa82-e261fcd3accb	mp-1434	ad3b14d5-8d85-4223-abd5-c3cf2ad3205d	9980	8348c45e60b604ae9145f964d91ca11d
be72640a-6f1f-45bb-8853-cf3cc058167d	mp-16577	49df1be2-4bf5-4c2a-b6c7-4bb6d8ed3fd6	19608	fde5dec1c4471673814f14865e9b44ef
bea0533b-276d-403d-b2c8-ed8ff89a40a2	mp-733936	da5d76c1-56ef-4bcc-a223-f2f87b83c728	63060	39cb01d6a9e9b808693d381f53c5f374
beb11aba-62de-4684-9f14-3ef3648417b4	mp-558933	1960e655-b628-4c4d-b351-dd1cdca2ad0e	45880	57dcca257a7e19a9a51faac8d2d47ae0
bebb0f5f-1efc-46b6-8632-5b00bb71f18d	mp-730	e03e8c41-b46c-4791-b9b0-b953972dd2c2	4296	e4e74dff585074176ba482d49d476535
bebd3f38-0d7c-442c-8731-42ec19d2874c	mp-571011	159931b0-14f0-428c-9474-83d3bd63c5c1	23360	3e9ad8b6e3f4d5db0fc16acf3334cfb2
bec54d2a-47cd-4ceb-a510-c2034d7e0d8c	mp-540703	17596082-3044-4be6-8007-6bb9ea86dac2	15128	6155cf0dded0e1e181ea4287d5414023
bedd9b4e-7104-4a1c-bf29-2c2d823362b9	mp-570593	939d6a58-d2c7-4e05-b930-7c5915480f8d	63324	d90655469dc2909efc876aacc752b414
beea3e71-2939-484f-af88-f60fb56c1a00	mp-569467	5b098c1e-975b-46ee-974d-5d8052470175	211972	82087d613d917af6e5ddf142554f70b9
befc4f91-bd9c-4f8a-a132-1702c04dde66	mp-989558	6d9404d1-666e-4d69-bd30-cbcab290d986	2344	45b5d5b2316f716ef150171f60e8fb2b
bf028e8b-f74f-4c9d-b0b7-141c42267012	mp-571445	cc71486b-7329-4b17-b81f-5abaa443db15	34516	831e6e7724889acd687875297b68a014
bf13d321-791d-420c-8927-d498ffd529d4	mp-16961	cc64e8a1-c363-4ad0-a480-4aefefcfdb0b	51604	94d78ebe04cccc96cbbac3aaf415551f
bf184057-654f-492b-9d13-584c5b7d07f1	mp-559835	a1f69d14-ce54-49df-90b0-ab7b40932eb0	14792	a2d9ef7da6cf71a17ffc01cb81aa4345
bf224246-4546-46e1-84a1-247777c187cf	mp-570622	4f43bd08-3099-4cbf-b07b-2f689213cdbc	279156	a7c40361f39964b3378091c73d0a3d4f
bf47481c-d0a5-4e6c-820c-e0e8d4548b45	mp-14600	926e5f68-dfed-4fb4-9721-a22c5e1e0c5e	95260	5471632c35775de40c71ce8a456a8940
bf497f5d-f44c-45d7-9ed7-a3227ddb67ce	mp-755419	792c9a60-d76c-4094-9c0e-2bed9d293ba5	18876	270dc83b35811b3d3e6b76dd29b979fb
bf4b64a8-232c-4c19-99f0-bd701c48f3d9	mp-23218	c86921b2-d612-4462-89bb-01b92ae97fd6	10892	142af2122e2c61add012187ab5f0b868
bf4bf15b-2eaa-40cc-9f6f-796e56dfc368	mp-10378	664bcb84-e2f0-4ca7-932e-70f844abebda	3016	418319639539590aad40f6d23990d14d
bf4cc897-8692-4dc8-adc2-55553a93c150	mp-9750	348c9b0f-f996-4545-99cf-809f859196fa	26784	5287f5560c05f955cb8b6f0b0929e3fc
bf5231ae-4694-492f-aa8b-57d9801eecac	mp-30286	4fdf941b-e0d0-4c3b-9ac6-8a1c61d2d3e3	50684	8ea76bf85fd8835922366af8e3381820
bf56ce0d-a99d-4f43-8554-e4b0af62a9fc	mp-754114	5d41219d-8bd1-4485-9ca1-305c704344f0	3196	2be6c0eb2186e842b0c1d8e763c1a3f6
bf676904-7319-4780-86f1-6716d9d8c15a	mp-754138	ed41108b-79a9-4b8d-b806-cb6ddd2abc8e	7344	d2373f9dd674fd45c7f1da3c3ff417f9
bf6adfef-b975-4c7b-aae7-a9c7549e90a3	mp-754128	20bb6ae8-9ce8-4c28-a47c-d6f846b65ec9	9612	5086c505a917f40f46de936bf4ebc169
bf7397da-5d8e-4780-af6e-a995774d6d02	mp-505158	70b55d66-0235-4c30-bd92-74c8e78cb07b	6348	e8ca3b895490fa7197cd5ca6f0774a6d
bf79b483-c332-4c73-aa55-034062b9f0c4	mp-18148	4a2f7119-aba6-4f9e-b258-6045c3490415	31988	84635a8d360b7ae81e5660ced4cf3ad0
bf95f9e7-2deb-437c-808c-0d21eba2c45e	mp-549589	91eeda67-fc0a-46c0-a9c2-5101e3ff6089	8560	fd44ee186a12534537fde32033cbf816
bf99e67d-87e0-4d24-847c-c6bb02051fc5	mp-24142	319c9d05-6b5b-466b-bd93-f9183e71d9dd	23852	59bfff294c194bdbeed28007a4bfa3cb
bfa7e24e-4f78-455c-95e5-4e2f21f35e96	mp-540945	e11cb43b-7422-4da3-a074-f79f7695d56d	28232	ab87054c8cb8350436748eeb11f173a5
bfa9839b-22cf-48c6-bda5-8bc1e51ee609	mp-8696	20a640a1-8a79-4864-8ed5-c608e888cfee	15800	83270b2579b56e36ae1bdafdc241d7e7
bfb100d3-50b0-442c-981b-0df7f0032f0e	mp-769610	3417fb92-cd6b-4c48-a0f3-93f1fe8a1d64	16376	ef58e9030dcf6f6bd1790c15d434879e
bfc08ed3-27d4-4f58-8309-212a5f60956d	mp-7955	8646e57d-0c9e-4ccc-bb4c-f877d1c33f4d	7412	7240a68712b7b290a026104131d3b009
bfc5be88-faa3-4564-84a6-823142e63060	mp-542772	68a86f59-cf29-4bc8-a0a9-54eff2fe9d02	12984	d445504ef7c89e2495519b5d354b0e99
bfd1c5dd-3d9f-43d6-a4f6-1b94bb63d6f8	mp-24216	2b69c154-4d84-413b-9a23-ae2d067f8685	44124	a3acb0e278849579191c218444b22849
bfd913ac-4373-4d01-a2bf-e86a4f2ea02d	mp-20727	b82f4796-0887-49c2-adf9-a934571f0822	6840	19c6d2f95fc48d2ad2be1ae88c582d07
bfef98bc-2438-4c89-8621-07d6384dc3be	mp-769307	b4b41293-cfb1-4a77-a0ed-8cdfd7c8650d	26616	ca253f7df3a556cf384d65942cf8dbd4
bff54bf1-24b0-40b6-af30-2bfa55e29ab1	mp-555495	ab5912ce-0481-4b85-b8f0-e256d232ca03	21648	3408934ea9eee9d24cda540713e09b49
c00622be-962e-40fd-b183-c4a5c361f12c	mp-555155	6d6e7705-38af-44b9-842e-c96bc4e16f92	45712	e5bc139ad97899b9df9df77a33c2e357
c01ef3cc-2dc9-4107-9bcd-c0a1df3b40b7	mp-8076	3cf03754-4581-4cdd-8160-e554069433b8	6788	446793cfd6f029591d4286deaada362f
c02035fb-da83-4b70-b393-1f7d4e61df66	mp-5709	49f9796c-b1f6-4c4e-86bb-547d58ae7619	26000	cdb9721c87833e9b4c0065880578bf26
c03ecea0-d2e7-4845-88d0-b70b7d88809e	mp-557070	d7804c4f-c6c9-4b95-826a-892a1d8b92c1	28620	953a390509761b40018a75ec2066aee5
c0449541-9c69-4865-92bd-1f4235f1704a	mp-756297	97debbce-0636-4362-a88c-0390868122bc	3084	978784fb780a7ec4f4f8015fdda3ad04
c05c6ec0-dbdb-4027-b4e9-18cf2d85fbbf	mp-7077	30595879-c698-40a7-9e5a-891e7c7d2085	9328	ad629f10ff6839d6fa7637eb906f44ae
c076d1f3-86ca-4d25-a928-616f4dd637c4	mp-3954	102f4924-ab1e-4b29-a9bb-a22595b48c64	18944	6309716a0e6542923757c370b0a2828c
c07aaf8b-6c4f-4970-bff5-dbb9ca921e2b	mp-560569	9e98bb05-1dfe-40df-bb82-679306f97fcc	31980	47d16b0f7ac86483a2b4f88c2c27f0fe
c093eefb-c7db-46c8-b7c2-c8827f6a83d4	mp-849779	068b7c67-5d30-423e-b3cf-30519d475ef8	121108	8d2fc012882f5aff8a7e1ed6d4c4e672
c09dbb1f-a748-45e0-a5b8-d17b0ab3b4f6	mp-3963	6de21c5e-a29c-44c9-950e-12e545a2dbe4	35320	4684ad0dd2efa9b6211756d7165d070e
c0a21371-83de-4b8f-8e2d-5a763eeedd0b	mp-17698	ab38061c-a094-4ed4-8730-0b155456aba0	8364	e6958631fd92c747713dfd662f64472c
c0a3339c-bec6-4549-af43-c36e9cd279f5	mp-561246	11194065-89b7-4b68-b2ed-0591d1a92a35	57148	cd6eec17a9693a2f4c844535f8546e8f
c0b5f61e-aa8e-483b-bd0c-ad005ba65b42	mp-555153	011d9251-1a76-46b4-9b6d-e8e21f4b9384	36540	0d136479a10cfb3e88f6a9d57a1f29fb
c0b64f67-ee3e-4063-b0c4-91767471f855	mp-558490	b92e8ab4-94a5-4641-9936-b0dc154ab363	50100	8db4fcd60021571def28b771e543649e
c0c07c5c-76f5-477f-8e04-82798dfe2cec	mp-23084	53475f2a-3468-45d0-87c7-c7213810930f	13480	562399564fe0d47eaa58851ccb35eb97
c0d675ce-17df-4e4f-b5f7-52321956f7be	mp-570079	c07c6daf-8a6e-470a-8fc0-8ad8d8e1c525	15420	6a40db1bd1707e3c1e4ce7d60f50ab92
c0dd84c8-9db3-4cd2-b123-f8e9d8448e92	mp-7995	a6683dbe-c405-4663-bc5e-da3cf0bd4c1b	29804	4ab41b280002462d5c68de15e40842a4
c0e8b9b7-82d5-4dbd-b829-a14613d2e669	mp-15559	9d54eeb4-d435-4006-8f36-f064f6be3b3d	176032	74ba70c93c914fa580f1558744a12748
c0eb47f1-617b-4ffa-ba3a-a5f80227a314	mp-6759	661c417d-73ea-41af-84da-f8497c90f70b	83296	d073e452ea97b38dcdc9fd2129b14726
c0edc6b3-c97d-4572-96f5-06d6691042ef	mp-9191	a430e599-6fda-49c2-b51c-b816ac588333	5572	84ebab84457c36bc39eb29d1de9b641f
c0fd7fc9-ea31-42cd-979e-175687b32bd5	mp-684	589b9fe3-9749-48d9-b4b7-336ec6ceccdf	13752	241762f9afaf6677f0057bc104a84d0e
c1248608-3e11-4ffc-84b6-6074746fda80	mp-17960	5481bc04-7475-4d1f-a33e-4fa1fa0bc1ca	23528	a4e41cb4760891db5977395342ccd968
c126460a-9bcf-45c1-aaea-55067113c14d	mp-556528	227e23c9-03b3-4329-886b-fed81ecda5ff	14352	c94a66068c458eb9f5268b0efd2a3790
c1499304-2047-4d0e-bbff-b1b2cdeb37c4	mp-772862	4aeb4372-dde3-4063-9cb0-7fec80aa6d57	68956	c42885efe81fdb19e527034836f59388
c151760e-3b85-4720-89b6-b53a286c5193	mp-17973	3917a2fb-d9d3-4185-b38b-138ff3c43bd7	6864	2e78dc50219bd017013bbe36d8c07270
c154aba5-10d4-41e2-857a-947bdb3b2335	mp-6674	443305b1-da1d-4b17-a803-91a9645f4407	26668	6416397522164d894563a9cfb1628412
c15f9f86-8ae3-40aa-ae72-fa8c833f781b	mp-9799	97676fa3-1d82-4d31-a0a8-ca4769665f1b	7804	a764cf691a3b0020a793e7cfac71382a
c164f16b-a0e2-440a-bd4d-c6c3385a30ca	mp-16921	b2bc5f0e-d172-4122-a194-d30b7caf6e27	33068	1a3b5a605dfd2daff8bb7cce27a88071
c165209b-d3d7-46d4-aa59-aa16db099bcd	mp-14389	c6b89819-0daf-44a9-9f27-bc5853a0b449	51584	22e32071c616029863e30bf7ebd8f52d
c1697361-6d77-45c3-ab5b-d1475cd0d862	mp-35785	6c903d64-b5de-4acd-a42b-fd47832d546a	3020	000e24c66cfa02caf7a21227a54e8fcd
c1751702-7948-469d-9a97-f15fe5801657	mp-557268	e09830f2-7b33-4876-a6ac-909bf933937d	94672	fb22def950b396f85b638f21699a6d94
c183a27a-9cfc-4aa8-8d5c-2c0eff06b591	mp-7305	6dbad5bf-b409-4049-b6c3-7ee9e1727945	75160	7348f31153be472f91997d3d1110ca82
c1849e2a-6a4a-4a28-b476-197c6a83f70d	mp-561489	77eadd4a-642e-4a7e-99bf-5aee9d62e903	28240	61b5cb1e88871b26a59d309004839038
c18d8531-361a-406b-9481-aac3086bce91	mp-30062	a590db24-dfd8-4c8a-8cad-a8beb54ebd53	2012	cad412c6458758f61898728c7805252a
c191b6f9-8353-48db-9ec5-ba9d31d89159	mp-23145	81adb3ee-1a62-4123-8d1b-fe40089b9691	7336	80ad2e90f28e0acb8dab5296f471cc2c
c19326b9-a8c0-4fd9-9940-4cc07d9e92d1	mp-559533	5c24b7e7-c6c6-447e-a999-6257e4dd4d57	72568	e1696b29dca71f5f15163a5def028c27
c1a5c54f-4cfb-44fa-ba40-6096e8056f63	mp-9080	d9544b5d-9349-4ad5-83a2-55ecdccb591f	6576	98f105c06d4d83642b550a05f308d8c2
c1c0321c-63b3-45f6-8eeb-49e0739c3b34	mp-4647	6c58933e-7e34-4638-8d49-fd4bbdc7534a	30208	f0b48c1d9e55d1bccb9b38d4f8fd8d4e
c1d85e1e-3212-4345-a35c-e22b99cf6766	mp-680294	c94439bf-3049-45e4-b2d1-e7009d6f15da	181552	3c988c7c82379bb2006502eca13e678a
c1e16337-5e2f-44ce-bdee-493c0be87e8a	mp-559645	1fa49f78-6354-4675-8836-b80de6186746	110932	fcd4370e678ee2ae7c275ac309e87db9
c1e80552-728b-4e83-8265-68548ee1c596	mp-9047	b1ffff19-f2ed-45b9-8357-6d15e953ba0c	33444	a7fee09c9d28c2b80fde436dbb1bddb9
c1e9eb09-ea72-4d55-9ee1-de84b1ca7f68	mp-615746	bc239b77-f253-47aa-9820-2ee34f411312	6720	1e68a0d6fcdf8d5319fef6c924e6e47f
c20db84f-0e23-4baa-8a64-ab29b8a1497c	mp-28323	6ad2e6af-164e-499d-8114-d3999f68aec7	5576	bdb40351aae05d701d8ad086597b3892
c210a6c3-1419-43a8-a222-c262bcc2a9f5	mp-582680	886ac873-64bd-4ee9-abc5-633d34af6f63	78344	0dfb97c987f3545ce7128a7c6f4b1249
c2430a29-7e79-4dba-80d3-ae35643561f6	mp-570321	e7e66eec-28e0-4fab-8b3a-be13cfc659c5	35700	37be5cb9f91c793a2ee4e728daaa9ab0
c243caac-67d6-40e5-9987-0ea06fce3a77	mp-11659	07335654-fa66-40fb-a264-a7e4e927893b	18344	bb6b7fa35b33cc8acf0bc033fdf1df19
c24aaa02-f0c4-4c99-9c0d-72edcc28e5e6	mp-31488	4c7c31e8-0508-47a7-914a-65c978708175	8772	4ac464d2924dae5c1107dbc12565c47d
c2773200-37c2-48a3-a659-c2e767f00609	mp-31062	730938aa-a59b-47b7-9f20-5a8bcb9b2708	89788	900cf57234526835df02258165c0ac8a
c280bb83-305c-453f-b02e-91449084b4fc	mp-505322	f65f5a7d-681c-4622-b737-2d681e02ba67	51716	969b811a015a88e4593b63ddc0642b4d
c28e4e4a-016d-4090-97d9-e3b68ff30da2	mp-6057	801f6206-356c-4d43-9711-f0fad07bbf70	45492	9ea56d0e5d522140cc70093d628f1116
c2978f68-bef8-42ea-b8a4-e8e841633620	mp-6076	0c165f41-c67a-417d-92cd-c2631e203ff3	61660	0e71b64afd5770de8ce78382dcab0b1e
c29eee5a-c278-416e-94eb-c1928cd44ee9	mp-13743	ed984974-db92-4698-b2e7-c222727d469a	27444	fd201e0c8b5698df08df302c3896340d
c29fead6-a6b7-48b6-9a18-b3cbc9f43afe	mp-972831	91af6072-6699-438c-94ca-4374ae4107b8	38256	d9f185a45d2f89b95cd8e91521058cf7
c29fef6f-e903-452c-992b-4647b713ae4e	mp-568005	57301a2d-4f11-4f91-8c52-2033dac3eb44	3308	02d439d6c9caf3ff17c55ecd4b39f527
c2a7dfb3-fa7a-40dc-ad44-5af6baf49543	mp-559916	c779fe4b-2cc3-43bb-b103-8112384d8101	79704	27c349d34ed86c8de58c1504a18d8733
c2bc6453-b26d-4061-85bd-3306ffb1f0ce	mp-6809	6e62231d-4f80-4690-9185-d057d256b42c	33504	a74988925c0f12f5d1db4fb6a48e9a37
c2c3cfb1-f103-441c-9bb6-bb445986571f	mp-6402	b7e42e94-fc8b-44a1-b682-9a44ff508077	60152	4cd9e52b2767806f78112be7a07eb05d
c2eb95c1-f1a1-42a8-8287-1e8b6b29f600	mp-8880	2ccd406d-74a1-456a-8904-342d11bc1910	6852	b2435d3cbec7bb1fb3e4af0bb6d85f67
c2f93786-e9c3-4b04-b07d-dacad50bfcd2	mp-18040	e9d2c730-75db-4184-b253-13a891556808	30988	8a31538e6f2fac8a8fd09e080b5a98a7
c2f9536e-b500-481c-a833-6601db3c8c47	mp-559385	8533aea6-1532-4c27-bc57-d03f6c23d3a1	23936	435400cdddfd3fb9044afe4184a5d302
c2fd4b31-4f71-4fb6-a243-6e5950e4676b	mp-6968	954911e1-ca01-4650-ae99-8686de4013c9	2400	682f8b343862d2506927529eeab124cb
c2fea200-58c3-4900-810e-77796b4fef4d	mp-29577	0068300e-ca64-4334-b31b-3d7a22bcaa09	7032	f3d27155d072b5ad634b17d5f8b6255d
c3064292-12ee-436d-8601-8d154c41e97a	mp-667379	6ae1992a-247a-4243-a68e-7ebcca050028	189648	51d3a0c376e1a5b89ee7176bb4123f7f
c3095726-b2f0-482b-9464-0da0770633f0	mp-777423	f010ae38-7ebe-4c5e-8cb5-c63978cbcf16	54584	0b36a3e39bee5b08a201e12921bb40e8
c33371af-195b-46a9-9b66-4e9089df569d	mp-540818	fb8fbb07-583a-4d73-b9f0-91e3bd4c835c	72724	27442c2fe627f1af1fbcb2b91a3aa7a0
c339a151-4ff6-4afe-89ea-b0f759b811ec	mp-555218	7d65a33a-27be-48f2-bf5f-f046894f2137	9128	70567d4db9db65966834faf5f52cdf15
c33e6fd5-a071-489b-b35e-1aee0ced3809	mp-3622	6d577156-b53e-4917-8bca-eae7b7ed8cbd	18524	a4cebeb62284420fcc290c631334c782
c36347e6-ea67-4720-93c5-23f133862813	mp-20778	2c685ff8-40f0-4be8-bc4f-b29f42814535	12716	395857589e0248ea7881662522b6aa27
c3697c1f-a761-402e-98ac-a296b444c803	mp-547125	ebaa73b6-5293-4560-bc71-fe6864020541	8936	98337059c7a0dffbedd21a188221049d
c38b988f-c351-44d6-91d4-4497c8391002	mp-9582	cc78527b-9121-4c7a-9d80-206bc84153c6	6396	9dc2ac93157341cd47fa08a7b84da66c
c392347b-3298-4f20-87cc-4915997b92b2	mp-27229	b92b839a-bc3f-46c9-8b50-da262c614c66	65588	1047d468a2b506be07dc875f75b72d8d
c3952bf4-48c4-4d03-b778-d6027f2f05f7	mp-555023	caf5f598-4120-49bd-a4ac-24b413bc3ffb	76468	1cea9dff262cdb23f2db235ff033298a
c3a3dce9-751e-419b-a4b6-73528d1525ab	mp-540707	c3457fc4-4d7f-4016-9cd5-0cedafa24419	24504	8f537da48e1c63beab64786281c05566
c3b917a6-69a9-4901-b41c-356ac0fcbfd2	mp-17638	93f11a1e-9559-40b5-a0f7-132d2017cd82	31396	ca581c25890fd0625e10d63a138bd042
c3be83fc-3996-4cdc-82d3-b6df7c620ac1	mp-3502	e4429090-d61d-43bf-a52c-5402c415a0ac	43136	97f602e8ae088b1244438de9287bb4ba
c3cc131d-0763-400f-9403-1599537ba3d5	mp-35015	4e85c600-9860-4c2a-b470-f3c80b376eef	7468	8704c558c13d7ae2d39622c9bfcbb9b7
c3d46917-f0e7-454d-bd7f-e45eb1e4a7ab	mp-9759	60e53b78-6c8c-4e12-a922-1e7d44c3e557	14960	d3374dffa9f326f928df46bcd24e2b2e
c3edd3a3-d76c-4dbc-8729-8e9a5326972a	mp-643108	38027513-3109-421b-badd-f1d4618fea76	15716	443c5767596527b87be37b94f989e3e5
c3f6daa2-3423-4ae0-b17e-d07fd12d6264	mp-29200	6f314bdf-c203-46ae-9917-6fa7dceec4d8	23364	dc172a548e81bca7a067fa95e5b00276
c3fc2307-49f6-4439-b3ea-7501059f32ff	mp-8145	347fe4ed-1a77-422b-a978-f6c560e07434	6604	b810e1988f872f579eaa04c10f332bb8
c404bca0-856d-4238-8c33-bc3d32d910a2	mp-849223	f27c0872-6abc-4c5e-9ac1-d8bbf486b06e	71868	b93d5f8d0e383427c9c9e6f905624882
c415ee92-5473-426e-9839-157533836441	mp-556139	58b57129-a2e2-41e6-9d37-6c326c8b731f	22216	afa859b92c7291500ca86e8aacf23a7d
c41ab7f3-44e2-4dd6-b1d3-23c258efe4d7	mp-9306	9f22daaa-af1b-4931-bd74-85f0828e8433	4708	1a44f85aa6371bfcffb3c128aa8b41dc
c42444d7-d193-4469-8333-b3e55f5c91db	mp-551741	50e68d46-3b36-498b-a382-cf59b580bf53	18768	8c60c0d7fef68354314be36a2e7463fe
c43b27e7-9a79-43f6-9c72-1e797fbfe969	mp-17433	f341e82e-ae42-4d01-83de-0cd17bf7f257	49212	4f7c33c6732c16a786ac3e08cbc8db52
c44fbfc7-740b-445b-8735-7d3cb25aac7c	mp-542013	f1c60cca-37ad-4e27-8b13-33d4da66e7e2	50976	5848a7d753ffa7526dfa39a3b5a98411
c455a593-9ca3-487d-8a18-e99be2133011	mp-753098	21e164e4-d499-4021-b614-9d08a35b569b	6164	8389d05aca4fdf9417a8f0f918d2752d
c4639ff0-27ea-4e2f-947c-fdde4558beff	mp-17944	0b624d6d-4526-4728-a16c-efcb5fca271d	19268	fc3e6e8f9b1d46df309d307b82fc1348
c4669dbc-8efa-4db9-bdc2-c68664fa29a4	mp-31114	530598bd-f3c2-40bf-821e-d35ca27ddb7a	28444	aff7ce3f9eb301653a99e0febfd49564
c475da39-b85f-4bb8-8fe3-9ff30ba57b31	mp-754848	7017a087-540b-4c7c-a106-ac9d9bb84f32	19164	f7905f651ef01c2e967c30ed1051fc0f
c47b2016-0244-4df7-a2cd-c7e819ccb32d	mp-6796	168976d6-c2a2-4647-a7d7-e49e33a1e70d	88992	1c539e6a7e0795aab14c0961bbfba742
c484cbe6-1580-4cdd-8c69-0ac63fb6d0ea	mp-1056	20850a45-5b07-45f3-9fc5-c6dd98502476	10548	70a46e58c0eaeea6f2ac29fea0d253b4
c48e08ea-4732-46d0-b851-ad531397ff43	mp-13843	b5b677be-70d1-4246-92e6-26b2b8bce916	25960	0b43309021e795acf242e57b38536966
c495118a-bf36-4242-a8c4-cc8b059cc45e	mp-541813	c46f6799-61a2-435d-b581-52946a5dd097	16084	e65bee4bf579edd18377de500872b46d
c4abac6d-1107-4640-a4d1-afdabd20f7c5	mp-677431	43095053-c893-4294-8f65-5a5af4bc95cb	50852	9a9379098545f6473be0785e51fff640
c4b148e6-e84f-405a-b5c9-06810e591004	mp-560830	e27c3d9d-41b3-4804-a3e1-3a700b5cb1f9	49748	9f6fa5316200f85ff0cf556d9704ca8a
c4b55ca7-8c4d-4432-8b02-4a46677cc2e6	mp-559767	f1b3e02f-3d28-483e-b8b3-68f3e24ff1ff	26880	209cae0558814b2b22abdd848689f155
c4b89944-79f5-48be-9c31-875ba3a5d92f	mp-12451	02d8b79a-abc6-4bc2-bd68-3b591b5d3ae2	25536	8a3ba2ed0b2aad58582f85693c3f612e
c4d0405f-029d-447d-8994-54749fd4b68f	mp-32689	b3dcdba7-6106-41c4-b63b-663164dbd190	24656	89f711bea4ca393491c665bd6456b9c7
c4d80dc7-3c00-4e0c-8f82-1dfbf1a6233f	mp-984	d4d8ceed-f90a-4ad2-b1cb-7ab093be9e46	4432	4b727e80034c24ef4657c0d51e31a563
c4dabb27-374e-4deb-94d2-56fd776b5a69	mp-559770	623dbbb6-481c-476c-a341-563aa028e965	109780	d0ba628a6888c63e1c4eb8487eac283b
c4e5cc0b-3561-4e20-86f7-bc70ea28965c	mp-559427	461a01df-7467-4be0-ab24-6b4d1f2b1ae6	34072	c331ede88606cfc6676a26906e70639d
c4f74d8b-66e1-4dfb-8487-3213e0571a0d	mp-625832	178ccc25-c745-4573-af19-4d6a91b92515	56732	afb8557611405678af59cd37b55b929f
c5383db3-26c6-4c18-9292-e1f456fdec8c	mp-30532	ac847b3c-3caa-469b-992a-d0fe50478ff4	42388	35ef661ebd2d977c981f41b72b496cc6
c539a9e3-6d1d-48ea-84bb-03790095ffbf	mp-2245	9a54620e-ff07-463f-8cd8-034aee395242	21316	0b813d368680ca14ebb98ec0b07d6e0b
c54f5dcd-c977-4836-a33e-d60835bd272d	mp-17808	74cd3ecc-2634-4d0a-acc4-860254a09342	26508	db6f3175cdc2d9175c6eba839af4d7af
c55e02b6-e8ba-454b-9e6e-838bf86eaf5f	mp-6066	9d1cdbca-6e52-42ae-a9f5-e6826d04998e	33896	73975be2bf87998bcf3e067eacd931c6
c5619f70-fe82-4cdd-a0d5-79ca71b40e93	mp-555030	ed8f7736-22aa-4029-b1d2-a3b01acc33c0	156192	9f7254ec9300021e1ef7645b9d65cd15
c56bb258-2236-423c-a9fd-ddbfc65364fc	mp-752730	33a31c33-5b98-4d8b-aa92-89ad91255a1b	48208	38132403258957045e7fff28c9661f74
c57413ca-f141-4bf2-b8c9-70d6293f3464	mp-553990	2ad1187c-43f5-4de3-9c27-bb497713e814	17536	b287b96ee5a67e8282d656d93e936c8a
c575ca50-c623-402d-b472-d3d022d14b35	mp-23856	424fdb78-add3-4ff6-8c1c-9dfffdc304a2	5600	8fcaae853b3b0353dfa00bef57a5e891
c58e4801-a950-4c04-86c7-1341cfe1fdc1	mp-5377	bf248b5f-e65b-4e47-9d14-03e6a6e48b99	28892	3dc96312597324837094cacd98ce2a65
c590d2a9-cac0-4c95-9600-13d640c818ac	mp-867943	e59c296f-cfdb-4024-bf04-e846ad2ca4a9	18824	db509451c69b7489ab9989840e55a2e1
c593e81d-9baa-4376-b4d1-2ea9e0a85414	mp-554722	bf6afd4f-7afc-4d64-8333-26d6bed4e2fb	28852	c6e8af77b154d9a08ce1830ca8ebbb39
c59ab4b2-25d8-4e48-b7c0-a0784345e2df	mp-31118	5be9c381-2d36-4b10-87fd-01036bd20dde	15392	0b780154d0ef07bffd3a6e2ef749c9f8
c5b5fc1a-9765-4b08-b990-8f25c751e698	mp-29168	da570b8f-8377-4325-8513-44b35716bb0f	5540	45701b29288f341edcf2c6b4f399dacb
c5bb5e2f-e6c5-4307-8d55-4c3d4c5795c2	mp-10246	e3dc4beb-1499-40db-b908-71ea64b5de4c	21436	b0b8d439df10a40044a8a38864e1ee4c
c5c79edb-bcef-48c3-9fae-27fad7fb57f8	mp-17829	05ed5720-864b-45d1-b9ee-a9cbe9d8cfda	10668	bfabfe1cb4ff794ac30855066b145e29
c5ec2068-c621-461a-b38c-015ad09c214a	mp-571333	7180eb90-4613-4eaa-846c-311e34b19233	42836	2b0cc06e3ffb8c60328c46e101f6b618
c5f35e10-0e80-4e16-b1bc-644ade53a83f	mp-757224	918e3349-c4b2-47d4-b932-4be5924a8700	148264	2eb6d6d472d859b1da69309fa9bd040e
c5f47579-665e-49b9-8dca-8bba00d368ca	mp-861866	473bd238-2979-4510-98b7-843a372becab	44608	dc0a5a07da9a0cc354e2f3d2af4bd9eb
c5f6dcb9-5b6c-463b-a26f-60fc836281cf	mp-23994	a6a02de2-f9b3-4606-89f7-0e4c368e9f76	36208	79a72432cc244302d08fa470edf4f185
c6038159-c4c0-4917-8cd7-4021e3e0d710	mp-557006	c2151453-b82a-48ef-b686-690db6908096	32816	d02fe5c2c94c1a55e3b3e8a7e59e3474
c60e6bc1-0fc1-4126-8c1d-cc19abcdf066	mp-561382	6d507869-2aa1-4538-b379-1213d4f44631	46284	86653aa9277ce9531385e300fd495829
c6101c6e-30ac-4747-a972-f20d2b031694	mp-771944	f4b21e3d-7b18-4d4a-8926-b30dad19bbc5	65652	419cec38be15728f07d076322e21b81e
c611e3a9-2350-4bfe-8555-86a394c11ffc	mp-583213	3e346aea-85ed-43f3-8b63-54062f726045	18580	54e674ddcbbab51d0af163c36201ed03
c6124186-1fb8-4845-9afb-92aa04bb2c13	mp-541622	d12f7d82-c50d-459a-87c3-f28eaa8c05af	28844	8ef654415ab9d090810469534b5a415f
c6136003-51df-4bc7-a51d-e3999b7f3a30	mp-608106	a05d8437-afcb-4d3f-96ba-a5c53c991a0f	37400	96d7fc6ac7fbff3785ccb28c29e566bc
c619c976-2be8-4053-95ae-81e7f90b7a34	mp-5280	8a23a133-b474-46be-8b4f-939ac273e312	18700	0a7ae5fa813cb108696d67dd5d75d6d6
c61b80e2-8bf2-4630-a828-b430808eee13	mp-554408	f145c58e-ac91-496d-aa88-ea907084ea99	77216	71d4c473442e4b95020a593c069d1902
c62304ea-a99f-4b02-a0d8-e02638bc2f40	mp-28178	68a75c16-35ad-4bb4-99ec-ce834457b78e	55620	26e1ce2ea40a54a44802757f592b9f68
c636a122-00b6-48a4-b3e4-cc6018eec357	mp-7911	ce7d115f-b1ed-4fea-a416-12a1c737ac63	4748	6fc73d1d81354d1b7116f684b429f888
c64544a0-d2f9-4184-b1f6-77fff4c74b5d	mp-582708	f24ac99b-5b3f-4f03-8124-48a0cfbd35fe	45388	645f5f871324096b657de31263a0fd32
c645641d-2c9d-45fa-81ad-59e93e1def3d	mp-3955	cee4f315-9f37-421f-bf0d-d30dd7648bf2	16032	f82111635a87f0a6aa562adfabbb6c08
c645d574-9c88-4bb7-8779-7ab7b5eb9423	mp-27687	42e75390-6bd6-4776-b3c9-09c05d0ac101	31112	98c2c21db4a9a2cbd1e567fe3c905203
c64dc002-7d0b-4340-b43e-3332790cc6a1	mp-29362	655f342f-6242-4261-aa2e-2f48744774ac	10152	fa707d8b9573bcfe28d976a4304a5dfc
c64f9501-c62c-4456-a508-9ef543686dbb	mp-28220	b0a05d27-ad94-4f0e-945b-1606494f81e4	14444	0e357043d5f98de88612ec9add3a550e
c6527735-f735-45f5-95d4-fcc4e2dc58e8	mp-989605	76300941-ee6c-465d-b411-dc1316768a8d	2364	39c39816758ff2f3068edaefa77a75a3
c652ba90-291d-42c6-9dbc-de92b972a73a	mp-556592	6dee471e-2506-4d97-ad0c-8cc7c7d1cfbf	47152	f47f707877d3bae39419329430128ca4
c6555de4-1c63-40e6-b6de-a0af4be2867f	mp-720	0c2f0cb5-99a6-4a7f-bc2a-bb2390464c14	10896	51b9cbabcc21e58d0466df48ca41ef94
c65df46a-294c-4bdc-b2b6-7066be016e89	mp-10474	4fe7d864-11f1-493e-bbe5-e10b24d2a34c	1848	367cb35482dd957fc89c1e43a9e1d63f
c6667b53-8f25-4047-a2df-14ecbc73c992	mp-9664	14f6822f-72f4-4196-b24a-2e9d515de550	17876	999acc92985d11095e89e845f994880f
c66daaee-3744-4c6e-809b-5584ea53e9c9	mp-9194	0ffc7aff-4e87-4413-86f7-e6f818215c6a	8632	1575282eeab835533f025aaac313b0df
c67ae0db-a2d5-4241-b8d1-dcfc9d4c8089	mp-23261	e308201f-25c2-4c78-9d9d-542875c87209	48796	1ab727a3b82c1e08a76753343c2bf2f4
c696f7f0-a19e-4831-a770-00922e39c583	mp-781712	9c0b07b7-079e-45eb-8121-ad29337b10bd	24684	436ecb7f08b58ec0a69e52594461379e
c698c077-fd76-4eda-a222-dd1d11b04e3d	mp-9668	0f8058b8-051c-4432-b4e8-394256cc5c4a	14912	76fc02455c3ec4e4c636943525bc6b36
c69e4fe5-73d2-48c4-91d7-a4ed0a3749c9	mp-9726	bea4a4e0-42ba-4843-871b-f0e995ab7064	35388	0309fc3292c4891c58594ed297e90198
c69fc73f-1b80-4e76-b0e0-9c3b9a6f4ed7	mp-13056	f3b0bf32-aac2-4e9b-93d3-3c6f8fc2ab3c	18488	67ab5cfb6c89955c5e2a222e020530f2
c6a35f94-24b2-4bb5-8cea-c2fb9ec9f912	mp-699219	37b2509d-a6ca-4aa2-b663-7e684f867233	61280	bfffbe461b425b6083970b04f5a7b81c
c6b31d63-72ae-4a93-bde7-c5b1a682c63b	mp-40830	af5629d1-9cbb-42f5-8019-28d422dbf73b	43288	b73d140afac89b799c6de0ef5a0958e5
c6bdb5ea-8336-4d9f-9f88-b015bcb6d015	mp-754658	47c91bcc-8a4b-47a9-9141-2406be4d9ae3	17728	5182634bb22c049fdc1b07e493d13884
c6d0643f-e3a0-4d02-b065-74e9b5c3a43b	mp-680085	57bca5cb-d734-451b-8102-68db4920fc21	107160	bac8cd149ad853b9d99adc3e13cac5ef
c6d663ec-94e9-4feb-8d95-96e0e8d1ef2a	mp-541923	c132a6b5-9954-4f3b-8a78-ee48beaf6481	23572	667de541d08690a2f864fd30d6b33a5f
c6db5ca4-951a-4895-8428-accb2df3547e	mp-22329	9d80b9a7-e19c-492b-a6da-7827729b0b26	25872	3c4f9aaacb058de8054d977f23677dda
c6e2bef6-10c1-4d05-8516-b6e970990963	mp-19765	a8248597-0208-4eb6-be31-b70d4102b76f	13108	7aa2bfe119c8cbb18841e6caa2704bdb
c6e3e503-58e1-49a9-814b-4a810cf1fd57	mp-29510	62d5ea9a-1e6e-48c7-a5c0-2481a8054163	19356	887010c3738236bfdc0d481aaa9d1305
c6ee7f6f-4069-4d82-90e8-6c4b1e1814b1	mp-6255	a6cf0cdf-647a-46b4-a39e-7d28d631c835	19284	8a67d46317e6e9ca143ed34ea77246bf
c6fe283c-9ea3-4453-a43a-f472448a8e52	mp-558798	17ba2827-96af-4f06-98a8-1b28805a2bc1	30572	68aeffff97b8a6ef0f952df6c6538c4c
c70401ac-b6a1-490c-82e6-663a2ddbfa5a	mp-15590	dae53399-601f-440d-9ba8-22bb2bb96b65	112040	1a3c524acd0434a24769edc8d35c70cb
c709366d-ceb0-482d-acda-70fefb98d4e7	mp-651121	0dde13ab-8dba-44a1-b68e-5242d5c5edba	67708	3ca0fee85e18a390fa5766abaae28038
c72d099f-c059-481a-a6cd-21497b4ba14b	mp-559849	b893fa8e-c4a5-43db-a4db-57355eada96e	94840	e84e02e960aae24316b42031c3bd8500
c730eb5d-132a-4585-855d-cca18aefdb31	mp-989545	226a8e14-d32c-40d3-b465-01244e2e9d2e	2324	b4cdf16e1a698cf021430616f95e8566
c737ccd7-46e5-4487-ac86-89f77f0b8dc8	mp-685120	9b87f95a-3ee0-4092-8087-687a00e4bba7	16432	665606b3a14844118dd0cefffc1eed4d
c74fec8a-667b-419a-97b2-ccb2c4858294	mp-561243	c326afe1-b3da-4f29-80ba-1b3cd8ab3c2e	12592	c5b4dd26c377bcceced2341d4211c841
c752110f-bfed-4be1-bc1b-0ef896dc2f03	mp-761683	5a2ea1e4-6b6c-4ff2-8890-f6aec0bb5ef6	23480	f958368ca2ddfe929a41791d0ef9561b
c7578584-2bb0-4a70-8c67-78c7c3db7379	mp-543028	e39ef927-8e96-4f8a-a959-8637bab74bfc	48912	5324f26f03ee458846cb27b8675ad5da
c75b6199-a864-499a-8e3e-b7ff40384051	mp-569238	643903e4-87ad-4f7d-a32e-bbc6203e2a2a	30548	ecf9197cff1e1b19dcc7c69d6774e690
c7624107-aa4d-4eb9-8f49-1a888511cdb1	mp-6783	cd3c8180-5386-4615-a996-5fd33109d632	23764	7971554a1c6c15861e9b8af45812927d
c7678a35-5e1c-41b4-b9ee-b9512695569f	mp-3334	f63b21ba-eb0b-4382-8954-792fc1177031	5776	1537eaeb6db31aa798af84d8d511eb0d
c77692f2-5cef-4b33-80ea-5706004ab552	mp-555087	34c9e8bd-963a-44bd-af81-f3735b4f30be	60196	4bbfa40328900251e81a13beb63ad2f8
c7770b9b-4b2f-4673-ae1f-302f28c25350	mp-27703	0beea49f-15cb-4aab-9b61-1945667384b4	10116	fd05e5140b7314b58ccdf4fc1b9c38a3
c7801ed3-4fa6-42aa-ad04-79f121fe651d	mp-9338	d9e81c6d-2d15-4120-9b88-793cc6616a75	12368	2d38c096c24cf226397423e438f281df
c780e9cb-b9a2-48e7-bc02-b24ef77af6a4	mp-28603	f5bb51ea-c362-41f7-b3ef-36fd4bfbd25e	15420	32f8e7892e90868557fe2a7c11874169
c7868e05-cd42-43af-807e-7a811d044fae	mp-13811	21095434-11c8-4061-9992-b1f678092c7b	2444	3faf6fa64452a1158fb1b537e990c9df
c7968259-7a4b-4a1e-bef0-cfed1c93150f	mp-556578	9e94f419-379a-4efe-93ce-75c9c1991b19	152548	ec2cf798d83b8ccdf1349fad7475308e
c7a54ef6-259e-411f-a8eb-bbb3d468193e	mp-540696	963b4407-caea-4027-9127-09645738db01	71740	0e368d29fab8825cc743da948e981671
c7b87bdc-7008-4785-a932-7aa518bd3b95	mp-17895	60359a36-effa-4db7-aff1-2f79997af68c	14756	b01d9bb9c55b0ddbf674460d280d286f
c7bd6d88-dca3-4272-8163-8fc906edcec2	mp-6760	f6ffbf99-44f2-470f-9776-10ba5bc0bad8	31756	d680dc46878d8cb559a171e4652e6347
c7caf908-9bbc-499c-b845-f7dbb4aa52ea	mp-696949	4c91b684-0691-45fb-bd1b-298b630efc6d	42040	2ea608059d50a931ea5a1f7efad10865
c7d154eb-b9c4-47a4-8a3b-abc65442954e	mp-755617	8b7a5791-abd2-453b-ae46-1c9a9aa6f96a	33172	e47d15a1305bb31fc9a3dd2666a89f23
c7eb4590-75d2-4af7-a571-bbd254f1de35	mp-5784	2ff807c8-290b-438a-9cfa-c972516ba9c2	28004	8fdefd602837e3d8f321f0cfb6fcae78
c80871ce-45fa-4a9a-8612-5bc7a71fc216	mp-561103	143acad5-0cc6-4697-904c-c23307a6fc0f	43160	ff2eebd198ac65d46748310e590bdedf
c81a3f7d-1963-440d-8499-d66d214316e2	mp-27390	83253f73-bd8a-45c4-867a-94b7cdb56e5e	56208	20167457b49def791272ec35c3ac7dba
c823cc98-dedc-4471-a154-fa4e2deac70e	mp-14363	f190b483-3577-447d-a30d-cbe8e250379b	35500	28a3e2407b892349ee191b8cb2e2fa86
c83009b8-9a6d-443b-8da5-dec7d2ad6675	mp-10349	06e697cf-e39d-46c2-a9cf-dfbc9d2b4433	26096	74e0728e9fafaf5eaf37f33932938326
c83522d9-dd7e-4f0c-991c-f8e4c90cf312	mp-2574	92aee088-ed70-46e8-94f0-ccbcced6392c	5100	ceca6b60f8cfa7e5be39d5d978345610
c8380f4a-4ebd-4efd-8825-7b12740a6aab	mp-559142	78f5eca8-8893-49fa-bdaa-d2ac040bda5c	189664	5e4f21a1b2fdf6cb6e47a50d500de456
c83aac64-7afb-41e7-81e7-fd46a70ccfcf	mp-752437	0a8b05a9-9f4f-49f4-985a-532b539524d4	15184	fd076b514922a8b0dc7178e8eeb0fb08
c842bcbb-b30a-4bd3-b914-13a0e8377eb4	mp-4632	d5880ad9-80bd-401d-8344-144515abfdfa	6072	b884d0bea1248d9139fd7266e2869f34
c8447e67-fee5-490d-bea3-656c9a359bf9	mp-558229	3f3776b3-f7bc-4c92-96e8-ebb11cd00a02	26868	eea48ea01c8cd084b219ec10ffbe42cd
c84d8e7b-3601-4ffb-bea7-e4d29599a14c	mp-7895	09af092f-fc86-41b2-842b-12a2937ae19d	7176	0304ec854eaf2df33ef227bbd639b809
c8585932-10a5-4be6-9aac-55dc53b26dd1	mp-568588	e70ea386-6ce2-4fa4-b9d1-b6fad7b5b34b	6468	019c292dec90cb10fee475614ecdc119
c858ae25-bfd2-432a-9502-98f9cb210eac	mp-23125	82ec8e9e-e807-4854-a32c-c295d2d686b4	9796	b9fac0371770bb01388fcab591d9e296
c86bc8c9-53dc-435e-be80-59ed627b8ccc	mp-29709	6800d453-ebf4-4b4a-9d95-b4ff9c0d9bcd	60300	5feac596016c32e9958f7e2f3349539c
c878fb55-5cc6-4a53-8da1-b1252ab79ffa	mp-985293	c0018653-437b-4ada-84fa-8d2ff8a72f48	47892	5d423c88232f2e9a44cc498fef57f19e
c8841c45-79ed-4d86-a24e-d69bb5ff477a	mp-23850	ad6e33ad-dc7b-4b2c-847b-8c2b91faef8f	16252	fed918a1a31305c248c7693788fc6ecc
c892d650-7209-4903-ab8b-1e96840e0001	mp-4534	ea1115c6-73d6-41be-8da7-2b90d478b386	34372	8a3dda0e041027dcec45fafbd46440c9
c8a2350c-36b3-446a-9587-8264ae8e2415	mp-11691	2831081c-4774-4a0a-b2ba-8df48a1bf4df	23660	567dbfc3868f617a7de0220edf0a32e2
c8a6dd06-283a-471c-8ee5-0d8e288033ce	mp-4636	72fec4ae-2be0-430a-ad5a-e00c0f58dc8b	6560	c787a81e4e38628ccadf3832ddfe233d
c8c2d8d9-944a-4b65-8cca-d5397d02e43f	mp-551092	b3a5b917-522c-4747-8347-968d0c30434f	22680	1ca2faae585eed134cd8df419ea7f961
c8ca3d20-493a-48b4-987e-3e509035b590	mp-4555	6d4f03ff-2006-47c0-8838-c6df76d50215	6484	547b784181011ec37563ee87d14008ea
c8d79988-4f03-439e-bc59-4f8d045459f5	mp-776032	089ef25c-0724-4619-aad1-b93fc621b9cc	45404	339b1e3e08ec5fde7cee4d08fc1b1edb
c8dabe87-fb50-44a0-babf-82f0d1542336	mp-28580	a69cd3a9-1273-4cf8-a525-889357c37c37	30788	1878f834d22cd43b1fb0e060a65a2d56
c8dda114-cfb4-41b3-bfba-f3be5a961a11	mp-649982	c6908451-5d80-4128-b02c-fadf5c399656	165320	e9b68378ff15916975a04702f3d7dc98
c8ebffcc-f3d8-4a56-8393-e21cffa941c1	mp-12355	ccda993d-cadc-4d51-8621-f96059a07de6	26764	f86998da650fe052cd528320ae44bd8e
c8f40d65-2d2b-4b22-9465-ac733aa5a56a	mp-989193	f72e3007-0119-472a-b414-2c6f9537f35b	5632	0bf6ba39d316632a420bc65337ed0aa9
c8f67770-6b6e-414f-b41a-8b1ae1236295	mp-643	8ee04453-3edb-4ad0-b989-d776b92bfc3b	2216	4b2fffb4193279e0baa281dde2aa2289
c8fcbf51-c380-420f-9fbe-39a1c459b395	mp-561635	5fb7e221-7794-452f-939a-577389b60b8b	45804	4ae20f88578168d17cc6632fe41543d8
c9146945-1157-478d-9631-27f150cc69bf	mp-29384	07580f91-d68a-46db-b112-8b3d7068357f	45920	478737414ed280a6c8c6ac36457e65ff
c91c6ad9-3ca6-4938-99dc-cbf02ed749ad	mp-581024	b74ee5ee-507e-47d5-9c0d-9ae7d2ba236f	2908	cc94f57dddbd88ce231013b739091848
c91fff98-2c94-42f4-b89d-eaf4b82525cd	mp-755794	72c5f23e-36b5-4d9a-a64a-ebd728c8c87b	27040	71f6fe3e3d428cd4b84b45d81671c2af
c92f0a93-fe46-48fc-8ade-1a61c4864ff8	mp-557689	8f888a40-8194-4a17-8604-e2a8419cf6ad	12216	87417f100425fe2f876d57394581a16d
c950a746-7055-4801-a34e-bc09e4db8ece	mp-557724	c04a695a-794a-4c88-b37c-70870dda6861	11688	6452b063cf91ee8ebaa83d720260ba36
c966b2d8-0f41-4ef5-abcf-391e4da6cbd6	mp-753605	cada8f96-8645-4e8b-aa5d-99a8e60495e7	14616	fe62c91f3d3f532286d0b76ec299e9a8
c99be4bc-baae-4f62-b9fd-fb0d287bdf3a	mp-571490	19f36815-b95a-474a-b8d9-8aca08d23542	73064	079bf879df9f3d084be8ed1c8074c7fd
c9bc2998-7932-471d-ac09-0fa23d26a069	mp-754107	d682f2cd-ae38-4ccb-9c88-df23c44f960f	15560	4488f1a52b1cacc84c7febc625986f50
c9c1ed18-40c9-49d3-856d-357126cc0c8d	mp-20820	67e8ad4d-9601-4e9f-862a-2df8327f0391	4760	359c0922ad496be0fb850be619788990
c9c5d3e0-6e2c-44f1-8728-26c64c20bb0e	mp-6300	143bd22b-208b-4e7c-bf9c-b4929393dc37	33172	f0fc426996295a94c60aeb009daeacc3
c9d86084-c17d-42ad-8dab-c17f39ba4c42	mp-5388	171f23e6-8057-44dd-a4de-90e3fc28fdf8	8776	9799a7ce3f1ff45b7004735401cb326f
c9d94c74-c4d6-41a2-b499-c3a17c69804e	mp-555118	6807fba2-2898-4d56-bf14-28ac3b6191d0	58612	b77dc5fea7a5bb09b97fce0f1923860e
c9dc4661-5e06-4ae1-b4f5-e1ababed1794	mp-555203	58a6f155-19c5-4d05-bb91-ec7dd7ab8cb3	80736	862b6f3cbbd20770f9f2e61c106cb17f
c9fa0f25-8782-41c4-ac37-40545fa04e9e	mp-5838	621b620f-bc3b-4126-8761-e17023bf7567	27532	94caf6b86f1f47fce9d6d9c40f892633
ca0ed24a-6890-4150-a35f-f80112508bc2	mp-675342	24f6709d-9606-4b72-ba21-3aa7a528e70a	69708	7fc1eab1d7953fac02a79e9e93b3e918
ca20874a-c76b-494d-bbbb-e7b54cc7dae7	mp-568263	54e51a08-64df-481b-a6b7-7a4a06366b20	23156	7fdf45d3f6d076cd6368b21dc9da3abe
ca2f3459-ee6d-4cfb-8da3-a02a562cba94	mp-2530	d144c3d6-d1d9-4270-b11c-0c84d372d000	2224	5cb104167878e0aa5c0846da4e531e39
ca3cbf67-2d21-4ff2-b5a4-3436ba07bcac	mp-569287	6a7d9e41-1583-4572-821f-1e159534a18e	20220	ef0e045b0602f3bfcc648e0ef29f7d3b
ca599a8a-0c8d-4608-a433-ef8da378472d	mp-581857	50faf072-80dc-46d1-a3c3-fb04f9599ae6	6524	ec3d18581fbd44f8cbac853e433c5a41
ca5f1ffe-abb0-4e1e-9637-145785344672	mp-4604	ffea8b0f-3580-4d3e-992d-f6e830a199d9	24256	1c69021bf32da1b0f7672176983dca8b
ca694363-0098-4b82-a78f-a0f2330fb5e7	mp-676360	31725315-1b83-4d6c-82e1-473645b943f2	7748	0a81b66be4597410927cac1fb4084bb8
ca91794e-64e7-4bf0-aab9-136d53e7a6e2	mp-5679	49f3558f-349e-4d73-981e-015e75ffb47b	30344	cb3efb54d2412d594474e82064494e6a
ca9b6927-e1af-471f-a6bb-40a61c423691	mp-571169	c61585d7-891b-4188-a988-5cb4a7cb2a18	28120	0732e0803f0cd02cb75c30e29f0fda77
caa91095-6228-445d-97e9-d00ae5b1d56f	mp-27247	3b790d10-dd9a-494b-8c6f-2616de5456a4	66520	cbfec0764720deee140c2b59ed9722a4
cab01b62-efcf-4d15-983c-73f3d41363f5	mp-556740	5c0b1760-7100-489b-9f78-78c8afdaef01	166388	a2eda119e03f9637ca556e5b25d0c6dc
cac2b85c-91c9-4b96-b1a0-737742e72277	mp-760501	1c072363-cfde-4db9-81ce-029684114e1f	16988	2b772a18ff237f53b4212070fa983a30
cac4d74b-fa68-44b7-bed7-54f82b3dfa33	mp-24422	ae8c07bc-b5c3-4ece-855e-a88ff84f7583	5504	1e7c879fbd21fa5a55d718732238c12d
cad3b582-3562-458b-bc0a-45fb36219654	mp-572864	3581436d-5ef9-41a7-bf4d-d36c94092c60	100396	bbefc562d48161ca245d5532405614e1
cad6f40e-50b7-4b54-9108-292a89b0e159	mp-771241	a7c8ed50-9063-49f4-b8d9-8e6a138f3797	72460	f0b56d1d6dc75cf708317a4080f5939e
cae26062-3a90-44c2-a274-f5d3cffd0041	mp-756868	4d825cd5-3a7c-4d74-9382-7c5ff7d73f8d	26900	8564a9c5ec4d582da5f98fc0608b55a3
cae2b563-59fd-4c14-a0d7-24b36cd246ef	mp-14969	e23173ae-a3d6-4792-863e-c91f2517997d	18192	eaa35c497f8418d6a544d01ef0b91fb6
cafff2d2-2b9c-4342-b232-cc13795688e2	mp-28368	07a83fdb-2d4d-47fd-bc8e-f80ac7d14904	24108	bfca00e2734df44edba708e8f634ed22
cb07ed68-dc9e-48ca-867a-4c264ef0c8c2	mp-779608	08188bcf-b048-4a4f-8a07-d2143f42636d	18184	9658165c08b3c07ea2a0a96719619725
cb0e381f-05ab-4bbf-9c39-b15b487b7f9d	mp-557632	5c833d00-20bf-4b53-a494-d3c1a2cc1179	47668	75916e1399076b3b99c8a71ae847fadf
cb24d8a9-eed8-4317-99d6-10bebadfd404	mp-555769	b6e82929-9f66-4aa0-86c9-fb10d93de1f8	26952	c2516d513c4e7bd726f609b2d18c0fdd
cb2545f7-2697-4549-9d5d-4cf4ede79043	mp-559378	6174c515-ff57-4582-b251-7bdf1cc56127	23636	365107796b7dcded62226355201a8b7e
cb2ad258-2832-4b4c-85df-29b9652795b7	mp-777422	4288a498-35db-444d-8b1c-ed5cda630734	22432	d4da9ba857db8615ecef6b90ae81bcf8
cb2d2198-ce23-4738-b2b8-91795bef17ba	mp-760729	1ef79025-fcf4-454d-893b-f30688adbba8	55872	59c93113beb5ccf83d663ec389cdeb46
cb645218-dbe8-466a-bb3b-7218f9e0f638	mp-752638	21647f6e-9eb5-4950-b3b4-115f4c7d0d4c	19512	47205534494f7d6f4dc5895a0aebea8f
cb70630e-0f91-43ff-bd52-5ff18f8d9285	mp-756156	dad2a389-d7a0-4f09-91f7-751fda089dc9	19568	754aba54d53bcb0b73e7f96ccb4d9490
cb780c15-945d-45f9-8b63-cdf876f3bbd4	mp-16884	b9c11dc2-9023-4436-8566-be9ebe8886a7	27660	e6338f7e4f3e6e81447fec2d75ac1c1a
cb78ef3b-e5c6-4326-862b-d2ed5ff27645	mp-30216	167b0777-2eb8-4225-8db0-2f265490bd04	34376	beacc0b68209ff4861dd01aea3a64bc4
cb838a92-e471-4c26-9ffb-d4cd0f68b62e	mp-754323	eb8e80b8-baab-4e8b-bcbd-aeb39d77c624	18644	69352342d657aef498ed744692cd2203
cb874fa3-3d4c-4888-9561-4d42bf119e19	mp-17621	e1b600c5-5a30-4421-bb79-79b374019bb7	28920	b82d93274e88d6d2fb760b1f967568a8
cb9557ae-f28b-4c1f-8247-3d8034f9c463	mp-29177	e4ee0f89-419d-4250-b040-789f3bdadbd5	41108	5fe952c08b5731ed6cfb96ccbf5b1700
cb9b33d3-744a-4df0-b8e4-9e731f9dbe99	mp-780172	7e42867b-cdbc-418f-b142-8f6ee8d052e3	78288	d0f355f199d2748451748c979d90cc51
cb9e26c1-7f0e-46cb-b23d-44849a1dd991	mp-27546	b2781272-4bd1-4428-b5e0-032de97e7d66	5584	9e9738aa78d9bdb1dbcdcd7ec2bd28af
cbad58cd-b7ae-4b06-89c4-28d2972a8ba0	mp-5036	8184d9a3-0e39-4b4d-aa9a-45f31eafd9a4	18912	ff2180308b7d63e0f27172a76bda7d4a
cbb211d4-9fb7-4b6e-bc80-272e2b92ef98	mp-28329	5e9e2b1c-e741-4b78-afa9-d79e1a372925	17456	721baec85c430c3774f3c58bbac09c6c
cbb2f624-a27f-4cb8-a94e-d960683d8937	mp-558660	c33d20c4-f92e-4b2f-a44d-7ad35caaca99	29808	60f2d0096e57548fcffc7b95b388579a
cbc1d049-0eb5-4ae1-893b-78c840320810	mp-756389	c1769f94-e5db-4d8a-8525-fa2c8823f7c2	8780	876ff19372d194bdfdb1e28a5dc29884
cbc3c707-77a8-4dd7-b9d4-82090477c75c	mp-558023	43d9ee32-e37e-4ab5-999c-08130f29e19a	77580	5a1bf9e003980be5a654d2afe89573b5
cbf08b20-bc16-43e5-bb6e-785f663fbc74	mp-989577	6e0511d6-0c58-4fb1-a743-e0019718e9ad	2344	b4a3381fce679a739104435980ca68eb
cbfb0b28-9de7-4908-8d84-be3e77b22a44	mp-30156	f6ee98ca-de09-4232-81b9-d878a86d25b5	16496	6e9dfafd0820cec37462e1e61338c0c4
cc06a1d3-6b51-47fd-b660-bfb962cf0509	mp-755541	43939966-b414-4a00-a2f2-3b37a07843b5	26924	5081a0f0c7a02f0224cdb5cd9e1a7340
cc15f015-be0a-40fe-9d59-b0b45ff047b3	mp-7079	ed211d35-ad41-4a41-b08d-87f61e666ace	32908	841799c3cd316c56fcc0a60cd2a60ad8
cc17864b-8134-4ebe-a8ed-970755365843	mp-769079	34a83e54-246b-47e9-9504-6f45c33ac98a	29636	ba0dbf9d5045339c6d038bf1a9022856
cc1a3e65-11b8-4171-a3a0-2d39f558a405	mp-760375	c7868565-3aee-42cc-811c-d05b8fa89660	3328	1acbc4a3de762d8a0f69f6acdfe6b9a1
cc1f66da-b750-43d9-a89f-818d0c7b0051	mp-9819	649a0f7b-a18f-4723-9b3c-c9ef2b627af2	6540	93f8f9253e5586a1596070e3f27f5750
cc2eb64b-6663-46ab-9087-716c693f1bbf	mp-867570	aac773ba-28a1-430b-acf3-4e0c80c706ba	32008	57e0c0fbc2d64bc35c545dcf58175444
cc335142-941e-4dd1-8edc-8d5aea8567ad	mp-721702	48baecad-3f92-4c12-b352-626fa9e099d6	44136	3ca2cd2232a343f1f98243121b43f934
cc4124fb-e85a-4f8c-b803-c32d09395357	mp-1968	a7c45bc2-72ca-42d1-a301-3e63afe708dd	6704	ccc80e115ab8491cdf72d1625b988d89
cc50b723-cf2a-4955-a2f5-a17fc3332d56	mp-14152	b322b7d7-0e2b-4404-9108-f3075f124588	29124	875c1c76a9fade9be6099c6b7a815f0e
cc5c58d9-c099-488a-a73e-f806d0e35130	mp-16871	9e23bd48-13a2-45f9-b8fc-1cbb2b24a58c	37108	efd6bf5d15b81d54affe7bb36275028d
cc6f713e-bd1b-4bd9-8f79-8459126681a9	mp-12558	3092eb45-2bfe-4234-92e8-e8211c324611	2784	15e2b53dcf15423401af0aeaf531fa57
cc728cfb-4fd4-4eaa-ac6a-acec643eadbc	mp-560040	4b8caecf-e819-4187-adad-f9057864238d	113788	dcecb8ec87ab4bdfb885bf3d7cad75b0
cc822b8f-9a20-4b5f-82e4-8eb967f2c887	mp-552292	52777d69-5c0d-4e4a-b1ad-f3a283c48c57	8752	7a9e24627d6d58e58140c44d817eb78e
cc892991-b77f-4da2-b4c9-501444c50b9a	mp-975666	b2f416e9-18d0-4d34-afa9-3161980d3217	5664	29243bec183b46730face9a5177295d1
cc8e7f70-2910-4232-83c7-11c273681ede	mp-27984	ef9cf6e5-dbe5-4ba9-9876-c3e948f51076	5756	4a4571cf27dd92d55292de4076b1685a
cca61abb-65d3-4a82-89d1-f3845c9b5d70	mp-17103	70428beb-afeb-4541-8203-3b64d6892918	22724	cd26b4ed9bcac018d62e57a464043c9b
cca726ba-8921-4ff5-8a13-44f4657a749a	mp-558566	1a7bae76-3a66-436b-bf1a-409306f8e9ae	10568	22212786c2f7526a64c124124e86491d
cca82c46-07c9-4750-ac25-b8821c4e2375	mp-4657	fcc35796-0d69-4a18-8310-bcb1bba22602	49404	2e5768a7bd196d8384c7a327dd355073
cccb6e66-3ec1-4f8e-951a-4fff9459420e	mp-554063	e51d7c0d-cc3c-4893-834f-081731aa72fd	21752	34da943cec93ae1c49ebfce255f04cef
cccc26d0-4fb4-4163-b573-36edd4d8e4fb	mp-7974	383421f3-713c-4d94-be97-6cb18067f88b	6608	81858b877b679742f343405fbbffd3db
ccf3daae-6c7c-446b-89b6-4f0883477ed5	mp-554263	d675933a-c7d4-48de-ae17-0641a58cebd3	37140	3a82d4bb248317bf8faaa166930256f8
ccf613dc-a07f-458b-8ea8-936bab0f5311	mp-14901	9c04977f-c4e9-460d-9ebe-c4530deb64b1	105888	c51cda5cf11b4cb607185dec36a0509d
cd11a554-6960-42ef-8f00-c396c1113b51	mp-649453	7c558a80-19bc-40ba-89c6-b68043827659	28880	b408693f5388736c80eaf38da3fd609f
cd13c2d4-e606-4b90-9f14-2293207a4cd3	mp-639695	51415b33-30ea-4ad1-8c06-1be2e583debe	40772	7fb21554de199cace2613d4fa8937229
cd156843-a21d-479a-b468-938ea941b5a0	mp-7238	44b93f58-4b51-4bf7-a04b-6d1da315dd4b	15524	971b9883e4368a46dedbe984a3260248
cd264468-7fab-4200-a9d4-cd8af43eabf0	mp-11023	99c7cb4e-d032-4105-902e-746d47d44360	7420	7e4f7ca6c813c468860d117edce68b2e
cd2d875e-416a-40d5-839d-fb3465139aa6	mp-31213	f2555856-0d67-460c-a95c-d1112d79086a	16896	fc8449ed90c36fc1b86fad492cf03a71
cd32af24-8cdd-47c5-8b42-9a500a5e7e51	mp-484	5123c26c-f165-4391-8663-eeef5752c1a3	22304	5ba2cfe57afb0e3ae2e719474ed6b348
cd37b34d-d87a-4323-a206-5361cc9541bb	mp-11019	6fc3cb85-4002-44b0-885f-efe8ced27bec	7360	af93dcc7efcbd8390b875f833c4685c7
cd37c2de-338e-4f76-8e8a-06e3491dd8c3	mp-867335	00474a82-4970-427d-8bb9-bdc48fe9423f	9904	9f9edfa8d478a225d91e8feb87dc87a8
cd411e55-d352-4bc1-8f6a-73aa9275ad66	mp-20006	79d5b36b-a056-411e-a08d-19687820891e	24740	d0ac15c304bc2382c6ead628da5cd7d3
cd5ee0e1-3b73-47eb-8c2a-1a1df19aa579	mp-554859	09239952-cf97-4ecd-8f92-2d43aa8e9ad1	64340	d80bedcbf5ea7b44c5d884886c729f99
cd79f998-8574-4ac6-8600-6ea4b466235e	mp-695800	09b61cfb-2c0c-4af6-9418-6df8a243a282	48852	4209eed735761269f4b9a4df3deadbdb
cdaf3fea-ef01-4dec-8e95-6b22a88dbaee	mp-754827	d2665985-fcec-44c8-a7c8-d6c511d8b539	6536	efd5f42416fb6dc232590defe9ad4c9c
cdbaf09e-efbd-4fd4-b1ae-d643a918f982	mp-9509	804fe3c1-7c9e-46e4-82f4-e6c9b97c3452	32784	a2469ec93b5fe43684125cdc3871b2d8
cdc255c9-a965-428c-a737-a4091fcdfaef	mp-29070	5a349611-0788-4a06-af6c-9be5fd1c2e79	63988	caef5b243c38250264527dee9b286b48
cdc3999e-0778-471b-b191-72c2f5405c1c	mp-757457	ca4a0dde-c968-45f8-a225-bb3b47f691f5	95592	654b8eeecccb41d67d11659585a0d29a
cdcb4f68-7f1b-48af-8e75-2e5d8ab39221	mp-677164	27a68222-5d6f-4ffb-84f9-6e87b96875ac	34308	004a757980007fc88e8986eb3c2452ac
cdd9b920-efe5-4701-aa31-71dd728245fd	mp-754334	8192b99c-63c4-4674-af32-958ee737734e	8052	64a8eff6a4d1944dfccc74b0b2bd7e78
cde6f8b0-09bd-4e4a-9026-eb36e5f9f97b	mp-5512	c375c9ff-fb4a-472c-9e71-a8b273d3d27e	60364	c90fe806c61af8cdaa71edb67e49f32d
cde76374-5e58-45f3-bfd9-645560bc80eb	mp-755138	54d63062-3d4d-4104-b182-da8a4ea52ac9	15152	b66462c978f8d23db232a48aa0a33dd0
cded0774-c933-4bc2-b240-cd75d15aa889	mp-4991	8d674f94-5259-4c21-9178-104be6e289be	5820	a2fa164f3d843b8efa5164972f0e1340
cdf4aee7-8b69-4e80-b96d-c032a2176972	mp-561249	da006386-f152-402c-a8c1-d291d53e3f28	172212	af4f5e6966969275d7818cfe4b908daf
cdfac173-e4b3-4424-8f99-66aa9ed19d41	mp-755357	ed9f37cc-0923-4f2a-be49-e5df38bbd7ed	4684	87ba40279150cc84463e3c6d292785e2
cdfd2a1f-6025-465d-ab22-ad83a8099c28	mp-31419	c66c88ab-b8d4-4ac2-938a-cbfdf46fdc1b	8940	591c3b4bdf7aaf502c0160e0f5d9c01f
ce02eff9-8c09-4788-98d9-9c45ee47a727	mp-556125	cdacd8a7-3eef-4a77-b7a4-0284b8692603	23288	84106ef35da0faf959840c9b78a8c63b
ce063434-da1f-4a94-9731-7153acf658b6	mp-697136	6610c079-856c-40cb-bbfd-72ca8908191d	26220	f84b81e0fc3f4d21d3d9822e693ee022
ce13184c-ef44-46a8-9155-797ac030a761	mp-669340	2c30f0d3-12ab-4798-bd4a-ca522f4538d4	26232	b879da373597e643002df338a9a3b0e3
ce148ae1-e652-4c46-bc83-11ecc5905e00	mp-770846	727587ea-bb89-4364-9458-b433d9839e19	20636	a1d3e25fdf61af2acd51aac3c0881587
ce1b7eed-bfc1-467a-8992-80993e61033f	mp-6527	fc268064-23ba-4344-af89-352d85e8d846	18188	2b0aa7d41fedf4acc2f8ea1f81f2faad
ce34eec3-3131-45fd-9ae1-5cbf08587b78	mp-558980	abfbf76f-862c-4d59-9c87-ccec88d08331	16272	70f4ecc95569db50bb2ed4f09f63be24
ce462e24-8495-446d-b7f6-688e42d7b307	mp-23996	b4f4a145-945d-4a2b-a82e-2357cc8ea3e0	22084	02c9ccdf8087c4b98c8fddccf7639fcb
ce5074fa-51c9-4a67-95d7-438e4db9ef05	mp-989561	f62f1630-b4c5-4423-9a86-7b40391db0f7	2348	e649c0320e5e4f8d5fa1fa4eaf9f40d6
ce50f63e-31de-4298-88cc-ad8cea37a061	mp-28316	4ad56646-3970-4cb7-bd9e-7e693eca63eb	30472	c0be3115f75e0e2cf0643902732a8902
ce717d43-a768-4e94-8800-2a828941b84b	mp-23004	120d60fb-52c2-4bb1-958e-4e7e9b8cc3c4	6624	7aa4d7ec1421c33f80308731290a34f4
ce76379d-b7fb-4607-8d75-e7c984bd2213	mp-989624	03edf7ef-8255-4c75-9089-a6abce637116	27772	de8d2a9dde98410ad1b72e5c443417c3
ce80adb2-0bd0-4614-88f8-e8e86bb795d3	mp-542676	26ec9368-1f4b-45d5-bac4-923cbda9202f	71300	a5e2626ae44e83793518d20c4b89782f
ce8b06dc-b818-4d4f-83e5-3d8a6a4a198f	mp-23481	d4068c1f-d6fb-41de-b78a-97603ab0e90f	25316	5f768472a3b2748c0592df6464a0f100
cea3811d-181a-4aeb-a3ac-ebc42baa4743	mp-626785	fea0b52c-08b5-4ca0-b6bb-c19dde8f7745	12800	907101ab89b6683158dc9d5889fe3d61
ceb088c0-7127-4fc6-a19f-b311ab9ffac9	mp-684969	93de75c1-580c-4808-ba4a-7ba02a871703	15408	4640cf110b894dbbc5360874afcc8dff
ced6e9c9-8a4e-4ceb-9d3e-b2c0ad78e7e8	mp-540773	a3382694-5e94-4445-826b-7f78e1071837	27004	1f6705b58bfb91a2c8e284886d81fb59
cedd242f-3542-4399-8542-3be36f67183b	mp-29901	1520dae7-fee9-4d28-8cdd-e63c6eaef002	72132	16a77155bd74a5823a99844f7f3da503
cedff3fe-eb8b-45dc-86a5-cb29d46c2798	mp-17979	d4b9deeb-13f7-4bab-9c3f-e35a42111791	83476	3df17541497e2effd947710061784933
cee4ad22-c6d8-4e9b-a4ea-45bd95728bc9	mp-706277	3f9b9b23-8a39-4ba2-a830-4bae9b62071f	24076	1eabb4f45e53803a7187a48d0941c3c8
cee4f7cf-59d2-43cd-af1f-49589d8897d7	mp-568062	0adff324-6faf-41ab-be73-32defe795fdb	6456	bf9d0e2379bc662c4044be8e8f8f7a41
ceed3836-d87b-44f6-a641-f8b136ca66e7	mp-721011	abf0a1d6-0d33-4e46-807f-7565df8942be	286980	b5208d2d25c82593a06389a9bc1282eb
cef9f3a4-c79d-4750-897f-90ad741f8b2b	mp-16264	603cdf08-0b3b-4607-88a7-46f1574f02d1	15296	e7062334d3cd350972b36dd1ef355fa5
cf1ba7e4-784c-4f83-bd96-fdaf783a85b4	mp-5077	f390aef3-7281-42e2-8000-cb98ae6225e4	2948	cd554a392c79deae0fa9ac8be6630472
cf1e2ee6-aa1a-422c-b046-a665c7d7c6fc	mp-756598	43522b17-778b-405e-9952-a46e8c4c6097	46492	080c7401113b46f3b05cb1ed53b00984
cf25713b-a313-4dbc-814c-9a43940d3e08	mp-770118	0c6c56f5-df9b-4194-8722-38fa794127b9	21932	3fbfc608c52933f11c7681cf4628b193
cf338544-9f84-46d9-8d11-82e2a265c064	mp-30952	a6be7319-dc84-42f1-b0ff-00bff5ae1475	17984	c71f1a491ddc1566ae57c7fb24d97c3f
cf3796cc-a9d7-4f8f-9190-615c4b6c7fd2	mp-7582	a493eae9-88ac-4a8c-8a85-50f1f178d8c2	6040	da63edeab2c70d6e70a83059dc8ab29b
cf53b3ad-b1d2-4e1f-9bbd-cb4e6f4d9d1b	mp-504935	4d2b9168-bb03-4c70-90b9-adbc66f1d3b8	19712	aa1e92e869aa4fe9379d848424ef5cea
cf6c9897-adbf-45b6-bb25-3b3bc3f07f97	mp-15777	2941e89c-3664-497c-b42d-fc70a6eb1776	13120	a66e784743628ade1e32433cca6017fd
cf70dbfc-95fb-4943-8326-88ac50d74a72	mp-27220	ba9cf109-1643-435b-8fb8-3516baaddd7f	62244	20496d41cf01cf9ed578107f3882bcef
cf7cac0a-23a4-49a6-b629-9318678a5013	mp-2659	e1c1a9d9-c966-412c-9cfc-111b91094526	12032	9a9d074fd02bb7b03c584709d1056c94
cfa35155-5d86-4209-9773-789894528b30	mp-557179	b40532fa-78dd-4707-9f18-864ed84a434a	20776	7d2e01b587a69aea88bc68f31fe86989
cfc4b5ff-b605-4b22-8405-9d537ce4b7b1	mp-570959	b2c338ff-b114-46ab-b515-67602bcd7ce2	3128	77f5243885fe8d48e0d0a2c8a1c5bb98
cfce6a07-20de-492f-b3c4-ec5972912c97	mp-10942	2c2e80ab-a9df-49a7-b0fd-8edbe5629c98	16208	d1bd6bc281eb4cbde0d382014b035645
cfd19b0a-d7da-4c89-9a30-584cc2f79d9d	mp-754153	6c99882e-7922-4005-9fef-3638fe81d2d3	15040	32aaa7aa4d8b9678508cafbf1ec592a7
cfdc3a93-ef93-459e-88b2-6f93a3c0e16b	mp-643392	f0e69682-278f-458f-a5d4-6f7c7abd84a7	25296	2ba56453143972af2a43c07be63c84b6
cfffab5a-315f-437d-a33a-d2842a337083	mp-7937	7bc607ef-078e-4f8c-9396-b923ea0077df	6992	9de70d9140da87c29446d47f626272c5
d022e729-0d47-4e58-8575-c51445a34c1a	mp-557920	7d07e891-73cc-400d-b103-03147edcb4bb	43412	b95f2e2263e39c947de9ef5273383b12
d0298aaf-fd0c-4510-a724-57eeed70b95d	mp-2079	f1d6b91b-b9b9-4fe7-a6f1-63476c5b90d4	9000	3827097d7f3059dab26bd9f2928f70df
d03715e8-4b11-466b-abe0-a21f205be896	mp-8039	0109b12a-c5ac-4cc3-962e-384bb2e059e9	2556	69ca51cc313a2a1d34e6f3b8d98c278f
d04a3adc-b1cd-484e-90c0-af7a98c90ace	mp-9751	b9d46a41-c23d-4282-ab04-3f6437d5c1bf	32076	14883d34d48ac11aae55e56b93917e3e
d06f4db1-3b25-497c-94bd-1f208ac96c4d	mp-24066	bb68e07c-8a06-490a-8df5-ea605fd2fdce	12612	5f851a2c457c819ab0013bbf078ddbf3
d0701127-c62e-4728-8bfa-6a681423d458	mp-6046	9b14970b-4ed5-4028-ba81-44549bdd070d	35076	5a6d0776b54e519042e9fdd380d83109
d078b462-fc3d-4278-9e8e-1df847132174	mp-561511	3d96ca65-88e0-4248-bc85-b61f34251527	26512	5f2d368ecf479a13b99562890c51406b
d0a98325-3469-49f9-9c13-47ae2e6fa336	mp-676338	71e04598-8ed0-4f89-add5-b7f0798a1c96	16428	2b138a774595ac3541345af2a1549d6c
d0c08d82-8c88-4f54-a573-3bc1b3d4aaa0	mp-565679	51cc1e01-91d1-4f75-851c-051f12268cd0	133396	0e24b74415e8c0b7bd4a1f0cfb9640a2
d0c0d997-77d1-48bd-8f9d-6306f99bb4ca	mp-9059	bfc77695-43ed-4efb-a6ae-2d2b68ffb1f0	9484	f9d01d7d956449c7a2d839c2553b491a
d0cc528c-d913-4427-904d-0dd091c8ccff	mp-695470	16a9f356-b766-4685-a06d-0ad2781ccd9f	78228	1664dfd95afa1163c96f70162d50bd4c
d0fcffdc-7f5d-4d7e-ab18-42f9b4c20839	mp-28460	d57e700f-9d88-41c4-b475-ec5004ec907e	25224	88db4596ca95b23f7ff5b987765f8bbe
d119c6cb-7d10-4bec-94bb-00b9e12fd163	mp-1244	37fe5e6d-f9fe-44db-9d26-57f01d3d35e1	19820	ec60964381826c135b53ed48c40db441
d123c3bf-96fb-4152-b49d-4e7f07dcf334	mp-29689	64e327d2-4524-4938-b933-1d2c8628af48	15268	8c9bb384edc3ae935e889a0dc476c487
d127eb33-260e-4ce8-86a8-bc7533783399	mp-758845	e8c48e01-ff26-454e-ba7c-86fa57da379a	78876	b8ca8747fe8a7bb7dde3a476b202c1c1
d1421906-7caf-4042-a8d0-125030c0a2cc	mp-560119	8e9239e8-865b-4243-9bb3-1062423265ca	16888	780bac7dc7331166db842dcefba86ceb
d14795c6-1eab-4243-b81d-8e21a486835b	mp-559208	13f6e903-a853-400d-a0dd-31b6a767967c	20112	b8f9748fd93d067ecb8c81ed362ba55f
d14a9da0-fd29-4323-b997-b408069197c7	mp-830	d101ad73-da8e-43b9-bbf2-63f554bf1e81	1876	4ac8cb810abca256a9268f030c4b2bad
d15a8b0b-b803-44f6-be13-344e05bd04e1	mp-570700	6a976ea0-3cce-4053-a417-b8eda6bc954b	32044	2a6edf71d4459a27bc6792daed359ad8
d17469cb-1461-47f1-9623-3b73fcd06726	mp-753510	ec32ab87-a58f-4ea1-9d11-184b695c6b8d	32760	06b054b5a3790d7f8116e011b9f94b69
d1792a34-a994-45e8-997d-fe4a0c2bf6ea	mp-568105	1979f8c3-56ce-4c0d-8ec9-4578f009a69e	24328	81df48946dac74a3e3b149d940ea0d1e
d18b8289-6abd-4d39-a593-edf5a142790b	mp-571527	514337f5-e6f5-49f2-8f38-b14691e75157	10564	c7470c7f027488c29ef833a611fd139f
d192aef8-e1b7-44f5-9623-dcd6419aac8f	mp-675118	6c7b39b8-86c4-46e9-8baf-9717d966818d	89204	f72f48a1e0e36e60633b516c672d6f2d
d198a28e-41b7-4268-b40e-46766fdbcbed	mp-24239	777d8783-ff72-4afd-9a93-66986cf6c186	9508	88a574a58f9e187c9ac478161157c2ed
d1a745bb-4aa8-4a84-bbd5-94f3c3666320	mp-8277	f25e1851-8871-44c0-91f0-626c09ed6361	6332	b1e6154c7af43c8cc1d22ff4e4c72e59
d1cbdcf0-751f-458d-9b0b-4a3b6d2e07e6	mp-555420	d8a72a45-ca8a-4024-aa22-a6279591e1c9	141860	e7e907109f1650f8544ee2067aab0bce
d1d73d7a-2a36-4806-80b2-a4b1b89112ce	mp-18019	cfd057fa-46ac-4f89-899c-f4c3ed1d6048	54952	96919fa92d9fe345839ce11273680b72
d1db1001-9e26-4ac5-b3c4-966eb677c94b	mp-753917	2db7e3e4-8949-4597-beb9-2923da643309	33416	1c88b73cfc506c65a8b437516968e4bb
d1ecbd50-6b9c-4288-89e3-17cae2aaf107	mp-560535	36ea76d3-072e-4f8b-9053-b967515d23d9	75520	e1ad464bcb0d53ad71dc454f454b7031
d1fd248f-7df0-4951-a1a1-b426c0be3e1c	mp-755184	5e4e0c21-31e9-4964-8ca9-c109b73fffe9	22460	da096efb5940f3e0b410097d29a70905
d2006872-d8d7-45d8-8f0b-b1a2c7ac54ce	mp-29499	736372aa-bfbb-4df5-8e46-a1af0398ab4e	85092	12a556867014cd94148ee75193069757
d220cc6e-a7a9-491c-badb-a628ac7971a1	mp-556185	3664f18e-5d66-4889-8391-d99d90807532	28608	db24105f44c4bdea7acce7ba519abd0d
d23f2463-62db-40ea-80a3-7c46a460967f	mp-15802	66e80881-3caa-4b02-9882-3a60d8239f73	3064	4bc3f87273d98928ff58973dc9cf85a8
d2441995-219d-45b2-b2d0-75d2ec269779	mp-24119	4b7c05f4-e9e7-41d5-a84c-4526731d2df7	3612	68239d796b504a623e5127ba4cc0aacf
d252ffc6-df28-4f6e-b1fc-1a42d1d8267b	mp-571225	273d069e-ab70-4580-9170-30ec708d8f98	31108	9962ae2105ecd7e687563595d4a40e2d
d2601f0d-3eae-4d22-b1f3-0f2c206878dc	mp-558753	025019dc-9db2-4fb4-acd1-1f5300c35d07	27652	529dfe4a1f7c007fb104863804314bf3
d260ad4d-d296-44e9-9163-8a645da77251	mp-752671	c6c931d6-4ea5-448c-85fe-28866bd4a767	18100	1b2c313258be379ffea8e282ed626d5c
d2682f08-e852-4e10-a169-7f331a74b5b2	mp-22189	eb3a6544-4e1d-4600-a379-31f880b92a38	24936	ca4b9b09bda5ff23ffdeae9f955d4543
d26eac9f-5a65-4a79-a8a8-a1f0f789e047	mp-6095	1ec5157c-a52a-48d6-acb3-2ecd180b0551	245640	992433ff2a95f86d137c53ca0adae201
d27796c2-b7e2-426d-b485-2d9c02c24d33	mp-2146	bcebd643-c599-4e2d-b1bd-fc6a3b16277e	10876	a2a9ef71c9643db2674a9ffc1618ef18
d27ccd46-1a5d-4771-872b-56cbb2c55e8d	mp-28899	24824dff-00a3-460b-b6d2-d0142ff9dbc4	18224	3824e39c66446b6566d26aaafb3fb6f3
d281f332-b069-4aba-b8b4-d3c08d45aa0c	mp-675488	399fcdd5-1ae3-4664-874a-4a245600450e	26368	761ff8bd3c6f59df0758c379093c32b9
d286467d-f350-4281-9b94-4a2504bac485	mp-686102	411d0a69-27ef-4944-a167-0e998e25d958	164208	82a3783c515641a85af475c26ceda558
d2d54528-ab3d-4b7f-b3fe-90a9be6d5df8	mp-559177	f17f6336-981f-423b-821a-c49a71a6a436	49416	666d27978f6a42b55ce1e4a4d34995b8
d2db2d95-84b5-42d2-8dee-4dba40f89d7c	mp-759759	b4c56d00-237d-425b-a091-44c08e3d7532	119236	3a4db815a4a4368b88c4574b0b1589c1
d2e6b33d-3ca2-45c0-a398-8890982c02eb	mp-29244	ee42d910-8112-4804-ac78-1f56eefe7051	18580	34c5c289c2e31fcec28b5765139d54d3
d2eeb481-1058-4811-947a-fb09dae44129	mp-554961	e9f066e2-cc8b-47b2-81b1-5dfac1a34a25	48988	8bc8cb8ef7f8505c0810bcbedaec471e
d2efa127-8b8f-4ab3-9e41-6ae2a2ededca	mp-510293	356dbcd6-b3c9-4931-93b7-1ef5420403be	40328	9710ff6aadf45714ce253d0f9ab926fd
d312157d-d441-4323-bd9c-7063648be152	mp-28940	8d692621-204f-418d-b301-9a9ec2f4439c	49396	10dd74ad7af7442c1588e4a968142c07
d3150751-3b8e-410c-902f-db7d8218a62b	mp-771411	00ba0e6c-1d44-44a6-8bcf-7ce71b063ace	26436	ab9a0d563327341de31b0ec2ac763a3d
d31e5a78-7a4a-4a64-b1d0-217db28b0812	mp-2691	f5599a6e-8954-49dc-aad7-39b2ab72a13d	1880	f339af6375fe21078b5c049ff009941c
d33544f8-b80c-4ee3-bb31-7212c72030de	mp-560386	18c5bb43-841a-42dc-8f49-490a40a35ec9	56308	710fc0a376bd344d60196d06ededc169
d346021d-73e5-4f4a-8fa0-ab6065f62897	mp-5586	513bf606-0594-47b1-a5d4-4eb138dbfb24	33156	80fe22625b1db68c4baf1657d7d34d00
d3483394-8baf-4942-b1bc-a9ad2ea26ae6	mp-556207	db51d23b-111c-4205-b6e9-92b13f608728	26876	968dc02218416574f8e9189deea97762
d34d5e6d-73fe-4874-a19e-904b533ad113	mp-8931	58c92bed-54a7-4f58-90f2-8959e32928c6	11800	03aac88f0cb42a946ea7d0f425ff72cd
d35093c7-0980-47c3-ad9f-89a72793715b	mp-4979	6f09541c-2ca8-44e4-9f02-4d646b4c4605	9364	5c9a8f01c5f7730651ca2951fdecedf1
d36fac2e-ec0a-4035-99d5-1126238e6b4d	mp-626361	a783a0b9-71a0-4cea-8737-a85ae0d5835d	27980	3e1307a857e7f7896149e4c0c41158f1
d3a3e255-4be2-4833-8e73-9348796fd6f2	mp-17153	e150b66f-7399-485f-a42a-325eec526c59	28236	8d016b04a3f0e6c2cb01d91070e7cedb
d3c19209-f795-47fe-a5b5-87da8417409a	mp-28477	4d1253c9-3e6f-4096-a296-4810e1eda370	40288	00e074c4dec8f9d2f546e1ef89617984
d3ed1540-b0eb-4e79-a903-3432b293e67a	mp-22023	6be733d3-39ae-4426-8ce1-e86cae9171e1	34280	b780fd683c64588a358e56360bea4c5d
d3f1c1f3-5658-4d65-86d2-0e078ebf64ab	mp-571514	a21a48a4-ac20-45a8-921d-6f4334e0e00f	38444	4f1133992d86bef1a295a8b23b86908a
d3f48559-847f-4caf-87a2-eac80b33be8c	mp-753785	9006f9ee-150d-4852-b017-64a7d55b8787	7796	f873068453a71374f184c8949d6c2365
d418f610-31b4-4a10-b02b-9b37b2504edf	mp-28013	e3826b74-2314-42e2-95b3-c9cd89420575	6468	783ff660ba2994b33aa134eb6831e92d
d4405159-f20c-4361-b783-bde41dfa2e28	mp-772199	4779a04b-240a-4094-a60b-220c9bd9ab52	16580	5f80da3f5cd8d94bc1e052a2f4e6150a
d461cd36-007d-401c-9fc5-438abf14e65a	mp-567290	abac5c63-7a99-4d7a-a8a1-0620b78ae932	6076	6a5483674dcf2a29bb682322e15e85a5
d4692299-d614-47d5-aecd-69fc95fb4a0b	mp-9172	11ad4f43-f045-4e9f-b4e1-cf1b2892f797	24084	a68dd6ef446f45ea50735060a04271cb
d46c3f3d-c8bf-45ec-955f-bba14df9528f	mp-569149	f18002d8-8339-41c0-b2b0-989690283fd0	1996	6538253da6b4313e2df9488d8ab9d251
d4726987-85ec-45cc-9d75-bb9cd94b1caf	mp-29890	c537ffdf-18ad-47e8-998a-70036e7d16b7	16728	c4912baa3a1e54be371e2386a39c7953
d47d8ca0-c2d5-4d1d-a85d-b80427a8a363	mp-676801	33513f07-1eb2-4bdb-8783-ea041a2feda6	117288	3bbaf967cfb8cc6ceefbbbf7b1375df8
d4863423-07ee-45a4-812c-5c31844b293e	mp-555808	9c686ccd-bf00-4bd4-b4e4-5dabe2e389da	28052	83024f22618a76bb4bc1578d04d688f9
d48d97d4-1d6b-4f07-83df-3aa4cfb68376	mp-30230	e252e3ec-aede-43e0-9976-658da2e779fd	14124	2eeceeb0c3e91368926ceb7bd783bea3
d48da328-c4a4-4dd4-a1bb-b84f2923407e	mp-28166	3367231e-32b1-4cae-84b7-663fdc1d958e	3272	0f26507971f46ba829b3abf8be758b39
d495f1d2-c7d8-4e7c-83c5-2577340682c5	mp-4967	16eeaaa5-fea6-4d8b-98fe-0efb37bb87bf	21332	36cffabf4cef72d7b15c2ea2251b156d
d4b4ec1f-eb94-4354-919f-814879e87609	mp-8616	47293cb8-cdb6-4444-8e76-55717b3650f8	12308	10d1a47f1b7f8f4e6057f6436d0a7bac
d4b82ba2-491a-46c4-9c69-71baf6cb12ea	mp-553875	f2bb901c-08a9-4e40-bc12-fa03e1b35ecb	6588	a8556670b2ab4e601a59f3652222e980
d4b8def6-2a52-4079-99b4-317fa830897f	mp-560445	3ef516b7-788b-4fae-93da-9bbb34800faf	23888	27a842d5fe2da349306f9397a0b97220
d4cee443-2964-4525-9b17-c0ed6b021ec3	mp-569892	b50f7f8f-a376-421e-88b1-d93cc033430c	37732	332149810f2bd8833b106637a1ebf01a
d4e5e2d0-09fd-4fb7-820e-2c3cd72fd9ff	mp-40677	436a587c-49b7-4f8d-8a21-37eef957ab86	18376	d4adb5ca096f250e3e8ce4d9eee76467
d4efb940-4c00-439e-82d5-769138bcef3a	mp-7891	61c84984-01b8-4444-9123-e8b3c8765309	6264	3ccb0a94f37263e95ea06499b18b58b2
d509f56e-7cbd-4ea5-97ec-03ddcd7a7101	mp-569203	d5a6e5a3-dc00-4870-9ba7-f3e1fcd3a8c2	84292	ce7d5be739466c3d3d249cf03ff9784a
d511613d-b422-446a-a1e5-5d6c6ecd8121	mp-23763	ef4fce4f-6658-4ef2-ad30-706dac177da6	4296	cf8375a567df9952597873404bee2ab9
d51729c6-0ffe-4eb5-8fd9-4074de98fb62	mp-29009	714ba56c-efa7-4fee-8a46-3d8d3c267a4d	7540	30c6615f38fbcbae5cafed3d370692f1
d5209ed6-340b-4a5f-bc2b-4632165b35b8	mp-7922	6397a20a-e299-473c-a08a-b3c7fa292fc9	11296	8e5fc38a47f51ca273415e6761f90c9c
d525c2e9-1a91-4eec-b678-301c308d11ec	mp-758379	3ef83f66-2463-414b-8a05-414e79577469	132100	e90b1b7105c706bc4662db5b16f48472
d5377527-af46-4abc-9171-514b555dd2e6	mp-616572	30bd5ae7-577c-433d-8749-7d59400e3a3a	22020	d73533fd0fb913f2848410ebd313bad8
d545a5c2-e286-4ac8-8852-e94a3f33df5d	mp-625051	24a4da9b-8df7-43ad-9e86-c2f232e4f70f	5896	d1c54e690640def663e1e7da45b8eed9
d546be24-3453-4502-b63c-369a579d8b98	mp-13827	c56b806c-eb73-413e-ba0a-6f82c3c7218e	20200	53fd2a1027d9ac98e483fc1e93825978
d551306b-ac0f-43e2-9108-f0db74d68f54	mp-772141	606d2699-ce0d-476f-afdb-1f73ff3acdc1	44952	694752f4e164bac706c8cc440b72eeca
d55e571c-9619-4a7a-b2ea-89e7845b3954	mp-667	623d7a3d-efaa-48c5-8701-ba41dce7e48d	46384	5c33fdd3c8d2bd70978946743a33f574
d56784ae-064e-45d9-a297-927a66cf162f	mp-1707	ad820c0a-fa54-4955-b85a-a616af863237	21820	fd5c1344090eb7967e36f11982b1bb32
d5ad8e30-0646-489d-bfb7-80683180a4ce	mp-23918	0657b2ce-fc99-48b9-90c1-c21b7248d799	11880	87e6999cf7cffc0e2bcea9b506ee19cb
d5ca0cb4-585e-4fc8-88f8-6d5f68c7314b	mp-16455	a731b1fe-ea9c-460b-9084-0ff06c755e63	15060	e1e77aeb24de1ff8be2f6ee703f5de4f
d5d08288-19b6-4117-81cd-ab9c44754fd8	mp-555490	0076657c-bc9b-4868-b7c9-49e97a596f21	47152	eaf0584e674c739a98e12892aa148e55
d5e092a6-9eaa-4d50-a07d-08ff3b353489	mp-8397	4170a905-789a-420e-a5fd-4d553eeca692	3320	b95565cd5abd2751cb88d1dafc8e8bc4
d5e2dd71-2cd9-48b3-87b2-eb428411f484	mp-991676	ab684510-791e-4af8-a3e2-a88906204f09	3508	517f4aa76cace89ea0f75041c11953d2
d5f1fa89-3e9e-4a81-b8ec-deb05a4c32c2	mp-653561	209ea8b4-d3e6-4033-9728-794ee582aca2	57468	45b642a83c10cdd6bd2c9ef4f1e2ad8c
d5fd2fcf-3548-4668-a5cb-0909628c75c0	mp-510030	6b0587fb-a0b3-46b5-be69-af0d6249a2f1	27996	d5e4174503d0f72fa20930f30e752af0
d604603b-db15-4b77-a7ec-889bd533d849	mp-5189	671ae31b-fd21-40e0-a90c-cee6c4fb7bd5	15916	608975adcc2a2b6abb797ab31bd2f0b8
d6162f00-5bd2-4efa-9b86-4afff5f6ca1d	mp-23209	9194a8a9-8862-4c31-b328-9fa486d51604	2184	f540d655c707f464952c23766dd7e984
d617921a-6334-4b49-8e7b-c9c7a28357ae	mp-556039	064735d4-f19b-48d8-9e8c-02d152de7083	70356	07185345573d6968a8d5be512f53be90
d628a113-909e-4da5-8447-61b3b5388660	mp-695511	132720aa-16fb-498a-a043-551f553c4e83	52296	21734780ad5f6dd1b9efb0940e7bcc00
d66366bd-d007-43d3-b326-ab6a90ac5c4b	mp-8300	8eb0f9bc-b14d-4994-b739-c866007ddba4	7924	e519e601f487f93e78169012a77a4654
d66c7d29-a386-4f6c-bc25-9212db4d8c07	mp-680114	4727561c-0cf1-44c5-b8fb-5bb9b36c5351	68008	5084805263574d85c534107d4e4b8cd7
d67d47ff-2920-45ad-8272-8272c24413d5	mp-12908	2411a73b-b1e2-48fd-8341-90b429269819	7264	9a807d0fb4c3e1f4a7ff36ba0a910844
d683bba3-43bf-4475-beca-c44ed5bebe58	mp-11020	0699d6d3-ed66-43f2-940f-7480f90582d7	7356	9099342d14edcec5d19fdeceadd01738
d688eecc-7a47-4096-a30a-35c57a5dd8e6	mp-542802	e6fa0ea8-ba0d-4685-888d-637192327885	29316	dff077607f16c29b51d64b7b33ea38fa
d689b74c-f4bf-4b86-9f3b-44a42ad30113	mp-680163	b42f73e0-80ed-4f59-8f97-51c0af5bd6a8	72936	1f1f6ead5c6ebffe5b7fefe819927573
d68b5e59-e932-46c9-8903-e7f5cbbe0855	mp-8723	be2fd4df-89a0-4cc2-bbd1-27d976e82db7	6828	a58ae0bb130c0639a93ab51d2987b936
d69153cc-ddc2-4989-8ab8-76b25a873b9c	mp-28734	4d00a13b-a1d8-4677-8863-a7d05bbbab0e	3780	95ce33965c19a1b58b52a4a19e63976c
d6a2f80c-6200-42ff-bd92-db53589b8482	mp-27579	d09ffbea-403f-4a8f-b335-ae8a9a4bebbb	80296	cbe005feff0ebca66bbd04063368a11f
d6accf68-db61-433b-8942-e1ca2f6fe4f8	mp-18677	1c634062-8db6-4020-b3b7-0368d9c92a25	52152	cd966fca460b58c149c5346c6263ec4f
d6ba2433-697b-405f-8359-606342691c2e	mp-642725	c34ffd93-1094-447c-bd78-2b635824687f	12708	9e865361e474b9466d96ee6f2cc71e4b
d6beca86-7ee5-435d-8457-eed739999d84	mp-766267	0a2ab83b-55ab-404b-bd85-3ba904f5479f	53712	2386e7cb58bc72e99d4d7ef1f3c2d58b
d6cb1107-6b08-4885-ab56-1ae4cc44c66a	mp-3378	1a7db6ee-bcb0-459a-9564-4fd97cdfaf75	15144	17cd5c2270bcb78e1d2a6a6febca70ed
d6d7d1df-2127-4a23-bc8a-20d390dda2c0	mp-29424	9bb5778b-790d-491c-b878-95432a8c65e2	48424	fa3f1dcbc3c188ffc263c9c81d0e9c14
d70101fb-e96d-492e-9560-5f9a29d39c89	mp-6109	5bee2b81-a5cd-49ff-bca7-85b7bedbec1b	125016	eec18f8e6a375368479bdc47c2bf9b84
d70720dd-4f28-48e5-a0d4-d976c69fdf54	mp-556347	1407c990-39e5-495a-88f5-be6c9579ef6d	40496	51d62065ff93ff4b7af3f13deaa527be
d73d0d32-5b1f-4e1c-a36b-85aab7b89903	mp-581601	cf430670-f4cf-456e-982b-66e4ecd3d2d6	26532	3ff810a68afa80f954e4e4ea2ef8beef
d73d4321-80ea-482b-a351-10b46612f489	mp-4988	dc25b08c-dacc-4e46-a883-80b76228fce2	55884	d01f4ee5b8e1eb23bf4337bf92d9491f
d746d639-ba29-4920-b97a-632027e26b65	mp-28608	0e71ad6c-42b9-42e2-afb7-dc6201617199	21636	cf72e9ba97a5f7f1803951609dab123c
d78c4045-1065-415b-af72-152728c319d2	mp-772018	f9aa52bc-bb84-4727-9221-2b862572accc	139644	2abf5bb3aed07766da58637bec471570
d78f4a64-25f5-4733-a7fd-423a1766f828	mp-31304	062e2188-fb7a-4530-a26d-f240742cdb37	41068	f9f6102bf0106a39bd5539c671a43d27
d791fa7d-74ac-4ff3-97b7-02876e94550b	mp-13334	13b7d913-c314-41ef-aab9-40c22f0dbf39	18364	a36d6d6e629c9397b70a0be206f0c331
d7943b88-9c42-4e52-933c-c2223b1a9c4c	mp-680153	1ea0fa82-7674-49fd-86f7-bff13eee2059	52304	64d4063b5ec0cb576a64aef93b355148
d79c20c9-b080-4528-8000-91f65455ae98	mp-7436	d2adc065-15b1-4bbf-9230-172d205789e3	4828	1a2291a14d14a49b1bc172c106846852
d7a6d29e-cbc7-4449-b13e-40d029bb5679	mp-3081	7fda2bc2-6f7f-4c8c-85bf-dbd5ea6b0050	28872	dfadc24446efb1de0402d782828f196b
d7a97ac6-2732-4fa5-b04f-04214b6832f8	mp-510346	e58df44a-87ab-4c4c-843e-2c401684353a	50640	179900f8454e26fdf2b4933fb5860bcc
d7ad7aa7-2355-4c55-8b6f-226b8d76dc8e	mp-9687	07d82b6c-95d3-4477-9f93-684b07c63d92	10112	55c8bd71fd8edff55abfddbe684e8fa8
d7af3721-25a1-442e-bcd2-47be67e75524	mp-558273	7bf9ffe7-ba1d-4b4c-9959-0237d282063a	33976	75df0c8a5ef54912fd7042e533f7862a
d7b1b1bf-f932-4e97-bcf2-e261be789d37	mp-989512	679cd70a-e4a2-48db-b3d7-fc1d782a455d	2324	88c4d3fbb4ca3e2e5df0112538f02feb
d7c5a1f6-b572-4673-8f49-7da984c6a2c0	mp-752949	70aa7232-ba57-4d1a-8f62-5d678eb2f5f2	6092	b57127375713dcb37dc011bb195ddaa9
d7d8c1ee-ba99-4d54-8a9a-d849b067ab23	mp-639741	687b0f7e-acb4-43c8-982c-f167a02e17f3	18180	5246e78b745c362756e775fc30f3d019
d7e889a9-028d-415a-8f46-cf8c83395b99	mp-557473	fa8691eb-2d50-4072-942b-2953e37f7e42	104660	ed9e269db47bc58114ee185af2a250ce
d7faa93a-2157-42e8-bda2-032c07285e98	mp-709021	43cd4178-faa9-43cc-8e72-7922b28904d9	117820	d22ff1a8b73bd8233595335047ca2479
d826b112-baac-4773-91d0-d6b1d483b44e	mp-555899	46b3743f-d8f1-46b1-97d0-51e6dea3c814	37012	8faf26f340f2690da2990c2fa6cbc2f7
d831cdfa-1c4e-483d-aa35-e3f5833571f6	mp-532680	eb84ef3d-d274-4cb7-a3ca-b2e1f6e443e9	51588	0576d2fd3d7d04738fe433f2e59b5d4f
d83c33b5-d336-4410-a0b4-6b9fb028a4cc	mp-5014	9c19cf3d-4507-434f-a23d-e432bef63186	14984	5a0642f84567750ee40d2ff3bd6be421
d8780221-2fd8-4486-a2dd-b3e0f31e41e3	mp-28168	804e3dfa-8a79-40b6-b866-09502bd018cc	27780	6aa093b14393d6e059558137c49b5cd2
d87c155f-d6ad-4149-8fe4-f368bb764ff7	mp-541001	5c345bbe-16b0-497c-8273-e4ea648698fe	32088	8feb8b18e6b916b23eea8a72403b805b
d87ed5d8-25dd-453a-8466-76769b12a50f	mp-667349	d10dce7e-224b-4f2d-b4b4-156dd2ed0c11	89428	d7dcf2e767ce5b8c0999347266c80112
d87f6053-ecd9-4b8b-a8e9-cf49eda2b29a	mp-19970	bed549b2-f64b-49fd-b2bb-d54f5e051f17	13064	3054d9c3b668a0b91ebdef1e684d9290
d8a22b27-b7d1-441a-b0b7-1f1fad8a3905	mp-556872	4f03a698-1852-466d-8610-b7c84ee60bbc	18840	4b1ccb1c6e453a6353c769516b90c99e
d8aca5d6-9c45-422d-bf84-eb7d2318f597	mp-31037	c13eb19a-e24b-40f1-89d6-15a178c538ae	21964	eddc82f3eaa81cea1f17db0c023fdd28
d8b6dc13-f326-4b4f-b5d4-8b05e210d570	mp-28177	fb56d476-e015-49bf-9917-523e5aab77ec	16532	b38627ccf53b7aa37f009d75d2a0e0c0
d8c12129-c74d-4b77-8960-e93c7daded7d	mp-510002	a646b590-90b8-489f-b519-8354898f1d02	9684	9ebc04025a83047b0929f7fea8b05adb
d8e38243-47f7-4512-9677-9e81274547a2	mp-23067	47e738eb-2d19-4f3e-abdf-609e204f25db	2028	cc2356a8941b1068189b3d040038529b
d8edb710-a7b2-4bb9-9c7f-7040d64fd59d	mp-675293	4ebd6c34-5561-4616-b8aa-7a6f22bbeb12	8032	9346b23fe546381668eef62e2ad6e878
d8ef2372-7f78-4ab9-8287-cdffd2769463	mp-685995	1eba2516-8409-4116-b27b-0ccbc53f1536	116148	48086de4339c260d25d78e8bb4c7f228
d8f0765f-f11a-4af9-9e56-f98452b46fa5	mp-11641	19b7d35a-42d2-427c-97b2-6f153852285e	14348	2cf0c03bdcb1fb039208b22b9066a5eb
d8f638ad-6034-4c40-b164-4bcd532e6f4c	mp-6440	48f4cd92-2039-4099-93f9-0d9abb557dbb	33988	5707da9ed00127e0eed8fb7b88c7e10a
d8f775c8-e60c-4cdd-9a56-40ff67e3cc87	mp-756238	40b776c9-8b36-4338-b9de-c74df6629adf	18108	ce18b351894b3e830f109811a7559081
d9004088-4dbf-4573-93d3-c40664cf4b32	mp-752675	08f13650-75b4-4298-b3ad-01cd253c413f	25496	2d98cecd9015753cf4333e77a1541650
d921a360-cd71-4022-b0f5-69da38d3d5f2	mp-5367	ecb8b38e-31af-44da-8fad-9eb3da6def45	67120	138b5046ef2fd1f3044459381cecd430
d9220307-be83-4070-b211-743c400423f8	mp-753153	b6567199-d9f7-47b9-bf28-9514926da4c9	32856	f707afbb1efe13acc219bd620db88509
d928943b-f4fc-413c-b101-a8cf2e232774	mp-559637	9e208658-91e1-4985-87c5-e92cccacaa3e	83252	7efab71d8f31c13bde16ec6cc6f3e7f3
d93a7825-3ea5-47eb-befb-121696fcfe4f	mp-18661	2bbf684e-5e91-45c6-bc06-b35de98a4bcf	153620	8afe9f019377a19836d68b19ab97f1d5
d941d21e-97a2-4870-aa43-f5b3954efb47	mp-642834	c4cad0bd-eb8f-40cd-bd97-503c430b73b5	10972	c15236467f0515cc83e44b4dc926cab6
d94d9247-a97a-4990-a922-7437f66db74a	mp-572702	5f6b8c95-ed20-46ec-8f49-755f05802aea	83980	f37c3d51f8d3ba8416257fbd75ec3b72
d96f2b4d-477b-4bf0-addc-06f6d0d2db6d	mp-27742	cc15932d-5393-421b-bbbf-dc794af3ed6f	13620	58690c9e188ba9c6a31b6f18db8846f5
d9888272-fea7-49bb-9c56-1af147133c13	mp-754989	390d54b9-da1d-4187-bb61-3bed18b2cdf8	15444	4a5396eefaccab5808f94be86989302f
d9994428-4258-46f3-9743-2c50dd23f86d	mp-546790	5e85efc7-2fe2-4a76-989b-cf5cc42de538	8556	f92f2bb1cd0ca441497a625563663353
d99cd729-43cd-488b-acaf-edcd77fd660b	mp-645340	c178027e-c7ef-4a2b-ac1a-5c1009cb7255	204308	3165128b50b1c78d7508f51dde727c21
d9b46f81-53c3-41a2-bc6a-2629b94a7f5d	mp-505799	314f9da0-9f0b-47d7-be42-98c4099b275b	42676	8fd09c785e638a1c194046b97abe2bb0
d9b70109-c8be-48a7-9d98-63d0e63fe8fe	mp-773906	935ec2e7-77ab-474d-80ba-ceba39b87803	106444	be497cb327d95502c5bc7c1d08331766
d9c498ee-078f-41d9-888f-1e35a53665f4	mp-4622	924ab428-541a-4efe-9d43-1937f9051db6	52532	4ce36b93288bd12d09235399e2c46bab
d9f19a2e-3444-46ac-b8e5-d9344b2dc884	mp-676274	a3f049bd-c200-4cfd-a670-54bdc27479cd	18436	984a083eedfc24a33ceda406e532f17e
d9f66125-aeea-47f3-8832-60977b43a7f1	mp-978844	d0f24ab0-4f85-497d-b8e3-7a76ae4c7e0d	2788	a54dc71d72fd2228390f328579cb677d
da0dd77a-0b8b-492d-9795-e2bd75e1fb36	mp-607987	daadc0f3-1465-436a-b720-bae2c15337fa	44860	f9b061bd94aa39c98944de0418dd31f5
da2b082b-4be8-4be5-bcd6-52a508159365	mp-24610	bfd386be-9dc5-4926-8b23-c037d16784f4	61804	58a09bd4975cf9f0f123bf7004663e6b
da2da7a6-520c-4092-b014-ae7baf688e56	mp-554782	e0fff053-6754-48d5-91cc-cf4579a68a5a	29200	ddfad21c21482dca4401bd5486b24d26
da31df9f-ec0b-4b6a-9ba8-a0d647f1fc7f	mp-680172	f01c8060-bc6e-45a5-9632-f6fc01664035	58444	056c640fda6faf6b1522098c127aade7
da31eced-c2c4-4f3e-9355-15c5a3af40a0	mp-867132	4f9bc332-c425-405a-a834-f36a64670e9f	42260	f95e4794d442e3c9f9d12d5b40f6bff1
da341ffd-8d35-4183-af21-60bd54fb73de	mp-14354	f7fa37fc-446b-49b7-b184-9d534ea61c7d	36248	3c38e9c853cd8d14a55701e17db48aa3
da4e0aed-74cb-402d-9b15-24e15f11c6f2	mp-17765	1f91d368-d75c-45be-b07d-6c243b51ddf4	42124	e4d69bc67b99f9c490b73b0e770b46de
da4f3fd6-a1a1-42d1-8a72-a3073d9e11f8	mp-553961	917c9403-6113-4505-b24c-06bb1fa77259	29332	f7645329291208091a3bb36fd05fc273
da601dcf-e070-4289-93ea-df967b4d04d8	mp-680169	ec8ac5bc-e8f9-425e-8d28-9b6c7964acf5	411232	9101a073848e980ffbdd9f5cb3182dfb
da60c704-3ab8-4a90-ad77-7e0facfede67	mp-7940	6897fa4d-c57f-47e8-bca6-c5b9feb8ff7d	6940	7155ce436bba5cf8ab60310f052813bb
da68e9b5-1cb4-4d29-a335-16b6f801073f	mp-7438	6991dd4c-b1f1-4961-9a5f-dcac111deb33	4884	f70ee03a150b2760faf9a7d820ec9a91
da6e01ce-cef7-438e-9938-d7364445c8ad	mp-571415	ccf423a6-432e-4f1f-87ac-9a4a28635623	74836	30df8a1a61466f9752b81c090fef1089
da8339e7-a665-4e07-97fc-ca0830bc6584	mp-559549	dab59b7b-094e-4010-a3f6-81be9eea2989	33208	c2de3d400cdc618bafc3f4c673a31fd6
da92648b-cd05-47a5-9b46-3bb482c6e447	mp-6566	c56a333c-92a3-449b-9473-9f31a99fe666	40668	de3c94ad56cc51bfcdedb60becf4c3ab
da9376b6-9a81-4cad-a340-cf68985809aa	mp-16337	fe6c51b3-3dd6-46ff-989a-4424044c7c57	13280	eee354165fa88d54fb0d7282e9049bd2
da98cb2c-ffa7-404c-97ce-026917abd21f	mp-22587	e6ee8a8e-6dc2-4ae3-a153-88d4ef9234a3	3160	b1fd04fa9031234e1cf0257b644c8912
da9b650c-b559-43aa-8158-49ee72ff7d4a	mp-23807	e9ecae6b-aaad-460f-8c43-bd5d95e6876d	22788	26ee1e23a56b189725253c2a65ecca14
da9dc867-2a48-43b2-86de-c9cc08732e87	mp-556400	8ddfb319-05d6-4e37-a2b6-a2eda43bc0ec	9560	20cdba721c0645a253695a0a26f1e592
daa7678e-652f-49e2-9156-1b812202c7d7	mp-29186	65218603-7072-47d2-8947-1a5fd2b9d920	150496	459cfc4896d48afd788008f8219f4706
dab71e9b-572e-4b54-9cc0-b9f50265e464	mp-22968	30f8e37b-906b-483a-a70b-e89ee8ea8725	12664	6a494cd0dc8e2d3625a66745a99c4ba2
dac44df0-fc66-42f2-9167-751a6cd4ed96	mp-18652	d1db7610-226c-426d-90f7-6c5faf846630	10656	15f04cf649cb1fd89560775818ec9b22
dac477ad-3866-4b21-970a-998ff868c22d	mp-755463	ce433970-01fb-4020-8221-ed1066be83af	8056	6d31a2553d1403c5859c1411d846ee6d
dadefe63-15f1-4ab6-b87f-469af0f8557f	mp-767430	119144c5-4b3b-488d-9765-3fd71e26d4be	47240	0d8ad91ecc73e77db9b253e8dd935842
db0d1528-2f12-4a73-84bf-3aebc12a1ee2	mp-17975	8d3fef8f-e6b3-4c19-adcc-4134e52c2365	28604	44c1a3eafb771300f7e368b1ad038159
db11605e-7a04-4c6e-9861-53dcf9016f63	mp-7863	c3e7bc9d-6f3f-4da8-b59f-6f87572225ed	7252	0114f7bac12131ce182a6d6b72676918
db156261-c88b-4484-bf83-fa2d351130f7	mp-37741	e5f04c66-9815-44ca-b97e-abdd658e8d6c	7976	bafd5a39d0af76957b8da0716d4b277f
db345711-ab10-4768-8c63-f61271e53578	mp-5808	a9c4ba25-2394-4ef5-a692-31bf4efd094e	6204	a175f729a795df4b6248d830d178c658
db38cb33-36fc-428e-ab16-15907b6f549b	mp-557407	39eb6d49-a6ea-4b8d-865a-811d8a3a35bc	20840	fa98ccc408ac06db613a6db3cc23ad2b
db3eac95-c349-4f7f-b2c1-019b2de5fa31	mp-4624	3bdfc17b-15af-41da-95f9-ca56547108b2	4848	0717d563ad80f7914c27cfaacb94e1cc
db5616ba-2d7e-4432-b642-445f1ae4b2c9	mp-18317	cb50dc0c-dcb5-43c9-b228-21faac9695cf	69184	6b6971acd3364cdd512b420c6d06ffc8
db64c2eb-1d36-4b9b-8491-007c13cf4d26	mp-21405	bd0e8671-130e-4752-977e-3e42246c11cb	11004	aeaa88892bd15e7da019a18c4d670477
db77998e-4cb3-406a-9088-9c427ee9ba2e	mp-696701	08516754-8881-454e-89cc-7fccba959ddd	14704	3ef337dd9c1651c4cd3bd9a0916c1419
db91e416-63ee-4573-aca7-1c238cc15efc	mp-17691	becdf4f5-a8aa-4209-887c-a4f2656d6756	43164	76b0e1699143f2e069bdef3dc29911bf
db99642a-9f2b-47cf-972d-e8381773ef62	mp-753277	c2650a17-4368-4e8b-bc26-261871eb6f48	18440	01d1b281ecd1c74c8f7d5f3657da9823
dba43585-25e5-4aa7-a3be-bfd40a4979d6	mp-755559	342e645b-87c7-4871-996a-731d098802c9	15108	1b5abda58de301547461d5848ee6c0e2
dbadacb8-5b2b-4810-9798-0936ab63681c	mp-17914	15333495-7944-4d82-bb57-0ebf2d3b95c3	37268	2920b997872982bcbc4b680e8449a01c
dbbdb564-cf3c-407a-8707-77396802cc12	mp-8976	fa699c65-d603-41cc-a075-4e34977db3e9	9656	fd7ab4a2b34990cc6622bb107aa9de94
dbbe2f38-b6bd-453e-bcc5-16685479f3af	mp-675376	c61e81ca-284b-4e64-a226-f186cc437011	39828	e20348935db63a9f8855d325ca96be20
dbcaa298-8ef9-4493-bc5a-e4ad9ec6b5d7	mp-16934	86e9b2e6-69bd-4b07-93d8-34aa2e05baf4	49160	f12a5f5fdd9f54b2455b27a5eb9e14e8
dbcaf9a2-57de-4b5a-be57-2f89dab20754	mp-29091	8424eeb0-fc14-4e27-ae22-eb80244a7ee7	13472	55de99478cd36e5bc88290f235520874
dbdb7f7c-d5c7-4d7e-a917-b72dab5526c5	mp-560790	4f22ed68-0fff-43c5-9a16-2f635244dc12	2324	95bd03752ef62b6a91675ca907d2428d
dbde7f5b-60ca-4914-83bf-5ebe70b91fca	mp-626994	b3044b06-54bc-4d20-a9b7-53943338abcd	48092	54d658017e16a50de33ce12ef32ceac4
dbe1af20-d666-40f1-bff2-00c0ac8f067d	mp-29234	7a83373e-e7e0-400f-a449-615e707f0c80	23856	7b3db6be56f56acf5bd4aa5a121ff728
dbe6452c-73af-4768-97bd-0617b6d65416	mp-542694	b0e89273-cd6c-49b7-9519-6c51c5c61f76	70824	7ea66c3a9de671d29f410d398ee379d5
dbe6795f-7492-44f6-93e6-be8fe893017b	mp-754964	c9218793-e7d0-4441-ba37-9d82c50aea4c	11248	6b1be917c4a3151fba45e9941c66cbad
dbeba2c9-8286-432a-8419-c3c3bbe49dd3	mp-3589	48acb437-14d2-4a78-b390-f7160b25b11a	11004	4d50289c8a9dd5c3b59eec07d6409118
dbefa14b-1d7c-4f19-968c-fabd0f78d2cc	mp-608516	e3491430-3f6b-4ff0-b9fc-6638362b309d	19868	019a2e7de26737dffa63c4e2419cd301
dbfddc5b-a1d3-4832-92a3-70adb855b9c8	mp-570219	b6cdb6cd-264b-4d22-aa96-fcfc65d4fe6d	16216	9fea7bdd0f32578c96beb8040c1400f7
dbff6cc2-0a3b-4062-b2f4-c7114a77b597	mp-29936	2a93d856-2b6f-415d-a7b8-b7a7e9510eca	36148	1164aca21895406a83a66a05d9b84f46
dc1351f7-b81f-42c5-8064-7eb9a41609b0	mp-554627	ed3da57a-dd22-494c-af13-291389df06ca	73408	5169d9948828edd843f9eb1e04828304
dc20c8dd-8f4e-4a11-9a8b-7ff3e8724749	mp-29365	d4f556f4-b38e-4eb6-8c2b-854ff59d7f68	52048	2bd5ff1d7dfe88091aa8283d022196fb
dc2aaa3e-2c02-4954-8b3e-c14c14101759	mp-8409	3a72e9c9-a5b8-4866-bc6a-7ed8f154fc92	6608	8c815dc33296efe6662ad51c8563851b
dc2dbae8-f7e1-48a2-b1db-e2635de0f0b5	mp-17771	8525387c-6983-45a2-9b3f-db2144acac49	26848	0fabe88be6127447cf3631952e02fa6a
dc2fe0e4-f011-49ae-bceb-e77086b18eb1	mp-30302	f7137d06-eced-4f0f-9085-3a3116c5c570	5788	c7fab7d109b2ea9b82b162eeb80a7cec
dc3cc8a0-3490-41ad-8562-b9035896bcaf	mp-1853	161a02db-497e-4269-b305-3b43972e53e2	62412	8ba7ff6e98cacb7618f7a28d564c2265
dc44d286-cfbf-46a5-9b23-e4fbded85e99	mp-27397	8ba3ee66-71bc-4935-beff-66e7a59f3361	15972	a79665ec513e46e65e2bb993bfe31994
dc4b3ff3-3bb3-4af0-b6a0-139bb8291d6d	mp-554294	34402f5a-9de9-46dd-a88a-45f8901f1e92	34152	6c29adc4be9146cb7b9a7acbf6b62a57
dc59a419-aad0-4463-bf43-23f660bd0fbf	mp-703275	b78b6290-8958-41a4-9343-b1076bdb5c90	42364	738e4af019818dcc5dfb826809f07cf9
dc730e40-fa44-47d7-9e44-7977db394b35	mp-16819	dede6793-9d6d-4b3a-8749-fef89eccfa06	25792	54d3029f5d587e3067eac2abfbd22f60
dc7b125e-b29a-4b03-a419-bca41f01ecfa	mp-989407	aaa5d6a2-f9ac-4e9c-ad83-b01fb7bb76b7	24004	770f83f0e2493ef07e2c4ca43f072c69
dc7ca657-73a2-400f-954e-bfbd4581f5e4	mp-779001	5cdb9656-e622-44fe-9a76-5f40c3a9ab41	36680	f993e8619e872058ff898d45c7b530b1
dc87206d-a6ff-467d-9fb4-040347e44614	mp-558368	c622b2c1-9d09-4081-944e-eb4dd7d02eb7	22464	d820d16a3b4b151d6614f453cb206d23
dc98a9c5-3c89-4dbb-891c-2015d64e4be3	mp-22473	e88ae4d3-7503-4609-ab85-ff0428cad18a	6396	ae73e8ab29a8944d8734c08598c25363
dc9f9d13-1613-4fd1-854f-5da791ade1f6	mp-573697	04000d66-3096-4ec8-882b-c85dcb1c33ec	1588	03541c60f0b825f7b50c0aa69a47b149
dcb0e305-65d1-411b-ba9b-fd5bc708e62e	mp-4002	17886ce3-be9a-476f-b245-07d0665c330e	9088	4758a2e0d8a11e3b698f2a7335eb60be
dcbca738-06dd-4b7e-814e-06ba363ae00e	mp-754454	a4262fff-270b-41fa-b376-4f50bd8c6f02	9180	618b701c6877dd5c3d1ce846242ee77c
dccef2dd-f0dd-412a-a9bf-b79e53259ac4	mp-13815	1ce46a19-b44d-4a0e-89bf-54aa7b130fdb	2388	2326b46ee61043baa1cca5d7e9a830d0
dcd4fcab-4ffb-438a-867c-9d4d6e847d57	mp-573376	3f63b885-44d4-435b-9f3b-8999152621c5	8620	1de2b48888b57c2c68000f39756d0817
dcdb6982-06b4-4ffc-b34f-92aea1d49185	mp-18194	01a79982-6f2d-4beb-a4b8-65a3488cf81e	80224	b16acc536c75a8f44f4bb1235f104d1f
dd00f113-a58e-4b6d-9bfa-30057462e445	mp-5418	fb2fd6c2-57a0-46aa-bda5-fbee1388ecbb	55640	0638b93e30f75e249683637ce9a2a9e7
dd1b0451-7130-4063-9aa9-72e46054a0d8	mp-697977	856bc883-cdf8-4114-ba7a-d22c501fc05f	46432	bed1e11686d5b85e545f76abd273ba2b
dd30cadb-e6fa-4104-b196-ada9cb230f3c	mp-23583	ada73614-9a86-4264-87f6-da5133fae33b	13868	560973f468e011a9da348dfb12a8a810
dd316990-a8df-4524-b7ba-e2d8c00187bd	mp-6810	52a151ae-b37a-4bc2-aae9-03d7fb2c8d55	25060	a72c34dff2a72445c24434672161a148
dd39dbb7-b7a7-4ba5-a6ac-54f9b7a830ef	mp-759943	394d44e3-20f5-40e8-83d3-7ad620d0bc39	92464	6d97c361c1dde28153e06ffe51d349d0
dd451e77-8a76-4644-92e0-1134f2aaf6fe	mp-8724	b87311b7-33e3-48cd-b196-c8321ec3602c	17596	54eb0bc7bea3be9970b3fdcee9546508
dd92896f-c4b1-4e9e-bf6b-b15fac9e86d5	mp-22982	d8d4b610-05e5-4449-8f50-5191fb9dc12b	18472	8fecb74b1591e06cf35e6fcddceeb94d
dda75dbd-c41d-474b-8adc-ebce5d5c7331	mp-771973	9beb6b5e-d463-4105-a052-008c629b4506	24236	24d3eba0790435df606028d117784a89
ddafe94b-d937-4f3c-8e76-9f688ad8211a	mp-9475	a87acb5d-3937-48ad-bd8d-18614b09d8ea	15296	7b1fa40002708e48074439685bb8081b
ddb494eb-3cff-44e3-b36b-f3f5b8dd4819	mp-2400	8c48cb2f-a80d-4497-b363-06b4a0af433f	7444	40fca4677d7b6825ed76974510daecda
ddc903b8-f71a-4f91-b8b1-cd8e099c3167	mp-557537	4b53146a-6396-4fe3-9fff-03ba8776ae84	5248	f485469d45dc0e71172108b4ce7f21bf
ddcae870-4e17-4ec7-90d2-1fdf50c66f2f	mp-4851	8edf1188-c908-413e-8980-159923fb619c	94000	86bb140d0b6c1bb897629d62021cd390
ddf795e9-bfcf-4f02-97b3-fb9bd9cfeeb5	mp-28463	1ee8d35b-c556-4e4d-8c52-86454357c7b4	38108	23487cb48bb878760448cfc0dd727660
de203eef-541c-4639-899b-8cbe95600366	mp-568692	6a74de64-ceb1-485f-bf36-98b6b3a5d3d1	12540	089bc0da533616337e7b0fa1faf17ea3
de25a89a-c917-403c-8695-a0d6d0bc1216	mp-9239	4a659526-1261-4013-a20b-3047de44fd12	29116	4463172d49407e10ef66947af6611622
de262ddd-607f-4e92-95af-32826e14c157	mp-18440	2343bc55-0fde-45b2-890e-a9316cba0efa	36016	c866437743232a52ee7e61680d437407
de3971f2-9c5d-4319-bf31-a33154cd8719	mp-22895	7cf728b8-7863-4aaf-9ea9-b7987e8eb6c4	5512	6b4d67457f6919f8215ae0e47bd22440
de3a4547-1187-451f-8763-bdc62077a507	mp-9775	931212f6-f32f-4eb4-b71a-1563ece81e87	11848	f257cc891801a22e6500e498aa9473ca
de413370-714d-40de-a3d4-ee36c4a502c5	mp-558992	230604a9-1375-4b34-9dbd-73841c060529	6812	58298b15314fe3bf297dfab24ddabcfa
de4f264c-dd04-4f87-935c-f70a9855f1bb	mp-30241	7a667c9e-4855-4c78-94e1-d231ac03de54	17744	04992e9e51937aef3842bb6e3f691a24
de5d6686-4c9b-4cc5-b6f2-00cb499bccff	mp-643941	59ef65fc-2949-4b1c-a25c-d83e6d981389	16744	a0cc843b7f7d588a30665edc991d76c5
de6089d0-23c4-48fb-a83f-900f2e5d35ba	mp-772521	9565f2e0-0ca2-41d4-8adc-3bc95709589d	30464	a8e9f9683bc436541d97d4851457359c
de6b3e50-25a3-4f77-a79d-2662e2a80100	mp-756648	b6f91a05-51e5-4ed8-8fe1-2bb1e0250f3f	31704	d8c98c9a155fc8bf03bdca0bc9420690
de746e8c-c947-47b1-8d9e-c7fff56d03b0	mp-685194	ef3c7001-98d8-47d5-b92e-cfcac675f601	56688	7a0398ad3aeccc79d601e48390144e21
de796b89-26cc-4e99-b4d1-98af59ca1ae3	mp-5878	de33c4fa-f95f-4fa0-aef7-1586cd94c2e1	3320	8675dbfc6656ddc3823230277c4407b1
de854167-dd99-4ecf-8515-cd7e7eb4da99	mp-4180	f94c6bef-a038-4079-8f02-588a2cdbfec1	49328	6e31524304db21d0eceb9eebf97223ed
deb1c7f7-a88a-4b21-9d96-b809a202bd55	mp-23862	f8c7bd80-46ed-4ef7-a319-271cb9b29f39	5428	c9fd41e33ef2b12c066871b7635bfde4
deb5b472-c6e0-4a69-8f8c-9da55eacc516	mp-9368	78ee7ef4-0b1d-4da4-81da-99aa08b8a8ef	6440	f5ba8dbfdc5862c41b3caabc82120578
deb94d86-299e-4322-9e58-d2207e0b6777	mp-17272	392c422f-cf50-4eb1-aa50-e7450dd4553f	29144	ee26a1c90ace86bed1cec856d19b4fdf
debd0f11-2f68-4d6d-86b2-b619e40666d9	mp-642736	e2a16f0b-9688-4c0b-9c7b-b91b846ddccd	13692	0ce7095d34bbefbd50ff1dd6f7130cf3
dec5bba6-2da5-4686-9da4-6ad12b3af089	mp-772535	fb126717-7583-4966-8961-6e6c3c2700e1	83852	65c5ff189f57435668f3fc172f43a5a0
ded23833-f350-4e8e-a52e-286f4e26dcff	mp-15011	6e145a46-e2a8-46d9-ab42-279ac7d17bcd	18432	991444eebd5b6da56163c1fee1c94fd6
ded52aad-0b85-4f8f-b2f1-7241b2115a3a	mp-2352	e42c3096-9641-40f1-86f2-7d02a1002d4b	2184	038382b4f7e912c2295f67da6ed0bb52
ded93f6d-80e7-443f-9690-378d80aa330f	mp-32616	caaf3127-1bf1-43f2-ae47-1920d62e8598	25404	c392ae1439e5930f49b33e910e955a84
dee1d4ad-c346-4365-9cbe-340fe837f6bc	mp-755401	0b31083e-2ef5-4a5c-9af1-3cda897e24a1	9872	488405c0d65ec3268c0a5d613681b20d
dee9eeb9-40d9-469a-acd9-a3c82d917d00	mp-766	85be5520-2232-4da1-907a-bd1d05013e18	9080	b8af9280138272ebc6b37b8a502a9b39
deebf8ea-5101-4a00-bf96-022abc3bff83	mp-23454	4cf477f8-d79f-4c7d-a682-6ca1dd3d2759	13264	2f48fdb49a4ae32ff872cd015e37f20e
df0b700b-6b39-4844-b278-946819e55181	mp-5308	7e18480f-a175-48b3-a381-9562da7a85b5	45108	db87936d162d50f75bd01c5938379fcf
df0fa4d2-2325-4e16-a976-d931713fa496	mp-29584	c6fa8350-da40-4f21-aecf-7753f21d073c	7500	aa34e2b7f42b0ef7d8091ddf48f68353
df12e7a7-fa60-4966-bf06-1ea723de215f	mp-812	f790faf2-2ef7-4a35-b129-95a3dde383f2	10488	038afab82b07321ee7171d89c9fea406
df16b616-b863-42c2-9cd6-8e2d12db9a37	mp-27228	770e6b67-8b17-44a0-af5a-5b15bdc39855	23604	5ffad0ee0f2395ef9f89236461df3f60
df439596-a603-49be-8167-6da2f67fce84	mp-558573	ec26a1db-73bd-4a73-b376-5731c4fd0ec7	27224	b216567b884c2009afa881f376045c79
df4a9025-043e-4cf5-b170-0578721c2fbc	mp-7624	2f746a9f-b904-45dc-9eb4-b48d9a69f392	46172	6ed54f299dc2f87d5d3dbc9805a14069
df4b4388-2178-4f92-9970-d74d9bb1ceaa	mp-560340	cf56b8e7-8033-4d01-95c2-485b45a2cda9	21932	09ecb2a2ddde2b10f885533503a0668c
df59976c-ba87-497e-904a-ced56e16c7ad	mp-756354	a0a2f8c5-12e1-457c-9d34-fa424cc6c503	17364	6e051e7ab20c526e0643d1407792ea52
df5ac91c-b582-4fb4-83c8-6df1ee08d93d	mp-567437	252f28c5-73f0-4748-b0a9-70d4dcaa6469	28176	ea6f7d1f3bf68f46012b24a03e6d3997
df6ed708-12fc-4105-b21a-5a47da353eaa	mp-17167	69d26012-5d3f-4dfc-b2dc-c94cc8c25000	7400	2e724b4e76ef33b04ec2341847c87058
df74b535-e16a-4d50-981e-d95f4ca86482	mp-12240	24a10c35-180b-41a1-8708-6a606984eeda	12016	7a121d1491fb41be2a96b3af1305384d
df7b5294-aca4-48d6-be28-6544572ff6b5	mp-8975	99553e9e-2421-479e-bcb1-9302974a380b	81376	2dbd46147798eeb4810456859d406f6f
df7c6b3f-c6af-45f7-99cd-fafab35bf99e	mp-771158	7add548e-0bcb-4798-a5e7-ca995c877bc5	76664	f640760715fb4888e39dc7e6c61dfb38
df839b99-5b58-44b6-8856-c24f1db62775	mp-31314	c222a1cc-00a2-4379-a8b3-75a78d275d19	64460	c42df71d86cea15cd4069159cacc655b
df841d11-fb4c-4ba6-8f22-5fb5ec96d1a1	mp-540924	5a91933e-fe44-4b1f-9640-90a20b8eb728	23032	40ef8d72843965807dad1c7d2e292a1b
df86a0fd-6f3c-4799-b079-798009a18bc8	mp-3374	8daab061-6e9a-4d87-8260-9c999e867d06	55156	4c72168e0a33eabe2e6ecc1be1e90719
dfa36a13-1a4e-46cb-9ca3-fa719aff561e	mp-756630	af7d109c-ffad-445f-8396-ef7329f3cc40	15288	ea52c004ba2e51e8573e761b32d52fd4
dfb0f10d-cf4c-405a-a43f-931729328cc2	mp-23237	b5d1d0b8-00e9-442d-ad65-5afee1ce7ad1	18244	8bb70a988ad9178540e5c5430b8d806a
dfdd2057-dc7b-4133-a6e4-a6ace70bf50f	mp-8110	bd6dd79c-0aad-4a1f-be08-a874f24fbe92	10740	be9a5370227441ced4a819579191b28b
dfec45fe-1566-4a84-8ee0-5a53d4147245	mp-21374	8a8a9ae9-2b14-413b-9ac8-3e0b03c1c82b	12876	b94a656468637d2336d4a84dfec1489d
dff1ef57-1ac6-41ce-a198-c4be88e1b426	mp-643446	286ce335-73ae-4c8b-af10-f7d129e6f644	15340	4f32e1057323d7f1a9f16eb96f862af3
e002c161-9e92-467f-b143-647bafa5e559	mp-24409	5523e3ca-b639-4d85-bf5a-74def82511d4	9280	ff42a161e808112cec421e32edb50c15
e01e5921-f783-4d44-9d8a-893cc07c193a	mp-773067	bd064657-b5f4-492c-a9c0-7a28e364a7f3	33296	afdc38f613068f70bbfdbe20e3e0a6cc
e024001f-36b0-4bdc-85cf-60d4fb4f3ac1	mp-22881	dd3cae66-0f26-41dd-94c9-fa3efb37d0de	6284	127ba5bbc36bca4931ba589c1bd4aa0d
e029daeb-317f-4ca2-9a83-d495decaf8b9	mp-561068	9fb52473-210c-4646-89b2-79fe1583f240	11152	1f39af33586e08f189375f973c5774fd
e02c8af3-5d82-4ef8-bb35-42e014eb01d1	mp-3719	aa04dd09-c9d0-4b77-8733-6db7da0a82d5	31716	5ca5841da88747d427e45b936debf602
e05fa3b9-e88a-47a4-a795-6c20e18d46b0	mp-14026	2802b75e-da73-4373-a8dd-94fc85259904	5880	121e2d14ef6f77dc5d2a766e603fd958
e07d8729-5296-445a-ad4d-3a6585bb2dc3	mp-6793	5513099a-d44b-4720-9307-0d3ae6c56b73	15436	b0e86666ec7326a92c67e17e3682499c
e08613be-fe6a-4f0d-bc21-09e7db5e7e29	mp-532443	2245eb93-0f44-442b-a8b8-e396e67d4d61	76960	ecd3bf0be842632ff69aa34f3dcdaa44
e0894b6f-e0ea-4125-b697-21d33570714f	mp-765640	8ec637e9-7e6c-43e9-9fe4-c3a714b3d3cd	165404	2575f5a6fb983107a2b0f4603a0d0b6b
e0b037e1-248a-4514-a0db-e4c1c892e0d1	mp-555743	9ec6fcf7-9e2f-4d4b-8749-ff5bdcb8bf34	703252	fe8a91eb6cbd85d43d8b7686dd0e5852
e0bd99bb-7c06-4070-b184-c9ac96b306eb	mp-754614	4c3f4468-2be2-412b-90f4-0dedcf1a9aaf	29056	290829235239e1eaece23e12626f7e5d
e0c013ce-3eb7-4453-9a22-9d4e7357f37c	mp-2095	3f3a1403-b32a-4f8f-9529-26aed5b5a962	17552	709363fde6512529dcdd26524cb452ce
e0deeba8-dc52-4765-bf31-67403afcca87	mp-625397	6c774162-c763-4517-9f2e-b11210c27475	11604	ad9b7a4405e35c8b01a7739801afa543
e10b4c52-be81-4ba9-934f-6ca9d7bee75a	mp-556120	89217825-77e4-4ce0-82ba-d013c1096c6c	25576	07b04889b50a57054ed7631b3d0c8cf0
e116bcf2-75d7-44b7-87e7-ab039a9069b4	mp-28473	cc49570b-0500-45e6-880f-c257c9e4cec7	19896	8cfbc161332c2d400de023e1e36c7e8e
e11db7ca-9010-47aa-a2f4-113a99f0cead	mp-27376	597f736e-7597-44d3-a5a4-2e2b74718783	52228	0c5d5fd591c66c922d298a6ed9c13a7a
e12a7d4e-1b0f-42eb-90eb-ca7f188e3a11	mp-24822	d2c683a0-ec62-40a3-b7b8-a15784876d85	9864	c52659d2a0153a4923d52bc0c2c2eb4b
e131361b-8a10-43ce-aef6-0b8c866fd703	mp-733853	d5771886-6456-4842-8b8e-1abcc83c797b	67648	9655c6d372039bd8ba717e642416d68c
e1409360-59f3-4541-9baa-43e8d19961d4	mp-3342	b4781e56-fa6b-4f18-8758-48f4cc02d4db	14680	f33fecc26861ee9e257aefb54557c281
e141cf15-bd17-452b-900f-db2d7cf180b9	mp-758253	d508ff5e-8ede-43e1-898a-6bc8b0944ba1	161176	1faa55aaf78e2787e4e38e2dffab3100
e14d7e67-03f6-4abc-b927-d5d860ce9319	mp-677011	42c928ef-d793-4122-bce9-34d4954ef9da	58968	076cc6f8dafb37ac289437e542928309
e1539253-335e-4188-99f8-40df1bd9a194	mp-10771	1846f419-bd02-4ae2-a4a8-a2c5a00cb808	86100	6ccd4783ec8de320bd9d103401fced2a
e15f1e85-f7b0-4d43-9553-bb1e62483992	mp-569862	45b4afec-1674-44b7-b417-1b281f4c57d0	49952	cf7bc7dc1d9450487649cde85bdf63ef
e16384d6-e01b-4958-b018-acbd92dcafd1	mp-5363	7d839d95-c5eb-43d5-ab6e-fc16e9cd8214	61296	fc718e542104731b06337a7d6ef9ffb8
e170374e-9ba7-4f84-96f7-e301afa490b4	mp-22914	1e416042-6dfb-48cf-9f8b-9854ac33cfa8	1812	d934682ac7c4078c8138501902ee0ba4
e18c171a-83e2-4a0d-b929-bdfb893b0d0d	mp-27911	5cfc8f72-a0f2-4ed8-a77a-7c4a5e503003	36884	2aa86eb7c503a1a831dd7ddee2e68af3
e19b108b-f64b-4f2e-8d08-9a79f1cb2fef	mp-754354	2281e4b4-9961-4757-bf60-abb95dc26968	6188	1629a6e8183d31906c73b9176c571b6d
e1a02ca8-38ab-480d-b3b8-0a83d2299735	mp-625663	ea428748-6599-4ce3-9ba1-c91cb355e0d4	22212	5d8875446179d68f5d8a299f43647fe7
e1a084e1-188c-4a9b-aafa-6d85d91b7a28	mp-765573	9b868f4a-d253-4d0f-b044-07d53d4b0333	57428	eb74a2369911b94de6211fc6795e5dfa
e1acfcbe-5028-4067-8b2c-d2882898014d	mp-768766	b6690a20-d961-4d0d-a5c2-d004ac5864a8	19364	36a55a06fa19e5787e948bf2b37ffc9b
e1ada38b-326d-4354-9707-f87c7923af56	mp-541966	5d0a3e90-d15e-40ca-9318-c30934bbc5a5	18992	ebc003d6b73d0f7bbac9c447f7d585ce
e1b297b3-8c91-4b78-a10e-b25e03d5c6e8	mp-22888	8c10aa9f-02cb-46db-974e-688a586afbba	8568	f59b3de0de2b6f7b294942b884e77dea
e1bae3b6-1730-44f7-9336-ed7525dc81af	mp-29102	eff392d2-a4c0-4536-b145-5750d0de6e7b	54920	bb804b38fae27f12c4c3dcb47b0471df
e1bd1024-49ab-4161-af3f-ff5ca18ff524	mp-694876	5804252d-4932-4bf1-b6b3-c62008f363e1	33880	9b6384bc08493c8d1f1884178ea38665
e1cf3b4d-dd34-4431-9cbd-89e711332119	mp-23882	b05bd2ba-57dc-4d9c-8640-387eb6bbb6ac	35380	386c70f3f315a135b19e9f8a8c64fed8
e1e30d65-11d2-4977-9a42-8613c2e35fe3	mp-643061	e8d84f26-fe4b-41c0-a806-773d28167424	9508	6642ddff19ff491e3fff98d79b10b97a
e2167933-13c7-4348-aab0-d7e61eb6fc59	mp-5616	6c93169a-fbdc-4cb7-9b04-97163971a202	35300	a3125f779a3a80d2d4e8501334ab73b9
e22ec6d5-1def-4a60-b630-35809ff9b0ce	mp-9245	87eb4bc3-c9f6-449a-8fc9-d95ef561db10	20844	5ac3351ca5478046dd8413d4dd1b8783
e241c0c7-d05e-4625-98b2-d98d47f50fcb	mp-567483	bc64abef-f9a7-4964-afc6-277d2a1b095b	12888	91ab3524bbbe292ec53ed20d1b7714fe
e2468374-5566-4c95-921c-a0547aa9df05	mp-28548	a3b48a9d-8851-458f-b147-ff823b17a595	30168	8a92491cd119d563bd08ae066cd658db
e2585829-7dd9-4b86-b68d-7084d9772b4f	mp-36111	7c977da7-1864-4ab9-8eca-ce9105c7c7e4	2756	c2caddfac42e900db6148c31a55ab6ae
e2624318-7647-4c24-bd12-d8c284806deb	mp-2482	d93febdf-59d9-481c-acd1-7d2b614b8f8a	3840	62ea5b570fedea2e6a50897aebebc2b4
e27d803e-0486-40ce-b763-ae114d94166f	mp-27697	b6a36ff9-bbc9-4c67-a12a-bb978b9498ef	23596	b861f0d352a4c3c66ef44beda5891b8b
e28e475a-ffe3-47fc-b825-c123bcac3e48	mp-676456	20e69e91-ab69-4f2e-9b6b-9aa3f831f65d	35436	746dc145c3d352dc594b5c98e0a2d350
e294d26f-3e26-4bb2-8a5e-1ad4b251b70e	mp-27934	72b2384b-6097-422f-afa0-03a1d45187c7	7240	3cb8d8fd5b24d9e879539a0e5b8d68b9
e299d049-83f9-408c-a1f9-5a2d7500b085	mp-557432	6e3cb002-d32d-46a9-9639-c550f8f454b5	76004	c2ee09c63d54c61587d1c6ffcf5c6593
e29f22c4-c867-42e9-9fe7-091b7d55e151	mp-557122	b2e574ba-88c2-4800-857d-46dd35fe7e18	30816	e39002c56e0cb19a6f656a68c4f7bee6
e2bd6d3d-3e65-4da4-9263-a272ca9a9290	mp-14649	7691f70a-7442-4e8c-b218-93121ea3ac48	16812	d4684f6c69bbda53d3071b1af0119863
e2d84169-69f0-4b49-842d-2defa1c6c84b	mp-647575	b1584d34-e81a-4256-9109-2bb92dfa3e8d	95064	627316b9fade18674de0cf5d09902ff2
e2d9b3fc-5577-4a41-bbf8-1b29f5dcc0f2	mp-28224	448b2f42-90ff-4922-a3cc-71056fabcb29	27052	38c5573388ee5cb2487a91aa81c96235
e2dd4b55-ef41-4b04-9c29-9a6700e45a64	mp-989601	3e76794d-5845-43e5-ad5b-3e697afc41b6	12140	8745f51aae769da847eb73d24c4a429a
e2e2fd42-4980-4f60-8eb0-c7f07964651f	mp-755684	69513464-0283-454f-a7b1-3b680ba21b1a	13640	e348e077cba3887fd639c230b46f1879
e2e519ff-edf9-4708-aef3-05262023a848	mp-7100	86b2aaf2-a3c8-4881-ac00-fde52b9ccc51	5436	cdc5e08bf78f768511ebf8a5d1a14da9
e2f63fd2-79c6-45c8-9393-914e72e2aaa3	mp-32645	6072077d-243e-4661-9c42-711a0eb5003a	25356	b2cf6e12c9aeb79b3c8e4168f1d5c361
e2fb010a-505a-4267-a187-8a742854accd	mp-978114	8c7e6d7a-773d-47f5-ae38-c149e6ba5957	45428	857f92a7d4b04845dedcc651f1a5356e
e305ef99-794b-438b-923f-d4f57fc2af8f	mp-12491	5c79e349-5b04-4b2c-8c5f-229271d26040	17528	cfaf9d4821b15077e9d342d1152f0d76
e31da18b-9490-4dac-97cc-fcb55d6fd2b4	mp-721312	dc464c97-796b-4548-93f2-828d14443830	74652	c231fa2fc70e6cd06918e49580344a61
e32142b1-41ee-4eb3-aa10-46624e3f8d46	mp-973441	57c6689f-537c-4e66-88d6-375bca732179	42860	ef42df7e879bb4c49eccfd852996e345
e32efe7e-a716-4b00-8fbf-1da11372bd86	mp-753309	f633d0ba-cedf-413e-a810-063c5b857dd9	25964	e23e335a147280709d13afa618aee473
e33cde48-4461-4d2a-b47f-ae834ae88847	mp-27887	606f58a5-232d-4af6-95b4-9e14429eef3d	45240	e6027292094d35d55829be192399f096
e34d08ca-0eb5-47ad-9d7d-ab942ae2a378	mp-770111	c4f7be9a-5d95-4fe6-91f5-ca6b5e5f60d5	19816	99860a064c6c24e3eb5640931dadbec4
e350b0f0-d7cb-4b4f-845c-c516949f0afb	mp-27622	12f8f578-2061-43a4-8f31-9ea0a28a65d9	24824	3332608ff737694dc903742921c675a4
e352d2bc-e619-4923-8ff9-1685a9fd334a	mp-862718	8c84d915-3794-4c5b-9bd1-3691c0fe43cc	37096	2915cbbf045990564b46688954154923
e35385a5-0e2c-48b0-9433-193014059fcb	mp-676851	d5dd0e09-8af3-472c-9d78-b6fddeb83588	9928	4991fae0b42bd8eaa4d26bcbd7948121
e36aa584-0103-4996-a776-6dcf399a911d	mp-756135	c22f8b87-3bea-4aba-b6ba-0bb700f936b7	19332	261109ffbc550833541e8700d55d1c7d
e36e9e26-2aff-44ab-8056-39dbd6127b60	mp-29756	e78778d4-0fd5-4965-9f43-87f29d50e99b	75832	20a5c7b71a9fdceb3f7b89af9b1b5259
e36f8e0f-e590-4749-88d9-a43f71bb2c72	mp-989643	030ee4a1-60c1-4189-9d3d-20f5eef90551	22912	53280e79286bd8cd0deb08c479e5dbef
e37f13fc-316e-4c8e-8992-8b5a12f1172b	mp-756372	954c9e48-631d-4bc3-b58d-21fe04ed23b5	13216	f7e50f98d13661c499f0543ae45c48f2
e383a95b-ba80-4895-97fe-4527b1f94dfa	mp-556258	6beae7c3-45cd-4547-ab9b-183319d6deaa	56828	59006ef457f94ac48c7134fab73af854
e384e3c5-8cb0-4cf9-bc97-ff77956c3ddf	mp-555257	63b78bf4-8fc2-4b8e-a979-e897ad8d396b	17348	db2ae514b2c347c29ddae40703962698
e3b28d06-ddf3-4867-9dcb-cb9e7897d6fb	mp-7575	520935fb-de20-4ce1-80bc-aa935020ae64	2804	4a0b1d4e5bb4ae1913da11a150086d07
e3beb724-ebe4-43de-80be-8c34ea2b24f5	mp-505270	9af8f2ee-fee3-404c-b8ae-aab3d4f1c062	50084	13dfddd3681530b84b6ea9668c1dfd1d
e3c8a28c-e6bf-4d56-9454-790fddee3f61	mp-531687	a0b4b63b-a859-4bf7-99ec-03db3cf93f41	93184	f078f0a883b07c0c078a3f5443c5b088
e3def36e-2ff2-44fd-9680-6ca7d6919341	mp-769144	76401f9c-1561-4276-94d1-b5ead1756c72	111740	407a93451577ba4e442c0d4577a7cfb3
e3e4ace6-4b92-4338-995d-f780179c9876	mp-680046	75278f8a-c310-442c-bcc1-45c343f9f1c6	25668	4bc920592e417ebfd662f0d22f133ffa
e3efb513-ce62-4835-9ba9-0fa631a8bff9	mp-643394	a4f18442-7adf-4fb1-aaa3-befcc9a924ec	4804	c092644d2bb3ff834c8c14f27405ff80
e404aa1e-1e37-4711-a089-265ad15b213a	mp-558025	e97d6f46-f6ae-4069-b4a1-e9d881b0e0ef	91476	08a8bb3d132111df7d7f40f641d0e3ea
e4146149-6923-4ed3-9cd5-a675732df7ea	mp-13986	89a9d76a-091c-431d-9e64-2ce1a8ef61b7	14276	d514f00ef7bf3177187468e3006316db
e421114b-d964-4634-a98d-00d1567aba9e	mp-9517	8b0a84af-4815-4b87-8490-7a296ae3caad	9316	df8b71e07a70790fe28a759c95d72d3f
e4783d23-377b-4004-b766-eef4c9f231c4	mp-22720	926c9309-41b3-4a77-864c-11ba4319730b	16916	6ef0c35f887d7308743ef79db40a06f9
e47874ae-1e7a-46f4-aede-52c69db8919a	mp-23476	7d340436-6690-4c7b-9308-deac73e33fc7	12564	4681e5657851dfb1d83523c42c0c459a
e48f7da1-13a7-4cd8-a6e9-fb97ee82ee20	mp-555027	774eca12-b2b0-41c1-a581-7dd1a2de8467	26996	7ecd8981c2e2f47e76c993b366cd1755
e49f1a7b-5e26-4e64-b477-e67495447610	mp-6119	867d11b3-5e1f-4461-9dda-2aac0a424854	16604	a31ea88dd92beca5079605d6ec2f7f70
e4a51f29-db4d-4e00-8281-655e9509a4ab	mp-23017	0059b27c-2d3e-4928-8af0-615e0e2bf66e	15848	ba1fd95c3252c2ab9802bdbd36d78d03
e4a7b84e-b2fa-45e6-9b7f-88819c383aa3	mp-554193	d2ac191e-07d5-4176-b690-092554de72e7	50368	26a478080794f378ee1eb2a49d0841d4
e4b27d80-03d6-4fda-9791-5da6c8167d7c	mp-542832	f31f5bd6-be5e-4c96-a436-cdb990e45ac6	21024	60decf4d2f4e27c16cc4ac1ed50467e2
e4b3ad89-8bca-44dd-86da-2c0832193eae	mp-989629	f50b6b27-328a-4812-8852-2f3deba695f0	2352	e6120cdbcf59d02e88a231fcc4a4546a
e4bd652b-2bae-44b9-a170-4d0f737dd396	mp-985584	dcec6501-9ac6-4565-ba97-5b789d156aed	5664	e29877594899d125a259d1250d9de38e
e4e06c22-6368-4762-86f3-4e6ce17e5bea	mp-11189	2a4ab0f2-4e7c-4ace-aa23-582680b21a58	61140	eb2baaa0eb8b1046cf1b75dc68de7b6b
e4f4360f-f750-4627-93f9-accc987fc413	mp-30996	8c5076f4-859b-46cf-84a7-5780c192c1bd	22636	98b16802a721bab855feb2ceb6320e01
e4f4a295-f394-43ec-8e35-0abf1f0c6378	mp-31250	1fd8efea-dade-4f69-b39c-851ae575031d	26568	61fda28f8e745cdb8cfb775302943a53
e4fb390c-b007-4af2-9ef5-9aba8d01e8fe	mp-866688	d3cab0d1-d010-4791-9a00-08a1744bce8b	48820	4756b39adefa0c6978490f747f655ba6
e51bccc7-4c63-4747-aedc-8969e16ba2eb	mp-9272	e78b7cbd-d618-4edd-824d-a4aacc6752f2	13488	4c84f1d4842e17c8dfc7c2b62f958752
e51d7d8d-e8c9-42f7-b65d-2399730637f2	mp-13971	80b0a7b1-5d91-40a6-bef8-6bf73e2034f0	6536	ac149b6afa4e2f5dd82c43206eb3edf5
e523f99c-a4b5-4869-b365-6b98c922e0d2	mp-27882	d4cc12ae-33b4-4f76-ad1b-254ba966ade7	2068	f3a313af71556d64c69b588ccfb62231
e532c423-010b-4126-a3ab-9b41d4ce04c5	mp-24136	4dabf798-30d4-4ef2-8bff-f1fd878ab76d	9444	f71f345e4d75cac87b116d219e39a52f
e533303e-23de-4024-a42a-e6fb8447d1f5	mp-975577	5d0208f4-29bd-4486-9314-1a6a04ac78a4	92832	0eabf41bf5bc7cdc0dfe61eafa8fe42b
e541434a-bb5e-47a3-bfb6-c2d8c2344c31	mp-18073	72323235-4607-4a9e-839e-33132e5bb7d9	35912	d8229056f3610c11f10adea66e3fbd61
e54c390b-bfea-44f1-8373-b458dfe88377	mp-555081	906b26fc-3e46-42b9-a6f4-dd4ca988d273	16272	46fe99b8744dfb7ff1179d44064e55eb
e54d21b9-7b63-48a6-90d3-3bc47f64aefd	mp-15999	3eddb35b-9a23-4ba9-9382-1c9f97991b67	11672	794066403f9bf64262f643c5efdf7825
e55493cc-1ab0-400d-810a-8ce8f223520f	mp-772875	f24721f1-24b8-4871-84a8-8e8c2d9daac3	35796	48faf0e84b6511ffea6755110f1887e3
e5656974-f960-4724-9127-03e90e3e5c15	mp-23691	b3d52f01-859d-4740-a762-457dd3304c1f	9480	aea3d28df1a03727d3deb5dbd619b95a
e57a0093-6932-4511-9a78-4ca2ec29acd5	mp-542888	129de5e8-5bfb-49b8-896e-eb28b5fa2b65	15592	83c952b32ba8ae3efdd71a9b506a65fc
e57bb627-95fd-4a2a-9c8d-5f7f3089538c	mp-12171	d1feb57c-7bd0-497f-b024-1c673c6e1321	8636	e583570dbcd48c605166855a269afbc5
e5ba8896-126d-48e7-aa34-4de98e534f56	mp-3414	954213da-3e51-4975-9efb-7aa1950417c0	6772	118adf231622e0a93a55cea16dd788cd
e5c300c7-a3f6-49e0-a4e1-790ab16e6185	mp-531213	c470094b-f442-44c9-9d9c-2f0b11142ba4	224280	5b9f5c35318e8cab3e5d815d02e0dede
e5d40640-4d27-4419-8793-94c69b969146	mp-12516	bfd4371c-a959-4c3d-b04f-fbd3807508ba	8608	71739b9dc39fe6ad5ded64758cc341c1
e5f6e73c-0e6c-4aac-a3e7-448f539001f6	mp-2892	60a71dbc-d730-4a81-a429-a1548873a5bc	23524	9ac2e24ddaf203aca249484c36907abf
e5f74853-d895-4320-9aea-f4aee1da02d6	mp-567228	5ac81def-2e23-4dd4-8d1e-ca3195745060	20184	54b64e72dfd969bce8e708960eb67dac
e6044692-88b3-4123-b6df-f2e0b4bd5e73	mp-555904	819e40b1-2142-498c-9328-89f96d347860	28356	ae931bb912985af500a766f445b5cb05
e6066f29-f5a7-4943-9415-015b577225ff	mp-6945	6a6b2ec8-3c3d-49a3-80fd-c67e2b7a0409	10496	39873043fbfff389be7be6f599c8947d
e6292890-9a9f-40f1-9cbc-91c2ca9a5523	mp-33667	9d7ad2e7-219e-47bb-be65-c977558d3c9f	7856	8b8e4eb9ee1326957c55b99d5ee1df88
e62a542c-67c0-47a2-be45-1fd7873a3b94	mp-9765	32638784-5059-459a-856c-8c8adf3fad3d	5692	2d63745b615e1f29ef6a7970d43131be
e62c2a15-8fe6-44d1-8058-44f98f0f9f4f	mp-15432	0af55ebe-ba34-4d67-89e2-9ede03c4cb72	84312	36f2675cac9b8514478402fd23e6a005
e632d94d-0a78-4d8d-895b-5ddedadb5580	mp-14535	9d190183-324a-4ed7-8076-6b6edff2b884	361132	4c80840383e2b86fa899dc48b2b0d1eb
e6454316-66e0-4240-9b68-12e248f9883c	mp-556296	33fb5db5-3c1c-42e1-9abc-45d23a9a2a7c	29436	8abaffafebe7cbe15f92f1d0d5af7cf7
e645bbf3-ddc5-48c4-a967-d70f20a1e6e2	mp-165	fd229064-e594-4ff5-a196-a15d8a074da1	4060	c409167f1e8c71ab70e4d2ea2831bcac
e648dab7-ac1e-49d0-8bfe-01eba23bff60	mp-556799	bd0d80a4-484a-4201-8cf5-831656ce619e	70660	e4b58a0ac7be28338b8441acd89a26b5
e64de7b8-4bdd-4c91-8f2f-833a3c12fc53	mp-27528	9ae3bd4f-ffa7-4fef-8ed7-b68c9b0d8373	13792	11c63eaaec92fce9c12245ccf71855a2
e65211e3-9ef8-4d03-b3af-ef89dfec9db7	mp-634418	c74b90bd-9c8a-4768-85b8-3d673fbd85a3	61692	66a2fc0905068d07f0e7a2170223f333
e656e00b-aeae-46a8-b882-7e828ae0bbb7	mp-2741	1cc77e86-692d-435c-80ec-a63613091bc4	2200	8d952d65c5eb23987fa2d679aec0ea1b
e66be5e3-f813-4e23-bcff-14f6f77e86bc	mp-16036	cf519d64-4388-4ee0-bd73-33469eb2e58e	4576	a69dd16a9ea4258ec6a0606b7381d5a7
e66d890a-26ad-49bf-8911-ff0fb033d237	mp-769394	cc43a208-ba4a-4b80-bd99-a6834f5ffa14	26396	72b1e39dfafccbc5d88f3221e8b1670e
e67fe9c0-5aec-4a4c-a792-b152665eb3b1	mp-27193	db3df571-a9bb-458a-95a6-84fcd8244773	10900	27c628ef6a578cd7892f0ee0de879a85
e68a2604-4c74-4753-b1cb-a4e7d97eaadf	mp-558831	92eb263c-e684-4054-bae7-bc0ec9062f48	31796	a377317ed6b332989c4f73a88d09a276
e6bcdde3-0c2e-459b-8370-555511aa56be	mp-28545	95affcb5-9b19-4a18-ba0c-437361c17358	15840	376d477e4cd7e464a2be2f5c8eacb94f
e6d20225-037f-404c-99cd-df666e9a76e9	mp-17807	ee083496-e75a-4532-afdd-6ac3433139df	77500	f488cb3d20c064c602bcd719e642da05
e70e1e32-8791-448b-80a2-796e9ada6b8d	mp-972120	f6d489c9-c512-4ded-ba97-2c8640ff9b21	42400	8971170742c282280b39fd875808de41
e70e9cf8-3da8-49e8-bf72-cfbbd6626e77	mp-16595	18bd41ec-deee-41b6-be51-2d4b37516e8b	22912	eed4e3700074a726337a3a2f6de2687d
e74b65ca-e304-4fd4-9aea-8692442ceea3	mp-11116	f7a2dab9-bc83-44b6-b26f-c71060e47a46	17904	7eec6e14e36b9b82dab4e04491c1b634
e76b53e6-0021-4b64-af50-5432dcc23004	mp-3943	a58bc073-da64-49be-8834-5c834eb1ceb5	64288	5406dfad59c74e68c788e65b963cdfd1
e7725c8b-d271-4926-b168-f74e6233b3b3	mp-561084	9aa22ae0-d8de-423c-bc24-b450c1902df2	110576	ca6a74f223e2ab73526ac566420064cb
e7923295-87e7-4edd-b498-8f46f26b64a5	mp-557997	cc283a94-3d88-429b-aa1d-8fc75a36f6bf	26344	558ffbf7acc908696a0d08a5b8f88857
e79cc7fa-8dce-4746-8b6f-765e961b4a9e	mp-935811	807b3d52-acea-4829-82d0-081bf6a51370	3440	cdbb9a163ecdae6f76f375b96c97d7e7
e7a8bf00-df30-467c-8fcb-84ba24998de0	mp-571102	b2795dc9-ffe5-4e65-8c46-5003cea6488f	1608	4afd6c9bd1458a13d6e245efc40a9f96
e7d16ea2-ca57-4f0a-b933-e075e1415a6a	mp-557233	e17b7161-0a72-487c-9a5b-5bf88b8f5817	7908	52a4bd2e63c4d6e9e5e3bcda443cf247
e7e44c41-40ea-4895-92a0-d44c99b7c48a	mp-717	3ec2cd3a-36a6-404f-9b6b-1a7940cfba4d	14948	3b53e1f17339dde04366fa4b2066b75a
e7e7fc72-1560-44ad-82f7-936d70b29153	mp-36864	71003f87-d610-4b99-b25d-8f93a0242d54	20208	001f4b01322f5fd26234de834cf60bf5
e7f099d6-3c6b-4a4a-8bf2-31b799d9f94a	mp-530303	a0edadbc-8704-4bad-b082-73a4c342a5de	212076	c2f7d374ca28317b1f593428237161f5
e7f630cb-d0fa-49a4-aee0-9ef9c992f1fe	mp-12046	6ebb871d-c555-4460-b631-0f3393e0761d	15544	f121c9715c9fe1faa7fc11cc87443e80
e80a9884-5ab3-4d65-8898-a8d6bd78673a	mp-4274	17a71572-82a1-44d0-b0be-15e1d77fc892	28036	e7ce427547a7a97c4c88e8c8a1763747
e80c2619-e276-41c6-b267-2b3a77058a49	mp-3524	daff77eb-31df-4a13-9756-96aadb462ff9	10232	b9f3dc724c72795c5f95d503e1e23014
e81f0521-aac1-4589-ac97-51c35ae80b51	mp-766596	ed11d14a-968a-42e8-a5db-8de9ad7794f9	78796	a45439f53489c1e6de74f16f895f126b
e82557fd-4c18-478c-8e48-293a393ef870	mp-9200	f1edd2ec-368a-4e72-82a9-bee8f61a3fb9	3264	72bbd8e315bf16bdd7a3e001166838dd
e828f27e-b019-4ff2-b438-7378995b99b0	mp-24411	b07b5ef2-0300-4ed8-a028-f1349b9b69e0	2352	4d4061494ea6f172dc00f6ec08815c16
e83393ac-24ea-4d09-b793-5d63720205cf	mp-754572	5f41275e-ff69-4a10-a493-85fac163112f	13968	97ee5867e9e9d0f7b6b9306bd6b001b5
e850c635-41b0-4ba6-b317-19edc7cbf75c	mp-571582	8bbd5de4-0f96-4398-bcdc-4bf9ec59bbd9	38892	db64fe01572a02d9d57c1c40abc58fd5
e856a625-4e88-4c8e-9812-885f5c836086	mp-6591	671ed216-97f3-4596-b5b6-4a3e037a8dd8	10256	05fba4ce6a1f6c89b66b5aae67fc25e7
e85b23ca-01cf-4f60-82b1-33eef44e7744	mp-9308	a3915029-6ce5-4681-b857-574af5cefe96	43280	2591bc06fe1ec6aaf0f46950033a1777
e85bd54e-3a54-4d93-90b6-e9b42651352a	mp-24589	a14f0649-7b9b-48c3-9af2-1055f1e1fa34	20712	0ff65d4df4df7276a181f7f3a01e1d17
e86e2b46-5810-427e-b388-e4d29754f0a6	mp-554433	ada8bd86-524c-4d33-af11-9877beca5c4e	96652	f44e900863d260e9dc8a89b1c7c17409
e8755860-eff1-48df-bb3c-692931914d96	mp-14630	4edaefa6-6b27-41d3-a924-3425d734f177	141076	d71de6607bc9f9b023a902b76c2bb823
e876fb16-4ec4-4c84-b854-d40e74467a64	mp-2490	aafe16b3-e973-405a-a5b6-c48b28746888	1856	7e9f68f3d8632ffe368960cb9bcca582
e88abcce-9194-4b99-b0c4-6f8f83b62141	mp-30295	c02aacd3-22c8-47a4-b704-3a20a9b91e71	14940	9cd38f08b2b1e3b3c5f37f087820aae6
e8b74595-af46-47d6-aa81-5fbf3dba72bb	mp-771040	845a5a55-93c1-4adc-a85a-2be286db5439	77956	d26d155517b79f42ace82544ca922d3b
e8c1de0e-0ccc-4712-bf0a-3fff2d7605f9	mp-561412	3c8e458b-fc2b-40bb-857b-a2b5235111ef	54944	9a95540c1bf6171dec98722f6b570cdc
e8d27a36-c296-4deb-a7bb-3e8378b41993	mp-559653	94351b5f-a33c-475b-9b85-ffdc8f51619a	29460	f83bbb557a352343530aaaeef9d233a7
e8d6441e-50e5-4194-97d8-6f2cece8462e	mp-567442	317aba8f-65d7-4e02-ad9d-e37a11bf6596	12896	7fb04fcb0ef86e6965f54e9443f7f09f
e907ab7d-d6f9-4f44-873d-e8396836689c	mp-4727	ea052e22-3c0f-4b80-9251-96182c3f5739	87468	6a158e10b16e791f15d7e9dc32f7b235
e90a8d34-2ca4-4be1-870b-1e0e2abefd77	mp-697139	285ab62f-94ec-4009-8bde-55b35b4edad8	32372	04d16eed979b69f0873e4f94f51b599f
e91ca861-4d71-42bb-9f61-7d4d67d960ac	mp-559061	fb406bf4-a2db-4e1e-8683-9ea6951730e7	40124	cc0cfb57846bd0c1ea67ae638e44c57d
e91dea25-8e86-4442-a3ba-9270c773a77d	mp-753546	40855952-6429-41b6-9548-ef4cbf1a7795	29168	1630673dba44911a2d415cc2daf5fd01
e92de2f3-0da7-487f-90df-d4bb3474816a	mp-567913	f28374df-42cb-433b-b092-39d7d95fe1f5	18964	4cdee5c1a951a436f3aa9c75198918e9
e931fb8b-196a-42ff-bd07-079ab770537b	mp-16989	5384b9df-d670-4d35-8d0a-1c9f8aaf82d3	67628	f1614a254ca609fd35d6685a7d220a8b
e935be4a-0fb5-4f4c-adea-634316cbf364	mp-554950	cc93c28f-fd63-4d67-bfc8-6b81a27ecbe4	44692	aa6d42d80e48fdfccdb70f1bb4290662
e9589473-1f1d-4dea-8b74-157c538b8f06	mp-28234	2de47c67-2a31-42c8-ba10-c0aeef9c7d5a	17552	e7d94984ecce23155223946ea641b292
e9599766-d49b-452d-8ec9-8110fc578b67	mp-6667	92422da1-e64a-46c8-a4ba-bc3d7940678a	26236	bc5d163621b396d8413f0c9f55a08467
e9797166-229b-491e-b680-60a32bc10e6a	mp-7800	0775ee44-243d-4869-94df-03ab18b0a174	31984	48376e0095d27c96d95d3b35bbe7a144
e99c18b4-8b47-4913-b3e0-1815ebf404d8	mp-38011	831d02f6-eb32-4198-91cb-05f22dfbffdb	5536	3323a8adc5ad685c287be22af861470c
e9c13ca4-e457-41e6-b4c8-e7182f85a5dc	mp-5033	d3df2b0b-310a-4531-abdf-887cab3d29c9	2032	d403a38b5ea26fb50fd35acd88fc41b0
e9c70204-edc3-431d-946a-aca98f385d20	mp-752726	5c22453b-43e5-410b-bb8f-774478cc6285	16716	0c8e596dd78863634df1b9f706b2cc5b
e9e30da6-374f-46ff-8295-86e80a52fbd8	mp-554749	ec65fc66-940a-4062-8811-a0564570d7e6	360248	2d538e06a3b76de77248499e5e50c4f9
e9e79c7c-8be6-4082-aa7e-44caf7327954	mp-560934	14866cf2-0893-4981-8a08-69056d2c470b	88768	3c36e2e5d83f67b1debec8a7054135fc
ea0e26ae-61c4-4b00-bc05-010137242eab	mp-23177	eb76b251-0402-4971-857d-e502d7f42b89	5588	41fcbe6a7a73ba90cda51a9792269ab3
ea2350d3-9fc9-4c10-9b23-4ddc66a8b716	mp-560998	5a5ebdd7-a0e0-4d59-881d-fa3b2b6d1eff	53900	e5a1ab20feeb80a3669463f7eee4b57f
ea28bace-a584-442b-939b-483b96d056d8	mp-554948	6c9ffb58-7f61-4f9a-aeb8-3b350b91aab4	12204	c8a142f9b14ebafb28eded3a9f2d2596
ea34039e-45e7-46d0-8b53-325f04fce225	mp-29376	2828cd2f-f8ae-4ef2-8315-a3ca62a00bc0	27276	6cf119deba3c2d36b03903afa5767c5d
ea3447ef-f20a-479a-a283-823a4a603b4a	mp-771238	5ff915a5-ee35-4b44-b623-4f10e9a7cc78	79672	e89b97401fb47368873cb379d9006921
ea5f6940-793d-4a4c-9cd8-b7e3e281386e	mp-569766	ffc16fdf-1614-4c13-b1ee-d750eccc78a6	17956	52fad75f40c081905918890ab16783e8
ea674318-2b5b-4993-9f0a-9a3c3232a037	mp-556906	b12b553f-5940-48c1-9b8b-7880e21926cc	91644	d3b571149c0985e422018de4ef309db4
ea8ae5e6-88c6-43f1-9145-8352658fa176	mp-862754	5ba6bca4-164e-47bc-bf84-6e8df82d50c1	25296	ad5d5775559666a3769e51cb9b6fa709
ea9cafdc-117b-47c5-8635-057e8163040e	mp-559291	4b8bc1c8-41a8-404c-9085-a3ceae925b38	48980	010fb03584b941583f442b5b0cd616d3
eaa43928-e155-4cef-bc6e-0461de4f9d25	mp-18464	7063fcb3-ff6e-411e-afec-33a555ebcea1	73048	e76f4776a61c26b4caf7c8dfed0dd138
eacdf9e5-7b32-456b-b56e-af3fcf814fc3	mp-9380	679b70aa-96af-40f2-8a59-44ab58cad4f0	58688	64585cf54652ba3094d352b07feee1da
eacec41a-a610-4c54-b839-83ed44b49e96	mp-758168	dd676a61-6575-4327-8b6a-0777bd5b7385	46620	12c7cc4b8e6f89500a7c4d5e9b709a95
ead81d1b-a9dc-4a29-b292-0fe94484a13e	mp-6113	e7fc05dc-7925-4b81-92a4-f185ba762698	36152	d8f50c0b933c0a950de869f2bae00401
eae1f0b0-561c-4158-b45c-386e9539cb49	mp-644302	54469d01-91bf-45e8-8dfe-ee09375f2032	47416	689d47fbcbb4dbb22a6b466278c92272
eae9767e-8721-4134-9199-8367e7ecacd2	mp-3744	7ccef3ef-e6e9-4d61-8fc5-fd456dce2ee0	7268	7bd1b2030e86c9b7455e5f1ebe48bf58
eaec39ec-6eb9-41c2-99dc-f0ae8877d8b0	mp-13055	dea9f814-07d6-448a-ad93-acbe36111e94	16324	968ec6ad98e77b2394a9be1a317986bf
eaf7ed22-1a26-4ab3-8930-1fc2cd387649	mp-565692	92495450-f7a7-46c8-a0e1-5bdead00b9a9	171992	bb0fc23a55f2cab32a1c16de32b17f85
eb200f6e-95ca-479b-b53b-abafcd93b09f	mp-556419	b356f736-f886-461a-83f0-19b1e579f373	50244	ad40d33acf3bd79393c2769a2483dd09
eb352d58-f5b3-46f4-8180-8e56af45ab45	mp-24004	0c83476f-1872-4767-978c-ddde8dff1d9d	44560	bef1f282196e9989050759a32943adef
eb3fca9e-25a0-4325-a185-4a9f618f0809	mp-7826	6ef25734-9dee-4776-b9b8-f70ce46e3bf8	7836	e0b6777475319490ceb169594f244e4f
eb5180ad-d7c8-4f2f-b60d-76acdb78f835	mp-755309	4790f25c-f2bd-4818-bccc-98baeacc8e26	3332	5f73fa3cacc2ae992668d38819dad17b
eb7c2732-210f-47bd-9202-f4acd6084348	mp-762351	1b23e456-9ab7-431a-9e60-e364ece3b499	99884	07a37c45a91d053f21512de9c9d16ba1
eb7ef164-8249-40a9-941b-6060b50809f0	mp-753443	f45aaf9b-80e9-4adf-82cc-7094e51d4751	32584	a335a6cf7e460f1a8974faf96a4b7906
eb7f1c33-ea21-412e-b777-986fda06130f	mp-29401	11ff9bcf-f662-4cde-b681-6808972398a8	112932	6cad7352922ed926c490198e33372605
eb87147d-a130-48dd-be65-6c6a67369ea6	mp-849796	0949cc1f-a7e9-4d4a-9475-561a0418d27e	73600	0143a8d809e7f2622049cfd789eaf08a
eb9ac062-c62b-4962-9611-3377a6f59f55	mp-974267	1e3ec6f6-78f6-4915-838e-7544ffe47c27	33364	8e92109983ee51ad7736a98f913684b5
eb9d3b89-9cd7-4631-a599-0df3e4b21256	mp-27307	69a9536d-bf44-45f7-a52d-4d1b682cff2c	74584	cca3cce02c2d8af8240bd8d23ad575c8
ebb71620-24b7-4c0b-a755-ff34cfcc4c77	mp-553939	f63657e9-c9d2-47d5-8f1e-18e4407e1c3a	14972	6130129625f20b0e86db8df6064319c9
ebb92699-2f12-45e3-b066-5f0f50dcecab	mp-554853	506cd775-d2e6-4d88-8321-4181f4b8d2c2	31704	597d8048a02897d8b4aeab255b52094b
ebf4cae1-ea52-4f67-9fc6-9fece0e1e5de	mp-27383	86c801bb-66df-4d03-8b0a-f9c506268480	71100	b3217d07b6134466bb3dba5569dfde32
ebfa857e-edd8-4a0a-9614-b0518c19681a	mp-23093	b4059362-ca7a-4d04-8f66-d97350c63e10	26316	67043cd6055eced7e4989606388e1736
ebfb60a2-8d69-4798-9673-28c6640a8a28	mp-11165	57892e3f-31b8-4287-b9aa-ccb268b3ae07	77544	3bee9d27a83bf2e1ae3d516afa556b6a
ec029b8c-93cc-4db6-9ca6-678f8001681c	mp-989534	0923f6d6-bfde-4cdc-a74a-ebff5aa6e53b	23432	cfa433dbff27c4067c4d2b06cf9839b6
ec0377f0-9ca3-4fb6-9251-2e55e5cf6ab0	mp-33297	ecf569b0-d7f5-4729-b02c-3965845bc5e6	16896	291454f0775b10d7849cd9d8454aa872
ec0aab50-aef6-4968-9bd6-bd10d8ad5842	mp-581963	24f6a71f-423e-48cf-9c5c-2f308e814cb4	122556	e9b6088b32baf59b56940fff8bcf6872
ec0c1e6e-de58-4925-8ef3-ad7672cc1717	mp-753822	46a98547-417e-4012-858b-93f0c646f964	25640	fb8bc1b242fdce8e91237fd191b91131
ec1383d7-e502-465e-8460-9109728f8830	mp-7774	7f341ec4-a079-4ef4-be4d-913eb96527e3	10056	c64e6b18234a925ea5f02f93b1019273
ec1c5e53-cfa0-4931-8f7e-11ce414d2218	mp-29221	6fb4a6fe-0999-4190-9d9b-a5e10f601870	28576	13e7f4251379f61cd8a6ce7c69ae66df
ec219220-495a-4fd3-82e5-faedb8064279	mp-14324	92252041-8796-4ab5-a01d-0a14b6c7b381	15128	041cfd9ceb0b0b25e337aae70367d6af
ec250fd7-6cf9-49d8-8712-1a3ea7bfe05d	mp-568970	f1572306-9388-49c1-8f8b-294396813212	42188	55d2ec0d7720d92bba1e0fd7a0816153
ec26580c-5ce8-4475-b9b7-2050633f00d0	mp-570577	e6b6f647-7590-4441-8fee-627abdfe2374	161376	0c0dc3d873b6a986bfc22f691362da81
ec34c4d0-4866-4c54-9556-c4ef0111056d	mp-7456	769f0173-2409-48a9-91de-1e0aa3048b19	26368	bdc1bef86e9fc342d56584ffd12bdb31
ec60a8bf-7f16-4fbc-9dc5-00c308c749a1	mp-23339	32e9a484-3170-4243-a948-3507a7648111	3716	c19a049e60809397ae2d1bae76a4103b
ec62b05f-c650-4786-99df-18a340aa6e35	mp-766467	3befa96c-f53a-4e90-b737-47a7fe11845e	66900	3405b7ad20d2500b0bfef08c205f216f
ec6d2bf4-3350-48c4-a37c-2b0203e36d07	mp-2826	c932ce70-593f-4557-9c78-944a51cbd6b0	9964	cbbc2e9b94deb6b35b9621aaca38731e
ec7b2698-e10f-45f5-8188-59f5161410aa	mp-606510	ef16973a-2110-4b92-9954-9d13ad6c7e39	28928	feddae433a76521e571586d0ded5f564
ec84d140-9670-455e-b996-749bd4a0077f	mp-3370	983af178-3cde-4fec-ac0a-5e3951ef635c	5820	d5d0b1908cb37ba3c6a15f669a97bcaf
ec9cc7ec-7919-4e7e-868c-695711313d41	mp-769571	6307cfed-c5b0-48bb-af01-4b2e81eab5cd	19620	f3984a2e5d430733056a734b2466fa07
ec9ffab4-4a56-4503-8cc8-27f2ac2cb7a2	mp-29722	91879e58-3f73-406a-aa4c-ad5a480e3f16	51420	4be3ed2fbc8e418acc7fec28682fd3ef
eca9ce92-eb5a-46b1-8485-edf171101ebd	mp-23160	1e6e8f76-87b4-401b-8379-80098e1c7bd2	3556	a07071a31c5e4163e8e953e30aeaa34f
ecb74c47-59be-4914-9a22-0513aa1f4a11	mp-1716	c8bd682d-1de3-4784-8d21-a452c1c3badc	13952	2ad1f5bc78e6a5792c70c61075628621
ecc8ed0b-3ad6-439d-b27e-376f9178e7da	mp-14482	89eadda2-92e9-43fb-abd8-2beda661dcf7	63156	da493515af8a33dae8bc3414f5f2a3a2
ecd0b504-8bae-4369-bf68-39e085ec2865	mp-1508	538c84a3-abfc-43d0-a1fc-2936f8524328	27404	6e0a377c51cc25468953bf8d781ebea1
ecd5384d-cfe7-48ae-864a-b7210b32e5a2	mp-772721	ad1a1c14-7caf-43f1-a509-ea0dae055945	82328	b2516d287ac777af32637347be370d7c
ecd707ca-23fc-428e-ac63-42d2cc670c51	mp-3419	0558273d-b73f-4f38-991d-c9cd64d0e7b1	7596	bbfdee013b155ff8055ff9d401848ce6
ece23037-89e8-4dfc-8a3f-d5409c061aaa	mp-3551	3d238126-3e2e-4b85-b54b-6da7d41580a6	8452	080a07a78e78354ec84c92c7168925a4
ecfff068-bfb5-4385-b978-c51ffae235ea	mp-14386	c41b4431-2dc9-4a11-bd07-94083b882890	59248	5e778c247378a84535f17a81befca3b4
ed047dc8-5308-4f88-8048-1c680fa946df	mp-632684	a98939b3-84cb-4172-a9a6-79464ba65eb5	34120	e78b0a87a0da85bb91e29d64863b1121
ed085039-ac5d-47e0-850f-a42c7f78e980	mp-6124	4410883f-116e-4ddf-bb04-180c2119223d	27376	15369d79588c1c17083fd2120ec5871b
ed0adfb9-bca2-4752-bd24-22065928b050	mp-32597	57b9feb5-de86-490e-9017-1dd42ff82459	13324	e045b8ad4073bc88ba43dff5bf4521a0
ed1304a1-d114-47b3-b8fe-edf3251144b9	mp-574040	7703a3d0-2ac6-4a75-b6b2-006ca342d71d	34784	6dcc9025426f4016fcbf152b0e3e5e6e
ed1b6978-53d2-45e7-b9d3-eed8a16d9035	mp-28423	e741bd8c-fcd1-4d83-b024-d09349a0afc2	9196	d4bf8c9da71c3a351c2a1c46675b1c92
ed3118a1-67b6-47b9-b7e9-6d9e0ffa9848	mp-5132	d284a9e2-8e24-4373-b851-698ca96d09a6	4876	12ba7ad1852110fa2d441e638107a485
ed40576e-1122-4659-8627-9b29e96d2f77	mp-30906	a8916eae-4091-4881-8331-14cff7cdaa6c	47708	974eccd450a4bbb1fef6ee03e0641c4c
ed43dcc3-edbd-438a-8198-220a0b378f62	mp-1568	23b05ac1-6f7b-4365-84b0-ac5258eb87dd	42424	432318f273db1558de8568a04786d00e
ed595eb4-5ab5-404b-9d5f-ae5ea03b90c5	mp-13031	70cc1085-4f07-41a9-8439-b40c1bafbfeb	1848	36c36ba51b79308a1a3d7e4e316c42a8
ed5bce9e-4c01-420e-8256-cb9c8dfd6175	mp-3200	9ad3e126-31e4-44e4-bee9-6fd62dfcfbd5	5812	cbbd70f224c0b666304d3cbc02de5460
ed6550e5-d8c8-4906-a9ec-5c9369a3ff7c	mp-610491	6a94428e-346b-4f81-a263-98626b45acd4	15832	71a2ccd0b43d6c5b92a3f16022f674ae
ed6bab36-0db7-4bed-b6a0-5c4cfbb4a2cf	mp-772082	c0c9bfe1-efde-4e3a-a673-2d04f9cf1f3f	15352	4fb59dc90fc78f66011a0e29c3460ecd
ed72a36a-2ed7-4dc8-842b-f2eacdddeaec	mp-752451	e7b4578e-8cdc-45c2-8a08-c85b7c43d1bb	13360	19655e1e44f62d9aa837dae45a9371ac
ed963940-8c18-4341-a346-416d6901f836	mp-28243	d5ffeba0-18bf-4c63-acb5-0c7249a6986f	11444	2a26e22b1aa8951f46dc5ed70211190e
ed977936-b0ef-4668-829b-0f23257b2c51	mp-20079	010a5c4a-a3a8-4d37-8030-5b942e2c9a8c	15116	cb42c7febac348bc0eb148e14c8cca40
ed9ae03a-bc2a-46ea-bed7-fafd508297fa	mp-23656	b76a1ad8-d23e-4668-93c7-fc4e189a6a50	7324	481d4cc770a66915e82bbb77a16b39a3
edafb696-e157-4c5b-b851-17de95d8baf9	mp-752401	910a1827-553b-4d36-983e-51a2fcd68a99	50652	b93d70bda5915f8832450c36fe6ef9a3
edc3d731-77cd-4b52-a325-ae2f8eb799e1	mp-757149	d9bc6c12-34f2-4039-a909-788aa26dc921	23908	1554e4513e93bd9d168b47d1a9d1b388
edd628ef-7a90-4a5d-9323-cffe74280890	mp-760484	b1d0c1ef-ac97-49a5-a06c-162a7e276325	21772	bb7670a580aab837f43d024e31641a61
edf99158-629c-406f-a1f4-1b576a98d7da	mp-961706	7ca4e24c-7293-4bf8-b118-426395a1b42f	2784	cb47f20625c28aeeb1a95c7671d98a0f
edfd6e52-30f9-499c-a0c4-51fc3e99121d	mp-667323	8df17b12-d349-4688-887b-ce377435942e	53008	2e2c5adc1be517127cf34a986d423e6a
ee21d2f8-7d45-4eab-b5e3-61fea11b984a	mp-556741	a2aea201-c506-451f-84ed-16a1f550ceb7	33504	806bef1bd70238e132184b0ee3f337ae
ee2f6760-d51a-49f4-92b6-5f8cfa872d43	mp-8763	f2d4f62b-fefe-4065-bc6d-62dc61713f66	25740	992af70a1ccc7f1e94a5648725226bc3
ee371b43-32fd-4451-a705-f02fe8f2fb2d	mp-7000	5dafa920-dc14-4d2c-9174-d4f4889b6dcd	8724	cbd7ec7c2a62ecd3e59c8bea29c182b7
ee37878c-80c6-43e7-9502-5ec9ffafbbfc	mp-6094	aef1f092-ae93-4693-8038-262a047c0ea3	12496	fd96ff34d1140ef717bef4b3516bd4be
ee451972-2b57-4fce-80d1-b375d1bfae75	mp-18483	ca2a61c0-0b61-47e6-b813-e1e4c56ab6d9	53356	5e535356e3d671d5f78ebfa9a370e88c
ee481f0a-e33f-4e91-b544-250ea941eb98	mp-27808	49f6f005-98bb-4c67-a830-138fac0a4965	25712	0cc7db455e21b1a98c720c2b84ab5114
ee54ce56-3317-462f-8671-22eff35135ec	mp-554006	cbb547fe-dfbc-4e99-998f-baa95c173f70	105380	70ba51a0cd50f3a4f4f62b1b2f39a0c4
ee59bfeb-4940-40f9-9a25-33277dfc5a1f	mp-567542	ebca63c9-3fc8-4a58-ba45-4da7624311d8	13748	0e405052c8143d3ddc2117ad4a5d0958
ee59fab9-5510-45e1-91cf-3c22a2bde23a	mp-28080	09b0d6f4-688e-404f-a025-33fc1b611d04	11696	0543655cacf4f1222ebbb4c9dd83c052
ee6516fb-f31a-4861-9c99-9eba19d8330c	mp-13194	c39ce586-a286-4fd6-9b95-06b9673a19d7	36992	7e6113678d117382aefae9b0479c79ce
ee68d779-821d-4c8b-8f02-b560e3c37232	mp-24563	1e72d1f0-b943-41ff-b295-64337e6a015b	16016	bdc924ea80d5a59545e1aa6232f92e96
ee70d44a-16e5-4ecf-b0e3-d4d818e80382	mp-2973	5da9be52-54b4-4e5f-a5e1-241f45fac161	12884	c3186c72606be4688bb0af564867d75a
ee7b1f1d-df84-4c6a-9ae8-a11a1ff81575	mp-27437	128a4383-87b0-48cb-83bd-b66caae6a435	20044	c78f8e6e0aaaa88292e0c6c505b4f96f
ee7d6d10-b10f-4dd6-bc73-87eb6d270473	mp-3082	ba56243a-d695-42ec-83f7-3e08119b43a8	15412	9d914dc98b8fd0a6032f5ee4516c8ce0
ee7e6a4d-21af-4844-9d23-66ac284c8931	mp-5127	410bec19-5b52-4c91-b200-b6cef987f744	6252	f8ab7836a6b143c468b1c4daa3004954
ee993ebb-4609-4b0f-a108-5225ea5ab7ca	mp-27915	ce0ae98f-2a17-4267-aca3-7a607ee52cfe	25348	4ff58c0c8e5323f7d198900e77a23a0f
ee9fdb89-1c05-48e3-9f02-61f298f017ba	mp-5038	683e12ab-090b-476c-888c-7b65be296dfd	13352	495790e7466d9d353b87a908b284d5a1
eea69a9b-a504-4a36-a724-af1e25f75a50	mp-779145	412759c9-b0a1-466c-b19b-71c24c80152a	33364	2655ff2f0f32b721dbc62867300ba72b
eeae65af-884d-4e65-939a-df0885ba7a6c	mp-28632	7893e963-aae0-4f09-926b-987dcc927978	13100	6c7b9466b504c70c2ac98930932a583b
eeaeda67-c347-4d59-ab7c-84b83cde745f	mp-561253	85e994c6-3386-4ae0-ad87-6ab59db071bb	25076	1c8378b31f7b4a5d230737b1ef272c2f
eec65d12-96b8-4006-817d-55363cb280d3	mp-6535	98e3dc40-20a1-4fd1-9f02-d739dfbce02d	52472	e4018e640b7699a2791f33f9514a5b25
eed145d0-e40f-4562-a4a9-fc40895398bd	mp-558580	bf276394-ca71-4060-8e04-f0d0e436b029	32052	cbb84d82634849acfa2b0d58d4203f4d
eed83ab8-4b89-447a-90dc-892476ff67eb	mp-16164	df5a8882-a5fc-4740-9349-4f62ebf15b2b	140596	49edf078471623ca8aa954d4e96f96cf
ef06fd70-fa1a-4be1-bd47-9ba4687bca8e	mp-553988	6df813ae-9c74-4d12-bb58-9424253071d3	18756	205e8c024a2c8748cddf2167ee0160ba
ef1ecd48-3a19-4dd5-9124-7c9106d8f25c	mp-567720	f4f22e9b-a1fb-47d7-bab3-c9966d67ba78	15520	64cb1f89900edb49a299b12df0aae99c
ef227337-8312-4427-a042-9da05a5b20ad	mp-5114	d857f9a8-29d1-4a5a-8245-649f40f75d62	9040	08b57670ff113aa2b6c3b116deca2b68
ef238b3a-5eb8-4d88-85d8-7d8131a091d4	mp-542085	c161badf-7191-4d00-bccf-4ef7995a989d	48548	fe622875c5e6c99dc4f506f3d0cca20f
ef255026-3f98-4916-8c76-5cecad838056	mp-27747	b1392e27-9d2f-4e2e-8799-b5849522c376	23420	5452e82be0b5f67cc63ef952cfc605ee
ef3095e6-c27f-4945-9247-b08c66aa0c30	mp-642847	6eb561a4-9e3b-41f5-be7c-6a801423d80f	9912	c637e43e328a189ad24f4104ac2de463
ef396749-782a-4960-93f2-40ef353455a7	mp-10344	548d410f-45c7-442c-a818-e53bfbe0545c	26664	ab16364913122616554084eb87e0c6ec
ef3e8fd0-e72f-4223-897f-5041fa5b5e00	mp-758007	eea3b4a6-e0c8-4c35-8fde-ddf22b8fb144	101480	75046480f42ac1c3510adfdc695597c4
ef483154-7d56-4f05-93a1-4db922219926	mp-562854	6d23013a-93eb-4154-a58a-47536ae3ee24	47164	ec858cf3e8ab9d4c018bea1e965e7a54
ef5f69df-e470-414f-bbd6-74260a9dbe5c	mp-230	a6121358-009d-4f1d-8b03-b328193ecb4c	53668	bcb420df5fc5b8295932fd3e00f125e6
ef6ddd2e-d7ef-48eb-a540-afcd99b5d7a1	mp-2160	7bd568c9-0dfe-4e61-ae55-a03f8b0bef2a	22404	3bc96d0ad23fba135e3cc4833316ee10
ef792cec-e908-401e-9cec-86691cc00031	mp-10834	b8c2e16d-3f89-4990-b7f4-97d4c3a75fe0	20548	156cb92438d528d31cd887b754c1cd1c
efa55d7a-a75b-479d-896d-5efc322d351d	mp-559968	6a1eaaa9-5952-44fd-be7f-8e36e8bc602f	50804	6d6de82940710e596b5ae79253f5dd10
efa8718b-cad4-45e6-bd32-578e5452a84b	mp-626151	4a3f5cdf-d78c-493c-8d24-0c122b0c1e3b	21508	a75d69e972bfb5a28aa91ba8b3cc53e9
efa89809-c118-49dd-9ae2-c3d23566adcf	mp-557857	cbe925ff-34b5-4107-aa57-b888f6060839	22444	6b6c8ddcd72c04eaa94d0c0a8abc71c4
efb2b5a6-98f5-4143-8134-a2c7099f3b35	mp-23719	dcbfea21-74a7-47b9-8bda-e345e8c7352b	44232	35f8c0c6d8778743c76c28afb01e7a26
efbcbbad-0d78-46bc-9149-373ee0454dab	mp-27425	6983e192-4d18-42db-8846-18a93116ae80	22208	e2e9ce37fe5b5027c2b6ea5206adcba6
efcdd819-fdf9-4a0c-8859-d376cbd58894	mp-754646	058ab2e1-10e2-490c-ab34-5ba71ffe7158	5808	ccac34ab469084b3c5c62a2621a8d199
efe0b6c0-4489-437b-babe-cf581ddcba63	mp-22766	699e21bf-b262-453f-a9bb-b7b24c4905f5	3268	fdd64f4a634952068fc984732071c34e
efe9d960-659c-42d3-a352-20a365636850	mp-16742	e5b0b4fd-d8fd-4ccc-be6a-fa67e7bcd1ca	8408	b83131a3658d1f263314eb0ccb6f37ca
efed3104-7282-4f28-8c16-677a5cb5286c	mp-6391	e6b8d15c-66a4-43f1-9d97-5ede9186c8ae	60836	f939c82028a14dce2726fbd083951ac6
eff0bac6-a12c-4bae-b073-b7a18662850b	mp-17894	dcf9ea50-09c4-43d7-973b-f3e4351be1a7	86280	f646b620cead277092a585254940cc14
eff3dce9-6a58-4752-b2ca-4366ab2f9e0b	mp-886	7a2fa504-f322-4aef-8b29-b7923e4983be	23740	e32c5e38d7d601cdabe37362676cb186
effb900f-dd03-4c12-8b5b-06e040530512	mp-27214	057f06e2-1a25-45a3-9e31-868299cb0a8c	3396	3ca954e73e790317b98c796927002716
f020edc4-c9e0-4356-89a1-40bf98d88fb3	mp-766995	578f6d5f-1699-4756-abd7-8486a8af0542	108880	57821cbdbb8e6874e6d3a3cd6c56fe4c
f022b307-59d8-4137-99eb-c7eafcd2cb1f	mp-12047	84d0475a-f4da-4008-b9a7-7937bca02259	15584	30be0e93a6ee918654c3caa8d19bfb35
f0334254-9f09-44e8-8ac1-d7407f7846c0	mp-560673	3cd496ac-bb7a-43e5-8f13-e6c7df3d376c	63928	6526b0b270a3b822dddcde17d82809e9
f04840c3-ccc6-479e-9082-8b77b7419f75	mp-761033	3c595723-3924-4613-9ca5-e191e99c68e6	58756	1424efd3bce3d1f92a2f13c47ea83156
f048dc55-f015-4ad3-9ab7-b83c29bfc205	mp-571654	f5a12e7e-337c-4642-8771-9b2c0ec7c5c4	78760	3e09e18687131b53aa20557e768b9538
f0549bcc-224d-4538-8979-72a47a0285b8	mp-673644	275938f0-a110-4547-ab35-499814ab5ece	25108	9d117ec7810cf2f6b1eeea38bbdf29dc
f0566c0f-65a9-4107-a647-0eaf2e406d1c	mp-755239	075b1d80-3647-41cd-9bcf-3b39d51749ee	3140	866044f801cf68a9b0510663fe1d53c0
f06dc4d1-6e62-4511-91cb-ac38013f8542	mp-755756	724d5b49-cd74-41df-bf02-6f78bece152b	4560	b7e80701386b9ed4a2d55820f5a9312c
f070a341-7967-49ff-9782-0e5515611efb	mp-9107	841b8151-249d-4ba3-b2a9-90b9b892c385	17904	626e3862ddac7ba9fc737e5b2df7e3f7
f075de60-02f5-47f0-a1f7-b8755ebd0f91	mp-7656	7dfbdb38-52f1-4e90-80fa-0a19358c001a	47012	08bce67a5fd74d71b03232f3df5c3de3
f0804447-c724-4273-9e96-0452700eeaae	mp-861503	5e508597-4808-49f7-8f31-4a1022b0aaeb	3548	a2ba9873a52208698085e57d4a01787f
f09d42ab-baf1-491e-8d62-b74601ef513b	mp-760483	43f678be-fd00-4417-a0de-89cf541a8816	20736	e9e1dcd5b43a925b985a4facfae9abd8
f0a16347-42e1-49b7-a003-c47b66d4b3e0	mp-753353	24dff055-aa29-467f-b520-e27aa1887d4e	26200	fd363898f28431b9eec8f96483d4e710
f0ace956-84b0-482a-913c-955f2540efc7	mp-23711	e746f67b-238e-4e15-a506-7bdcfabbffb5	14016	4a71923fbc7c0178265e6a1f5f30c746
f0c55d32-6793-4cf4-8f9d-846d36939d10	mp-26855	2868fa72-2eea-4e9f-a314-0f8b73184a32	20216	aebf42b53b55928d3f277a3b71dca13d
f0c6c765-5384-498e-96c3-8ab3f58bb4e9	mp-31406	96d2a01a-d670-4f12-92a1-a606f8822559	8792	3032791b405a3777c54896428c7ab466
f0dc2cde-7d01-4d0a-a215-bead9f936358	mp-645326	11478016-c357-46c1-9fa5-fd21b09c6259	48780	e84030fa13a68c43df0c19deb9ec4703
f0dc9512-09a0-49b6-99f3-da91bddcf6fc	mp-6698	9e476ddb-ea71-4c75-8e6f-96f2d2b7abc4	78972	be7b28faeb263269af935fc74152365e
f0eb4b53-1dec-4db9-9215-d4193aed1b58	mp-3487	2813f49a-0004-4e58-89b4-fe3a8f4cff52	6152	1becacc1422564f306a9983aba61c92b
f0ee5e59-4187-4b53-b65c-239d29f08e8c	mp-8253	81e250ad-bb1a-478a-a63e-cefda95a8393	21076	ed6009535a35353c43b387bef56cb3a4
f1001b28-3ad3-40b6-bb8c-4f5033b40235	mp-541738	bf19188b-4559-4cc2-95f0-34fc950ade70	13920	ce2f333def3087d255e456ba6b6d33e1
f10c621d-b30e-44aa-8a66-26542b135f57	mp-8943	4d9e1b1e-308d-45a5-be27-564b336a0664	13364	a5037a37ab3c63545d4093d644b6ec91
f1171505-83e9-4a36-b298-f0faf416fbf7	mp-28938	914903a7-075d-4404-aac4-620fbafa0f26	15280	fff95af97e32234f970da64c9b792a0c
f117b418-d26e-4a51-ba2c-4c00ddaf4965	mp-540621	c2210700-8f4b-4b26-a5fe-062a1759e486	82628	efedb36bb501a0bdc1712f9eebdc0f41
f11ec242-4570-435e-aa9d-14e2c683a585	mp-542445	97ae5709-c0ae-4fde-ac34-b8bdcbd4abf4	25912	47fc3d7513d7f60d48669a2fd5e05792
f11fd4f0-b6c2-4444-8fa9-fcd453d4602a	mp-505321	500e012f-0283-4e55-baca-09707f2256f9	52104	ae50d296d3018295491fa281e9e7eb34
f122c728-624e-4937-8ded-450eb40e7965	mp-5492	cfda29df-59aa-4270-b556-218dae3852fe	41000	e32eb84f7bddc0e4760b097cf5d27d45
f1234741-12d8-4cef-b335-11e50ea10d3e	mp-5238	dd21f1f3-e963-4a70-8060-335ee0a40108	9352	f132e8b2ce33dea1dc73488f93360a62
f12c98dd-84ab-4435-be2e-2255c7f93ea5	mp-756432	6c6e7726-aca3-4e7b-ae9f-ea6e6af3b42e	80316	deda135184eedc92d9a6ab5cef67b4fc
f12cc829-adda-41df-a00a-b54d90b394c7	mp-19799	38ea126e-6cf0-4648-ada7-e986efb05cfd	4996	e83ca9e36aa8690a9f7f375bc0c6af8f
f13023f4-69bd-4459-9d15-a91f877ef611	mp-867964	ebef1c19-e790-4b4e-ba50-d822fd2ebce3	30464	d8faa1bbd6cca9e57125feddbd763b4a
f131653d-f4f1-4882-b8ef-10fc479e288d	mp-14422	d1cb1767-02f3-4752-9917-30c5b3c86360	88224	7620e0d770da458781a22237d9ff01d1
f1346760-d966-44e6-9d6b-f00482ac10fb	mp-8603	af457c70-620c-4508-a57e-ea3f906da195	4696	71e4276fc871cb104bc18c2a204149f0
f134af8d-6392-48c4-9720-3911d46f76de	mp-18315	a7ef6a7e-cfe3-4115-982d-55ed15c32e92	53152	cb1929dbec4f73d75c4319418ed7607c
f13f8744-0560-4f8d-9c3d-f3f23e0adcdc	mp-19886	8dd24a59-916c-4ed9-b1d5-2d8347ab57e9	2856	fadafccb4719e9a8c30f6f97ad16ef05
f1458514-f678-4925-a11e-54584780af3e	mp-615850	35a19ab9-bf2c-4401-9cac-56657cc02f67	46200	8c76783f8aa36319444e7a0f981155d7
f14d19ef-a3e6-41bf-8927-8c2e2991a290	mp-759825	b6e19066-a7d9-4c83-94d9-711fc1b29414	16744	3643a68fbf7c9c4dd2e5b056e27c6489
f14d9513-bb18-49bc-8b89-6dd896a6c74a	mp-558951	4a277f01-813a-4e7c-940b-3c205ae47ecd	107332	1980901bd8877c9bbdde6b21491d7166
f15fc911-dd27-482b-a59b-357641c8029c	mp-573588	2ca71601-51db-4ea6-ac62-6e755c06a8e0	15012	b8f1810083732021bcd1b43d1a0b4e9d
f164daac-52af-470c-946d-0339114cae3b	mp-17838	f2a70f25-aa5d-47fa-8d32-074edd88c166	8604	3678838641d4881d7d9a4d0c8ba47123
f169ffc2-07de-48d2-b949-aec916c4d59f	mp-754224	a411e99a-7b47-45d5-8453-2bc4b2ae328e	13748	bff30858885784fd31b4ece15d079f74
f17bd7c3-8efb-4d44-bb18-3dcdab5836d3	mp-542143	113f218b-0832-4712-a358-f5f8589b53e7	70540	2dde4585b082d798e9859f0a585e0dda
f17e7940-f95d-4284-be29-81475e503f56	mp-643293	3ac80acb-3799-47f5-9da2-651742db5bd2	5656	d3abe0b060ee57ad02cf811e724e1bae
f182821f-ae51-4666-a64a-f1f94e119a63	mp-557126	6f9df1cd-e231-4328-a141-ea924cbc6b69	122044	063dce51826b3e293358a3fa853d07a8
f195f46d-1328-48c6-9951-ce5b32ec2a21	mp-23380	ad0e482d-1c71-4e75-b67d-01da1992ba32	69816	50124de68a678c10f373dbecbd7ad282
f1a196a1-2c4e-4f6e-9f8e-007a1ddd6622	mp-3247	b873852d-4cca-46fd-beb6-fa467bf66de7	11988	5955461f6fdbab4d01be6880e406becc
f1a5b58c-0e6a-4967-b16b-163649dfc065	mp-18383	b25bccc7-17be-4239-9d71-2a50ffea4fec	32328	2546a3b636aea1bf5369fe251feba609
f1c7095c-70ba-4772-81e4-716c279dcad9	mp-23215	56da1d22-ac58-4777-9201-e87f40f1f83a	3568	9ba7d93595a7d37ca9ee55a5a77876b8
f1c78c93-b45a-4290-8263-0470cb570356	mp-11654	6aad1833-60d4-40c4-82fc-ab3298941978	16052	f6c14ef36ab3fde28f2ca84c0a374a14
f1d9da9c-e5aa-4d62-b84f-6e0a3649543a	mp-754815	47708367-f776-4475-b9d8-34289eb0666c	16380	ae28c9d30653f4beff846a97747e6663
f1e245ed-4262-435b-9d18-28ca3d6bdf08	mp-27375	932a6c03-2692-4100-b9e7-939efe93128c	5756	138d3045291cd683b47cb590860ed82e
f1ecc8e0-596f-4db9-b15a-7c6f9685b3e7	mp-37605	fb93be16-872f-41f3-8711-305d61116d5f	7452	d3b81f8cd5385ebafaad9c1a4ae4eb87
f1f06552-a869-4101-9e2a-0af113c0e82b	mp-29289	43998b8a-e338-493f-8532-91983099ffd5	17916	dba5d1bc2917febe5250a2b50f7200a6
f1fa8964-bc54-4d6c-830f-79cbf19803a0	mp-8184	e3063409-6ebd-4aad-bf47-c9ab4ade5fd9	61096	ee83d7585507546b2c2ca3f1ecfac1bf
f206f869-8fa8-44c0-864c-2c383437f17b	mp-23048	b4edc4f5-a99a-4538-bab9-049884e3c8ea	6528	0c1bb9a6ca355a8d98499cbdbb745fb6
f2087001-00a2-449f-a9c2-ef9204abc0ac	mp-553303	7c93f1ca-5d5d-47fe-8c2c-36900826e6f9	7108	f64cfab8bc71cbbcba03e10dbadff1b5
f21ed4db-9bd1-44a4-a184-b6f6a466ad0b	mp-551900	b4a5f69d-b76f-4cb8-894b-1fca2032d952	8772	135381b7bf57a13451d9184231a68918
f246855f-7fce-4db9-add5-21db2f85da81	mp-28671	bc490fad-4bca-4dd1-a56d-294f54dd4477	31936	814626e87326e92efd3c4b6170433135
f24f992b-3c25-452e-baf5-28226cf483e9	mp-14420	e24c4d1b-89d5-40d9-853d-ed6e09531fb4	12768	4774add0e4c7b69fafb50151cf90c2bd
f2538d73-264e-4253-a32a-8d0f1fed8c00	mp-559551	90277a97-ffec-4220-baa8-e92dc9ff9a9a	75396	918191fef9ebd849cc6ecd799ba6b280
f2545288-7f7d-4c37-869c-f5b502b2acc8	mp-3611	33e74887-917d-4a95-aa19-8db1595b68d9	5844	5880c703584bb586eb93886ba7665a89
f260566c-5f37-43d7-b95a-b87ce16dc032	mp-6521	1a90812d-4dad-4a0c-99be-be4b03c65a5f	13064	f810ea0c57a053aef79e8f4d02ea5bd5
f27ce936-3654-4cc4-a1e4-02fa11a3bfb7	mp-780259	0e8c413b-32c8-438a-8d2a-6fb730e0e014	27348	746a43450e6e1ce9cc08bf0e98a7c0e2
f2807cfb-af46-442f-8176-7d8791c46ade	mp-4876	3678e38b-6e3e-422a-aea2-876dc33e04db	5724	7cae66e804234a339e33c7bcd9c50733
f2890594-44f6-4940-beec-da237dff7785	mp-643004	8d6b56da-36ce-47c5-8237-eabb8aeab457	11256	792f163d23ca622939738a4dc593ce6e
f2ae81d6-0e1c-4996-aa33-ad686bda1cbe	mp-558861	fad08c8b-ba9d-458c-865f-b861b3da959b	34760	85e35a3ced5de214ec0ab61cfcaf673c
f2b061a0-62a8-4ab6-bf31-844ecf8fdd4f	mp-757574	d7e708a5-b7fe-4859-a1b6-edb35f0fc436	145924	30ecf16c4b238aee24f4bb0c9320b90a
f2b73d48-9379-45ce-a2d2-fe19d8a0d7fb	mp-27181	0560d233-c791-4610-95b0-cdabc7ca17b8	60372	ed9c3f4774ff04fe8d006bafb4956225
f2b89d98-cf2e-4dae-85d0-0de09a344564	mp-667426	8fe0b72e-7916-42b4-a2ec-7308050491ea	228336	a5955299cee42454b27cb8c016158366
f2c1c06a-d3a9-4111-ba47-371d021fe8f2	mp-510342	7a139262-8a0e-4811-9d34-4968c9579d94	71120	2c11fa0eb92a9a1ef80412e8fb88e034
f2c9d22f-9ad9-4e98-a0c9-e364b44b4db2	mp-555763	d7957ed1-f48d-4b1c-ba56-bb90c48e32f9	10116	42f56ec5f64ed83ad152ca58956e2fdb
f2cc7e15-abae-440b-bdf1-f1803d739d7b	mp-27367	4b43cb6c-0946-48ad-a7ff-d98a18957a2f	30884	c8de6ddf5d246ba9587e0dd0b5d892be
f2d367e7-5b4b-478b-9078-49c4fec6218e	mp-6325	21b1f8c8-b7f6-43e8-8490-04a7a579c9ca	17248	4c78e32197ec52c6dc1ab8674ab85bec
f2d65ac2-918b-4c2a-85f5-610046e0cc05	mp-542678	6baa63d4-d0ab-4e64-a34f-8c6040165504	70620	de42596d48389b4750793c1844ff75ae
f2f63226-1b0e-4949-ba72-d5f39d6542b2	mp-31135	3a29e2e6-3e25-4b89-9ee0-83d3d5ec79a6	86944	85a742bde440b3f7b6cb38c6261f3e6f
f2f6b599-4d0c-459a-90c8-cecf7fdccd7f	mp-3285	6f3d7198-527b-46d3-8fab-5b2ccf3dbe1a	21452	00aadc059dac4f14155d64744650fe16
f2f8367a-d7e9-4e36-8450-696b351a1bf0	mp-542724	563b75e0-e538-430d-a60a-e6252593d7f2	29332	4fb1178ea224a4b5f84b8b5c04cb01a7
f3036369-c695-4812-a063-e142175324c6	mp-11714	975c5cc6-c9cb-41aa-8d1e-a3d824f3fcff	12800	39210d73b49995c40d682e11a8eb5ffe
f31089bc-26bb-43e5-aadf-d1b7196401f9	mp-29525	dbe342be-71db-4a73-963d-67875cc2c93f	5744	d0a1533e5f6b19bf0e4ee8ef43c47bfe
f311be8d-b98f-48fe-a0c9-739b35fb6887	mp-7572	7afad0c7-d07b-420a-ac7f-ca635a7c02ce	12804	347b9eba7a2209cca088243464cb051b
f348e7fa-b628-4a8d-9d07-a58b169aa4aa	mp-672	8fc60675-c90b-43cd-8339-77150520aa6e	6736	edf58fffb63a261e75f85e1938bc1b6b
f34d6777-50f9-42d6-98c7-09d5d4b56829	mp-36508	98e8dbad-903b-442e-9ae8-e5d2d3308816	11396	a4ecfdf5d8629ae45408291cab7f4a7f
f357b00d-53e4-4b78-92d2-5c86ff32ae78	mp-989538	d1dc078b-d595-4b68-b62d-1e50d22e1e4f	2328	b125b0bd78278fba644e7663a9b5f5e0
f35e5b19-4273-464e-b4b2-b5c03a044412	mp-556983	5da2359b-f197-41c7-8bcd-727e85233940	9652	a8430c0cbc23567189d52384f8d47fcf
f3841f28-d635-4797-80fe-84f4023411c2	mp-4929	8fc710f6-13b0-485a-8d96-48aea7d8a7f2	20868	abaa177ef3e975346398d54080439b4a
f3867247-63ed-4bfb-8220-49abc61d4f63	mp-568666	b8bbfd63-6c7e-4915-86c4-7ad3caf15ff9	14020	1f355d5588d7f3d81f10e1fc9b7c3200
f38d4d0f-35ff-4e2c-9d11-35257408618e	mp-28167	ec236021-67ef-4fb7-8672-54a07c9d1881	3704	009e3200f41ced2b31132de2a2f59a00
f3959053-b210-4e54-b5bd-00921b588d9d	mp-13002	288a2c18-29ce-4ae8-8fda-b3fef7e94ed5	21164	c5cb75d7ebeef6a3e77c4bb6a9a7cb80
f3a3f58c-0364-415d-b5e5-3a8d0233d8da	mp-862868	3bd07a62-8205-4d71-97e3-01a7e2478c74	4568	d91e33c5db7dae0a19d5d6833c413837
f3c10727-cee4-4207-a6c3-56c245c98508	mp-643010	be1149d3-7cb2-4112-bca0-b6596f35b3e4	8488	d39df375fd93fc3b178c9cd0f6e14313
f3e12c1a-09d8-46cd-97e1-f103271f8d7e	mp-560973	27b57137-7e94-4a68-8bdb-3b52a0fd3bba	52588	19f2953d0748bd5bfabc47ba57fccf41
f3e5eb60-b6e1-413d-8752-05c61688b9d1	mp-560121	3904ee2b-20f3-4b4a-abb2-be4737778261	49392	251a36576c704dda541c21db3839a3de
f3ef909c-2c8e-41c7-a0d2-8681c1d3522f	mp-22880	a0004d4c-3e7d-4285-b248-4647de825b32	6008	7a85a81b0587e8b491e9a971d0743808
f3f8d09f-bd0b-473f-92ff-e7c59d102805	mp-557737	9cad417b-b6c3-4325-a7bd-01d73e346010	14796	64c309aa28d4479ddc4a34d44870cf1a
f40e7ed4-195a-4c8c-ad6a-a5a9b509b37a	mp-752767	53913782-8a69-4eee-aa06-77aed7be0148	15428	dd7c455c9d2ace6fc5da7eaa58638f6a
f40f3aee-87a5-400e-a1ae-56f67713a4c4	mp-571293	8bfbfc22-b3fa-4c9f-8790-4e43c738dc0d	111176	28b91a021d10bfff6adb06e42cc667c4
f4121922-5e15-4cb9-b73f-23286748363f	mp-754410	ad7573f3-65da-4039-b3f8-ac2b7c16a7e5	23868	5fa1d2784987ce3218694a81329d3a01
f42b2f68-c733-46dc-a557-1cea07a4c091	mp-468	266ff37a-bbd9-4828-b465-06f36863b222	6676	50fd3abd45fff5f66b82e58d8322349a
f4366da9-01d5-426f-b130-411442239899	mp-4812	41cbc56d-2362-49e1-a87a-f2876a146a50	5264	7ce65f573f59fcddd4f0bc3a8017beb7
f43f2d15-1b01-4350-91e6-d570e52f9d70	mp-560032	2f580a57-b52d-4901-a847-08cc2691b072	72592	209cff80154253e4dea9f556d4e2aa5d
f444d0e8-b32c-4a60-b85e-384ac78d78c8	mp-1217	a8e69045-4f68-42a8-828f-f7a0c2013e95	10980	fb8644f4b6f0fe812b2c44b9ee9b4173
f44aa3fe-31b0-4ebd-b2b0-5a201295d81c	mp-7904	5072d8f7-101d-4b95-9304-2a26ca4577ec	18396	20cae8bb0f8d49f8a1b121e1d813eaca
f46f2187-9ac1-4c52-bdab-c1695de691bd	mp-973185	85fe27f5-df5f-44c3-96bb-99ef7f049acb	6480	c23fc421a347ff76d48bba6128619cf3
f4723f6f-8050-49d9-909c-68196ed68b1b	mp-19921	ab6ba491-0185-4d30-b5b9-f9c67834ce15	4036	c989bc589822a95ccc47aa49eb9180f3
f47e411a-523e-4598-8a03-7ec59448d715	mp-23089	2e1391f8-db97-463f-a2e4-e3df1b3cb7e1	48320	7053d52a003a02d1634c4fb4644f4780
f49fc93a-e53c-4e9f-a6d8-3bd4877947af	mp-12343	5742882e-3bed-4b47-894b-bfee11b502fb	17552	2617bf43f1b8f4e0b1f331d566cf3321
f4a32eef-7ac9-4427-80ec-4c880c298043	mp-9366	36306c38-c136-4531-9ef9-e1566d820c6d	6404	4651cd2759d4906b7e708de09c5cba8b
f4a3bbdb-5ef4-4590-98b6-7b408a70a050	mp-560670	677ac57f-391e-42f4-9602-00dd03fd9e78	20876	a881972fb165ee188a6014b4c6a74728
f4a594db-2c28-436f-9a5f-65e8ede89475	mp-621964	3c3ac5c2-2d19-4423-98d8-0ec16a422d34	5564	c839eb03661076e10e9fa56cfb78b448
f4b21f99-4b32-458b-b06a-5efa0e3c03ce	mp-8056	4f24c5f6-6bd3-4f2d-b331-e7bf3e51aefa	48600	e01098f6c2bc5cd12acc621710e88358
f4b25a0f-bc35-4bc1-abea-1469d76a44bc	mp-5732	d30e304d-45b4-4068-b30f-8aed5a05fe22	60804	edc799569d690684ad8983c0b9a33c1d
f4b5cbe1-9e07-4c05-b6c0-19f545393524	mp-769228	f4f1b17c-66ab-440c-a139-563de14cb843	15368	b1a3a087ad79a3f16e75c7a4c76e0bdd
f4c20a18-6f7b-48f5-b6a5-2cf97b1e9803	mp-8001	ce66a62d-fb11-4e2e-b80a-250ef1b1f5f8	6784	2aff0740ee47ba41859d67bfd23d5edc
f4c317ba-87da-481e-ac64-4040babc78bb	mp-541451	01d58389-d7d6-4f1d-bc1d-e7cc54dd4866	39964	49e0f4e6f4e0a277a5eb3ba1dd37dcd6
f4d2e61f-1a21-47e2-8c21-e18b47211f31	mp-16737	b54da0f4-f687-471e-b034-111a93f49b49	26896	4bfcd568f70228de0a27c1d5fc80871b
f4d391d9-6e6b-44b1-ad10-46449bf06353	mp-570505	c010d980-a31d-4d8d-929b-8f265b3cf81b	76532	b826a37db2a6d1c78ef2f8f701d67f99
f4eab391-f463-4151-9a0b-2b7322d14736	mp-558174	265817e7-2c28-45e8-a557-08181d1545fa	172508	272dc2a0f3e54a7c9cfa1e150d809955
f4f903ee-4b4d-4e13-9a04-7634115db029	mp-28217	4cc11a16-4fbf-4281-a631-8dca9fbebcc6	65852	536f50db17334f788c5002973fa560bc
f4fadd90-8061-4d53-89b4-839f9f255984	mp-554796	aae1fbfd-4293-4cb1-90f0-26bb32340fd5	63564	7034291b49d2209f693879575b192c71
f507ef24-0cb5-4586-8045-6bea79a156dd	mp-17120	a4f9a94c-b1dd-4a54-9958-d3960067aab3	12552	6577b05bb616f3452a73e1387d7c0491
f50d07d6-1a60-4826-b58c-9e7732f2a1fd	mp-27904	4d154dd5-590b-4633-9711-93cb7afd0ffb	26256	e20233846c95a006f4eb498911cd6515
f5189486-64f4-4166-bab4-4b5d1045a25b	mp-5152	6c13dbca-c7fa-475a-aaf7-6115d36f95d8	62588	9e7ba1ccd21199a29cc0184239942e4c
f518ef12-a2d9-431d-bc1a-d3d65754ff95	mp-607806	39e10ef7-aed8-439e-9c9b-c32befad97e6	46628	bab69fac7e45cdc010bf36c34fee179d
f54047ba-8714-478a-953c-bdb690caa059	mp-655489	d7084759-fd12-421b-833c-a96a9f23312c	27548	daf566685d9d834a3c21827a41dcb9ba
f546ac7e-c27c-40de-94e6-de7dd5e7b4d0	mp-571298	95c24de3-d674-4fe5-94e1-148e196baf79	84828	93c8878004b65ebf724e6df85dad23d7
f54d19cb-5fd7-4b2b-8db4-ec59f51fb3a7	mp-12642	343af309-6d4c-4d12-a004-6bb98343eb38	2436	7a34c7fe1953175a8feacb18ba71f759
f55cc3dd-2d0d-4cf0-96df-49c93a210ac9	mp-541709	d873e0d7-76be-4d57-831c-c961f0745a27	45984	b2b54f821c223b908ca95a4b285094d0
f563cad8-f107-4425-b2c8-b7fffc376ba4	mp-555736	1f7e682b-981e-4335-9f60-36e9c863ada8	13252	d2be343f3cbf05296abf9c95f5f6ba56
f56dc94b-57ca-449d-8b6b-e47229c32ac5	mp-5694	0658c9f6-909e-4d15-aec3-1a5a7473f8f2	6428	736c863c1f6e20484bb2637a628b5a3a
f594dc47-66ba-4d04-ac6e-aff93798d39a	mp-568628	b9403b78-afc8-4ff7-a0a8-c2719388d423	35184	ba7a1511c4abdfcdb28aa03f3be31bed
f59e6824-53be-429d-9b8f-6b44bbd83c65	mp-28040	3ebd1c3d-42f2-4543-a9bd-c104f8b76919	3144	95e8a4cb2f71d709e60b3539cc2a8c63
f5d26378-354e-4de1-947d-f9f74bb55328	mp-28237	2c627862-2667-4413-b1de-a16446d7ddfd	11316	01976ad42e6eeb89623ba61a93cc96b4
f5d30ef1-e987-49dc-bf7e-609d66e1e165	mp-861906	8ceea597-70c2-4c7c-b72b-d34e6fe2ac27	24688	d46da4a38b3dbf56f1ab1c3523b5b193
f5d61822-4cec-4e3d-a76a-eceafea91506	mp-556627	68f1771e-81c5-4fbf-8005-ee08c18c85c4	14184	2ba2f68d7ae05e1eba32f7146de2e758
f5dd8acd-5ab6-44af-b42d-9fac727538c6	mp-17486	7645e6e5-9228-4ccf-a887-c67e6e8e634d	16340	f5539f780e8d9ee8b554f71fde2d9f92
f5de7af2-7a24-43a2-a222-0648d20d3c15	mp-23276	b35a1fe7-a3b8-4cb3-bded-cc1d2f03b6d7	20920	557c114bbd69adf0f8a302bf5bab85e4
f5e1220f-0981-48f0-be0f-2faf77d4915c	mp-2184	4ae780f4-cd76-49c4-b208-6a1e257b4870	4764	76e0e0ce314fc3ebe07960f53f67ae0b
f5ea9173-22bc-4515-989b-f6c935b944a9	mp-29794	f01d28d0-5d9e-4bb7-a2de-1ce7842a0731	21160	903ed5a748e4ebcbd0db2ac53bf39f19
f5f1d2b9-7704-4d1a-b620-1d93f3e8c30f	mp-683980	0e45f023-b4d0-4a75-acc3-b94d602dcbbe	83004	15e250a77811ada369928c521733a629
f5f6b788-cfc8-4ca5-917a-03b5210c2b5c	mp-770959	6bd8046f-176b-4113-ad7a-7d8e7eecdcce	33328	3b5b214a29a794f02762c8b3c0f949e1
f5f986ba-6f4c-40fa-9ace-f2770f5450c6	mp-38327	9af62bb9-c8c2-4875-a8f8-38563586d6a3	13764	4bdca429374d9a78b98a333f296d2391
f601909f-70ce-4155-bbff-b425eb6133ea	mp-867700	9a2c2b26-6850-4f60-93e6-9d0600d61628	12884	0900fe00e53e59d223e1f0f84e13a008
f62d7c2e-177d-4312-9bbb-c01ecacf46d8	mp-755363	33fcc513-5a27-4535-803b-5e5bbffcc722	14048	19c897d32b3f0b1d8c5a4e790153998d
f635818e-02dd-44d3-863e-6a80f6929b4e	mp-22981	a2c482b0-02fb-4cba-8e73-3c669846a5bb	11416	72243dad6726fa10482414d47815b258
f6461d5b-4258-4b82-a03c-1460ecaeea85	mp-6112	6822c39a-4319-411e-8a25-0434c2868d82	12132	b72080490ab1cbe8eba0b0c9d112a55a
f65df72b-d261-4c66-8002-4775aa518f4a	mp-14307	3e166afe-8dd3-4e3b-996c-d0468b60ccd0	3124	a09339624bdb107ee8e97267f86b2eb1
f680b9e0-7c85-490b-b005-372b5e67e14c	mp-14069	740247ae-e6b1-45dd-9358-88c99450b970	1728	60b84a6cae053cfad5172c5f2b4e5e08
f681986f-6360-40f6-ab4e-3ad74d4b00f7	mp-696804	405b3437-c082-45a8-a687-f97dbafbfd3e	14444	8b492f424175161a7330c7be8be2e10d
f695afeb-afa8-43a3-97cc-fee01cdd7d00	mp-579560	80e4548e-1817-4bcf-b71e-eec2c7bbce45	13856	2b3557873a7a0f10a019cae6348400fb
f69dc431-d344-4970-86b6-37542f8e9e80	mp-753813	f892d373-927d-45cf-879c-304bed0b7b00	40384	e5984bb76fb6f921ac9ca07e1257f924
f6afeb78-77db-44c3-b7a5-ffffd943e9bf	mp-677250	6a5d6b8c-661d-4690-9a93-56a2e6199a94	31880	a661f3cb1aeebf0bf45bac3c09389f64
f6b4188b-dc53-44a1-8809-769a0c1a8b13	mp-5621	d680b25d-1347-4a87-9ff7-b53eb08336b0	3392	ef46a7b3f1c773185ba66693ab01c39b
f6b9c9d6-826d-4b23-bdc8-09b3f554335e	mp-5532	53e3b932-a73f-404d-9346-a55cb9dbd37d	7924	e804b3daa58cab2c2ec2b8ba46979728
f6d0242c-0535-4e16-b02c-173728e7b2d9	mp-24412	0a8c921f-300a-486e-aefa-90d3989e1f72	2344	fffaf4d84a95d16bdcef19bbf6a7f40d
f6d6dda9-80ea-4dbc-a641-2d19c3058cd5	mp-29456	b4ea3c1f-d2ec-4026-8383-63e9cafe989e	7468	e7b054b1ae97d3dff1addc8bcee0b697
f6e152f5-dc63-478e-a86c-2f1af2911f79	mp-12533	66fd61aa-a8fb-40b4-9a13-a5550b45e021	5816	d08a99e04c8bc8721cc3bbdac909a60f
f6e6320b-bd90-4fa5-aa66-d94c4c99d73b	mp-15951	8793f1fa-659a-4272-8f91-0684af13cd11	8424	23f0ada6ecc62213f46e9f59f1d5cc57
f6edc065-6561-438e-8842-543493eae109	mp-579536	2a498c3a-b47b-483f-a234-872fafa01bfa	27056	a3c819ccacd7a4afc487b9f0ad23dc48
f704a2b2-e0f0-420f-8ae2-6f091be73c0a	mp-16236	fa14d1bd-68e7-4efd-9072-715f4132f11b	5476	fcfeecd1576a305cf77c29de2ad30fb2
f71713e5-0949-45a0-bfa8-3c5281d32142	mp-768149	1a7be791-e6de-49c1-a8f1-425d0806dfaa	31328	c005ae077a6824084a96851a4b322682
f72b524d-bc6f-4b30-af85-5fe590f4205b	mp-558373	ad2504e7-bef3-4472-8d1d-4ff310c2832e	83848	eee964a0542dff7741eb3d89b8bc3244
f72b9326-18de-47dd-93f9-e75831bf2179	mp-772821	9cdcaac8-ef44-49ac-9bdf-65dff0dd7704	46336	af7adf3475453b693d9a2722c703608f
f72cae66-1092-4edb-981e-a019af4cf6bb	mp-6331	a8023f0c-4768-4eac-aeec-c752db863c60	82900	542384d4334828ab58910ba8a4e928b4
f7316324-20cf-4877-97a4-fb97f0dbc6be	mp-22577	63c5063a-c8bd-4101-86a9-7b69b2609d40	17128	fa2126670eb2946094b0be50d1c3b7bf
f73fde78-a7ed-40e7-8813-666ba177085e	mp-554906	e640db0a-c9a6-4933-acd2-ba5e5009c17b	29972	bd33369c442c02dc172df2df0b7f85f6
f74cc5b2-7f01-47b3-99df-8c4e18c23032	mp-29628	8307e8f7-a4cb-4d03-8efd-3e84faf55503	19772	879237b57862d3eaa91f0e3095f74f9e
f75319ce-880c-4ac6-908e-9fb766718a88	mp-24798	03744672-f82f-465d-a1be-80fb158eb597	16528	4b447f1b4d96ec5b9e08134dbf2df6b2
f77063ee-85b0-4808-8095-f696b45bb05e	mp-12457	8eb25b63-cada-43fa-b696-c7064cbbabee	18328	c80062b51af2a599f8e3327cf202d768
f79c2bec-9e21-413b-a641-e60e29e06b93	mp-23837	add7a1d4-7ef5-4190-90ca-0cb134e45025	21284	f9a32f01f96e62ef17b0de5c8903fc33
f7a3b252-5496-4307-9b51-daa1f334b926	mp-22003	40f83fee-aa58-41b0-9f29-f448227d4e33	6308	a7403cbbc634d166d70379e04e3e103f
f7b074ea-305f-4b2d-8df3-7612ebc70a83	mp-669326	9d7e4a81-8686-4f65-9c89-417fb2560362	46168	eb3e0b6b9ead95c2fe4e63c4f4d071b6
f7d1ab26-fdb5-415c-8177-ab2cc33d87e2	mp-567776	146b6a8b-a88e-4801-8206-af693c756094	6768	6547ef472b69db49561a76fa0c47feba
f7d60b9c-bb13-4cee-aaef-17165b1398af	mp-14796	6d2dbba4-1f41-42ba-b621-0535a94dc6bc	13424	3d1874c44932919b3419d274da293b00
f7e1360d-6650-48f8-908e-8633bc54194b	mp-14340	eb90fd44-b4cc-489d-8866-00b561ad950f	19628	052c901e5418a2c2c21378823820a696
f7e39953-9917-4823-b269-3e461c754383	mp-20485	c69df30e-d617-4507-bf92-546aac20da8b	6744	5d3525225d7e0870317cbc7cd75a88b4
f7e6b6e6-8c13-4c34-8879-3d94c4174586	mp-1074	ffb379b1-14ad-45ff-85eb-60c8bde85684	10944	50bd2e8e3b9ab68e15d54ee7271bd887
f7e9c44c-1aa0-420b-9649-3da0590e94d6	mp-504962	51fcdbf7-df9d-4ccb-ae11-982485cc1b18	27412	019c48d4e9decd70073f49265cb9c9e4
f7f2e57c-dde0-4d50-a720-2cdbe7fed575	mp-542734	4efa5a7f-4f43-4d8d-b74c-c2e71b9df6e1	10020	5f9f6dddef08d572e62ae5af81392141
f7f68694-0b8e-4b67-8664-c5e027d0bfa9	mp-23052	db00fe43-8786-4464-83de-c6ce689336fa	10220	9078425becd4eb86670b1469381877a4
f7f75598-2e90-4331-bced-d2f10953ab27	mp-545548	3f723c33-6dcb-4c29-b043-fcfda85330e4	22340	8f12aaa2729dac635701ae12d0e7d958
f7fd33a9-64e6-4bc3-8dd6-7f813d7941df	mp-623058	d9d1755b-d835-4157-a3c5-73c345983b30	74444	6d7929e0595035f2ea2da2532b46881c
f7fe04f5-d077-44ad-acb7-45cfbfbee3ca	mp-13872	4a7d2847-d54f-4e11-9583-fae423c70f03	54664	a3ef82eab16566f8a2cde1f37523692d
f80f8fe1-e26b-4f8e-bf9b-996d23e4ce1a	mp-6356	272e1a08-ea2c-44e3-bf46-166bc3f210d3	32160	718540912a2d7b608dbe7429e886b037
f8197981-e91a-4bd7-8380-90f991b659da	mp-8870	6d00cac5-961d-4ad6-bf70-916bb44aea4b	28200	bcffad93f8fefafe03c3a9238220d6ed
f82f6396-331f-4bd1-a790-1230eb07bac5	mp-3731	76500a67-0dce-4829-a5cc-ff24109ceb77	18628	951165e1345bcfa4faeec282d84fe9c6
f8553120-12ae-4251-a658-7ca9821f4d7e	mp-29946	fbf24bfa-8132-4101-93cf-84f0c091a064	31952	a4e41462800b2167fc1d9716d59b4e42
f872a5c1-7dc8-4d93-b250-7c8c0bf968cc	mp-774752	8b15fd75-24f2-4545-a98e-fcbb2f9870db	18056	5d68fe4be4e6f8d8d3dfe994f085fdd9
f88ce99c-3460-406b-b140-adf6e602b9c7	mp-581749	5ea43c8d-9711-4dfe-b768-438ab8ebb7d3	27696	67ffe381447633393b1131a5a84383c2
f8904844-0a5d-4eab-9ab8-b2b910399c64	mp-625415	3a39e3e2-7ec3-4f14-862b-583f55212693	28332	68243ba2188bdf07c2b341d933324b83
f893c68e-a3e3-4c06-8dac-7d751a10d9ce	mp-557738	303a9cae-6068-42ac-bd54-17cb1256cad4	16600	f3103d0cc40ee5c9aeb6e2143752589b
f89ce700-6e64-471b-b1bd-649efacdcc7a	mp-1999	9a044451-656e-4a3b-bae2-c663986ec3aa	4896	36cc6c8ec71e23142fbc720d43e2915c
f89cfe72-4ce4-4e97-95a6-fcc21e37f1b4	mp-505368	725ddbee-755b-40cf-b8d3-95a106b06237	43184	f85517ae293284f7bbe4b52a46e86fcb
f8aab715-df40-470b-a0db-e90bff0eecb3	mp-27453	136a2165-085c-47ba-980c-0c7414281bd4	14984	26fc995fd69e7c0e344ef88dc01c506d
f8b42a86-952b-4bfd-a671-2d6a0c6d95d4	mp-14435	a7f86bf2-a238-4122-ab68-71c220b5b2ef	25800	81ad1f07fae469c9348e92d6610f1fdd
f8c815cb-009f-4291-98d0-db348ba84204	mp-753774	1050621e-9dfa-44c7-bf3f-c158a0dc9d4f	6556	74ee01b8c29881913dedfa5a1e24b0d5
f8cb80ff-72fb-41bc-8d19-31d4343da371	mp-22903	5a0b98fb-d7fc-46cb-bef2-38a95f01d5ad	1620	150c5b10eeca036393a58bbc848cf93b
f8d219a6-8ffe-48be-8b89-00eedd9ab4e6	mp-643264	a0862cbd-7455-4936-b3f5-58a1a31d903d	10848	21925d7a54f550020bc10bb176cc7326
f8db134b-c5f1-4554-a3ce-a9ac8dbf6fb7	mp-23915	a72bd9f3-be64-4cc6-9c62-6252e25eeb65	69004	e14d88b00d7d0c937f9eb0ae6016164f
f8dc1feb-e05f-42e8-b46a-30439b87d3cb	mp-28251	a16d04fa-917f-409a-9d73-01b553883c00	43168	a0ab19b36b29c19d602549a14a987554
f8f60595-f6f9-4fdf-857f-43f162af73e1	mp-4514	886adcb1-11c5-4d43-9549-15a04498b086	18640	e690fd2be85254f5239334277c227b24
f9017092-a5c7-48f1-b7ec-5a3818e8f4ba	mp-557855	58d0037b-2947-4f5b-b2fb-3122ba86d4c0	48316	1359496b4c9455e0c17f1762674c7ca0
f90e7507-75f3-4862-81ae-9ee6a9065658	mp-4527	51efd077-3eb4-45f0-b1af-57295532991d	9468	d4558a62c5e7b4fc5b3d317eb2ac18ae
f90f6709-6042-4faf-a029-ac2574dcf68c	mp-30055	3d76215e-9c93-48d1-8292-f044c8e37189	3336	c1bef0f39d56f0ea7a96828909f38cd6
f91933cc-5a85-4238-abfc-49910a9e4a37	mp-504769	7977aac0-5df8-448c-9bb3-1b456247d1d4	9060	9cc745cf19b13652e8420a9eb14b4ebb
f95c403d-1f65-4114-a765-42e9af1091ec	mp-645364	7bcaf6a3-a92d-4aa6-a2f7-579f0c771f2b	290416	acdf8f2a820ceebd7f09efd73646b8a0
f9620f76-b304-4026-860f-f027ee68c715	mp-757074	fd88414d-1a92-4041-8c45-420dda9403d9	8596	3437637b1b04b9049e4cdeb77521d634
f9621bc6-f577-4f70-804b-9b26c871273a	mp-4718	c4fb7a46-2177-4d02-a781-a03e17bc0b3a	29396	2f27e7e4865e53c9fe23a26d945ebb53
f9624d02-5cd7-47fd-aaf9-c03262faea81	mp-23969	4982e8c8-4659-44d0-af1b-19be1651e3d6	40012	3152df2112f058ff6fb4ba720f894dd0
f97962b6-5bf0-4916-a8d1-fcec12c980e0	mp-752569	abdb360d-c641-4c07-8331-4594056a73cb	15532	87e4186d2b77a07c0e0c9a309909f382
f999e8cb-7a39-4771-95b4-0bc42b2344b8	mp-723064	03454c61-4d5a-4ca2-bf5c-d78836581222	89972	6521673385eb5f06289748e19a52ffd4
f9a90fcd-221f-43dc-8b79-09e1a290e710	mp-582753	956e6a37-6ec7-400f-a393-046e0205b593	114152	41b7d18ee3ec21bdf74d931692b5a68c
f9ae860f-cb63-4c7c-9592-d30016fc17f9	mp-989192	c238e0db-3f70-473b-b6bc-0c0dc3cc5337	5636	691fca00ebf5e8eb454baca4dc0d2f5f
f9ae9433-6044-41f7-b127-ea2d8483fb77	mp-754196	23cec43a-fb74-488d-9187-8ebc0fae5533	8532	9c102a576b5638614c6aca9f6a19d2c1
f9cc3dcc-07e6-4199-b47e-13995920f506	mp-6875	31d860e0-c1df-4d7a-bc14-dc4e33538ee1	89108	c2ffde42e00dc59c1a1ccb04a547acfc
f9d5d86d-26a4-4513-87ff-81057c7e2556	mp-540631	2bd102f3-c484-469e-8058-1d13c925424e	21568	0c485b6d6b806027e6ffb319f91d6aa3
f9d9fc6f-27b8-4237-a806-4dc10d052847	mp-3707	8919e71f-4596-4a96-8fd0-25378cbe63c6	33756	4fc683e62aca883fcd8ab41d3fadda15
f9de7d74-c3fe-4fda-9840-8c0d236521df	mp-867169	fdcf401d-c79a-411a-980a-9c7b00524deb	3132	2d9fae91b60bc06c790a7cad72121a86
f9e0e846-d686-406b-be17-d72cd7d6b3b2	mp-12787	869cb694-1de9-4d50-99c9-60fdd4b0eb6f	41136	024b1e126a6a2eb9ef2055e467036bda
fa0d359d-433e-4d92-a332-5927de749e28	mp-761931	7780fa75-4c3f-49ea-951a-cd39930f15ae	29512	ada37b31521acf2544f820d56d36ab08
fa1357b8-8942-4a5f-aae8-b096fa43fba6	mp-28490	39cd9e86-2da1-49a0-a957-f7df5036dddd	24276	2de260421064ea7d69a565c7ee50381f
fa1b3c68-8cc6-4abe-8fd6-ccc295cbb884	mp-571390	ad54ac29-3751-4bcf-9281-782fbb0736da	17576	d745fe9cf0402a269baca223f6996b80
fa1e9ba6-3e4f-4651-ab91-8defb79e38ea	mp-570589	3063dfe9-d0c4-470f-9af8-b343d1b5ba36	17360	e5a332967f6f3928ad1a4723f22ba6f1
fa4327f6-d1ff-4857-b6d2-1ea15e981ef7	mp-554082	097f30d2-30bd-4045-8387-8c16066aed5a	5904	f4af00bae9067026d187a0c77c0fb4b9
fa63710e-e5aa-4f2a-86e6-be9a2c6669aa	mp-13000	174857ff-b336-434f-ba1e-e85de6ae1964	10028	8801bf7047be8a8f3ad64b4c93c6557e
fa76db2f-7738-4a76-8323-b9de29c5f4ae	mp-504922	7d0beb05-8e6f-4d58-9234-63e516110391	20592	3f2549907e82150b1432568cc2000583
fa7dcbf0-e6b8-4a74-a6ec-ea2e5b3d2390	mp-554272	cb310890-c9c4-411c-8916-8dd257e3fb14	84356	8bff4fa0e19a8aa357156fb965885b6b
fa95ab0e-aef8-455a-a728-9afa10f2bf67	mp-570044	68a0f582-ecc5-4706-a521-8c70e132b832	25900	811fd43ee672ca67ebcd1ddd7f9eefe0
fa96a134-c6dd-416a-8b9f-79109c397911	mp-696329	d3508c4d-a6e6-4a02-9441-6d01e84afb6a	28808	74d85e60af0708e0ed278b9208f129f8
fac56f88-3e3a-4036-abc5-cf025d5fdda0	mp-557832	9c963bd9-84ef-447a-bb90-41bccda7fa77	16332	b2234a39db7aeddd519feed263cce8c1
fae6b44c-122d-4707-a840-79933921862b	mp-505607	70025e16-a669-4a9f-ba33-5d41a61ffc3c	54512	f2bb9bdd7b8c7daf6819663cd7faab6d
fae80055-8d41-4951-981f-31b60fc4b485	mp-14052	feb57ace-4852-40ed-89be-0a444faeddd0	19032	23202234e938baa933180ec7c0617d2a
faeacb68-1727-4767-bc3d-aa756e4d4df7	mp-1666	782ff532-35dc-4269-98d0-9ebb56103bc2	24632	5525a01ef756e93da0ae0e561b9dc8a0
faede98b-e341-496c-b8fe-b5ad4891c702	mp-11114	a4d21e65-18b6-49f8-b8d2-d63cee9defbe	32048	262ebf07ca068cd3d684c0e1bf8722fd
fafb1d11-dedb-4cf9-8053-128af682a8f6	mp-677179	2de322c7-d5f6-4daf-8b20-0f878598e893	31672	31526b1adad1884c2746a0057b2fad78
fb0817ff-eb3d-4f43-b32a-b8b17fc1842a	mp-23803	0d19202c-8eb3-4e5f-afe8-0f8b3307041c	22672	96487a780989975050d35a3e6651c8ea
fb0ce5ed-e18a-45d2-bc4d-53f7b48492f1	mp-647075	e36c1786-d1b2-4b6e-8928-e96d6157b876	232284	e506009fe03739b5af1e528d6e6e9823
fb1343a2-0075-49a9-9267-b08b7007c2f6	mp-558428	0ecafa2e-146d-48fe-88b1-4cea6c3c3252	56636	df4a86f3b09af674e1857c53877900e2
fb136cc7-dd86-4bec-8625-999ac7a535d8	mp-6211	f665045f-9e63-43b6-8d96-1f40e06867cf	46752	ad47dbd179344186049b26c48177bc7f
fb14f69a-660e-44da-8bef-9099fde773f7	mp-8774	a9097136-f6a3-4edc-8442-2f6d6f88676b	6204	a22ea7939328586748864a39e9eebd5d
fb165ce2-18e5-4be4-94f5-fbe356bdbd06	mp-20337	5d5ca940-ffaf-4712-8797-20dbba1ad7e0	13856	58a1514fd2fbf764abb369497c3d8abf
fb1d0939-35c6-4f38-af77-ce95e4575d77	mp-570130	29e18409-e67a-4948-a870-239b06bf7675	20756	7efeb1710ca349ab3fbe1501cb77bbf0
fb204ed8-2c97-421f-9bfc-6bc252079184	mp-561121	96098251-5dce-4551-9808-87c60f9fd315	102020	111de4d3255838dc79c493465c82d4f2
fb3d3875-4275-4aa1-85db-2d6043d35767	mp-29598	c83e8db4-80bc-41b9-8f89-73a0afd39563	38328	d63c9b7cd4e90b8b1f161908c4d65a2f
fb4eb012-e636-426e-80c0-e35b0c4ccaab	mp-556784	af965d8b-21e6-4e1a-b30f-4c2edf36c8d1	30764	afc682d83dd8889edd0f90ddc5a25022
fb60072c-ce76-48b8-b062-05d1d4b4b333	mp-8614	13cfc7d0-566d-4712-b9fe-d6500fc9db27	22852	41f2ca0a7a8265c278c4ecc8662690cf
fb6e8356-696b-444b-b834-8f207d81f5f9	mp-8725	21a69af3-f1dd-4540-b216-4f0235dafccf	22148	3406c134d3adb291b4f83b5d7c920737
fb71f7a8-e4d6-4833-9f6e-797a70890986	mp-558325	b8cc48a5-3fd3-401f-8990-f2038ec71e0d	34636	d8d1c5c039cf2727a557217e35ce56d6
fb95a0c1-9fdd-4c08-a228-ebc5e7390a0d	mp-756148	4054d9fc-40f0-4073-986b-ee0697069191	5660	49d3e2ef59ab59be3018b5962cdedfba
fbaf2628-f04b-43c3-9eae-e60f4ec4ff88	mp-40484	4c212e33-74b3-4c2b-ad0b-63ae04e44ea2	62212	d6fa534fbd45edb2d4742849510fe66f
fbbae58c-0b40-4413-a36a-6bcc7ce3fe9d	mp-861914	365b8082-c8a7-4827-a574-80a2efac7c6b	7268	04cb9d4a957f8de6e062f361aaa34285
fbc6fd24-c9f2-4646-b921-2603ff5533db	mp-755362	45fc9961-d753-4c85-b072-d90a9fa0328d	25580	2e0df616cd085b2271ea92555f7e726a
fbc800a0-c666-471e-aad8-a9ed76ef52bb	mp-14636	ffb29e44-f203-4b92-a206-ed1a900611b8	16848	c6a3f9d608914101c03dbe8a9ff6815e
fbd7ef93-8b41-41f6-ae85-e34030481467	mp-568543	55639d91-3138-48cb-8616-2e924ab5c5af	47624	c0f67a3753f3cec2a447ee42f5ccd852
fbdc886f-c178-434b-9816-ae86da40af44	mp-16557	39a5b573-1d52-4691-b28a-5694f861bc17	92084	7f2c2c144edee61b66d171033e829aaf
fc1674eb-1303-4f12-a203-2c1e5bcbab23	mp-28247	9fb372af-a5c5-4c84-ae2f-83a24a605bfa	12124	4ed3cfbe888a74fc77918a2359ba7933
fc30e84b-0811-4c56-a4a4-991d2e065e76	mp-769039	67be2d52-db3e-4b92-83a9-5dd672c7d8bf	19904	40394c91451b05efb384f5afc2aebb32
fc44d046-9072-4d6f-9401-73a498e611ef	mp-570536	f6f81aa5-4d6f-4b7c-a8ce-7e9f18ed6ec0	41920	c367a0033e044c24161fc1667996e5e2
fc52c80f-caff-488f-a73b-2fc0074832cc	mp-13282	d2a5b28f-4402-4025-9fed-db0ad70a2691	41620	43f02a2bfec775004488e9b5452ccd2b
fc5766cd-91b7-4872-9f43-3b7ec9effd1b	mp-28891	7bebfcfa-dac9-478f-a544-3c261796028c	14952	b9ee4a2e3c05370b5050c4a3a336c108
fc5a64b8-e410-4363-a678-3953b1a88fc8	mp-756142	f67d4cfb-cae2-4aef-addb-3894fa3deb49	21016	49898cc89284afe3366bd342483f4fba
fc64dbc9-10a8-47f7-823b-6555ed71ee50	mp-571162	a229ed8e-b09c-4ec1-ad4f-e5ccfa039b13	39536	1784b5d7f636f18594c63ca7d4114023
fc6eb8ef-22fd-4767-b86a-b454aa373ca2	mp-674508	9ea8deaa-5c5f-4843-8c73-3b2ae5008941	25004	6c50ba7f5e823db37f96c126fe631f45
fc95fd19-2e28-45a9-8ffc-83b93c2038cc	mp-573324	dcace1c1-b492-4ba7-8096-8f27953effc0	16096	80c649ceb52d5a9d2ed2f26b704c0917
fcacc1cb-3246-4beb-b26d-b51f614c3aea	mp-979932	69c88f11-e61b-479a-b029-5535a5e94d21	15308	1666935803c5bc4ef58d82d436b0184f
fcc9acd4-2967-4c89-889a-b7c7bf2f8d82	mp-569107	6b34c778-3634-4f20-8a33-15864b99139b	17992	685f21ab85d2d928cac8f4644eaf6e25
fccdea54-763f-45ce-95b5-7698d3fcf6d1	mp-556609	810c86e8-0824-48ed-8420-03e075b79446	47472	b8d511c5227b2e33adfeb653c7b216a2
fcd21ba8-6749-4582-b487-da84b024e67d	mp-28295	67212659-6cda-4397-852b-e164c94b3902	20500	c5b36586627f148642c74606909487c0
fd03aa86-c308-4da8-a1f7-d416a348a057	mp-556806	05e4fcde-47d4-4037-b9fe-098ac9a4a6d3	86008	8fb72811d06a4198f95bfd08065a3240
fd06e8d2-a5bb-44f8-9535-ce7a054b7e39	mp-1392	a4a77bfa-a609-4571-97dd-5ada945a3f89	33312	b72ba9ae063d930046f6b13e4c67bf30
fd0a990b-d45f-4095-80b3-bf7b3b807629	mp-6037	59246b41-b533-4f80-b2d0-b6b943a1c0cc	2412	68719992fd0cbca5c1abb74ca2182dac
fd110c98-f02a-401a-94c8-375b118fa266	mp-29143	8dac3975-7053-45a9-a103-68ecb55e5eec	59032	4be79f83231e53e927a893f3b779d510
fd2da471-ebc6-47da-b87b-edd9893756b0	mp-7249	89584f96-5cf1-420e-bcad-438be5bde4c8	17308	241e57547d89e418bb5d766b75549b4c
fd54312f-c8d3-486d-b38b-9e653ab10666	mp-28109	58705833-638f-4f6a-86c2-6b9076682a33	37212	02ede60841eefb260f0cf80150ae6a7d
fd5e5e23-0a33-45e8-bd5f-273e6757daa0	mp-558267	1456991b-eec4-41ad-96c7-c0b72771b172	109072	61fc2bcfc46d7f91aebb954bd28e0a94
fd5eb63d-523e-45fc-ac73-c8aece6555cc	mp-7084	e8dd6e81-6045-44ea-a57d-5dba740312b2	15572	581d5cf32ffa218273f82f2a5820af3f
fd663fe3-7db7-4755-9976-fe0a1e22676a	mp-778364	9c44edf1-f4d9-446f-86c8-aea6d94ff9ea	54116	21d07a6ef7886e2dcfb00b4d38124a01
fd6865a5-dcb9-4ac2-a878-b878454c45f4	mp-849371	38439717-5171-4c07-bb77-b38f14fccf48	15020	13bbd3b42f4b233a386ac102e94b9e2f
fd71244d-b8f1-48b8-908c-21e598d29d8b	mp-626143	a9ce9c3b-ce91-498f-8e7f-22d628a9a4f9	18820	bf6efda430361fbddbdebc2b3d8455d6
fd723aff-2117-4c87-a056-1c82e6c2a199	mp-505121	2131cc9a-79f9-4ade-b298-c9df23737189	37080	27ee8daedeb79b5d2c9bba9740eb09a7
fd7ca48a-9a60-4128-9e0d-120649291757	mp-17885	2f43f5d7-c34f-4b8a-8ace-8af723a2903e	69336	0039e3355e1f04d7270adf1f6d09e799
fd895219-fc45-427b-948a-776cf37283bd	mp-756122	1cc5a806-aec3-48e6-bb90-65d6b30702de	46068	e69aa1fe536e626e79489e31e0470634
fd9487e0-aecf-4aa0-b77d-265cbcf01250	mp-31292	13b3e2d4-c7df-4dfa-9104-3de2f624e29b	22044	7b78c092b311ebe3985dba20b8f6904e
fd9a4e9a-394a-4a10-a261-8a6afaf7f97e	mp-555077	1e2ddc05-802c-43d9-8342-13de0444c332	17824	f3ca46eabd9269fe324e17e7adc19a2d
fd9cd04b-cfa7-448c-bb4d-18ee73ed108c	mp-582080	9ac7bb69-5d61-41c5-9c47-0dcbeaa95367	46336	07a030f8cb8c4bf7a6c3e6c4efb9b6d5
fdbbae99-5ec2-4855-8988-ca7794167c9a	mp-3193	aedb01d7-eb1f-42dc-b832-ce451f5b1bc2	75700	2a7ddfcb418e9b1fa14ceb4de0af35d4
fdc62ba1-221b-4c57-9412-abf7e9817c9b	mp-553342	01d586b5-8955-4752-926c-878f583c21e4	16708	cfdab64a0c5c5218587077101329df94
fdceec7b-43dc-4c94-aae6-04e3eca9e71b	mp-753731	b364e093-748b-4181-84c1-e00e76aad4a2	13864	16e5901e9db8ffb6eb23413954dc33a0
fdf3e725-e45c-4806-8f8f-fa6d37770cd6	mp-600039	d36dd76d-3498-4e95-9d01-6111ec650f5b	43696	333e6398a11865fd96a49552119588a3
fdf92545-8e44-494e-9359-6eb38710d8cb	mp-17651	4ca551a1-285e-44ee-a55f-8a8088e05e33	73800	e6c50cd51a092498c1780e59f0a557cc
fe19c199-793b-4309-ab53-b4b3360a8348	mp-556423	d74205ea-1f6a-46f4-87c0-55ae3e6c9b88	145664	0495cdb93ff7e9b4d4a0dc0211652179
fe1c0ca1-b4a4-43c1-81e3-a4352e95c319	mp-4809	a4a3965c-3d85-4341-ace3-906e247ca07e	13360	47f75951f18e591b10285a94821c1393
fe35e995-1077-404c-af72-0710c1c7f690	mp-14023	8c909143-bb54-4851-bb9d-9f7bf64c0420	18244	1ef6b8762668025cb9a3d58773c5cf2f
fe397394-aba4-40b0-90a8-c09c968f7303	mp-753520	37d49e74-7bc3-4a9c-939f-472ca0fb8eae	44444	00b84be86bcd772515bec39a3fb54abf
fe3d8ae2-65ea-4989-8c3d-544fcc58a037	mp-758868	9cee0d39-82f9-40fe-9474-d52b23823647	149824	cb56a449a596fcd2883de60156e6f4cb
fe627e96-f765-4c89-b867-1e00728b2848	mp-7765	874aa970-e2af-441b-9690-3e2dc17f5a9c	15456	d69e0e1a8c8b3f8ea27c2ce19615159f
fe672562-17ab-4864-9c5c-782f89eb760e	mp-571667	a64ad40c-ee48-4e52-931e-6f8f0f5a4ba4	23208	77d828c88ef38c5d437674187b9d8316
fe6d6d79-f9ea-4e15-b281-255a7c52d405	mp-8191	dc9edc24-d72f-411f-b888-81050ed42dfc	9272	12e828c251ebf2538e84fb94978ba5f7
fe7df733-dbc9-465d-8615-f609c6e903d7	mp-680246	498923f1-6cae-4055-9362-6d4f6c364a00	51348	5cd0215a5df45dde72839341f08cab7b
fe89e489-45f9-494a-92f8-3d1f3cfb315c	mp-27281	0b90fb28-56d5-46fe-92fe-7ee878516435	28836	ffeb401280fe9a5c230148462830c181
fea0df0c-8a83-40c0-a91a-1b49300ec98f	mp-8179	66a5ed7b-5c00-42f8-9d10-b85aefec4516	7788	3a666ccb58ab169667f24ab3985dbe78
feae110c-8cab-4b44-8341-c2332a35a0e9	mp-558781	d9d31853-92ec-4b8e-ba39-7b9423644a98	29300	8f78d71aad8adf36ca9cf6c2584555fe
fec583a9-3ac9-47c3-b1fd-8f02396f2605	mp-6265	db408011-043c-4670-a2dd-a74942f433b7	2424	6cb7aa5ddcd7e8ac6f4a5811e30ce805
fedea852-37bd-4420-b77b-f0414e612bdf	mp-8590	2df9d6fb-97ba-4379-b423-1626d5913d92	13296	271a6a73cef93d1460147e69e82adc9d
fef35a46-bf0e-4133-98c1-493b128c9a16	mp-28995	021b1f9b-b7fd-4e67-8dd3-d1ff7a46d7e8	21240	2863f547cdb1a31e584c5b896db04d63
fef4d433-76a9-4e99-bcd2-cdc12dd31817	mp-6233	6dabe495-9f20-4de2-8e09-11d363341e6a	10588	e64c8d2347da707a80014c1cbc3fc92d
ff06630c-1117-4ab7-9353-50a59617aff4	mp-17196	2205ef10-2eec-44b9-9407-e6c21a73b94e	51596	f9cf9eda8f0ad3f5ccf1f6a24172cc8d
ff1f9560-37e5-4b2d-aab4-74be7443c94f	mp-541837	79185c5c-c1e4-4096-9353-f41d03a7bc7f	8680	c38dda73a551bd5208e2e6e3ca171a40
ff28b840-efbf-4f19-8764-bfe8cff2d254	mp-29213	5844d61d-b550-4d8f-9c9a-4dba696a8c62	58864	a733db6067ad68aa63021a1dc1894395
ff2a8ddd-a83c-4c91-ae64-73e131ef227b	mp-864617	d13fa0e2-07d7-4157-ae04-a0998848dcc0	5424	35ae922ab7ca6a434706d09f3dbe861c
ff37274a-75aa-4fbd-8e2f-a7a3698652e0	mp-23029	9c85af07-8aaf-4cf9-a618-1dd995b382c5	14216	9d3c22f82a5cdeea28a92b3249012a37
ff4ba70d-6faa-49a9-85c0-543cb9fae9dc	mp-30905	7f7e53d2-0db2-4020-a41e-905c481f1341	57388	e9c46ae767190e88006a63b0458f4449
ff4c3d68-bb07-40e5-ad4b-7b556dc81aa2	mp-556282	511f10d2-7639-4305-846e-17d5174ca31a	22928	0697cfc00a80052d587c6e5e3de1702b
ff7040c6-b788-49ab-8ed6-a51ae97a2508	mp-7297	54d36b60-76f9-4c85-bfdc-b15ab02e4cb2	8772	3922f581511c6ab05136b09e2d0ec158
ff87c2fe-54cb-423a-bade-05c23d175dfe	mp-27400	644eeb4e-80a7-411c-93dc-51331d2f6972	20712	d78823f2c223ea5898b44dd2660f50d4
ff9e454a-cc17-4d30-96da-6b05888f2342	mp-541081	d2e80585-4f81-4394-b1c4-74237d4e92b3	68640	c782d66b16a44fee939a12471fae9b3c
ffb69c17-05ba-4672-a18f-8fdfae50a7b3	mp-5487	9ead12f3-b247-4db6-9746-54b7e151d1ef	23028	541ed3f75ffb4be7af03c12087c6edc7
ffc43ac7-7a31-4d7a-9d11-b11e00a80bb4	mp-557301	253bb12e-456c-4322-a9b9-745567fed786	142376	529a5dec9fa966e68dafe72a033789c5
ffca0d27-8834-45d5-9949-b14aab6b5f30	mp-984055	a459a822-793c-440f-b54b-42e1a902e414	19380	bbd83e84525d4541e6e584cca2fb3341
ffe251dc-c06d-481d-acf9-542ddedb3045	mp-27716	6682f4b6-ec03-4dc8-8082-d52b1bab31f4	15836	c0158edfedd46ada5cc25244b31f999c
ffe4359c-2615-4bf9-8d5f-278dbf438903	mp-5285	3abe7654-c304-4c12-be27-29db6b68fcf9	21944	3bffe431f1fab9e7da458bb012a65fd8
ffe78861-dcda-40b2-9061-c85134027544	mp-6065	6625ba14-3bbf-4001-8412-b92d28f49e7b	2412	ffef1c495416ad2e43fd0fee6072aff9
ffeb5cff-3c29-473a-a14f-e1baae0c4107	mp-3107	1d7b2917-a673-44f7-8411-2e0e037576bd	12492	b80753bc364ae475ce3e6bf80ac89bb3
