ordinal	path	ymd	tod_seconds	size_bytes	lfs_sha256	xet_hash
0	train/0002-01/E3SM-MMF.mli.0002-01-01-00000.nc	20101	0	1897632	019de6ac9d0309b9272aac950c20a11a36e68777689c7e9af9d49ea9f557676d	34360133c5ee250d3df900c2896c6803491d9d742303dc3145d669266a40197e
1	train/0002-01/E3SM-MMF.mli.0002-01-04-08400.nc	20104	8400	1897632	93271990282e29d2e45e8b7fe96121f1dd579ef3f499fce86d080a3ac8329b58	bee61af7f04aa9eb662890c1a359d569aa39402fb6334d37c0e971b6b5cb5f45
2	train/0002-01/E3SM-MMF.mli.0002-01-07-16800.nc	20107	16800	1897632	90eff5ee26d450a3a7c7cc11c58d8146bdc2f4665b1d75388beddf8876963613	0f2e288d55705e6e4b753368e2ad3f25c097ae169d9a72f75aedd0eefb7234ad
3	train/0002-01/E3SM-MMF.mli.0002-01-10-25200.nc	20110	25200	1897632	d4f05e63b010c420c54bf134c44de16c129d28eb82ed30408837e512010af8bb	53743481e1bd1eba4e7697b1fa9bda0a5b8e68b7fbebc86b1bef0fb5d896b77f
4	train/0002-01/E3SM-MMF.mli.0002-01-13-33600.nc	20113	33600	1897632	1615735426c38e181d29c8e3a917b23dc1086d96d80c168c7c4821f4e2ac493d	824b8de1a80e9fffaccfd7ac1031c48164fa51b0ef15c93c283a3402e8fc9728
5	train/0002-01/E3SM-MMF.mli.0002-01-16-42000.nc	20116	42000	1897632	3ebd8fc5395526617de68f3220b7036067dcb511661620adbf594b88a69714ff	f61fa519393c45bf3f80ddd8fd3cbdda6017d44051bac74415716b490ea43d5f
6	train/0002-01/E3SM-MMF.mli.0002-01-19-50400.nc	20119	50400	1897632	81f3d1217dff7119bd2dc5f9db1491e472ea2d97b39679bee003453b0b266eca	efbe4ca5e13d0ff4623a1a828525f48dd3c79e4f9453c247ce20bdd593c968c5
7	train/0002-01/E3SM-MMF.mli.0002-01-22-58800.nc	20122	58800	1897632	fd5fe80858cf6ac8ac9502aa5376e86ece7bce9e39cca1979f24972e669defef	83fa6753316797df0f906dcea04695876774a3e9f5d80357f8ab1d6dba214e71
8	train/0002-01/E3SM-MMF.mli.0002-01-25-67200.nc	20125	67200	1897632	573f3a70b0052ddcbcef466fdbf8f1d0986d527a1a4cfe710ebeaf520fc6212a	ed00b5efa1585e1937cf4d4f9ecc5a9022bf5e52ed0d5d37a37801e71a469ef1
9	train/0002-01/E3SM-MMF.mli.0002-01-28-75600.nc	20128	75600	1897632	daf1d237ab71f7fd0a90af1b292d38b7f1653c5a388091b94f86a110f06962c9	7d86eed66c5dacf409eb7f90176324e0fa22ca318bcf46219f7d86e1a9704a20
10	train/0002-01/E3SM-MMF.mli.0002-01-31-84000.nc	20131	84000	1897632	7dbec6b0d30546df52426b25a664380e678aa48f1b133596e5aefea01f2c79e1	a283f7dc5e3665f56ac0b34dfadb35f11449651d017316f3c25a6ff6f4ff1ef9
11	train/0002-02/E3SM-MMF.mli.0002-02-04-06000.nc	20204	6000	1897632	072440920cd74db707f4f27b60ab458fb5e453247fc5366e978c95b9ffb1aed5	b3de61f4626a68c06e7077a1dae7b370fafcf81ae0a19349b7ab7810fa744dba
12	train/0002-02/E3SM-MMF.mli.0002-02-07-14400.nc	20207	14400	1897632	f5bb5bcd3ab1e62a2b0aa8aa41c409c5c6367953d4fc2f6c2ec61f952ce0780b	de8860504bc607a16b22c2350bfca48071507574a2121734861cc261bbceee7b
13	train/0002-02/E3SM-MMF.mli.0002-02-10-22800.nc	20210	22800	1897632	346158944440a59bc63f1cee7f0dff49c83deb881e87870169044e21ce9cd472	372d0db6830de5c32268bf734f39e7d4038b5cfaf51777ac7c1204810578d4fe
14	train/0002-02/E3SM-MMF.mli.0002-02-13-31200.nc	20213	31200	1897632	c4418fb7e1dd2f63635476fef4a5d062dfce9cef146483a491f8b47a3eec159b	d3a12174f4dfe4baaa06d12422290189948858f710af2a10ffbbea7732713dce
15	train/0002-02/E3SM-MMF.mli.0002-02-16-39600.nc	20216	39600	1897632	ee5625ee4e57019cb58419c520a447737b6587653e665abf74720ddb123f27c2	6cd1c196c43dd5ef2ffcdfe195ce148d0b3701ed141d7338730e14d9567837f2
16	train/0002-02/E3SM-MMF.mli.0002-02-19-48000.nc	20219	48000	1897632	34b5c51b82ba7ae4a963dae012a554db1bddbca58fb89c8749202bacfb92032a	a4f966e912baa0e35746bc6f3747391a5a99d96dbf2ce02a309bd797702712b2
17	train/0002-02/E3SM-MMF.mli.0002-02-22-56400.nc	20222	56400	1897632	35d57e0c6e7a7e82a9241f7051baaf6ddec3878b3b7123d751c133233d5a3029	9c1cae140f01dc225ffd440559e001382b2fe9e29b7570f20b5b39802fc7f4f7
18	train/0002-02/E3SM-MMF.mli.0002-02-25-64800.nc	20225	64800	1897632	23b18599c42b4a36216b9b3b862c501f8c47f16261e8ee42ee91eca0b8f8a93f	34ad681a31f4fa68e6eeb99d503dbfca6322fd9ee4ed9bc00122bcf46135bd0e
19	train/0002-02/E3SM-MMF.mli.0002-02-28-73200.nc	20228	73200	1897632	553411833cd7be363c2b26bdf891befe68b1b010265882d8be70e8cc4adfcde6	b5ce22561b40fa622b0371038319244e31719cb4fb775ba0914ef8f745cc705f
20	train/0002-03/E3SM-MMF.mli.0002-03-03-81600.nc	20303	81600	1897632	81d8e2515e5a263a416cdd97fed220895142d09a558281d64bf8bf31513c2ac9	63d19b6b37fca3a7050fb9dc06a0f7c5d4b1fc849d2214b951d41423690f74ff
21	train/0002-03/E3SM-MMF.mli.0002-03-07-03600.nc	20307	3600	1897632	d31f4719d5900f24c7589ab88ede15132d7b401e52b928d6531d183e7ee8bdca	7aeeafd6e90d9f088de23deb38842169dcdcf2b60742cdf8ddb3ddd2b8974ff3
22	train/0002-03/E3SM-MMF.mli.0002-03-10-12000.nc	20310	12000	1897632	5b0c43db23fb0c8ef0a3436a59900450f3f54e8ee1f25b115c39bffddb7bda37	6920836f05687a37764cdf20907519b97b2dbb6a5154400b3d622936ebee8f9e
23	train/0002-03/E3SM-MMF.mli.0002-03-13-20400.nc	20313	20400	1897632	e19706119749fdba42efdf795a53379a40afabc2f81e52304660d32b2e444e10	af2cf51312b602f7b43bd11e16c2e137a76c4914eed3dcc7001e0a81c3248fa8
24	train/0002-03/E3SM-MMF.mli.0002-03-16-28800.nc	20316	28800	1897632	3d6ec497aba190d1a778d6e5ee717e753fbb2c04928a0135b8746c0b463ed81b	f793345925a0d7bdce91be770f3c4dba336c1e7cee9bcea7a604c2440aa9d855
25	train/0002-03/E3SM-MMF.mli.0002-03-19-37200.nc	20319	37200	1897632	0eba902adbeabbad925a754bdca32519efebcc1c10d542f94f57bca30438d674	7128b1f0433ce3af777793495dad16ad1230bffb0b557e9b1545fdbab56de2a3
26	train/0002-03/E3SM-MMF.mli.0002-03-22-45600.nc	20322	45600	1897632	1d03c4d52fe1d3180477ad4456380246e6a01823038c24f2dcc2cb4f5d0a1bff	cb48a37aada4eefdf4fa98e8760349b68b13e8b9d41f82eef28134daa86170e7
27	train/0002-03/E3SM-MMF.mli.0002-03-25-54000.nc	20325	54000	1897632	659d92a3b7e5b6e606f34e1baaa5acf57af4b19fde5b2e435a4d5301cc3b24cd	500ac938e6e89c397ad57264dc784d0914bc7dbe23aae215f19cac7a3ffc745f
28	train/0002-03/E3SM-MMF.mli.0002-03-28-62400.nc	20328	62400	1897632	76a86555c1130ea6316e8b2d48d5e8702d009d70ee5bd23f30b5fd3c07f5517d	5e65b0e3dd6e1c6b176d83bb5c85231c4a57be6b05c3a9e3e1326f96eeea4c5d
29	train/0002-03/E3SM-MMF.mli.0002-03-31-70800.nc	20331	70800	1897632	1a16db3eae4255ef3583b8fce7b13a5f1ad8b2af766452ed01ca2d6d2fc4998f	c49124e8163a769cc54245fdbc0a42fe9461cf0b2ca2dd7876cd5118a249bd30
30	train/0002-04/E3SM-MMF.mli.0002-04-03-79200.nc	20403	79200	1897632	b3bc8f565fa9d1e5404e7134ffde569703768af32f6e90aa799b2787fd95ca73	517c0e5d2368502ff2ee2db20bae5567dac2c3e02f535c506c864fad6dafc23e
31	train/0002-04/E3SM-MMF.mli.0002-04-07-01200.nc	20407	1200	1897632	0973827d39082b4e2761acad21b1d338fa24889102620b032887da9d824fbf97	4e4998da3ea210e7656f13d487272ebac34fdafad1da7026551d1b5ab49764a2
32	train/0002-04/E3SM-MMF.mli.0002-04-10-09600.nc	20410	9600	1897632	0cf4ec6a4adc60bf3d218c16f75d8351ec14e9e44ff46d842de7abd620e35ad0	6d7f76c581956b6c94b01a50e027889ebada366d12393460229a5f60e6ecd6af
33	train/0002-04/E3SM-MMF.mli.0002-04-13-18000.nc	20413	18000	1897632	8b10979bdde7ce5eca8eaa652f1935c2cf727db80a57a4cfbaf7e46f282349b8	871d9826eed59773cfd14544ec2939cb96014bed49cb0702ad086ebb562f7c5f
34	train/0002-04/E3SM-MMF.mli.0002-04-16-26400.nc	20416	26400	1897632	ee85b59c86304ca7b8f3bec330bd51a3b0401459fb7a3ccb04af33730d320390	112a5510ca8c02c426c8bb61fbfc3fb42b9f94515aa02f7d009fce30576f65d0
35	train/0002-04/E3SM-MMF.mli.0002-04-19-34800.nc	20419	34800	1897632	e4334ed9e342150d0f3a87f579edcf6675403968415522abb5d3720600e36314	56ee2cf89127769b1b0f8b801437d73fd55a809421e01d846aa01bba67be8763
36	train/0002-04/E3SM-MMF.mli.0002-04-22-43200.nc	20422	43200	1897632	9e8d6e8d0b799e233a5b378a0410dfe13523e15ccb2d2f2fa1f674d0733ccf2d	221d230015d3ad879adfef48aaa254626762f2389e8cf0e93e400b523ed26f9a
37	train/0002-04/E3SM-MMF.mli.0002-04-25-51600.nc	20425	51600	1897632	51573c00bcd6bea07042d5cb36f4a1ceebd8065c506c825da06a27eb748361cc	7db640a87681b9aff265bbd5036debe46987a69dc66c6dd3129f65d438e021fb
38	train/0002-04/E3SM-MMF.mli.0002-04-28-60000.nc	20428	60000	1897632	98e5ab41c16b33078f99acaf303b0bd0f1f8d085dca901d5a61d0694d452da3b	d425297e1b5c1ad047f0f3376b8b6e548d1e16d4587ac6a184cd3ef3f93b3a34
39	train/0002-05/E3SM-MMF.mli.0002-05-01-68400.nc	20501	68400	1897632	30c12c8fcf4054a66c80b4196f41333fd1349ea0aa5b4df46cddb1e181b3b05e	c31472325543877a731413c3bd06265ee005a3723f353d5bc59ff48c76a7e6fb
40	train/0002-05/E3SM-MMF.mli.0002-05-04-76800.nc	20504	76800	1897632	14fdab4d2299c8759e5c7edcb5aaa2b4433486f888d223b8101529cd6e6341ae	0fe2390056ee8871007ed9a72f870bc94e62ed1345da640e4f0f4078a5df2a89
41	train/0002-05/E3SM-MMF.mli.0002-05-07-85200.nc	20507	85200	1897632	e337cf5b0514fd6981f1ead85c3b4d20aaea7c9149f7556847b90484b9429ee5	e88d44dd3838d4b4a97c3dbe64e869e156482283183d189e3a0efc411aed6618
42	train/0002-05/E3SM-MMF.mli.0002-05-11-07200.nc	20511	7200	1897632	4107851150ae36d1968b635797f070a157ecc15268e416b1ea01ebfb40b61251	e22d40d9ae3f71b7768a9e7fe273ba5531a5270b7741d16792cba561af203190
43	train/0002-05/E3SM-MMF.mli.0002-05-14-15600.nc	20514	15600	1897632	33fe57f5492c8ba5c0dd2b2d59a8ada39f17fc056a1adc628aaf870f6258346f	c2f9b4d1458ef146fa43239cbf561423256e66a20ce7efcd579764e46cc15446
44	train/0002-05/E3SM-MMF.mli.0002-05-17-24000.nc	20517	24000	1897632	7ac3fc4a93e9cec5d3a3a780abc3ee159c952dda69379151f8812106c76eee49	6eaffe870f6ea3058bfab9884ac2240449acec43643fe77fd415d56c160f4610
45	train/0002-05/E3SM-MMF.mli.0002-05-20-32400.nc	20520	32400	1897632	274506c0c6f9b45ed84d417e79906b9db28b3610dd2a37c73f19df0259f54b24	e3ca248612eb642e155bc3c3b6211038221de7ffe08a04f1df32012b978388b1
46	train/0002-05/E3SM-MMF.mli.0002-05-23-40800.nc	20523	40800	1897632	b6d50a971d69dbb157dd2a9221cbe70385646f44d422363ad2178f094dd948cd	89961f31137125d83cb1cd327fe35aaa22605f46e23f8fb74a26d9351d9732be
47	train/0002-05/E3SM-MMF.mli.0002-05-26-49200.nc	20526	49200	1897632	66b08be9302c637ae08cc312de4ba11765911547658b09866454c96d26576d8b	a1855106a27313626de5f4b4e81b8b1e959e7327c0280870e794dbbe02a62df1
48	train/0002-05/E3SM-MMF.mli.0002-05-29-57600.nc	20529	57600	1897632	4c173c218a0d7d997112fbd9d74a5dc8c64d257e00fe076baf3e947dca3582b2	91dc112f09f103b4116a8d843e84ae84298fe6aca2241179342789d98461b5a0
49	train/0002-06/E3SM-MMF.mli.0002-06-01-66000.nc	20601	66000	1897632	5dab3f7c58af05d409fd18d577ed91d57841d6c818590fdeefa9d6b247ed0d91	248a1770e2f19a5c94f9c0338cc3fa0854742349f51341aee6c7a34501e14eb4
50	train/0002-06/E3SM-MMF.mli.0002-06-04-74400.nc	20604	74400	1897632	ee5c6f82f411fbc5e6738b9490c9c40cebddcac8bfce961a8697fddf5867bf86	ecca5baa2e92cf4ddb83f2fb17d1562cb1df03c216c43aa2ada8afaa7f08a987
51	train/0002-06/E3SM-MMF.mli.0002-06-07-82800.nc	20607	82800	1897632	42b8c8587fbff5fe51e9a609ab02c1cec08e9dab951ffae9c68683d2b961d162	5512a1fac6c8c2a6b219d5aa08af820f72f8064224e658ef251e88f8e5747248
52	train/0002-06/E3SM-MMF.mli.0002-06-11-04800.nc	20611	4800	1897632	2ad902b1880351504850cd320a9cf621e5d8c2023c9d293689a3587f4ef09cc9	bba6784f7166622aebbc01cc0f138e48e2d201ea71f403495ffb12f8b3ade487
53	train/0002-06/E3SM-MMF.mli.0002-06-14-13200.nc	20614	13200	1897632	a48cef02e2fe3a7ac9d1b12b2880be29dd5c9118d4017f0a1ed552fec58b5bd1	d62f04534a495701e88726f96b06f744292b7fa0bf10b6ed1976bee267df0cdd
54	train/0002-06/E3SM-MMF.mli.0002-06-17-21600.nc	20617	21600	1897632	c8bf1053278f71f7207aed7a06849cb0a9238a9ca27a5d63ca43f6db50558fcc	5c299d476a48350d79070c81e4dd7ef434266af3e775683c190612cffeb6727d
55	train/0002-06/E3SM-MMF.mli.0002-06-20-30000.nc	20620	30000	1897632	61f37eaf68966151b4ec291a98bce59a64c567be05ee316888e8dd0e0d0a826b	8388bc0aae6e481b91e97b4d071a85fd5c56785e3192aaa293e7c8a864e684a2
56	train/0002-06/E3SM-MMF.mli.0002-06-23-38400.nc	20623	38400	1897632	9655cfbc9bc16d8836a783960b8654c9047da0f8b4b939a33235e92f18f44a3c	08bccc1b68f386226842645ec9edda6492ac6f48c8323a7874f6a7cdb1f696d7
57	train/0002-06/E3SM-MMF.mli.0002-06-26-46800.nc	20626	46800	1897632	7bbdc5db8e773608cdc1716bf21cd6d64437ad58edc1c17f54e5df5bca55a7b5	f8a16498d73dbb0a3dd7da89495d77f56b87183d91a494473bfdc5c705116f84
58	train/0002-06/E3SM-MMF.mli.0002-06-29-55200.nc	20629	55200	1897632	784a074e1e99cae4e5a691714e9ec7ed59ee1412d5d361da2f86328d9605291e	68b8ebc782b73de6647cad6d178db3d69a140a6c9de6dee8c27f5925c28890c7
59	train/0002-07/E3SM-MMF.mli.0002-07-02-63600.nc	20702	63600	1897632	c2f08a0a4c24613b414914b98dd63e51fe6ef79188b5bbf4bb8d50c04bbe3a3a	ffb2bf79622f0fc79205c90ecc930d819df86fb62e6c32d7a55efdb90908aabd
60	train/0002-07/E3SM-MMF.mli.0002-07-05-72000.nc	20705	72000	1897632	8cc75b3583310b08ed0154c7637f02f4c390608183c62c394b68f55f6b8825ba	fc51611ae699d08768af02ac81480f74d259c27b5b787e43a29e13c59307a314
61	train/0002-07/E3SM-MMF.mli.0002-07-08-80400.nc	20708	80400	1897632	480054be6429959e48d65bff697892414a2a6c36daee04c5ccebe7005c618f23	cdde9959e78c1ba19eb74a84cee62fb494ecedb6df5f108b77f836b46abf2cd7
62	train/0002-07/E3SM-MMF.mli.0002-07-12-02400.nc	20712	2400	1897632	9cbacf547c3347590bbfa80d018cf535818816e2b9b2c442022101f3b47fb93e	bdb3d8234caa53c3fef1ef0d12cb229453912b0b69ba6ca4bd5614df98582d57
63	train/0002-07/E3SM-MMF.mli.0002-07-15-10800.nc	20715	10800	1897632	46467c00ddf1c49149f2d8cf2359deda0924a3474a7f8618168242408a1a9f9b	bbf9b88c4877415edb3c151de0a21dd76f51c236120ccf8f81a8cc71a509d76e
64	train/0002-07/E3SM-MMF.mli.0002-07-18-19200.nc	20718	19200	1897632	01dd9de0d5ee27435a02f7a61a76dba9befa3e71548280fc19fac93d4dc30373	7c9f732edfaf006a911ec22bbf4fe66216a87f7c688346949109d438a1a9078a
65	train/0002-07/E3SM-MMF.mli.0002-07-21-27600.nc	20721	27600	1897632	63cc764a59af44fcf93599af6729607b6e0d7899f2112f12dd22b6a17fbdfa92	00b1e60fbc124b571dafe999d5a107e29b44e45b15bdd5aa60a90938dfdd4def
66	train/0002-07/E3SM-MMF.mli.0002-07-24-36000.nc	20724	36000	1897632	140c16098ce0c60b5d6830cfb32a950142523f7aff24442f989fa6dd1da91c79	b7666e683442cf0129081da973f9a70abb58f12171e8d91a9560c94a57d22302
67	train/0002-07/E3SM-MMF.mli.0002-07-27-44400.nc	20727	44400	1897632	560ceefd16c9e5851945ca04a1cffa74c6756016848b1abaead1aa6af7c3d672	0570043443024c347eef5e159cfefa712f87c14560cdff4a02cb2f7dbbac7a12
68	train/0002-07/E3SM-MMF.mli.0002-07-30-52800.nc	20730	52800	1897632	2186613dd754034b71a91ea52e7a55b22e23f01edd1008d01b54dde704cf4bcc	1b78cd267598e099c6aee486bfe06c8f7dd10a8e030ba737a767390d9a018593
69	train/0002-08/E3SM-MMF.mli.0002-08-02-61200.nc	20802	61200	1897632	6dee0df83c4bbba51e2e755c6a74a9347ce79cf01bc965bf3da2b6edeb8bf21d	939254f07e131751b9c7b6d3acb6d652b6c587711690251cc3aa7b13a205dc22
70	train/0002-08/E3SM-MMF.mli.0002-08-05-69600.nc	20805	69600	1897632	17df87f9dde7e20ae6e4b79e5c4a5984eaed6e454611a455da21206eb4507735	bef040141e00e3d8eb834fc3c4f9efbf7e5f6d31cda2a54b1b00999d46d36bdc
71	train/0002-08/E3SM-MMF.mli.0002-08-08-78000.nc	20808	78000	1897632	cd77523d769d39eec32c58f16fb2850ddb704f50cf6d4d1f0927684697237075	8c7704cf3e62ec4bf2f11045be0f88ed1fc8df00c494c1d29d48572ee01e18bf
72	train/0002-08/E3SM-MMF.mli.0002-08-12-00000.nc	20812	0	1897632	c9e975a993f5ca813f092d81d13c7bb53701f85e2ac904e1942e1a6ffe713ff4	600d62da9c1fd2545c6affeea4dcaeeccdeb684a3207d420540d2c2483b7e0d0
73	train/0002-08/E3SM-MMF.mli.0002-08-15-08400.nc	20815	8400	1897632	77161b5df9ac4cdf9d7a505ed06f5f66f2ac368d9b6aa06a3a36f007d73a498b	7a67a175c8ea6131d773cefee6a6fa84aeda1144863d76b242b1bb33235b10ab
74	train/0002-08/E3SM-MMF.mli.0002-08-18-16800.nc	20818	16800	1897632	ff4f19a9135fc3289d9c9fe4762f2c72b132e019a82908fb5269d4e7ff998c72	b79275963394812ea9b1f6e986b615e45759cd0e0db80c3c01b7f81d1069b177
75	train/0002-08/E3SM-MMF.mli.0002-08-21-25200.nc	20821	25200	1897632	1300a8be14e2727ecd0c9efac3782044d823e2279c5aa65e17504607722cc621	d228f8f59f3a7f055f532fc57a6fef030f337877c053b1111fffd59f3ad32427
76	train/0002-08/E3SM-MMF.mli.0002-08-24-33600.nc	20824	33600	1897632	302a29ec4222b43a04e74613a2ac6c1bdaf36f9ea1e9932f9164cb57fdae9e62	7993827d682ebab7f887edd2287060706f1dd46479ed00ada560c8b075ca3501
77	train/0002-08/E3SM-MMF.mli.0002-08-27-42000.nc	20827	42000	1897632	c37d8cc9c281ceb1853c012eff6beeb8b7457c3042078289229c468f180ac044	9839a043f1106fd2b515c2490b2dd0a63b3b92632a3a3556472e2ec45f29401f
78	train/0002-08/E3SM-MMF.mli.0002-08-30-50400.nc	20830	50400	1897632	b739fdd07c7284e7fbd242a4b18e2f43ab3677f50b9efc6ee3ded59c2ea8bb98	45ed1bb7ca9b5709fb647aed1400d1f3d9e88667a158d3f7896a2f38be03bdd5
79	train/0002-09/E3SM-MMF.mli.0002-09-02-58800.nc	20902	58800	1897632	916d656d3ed094de37d4c619174a222758c0af02064039f5f879729902c6bba6	c993905df74f248e486f9efe3dd6b8191ad01b13275660e978fb0dafbf27c262
80	train/0002-09/E3SM-MMF.mli.0002-09-05-67200.nc	20905	67200	1897632	9e3104492fd537c67909a03eb8761693b2f55b3aceebea8d67524d6d54dd0ce0	4fd0ef0ffb635aad0acd1dabfc42add7028ba9617507d5be788b2a6b3ea0e1f8
81	train/0002-09/E3SM-MMF.mli.0002-09-08-75600.nc	20908	75600	1897632	25c5b4d1103dc154fa9425cb760b48a69858dd21b832c2b6104b16aadadaa852	cc40fc2f88639f32a99ca23d05d7b38f234619e0a993e4d661cfb25580438a30
82	train/0002-09/E3SM-MMF.mli.0002-09-11-84000.nc	20911	84000	1897632	b9289d4e77442ee5bba2bbad9433a6a0a8c6c487f50f17d776a59d5782eeebd8	3bf9d0e0a80b62d465f1985c80eaf0703d401331853a0bb2198b8eeac28320fb
83	train/0002-09/E3SM-MMF.mli.0002-09-15-06000.nc	20915	6000	1897632	cff71a69214175ef01170d986aef8696e4f7070d09e7523e815054a842ff6406	78bec83a31826a480c18f4107e44de4addf3ce40ecd0dd543eb94bd320d75c6b
84	train/0002-09/E3SM-MMF.mli.0002-09-18-14400.nc	20918	14400	1897632	a8b45bea6ea8e62eef7bf79ab7beab87d580c8583eb3c6ba291cd7a052ee9a0b	59eb1c3855c8586ca183e405bf5c242aa67fb6bf685a9bcb0041078c534eddf0
85	train/0002-09/E3SM-MMF.mli.0002-09-21-22800.nc	20921	22800	1897632	5098f01b10071968db23ec7d76fea85cb2762d5ebaf8aed94bceb2a023c5bfe5	37d70bb966dd4686fd329bd33a3f43464147699e972a041905496e4dbb1a232c
86	train/0002-09/E3SM-MMF.mli.0002-09-24-31200.nc	20924	31200	1897632	9afcf4004b365d7b3070e4f32adcbc27e20c8dd3c4de6366f8ac939a0a1cfd38	c601a7ef6d630c4c54bba99406882bc319d8b51f9fd9d44dd359c5287ae486ca
87	train/0002-09/E3SM-MMF.mli.0002-09-27-39600.nc	20927	39600	1897632	ef5a187ecc29e47673507ef6a9e41e227f0bce33e0104c0f810fcd5b40ed06ac	c83d4e3eb308bdf680d537a6f188a495a62726aa9fc2df3083fe7cda6394ecee
88	train/0002-09/E3SM-MMF.mli.0002-09-30-48000.nc	20930	48000	1897632	3f49f7477104a3475e17a3784ae9d6b64c081adb37d4512be05815b68d85d77b	628a8bea1ef32354fe92a20a51e72eaf364c4214f5d20f37dc9e3a98ac2f2b23
89	train/0002-10/E3SM-MMF.mli.0002-10-03-56400.nc	21003	56400	1897632	f02cb9d5b1daa5e1884e68ecfb876086ce48b6eed645bc1c2932af64e2d84fa1	aefd63f380f208bfd42f16688a3c978733070d62b070d8b3598b82ef71cd9037
90	train/0002-10/E3SM-MMF.mli.0002-10-06-64800.nc	21006	64800	1897632	3fc97d19b61795249476f5d321244ada6eeccfcd913d92208e209e8d47806064	2ae182cb1ebecd670960bcbcba97c8a1c3f5eeae5be5fa40d2030e40e699f7a3
91	train/0002-10/E3SM-MMF.mli.0002-10-09-73200.nc	21009	73200	1897632	9aea5ee54fd77f39c9b7737a70f557f669f3202cfd217e7db428fc8f769568c6	5db0378e35aaeb841b1fee1291bce901fc78685c1434f5c4cc04e6aa31e1715d
92	train/0002-10/E3SM-MMF.mli.0002-10-12-81600.nc	21012	81600	1897632	bd5ccc518237d409a1b432b5af21267b40b7936ffaadaed082c273232758af34	645cc4dd31913a1795b2e67194742d4573c843deb05008a7c68d9085428994d4
93	train/0002-10/E3SM-MMF.mli.0002-10-16-03600.nc	21016	3600	1897632	104c5ce7abbb5831cd993a916ecb86cc81d7af5995d787968a4099f7aaabe440	de0b232d18775f2c8510b97b183d00e2db6d795dd8da5c3b439c671110fb8f04
94	train/0002-10/E3SM-MMF.mli.0002-10-19-12000.nc	21019	12000	1897632	b052bb37a19bf9a1266ca9981437d54a6b753a3aef9dde65a298d348314502a3	c7e5e12544590bca01662ad12f3f007737862a377d58025fac3e81877f364708
95	train/0002-10/E3SM-MMF.mli.0002-10-22-20400.nc	21022	20400	1897632	c6fda029321f2b52cdf104aeb16f84d54293e8804bcd6043e6731e409518edea	b16057455bc149d108ac8169f4d4abfa47ef7a6e9f2451608d66d3f4ac2a3891
96	train/0002-10/E3SM-MMF.mli.0002-10-25-28800.nc	21025	28800	1897632	d82922e962772fbeb11de10270b7dea7fc260c4c1d572f6b04d0171e0799e32e	122527a4cd3e4ac5d6c8d83d3b3e92b38da6d78d58c450c0de152771b010a021
97	train/0002-10/E3SM-MMF.mli.0002-10-28-37200.nc	21028	37200	1897632	64d4daa5900ef8d9fd0ffb512bdd78d233e919fa3ba0c230f459c0ec8212fa64	c411754efe6530572f35dff2d9fc58daf3574f0d940ba2cd8ec6591e782b51a9
98	train/0002-10/E3SM-MMF.mli.0002-10-31-45600.nc	21031	45600	1897632	042ea3fc5641093b3d748d8c59cf4a86c0823aa113c00e29cc0ad25bb4fd0955	614dabb0fdd5e48a4f365c1a3bfef780b1a41949e27028ff1d171efa8d912b26
99	train/0002-11/E3SM-MMF.mli.0002-11-03-54000.nc	21103	54000	1897632	e38f8012cdad85974fe456e5065276a7d194ed996a81c07e6efea604c10cf0c2	5435226e5c3476ff029ef592c6c81dd290bda6614bf2d0868e950b5560749cd0
100	train/0002-11/E3SM-MMF.mli.0002-11-06-62400.nc	21106	62400	1897632	b8ec47bc65c3825f75e5900ace524b76dd30d12e34319ae5fd667f94ee727f8a	1dd186d195ef676194a080d381d1befb22438ecd8f2b66e51465b361b7dfbce6
101	train/0002-11/E3SM-MMF.mli.0002-11-09-70800.nc	21109	70800	1897632	fd3ca452f70dcff50d35e32342473b0b93931825101c4ff3a90be46678fe67a5	73dfa263f7e0fe1aec4eef86db7b0ecbd78b4a941cbf1098bb739ef7a8893205
102	train/0002-11/E3SM-MMF.mli.0002-11-12-79200.nc	21112	79200	1897632	556dc2c867fdc863bc49ff05b2884133294cd2f52c9c1daa35eaca65093d50ec	f499c3567cfa65454a2da75fe39bcbea5d06374140f0c07bd341a269b6ff272d
103	train/0002-11/E3SM-MMF.mli.0002-11-16-01200.nc	21116	1200	1897632	b827eb6fa46c3401aef37637f913048faae122315969648a92367881e7cd7031	c703796c3064e6527a20a3873559a588ce23c97769bce54713a0af6d3a69d9ef
104	train/0002-11/E3SM-MMF.mli.0002-11-19-09600.nc	21119	9600	1897632	03b5cb6f7c75eba1a722d94caa65c4678579ee3d96c0c65620f19eb0c823a7fe	323bab31f6399419baeed14c8cdf159de1366a66ffbcd784427d57343314c728
105	train/0002-11/E3SM-MMF.mli.0002-11-22-18000.nc	21122	18000	1897632	861554efe814b58f8efbde44e860db14fb7ebe473e8352e5a84e064f75a82904	2fc30828a363a613e72fa41618400a6d77c4c019789deb1bf03edf28e612f56b
106	train/0002-11/E3SM-MMF.mli.0002-11-25-26400.nc	21125	26400	1897632	f1ca511566c577d3f0da12923b4f48c1df7883b0c8e49438ab123fae661f347a	fb86d124fd4645eb69465249f3ba3ebe96ad265f8430f90a0d745db6f20724f9
107	train/0002-11/E3SM-MMF.mli.0002-11-28-34800.nc	21128	34800	1897632	8c6f35a15979b9015279ce3a83766cf9cee3b39f2fd43c86117843c76ffb3874	2b7cf36a907bba107e9e1f549ddc84b6e60e75b16e4f9f5c37b7ece0856dab49
108	train/0002-12/E3SM-MMF.mli.0002-12-01-43200.nc	21201	43200	1897632	58c4123bb173f20ef27db663e553f0372bfd9e54c9f71deeea3935c6ad097d3a	24f0058478bf8dda7784610d8de0dfd9442fe5ce3f71fe6fd62c84dea480dff3
109	train/0002-12/E3SM-MMF.mli.0002-12-04-51600.nc	21204	51600	1897632	4a6f5a1aab12a0cc3b20394b9afe949396d319bbcf17551dbc37e5569be74a74	d420025f2661e3ea296878d3f6a73f97ef866e7497cd6a9fd2714c94cf44a2da
110	train/0002-12/E3SM-MMF.mli.0002-12-07-60000.nc	21207	60000	1897632	3ad2cdd2006a2b3a5a5e9ff6b7974ee2fb1c272c4ae76caeab0a45862bc75c97	b9e17573263474040150cf373ffe2102466493abf787c8bb134802480e762e96
111	train/0002-12/E3SM-MMF.mli.0002-12-10-68400.nc	21210	68400	1897632	5c05c47acb7a205a563f606a3c2f93c5fb5711e409dd2161019770e33c15aa08	587bf3f1cad6f80779005ff6ab093e52f26a1d7e73a1afde1d74269eabad11fc
112	train/0002-12/E3SM-MMF.mli.0002-12-13-76800.nc	21213	76800	1897632	fc6763645842fc237d1f91e9ee8583de9c9b8a62303425f27c2999f70b91e1d7	51097e9e9b32cc194384f2376c4b2c1ffa5ec5dfe9b3cd11c96211020c2c534f
113	train/0002-12/E3SM-MMF.mli.0002-12-16-85200.nc	21216	85200	1897632	44a13159926e87f607b7910db12396b46a606a6bab1a899efebd4d740dd6ac1b	c556578e1018ac0face7f623119c647d0a165fc242cced78786c05244ad249b4
114	train/0002-12/E3SM-MMF.mli.0002-12-20-07200.nc	21220	7200	1897632	4e1529d5b6eb9390bdcaa0c4e0e2674fd21dcf95f1ee68172f613781d5ddc710	be5454595456057aeff9493571cc7c3de13cf1ec60318f3db42e8b862125fd83
115	train/0002-12/E3SM-MMF.mli.0002-12-23-15600.nc	21223	15600	1897632	981f535af88c6ffc8c806e1986ef0dd0fbb700950cca2bf15efb9ddfb0c2a41a	ba207eea4e07990d380e522cc9f9a55622ec24fff7ed91a5847258a4a497c4f5
116	train/0002-12/E3SM-MMF.mli.0002-12-26-24000.nc	21226	24000	1897632	e8d9aa501580244b13bbe772f1f87610629efdb05255a75a7da8b091efad1cd3	e8b1772df8163b887fe5db42377318eb7bcde5ec72737185956fd640d880f91b
117	train/0002-12/E3SM-MMF.mli.0002-12-29-32400.nc	21229	32400	1897632	7d1395f002b7c6b7566dc52eb190eb8cc126a95388de4bd0fc4948baf30aaf7f	3029d47cf3b09b01bb2188db7407ce429ae150b44e4504d771d740ca1aec9639
118	train/0003-01/E3SM-MMF.mli.0003-01-01-40800.nc	30101	40800	1897632	cdce819e65e129a85992572cc7254f01887455dec13b84731a1c11a558a7b45d	a11956f6ad3f42684e391a970b9c4c77d98c86a688f55aacb0f75a14c5507d1f
119	train/0003-01/E3SM-MMF.mli.0003-01-04-49200.nc	30104	49200	1897632	fff208910cc8b937a6c88cf6ec86ac9cbf7faeb4fd7e1add840ac77a6ed5d0f9	462939dc3810816175978a7971b01a0af4d6a9901d18c54f809b340c2a8a1a8b
120	train/0003-01/E3SM-MMF.mli.0003-01-07-57600.nc	30107	57600	1897632	e74c4a534d3fb6db185ddb1127ccd09123f323444d407f387a7a65a242d00596	c820f53b22d8286ce7c98e0fc8812c45b3270d3b553aca08ae9630d9aec7e713
121	train/0003-01/E3SM-MMF.mli.0003-01-10-66000.nc	30110	66000	1897632	c331d0b82148eef6ba927429a6c2169bee08222e7e162a60278e8e90a2a89e0e	ca40e30d1367729bda9f868abc2464979a473b9ebac9ef23f57641c593b54c3f
122	train/0003-01/E3SM-MMF.mli.0003-01-13-74400.nc	30113	74400	1897632	e2dcec8b5e845333321734691e65b4b06b902898f2dccef9da5f3282b47c23ba	00013894635555667c6b1db231234b283b302bdfeb3dbcbb1870b8bd443aabaf
123	train/0003-01/E3SM-MMF.mli.0003-01-16-82800.nc	30116	82800	1897632	6d79e01f340f0788ec6cab8236f13e79627799d016837ab30c0c1d186b0fe43a	03720ce29f47369f8ee924bd572ee36c69e0a5ddecebd3263bf1ad09f2f0987b
124	train/0003-01/E3SM-MMF.mli.0003-01-20-04800.nc	30120	4800	1897632	e50cd17d3a4d94b98fad710c5e8b1b8bf299a58a39e7b269d21d47442fffb7b7	1206f8808f764abfbc23856e592b732c529bdf576602d44a0b4acb120e6de210
125	train/0003-01/E3SM-MMF.mli.0003-01-23-13200.nc	30123	13200	1897632	f5ab8530ea8f2ed75f13a9dc81fc7197c15eff52879194cd6ad773fdfedc57d0	3a8c8d2e8e7cb8582cc23124270c1d6cab5a83b5ce267c3bcf15e8f35f68c347
126	train/0003-01/E3SM-MMF.mli.0003-01-26-21600.nc	30126	21600	1897632	aad866d5a469d0b6cb4f9249ea14de801716cb6d2d7558fa4060e5e1648478df	43564fe7f580fc28e08cd49c523f2df9abd5646e8d10937311682a6db3b20ddf
127	train/0003-01/E3SM-MMF.mli.0003-01-29-30000.nc	30129	30000	1897632	aa63bd9ef954c872b26459a4e6313d106d02880e7b814c6b1d70b5460074470e	bcbb3a3c9abd52e0b417bd55185eaa557220e800e1e349a992ace6bcd2bdc355
128	train/0003-02/E3SM-MMF.mli.0003-02-01-38400.nc	30201	38400	1897632	c73039458c5c6c7b81520ea7a9a822fdcdb17a35fe540b77f5557473fb8a7b51	c3db087982fd7a69f95e51b67745c8478e6abeaef549139960800eda0c50a1e7
129	train/0003-02/E3SM-MMF.mli.0003-02-04-46800.nc	30204	46800	1897632	5c4d572c73c43c7a1a450411327b47ffa79111cf799afd723e843b96cc59a49c	cccc4fc3d1ec4380967243b6a841a0d9da3864e339fa15035354321a37946f14
130	train/0003-02/E3SM-MMF.mli.0003-02-07-55200.nc	30207	55200	1897632	c4f4591d8df22e8e6d3dbd054153995a2344a90472d79c0fe2bf188b2465d793	1c162e944532fa5150ef25dc3bc953b08b930b4bad97a1df71223e6d0cbec877
131	train/0003-02/E3SM-MMF.mli.0003-02-10-63600.nc	30210	63600	1897632	712aaae9db767fa483957b9fbfc03abf955142e389599502c954e793273cd347	28a68fcf5006b567b7023363deca62f86a65e9dd436e2b6b805a56e71fd21157
132	train/0003-02/E3SM-MMF.mli.0003-02-13-72000.nc	30213	72000	1897632	ee64055d231a33645753c2cc04beff6fe9936e5ef545f3c9a338f02c4eecc1a4	3740b9f27c2953d1a8682a0f0c77d7fc19d9055dc4ce5ce6cd1d3652e24b38ca
133	train/0003-02/E3SM-MMF.mli.0003-02-16-80400.nc	30216	80400	1897632	12bce51d42ca897f9b18e26920148647efef120906838691e855bed666841dcb	bd4b9fc26e5541dc8f7f20e1f243ca3083b9d4d5a0eadc8e8436a3b775703456
134	train/0003-02/E3SM-MMF.mli.0003-02-20-02400.nc	30220	2400	1897632	2a1e9daec91e6447c2b77f63ce75c6a307fcd9ac1b3ce9555350830703b7edae	aa913ea29527b9c9322814fcf5f62fed53f1f9fceded7ccd455737612c9bfe9b
135	train/0003-02/E3SM-MMF.mli.0003-02-23-10800.nc	30223	10800	1897632	f837be8e3857d50e1c86d5c4293d7bc8e5d4f78d8efc38a80b4abbf440a9d430	0a00e376fe1c0258cabfda4f79d92fe4c415d3c67d3ab78e5ac2a904c1187d0f
136	train/0003-02/E3SM-MMF.mli.0003-02-26-19200.nc	30226	19200	1897632	39b78aff1dc8c7cb85c2f1e909bf1b4282fd1c315b9dd439e43833655e631ab8	8fb605d4344822953390ee23ad2cd49efb261e805384a4deaf900b025a8821e9
137	train/0003-03/E3SM-MMF.mli.0003-03-01-27600.nc	30301	27600	1897632	865bbd81cb83163ef10564ba55965eaaa02317d74c74061050e1559bec2ea33f	e54e2a9209192546d2b4bbb0c96923abd1ba246424a9ee61e9ca571410efad3c
138	train/0003-03/E3SM-MMF.mli.0003-03-04-36000.nc	30304	36000	1897632	670dd900f40b0a3d3b611dd433833d6d19863fd370ce0eac8c14792d37d7c6db	0d3ce912d90674faaa406dbd0264d2dbb63572138ff91506137ad39530eff9bf
139	train/0003-03/E3SM-MMF.mli.0003-03-07-44400.nc	30307	44400	1897632	18d7a7a7f315dd42e796d50150b2addc1fa3800aae28eb612281d8ec1ad77701	e13a83e979fb9c2740f52cd9c9417e676b6f6d2e91ee075f1ad42e807d48fcdf
140	train/0003-03/E3SM-MMF.mli.0003-03-10-52800.nc	30310	52800	1897632	a1d10bef12c662eef17a3708531010f197a4d78f00774fa8a6dedee88c59c139	e6c49418e369ebb0b860e00baa2a7749f2001de815e62edc665a0bfed74aa3ca
141	train/0003-03/E3SM-MMF.mli.0003-03-13-61200.nc	30313	61200	1897632	7f23ae0b275996e2f9a88dcc26de3fbbfd400dba9fd5449dfc852404f789fbea	1d91d346849bea506a45a6baec606c30e5ba2db21a9cec336846d598c9c38568
142	train/0003-03/E3SM-MMF.mli.0003-03-16-69600.nc	30316	69600	1897632	80f9dc81be6e8d276e03778170b44e9e4bd7d34025e484d1831afd181f75d67d	7f345effc01b1bb1ab20a1ab6eecb325b9ab6e96ee11a2e7080ffb83da57cab2
143	train/0003-03/E3SM-MMF.mli.0003-03-19-78000.nc	30319	78000	1897632	7c553a0ecf8da54799fd66bb31579bcdd91fd4f19d90a5c04731e4414d9b05a1	eb51e61dfb613a9e9393956bd303cb0d64fd655276ffed6b5410047eb9d30625
144	train/0003-03/E3SM-MMF.mli.0003-03-23-00000.nc	30323	0	1897632	f3cd7be641618e51194c0133b19d24bc0052a9954a9c534fce7bf7e93b6be444	8cbe9ff84388bceddb671144bfa7edd07ed1fbb32876b25e2eff6f59ac28d1c1
145	train/0003-03/E3SM-MMF.mli.0003-03-26-08400.nc	30326	8400	1897632	6862b78eda176789e12c699b4f43ee1579fa63589fe04fe82b8dcc62c3380a04	6501f9e6291724653a2fd3d25036b294a0d11f6f26a94d15963cabf240c3ea62
146	train/0003-03/E3SM-MMF.mli.0003-03-29-16800.nc	30329	16800	1897632	2381308a6a35e3a8b7383fd6b2c6b50cd55e8f2ff692378be8003d528750a5d8	5a3fe09ab17a2825e59c7577b8842881762f2365246dd0489d7a0d5b27ebc089
147	train/0003-04/E3SM-MMF.mli.0003-04-01-25200.nc	30401	25200	1897632	5c25eae8c3016b6cb62fc9bf5bca1a287e76cda37fe995387d995ba3b95e23bb	d05114d437c44fe5c4b1dde3a399de312c6107c90015cbaa0fc2ef1ca1d65631
148	train/0003-04/E3SM-MMF.mli.0003-04-04-33600.nc	30404	33600	1897632	9f96390cc4897251a7d82eb275e124a8b1b56307ed399ce8b152d16862325c03	5e21f16c9cb7b64bc0ab7d1ff9c3e4264d0bc0f7f3acf73c792c2de044143d3c
149	train/0003-04/E3SM-MMF.mli.0003-04-07-42000.nc	30407	42000	1897632	4b7bfe65740bb682295d9c86e5eb3157325fb50cf9f2b395d3fc987f0054a024	fe6725a37bdb792757b6509a5795688fbbae99d326a451cc549307e17c057650
150	train/0003-04/E3SM-MMF.mli.0003-04-10-50400.nc	30410	50400	1897632	8e605966ce7043cf77ca1674d6731d14751284f825836d10a321b5a747e7841d	df4e779203b2b819efc5f5050d29396ff1c926619591b1b06c3b16d643ee2330
151	train/0003-04/E3SM-MMF.mli.0003-04-13-58800.nc	30413	58800	1897632	37dae96dc63e0f55f24579f7f2d4f4c767faf24fd26fab4d493e6416ba0a1128	9cb8e8f25d3257460571f89dc8a6d90b0e65f280ed9cd31f93e032e14ca0fc02
152	train/0003-04/E3SM-MMF.mli.0003-04-16-67200.nc	30416	67200	1897632	8c2267d75c9e4496cbab7db7e2ca391a410e0f998f48c0df01b50df056e315b8	b8d0eeb020e7f47062e0d8ecf672ed53e45aa0cace2360b0b173ef2e49bc5932
153	train/0003-04/E3SM-MMF.mli.0003-04-19-75600.nc	30419	75600	1897632	1366874888ae07c3db233342fc4ff4a0dd13205a13fc984b2f5978b39ee7fd6b	36b3c5e018d4e170383903fb2e5b8c7ab8ef0a45e60cc95cdcb32f055ba026d2
154	train/0003-04/E3SM-MMF.mli.0003-04-22-84000.nc	30422	84000	1897632	86026deedbb12dfa1ced09a8bf9d20d0ff9f07dd53d09444156fa74be592888c	2a58c45165ae6afde9073718a199bfa270b8de982dbda3b420a9336061295c8f
155	train/0003-04/E3SM-MMF.mli.0003-04-26-06000.nc	30426	6000	1897632	e0ddacccf34d281d9783ac9bd16ec19036fa4e1639ead66e9a68848b25ed110e	d1bfd8c8995ecbd562eaa35353061c210390b184b30517a48090bd1c0f7bf7c5
156	train/0003-04/E3SM-MMF.mli.0003-04-29-14400.nc	30429	14400	1897632	21927661c0b60776cb90b7b48166e8ad827135fd7f693d9f7be112f0718e36c6	ad7298aa6b77d50d511740d49d4422dbf9b6ab4d8af7c4bb64eaa78e9c956d17
157	train/0003-05/E3SM-MMF.mli.0003-05-02-22800.nc	30502	22800	1897632	26e5628e8b09465dcd552657638cd3e7961c37a93dab5d9510ab64e53d2d2437	97c45d8e4ba6007bc7a917166367f3c4408577cfb578ab11acf70924e92112e9
158	train/0003-05/E3SM-MMF.mli.0003-05-05-31200.nc	30505	31200	1897632	4ccbb4f97218ad9f19bb760468fbda57dde585d5dea1b01f449e12e2168bd1d0	7d92ef74f4978d619b3aa1a40aa6b4824e337e387eacc2d9c554a7289f69146a
159	train/0003-05/E3SM-MMF.mli.0003-05-08-39600.nc	30508	39600	1897632	7e9a015c35e25a3998322bdd040303e86658a4799f8391b5e4fb19774e6a48f4	a6e5adf432b58ac0241bdab2392b034f5ef287b5caec1e87881f3d6b5a814635
160	train/0003-05/E3SM-MMF.mli.0003-05-11-48000.nc	30511	48000	1897632	d92aa9b29afd787f9589ad47aaeb7e45956bc04ec9a188343e25f479d3df6443	3d1b84a162a4deefef73f7515424d8491cc0c2425cc7fc93e57d0dba5341a388
161	train/0003-05/E3SM-MMF.mli.0003-05-14-56400.nc	30514	56400	1897632	70857b429496f6f6b64e682d86dafc913ffffae2e288c2b4d95eeab825686c0e	0507f40c14fcb6c70ee873143c4d5357b824e1c54bb526a2d82d37538c3c614b
162	train/0003-05/E3SM-MMF.mli.0003-05-17-64800.nc	30517	64800	1897632	247ef8386f6cca5cc16ba396c5ed9ec2d92dc108b3bdb35b930bab38cea7dc6a	7f183faa56b8b250d82271a9cef9e5298b0719376b0bc4b4aa776e80125bbbdc
163	train/0003-05/E3SM-MMF.mli.0003-05-20-73200.nc	30520	73200	1897632	dee3047903bbbb8aa86e4cec63ceab20cf20a5249315831330aa68d3c47ec68f	d2c3d1fd1d03f1d571a29d6a94ef29c69e1da430d3fb1bf7a223b7c4f6bbea12
164	train/0003-05/E3SM-MMF.mli.0003-05-23-81600.nc	30523	81600	1897632	fd1dcb74ac3b92c6262f48fed0f3f45e039d59e5d1a98bf2ca89abb735713f5d	5752d71f704c653f6a00a1da401e5257cecb49c427a8f6375170d819395655e6
165	train/0003-05/E3SM-MMF.mli.0003-05-27-03600.nc	30527	3600	1897632	8300f4a660193f6c0c6ca571e05ad02f57259c36352a4b5ce8bed73b78c066cc	529d3785bb0d38cb8544fd8dea87e068fb843a24695e719767b01acf7cbd8b47
166	train/0003-05/E3SM-MMF.mli.0003-05-30-12000.nc	30530	12000	1897632	2a3661abb65b9ae60b316026517d4fd31f6c3057b78f4cfff9e2fb550f0c1f27	d7f9f6bdac331d78292de935d91aa2e34377949161c6525ecd53da9023c886ba
167	train/0003-06/E3SM-MMF.mli.0003-06-02-20400.nc	30602	20400	1897632	44e0abb00d85b9aae5b90144a779ad78739a99cdf557dae46caf45cf7a08e4ec	6bb00eaffac9767185a4559cce4c8d37e09db8279463272f3c2e19f4d94fd372
168	train/0003-06/E3SM-MMF.mli.0003-06-05-28800.nc	30605	28800	1897632	1c6a674663e104ca4aa60f4845dfc42d143801c02f371e22f4626db8f1110271	25f2e595106977898b1f6ecdd83f631d7b054826a2408871f1567c4104391df7
169	train/0003-06/E3SM-MMF.mli.0003-06-08-37200.nc	30608	37200	1897632	6c8c7fab3cc225b97b46459beb47a781dbfd5c8590ce45a4f0bae410dd27640d	5458d9eb0246db9c8510a111416d29fd2d6ed8406a0ee307d5afbc239675d9df
170	train/0003-06/E3SM-MMF.mli.0003-06-11-45600.nc	30611	45600	1897632	353b6731d5ad431ba04a8339a25f91cb27f40243cc6250752becb514f264e6d7	b38e3a7debce6a724654707570156e67f89fd688df8fa29b3b582efe6b3e7d37
171	train/0003-06/E3SM-MMF.mli.0003-06-14-54000.nc	30614	54000	1897632	89fe830046fbdbac5d2457a79a632d7a4575ee4d0ccd80a10c3d06f3b1807a1e	f709c9d2940d55f6763ca0dd8876582a8687a23766f3665d1694671f0231d832
172	train/0003-06/E3SM-MMF.mli.0003-06-17-62400.nc	30617	62400	1897632	df5ba855b7a018f084446ff8abaa91d02c13d2bfbe75fc5e2e68003ae4e8536d	1af656321e455439867e07d805921ede905a5afbcf8c37348b2659a7fcfb8fbf
173	train/0003-06/E3SM-MMF.mli.0003-06-20-70800.nc	30620	70800	1897632	f35b91360689109e19895afe179e849e900edc654c1f0e3a72981965f0dbcdd0	4310e5cc652668cc63eda3b38ae24c692ca8fb2c153bf2b351763dea3593b5b8
174	train/0003-06/E3SM-MMF.mli.0003-06-23-79200.nc	30623	79200	1897632	6942b6f293d8e51a58ed74b5fd9952e23eb21a4ffa851e2d2001c768f0b72cec	34ab897d0a458452ffe93eb2963a3e95ec174da9c5662d9989929626732aa857
175	train/0003-06/E3SM-MMF.mli.0003-06-27-01200.nc	30627	1200	1897632	a9e0359d880ef9c93a244c4319434dba535247998e98812ea4637bc424bc5351	2ce9d7bc17ee25443e226091600b3446ee8ccf85aff51689105e11063bb1d1ba
176	train/0003-06/E3SM-MMF.mli.0003-06-30-09600.nc	30630	9600	1897632	bd0c3e22f2a51530cbcc534ee44d7018d96e2a211c5ce3a5029a3c63702b30ee	6904ce18f52f273f6c153423becb9664e9c197b8f9ff1daaa766427aa8238c79
177	train/0003-07/E3SM-MMF.mli.0003-07-03-18000.nc	30703	18000	1897632	49a6cd32f263660f3d1beb0cca41109fe70409e5ae9bbd840ddae8a3bb567780	7d8965294f5412a7db938b50157318b309fdda298456850f29f06d850673377d
178	train/0003-07/E3SM-MMF.mli.0003-07-06-26400.nc	30706	26400	1897632	f908be2d8291a20ee42f5f18a71f7273fa69b0b0ed7cffd3e867944b6c970a4a	c4c20630220f5f6729ea1f596f840cf9225254208001070d65edf442fcbb5d81
179	train/0003-07/E3SM-MMF.mli.0003-07-09-34800.nc	30709	34800	1897632	43c52cd71d61b47ce474b3d5116bf539d42bdb3fb1542171c89c0763f5e106cd	137c39117b79b961d8190ee54502399e49f6d64249062d9cfd8c7494c4375203
180	train/0003-07/E3SM-MMF.mli.0003-07-12-43200.nc	30712	43200	1897632	00b4917ba1d38b5a43aeaedd5306604ee05392160f9a2bb63c6a139c156f509d	6a531a96acc61c1dded499899630d09971930c9b59f5d6b7ccfe0f328d2ea99a
181	train/0003-07/E3SM-MMF.mli.0003-07-15-51600.nc	30715	51600	1897632	5852db1f8775a6f542eeebf1d34b8a6a551a12052aaf855b12836e8a5d20f695	c78794532b0d5edb365bde7989879109dfb2a5d28d0a2891c51090a8969cd03d
182	train/0003-07/E3SM-MMF.mli.0003-07-18-60000.nc	30718	60000	1897632	a9797bdeb8108918bf6a49a8915e91dde93f8446409e16f0b3cd3298b9e8e841	af0aa78eef11029dd1ef2819a0dbffbf941198de21060f83927e2d4c1a2710dd
183	train/0003-07/E3SM-MMF.mli.0003-07-21-68400.nc	30721	68400	1897632	051b1e64481cf1a9253655210e9b0ba201163077862ae6685e97149cff74a851	ec3bf119a5e9ccf5ffc88a467b8495aec80ce615cb438aff2062c66e7ea10848
184	train/0003-07/E3SM-MMF.mli.0003-07-24-76800.nc	30724	76800	1897632	bd71c77369d6dd6a3df21c6b6a055c2888e89a3d5dde9b1be3ab767cf64d92c9	7f44d4ee61648e890694f7e9b015cc75e41d5b12e1a891594190cac7b510f678
185	train/0003-07/E3SM-MMF.mli.0003-07-27-85200.nc	30727	85200	1897632	83c662e6e280eec1ae35efacc05d2bfcb3b092d1c06d54b4807cfb406d5fcf67	28d408242b2e7377635527812a75952e90f5f7e175197d529cf909fc6639161f
186	train/0003-07/E3SM-MMF.mli.0003-07-31-07200.nc	30731	7200	1897632	ce3549761fdd8bd6f7efcdec042d9c567cf57e81dad1f21ec62a23c5b9f5aae2	b73a797d9ecfb8436dfc1257bac187088bb7dd6847495ae64bc9219637e48b31
187	train/0003-08/E3SM-MMF.mli.0003-08-03-15600.nc	30803	15600	1897632	63c026da95be2ed601cb22194d656c731e6dedec04c3fb76b0e4f9f7fc850b6e	440a84b5daefd3b0157281488f3f21b80ce78579e524d223eb99bd9397c55376
188	train/0003-08/E3SM-MMF.mli.0003-08-06-24000.nc	30806	24000	1897632	df38d98dd53375b0868adb1015ba10c9d41db01ccd8b2b9c4234c85eb818ceec	9138d131c1633c1e45c51b1a62668f6608a435a6bfe70a15f3013293fe1b249d
189	train/0003-08/E3SM-MMF.mli.0003-08-09-32400.nc	30809	32400	1897632	8e0ac421d6b82e80f22892bf1dee7133f7af670994c191b6097d7f5f9e314430	f298768b4daf7671808a87ed3af56d09a2472f46fd8da8f8b9b71306d2c00d03
190	train/0003-08/E3SM-MMF.mli.0003-08-12-40800.nc	30812	40800	1897632	5b47a1cd2fb3c884b5fc8d0fd28ef12219436d515ed7ca5fc4172323bea3ad88	1ba984e15e98d1c2c93f53935598f3415ad120cebee0b51655d09310d924ca73
191	train/0003-08/E3SM-MMF.mli.0003-08-15-49200.nc	30815	49200	1897632	7e01ded37f2fad0b8a3d9ab31a23a684806bb8e7e4e93777bbc6d23fe74e12b2	d5e9236e1d196202b3af08a5bc662035ea71ba0e4cd373c82c87b58a579665f3
192	train/0003-08/E3SM-MMF.mli.0003-08-18-57600.nc	30818	57600	1897632	2466bcd21828635e1c9812be1fe2ee378bd21b19dcc7192d440463f0b4c5686c	0007b0c8f36d74042c32464b5e73336abde5f93fd5e389a3ac59d0cec9b89f8c
193	train/0003-08/E3SM-MMF.mli.0003-08-21-66000.nc	30821	66000	1897632	fa5fa7d30f32e7c6e800f4ed2bb2c4c50e80bae32ccdb6d580fdcafa27dbce6d	0a8ddf0a096839ea7ee587221585be69570988953e39471065cba65665f828eb
194	train/0003-08/E3SM-MMF.mli.0003-08-24-74400.nc	30824	74400	1897632	c5cd5aa3089508695161c3a4c82a8c840e879e52bbe8dba2c82381fa159a07ef	7be66eadffaeb6cafb652ffb6e6a36fc67e60c2a2da3f2422455b06ecc9642b3
195	train/0003-08/E3SM-MMF.mli.0003-08-27-82800.nc	30827	82800	1897632	c2819370549312c31573c1f4a5fe03220e8d62b6ca810cc7e911d10456e5bce7	6492e0103eb7c521c266deaa5d5c05e38ed425c081158a557bd02558598e465f
196	train/0003-08/E3SM-MMF.mli.0003-08-31-04800.nc	30831	4800	1897632	889fd5a283398684258de2ffb77b0c6818658688e0b22bc95ede2a4a93b70e71	82f5a9fb25c200aa27b81f791591429c430b4966271eb4484b3419dbe48b1754
197	train/0003-09/E3SM-MMF.mli.0003-09-03-13200.nc	30903	13200	1897632	9ee2bcfbed2647b00a9d92d37572d5daeb2382848edc41c40673851727728ddc	2367ef9886fff6e04b3dc035c4dd455a05489fb1b7a4cca10143725ccb1840d8
198	train/0003-09/E3SM-MMF.mli.0003-09-06-21600.nc	30906	21600	1897632	6c76dec9c423cafaa86998353c1b0c33a9360891fa06e1f56c8c03421b07dd00	113190b792d40f2e4ffb2610fc7f8531e4ad411f5a52f6eeb495ed721a5cddcd
199	train/0003-09/E3SM-MMF.mli.0003-09-09-30000.nc	30909	30000	1897632	9982e6f33df0ceff99ad7077379bd25b26cbacb048655816f061732324266802	c3e65d327d3ebd23e0e9cebf15841f2f85b8f77b2ba37dd8ef1eec39a419c9c4
200	train/0003-09/E3SM-MMF.mli.0003-09-12-38400.nc	30912	38400	1897632	61e361dd457eba33c0a8379e1758ec4d9fa6822aa0f15e4647715503f58d0acc	d7bef6234bb5638201123d8a7a7a89b368d76aedf8dc4ef6f1bfe95e614033b1
201	train/0003-09/E3SM-MMF.mli.0003-09-15-46800.nc	30915	46800	1897632	5f164a0db7b81b9dbf3ce197729963f4bc5a116cd62f4758ddf0a41c1a170621	27efe5142e31b991c0ffce5965b0d7146b59c1b2c7eee6a802daa84e0276ba1d
202	train/0003-09/E3SM-MMF.mli.0003-09-18-55200.nc	30918	55200	1897632	2d88553604e098f89bef147daabc5486cf6d60fef65cfac486a03f821455173c	16c748489b7a767383005592af2905bf209ccd12248ca859f40e5f782920f74e
203	train/0003-09/E3SM-MMF.mli.0003-09-21-63600.nc	30921	63600	1897632	fae661aeb77f6fc0a8f7e558af4deb48e5fcb735f94779af26fb6789a49bd634	fb9b228d59f9a1c6cd338d0f6a3cce7bdd6798f8cdff1acb0b37aaeef34971b8
204	train/0003-09/E3SM-MMF.mli.0003-09-24-72000.nc	30924	72000	1897632	c0259c41de5544696dbabdf862bd1681bfde3cbfc3d709875d0bd9f0fd26f2dd	069607d9177a35fc21741b4dfd37de0bb1916f618aab5e77cb0a97925fe7edd3
205	train/0003-09/E3SM-MMF.mli.0003-09-27-80400.nc	30927	80400	1897632	7bc02b1bef3da6c73e721a095c4b8453f8f5d29693202da74143700b8a91a67a	0c3452221ad9ddfe3ef5b2d15cc3a93cdc75554854ab5ee978c53ca72a1641df
206	train/0003-10/E3SM-MMF.mli.0003-10-01-02400.nc	31001	2400	1897632	e915397182be16d85a0323f4c7efa24e36b3adea8321354c7cc4e577df4f6f81	8a7aef0842ea5ed23363c387829f6a22eefceccc2bd9c65d98251d8c5845acb1
207	train/0003-10/E3SM-MMF.mli.0003-10-04-10800.nc	31004	10800	1897632	5a7414e700157d3fed1ce24323f5f25acc0b23e68f70984dabc1f21990f62964	37f9fd2fc29ba21bbb02de2f6780bc2d1c326eed6cdf2d441f9bc495d9785ef9
208	train/0003-10/E3SM-MMF.mli.0003-10-07-19200.nc	31007	19200	1897632	4e1ab42dcfbc6af2c9cbbc410ec57ab779bb91feafb8d24e19e10b5a3f146201	cb886b5524a1de3353abd62ac75a83bc4cf9e4eda7fe642ab9b15c1c861593d6
209	train/0003-10/E3SM-MMF.mli.0003-10-10-27600.nc	31010	27600	1897632	05ea43e03a25415779ac08805a4258a73d8e150bb8d5aa3516a809bea91e4323	7ce16db3ca3c000c2f377eb9ac974abb860e2379c478c92e05de99a0ebcf1807
210	train/0003-10/E3SM-MMF.mli.0003-10-13-36000.nc	31013	36000	1897632	e8ac6b46ae09f2a89f4cad9f26a5afcba07edce62ce84a54604a3b3bfcb11d1f	578a88c5cedf1e9cab11b9e3f1e66f337209850dced5c78113328dfde96b300d
211	train/0003-10/E3SM-MMF.mli.0003-10-16-44400.nc	31016	44400	1897632	c3e10d7be05988c5a6699068672bda6e08000309ebdf5839153de7fd6477b03a	8d3d2722f6509366c3c547873f9a905304a7b8dcbce08e0ffdcf3eb9a2016522
212	train/0003-10/E3SM-MMF.mli.0003-10-19-52800.nc	31019	52800	1897632	7fd82dba5680f37c671759f3d9a3b13dbda6a674fa0e0bd40f1cf70e383ff2ba	f3fd8855dd80e62106e5dbdcbef77ad88b6a6165d99c15bf6a59168bbdd2dae6
213	train/0003-10/E3SM-MMF.mli.0003-10-22-61200.nc	31022	61200	1897632	f3e404c766fcedd25ba9ba031d1cec14db3ac4a3c0bf809d29681aa97858c2a0	401b5c54968e106174bdea46dd0419a56694c3e57eac4bc11cf72f743be278d8
214	train/0003-10/E3SM-MMF.mli.0003-10-25-69600.nc	31025	69600	1897632	20adb4904616f089fc596bc4ce5a1565a0c181f8c4636ab7c81474599f23c994	56f94974f3f27ee06c883a7e01845474a0e0516c66488b979f6767dfd206314a
215	train/0003-10/E3SM-MMF.mli.0003-10-28-78000.nc	31028	78000	1897632	c698e967c260da72113642e1aada99db0ba55942f43ecbb28b20bd5c7cb3a518	b738c8cc174b3815328171bd91e2e01383000c99ea7163e10fa389aec9409a71
216	train/0003-11/E3SM-MMF.mli.0003-11-01-00000.nc	31101	0	1897632	f8fc9b2db741180c4990019d1a43cbeb851d6a07849c45700efc2faedf204685	cf8c1d3c55b614b2b6fe371f439a1c4d8fec439bc92afbd67b25267ddb655b6f
217	train/0003-11/E3SM-MMF.mli.0003-11-04-08400.nc	31104	8400	1897632	6612493dd22fad5b99e2d43de4bb0bd562aa4aeeefdcf44c982d81f5717f8419	7d3ac3a078287b6384f73978981ee8248734b01d8a998e3948991c89c7640290
218	train/0003-11/E3SM-MMF.mli.0003-11-07-16800.nc	31107	16800	1897632	80bc967bb1ba198792f33f863667c6a735d4262e5b7be353e4b773796e9bab6d	d8de4cd69b7d43de371fe2e66ca6e0df6e0022b6510eb89f15f78036446c1d36
219	train/0003-11/E3SM-MMF.mli.0003-11-10-25200.nc	31110	25200	1897632	c42f05ca59f02c8895e6975b14d8181ac493d9cb0d9e578b204cdc6f1f11dc8a	b237df2e25a6bd2a1d92b62f3ab870a2474fec9983e1a4b6932ff883b1cd6de8
220	train/0003-11/E3SM-MMF.mli.0003-11-13-33600.nc	31113	33600	1897632	a2e86be090be3e2d1eeb06a2060f5f721bb4cf1f9582296f1c2487b30b09afc9	3c6dd584f7252d08db3bc138176b12906201f9de0f34ce4b2f7f6d3dc88989a5
221	train/0003-11/E3SM-MMF.mli.0003-11-16-42000.nc	31116	42000	1897632	e539edb5a45bdf37cf4ad3e834a0250441248e00462bf7f63ff6ce455b2d1a72	ce7a9ac50caa3c4d864815a544c73544bd39857e25ce106759ea7f0fd5641b99
222	train/0003-11/E3SM-MMF.mli.0003-11-19-50400.nc	31119	50400	1897632	c22a78ab6b93baf315ac95684d76fb548900bbaeb983258172013f773b98559f	dbe852fc18d5dc0f4c7d8a056b30576888edeea526e9b77816507abf95c4c9fc
223	train/0003-11/E3SM-MMF.mli.0003-11-22-58800.nc	31122	58800	1897632	722acb26b826bc5049922e410fe72c48384ad6dd65bc4b72f8707768851d05c2	92fac0418fdf43dfff9fae7699554d7058b1501d695da5f0fcac7950d4423e06
224	train/0003-11/E3SM-MMF.mli.0003-11-25-67200.nc	31125	67200	1897632	a8dd74c94e2639e3265f80bb5664d6c051fd9fadb5bc9c763298e1b43df596a2	aad5bbff361a09e7bb03b953be4a2e38e45df64fe86972ea0129a7dc168d0c1c
225	train/0003-11/E3SM-MMF.mli.0003-11-28-75600.nc	31128	75600	1897632	7f09a95792396c019cc336cb87a323c31273a0af3f518620c8d98f45041a329d	a59db273036e25d3eba9bc430bf808cdd1aa4224e493ee52d69cd824f58c970d
226	train/0003-12/E3SM-MMF.mli.0003-12-01-84000.nc	31201	84000	1897632	71d19135d27d6eaa1e50a4e88ec5c5ebc18d65ad9d14beab63a77500d47a9309	4cdf2603a24cb0d81963f8a0885eda0da6f68c0ce850ef689cf10a689243619f
227	train/0003-12/E3SM-MMF.mli.0003-12-05-06000.nc	31205	6000	1897632	15cfcc17e1c57c177c55067062acac6b1bcaad45ac4e9a0594d753db6d03c772	5f224c65d5ba12d74d7d34dc460d7667d7c5135403c513fa509db0f335a72030
228	train/0003-12/E3SM-MMF.mli.0003-12-08-14400.nc	31208	14400	1897632	ea7acffdf26a220511019f5079675d69321464a2a6f04c3646001843e84cf78a	4fbd21bdc11cf14cea0ea6c0618a9463ff12164785eacf4791f0192c4dacece7
229	train/0003-12/E3SM-MMF.mli.0003-12-11-22800.nc	31211	22800	1897632	e422aec3e631e4d419415d995b7af15026918cae201766cf43882d80c8b62825	de524850149ac5fb0c68d6af671c16ab1af3fd7c9e88eb8a03084aa32ff266d6
230	train/0003-12/E3SM-MMF.mli.0003-12-14-31200.nc	31214	31200	1897632	4429ebe6e3054e7e00f3b357a03e5db0ad9d6e6335bd955c9e3100e1d48d57f5	5ec06b818b238000ca640a8a87bce5ada89c14f6b572eafa8b0cef9db2182a7e
231	train/0003-12/E3SM-MMF.mli.0003-12-17-39600.nc	31217	39600	1897632	faf806d31c1ae7edb58408f1a27cbeba4832eb7f10a1eb7366fc1a43cd9e5f8d	85d5d50ad57b6cc130f2852a184678e43b448cb01bd9dabd890ada8f0b2a2186
232	train/0003-12/E3SM-MMF.mli.0003-12-20-48000.nc	31220	48000	1897632	dee913ca52dd035953972599e2ffd5b856570243eb042cc1ba12d5db0932671e	85ec79cfacb1a189556a9610d77f5ec420ba71eb9c1272d40458c764499b99ad
233	train/0003-12/E3SM-MMF.mli.0003-12-23-56400.nc	31223	56400	1897632	dc702d0aad2ad0c20b70200d077f99948dcf01c1e33488205a322af9e297c009	fb89a4151d210a6c13a1d8ccc35f094d8add98cc3c97be438ffee5ea3425772c
234	train/0003-12/E3SM-MMF.mli.0003-12-26-64800.nc	31226	64800	1897632	f692cd4cbb173dbef65bfd53c2cdf53e315e48911bfff3ee64fa4767515dae70	99029ffd0287cb033b1140c3ae16e1831db04dd8361e58d276d2b7aecd22400d
235	train/0003-12/E3SM-MMF.mli.0003-12-29-73200.nc	31229	73200	1897632	719639a168e85cb8e77ccf7b8dffc6ebff99c03470b7fe6fcf1fa71e7bbad8ef	80ed569310fcebbcb0784598119398dbcd773f73d65c3f2c79a4362717136335
236	train/0004-01/E3SM-MMF.mli.0004-01-01-81600.nc	40101	81600	1897632	69a75dc6f9ae8ad54171068c63998bf5cf4769162284049b35871ac67b3c2153	ff35733b656bed911007e90de806b3bd1d222308416d94eec69d00d174f832af
237	train/0004-01/E3SM-MMF.mli.0004-01-05-03600.nc	40105	3600	1897632	2b9d568a945ac416aedf46b020c3b455a051b76cd9805e077d6ba5e48bf6ae9b	87c0a8ef6de2168f8ae3a715a19f09e53c9a45a0ae77c1ce0fb6379493f75015
238	train/0004-01/E3SM-MMF.mli.0004-01-08-12000.nc	40108	12000	1897632	e5312f009025ac110498709de6fd92b4125e04ee7af6e88dd87f4a38de9c3434	dbffd0e4565f249d9d27c7530da866f3016ed0ef30ff96bbcaf3260ea8df8d5e
239	train/0004-01/E3SM-MMF.mli.0004-01-11-20400.nc	40111	20400	1897632	2613f81356898c478cd41b3ea8b8fe292180bdbddfb0a563a28bb03435eccc2a	1156eb40857593306dea82588f4f49ec8107fcc344406f32b356212b57de7240
240	train/0004-01/E3SM-MMF.mli.0004-01-14-28800.nc	40114	28800	1897632	7adf1581f28a391993beb7a2fc766620bbef877b90596bbd976ef97abc022639	ec40267efaf660b951cb2dc6354bbb5798287e8b8581e205cde3ea19d3b69499
241	train/0004-01/E3SM-MMF.mli.0004-01-17-37200.nc	40117	37200	1897632	c08321f96778c3dba200fe1eb06d4e85fd1693c467a9e06288e066c058488176	ef725972c856d86c359ddf8865e086795a87698b2bef7a90f47215aba8cc872b
242	train/0004-01/E3SM-MMF.mli.0004-01-20-45600.nc	40120	45600	1897632	c287801ea273d71fd9a76ac68f5358347c8c916066d640c0db2f6f213713e774	c074d7fcc6f4db0a3e9ab02c477966f4da7422e9159fd12c7632d519cc5385c3
243	train/0004-01/E3SM-MMF.mli.0004-01-23-54000.nc	40123	54000	1897632	70331f68be138a4f3eed0780125101ff86bb36aa7e7f30b89c32348814b0bd0b	97400279dbb9f6d13fa6f0eb37f4157f3add7de958776c11f0074af48f193b76
244	train/0004-01/E3SM-MMF.mli.0004-01-26-62400.nc	40126	62400	1897632	9e4a24126704b37f67c650a8fbe2da2cb73dd4e8548b62e6097419f169898b07	eda9a3efe1415ce9b441343987ed9f5547b4f767ab2b2b530a97ccf39528949b
245	train/0004-01/E3SM-MMF.mli.0004-01-29-70800.nc	40129	70800	1897632	fa1c3507d8b0f434ab98e8aa3c6af992ec0ecf3168f63e2a3786295b10358cd1	6a938f0cbd4e02a8e20cdbbda60315222fd9cbf9495f7343da864a07777f19af
246	train/0004-02/E3SM-MMF.mli.0004-02-01-79200.nc	40201	79200	1897632	752601fcfb06e1e855dc9b550bd047f528b85f98655bb960f3468a6ac510f352	afba1b85c0471c44e2e296f3f3af04118e194aa51d039d62c4e50b94ed1773c2
247	train/0004-02/E3SM-MMF.mli.0004-02-05-01200.nc	40205	1200	1897632	c712d300c3135eae495a86195f4afb7530298cd9be98f45bb17ae98946187583	426a52a5cb93f73b4707368f91024c4a9ea3c8848a2e0322fa45d0b0f53696c9
248	train/0004-02/E3SM-MMF.mli.0004-02-08-09600.nc	40208	9600	1897632	ea868b9a840cd05fbe08cce72f592d78aa0f7b15f0a85d79dcca343b78501d05	2a371b72a15ec6c3dd7d8733f89a32a4e0e17d82812db5f15c000a8b13ac237f
249	train/0004-02/E3SM-MMF.mli.0004-02-11-18000.nc	40211	18000	1897632	89cfefb682b97b5cda1807917cc0fb8360fadc49adc1c84638ab9c62454ba3f0	94bba13994b36be01dcb72ace3ec305a68f2f3a5a2dd1b47bd20fdbd0d9ffbbc
250	train/0004-02/E3SM-MMF.mli.0004-02-14-26400.nc	40214	26400	1897632	7b04df72f60e4bda7e4d286eeda27098b30223779819867e52215d379be49475	56111be9116b518285a738f02ba7b1d464fdc586206cfdca99bde0c1be17f978
251	train/0004-02/E3SM-MMF.mli.0004-02-17-34800.nc	40217	34800	1897632	6c206585406b4406990b158f5881015741fbea093dae23febc3bef38d76e438b	ec64b3c5aae6b8017ec7659b56bcf8e594d96dcf6207b12faf3b7d68ca7ec11e
252	train/0004-02/E3SM-MMF.mli.0004-02-20-43200.nc	40220	43200	1897632	96d84203f96cd35a170e78601c1bbe443b40e8fec1659ce63aedf418b1384f9d	648d00b25adaeab796b701c129e6ad4278375cbfe8d5fbc5e052e923e2e0071b
253	train/0004-02/E3SM-MMF.mli.0004-02-23-51600.nc	40223	51600	1897632	e3c90446d88f92ea1b95c1ae600f8d50d17f094cf67406ffd070bf31f36909e4	20d2a47a551519ba58b0387e0357065937c7eeb121c6b6d39e7ecc7d6fa86439
254	train/0004-02/E3SM-MMF.mli.0004-02-26-60000.nc	40226	60000	1897632	0fae8fb438db5a33e973e68d013dda786c98ff36a2dcedf5bbab2d70eca1c7c7	2ec85e4ae8b25871a992637ec0b81a1786d84e260fd534193bd254f7ba6b3cbb
255	train/0004-03/E3SM-MMF.mli.0004-03-01-68400.nc	40301	68400	1897632	016e7619035602dea8fd361f2dfc290a8f2264326d26a578b9163f689c9495d4	b99dbdd52c5dc7b14ca834782c8ff825ffcaa6f3c9684041461eeef98d09b198
256	train/0004-03/E3SM-MMF.mli.0004-03-04-76800.nc	40304	76800	1897632	a10ff18f261284c49c66e9e72f7b41ecde4b3f3d276f5733e72dcd3a0b079b80	7dd3945c9828e3a8d6406591ded52f45ed6476889129fd27c11e3844b35f638d
257	train/0004-03/E3SM-MMF.mli.0004-03-07-85200.nc	40307	85200	1897632	6e52d897122eb67981c1877b8b3d9390db71b6a72ead116f81815dd5cee5b228	4799d5cca2a1964fe1fe7a70069bf1d8717971bae46de8d078f560e697c88074
258	train/0004-03/E3SM-MMF.mli.0004-03-11-07200.nc	40311	7200	1897632	f97ae545ea3781c942d392d0f9d7eb2d5fabf70a9aa1c039d29fcc544cab4678	6f47ac65d11adb19cd5e69bd6c13dd8bbd97126dd294afbc35f838bd34b8439b
259	train/0004-03/E3SM-MMF.mli.0004-03-14-15600.nc	40314	15600	1897632	042f78814f66ee9ee4f485a49b48617d37a63adc65cc05c6af2c82b6a8e1796f	37e6f826349a4c6041e156dee0506392f77ac1d775aad8f3bce824400aff9bac
260	train/0004-03/E3SM-MMF.mli.0004-03-17-24000.nc	40317	24000	1897632	94051698793705a4a183da5449f6d4c5eb6852cb51936180b0d023031d8beea2	33c4bff4383d90aef2592d41bbdbf75662b04d1b89f2fd78de226ad0afb0ca6b
261	train/0004-03/E3SM-MMF.mli.0004-03-20-32400.nc	40320	32400	1897632	174a67301bb4a182258b86def236ae3dde430ae456f789615f0429ec608f1ae0	1fa8bb0416ef48b74f752e3d5743b281093189feece948d8d18483d4d7745fe5
262	train/0004-03/E3SM-MMF.mli.0004-03-23-40800.nc	40323	40800	1897632	1012ca87834e0f29aab63268a53a22fe1e0283db5d23252b6554fa1c64ac3e4d	3bbb7ed38dfef911569812c266c81f6cf7170c1ed0db20074dac918b50affcc7
263	train/0004-03/E3SM-MMF.mli.0004-03-26-49200.nc	40326	49200	1897632	65d3bfb4187748f2c65818789eca7dad24fb019b2917bc59db39aeb100345ea3	43ed770b6b3afccdea586e67dc3d586f902006974b220b5cb8b365a9a589838c
264	train/0004-03/E3SM-MMF.mli.0004-03-29-57600.nc	40329	57600	1897632	a07c10cb11c489273828dae729c3b53042f43ffda39a2de03abd6dbb1a0f719c	afb9600e99256e915e57ec920d5760e151d14756b0f07a922f25fc3698702c44
265	train/0004-04/E3SM-MMF.mli.0004-04-01-66000.nc	40401	66000	1897632	144189a177a84b728711da1d63e5c1c18ff95fe729e45dd8119fee614681580b	578abbbb3de0af8ce0d143567aaa87b6d519cf1ab313d1c56f7050b077dc5c91
266	train/0004-04/E3SM-MMF.mli.0004-04-04-74400.nc	40404	74400	1897632	642521f300d27fac9ec1c9cc216eccf09668045ec8af639c05544b12928f8476	fa833819a7514e8fabad4fa29f907b92605194bf9cd1c8f295dffcb020196ccd
267	train/0004-04/E3SM-MMF.mli.0004-04-07-82800.nc	40407	82800	1897632	730df3fc9b988668713485ed3b0b9dd9268f8e107b30f8d3b28d95bcbd6797b9	cb8db94a696cf2acd0e81aaa826c4b2471158d665462ed1b862bfc889040f33e
268	train/0004-04/E3SM-MMF.mli.0004-04-11-04800.nc	40411	4800	1897632	4729d341998147a2352767595aa672344a7f3d1e3f1b52d4ba1e299bb86b7974	a5370f1957d58282ad8b7c38a3b431def08babccfde0911e0b8a58b256efc87c
269	train/0004-04/E3SM-MMF.mli.0004-04-14-13200.nc	40414	13200	1897632	0ab3de4dbd32424ec704eaa3fe2b65fc3042ef08f68fe464284dcd4ba61b0e04	c0994a5126ff1d5af800d758dcdab93fb94404dffc1e8ba16925ef40eb67f4f9
270	train/0004-04/E3SM-MMF.mli.0004-04-17-21600.nc	40417	21600	1897632	c55ffb22d66ab806e988127f4c89bee6ba055dba09c125d01bffe1ab1fd693e5	211409686a1483d592deb9ff8a498b08662feb57836ab6c528f35acd95097816
271	train/0004-04/E3SM-MMF.mli.0004-04-20-30000.nc	40420	30000	1897632	2773e47fc796b72206135db07c875a73afa0ca344c004274700fcf63eee10925	fe5f649e75fe323d9225fc3b5537204b4835baf56e418058ee4e77b3ab7e25b0
272	train/0004-04/E3SM-MMF.mli.0004-04-23-38400.nc	40423	38400	1897632	8aa58f3af6686e6ecfb51e2171da8043b461e62d5ed6d3431d7675327baac5a4	c4898765efda591cdec57fd685054b5020215d3a4837578c6c618d03dc41df29
273	train/0004-04/E3SM-MMF.mli.0004-04-26-46800.nc	40426	46800	1897632	f678eb0912acf20249ceb86b6ecd06125a7b5eb02546b96a350a1b1cc413cad2	fddae303d9363e688ac4888abef9deb4327cf759d0eef4646a2950f8512da848
274	train/0004-04/E3SM-MMF.mli.0004-04-29-55200.nc	40429	55200	1897632	3a04de0dea58bdc590068f50b7839ae3cd5248743828f8bc1ff5c06657a23446	72238a383acd04e2922f182cf6c41031ae417d0399a0e48a1214ac22f0901ed1
275	train/0004-05/E3SM-MMF.mli.0004-05-02-63600.nc	40502	63600	1897632	88699e998e356de1944792f4689f71069dbff2d5b17b6e3187138f8f4d851cdd	fd27798e81a24717cb556493d4bb6040a3798c117dfa3c8d1646c230bc0dd397
276	train/0004-05/E3SM-MMF.mli.0004-05-05-72000.nc	40505	72000	1897632	4561d9bc511e0e056db7eca3560dbda2b5532b09a35492954b85d61691e7b375	df6af1c5091f2f7cbb7fc30efa14c6d21d1cd05af477f1562e26c003bdd02c9a
277	train/0004-05/E3SM-MMF.mli.0004-05-08-80400.nc	40508	80400	1897632	7c3c2552d274a3011fcc1407073beebfa9029ee52171abc0bbbd76d6fbefcc07	c707d256a6f53c8c696674a79e72da93d14c2954b2ed9608af2070f7fbda9a8e
278	train/0004-05/E3SM-MMF.mli.0004-05-12-02400.nc	40512	2400	1897632	74ca11c87d331956fe5ee6a2ec337d532c1e5ddef1c239756a727c489bec5c58	4dfc0fdef1ad446c555cf9a8262f69c7400e6a8002d6e037596250128097abc4
279	train/0004-05/E3SM-MMF.mli.0004-05-15-10800.nc	40515	10800	1897632	be3f0d7078734be4a999f452284d3a4206a45cf9b7f9d19b7f6507dc5bbc2bb6	5339bc24f15cf75a6de71ecbb867e5f4bb5bb8dfdf49799394fc6d22c68ebf70
280	train/0004-05/E3SM-MMF.mli.0004-05-18-19200.nc	40518	19200	1897632	67b30eb7ffae6b2e55c12991b6b85088293146609ec074fb979711082f735ae9	d468557b8d61a33c67d2c4a09b90b94421d3c0c59d25a2a94a19a648f52e4146
281	train/0004-05/E3SM-MMF.mli.0004-05-21-27600.nc	40521	27600	1897632	3ce21c24667a1e12c356a81a83c9ad0c8d0298e46db81750015212d363409160	611bf2baf709f69ea95113d507a406acbe4a49e26334d6b59df2a8a046083aa0
282	train/0004-05/E3SM-MMF.mli.0004-05-24-36000.nc	40524	36000	1897632	9abf77fde66c4a9a9f70da0f21ad6de235139e9d637b778f83c1c019b1eb0e3f	219558eb68e0455025603df95fcf14a28f6f500faa4b6244ece98ea1905a2b94
283	train/0004-05/E3SM-MMF.mli.0004-05-27-44400.nc	40527	44400	1897632	da786a6f338340049cdadde337d4f46c1535868a1ba058c0b99766b7f373430d	6d80adfbb8f38cd14d05e2128d3537480dd5a7d7c8c37a6349ff113284d2b9f3
284	train/0004-05/E3SM-MMF.mli.0004-05-30-52800.nc	40530	52800	1897632	99757998d18ad1f3d8cb7afa0a0772cc4aef2e64446c35588090eb5c14f55d95	6e619c98a32a66df7243b9cdf1f535e8e94bfbe0509311f2f9898194f9954d29
285	train/0004-06/E3SM-MMF.mli.0004-06-02-61200.nc	40602	61200	1897632	fb1da44d3add2bc73d23ffb6a69e9d8f02a89401c8a2c673e06c7d07fae7c86e	253d1074a9cebb2af3c835be91568d816d5b5338a4c53050b71e0daeeeb4a10d
286	train/0004-06/E3SM-MMF.mli.0004-06-05-69600.nc	40605	69600	1897632	a486841c4e81f5665499c2905a0b487abddf5a60f1ed529ceb341d18c5437aa7	27277ee9f19b4e03367f67d91ff5eacf6c243992693ed40bfd52167c458d12d0
287	train/0004-06/E3SM-MMF.mli.0004-06-08-78000.nc	40608	78000	1897632	a3f8ba98541a69f93ac7dea367fc70beb50c9f78f41823e7d4777305aa5bb31f	2045dd873ac8d0b08d859a12fd02a10b137be90ce9edfb4966417cf823c44909
288	train/0004-06/E3SM-MMF.mli.0004-06-12-00000.nc	40612	0	1897632	c51f3397c59c6b6c9d61c2afb15a03d9a57b2376d8146abaf9796c58b3e8bb40	b5e1f9788b74adff4444e58ed5948fa8c80c78a03dd8ff6835a8d8403c869bf7
289	train/0004-06/E3SM-MMF.mli.0004-06-15-08400.nc	40615	8400	1897632	b0ae4c6173c3dc505030de432d21511a2d82bbfaae696425841dc7bac38be50c	6b445bd2f331217abcff1d3da2febfa69c4b27e82fd0cbbfbb264d7d279fa153
290	train/0004-06/E3SM-MMF.mli.0004-06-18-16800.nc	40618	16800	1897632	3c4c07d0007c58a08c185fc5dce48b4bbfe34787b2c242e1b3602b6218e540da	4f301541f1141835446c5e217e804098e0678e7d81ce7800cc8decc478e36e02
291	train/0004-06/E3SM-MMF.mli.0004-06-21-25200.nc	40621	25200	1897632	81fd5b99145b263d50c24fd7355fdee909f2d66c2ce7160f052ea39c346f98b3	2f93de438dab008cdd565b6f8f1f206479b988541ba6f1ecf2ca893cb5d3b52d
292	train/0004-06/E3SM-MMF.mli.0004-06-24-33600.nc	40624	33600	1897632	aa3e076b3a91c3c8baf5c4f28f0cc3da7a15c83f176b41e49898464722ab0825	f7997a2a1f50359e289e4716a7764a4271a2deeb96d7cc38e3c136e7d252ebbd
293	train/0004-06/E3SM-MMF.mli.0004-06-27-42000.nc	40627	42000	1897632	83d197ef8bff994a057eb8ffe5aeb0f3e9c2c7f6f13dccf11ae23d29a8490577	12519e0d127c57e7e940dc773cb9e124143c0379841ef7fac38d45233245b8b3
294	train/0004-06/E3SM-MMF.mli.0004-06-30-50400.nc	40630	50400	1897632	2d1fcf0a5c079a50d5685a8cceb091d1a19634c2a56d740cd7694ea61be98287	6e5a41e561b3cc59720075e923f633b42f15701281354cce3eccbb89dcbf1410
295	train/0004-07/E3SM-MMF.mli.0004-07-03-58800.nc	40703	58800	1897632	c70c6654045029a86f4731e31bc8fa1818074b668bf33062b8af03f1e660cc32	9ed83e180673d202dba1826b5b7c3b6a5b28151870ff405884da9079ae6f6504
296	train/0004-07/E3SM-MMF.mli.0004-07-06-67200.nc	40706	67200	1897632	55f847d2fa45a05d0c4e4d7d3183ae1e3ee582da64a85d19ae6d73a1b3a1aa8b	c2fb079ec2c491e755f1bdca554d2c5836bada3f9dbbd5ab8e575c88ea20cc53
297	train/0004-07/E3SM-MMF.mli.0004-07-09-75600.nc	40709	75600	1897632	1069094a6a10c1b16c28a8049733477fa58e0d008c5fa9d406665fedd107381c	0b01b6362895130b29fe7e63ed947c79b70c375895d7904fadf838b618faffa8
298	train/0004-07/E3SM-MMF.mli.0004-07-12-84000.nc	40712	84000	1897632	00c8bf653061167ce44118eb794de8492b6d72c27ffc2f2afb9ac188eab17789	e5e665222b0a5fee79130a627614d3bf4d06201ed760cde7a617f7ba85095b8d
299	train/0004-07/E3SM-MMF.mli.0004-07-16-06000.nc	40716	6000	1897632	da427e17975ab5359af84d221ef781b97c43a4fe848712df606008c31b5461c6	1f991c28c58b7e5dab36ab1ca8f6186cfb1fbe349e375d6992d74bfc640c4d40
300	train/0004-07/E3SM-MMF.mli.0004-07-19-14400.nc	40719	14400	1897632	886067b72f3006c64574cb440704458afc41cc1ea0c17e41d4a3007f075419e5	231715632e1b9b99e12274c867d8bbb8d35bd86e79dc8b07d92852dfe5922e56
301	train/0004-07/E3SM-MMF.mli.0004-07-22-22800.nc	40722	22800	1897632	2ec38895676e9e5838b77fb5b98333db0c5d7b38becd067074e96d7a8ec124c5	b54c1fd359b0eba6944295f4116433a494d06827938af3bcae64732e337613ab
302	train/0004-07/E3SM-MMF.mli.0004-07-25-31200.nc	40725	31200	1897632	134a9d920cc25ac0051a7eb26ad80ef9d92b64d44c208c790126dddf6e5b042d	0898e1d2e13173f64ce174576738d7ab7a0e046529bf956dc89e7fbc51c6c299
303	train/0004-07/E3SM-MMF.mli.0004-07-28-39600.nc	40728	39600	1897632	76118d90a9045d6b9582ab2051ae3192545d036438d2def2abb4a5dcaf2bbcb4	263c65009245cea25b718e94061a2909befef18505de9e67eacea73dc2b7474d
304	train/0004-07/E3SM-MMF.mli.0004-07-31-48000.nc	40731	48000	1897632	c782b135aef98dc8a7b0347623642a5e09b70402b7221fe7242df280808a5a40	8826ac5c6382d2ae7c292cab93dc7005da636c2ac7169128e1eac0a6ecf3bc34
305	train/0004-08/E3SM-MMF.mli.0004-08-03-56400.nc	40803	56400	1897632	d69ae6369973e2927498f288a0bf2541269d694a692b9497d7333939f7057bac	bfc69ac64dc41bfcdda713d95631d95d5de40e9790f037bd5ae5a0f4d2ffeffd
306	train/0004-08/E3SM-MMF.mli.0004-08-06-64800.nc	40806	64800	1897632	0d58df60826f0cedbd22e669e47157bdf88d79c6fa5c53d8bfd04d389927a791	268722eeda24f42cab2d3e0f03da7740aca3653bab3f8bcabdd84fdb311bbc47
307	train/0004-08/E3SM-MMF.mli.0004-08-09-73200.nc	40809	73200	1897632	b493faf917446b2fa73fc05fc9876fdcca5b8e36d94d15591884fd895ff8250d	17d6cdabd9a2751a387ea110fb05e1ed4ff9ed2d9f99d9fa56e0309d5049248d
308	train/0004-08/E3SM-MMF.mli.0004-08-12-81600.nc	40812	81600	1897632	18f5efd0dc99c0ec426af6c6c994891332a20dd290620a26639a819cf55a5b5b	3118d09578041695cfd0bbe13aaea3ce164ab4acadd3ea649e03a668658b500b
309	train/0004-08/E3SM-MMF.mli.0004-08-16-03600.nc	40816	3600	1897632	4762fed86413a3a748bd4f6e9f5756e43ed4e3e890cafaca5af960778e34c2ce	9c49f873cc60844dcf557cb650e58f0ed1159f2f3a5971e3544bec713f84ad90
310	train/0004-08/E3SM-MMF.mli.0004-08-19-12000.nc	40819	12000	1897632	57ca1e2d7e31127425563a069cbae8504b034ce9b33272c1b4bbd3dccbfa096d	f7e671ff2f2ddb5372bbe3cb6d31a07e539f5b7531246cb6aa2ad8ed97c195c9
311	train/0004-08/E3SM-MMF.mli.0004-08-22-20400.nc	40822	20400	1897632	fd9bb5ea86f47bbf53fa23fa8984012dc5bfbd7ec97c277ad66f34d97861cecd	047aaff997dd09371872f074efddad18109ad252197dc739e096810889b96df9
312	train/0004-08/E3SM-MMF.mli.0004-08-25-28800.nc	40825	28800	1897632	210c966d3abc332f1d09354c4d473e4ee0b8c81c6aac1c6b41c33fae8a8f0c2d	5149ffbd92492e7a195777a8201cb478863967b18a0cad43ffbcadd38536f786
313	train/0004-08/E3SM-MMF.mli.0004-08-28-37200.nc	40828	37200	1897632	3dc5e55c4aadb21a0491f8fd4be973c082d83dac767f1374ac521184e2e5a167	b6e21b09d245ed54c91e719e7faec83ab361144a5adba34277f4e69f6fb51444
314	train/0004-08/E3SM-MMF.mli.0004-08-31-45600.nc	40831	45600	1897632	c4003df29a7e604ebf0289e2d80e9d558abe51b5da2441d4c282ca3ea9f5125a	fd3b19d417f44cce613b9ad845c1409ed7dbe0917c1a300e045b8ae3d71621a8
315	train/0004-09/E3SM-MMF.mli.0004-09-03-54000.nc	40903	54000	1897632	e5949a8ab17c3950fa9bf58dbc638cec16290dff8a39b76320ad7967bf5dc726	9f77069269138742e0f1910a6c8b9da07791bae0900c0e616a84c5d362e901b7
316	train/0004-09/E3SM-MMF.mli.0004-09-06-62400.nc	40906	62400	1897632	6a92b2442e67d6519028755f33f2da17c99ab0c63b8f0b51a3279dac3755378e	f7b67041e18bce3dc7d2e0101a947090912d0239f85b938558a14bf0515216f6
317	train/0004-09/E3SM-MMF.mli.0004-09-09-70800.nc	40909	70800	1897632	5685dba38e85598236e25b1e77c12ee85222a4589dc6c9b74d05818f4beb3ca9	2609f96c587de90900eb9d68481ab5f23c9f31518c2b1d76cdbb4d71a2bd323b
318	train/0004-09/E3SM-MMF.mli.0004-09-12-79200.nc	40912	79200	1897632	942da88559a37ba99ca795e9162c589d33cab6f779f27ebf8139e13621ee4615	22e1c6f32f60b24dafc078cddbe3a28c0abbbe4d0dd487f5b5c1c8557b745c06
319	train/0004-09/E3SM-MMF.mli.0004-09-16-01200.nc	40916	1200	1897632	100cf22be994bf8be5461b04eb008159f61e742c3c6cfa60f24ba6574f5f2b06	aca184ebba692342e26813c6c9e59806b7165863990918c4a2753a36cc1719b5
320	train/0004-09/E3SM-MMF.mli.0004-09-19-09600.nc	40919	9600	1897632	6245b77f19c4c61973c82409a3e7326dfa8eb522e0bbb90f96487cdfa394dd20	70ce8380921776464ff3e85846f3185036d1c3c6bd1e2a977bc3c47cb3bdb80d
321	train/0004-09/E3SM-MMF.mli.0004-09-22-18000.nc	40922	18000	1897632	b16e0c7fef12218344268691d6e7f7e72b6a5b972d285f923328909d5c793552	878e3943bb49526ebbd30403cd24027f21e8d928a9d5c52be111298cd4481f62
322	train/0004-09/E3SM-MMF.mli.0004-09-25-26400.nc	40925	26400	1897632	dfee990f587f328d59eb5d4ff1c8426ec784198472f4bd55ef2876f42a703360	fc53e67d9850e0d2c5ac4300390b69b6fa3f424aa7f2a76376060fab72752072
323	train/0004-09/E3SM-MMF.mli.0004-09-28-34800.nc	40928	34800	1897632	36b28eba8105d41c6d07f3eba80d5061fa6629a8378d090364ec222aa4433725	ed76d3c35ce932752f3c356fe7fffafc85df8b5ef97db625ab1ebf25964f0ca4
324	train/0004-10/E3SM-MMF.mli.0004-10-01-43200.nc	41001	43200	1897632	ca284863faa99395e6067a516a51a989003384d12bbfcfc5ce96ff13b4849012	c98a4fcce5db7affd8a54664b835b2147ab3b0d4ed8a1ea6c0467c4c6ae885d6
325	train/0004-10/E3SM-MMF.mli.0004-10-04-51600.nc	41004	51600	1897632	7fd8cf99df0025336229b9ff594f041114a6a54df0c2645a9a7e163916e63fef	68c5a820c0788c4b0e20e100ef97cc792d30cde444c82c5c6ccef542ba690a6f
326	train/0004-10/E3SM-MMF.mli.0004-10-07-60000.nc	41007	60000	1897632	adbe44ece4ea045bbce9777c880c857f8b57f3f8b869f7976689ddc73cb35e82	6b9d003d6046b4dad788a9b9b62ecf08ea26d13d9d6ca99b5b3b4b2f5d015fe1
327	train/0004-10/E3SM-MMF.mli.0004-10-10-68400.nc	41010	68400	1897632	f79a763d29acb40d263ff7056f9318b9999f7ba61eb266ec7d78e44610770d6e	eeb9aa33d8b408a52dd99f82e8813118a3c47fc0b1208922e28ec2a24f1d94ed
328	train/0004-10/E3SM-MMF.mli.0004-10-13-76800.nc	41013	76800	1897632	304eaea02fb738752f9ebef3c491270b58f8fdbd65b931972e9f9ddf3c4e60e0	bead12b5ecffa825289c52e661610356cb32342d251e412fc03b75efd5b36df9
329	train/0004-10/E3SM-MMF.mli.0004-10-16-85200.nc	41016	85200	1897632	38c175dd8650c94b4a65a82b16340ff8d18f0564c9fe6b36ce6c22e0d5d47f11	7fe8157fe53cc85e3620ac850056f642c17d4ce267bcba119720621adfacf96b
330	train/0004-10/E3SM-MMF.mli.0004-10-20-07200.nc	41020	7200	1897632	7a869f239de9d676fd77f4878f925e6510974a6f779ef4d410a89f793f8764f0	b52851334adf48a58422cec51786a845761f4e1a4d35c7a6d684a830dded4212
331	train/0004-10/E3SM-MMF.mli.0004-10-23-15600.nc	41023	15600	1897632	afba5ab81eef53f8b967e7ef2d3b24af01f94e6841aad5f2c681fdc613862956	9ec87574bae9023703cbb22f5e3e89f6d80cbf2c022b4e0c0b88aaf1bf455aa8
332	train/0004-10/E3SM-MMF.mli.0004-10-26-24000.nc	41026	24000	1897632	2bc7fb94b6959fbeeb6564c82fed409736bf1545779d37f5d444a2b94b6f769f	e92155f77f335bd72531dcd93640103b61ad6385ccbce37fe107abb46e4493b6
333	train/0004-10/E3SM-MMF.mli.0004-10-29-32400.nc	41029	32400	1897632	643d3fe002de2dad25eca1fbfbe4424c7e4790cca901215657eb11c9fb69a052	7dcd47ea41de3658c739b228aca99f3eadf8d6a33bf612ad4af4e63b2f5c100a
334	train/0004-11/E3SM-MMF.mli.0004-11-01-40800.nc	41101	40800	1897632	4f9491a8ea8fe4bf401eb97cfe3c0ed65949c2903ff31699cc01d181f97002cb	ecf6f6f6ed8c04de00086478c5992f11c31613d76c803912eb66ff5cfb07419c
335	train/0004-11/E3SM-MMF.mli.0004-11-04-49200.nc	41104	49200	1897632	e74eb45d273ef7e08ff78343728175ef3a042efe12d14e185f9f9713ae2691a7	9a21298cf84225d2e97962a2e48dcb0118cff55c511d818d8c63b8dd025df3e5
336	train/0004-11/E3SM-MMF.mli.0004-11-07-57600.nc	41107	57600	1897632	c5a8c2ba737971dd7969f3e32cadfa1e114647e7b58cb1ab14c75f916f775452	860792d655f4e587d361926a2a7ff7dbd1a93a881ed478a8463bd9f23d2b542b
337	train/0004-11/E3SM-MMF.mli.0004-11-10-66000.nc	41110	66000	1897632	5ca1a58b8c31198d05b60d4170d8e6e1483e7294910efec8c2e20bdc577da128	23c62d8471b9c594706e66f9d931b7ec15659ad87508a7ff4d8ddb676f028e11
338	train/0004-11/E3SM-MMF.mli.0004-11-13-74400.nc	41113	74400	1897632	eee5a0329d273698260d23c6ebf6df5982509dc075c693083815da93b3cfd5d7	5ee965a1dc2b1b96ec75063c94cc28596e123009bdf544ee5f98c0de81caa1b1
339	train/0004-11/E3SM-MMF.mli.0004-11-16-82800.nc	41116	82800	1897632	01bfeb2664cacd0cb59e50a640186867898093ea789f50bae8379fcaebac5a93	2400bf36a7759a836ec3b5df95e723dadbe7ca7e1e0dea854857703836ac88e7
340	train/0004-11/E3SM-MMF.mli.0004-11-20-04800.nc	41120	4800	1897632	2cf12f62815979b61f4c7fa0e326fc928953c53062d2bbe9931d1f3c58125dfe	9f867332011161897b3d16f1beaacd77cd78cf0be1d9e965678deaba9a367fef
341	train/0004-11/E3SM-MMF.mli.0004-11-23-13200.nc	41123	13200	1897632	025ff625a32c7bdfd648745b646e8721e78edf74b22a381cee1c9c47197dfdfe	ddbf2f3931ba50ca66fe3746b2e070513fdc3c5a60894bc1808357ce04467105
342	train/0004-11/E3SM-MMF.mli.0004-11-26-21600.nc	41126	21600	1897632	bf8e0c1844eba0e755ce21295ca13ed2eff5b320615ed942c25ac434ef3c020e	e7d952c3e8d0249f21b6c80fc4d525293280988d261294c910170a9767bbf732
343	train/0004-11/E3SM-MMF.mli.0004-11-29-30000.nc	41129	30000	1897632	8dcdf754546f21400a4eb13fa626bde94bba446adedc0ae19c9cf08a18b67a84	51ceabea14c7810832cb0070b7b6adaff70469d7bbb029a548d2c1fc724d9f98
344	train/0004-12/E3SM-MMF.mli.0004-12-02-38400.nc	41202	38400	1897632	07710ea94d37adcf0461a4631e19ba1863f9d95d5fa84b0074a629a05a8f10e1	503302e397e13192a4fcd7d18aa5c1676c16c8299dbc7724590be37bc9ecc59f
345	train/0004-12/E3SM-MMF.mli.0004-12-05-46800.nc	41205	46800	1897632	108e44814c4d09f5ed04b524c24d47d081b0fc1161110932b7011e02487d7045	b981aeea4db51ced1024e02c21a1f6fc033b68f35ee7d7341a8abeefea198c70
346	train/0004-12/E3SM-MMF.mli.0004-12-08-55200.nc	41208	55200	1897632	e6d4ab968b750e540c5bfd4c197c525a3d9d18de597ed5169e9fb2338c798e9a	8d5ccf085f371798660dc76e73295bbfd7921bde7b97645bb2a6085d7c456ac8
347	train/0004-12/E3SM-MMF.mli.0004-12-11-63600.nc	41211	63600	1897632	b8573b22c0124bb873a2087a7c66925327e8e1293580e7c5ca27c1ffabea0304	a8168f410b43c5886029756571d39e59f8cc0a140c7476975a5d934c145bf651
348	train/0004-12/E3SM-MMF.mli.0004-12-14-72000.nc	41214	72000	1897632	277d3466df26ff62ef32c894e5f50daa5fb45e7432c9bcf68355fd283a3d383e	65edcbc67d2975738ba83181de4e94eea12ec0fdfd3367f02cde014e97c67f44
349	train/0004-12/E3SM-MMF.mli.0004-12-17-80400.nc	41217	80400	1897632	ff02d84d69f7dd071a96b6faa9e8b743e566d435f6b6b9825817ab40374432d3	b73e0e180a6d0cff49372b501b7ebcebbd0f1ee351be63af454e07d0012a9f4f
350	train/0004-12/E3SM-MMF.mli.0004-12-21-02400.nc	41221	2400	1897632	aba0b01a76a1ed020275dd550312d44ce1650721579771270292ea0792acfc8f	5f6cbef13c7b68f5477b5598c94f9f757dc9e91053d4bafa5ecbd303bc721ed7
351	train/0004-12/E3SM-MMF.mli.0004-12-24-10800.nc	41224	10800	1897632	cc1d4dba075cb667fa03c9339469821845b17d1a4a8c7f9ab0edca8fb471ae57	1f0171095310a8603a8e68d3ba04c5b65bf048396a95d6f6c9c46788acfc4488
352	train/0004-12/E3SM-MMF.mli.0004-12-27-19200.nc	41227	19200	1897632	0fe44aace47a717bca89546cfef54516231b4ebcb6dd8c42ee87fba67b94a24c	27ca7564faf5593ceb5f605fdbbbdf6cbe22c747d4762c399d73a5ec36bfe11d
353	train/0004-12/E3SM-MMF.mli.0004-12-30-27600.nc	41230	27600	1897632	5c3548fab7c7919f6bbb507ed7d3902d8d54ed3a4c1b0057d5f8e25d839a8496	4542fbe5437029c788bae2743ab386f175067173a30bb5f7ac75c3edf386a9be
354	train/0005-01/E3SM-MMF.mli.0005-01-02-36000.nc	50102	36000	1897632	f81a41e10a67c35cd3470c68d49ddc048e33d41002ad5855b0cf9b6e70f3642e	04c9ee68e7bcdaff5b1afb6d44a468a614257c65e8b6cc1731b3f211ad77c60a
355	train/0005-01/E3SM-MMF.mli.0005-01-05-44400.nc	50105	44400	1897632	0ce8c9f8b9017f571383a4922be843914d1991b0b5c26e25657eb872acac049f	4210aea9cd81090b0e268d73408752075c37e519af0cdb9407e71b4ccd0d4e6f
356	train/0005-01/E3SM-MMF.mli.0005-01-08-52800.nc	50108	52800	1897632	c7a9ff28941b92f9b0612d5ad835acd98d82bf0f0f4007caad46b1375286f457	ba511efb14ab21bafcd5938aaaec097f3cbee41e1b65604453a470ef280df1ea
357	train/0005-01/E3SM-MMF.mli.0005-01-11-61200.nc	50111	61200	1897632	5834f242926bf9b39187483af5877f0ec6b0162f5b8892ecdcad67a2ead9f152	23633be0dcc0150b234fec7fb718ed1c9f174ab01a52bb78d66f064a05534f03
358	train/0005-01/E3SM-MMF.mli.0005-01-14-69600.nc	50114	69600	1897632	5216854841f0a5b906796e4f18936cf13f1a133563c77d147f64cdf99c409b2e	bfcf99cda2497e968609999161d2363773af24c6a209efb3a77af03c0083ba3a
359	train/0005-01/E3SM-MMF.mli.0005-01-17-78000.nc	50117	78000	1897632	c339704379012e083d5ab1b24e4e813d4aefa8b56d43a1b5780aa0ca9c7862a7	490c7b999053e27ef038fa4951ea3cde6649ac22e4df73d5d456ebc6bae7827a
360	train/0005-01/E3SM-MMF.mli.0005-01-21-00000.nc	50121	0	1897632	7da377cbfea190bbfc71a590cb36acd96e6798f68b697a9b8561240167ddc919	30e772d851dc20db57757c3292587e7d425c0ba7f57491d6e1b0a922f3031cc6
361	train/0005-01/E3SM-MMF.mli.0005-01-24-08400.nc	50124	8400	1897632	20355600e5cd6b7678842729a50e098d4d5a8a39a45c039207ea5ae10887a761	600f90397f9227eb43bf117744afdb060dabab3d7eb644a74d0ecc554322b686
362	train/0005-01/E3SM-MMF.mli.0005-01-27-16800.nc	50127	16800	1897632	3345d80423d24eeaa0adea7f8afd1a467920cc9442246ac4c0b7d70a32332eda	69e8b18daef0141124ce7e01505e1492f63bae3d26a0336702ea6efc8c64b781
363	train/0005-01/E3SM-MMF.mli.0005-01-30-25200.nc	50130	25200	1897632	1013b681285aeb6a0ca096c8e52369f59ee582bfc4690d4d32dd61f7b95c7dd2	ef9a0e00b9940aea935127064eb071953f9534c8e34c0e91fd9ffd0645475bde
364	train/0005-02/E3SM-MMF.mli.0005-02-02-33600.nc	50202	33600	1897632	18d12f01e7350b4bf09573c763a19c06e64f864342719b1b7c75aed13312b050	c62997d6d07cae759b7df001a419e7b7547b0fcf082457384e25f6ac995e85a5
365	train/0005-02/E3SM-MMF.mli.0005-02-05-42000.nc	50205	42000	1897632	70250beec14629cfb21d99e7b5f742c928437e9560ace03ae0d2a65a6f58b779	1e17ba8dac60f37b37734ab2fabdf4acffdd14237742d2edce961ad4cec9fe2c
366	train/0005-02/E3SM-MMF.mli.0005-02-08-50400.nc	50208	50400	1897632	9cf60f43cf7a40a50c1400708e2dbaf40ad54d6cb6d7af09166f9ba69aa474ad	a0b62e2a936bc02d18c39b4eae20f54e85fbb3f1cbf4c26da09b221b15d96d0c
367	train/0005-02/E3SM-MMF.mli.0005-02-11-58800.nc	50211	58800	1897632	52a4dcd910da44411ac984005ea0a84277a39e519e715b657747151eb835dd29	a0dbc706ca34a7f71e97ba456e9b20efd7458c50f2da66b7e391e79f5ee68e4f
368	train/0005-02/E3SM-MMF.mli.0005-02-14-67200.nc	50214	67200	1897632	b101116c5e96ff8b911018b69a2442a2924dc007659a5f21443cf1c732b21eeb	eb9864e4e2d226ab60e91eb1e3b2910cc667275bd307b064fbc6976145a4a78c
369	train/0005-02/E3SM-MMF.mli.0005-02-17-75600.nc	50217	75600	1897632	f4160343214129e772df9c141332761d9d88b367085be1a176f3bddc302fa6c1	b532685beeb7f5060c8bda9d0d1f77dd20e991279bb48443d1df1e6e0f0cc095
370	train/0005-02/E3SM-MMF.mli.0005-02-20-84000.nc	50220	84000	1897632	902190e7af741ddb78f1b10fe38456eeecbad8bf13491a2b3514a047d64faa4c	da2e0040ac273cc3cbe15cb911650d85ce99a8d68772540879cfec05b985e3b2
371	train/0005-02/E3SM-MMF.mli.0005-02-24-06000.nc	50224	6000	1897632	1d85f1f7e392acec6bf1b482f0f5fd267d0900ddc6d32d772b38a6b4495353e9	1fb9c98147e1867cfa50896e32ee3c8a65eb2d92e8cb2518c878d804a3e52787
372	train/0005-02/E3SM-MMF.mli.0005-02-27-14400.nc	50227	14400	1897632	0b2a2caf4471d982523c87ea8030a40571ee6bf6232285a6207fb344327d2e6a	d280d3deb3ca848282325d7b333c864a4f7314b1041b1ad271e045671ea232d5
373	train/0005-03/E3SM-MMF.mli.0005-03-02-22800.nc	50302	22800	1897632	3ad781c40e2fa98bb963be08cf9ee6e46d619863cafa20c863e5227962e173a6	b035e669dd76c54c16d8dbbd14a7f8719bc73b813f097f125a1a7f2cba131556
374	train/0005-03/E3SM-MMF.mli.0005-03-05-31200.nc	50305	31200	1897632	722c8a784c6a3235a34acfca3a4a8a82af65e63248294d5566066273b02a868e	96edc9c823fa65895c0da8c453daafd04a87d9eefac03200c48c028f38245d75
375	train/0005-03/E3SM-MMF.mli.0005-03-08-39600.nc	50308	39600	1897632	80371c996de00b331227e85c39d7014649ac624282e9bff49a2d43c81ae461cb	acb5751aa74b6f9c224ef65c44381ab34042d02ccaf4bfac4584b0c3119b8ffe
376	train/0005-03/E3SM-MMF.mli.0005-03-11-48000.nc	50311	48000	1897632	27119882a9f2b15782c62c6b4c40a62c620d73656710e3f2750868726880154d	20990c24a92386bde9c95e15cba3ff639bb959c31f8d56ea490dc8a7124b1d99
377	train/0005-03/E3SM-MMF.mli.0005-03-14-56400.nc	50314	56400	1897632	010b7060771e7876fae1d084edc038787d44c0ef2f1c590e612b7ef89049717c	52e3ed07ac8e6b0ba87537487e3ef56d0f6b27599f5d986f314989be5d2706f1
378	train/0005-03/E3SM-MMF.mli.0005-03-17-64800.nc	50317	64800	1897632	2b5679ea28daadcd9ff354e95679d87a108ba3fd4b3bcd762cc876e6df9d2112	9b46d0c7148925d62390a834b848d7f8dc48460cce1a9ded0c6d75ec947ca587
379	train/0005-03/E3SM-MMF.mli.0005-03-20-73200.nc	50320	73200	1897632	f1e3d1bf869ec84fb7a5f5e551956d23edcc344b2b58c669be7bb338c3c053e6	301b060ebac08f939b579a630900cb33bf1c413352a31011af04174e6268c7e0
380	train/0005-03/E3SM-MMF.mli.0005-03-23-81600.nc	50323	81600	1897632	83d3c48f50206ef8676fcb359ce0602cfd375a4092be3ce3047b218ed82febe9	127a0a78fa87a8efb47ee0c39c05c1719812162ef16e2250aabaad80a79d630d
381	train/0005-03/E3SM-MMF.mli.0005-03-27-03600.nc	50327	3600	1897632	2bd664126f60722f7550bfff057e961c8f29543212285e8440a9d27f3685bcd8	06d44341ce266a451861d60d4ab3177593b6236418990ca13446ec1f0ad7ac4d
382	train/0005-03/E3SM-MMF.mli.0005-03-30-12000.nc	50330	12000	1897632	d2a5cd60abdca29070eec162201fea3993e16a2ae496001ae75a2f08e660ad1c	54603f33f5a2d913c586cce4a128d96fab99f48f482a190bf707c6c2b8b8794d
383	train/0005-04/E3SM-MMF.mli.0005-04-02-20400.nc	50402	20400	1897632	b629d173279d62a89f7cecdecaab59d8ecf2c21f8c6781a475c0a27652864c17	38a97765ad3d92ebe7f62227557036f09a02e946de8b08c76260f4129fdc4089
384	train/0005-04/E3SM-MMF.mli.0005-04-05-28800.nc	50405	28800	1897632	bd32e54d8b58364691ff2fcd10e17945a793e4e61c86fc2bb0ff8a9f8f652456	95065bc8d32709dcff9776b464399c2de9089be04e611260dd1d778b260e2590
385	train/0005-04/E3SM-MMF.mli.0005-04-08-37200.nc	50408	37200	1897632	16030e6c148a9e9ad43d4a8b9e042a17fb01bd6c9ffc3c55e2c347ee06f59079	18f4be55793c0eaeb8e04fd9f3601335584c9b4ef8efc445251c82a72f1fbb6c
386	train/0005-04/E3SM-MMF.mli.0005-04-11-45600.nc	50411	45600	1897632	a566012691b1b0a043e0e34d7863246f0e3acf734ded7d1f0d22b449ecd54d62	c79f442ecabbfb03ed5b4dbe8c7edc7b38e26365a3e16381a36b8d6805169cfe
387	train/0005-04/E3SM-MMF.mli.0005-04-14-54000.nc	50414	54000	1897632	308ef32f59cb3881fa1ab1c695320f1b71e478435134e10cc8c5b2a319378f28	cb642c494fd1938504c42179ed46c40e2f51ee26d2cc14a9affb69e1cf49319c
388	train/0005-04/E3SM-MMF.mli.0005-04-17-62400.nc	50417	62400	1897632	4156583f5d2320cf8aefbc751fb5590a04d63dbd4748a5c2f28230450564c12a	94dd8113bf67ffab398a1a094a25d70dde5dbc37289a638884029fdd8d7a5bea
389	train/0005-04/E3SM-MMF.mli.0005-04-20-70800.nc	50420	70800	1897632	aab12c3f7c7fa639f905de6ca2d2cfe3bcbe3675e284825c714c5efcd43b9690	ab7c6484cfbff8a00eaef446b1d0fa8c06f179f8a997098a51a830e11492eede
390	train/0005-04/E3SM-MMF.mli.0005-04-23-79200.nc	50423	79200	1897632	c930b96da029dd3471fbf6a0c83697359607c30c5c36874853d40c6d899530e1	0ccf8e414f35017296674b21987ed5a9cbd9259287930d45246133d1241606fa
391	train/0005-04/E3SM-MMF.mli.0005-04-27-01200.nc	50427	1200	1897632	27e61189a9649318a6349788915a2102c40c1b8aadd3b02fa786f12194d584dc	34d9e2d98a294660e460de9573159f1be97ec4615157029d2b9f35e55da53e5e
392	train/0005-04/E3SM-MMF.mli.0005-04-30-09600.nc	50430	9600	1897632	798da6c1fcd1a37026ceb6b264b99e7043a14f4f607627d2c257608cc7fefb23	5ad021dc7f81b3100bd066bdef96974307565c91d827b1655ce6ab42aefebeec
393	train/0005-05/E3SM-MMF.mli.0005-05-03-18000.nc	50503	18000	1897632	209826d12858e3f2bd10a09595b2bdc4dc40ddb01d97714866bc3014fa3577b7	83c26ef3498620ae6e0da976d6e609c1951154c7aa10fdba2cb7814117357019
394	train/0005-05/E3SM-MMF.mli.0005-05-06-26400.nc	50506	26400	1897632	fec934215d507a2f6bf986776c50211a0dadcdeb0c0019de9b3c383c0bc0c3b9	7754632d5e50410cf17445b58d652ef2d36ddda6b101bbb3302e440b256fe840
395	train/0005-05/E3SM-MMF.mli.0005-05-09-34800.nc	50509	34800	1897632	c3a58e274b88172c1b784291561ad3517000fc86967dc95e6591465356c643c1	5007d48d190021af15c87185ecc8c360e24b76823f6fe0bef688404822ec5c59
396	train/0005-05/E3SM-MMF.mli.0005-05-12-43200.nc	50512	43200	1897632	626774d359f229782df82ee05cd0fd091dbaf252fd770d886bf4f0ebb81ae3c1	b05358e882f45974b98585b13d567bc29665c526edcc617a0ece1ac3c7f3e508
397	train/0005-05/E3SM-MMF.mli.0005-05-15-51600.nc	50515	51600	1897632	38f42a696dd0029fd3148c49faacc1ab8bc2ba76f0c798e185675eae495f399f	7ad9bdf01b601f5b2b237ae19df1f2e7dac79aa2c54682f61a007b3bb1612f2c
398	train/0005-05/E3SM-MMF.mli.0005-05-18-60000.nc	50518	60000	1897632	c8b36cabd8ba4a3a08d2196e784d5bf90e8d077eb3382ad5be33aa364fc9f6df	040b02d14819be9b50aae24480227af73e00dd7ac9048084e94bcde2fe4df41d
399	train/0005-05/E3SM-MMF.mli.0005-05-21-68400.nc	50521	68400	1897632	c056e5d446dcd4ba64da0164472936713bb111e431eaaf00f718eb5503670c18	822375fde923264011b5275ae9e3096e5c7b59ef581e79fcfb7c9c93aa920b58
400	train/0005-05/E3SM-MMF.mli.0005-05-24-76800.nc	50524	76800	1897632	16c2defc373cae6eb4f227b88ad598bf857b170a341b1d8cb6ee0ccd5ce541a8	9d3f3aae6ccd077b38b756a9cfdc469821ada37ef8f535f7321f362db600240e
401	train/0005-05/E3SM-MMF.mli.0005-05-27-85200.nc	50527	85200	1897632	182c6d748693cd63fa595c466274ce5620309644e336de61b191d87297db476f	0010841a5f9fb7c128c6d64f3008ca1e92e46d7c60424912caa1bb66b14b6dd5
402	train/0005-05/E3SM-MMF.mli.0005-05-31-07200.nc	50531	7200	1897632	620ffffb1a15ed42d4f73dbf46b038283a5eba284910c71890f62454dc7e72cf	c2bbe6d6e9e4d90d9a30e3e565ac0fb3cf0bb877df01a01ee2c15229eb6d9ed5
403	train/0005-06/E3SM-MMF.mli.0005-06-03-15600.nc	50603	15600	1897632	4ecbe1cd25256e5cd86229bc12799f7ed6822cda55d9cc3b894c7a6250e9f1fd	839d7a2d3b692e477946064e52fa48800f54d29dc3cebae1a7252939b017b138
404	train/0005-06/E3SM-MMF.mli.0005-06-06-24000.nc	50606	24000	1897632	e3d21275ffe16ce56beb3094baa94697d18f23742e22b0db932a01f2782c93bd	75b9429b0720bb249b0090917ef1038c81363b8177e26becbb23f778345a52ac
405	train/0005-06/E3SM-MMF.mli.0005-06-09-32400.nc	50609	32400	1897632	27801fbb97ad337410ab1253e1745fe5567da3a6c9b3ae0823784bb5a0437c97	20541dbbbd19f26c0dbe5a61d3632644328abaad9de30bb53504e606266fc979
406	train/0005-06/E3SM-MMF.mli.0005-06-12-40800.nc	50612	40800	1897632	6091949864dcd3dd0f37c44fcaa54ae60466a4fb60c4a0eeb77d2b061a8db8be	4dd100313117eeb368fcb5966ea420f90869aad67f1a739a43cdb93155e907cd
407	train/0005-06/E3SM-MMF.mli.0005-06-15-49200.nc	50615	49200	1897632	0f88a31952ce5cb92aa735b672be9416b840f39dfadf59f32c0746685f13fb5d	6caa8acad320c679f52350f1fbd0363298ebfce2fb449b785a082789d57c6fda
408	train/0005-06/E3SM-MMF.mli.0005-06-18-57600.nc	50618	57600	1897632	88f309400fba3ff3f7e8121665e98ef1fa8e5267d38840f65959be98c54b5252	deb755c612486b186a6f3d17eedc37bc55cb72f1665d278dd8b3425f446bfe63
409	train/0005-06/E3SM-MMF.mli.0005-06-21-66000.nc	50621	66000	1897632	06c379f53c5257e9ddeed036ed4e80604934afb0a3250a4dba5ee078b7334dfc	5edc743c40dd7eee8fc8392c3e7fb39ad39e7f82236244844413f695973170d0
410	train/0005-06/E3SM-MMF.mli.0005-06-24-74400.nc	50624	74400	1897632	b49936b3590bb1a9ccc8972bb11d7fc0fb01bb66ace190b7e99e7d8ce24cac95	9357da0a9d57160d832578fab9553c6f6be3a2308944a7a87020e7a67463d788
411	train/0005-06/E3SM-MMF.mli.0005-06-27-82800.nc	50627	82800	1897632	c3a2312310185bc289b756054e617316f2995da09e58d0507ba59672cee77c7e	2d770b9a1d6f2e21384177f2e5df2fcbe71b2a2c0b9af952b96700702ce6feb5
412	train/0005-07/E3SM-MMF.mli.0005-07-01-04800.nc	50701	4800	1897632	11ec70375ee8ef077300939f787c2e508b9e6b3ff04b2c2a8b2cfb34bc8ecefb	50cdc3bb6b63bebc199c82a56c0efc5bc920be3e5f04fcd113162fc246dcc743
413	train/0005-07/E3SM-MMF.mli.0005-07-04-13200.nc	50704	13200	1897632	c06ca91cffc554adab25af0532f88aa489143b9fe363f1e473cdc525f95a1b16	7f254d9f99b0342f1f680144d86ad74b741628a8279f5fa47449f2c4d9a92723
414	train/0005-07/E3SM-MMF.mli.0005-07-07-21600.nc	50707	21600	1897632	145c234f66c124cdb4c19769c6c2c30ca1a2ed162ddca5ba249c707568e2defa	5b6139058fd7010d0ea1489fc9576659b2f9b0ca1a0c90070005ec77a9fcc619
415	train/0005-07/E3SM-MMF.mli.0005-07-10-30000.nc	50710	30000	1897632	a93281b6fbfc5dffa7e3f3168ebe376120c0fe08123b52283c912f6f757616a1	d4ba8cfab2cbe3282583d3747cc783a02f6b8f193af5b3988c8beb2fa183913c
416	train/0005-07/E3SM-MMF.mli.0005-07-13-38400.nc	50713	38400	1897632	0febde314b4414b7335a03075ed7d509a230614e60a049dd2de5dc7f0984da34	4645e14710788408e0e02e36b8079d68808b448beb3569506081a93ec89ffbfe
417	train/0005-07/E3SM-MMF.mli.0005-07-16-46800.nc	50716	46800	1897632	71e810be56a799dac9f9d936236056dd066ffce753e3e4cb1580ea098f2de1e3	6f8e67556831291d21aa19721b135433029b4d62e66a43fca22eb10aed51ab76
418	train/0005-07/E3SM-MMF.mli.0005-07-19-55200.nc	50719	55200	1897632	dbc0864678c623bc547013701c4d81f914723f214aa4a3f1d6f27a5ee58cee01	1fe52adce464873822c705ce87a53b7a65949dbf0216bbfa4c40171f7e91427e
419	train/0005-07/E3SM-MMF.mli.0005-07-22-63600.nc	50722	63600	1897632	a30015ca916ad03e2c55cfa5634aeda3b6660a339d0732e38c248a281b0b3190	1f4a8df639d0c0d524cea0e3f73d0e7121cd4c1a2fba05183015f0d07cc23873
420	train/0005-07/E3SM-MMF.mli.0005-07-25-72000.nc	50725	72000	1897632	510dadf3a4b935c51a0542d28f586e1e5e4d31c77b55e927d8b1b94fa30c2a32	8f7c830017dc12a149ddc1317f638cd6284c14311d59df438a4dec2aaec1b955
421	train/0005-07/E3SM-MMF.mli.0005-07-28-80400.nc	50728	80400	1897632	faee083b412951c4872a4817ae4d76d99e5d5bcaafe269bdb92f5e16525622cd	137c0f726cea1e1351bf982782d929f4af86e90631318f1374e0b5bc2016af46
422	train/0005-08/E3SM-MMF.mli.0005-08-01-02400.nc	50801	2400	1897632	ac1fd11c91cea137cfdc3c21dc4f6f871cab2c2d488c8fd768f19d5be89003ac	6f19a7322b91d10785febb27f8c0e15119316f65fbf6c22f9d2aeb36adcd7eba
423	train/0005-08/E3SM-MMF.mli.0005-08-04-10800.nc	50804	10800	1897632	c6b28d1cc9a1fcc1c21a4a370f7604ad70045586f297790d69bf8face097a93b	8934eb352ff67018a93b9faf03e677ea65d438e77bc3a5291b237bf44485a92f
424	train/0005-08/E3SM-MMF.mli.0005-08-07-19200.nc	50807	19200	1897632	eb6c74efbfd5392c4da50652e76cc5a5b3bbf3f0518d60d002507da5bdab2eb3	c7301f7aac36182513942557592dead31b418c63e2bfb0f6ad40fe43fec9a8ed
425	train/0005-08/E3SM-MMF.mli.0005-08-10-27600.nc	50810	27600	1897632	7fd8527c1d01eb0a45e3f88a1bdf9c80a5f4ed0f0f665b7e04e71f35234658f3	65781afd9ebc4d6dcbe20efa1c3c4dd6d4975f1af4d12f893934fbeb190f635e
426	train/0005-08/E3SM-MMF.mli.0005-08-13-36000.nc	50813	36000	1897632	7189630b05d814fd5164a07dec0b2ddf8a3d613948a7f4892061f4e36752487c	9c754b6c7afa24228241688e7aa3687ab89a9190485e2b62db3a997230a63fcd
427	train/0005-08/E3SM-MMF.mli.0005-08-16-44400.nc	50816	44400	1897632	39693da5ddcf4e724f94349805bd6da682bba414cbf6b78d16bd116fc15ffe14	a532a89140d2802cad04d0c53ea55c906766f23fcc20379b863808c63aaabca0
428	train/0005-08/E3SM-MMF.mli.0005-08-19-52800.nc	50819	52800	1897632	ff774974106b06a0f2477d2a1f1685b862a3bac6365dba16f8adb17406d3186d	ee983306880b94a67d1345c3214202f406d47588732ab345e5a839a504f96969
429	train/0005-08/E3SM-MMF.mli.0005-08-22-61200.nc	50822	61200	1897632	575e20c9c5d3fbe2162c52711a6c6b79735445aac5d870eccc670415e58020bb	4d85c71974a339be2ab585e9b7178468565312177fe53a40f91c8f9d73ead7f8
430	train/0005-08/E3SM-MMF.mli.0005-08-25-69600.nc	50825	69600	1897632	3548abaec59c2d829cca087faad15b04bc938f1285a65e8ef7d48f194ae3de97	cf490a3a740fcbdc2da32ad24ce61eef3d4c010b76c81192bff64a6911abd7bf
431	train/0005-08/E3SM-MMF.mli.0005-08-28-78000.nc	50828	78000	1897632	8d937a2c60d649c6ebc22bfa2ccdda399f7e3004a8f5a91038b3e1859785bdf0	296809a5ae3e170522498bfc186597a17672d82c89d91e9c3f97d1c8dbf40f44
432	train/0005-09/E3SM-MMF.mli.0005-09-01-00000.nc	50901	0	1897632	f1e9abed38a07d0f771dd33c06e6166277b5cb0691d05a96c7ce54fcf5783db6	65f6d97b6753ebeaa1ea57db342f1fd66e3a29b82b78dc3bda014f7c746d902c
433	train/0005-09/E3SM-MMF.mli.0005-09-04-08400.nc	50904	8400	1897632	3922c4467834344c51313f1d467cc0c1450f641888a6ecf0d196372eb8368234	dd8a1e3be09b17a91e78cc40c47c8bb91fb9496d3b84f9cbe5947a2569dec322
434	train/0005-09/E3SM-MMF.mli.0005-09-07-16800.nc	50907	16800	1897632	8d9aea2754c26760d20937662ba7cac588e7a3dcd9903cc7ab24a8bd34fa9efa	717012feb94cb6f4dfb70d1746da8b99ef961169099d2b23f9d9c67461fc7325
435	train/0005-09/E3SM-MMF.mli.0005-09-10-25200.nc	50910	25200	1897632	3dbc431bd9d57edff2117152b769928b6fdbe3c4aaef522be0a7d530ba574e3c	4dcfad137fe7a628c036f6b3516e160fbd69044d467c8dbe86b9f3b2f519fb65
436	train/0005-09/E3SM-MMF.mli.0005-09-13-33600.nc	50913	33600	1897632	95452cee7bd3d163a65b9d872154be171263cefbc56bfd2a8168b8a0688f111e	7c274dd9d84f718dd357fb873966423136bbe29fd3c150b36040ba72f3982f9d
437	train/0005-09/E3SM-MMF.mli.0005-09-16-42000.nc	50916	42000	1897632	0f8c6f91e3bdb9eb738847b5801df53ffee9d387a15e49e8413d8779a435b494	e965738709098952dfe370cc68a6b43b149cde63cab8752095061ca27d267431
438	train/0005-09/E3SM-MMF.mli.0005-09-19-50400.nc	50919	50400	1897632	c7717dae16999e38193f4e1b66308136ff4308bb0fc1ab7d237f0beeabb19899	0f3875642226ef9aea19edf048959103609aac3932ac20b88cfcbc55a331ac4e
439	train/0005-09/E3SM-MMF.mli.0005-09-22-58800.nc	50922	58800	1897632	031115759706bba13678af08015c819dd87955d253d10d6df7b8f7289f0f3703	440275862445227d484e06e92fd99aae1c79795a82c61e66f65e816960f0d708
440	train/0005-09/E3SM-MMF.mli.0005-09-25-67200.nc	50925	67200	1897632	64933233d0f9b9ec9937f8ee64f3d2eea692d47318932b466cb4d157e8fad30f	89fb2e4974a4a9d2e8209081d950131a26b97dbcd0b608dde9bf3d0d25df51bb
441	train/0005-09/E3SM-MMF.mli.0005-09-28-75600.nc	50928	75600	1897632	09b919ec76d9a98677aba4380f3488029a300ecbe7381e9a803c784a1d31119c	aecdb62323a9e921c81f6c4dd52034f668a650701c90db74d79db216df60fcd8
442	train/0005-10/E3SM-MMF.mli.0005-10-01-84000.nc	51001	84000	1897632	ca81a216ea296c39c5e768b5ce1b7ba0804eed56d051140fd88e74b8dd61ba33	25e5c883cbc0905e64aac271e25c12dca6b71152ed0408cd3bb65f367cf4d6d6
443	train/0005-10/E3SM-MMF.mli.0005-10-05-06000.nc	51005	6000	1897632	1f72d79cad89ebb875d3e21aca25ae1da3b926547fc7e87833fb90829a1be9e9	a0dfa8942dff189c8737839960adca5f5d7ca56c79a4afc722d65051653eb2d6
444	train/0005-10/E3SM-MMF.mli.0005-10-08-14400.nc	51008	14400	1897632	6c463e1dfdfa7f957ece1cfdcf0c8aa99b8947be0877d1a0bc3de2829b5e5663	84b1de668c89fdc9fd6125a949e870b3c78a65eb1ec0a31916e8f41b84a52988
445	train/0005-10/E3SM-MMF.mli.0005-10-11-22800.nc	51011	22800	1897632	7d33e200a201a948266650ea172da27de10f642ba57fd47fc0233e1a7d9e7739	e0e0386c4d4c5be969811de21ded0ee93cc1fafa75270ed750d34f4df454ee71
446	train/0005-10/E3SM-MMF.mli.0005-10-14-31200.nc	51014	31200	1897632	5e91a3cabdee51258998e3f91672623d9041368abed554c1da6029c9468711e2	4112595efd24b0f49f6346521b5bc6973646acebfc70aa9241bfdaeed00c8cc4
447	train/0005-10/E3SM-MMF.mli.0005-10-17-39600.nc	51017	39600	1897632	eb98b4bf70b377f67ca981d6c65bf779a2dc44cc76329aeeafd4bd4b2719519f	6bf94c6e3c8c50286a9d35c1355ea385867e0ca113d028e7a4db7245c2690cc1
448	train/0005-10/E3SM-MMF.mli.0005-10-20-48000.nc	51020	48000	1897632	4db5615d7d517d7a4a49afde646ef1af711c2009830c767df6e3202bd1351e96	e049067c5bb9ae93761ad565961720ab998675a8b8dd6d66375c0fa3e4a4f69b
449	train/0005-10/E3SM-MMF.mli.0005-10-23-56400.nc	51023	56400	1897632	c256ff8168a06ffd513fd97cebe65aac503e44e9fae2681386beabaa21524763	2dcd30ee8dd37ba504754bb5af0b357d9e993fda6797ea5e48dcca0a91f09b0f
450	train/0005-10/E3SM-MMF.mli.0005-10-26-64800.nc	51026	64800	1897632	c98f5dbd52c6ac8e4b076114f6659d83024f99e6bb3959ca77111ff197304008	537521ef889751bcccae0a29543e09c5cb4da9044e5f6b9549ed078d4f200e8d
451	train/0005-10/E3SM-MMF.mli.0005-10-29-73200.nc	51029	73200	1897632	b29f018dd85679362f9b8dea1164e0b97f23d57b4685700f925368042d9dd14f	a352c6c36ec5721e81b1920c3d24a85bf92548c33d53985b74498063d57470fe
452	train/0005-11/E3SM-MMF.mli.0005-11-01-81600.nc	51101	81600	1897632	dd9198b4e4b05ffea6ce09e5e9fc5bb503851cbc67ee199bb1a10e1536af32fe	a6ee9fd3aa333daad05978f6b31b9a6eb0e49089c896ba0140631daddb6ee741
453	train/0005-11/E3SM-MMF.mli.0005-11-05-03600.nc	51105	3600	1897632	ecf7e62eae921fa027f0c80c0d3fc2de361e74f700e6f0b68d96c0b4c4bb5223	4a0f85b2bd6538885c2e1e365e0169226f1f55c9a5b96851bd0a57dc4b839785
454	train/0005-11/E3SM-MMF.mli.0005-11-08-12000.nc	51108	12000	1897632	469a1def55180b4957ca80ace8cb8b30b21dc485203d4786f2c2a10ad6913322	7c6d5f5299b49211a6b9b8a22c7eed9ec0f3f4da742f07de06bc5908fff4b1cc
455	train/0005-11/E3SM-MMF.mli.0005-11-11-20400.nc	51111	20400	1897632	e4bc6bf554efb0516be55cc3cc85066a57331a89e4a878072a91b5814b41633e	7640d70d9e11aba74ca97f917e958e12555281113cc0967810c9d1b7eaeafa8d
456	train/0005-11/E3SM-MMF.mli.0005-11-14-28800.nc	51114	28800	1897632	47bcadf0fc96bbaedc0dc042a48aa85c22a8bf0b052569491f5d54036b09c66f	59b503b75b60fd59f0bf2a1255b83ccd4657a153fce137ac67d637baac3be213
457	train/0005-11/E3SM-MMF.mli.0005-11-17-37200.nc	51117	37200	1897632	f3043286efa23afc2acaa31dcc5147d4648fb24a48a1d0b6f61431628b06d4a9	5924387e9d38c80eb716af95fd8952e6c2757f23058f109473bbd0a3d5c7a153
458	train/0005-11/E3SM-MMF.mli.0005-11-20-45600.nc	51120	45600	1897632	30162718a9df0125bb197b333a2f464464578ab4a6e8ad6814c4743e19e3ac5e	862fd2c75ae76a316d87213e67b9833b58daf21a7b39e22921137b0d9ac27034
459	train/0005-11/E3SM-MMF.mli.0005-11-23-54000.nc	51123	54000	1897632	069264715cfa1fc1d7fc480ce00ac29afee2a4368302f041836673a504734894	f4f1697d57f33d68141dbe59df4402fccfcfaab5cd62b4624db84ce6a6fe69b3
460	train/0005-11/E3SM-MMF.mli.0005-11-26-62400.nc	51126	62400	1897632	73cb8bf2f9bfea917ba24d6490fea0b27454891422825920eb3509d8630b9747	973d828e68df99f3ff3fc1ee5fb0bccb06afd166238cfee1ba29fe04bf59dc4a
461	train/0005-11/E3SM-MMF.mli.0005-11-29-70800.nc	51129	70800	1897632	89660840d657776b41632caa00f6d1333a2263aa61fad314200b0fc916126484	67b64934d75755b7d3574fe048bf17eaeceb853dcbd6f2f6cd6808e55d6efd9c
462	train/0005-12/E3SM-MMF.mli.0005-12-02-79200.nc	51202	79200	1897632	2ce03d776cb0b9c2f6645914ef5b060bb193c429bf3152feb0e16840d8b1d8b8	61c40393a3d882a22761ee977b950274b76f7d8c159caeabf9de4b4e07335af9
463	train/0005-12/E3SM-MMF.mli.0005-12-06-01200.nc	51206	1200	1897632	80196bed7f95aaabad1591535565e667122d0ec61dc877996fae6b63c7d0ad9b	bf1a0f4ca9c7cd543c378a8c8ed6d0dfc005ef778ef2be2d24a8dc69ed645f18
464	train/0005-12/E3SM-MMF.mli.0005-12-09-09600.nc	51209	9600	1897632	7266f8adf59a018bad6bb4b061de920dad9f222832f8f15e7897694aa97c33f4	57430d46139a4b72e06cf30c03a3767bbb162b5b8c2a65c06d62b3ff5fc31c2f
465	train/0005-12/E3SM-MMF.mli.0005-12-12-18000.nc	51212	18000	1897632	7203b155de888ff2b90a47c2c51bcfb0fec41e1a3613a113c91d54837f25a5d8	3bda963c48ffdc581bbb9febf9c487d1b19af4b17e0c32049e980de6be64f9ee
466	train/0005-12/E3SM-MMF.mli.0005-12-15-26400.nc	51215	26400	1897632	a03713a6fe239a6a0bf59b9515feb4f91a79e064f3f588877de63825b4f423e7	f6a22dff9b897f57965ce0b811e5d596046880e348541004c982d9027cb17e56
467	train/0005-12/E3SM-MMF.mli.0005-12-18-34800.nc	51218	34800	1897632	c5212ccbf226041547e467db8be183612a5c6333915490211c8d0d75f012b915	b15de64b36f3acf398d952e99ae6399dce2e3f6c3ac79c31f8353cd2bfe48fdd
468	train/0005-12/E3SM-MMF.mli.0005-12-21-43200.nc	51221	43200	1897632	23af2303be3909b74541c64ecb77d4d72b82ab5e1c384ae444cd43af58404512	294c8a44737da17869e0eb4f6ee383e3c12fa2acfdda8fbebaf3b293e502bd17
469	train/0005-12/E3SM-MMF.mli.0005-12-24-51600.nc	51224	51600	1897632	7f3c55ac47d65ec0d4aac581325792cc39b9b84e06fa1a07e9bee7808e20ce85	fbf1f8102d9dbcd6249366b813afe1fd3a16fda81e0188bf13f09092b63b77a9
470	train/0005-12/E3SM-MMF.mli.0005-12-27-60000.nc	51227	60000	1897632	a7bcb5877b0dd49cb60b595d5d3e6ac578b1578d1be15ecf26a4d7b0de559e2a	8436bcd838444b5047142ca6a4a4c105bbbd0967f4d9ba22312783dd15851a1e
471	train/0005-12/E3SM-MMF.mli.0005-12-30-68400.nc	51230	68400	1897632	7452192ca26a4129ce00a28b4bff7c8df767110564ecab92d409e42be074587e	70f4f4d9c53dfb41a160f6b1b3aa482ed17d811b4aae5b527d984b74f37fda28
472	train/0006-01/E3SM-MMF.mli.0006-01-02-76800.nc	60102	76800	1897632	db3446cc87467c5d18763a8e3ad2aff61f7f28f20e91d821f5431b5df91bb49d	cccc1fa4cb5b43e3f40fee91aaecda1a5457d93d281c568f8373f27c28298fa1
473	train/0006-01/E3SM-MMF.mli.0006-01-05-85200.nc	60105	85200	1897632	0e3a4de1e3d207294ecb18e8a01eeaf51cfde8cf13178a94fb1f0321e309e8c8	af039ea1ef7eb8b1f09459ec9781826b9ce336f3b98a696b02913e8291f22830
474	train/0006-01/E3SM-MMF.mli.0006-01-09-07200.nc	60109	7200	1897632	b476b9647e123991439240ca2a4e9333e0c91bdbd9c063112a4fbaf49498e214	1f69fb96978e94ef4cff618da0b5823792e7b01e4abe9f966c632be3759d8bda
475	train/0006-01/E3SM-MMF.mli.0006-01-12-15600.nc	60112	15600	1897632	99afdcbf44141665c6f982cbb487a65bde5dbb9cf1483d8c26a62d6052ee3829	4383f6e8b937e9477a1b6661750de57c0336ae029fea81e43f3d970053090de1
476	train/0006-01/E3SM-MMF.mli.0006-01-15-24000.nc	60115	24000	1897632	0c65287c32e6b4ea21f0b58c5ebd316c4735522cee101246dfc6da298f24ad72	e9b4dcd8d86c9c5aa895ddb48a88e08be7306690eec39fbef3299a7901b37f0c
477	train/0006-01/E3SM-MMF.mli.0006-01-18-32400.nc	60118	32400	1897632	b53cb7181de956c688f339c741150a2ed4c9be56f62eaeed008ab6d4bf7a0924	1484288d52878bd5fcd912a3d958c20c512a7b1131355ceb6161518c90481843
478	train/0006-01/E3SM-MMF.mli.0006-01-21-40800.nc	60121	40800	1897632	f166fff99c6d00bc69c0478a760a750952eff31175db20f2c041867f9c5ba513	52e2a9d427bfb6e0ebaddebbde78d059d0409bf72274018435aacdb95ac9ece1
479	train/0006-01/E3SM-MMF.mli.0006-01-24-49200.nc	60124	49200	1897632	819f6d54189196a1b665d512aaaac0f0a3199743b98eccd47724bcb03f2f7d4f	c614b6c2fb585efee8715bbd9e085713a0a8b4fbb91616d472532a0cc80105d7
480	train/0006-01/E3SM-MMF.mli.0006-01-27-57600.nc	60127	57600	1897632	ed2383a9ce01f5bedc1e303bcc2ed49812ec4201dfedb75d097255c9a95f3962	064d9f3b5819860665f7daf4a676ce3eb681fe776eb9c9b18e9b4ea599d47672
481	train/0006-01/E3SM-MMF.mli.0006-01-30-66000.nc	60130	66000	1897632	b526abbf97299e3ef8617f3249b54144c97deb0b93b6249ecb7f4c378c65cfec	237825cce23d056b8d23ea1bd12195f2fd867f5478765c4f1159f3636d6b7c51
482	train/0006-02/E3SM-MMF.mli.0006-02-02-74400.nc	60202	74400	1897632	3d1fa822f1388d746017ee0262d917fa395b131de72b2604eae742fba6483bad	88943c2a3d1338cadcac101833a2ab7ef1b1b09bc73dcc5d42af67248d22d81a
483	train/0006-02/E3SM-MMF.mli.0006-02-05-82800.nc	60205	82800	1897632	9a38bed218549f3b1e1b68e216c029ee6a38fdc90d121103e716e10f2795e135	a24cc5825c04f8af067ee9c3513697c884b54f769415c6c7d49c5158c760988a
484	train/0006-02/E3SM-MMF.mli.0006-02-09-04800.nc	60209	4800	1897632	46a7281768f3cad718eb09d1535460ae2acf5220625af85e3a484d5293134f08	e0dfca5b39f9ab1731def59e8af727628a05449a10a330f0d7fc58f8a93ab4b5
485	train/0006-02/E3SM-MMF.mli.0006-02-12-13200.nc	60212	13200	1897632	098484f7f977216625a8c4a56c70acc4933c593546a15502004a82704223b03a	4cb57ea2da22b627b590722a3a14a25ff1e3b6f36311597bbc7997db28021572
486	train/0006-02/E3SM-MMF.mli.0006-02-15-21600.nc	60215	21600	1897632	4c9211063b96ce0b30157a9502c16c632d57af9162357f435dbaffd8426a8f1a	d571a549133134812de4fd38591063395b89958d663def734038863dba80dc32
487	train/0006-02/E3SM-MMF.mli.0006-02-18-30000.nc	60218	30000	1897632	0b55862cab235f50182c3698231aa92e2282b99ef0056015076e289986953af5	781ff5eaad0918a2674a4e031a92f7efb24045111a3968fd5bd0ea56a46341d8
488	train/0006-02/E3SM-MMF.mli.0006-02-21-38400.nc	60221	38400	1897632	326265babc0f7a69cca62c63a1084738a18232173dd677fd99eaaa15b1fec66d	2af67a2fb0154513fbff27102ccc5a8977836b97f3cd9bb55e7bb6f8d57c3451
489	train/0006-02/E3SM-MMF.mli.0006-02-24-46800.nc	60224	46800	1897632	11f92b6f8e02c72126706762b4794fcbeef57218d4c16d3eda04151152251d9f	e0139ef5436206afcad5f176487bb46317595a754a104e1014262e2ed6c7b4f4
490	train/0006-02/E3SM-MMF.mli.0006-02-27-55200.nc	60227	55200	1897632	e89a7bcdf4af591b3eef5e43ba9fce01e34fa336c40f555f9c589af81a9361f5	45b69257482d6c1a527e59d970f76630324f6dd54c2f54e65b4bae5613257e58
491	train/0006-03/E3SM-MMF.mli.0006-03-02-63600.nc	60302	63600	1897632	c828e93c5437ba1e981eed7e1ceeddf30b776177743fda53fa1dd78a61ad31a8	d03bdfea44ce94196cc7af9fa483b6f322e15cb17ebb15ab3ec7ebb7949f997d
492	train/0006-03/E3SM-MMF.mli.0006-03-05-72000.nc	60305	72000	1897632	0c8613713598d91ccf155dc22baf5f973271aa92e19e1591b3f5cc82fa11598b	79e05fbe5fac789cc275bf49eb775b36af1fc349b93b17ca7d6a70374519c1eb
493	train/0006-03/E3SM-MMF.mli.0006-03-08-80400.nc	60308	80400	1897632	a9f11179f83b0bb5846e50173bfce50cec2ebd3b27b756153a78170aad539276	3ffda86db27820b26655261932e1073a88221c25bbea5aee982b96fbc269e761
494	train/0006-03/E3SM-MMF.mli.0006-03-12-02400.nc	60312	2400	1897632	0505718f59d9467229dcb3d8ee4684ee1c7f265436e723e9a01dee9d263e0fd6	90b0a5c298a080ebf7325fd5b65cf08f0d5762e8924f3a6c5b347bc6eb940839
495	train/0006-03/E3SM-MMF.mli.0006-03-15-10800.nc	60315	10800	1897632	fbd67085f95666b0b3104331688535be57cca38b5f9b92eeb86b154b0f8a9748	9a909ffb45061443f081cb1affcaeb6638a26549474d597bd0fed91efaa6601f
496	train/0006-03/E3SM-MMF.mli.0006-03-18-19200.nc	60318	19200	1897632	74f005d66e5bcba132c1dcd1a813339100a53389ae890b9fb614095fbf8f806d	911495d79e626330c035e113ef3382e4ad40d16d1fdc7da11ef673808eb60093
497	train/0006-03/E3SM-MMF.mli.0006-03-21-27600.nc	60321	27600	1897632	72c830ee09929afc589c81ec4e5b340e9bae39ee40822ab24465979c091a71f5	ae70cd58d3e263cc6bb3b8d583b3dd00b8265d9e18472d14511b01d60d8ce131
498	train/0006-03/E3SM-MMF.mli.0006-03-24-36000.nc	60324	36000	1897632	8c2e7682fa1e71b7bab9f27c83382ea8d7e9704d315e882146ed74557b6a2a59	e97f572f29762c11ebc0fc2fbbcb4e9c667e9f552c28719de2a068d15367521b
499	train/0006-03/E3SM-MMF.mli.0006-03-27-44400.nc	60327	44400	1897632	a97ecd38be3f2c12b8166618bd411baf46cce4638836b8fadf3144b022b3513a	f3b3839351186534580338c24ab807388537b4a190b15fc8d76902c607174982
500	train/0006-03/E3SM-MMF.mli.0006-03-30-52800.nc	60330	52800	1897632	e5b301b01fa469e0f3ebee6263ff0a349e3654533b5ad2bef2b535b548854d8c	134dce509278a8b594fcf5cd8aaee0e93b3c01f38a1d3f95de84b15ab9cb1daa
501	train/0006-04/E3SM-MMF.mli.0006-04-02-61200.nc	60402	61200	1897632	543c6949cd047632cc6a31bbc149dd0b56bd2c26faef3a176e8ed110cba01c37	d708baec36c11c5a760307b3682963dc970249417de6f578772d481ae6540824
502	train/0006-04/E3SM-MMF.mli.0006-04-05-69600.nc	60405	69600	1897632	2844ed5d90f88db3701c27983a91e2b4b0b9e9f6acf06fac22203413a05a04a8	6fca4b158527007aae828dea047adcf5194af40aa2dd9b7bf461f0d9ae54831b
503	train/0006-04/E3SM-MMF.mli.0006-04-08-78000.nc	60408	78000	1897632	e60ee91060f7b4419bf57e8563f422d41149418762f8a1d0a33b50dad2cb3a62	0f33481ffee85d0a3bf8f51db587fd564a09e2b11fc20ff97378d3c72bba9ef7
504	train/0006-04/E3SM-MMF.mli.0006-04-12-00000.nc	60412	0	1897632	f62f5cc73acc4dc98817b60f70e395d55210b25de7a77b8336bdfb59e49e0d8f	54b68ddae0c9826f4891d728672fc4b46563d0dcbe4201b1e64e2d8c80d47805
505	train/0006-04/E3SM-MMF.mli.0006-04-15-08400.nc	60415	8400	1897632	d1f8cdc23d7fe1bfb93b472ea663db13757d9a070001600aa006c6da0554c9a6	4c4e38bda52143149905de5a48c24cb8e8a493b2653847f09d6958e9909cf6a4
506	train/0006-04/E3SM-MMF.mli.0006-04-18-16800.nc	60418	16800	1897632	f12cc8fc440e52a333fd2ce8e0eb906c09ba09f38012a3c7be0e5f82db03a45b	23fc9323a1489e9a5ef5585eea6d6b5e5879b65f7db9e331603dc10518f42691
507	train/0006-04/E3SM-MMF.mli.0006-04-21-25200.nc	60421	25200	1897632	590a464fd9c7bd672466aeabcf360db22c1bdb463b7e4338d238349734767ff8	8e5d9316de1860746525bdff44dc62eb97a7d6d87a004cea6d77ff6b59aaba04
508	train/0006-04/E3SM-MMF.mli.0006-04-24-33600.nc	60424	33600	1897632	30b4f60877646783416814e64a1ef9009780cbc443dd23fda60d830746fd77a9	5e21150803b9877d7789bc4b404f9afca316390f1b57622f6e0eed60caacb8e2
509	train/0006-04/E3SM-MMF.mli.0006-04-27-42000.nc	60427	42000	1897632	e23876aa1146bdf300da3675d3533deaa8588fbbc502a45097576d7dc0b03a44	5d30b864da7b9a2d71e568a99e12184434dd7cd3f811864a5c0c5026e9a7267a
510	train/0006-04/E3SM-MMF.mli.0006-04-30-50400.nc	60430	50400	1897632	fd0e6d5bee841d53ee2176edc50f6fb97f6355c59b964ebe954ff12c5274de6f	0de9c8272efc221d7994424e2662036fe88020b420ad93557fc35f3eaab8c512
511	train/0006-05/E3SM-MMF.mli.0006-05-03-58800.nc	60503	58800	1897632	95ffb730ac4b38f6bdb18a83074ba2dde3a4ce185b16864a42fff21d6333444c	598260770b5010739e77e51377faedf23d079d4d352177ae83e9bf4e997ac96a
512	train/0006-05/E3SM-MMF.mli.0006-05-06-67200.nc	60506	67200	1897632	4bf691b5632a6a6388a83aaf74b5452281e3b8abc49650f89d04db14a214a397	58fc06445d1a1da27cd84274084785d6b99ffc0c287cd07d97027cb29998b965
513	train/0006-05/E3SM-MMF.mli.0006-05-09-75600.nc	60509	75600	1897632	8f17d4deea519137ec4cf814ba6aec5c9ab457a45222cba917c8aaf96c0162d7	456f8a49a466c7941e4e3fc558bf04a06c55ae16c0bbe3335ea69e97a63254c8
514	train/0006-05/E3SM-MMF.mli.0006-05-12-84000.nc	60512	84000	1897632	fafd76123a1063031d90abeac4e089ae8c061c740f0afeebb9703bd66b81b943	3b44f1c771bbfcf7d1b795719350f01041a266eb3b646aa5541cf1821402da09
515	train/0006-05/E3SM-MMF.mli.0006-05-16-06000.nc	60516	6000	1897632	5187b0f8878d58212d1ea22c2470efeba828f9404fb42153c8f1f30f1408b603	df5139f393de87024282d1c3dd41d8f3ec8549dfa29073796a4274a9ab9e6d40
516	train/0006-05/E3SM-MMF.mli.0006-05-19-14400.nc	60519	14400	1897632	9ed3e6233c71f8f8b129a914c0284067f0934379132ee4b65013b3566c984887	a0b4c52bfcee74296ef1c92c6b2986e9603cace78ec8d5a990125c44ee60e49d
517	train/0006-05/E3SM-MMF.mli.0006-05-22-22800.nc	60522	22800	1897632	77aa5e6e877abcc1d792f689b7077376133fd98b1da73343a44da07643afa7ec	ff02d34a0ff381ad9cee949b04bf0b2d491881a35130df24ac9ef8213af5cdee
518	train/0006-05/E3SM-MMF.mli.0006-05-25-31200.nc	60525	31200	1897632	6288ae40e829d38594fa7a43d35c995fbed5f362c968238f3855ce352870ae92	40788887583cbba60d5c578c33a56a82bae87dd92590225b761d7e438602e903
519	train/0006-05/E3SM-MMF.mli.0006-05-28-39600.nc	60528	39600	1897632	244bb2f706e640fc41c7fc54621b21a2e671d580edbc150df6b27c5c6a115d73	8ee558354f939f293c7f72e2c7a395568ea1dc3f72d3ae62fa27a4ad27f306ab
520	train/0006-05/E3SM-MMF.mli.0006-05-31-48000.nc	60531	48000	1897632	709335cb642a2054aeb6c4fb8a90a4ef5f2b24f74e1aeb6f8d9122995838a08f	e63c41e4e1cd13676a30a01a646a626ec000fd1c8dceb2bc9ad535f996b6507f
521	train/0006-06/E3SM-MMF.mli.0006-06-03-56400.nc	60603	56400	1897632	84b556e36b4bb7d70cffa5af8b25e23ff359777d6f64ea13dacda42d1f92f933	2637a1ad91f3db10872fe4b7accff7aca948eeb17240621bbb31b6d1bab8da3a
522	train/0006-06/E3SM-MMF.mli.0006-06-06-64800.nc	60606	64800	1897632	d2a74aa7522fc8aaea2ac3719ef6d77cede6c43682c6abe11c76ea059794455a	3399700858f635a3b7448637429e4fd6d8b1f4963ac68a6a9640900d92424dfa
523	train/0006-06/E3SM-MMF.mli.0006-06-09-73200.nc	60609	73200	1897632	9f7640e7f13881c72216d116b7b01742602035d26eb452dcd305f575e8cc978c	95c298cb58fd612726b87d5aeb9558437d4b5f80fbd023ba5a72572719746fb9
524	train/0006-06/E3SM-MMF.mli.0006-06-12-81600.nc	60612	81600	1897632	804f5faa11f64035746c80b9c006af619feeda967e53f5e2b09bb9e0dbf47d81	6a4e245ef17cc569c49b7ba24a8d7d1a80519c166d3af58b5d8773645d809985
525	train/0006-06/E3SM-MMF.mli.0006-06-16-03600.nc	60616	3600	1897632	0735e61154bdcf9f2be6b66b078762e1bca7733b61ca970a2eb539409029cba6	1372bf64df32eaaa4039c0976d595f86380db0bc9f23cd7ab1b4e88dc11070fa
526	train/0006-06/E3SM-MMF.mli.0006-06-19-12000.nc	60619	12000	1897632	5d84c986ce9b268309e5ff88c3ae3c3e24172751dc2c7fe42a0b3041c471a7da	04c2a3b09ee6f5475bb822a198ddd5d44cacb1746d16ab3ef4a7ee3ad4efab4f
527	train/0006-06/E3SM-MMF.mli.0006-06-22-20400.nc	60622	20400	1897632	ad60a2b90ef8f34f8c9a3d47c27d99a67c81657a2a1cf9cb23fc42142bf09acd	a605666b3de899f7a9543828431a5d757e81760318ae060933a5d0c1626d1c33
528	train/0006-06/E3SM-MMF.mli.0006-06-25-28800.nc	60625	28800	1897632	99644f98f863751a2d55505edf4c853fb0b0dad8db3ba9c842964e21667b766f	ff19dc0b6fa1e000f5751d041b6d875f0f2fe6b2248a4bf7b24f4585348c47ab
529	train/0006-06/E3SM-MMF.mli.0006-06-28-37200.nc	60628	37200	1897632	62ede47c3ba3b64b1614899f6010b2dd10465991f18d02c74500914fd753147f	57ea9237223036b4217259ef6091a6e99c763b7c916c5f04f2e5de042e431580
530	train/0006-07/E3SM-MMF.mli.0006-07-01-45600.nc	60701	45600	1897632	ad1071bb600738b444d220fc3d2d720b5bf71606897f20f10943b8d0ef3aab38	f0ed37bbd805a8c4ffb41a1b85b95add7aba8be3a10165276bce681fd1a7537f
531	train/0006-07/E3SM-MMF.mli.0006-07-04-54000.nc	60704	54000	1897632	7ea46ed6d3f65c40bc9c8b3296ff4d96fd701bc9b07e2ecc31f68fcc1e62de29	c5392e5d7631bacb3fba7800ee185583b0f601515aee11202df80317af970f10
532	train/0006-07/E3SM-MMF.mli.0006-07-07-62400.nc	60707	62400	1897632	4108bbc9e189dfe7beb3a523ea968d701766ba750e66a08fcea797fbf32dafbe	eaa1f2b60e6ec59092e3f87480dcecb75790e4e3d7ab2ab694710217e86d8fee
533	train/0006-07/E3SM-MMF.mli.0006-07-10-70800.nc	60710	70800	1897632	964d9305945d450eaf0c9260b943c369268cc45853b85fafd90bacb98f409630	4c639670e22023beb96ad7280cb604fd842ddb05a006cc8ce7a8403497376c44
534	train/0006-07/E3SM-MMF.mli.0006-07-13-79200.nc	60713	79200	1897632	495418ae958da941dbbfaa0052a628ee9dbac2259a123270ec6548a64d82d4f4	8f429d011b2dea3f2f844af7f858da6558261f2dfed38ee14a90a7a43ef62c04
535	train/0006-07/E3SM-MMF.mli.0006-07-17-01200.nc	60717	1200	1897632	af890096d41fd0333fe90afbff660df70965691393340fbad93064ade1ece60e	ab2fbda155d70932819e99ef28095aa7c4790b919d27b1281fb04d1d273506be
536	train/0006-07/E3SM-MMF.mli.0006-07-20-09600.nc	60720	9600	1897632	81588b12d3203a50e15e5abe7dde04e2fb212de916b5e0a9f0cc0da5126dd4be	b5ff6f8db9e5ec5e83142e197fa2bb43a6a5148c0efe444e519ce8eaf6e79f74
537	train/0006-07/E3SM-MMF.mli.0006-07-23-18000.nc	60723	18000	1897632	76fca4fb2d9a277d3ec45b1abeffabe45cda4bb96cde88ca5f2c66692e8414e0	f7fedf85fe6d474b6798eec00b8a69cefcc130e48211ade21bedf47386e54d39
538	train/0006-07/E3SM-MMF.mli.0006-07-26-26400.nc	60726	26400	1897632	7909e322edd1c6ccee0a241e2c8ed21ac507d37f9b28d14e9e9f29e31d577762	e0671e58e36dcb80577d1db4a13e61a0ff416446e8bc119661224dd3d2f0ecca
539	train/0006-07/E3SM-MMF.mli.0006-07-29-34800.nc	60729	34800	1897632	39c86fc34c97735df44fd1df363d7c587a0a9b7252ab9094a71fdd15a647c174	e8dba0cb9ad33b12f41ef5b1c15bd0e41d4060b8a0ef02f083123b22829232ab
540	train/0006-08/E3SM-MMF.mli.0006-08-01-43200.nc	60801	43200	1897632	53f797ae7f34e9382303bcd26a604339c20b3782ab991213b36f7f3681071ec6	5334d45154e1d3e3c03c41569c7c7598ce19cd87b05dbab68f1fc5f37c49a4a0
541	train/0006-08/E3SM-MMF.mli.0006-08-04-51600.nc	60804	51600	1897632	8314edf0ec9887e8112488a6214e0f0d77207932018b77fa91c224eaea48b0ca	547cc560d297ca79a0c50219de8dfd78ed739e995f8d7e5d53c67667c5982a05
542	train/0006-08/E3SM-MMF.mli.0006-08-07-60000.nc	60807	60000	1897632	8442b5358bb76d859dcc65eb2c72b27ebdb882f88f829fcadba1565d5de28b1b	ea6beac5f1c610764b70db4bb530463494f10a61f5f1c60a02bb123349238801
543	train/0006-08/E3SM-MMF.mli.0006-08-10-68400.nc	60810	68400	1897632	48ed85bde2434c15b7fab5af8a45f9303128ee0c3d963008a2f7222c14c1f037	f9d47fd380937bdb640c46ca2fef416a26f2c3809ede0d0cfc7e9475cd0e7dd6
544	train/0006-08/E3SM-MMF.mli.0006-08-13-76800.nc	60813	76800	1897632	e855e84547114128ff1a228d9b09131920483f3694cc65177b780b9ecb9c2d0d	0f0f578a1cfe98ababcdb0c621cb44e0831fa70087699cf00891d56b6385bea8
545	train/0006-08/E3SM-MMF.mli.0006-08-16-85200.nc	60816	85200	1897632	cf94667e3440b82674442d72bbaedb7f5bbe15bcc9a3ace45f0d683716dc9457	d655f7b81487a1d6549ca5f7c2bb071216bca5f80aba032d567300219a30c0a0
546	train/0006-08/E3SM-MMF.mli.0006-08-20-07200.nc	60820	7200	1897632	1bb43d94036871f3e66040679c3e7728767c4658124f4f06b40c638f55b36faf	0b09b18e3cfafbda0a9be4d0cae9c1710d67c6b1a700918993041ac42c0b1eb2
547	train/0006-08/E3SM-MMF.mli.0006-08-23-15600.nc	60823	15600	1897632	51216644d9ff53ab29d5bd0537fe33fc0ae23f642c2bdecde2518a43d7add2c1	fcb4e2e2d32fd0b7acddc1b599d3d013c9680f2966b245e17556103903c9ed81
548	train/0006-08/E3SM-MMF.mli.0006-08-26-24000.nc	60826	24000	1897632	eada0bab7bd2f434c4b3232251601a040591d69b16bbe6fad4b53807a9fd5c5d	d2a179f9bcf62b07f98f1472f6f3f6d969f84eeaac9b8f369091f55d20833bb8
549	train/0006-08/E3SM-MMF.mli.0006-08-29-32400.nc	60829	32400	1897632	efb7972413ae7dde29ee3f975950357b9d43bdbf6c789ae4bb62fc6f30c86818	0589f531d15e70e604dd5f58ff755add7c83d1af03f2b5e48a021608249f4f8b
550	train/0006-09/E3SM-MMF.mli.0006-09-01-40800.nc	60901	40800	1897632	45965d196c0c353e08a9ded55ca7b9e96862c6742302a68a2fb57bcf9ede317f	8941521a58246530619cb18da5894a8a283a80887d96a3500ce90b376b7b1e15
551	train/0006-09/E3SM-MMF.mli.0006-09-04-49200.nc	60904	49200	1897632	76f964539774618f03071abe49cb2cc0a0e351f94f90ed8243e9956bde2132ec	4a0d911af7e52d84e08938d4ba9a29ce5e889de7ff6789fe208814ab48ff5385
552	train/0006-09/E3SM-MMF.mli.0006-09-07-57600.nc	60907	57600	1897632	e9d404bac13b4bf1edcf79d5e3dac6cc7f91b905ed0d5204a4b3a1dbd464bfd5	53f8fb037f509b51c1b406edcee2444a34438c8b1587985e729b22500c9f4cf8
553	train/0006-09/E3SM-MMF.mli.0006-09-10-66000.nc	60910	66000	1897632	c6a91ba4b61c9c94dc234b3720efc37a8fc70a39cc528a0b890af928b976af1a	c04f5144fff12bc8ad5e4f1e28483279b9c42fa1dba57f5d212f62595f29e808
554	train/0006-09/E3SM-MMF.mli.0006-09-13-74400.nc	60913	74400	1897632	b6066fde4545be0fef8c3ac9e6f9ebc6ad45199699acdb991cba2b66732783ff	c9516cf8027803b01d16e502bb03c5a6853e3b1da40e6f33d66a90513c5f08ac
555	train/0006-09/E3SM-MMF.mli.0006-09-16-82800.nc	60916	82800	1897632	3df533a85d186ea0de3b3c5bc16360d26d96044185a4413a6fee6ee06b75386a	e96f5ac7f5a7788a66e48f646484e192edcf42161464dc2d7ffc1552bee03ff3
556	train/0006-09/E3SM-MMF.mli.0006-09-20-04800.nc	60920	4800	1897632	b775eebc2c5d36c711afb7a89d7985c4c5e3f22c9921ea3413b0605f6d0aaaf4	7dda47622c40bf27d7b574dbb68e458aa3059b0cc1945f061d482ee85328a7cc
557	train/0006-09/E3SM-MMF.mli.0006-09-23-13200.nc	60923	13200	1897632	02a7c779d12b36e7104533eefdec079042921161d1e9e7acbe13bdd164069331	aaba99fff2a20c7129a89f442beed2430ab22077ffce17b3611591267de9b761
558	train/0006-09/E3SM-MMF.mli.0006-09-26-21600.nc	60926	21600	1897632	efba081c6f7c1216eacaeffdfd249f49893ba53e1c4d7a205ba0c43148bb2177	6396f4848793a2b8d84c8b02c1aeff4bf50e4298344540d25c190462e137b79d
559	train/0006-09/E3SM-MMF.mli.0006-09-29-30000.nc	60929	30000	1897632	8bd473404e2b0c06a742a1ece42151d0e75588e79f3646ba5acf242a7c21c1ac	9623064c92a4bbf6661c1937003b0dd17859552c978793674e52395fffc9be5e
560	train/0006-10/E3SM-MMF.mli.0006-10-02-38400.nc	61002	38400	1897632	ad64308dd8c9d3089fbf8f8034feae2d3f150a424d8c32a809ff1997a3b617d3	557d584a4c8e53c96653f938d141a527ea67959a45e59fb6b43e9243241134cc
561	train/0006-10/E3SM-MMF.mli.0006-10-05-46800.nc	61005	46800	1897632	75522d731e9efa3599e6940c9b13fa18bee7b882767051c0b91bfd45c82a0f86	cc8d0c7ac09935e0990832f1f2d2e2b85547395db9952760e9283dab837c011b
562	train/0006-10/E3SM-MMF.mli.0006-10-08-55200.nc	61008	55200	1897632	0775663987ce53dc7a47dce8e6a3a16ef76ef1d5f2185bdddc2ea7439820ef60	9e83284097ee8a98c78ef55b5acb33ec4ab3abbcdf1396a10bee4e15ebbdcce1
563	train/0006-10/E3SM-MMF.mli.0006-10-11-63600.nc	61011	63600	1897632	e6cd4db57f830c4a9ac884fe46bf157892a92f508f5829be2d9383bc309306a4	c35251e831e43fbdd501fbc99a8968711eee75cb3a8ecc4abbfcc16896b01842
564	train/0006-10/E3SM-MMF.mli.0006-10-14-72000.nc	61014	72000	1897632	e6df944b489603e3f52dfc9740c929c7e12fc35623e00c9028eb72725966df7d	5bbc2e4f74af4924fd372fd943fdb98d4372384da5894de40b2c1c1b1cdd96d6
565	train/0006-10/E3SM-MMF.mli.0006-10-17-80400.nc	61017	80400	1897632	73fa9258c29beaf57ec21b895100d97b77c3a53cb27c2e4db5650d313c29570d	02b3e2e387c59362fe085943c5d5471c410e1fcdd28bb19936de2901e92352d5
566	train/0006-10/E3SM-MMF.mli.0006-10-21-02400.nc	61021	2400	1897632	41dbdf7176d5be5e6519b583bb34e5667e9f277f84edb7cec4d4f0bf08144123	b9015daf15c49b8330ee2474c0dcdcaca83f4d9241d853c6d4bb6e727c25b0b1
567	train/0006-10/E3SM-MMF.mli.0006-10-24-10800.nc	61024	10800	1897632	61d472929838994e55a3a8d5c5c7f9a32356aa13b2d0c05b806f07c839619467	b92749eaa53aced3ad619a6eac842a01165a53b7cdbd93d1f95cd7c52f736745
568	train/0006-10/E3SM-MMF.mli.0006-10-27-19200.nc	61027	19200	1897632	d7d88b54d8ed10dbcbd39c4c8f8eadb2869a11163632fb4db73583c43db11905	a94bcdd7fd833e9cbe0f1967f10babb0c4d271405690693af6115285cb67533b
569	train/0006-10/E3SM-MMF.mli.0006-10-30-27600.nc	61030	27600	1897632	4dc69073158f9eaa50a51356374d1893a9b962170c3888a784631c82d2a1233e	2a08c2f03089deb8a5b8d5ec1353a31e20b25e74aed9841aceb80564e59cae98
570	train/0006-11/E3SM-MMF.mli.0006-11-02-36000.nc	61102	36000	1897632	5a080a87fb5105b7dde2576c220eab9b2f6e4a2a8b60a82a1c615b9bc3b90ea9	5f42b17e3bb43dcdf65bbfd3134b1a44f9a8e62418263b8b10b4d28b5e82f40a
571	train/0006-11/E3SM-MMF.mli.0006-11-05-44400.nc	61105	44400	1897632	24f6994d042265fa04017349131491ae6ca55f50acea9b39db99a72c2fd5f1f7	c7474a99dcf41629a7331a342c1b5e404d2b2a0186d82c9d2acb18593ba40f1f
572	train/0006-11/E3SM-MMF.mli.0006-11-08-52800.nc	61108	52800	1897632	8616ceebb2ddef82f4055b9e68267acbc90665cc92ba0fae1b4dc7a7a42907f2	7e996521c185a3ac0cfac9df52067107440fa6d4d1f9f3dd10419bbd77325638
573	train/0006-11/E3SM-MMF.mli.0006-11-11-61200.nc	61111	61200	1897632	e3ef8f43e4b024f2bcf8e19b159ef3bb2e92a502686514497413b92fd2f0f3c2	44706aa3c95cc2af76e9c019de78add469cb158effd78e1c26710e639c22d3cb
574	train/0006-11/E3SM-MMF.mli.0006-11-14-69600.nc	61114	69600	1897632	8e1bcb563ca73438925a785e697d9545bd549a400f53ce276c1d1fc882723884	601253dc88f48e4f92f6ce7d590e97b3340ec5bbbda9b35e62cfee562cd2fc9b
575	train/0006-11/E3SM-MMF.mli.0006-11-17-78000.nc	61117	78000	1897632	2a06b5a75382b3985f5ea09336c11ca8054b44e55c7051c20c196527390e2fb2	30d37b9f41932d6ff5a47d225f9248f46848371e7d3e52a4fa41d79a5d8ae7d6
576	train/0006-11/E3SM-MMF.mli.0006-11-21-00000.nc	61121	0	1897632	7ec2827ebc79056bf9c3883d9efce2eb08914286c8352ff5cd59b1e41a8205de	cd23228fcaaf715cd0201ceccf305eec1e24ee0bb2a872ec53d7980434146914
577	train/0006-11/E3SM-MMF.mli.0006-11-24-08400.nc	61124	8400	1897632	84e2aa6dccd8a050f853e3c8c21087cb0e7dee35be0e289027752374f18bdd99	84e5b9820f152343a6f73bc233314ba937c690c9693c38f2871b3e6faf2af0c7
578	train/0006-11/E3SM-MMF.mli.0006-11-27-16800.nc	61127	16800	1897632	1738cd3e1abbae7f1f40d3bc4be553e060d1d36c3cb927b5ebb093241ecfdacc	de92f0ee6f4bef47e24da5cbc8a2134e1a5fd1cadb49175753aa5889f771aa27
579	train/0006-11/E3SM-MMF.mli.0006-11-30-25200.nc	61130	25200	1897632	6e66b96078d70562174008782ec9aab259e2cbf3d594a80debcdc407604e36c1	d8d7d0b31caf3f34bca90d1280341cfd3c7d2e4d75199b3b96d86cdc7bf9b5b7
580	train/0006-12/E3SM-MMF.mli.0006-12-03-33600.nc	61203	33600	1897632	fffd3fcb1cb7a0356b8deac7e2899faba81a5d48fc0b0d9b31e06a5975283771	35323005e8a253c9cdf9dfe91da49e81ac3eba4933b0ddc8180dd65c76c63052
581	train/0006-12/E3SM-MMF.mli.0006-12-06-42000.nc	61206	42000	1897632	bc2e77a194530daaad75548d48b0a52829e36dfc8d355119111c9f6d6f83eb86	cc724b07444ea927fe716173cecb1df8667eb789ddbb32bf8f69f8b794df74d0
582	train/0006-12/E3SM-MMF.mli.0006-12-09-50400.nc	61209	50400	1897632	3b7f98d9103414e2a1351000bee1fd445ec315856dcb1d4642d143ee27107532	1682f053a6d4247528709675674ce6ce8217bbcc9417010feb409491684c17eb
583	train/0006-12/E3SM-MMF.mli.0006-12-12-58800.nc	61212	58800	1897632	245fb3be1fa37fefc8dc9d3996f701acf4a1a38d81ac514168b36d9ae0eda802	0091f6a292dc136f6019c550c9f7b1749ad99e975c88c37f762b23258807f99a
584	train/0006-12/E3SM-MMF.mli.0006-12-15-67200.nc	61215	67200	1897632	64eae5828c515b7c595c9cc9f9eaf1745e3aa078cf4a6feda1676525067774ba	f42640022a231d455f0b7078ed8d18566b59663d14c860325256f8c4a8e9a953
585	train/0006-12/E3SM-MMF.mli.0006-12-18-75600.nc	61218	75600	1897632	9e67031b386660ae7d2d24d89de2fdd3a174c4808c18c7bd59b6e3232c21f6e6	372d7dde21a6c6383cf3c577bb1c6c6da6996cfb5db8d911ad65b2428da41839
586	train/0006-12/E3SM-MMF.mli.0006-12-21-84000.nc	61221	84000	1897632	999ea3c920990c1b16200f4f0bb0d48406a302fa7696d12e2f3bd37dafa003a2	bc8eda786dbd2ba51fb228f21201a8242b05dc4e6ed104b32c3d71160f2b625e
587	train/0006-12/E3SM-MMF.mli.0006-12-25-06000.nc	61225	6000	1897632	83da5e948f0beb71b2875f98989c36294d358a5d6169a7f90fd663538a322493	5789ca3debd430579dbc598337458c0266614894829e2ae63a0494c930dbb3b3
588	train/0006-12/E3SM-MMF.mli.0006-12-28-14400.nc	61228	14400	1897632	84c8c1acecf1718c7a231a69efbb798b0a8b9eef77b1713dce4c542d24191ae8	f1434017defa633b6e5f8df820657f9181249332cfe9a957b77fbe6413cbd335
589	train/0006-12/E3SM-MMF.mli.0006-12-31-22800.nc	61231	22800	1897632	6258ba12b3509d2dfdf068df9c80b378587007d63351ba389d6c71f53d14b6d3	021aa0d3ce2b58f14fed8822466313208ee1b99e2d3657b7086fd2ab37555ee1
590	train/0007-01/E3SM-MMF.mli.0007-01-03-31200.nc	70103	31200	1897632	01098d4df16882a739070f7e611d79d61a8de61a4fc2719ce1fa5d37b3c0de77	662287bb763b7bb75dc9a76ed6e04928c0f900345c28336eb550017492ca160b
591	train/0007-01/E3SM-MMF.mli.0007-01-06-39600.nc	70106	39600	1897632	39699fefa90ec1397a67f890b2189f9d4ef3eb731f09dfad08f23a1df7d3f430	b9d058b247cf21487d9b1289e0cbd34ac9fb0ab9b0c19ebcc5c1bbc3c73bb8ef
592	train/0007-01/E3SM-MMF.mli.0007-01-09-48000.nc	70109	48000	1897632	4b51447a3cbbc0fee24ff4d9e76053a7b40be97a663389f12aaa56aec121d4ba	0da09dce9e9b6d3b0d4703f77661e93895338ae424e7302bc1c65510683b5a43
593	train/0007-01/E3SM-MMF.mli.0007-01-12-56400.nc	70112	56400	1897632	6e4e0bc703b1cb96866c162b8f865d76c3b9513dd25fa34274b738d8be5be5a9	1a27b5cbf1566a058cb4f84ba464d9095e83b4ed9a7134ffc435c805b227bd88
594	train/0007-01/E3SM-MMF.mli.0007-01-15-64800.nc	70115	64800	1897632	af2c48ec24fc6c4bda0b4981e614de65e56d0e3f948fdfd353c9f69a57cffc1c	b77f4fdfa1c699397c5bf578f7558a7575272fe2c6a81f738a903e4a05207afc
595	train/0007-01/E3SM-MMF.mli.0007-01-18-73200.nc	70118	73200	1897632	6807df24b5b17bdd922c5017e35ae6e91bbd7f8b6b7c2a0020ff33952e301bc2	a52303f03fb11b3f89a27f9b367ca86d387c0210cd83d6c66a64b9de3dfc1cf2
596	train/0007-01/E3SM-MMF.mli.0007-01-21-81600.nc	70121	81600	1897632	660c7583a2128d5a9d0d8b37f886920cb1fe9ed7fad9dfdfcb7b1c4a8f6713fb	b7fd394348f3b0a3a9951e5543c2a483cfa0b801b65c54a7a5c652422fb309b4
597	train/0007-01/E3SM-MMF.mli.0007-01-25-03600.nc	70125	3600	1897632	cb1c787eaf9d787efb76271cfdea0f5d6d78d1525fd17f56d86708a3666fc4e0	1e89c7e1993e9772d815cb884cf6211e6e206d125a5a8f6952362302904763a8
598	train/0007-01/E3SM-MMF.mli.0007-01-28-12000.nc	70128	12000	1897632	3f30743714172285ecd4eacf6cb27d9edda888ab4f59c78090a8b2345bafeced	b01831f4e21443dde03271c941e60217b34dcd8b77b80a958b7320759d690134
599	train/0007-01/E3SM-MMF.mli.0007-01-31-20400.nc	70131	20400	1897632	7083c113a379bdd4f331feda723c9fde08fa49b9e6561903775743fbafd8166c	a9b9d548125a70eeff5745eaf13b06f24de18983e836d20c7054e2360c33b6ec
600	train/0007-02/E3SM-MMF.mli.0007-02-03-28800.nc	70203	28800	1897632	ac2b7eff53aab3c261ed597b8f180e732f60c83466423e9785988c7e158a8bee	d275985fc531fe806b271a7f1ca35e0dde11cebba26d771c51816ada96035f78
601	train/0007-02/E3SM-MMF.mli.0007-02-06-37200.nc	70206	37200	1897632	3d5fe6ebb4c297481fb49328f8758256e47b53a29f8bbc2c404f3fb9a49b7aa9	0a7ecc3f20bee76ac0a80f102731803f74fb3a126b3fb35d99aaf387e8bc5983
602	train/0007-02/E3SM-MMF.mli.0007-02-09-45600.nc	70209	45600	1897632	927029a7d05e049d5457bce656a261cfa5c8dc41c27df03e106831d57a3c6aed	610a283da1b86adc97d4135210a1f121084c9bd366bc5ebc113c6876c3bd00c7
603	train/0007-02/E3SM-MMF.mli.0007-02-12-54000.nc	70212	54000	1897632	13e65a928bd303b23098accd4f09fc73631976b2b1afa5d61bbf3d475ef7fce0	906de6696ca7b9b6afbcc045472a6814bbbe5f17db61195397bc56f607a26fc7
604	train/0007-02/E3SM-MMF.mli.0007-02-15-62400.nc	70215	62400	1897632	c346a4cd38000ed96e867c570145adc0b3dd39a623dc0b5a5fcde1ce139b325d	ce02b6968fd57d4cca599ae116d1350ed42cd006740e807de62b4408cbed31a1
605	train/0007-02/E3SM-MMF.mli.0007-02-18-70800.nc	70218	70800	1897632	5f44b134ceaf2d506b7425f640db01e4d535730f5bdfe028d42d2134ff74b991	eeb0e7da29f2e20e9a74a53e8e76767e1f783f663779974bbd8d4473d5d27b84
606	train/0007-02/E3SM-MMF.mli.0007-02-21-79200.nc	70221	79200	1897632	693c392b82788c5ffc4a93db7b6b748bc22e660a14a36b594c69bbc3ea0d0f0d	73a11f83bdd7183945edeacb181443cd32318aca864c596d79c4956c938f43d4
607	train/0007-02/E3SM-MMF.mli.0007-02-25-01200.nc	70225	1200	1897632	d2fcdbcc23c8bcaae30e4ebb850049e522e3c2185eb2f67361f7c3ca84e2976a	9c050d66b993eb4450c2e1c6020da47c9d37fcbbd551fd871cb685b51531ba9e
608	train/0007-02/E3SM-MMF.mli.0007-02-28-09600.nc	70228	9600	1897632	a9499504d982f38a1c547b4bfdaececd0e5cd3bf2fab23ee129eed7cd265e8b4	1d5e618d5d89265bef60b0ddad288399d2ce8cd09cef476a16fe6202b29a6dfb
609	train/0007-03/E3SM-MMF.mli.0007-03-03-18000.nc	70303	18000	1897632	93f5baca3286e4fc2c29fa552645ca0fa08d044a6df3a33075de2e812393302c	ec1eb9e76277da065f5780fe1fc8f7597afd7d38ee79bb2939b66b7479f26807
610	train/0007-03/E3SM-MMF.mli.0007-03-06-26400.nc	70306	26400	1897632	a10cdefdf4dcb38b6c6b718e31a1bf0a07e034a24f53285866ab6fbd4e93f014	78688c993cbec04635c335f52c23f152e14328362b32a377fac2cecf12737749
611	train/0007-03/E3SM-MMF.mli.0007-03-09-34800.nc	70309	34800	1897632	358e574a4d607cd956ab20a396fd102807c902397a518aee5ae30e2d5f9a8553	fc0cc39eaaa37b686c45579cc01d89e868c0350127a58f24a419150899647637
612	train/0007-03/E3SM-MMF.mli.0007-03-12-43200.nc	70312	43200	1897632	9fd69c46c878d7ffb1bbcf06ce48364481bf31427c06def45e126f98cb0bc990	3de39d348663791111239db2e1009fa595f23e6a420625cd9b43fe4df183fc83
613	train/0007-03/E3SM-MMF.mli.0007-03-15-51600.nc	70315	51600	1897632	a3c074568dd4e01ca8b9dad96c726dbb02b041bd8dafccf2f03c144adf14e42f	43b9fef6f973d63e2c43ca3a209f2209671e48f48e2529786eee6c9dc59a3114
614	train/0007-03/E3SM-MMF.mli.0007-03-18-60000.nc	70318	60000	1897632	ab60ece845568b9068ef13807574e5c30f5fb66700309519f6dee0293045fc6f	a264e27afa13ba0bff967691b3c76281e1b87984c8381462117b21be09d28179
615	train/0007-03/E3SM-MMF.mli.0007-03-21-68400.nc	70321	68400	1897632	a21cd747f7246b223a27c4287917501b80ccd6904ccbcdfcef6163fcad083d89	4da47a477bd2d073d76dbef9ff45696b99ebfcc209f4e8c4383708904daf1b9e
616	train/0007-03/E3SM-MMF.mli.0007-03-24-76800.nc	70324	76800	1897632	ee4e32108ca72663eff4395456bed69b88c9e74dad956fa8635d3ff05d67b078	d5ded62e4f51d05e1a54f9ebe483d085bf06a921b34dcc3582f8c15e492ef7b4
617	train/0007-03/E3SM-MMF.mli.0007-03-27-85200.nc	70327	85200	1897632	6fff1775541b1111fa9ac9d7ce168f6ef8492c1f73d7aaa597ce477932a631f4	261340fb0a9cfa1dc8d47fd08e9e3691db0a8bdd030cf8c8795ec3dcdf6366b2
618	train/0007-03/E3SM-MMF.mli.0007-03-31-07200.nc	70331	7200	1897632	cfc453b77ca60357fd0d30b27f7e06c6cd2e27e74d02ea59f5acc4a945fe9e91	e2a17703ae2fa4158dc8f0d17a71ac021cb18a3303188c8295dfaea0290f5d90
619	train/0007-04/E3SM-MMF.mli.0007-04-03-15600.nc	70403	15600	1897632	80cf5250b179689b4bc0f73d6ad3e67fca5514850b9513a57c3c7c45abb0b4f9	95d9084c6c112e657f389dd5e94f4dff9515ded5c3ac1977cf67f39d431b8558
620	train/0007-04/E3SM-MMF.mli.0007-04-06-24000.nc	70406	24000	1897632	501e71cd7c1a52ede094c040e2ef4153bd83beca6e5a23c0c8ca3c372c37972e	8674a1e61387cb09fa424f9f3b239be11adf6c7ea76f2d6f962367bcbc7308cc
621	train/0007-04/E3SM-MMF.mli.0007-04-09-32400.nc	70409	32400	1897632	7fd707d4d088066a83d9e8b769708f2f03b362ab433e4537349d1c54429b8ecf	f7ebb7b95a12a7b5a480203f0d87bae76bb922ca6c4e52d88507db49047ad9e9
622	train/0007-04/E3SM-MMF.mli.0007-04-12-40800.nc	70412	40800	1897632	2724e8918b9a0a6fa080587cad2e1a367a254111a23e5f19836316d5fcf2c137	40bb4304e39ad281d16bf2b39194d703140926ea491d5cdd1a9352ec6bd951a7
623	train/0007-04/E3SM-MMF.mli.0007-04-15-49200.nc	70415	49200	1897632	fa22245f9623d9943e47b0ad05046a61a056a5783dbe54ad4b5cb2e3b88d2ef9	ce33e3c19f753ef221924faab07769dd2b43ce5b1757ac45a7522f46ad7e792c
624	train/0007-04/E3SM-MMF.mli.0007-04-18-57600.nc	70418	57600	1897632	aa67682c52150a7a40804420012bae440f6218374e5ac67fa2149de3986632a8	53fd2acc1d0a21dda3f1b4c184a5c257ae2c471f3c5c6d55e707196d2b124f10
625	train/0007-04/E3SM-MMF.mli.0007-04-21-66000.nc	70421	66000	1897632	de439da1829899ae656c920528c5b05905ad65f2618b46d7388588be6b216a76	983b8803633ccdad1a72834f5b9c46e1ca80cae6039958e786be7d7a81a9391c
626	train/0007-04/E3SM-MMF.mli.0007-04-24-74400.nc	70424	74400	1897632	02f2f21b4abc4c405fa0fd2f31c43dc54e14044fae2c70b9098e70f9272bfcce	9a711f5eb1b0de722a158ce4a8733a1750eebab0af7218e5cec6f9160d793258
627	train/0007-04/E3SM-MMF.mli.0007-04-27-82800.nc	70427	82800	1897632	457641cbecdb7682316bf99dea8a7548f30cf01764c2343f988d04d98bbb09a4	9758e5354bfb1299cbe4fea18bfcd3ba036a7ca5f1e7bd9b4dced19fe50f0f29
628	train/0007-05/E3SM-MMF.mli.0007-05-01-04800.nc	70501	4800	1897632	4e3f21fcfd0e06f2388a464b0706e48b4f22eafa922d2b3082279a10fb35c816	1f0bf1045abc788b56380f1bf45b6c3be42457416b89aa73c06966512882ad52
629	train/0007-05/E3SM-MMF.mli.0007-05-04-13200.nc	70504	13200	1897632	dce5147883429cdb26cb9e29aeea05ec7f9283081a0a65c013d536939acd0c6c	45c3c7bb0160242ea6de2f12b35dd93aef157e019618398df24a3484bef223bf
630	train/0007-05/E3SM-MMF.mli.0007-05-07-21600.nc	70507	21600	1897632	b866196138c0321c0133b970d033fa43a26b3d39dcd90ab7f3d736ae20398fb8	03ac971b5356cfa99f8825ed299e69a126070b42d3985c73b12e266a0880359e
631	train/0007-05/E3SM-MMF.mli.0007-05-10-30000.nc	70510	30000	1897632	f7128b7006a63c9a9e2397f8d33002e55098d7e64c534f4f3c4c1875f32513d4	360c7cd2e166328ed9d7a82623a7248a65a4894fb2f1845236f5250bd1bbb8ac
632	train/0007-05/E3SM-MMF.mli.0007-05-13-38400.nc	70513	38400	1897632	fd08ff87174d649423912985b1b6d4ab12fc15bb50eb237c335b6efd201bb9a3	fabb5369ac4401817fe3e4b465640cbdd1b00df28b11ef176389896ea922335f
633	train/0007-05/E3SM-MMF.mli.0007-05-16-46800.nc	70516	46800	1897632	2c40e76b159195fed04e3b21e0f00890e32f4517756abf067855c8846d4c3c8d	c685d46d75fbe0d2264491a2a2b2e12a2f101ad4d9e60253c1af571e3a670f2c
634	train/0007-05/E3SM-MMF.mli.0007-05-19-55200.nc	70519	55200	1897632	b1581c9091e36e29693a0baaef562edbee961a5a6417f04ff2b7752728f52dc2	8e59eae797c2131b37245e64f21940b18c4176fe022e8025969e7d1bfa0b2cf2
635	train/0007-05/E3SM-MMF.mli.0007-05-22-63600.nc	70522	63600	1897632	6ae8b537e95e427d1128bacaf94933fee7caf003c38500068cf18828d9c2b56d	52464dff04b4d533f392a4190014b042a59a46c930358c7f307d0c6636b1acce
636	train/0007-05/E3SM-MMF.mli.0007-05-25-72000.nc	70525	72000	1897632	16da35dd5b74ca2c33942658ba4cd7956798a5159516638018dfacd42228f27d	90df25f304de058ee9d1a97172fe683e5be9b6c422ab01b30660d3fb4aa1d6e5
637	train/0007-05/E3SM-MMF.mli.0007-05-28-80400.nc	70528	80400	1897632	c604c8fdf08537d6f7b00055f16af313f073ada64dfe4b24250631bc61645ab0	c791260431f071bd96f4bece77ddf5e28c019b236f27ec56e5bcf32522103988
638	train/0007-06/E3SM-MMF.mli.0007-06-01-02400.nc	70601	2400	1897632	b5ed05b165df7014e009bdfb317c4952b80b4e888711ecf9a897c31209459a73	80d3678198840b0a212e28ee220e345065bd74aa7d629f626ab94fb3c07ac2b0
639	train/0007-06/E3SM-MMF.mli.0007-06-04-10800.nc	70604	10800	1897632	dd662e72aa05c6eb56a3abe2a4676ce49ca0f278a0087555d82b6e44736561e3	f65851c269323709958a79ee76dce7468f3acb5e1f4f857df92b5f6b3f58e359
640	train/0007-06/E3SM-MMF.mli.0007-06-07-19200.nc	70607	19200	1897632	8d2c9577b60ec9d350bbbf9043d2748d442b17a343033ef95a0ec5bc191a3992	aa11b9847f14ccfa25161b072d331ab154e97a8ccea41b89e2da8bd1958d462e
641	train/0007-06/E3SM-MMF.mli.0007-06-10-27600.nc	70610	27600	1897632	6ab53c09eac4e392a6d73bf0e0fcdc6d1315e0c173ad6c7027347931f11485be	3ae5e991e32fff6297171eb79df851cf35b6679f6a8961e6646746c6f891cec3
642	train/0007-06/E3SM-MMF.mli.0007-06-13-36000.nc	70613	36000	1897632	b320953354d75b822a245e778bd14d2890e0bc4633c216eff382bd50679512ec	772718a393721cf5c7c226a472c68a6b312760b529330fbceff2d7f55b85dc42
643	train/0007-06/E3SM-MMF.mli.0007-06-16-44400.nc	70616	44400	1897632	ecdc1171cb320fa25a34065ad04c81c01c874ad3f8658a89192021432fb87723	22323fd7545d77f57342c02c05e40db5fde3413e78512214f2ca582bd9bb2bbf
644	train/0007-06/E3SM-MMF.mli.0007-06-19-52800.nc	70619	52800	1897632	93c7d139cb1c563d7baf2f80c51aa8a96707ce66c6c4d72263a0f49505a7dd2d	0a5cc258616b0a57cb6e8baaaaa35c63b3b0ed6602dfd222320b74257274e058
645	train/0007-06/E3SM-MMF.mli.0007-06-22-61200.nc	70622	61200	1897632	11c57fc406e64a82be6dfe32d8f0acd7ad0c3b35ad483a00954da9cb02dbd6d2	f56e29cd5ea378181ddb97d04593c784decc3ade837de3efe24da0fe97e1d123
646	train/0007-06/E3SM-MMF.mli.0007-06-25-69600.nc	70625	69600	1897632	fd412fd65fde18a22bf39945a6cbde80488a4e07d17b41c0c50f2350a7e05b23	76103707c9a6244e8972bb29a7194b11f56933753fdf43560198ccbb29310919
647	train/0007-06/E3SM-MMF.mli.0007-06-28-78000.nc	70628	78000	1897632	926a2fd3bad846bcf5ed0a80a5ba275ce1651fd40af9761cc23a305c035e3df8	aeea5e09b23b7840f5abce9fdab228b8fb89abed21e607f9f8ecd2be2a3343e2
648	train/0007-07/E3SM-MMF.mli.0007-07-02-00000.nc	70702	0	1897632	7f6e9ea692497d328772abed366816fef662c9ceaa90e6966320536e68f27dc5	75d3c733a31740af3a210694f52336eb01d566d19d2b6383ccf3cd526e007de5
649	train/0007-07/E3SM-MMF.mli.0007-07-05-08400.nc	70705	8400	1897632	c7e43ea29edae6dd82ac3109efdd03ef8b14c54bdcbc9ac66aee1a7a74b0c252	6e0c30034ccd2ccf674d1ef495c760ba62945e443b5a574a8f79dcb547adedf7
650	train/0007-07/E3SM-MMF.mli.0007-07-08-16800.nc	70708	16800	1897632	955314e6b6e0a8a5a3be43f3a9a9479c453e76f186949354175059922e350be8	8dd45fba96dac3c3b46eb7581ff318635e1e1c528155cc12fa3d136f3269a125
651	train/0007-07/E3SM-MMF.mli.0007-07-11-25200.nc	70711	25200	1897632	55392b46611298cea560f0756ca994c728c83437ee8bfa3e8f3cd112ec3e3f33	b2db7d99987915c9247089d58192d21f1f2edf059e0d605ae5e2d5c8970596f7
652	train/0007-07/E3SM-MMF.mli.0007-07-14-33600.nc	70714	33600	1897632	fc9f9a283ae5889e82124b0ab3230b34034a74a1aec9f90d7b516d367112366b	834589935485339d65d103830e2a8e7740c944958564c31628487e0cfae9f3fb
653	train/0007-07/E3SM-MMF.mli.0007-07-17-42000.nc	70717	42000	1897632	c64c05c6630b53d681e8de377b1efefb75fb454b47b378a576e13e5ccd9a02f0	0314ca16896f812eecdaa481409144ca737b47eee7ec7b8ed7da0e1313195094
654	train/0007-07/E3SM-MMF.mli.0007-07-20-50400.nc	70720	50400	1897632	5d267ca899e13010e001fa8091654029c9e82b503dac783398669fa21db0117f	305b201fceeff0ee3cdb1ccb7d9346702b2dac7d615db6fad26a45f8b8354a70
655	train/0007-07/E3SM-MMF.mli.0007-07-23-58800.nc	70723	58800	1897632	aaebd0ed0fca28f8df10aa337c8f08bd991b33ed22e1773592380ef16ee2d598	de78b4714a816861fdcf3b607add054aebc9c60db1e4885e4bb526b6a70e722e
656	train/0007-07/E3SM-MMF.mli.0007-07-26-67200.nc	70726	67200	1897632	77710d810b83cc5903eb8c3c511236811a4b7d13642b1613a24ed4ce7f0001a8	f38bb0a03eed3231db4606ad915fbcc9c35d5f7a65d7d732fda209d3485e12ec
657	train/0007-07/E3SM-MMF.mli.0007-07-29-75600.nc	70729	75600	1897632	003838386916d95e0e5d5e1b674867f5c9a416624dffd4b192e5f5d05a8a8914	7d7b3b64b20003dd92b3c24e16f971d762206452a58e1ffe34e5facad68e9b87
658	train/0007-08/E3SM-MMF.mli.0007-08-01-84000.nc	70801	84000	1897632	0fab8f8e982782896c393163bb3eaf75992720663d4adf3b5a89ff5ef292b3ba	37c51a009755c2d214c3df9f96452abc5a3ee6068478d6a4696934352102a329
659	train/0007-08/E3SM-MMF.mli.0007-08-05-06000.nc	70805	6000	1897632	dc66cb7b9a6d442b206fc658290b09168f26059a3682cc7ce749c8a95a73dfaf	d60f7ec70123248007669f11e600c3a27f56949d928bb9578ab767defadf5a9a
660	train/0007-08/E3SM-MMF.mli.0007-08-08-14400.nc	70808	14400	1897632	fc995b4ea16de3fe88b9f38a3fd6b2fc885303ced4ab4ecb6755764edf6ddd32	53231cd5ad9692783a74b1acdd4937c13bf13bbf681c4d6fea517cdc3e1a0b18
661	train/0007-08/E3SM-MMF.mli.0007-08-11-22800.nc	70811	22800	1897632	21823a24d6adb27d9624b8eddc6e996f3476e07301319fa0f27ecc57525d0af9	f7964ec5769b20ea8aff8bbcd58fdfce641de63bf8e75877ae3e489e55b00f20
662	train/0007-08/E3SM-MMF.mli.0007-08-14-31200.nc	70814	31200	1897632	8ed4ae9707daa3499d8f9ae2b821244833dcc091cec0b09451e9bf591e489193	f484bf14831c37af0034a3383ed6774a67adf95658aa0d01509c384df6eda92d
663	train/0007-08/E3SM-MMF.mli.0007-08-17-39600.nc	70817	39600	1897632	0ed291062883ff595184550d6c06729ee6c306174798e97f06cb8eb2a729d1af	e6ab63af710ab1eb17eba04ea8d5733b8698c5aadd8cbfc0f06752c0fe7d8531
664	train/0007-08/E3SM-MMF.mli.0007-08-20-48000.nc	70820	48000	1897632	db168dd6074b0f31aad7c89a72f9d8c779a88b233ac9114e868ff35fabc35e15	7007166ff545e973d7ad1bd4cd5b30ad30159324f5afa968c976b3f00b69d864
665	train/0007-08/E3SM-MMF.mli.0007-08-23-56400.nc	70823	56400	1897632	dc868b182d56aab67f6553d2189cb186caca0b6f7cb08fc94ec879154eff7fdf	0dc9ab28083a5d271cfacf527a363ed9ad1fdeda88db603691c896832ab9d8cf
666	train/0007-08/E3SM-MMF.mli.0007-08-26-64800.nc	70826	64800	1897632	69c10a8f47535c425211be3d8754e91551f35d45f3326d10830851b2ec98eba7	6af86ed668eb51c33a17857927709b2618a9f8d9eac91cf65b45218c24ff7f9f
667	train/0007-08/E3SM-MMF.mli.0007-08-29-73200.nc	70829	73200	1897632	73bdfc5e29465fcfb4146e364bb2ade2e40d7eecbe83218810b62d4290b0031f	6cb4cd3a4d1834b1c20d9fa1aec6a02cec5fbf3bfc323be31ea9aac5bbd07f46
668	train/0007-09/E3SM-MMF.mli.0007-09-01-81600.nc	70901	81600	1897632	a5b07c4b416e169bb7aabf3e629e3a4e5c3a6257d47a9771dca0d6ccda8bfd81	813391409df3f6f7cd845adeab802b2eefcbaa66c923b8e972b326ba8aa0e690
669	train/0007-09/E3SM-MMF.mli.0007-09-05-03600.nc	70905	3600	1897632	898578b07b73637a83a6350eddb52877fbbe9fba50dc12ecc676d7b6a31f0a68	0b5511466f945b70a8f92ced72eaa24cca9aa62a29db6f2ed6cbfee6b4812998
670	train/0007-09/E3SM-MMF.mli.0007-09-08-12000.nc	70908	12000	1897632	d7a7ec922f191dc4cd668fc9a863eb50b1f573b30b7dec10a04be07600ee2d23	a671a88ba7b28bb630efa2d7d9101787c79a4d458c3e78ea1e4dff3dd3dcf8db
671	train/0007-09/E3SM-MMF.mli.0007-09-11-20400.nc	70911	20400	1897632	084656db9c8f3cad6de54b86bfde0775a07fd6a6125a0eabd0fd27a639fc4a11	a83acd4eb84a708ba4138572248e7499ede7216cc20bd36cade63be028ce5e10
672	train/0007-09/E3SM-MMF.mli.0007-09-14-28800.nc	70914	28800	1897632	06866f4b487137b8d3cf2e5de0629199208be2513a28d0ec1b5600f6914a20d5	c97905563c49b67f3433f5b61270197c354ef32f693c400cb2e171dd364eae9e
673	train/0007-09/E3SM-MMF.mli.0007-09-17-37200.nc	70917	37200	1897632	fd2411c0f87a572bcd5d68249447356ebbab4dc2d6eaf29e9ba06db4b57e4771	ac9226e228e7e1ddd73da9c15b38cd7e95de6417872650868a44c4712d344a0c
674	train/0007-09/E3SM-MMF.mli.0007-09-20-45600.nc	70920	45600	1897632	75978cceea7b009b99ee8c19e9252f544fc8010b5f38e684ad5e4f09a57b8f34	bb8636e66dc1f05147621f36bc7d785d069d478e114381eb626ac0df10af0e4d
675	train/0007-09/E3SM-MMF.mli.0007-09-23-54000.nc	70923	54000	1897632	1eb4146bfed9e5ae67f4beb0537f790fc7adb5571eaf108ae4009c3643ccd378	6ebd66ff27ba76541a399c5a7b08574d0b22934c3df9f7949549e12d75a89e4f
676	train/0007-09/E3SM-MMF.mli.0007-09-26-62400.nc	70926	62400	1897632	d955a9525897db348fbffde351bbe7ba287b974423a62ff1c5ea1308acf560ae	4d7a0a13e66ef0edb05039c88ab25c31c7b537b804ca91fa7c81383a1de78a04
677	train/0007-09/E3SM-MMF.mli.0007-09-29-70800.nc	70929	70800	1897632	a1448d4e62d3f66d9e3e2af9f31b1f94d8aadbb653f4a1c1ea3a4749bff901fd	0768f85baa4f1283426a02bb80db1f2da72aeff7770ced9be6f3a5af5d04d3bb
678	train/0007-10/E3SM-MMF.mli.0007-10-02-79200.nc	71002	79200	1897632	565a8812a7c30c63845dc7b89de2463de44f281f6a1a6039be45bc8929a41cfb	8f4c7a2ecc14437df0e86b9db35be9c5e5645a9d2facc2880542592ed2980844
679	train/0007-10/E3SM-MMF.mli.0007-10-06-01200.nc	71006	1200	1897632	5f5a972685f2e43876755bec66783857f9fbbcbce7c13d38f718ef26bb042ca9	e053c303598c709785c9c75098dde071cd16a3632c0c05ace56cf57bac702ef9
680	train/0007-10/E3SM-MMF.mli.0007-10-09-09600.nc	71009	9600	1897632	03adda178ed4b16d40115833647a825177b897606046794b49b2a50c8a7a57b9	7b5edeb547991b432c42b123997b781f6b836fa7aadfa30ffd955acbbfdc8866
681	train/0007-10/E3SM-MMF.mli.0007-10-12-18000.nc	71012	18000	1897632	81247b5291c0bdd81f1249cafcee4f83f7668d102b56e6e7618820664da205a2	67136e0706697d4bd2b8b8ad104465552f36a50c555179a7aa9368f09ebd0bc1
682	train/0007-10/E3SM-MMF.mli.0007-10-15-26400.nc	71015	26400	1897632	c0be523d6a8bb845a16bf94d03cabd9504cd00567f7783c86a23a25f824f67c8	473438fd6093948d44d3e3893cf7c76939d6dff55a6100e86ecfe338e0656428
683	train/0007-10/E3SM-MMF.mli.0007-10-18-34800.nc	71018	34800	1897632	ce1645e6431c83e1a8275af9a076a177cf6dde03ee0fe86167f9b4d139e2eba0	27b71017a3da62a066af02953776cadd691ac379a72f028b2e884363cbf1c997
684	train/0007-10/E3SM-MMF.mli.0007-10-21-43200.nc	71021	43200	1897632	f20ae1f1da7f12a06f039cd289581cbd433677755892388fe49a05b211f0c358	b702dcd2ddec80cb247cef69a47297a83d872e726c91d47ed77cd97f41132ab7
685	train/0007-10/E3SM-MMF.mli.0007-10-24-51600.nc	71024	51600	1897632	53d93bfc16c60e9cd894c3c2f897c8a988bbb949155c577917f839c08460607e	c2b34b229dae1b8dfcc0e2bd298d542702eb3a50c040ea85f7f93a1ac26bac78
686	train/0007-10/E3SM-MMF.mli.0007-10-27-60000.nc	71027	60000	1897632	71af6ab2a7aff74fd98796423fbefbc57626bf8c61f1cac9291991e703651ab1	74f75444668e20db3f961129074e2082d1140568863002ca742ba3c88fc5495a
687	train/0007-10/E3SM-MMF.mli.0007-10-30-68400.nc	71030	68400	1897632	f179a6e768bffdbce3adce164d7b400f9aaf3d6487b7f940ce0c42c2be953ef3	74dbf82d87a103bd6de315fa511a570a86143fa44a20fe395df2d138263b4b1d
688	train/0007-11/E3SM-MMF.mli.0007-11-02-76800.nc	71102	76800	1897632	e38d8d58c1fdd37003619b6b1144eb30e5d05ba87e242a267787e3609c891554	7cc58693e7bd705d0cbfe20eccf3e7690dc8bd707fb81e9fda282adaf3a287a2
689	train/0007-11/E3SM-MMF.mli.0007-11-05-85200.nc	71105	85200	1897632	aeace210c4d351edb7a351c4283350d5a8a352c82a52f819d07df5028a252494	02cd036c7e08003015ee6a6b0ee6e2b6b97bdd9f4dcd489b3abf82037ed49f9e
690	train/0007-11/E3SM-MMF.mli.0007-11-09-07200.nc	71109	7200	1897632	4f10162d1995369abeedfe5f2a372e221c3ad2b7586f09d2b9d6b1feb1202050	cb85cd64eed08251b2fd7be7ed42c77875ff93b843a50fd28594e7bd76b5956d
691	train/0007-11/E3SM-MMF.mli.0007-11-12-15600.nc	71112	15600	1897632	71b726b83c76c5ff6d33e0e581ab067bf6a6bb9cab9eb0391f57700e4f16f1d7	a2bc050ed357861d243e496ad87fcb8c7f681dad69d94e086f1daaf07d465f7f
692	train/0007-11/E3SM-MMF.mli.0007-11-15-24000.nc	71115	24000	1897632	f45ee8263be6a919ca95b3997cd711c435093577127559e2874e1d5ea85884ee	31885a80391a2647db34db16e9d2046b6d3b8f0b160af6b22ff4114db6f184e3
693	train/0007-11/E3SM-MMF.mli.0007-11-18-32400.nc	71118	32400	1897632	d06672db8591b6a84c30c5d258b0f3d0ffae45e83c54d425e4920937b8e941d0	35a8e194ae9dc292159515f550c6162d1056ad44c8aa9b570503d8f38a600544
694	train/0007-11/E3SM-MMF.mli.0007-11-21-40800.nc	71121	40800	1897632	b65645d265fda50d2516e6ce283de352c28fa54fb93faccab9239937f7cf1ed4	bf1bb57f0999f4b90cc82f243fbbf9f4563634ccda19986aacb9363e29c14714
695	train/0007-11/E3SM-MMF.mli.0007-11-24-49200.nc	71124	49200	1897632	9357aef90caac7b0a78e34158aafd17881ce3b2822b4cff13d120f76edff6011	f87216844c8339b5654e8107620cfd939e02f8088ddc3fe9bac0b64f55ecc926
696	train/0007-11/E3SM-MMF.mli.0007-11-27-57600.nc	71127	57600	1897632	1fc5ee7a68e237dcfe7970eb773419f638d8a12e62648bd4502a113511829be1	91721a9ea45705ed288682afbfb726db53c750891e663e1b8bf1c46cba23d149
697	train/0007-11/E3SM-MMF.mli.0007-11-30-66000.nc	71130	66000	1897632	58c0940a41f7d9cd17260051436cf11e7e6fd25e80e230412ee61b588d88217d	4b4eafd86d6f78018f68f1d4a63e1770774a9660cf060315a17c2b7fb8fe0694
698	train/0007-12/E3SM-MMF.mli.0007-12-03-74400.nc	71203	74400	1897632	6267e8d634e69c84b2aaa9ae638505c6b84ee9f09f3d09fffc5f6ef59c050637	fa53b4f4ad26f24e15be49117a8ecc672172cdb99c6405b9dc43f2666af50c10
699	train/0007-12/E3SM-MMF.mli.0007-12-06-82800.nc	71206	82800	1897632	4290fd320c61d3b3c0c387d36a3d663b1a7632ecff44612cd3561a40b92be6c9	7e48d29767b5af5b44861b71bea5041dccc0a9954be5a221f38631caa2eb96ad
700	train/0007-12/E3SM-MMF.mli.0007-12-10-04800.nc	71210	4800	1897632	dd689b712d7c91d53ff327de44b6c849b2cf40ec9715e9e938ebef30d85ffba0	3afab289b396eacc6b6b894e7d19e2a61d80b0c54c26e1394cef75d8d693400c
701	train/0007-12/E3SM-MMF.mli.0007-12-13-13200.nc	71213	13200	1897632	2f50e53313f2420c79ee0d7937dfeb3e04e9ccb1793fff40f084bb08cfb26a46	f26f20d2581b679f2591d1d0972dce823b0f9ed59c979ff4574f49582e46c356
702	train/0007-12/E3SM-MMF.mli.0007-12-16-21600.nc	71216	21600	1897632	088fb35f053bc4225f7c47b59ae5131880ebf8e4d12c5fc519782eda484ee0dc	188aa8f68a138e83ae05853e4296646b4fd17d3709d139a98b6ca9bdcf968416
703	train/0007-12/E3SM-MMF.mli.0007-12-19-30000.nc	71219	30000	1897632	4a09b6f34241452d7515130a3db4a1c9518b6026bca7f3909383dd83622349c8	b62e9dc84ed4edba764dca58409b51e43629e756f139043495324d4b14786fdd
704	train/0007-12/E3SM-MMF.mli.0007-12-22-38400.nc	71222	38400	1897632	f2f1059280ede536627b7a7770569ec6818c5f9c651d847760e0782c13ba590a	c140589041e9a7b694f22cee2f72417325f80474bd9fbab55d881c17a8720861
705	train/0007-12/E3SM-MMF.mli.0007-12-25-46800.nc	71225	46800	1897632	57ed6d04aaafd3d357d7bdb595491c8c3d2cef9a9b6ca18feff411c3c737bfbf	f31783907ffad3e0ad135998ad2bdbaba0f695d76be31ad080145227eaecd958
706	train/0007-12/E3SM-MMF.mli.0007-12-28-55200.nc	71228	55200	1897632	dbf5964e98aad856fa6dbcdee732a492f97f234a29605f3d6d271b28e4466ba5	5f629a49efab26a340334f6149e1915d7652f6775faa6800c540f4eadc043ef1
707	train/0007-12/E3SM-MMF.mli.0007-12-31-63600.nc	71231	63600	1897632	07a9e4e54c283ec73dfd4af5ac8458457aab42d8e3cfe2ef174dc85585394200	89dbde4989acaf6633a644040bfa75af17242f6898b260421a3bcad371928c2a
708	train/0008-01/E3SM-MMF.mli.0008-01-03-72000.nc	80103	72000	1897632	7cbf1be597a15fd162ef75ea83d6a36c27d34b98813d35254ab533839597682b	ff5da35bd7c49c7104d49effcbe3a42805a7156dee3c104b3686a643abe848cb
709	train/0008-01/E3SM-MMF.mli.0008-01-06-80400.nc	80106	80400	1897632	b6bdadbe5442a13f1ea7961ad14515044fae3a7fda3d87cb62d2a532296f25c0	9c22eccca55c9b9051fbb86d7342e8ee06fa62b01def6d6e1ea923c4b449e6df
710	train/0008-01/E3SM-MMF.mli.0008-01-10-02400.nc	80110	2400	1897632	d900237dddca8c6da6d3de0a478ccb5bba38e36f9a52eb88fe6e672199214eaa	9a3517f68ad512bc8c2e1962caf71b96b10daaf1194ec09e52c0ce040f49b1d2
711	train/0008-01/E3SM-MMF.mli.0008-01-13-10800.nc	80113	10800	1897632	6635d8d3b8438f7b5525355d00748714ee4d0e94d490a290bb84be4f1a2fd2a3	a93228b912aaa7a973a17fbee7e97f74a51cac81812a911be2307800d8f36a53
712	train/0008-01/E3SM-MMF.mli.0008-01-16-19200.nc	80116	19200	1897632	af297f74180252865c8b949b01d43ae14c5a33b06f8caa6ea1750c2d2569b5f2	9efc84ed38c6978cb92633536e9f712f3ef9d87f618d0e501d82cb5cae1cbddf
713	train/0008-01/E3SM-MMF.mli.0008-01-19-27600.nc	80119	27600	1897632	5e2d46beed2a60bbb7615d5130ae1aed94fea8cb31885624a8b78f1711ef0680	6d4517d83a703c69d185c487018925351b3f93eba7fcaa03dcf9d77b70f4d462
714	train/0008-01/E3SM-MMF.mli.0008-01-22-36000.nc	80122	36000	1897632	ff422f2b95cad8630d50cd66c19eba033e9efec585db1f1efc6ee1237a3e051b	8d9dad726c8954cbe4121e3c3db8a2c9911d5ed5387a6d2e388daf46d9b72abd
715	train/0008-01/E3SM-MMF.mli.0008-01-25-44400.nc	80125	44400	1897632	e62c4b5ee6e61e72a64b18043c3ef3d7c2cb3f122beb011222b548d73bd304d8	d31a8b455ed82351ccb98510ccaa3641fe6fc9643e6649dafca68700959ab9aa
716	train/0008-01/E3SM-MMF.mli.0008-01-28-52800.nc	80128	52800	1897632	b1f84e6734e62fdb25573228cb4b1de5351115000be69eb411bb3c1376c66ef5	57e1329a76eb19b7d9759d73049865113115365f995e14cb4d181849c2202faa
717	train/0008-01/E3SM-MMF.mli.0008-01-31-61200.nc	80131	61200	1897632	b2bc419fbdcde7ddad1db605e6ca635341040a6acc259edae55d9c52999ae057	f9628f93e461d00c18f1f180ddfa075a8f711dcbb0facd9b1d85f5f0d27dd92a
718	train/0008-02/E3SM-MMF.mli.0008-02-03-69600.nc	80203	69600	1897632	d1da174046d45d2ab5d121006ebaf533dfd8ff869597497d12cad0ff4b6b7578	fb1a9a04ad88710423246c31086bc252e4bec8695f3e78fcfa98e3e9b21a23a4
719	train/0008-02/E3SM-MMF.mli.0008-02-06-78000.nc	80206	78000	1897632	240b43c76254680aadd2bcc56f1898782cf669ed84d2ad05aa5e3b7b161f7de2	c2db51ad51d5bad4acd7f12b103d113f52bcb55d9bebd9ed2d48dd1c54f02d1c
720	train/0008-02/E3SM-MMF.mli.0008-02-10-00000.nc	80210	0	1897632	ba87f4a60bb587fb640f90ec483968cfc07c9da790d2cd9dd886ab9a86eaab16	a0b29d41f8e453d797625d99f546b9bba6bc74648f482671d3b342cb3f301956
721	train/0008-02/E3SM-MMF.mli.0008-02-13-08400.nc	80213	8400	1897632	81fadd900783aa7b25b6018024e32a6ae77973f79ce6914ea03d4c9a47327527	81a9c8f2a6872d787f0523b81d78bbae3934978a7d52d51cd03d31a744a1d0df
722	train/0008-02/E3SM-MMF.mli.0008-02-16-16800.nc	80216	16800	1897632	37b64d7a8e11046eb8fb9ea560e3f64d595cf7fab0322035da4f36e0b2169c87	2c3f10be14fa4cc9f451ac81464a35f67be01c93b07fa94e71a0614a57416869
723	train/0008-02/E3SM-MMF.mli.0008-02-19-25200.nc	80219	25200	1897632	384889b28d8b491e523f4c7a4c51ca12aeb43b58e315945d35afb152336951a8	4ff89b67f84818793229857e85dd54bd9818463e3a2d5e7ec219824c9136de73
724	train/0008-02/E3SM-MMF.mli.0008-02-22-33600.nc	80222	33600	1897632	38d0b66dddebca0a126372fb237b81469495ae2a5ac8dd704857836bfd9b1364	79c48859f11b1b52be5a9bda12ea69c4c6b0e1aa10921f8e3234fc9d568db895
725	train/0008-02/E3SM-MMF.mli.0008-02-25-42000.nc	80225	42000	1897632	ac61227f040b25c84f2791bbc23b17131a741e151d65057688537f3b7e40cb6e	b61007c865cef96d7be75a12181c808a9534837d05f3d79e291d0b1164d944fe
726	train/0008-02/E3SM-MMF.mli.0008-02-28-50400.nc	80228	50400	1897632	2ca217a25faf1688489b87a9de9a74810cfe035fff891e64e1ff8db2a5ff495a	b568649bbe8104f6851af13e12a6262a3727bf59c768d023aecd7c74d9255202
727	train/0008-03/E3SM-MMF.mli.0008-03-03-58800.nc	80303	58800	1897632	734c0839ed37cb8d531a8198834191e7e06602f394d39fdc51e1df42f51d67d8	602a9dd4bb08e804853a190703aeb528277270992d5b62d2b1027406648c5ca3
728	train/0008-03/E3SM-MMF.mli.0008-03-06-67200.nc	80306	67200	1897632	0dc74b03092fdd6e0a6764582f6522ab4f2eb01c4b7c2072916ec640ec783156	eafa8f83bcb09f006c8bfb5b139a3847f077d6ba7a36910f20b89cd580f55182
729	train/0008-03/E3SM-MMF.mli.0008-03-09-75600.nc	80309	75600	1897632	15c42d93b85d9bc73f6cecc359cbbd479a8efcf474ed1d05a5493284075e133a	c79f572ab1f1a146bb653a5bbcfe1ee15268275812dfaf598a1e352389851c8e
730	train/0008-03/E3SM-MMF.mli.0008-03-12-84000.nc	80312	84000	1897632	e7d496267f8ca42dacf76e089bc210785057f729dd47bfa833b157e3f81d40d6	32e11044387ea182d95b185afa34609b641f80520fdb8fab0ef326a96390b76f
731	train/0008-03/E3SM-MMF.mli.0008-03-16-06000.nc	80316	6000	1897632	d40c1b0f42e1bc450a4d04085c8b431f279b28198fe1d17fbaa35ed4ab4b9e91	4b7deca94a59b5b269fd65c44274a100767a9f4dcc72ab0b2fecb5c2672b80e0
732	train/0008-03/E3SM-MMF.mli.0008-03-19-14400.nc	80319	14400	1897632	fff68b47002b1bfa0fd0c1bc20ed9f2f12138f8f0a17fcdecfa45e7dd8d4f9a5	77b79a3592bb0f42b3947e79fd6f2b24e6e4063cbddfe26c471806ef34cd9910
733	train/0008-03/E3SM-MMF.mli.0008-03-22-22800.nc	80322	22800	1897632	db1998c81f3907b913fa0a7902f89e069a7194625654cfa119bfc1081fbcc2a5	016d5051c669a17d942365878c53502a3985bd9617d777a77213630d6452cde2
734	train/0008-03/E3SM-MMF.mli.0008-03-25-31200.nc	80325	31200	1897632	6bd7cb93347de1f7b3a60c118961a2bd643cedb765827bdf7c14dac016a7e45d	dc3e00c60235c5d577f948038518deae9826a42a9dbfe80a617700cab7690cce
735	train/0008-03/E3SM-MMF.mli.0008-03-28-39600.nc	80328	39600	1897632	fadb2c05a5fb32aeda5e4e96dba44f9bc9b248b0623a5e3802a2f26e1b3045a1	f4fdb1c537fc665535c3de252fa71a83acbe02ff2ffd4f9fd606671ad34b0932
736	train/0008-03/E3SM-MMF.mli.0008-03-31-48000.nc	80331	48000	1897632	c5058fead424cfd25da41765ea1179f2e01342c694fef49c8c2acebbe4da0c42	1946c0348cacb2d47d9ca4052860dfe7950c7155b6d3a0a49d5a633297b1d3b3
737	train/0008-04/E3SM-MMF.mli.0008-04-03-56400.nc	80403	56400	1897632	ed5ca581307948e4b4b57a9079be7a502fedb6c6acea298c3f0ad544b824fd89	0b51d668b1f4e53f55f325cfc1811236197c6b2ef85b01c41499d2f647bf526e
738	train/0008-04/E3SM-MMF.mli.0008-04-06-64800.nc	80406	64800	1897632	ea47321db9e3cbd30701481762d40855dc4cca73cd348cb38a7804682306970e	66506f3cfa5a1ffde8d9a311c054871e29b08221e3b07abe3e9d039cd5a5db33
739	train/0008-04/E3SM-MMF.mli.0008-04-09-73200.nc	80409	73200	1897632	0ca85cf20c21fb0eb40a0cbab50bdb272300340f17e31144aaeb3a03a710486f	8d0b3b083ca3ccb5a145ffca20626206dadd58ba3cc6c73cd147556e1b1b6073
740	train/0008-04/E3SM-MMF.mli.0008-04-12-81600.nc	80412	81600	1897632	3cbf08df655b3d86bf698a0518b9a4ee825ed16e434d932906075bb496995a1a	0df3def727eb473ce8da0780adc95beee0365ff66153a339d53a7b6f794003aa
741	train/0008-04/E3SM-MMF.mli.0008-04-16-03600.nc	80416	3600	1897632	efd7af9f8317e5e64041bc729d50042e61904c3ba4c4a0a7cf07bec8ab8eb1f5	10a68961319ac638755c470fb9c7227a1ca3f2ac3182d841675755fe08005e03
742	train/0008-04/E3SM-MMF.mli.0008-04-19-12000.nc	80419	12000	1897632	a9088a5c987323cd7dbd430fd334ecb865771ead25685bb201b03d79f1cddbf9	c0220465866374a9edb6d35ed646c3ecf7a3d29c23a721a87a750b07696b288c
743	train/0008-04/E3SM-MMF.mli.0008-04-22-20400.nc	80422	20400	1897632	7627eba6e7957272c336c280804974c6d7929b42587f22b6d91b75efb80092ef	0ab162704257d227703f5e9ec0b77f794c09d107dd1a751afde4300d5fcdb5d4
744	train/0008-04/E3SM-MMF.mli.0008-04-25-28800.nc	80425	28800	1897632	7e3712ef5846584ca428c0c5d5193bfa9a71200d3212bf1431a62b4c7cf70b3d	b429e4a3cf4b4ac79c634ef99ddb233ccc3fb97524c75de604f86d642a5c22ea
745	train/0008-04/E3SM-MMF.mli.0008-04-28-37200.nc	80428	37200	1897632	64d936a442fea7d090f42e208457efda7faf273ea9e4ca1b1afeee84cfd97533	ebc9aa494154c8ffef8f527df87ee33533ef534328134fce3652745a4689f49c
746	train/0008-05/E3SM-MMF.mli.0008-05-01-45600.nc	80501	45600	1897632	e7c48370d9bb2d141aca5c7b192d3fc1501b48e8ddd1e7c0acfebf2895124f63	8273749575561f6807f4053d9e5e9ae92a784083b0e8d5419a7df6106bc97edb
747	train/0008-05/E3SM-MMF.mli.0008-05-04-54000.nc	80504	54000	1897632	35ec2a03012b06c035f7fc8542aedc8621983a03774ccf8b639621233816cd18	63afc93bfbc1f93cb2afad0877208bcf571717f57741e09e080e210e75f6680a
748	train/0008-05/E3SM-MMF.mli.0008-05-07-62400.nc	80507	62400	1897632	5aee74ecb40595dc327cf3165dc7c3e3fc9051a06c54b523d6e0d8224c90e210	8cd021f1a5af24e24d86141ec632eff1815492fd016770026dc26b3713eb9e9d
749	train/0008-05/E3SM-MMF.mli.0008-05-10-70800.nc	80510	70800	1897632	7e376c2b14904b1514a6bb4b9c2428ab746337ce2e5dc752ef18ebe6cc29215b	d9f30e38b4e6af4ecb9a5681bf564d6e3dc2f7c833b9734b5483b35a1320770c
750	train/0008-05/E3SM-MMF.mli.0008-05-13-79200.nc	80513	79200	1897632	0ad4f0b19fe16fb71c843cab7f15db142ec08d60d9cc2248dd52fad2e0cdbbe5	f1e8e6eb63cf362b59b2fbc2f262e00eab390874b8f862199296ec968e665d00
751	train/0008-05/E3SM-MMF.mli.0008-05-17-01200.nc	80517	1200	1897632	ef711114d402ed526e160d43b0f7188d1948b5c442472df028e61cafde9020a1	af2fc7ac23fe9885b42d464c0f276ea6d15816f66ad616ff50a63df4f4966d94
752	train/0008-05/E3SM-MMF.mli.0008-05-20-09600.nc	80520	9600	1897632	bccb07a7abc458e021ef56d0aade3cc686c214c738e1d36e12ee8d9e7e6eb842	efd1941b44f69fc23fc5e0a20994f7fb779db76628c9e5f7f4cfb13681b98525
753	train/0008-05/E3SM-MMF.mli.0008-05-23-18000.nc	80523	18000	1897632	2a84da33e0ef42674c501ed6bcd6bc8646cca2181ece6f3d043a6a77b392c3f8	73a057d6a891b02de860f6696f3cc2b269a85c42985d81b34430710df948df24
754	train/0008-05/E3SM-MMF.mli.0008-05-26-26400.nc	80526	26400	1897632	ee2690a4b0a4baf34d1bcd9b5e08430b2f2272f1ee5d744048809bb19db2a728	55aa76f3dcbde77267ee7e5d32b820d44eb5b1ad9a350be5cad73787713ceb8d
755	train/0008-05/E3SM-MMF.mli.0008-05-29-34800.nc	80529	34800	1897632	4aba73ae3870074e3e934591bbf437eda2e827c9db597c2d7f9e1301f03f0424	17f298ae60fcdb2108b086c84a404d7eba0fd35d087ec1124a6b2a0d6ccea8e2
756	train/0008-06/E3SM-MMF.mli.0008-06-01-43200.nc	80601	43200	1897632	ea85449c2931d43004dc508952d91ca93d6bc75979ef7e52bec023a630652f34	82a17a541c3e725157280782680a10bd1db1fff6d77431ff8d8b62c06f968aaa
757	train/0008-06/E3SM-MMF.mli.0008-06-04-51600.nc	80604	51600	1897632	ec8fb3fce6635af8a8cacd4e9a2a3efb5362aa2da2ef1582e95301a295dcc4ad	b39caaf925e392760763efdd1ed6661cf36ceacba1f48060a97fcafc1e7959f8
758	train/0008-06/E3SM-MMF.mli.0008-06-07-60000.nc	80607	60000	1897632	53b4ba21d5b45ea77fa11bcc14f2dae3c35703fc294465d4e55893e764bf8f4c	108ba85fcf8cfe99f967680ce7c5d0275e98fc03fd8a75ba9e3655bb2e0b19e5
759	train/0008-06/E3SM-MMF.mli.0008-06-10-68400.nc	80610	68400	1897632	7049955bda77d70ae9c62ac4dc6271535faab649665d471a108eeb6f25abfa31	042bb56f666965b2729dfebf64027b978104710e570cec9ce9ee6d75ffb6c10b
760	train/0008-06/E3SM-MMF.mli.0008-06-13-76800.nc	80613	76800	1897632	8f5576f238d5448c7b1efd437c0238c89e8e4b050ef56384c27e48de639232a8	b43e8c1db8d2fee85f5d684f1216a4cf6f91adfc40437d0fc08ff95509f7c231
761	train/0008-06/E3SM-MMF.mli.0008-06-16-85200.nc	80616	85200	1897632	0ffe082e57d53eff703fd163f3fb31d8ee46b75cc5449167b5604c863256e3bd	a09ed08bd22d03fd6901ac85810c998d8d10de960642af08b31e42e37e3b1fb3
762	train/0008-06/E3SM-MMF.mli.0008-06-20-07200.nc	80620	7200	1897632	4c0369ef32dfbc13037b98c0f8c23ffbcace005edf43b998424a8c34ca55d1b7	22a999b23e1c74cc02d871909562d24cd59ad9d3e978fe9a7ec3746b94c79e64
763	train/0008-06/E3SM-MMF.mli.0008-06-23-15600.nc	80623	15600	1897632	c24c1c082bea0c05fc8bccf4f0948d9d6a4d85cec206d74068313f89cb54061d	5845b9088fbf5a66c3a169b1a6bffa6522c191125fe3207302d370d8427a971f
764	train/0008-06/E3SM-MMF.mli.0008-06-26-24000.nc	80626	24000	1897632	38f6ebd5060cffbf742f41a7310622230834779fe09bb34edea4b5b737bfbd5e	ec1765229f42d29e755b3472183d38e02337680a2cfd5b962216ba141a8ae4eb
765	train/0008-06/E3SM-MMF.mli.0008-06-29-32400.nc	80629	32400	1897632	1ebe23343b2b077739c138059c93df0d20d8f4bbbf8878890b673a9bad518a6b	0c7dfe31b50f3c41be5bbbebd8773972b0ae115a536e2d426bbb9eeacc8b5339
766	train/0008-07/E3SM-MMF.mli.0008-07-02-40800.nc	80702	40800	1897632	2b366b4e2203e2e28b03428d1830eed47101725a4c83bd36a3596f3256cb380c	d2fa5039edc588f88d974a15ad390a1dab5113e8a4c656c1193f05e621f4d277
767	train/0008-07/E3SM-MMF.mli.0008-07-05-49200.nc	80705	49200	1897632	e433065ca6f19ab968fddb86569365d6bd950e729ff9f9034a9ae0aa6ebd6165	f47535d3f7f52388e3707748f94c9284ab5b74ac4d15d88605c43db0edefc4a5
768	train/0008-07/E3SM-MMF.mli.0008-07-08-57600.nc	80708	57600	1897632	f2ae30a8da7ca276ecaec87f2e4b8e7a9f07baa2f4c301fa34899cee47558cb0	b597343eec23d221182b8e566fdac7057f02b844b5218f2b6eb49e867eaab0aa
769	train/0008-07/E3SM-MMF.mli.0008-07-11-66000.nc	80711	66000	1897632	a2a2b669685dc5cf5648dfebeff4cc498ab273455ca6a667b244d047b4dc96fe	81effe4f0f23c589599f381bc6556a70830489ba91effb8818901410f602dcd0
770	train/0008-07/E3SM-MMF.mli.0008-07-14-74400.nc	80714	74400	1897632	f423080fbdb8ddd3c70460621ecd0574953ad1cfd9078a34fe6a11eb6bc7f7d6	a89154285b7ed41c05c3aab1f50699878cff56dab2e4947ae982d8d616f7efe4
771	train/0008-07/E3SM-MMF.mli.0008-07-17-82800.nc	80717	82800	1897632	b5d7de3627d2a0e9a7016d217f6c2e546ea465578e94e20369acec31c5841f41	311945bd89a2978768430d49c7af38f592a8179c959c752d850bf7134d1bef15
772	train/0008-07/E3SM-MMF.mli.0008-07-21-04800.nc	80721	4800	1897632	c255b96fcd6aabcd7cc2cdea659f46be413d6955f605f6c7275183bd64f122d8	d9adde9aedd610dba2465c6cfffaf947e0f402a36061ab6ff83e7a16ccc010bb
773	train/0008-07/E3SM-MMF.mli.0008-07-24-13200.nc	80724	13200	1897632	f034185e940ad7df71b033a5a0f13ad545f4a5c2f69cea1ed7d052cfd7ac23c7	71896b579f5175f4323df2eaf354d29e8d21b86bdba62a8cdd99abe134176677
774	train/0008-07/E3SM-MMF.mli.0008-07-27-21600.nc	80727	21600	1897632	c043aab794f3ca2a9b8377e682d626c159581263b133e4b49f0d21ad2193b8c3	e0666e14c51369ae1ad237e2cd4c4e2825dacb9d58bc1a41bd2872dd3088c86e
775	train/0008-07/E3SM-MMF.mli.0008-07-30-30000.nc	80730	30000	1897632	b490cd9c73cc0d0f3382dec53c8421a9ba2735d12013f31d14e885f61677fd10	49191ce0a6c708970a4146ef4c97d5e93be2124718cc61516c1ff26f82d81cb7
776	train/0008-08/E3SM-MMF.mli.0008-08-02-38400.nc	80802	38400	1897632	ce8f882a8dad97c3ba6fd354217db403559dde61ba2a89c087705ead290cb73c	7a43e79ef1e035342f977ba2a2932f88cd7d10c19135264735bdfefed2a69b2f
777	train/0008-08/E3SM-MMF.mli.0008-08-05-46800.nc	80805	46800	1897632	d0a82a09f976fdec98bbc473220095c7409be00f0ee2feebe254b382c939a722	c2e3a88404850bfa1c47d19ca89d12a4f207420d5e6b37deb0d8937cec809542
778	train/0008-08/E3SM-MMF.mli.0008-08-08-55200.nc	80808	55200	1897632	66cb55be87cab66c7465f0bfe20a30b4972e26ce3dc83885f3f05ebf6f3af896	9cbbacc0c03c3e8865a20744a41735c75cd90acfe51d639f9db38bb396ed58cc
779	train/0008-08/E3SM-MMF.mli.0008-08-11-63600.nc	80811	63600	1897632	9fbb1115f72a186809707348d2a4c674976efd65377a9315f2248b9d48233ab1	9682acfabce7fef58983528bbfa97e7d1db6fccff06c1c9be1678c1b348a45f5
780	train/0008-08/E3SM-MMF.mli.0008-08-14-72000.nc	80814	72000	1897632	0e9af113b56ae9385f28544865f60a4b4053810abf34e14d5c4ea7281aea3eaa	afabda5fa49facf657fb658c71aae6ccfb961bb990b478d7c870786dec9bfc51
781	train/0008-08/E3SM-MMF.mli.0008-08-17-80400.nc	80817	80400	1897632	14489ec7e2e82d0ce0ede115302c08db3184a2e755b7a74d42b10aab46314e14	6334e423ea4000376bdc1fb61af024aaea133efc5c037e43bc3a3d65fc811ea2
782	train/0008-08/E3SM-MMF.mli.0008-08-21-02400.nc	80821	2400	1897632	23db9ebdeca16a204aa7f8f609e93ff8067312244697eae853e1217e5217c3b9	f271310305c1ef53bc0988228798015975ece92d32e84863349b243c6f3c1579
783	train/0008-08/E3SM-MMF.mli.0008-08-24-10800.nc	80824	10800	1897632	866d27b9078326b82ca06325f43143e8426b8dfee536de114e43011b86f97db8	e67adaa84bdcdcf3bedfd77c09642b085d93ebe302d9c158a3f89b6918f9f01d
784	train/0008-08/E3SM-MMF.mli.0008-08-27-19200.nc	80827	19200	1897632	8353219ec2720ec8049b198f4dec9f70c847f1615ceba2515c976d81008b44ef	fdf2d22b80343bc46fa01c395fcb873259f4dfa4bbb1f239aa143e1604e9b917
785	train/0008-08/E3SM-MMF.mli.0008-08-30-27600.nc	80830	27600	1897632	6c6eee6f96d20f7d1e4cbb8f94418652d87cd00295a15b8053178051d2f15e6c	586e426c30102b60ecca2ccc7699d30ba99e37136a7aa9b330bf5cf99279fc3c
786	train/0008-09/E3SM-MMF.mli.0008-09-02-36000.nc	80902	36000	1897632	293b5a0d9744378350e594f03992525a2692c83ad4654000fd848c136d42072f	618d66033f74e2198202caa6269b76e1ada3c7fd9c9ee48a849a71a274778a69
787	train/0008-09/E3SM-MMF.mli.0008-09-05-44400.nc	80905	44400	1897632	a9a3ca075dc12223f8a1816aec6f4e816a34e655da9f5e20b17c4cf656bd0f79	485e68f9814f439387912c3d2c7b244e6e1cfd3ac3387864034c5d5276505eb8
788	train/0008-09/E3SM-MMF.mli.0008-09-08-52800.nc	80908	52800	1897632	eab53e307b07ee300ee04f8a51b8517f6107ee4cc023ebb4cac52a683c253c22	0dece2bfd0cab89dbc67a43f389265fccf4c903c5daa65ebc4bb6dbf54583221
789	train/0008-09/E3SM-MMF.mli.0008-09-11-61200.nc	80911	61200	1897632	01b9ec3f19b81b63491fc7068b550d49650da227d04a43cc9374c6f147da6042	626e3595671bc09c42d2e4fe6357788045fba1cbe398530c3d1b5ac2774fb4d4
790	train/0008-09/E3SM-MMF.mli.0008-09-14-69600.nc	80914	69600	1897632	6641f42aa1d77a8ea799884850440e3bae412c1d5e57ce2c8ca16d43aa2c2f95	6a9b1ebdcb3cc9e7323ea9316e2911df4bdb0af8b4b9863aaeaa80f66964dcfb
791	train/0008-09/E3SM-MMF.mli.0008-09-17-78000.nc	80917	78000	1897632	de95843b3845eff0d1e6b9499fe56e231b4ccc41ae077a66897ee86f2fcd0996	9d6747798c64ebede7cc11aa7b93478a557b1b542f805fd53333c9bf3f30fa46
792	train/0008-09/E3SM-MMF.mli.0008-09-21-00000.nc	80921	0	1897632	0d1a0673830ca3b718727448db8c8489ff6b7f9626235279950b0883c445959b	38c4f45c3a77f2f8da5801495977804fc26664f7f706d97ffddd39e863054164
793	train/0008-09/E3SM-MMF.mli.0008-09-24-08400.nc	80924	8400	1897632	151b0fbab7fc0caf2ee39e2ca31e72712c8ce74bde259b679fe3ef9194611705	1a37c262d8a664e6a478b41b96b5073646bbe654f4c91c3643139c733bfe41af
794	train/0008-09/E3SM-MMF.mli.0008-09-27-16800.nc	80927	16800	1897632	9691674adb6880278d7588f95696650cc6c060b70e19cee3ffa697965fe7cdc0	76bf2cd52b5c822e79e898f57fefa4c4f764eee8c6bf50960f40d56f8d5d9d43
795	train/0008-09/E3SM-MMF.mli.0008-09-30-25200.nc	80930	25200	1897632	0fe91d54c64b978842ccd87b908a18237feceb005ccb763b407dab41914ba415	f928b5e37bc075f87fbb133c8400109509733155fe33addaee6cee7b3a86961d
796	train/0008-10/E3SM-MMF.mli.0008-10-03-33600.nc	81003	33600	1897632	0abe3883d79c7fdec24f96963ed5a2c6b9bc410eb6eb564ef5e158c404538e0f	0e141a62006d37dfd876fae767f7c4e352d62b0fb9906555e2f259070e32e2f5
797	train/0008-10/E3SM-MMF.mli.0008-10-06-42000.nc	81006	42000	1897632	a06ece2bfdaa95662a271faee736ab9fef6f3cd68b56e38a3699f3432c78830d	bf9b8c936abec61c24096f00b6fe9977c53385bbbe00f4bab3096bf9c7003dec
798	train/0008-10/E3SM-MMF.mli.0008-10-09-50400.nc	81009	50400	1897632	98a12e8c29eefd004c34869041660e1dce64a32efb0acc5cdc3a6dfd3f06cbbf	fd712fbe45cb951c8d90399fd7fde550e0cfdd2023161683e5b12b3d922e454a
799	train/0008-10/E3SM-MMF.mli.0008-10-12-58800.nc	81012	58800	1897632	2b5dc7675d97c5012228e469888e337a3f10a08cf9869455b75708735eb4a9a6	91dc5c324be80df982f03e9ea4163d347b7c87b4fd4cebb7ff6715d58b5dcd78
800	train/0008-10/E3SM-MMF.mli.0008-10-15-67200.nc	81015	67200	1897632	9617fc4021504e572c3c27743dd6186f0a1dcca313deb03d40ec85b89f3ab072	25170d824543f4512d3b6b4e3f039778c78f2403e4a30c55bdad964e7d64abe5
801	train/0008-10/E3SM-MMF.mli.0008-10-18-75600.nc	81018	75600	1897632	317bdfc74ed62893cda229e4eecda1769a51ad6b5820438b08c79c71282f8a74	9c5d30432ff49612b3ecd0dd68eda4a77c63270d925769bfdad5d0b09329aa6f
802	train/0008-10/E3SM-MMF.mli.0008-10-21-84000.nc	81021	84000	1897632	841213e248faf9b8586b93c630f4257faac9b2e65f1330fd64528acfaf132a8e	ee68b1d86a3ef61c1498b1349e3135e03bc70145f60d3a401e42e2e1e0d69e55
803	train/0008-10/E3SM-MMF.mli.0008-10-25-06000.nc	81025	6000	1897632	d97a3e016211b0178d03d38cb7768a3da2d6e2f6ca137492d1f07da2ab47800b	ed786de48aa81bc69866403646cae74bcf1a2322e6a9724d2ba66edd3f9d63bd
804	train/0008-10/E3SM-MMF.mli.0008-10-28-14400.nc	81028	14400	1897632	a5aa59e46ab74b78cc2190b5b57cad8c18b637f2d6d685d5d380965427b03f3a	6664eb9be34d4eaf6d11d37fb0c21080d712cce32e406a0a59dee31b70b9cb81
805	train/0008-10/E3SM-MMF.mli.0008-10-31-22800.nc	81031	22800	1897632	c7433311c16d2e8889a5104cb86cf3562e23b005d8ed83dc5b0ed7514df16f7c	41377754045ea6aee753f53908a2a254300450742e6c4b647d95351c15ec6839
806	train/0008-11/E3SM-MMF.mli.0008-11-03-31200.nc	81103	31200	1897632	cebdb739c9a095f8fc07c6109df7520edf09e22337dbdfc808d4b5d74b5d9ff4	bdc4b17170d2cc0425408caa6fb2decbf39ab85b8e1e591b4d93b1389ea4e856
807	train/0008-11/E3SM-MMF.mli.0008-11-06-39600.nc	81106	39600	1897632	76a2cd8afb4a975288a5cf7c85a8f49bb058f18066443eb9534cfc6348bab950	1421eeba420034947b1b10d165ab14b81b29d2d64269a4dfd6047b438fcd8890
808	train/0008-11/E3SM-MMF.mli.0008-11-09-48000.nc	81109	48000	1897632	15a95cede78ac5c578785e7271e734e8666e6318242508991f549a54ffe739ad	e6f1b72989208216f1b91511857e8279a458b3c572c382c987d71aee49635dea
809	train/0008-11/E3SM-MMF.mli.0008-11-12-56400.nc	81112	56400	1897632	2f889776883594145c9bc269aae170c5f4aa2e056056673584ae24575a6c1299	ce9f7208440018d3166a8771be3bd559938ba25cbd938c78352c0336e0898a40
810	train/0008-11/E3SM-MMF.mli.0008-11-15-64800.nc	81115	64800	1897632	eab97d4474ecc3af7112b90938877301af897740310e7253c6f588ba383dd272	d62b522fa60db998488d867371ad02cb70daa18a1d3e20f28a80827d3ae06ce0
811	train/0008-11/E3SM-MMF.mli.0008-11-18-73200.nc	81118	73200	1897632	cea50e5cd2f51b9295bd28f98f3977209cb9fdaff2fd8e1d1f76c0dc842facb7	fa449fc32c10bf2d757bf5f548810550cb3ac824529a783b4a9d537d0571464c
812	train/0008-11/E3SM-MMF.mli.0008-11-21-81600.nc	81121	81600	1897632	7b2d316087937eba746c887017fa346326fc953cdc931e7278f85e9cefefee4e	9d2f8602175cba32e3a67baa669122b2bae1a4b7b2c4f061edc9cb29c701c514
813	train/0008-11/E3SM-MMF.mli.0008-11-25-03600.nc	81125	3600	1897632	353d936631f770baa3f882f31ea623700c3de579225d8d2a67ac12c6d8a80f69	0aa710e54fcd885a64e9b5b8aa26d3c5dfcc51b208b095d219bf5e89d7cbd03d
814	train/0008-11/E3SM-MMF.mli.0008-11-28-12000.nc	81128	12000	1897632	e7f2716418335cf4832973f322a504fe24fc6bd21f8f7e6a7da91a079d7cf986	a3ef349b56ab4dd2bf126659fc8e5d6a0e3a2f0721d7d7762711aaffe0be14b9
815	train/0008-12/E3SM-MMF.mli.0008-12-01-20400.nc	81201	20400	1897632	3e7eabc13095fd959f41b092b377bfd61c60798609e0d762f0431c6d5194703b	2cebbeb1c492189268b92141e2deb8209b67a6ebf676150e0bcba6c4f6c74831
816	train/0008-12/E3SM-MMF.mli.0008-12-04-28800.nc	81204	28800	1897632	d8de841373c9a7dbaae47bf4590075043e087bc92615dcae5674975c630fd158	4df0ed16040ec1787052286b8249cd923347a1d9170b28b0165d521a35802bd7
817	train/0008-12/E3SM-MMF.mli.0008-12-07-37200.nc	81207	37200	1897632	e8ab21d66c0f79f7a884bccb9a0b99b5ed7d22cde4c43bf778eb52dbbc53b42f	e2a42bc914b67a89c604f11bb249d37cfab22db811006bddb3246fdfd176644c
818	train/0008-12/E3SM-MMF.mli.0008-12-10-45600.nc	81210	45600	1897632	627c2f3c26da4a8a1510923073a0ecdb75fd46e851aae94e035c83432b7d0907	9053de3763743eefbc600045ba61b7c6510fa1c40cbcbad846cfd4014243af96
819	train/0008-12/E3SM-MMF.mli.0008-12-13-54000.nc	81213	54000	1897632	70ded15c55e7c272682b8ff5a9d68e1e77803f67da98578861680dd65caa6fcd	9e89f5369cb897db66a8368800302d2aaa9e1a5e22343fdd2eca9eb579bc2f22
820	train/0008-12/E3SM-MMF.mli.0008-12-16-62400.nc	81216	62400	1897632	9cddd3dd11746808f00631111e9b9dbc94845bfa0071c8fd21732addaab8acc6	daf56be1b366c3925121079a5ca256ed263ee6b50c7716919b05457e35d69a2f
821	train/0008-12/E3SM-MMF.mli.0008-12-19-70800.nc	81219	70800	1897632	a1f6d704894c685ae07c87c7358ed0e9fdec1e43a5c7ed15625a8b71079e0af9	4375b7d2e3091fb068a7645b9a61023ea0a1eff85179ad6acc1358cb989d21b1
822	train/0008-12/E3SM-MMF.mli.0008-12-22-79200.nc	81222	79200	1897632	ae889a10da80c8562fee7a5a2d0c6bf05507225f77a12930a45f7a43b0ee92dd	bd107fde3d02662b0866f7053fee29b66344989dc71cff54d2e189783da2aedd
823	train/0008-12/E3SM-MMF.mli.0008-12-26-01200.nc	81226	1200	1897632	6b7dac86b38622b352bc4167eed06a8ea409d89a40d7a98b424db2e08c4a56c9	54079296044efa3fb55478db8b5faa418ff18c8f1e433d27abb233768458a6ea
824	train/0008-12/E3SM-MMF.mli.0008-12-29-09600.nc	81229	9600	1897632	36e840636caf1bb935304ffb86dcd93874823339e83f418bae7a396f6aa46b17	ccbfed385a4b28a76bf8eaca2ddb96d4ee6d12a5b40cad5bc5a5550a388a3d14
