image_number	product	volume_path	img_url	img_size	img_md5	img_last_modified	lbl_url	lbl_size	lbl_md5	target_name	filter_name	filter_number	exposure_s	shutter_mode	image_time	image_id
43901.59	C4390159	S_RINGS/C4390XXX/C4390159_RAW	https://asc-pds-voyager.s3.us-west-2.amazonaws.com/VGISS_0005/S_RINGS/C4390XXX/C4390159_RAW.IMG	823296	f0c73060af44ca623df7ca51fad2e8bb	2025-05-06T23:56:56.000Z	https://asc-pds-voyager.s3.us-west-2.amazonaws.com/VGISS_0005/S_RINGS/C4390XXX/C4390159_RAW.LBL	3713	5a700c661ae7e06c44a835d1df1e1368	S RINGS	CLEAR	0	0.960	BOTALT	1981-08-22T16:29:35	0982S2-004
43902.05	C4390205	S_RINGS/C4390XXX/C4390205_RAW	https://asc-pds-voyager.s3.us-west-2.amazonaws.com/VGISS_0005/S_RINGS/C4390XXX/C4390205_RAW.IMG	823296	524114fb7a4da1c5cc6b0065c9e39daa	2025-05-06T23:56:56.000Z	https://asc-pds-voyager.s3.us-west-2.amazonaws.com/VGISS_0005/S_RINGS/C4390XXX/C4390205_RAW.LBL	3713	1d44d3be733c7fca988e859cc6c59d16	S RINGS	CLEAR	0	0.960	BOTALT	1981-08-22T16:34:23	0988S2-004
43902.11	C4390211	S_RINGS/C4390XXX/C4390211_RAW	https://asc-pds-voyager.s3.us-west-2.amazonaws.com/VGISS_0005/S_RINGS/C4390XXX/C4390211_RAW.IMG	823296	366daf0e4c3e3818234752eeb0109fd4	2025-05-06T23:56:56.000Z	https://asc-pds-voyager.s3.us-west-2.amazonaws.com/VGISS_0005/S_RINGS/C4390XXX/C4390211_RAW.LBL	3713	e0323f2c378c5bcbaefeab5edc3bc7ea	S RINGS	CLEAR	0	0.960	BOTALT	1981-08-22T16:39:11	0994S2-004
43902.17	C4390217	S_RINGS/C4390XXX/C4390217_RAW	https://asc-pds-voyager.s3.us-west-2.amazonaws.com/VGISS_0005/S_RINGS/C4390XXX/C4390217_RAW.IMG	823296	67e2cdee3ce6dc83b9ccd42786720688	2025-05-06T23:56:56.000Z	https://asc-pds-voyager.s3.us-west-2.amazonaws.com/VGISS_0005/S_RINGS/C4390XXX/C4390217_RAW.LBL	3713	460fb91aac3ee192c7fe019a41a72031	S RINGS	CLEAR	0	0.960	BOTALT	1981-08-22T16:43:59	1000S2-004
43902.23	C4390223	S_RINGS/C4390XXX/C4390223_RAW	https://asc-pds-voyager.s3.us-west-2.amazonaws.com/VGISS_0005/S_RINGS/C4390XXX/C4390223_RAW.IMG	823296	95d83a65f4f5386a9748f6c7568ccacf	2025-05-06T23:56:56.000Z	https://asc-pds-voyager.s3.us-west-2.amazonaws.com/VGISS_0005/S_RINGS/C4390XXX/C4390223_RAW.LBL	3713	23fb48865d7b772ac2f9289665fe88c2	S RINGS	CLEAR	0	0.960	BOTALT	1981-08-22T16:48:47	1006S2-004
43902.29	C4390229	S_RINGS/C4390XXX/C4390229_RAW	https://asc-pds-voyager.s3.us-west-2.amazonaws.com/VGISS_0005/S_RINGS/C4390XXX/C4390229_RAW.IMG	823296	e0840d4ff5dab859ceffd6e2f25625ac	2025-05-06T23:56:56.000Z	https://asc-pds-voyager.s3.us-west-2.amazonaws.com/VGISS_0005/S_RINGS/C4390XXX/C4390229_RAW.LBL	3713	f57d8e5361c1a30b65397ce3fbc3ec25	S RINGS	CLEAR	0	0.960	BOTALT	1981-08-22T16:53:35	1012S2-004
43902.35	C4390235	S_RINGS/C4390XXX/C4390235_RAW	https://asc-pds-voyager.s3.us-west-2.amazonaws.com/VGISS_0005/S_RINGS/C4390XXX/C4390235_RAW.IMG	823296	6ea4fb736b307dc673461118d391af07	2025-05-06T23:56:56.000Z	https://asc-pds-voyager.s3.us-west-2.amazonaws.com/VGISS_0005/S_RINGS/C4390XXX/C4390235_RAW.LBL	3713	a70d1ec3688d3dd3b449dd0fd9998912	S RINGS	CLEAR	0	0.960	BOTALT	1981-08-22T16:58:23	1018S2-004
43902.41	C4390241	S_RINGS/C4390XXX/C4390241_RAW	https://asc-pds-voyager.s3.us-west-2.amazonaws.com/VGISS_0005/S_RINGS/C4390XXX/C4390241_RAW.IMG	823296	41093b50a94e433e2e5ebe83b2402e30	2025-05-06T23:56:56.000Z	https://asc-pds-voyager.s3.us-west-2.amazonaws.com/VGISS_0005/S_RINGS/C4390XXX/C4390241_RAW.LBL	3713	1a196a7c9601d63301716785104c78ef	S RINGS	CLEAR	0	0.960	BOTALT	1981-08-22T17:03:11	1024S2-004
43902.47	C4390247	S_RINGS/C4390XXX/C4390247_RAW	https://asc-pds-voyager.s3.us-west-2.amazonaws.com/VGISS_0005/S_RINGS/C4390XXX/C4390247_RAW.IMG	823296	6878e7d8eb5fb507ef21172eb9183a3b	2025-05-06T23:56:56.000Z	https://asc-pds-voyager.s3.us-west-2.amazonaws.com/VGISS_0005/S_RINGS/C4390XXX/C4390247_RAW.LBL	3713	e1b82344e6fc053f424a964c0ca4ff8d	S RINGS	CLEAR	0	0.960	BOTALT	1981-08-22T17:07:59	1030S2-004
43902.53	C4390253	S_RINGS/C4390XXX/C4390253_RAW	https://asc-pds-voyager.s3.us-west-2.amazonaws.com/VGISS_0005/S_RINGS/C4390XXX/C4390253_RAW.IMG	823296	fd308ab9fb8b007ee6d85c8dbd293dcd	2025-05-06T23:56:56.000Z	https://asc-pds-voyager.s3.us-west-2.amazonaws.com/VGISS_0005/S_RINGS/C4390XXX/C4390253_RAW.LBL	3713	c4c0c27da581aa73451b76a93d0f57c9	S RINGS	CLEAR	0	0.960	BOTALT	1981-08-22T17:12:47	1036S2-004
43902.59	C4390259	S_RINGS/C4390XXX/C4390259_RAW	https://asc-pds-voyager.s3.us-west-2.amazonaws.com/VGISS_0005/S_RINGS/C4390XXX/C4390259_RAW.IMG	823296	e025dd157879b0e92e608d4cda0797e6	2025-05-06T23:56:56.000Z	https://asc-pds-voyager.s3.us-west-2.amazonaws.com/VGISS_0005/S_RINGS/C4390XXX/C4390259_RAW.LBL	3713	0e30db02cafeff848912002fdc649768	S RINGS	CLEAR	0	0.960	BOTALT	1981-08-22T17:17:35	1042S2-004
43903.05	C4390305	S_RINGS/C4390XXX/C4390305_RAW	https://asc-pds-voyager.s3.us-west-2.amazonaws.com/VGISS_0005/S_RINGS/C4390XXX/C4390305_RAW.IMG	823296	68d0c26fb143c9cd3977b2c277305aa7	2025-05-06T23:56:56.000Z	https://asc-pds-voyager.s3.us-west-2.amazonaws.com/VGISS_0005/S_RINGS/C4390XXX/C4390305_RAW.LBL	3713	7cdbb316c909829ed51ec5c48d729ff3	S RINGS	CLEAR	0	0.960	BOTALT	1981-08-22T17:22:23	1048S2-004
43903.11	C4390311	S_RINGS/C4390XXX/C4390311_RAW	https://asc-pds-voyager.s3.us-west-2.amazonaws.com/VGISS_0005/S_RINGS/C4390XXX/C4390311_RAW.IMG	823296	d7c599ae3c71242d13e9c25ea0e0fe40	2025-05-06T23:56:56.000Z	https://asc-pds-voyager.s3.us-west-2.amazonaws.com/VGISS_0005/S_RINGS/C4390XXX/C4390311_RAW.LBL	3713	a74b3a02cc33ca9d09a73b3395018c1e	S RINGS	CLEAR	0	0.960	BOTALT	1981-08-22T17:27:11	1054S2-004
43903.17	C4390317	S_RINGS/C4390XXX/C4390317_RAW	https://asc-pds-voyager.s3.us-west-2.amazonaws.com/VGISS_0005/S_RINGS/C4390XXX/C4390317_RAW.IMG	823296	6c4f54baa4f775d12fc730d27333e9d4	2025-05-06T23:56:56.000Z	https://asc-pds-voyager.s3.us-west-2.amazonaws.com/VGISS_0005/S_RINGS/C4390XXX/C4390317_RAW.LBL	3713	83391d120d1141196bdd99dfb72b8be5	S RINGS	CLEAR	0	0.960	BOTALT	1981-08-22T17:31:59	1060S2-004
43903.23	C4390323	S_RINGS/C4390XXX/C4390323_RAW	https://asc-pds-voyager.s3.us-west-2.amazonaws.com/VGISS_0005/S_RINGS/C4390XXX/C4390323_RAW.IMG	823296	19ab5f7ba47841aa84cd3f82791c26ca	2025-05-06T23:56:56.000Z	https://asc-pds-voyager.s3.us-west-2.amazonaws.com/VGISS_0005/S_RINGS/C4390XXX/C4390323_RAW.LBL	3713	2583223c148773d5661a1c0487b35279	S RINGS	CLEAR	0	0.960	BOTALT	1981-08-22T17:36:47	1066S2-004
43903.29	C4390329	S_RINGS/C4390XXX/C4390329_RAW	https://asc-pds-voyager.s3.us-west-2.amazonaws.com/VGISS_0005/S_RINGS/C4390XXX/C4390329_RAW.IMG	823296	2d1ef880ae7edcffebf5ccd096131102	2025-05-06T23:56:56.000Z	https://asc-pds-voyager.s3.us-west-2.amazonaws.com/VGISS_0005/S_RINGS/C4390XXX/C4390329_RAW.LBL	3713	d1ce10f000560e34cdcf2d817ae61bba	S RINGS	CLEAR	0	0.960	BOTALT	1981-08-22T17:41:35	1072S2-004
43903.35	C4390335	S_RINGS/C4390XXX/C4390335_RAW	https://asc-pds-voyager.s3.us-west-2.amazonaws.com/VGISS_0005/S_RINGS/C4390XXX/C4390335_RAW.IMG	823296	68e10177e48f4b114b33a9dc3c881706	2025-05-06T23:56:56.000Z	https://asc-pds-voyager.s3.us-west-2.amazonaws.com/VGISS_0005/S_RINGS/C4390XXX/C4390335_RAW.LBL	3713	aed782c143fc6dc85b836de944e90f2b	S RINGS	CLEAR	0	0.960	BOTALT	1981-08-22T17:46:23	1078S2-004
43903.41	C4390341	S_RINGS/C4390XXX/C4390341_RAW	https://asc-pds-voyager.s3.us-west-2.amazonaws.com/VGISS_0005/S_RINGS/C4390XXX/C4390341_RAW.IMG	823296	c7ba7997392db9134e52017366f25668	2025-05-06T23:56:56.000Z	https://asc-pds-voyager.s3.us-west-2.amazonaws.com/VGISS_0005/S_RINGS/C4390XXX/C4390341_RAW.LBL	3713	5ae91becaa4a133c569a417817644ba4	S RINGS	CLEAR	0	0.960	BOTALT	1981-08-22T17:51:11	1084S2-004
43903.47	C4390347	S_RINGS/C4390XXX/C4390347_RAW	https://asc-pds-voyager.s3.us-west-2.amazonaws.com/VGISS_0005/S_RINGS/C4390XXX/C4390347_RAW.IMG	823296	51a2acdeb019076607c1f4633d96f12d	2025-05-06T23:56:56.000Z	https://asc-pds-voyager.s3.us-west-2.amazonaws.com/VGISS_0005/S_RINGS/C4390XXX/C4390347_RAW.LBL	3713	5998b9a7a8ab84e530a6206f03f6d3bd	S RINGS	CLEAR	0	0.960	BOTALT	1981-08-22T17:55:59	1090S2-004
43903.53	C4390353	S_RINGS/C4390XXX/C4390353_RAW	https://asc-pds-voyager.s3.us-west-2.amazonaws.com/VGISS_0005/S_RINGS/C4390XXX/C4390353_RAW.IMG	823296	117d8034473d0b5cc0747aa7f96d12c3	2025-05-06T23:56:56.000Z	https://asc-pds-voyager.s3.us-west-2.amazonaws.com/VGISS_0005/S_RINGS/C4390XXX/C4390353_RAW.LBL	3713	51d304a763d330dbe77f01593d552f1f	S RINGS	CLEAR	0	0.960	BOTALT	1981-08-22T18:00:47	1096S2-004
43903.59	C4390359	S_RINGS/C4390XXX/C4390359_RAW	https://asc-pds-voyager.s3.us-west-2.amazonaws.com/VGISS_0005/S_RINGS/C4390XXX/C4390359_RAW.IMG	823296	a7bd99623c4b4993cc14a1e646d5c3eb	2025-05-06T23:56:56.000Z	https://asc-pds-voyager.s3.us-west-2.amazonaws.com/VGISS_0005/S_RINGS/C4390XXX/C4390359_RAW.LBL	3713	db8e55990d6a65a92957e56832618a51	S RINGS	CLEAR	0	0.960	BOTALT	1981-08-22T18:05:35	1102S2-004
43904.05	C4390405	S_RINGS/C4390XXX/C4390405_RAW	https://asc-pds-voyager.s3.us-west-2.amazonaws.com/VGISS_0005/S_RINGS/C4390XXX/C4390405_RAW.IMG	823296	0d1d46ecf630803443561b2bf8af170a	2025-05-06T23:56:55.000Z	https://asc-pds-voyager.s3.us-west-2.amazonaws.com/VGISS_0005/S_RINGS/C4390XXX/C4390405_RAW.LBL	3713	edf2acdcaa294983afdcd9ecd289e53b	S RINGS	CLEAR	0	0.960	BOTALT	1981-08-22T18:10:23	1108S2-004
43904.11	C4390411	S_RINGS/C4390XXX/C4390411_RAW	https://asc-pds-voyager.s3.us-west-2.amazonaws.com/VGISS_0005/S_RINGS/C4390XXX/C4390411_RAW.IMG	823296	d75ea396db3ba2dc8e3203c8663b76f8	2025-05-06T23:56:56.000Z	https://asc-pds-voyager.s3.us-west-2.amazonaws.com/VGISS_0005/S_RINGS/C4390XXX/C4390411_RAW.LBL	3713	6998abd885b9f9e22e9ec27a230a6d74	S RINGS	CLEAR	0	0.960	BOTALT	1981-08-22T18:15:11	1114S2-004
43904.17	C4390417	S_RINGS/C4390XXX/C4390417_RAW	https://asc-pds-voyager.s3.us-west-2.amazonaws.com/VGISS_0005/S_RINGS/C4390XXX/C4390417_RAW.IMG	823296	495a366a832d39c4e3777171e97ef452	2025-05-06T23:56:56.000Z	https://asc-pds-voyager.s3.us-west-2.amazonaws.com/VGISS_0005/S_RINGS/C4390XXX/C4390417_RAW.LBL	3713	e58e4e5106349ec47b72603addb02a0a	S RINGS	CLEAR	0	0.960	BOTALT	1981-08-22T18:19:59	1120S2-004
43904.23	C4390423	S_RINGS/C4390XXX/C4390423_RAW	https://asc-pds-voyager.s3.us-west-2.amazonaws.com/VGISS_0005/S_RINGS/C4390XXX/C4390423_RAW.IMG	823296	824b9c7ae6f972fa121ba5ca9454b4ac	2025-05-06T23:56:56.000Z	https://asc-pds-voyager.s3.us-west-2.amazonaws.com/VGISS_0005/S_RINGS/C4390XXX/C4390423_RAW.LBL	3713	27b4be2fe159c1d5acdab071932ac713	S RINGS	CLEAR	0	0.960	BOTALT	1981-08-22T18:24:47	1126S2-004
43904.29	C4390429	S_RINGS/C4390XXX/C4390429_RAW	https://asc-pds-voyager.s3.us-west-2.amazonaws.com/VGISS_0005/S_RINGS/C4390XXX/C4390429_RAW.IMG	823296	91b88f9f84e6d1f5dccdf09f719b1447	2025-05-06T23:56:56.000Z	https://asc-pds-voyager.s3.us-west-2.amazonaws.com/VGISS_0005/S_RINGS/C4390XXX/C4390429_RAW.LBL	3713	77860c1f382984ad4c31b7c7efbc2f73	S RINGS	CLEAR	0	0.960	BOTALT	1981-08-22T18:29:35	1132S2-004
43904.35	C4390435	S_RINGS/C4390XXX/C4390435_RAW	https://asc-pds-voyager.s3.us-west-2.amazonaws.com/VGISS_0005/S_RINGS/C4390XXX/C4390435_RAW.IMG	823296	7c59cbd282a7bfdc2832f9fd0d9344e2	2025-05-06T23:56:56.000Z	https://asc-pds-voyager.s3.us-west-2.amazonaws.com/VGISS_0005/S_RINGS/C4390XXX/C4390435_RAW.LBL	3713	270117069146958668c4fbac3c4dd486	S RINGS	CLEAR	0	0.960	BOTALT	1981-08-22T18:34:23	1138S2-004
43904.41	C4390441	S_RINGS/C4390XXX/C4390441_RAW	https://asc-pds-voyager.s3.us-west-2.amazonaws.com/VGISS_0005/S_RINGS/C4390XXX/C4390441_RAW.IMG	823296	f1ee9927f9b95869ee02770e45cbb855	2025-05-06T23:56:56.000Z	https://asc-pds-voyager.s3.us-west-2.amazonaws.com/VGISS_0005/S_RINGS/C4390XXX/C4390441_RAW.LBL	3713	cddb7fbe1f5929097f592c25077faa58	S RINGS	CLEAR	0	0.960	BOTALT	1981-08-22T18:39:11	1144S2-004
43904.47	C4390447	S_RINGS/C4390XXX/C4390447_RAW	https://asc-pds-voyager.s3.us-west-2.amazonaws.com/VGISS_0005/S_RINGS/C4390XXX/C4390447_RAW.IMG	823296	93ee5af9ce9ab9d2892aa5db5364bc78	2025-05-06T23:56:56.000Z	https://asc-pds-voyager.s3.us-west-2.amazonaws.com/VGISS_0005/S_RINGS/C4390XXX/C4390447_RAW.LBL	3713	aaeb30a21d5884c82b85cbd57167897f	S RINGS	CLEAR	0	0.960	BOTALT	1981-08-22T18:43:59	1150S2-004
43904.53	C4390453	S_RINGS/C4390XXX/C4390453_RAW	https://asc-pds-voyager.s3.us-west-2.amazonaws.com/VGISS_0005/S_RINGS/C4390XXX/C4390453_RAW.IMG	823296	08a5ddc9b1ca33e059aeebcae16bd22e	2025-05-06T23:56:55.000Z	https://asc-pds-voyager.s3.us-west-2.amazonaws.com/VGISS_0005/S_RINGS/C4390XXX/C4390453_RAW.LBL	3713	c2fe0d259220d1cd166312024ec2121b	S RINGS	CLEAR	0	0.960	BOTALT	1981-08-22T18:48:47	1156S2-004
43904.59	C4390459	S_RINGS/C4390XXX/C4390459_RAW	https://asc-pds-voyager.s3.us-west-2.amazonaws.com/VGISS_0005/S_RINGS/C4390XXX/C4390459_RAW.IMG	823296	da1dae6d942b3bc1189cb08b67958bc7	2025-05-06T23:56:56.000Z	https://asc-pds-voyager.s3.us-west-2.amazonaws.com/VGISS_0005/S_RINGS/C4390XXX/C4390459_RAW.LBL	3713	d3fcf34f69d7830be6e82fe757240463	S RINGS	CLEAR	0	0.960	BOTALT	1981-08-22T18:53:35	1162S2-004
43905.05	C4390505	S_RINGS/C4390XXX/C4390505_RAW	https://asc-pds-voyager.s3.us-west-2.amazonaws.com/VGISS_0005/S_RINGS/C4390XXX/C4390505_RAW.IMG	823296	05514643d37f00be60c31cec3ac4a14d	2025-05-06T23:56:56.000Z	https://asc-pds-voyager.s3.us-west-2.amazonaws.com/VGISS_0005/S_RINGS/C4390XXX/C4390505_RAW.LBL	3713	8e068118c9b94fe573d30c2437fa707c	S RINGS	CLEAR	0	0.960	BOTALT	1981-08-22T18:58:23	1168S2-004
43905.11	C4390511	S_RINGS/C4390XXX/C4390511_RAW	https://asc-pds-voyager.s3.us-west-2.amazonaws.com/VGISS_0005/S_RINGS/C4390XXX/C4390511_RAW.IMG	823296	2d1b6d6c5b7a0fb73dcdd8accb004536	2025-05-06T23:56:56.000Z	https://asc-pds-voyager.s3.us-west-2.amazonaws.com/VGISS_0005/S_RINGS/C4390XXX/C4390511_RAW.LBL	3713	b562bd45e0e4bbd5c88966f20af21314	S RINGS	CLEAR	0	0.960	BOTALT	1981-08-22T19:03:11	1174S2-004
43905.17	C4390517	S_RINGS/C4390XXX/C4390517_RAW	https://asc-pds-voyager.s3.us-west-2.amazonaws.com/VGISS_0005/S_RINGS/C4390XXX/C4390517_RAW.IMG	823296	74e37a11663fe694200ba6217cb22f20	2025-05-06T23:56:56.000Z	https://asc-pds-voyager.s3.us-west-2.amazonaws.com/VGISS_0005/S_RINGS/C4390XXX/C4390517_RAW.LBL	3713	ccd5e09a5aab86c41e4a87f4e818b669	S RINGS	CLEAR	0	0.960	BOTALT	1981-08-22T19:07:59	1180S2-004
43905.23	C4390523	S_RINGS/C4390XXX/C4390523_RAW	https://asc-pds-voyager.s3.us-west-2.amazonaws.com/VGISS_0005/S_RINGS/C4390XXX/C4390523_RAW.IMG	823296	22e93bb0f0451cc17b76e7d47cfc1a7a	2025-05-06T23:56:56.000Z	https://asc-pds-voyager.s3.us-west-2.amazonaws.com/VGISS_0005/S_RINGS/C4390XXX/C4390523_RAW.LBL	3713	65f9ee931e935e6b1899d4891947b5aa	S RINGS	CLEAR	0	0.960	BOTALT	1981-08-22T19:12:47	1186S2-004
43905.29	C4390529	S_RINGS/C4390XXX/C4390529_RAW	https://asc-pds-voyager.s3.us-west-2.amazonaws.com/VGISS_0005/S_RINGS/C4390XXX/C4390529_RAW.IMG	823296	1c5d740157472546ec81ce012688730c	2025-05-06T23:56:56.000Z	https://asc-pds-voyager.s3.us-west-2.amazonaws.com/VGISS_0005/S_RINGS/C4390XXX/C4390529_RAW.LBL	3713	0996b67792b9cb743161843a051286df	S RINGS	CLEAR	0	0.960	BOTALT	1981-08-22T19:17:35	1192S2-004
43907.16	C4390716	S_RINGS/C4390XXX/C4390716_RAW	https://asc-pds-voyager.s3.us-west-2.amazonaws.com/VGISS_0005/S_RINGS/C4390XXX/C4390716_RAW.IMG	823296	e2f69dc373c2b267d101268a5fce9eb5	2025-05-06T23:56:56.000Z	https://asc-pds-voyager.s3.us-west-2.amazonaws.com/VGISS_0005/S_RINGS/C4390XXX/C4390716_RAW.LBL	3713	66b3d6fb1bc3f5b203bab033b01b5fc2	S RINGS	CLEAR	0	0.960	BOTALT	1981-08-22T20:43:11	1299S2-004
43907.22	C4390722	S_RINGS/C4390XXX/C4390722_RAW	https://asc-pds-voyager.s3.us-west-2.amazonaws.com/VGISS_0005/S_RINGS/C4390XXX/C4390722_RAW.IMG	823296	5eeb39ff85a5bc9c7faa0966ec895bdc	2025-05-06T23:56:56.000Z	https://asc-pds-voyager.s3.us-west-2.amazonaws.com/VGISS_0005/S_RINGS/C4390XXX/C4390722_RAW.LBL	3713	7959778a0c27fe1d7e59296794898396	S RINGS	CLEAR	0	0.960	BOTALT	1981-08-22T20:47:59	1305S2-004
43907.28	C4390728	S_RINGS/C4390XXX/C4390728_RAW	https://asc-pds-voyager.s3.us-west-2.amazonaws.com/VGISS_0005/S_RINGS/C4390XXX/C4390728_RAW.IMG	823296	6b9f5c2d7f76fc06d2cf55d8a81f9635	2025-05-06T23:56:56.000Z	https://asc-pds-voyager.s3.us-west-2.amazonaws.com/VGISS_0005/S_RINGS/C4390XXX/C4390728_RAW.LBL	3713	63fb9208024b4de537856d9d7a64597f	S RINGS	CLEAR	0	0.960	BOTALT	1981-08-22T20:52:47	1311S2-004
43907.34	C4390734	S_RINGS/C4390XXX/C4390734_RAW	https://asc-pds-voyager.s3.us-west-2.amazonaws.com/VGISS_0005/S_RINGS/C4390XXX/C4390734_RAW.IMG	823296	8fd859e152622b66b500474b90bbf236	2025-05-06T23:56:56.000Z	https://asc-pds-voyager.s3.us-west-2.amazonaws.com/VGISS_0005/S_RINGS/C4390XXX/C4390734_RAW.LBL	3713	fd65fb231e3872ca8a2c694452991325	S RINGS	CLEAR	0	0.960	BOTALT	1981-08-22T20:57:35	1317S2-004
43907.40	C4390740	S_RINGS/C4390XXX/C4390740_RAW	https://asc-pds-voyager.s3.us-west-2.amazonaws.com/VGISS_0005/S_RINGS/C4390XXX/C4390740_RAW.IMG	823296	701aa753e18636cdb8c2d5b8dceb51e7	2025-05-06T23:56:56.000Z	https://asc-pds-voyager.s3.us-west-2.amazonaws.com/VGISS_0005/S_RINGS/C4390XXX/C4390740_RAW.LBL	3713	28ab35a252cf8784e75ef296be899dd1	S RINGS	CLEAR	0	0.960	BOTALT	1981-08-22T21:02:23	1323S2-004
43907.46	C4390746	S_RINGS/C4390XXX/C4390746_RAW	https://asc-pds-voyager.s3.us-west-2.amazonaws.com/VGISS_0005/S_RINGS/C4390XXX/C4390746_RAW.IMG	823296	07cb384f4aff2c27ef4cdf3d779a8036	2025-05-06T23:56:56.000Z	https://asc-pds-voyager.s3.us-west-2.amazonaws.com/VGISS_0005/S_RINGS/C4390XXX/C4390746_RAW.LBL	3713	ef9ee5556deddfed5f7740e5be4f69ce	S RINGS	CLEAR	0	0.960	BOTALT	1981-08-22T21:07:11	1329S2-004
43907.52	C4390752	S_RINGS/C4390XXX/C4390752_RAW	https://asc-pds-voyager.s3.us-west-2.amazonaws.com/VGISS_0005/S_RINGS/C4390XXX/C4390752_RAW.IMG	823296	39682451b542a690a94ab68a4be1b678	2025-05-06T23:56:56.000Z	https://asc-pds-voyager.s3.us-west-2.amazonaws.com/VGISS_0005/S_RINGS/C4390XXX/C4390752_RAW.LBL	3713	fb062a4a071a71eb4434283d92361d0c	S RINGS	CLEAR	0	0.960	BOTALT	1981-08-22T21:11:59	1335S2-004
43907.58	C4390758	S_RINGS/C4390XXX/C4390758_RAW	https://asc-pds-voyager.s3.us-west-2.amazonaws.com/VGISS_0005/S_RINGS/C4390XXX/C4390758_RAW.IMG	823296	678b30e30276455c55a63fc47e673c5c	2025-05-06T23:56:56.000Z	https://asc-pds-voyager.s3.us-west-2.amazonaws.com/VGISS_0005/S_RINGS/C4390XXX/C4390758_RAW.LBL	3713	ed8f7f3bc5468333d739e5dc1c59b50e	S RINGS	CLEAR	0	0.960	BOTALT	1981-08-22T21:16:47	1341S2-004
43908.04	C4390804	S_RINGS/C4390XXX/C4390804_RAW	https://asc-pds-voyager.s3.us-west-2.amazonaws.com/VGISS_0005/S_RINGS/C4390XXX/C4390804_RAW.IMG	823296	7c3609ad6e6bf9688614da553852b35c	2025-05-06T23:56:56.000Z	https://asc-pds-voyager.s3.us-west-2.amazonaws.com/VGISS_0005/S_RINGS/C4390XXX/C4390804_RAW.LBL	3713	c34ba4f3203b3a6562a6e0bae1539ce4	S RINGS	CLEAR	0	0.960	BOTALT	1981-08-22T21:21:35	1347S2-004
43908.10	C4390810	S_RINGS/C4390XXX/C4390810_RAW	https://asc-pds-voyager.s3.us-west-2.amazonaws.com/VGISS_0005/S_RINGS/C4390XXX/C4390810_RAW.IMG	823296	0195d21146952f6fd2d529c5c23ff9b3	2025-05-06T23:56:56.000Z	https://asc-pds-voyager.s3.us-west-2.amazonaws.com/VGISS_0005/S_RINGS/C4390XXX/C4390810_RAW.LBL	3713	c40633d7b8d15d0ab6b1ae646c307a2d	S RINGS	CLEAR	0	0.960	BOTALT	1981-08-22T21:26:23	1353S2-004
43908.16	C4390816	S_RINGS/C4390XXX/C4390816_RAW	https://asc-pds-voyager.s3.us-west-2.amazonaws.com/VGISS_0005/S_RINGS/C4390XXX/C4390816_RAW.IMG	823296	d344757ee76fb18b2b24728c8ed1db66	2025-05-06T23:56:55.000Z	https://asc-pds-voyager.s3.us-west-2.amazonaws.com/VGISS_0005/S_RINGS/C4390XXX/C4390816_RAW.LBL	3713	60636f57b000b05759b3253307689eb8	S RINGS	CLEAR	0	0.960	BOTALT	1981-08-22T21:31:11	1359S2-004
43908.22	C4390822	S_RINGS/C4390XXX/C4390822_RAW	https://asc-pds-voyager.s3.us-west-2.amazonaws.com/VGISS_0005/S_RINGS/C4390XXX/C4390822_RAW.IMG	823296	5d8494ddb8c5b237fb45b63b167bf63e	2025-05-06T23:56:56.000Z	https://asc-pds-voyager.s3.us-west-2.amazonaws.com/VGISS_0005/S_RINGS/C4390XXX/C4390822_RAW.LBL	3713	3c633315aeaf7e50e4b363035017c4bb	S RINGS	CLEAR	0	0.960	BOTALT	1981-08-22T21:35:59	1365S2-004
43908.28	C4390828	S_RINGS/C4390XXX/C4390828_RAW	https://asc-pds-voyager.s3.us-west-2.amazonaws.com/VGISS_0005/S_RINGS/C4390XXX/C4390828_RAW.IMG	823296	a2ec25499a2fe82a5b942fb24dde27d2	2025-05-06T23:56:55.000Z	https://asc-pds-voyager.s3.us-west-2.amazonaws.com/VGISS_0005/S_RINGS/C4390XXX/C4390828_RAW.LBL	3713	68dfce45413125cfa2e31decc9c55b4c	S RINGS	CLEAR	0	0.960	BOTALT	1981-08-22T21:40:47	1371S2-004
43908.34	C4390834	S_RINGS/C4390XXX/C4390834_RAW	https://asc-pds-voyager.s3.us-west-2.amazonaws.com/VGISS_0005/S_RINGS/C4390XXX/C4390834_RAW.IMG	823296	14b23d9f4e47b3a94b4650726858ae4d	2025-05-06T23:56:56.000Z	https://asc-pds-voyager.s3.us-west-2.amazonaws.com/VGISS_0005/S_RINGS/C4390XXX/C4390834_RAW.LBL	3713	d1711da8cf0c4287739f7cac38aab5b7	S RINGS	CLEAR	0	0.960	BOTALT	1981-08-22T21:45:35	1377S2-004
43908.40	C4390840	S_RINGS/C4390XXX/C4390840_RAW	https://asc-pds-voyager.s3.us-west-2.amazonaws.com/VGISS_0005/S_RINGS/C4390XXX/C4390840_RAW.IMG	823296	d716efd30975cf37dcd53acc9f677e41	2025-05-06T23:56:56.000Z	https://asc-pds-voyager.s3.us-west-2.amazonaws.com/VGISS_0005/S_RINGS/C4390XXX/C4390840_RAW.LBL	3713	feef19ac5adb62a21a23806a06447b8f	S RINGS	CLEAR	0	0.960	BOTALT	1981-08-22T21:50:23	1383S2-004
43908.46	C4390846	S_RINGS/C4390XXX/C4390846_RAW	https://asc-pds-voyager.s3.us-west-2.amazonaws.com/VGISS_0005/S_RINGS/C4390XXX/C4390846_RAW.IMG	823296	54b288eecb72725b31445997693c65f4	2025-05-06T23:56:56.000Z	https://asc-pds-voyager.s3.us-west-2.amazonaws.com/VGISS_0005/S_RINGS/C4390XXX/C4390846_RAW.LBL	3713	9d93df101233bd72bca11875499602d5	S RINGS	CLEAR	0	0.960	BOTALT	1981-08-22T21:55:11	1389S2-004
43908.52	C4390852	S_RINGS/C4390XXX/C4390852_RAW	https://asc-pds-voyager.s3.us-west-2.amazonaws.com/VGISS_0005/S_RINGS/C4390XXX/C4390852_RAW.IMG	823296	ef96a861c1101b534405d373c5a14599	2025-05-06T23:56:56.000Z	https://asc-pds-voyager.s3.us-west-2.amazonaws.com/VGISS_0005/S_RINGS/C4390XXX/C4390852_RAW.LBL	3713	9fefd0bad25e86a93f4a3ee33a3dcfd4	S RINGS	CLEAR	0	0.960	BOTALT	1981-08-22T21:59:59	1395S2-004
43908.58	C4390858	S_RINGS/C4390XXX/C4390858_RAW	https://asc-pds-voyager.s3.us-west-2.amazonaws.com/VGISS_0005/S_RINGS/C4390XXX/C4390858_RAW.IMG	823296	31917c1ac6610ae043150b469da9d4a0	2025-05-06T23:56:56.000Z	https://asc-pds-voyager.s3.us-west-2.amazonaws.com/VGISS_0005/S_RINGS/C4390XXX/C4390858_RAW.LBL	3713	5ec65f2ee7298fe28048e4f124f807d9	S RINGS	CLEAR	0	0.960	BOTALT	1981-08-22T22:04:47	1401S2-004
43909.04	C4390904	S_RINGS/C4390XXX/C4390904_RAW	https://asc-pds-voyager.s3.us-west-2.amazonaws.com/VGISS_0005/S_RINGS/C4390XXX/C4390904_RAW.IMG	823296	46ab903a29e8d0daca15add11b7f76d1	2025-05-06T23:56:56.000Z	https://asc-pds-voyager.s3.us-west-2.amazonaws.com/VGISS_0005/S_RINGS/C4390XXX/C4390904_RAW.LBL	3713	91a63f9d950b7b7a080d1ed21a938725	S RINGS	CLEAR	0	0.960	BOTALT	1981-08-22T22:09:35	1407S2-004
43909.10	C4390910	S_RINGS/C4390XXX/C4390910_RAW	https://asc-pds-voyager.s3.us-west-2.amazonaws.com/VGISS_0005/S_RINGS/C4390XXX/C4390910_RAW.IMG	823296	cda289acbab5cd72544aa90d26bc7e84	2025-05-06T23:56:56.000Z	https://asc-pds-voyager.s3.us-west-2.amazonaws.com/VGISS_0005/S_RINGS/C4390XXX/C4390910_RAW.LBL	3713	0bc03f6737e4b6b04d3f2492f6684d4e	S RINGS	CLEAR	0	0.960	BOTALT	1981-08-22T22:14:23	1413S2-004
43909.16	C4390916	S_RINGS/C4390XXX/C4390916_RAW	https://asc-pds-voyager.s3.us-west-2.amazonaws.com/VGISS_0005/S_RINGS/C4390XXX/C4390916_RAW.IMG	823296	39a31f0a532faea8b4211261a2c718cd	2025-05-06T23:56:56.000Z	https://asc-pds-voyager.s3.us-west-2.amazonaws.com/VGISS_0005/S_RINGS/C4390XXX/C4390916_RAW.LBL	3713	82f9e9fb1a0436644d807b33cd935673	S RINGS	CLEAR	0	0.960	BOTALT	1981-08-22T22:19:11	1419S2-004
43909.22	C4390922	S_RINGS/C4390XXX/C4390922_RAW	https://asc-pds-voyager.s3.us-west-2.amazonaws.com/VGISS_0005/S_RINGS/C4390XXX/C4390922_RAW.IMG	823296	1aaa8b02e7729c0b95ace28bb29e500b	2025-05-06T23:56:56.000Z	https://asc-pds-voyager.s3.us-west-2.amazonaws.com/VGISS_0005/S_RINGS/C4390XXX/C4390922_RAW.LBL	3713	cc100f36a54d5fb566131959d3394819	S RINGS	CLEAR	0	0.960	BOTALT	1981-08-22T22:23:59	1425S2-004
43909.28	C4390928	S_RINGS/C4390XXX/C4390928_RAW	https://asc-pds-voyager.s3.us-west-2.amazonaws.com/VGISS_0005/S_RINGS/C4390XXX/C4390928_RAW.IMG	823296	e166af930bd4b774bd7194d760ac3ab1	2025-05-06T23:56:56.000Z	https://asc-pds-voyager.s3.us-west-2.amazonaws.com/VGISS_0005/S_RINGS/C4390XXX/C4390928_RAW.LBL	3713	7231b9343157d2b548030ba179ea2b92	S RINGS	CLEAR	0	0.960	BOTALT	1981-08-22T22:28:47	1431S2-004
43909.34	C4390934	S_RINGS/C4390XXX/C4390934_RAW	https://asc-pds-voyager.s3.us-west-2.amazonaws.com/VGISS_0005/S_RINGS/C4390XXX/C4390934_RAW.IMG	823296	b497c6a80526505d4a14b8126359700b	2025-05-06T23:56:56.000Z	https://asc-pds-voyager.s3.us-west-2.amazonaws.com/VGISS_0005/S_RINGS/C4390XXX/C4390934_RAW.LBL	3713	6b9aaf25c10cf6f7e9ce1c2088d809e8	S RINGS	CLEAR	0	0.960	BOTALT	1981-08-22T22:33:35	1437S2-004
43909.40	C4390940	S_RINGS/C4390XXX/C4390940_RAW	https://asc-pds-voyager.s3.us-west-2.amazonaws.com/VGISS_0005/S_RINGS/C4390XXX/C4390940_RAW.IMG	823296	21ff4283c9a20392c1009a5184f5773f	2025-05-06T23:56:56.000Z	https://asc-pds-voyager.s3.us-west-2.amazonaws.com/VGISS_0005/S_RINGS/C4390XXX/C4390940_RAW.LBL	3713	ad88df547ff24eb4311eb4f7a61fae12	S RINGS	CLEAR	0	0.960	BOTALT	1981-08-22T22:38:23	1443S2-004
43909.46	C4390946	S_RINGS/C4390XXX/C4390946_RAW	https://asc-pds-voyager.s3.us-west-2.amazonaws.com/VGISS_0005/S_RINGS/C4390XXX/C4390946_RAW.IMG	823296	54845546b2203271ddb36e870fba130d	2025-05-06T23:56:56.000Z	https://asc-pds-voyager.s3.us-west-2.amazonaws.com/VGISS_0005/S_RINGS/C4390XXX/C4390946_RAW.LBL	3713	0780fca375fa93de3c1758fefc805ed0	S RINGS	CLEAR	0	0.960	BOTALT	1981-08-22T22:43:11	1449S2-004
43909.52	C4390952	S_RINGS/C4390XXX/C4390952_RAW	https://asc-pds-voyager.s3.us-west-2.amazonaws.com/VGISS_0005/S_RINGS/C4390XXX/C4390952_RAW.IMG	823296	22ba255ffb52dbbe56d9beb2a5683b9a	2025-05-06T23:56:55.000Z	https://asc-pds-voyager.s3.us-west-2.amazonaws.com/VGISS_0005/S_RINGS/C4390XXX/C4390952_RAW.LBL	3713	96d641a76b35a3c05ed439720c462d33	S RINGS	CLEAR	0	0.960	BOTALT	1981-08-22T22:47:59	1455S2-004
43909.58	C4390958	S_RINGS/C4390XXX/C4390958_RAW	https://asc-pds-voyager.s3.us-west-2.amazonaws.com/VGISS_0005/S_RINGS/C4390XXX/C4390958_RAW.IMG	823296	3cd79b81e70b701009f6dbf0e25fb10b	2025-05-06T23:56:56.000Z	https://asc-pds-voyager.s3.us-west-2.amazonaws.com/VGISS_0005/S_RINGS/C4390XXX/C4390958_RAW.LBL	3713	87e4d5bed253349d1e6e579716de553f	S RINGS	CLEAR	0	0.960	BOTALT	1981-08-22T22:52:47	1461S2-004
43910.04	C4391004	S_RINGS/C4391XXX/C4391004_RAW	https://asc-pds-voyager.s3.us-west-2.amazonaws.com/VGISS_0005/S_RINGS/C4391XXX/C4391004_RAW.IMG	823296	925c3f72467418e3847f0f0eaa87752a	2025-05-06T23:56:56.000Z	https://asc-pds-voyager.s3.us-west-2.amazonaws.com/VGISS_0005/S_RINGS/C4391XXX/C4391004_RAW.LBL	3713	23670f0e39e31abfa94a8c25148d5bb5	S RINGS	CLEAR	0	0.960	BOTALT	1981-08-22T22:57:35	1467S2-004
43910.10	C4391010	S_RINGS/C4391XXX/C4391010_RAW	https://asc-pds-voyager.s3.us-west-2.amazonaws.com/VGISS_0005/S_RINGS/C4391XXX/C4391010_RAW.IMG	823296	d19595c656627948d71721fc16931855	2025-05-06T23:56:55.000Z	https://asc-pds-voyager.s3.us-west-2.amazonaws.com/VGISS_0005/S_RINGS/C4391XXX/C4391010_RAW.LBL	3713	154d3eab4b3f12c1bd8a165f46116246	S RINGS	CLEAR	0	0.960	BOTALT	1981-08-22T23:02:23	1473S2-004
43910.16	C4391016	S_RINGS/C4391XXX/C4391016_RAW	https://asc-pds-voyager.s3.us-west-2.amazonaws.com/VGISS_0005/S_RINGS/C4391XXX/C4391016_RAW.IMG	823296	fc0d493a47c2c68ca88335c6591e25fb	2025-05-06T23:56:55.000Z	https://asc-pds-voyager.s3.us-west-2.amazonaws.com/VGISS_0005/S_RINGS/C4391XXX/C4391016_RAW.LBL	3713	e0b16da0edcdd6da7a2a4e02bb467b02	S RINGS	CLEAR	0	0.960	BOTALT	1981-08-22T23:07:11	1479S2-004
43910.22	C4391022	S_RINGS/C4391XXX/C4391022_RAW	https://asc-pds-voyager.s3.us-west-2.amazonaws.com/VGISS_0005/S_RINGS/C4391XXX/C4391022_RAW.IMG	823296	aa59c12e9b243c299c6700c5d87ff695	2025-05-06T23:56:55.000Z	https://asc-pds-voyager.s3.us-west-2.amazonaws.com/VGISS_0005/S_RINGS/C4391XXX/C4391022_RAW.LBL	3713	ff396778981537f0dd0961d951674d03	S RINGS	CLEAR	0	0.960	BOTALT	1981-08-22T23:11:59	1485S2-004
43910.28	C4391028	S_RINGS/C4391XXX/C4391028_RAW	https://asc-pds-voyager.s3.us-west-2.amazonaws.com/VGISS_0005/S_RINGS/C4391XXX/C4391028_RAW.IMG	823296	776a8c6b735baa239da5789a8324f837	2025-05-06T23:56:55.000Z	https://asc-pds-voyager.s3.us-west-2.amazonaws.com/VGISS_0005/S_RINGS/C4391XXX/C4391028_RAW.LBL	3713	6f0e323a39dccca2b8a72f6777122f94	S RINGS	CLEAR	0	0.960	BOTALT	1981-08-22T23:16:47	1491S2-004
43910.34	C4391034	S_RINGS/C4391XXX/C4391034_RAW	https://asc-pds-voyager.s3.us-west-2.amazonaws.com/VGISS_0005/S_RINGS/C4391XXX/C4391034_RAW.IMG	823296	060ee6059601e3716ba1a78cd7158c03	2025-05-06T23:56:55.000Z	https://asc-pds-voyager.s3.us-west-2.amazonaws.com/VGISS_0005/S_RINGS/C4391XXX/C4391034_RAW.LBL	3713	c4475b6f895a0a017d83774517a8c14c	S RINGS	CLEAR	0	0.960	BOTALT	1981-08-22T23:21:35	1497S2-004
43910.40	C4391040	S_RINGS/C4391XXX/C4391040_RAW	https://asc-pds-voyager.s3.us-west-2.amazonaws.com/VGISS_0005/S_RINGS/C4391XXX/C4391040_RAW.IMG	823296	8e005310b70141f5ced488edd0956aa4	2025-05-06T23:56:55.000Z	https://asc-pds-voyager.s3.us-west-2.amazonaws.com/VGISS_0005/S_RINGS/C4391XXX/C4391040_RAW.LBL	3713	68abb829b19afba3dd46d3e3fa5ff5e0	S RINGS	CLEAR	0	0.960	BOTALT	1981-08-22T23:26:23	1503S2-004
43910.46	C4391046	S_RINGS/C4391XXX/C4391046_RAW	https://asc-pds-voyager.s3.us-west-2.amazonaws.com/VGISS_0005/S_RINGS/C4391XXX/C4391046_RAW.IMG	823296	c63e586b8ec92ce53be7e8cfc5b405a3	2025-05-06T23:56:55.000Z	https://asc-pds-voyager.s3.us-west-2.amazonaws.com/VGISS_0005/S_RINGS/C4391XXX/C4391046_RAW.LBL	3713	1c89d3b8687ad037584fd24a6fa325c4	S RINGS	CLEAR	0	0.960	BOTALT	1981-08-22T23:31:11	1509S2-004
43910.52	C4391052	S_RINGS/C4391XXX/C4391052_RAW	https://asc-pds-voyager.s3.us-west-2.amazonaws.com/VGISS_0005/S_RINGS/C4391XXX/C4391052_RAW.IMG	823296	b32eeced9705beffaef6a901062989b3	2025-05-06T23:56:55.000Z	https://asc-pds-voyager.s3.us-west-2.amazonaws.com/VGISS_0005/S_RINGS/C4391XXX/C4391052_RAW.LBL	3713	eb24939b555c8ff9b178e9916519c4ed	S RINGS	CLEAR	0	0.960	BOTALT	1981-08-22T23:35:59	1515S2-004
43910.58	C4391058	S_RINGS/C4391XXX/C4391058_RAW	https://asc-pds-voyager.s3.us-west-2.amazonaws.com/VGISS_0005/S_RINGS/C4391XXX/C4391058_RAW.IMG	823296	bb36eb588b43f72cce107ad99702d0a7	2025-05-06T23:56:55.000Z	https://asc-pds-voyager.s3.us-west-2.amazonaws.com/VGISS_0005/S_RINGS/C4391XXX/C4391058_RAW.LBL	3713	8fcadd1a25801acc72d5cf007169dece	S RINGS	CLEAR	0	0.960	BOTALT	1981-08-22T23:40:47	1521S2-004
43911.04	C4391104	S_RINGS/C4391XXX/C4391104_RAW	https://asc-pds-voyager.s3.us-west-2.amazonaws.com/VGISS_0005/S_RINGS/C4391XXX/C4391104_RAW.IMG	823296	8c78cde2e82c0ba33a69ba7116b3e7e2	2025-05-06T23:56:55.000Z	https://asc-pds-voyager.s3.us-west-2.amazonaws.com/VGISS_0005/S_RINGS/C4391XXX/C4391104_RAW.LBL	3713	a180b088079dc40db1c9ea5165f289e9	S RINGS	CLEAR	0	0.960	BOTALT	1981-08-22T23:45:35	1527S2-004
43911.10	C4391110	S_RINGS/C4391XXX/C4391110_RAW	https://asc-pds-voyager.s3.us-west-2.amazonaws.com/VGISS_0005/S_RINGS/C4391XXX/C4391110_RAW.IMG	823296	e1a2e763402f2cd34d3d34419ef517f6	2025-05-06T23:56:55.000Z	https://asc-pds-voyager.s3.us-west-2.amazonaws.com/VGISS_0005/S_RINGS/C4391XXX/C4391110_RAW.LBL	3713	58f6409baa8438f8c238abcaf82a36b9	S RINGS	CLEAR	0	0.960	BOTALT	1981-08-22T23:50:23	1533S2-004
43911.16	C4391116	S_RINGS/C4391XXX/C4391116_RAW	https://asc-pds-voyager.s3.us-west-2.amazonaws.com/VGISS_0005/S_RINGS/C4391XXX/C4391116_RAW.IMG	823296	c8c7f827b8beaf929aa06a687b0d30d1	2025-05-06T23:56:55.000Z	https://asc-pds-voyager.s3.us-west-2.amazonaws.com/VGISS_0005/S_RINGS/C4391XXX/C4391116_RAW.LBL	3713	71ef2de7ea37cc8f568babaa837e1d09	S RINGS	CLEAR	0	0.960	BOTALT	1981-08-22T23:55:11	1539S2-004
43911.22	C4391122	S_RINGS/C4391XXX/C4391122_RAW	https://asc-pds-voyager.s3.us-west-2.amazonaws.com/VGISS_0005/S_RINGS/C4391XXX/C4391122_RAW.IMG	823296	4a59516c4dcb63834b421f3f0008c476	2025-05-06T23:56:55.000Z	https://asc-pds-voyager.s3.us-west-2.amazonaws.com/VGISS_0005/S_RINGS/C4391XXX/C4391122_RAW.LBL	3713	16fcc275c1abf1e85d9422c1de5efb97	S RINGS	CLEAR	0	0.960	BOTALT	1981-08-22T23:59:59	1545S2-004
43911.28	C4391128	S_RINGS/C4391XXX/C4391128_RAW	https://asc-pds-voyager.s3.us-west-2.amazonaws.com/VGISS_0005/S_RINGS/C4391XXX/C4391128_RAW.IMG	823296	c60f6d72e810cdd343610be3b3950b2d	2025-05-06T23:56:55.000Z	https://asc-pds-voyager.s3.us-west-2.amazonaws.com/VGISS_0005/S_RINGS/C4391XXX/C4391128_RAW.LBL	3713	fea78a1b2a81ee72043519bd9fc4c9b5	S RINGS	CLEAR	0	0.960	BOTALT	1981-08-23T00:04:47	1551S2-004
43911.34	C4391134	S_RINGS/C4391XXX/C4391134_RAW	https://asc-pds-voyager.s3.us-west-2.amazonaws.com/VGISS_0005/S_RINGS/C4391XXX/C4391134_RAW.IMG	823296	695529aa37c3297b31afa1b19154bc7e	2025-05-06T23:56:55.000Z	https://asc-pds-voyager.s3.us-west-2.amazonaws.com/VGISS_0005/S_RINGS/C4391XXX/C4391134_RAW.LBL	3713	a2765e6974c7164a525525e65d793bad	S RINGS	CLEAR	0	0.960	BOTALT	1981-08-23T00:09:35	1557S2-004
43911.40	C4391140	S_RINGS/C4391XXX/C4391140_RAW	https://asc-pds-voyager.s3.us-west-2.amazonaws.com/VGISS_0005/S_RINGS/C4391XXX/C4391140_RAW.IMG	823296	c26bfd68a929488d1c6376a08b1603f6	2025-05-06T23:56:55.000Z	https://asc-pds-voyager.s3.us-west-2.amazonaws.com/VGISS_0005/S_RINGS/C4391XXX/C4391140_RAW.LBL	3713	a7b6e308ecef40e3b5da275aa7632d84	S RINGS	CLEAR	0	0.960	BOTALT	1981-08-23T00:14:23	1563S2-004
43911.46	C4391146	S_RINGS/C4391XXX/C4391146_RAW	https://asc-pds-voyager.s3.us-west-2.amazonaws.com/VGISS_0005/S_RINGS/C4391XXX/C4391146_RAW.IMG	823296	1940fcda15dfa1a59fea31a3d15c90d0	2025-05-06T23:56:55.000Z	https://asc-pds-voyager.s3.us-west-2.amazonaws.com/VGISS_0005/S_RINGS/C4391XXX/C4391146_RAW.LBL	3713	dd2c864a4065ee3237586a69011955d2	S RINGS	CLEAR	0	0.960	BOTALT	1981-08-23T00:19:11	1569S2-004
43911.52	C4391152	S_RINGS/C4391XXX/C4391152_RAW	https://asc-pds-voyager.s3.us-west-2.amazonaws.com/VGISS_0005/S_RINGS/C4391XXX/C4391152_RAW.IMG	823296	4dc8fab6d4f6fb28aa034a45e9c66fc6	2025-05-06T23:56:55.000Z	https://asc-pds-voyager.s3.us-west-2.amazonaws.com/VGISS_0005/S_RINGS/C4391XXX/C4391152_RAW.LBL	3713	4f3aa102044443b8d195af16660698cd	S RINGS	CLEAR	0	0.960	BOTALT	1981-08-23T00:23:59	1575S2-004
43911.58	C4391158	S_RINGS/C4391XXX/C4391158_RAW	https://asc-pds-voyager.s3.us-west-2.amazonaws.com/VGISS_0005/S_RINGS/C4391XXX/C4391158_RAW.IMG	823296	46194731bfcedc7380b657ebb2bdb7b3	2025-05-06T23:56:55.000Z	https://asc-pds-voyager.s3.us-west-2.amazonaws.com/VGISS_0005/S_RINGS/C4391XXX/C4391158_RAW.LBL	3713	2c39e18eed017d88a71a622af9d3bd51	S RINGS	CLEAR	0	0.960	BOTALT	1981-08-23T00:28:47	1581S2-004
43912.04	C4391204	S_RINGS/C4391XXX/C4391204_RAW	https://asc-pds-voyager.s3.us-west-2.amazonaws.com/VGISS_0005/S_RINGS/C4391XXX/C4391204_RAW.IMG	823296	79e2d5d5f9e89fce7497fa416bcdfc6f	2025-05-06T23:56:55.000Z	https://asc-pds-voyager.s3.us-west-2.amazonaws.com/VGISS_0005/S_RINGS/C4391XXX/C4391204_RAW.LBL	3713	a9cd045721160e87f7a43b091166eb21	S RINGS	CLEAR	0	0.960	BOTALT	1981-08-23T00:33:35	1587S2-004
43912.10	C4391210	S_RINGS/C4391XXX/C4391210_RAW	https://asc-pds-voyager.s3.us-west-2.amazonaws.com/VGISS_0005/S_RINGS/C4391XXX/C4391210_RAW.IMG	823296	1a3a0f7de0fa1f9941a8d9891e1dc8d4	2025-05-06T23:56:55.000Z	https://asc-pds-voyager.s3.us-west-2.amazonaws.com/VGISS_0005/S_RINGS/C4391XXX/C4391210_RAW.LBL	3713	240ea1c83956cbc96eaa1a9fef37919c	S RINGS	CLEAR	0	0.960	BOTALT	1981-08-23T00:38:23	1593S2-004
43912.16	C4391216	S_RINGS/C4391XXX/C4391216_RAW	https://asc-pds-voyager.s3.us-west-2.amazonaws.com/VGISS_0005/S_RINGS/C4391XXX/C4391216_RAW.IMG	823296	2498a194b1f6476dd78d448b9765e5bb	2025-05-06T23:56:55.000Z	https://asc-pds-voyager.s3.us-west-2.amazonaws.com/VGISS_0005/S_RINGS/C4391XXX/C4391216_RAW.LBL	3713	124b2b985620262f4188cbb689f6b476	S RINGS	CLEAR	0	0.960	BOTALT	1981-08-23T00:43:11	1599S2-004
43912.22	C4391222	S_RINGS/C4391XXX/C4391222_RAW	https://asc-pds-voyager.s3.us-west-2.amazonaws.com/VGISS_0005/S_RINGS/C4391XXX/C4391222_RAW.IMG	823296	442bbd41d073470cfde66cb8992185a6	2025-05-06T23:56:58.000Z	https://asc-pds-voyager.s3.us-west-2.amazonaws.com/VGISS_0005/S_RINGS/C4391XXX/C4391222_RAW.LBL	3713	b6c7c2f0e7012e3f6fdbcae1b692e6d6	S RINGS	CLEAR	0	0.960	BOTALT	1981-08-23T00:47:59	1605S2-004
43912.28	C4391228	S_RINGS/C4391XXX/C4391228_RAW	https://asc-pds-voyager.s3.us-west-2.amazonaws.com/VGISS_0005/S_RINGS/C4391XXX/C4391228_RAW.IMG	823296	27e966b153c131240d73bb8640077eda	2025-05-06T23:56:55.000Z	https://asc-pds-voyager.s3.us-west-2.amazonaws.com/VGISS_0005/S_RINGS/C4391XXX/C4391228_RAW.LBL	3713	6693ac1adf50963ef4a5093da5a2e628	S RINGS	CLEAR	0	0.960	BOTALT	1981-08-23T00:52:47	1611S2-004
43914.11	C4391411	SATURN/C4391XXX/C4391411_RAW	https://asc-pds-voyager.s3.us-west-2.amazonaws.com/VGISS_0005/SATURN/C4391XXX/C4391411_RAW.IMG	823296	39e49f36ac8cc154248811d759b89119	2025-05-06T23:56:57.000Z	https://asc-pds-voyager.s3.us-west-2.amazonaws.com/VGISS_0005/SATURN/C4391XXX/C4391411_RAW.LBL	3725	47b91090e33b3a448712ea6e985c4eaf	SATURN	GREEN	5	1.920	BOTSIM	1981-08-23T02:15:11	1714S2-004
43914.18	C4391418	SATURN/C4391XXX/C4391418_RAW	https://asc-pds-voyager.s3.us-west-2.amazonaws.com/VGISS_0005/SATURN/C4391XXX/C4391418_RAW.IMG	823296	632121fa1221cfdeea3a54f4cb9a09d4	2025-05-06T23:56:57.000Z	https://asc-pds-voyager.s3.us-west-2.amazonaws.com/VGISS_0005/SATURN/C4391XXX/C4391418_RAW.LBL	3725	9d6cdb0f608712c0cb091925ad4c4a39	SATURN	GREEN	5	1.920	BOTSIM	1981-08-23T02:20:47	1721S2-004
43914.25	C4391425	SATURN/C4391XXX/C4391425_RAW	https://asc-pds-voyager.s3.us-west-2.amazonaws.com/VGISS_0005/SATURN/C4391XXX/C4391425_RAW.IMG	823296	56d21dbb7fc3240cb6b757b219aa9793	2025-05-06T23:56:57.000Z	https://asc-pds-voyager.s3.us-west-2.amazonaws.com/VGISS_0005/SATURN/C4391XXX/C4391425_RAW.LBL	3725	44215ab26f8ca3c9fc25200b2d3e9d9e	SATURN	GREEN	5	1.920	BOTSIM	1981-08-23T02:26:23	1728S2-004
43914.32	C4391432	SATURN/C4391XXX/C4391432_RAW	https://asc-pds-voyager.s3.us-west-2.amazonaws.com/VGISS_0005/SATURN/C4391XXX/C4391432_RAW.IMG	823296	45c4a9e82f85acfd84a0fb1d102736e7	2025-05-06T23:56:57.000Z	https://asc-pds-voyager.s3.us-west-2.amazonaws.com/VGISS_0005/SATURN/C4391XXX/C4391432_RAW.LBL	3725	6c2672d4fd4d6b9a234b65c8d6cf4b78	SATURN	GREEN	5	1.920	BOTSIM	1981-08-23T02:31:59	1735S2-004
43914.39	C4391439	SATURN/C4391XXX/C4391439_RAW	https://asc-pds-voyager.s3.us-west-2.amazonaws.com/VGISS_0005/SATURN/C4391XXX/C4391439_RAW.IMG	823296	5fc378edec5f6f2eefc5f75286d837ee	2025-05-06T23:56:57.000Z	https://asc-pds-voyager.s3.us-west-2.amazonaws.com/VGISS_0005/SATURN/C4391XXX/C4391439_RAW.LBL	3707	b864c5c133e058a6e4da0735f6da0987	SATURN	VIOLET	1	2.880	BOTSIM	1981-08-23T02:37:35	1742S2-004
43914.46	C4391446	SATURN/C4391XXX/C4391446_RAW	https://asc-pds-voyager.s3.us-west-2.amazonaws.com/VGISS_0005/SATURN/C4391XXX/C4391446_RAW.IMG	823296	337d5c985664bbf99058ece82aacfa7f	2025-05-06T23:56:57.000Z	https://asc-pds-voyager.s3.us-west-2.amazonaws.com/VGISS_0005/SATURN/C4391XXX/C4391446_RAW.LBL	3705	bfa92949670c720dbb6322c4df45a0a2	SATURN	BLUE	2	1.920	BOTSIM	1981-08-23T02:43:11	1749S2-004
43914.53	C4391453	SATURN/C4391XXX/C4391453_RAW	https://asc-pds-voyager.s3.us-west-2.amazonaws.com/VGISS_0005/SATURN/C4391XXX/C4391453_RAW.IMG	823296	0fd80748afd9916d932fa3aa4d3b67d4	2025-05-06T23:56:57.000Z	https://asc-pds-voyager.s3.us-west-2.amazonaws.com/VGISS_0005/SATURN/C4391XXX/C4391453_RAW.LBL	3707	a274b75ee3ec53ad30af5f041268952b	SATURN	ORANGE	3	5.760	BOTSIM	1981-08-23T02:48:47	1756S2-004
43915.00	C4391500	SATURN/C4391XXX/C4391500_RAW	https://asc-pds-voyager.s3.us-west-2.amazonaws.com/VGISS_0005/SATURN/C4391XXX/C4391500_RAW.IMG	823296	0ba99cb057d2c22419d5d540928abdd4	2025-05-06T23:56:57.000Z	https://asc-pds-voyager.s3.us-west-2.amazonaws.com/VGISS_0005/SATURN/C4391XXX/C4391500_RAW.LBL	3706	fa711b622d14f383532668ba653f2321	SATURN	GREEN	5	1.920	BOTSIM	1981-08-23T02:54:23	1763S2-004
43915.07	C4391507	SATURN/C4391XXX/C4391507_RAW	https://asc-pds-voyager.s3.us-west-2.amazonaws.com/VGISS_0005/SATURN/C4391XXX/C4391507_RAW.IMG	823296	9a5bfe59f68cf3a8cd5d9c91a434e7c1	2025-05-06T23:56:57.000Z	https://asc-pds-voyager.s3.us-west-2.amazonaws.com/VGISS_0005/SATURN/C4391XXX/C4391507_RAW.LBL	3704	d65fee1c149590b2eb380bd034eda70f	SATURN	UV	7	15.360	BOTSIM	1981-08-23T02:59:59	1770S2-004
43915.14	C4391514	SATURN/C4391XXX/C4391514_RAW	https://asc-pds-voyager.s3.us-west-2.amazonaws.com/VGISS_0005/SATURN/C4391XXX/C4391514_RAW.IMG	823296	e3fc77c373c7a1240a6eb09209e14332	2025-05-06T23:56:57.000Z	https://asc-pds-voyager.s3.us-west-2.amazonaws.com/VGISS_0005/SATURN/C4391XXX/C4391514_RAW.LBL	3707	8dcb9d41274be36a8e6570c393357443	SATURN	VIOLET	1	3.840	BOTSIM	1981-08-23T03:05:35	1777S2-004
43915.21	C4391521	SATURN/C4391XXX/C4391521_RAW	https://asc-pds-voyager.s3.us-west-2.amazonaws.com/VGISS_0005/SATURN/C4391XXX/C4391521_RAW.IMG	823296	1e4a6f745e40225293c46c017ee3c6ea	2025-05-06T23:56:57.000Z	https://asc-pds-voyager.s3.us-west-2.amazonaws.com/VGISS_0005/SATURN/C4391XXX/C4391521_RAW.LBL	3705	3803643d90a282e95df239f263fbf0ca	SATURN	BLUE	2	2.880	BOTSIM	1981-08-23T03:11:11	1784S2-004
43915.28	C4391528	SATURN/C4391XXX/C4391528_RAW	https://asc-pds-voyager.s3.us-west-2.amazonaws.com/VGISS_0005/SATURN/C4391XXX/C4391528_RAW.IMG	823296	7e9a7de2a100d3467f133d4a7a0d25fe	2025-05-06T23:56:57.000Z	https://asc-pds-voyager.s3.us-west-2.amazonaws.com/VGISS_0005/SATURN/C4391XXX/C4391528_RAW.LBL	3706	802ea52998fe479eaef6c27dd1ceab86	SATURN	GREEN	5	2.880	BOTSIM	1981-08-23T03:16:47	1791S2-004
43915.35	C4391535	SATURN/C4391XXX/C4391535_RAW	https://asc-pds-voyager.s3.us-west-2.amazonaws.com/VGISS_0005/SATURN/C4391XXX/C4391535_RAW.IMG	823296	412cae2c3578ef2f4fc2dedd9d802cf2	2025-05-06T23:56:57.000Z	https://asc-pds-voyager.s3.us-west-2.amazonaws.com/VGISS_0005/SATURN/C4391XXX/C4391535_RAW.LBL	3707	cbcf90de5b3c94d91e0fdc52f79875ad	SATURN	VIOLET	1	5.760	BOTSIM	1981-08-23T03:22:23	1798S2-004
43915.42	C4391542	SATURN/C4391XXX/C4391542_RAW	https://asc-pds-voyager.s3.us-west-2.amazonaws.com/VGISS_0005/SATURN/C4391XXX/C4391542_RAW.IMG	823296	d993074c7b9716fa971940733d90dde4	2025-05-06T23:56:57.000Z	https://asc-pds-voyager.s3.us-west-2.amazonaws.com/VGISS_0005/SATURN/C4391XXX/C4391542_RAW.LBL	3706	320df7a0c703ef3ee621d8d171fd1c65	SATURN	GREEN	5	3.840	BOTSIM	1981-08-23T03:27:59	0005S2-003
43915.53	C4391553	SATURN/C4391XXX/C4391553_RAW	https://asc-pds-voyager.s3.us-west-2.amazonaws.com/VGISS_0005/SATURN/C4391XXX/C4391553_RAW.IMG	823296	0fccda74eeefb7e564b173a8510da586	2025-05-06T23:56:57.000Z	https://asc-pds-voyager.s3.us-west-2.amazonaws.com/VGISS_0005/SATURN/C4391XXX/C4391553_RAW.LBL	3723	cc5db8e6e47c45b74d2f50dff10a34af	SATURN	GREEN	5	1.920	BOTSIM	1981-08-23T03:36:47	0016S2-003
43916.00	C4391600	SATURN/C4391XXX/C4391600_RAW	https://asc-pds-voyager.s3.us-west-2.amazonaws.com/VGISS_0005/SATURN/C4391XXX/C4391600_RAW.IMG	823296	694bd4f804e5fd586acef15924584024	2025-05-06T23:56:57.000Z	https://asc-pds-voyager.s3.us-west-2.amazonaws.com/VGISS_0005/SATURN/C4391XXX/C4391600_RAW.LBL	3723	08f3e1b31511c557fff7c042aa7c4059	SATURN	GREEN	5	1.920	BOTSIM	1981-08-23T03:42:23	0023S2-003
43916.07	C4391607	SATURN/C4391XXX/C4391607_RAW	https://asc-pds-voyager.s3.us-west-2.amazonaws.com/VGISS_0005/SATURN/C4391XXX/C4391607_RAW.IMG	823296	f155af467daa638c94d535866697ad2c	2025-05-06T23:56:57.000Z	https://asc-pds-voyager.s3.us-west-2.amazonaws.com/VGISS_0005/SATURN/C4391XXX/C4391607_RAW.LBL	3723	7d4f09431e7d75acb353cf340ab13bbe	SATURN	GREEN	5	1.920	BOTSIM	1981-08-23T03:47:59	0030S2-003
43916.14	C4391614	SATURN/C4391XXX/C4391614_RAW	https://asc-pds-voyager.s3.us-west-2.amazonaws.com/VGISS_0005/SATURN/C4391XXX/C4391614_RAW.IMG	823296	17fb13ce22ace3e5bafad16ee58835c4	2025-05-06T23:56:57.000Z	https://asc-pds-voyager.s3.us-west-2.amazonaws.com/VGISS_0005/SATURN/C4391XXX/C4391614_RAW.LBL	3723	4235a7a526a03abb5fef712164986d43	SATURN	GREEN	5	1.920	BOTSIM	1981-08-23T03:53:35	0037S2-003
43916.24	C4391624	S_RINGS/C4391XXX/C4391624_RAW	https://asc-pds-voyager.s3.us-west-2.amazonaws.com/VGISS_0005/S_RINGS/C4391XXX/C4391624_RAW.IMG	823296	2ef4d8320a23b7783ee16231b616fbad	2025-05-06T23:56:55.000Z	https://asc-pds-voyager.s3.us-west-2.amazonaws.com/VGISS_0005/S_RINGS/C4391XXX/C4391624_RAW.LBL	3703	f5b880f9121defb900144e2b83b88ed0	S RINGS	CLEAR	0	0.960	NAONLY	1981-08-23T04:01:35	0047S2-003
43916.32	C4391632	S_RINGS/C4391XXX/C4391632_RAW	https://asc-pds-voyager.s3.us-west-2.amazonaws.com/VGISS_0005/S_RINGS/C4391XXX/C4391632_RAW.IMG	823296	fb09681694269e8130f46a2a35bc385c	2025-05-06T23:56:55.000Z	https://asc-pds-voyager.s3.us-west-2.amazonaws.com/VGISS_0005/S_RINGS/C4391XXX/C4391632_RAW.LBL	3703	e8ebcc5c628a12a9efa06a8fc1091a80	S RINGS	CLEAR	0	0.960	NAONLY	1981-08-23T04:07:59	0055S2-003
43916.36	C4391636	S_RINGS/C4391XXX/C4391636_RAW	https://asc-pds-voyager.s3.us-west-2.amazonaws.com/VGISS_0005/S_RINGS/C4391XXX/C4391636_RAW.IMG	823296	c559e9705e8453c5af641ff7b9587e0f	2025-05-06T23:56:55.000Z	https://asc-pds-voyager.s3.us-west-2.amazonaws.com/VGISS_0005/S_RINGS/C4391XXX/C4391636_RAW.LBL	3678	7076a989bede85ccee8a9501698d3f40	SATURN	CLEAR	0	0.960	NAONLY	1981-08-23T04:11:11	0059S2-003
43916.40	C4391640	S_RINGS/C4391XXX/C4391640_RAW	https://asc-pds-voyager.s3.us-west-2.amazonaws.com/VGISS_0005/S_RINGS/C4391XXX/C4391640_RAW.IMG	823296	649fbbfea92c5b0f363bb7c643ae595a	2025-05-06T23:56:55.000Z	https://asc-pds-voyager.s3.us-west-2.amazonaws.com/VGISS_0005/S_RINGS/C4391XXX/C4391640_RAW.LBL	3678	b0505ed7aae018c1361613651f9b9012	SATURN	CLEAR	0	0.960	NAONLY	1981-08-23T04:14:23	0063S2-003
43916.44	C4391644	S_RINGS/C4391XXX/C4391644_RAW	https://asc-pds-voyager.s3.us-west-2.amazonaws.com/VGISS_0005/S_RINGS/C4391XXX/C4391644_RAW.IMG	823296	a1b7c5080428dd6ec6bdce49438faa20	2025-05-06T23:56:55.000Z	https://asc-pds-voyager.s3.us-west-2.amazonaws.com/VGISS_0005/S_RINGS/C4391XXX/C4391644_RAW.LBL	3729	780c54e54c94566183465cd4116a7289	S RINGS	CLEAR	0	0.960	NAONLY	1981-08-23T04:17:35	0067S2-003
43916.48	C4391648	S_RINGS/C4391XXX/C4391648_RAW	https://asc-pds-voyager.s3.us-west-2.amazonaws.com/VGISS_0005/S_RINGS/C4391XXX/C4391648_RAW.IMG	823296	56ce6a43c6f9c564e4355473904a92f6	2025-05-06T23:56:55.000Z	https://asc-pds-voyager.s3.us-west-2.amazonaws.com/VGISS_0005/S_RINGS/C4391XXX/C4391648_RAW.LBL	3729	e18e901540a8a29291618b2ce13b5fc1	S RINGS	CLEAR	0	0.960	NAONLY	1981-08-23T04:20:47	0071S2-003
43916.52	C4391652	S_RINGS/C4391XXX/C4391652_RAW	https://asc-pds-voyager.s3.us-west-2.amazonaws.com/VGISS_0005/S_RINGS/C4391XXX/C4391652_RAW.IMG	823296	16f81d5b9abc484f1632bfdd25344749	2025-05-06T23:56:55.000Z	https://asc-pds-voyager.s3.us-west-2.amazonaws.com/VGISS_0005/S_RINGS/C4391XXX/C4391652_RAW.LBL	3729	d2329c1fae01f8815118c8f33cdc70db	S RINGS	CLEAR	0	0.960	NAONLY	1981-08-23T04:23:59	0075S2-003
43916.56	C4391656	S_RINGS/C4391XXX/C4391656_RAW	https://asc-pds-voyager.s3.us-west-2.amazonaws.com/VGISS_0005/S_RINGS/C4391XXX/C4391656_RAW.IMG	823296	a3ba9bcb011c86791c7b2fd38c1ba7d6	2025-05-06T23:56:56.000Z	https://asc-pds-voyager.s3.us-west-2.amazonaws.com/VGISS_0005/S_RINGS/C4391XXX/C4391656_RAW.LBL	3729	a968d466e5350dd1097efcc48cde7c7c	S RINGS	CLEAR	0	0.960	NAONLY	1981-08-23T04:27:11	0079S2-003
43917.00	C4391700	S_RINGS/C4391XXX/C4391700_RAW	https://asc-pds-voyager.s3.us-west-2.amazonaws.com/VGISS_0005/S_RINGS/C4391XXX/C4391700_RAW.IMG	823296	57e4ce9040054711801feeefeef41cad	2025-05-06T23:56:55.000Z	https://asc-pds-voyager.s3.us-west-2.amazonaws.com/VGISS_0005/S_RINGS/C4391XXX/C4391700_RAW.LBL	3729	a6ac05daed461fe27e4a63981ce32e25	S RINGS	CLEAR	0	0.960	NAONLY	1981-08-23T04:30:23	0083S2-003
43917.04	C4391704	S_RINGS/C4391XXX/C4391704_RAW	https://asc-pds-voyager.s3.us-west-2.amazonaws.com/VGISS_0005/S_RINGS/C4391XXX/C4391704_RAW.IMG	823296	447e938bc80d4a61846297f1b27bd19d	2025-05-06T23:56:55.000Z	https://asc-pds-voyager.s3.us-west-2.amazonaws.com/VGISS_0005/S_RINGS/C4391XXX/C4391704_RAW.LBL	3729	b36c0222297f9998aeced5a938b67475	S RINGS	CLEAR	0	0.960	NAONLY	1981-08-23T04:33:35	0087S2-003
43917.08	C4391708	S_RINGS/C4391XXX/C4391708_RAW	https://asc-pds-voyager.s3.us-west-2.amazonaws.com/VGISS_0005/S_RINGS/C4391XXX/C4391708_RAW.IMG	823296	3eaeb5e3291c20602de00bfa1e164fce	2025-05-06T23:56:55.000Z	https://asc-pds-voyager.s3.us-west-2.amazonaws.com/VGISS_0005/S_RINGS/C4391XXX/C4391708_RAW.LBL	3729	636176b644f66895dcf267837b785338	S RINGS	CLEAR	0	0.960	NAONLY	1981-08-23T04:36:47	0091S2-003
43917.12	C4391712	S_RINGS/C4391XXX/C4391712_RAW	https://asc-pds-voyager.s3.us-west-2.amazonaws.com/VGISS_0005/S_RINGS/C4391XXX/C4391712_RAW.IMG	823296	73a867500eb77ce40c41cb1ff7cc9f7f	2025-05-06T23:56:55.000Z	https://asc-pds-voyager.s3.us-west-2.amazonaws.com/VGISS_0005/S_RINGS/C4391XXX/C4391712_RAW.LBL	3729	bb5f37ef1924e17c8482275060141e41	S RINGS	CLEAR	0	0.960	NAONLY	1981-08-23T04:39:59	0095S2-003
43917.16	C4391716	S_RINGS/C4391XXX/C4391716_RAW	https://asc-pds-voyager.s3.us-west-2.amazonaws.com/VGISS_0005/S_RINGS/C4391XXX/C4391716_RAW.IMG	823296	42fcc86283226c46f410b1982a2366cf	2025-05-06T23:56:55.000Z	https://asc-pds-voyager.s3.us-west-2.amazonaws.com/VGISS_0005/S_RINGS/C4391XXX/C4391716_RAW.LBL	3729	ab559f439d14f7c57a5ca10cfaf15158	S RINGS	CLEAR	0	0.960	NAONLY	1981-08-23T04:43:11	0099S2-003
43917.20	C4391720	S_RINGS/C4391XXX/C4391720_RAW	https://asc-pds-voyager.s3.us-west-2.amazonaws.com/VGISS_0005/S_RINGS/C4391XXX/C4391720_RAW.IMG	823296	8d01166d7b69b459e799dbdef5ab0c52	2025-05-06T23:56:55.000Z	https://asc-pds-voyager.s3.us-west-2.amazonaws.com/VGISS_0005/S_RINGS/C4391XXX/C4391720_RAW.LBL	3729	f906ffbc6ae43e169dfd443b05e9ff07	S RINGS	CLEAR	0	0.960	NAONLY	1981-08-23T04:46:23	0103S2-003
43917.24	C4391724	S_RINGS/C4391XXX/C4391724_RAW	https://asc-pds-voyager.s3.us-west-2.amazonaws.com/VGISS_0005/S_RINGS/C4391XXX/C4391724_RAW.IMG	823296	c5c612f2e40f01b5dfd27c0085b0f6a8	2025-05-06T23:56:55.000Z	https://asc-pds-voyager.s3.us-west-2.amazonaws.com/VGISS_0005/S_RINGS/C4391XXX/C4391724_RAW.LBL	3729	5bcbcb20e883d902e533bf5d1d6aca5a	S RINGS	CLEAR	0	0.960	NAONLY	1981-08-23T04:49:35	0107S2-003
43917.28	C4391728	S_RINGS/C4391XXX/C4391728_RAW	https://asc-pds-voyager.s3.us-west-2.amazonaws.com/VGISS_0005/S_RINGS/C4391XXX/C4391728_RAW.IMG	823296	5bdebbaad7ce1598b5023edcfa0d8956	2025-05-06T23:56:55.000Z	https://asc-pds-voyager.s3.us-west-2.amazonaws.com/VGISS_0005/S_RINGS/C4391XXX/C4391728_RAW.LBL	3729	d3e8f65fe1d3443c577ae73f1f17e3df	S RINGS	CLEAR	0	0.960	NAONLY	1981-08-23T04:52:47	0111S2-003
43917.32	C4391732	S_RINGS/C4391XXX/C4391732_RAW	https://asc-pds-voyager.s3.us-west-2.amazonaws.com/VGISS_0005/S_RINGS/C4391XXX/C4391732_RAW.IMG	823296	c76636b1643fbff02aa0353c03229833	2025-05-06T23:56:55.000Z	https://asc-pds-voyager.s3.us-west-2.amazonaws.com/VGISS_0005/S_RINGS/C4391XXX/C4391732_RAW.LBL	3729	69d93eecf0dfd47a77f7372ee7223539	S RINGS	CLEAR	0	0.960	NAONLY	1981-08-23T04:55:59	0115S2-003
43917.36	C4391736	S_RINGS/C4391XXX/C4391736_RAW	https://asc-pds-voyager.s3.us-west-2.amazonaws.com/VGISS_0005/S_RINGS/C4391XXX/C4391736_RAW.IMG	823296	c42c657f6c3e4d0a86a8264f601b65e8	2025-05-06T23:56:55.000Z	https://asc-pds-voyager.s3.us-west-2.amazonaws.com/VGISS_0005/S_RINGS/C4391XXX/C4391736_RAW.LBL	3729	0ce19462c9b59f0df92e5827331a297c	S RINGS	CLEAR	0	0.960	NAONLY	1981-08-23T04:59:11	0119S2-003
43917.40	C4391740	S_RINGS/C4391XXX/C4391740_RAW	https://asc-pds-voyager.s3.us-west-2.amazonaws.com/VGISS_0005/S_RINGS/C4391XXX/C4391740_RAW.IMG	823296	321fcaab37d2c3c851aba1e5fb174bb2	2025-05-06T23:56:55.000Z	https://asc-pds-voyager.s3.us-west-2.amazonaws.com/VGISS_0005/S_RINGS/C4391XXX/C4391740_RAW.LBL	3729	18584ffb2840acd780a94f78e46ff7e4	S RINGS	CLEAR	0	0.960	NAONLY	1981-08-23T05:02:23	0123S2-003
43917.44	C4391744	S_RINGS/C4391XXX/C4391744_RAW	https://asc-pds-voyager.s3.us-west-2.amazonaws.com/VGISS_0005/S_RINGS/C4391XXX/C4391744_RAW.IMG	823296	95ec4eae1e96ce558203eea178c271af	2025-05-06T23:56:55.000Z	https://asc-pds-voyager.s3.us-west-2.amazonaws.com/VGISS_0005/S_RINGS/C4391XXX/C4391744_RAW.LBL	3729	240573ce6e51a7937c6816bfe4d1d5bf	S RINGS	CLEAR	0	0.960	NAONLY	1981-08-23T05:05:35	0127S2-003
43917.48	C4391748	S_RINGS/C4391XXX/C4391748_RAW	https://asc-pds-voyager.s3.us-west-2.amazonaws.com/VGISS_0005/S_RINGS/C4391XXX/C4391748_RAW.IMG	823296	9cb272868a5ba3dec0a361a14cc7860e	2025-05-06T23:56:55.000Z	https://asc-pds-voyager.s3.us-west-2.amazonaws.com/VGISS_0005/S_RINGS/C4391XXX/C4391748_RAW.LBL	3729	6b9a42c58d1108633a7d96eb9ba276e5	S RINGS	CLEAR	0	0.960	NAONLY	1981-08-23T05:08:47	0131S2-003
43917.52	C4391752	S_RINGS/C4391XXX/C4391752_RAW	https://asc-pds-voyager.s3.us-west-2.amazonaws.com/VGISS_0005/S_RINGS/C4391XXX/C4391752_RAW.IMG	823296	ba125612ea1565014c52014c6f35808b	2025-05-06T23:56:55.000Z	https://asc-pds-voyager.s3.us-west-2.amazonaws.com/VGISS_0005/S_RINGS/C4391XXX/C4391752_RAW.LBL	3729	7c49c9875c4d4e614cb2572b8ef4f342	S RINGS	CLEAR	0	0.960	NAONLY	1981-08-23T05:11:59	0135S2-003
43917.56	C4391756	S_RINGS/C4391XXX/C4391756_RAW	https://asc-pds-voyager.s3.us-west-2.amazonaws.com/VGISS_0005/S_RINGS/C4391XXX/C4391756_RAW.IMG	823296	9692ba9045b289b62042cd1c4a304ba8	2025-05-06T23:56:55.000Z	https://asc-pds-voyager.s3.us-west-2.amazonaws.com/VGISS_0005/S_RINGS/C4391XXX/C4391756_RAW.LBL	3729	a9f75d7fb7210fae41df5428e69702fd	S RINGS	CLEAR	0	0.960	NAONLY	1981-08-23T05:15:11	0139S2-003
43918.00	C4391800	S_RINGS/C4391XXX/C4391800_RAW	https://asc-pds-voyager.s3.us-west-2.amazonaws.com/VGISS_0005/S_RINGS/C4391XXX/C4391800_RAW.IMG	823296	5968cb5a2092e98e732a73abd2b43b5e	2025-05-06T23:56:55.000Z	https://asc-pds-voyager.s3.us-west-2.amazonaws.com/VGISS_0005/S_RINGS/C4391XXX/C4391800_RAW.LBL	3729	718fea7ecf1e262472ad23c58c882550	S RINGS	CLEAR	0	0.960	NAONLY	1981-08-23T05:18:23	0143S2-003
43918.04	C4391804	S_RINGS/C4391XXX/C4391804_RAW	https://asc-pds-voyager.s3.us-west-2.amazonaws.com/VGISS_0005/S_RINGS/C4391XXX/C4391804_RAW.IMG	823296	a4268149a29690244bdd221218517f4d	2025-05-06T23:56:55.000Z	https://asc-pds-voyager.s3.us-west-2.amazonaws.com/VGISS_0005/S_RINGS/C4391XXX/C4391804_RAW.LBL	3729	a77a376809e240fd8358078e1f6fd928	S RINGS	CLEAR	0	0.960	NAONLY	1981-08-23T05:21:35	0147S2-003
43925.25	C4392525	SATURN/C4392XXX/C4392525_RAW	https://asc-pds-voyager.s3.us-west-2.amazonaws.com/VGISS_0005/SATURN/C4392XXX/C4392525_RAW.IMG	823296	26bee9a92ee3b3eec098d9b2604f9ba5	2025-05-06T23:56:57.000Z	https://asc-pds-voyager.s3.us-west-2.amazonaws.com/VGISS_0005/SATURN/C4392XXX/C4392525_RAW.LBL	3716	35d8d44f615aa67dca02243b94b3bc83	SATURN	GREEN	5	2.880	BOTSIM	1981-08-23T11:14:23	0588S2-003
43925.32	C4392532	SATURN/C4392XXX/C4392532_RAW	https://asc-pds-voyager.s3.us-west-2.amazonaws.com/VGISS_0005/SATURN/C4392XXX/C4392532_RAW.IMG	823296	587b4b859a2e242e6c14b4c7692eeb68	2025-05-06T23:56:57.000Z	https://asc-pds-voyager.s3.us-west-2.amazonaws.com/VGISS_0005/SATURN/C4392XXX/C4392532_RAW.LBL	3716	ce6e65f0b3c781287d250c04638ecf23	SATURN	GREEN	5	2.880	BOTSIM	1981-08-23T11:19:59	0595S2-003
43925.39	C4392539	SATURN/C4392XXX/C4392539_RAW	https://asc-pds-voyager.s3.us-west-2.amazonaws.com/VGISS_0005/SATURN/C4392XXX/C4392539_RAW.IMG	823296	c76e0447355a35b1fd0cf28600cef3f9	2025-05-06T23:56:57.000Z	https://asc-pds-voyager.s3.us-west-2.amazonaws.com/VGISS_0005/SATURN/C4392XXX/C4392539_RAW.LBL	3716	9bdb0b7f688e91fab22be283c2a608c8	SATURN	GREEN	5	2.880	BOTSIM	1981-08-23T11:25:35	0602S2-003
43925.46	C4392546	SATURN/C4392XXX/C4392546_RAW	https://asc-pds-voyager.s3.us-west-2.amazonaws.com/VGISS_0005/SATURN/C4392XXX/C4392546_RAW.IMG	823296	f32a61b90c815b07214bd13b4ec37262	2025-05-06T23:56:57.000Z	https://asc-pds-voyager.s3.us-west-2.amazonaws.com/VGISS_0005/SATURN/C4392XXX/C4392546_RAW.LBL	3716	9e47396722804af068cbd75bc60b3fbf	SATURN	GREEN	5	2.880	BOTSIM	1981-08-23T11:31:11	0609S2-003
43926.51	C4392651	SATURN/C4392XXX/C4392651_RAW	https://asc-pds-voyager.s3.us-west-2.amazonaws.com/VGISS_0005/SATURN/C4392XXX/C4392651_RAW.IMG	823296	981dec8f664f75cfc35527060159c5c4	2025-05-06T23:56:57.000Z	https://asc-pds-voyager.s3.us-west-2.amazonaws.com/VGISS_0005/SATURN/C4392XXX/C4392651_RAW.LBL	3747	fd3a1c2a9cc749344180f03674cbf84b	SATURN	CLEAR	0	0.960	NAONLY	1981-08-23T12:23:11	0674S2-003
43927.01	C4392701	SATURN/C4392XXX/C4392701_RAW	https://asc-pds-voyager.s3.us-west-2.amazonaws.com/VGISS_0005/SATURN/C4392XXX/C4392701_RAW.IMG	823296	91c5ff243618704703a15e533709561f	2025-05-06T23:56:57.000Z	https://asc-pds-voyager.s3.us-west-2.amazonaws.com/VGISS_0005/SATURN/C4392XXX/C4392701_RAW.LBL	3712	a529b75af10a8937902abde277daf358	SATURN	GREEN	5	1.920	BOTSIM	1981-08-23T12:31:11	0684S2-003
43927.08	C4392708	SATURN/C4392XXX/C4392708_RAW	https://asc-pds-voyager.s3.us-west-2.amazonaws.com/VGISS_0005/SATURN/C4392XXX/C4392708_RAW.IMG	823296	fe56b59b0089e83a1c4d7df811db6078	2025-05-06T23:56:57.000Z	https://asc-pds-voyager.s3.us-west-2.amazonaws.com/VGISS_0005/SATURN/C4392XXX/C4392708_RAW.LBL	3712	76d248a82cdbe0fdf1f23153861286a1	SATURN	GREEN	5	1.920	BOTSIM	1981-08-23T12:36:47	0691S2-003
43927.15	C4392715	SATURN/C4392XXX/C4392715_RAW	https://asc-pds-voyager.s3.us-west-2.amazonaws.com/VGISS_0005/SATURN/C4392XXX/C4392715_RAW.IMG	823296	c8ea2b852c9d849817afdc47c46e55d5	2025-05-06T23:56:57.000Z	https://asc-pds-voyager.s3.us-west-2.amazonaws.com/VGISS_0005/SATURN/C4392XXX/C4392715_RAW.LBL	3712	e089ab8e00e15b3fe561e0cfdacbe03f	SATURN	GREEN	5	1.920	BOTSIM	1981-08-23T12:42:23	0698S2-003
43927.22	C4392722	SATURN/C4392XXX/C4392722_RAW	https://asc-pds-voyager.s3.us-west-2.amazonaws.com/VGISS_0005/SATURN/C4392XXX/C4392722_RAW.IMG	823296	a7c8fa9eb370d4be0511d33188ee55c4	2025-05-06T23:56:57.000Z	https://asc-pds-voyager.s3.us-west-2.amazonaws.com/VGISS_0005/SATURN/C4392XXX/C4392722_RAW.LBL	3712	54fda81bdff399724cb6844b5e9786e4	SATURN	GREEN	5	1.920	BOTSIM	1981-08-23T12:47:59	0705S2-003
43927.59	C4392759	SATURN/C4392XXX/C4392759_RAW	https://asc-pds-voyager.s3.us-west-2.amazonaws.com/VGISS_0005/SATURN/C4392XXX/C4392759_RAW.IMG	823296	664c4f9dc74fcc652414ddcd47208359	2025-05-06T23:56:57.000Z	https://asc-pds-voyager.s3.us-west-2.amazonaws.com/VGISS_0005/SATURN/C4392XXX/C4392759_RAW.LBL	3716	b6f3078dcca4f0c1605f67abbb591027	SATURN	GREEN	5	1.920	BOTSIM	1981-08-23T13:17:35	0742S2-003
43928.06	C4392806	SATURN/C4392XXX/C4392806_RAW	https://asc-pds-voyager.s3.us-west-2.amazonaws.com/VGISS_0005/SATURN/C4392XXX/C4392806_RAW.IMG	823296	fa36844e9a2d8dae17e992f1d9d94f90	2025-05-06T23:56:57.000Z	https://asc-pds-voyager.s3.us-west-2.amazonaws.com/VGISS_0005/SATURN/C4392XXX/C4392806_RAW.LBL	3716	bbe17c610e66d48fcc46722eff91cc90	SATURN	GREEN	5	1.920	BOTSIM	1981-08-23T13:23:11	0749S2-003
43928.13	C4392813	SATURN/C4392XXX/C4392813_RAW	https://asc-pds-voyager.s3.us-west-2.amazonaws.com/VGISS_0005/SATURN/C4392XXX/C4392813_RAW.IMG	823296	ea1ba21aa5daeaddd6b3e624c455de82	2025-05-06T23:56:57.000Z	https://asc-pds-voyager.s3.us-west-2.amazonaws.com/VGISS_0005/SATURN/C4392XXX/C4392813_RAW.LBL	3716	ac1db90e05e6ed9064febbf0f04ea609	SATURN	GREEN	5	1.920	BOTSIM	1981-08-23T13:28:47	0756S2-003
43928.20	C4392820	SATURN/C4392XXX/C4392820_RAW	https://asc-pds-voyager.s3.us-west-2.amazonaws.com/VGISS_0005/SATURN/C4392XXX/C4392820_RAW.IMG	823296	23d43d0b972ca1e6957ed6dea8bd0790	2025-05-06T23:56:57.000Z	https://asc-pds-voyager.s3.us-west-2.amazonaws.com/VGISS_0005/SATURN/C4392XXX/C4392820_RAW.LBL	3716	ec2414a7ef88521e2132eafd1e0c0f6e	SATURN	GREEN	5	1.920	BOTSIM	1981-08-23T13:34:23	0763S2-003
43928.51	C4392851	SATURN/C4392XXX/C4392851_RAW	https://asc-pds-voyager.s3.us-west-2.amazonaws.com/VGISS_0005/SATURN/C4392XXX/C4392851_RAW.IMG	823296	31b6013e4b90b5dc6d9e7b21117c3c6f	2025-05-06T23:56:57.000Z	https://asc-pds-voyager.s3.us-west-2.amazonaws.com/VGISS_0005/SATURN/C4392XXX/C4392851_RAW.LBL	3728	293c68852148228a342e0e50b1577cf9	SATURN	GREEN	5	1.920	BOTSIM	1981-08-23T13:59:11	0794S2-003
43928.58	C4392858	SATURN/C4392XXX/C4392858_RAW	https://asc-pds-voyager.s3.us-west-2.amazonaws.com/VGISS_0005/SATURN/C4392XXX/C4392858_RAW.IMG	823296	0814d6565c6d13a6da25cf654d681c73	2025-05-06T23:56:57.000Z	https://asc-pds-voyager.s3.us-west-2.amazonaws.com/VGISS_0005/SATURN/C4392XXX/C4392858_RAW.LBL	3728	65ebbd0899c57ef3493ef048fb2ead3e	SATURN	GREEN	5	1.920	BOTSIM	1981-08-23T14:04:47	0801S2-003
43929.05	C4392905	SATURN/C4392XXX/C4392905_RAW	https://asc-pds-voyager.s3.us-west-2.amazonaws.com/VGISS_0005/SATURN/C4392XXX/C4392905_RAW.IMG	823296	301ce6763c1a6361583671506a6e2cc2	2025-05-06T23:56:57.000Z	https://asc-pds-voyager.s3.us-west-2.amazonaws.com/VGISS_0005/SATURN/C4392XXX/C4392905_RAW.LBL	3728	a358c4a2f06c326c967ea452f9f0a920	SATURN	GREEN	5	1.920	BOTSIM	1981-08-23T14:10:23	0808S2-003
43929.12	C4392912	SATURN/C4392XXX/C4392912_RAW	https://asc-pds-voyager.s3.us-west-2.amazonaws.com/VGISS_0005/SATURN/C4392XXX/C4392912_RAW.IMG	823296	d75cac65c146ecc2a0a1dbaf669dbb58	2025-05-06T23:56:57.000Z	https://asc-pds-voyager.s3.us-west-2.amazonaws.com/VGISS_0005/SATURN/C4392XXX/C4392912_RAW.LBL	3728	e6aac669ebdf85fd4ad43399a93bd7fc	SATURN	GREEN	5	1.920	BOTSIM	1981-08-23T14:15:59	0815S2-003
43930.03	C4393003	S_RINGS/C4393XXX/C4393003_RAW	https://asc-pds-voyager.s3.us-west-2.amazonaws.com/VGISS_0005/S_RINGS/C4393XXX/C4393003_RAW.IMG	823296	181734ee1ed01184b4cf43504d82a164	2025-05-06T23:56:55.000Z	https://asc-pds-voyager.s3.us-west-2.amazonaws.com/VGISS_0005/S_RINGS/C4393XXX/C4393003_RAW.LBL	3703	4e3a9ec0355353415f70d89998bd7921	S RINGS	CLEAR	0	0.960	NAONLY	1981-08-23T14:56:47	0866S2-003
43930.07	C4393007	SATURN/C4393XXX/C4393007_RAW	https://asc-pds-voyager.s3.us-west-2.amazonaws.com/VGISS_0005/SATURN/C4393XXX/C4393007_RAW.IMG	823296	1a38ba183d96f5fea7cfa2383b04e25f	2025-05-06T23:56:57.000Z	https://asc-pds-voyager.s3.us-west-2.amazonaws.com/VGISS_0005/SATURN/C4393XXX/C4393007_RAW.LBL	3691	72b19f5415cb4c97e10e8411a78ee6d0	SATURN	GREEN	5	1.920	BOTSIM	1981-08-23T14:59:59	0870S2-003
43930.14	C4393014	SATURN/C4393XXX/C4393014_RAW	https://asc-pds-voyager.s3.us-west-2.amazonaws.com/VGISS_0005/SATURN/C4393XXX/C4393014_RAW.IMG	823296	d54138a59bc71b7217b5ab9d44ce47d4	2025-05-06T23:56:57.000Z	https://asc-pds-voyager.s3.us-west-2.amazonaws.com/VGISS_0005/SATURN/C4393XXX/C4393014_RAW.LBL	3691	188c0ad86d98bb4379d519ba5bfa8d0a	SATURN	GREEN	5	1.920	BOTSIM	1981-08-23T15:05:35	0877S2-003
43930.21	C4393021	SATURN/C4393XXX/C4393021_RAW	https://asc-pds-voyager.s3.us-west-2.amazonaws.com/VGISS_0005/SATURN/C4393XXX/C4393021_RAW.IMG	823296	cbcfafa47a70703c5112523bd3a940c2	2025-05-06T23:56:57.000Z	https://asc-pds-voyager.s3.us-west-2.amazonaws.com/VGISS_0005/SATURN/C4393XXX/C4393021_RAW.LBL	3691	1fe3f06c6de09e60f588e6051869b5c1	SATURN	GREEN	5	1.920	BOTSIM	1981-08-23T15:11:11	0884S2-003
43930.28	C4393028	SATURN/C4393XXX/C4393028_RAW	https://asc-pds-voyager.s3.us-west-2.amazonaws.com/VGISS_0005/SATURN/C4393XXX/C4393028_RAW.IMG	823296	bfc362f461c112dc13df167ffecc579e	2025-05-06T23:56:57.000Z	https://asc-pds-voyager.s3.us-west-2.amazonaws.com/VGISS_0005/SATURN/C4393XXX/C4393028_RAW.LBL	3691	1d2e87dafd52b51f606110b6084a09c2	SATURN	GREEN	5	1.920	BOTSIM	1981-08-23T15:16:47	0891S2-003
43933.47	C4393347	SATURN/C4393XXX/C4393347_RAW	https://asc-pds-voyager.s3.us-west-2.amazonaws.com/VGISS_0005/SATURN/C4393XXX/C4393347_RAW.IMG	823296	505fc2d6d00a5d1d700afa4d49859983	2025-05-06T23:56:57.000Z	https://asc-pds-voyager.s3.us-west-2.amazonaws.com/VGISS_0005/SATURN/C4393XXX/C4393347_RAW.LBL	3723	d4a7adb464f5655ebbd1af8de2adc989	SATURN	GREEN	5	1.920	BOTSIM	1981-08-23T17:55:59	1090S2-003
43933.54	C4393354	SATURN/C4393XXX/C4393354_RAW	https://asc-pds-voyager.s3.us-west-2.amazonaws.com/VGISS_0005/SATURN/C4393XXX/C4393354_RAW.IMG	823296	e53c3eab9c843768c15a8d4c9686096a	2025-05-06T23:56:57.000Z	https://asc-pds-voyager.s3.us-west-2.amazonaws.com/VGISS_0005/SATURN/C4393XXX/C4393354_RAW.LBL	3723	993fc55b6b4b39eaa6cc3771056711ce	SATURN	GREEN	5	1.920	BOTSIM	1981-08-23T18:01:35	1097S2-003
43934.01	C4393401	SATURN/C4393XXX/C4393401_RAW	https://asc-pds-voyager.s3.us-west-2.amazonaws.com/VGISS_0005/SATURN/C4393XXX/C4393401_RAW.IMG	823296	a42eb5826ff6ae56edba5797cfda1c23	2025-05-06T23:56:57.000Z	https://asc-pds-voyager.s3.us-west-2.amazonaws.com/VGISS_0005/SATURN/C4393XXX/C4393401_RAW.LBL	3723	58adb4fb20d445ab001e28ee5b5efe09	SATURN	GREEN	5	1.920	BOTSIM	1981-08-23T18:07:11	1104S2-003
43934.08	C4393408	SATURN/C4393XXX/C4393408_RAW	https://asc-pds-voyager.s3.us-west-2.amazonaws.com/VGISS_0005/SATURN/C4393XXX/C4393408_RAW.IMG	823296	d8a66bf5c34cead66877ee278526ce39	2025-05-06T23:56:57.000Z	https://asc-pds-voyager.s3.us-west-2.amazonaws.com/VGISS_0005/SATURN/C4393XXX/C4393408_RAW.LBL	3723	91538b2220fe3bba6e69cd11cdfc7942	SATURN	GREEN	5	1.920	BOTSIM	1981-08-23T18:12:47	1111S2-003
43934.52	C4393452	SATURN/C4393XXX/C4393452_RAW	https://asc-pds-voyager.s3.us-west-2.amazonaws.com/VGISS_0005/SATURN/C4393XXX/C4393452_RAW.IMG	823296	aaf346ff31f7a2d1693ceddbafda9447	2025-05-06T23:56:57.000Z	https://asc-pds-voyager.s3.us-west-2.amazonaws.com/VGISS_0005/SATURN/C4393XXX/C4393452_RAW.LBL	3702	ba825cfc8093c62567525fd136f7b31f	SATURN	GREEN	5	1.920	BOTSIM	1981-08-23T18:47:59	1155S2-003
43934.59	C4393459	SATURN/C4393XXX/C4393459_RAW	https://asc-pds-voyager.s3.us-west-2.amazonaws.com/VGISS_0005/SATURN/C4393XXX/C4393459_RAW.IMG	823296	3fb555b33f5b9a6a474fe58a9ab89ff1	2025-05-06T23:56:57.000Z	https://asc-pds-voyager.s3.us-west-2.amazonaws.com/VGISS_0005/SATURN/C4393XXX/C4393459_RAW.LBL	3702	a777c1d28c93987b8caaeb61dc179167	SATURN	GREEN	5	1.920	BOTSIM	1981-08-23T18:53:35	1162S2-003
43935.06	C4393506	SATURN/C4393XXX/C4393506_RAW	https://asc-pds-voyager.s3.us-west-2.amazonaws.com/VGISS_0005/SATURN/C4393XXX/C4393506_RAW.IMG	823296	058a4809f3e057d1ebf57511bff82848	2025-05-06T23:56:57.000Z	https://asc-pds-voyager.s3.us-west-2.amazonaws.com/VGISS_0005/SATURN/C4393XXX/C4393506_RAW.LBL	3702	1413be14d808a6b18fa4ea338236693e	SATURN	GREEN	5	1.920	BOTSIM	1981-08-23T18:59:11	1169S2-003
43935.13	C4393513	SATURN/C4393XXX/C4393513_RAW	https://asc-pds-voyager.s3.us-west-2.amazonaws.com/VGISS_0005/SATURN/C4393XXX/C4393513_RAW.IMG	823296	dc64329b719fdef96e8234c7ab4d8af8	2025-05-06T23:56:57.000Z	https://asc-pds-voyager.s3.us-west-2.amazonaws.com/VGISS_0005/SATURN/C4393XXX/C4393513_RAW.LBL	3702	90c78779e536a915a115b427c0ed56c8	SATURN	GREEN	5	1.920	BOTSIM	1981-08-23T19:04:47	1176S2-003
43935.20	C4393520	SATURN/C4393XXX/C4393520_RAW	https://asc-pds-voyager.s3.us-west-2.amazonaws.com/VGISS_0005/SATURN/C4393XXX/C4393520_RAW.IMG	823296	f6e7a397c3c1ee5e43427eeac33b6ef6	2025-05-06T23:56:57.000Z	https://asc-pds-voyager.s3.us-west-2.amazonaws.com/VGISS_0005/SATURN/C4393XXX/C4393520_RAW.LBL	3702	e0f95e8625938c88b934d364e6ec504f	SATURN	GREEN	5	1.920	BOTSIM	1981-08-23T19:10:23	1183S2-003
43935.31	C4393531	S_RINGS/C4393XXX/C4393531_RAW	https://asc-pds-voyager.s3.us-west-2.amazonaws.com/VGISS_0005/S_RINGS/C4393XXX/C4393531_RAW.IMG	823296	47e0aed771515e7c18fec5b8c95151d3	2025-05-06T23:56:55.000Z	https://asc-pds-voyager.s3.us-west-2.amazonaws.com/VGISS_0005/S_RINGS/C4393XXX/C4393531_RAW.LBL	3702	7b62f6ddc111ae3ec3cc82be49446264	S RINGS	CLEAR	0	0.960	BOTALT	1981-08-23T19:19:11	1194S2-003
43935.37	C4393537	S_RINGS/C4393XXX/C4393537_RAW	https://asc-pds-voyager.s3.us-west-2.amazonaws.com/VGISS_0005/S_RINGS/C4393XXX/C4393537_RAW.IMG	823296	a0e023697c99910f59c531dffc2ff5df	2025-05-06T23:56:55.000Z	https://asc-pds-voyager.s3.us-west-2.amazonaws.com/VGISS_0005/S_RINGS/C4393XXX/C4393537_RAW.LBL	3703	a1425b9ccb5799095f17ce0c2c75c62b	S RINGS	VIOLET	1	1.920	BOTALT	1981-08-23T19:23:59	1200S2-003
43935.43	C4393543	S_RINGS/C4393XXX/C4393543_RAW	https://asc-pds-voyager.s3.us-west-2.amazonaws.com/VGISS_0005/S_RINGS/C4393XXX/C4393543_RAW.IMG	823296	ca5d5e8260469bba08f77abcf5d7acb7	2025-05-06T23:56:55.000Z	https://asc-pds-voyager.s3.us-west-2.amazonaws.com/VGISS_0005/S_RINGS/C4393XXX/C4393543_RAW.LBL	3702	58e3697a5930cf22fda02cf2042348d9	S RINGS	GREEN	5	1.920	BOTALT	1981-08-23T19:28:47	1206S2-003
43935.49	C4393549	S_RINGS/C4393XXX/C4393549_RAW	https://asc-pds-voyager.s3.us-west-2.amazonaws.com/VGISS_0005/S_RINGS/C4393XXX/C4393549_RAW.IMG	823296	017a6620b0bce027930847ba5fec5cb7	2025-05-06T23:56:55.000Z	https://asc-pds-voyager.s3.us-west-2.amazonaws.com/VGISS_0005/S_RINGS/C4393XXX/C4393549_RAW.LBL	3700	42f2b30d60180a310fce385b31fefba7	S RINGS	UV	7	15.360	BOTALT	1981-08-23T19:33:35	1212S2-003
43935.55	C4393555	S_RINGS/C4393XXX/C4393555_RAW	https://asc-pds-voyager.s3.us-west-2.amazonaws.com/VGISS_0005/S_RINGS/C4393XXX/C4393555_RAW.IMG	823296	b2aea547d19f5cf6ccec9533d03be194	2025-05-06T23:56:55.000Z	https://asc-pds-voyager.s3.us-west-2.amazonaws.com/VGISS_0005/S_RINGS/C4393XXX/C4393555_RAW.LBL	3700	b64433e3eda0d9f599e5c00e06415e2d	S RINGS	UV	7	15.360	BOTALT	1981-08-23T19:38:23	1218S2-003
43936.01	C4393601	S_RINGS/C4393XXX/C4393601_RAW	https://asc-pds-voyager.s3.us-west-2.amazonaws.com/VGISS_0005/S_RINGS/C4393XXX/C4393601_RAW.IMG	823296	f5f115b65843dbc1f4ec02cf33788ea2	2025-05-06T23:56:55.000Z	https://asc-pds-voyager.s3.us-west-2.amazonaws.com/VGISS_0005/S_RINGS/C4393XXX/C4393601_RAW.LBL	3700	4c74ae52043cf382ab278818289ef2ac	S RINGS	UV	7	15.360	BOTALT	1981-08-23T19:43:11	1224S2-003
43937.44	C4393744	SATURN/C4393XXX/C4393744_RAW	https://asc-pds-voyager.s3.us-west-2.amazonaws.com/VGISS_0005/SATURN/C4393XXX/C4393744_RAW.IMG	823296	2cef977b60d7164b91743a37b890201d	2025-05-06T23:56:57.000Z	https://asc-pds-voyager.s3.us-west-2.amazonaws.com/VGISS_0005/SATURN/C4393XXX/C4393744_RAW.LBL	3702	25245219bf86ab207a6938931f507d86	SATURN	GREEN	5	2.880	BOTSIM	1981-08-23T21:05:35	1327S2-003
43937.51	C4393751	SATURN/C4393XXX/C4393751_RAW	https://asc-pds-voyager.s3.us-west-2.amazonaws.com/VGISS_0005/SATURN/C4393XXX/C4393751_RAW.IMG	823296	33fb304ceb0c84d8fb8f97a079647e92	2025-05-06T23:56:57.000Z	https://asc-pds-voyager.s3.us-west-2.amazonaws.com/VGISS_0005/SATURN/C4393XXX/C4393751_RAW.LBL	3702	368ace1c4a5fcfd99353c89384a50997	SATURN	GREEN	5	2.880	BOTSIM	1981-08-23T21:11:11	1334S2-003
43937.58	C4393758	SATURN/C4393XXX/C4393758_RAW	https://asc-pds-voyager.s3.us-west-2.amazonaws.com/VGISS_0005/SATURN/C4393XXX/C4393758_RAW.IMG	823296	763b725c9cbcc5effe299eb9a43fa353	2025-05-06T23:56:57.000Z	https://asc-pds-voyager.s3.us-west-2.amazonaws.com/VGISS_0005/SATURN/C4393XXX/C4393758_RAW.LBL	3702	1e8d7ebcd39fea739fd6219a83061cf7	SATURN	GREEN	5	2.880	BOTSIM	1981-08-23T21:16:47	1341S2-003
43938.05	C4393805	SATURN/C4393XXX/C4393805_RAW	https://asc-pds-voyager.s3.us-west-2.amazonaws.com/VGISS_0005/SATURN/C4393XXX/C4393805_RAW.IMG	823296	cf83f4d8c0f05a0c310d6ffbaf971fe0	2025-05-06T23:56:57.000Z	https://asc-pds-voyager.s3.us-west-2.amazonaws.com/VGISS_0005/SATURN/C4393XXX/C4393805_RAW.LBL	3702	6d3154f072ba47fa988774160407c190	SATURN	GREEN	5	2.880	BOTSIM	1981-08-23T21:22:23	1348S2-003
43939.48	C4393948	SATURN/C4393XXX/C4393948_RAW	https://asc-pds-voyager.s3.us-west-2.amazonaws.com/VGISS_0005/SATURN/C4393XXX/C4393948_RAW.IMG	823296	310a5eeeb1bcbdf792ecf9359a52b8cc	2025-05-06T23:56:57.000Z	https://asc-pds-voyager.s3.us-west-2.amazonaws.com/VGISS_0005/SATURN/C4393XXX/C4393948_RAW.LBL	3714	1063772c7d18efb116f76fbff1a2db67	SATURN	GREEN	5	1.920	BOTSIM	1981-08-23T22:44:47	1451S2-003
43939.55	C4393955	SATURN/C4393XXX/C4393955_RAW	https://asc-pds-voyager.s3.us-west-2.amazonaws.com/VGISS_0005/SATURN/C4393XXX/C4393955_RAW.IMG	823296	03add36bc2895eea8917db8bd676eb5a	2025-05-06T23:56:57.000Z	https://asc-pds-voyager.s3.us-west-2.amazonaws.com/VGISS_0005/SATURN/C4393XXX/C4393955_RAW.LBL	3714	5a2615093555083208cd02fe6433c056	SATURN	GREEN	5	1.920	BOTSIM	1981-08-23T22:50:23	1458S2-003
43940.02	C4394002	SATURN/C4394XXX/C4394002_RAW	https://asc-pds-voyager.s3.us-west-2.amazonaws.com/VGISS_0005/SATURN/C4394XXX/C4394002_RAW.IMG	823296	6aeee32b6b9a368ad43248a0342a5729	2025-05-06T23:56:57.000Z	https://asc-pds-voyager.s3.us-west-2.amazonaws.com/VGISS_0005/SATURN/C4394XXX/C4394002_RAW.LBL	3714	f1ed3da6de9f05209dc8b7470322cc7b	SATURN	GREEN	5	1.920	BOTSIM	1981-08-23T22:55:59	1465S2-003
43940.09	C4394009	SATURN/C4394XXX/C4394009_RAW	https://asc-pds-voyager.s3.us-west-2.amazonaws.com/VGISS_0005/SATURN/C4394XXX/C4394009_RAW.IMG	823296	99bdc9429fbc25308a885d528f00dfe5	2025-05-06T23:56:57.000Z	https://asc-pds-voyager.s3.us-west-2.amazonaws.com/VGISS_0005/SATURN/C4394XXX/C4394009_RAW.LBL	3714	31b1b421d580cacfc8982fe642f24dc0	SATURN	GREEN	5	1.920	BOTSIM	1981-08-23T23:01:35	1472S2-003
43940.16	C4394016	SATURN/C4394XXX/C4394016_RAW	https://asc-pds-voyager.s3.us-west-2.amazonaws.com/VGISS_0005/SATURN/C4394XXX/C4394016_RAW.IMG	823296	56f23ad4438a7d87bd54b2ed44ef3d84	2025-05-06T23:56:57.000Z	https://asc-pds-voyager.s3.us-west-2.amazonaws.com/VGISS_0005/SATURN/C4394XXX/C4394016_RAW.LBL	3714	56f5b0aad40d9bf0d5ffde5b770a0951	SATURN	GREEN	5	1.920	BOTSIM	1981-08-23T23:07:11	1479S2-003
43942.33	C4394233	SATURN/C4394XXX/C4394233_RAW	https://asc-pds-voyager.s3.us-west-2.amazonaws.com/VGISS_0005/SATURN/C4394XXX/C4394233_RAW.IMG	823296	0293cac8f6f5927916a04055d01279a6	2025-05-06T23:56:57.000Z	https://asc-pds-voyager.s3.us-west-2.amazonaws.com/VGISS_0005/SATURN/C4394XXX/C4394233_RAW.LBL	3712	531702831bd3845c7026af9986fd641e	SATURN	GREEN	5	1.920	BOTSIM	1981-08-24T00:56:47	1616S2-003
43942.40	C4394240	SATURN/C4394XXX/C4394240_RAW	https://asc-pds-voyager.s3.us-west-2.amazonaws.com/VGISS_0005/SATURN/C4394XXX/C4394240_RAW.IMG	823296	39aea69de6c958c5646c29593bd7a253	2025-05-06T23:56:57.000Z	https://asc-pds-voyager.s3.us-west-2.amazonaws.com/VGISS_0005/SATURN/C4394XXX/C4394240_RAW.LBL	3712	372af7577011f021e0262d1322c124ce	SATURN	GREEN	5	1.920	BOTSIM	1981-08-24T01:02:23	1623S2-003
43942.47	C4394247	SATURN/C4394XXX/C4394247_RAW	https://asc-pds-voyager.s3.us-west-2.amazonaws.com/VGISS_0005/SATURN/C4394XXX/C4394247_RAW.IMG	823296	b75219f6bc5638c950945f29abd12243	2025-05-06T23:56:57.000Z	https://asc-pds-voyager.s3.us-west-2.amazonaws.com/VGISS_0005/SATURN/C4394XXX/C4394247_RAW.LBL	3712	3d3d91ef913cf9cdd8058ea42561ac39	SATURN	GREEN	5	1.920	BOTSIM	1981-08-24T01:07:59	1630S2-003
43942.54	C4394254	SATURN/C4394XXX/C4394254_RAW	https://asc-pds-voyager.s3.us-west-2.amazonaws.com/VGISS_0005/SATURN/C4394XXX/C4394254_RAW.IMG	823296	e9b3ab04286887b27dfc2fdccafc03d0	2025-05-06T23:56:57.000Z	https://asc-pds-voyager.s3.us-west-2.amazonaws.com/VGISS_0005/SATURN/C4394XXX/C4394254_RAW.LBL	3712	a3dde39e676050424c942fb09530e03e	SATURN	GREEN	5	1.920	BOTSIM	1981-08-24T01:13:35	1637S2-003
43943.52	C4394352	SATURN/C4394XXX/C4394352_RAW	https://asc-pds-voyager.s3.us-west-2.amazonaws.com/VGISS_0005/SATURN/C4394XXX/C4394352_RAW.IMG	823296	003a72dba385ab15ac2fa0a6b3708e3b	2025-05-06T23:56:57.000Z	https://asc-pds-voyager.s3.us-west-2.amazonaws.com/VGISS_0005/SATURN/C4394XXX/C4394352_RAW.LBL	3724	50891fd7ac95a75b5bb88fac6c05506a	SATURN	GREEN	5	1.920	BOTSIM	1981-08-24T01:59:59	1695S2-003
43943.59	C4394359	SATURN/C4394XXX/C4394359_RAW	https://asc-pds-voyager.s3.us-west-2.amazonaws.com/VGISS_0005/SATURN/C4394XXX/C4394359_RAW.IMG	823296	37d9511a6e2a4040c3939066985e276d	2025-05-06T23:56:57.000Z	https://asc-pds-voyager.s3.us-west-2.amazonaws.com/VGISS_0005/SATURN/C4394XXX/C4394359_RAW.LBL	3724	761fb51aa98db6a91fab113e6f2b767f	SATURN	GREEN	5	1.920	BOTSIM	1981-08-24T02:05:35	1702S2-003
43944.06	C4394406	SATURN/C4394XXX/C4394406_RAW	https://asc-pds-voyager.s3.us-west-2.amazonaws.com/VGISS_0005/SATURN/C4394XXX/C4394406_RAW.IMG	823296	071a9e0d1a3f09fa01aa02e98af28bf9	2025-05-06T23:56:57.000Z	https://asc-pds-voyager.s3.us-west-2.amazonaws.com/VGISS_0005/SATURN/C4394XXX/C4394406_RAW.LBL	3724	cdf5a2e2e0990f7e0ce10e15a4211f54	SATURN	GREEN	5	1.920	BOTSIM	1981-08-24T02:11:11	1709S2-003
43944.13	C4394413	SATURN/C4394XXX/C4394413_RAW	https://asc-pds-voyager.s3.us-west-2.amazonaws.com/VGISS_0005/SATURN/C4394XXX/C4394413_RAW.IMG	823296	d075d32159aadc617369d463883eac38	2025-05-06T23:56:57.000Z	https://asc-pds-voyager.s3.us-west-2.amazonaws.com/VGISS_0005/SATURN/C4394XXX/C4394413_RAW.LBL	3724	ec1e0595ccb22a74c7ae15abf9500d7b	SATURN	GREEN	5	1.920	BOTSIM	1981-08-24T02:16:47	1716S2-003
43945.11	C4394511	SATURN/C4394XXX/C4394511_RAW	https://asc-pds-voyager.s3.us-west-2.amazonaws.com/VGISS_0005/SATURN/C4394XXX/C4394511_RAW.IMG	823296	dc233ba12ac199cff0dd138bbdcce35d	2025-05-06T23:56:57.000Z	https://asc-pds-voyager.s3.us-west-2.amazonaws.com/VGISS_0005/SATURN/C4394XXX/C4394511_RAW.LBL	3711	05a2f0072358feb3d88d5413700473c2	SATURN	GREEN	5	1.920	BOTSIM	1981-08-24T03:03:11	1774S2-003
43945.18	C4394518	SATURN/C4394XXX/C4394518_RAW	https://asc-pds-voyager.s3.us-west-2.amazonaws.com/VGISS_0005/SATURN/C4394XXX/C4394518_RAW.IMG	823296	7461f8f22612127e2c9c8d53c1b638e1	2025-05-06T23:56:57.000Z	https://asc-pds-voyager.s3.us-west-2.amazonaws.com/VGISS_0005/SATURN/C4394XXX/C4394518_RAW.LBL	3711	8d9936df6b23ec5c75e90c8495a333d1	SATURN	GREEN	5	1.920	BOTSIM	1981-08-24T03:08:47	1781S2-003
43945.25	C4394525	SATURN/C4394XXX/C4394525_RAW	https://asc-pds-voyager.s3.us-west-2.amazonaws.com/VGISS_0005/SATURN/C4394XXX/C4394525_RAW.IMG	823296	ef6470835dd9c41a0da8edfaa761d00d	2025-05-06T23:56:57.000Z	https://asc-pds-voyager.s3.us-west-2.amazonaws.com/VGISS_0005/SATURN/C4394XXX/C4394525_RAW.LBL	3711	1d8e633db7de2bf50ab9abe38da601d6	SATURN	GREEN	5	1.920	BOTSIM	1981-08-24T03:14:23	1788S2-003
43945.32	C4394532	SATURN/C4394XXX/C4394532_RAW	https://asc-pds-voyager.s3.us-west-2.amazonaws.com/VGISS_0005/SATURN/C4394XXX/C4394532_RAW.IMG	823296	fb22422b1ad767107292a88ba79cbf0c	2025-05-06T23:56:57.000Z	https://asc-pds-voyager.s3.us-west-2.amazonaws.com/VGISS_0005/SATURN/C4394XXX/C4394532_RAW.LBL	3711	ca5d9ab49fcf3e513a8baba0e48d6fb0	SATURN	GREEN	5	1.920	BOTSIM	1981-08-24T03:19:59	1795S2-003
43946.35	C4394635	SATURN/C4394XXX/C4394635_RAW	https://asc-pds-voyager.s3.us-west-2.amazonaws.com/VGISS_0005/SATURN/C4394XXX/C4394635_RAW.IMG	823296	7c40cf6ec757f1d655746245158a2460	2025-05-06T23:56:57.000Z	https://asc-pds-voyager.s3.us-west-2.amazonaws.com/VGISS_0005/SATURN/C4394XXX/C4394635_RAW.LBL	3724	baa77fa3e5e489cca16e7d626951853f	SATURN	GREEN	5	1.920	BOTSIM	1981-08-24T04:10:23	0058S2-002
43946.42	C4394642	SATURN/C4394XXX/C4394642_RAW	https://asc-pds-voyager.s3.us-west-2.amazonaws.com/VGISS_0005/SATURN/C4394XXX/C4394642_RAW.IMG	823296	719b2fe96985e58f9b526befdfcb0221	2025-05-06T23:56:57.000Z	https://asc-pds-voyager.s3.us-west-2.amazonaws.com/VGISS_0005/SATURN/C4394XXX/C4394642_RAW.LBL	3724	5ea103b4c03d381f40dbbb8d2174ed40	SATURN	GREEN	5	1.920	BOTSIM	1981-08-24T04:15:59	0065S2-002
43946.49	C4394649	SATURN/C4394XXX/C4394649_RAW	https://asc-pds-voyager.s3.us-west-2.amazonaws.com/VGISS_0005/SATURN/C4394XXX/C4394649_RAW.IMG	823296	c55c102ee6db6d0afb35040f0755c6e7	2025-05-06T23:56:57.000Z	https://asc-pds-voyager.s3.us-west-2.amazonaws.com/VGISS_0005/SATURN/C4394XXX/C4394649_RAW.LBL	3724	e14c248d336cf8f7caef975d5d170587	SATURN	GREEN	5	1.920	BOTSIM	1981-08-24T04:21:35	0072S2-002
43946.56	C4394656	SATURN/C4394XXX/C4394656_RAW	https://asc-pds-voyager.s3.us-west-2.amazonaws.com/VGISS_0005/SATURN/C4394XXX/C4394656_RAW.IMG	823296	017c0e9c97609be6f8e0d661915eaf5c	2025-05-06T23:56:57.000Z	https://asc-pds-voyager.s3.us-west-2.amazonaws.com/VGISS_0005/SATURN/C4394XXX/C4394656_RAW.LBL	3724	5b80e30ecb0cdc8fd941beb07e5f2f21	SATURN	GREEN	5	1.920	BOTSIM	1981-08-24T04:27:11	0079S2-002
43947.52	C4394752	SATURN/C4394XXX/C4394752_RAW	https://asc-pds-voyager.s3.us-west-2.amazonaws.com/VGISS_0005/SATURN/C4394XXX/C4394752_RAW.IMG	823296	052144d56eb9a752ad1050b67bed9e90	2025-05-06T23:56:57.000Z	https://asc-pds-voyager.s3.us-west-2.amazonaws.com/VGISS_0005/SATURN/C4394XXX/C4394752_RAW.LBL	3724	be7dc9ba1dba49da18fc03558b4de487	SATURN	GREEN	5	1.920	BOTSIM	1981-08-24T05:11:59	0135S2-002
43947.59	C4394759	SATURN/C4394XXX/C4394759_RAW	https://asc-pds-voyager.s3.us-west-2.amazonaws.com/VGISS_0005/SATURN/C4394XXX/C4394759_RAW.IMG	823296	f2914fa962eec9d9555fabaff60cf014	2025-05-06T23:56:57.000Z	https://asc-pds-voyager.s3.us-west-2.amazonaws.com/VGISS_0005/SATURN/C4394XXX/C4394759_RAW.LBL	3724	974e67bd8c344d52d137e786f1f97825	SATURN	GREEN	5	1.920	BOTSIM	1981-08-24T05:17:35	0142S2-002
43948.06	C4394806	SATURN/C4394XXX/C4394806_RAW	https://asc-pds-voyager.s3.us-west-2.amazonaws.com/VGISS_0005/SATURN/C4394XXX/C4394806_RAW.IMG	823296	c09945ea27d584debb28b8534366ad1b	2025-05-06T23:56:57.000Z	https://asc-pds-voyager.s3.us-west-2.amazonaws.com/VGISS_0005/SATURN/C4394XXX/C4394806_RAW.LBL	3724	74c9c5c3747a94e98f4b8c37869a0851	SATURN	GREEN	5	1.920	BOTSIM	1981-08-24T05:23:11	0149S2-002
43948.13	C4394813	SATURN/C4394XXX/C4394813_RAW	https://asc-pds-voyager.s3.us-west-2.amazonaws.com/VGISS_0005/SATURN/C4394XXX/C4394813_RAW.IMG	823296	94b211ee8535637e527ad0ee78012506	2025-05-06T23:56:57.000Z	https://asc-pds-voyager.s3.us-west-2.amazonaws.com/VGISS_0005/SATURN/C4394XXX/C4394813_RAW.LBL	3724	2a74b29be6c63b5ac9a545b32e0add29	SATURN	GREEN	5	1.920	BOTSIM	1981-08-24T05:28:47	0156S2-002
43968.25	C4396825	S_RINGS/C4396XXX/C4396825_RAW	https://asc-pds-voyager.s3.us-west-2.amazonaws.com/VGISS_0005/S_RINGS/C4396XXX/C4396825_RAW.IMG	823296	27c0d1d9a3f86597953facb15ff02238	2025-05-06T23:56:55.000Z	https://asc-pds-voyager.s3.us-west-2.amazonaws.com/VGISS_0005/S_RINGS/C4396XXX/C4396825_RAW.LBL	3732	fe0432298bae55f93ec285ace8f75857	S RINGS	CLEAR	0	1.440	NAONLY	1981-08-24T21:38:23	1368S2-002
43968.29	C4396829	S_RINGS/C4396XXX/C4396829_RAW	https://asc-pds-voyager.s3.us-west-2.amazonaws.com/VGISS_0005/S_RINGS/C4396XXX/C4396829_RAW.IMG	823296	81a83fd423f8f77cb31f4309996423fe	2025-05-06T23:56:55.000Z	https://asc-pds-voyager.s3.us-west-2.amazonaws.com/VGISS_0005/S_RINGS/C4396XXX/C4396829_RAW.LBL	3697	a2c58ddbf596c420725cd17286592177	S RINGS	CLEAR	0	0.960	NAONLY	1981-08-24T21:41:35	1372S2-002
43968.33	C4396833	S_RINGS/C4396XXX/C4396833_RAW	https://asc-pds-voyager.s3.us-west-2.amazonaws.com/VGISS_0005/S_RINGS/C4396XXX/C4396833_RAW.IMG	823296	2df8062574a44326fe813b226c2f53f7	2025-05-06T23:56:55.000Z	https://asc-pds-voyager.s3.us-west-2.amazonaws.com/VGISS_0005/S_RINGS/C4396XXX/C4396833_RAW.LBL	3697	635fd8dceaaca9b05d609865b2222e36	S RINGS	CLEAR	0	0.960	NAONLY	1981-08-24T21:44:47	1376S2-002
43968.37	C4396837	S_RINGS/C4396XXX/C4396837_RAW	https://asc-pds-voyager.s3.us-west-2.amazonaws.com/VGISS_0005/S_RINGS/C4396XXX/C4396837_RAW.IMG	823296	3191e3d3c8224d23ba3fac7e8f59c508	2025-05-06T23:56:55.000Z	https://asc-pds-voyager.s3.us-west-2.amazonaws.com/VGISS_0005/S_RINGS/C4396XXX/C4396837_RAW.LBL	3697	b2d706bbe552eaf924e173f03885819c	S RINGS	CLEAR	0	0.960	NAONLY	1981-08-24T21:47:59	1380S2-002
43968.41	C4396841	S_RINGS/C4396XXX/C4396841_RAW	https://asc-pds-voyager.s3.us-west-2.amazonaws.com/VGISS_0005/S_RINGS/C4396XXX/C4396841_RAW.IMG	823296	146e9347f054554f119ee4ac7c09b790	2025-05-06T23:56:55.000Z	https://asc-pds-voyager.s3.us-west-2.amazonaws.com/VGISS_0005/S_RINGS/C4396XXX/C4396841_RAW.LBL	3697	b48a7580292837c872404209feab32da	S RINGS	CLEAR	0	0.960	NAONLY	1981-08-24T21:51:11	1384S2-002
43968.45	C4396845	SATURN/C4396XXX/C4396845_RAW	https://asc-pds-voyager.s3.us-west-2.amazonaws.com/VGISS_0005/SATURN/C4396XXX/C4396845_RAW.IMG	823296	a4a79feb814b447d967645a06ac02159	2025-05-06T23:56:57.000Z	https://asc-pds-voyager.s3.us-west-2.amazonaws.com/VGISS_0005/SATURN/C4396XXX/C4396845_RAW.LBL	3697	492bbe7cead88eac2d8823008c6410cc	S RINGS	CLEAR	0	0.960	NAONLY	1981-08-24T21:54:23	1388S2-002
43970.12	C4397012	S_RINGS/C4397XXX/C4397012_RAW	https://asc-pds-voyager.s3.us-west-2.amazonaws.com/VGISS_0005/S_RINGS/C4397XXX/C4397012_RAW.IMG	823296	48611f44c3b4cbdd3dc5492e34d2f785	2025-05-06T23:56:55.000Z	https://asc-pds-voyager.s3.us-west-2.amazonaws.com/VGISS_0005/S_RINGS/C4397XXX/C4397012_RAW.LBL	3697	548b95547d9dc60d846dd9de6acc18a4	S RINGS	CLEAR	0	0.960	NAONLY	1981-08-24T23:03:59	1475S2-002
43970.16	C4397016	S_RINGS/C4397XXX/C4397016_RAW	https://asc-pds-voyager.s3.us-west-2.amazonaws.com/VGISS_0005/S_RINGS/C4397XXX/C4397016_RAW.IMG	823296	41b7c72fd73aff000f5ee452192405d8	2025-05-06T23:56:55.000Z	https://asc-pds-voyager.s3.us-west-2.amazonaws.com/VGISS_0005/S_RINGS/C4397XXX/C4397016_RAW.LBL	3697	6fcdd3cf03500f9a473f29fef2361688	S RINGS	CLEAR	0	0.960	NAONLY	1981-08-24T23:07:11	1479S2-002
43970.20	C4397020	S_RINGS/C4397XXX/C4397020_RAW	https://asc-pds-voyager.s3.us-west-2.amazonaws.com/VGISS_0005/S_RINGS/C4397XXX/C4397020_RAW.IMG	823296	6c5540ab9f19003f34e33a78d8484148	2025-05-06T23:56:55.000Z	https://asc-pds-voyager.s3.us-west-2.amazonaws.com/VGISS_0005/S_RINGS/C4397XXX/C4397020_RAW.LBL	3697	de850760e1a8acdf847dd5795154a01f	S RINGS	CLEAR	0	0.960	NAONLY	1981-08-24T23:10:23	1483S2-002
43970.24	C4397024	S_RINGS/C4397XXX/C4397024_RAW	https://asc-pds-voyager.s3.us-west-2.amazonaws.com/VGISS_0005/S_RINGS/C4397XXX/C4397024_RAW.IMG	823296	e8de2357ed7558e3f8a6570ae3eb7bcc	2025-05-06T23:56:55.000Z	https://asc-pds-voyager.s3.us-west-2.amazonaws.com/VGISS_0005/S_RINGS/C4397XXX/C4397024_RAW.LBL	3697	28070b0d585f018f362fb54534dcce6e	S RINGS	CLEAR	0	0.960	NAONLY	1981-08-24T23:13:35	1487S2-002
43970.28	C4397028	S_RINGS/C4397XXX/C4397028_RAW	https://asc-pds-voyager.s3.us-west-2.amazonaws.com/VGISS_0005/S_RINGS/C4397XXX/C4397028_RAW.IMG	823296	84f184b84b0680c4382a99bb94e78371	2025-05-06T23:56:55.000Z	https://asc-pds-voyager.s3.us-west-2.amazonaws.com/VGISS_0005/S_RINGS/C4397XXX/C4397028_RAW.LBL	3697	fc3145c52e455353b20a2c001ef8d626	S RINGS	CLEAR	0	0.960	NAONLY	1981-08-24T23:16:47	1491S2-002
43970.32	C4397032	S_RINGS/C4397XXX/C4397032_RAW	https://asc-pds-voyager.s3.us-west-2.amazonaws.com/VGISS_0005/S_RINGS/C4397XXX/C4397032_RAW.IMG	823296	30ee2a28e6e9261087038bf15da6f234	2025-05-06T23:56:55.000Z	https://asc-pds-voyager.s3.us-west-2.amazonaws.com/VGISS_0005/S_RINGS/C4397XXX/C4397032_RAW.LBL	3697	bb88e58a9af32384743e3ef7ad29b853	S RINGS	CLEAR	0	0.960	NAONLY	1981-08-24T23:19:59	1495S2-002
43978.01	C4397801	S_RINGS/C4397XXX/C4397801_RAW	https://asc-pds-voyager.s3.us-west-2.amazonaws.com/VGISS_0005/S_RINGS/C4397XXX/C4397801_RAW.IMG	823296	546baa45688060b3cb70e1b8aab4a524	2025-05-06T23:56:55.000Z	https://asc-pds-voyager.s3.us-west-2.amazonaws.com/VGISS_0005/S_RINGS/C4397XXX/C4397801_RAW.LBL	3710	318188710e88758550dfe171ce4757ff	S RINGS	CLEAR	0	0.960	NAONLY	1981-08-25T05:19:11	0144S2-001
43978.05	C4397805	S_RINGS/C4397XXX/C4397805_RAW	https://asc-pds-voyager.s3.us-west-2.amazonaws.com/VGISS_0005/S_RINGS/C4397XXX/C4397805_RAW.IMG	823296	df88764546f02ae78b7032887cd1986c	2025-05-06T23:56:55.000Z	https://asc-pds-voyager.s3.us-west-2.amazonaws.com/VGISS_0005/S_RINGS/C4397XXX/C4397805_RAW.LBL	3710	20e2b7b29ca2f9303e1fe68a267c8f6a	S RINGS	CLEAR	0	0.960	NAONLY	1981-08-25T05:22:23	0148S2-001
43978.09	C4397809	S_RINGS/C4397XXX/C4397809_RAW	https://asc-pds-voyager.s3.us-west-2.amazonaws.com/VGISS_0005/S_RINGS/C4397XXX/C4397809_RAW.IMG	823296	38845623f1ded96855a9bd71e1aed935	2025-05-06T23:56:55.000Z	https://asc-pds-voyager.s3.us-west-2.amazonaws.com/VGISS_0005/S_RINGS/C4397XXX/C4397809_RAW.LBL	3710	a85c0ebaed3791c40d84c3e7f753ed79	S RINGS	CLEAR	0	0.960	NAONLY	1981-08-25T05:25:35	0152S2-001
43978.13	C4397813	S_RINGS/C4397XXX/C4397813_RAW	https://asc-pds-voyager.s3.us-west-2.amazonaws.com/VGISS_0005/S_RINGS/C4397XXX/C4397813_RAW.IMG	823296	517142caf5b6779ec951aa2882f6f721	2025-05-06T23:56:55.000Z	https://asc-pds-voyager.s3.us-west-2.amazonaws.com/VGISS_0005/S_RINGS/C4397XXX/C4397813_RAW.LBL	3710	e9de92f1d422eeb7c184e71ba8c29042	S RINGS	CLEAR	0	0.960	NAONLY	1981-08-25T05:28:47	0156S2-001
43978.17	C4397817	S_RINGS/C4397XXX/C4397817_RAW	https://asc-pds-voyager.s3.us-west-2.amazonaws.com/VGISS_0005/S_RINGS/C4397XXX/C4397817_RAW.IMG	823296	09fc837f63bc6bdcdb7bdd065559f239	2025-05-06T23:56:55.000Z	https://asc-pds-voyager.s3.us-west-2.amazonaws.com/VGISS_0005/S_RINGS/C4397XXX/C4397817_RAW.LBL	3710	8a2a5af20d9f5cd2dc56f1af93363f93	S RINGS	CLEAR	0	0.960	NAONLY	1981-08-25T05:31:59	0160S2-001
43978.21	C4397821	S_RINGS/C4397XXX/C4397821_RAW	https://asc-pds-voyager.s3.us-west-2.amazonaws.com/VGISS_0005/S_RINGS/C4397XXX/C4397821_RAW.IMG	823296	6db473e157601e378befbb8d2837cef7	2025-05-06T23:56:55.000Z	https://asc-pds-voyager.s3.us-west-2.amazonaws.com/VGISS_0005/S_RINGS/C4397XXX/C4397821_RAW.LBL	3710	e3e9bfa578cf14b6645eac4f893534ea	S RINGS	CLEAR	0	0.960	NAONLY	1981-08-25T05:35:11	0164S2-001
43989.26	C4398926	S_RINGS/C4398XXX/C4398926_RAW	https://asc-pds-voyager.s3.us-west-2.amazonaws.com/VGISS_0005/S_RINGS/C4398XXX/C4398926_RAW.IMG	823296	f0e177c3e9df3669fd049a16868abb82	2025-05-06T23:56:55.000Z	https://asc-pds-voyager.s3.us-west-2.amazonaws.com/VGISS_0005/S_RINGS/C4398XXX/C4398926_RAW.LBL	3733	c5ad1a1e5fd43781107f99c6b0bcd558	S RINGS	CLEAR	0	0.960	NAONLY	1981-08-25T14:27:11	0829S2-001
43989.30	C4398930	SATURN/C4398XXX/C4398930_RAW	https://asc-pds-voyager.s3.us-west-2.amazonaws.com/VGISS_0005/SATURN/C4398XXX/C4398930_RAW.IMG	823296	b6797feef44c9b1e2fe64d765b95950f	2025-05-06T23:56:56.000Z	https://asc-pds-voyager.s3.us-west-2.amazonaws.com/VGISS_0005/SATURN/C4398XXX/C4398930_RAW.LBL	3733	826761262499189714c1e918cd0cd0da	S RINGS	CLEAR	0	0.960	NAONLY	1981-08-25T14:30:23	0833S2-001
43989.34	C4398934	SATURN/C4398XXX/C4398934_RAW	https://asc-pds-voyager.s3.us-west-2.amazonaws.com/VGISS_0005/SATURN/C4398XXX/C4398934_RAW.IMG	823296	2b0c5f5415e278f5d8991b69608bab34	2025-05-06T23:56:57.000Z	https://asc-pds-voyager.s3.us-west-2.amazonaws.com/VGISS_0005/SATURN/C4398XXX/C4398934_RAW.LBL	3733	9f7fad1918b23176222679c55855a668	S RINGS	CLEAR	0	0.960	NAONLY	1981-08-25T14:33:35	0837S2-001
43989.38	C4398938	S_RINGS/C4398XXX/C4398938_RAW	https://asc-pds-voyager.s3.us-west-2.amazonaws.com/VGISS_0005/S_RINGS/C4398XXX/C4398938_RAW.IMG	823296	088855af5db7e0123ba482063e11cd10	2025-05-06T23:56:55.000Z	https://asc-pds-voyager.s3.us-west-2.amazonaws.com/VGISS_0005/S_RINGS/C4398XXX/C4398938_RAW.LBL	3733	a175143cc511e25eb14b681dbb8128a7	S RINGS	CLEAR	0	0.960	NAONLY	1981-08-25T14:36:47	0841S2-001
43989.42	C4398942	S_RINGS/C4398XXX/C4398942_RAW	https://asc-pds-voyager.s3.us-west-2.amazonaws.com/VGISS_0005/S_RINGS/C4398XXX/C4398942_RAW.IMG	823296	338881f925ae40d651fd0cccc03b27ad	2025-05-06T23:56:55.000Z	https://asc-pds-voyager.s3.us-west-2.amazonaws.com/VGISS_0005/S_RINGS/C4398XXX/C4398942_RAW.LBL	3733	bfa55566f99109711a669abc054de000	S RINGS	CLEAR	0	0.960	NAONLY	1981-08-25T14:39:59	0845S2-001
43989.46	C4398946	S_RINGS/C4398XXX/C4398946_RAW	https://asc-pds-voyager.s3.us-west-2.amazonaws.com/VGISS_0005/S_RINGS/C4398XXX/C4398946_RAW.IMG	823296	922a44c0b4428989f74509b47669e3f7	2025-05-06T23:56:55.000Z	https://asc-pds-voyager.s3.us-west-2.amazonaws.com/VGISS_0005/S_RINGS/C4398XXX/C4398946_RAW.LBL	3733	3c340250385760d332437d41b036c860	S RINGS	CLEAR	0	0.960	NAONLY	1981-08-25T14:43:11	0849S2-001
43989.50	C4398950	S_RINGS/C4398XXX/C4398950_RAW	https://asc-pds-voyager.s3.us-west-2.amazonaws.com/VGISS_0005/S_RINGS/C4398XXX/C4398950_RAW.IMG	823296	d479d16eaf181c2909b631e911452b3a	2025-05-06T23:56:55.000Z	https://asc-pds-voyager.s3.us-west-2.amazonaws.com/VGISS_0005/S_RINGS/C4398XXX/C4398950_RAW.LBL	3733	b7f8d4d1535e002c6b011a7f27280fef	S RINGS	CLEAR	0	0.960	NAONLY	1981-08-25T14:46:23	0853S2-001
43989.54	C4398954	S_RINGS/C4398XXX/C4398954_RAW	https://asc-pds-voyager.s3.us-west-2.amazonaws.com/VGISS_0005/S_RINGS/C4398XXX/C4398954_RAW.IMG	823296	857280e80efb17794e8d08da9aaeb32d	2025-05-06T23:56:55.000Z	https://asc-pds-voyager.s3.us-west-2.amazonaws.com/VGISS_0005/S_RINGS/C4398XXX/C4398954_RAW.LBL	3733	35ef05388b9619f1e6b8fb6098ae568d	S RINGS	CLEAR	0	0.960	NAONLY	1981-08-25T14:49:35	0857S2-001
43989.58	C4398958	S_RINGS/C4398XXX/C4398958_RAW	https://asc-pds-voyager.s3.us-west-2.amazonaws.com/VGISS_0005/S_RINGS/C4398XXX/C4398958_RAW.IMG	823296	8728e36a2d0b47f8b4e8f793a107ef41	2025-05-06T23:56:55.000Z	https://asc-pds-voyager.s3.us-west-2.amazonaws.com/VGISS_0005/S_RINGS/C4398XXX/C4398958_RAW.LBL	3733	561f1262998989d53ac65eca0625a1dd	S RINGS	CLEAR	0	0.960	NAONLY	1981-08-25T14:52:47	0861S2-001
43990.02	C4399002	S_RINGS/C4399XXX/C4399002_RAW	https://asc-pds-voyager.s3.us-west-2.amazonaws.com/VGISS_0005/S_RINGS/C4399XXX/C4399002_RAW.IMG	823296	2d84b65044fbbb8dfa324729360f0369	2025-05-06T23:56:55.000Z	https://asc-pds-voyager.s3.us-west-2.amazonaws.com/VGISS_0005/S_RINGS/C4399XXX/C4399002_RAW.LBL	3733	679a0ff5fc0f94232b3afccba05c05c0	S RINGS	CLEAR	0	0.960	NAONLY	1981-08-25T14:55:59	0865S2-001
43990.06	C4399006	S_RINGS/C4399XXX/C4399006_RAW	https://asc-pds-voyager.s3.us-west-2.amazonaws.com/VGISS_0005/S_RINGS/C4399XXX/C4399006_RAW.IMG	823296	66b175517612eede34bacee86afac452	2025-05-06T23:56:55.000Z	https://asc-pds-voyager.s3.us-west-2.amazonaws.com/VGISS_0005/S_RINGS/C4399XXX/C4399006_RAW.LBL	3733	579ae94262b5adf5457b45e19fe3fe41	S RINGS	CLEAR	0	0.960	NAONLY	1981-08-25T14:59:11	0869S2-001
43990.10	C4399010	S_RINGS/C4399XXX/C4399010_RAW	https://asc-pds-voyager.s3.us-west-2.amazonaws.com/VGISS_0005/S_RINGS/C4399XXX/C4399010_RAW.IMG	823296	675092403b8055c454c96512e1a1f7ce	2025-05-06T23:56:55.000Z	https://asc-pds-voyager.s3.us-west-2.amazonaws.com/VGISS_0005/S_RINGS/C4399XXX/C4399010_RAW.LBL	3733	376a451aecd20bcad04c2850652a8d16	S RINGS	CLEAR	0	0.960	NAONLY	1981-08-25T15:02:23	0873S2-001
43990.14	C4399014	S_RINGS/C4399XXX/C4399014_RAW	https://asc-pds-voyager.s3.us-west-2.amazonaws.com/VGISS_0005/S_RINGS/C4399XXX/C4399014_RAW.IMG	823296	3e83a8584c662a5a3d8ce5bb79d1ca6b	2025-05-06T23:56:55.000Z	https://asc-pds-voyager.s3.us-west-2.amazonaws.com/VGISS_0005/S_RINGS/C4399XXX/C4399014_RAW.LBL	3733	1ff56bf83e9fc364627dda606f4503dd	S RINGS	CLEAR	0	0.960	NAONLY	1981-08-25T15:05:35	0877S2-001
43990.18	C4399018	S_RINGS/C4399XXX/C4399018_RAW	https://asc-pds-voyager.s3.us-west-2.amazonaws.com/VGISS_0005/S_RINGS/C4399XXX/C4399018_RAW.IMG	823296	2a14833af9cece0c85a372551def920e	2025-05-06T23:56:55.000Z	https://asc-pds-voyager.s3.us-west-2.amazonaws.com/VGISS_0005/S_RINGS/C4399XXX/C4399018_RAW.LBL	3733	17ae101b8e988c1048aabbd6484318b5	S RINGS	CLEAR	0	0.960	NAONLY	1981-08-25T15:08:47	0881S2-001
43990.22	C4399022	S_RINGS/C4399XXX/C4399022_RAW	https://asc-pds-voyager.s3.us-west-2.amazonaws.com/VGISS_0005/S_RINGS/C4399XXX/C4399022_RAW.IMG	823296	4c42c59bec5c4e42bf60fc7b3fecb73b	2025-05-06T23:56:55.000Z	https://asc-pds-voyager.s3.us-west-2.amazonaws.com/VGISS_0005/S_RINGS/C4399XXX/C4399022_RAW.LBL	3733	181c56d76851ddc10df0669b7560aa81	S RINGS	CLEAR	0	0.960	BOTSIM	1981-08-25T15:11:59	0885S2-001
43992.59	C4399259	S_RINGS/C4399XXX/C4399259_RAW	https://asc-pds-voyager.s3.us-west-2.amazonaws.com/VGISS_0005/S_RINGS/C4399XXX/C4399259_RAW.IMG	823296	61f75cdf9a621bf038163c123e677630	2025-05-06T23:56:55.000Z	https://asc-pds-voyager.s3.us-west-2.amazonaws.com/VGISS_0005/S_RINGS/C4399XXX/C4399259_RAW.LBL	3701	65663f744d7668d78f26f9f635826c7b	S RINGS	CLEAR	0	0.960	BOTSIM	1981-08-25T17:17:35	1042S2-001
43993.06	C4399306	S_RINGS/C4399XXX/C4399306_RAW	https://asc-pds-voyager.s3.us-west-2.amazonaws.com/VGISS_0005/S_RINGS/C4399XXX/C4399306_RAW.IMG	823296	b7f0046c5efd5331819a1f16dc376cab	2025-05-06T23:56:55.000Z	https://asc-pds-voyager.s3.us-west-2.amazonaws.com/VGISS_0005/S_RINGS/C4399XXX/C4399306_RAW.LBL	3701	15b4263e10709ca1753163664aea96be	S RINGS	CLEAR	0	0.960	BOTSIM	1981-08-25T17:23:11	1049S2-001
43993.36	C4399336	S_RINGS/C4399XXX/C4399336_RAW	https://asc-pds-voyager.s3.us-west-2.amazonaws.com/VGISS_0005/S_RINGS/C4399XXX/C4399336_RAW.IMG	823296	683ad316a1f1115fa2e1e8adf81c1963	2025-05-06T23:56:55.000Z	https://asc-pds-voyager.s3.us-west-2.amazonaws.com/VGISS_0005/S_RINGS/C4399XXX/C4399336_RAW.LBL	3718	1b0ce653bfd47b260596736bda2596a6	S RINGS	CLEAR	0	0.720	BOTSIM	1981-08-25T17:47:11	1079S2-001
43993.42	C4399342	S_RINGS/C4399XXX/C4399342_RAW	https://asc-pds-voyager.s3.us-west-2.amazonaws.com/VGISS_0005/S_RINGS/C4399XXX/C4399342_RAW.IMG	823296	9a262196fab37bc04be894c45c6c13c2	2025-05-06T23:56:55.000Z	https://asc-pds-voyager.s3.us-west-2.amazonaws.com/VGISS_0005/S_RINGS/C4399XXX/C4399342_RAW.LBL	3718	4e94477b9b804691a848b48574511d7e	S RINGS	CLEAR	0	0.720	NAONLY	1981-08-25T17:51:59	1085S2-001
43993.46	C4399346	S_RINGS/C4399XXX/C4399346_RAW	https://asc-pds-voyager.s3.us-west-2.amazonaws.com/VGISS_0005/S_RINGS/C4399XXX/C4399346_RAW.IMG	823296	b3b3c110c5f212b7bc8ad97bd1336287	2025-05-06T23:56:55.000Z	https://asc-pds-voyager.s3.us-west-2.amazonaws.com/VGISS_0005/S_RINGS/C4399XXX/C4399346_RAW.LBL	3718	084ae5050ccafc094b8b60b53d7bdb95	S RINGS	CLEAR	0	0.720	NAONLY	1981-08-25T17:55:11	1089S2-001
43993.50	C4399350	S_RINGS/C4399XXX/C4399350_RAW	https://asc-pds-voyager.s3.us-west-2.amazonaws.com/VGISS_0005/S_RINGS/C4399XXX/C4399350_RAW.IMG	823296	8771ff99af63a6dbabf764940264fb4a	2025-05-06T23:56:55.000Z	https://asc-pds-voyager.s3.us-west-2.amazonaws.com/VGISS_0005/S_RINGS/C4399XXX/C4399350_RAW.LBL	3718	f526b567c202cc4848496bb581490be4	S RINGS	CLEAR	0	0.720	NAONLY	1981-08-25T17:58:23	1093S2-001
43993.54	C4399354	S_RINGS/C4399XXX/C4399354_RAW	https://asc-pds-voyager.s3.us-west-2.amazonaws.com/VGISS_0005/S_RINGS/C4399XXX/C4399354_RAW.IMG	823296	904a7ba7a97e90612bc10ad1de793215	2025-05-06T23:56:55.000Z	https://asc-pds-voyager.s3.us-west-2.amazonaws.com/VGISS_0005/S_RINGS/C4399XXX/C4399354_RAW.LBL	3718	5754847de6d2457f38750ae3f853b07f	S RINGS	CLEAR	0	0.720	NAONLY	1981-08-25T18:01:35	1097S2-001
43993.58	C4399358	S_RINGS/C4399XXX/C4399358_RAW	https://asc-pds-voyager.s3.us-west-2.amazonaws.com/VGISS_0005/S_RINGS/C4399XXX/C4399358_RAW.IMG	823296	0df25fb4fa7a97f93baa30f19a3fe72c	2025-05-06T23:56:55.000Z	https://asc-pds-voyager.s3.us-west-2.amazonaws.com/VGISS_0005/S_RINGS/C4399XXX/C4399358_RAW.LBL	3718	8fdacff74e00d7ba204f1a3c356b5eb4	S RINGS	CLEAR	0	0.720	NAONLY	1981-08-25T18:04:47	1101S2-001
43994.02	C4399402	S_RINGS/C4399XXX/C4399402_RAW	https://asc-pds-voyager.s3.us-west-2.amazonaws.com/VGISS_0005/S_RINGS/C4399XXX/C4399402_RAW.IMG	823296	9b296d20d9b6a5d85a520927d32e76b2	2025-05-06T23:56:55.000Z	https://asc-pds-voyager.s3.us-west-2.amazonaws.com/VGISS_0005/S_RINGS/C4399XXX/C4399402_RAW.LBL	3718	c164121876f1e7876a972cbf41df85df	S RINGS	CLEAR	0	0.720	NAONLY	1981-08-25T18:07:59	1105S2-001
43994.06	C4399406	S_RINGS/C4399XXX/C4399406_RAW	https://asc-pds-voyager.s3.us-west-2.amazonaws.com/VGISS_0005/S_RINGS/C4399XXX/C4399406_RAW.IMG	823296	3d4fb39476b2610ddf0a7b30c0c8f0bd	2025-05-06T23:56:55.000Z	https://asc-pds-voyager.s3.us-west-2.amazonaws.com/VGISS_0005/S_RINGS/C4399XXX/C4399406_RAW.LBL	3718	268b015f516012399b0073efb63cfe64	S RINGS	CLEAR	0	0.720	NAONLY	1981-08-25T18:11:11	1109S2-001
43994.10	C4399410	S_RINGS/C4399XXX/C4399410_RAW	https://asc-pds-voyager.s3.us-west-2.amazonaws.com/VGISS_0005/S_RINGS/C4399XXX/C4399410_RAW.IMG	823296	74cf828b792d2137b68614025e5e58e0	2025-05-06T23:56:55.000Z	https://asc-pds-voyager.s3.us-west-2.amazonaws.com/VGISS_0005/S_RINGS/C4399XXX/C4399410_RAW.LBL	3718	91fecdca62582b68d95e6ce67ae010b9	S RINGS	CLEAR	0	0.720	BOTSIM	1981-08-25T18:14:23	1113S2-001
43994.16	C4399416	S_RINGS/C4399XXX/C4399416_RAW	https://asc-pds-voyager.s3.us-west-2.amazonaws.com/VGISS_0005/S_RINGS/C4399XXX/C4399416_RAW.IMG	823296	76c71ade96de1495f37e35347bff05e8	2025-05-06T23:56:55.000Z	https://asc-pds-voyager.s3.us-west-2.amazonaws.com/VGISS_0005/S_RINGS/C4399XXX/C4399416_RAW.LBL	3718	3248b2404749ced9d3374ea5a80540ab	S RINGS	CLEAR	0	0.720	NAONLY	1981-08-25T18:19:11	1119S2-001
43994.20	C4399420	S_RINGS/C4399XXX/C4399420_RAW	https://asc-pds-voyager.s3.us-west-2.amazonaws.com/VGISS_0005/S_RINGS/C4399XXX/C4399420_RAW.IMG	823296	4cae4022b8a926957bfd568a56ab0056	2025-05-06T23:56:55.000Z	https://asc-pds-voyager.s3.us-west-2.amazonaws.com/VGISS_0005/S_RINGS/C4399XXX/C4399420_RAW.LBL	3718	844d13f9a806b979388fa75162a1800b	S RINGS	CLEAR	0	0.720	NAONLY	1981-08-25T18:22:23	1123S2-001
43994.24	C4399424	S_RINGS/C4399XXX/C4399424_RAW	https://asc-pds-voyager.s3.us-west-2.amazonaws.com/VGISS_0005/S_RINGS/C4399XXX/C4399424_RAW.IMG	823296	92da1f617de573a0ce382acb5908d784	2025-05-06T23:56:55.000Z	https://asc-pds-voyager.s3.us-west-2.amazonaws.com/VGISS_0005/S_RINGS/C4399XXX/C4399424_RAW.LBL	3718	79f13104150bed4df0116e78edda3d93	S RINGS	CLEAR	0	0.720	NAONLY	1981-08-25T18:25:35	1127S2-001
43994.28	C4399428	S_RINGS/C4399XXX/C4399428_RAW	https://asc-pds-voyager.s3.us-west-2.amazonaws.com/VGISS_0005/S_RINGS/C4399XXX/C4399428_RAW.IMG	823296	2b57f9dae9d0728ccc36d6d157814b82	2025-05-06T23:56:55.000Z	https://asc-pds-voyager.s3.us-west-2.amazonaws.com/VGISS_0005/S_RINGS/C4399XXX/C4399428_RAW.LBL	3718	34bbb40a0d43f5e2ca15d061472836c3	S RINGS	CLEAR	0	0.720	NAONLY	1981-08-25T18:28:47	1131S2-001
43994.32	C4399432	S_RINGS/C4399XXX/C4399432_RAW	https://asc-pds-voyager.s3.us-west-2.amazonaws.com/VGISS_0005/S_RINGS/C4399XXX/C4399432_RAW.IMG	823296	d32ca4dd8ddd072a279da1a809f1210e	2025-05-06T23:56:55.000Z	https://asc-pds-voyager.s3.us-west-2.amazonaws.com/VGISS_0005/S_RINGS/C4399XXX/C4399432_RAW.LBL	3718	ff8c99550892f5a2ac39e579d0772c6a	S RINGS	CLEAR	0	0.720	NAONLY	1981-08-25T18:31:59	1135S2-001
43994.36	C4399436	S_RINGS/C4399XXX/C4399436_RAW	https://asc-pds-voyager.s3.us-west-2.amazonaws.com/VGISS_0005/S_RINGS/C4399XXX/C4399436_RAW.IMG	823296	f62a1130aae0fec1a1ddfcb9722ffa74	2025-05-06T23:56:55.000Z	https://asc-pds-voyager.s3.us-west-2.amazonaws.com/VGISS_0005/S_RINGS/C4399XXX/C4399436_RAW.LBL	3718	1456579d5b0dac9e4b549f57b23009f0	S RINGS	CLEAR	0	0.720	NAONLY	1981-08-25T18:35:11	1139S2-001
43994.40	C4399440	S_RINGS/C4399XXX/C4399440_RAW	https://asc-pds-voyager.s3.us-west-2.amazonaws.com/VGISS_0005/S_RINGS/C4399XXX/C4399440_RAW.IMG	823296	ede72eb23152bfede51786a3bcb3a9c3	2025-05-06T23:56:55.000Z	https://asc-pds-voyager.s3.us-west-2.amazonaws.com/VGISS_0005/S_RINGS/C4399XXX/C4399440_RAW.LBL	3718	6bf7511d2a08f5310378327926be3f53	S RINGS	CLEAR	0	0.720	NAONLY	1981-08-25T18:38:23	1143S2-001
43994.44	C4399444	S_RINGS/C4399XXX/C4399444_RAW	https://asc-pds-voyager.s3.us-west-2.amazonaws.com/VGISS_0005/S_RINGS/C4399XXX/C4399444_RAW.IMG	823296	d09fb7045a3d8a8989086e59cd07397d	2025-05-06T23:56:55.000Z	https://asc-pds-voyager.s3.us-west-2.amazonaws.com/VGISS_0005/S_RINGS/C4399XXX/C4399444_RAW.LBL	3718	c453791502b0571736dc30fe3d5b9b48	S RINGS	CLEAR	0	0.720	BOTSIM	1981-08-25T18:41:35	1147S2-001
43994.50	C4399450	S_RINGS/C4399XXX/C4399450_RAW	https://asc-pds-voyager.s3.us-west-2.amazonaws.com/VGISS_0005/S_RINGS/C4399XXX/C4399450_RAW.IMG	823296	aeec0d701badf5fd9de67b326d761b16	2025-05-06T23:56:55.000Z	https://asc-pds-voyager.s3.us-west-2.amazonaws.com/VGISS_0005/S_RINGS/C4399XXX/C4399450_RAW.LBL	3718	d1813987d0bf28f211a2eb4f1926d436	S RINGS	CLEAR	0	0.720	NAONLY	1981-08-25T18:46:23	1153S2-001
43994.54	C4399454	S_RINGS/C4399XXX/C4399454_RAW	https://asc-pds-voyager.s3.us-west-2.amazonaws.com/VGISS_0005/S_RINGS/C4399XXX/C4399454_RAW.IMG	823296	44919cdc935044f8603710566ff90922	2025-05-06T23:56:55.000Z	https://asc-pds-voyager.s3.us-west-2.amazonaws.com/VGISS_0005/S_RINGS/C4399XXX/C4399454_RAW.LBL	3718	6a9bc87aa0d6e1e8321297c9e48cc497	S RINGS	CLEAR	0	0.720	NAONLY	1981-08-25T18:49:35	1157S2-001
43994.58	C4399458	S_RINGS/C4399XXX/C4399458_RAW	https://asc-pds-voyager.s3.us-west-2.amazonaws.com/VGISS_0005/S_RINGS/C4399XXX/C4399458_RAW.IMG	823296	f36719bef512e95bb30769446d507ce9	2025-05-06T23:56:55.000Z	https://asc-pds-voyager.s3.us-west-2.amazonaws.com/VGISS_0005/S_RINGS/C4399XXX/C4399458_RAW.LBL	3718	4f5224b9cb6ffacdf180bedd28d64764	S RINGS	CLEAR	0	0.720	NAONLY	1981-08-25T18:52:47	1161S2-001
43995.02	C4399502	S_RINGS/C4399XXX/C4399502_RAW	https://asc-pds-voyager.s3.us-west-2.amazonaws.com/VGISS_0005/S_RINGS/C4399XXX/C4399502_RAW.IMG	823296	68cfde7a4e8c2444ca9ad188e3bee9b7	2025-05-06T23:56:55.000Z	https://asc-pds-voyager.s3.us-west-2.amazonaws.com/VGISS_0005/S_RINGS/C4399XXX/C4399502_RAW.LBL	3718	db6d59510681bc7c4aaa0851b95b4052	S RINGS	CLEAR	0	0.720	NAONLY	1981-08-25T18:55:59	1165S2-001
43995.06	C4399506	S_RINGS/C4399XXX/C4399506_RAW	https://asc-pds-voyager.s3.us-west-2.amazonaws.com/VGISS_0005/S_RINGS/C4399XXX/C4399506_RAW.IMG	823296	19b7c728e450858e405f141a09348e6e	2025-05-06T23:56:55.000Z	https://asc-pds-voyager.s3.us-west-2.amazonaws.com/VGISS_0005/S_RINGS/C4399XXX/C4399506_RAW.LBL	3718	cc0fa236689db5e863dfd21786ffa161	S RINGS	CLEAR	0	0.720	NAONLY	1981-08-25T18:59:11	1169S2-001
43995.10	C4399510	S_RINGS/C4399XXX/C4399510_RAW	https://asc-pds-voyager.s3.us-west-2.amazonaws.com/VGISS_0005/S_RINGS/C4399XXX/C4399510_RAW.IMG	823296	72fc93ef367fcb319dfd74782a0c5343	2025-05-06T23:56:55.000Z	https://asc-pds-voyager.s3.us-west-2.amazonaws.com/VGISS_0005/S_RINGS/C4399XXX/C4399510_RAW.LBL	3749	3548726f898b618fa049e60d4d4d804c	S RINGS	CLEAR	0	0.720	NAONLY	1981-08-25T19:02:23	1173S2-001
43995.14	C4399514	SATURN/C4399XXX/C4399514_RAW	https://asc-pds-voyager.s3.us-west-2.amazonaws.com/VGISS_0005/SATURN/C4399XXX/C4399514_RAW.IMG	823296	c83b799acede1e88e8886bebfb21b709	2025-05-06T23:56:56.000Z	https://asc-pds-voyager.s3.us-west-2.amazonaws.com/VGISS_0005/SATURN/C4399XXX/C4399514_RAW.LBL	3752	35881724d751eba64606df6470fb2fa0	S RINGS	CLEAR	0	0.720	NAONLY	1981-08-25T19:05:35	1177S2-001
43995.18	C4399518	S_RINGS/C4399XXX/C4399518_RAW	https://asc-pds-voyager.s3.us-west-2.amazonaws.com/VGISS_0005/S_RINGS/C4399XXX/C4399518_RAW.IMG	823296	67463b3e2b11831c2cf4766630627e76	2025-05-06T23:56:55.000Z	https://asc-pds-voyager.s3.us-west-2.amazonaws.com/VGISS_0005/S_RINGS/C4399XXX/C4399518_RAW.LBL	3718	5dd3e39c68818868618795eb092f2e1c	S RINGS	CLEAR	0	0.720	BOTSIM	1981-08-25T19:08:47	1181S2-001
43995.24	C4399524	S_RINGS/C4399XXX/C4399524_RAW	https://asc-pds-voyager.s3.us-west-2.amazonaws.com/VGISS_0005/S_RINGS/C4399XXX/C4399524_RAW.IMG	823296	681558a8e3dd3018d11922278536b866	2025-05-06T23:56:55.000Z	https://asc-pds-voyager.s3.us-west-2.amazonaws.com/VGISS_0005/S_RINGS/C4399XXX/C4399524_RAW.LBL	3699	018f26543925407a8ec40af86fb290b2	S RINGS	CLEAR	0	0.960	NAONLY	1981-08-25T19:13:35	1187S2-001
43995.28	C4399528	S_RINGS/C4399XXX/C4399528_RAW	https://asc-pds-voyager.s3.us-west-2.amazonaws.com/VGISS_0005/S_RINGS/C4399XXX/C4399528_RAW.IMG	823296	d6a795de9edb69045d832d15aa07caa4	2025-05-06T23:56:55.000Z	https://asc-pds-voyager.s3.us-west-2.amazonaws.com/VGISS_0005/S_RINGS/C4399XXX/C4399528_RAW.LBL	3699	ad144835fe0a9b2d06c44488ddc7d179	S RINGS	CLEAR	0	0.960	NAONLY	1981-08-25T19:16:47	1191S2-001
43995.32	C4399532	S_RINGS/C4399XXX/C4399532_RAW	https://asc-pds-voyager.s3.us-west-2.amazonaws.com/VGISS_0005/S_RINGS/C4399XXX/C4399532_RAW.IMG	823296	63a752854b3364378760c4f226ec237e	2025-05-06T23:56:55.000Z	https://asc-pds-voyager.s3.us-west-2.amazonaws.com/VGISS_0005/S_RINGS/C4399XXX/C4399532_RAW.LBL	3699	3e0e6aa348d6e390d9e6a277a9181a49	S RINGS	CLEAR	0	0.960	NAONLY	1981-08-25T19:19:59	1195S2-001
43995.36	C4399536	S_RINGS/C4399XXX/C4399536_RAW	https://asc-pds-voyager.s3.us-west-2.amazonaws.com/VGISS_0005/S_RINGS/C4399XXX/C4399536_RAW.IMG	823296	82b2c4352aa3e5101dcf4ed18d085564	2025-05-06T23:56:55.000Z	https://asc-pds-voyager.s3.us-west-2.amazonaws.com/VGISS_0005/S_RINGS/C4399XXX/C4399536_RAW.LBL	3699	5e39327d839e99b3f058e5d8d9de6a4c	S RINGS	CLEAR	0	0.960	NAONLY	1981-08-25T19:23:11	1199S2-001
43995.40	C4399540	S_RINGS/C4399XXX/C4399540_RAW	https://asc-pds-voyager.s3.us-west-2.amazonaws.com/VGISS_0005/S_RINGS/C4399XXX/C4399540_RAW.IMG	823296	8d6b46e9ad1826fcb026c996a5db9480	2025-05-06T23:56:55.000Z	https://asc-pds-voyager.s3.us-west-2.amazonaws.com/VGISS_0005/S_RINGS/C4399XXX/C4399540_RAW.LBL	3699	ee941e3572494d9acc720078d8558ce0	S RINGS	CLEAR	0	0.960	BOTSIM	1981-08-25T19:26:23	1203S2-001
43998.15	C4399815	TELESTO/C4399815_RAW	https://asc-pds-voyager.s3.us-west-2.amazonaws.com/VGISS_0005/TELESTO/C4399815_RAW.IMG	823296	5b58a011b647f92d0f4bb08d4f2c6768	2025-05-06T23:56:55.000Z	https://asc-pds-voyager.s3.us-west-2.amazonaws.com/VGISS_0005/TELESTO/C4399815_RAW.LBL	3734	f2668b7cd0f43e6e9448bc40ff360049	S RINGS	CLEAR	0	0.360	BOTALT	1981-08-25T21:30:23	1358S2-001
43998.22	C4399822	S_RINGS/C4399XXX/C4399822_RAW	https://asc-pds-voyager.s3.us-west-2.amazonaws.com/VGISS_0005/S_RINGS/C4399XXX/C4399822_RAW.IMG	823296	ee496915edab022bcf1909ac35186c03	2025-05-06T23:56:55.000Z	https://asc-pds-voyager.s3.us-west-2.amazonaws.com/VGISS_0005/S_RINGS/C4399XXX/C4399822_RAW.LBL	3699	70b4789e21ae8819d06b6be60deefd3b	S RINGS	CLEAR	0	0.360	BOTSIM	1981-08-25T21:35:59	1365S2-001
43998.29	C4399829	CALYPSO/C4399829_RAW	https://asc-pds-voyager.s3.us-west-2.amazonaws.com/VGISS_0005/CALYPSO/C4399829_RAW.IMG	823296	6dcb12695e76d6682f84d6f82652f444	2025-05-06T23:56:58.000Z	https://asc-pds-voyager.s3.us-west-2.amazonaws.com/VGISS_0005/CALYPSO/C4399829_RAW.LBL	3737	1a72884086c67f2cc939968f0758e60d	S RINGS	CLEAR	0	0.360	BOTSIM	1981-08-25T21:41:35	1372S2-001
43999.19	C4399919	S_RINGS/C4399XXX/C4399919_RAW	https://asc-pds-voyager.s3.us-west-2.amazonaws.com/VGISS_0005/S_RINGS/C4399XXX/C4399919_RAW.IMG	823296	7f1fc8e4fa4563adfe92a5c10eb612b4	2025-05-06T23:56:55.000Z	https://asc-pds-voyager.s3.us-west-2.amazonaws.com/VGISS_0005/S_RINGS/C4399XXX/C4399919_RAW.LBL	3698	9f914eff27569d3e1f56b8d05eedf689	S RINGS	CLEAR	0	0.720	BOTSIM	1981-08-25T22:21:35	1422S2-001
43999.25	C4399925	S_RINGS/C4399XXX/C4399925_RAW	https://asc-pds-voyager.s3.us-west-2.amazonaws.com/VGISS_0005/S_RINGS/C4399XXX/C4399925_RAW.IMG	823296	0067e1d498788f33eb022046f101ffcc	2025-05-06T23:56:55.000Z	https://asc-pds-voyager.s3.us-west-2.amazonaws.com/VGISS_0005/S_RINGS/C4399XXX/C4399925_RAW.LBL	3698	70847f54a78d7969a0dff2c3a902e0e6	S RINGS	CLEAR	0	0.720	BOTALT	1981-08-25T22:26:23	1428S2-001
43999.31	C4399931	S_RINGS/C4399XXX/C4399931_RAW	https://asc-pds-voyager.s3.us-west-2.amazonaws.com/VGISS_0005/S_RINGS/C4399XXX/C4399931_RAW.IMG	823296	a8e236f1db740d684527d078745cf848	2025-05-06T23:56:55.000Z	https://asc-pds-voyager.s3.us-west-2.amazonaws.com/VGISS_0005/S_RINGS/C4399XXX/C4399931_RAW.LBL	3698	14487acc8577400c2336ed17002124fc	S RINGS	CLEAR	0	0.720	BOTALT	1981-08-25T22:31:11	1434S2-001
43999.37	C4399937	S_RINGS/C4399XXX/C4399937_RAW	https://asc-pds-voyager.s3.us-west-2.amazonaws.com/VGISS_0005/S_RINGS/C4399XXX/C4399937_RAW.IMG	823296	da66767510c406ad563f10d622c41dab	2025-05-06T23:56:55.000Z	https://asc-pds-voyager.s3.us-west-2.amazonaws.com/VGISS_0005/S_RINGS/C4399XXX/C4399937_RAW.LBL	3698	10b113e9a67e7420a30c68c6e79eea19	S RINGS	CLEAR	0	0.720	BOTALT	1981-08-25T22:35:59	1440S2-001
44107.33	C4410733	S_RINGS/C4410XXX/C4410733_RAW	https://asc-pds-voyager.s3.us-west-2.amazonaws.com/VGISS_0005/S_RINGS/C4410XXX/C4410733_RAW.IMG	823296	bfa8c8cb2926a94a1bf987febdc3266d	2025-05-06T23:56:55.000Z	https://asc-pds-voyager.s3.us-west-2.amazonaws.com/VGISS_0005/S_RINGS/C4410XXX/C4410733_RAW.LBL	3679	25eb0503c497f9ae2873dad9aaa317d7	S RINGS	CLEAR	0	1.440	BOTSIM	1981-08-29T12:56:47	0716S2+003
44107.40	C4410740	S_RINGS/C4410XXX/C4410740_RAW	https://asc-pds-voyager.s3.us-west-2.amazonaws.com/VGISS_0005/S_RINGS/C4410XXX/C4410740_RAW.IMG	823296	da7f918b158aa49f28969e03fbcdd4b0	2025-05-06T23:56:55.000Z	https://asc-pds-voyager.s3.us-west-2.amazonaws.com/VGISS_0005/S_RINGS/C4410XXX/C4410740_RAW.LBL	3679	56c3aeb3082719436b2d719cf2183b4a	S RINGS	CLEAR	0	1.440	BOTSIM	1981-08-29T13:02:23	0723S2+003
44107.47	C4410747	S_RINGS/C4410XXX/C4410747_RAW	https://asc-pds-voyager.s3.us-west-2.amazonaws.com/VGISS_0005/S_RINGS/C4410XXX/C4410747_RAW.IMG	823296	df7d97514d430bee160d49c7af0e2653	2025-05-06T23:56:55.000Z	https://asc-pds-voyager.s3.us-west-2.amazonaws.com/VGISS_0005/S_RINGS/C4410XXX/C4410747_RAW.LBL	3679	cd1ea3e739ac7cbf01260cc067e140cc	S RINGS	CLEAR	0	1.440	BOTSIM	1981-08-29T13:07:59	0730S2+003
44111.10	C4411110	SATURN/C4411XXX/C4411110_RAW	https://asc-pds-voyager.s3.us-west-2.amazonaws.com/VGISS_0005/SATURN/C4411XXX/C4411110_RAW.IMG	823296	f966e9025315d1725eac4954505d95bc	2025-05-06T23:56:56.000Z	https://asc-pds-voyager.s3.us-west-2.amazonaws.com/VGISS_0005/SATURN/C4411XXX/C4411110_RAW.LBL	3678	98387460b1a650155024a9f52a7e3082	SATURN	CLEAR	0	1.440	BOTSIM	1981-08-29T15:50:23	0933S2+003
44111.17	C4411117	SATURN/C4411XXX/C4411117_RAW	https://asc-pds-voyager.s3.us-west-2.amazonaws.com/VGISS_0005/SATURN/C4411XXX/C4411117_RAW.IMG	823296	8fd7666f185a3ebaef4ec2d476915a04	2025-05-06T23:56:56.000Z	https://asc-pds-voyager.s3.us-west-2.amazonaws.com/VGISS_0005/SATURN/C4411XXX/C4411117_RAW.LBL	3678	c63d35c87dc694fdfa8373c9f4ea73a3	SATURN	CLEAR	0	1.440	BOTSIM	1981-08-29T15:55:59	0940S2+003
44111.24	C4411124	SATURN/C4411XXX/C4411124_RAW	https://asc-pds-voyager.s3.us-west-2.amazonaws.com/VGISS_0005/SATURN/C4411XXX/C4411124_RAW.IMG	823296	40c3a6494b0d2993465bb6895020a634	2025-05-06T23:56:56.000Z	https://asc-pds-voyager.s3.us-west-2.amazonaws.com/VGISS_0005/SATURN/C4411XXX/C4411124_RAW.LBL	3678	796522f489e4f210d35e3d4e45c711a2	SATURN	CLEAR	0	1.440	BOTSIM	1981-08-29T16:01:35	0947S2+003
44113.37	C4411337	SATURN/C4411XXX/C4411337_RAW	https://asc-pds-voyager.s3.us-west-2.amazonaws.com/VGISS_0005/SATURN/C4411XXX/C4411337_RAW.IMG	823296	cbeb8465e493173ccd4a0c91b22efe1f	2025-05-06T23:56:56.000Z	https://asc-pds-voyager.s3.us-west-2.amazonaws.com/VGISS_0005/SATURN/C4411XXX/C4411337_RAW.LBL	3679	f14086f180eaee067355c792a4294829	SATURN	CLEAR	0	15.360	NAONLY	1981-08-29T17:47:59	1080S2+003
44113.41	C4411341	SATURN/C4411XXX/C4411341_RAW	https://asc-pds-voyager.s3.us-west-2.amazonaws.com/VGISS_0005/SATURN/C4411XXX/C4411341_RAW.IMG	823296	e60fa58c8f5ebff7032fd66fd9541c58	2025-05-06T23:56:56.000Z	https://asc-pds-voyager.s3.us-west-2.amazonaws.com/VGISS_0005/SATURN/C4411XXX/C4411341_RAW.LBL	3679	7a77cf68b9df4e346f3fae6220c28bdb	SATURN	CLEAR	0	15.360	NAONLY	1981-08-29T17:51:11	1084S2+003
44113.45	C4411345	SATURN/C4411XXX/C4411345_RAW	https://asc-pds-voyager.s3.us-west-2.amazonaws.com/VGISS_0005/SATURN/C4411XXX/C4411345_RAW.IMG	823296	3f39526f3c27c27587b1dbcda13fd833	2025-05-06T23:56:56.000Z	https://asc-pds-voyager.s3.us-west-2.amazonaws.com/VGISS_0005/SATURN/C4411XXX/C4411345_RAW.LBL	3679	005cf406471b0e2e1e1c463a6bfbcc8c	SATURN	CLEAR	0	15.360	NAONLY	1981-08-29T17:54:23	1088S2+003
44113.49	C4411349	SATURN/C4411XXX/C4411349_RAW	https://asc-pds-voyager.s3.us-west-2.amazonaws.com/VGISS_0005/SATURN/C4411XXX/C4411349_RAW.IMG	823296	ac17d05164ee47cd7cc9294b38e770e1	2025-05-06T23:56:56.000Z	https://asc-pds-voyager.s3.us-west-2.amazonaws.com/VGISS_0005/SATURN/C4411XXX/C4411349_RAW.LBL	3679	8667de4b1e3e0519f16afe79068a0a35	SATURN	CLEAR	0	15.360	NAONLY	1981-08-29T17:57:35	1092S2+003
44113.53	C4411353	SATURN/C4411XXX/C4411353_RAW	https://asc-pds-voyager.s3.us-west-2.amazonaws.com/VGISS_0005/SATURN/C4411XXX/C4411353_RAW.IMG	823296	cdd4e4e097adabd7dc9f0f904c48b8e0	2025-05-06T23:56:56.000Z	https://asc-pds-voyager.s3.us-west-2.amazonaws.com/VGISS_0005/SATURN/C4411XXX/C4411353_RAW.LBL	3679	c3effc889b7a97fa2afcaceaf45a300a	SATURN	CLEAR	0	15.360	NAONLY	1981-08-29T18:00:47	1096S2+003
44113.57	C4411357	SATURN/C4411XXX/C4411357_RAW	https://asc-pds-voyager.s3.us-west-2.amazonaws.com/VGISS_0005/SATURN/C4411XXX/C4411357_RAW.IMG	823296	3181b8fa42f8aeb22684a0907cf2f60f	2025-05-06T23:56:56.000Z	https://asc-pds-voyager.s3.us-west-2.amazonaws.com/VGISS_0005/SATURN/C4411XXX/C4411357_RAW.LBL	3679	1869595faf9fa6c51861a06b6a5712b6	SATURN	CLEAR	0	15.360	NAONLY	1981-08-29T18:03:59	1100S2+003
44114.01	C4411401	SATURN/C4411XXX/C4411401_RAW	https://asc-pds-voyager.s3.us-west-2.amazonaws.com/VGISS_0005/SATURN/C4411XXX/C4411401_RAW.IMG	823296	f12352163449f629d28942851f6f1669	2025-05-06T23:56:56.000Z	https://asc-pds-voyager.s3.us-west-2.amazonaws.com/VGISS_0005/SATURN/C4411XXX/C4411401_RAW.LBL	3679	2fa8e65d90ae7d2cbcda2bcd4adea6fd	SATURN	CLEAR	0	15.360	NAONLY	1981-08-29T18:07:11	1104S2+003
44114.05	C4411405	SATURN/C4411XXX/C4411405_RAW	https://asc-pds-voyager.s3.us-west-2.amazonaws.com/VGISS_0005/SATURN/C4411XXX/C4411405_RAW.IMG	823296	7007f446da66898a61f1e174e2925091	2025-05-06T23:56:56.000Z	https://asc-pds-voyager.s3.us-west-2.amazonaws.com/VGISS_0005/SATURN/C4411XXX/C4411405_RAW.LBL	3679	58b7f1a93b34e77296e398a4262b1bc8	SATURN	CLEAR	0	15.360	NAONLY	1981-08-29T18:10:23	1108S2+003
44114.09	C4411409	SATURN/C4411XXX/C4411409_RAW	https://asc-pds-voyager.s3.us-west-2.amazonaws.com/VGISS_0005/SATURN/C4411XXX/C4411409_RAW.IMG	823296	c315611c676c6258da8d668fbabdbd7d	2025-05-06T23:56:56.000Z	https://asc-pds-voyager.s3.us-west-2.amazonaws.com/VGISS_0005/SATURN/C4411XXX/C4411409_RAW.LBL	3679	f5f51468193c43a55b74d4511cc37814	SATURN	CLEAR	0	15.360	NAONLY	1981-08-29T18:13:35	1112S2+003
44114.13	C4411413	SATURN/C4411XXX/C4411413_RAW	https://asc-pds-voyager.s3.us-west-2.amazonaws.com/VGISS_0005/SATURN/C4411XXX/C4411413_RAW.IMG	823296	b328e8cff0768891048b7c79a81384b1	2025-05-06T23:56:56.000Z	https://asc-pds-voyager.s3.us-west-2.amazonaws.com/VGISS_0005/SATURN/C4411XXX/C4411413_RAW.LBL	3679	c91989f5f105d2483542c168912043f2	SATURN	CLEAR	0	15.360	NAONLY	1981-08-29T18:16:47	1116S2+003
44114.17	C4411417	SATURN/C4411XXX/C4411417_RAW	https://asc-pds-voyager.s3.us-west-2.amazonaws.com/VGISS_0005/SATURN/C4411XXX/C4411417_RAW.IMG	823296	480936a4a00b84d6ee1dc034ae6aa890	2025-05-06T23:56:56.000Z	https://asc-pds-voyager.s3.us-west-2.amazonaws.com/VGISS_0005/SATURN/C4411XXX/C4411417_RAW.LBL	3679	c7d913720a0cb5ff32e7be25d3771d32	SATURN	CLEAR	0	15.360	NAONLY	1981-08-29T18:19:59	1120S2+003
44114.21	C4411421	SATURN/C4411XXX/C4411421_RAW	https://asc-pds-voyager.s3.us-west-2.amazonaws.com/VGISS_0005/SATURN/C4411XXX/C4411421_RAW.IMG	823296	ce1a6b1ec765485ea34cd94daeec609e	2025-05-06T23:56:56.000Z	https://asc-pds-voyager.s3.us-west-2.amazonaws.com/VGISS_0005/SATURN/C4411XXX/C4411421_RAW.LBL	3679	a4130d7a5f0a6491f3e9b77c96cc5167	SATURN	CLEAR	0	15.360	NAONLY	1981-08-29T18:23:11	1124S2+003
44114.25	C4411425	SATURN/C4411XXX/C4411425_RAW	https://asc-pds-voyager.s3.us-west-2.amazonaws.com/VGISS_0005/SATURN/C4411XXX/C4411425_RAW.IMG	823296	d64db707675ee79fd9cf73fda47f82ee	2025-05-06T23:56:56.000Z	https://asc-pds-voyager.s3.us-west-2.amazonaws.com/VGISS_0005/SATURN/C4411XXX/C4411425_RAW.LBL	3679	f989085bb6b07460ff5f4a6ecd5a4c21	SATURN	CLEAR	0	15.360	NAONLY	1981-08-29T18:26:23	1128S2+003
44114.29	C4411429	SATURN/C4411XXX/C4411429_RAW	https://asc-pds-voyager.s3.us-west-2.amazonaws.com/VGISS_0005/SATURN/C4411XXX/C4411429_RAW.IMG	823296	312aea6da1552c2526c0c67ae45fef07	2025-05-06T23:56:56.000Z	https://asc-pds-voyager.s3.us-west-2.amazonaws.com/VGISS_0005/SATURN/C4411XXX/C4411429_RAW.LBL	3679	39954bdf58acdfa566525c5ac3e0d9ab	SATURN	CLEAR	0	15.360	NAONLY	1981-08-29T18:29:35	1132S2+003
44114.33	C4411433	SATURN/C4411XXX/C4411433_RAW	https://asc-pds-voyager.s3.us-west-2.amazonaws.com/VGISS_0005/SATURN/C4411XXX/C4411433_RAW.IMG	823296	f1efa149a42bcb24e2d6ace87503a5aa	2025-05-06T23:56:56.000Z	https://asc-pds-voyager.s3.us-west-2.amazonaws.com/VGISS_0005/SATURN/C4411XXX/C4411433_RAW.LBL	3679	69ed57c2f843e125fc7101290a2fb920	SATURN	CLEAR	0	15.360	NAONLY	1981-08-29T18:32:47	1136S2+003
44114.37	C4411437	SATURN/C4411XXX/C4411437_RAW	https://asc-pds-voyager.s3.us-west-2.amazonaws.com/VGISS_0005/SATURN/C4411XXX/C4411437_RAW.IMG	823296	0a59e78e91caa44982a583df4ddc8236	2025-05-06T23:56:56.000Z	https://asc-pds-voyager.s3.us-west-2.amazonaws.com/VGISS_0005/SATURN/C4411XXX/C4411437_RAW.LBL	3679	d2899dc905954a76348928898f826405	SATURN	CLEAR	0	15.360	NAONLY	1981-08-29T18:35:59	1140S2+003
44117.55	C4411755	SATURN/C4411XXX/C4411755_RAW	https://asc-pds-voyager.s3.us-west-2.amazonaws.com/VGISS_0005/SATURN/C4411XXX/C4411755_RAW.IMG	823296	a86dd63aa103f5763dc6c4cba1c57c0c	2025-05-06T23:56:56.000Z	https://asc-pds-voyager.s3.us-west-2.amazonaws.com/VGISS_0005/SATURN/C4411XXX/C4411755_RAW.LBL	3678	bf09838b509b7934fd96cf12abcfda01	SATURN	CLEAR	0	7.680	BOTSIM	1981-08-29T21:14:23	1338S2+003
44118.02	C4411802	SATURN/C4411XXX/C4411802_RAW	https://asc-pds-voyager.s3.us-west-2.amazonaws.com/VGISS_0005/SATURN/C4411XXX/C4411802_RAW.IMG	823296	2d2d665857823e50414bfe538f9252e2	2025-05-06T23:56:56.000Z	https://asc-pds-voyager.s3.us-west-2.amazonaws.com/VGISS_0005/SATURN/C4411XXX/C4411802_RAW.LBL	3678	aa18c305e7ebb35820d26c322139759a	SATURN	CLEAR	0	7.680	BOTSIM	1981-08-29T21:19:59	1345S2+003
44118.09	C4411809	SATURN/C4411XXX/C4411809_RAW	https://asc-pds-voyager.s3.us-west-2.amazonaws.com/VGISS_0005/SATURN/C4411XXX/C4411809_RAW.IMG	823296	31686a86d664feb4a44176563a1f4009	2025-05-06T23:56:56.000Z	https://asc-pds-voyager.s3.us-west-2.amazonaws.com/VGISS_0005/SATURN/C4411XXX/C4411809_RAW.LBL	3678	eeed5e0b2b0fb76232280abb7d235d34	SATURN	CLEAR	0	2.880	BOTSIM	1981-08-29T21:25:35	1352S2+003
44118.47	C4411847	SATURN/C4411XXX/C4411847_RAW	https://asc-pds-voyager.s3.us-west-2.amazonaws.com/VGISS_0005/SATURN/C4411XXX/C4411847_RAW.IMG	823296	f3be7b3a000f9ecef230be534003882f	2025-05-06T23:56:56.000Z	https://asc-pds-voyager.s3.us-west-2.amazonaws.com/VGISS_0005/SATURN/C4411XXX/C4411847_RAW.LBL	3679	dca39c51d0930082b56448ba8e933f1f	SATURN	CLEAR	0	15.360	NAONLY	1981-08-29T21:55:59	1390S2+003
44118.51	C4411851	SATURN/C4411XXX/C4411851_RAW	https://asc-pds-voyager.s3.us-west-2.amazonaws.com/VGISS_0005/SATURN/C4411XXX/C4411851_RAW.IMG	823296	9e29b3ce0b7d2428e45d5aaaa41cc62a	2025-05-06T23:56:56.000Z	https://asc-pds-voyager.s3.us-west-2.amazonaws.com/VGISS_0005/SATURN/C4411XXX/C4411851_RAW.LBL	3679	2bcd7c501c8983c744a2a23d0ea8c2ec	SATURN	CLEAR	0	15.360	NAONLY	1981-08-29T21:59:11	1394S2+003
44118.55	C4411855	SATURN/C4411XXX/C4411855_RAW	https://asc-pds-voyager.s3.us-west-2.amazonaws.com/VGISS_0005/SATURN/C4411XXX/C4411855_RAW.IMG	823296	7a723a56810b68f3e27dd43fa654be3e	2025-05-06T23:56:56.000Z	https://asc-pds-voyager.s3.us-west-2.amazonaws.com/VGISS_0005/SATURN/C4411XXX/C4411855_RAW.LBL	3679	fdfc6e7b3dd8c845adeed758a309ffd7	SATURN	CLEAR	0	15.360	NAONLY	1981-08-29T22:02:23	1398S2+003
44118.59	C4411859	SATURN/C4411XXX/C4411859_RAW	https://asc-pds-voyager.s3.us-west-2.amazonaws.com/VGISS_0005/SATURN/C4411XXX/C4411859_RAW.IMG	823296	ae293d12ce88d596edfe41278622afe3	2025-05-06T23:56:56.000Z	https://asc-pds-voyager.s3.us-west-2.amazonaws.com/VGISS_0005/SATURN/C4411XXX/C4411859_RAW.LBL	3679	5da0a66c26ec8b455b7d64b433eb6e27	SATURN	CLEAR	0	15.360	NAONLY	1981-08-29T22:05:35	1402S2+003
44119.03	C4411903	SATURN/C4411XXX/C4411903_RAW	https://asc-pds-voyager.s3.us-west-2.amazonaws.com/VGISS_0005/SATURN/C4411XXX/C4411903_RAW.IMG	823296	c76c61a64ea3ef688e2782aba063f6ed	2025-05-06T23:56:56.000Z	https://asc-pds-voyager.s3.us-west-2.amazonaws.com/VGISS_0005/SATURN/C4411XXX/C4411903_RAW.LBL	3679	5e88575760180eb1a5252a707fba4b2c	SATURN	CLEAR	0	15.360	NAONLY	1981-08-29T22:08:47	1406S2+003
44119.07	C4411907	SATURN/C4411XXX/C4411907_RAW	https://asc-pds-voyager.s3.us-west-2.amazonaws.com/VGISS_0005/SATURN/C4411XXX/C4411907_RAW.IMG	823296	1e7c65f79912a3932c2f4f4ac12daaf8	2025-05-06T23:56:56.000Z	https://asc-pds-voyager.s3.us-west-2.amazonaws.com/VGISS_0005/SATURN/C4411XXX/C4411907_RAW.LBL	3679	5a1728b94fe73adecf08f4535b9975bd	SATURN	CLEAR	0	15.360	NAONLY	1981-08-29T22:11:59	1410S2+003
44119.11	C4411911	SATURN/C4411XXX/C4411911_RAW	https://asc-pds-voyager.s3.us-west-2.amazonaws.com/VGISS_0005/SATURN/C4411XXX/C4411911_RAW.IMG	823296	35333e2bd9ef4414c89dd63740f24970	2025-05-06T23:56:56.000Z	https://asc-pds-voyager.s3.us-west-2.amazonaws.com/VGISS_0005/SATURN/C4411XXX/C4411911_RAW.LBL	3679	7b75104fbdde3dba7611061e473d76c1	SATURN	CLEAR	0	15.360	NAONLY	1981-08-29T22:15:11	1414S2+003
44119.15	C4411915	SATURN/C4411XXX/C4411915_RAW	https://asc-pds-voyager.s3.us-west-2.amazonaws.com/VGISS_0005/SATURN/C4411XXX/C4411915_RAW.IMG	823296	cae4404c6d1b67e1531b5d58fc614494	2025-05-06T23:56:56.000Z	https://asc-pds-voyager.s3.us-west-2.amazonaws.com/VGISS_0005/SATURN/C4411XXX/C4411915_RAW.LBL	3679	d54d21d20ad9dc88f82070c16392fb69	SATURN	CLEAR	0	15.360	NAONLY	1981-08-29T22:18:23	1418S2+003
44119.19	C4411919	SATURN/C4411XXX/C4411919_RAW	https://asc-pds-voyager.s3.us-west-2.amazonaws.com/VGISS_0005/SATURN/C4411XXX/C4411919_RAW.IMG	823296	a97bcacd27570ecbd5fa79ff8c0aadfd	2025-05-06T23:56:56.000Z	https://asc-pds-voyager.s3.us-west-2.amazonaws.com/VGISS_0005/SATURN/C4411XXX/C4411919_RAW.LBL	3679	87de3f30c6249705d8c6e1bcc310635c	SATURN	CLEAR	0	15.360	NAONLY	1981-08-29T22:21:35	1422S2+003
44119.23	C4411923	SATURN/C4411XXX/C4411923_RAW	https://asc-pds-voyager.s3.us-west-2.amazonaws.com/VGISS_0005/SATURN/C4411XXX/C4411923_RAW.IMG	823296	b0cb35dff34421c86c06b0df1c5cbe7f	2025-05-06T23:56:56.000Z	https://asc-pds-voyager.s3.us-west-2.amazonaws.com/VGISS_0005/SATURN/C4411XXX/C4411923_RAW.LBL	3679	9b8ca89c15da9171bf2dab6dbca9724e	SATURN	CLEAR	0	15.360	NAONLY	1981-08-29T22:24:47	1426S2+003
44119.27	C4411927	SATURN/C4411XXX/C4411927_RAW	https://asc-pds-voyager.s3.us-west-2.amazonaws.com/VGISS_0005/SATURN/C4411XXX/C4411927_RAW.IMG	823296	03e95b50a296cbf5ba7ded7306f706b2	2025-05-06T23:56:56.000Z	https://asc-pds-voyager.s3.us-west-2.amazonaws.com/VGISS_0005/SATURN/C4411XXX/C4411927_RAW.LBL	3679	0de0d40abcebbe52454dd3bd4d6b21b6	SATURN	CLEAR	0	15.360	NAONLY	1981-08-29T22:27:59	1430S2+003
44119.31	C4411931	SATURN/C4411XXX/C4411931_RAW	https://asc-pds-voyager.s3.us-west-2.amazonaws.com/VGISS_0005/SATURN/C4411XXX/C4411931_RAW.IMG	823296	ddf254d4b92273164a386cf7bf35c5a5	2025-05-06T23:56:56.000Z	https://asc-pds-voyager.s3.us-west-2.amazonaws.com/VGISS_0005/SATURN/C4411XXX/C4411931_RAW.LBL	3679	499f81b731e0881962e9ea410c71081a	SATURN	CLEAR	0	15.360	NAONLY	1981-08-29T22:31:11	1434S2+003
44119.35	C4411935	SATURN/C4411XXX/C4411935_RAW	https://asc-pds-voyager.s3.us-west-2.amazonaws.com/VGISS_0005/SATURN/C4411XXX/C4411935_RAW.IMG	823296	591dfa436e48262c376775013578bf15	2025-05-06T23:56:56.000Z	https://asc-pds-voyager.s3.us-west-2.amazonaws.com/VGISS_0005/SATURN/C4411XXX/C4411935_RAW.LBL	3679	d18ac5e677ca9e7618342408770ef188	SATURN	CLEAR	0	15.360	NAONLY	1981-08-29T22:34:23	1438S2+003
44119.39	C4411939	SATURN/C4411XXX/C4411939_RAW	https://asc-pds-voyager.s3.us-west-2.amazonaws.com/VGISS_0005/SATURN/C4411XXX/C4411939_RAW.IMG	823296	b840ac63753816faa150ba1cfe14095e	2025-05-06T23:56:56.000Z	https://asc-pds-voyager.s3.us-west-2.amazonaws.com/VGISS_0005/SATURN/C4411XXX/C4411939_RAW.LBL	3679	96ecb76847c4894bd6d70339971a5c14	SATURN	CLEAR	0	15.360	NAONLY	1981-08-29T22:37:35	1442S2+003
44119.43	C4411943	SATURN/C4411XXX/C4411943_RAW	https://asc-pds-voyager.s3.us-west-2.amazonaws.com/VGISS_0005/SATURN/C4411XXX/C4411943_RAW.IMG	823296	5c9f408b9a938a7cb790b811c775d3d3	2025-05-06T23:56:56.000Z	https://asc-pds-voyager.s3.us-west-2.amazonaws.com/VGISS_0005/SATURN/C4411XXX/C4411943_RAW.LBL	3679	e0341400b00a75136db27d476d696bfe	SATURN	CLEAR	0	15.360	NAONLY	1981-08-29T22:40:47	1446S2+003
44139.56	C4413956	SATURN/C4413XXX/C4413956_RAW	https://asc-pds-voyager.s3.us-west-2.amazonaws.com/VGISS_0005/SATURN/C4413XXX/C4413956_RAW.IMG	823296	4ce3b7c3de7449d1ca3ec1008f387e86	2025-05-06T23:56:56.000Z	https://asc-pds-voyager.s3.us-west-2.amazonaws.com/VGISS_0005/SATURN/C4413XXX/C4413956_RAW.LBL	3675	5eb2f5e9e0cd3098cbd8732549293fee	SATURN	UV	7	7.680	BOTSIM	1981-08-30T14:51:11	0859S2+004
44147.47	C4414747	SATURN/C4414XXX/C4414747_RAW	https://asc-pds-voyager.s3.us-west-2.amazonaws.com/VGISS_0005/SATURN/C4414XXX/C4414747_RAW.IMG	823296	a2057ca55515a504d5b867fa5dec8514	2025-05-06T23:56:56.000Z	https://asc-pds-voyager.s3.us-west-2.amazonaws.com/VGISS_0005/SATURN/C4414XXX/C4414747_RAW.LBL	3678	f77f70c3651046d1b4ab375a73eea0c4	SATURN	GREEN	5	1.920	BOTSIM	1981-08-30T21:07:59	1330S2+004
44147.54	C4414754	SATURN/C4414XXX/C4414754_RAW	https://asc-pds-voyager.s3.us-west-2.amazonaws.com/VGISS_0005/SATURN/C4414XXX/C4414754_RAW.IMG	823296	47b6ddec0d3615067fa8c4675083c216	2025-05-06T23:56:56.000Z	https://asc-pds-voyager.s3.us-west-2.amazonaws.com/VGISS_0005/SATURN/C4414XXX/C4414754_RAW.LBL	3678	a47e1c4f1c42ad451036fc6482af0b03	SATURN	GREEN	5	1.920	BOTSIM	1981-08-30T21:13:35	1337S2+004
44148.01	C4414801	SATURN/C4414XXX/C4414801_RAW	https://asc-pds-voyager.s3.us-west-2.amazonaws.com/VGISS_0005/SATURN/C4414XXX/C4414801_RAW.IMG	823296	3421338f62e553924ddcb9515b7f07bf	2025-05-06T23:56:56.000Z	https://asc-pds-voyager.s3.us-west-2.amazonaws.com/VGISS_0005/SATURN/C4414XXX/C4414801_RAW.LBL	3678	baa0a90fc5343ce8910e7f9ec383a171	SATURN	GREEN	5	1.920	BOTSIM	1981-08-30T21:19:11	1344S2+004
44148.08	C4414808	SATURN/C4414XXX/C4414808_RAW	https://asc-pds-voyager.s3.us-west-2.amazonaws.com/VGISS_0005/SATURN/C4414XXX/C4414808_RAW.IMG	823296	ed2ef38d1e9bbe1cacf8697edaead18f	2025-05-06T23:56:56.000Z	https://asc-pds-voyager.s3.us-west-2.amazonaws.com/VGISS_0005/SATURN/C4414XXX/C4414808_RAW.LBL	3678	b594ec51faa083746601b8251498f711	SATURN	GREEN	5	1.920	BOTSIM	1981-08-30T21:24:47	1351S2+004
44148.15	C4414815	SATURN/C4414XXX/C4414815_RAW	https://asc-pds-voyager.s3.us-west-2.amazonaws.com/VGISS_0005/SATURN/C4414XXX/C4414815_RAW.IMG	823296	ec852d020128bb9feaf9a8f2e989cd78	2025-05-06T23:56:56.000Z	https://asc-pds-voyager.s3.us-west-2.amazonaws.com/VGISS_0005/SATURN/C4414XXX/C4414815_RAW.LBL	3678	0b31d866d71fd3bb4c2dcfce796ee26e	SATURN	GREEN	5	1.920	BOTSIM	1981-08-30T21:30:23	1358S2+004
44148.22	C4414822	SATURN/C4414XXX/C4414822_RAW	https://asc-pds-voyager.s3.us-west-2.amazonaws.com/VGISS_0005/SATURN/C4414XXX/C4414822_RAW.IMG	823296	f61b9501674b40d0ab5bf08694535e40	2025-05-06T23:56:56.000Z	https://asc-pds-voyager.s3.us-west-2.amazonaws.com/VGISS_0005/SATURN/C4414XXX/C4414822_RAW.LBL	3678	374f301c2180dc19dba8d8f3ae2aef9e	SATURN	GREEN	5	1.920	BOTSIM	1981-08-30T21:35:59	1365S2+004
44148.29	C4414829	SATURN/C4414XXX/C4414829_RAW	https://asc-pds-voyager.s3.us-west-2.amazonaws.com/VGISS_0005/SATURN/C4414XXX/C4414829_RAW.IMG	823296	7d2ffaa636bd08cbd00a63cef0ad9836	2025-05-06T23:56:56.000Z	https://asc-pds-voyager.s3.us-west-2.amazonaws.com/VGISS_0005/SATURN/C4414XXX/C4414829_RAW.LBL	3678	efa9f1cda4bb21892714757a72d8c356	SATURN	GREEN	5	1.920	BOTSIM	1981-08-30T21:41:35	1372S2+004
44148.36	C4414836	SATURN/C4414XXX/C4414836_RAW	https://asc-pds-voyager.s3.us-west-2.amazonaws.com/VGISS_0005/SATURN/C4414XXX/C4414836_RAW.IMG	823296	ecf92a03651bd0ab248369c65ea23c66	2025-05-06T23:56:56.000Z	https://asc-pds-voyager.s3.us-west-2.amazonaws.com/VGISS_0005/SATURN/C4414XXX/C4414836_RAW.LBL	3678	65cb23f10a379c2a8e8318161981d5f4	SATURN	GREEN	5	1.920	BOTSIM	1981-08-30T21:47:11	1379S2+004
44149.27	C4414927	SATURN/C4414XXX/C4414927_RAW	https://asc-pds-voyager.s3.us-west-2.amazonaws.com/VGISS_0005/SATURN/C4414XXX/C4414927_RAW.IMG	823296	96b9930f68931128a3939ed480ec1cc1	2025-05-06T23:56:56.000Z	https://asc-pds-voyager.s3.us-west-2.amazonaws.com/VGISS_0005/SATURN/C4414XXX/C4414927_RAW.LBL	3678	6828e18bde7e439f181f1f2d28ea8300	SATURN	CLEAR	0	0.720	BOTSIM	1981-08-30T22:27:58	1430S2+004
44149.34	C4414934	SATURN/C4414XXX/C4414934_RAW	https://asc-pds-voyager.s3.us-west-2.amazonaws.com/VGISS_0005/SATURN/C4414XXX/C4414934_RAW.IMG	823296	e268ce3315996b655e919c262d34cefd	2025-05-06T23:56:56.000Z	https://asc-pds-voyager.s3.us-west-2.amazonaws.com/VGISS_0005/SATURN/C4414XXX/C4414934_RAW.LBL	3678	d820dc97d9392974e608ec4e5f1b5a82	SATURN	CLEAR	0	0.720	BOTSIM	1981-08-30T22:33:34	1437S2+004
44149.41	C4414941	SATURN/C4414XXX/C4414941_RAW	https://asc-pds-voyager.s3.us-west-2.amazonaws.com/VGISS_0005/SATURN/C4414XXX/C4414941_RAW.IMG	823296	96cfa61badaff83be3ffdcbbc15d8c91	2025-05-06T23:56:56.000Z	https://asc-pds-voyager.s3.us-west-2.amazonaws.com/VGISS_0005/SATURN/C4414XXX/C4414941_RAW.LBL	3678	c40436128fc6d6eef59d13669bba7ebe	SATURN	CLEAR	0	0.720	BOTSIM	1981-08-30T22:39:10	1444S2+004
44151.19	C4415119	SATURN/C4415XXX/C4415119_RAW	https://asc-pds-voyager.s3.us-west-2.amazonaws.com/VGISS_0005/SATURN/C4415XXX/C4415119_RAW.IMG	823296	ef681d0322626ea843fbd3dbe94f1fdb	2025-05-06T23:56:56.000Z	https://asc-pds-voyager.s3.us-west-2.amazonaws.com/VGISS_0005/SATURN/C4415XXX/C4415119_RAW.LBL	3678	6a727c132c5b12449c0bdc237dda00ec	SATURN	GREEN	5	1.920	BOTSIM	1981-08-30T23:57:34	1542S2+004
44151.26	C4415126	SATURN/C4415XXX/C4415126_RAW	https://asc-pds-voyager.s3.us-west-2.amazonaws.com/VGISS_0005/SATURN/C4415XXX/C4415126_RAW.IMG	823296	d978b5f905676aa62ea0cd0f053a597b	2025-05-06T23:56:56.000Z	https://asc-pds-voyager.s3.us-west-2.amazonaws.com/VGISS_0005/SATURN/C4415XXX/C4415126_RAW.LBL	3678	0a26e9621036df046106a3d926826edd	SATURN	GREEN	5	1.920	BOTSIM	1981-08-31T00:03:10	1549S2+004
44151.33	C4415133	SATURN/C4415XXX/C4415133_RAW	https://asc-pds-voyager.s3.us-west-2.amazonaws.com/VGISS_0005/SATURN/C4415XXX/C4415133_RAW.IMG	823296	6996ba09096385fd0b631191f12d2caa	2025-05-06T23:56:56.000Z	https://asc-pds-voyager.s3.us-west-2.amazonaws.com/VGISS_0005/SATURN/C4415XXX/C4415133_RAW.LBL	3678	e243424d064b66f12ca6058404ffe7ee	SATURN	GREEN	5	1.920	BOTSIM	1981-08-31T00:08:46	1556S2+004
44151.40	C4415140	SATURN/C4415XXX/C4415140_RAW	https://asc-pds-voyager.s3.us-west-2.amazonaws.com/VGISS_0005/SATURN/C4415XXX/C4415140_RAW.IMG	823296	73f36b327fbdcf06477e5f0019aa2a8e	2025-05-06T23:56:56.000Z	https://asc-pds-voyager.s3.us-west-2.amazonaws.com/VGISS_0005/SATURN/C4415XXX/C4415140_RAW.LBL	3678	0a4e9c8fe3b4ee87ca708668438496df	SATURN	GREEN	5	1.920	BOTSIM	1981-08-31T00:14:22	1563S2+004
44152.06	C4415206	SATURN/C4415XXX/C4415206_RAW	https://asc-pds-voyager.s3.us-west-2.amazonaws.com/VGISS_0005/SATURN/C4415XXX/C4415206_RAW.IMG	823296	ea7bd247db4eb747f4e6a2b9dd023e09	2025-05-06T23:56:56.000Z	https://asc-pds-voyager.s3.us-west-2.amazonaws.com/VGISS_0005/SATURN/C4415XXX/C4415206_RAW.LBL	3678	626557768d3aff1bcbeaffbcc4b82b18	SATURN	GREEN	5	1.920	BOTSIM	1981-08-31T00:35:10	1589S2+004
44152.13	C4415213	SATURN/C4415XXX/C4415213_RAW	https://asc-pds-voyager.s3.us-west-2.amazonaws.com/VGISS_0005/SATURN/C4415XXX/C4415213_RAW.IMG	823296	672d96981b97dec318c0daa50e4e2ab4	2025-05-06T23:56:56.000Z	https://asc-pds-voyager.s3.us-west-2.amazonaws.com/VGISS_0005/SATURN/C4415XXX/C4415213_RAW.LBL	3678	de3279d6207e087a5d21602da3a315ba	SATURN	GREEN	5	1.920	BOTSIM	1981-08-31T00:40:46	1596S2+004
44152.20	C4415220	SATURN/C4415XXX/C4415220_RAW	https://asc-pds-voyager.s3.us-west-2.amazonaws.com/VGISS_0005/SATURN/C4415XXX/C4415220_RAW.IMG	823296	4d5fa6951dfc8acb713c6fb4d7fcff97	2025-05-06T23:56:56.000Z	https://asc-pds-voyager.s3.us-west-2.amazonaws.com/VGISS_0005/SATURN/C4415XXX/C4415220_RAW.LBL	3678	d8636f465c6201feedfc0e1338d423da	SATURN	GREEN	5	1.920	BOTSIM	1981-08-31T00:46:22	1603S2+004
44152.27	C4415227	SATURN/C4415XXX/C4415227_RAW	https://asc-pds-voyager.s3.us-west-2.amazonaws.com/VGISS_0005/SATURN/C4415XXX/C4415227_RAW.IMG	823296	4d167bf8261910153062d8735b6ea901	2025-05-06T23:56:56.000Z	https://asc-pds-voyager.s3.us-west-2.amazonaws.com/VGISS_0005/SATURN/C4415XXX/C4415227_RAW.LBL	3678	836ab00a8de8619f9ba8635dcf7288f4	SATURN	GREEN	5	1.920	BOTSIM	1981-08-31T00:51:58	1610S2+004
44152.55	C4415255	SATURN/C4415XXX/C4415255_RAW	https://asc-pds-voyager.s3.us-west-2.amazonaws.com/VGISS_0005/SATURN/C4415XXX/C4415255_RAW.IMG	823296	49b870c779a5b2534f0d6d7020a0f476	2025-05-06T23:56:56.000Z	https://asc-pds-voyager.s3.us-west-2.amazonaws.com/VGISS_0005/SATURN/C4415XXX/C4415255_RAW.LBL	3678	470c6632760b404b37fefb845e975e39	SATURN	GREEN	5	1.920	BOTSIM	1981-08-31T01:14:22	1638S2+004
44153.02	C4415302	SATURN/C4415XXX/C4415302_RAW	https://asc-pds-voyager.s3.us-west-2.amazonaws.com/VGISS_0005/SATURN/C4415XXX/C4415302_RAW.IMG	823296	d87c073d496d0e10979665383b233a76	2025-05-06T23:56:56.000Z	https://asc-pds-voyager.s3.us-west-2.amazonaws.com/VGISS_0005/SATURN/C4415XXX/C4415302_RAW.LBL	3678	563d5928588658f57fe475fbe6d8a4a1	SATURN	GREEN	5	1.920	BOTSIM	1981-08-31T01:19:58	1645S2+004
44153.09	C4415309	SATURN/C4415XXX/C4415309_RAW	https://asc-pds-voyager.s3.us-west-2.amazonaws.com/VGISS_0005/SATURN/C4415XXX/C4415309_RAW.IMG	823296	6c74dee087a0513026748add7c35ef34	2025-05-06T23:56:56.000Z	https://asc-pds-voyager.s3.us-west-2.amazonaws.com/VGISS_0005/SATURN/C4415XXX/C4415309_RAW.LBL	3678	faca19869a45bbcf54a5f1d06b9d6cd1	SATURN	GREEN	5	1.920	BOTSIM	1981-08-31T01:25:34	1652S2+004
44153.16	C4415316	SATURN/C4415XXX/C4415316_RAW	https://asc-pds-voyager.s3.us-west-2.amazonaws.com/VGISS_0005/SATURN/C4415XXX/C4415316_RAW.IMG	823296	d6fbf456586aaed25090a22fc9499e2e	2025-05-06T23:56:56.000Z	https://asc-pds-voyager.s3.us-west-2.amazonaws.com/VGISS_0005/SATURN/C4415XXX/C4415316_RAW.LBL	3678	29bb65ac3442ce897188d853228a6ffe	SATURN	GREEN	5	1.920	BOTSIM	1981-08-31T01:31:10	1659S2+004
44153.44	C4415344	SATURN/C4415XXX/C4415344_RAW	https://asc-pds-voyager.s3.us-west-2.amazonaws.com/VGISS_0005/SATURN/C4415XXX/C4415344_RAW.IMG	823296	79b7ddda44ce6bd7f86942a5d36dd5a3	2025-05-06T23:56:56.000Z	https://asc-pds-voyager.s3.us-west-2.amazonaws.com/VGISS_0005/SATURN/C4415XXX/C4415344_RAW.LBL	3678	fbbb0784d0d2ffc625284c6212088bc5	SATURN	GREEN	5	1.920	BOTSIM	1981-08-31T01:53:34	1687S2+004
44153.51	C4415351	SATURN/C4415XXX/C4415351_RAW	https://asc-pds-voyager.s3.us-west-2.amazonaws.com/VGISS_0005/SATURN/C4415XXX/C4415351_RAW.IMG	823296	a82be1a74b2835cc11476eaf27d4cd32	2025-05-06T23:56:56.000Z	https://asc-pds-voyager.s3.us-west-2.amazonaws.com/VGISS_0005/SATURN/C4415XXX/C4415351_RAW.LBL	3678	6f2a4ed3d477599148951d3510a9b2b5	SATURN	GREEN	5	1.920	BOTSIM	1981-08-31T01:59:10	1694S2+004
44153.58	C4415358	SATURN/C4415XXX/C4415358_RAW	https://asc-pds-voyager.s3.us-west-2.amazonaws.com/VGISS_0005/SATURN/C4415XXX/C4415358_RAW.IMG	823296	485c5aca4df345f90a9b5568560cf5c7	2025-05-06T23:56:56.000Z	https://asc-pds-voyager.s3.us-west-2.amazonaws.com/VGISS_0005/SATURN/C4415XXX/C4415358_RAW.LBL	3678	1999cd3535331dc6503a0ca99bebce20	SATURN	GREEN	5	1.920	BOTSIM	1981-08-31T02:04:46	1701S2+004
44154.05	C4415405	SATURN/C4415XXX/C4415405_RAW	https://asc-pds-voyager.s3.us-west-2.amazonaws.com/VGISS_0005/SATURN/C4415XXX/C4415405_RAW.IMG	823296	24938f0e256ca8c4080769ebb5b1baac	2025-05-06T23:56:56.000Z	https://asc-pds-voyager.s3.us-west-2.amazonaws.com/VGISS_0005/SATURN/C4415XXX/C4415405_RAW.LBL	3678	332880160bbbf370088275e18c92c845	SATURN	GREEN	5	1.920	BOTSIM	1981-08-31T02:10:22	1708S2+004
44154.35	C4415435	SATURN/C4415XXX/C4415435_RAW	https://asc-pds-voyager.s3.us-west-2.amazonaws.com/VGISS_0005/SATURN/C4415XXX/C4415435_RAW.IMG	823296	a64d6f26fa090c65f2b9a068a8379635	2025-05-06T23:56:56.000Z	https://asc-pds-voyager.s3.us-west-2.amazonaws.com/VGISS_0005/SATURN/C4415XXX/C4415435_RAW.LBL	3678	db9e1bc5994ed9196e19c28093d58cf0	SATURN	GREEN	5	1.920	BOTSIM	1981-08-31T02:34:22	1738S2+004
