date	doy	tile	item_id	platform	href	size_bytes	md5_b64	md5_hex	struct_ok	meta_ok	meta_mismatch	production_datetime	hdr_snowcoverpercent	hdr_cloudpercent	ov_valid	ov_snow	ov_cloud	ov_night	ov_ocean	ov_inland_water	ov_fill
2023-12-01	335	h06v03	MOD10A1.A2023335.h06v03.061.2023340032259	terra	https://modiseuwest.blob.core.windows.net/modis-061-cogs/MOD10A1/06/03/2023335/MOD10A1.A2023335.h06v03.061.2023340032259_NDSI_Snow_Cover.tif	37683	F5mRR4EWhYNZtc7TVOGndw==	179991478116858359b5ced354e1a777	1	1	-	2023-12-06T03:30:08.000Z	0	0	0.0	0.0	0.0	0.0	0.0684	0.0	0.9302
2023-12-01	335	h07v03	MOD10A1.A2023335.h07v03.061.2023340033127	terra	https://modiseuwest.blob.core.windows.net/modis-061-cogs/MOD10A1/07/03/2023335/MOD10A1.A2023335.h07v03.061.2023340033127_NDSI_Snow_Cover.tif	66335	cws2vNLrpjv9WwvHAge3Ug==	730b36bcd2eba63bfd5b0bc70207b752	1	1	-	2023-12-06T03:38:17.000Z	0	0	0.0005	0.0005	0.0002	0.0001	0.4221	0.0003	0.5642
2023-12-01	335	h07v05	MOD10A1.A2023335.h07v05.061.2023340033655	terra	https://modiseuwest.blob.core.windows.net/modis-061-cogs/MOD10A1/07/05/2023335/MOD10A1.A2023335.h07v05.061.2023340033655_NDSI_Snow_Cover.tif	33348	sFbr/ZfocZOtC3CR8/wViA==	b056ebfd97e87193ad0b7091f3fc1588	1	1	-	2023-12-06T03:43:43.000Z	0	32	0.0002	0.0002	0.0	0.0	0.9992	0.0	0.0
2023-12-01	335	h08v03	MOD10A1.A2023335.h08v03.061.2023340035156	terra	https://modiseuwest.blob.core.windows.net/modis-061-cogs/MOD10A1/08/03/2023335/MOD10A1.A2023335.h08v03.061.2023340035156_NDSI_Snow_Cover.tif	107886	sC6mVH9f2MpgdzRNk+DyzA==	b02ea6547f5fd8ca6077344d93e0f2cc	1	1	-	2023-12-06T03:58:48.000Z	2	5	0.0012	0.0012	0.0003	0.0001	0.7898	0.0005	0.1811
2023-12-01	335	h08v04	MOD10A1.A2023335.h08v04.061.2023340033440	terra	https://modiseuwest.blob.core.windows.net/modis-061-cogs/MOD10A1/08/04/2023335/MOD10A1.A2023335.h08v04.061.2023340033440_NDSI_Snow_Cover.tif	76923	t2EaBTD2OWo80JN+wXrg+w==	b7611a0530f6396a3cd0937ec17ae0fb	1	1	-	2023-12-06T03:36:41.000Z	1	94	0.0036	0.0031	0.0736	0.0	0.9043	0.0002	0.0
2023-12-01	335	h08v05	MOD10A1.A2023335.h08v05.061.2023340034852	terra	https://modiseuwest.blob.core.windows.net/modis-061-cogs/MOD10A1/08/05/2023335/MOD10A1.A2023335.h08v05.061.2023340034852_NDSI_Snow_Cover.tif	722492	kT6T0gHBF+7+xvWftW6xtg==	913e93d201c117eefec6f59fb56eb1b6	1	1	-	2023-12-06T03:55:40.000Z	2	46	0.3964	0.1279	0.1504	0.0011	0.2063	0.0019	0.0
2023-12-01	335	h09v02	MOD10A1.A2023335.h09v02.061.2023340032314	terra	https://modiseuwest.blob.core.windows.net/modis-061-cogs/MOD10A1/09/02/2023335/MOD10A1.A2023335.h09v02.061.2023340032314_NDSI_Snow_Cover.tif	99950	mMloiJE3MdL9eJj3R0g3Bg==	98c96888913731d2fd7898f747483706	1	1	-	2023-12-06T03:31:38.000Z	1	1	0.0059	0.0059	0.0004	0.0	0.1696	0.0002	0.8131
2023-12-01	335	h09v03	MOD10A1.A2023335.h09v03.061.2023340033655	terra	https://modiseuwest.blob.core.windows.net/modis-061-cogs/MOD10A1/09/03/2023335/MOD10A1.A2023335.h09v03.061.2023340033655_NDSI_Snow_Cover.tif	309141	7SwSxYRI9p6dAoLsV+J2mw==	ed2c12c58448f69e9d0282ec57e2769b	1	1	-	2023-12-06T03:43:54.000Z	36	62	0.0255	0.0254	0.0278	0.0002	0.8855	0.0006	0.0
2023-12-01	335	h09v04	MOD10A1.A2023335.h09v04.061.2023340034226	terra	https://modiseuwest.blob.core.windows.net/modis-061-cogs/MOD10A1/09/04/2023335/MOD10A1.A2023335.h09v04.061.2023340034226_NDSI_Snow_Cover.tif	555478	UBFCKnH3Ib/nvwOCHGEO3g==	5011422a71f721bfe7bf03821c610ede	1	1	-	2023-12-06T03:53:33.000Z	6	92	0.03	0.0289	0.4788	0.0008	0.3098	0.0016	0.0
2023-12-01	335	h09v05	MOD10A1.A2023335.h09v05.061.2023340034412	terra	https://modiseuwest.blob.core.windows.net/modis-061-cogs/MOD10A1/09/05/2023335/MOD10A1.A2023335.h09v05.061.2023340034412_NDSI_Snow_Cover.tif	672054	Fu932eYcTWYwe5HPBBSahg==	16ef77d9e61c4d66307b91cf04149a86	1	1	-	2023-12-06T03:46:15.000Z	3	47	0.5009	0.1146	0.2687	0.0011	0.0019	0.0015	0.0
2023-12-01	335	h10v02	MOD10A1.A2023335.h10v02.061.2023340032259	terra	https://modiseuwest.blob.core.windows.net/modis-061-cogs/MOD10A1/10/02/2023335/MOD10A1.A2023335.h10v02.061.2023340032259_NDSI_Snow_Cover.tif	733856	eH2dmbP9A7x/2SGHXo6amA==	787d9d99b3fd03bc7fd921875e8e9a98	1	1	-	2023-12-06T03:29:39.000Z	11	19	0.0516	0.0516	0.0396	0.0682	0.2011	0.0023	0.4575
2023-12-01	335	h10v03	MOD10A1.A2023335.h10v03.061.2023340034225	terra	https://modiseuwest.blob.core.windows.net/modis-061-cogs/MOD10A1/10/03/2023335/MOD10A1.A2023335.h10v03.061.2023340034225_NDSI_Snow_Cover.tif	831883	wOo3/sY9Uibrt3uNsUwlWA==	c0ea37fec63d5226ebb77b8db14c2558	1	1	-	2023-12-06T03:49:15.000Z	11	88	0.0352	0.0339	0.2867	0.0011	0.3839	0.0026	0.0
2023-12-01	335	h10v04	MOD10A1.A2023335.h10v04.061.2023340033125	terra	https://modiseuwest.blob.core.windows.net/modis-061-cogs/MOD10A1/10/04/2023335/MOD10A1.A2023335.h10v04.061.2023340033125_NDSI_Snow_Cover.tif	884225	5z/EFM901N+CyhQ4K9YkwQ==	e73fc414cf74d4df82ca14382bd624c1	1	1	-	2023-12-06T03:38:06.000Z	4	81	0.1548	0.1149	0.5021	0.0018	0.0029	0.0027	0.0
2023-12-01	335	h10v05	MOD10A1.A2023335.h10v05.061.2023340034412	terra	https://modiseuwest.blob.core.windows.net/modis-061-cogs/MOD10A1/10/05/2023335/MOD10A1.A2023335.h10v05.061.2023340034412_NDSI_Snow_Cover.tif	310019	cGAkc4pAmj9UFj9/LuwAjg==	706024738a409a3f54163f7f2eec008e	1	1	-	2023-12-06T03:46:11.000Z	0	89	0.0947	0.0418	0.7569	0.0006	0.0143	0.0009	0.0
2023-12-01	335	h11v02	MOD10A1.A2023335.h11v02.061.2023340034225	terra	https://modiseuwest.blob.core.windows.net/modis-061-cogs/MOD10A1/11/02/2023335/MOD10A1.A2023335.h11v02.061.2023340034225_NDSI_Snow_Cover.tif	1421653	E6/ytICZtlUVNMnv7iacIA==	13aff2b48099b6551534c9efee269c20	1	1	-	2023-12-06T03:49:46.000Z	24	10	0.1612	0.1612	0.0165	0.4054	0.1393	0.0016	0.1269
2023-12-01	335	h11v03	MOD10A1.A2023335.h11v03.061.2023340034501	terra	https://modiseuwest.blob.core.windows.net/modis-061-cogs/MOD10A1/11/03/2023335/MOD10A1.A2023335.h11v03.061.2023340034501_NDSI_Snow_Cover.tif	2492287	mYcHPoNZQtKFHionRqa4aA==	9987073e835942d2851e2a2746a6b868	1	1	-	2023-12-06T03:47:10.000Z	33	60	0.3257	0.3019	0.3061	0.0017	0.0028	0.0029	0.0
2023-12-01	335	h11v04	MOD10A1.A2023335.h11v04.061.2023340035121	terra	https://modiseuwest.blob.core.windows.net/modis-061-cogs/MOD10A1/11/04/2023335/MOD10A1.A2023335.h11v04.061.2023340035121_NDSI_Snow_Cover.tif	671215	jGIUHXA90SOhviZgP9ju2A==	8c62141d703dd123a1be26603fd8eed8	1	1	-	2023-12-06T03:58:19.000Z	3	74	0.2207	0.1219	0.5888	0.001	0.0022	0.0049	0.0
2023-12-01	335	h11v05	MOD10A1.A2023335.h11v05.061.2023340033127	terra	https://modiseuwest.blob.core.windows.net/modis-061-cogs/MOD10A1/11/05/2023335/MOD10A1.A2023335.h11v05.061.2023340033127_NDSI_Snow_Cover.tif	147573	Q6MX4Udo7jySu9QEjfn1+Q==	43a317e14768ee3c92bbd4048df9f5f9	1	1	-	2023-12-06T03:38:06.000Z	0	98	0.0073	0.0046	0.5336	0.0002	0.393	0.0007	0.0
2023-12-01	335	h12v02	MOD10A1.A2023335.h12v02.061.2023340034226	terra	https://modiseuwest.blob.core.windows.net/modis-061-cogs/MOD10A1/12/02/2023335/MOD10A1.A2023335.h12v02.061.2023340034226_NDSI_Snow_Cover.tif	885210	Gsma5tmlybMcbpa5ak0g7g==	1ac99ae6d9a5c9b31c6e96b96a4d20ee	1	1	-	2023-12-06T03:52:48.000Z	12	17	0.0977	0.0977	0.0779	0.6377	0.0022	0.001	0.0594
2023-12-01	335	h12v03	MOD10A1.A2023335.h12v03.061.2023340034227	terra	https://modiseuwest.blob.core.windows.net/modis-061-cogs/MOD10A1/12/03/2023335/MOD10A1.A2023335.h12v03.061.2023340034227_NDSI_Snow_Cover.tif	2330004	5uC9pMaYfAZf9dsaXxVnkw==	e6e0bda4c6987c065ff5db1a5f156793	1	1	-	2023-12-06T03:53:37.000Z	41	59	0.3693	0.3693	0.4246	0.001	0.0018	0.0013	0.0
2023-12-01	335	h12v04	MOD10A1.A2023335.h12v04.061.2023340034227	terra	https://modiseuwest.blob.core.windows.net/modis-061-cogs/MOD10A1/12/04/2023335/MOD10A1.A2023335.h12v04.061.2023340034227_NDSI_Snow_Cover.tif	1195861	TU1iCO4hCO35ZsENlosFBA==	4d4d6208ee2108edf966c10d968b0504	1	1	-	2023-12-06T03:49:22.000Z	18	75	0.1615	0.1521	0.4996	0.0009	0.1236	0.0095	0.0
2023-12-01	335	h12v05	MOD10A1.A2023335.h12v05.061.2023340033128	terra	https://modiseuwest.blob.core.windows.net/modis-061-cogs/MOD10A1/12/05/2023335/MOD10A1.A2023335.h12v05.061.2023340033128_NDSI_Snow_Cover.tif	47845	hxA7+oRllANIDoc010FvGw==	87103bfa84659403480e8734d7416f1b	1	1	-	2023-12-06T03:38:01.000Z	0	99	0.0	0.0	0.0293	0.0	0.9623	0.0	0.0
2023-12-01	335	h13v02	MOD10A1.A2023335.h13v02.061.2023340035156	terra	https://modiseuwest.blob.core.windows.net/modis-061-cogs/MOD10A1/13/02/2023335/MOD10A1.A2023335.h13v02.061.2023340035156_NDSI_Snow_Cover.tif	384137	Cx6GzIIsMnVW9UgsO3snhw==	0b1e86cc822c327556f5482c3b7b2787	1	1	-	2023-12-06T03:58:50.000Z	5	15	0.0301	0.0301	0.0632	0.5812	0.1659	0.0018	0.0554
2023-12-01	335	h13v03	MOD10A1.A2023335.h13v03.061.2023340033607	terra	https://modiseuwest.blob.core.windows.net/modis-061-cogs/MOD10A1/13/03/2023335/MOD10A1.A2023335.h13v03.061.2023340033607_NDSI_Snow_Cover.tif	1347850	AR4xS4atz/Lxc9kXve0z7Q==	011e314b86adcff2f173d917bded33ed	1	1	-	2023-12-06T03:38:08.000Z	38	62	0.1843	0.1843	0.1983	0.001	0.3952	0.002	0.0
2023-12-01	335	h13v04	MOD10A1.A2023335.h13v04.061.2023340033759	terra	https://modiseuwest.blob.core.windows.net/modis-061-cogs/MOD10A1/13/04/2023335/MOD10A1.A2023335.h13v04.061.2023340033759_NDSI_Snow_Cover.tif	763162	03IP7VxKjpAvglBtHxGeFw==	d3720fed5c4a8e902f82506d1f119e17	1	1	-	2023-12-06T03:39:58.000Z	25	64	0.1039	0.0935	0.1349	0.0005	0.6178	0.0012	0.0
2023-12-01	335	h14v02	MOD10A1.A2023335.h14v02.061.2023340034123	terra	https://modiseuwest.blob.core.windows.net/modis-061-cogs/MOD10A1/14/02/2023335/MOD10A1.A2023335.h14v02.061.2023340034123_NDSI_Snow_Cover.tif	406897	exQGOIywGs4g2FPoD2KHgQ==	7b1406388cb01ace20d853e80f628781	1	1	-	2023-12-06T03:48:00.000Z	5	13	0.0152	0.0152	0.0244	0.3345	0.4097	0.0044	0.0495
2023-12-01	335	h14v03	MOD10A1.A2023335.h14v03.061.2023340034122	terra	https://modiseuwest.blob.core.windows.net/modis-061-cogs/MOD10A1/14/03/2023335/MOD10A1.A2023335.h14v03.061.2023340034122_NDSI_Snow_Cover.tif	994573	J5oALeELj5rH4K8EzAWyfA==	279a002de10b8f9ac7e0af04cc05b27c	1	1	-	2023-12-06T03:47:56.000Z	20	80	0.0687	0.0687	0.2438	0.0011	0.4219	0.0021	0.0
2023-12-01	335	h14v04	MOD10A1.A2023335.h14v04.061.2023340034123	terra	https://modiseuwest.blob.core.windows.net/modis-061-cogs/MOD10A1/14/04/2023335/MOD10A1.A2023335.h14v04.061.2023340034123_NDSI_Snow_Cover.tif	134642	b4RGd714tOm9jOqtMqMRrA==	6f844677bd78b4e9bd8ceaad32a311ac	1	1	-	2023-12-06T03:48:09.000Z	11	88	0.0064	0.0064	0.0506	0.0001	0.9086	0.0001	0.0
2023-12-01	335	h15v02	MOD10A1.A2023335.h15v02.061.2023340033759	terra	https://modiseuwest.blob.core.windows.net/modis-061-cogs/MOD10A1/15/02/2023335/MOD10A1.A2023335.h15v02.061.2023340033759_NDSI_Snow_Cover.tif	323626	35/iH9uz4pSE5xV5284p0w==	df9fe21fdbb3e29484e71579dbce29d3	1	1	-	2023-12-06T03:39:57.000Z	4	13	0.0099	0.0099	0.0275	0.2135	0.498	0.0034	0.1214
2023-12-01	335	h15v03	MOD10A1.A2023335.h15v03.061.2023340033752	terra	https://modiseuwest.blob.core.windows.net/modis-061-cogs/MOD10A1/15/03/2023335/MOD10A1.A2023335.h15v03.061.2023340033752_NDSI_Snow_Cover.tif	35524	OxIWonESjHaTL3aeEfuEng==	3b1216a271128c76932f769e11fb849e	1	1	-	2023-12-06T03:45:01.000Z	16	80	0.0	0.0	0.0	0.0	0.9986	0.0	0.0
2023-12-01	335	h15v05	MOD10A1.A2023335.h15v05.061.2023340033126	terra	https://modiseuwest.blob.core.windows.net/modis-061-cogs/MOD10A1/15/05/2023335/MOD10A1.A2023335.h15v05.061.2023340033126_NDSI_Snow_Cover.tif	37454	7hx/Jr6/Q+g7TKz18fpmNg==	ee1c7f26bebf43e83b4cacf5f1fa6636	1	1	-	2023-12-06T03:38:02.000Z	2	69	0.0004	0.0003	0.0004	0.0	0.9962	0.0	0.0
2023-12-01	335	h16v02	MOD10A1.A2023335.h16v02.061.2023340034909	terra	https://modiseuwest.blob.core.windows.net/modis-061-cogs/MOD10A1/16/02/2023335/MOD10A1.A2023335.h16v02.061.2023340034909_NDSI_Snow_Cover.tif	77480	DqRDGr+s1xLnQofAb2UIQA==	0ea4431abfacd712e74287c06f650840	1	1	-	2023-12-06T03:51:09.000Z	0	1	0.0001	0.0001	0.0015	0.1405	0.5641	0.0006	0.2754
2023-12-01	335	h16v05	MOD10A1.A2023335.h16v05.061.2023340035547	terra	https://modiseuwest.blob.core.windows.net/modis-061-cogs/MOD10A1/16/05/2023335/MOD10A1.A2023335.h16v05.061.2023340035547_NDSI_Snow_Cover.tif	33783	f9CJsnsjgd/NX3M8HHBu8Q==	7fd089b27b2381dfcd5f733c1c706ef1	1	1	-	2023-12-06T04:04:45.000Z	1	65	0.0	0.0	0.0004	0.0	0.9987	0.0	0.0
2023-12-01	335	h17v02	MOD10A1.A2023335.h17v02.061.2023340035545	terra	https://modiseuwest.blob.core.windows.net/modis-061-cogs/MOD10A1/17/02/2023335/MOD10A1.A2023335.h17v02.061.2023340035545_NDSI_Snow_Cover.tif	86157	CRjzAnADLLiUuzpTXg0Xow==	0918f30270032cb894bb3a535e0d17a3	1	1	-	2023-12-06T04:04:14.000Z	1	1	0.0005	0.0005	0.0	0.0776	0.8496	0.001	0.0425
2023-12-01	335	h17v03	MOD10A1.A2023335.h17v03.061.2023340034230	terra	https://modiseuwest.blob.core.windows.net/modis-061-cogs/MOD10A1/17/03/2023335/MOD10A1.A2023335.h17v03.061.2023340034230_NDSI_Snow_Cover.tif	686103	nzIkoDDzqrfKvbDCCrf6Kg==	9f3224a030f3aab7cabdb0c20ab7fa2a	1	1	-	2023-12-06T03:52:38.000Z	23	57	0.0809	0.069	0.0475	0.0008	0.7301	0.0016	0.0
2023-12-01	335	h17v04	MOD10A1.A2023335.h17v04.061.2023340035545	terra	https://modiseuwest.blob.core.windows.net/modis-061-cogs/MOD10A1/17/04/2023335/MOD10A1.A2023335.h17v04.061.2023340035545_NDSI_Snow_Cover.tif	388910	r/6lID3qc/WX9IpzQiyJ0g==	affea5203dea73f597f48a73422c89d2	1	1	-	2023-12-06T04:04:12.000Z	4	73	0.0713	0.0453	0.1272	0.0006	0.6768	0.001	0.0
2023-12-01	335	h17v05	MOD10A1.A2023335.h17v05.061.2023340035316	terra	https://modiseuwest.blob.core.windows.net/modis-061-cogs/MOD10A1/17/05/2023335/MOD10A1.A2023335.h17v05.061.2023340035316_NDSI_Snow_Cover.tif	420872	yhKZNBnBH27BvBPxRsWNlw==	ca12993419c11f6ec1bc13f146c58d97	1	1	-	2023-12-06T04:01:38.000Z	1	52	0.272	0.0703	0.1821	0.0005	0.3973	0.0011	0.0
2023-12-01	335	h18v02	MOD10A1.A2023335.h18v02.061.2023340035533	terra	https://modiseuwest.blob.core.windows.net/modis-061-cogs/MOD10A1/18/02/2023335/MOD10A1.A2023335.h18v02.061.2023340035533_NDSI_Snow_Cover.tif	732463	i0VuOY7Ywspk2ANyf+yQWQ==	8b456e398ed8c2ca64d803727fec9059	1	1	-	2023-12-06T04:02:42.000Z	16	17	0.0617	0.0617	0.035	0.2647	0.4635	0.0025	0.0421
2023-12-01	335	h18v03	MOD10A1.A2023335.h18v03.061.2023340035533	terra	https://modiseuwest.blob.core.windows.net/modis-061-cogs/MOD10A1/18/03/2023335/MOD10A1.A2023335.h18v03.061.2023340035533_NDSI_Snow_Cover.tif	907728	ji0oQRMwN1hBUybeNP8H6A==	8e2d284113303758415326de34ff07e8	1	1	-	2023-12-06T04:03:29.000Z	20	76	0.0998	0.0947	0.3069	0.0006	0.4396	0.0017	0.0
2023-12-01	335	h18v04	MOD10A1.A2023335.h18v04.061.2023340035410	terra	https://modiseuwest.blob.core.windows.net/modis-061-cogs/MOD10A1/18/04/2023335/MOD10A1.A2023335.h18v04.061.2023340035410_NDSI_Snow_Cover.tif	224032	RmR1RsFDhls1VtnFix0SJA==	46647546c143865b3556d9c58b1d1224	1	1	-	2023-12-06T03:56:30.000Z	1	94	0.0378	0.017	0.6171	0.0003	0.2615	0.0007	0.0
2023-12-01	335	h18v05	MOD10A1.A2023335.h18v05.061.2023340034935	terra	https://modiseuwest.blob.core.windows.net/modis-061-cogs/MOD10A1/18/05/2023335/MOD10A1.A2023335.h18v05.061.2023340034935_NDSI_Snow_Cover.tif	302182	9xuNUBM7W3I95LBy1ppRGg==	f71b8d50133b5b723de4b072d69a511a	1	1	-	2023-12-06T03:51:54.000Z	0	66	0.2101	0.0489	0.3159	0.0005	0.3395	0.0008	0.0
2023-12-01	335	h19v02	MOD10A1.A2023335.h19v02.061.2023340034229	terra	https://modiseuwest.blob.core.windows.net/modis-061-cogs/MOD10A1/19/02/2023335/MOD10A1.A2023335.h19v02.061.2023340034229_NDSI_Snow_Cover.tif	305123	8FC0+Ymud8GTi938fwVepA==	f050b4f989ae77c1938bddfc7f055ea4	1	1	-	2023-12-06T03:50:23.000Z	2	33	0.0106	0.0106	0.1904	0.4477	0.1764	0.0022	0.0461
2023-12-01	335	h19v03	MOD10A1.A2023335.h19v03.061.2023340034852	terra	https://modiseuwest.blob.core.windows.net/modis-061-cogs/MOD10A1/19/03/2023335/MOD10A1.A2023335.h19v03.061.2023340034852_NDSI_Snow_Cover.tif	916120	qxxkTYTmQEbMLMa7OjP4Hg==	ab1c644d84e64046cc2cc6bb3a33f81e	1	1	-	2023-12-06T03:51:47.000Z	11	89	0.0623	0.0623	0.5359	0.0011	0.1165	0.0022	0.0
2023-12-01	335	h19v04	MOD10A1.A2023335.h19v04.061.2023340034851	terra	https://modiseuwest.blob.core.windows.net/modis-061-cogs/MOD10A1/19/04/2023335/MOD10A1.A2023335.h19v04.061.2023340034851_NDSI_Snow_Cover.tif	315329	xis0PBnuUfQGMKAiCpncVQ==	c62b343c19ee51f40630a0220a99dc55	1	1	-	2023-12-06T03:51:40.000Z	1	94	0.0386	0.0263	0.7133	0.0005	0.1159	0.0011	0.0
2023-12-01	335	h19v05	MOD10A1.A2023335.h19v05.061.2023340035545	terra	https://modiseuwest.blob.core.windows.net/modis-061-cogs/MOD10A1/19/05/2023335/MOD10A1.A2023335.h19v05.061.2023340035545_NDSI_Snow_Cover.tif	170365	XEHoQC1N+MT9nappdMtn5g==	5c41e8402d4df8c4fd9daa6974cb67e6	1	1	-	2023-12-06T04:03:55.000Z	0	19	0.2299	0.0199	0.0298	0.0002	0.6725	0.0007	0.0
2023-12-01	335	h20v02	MOD10A1.A2023335.h20v02.061.2023340035534	terra	https://modiseuwest.blob.core.windows.net/modis-061-cogs/MOD10A1/20/02/2023335/MOD10A1.A2023335.h20v02.061.2023340035534_NDSI_Snow_Cover.tif	342234	N0M3MkaOFHXwB27rfOPi8g==	37433732468e1475f0076eeb7ce3e2f2	1	1	-	2023-12-06T04:04:05.000Z	4	28	0.0255	0.0255	0.2018	0.5823	0.0405	0.0013	0.0416
2023-12-01	335	h20v03	MOD10A1.A2023335.h20v03.061.2023340035535	terra	https://modiseuwest.blob.core.windows.net/modis-061-cogs/MOD10A1/20/03/2023335/MOD10A1.A2023335.h20v03.061.2023340035535_NDSI_Snow_Cover.tif	981310	GuLzYXNrlkYGWelMQuZahA==	1ae2f361736b96460659e94c42e65a84	1	1	-	2023-12-06T04:03:42.000Z	13	86	0.1013	0.1012	0.672	0.001	0.0021	0.0017	0.0
2023-12-01	335	h20v04	MOD10A1.A2023335.h20v04.061.2023340035650	terra	https://modiseuwest.blob.core.windows.net/modis-061-cogs/MOD10A1/20/04/2023335/MOD10A1.A2023335.h20v04.061.2023340035650_NDSI_Snow_Cover.tif	274946	Wpvf4w1/LO6ZU+XdWMrYBQ==	5a9bdfe30d7f2cee9953e5dd58cad805	1	1	-	2023-12-06T04:00:16.000Z	1	91	0.0494	0.0246	0.4941	0.0003	0.3555	0.0006	0.0
2023-12-01	335	h20v05	MOD10A1.A2023335.h20v05.061.2023340034857	terra	https://modiseuwest.blob.core.windows.net/modis-061-cogs/MOD10A1/20/05/2023335/MOD10A1.A2023335.h20v05.061.2023340034857_NDSI_Snow_Cover.tif	477845	6AdmgWj1wupQ60xlr+qggA==	e807668168f5c2ea50eb4c65afeaa080	1	1	-	2023-12-06T03:51:48.000Z	1	30	0.3266	0.0891	0.0467	0.0007	0.4727	0.0011	0.0
2023-12-01	335	h21v02	MOD10A1.A2023335.h21v02.061.2023340040328	terra	https://modiseuwest.blob.core.windows.net/modis-061-cogs/MOD10A1/21/02/2023335/MOD10A1.A2023335.h21v02.061.2023340040328_NDSI_Snow_Cover.tif	625190	JJ73pw7tXMS5oYM6VAjhxA==	249ef7a70eed5cc4b9a1833a5408e1c4	1	1	-	2023-12-06T04:10:07.000Z	9	21	0.0775	0.0775	0.149	0.6649	0.0007	0.0007	0.0271
2023-12-01	335	h21v03	MOD10A1.A2023335.h21v03.061.2023340035227	terra	https://modiseuwest.blob.core.windows.net/modis-061-cogs/MOD10A1/21/03/2023335/MOD10A1.A2023335.h21v03.061.2023340035227_NDSI_Snow_Cover.tif	545018	MBaMzJ52RpamQOwqNH+gkw==	30168ccc9e764696a640ec2a347fa093	1	1	-	2023-12-06T03:54:55.000Z	5	95	0.0294	0.0287	0.7664	0.0009	0.0018	0.0018	0.0
2023-12-01	335	h21v04	MOD10A1.A2023335.h21v04.061.2023340034230	terra	https://modiseuwest.blob.core.windows.net/modis-061-cogs/MOD10A1/21/04/2023335/MOD10A1.A2023335.h21v04.061.2023340034230_NDSI_Snow_Cover.tif	940140	UpspO1+t6wtCjV371AIKmg==	529b293b5fadeb0b428d5dfbd4020a9a	1	1	-	2023-12-06T03:49:53.000Z	6	65	0.2478	0.1335	0.4768	0.0011	0.0188	0.0346	0.0
2023-12-01	335	h21v05	MOD10A1.A2023335.h21v05.061.2023340034857	terra	https://modiseuwest.blob.core.windows.net/modis-061-cogs/MOD10A1/21/05/2023335/MOD10A1.A2023335.h21v05.061.2023340034857_NDSI_Snow_Cover.tif	713040	Lol20V3CkOTR27nC8ij/Cw==	2e8976d15dc290e4d1dbb9c2f228ff0b	1	1	-	2023-12-06T03:51:56.000Z	4	14	0.8049	0.1868	0.0412	0.0006	0.0022	0.0261	0.0
2023-12-01	335	h22v02	MOD10A1.A2023335.h22v02.061.2023340034858	terra	https://modiseuwest.blob.core.windows.net/modis-061-cogs/MOD10A1/22/02/2023335/MOD10A1.A2023335.h22v02.061.2023340034858_NDSI_Snow_Cover.tif	544615	gKRESxG7lHKLX+N/OoZwXw==	80a4444b11bb94728b5fe37f3a86705f	1	1	-	2023-12-06T03:56:06.000Z	6	24	0.0416	0.0416	0.1229	0.6633	0.0011	0.0014	0.0262
2023-12-01	335	h22v03	MOD10A1.A2023335.h22v03.061.2023340035412	terra	https://modiseuwest.blob.core.windows.net/modis-061-cogs/MOD10A1/22/03/2023335/MOD10A1.A2023335.h22v03.061.2023340035412_NDSI_Snow_Cover.tif	736067	/t/XhbPNWnOrQnmHR0H0Qg==	fedfd785b3cd5a73ab4279874741f442	1	1	-	2023-12-06T03:56:34.000Z	6	90	0.0678	0.0546	0.6907	0.0009	0.0024	0.0021	0.0
2023-12-01	335	h22v04	MOD10A1.A2023335.h22v04.061.2023340035545	terra	https://modiseuwest.blob.core.windows.net/modis-061-cogs/MOD10A1/22/04/2023335/MOD10A1.A2023335.h22v04.061.2023340035545_NDSI_Snow_Cover.tif	456869	vSMZvnSn+ytWlSL2ZJ2QaQ==	bd2319be74a7fb2b569522f6649d9069	1	1	-	2023-12-06T04:03:46.000Z	1	80	0.1742	0.0594	0.62	0.0009	0.0021	0.0026	0.0
2023-12-01	335	h22v05	MOD10A1.A2023335.h22v05.061.2023340040046	terra	https://modiseuwest.blob.core.windows.net/modis-061-cogs/MOD10A1/22/05/2023335/MOD10A1.A2023335.h22v05.061.2023340040046_NDSI_Snow_Cover.tif	520219	aD0LuB6hXCwvZ4hCJdZgRg==	683d0bb81ea15c2c2f67884225d66046	1	1	-	2023-12-06T04:03:21.000Z	1	38	0.5809	0.1087	0.231	0.0006	0.0043	0.0081	0.0002
2023-12-01	335	h23v02	MOD10A1.A2023335.h23v02.061.2023340035410	terra	https://modiseuwest.blob.core.windows.net/modis-061-cogs/MOD10A1/23/02/2023335/MOD10A1.A2023335.h23v02.061.2023340035410_NDSI_Snow_Cover.tif	1069048	JqZ8qhs1iQbt4WIVlR8ZZw==	26a67caa1b358906ede16215951f1967	1	1	-	2023-12-06T03:56:35.000Z	17	14	0.1432	0.1432	0.0487	0.6441	0.0008	0.0009	0.0404
2023-12-01	335	h23v03	MOD10A1.A2023335.h23v03.061.2023340034908	terra	https://modiseuwest.blob.core.windows.net/modis-061-cogs/MOD10A1/23/03/2023335/MOD10A1.A2023335.h23v03.061.2023340034908_NDSI_Snow_Cover.tif	1598064	/3RTXLQNMY4xJWtUEnRbzg==	ff74535cb40d318e31256b5412745bce	1	1	-	2023-12-06T03:51:39.000Z	21	78	0.1581	0.1544	0.53	0.0016	0.0027	0.0028	0.0
2023-12-01	335	h23v04	MOD10A1.A2023335.h23v04.061.2023340034908	terra	https://modiseuwest.blob.core.windows.net/modis-061-cogs/MOD10A1/23/04/2023335/MOD10A1.A2023335.h23v04.061.2023340034908_NDSI_Snow_Cover.tif	1049055	xRWu+j2VHGPscRt5/LKBIA==	c515aefa3d951c63ec711b79fcb28120	1	1	-	2023-12-06T03:51:40.000Z	7	64	0.3115	0.154	0.4632	0.001	0.0019	0.0057	0.0
2023-12-01	335	h23v05	MOD10A1.A2023335.h23v05.061.2023340035409	terra	https://modiseuwest.blob.core.windows.net/modis-061-cogs/MOD10A1/23/05/2023335/MOD10A1.A2023335.h23v05.061.2023340035409_NDSI_Snow_Cover.tif	1162805	6UZjw/TJKgtL9m0rcm4xCg==	e94663c3f4c92a0b4bf66d2b726e310a	1	1	-	2023-12-06T03:56:42.000Z	8	23	0.7296	0.2121	0.1091	0.0007	0.0008	0.0008	0.0
2023-12-01	335	h24v02	MOD10A1.A2023335.h24v02.061.2023340035544	terra	https://modiseuwest.blob.core.windows.net/modis-061-cogs/MOD10A1/24/02/2023335/MOD10A1.A2023335.h24v02.061.2023340035544_NDSI_Snow_Cover.tif	902959	UW3tDp2L2qiFxE4Gq+wIPA==	516ded0e9d8bdaa885c44e06abec083c	1	1	-	2023-12-06T04:03:20.000Z	11	20	0.0736	0.0736	0.0783	0.552	0.0055	0.0014	0.1257
2023-12-01	335	h24v03	MOD10A1.A2023335.h24v03.061.2023340034232	terra	https://modiseuwest.blob.core.windows.net/modis-061-cogs/MOD10A1/24/03/2023335/MOD10A1.A2023335.h24v03.061.2023340034232_NDSI_Snow_Cover.tif	2846449	65TT2pXyUre2/i68kfMC5A==	eb94d3da95f252b7b6fe2ebc91f302e4	1	1	-	2023-12-06T03:49:29.000Z	35	59	0.2985	0.2925	0.2335	0.0025	0.0041	0.0079	0.0
2023-12-01	335	h24v04	MOD10A1.A2023335.h24v04.061.2023340035121	terra	https://modiseuwest.blob.core.windows.net/modis-061-cogs/MOD10A1/24/04/2023335/MOD10A1.A2023335.h24v04.061.2023340035121_NDSI_Snow_Cover.tif	1806908	ZqC7Xt7FL4vnXqqU3jGAqA==	66a0bb5edec52f8be75eaa94de3180a8	1	1	-	2023-12-06T03:53:29.000Z	25	47	0.4752	0.2791	0.2909	0.0011	0.0014	0.0013	0.0
2023-12-01	335	h24v05	MOD10A1.A2023335.h24v05.061.2023340035034	terra	https://modiseuwest.blob.core.windows.net/modis-061-cogs/MOD10A1/24/05/2023335/MOD10A1.A2023335.h24v05.061.2023340035034_NDSI_Snow_Cover.tif	1102695	b4Smsbx/gmZt5MLQaEBr7A==	6f84a6b1bc7f82666de4c2d068406bec	1	1	-	2023-12-06T03:53:18.000Z	6	51	0.4459	0.168	0.2297	0.0014	0.0026	0.0027	0.0
2023-12-01	335	h25v02	MOD10A1.A2023335.h25v02.061.2023340035022	terra	https://modiseuwest.blob.core.windows.net/modis-061-cogs/MOD10A1/25/02/2023335/MOD10A1.A2023335.h25v02.061.2023340035022_NDSI_Snow_Cover.tif	527498	SQiyAAOiqvOBg6mp8Oru/w==	4908b20003a2aaf38183a9a9f0eaeeff	1	1	-	2023-12-06T03:52:53.000Z	6	21	0.0269	0.0269	0.093	0.2075	0.0629	0.0016	0.4571
2023-12-01	335	h25v03	MOD10A1.A2023335.h25v03.061.2023340035823	terra	https://modiseuwest.blob.core.windows.net/modis-061-cogs/MOD10A1/25/03/2023335/MOD10A1.A2023335.h25v03.061.2023340035823_NDSI_Snow_Cover.tif	2390925	LLIp5mY3AdEvIYl4vksiAQ==	2cb229e6663701d12f218978be4b2201	1	1	-	2023-12-06T04:07:08.000Z	34	52	0.3122	0.297	0.1405	0.0014	0.2112	0.0023	0.0
2023-12-01	335	h25v04	MOD10A1.A2023335.h25v04.061.2023340034126	terra	https://modiseuwest.blob.core.windows.net/modis-061-cogs/MOD10A1/25/04/2023335/MOD10A1.A2023335.h25v04.061.2023340034126_NDSI_Snow_Cover.tif	1534520	phtAaoGde0zZA5zGDc4AEA==	a61b406a819d7b4cd9039cc60dce0010	1	1	-	2023-12-06T03:47:58.000Z	26	29	0.6507	0.2444	0.1114	0.0013	0.002	0.0018	0.0
2023-12-01	335	h25v05	MOD10A1.A2023335.h25v05.061.2023340035941	terra	https://modiseuwest.blob.core.windows.net/modis-061-cogs/MOD10A1/25/05/2023335/MOD10A1.A2023335.h25v05.061.2023340035941_NDSI_Snow_Cover.tif	1632352	KgvAi4+ITNfWSlureBlXkw==	2a0bc08b8f884cd7d64a5bab78195793	1	1	-	2023-12-06T04:06:21.000Z	13	25	0.6992	0.319	0.073	0.0009	0.0017	0.0027	0.0008
2023-12-01	335	h26v02	MOD10A1.A2023335.h26v02.061.2023340035652	terra	https://modiseuwest.blob.core.windows.net/modis-061-cogs/MOD10A1/26/02/2023335/MOD10A1.A2023335.h26v02.061.2023340035652_NDSI_Snow_Cover.tif	331112	MBGaFuN4/g0Mv2+qHbIgBQ==	30119a16e378fe0d0cbf6faa1db22005	1	1	-	2023-12-06T03:59:11.000Z	4	5	0.02	0.02	0.0091	0.0018	0.097	0.0004	0.8126
2023-12-01	335	h26v03	MOD10A1.A2023335.h26v03.061.2023340035143	terra	https://modiseuwest.blob.core.windows.net/modis-061-cogs/MOD10A1/26/03/2023335/MOD10A1.A2023335.h26v03.061.2023340035143_NDSI_Snow_Cover.tif	1136848	x/Uwff2HmcMIDvmh5UE2Uw==	c7f5307dfd8799c3080ef9a1e5413653	1	1	-	2023-12-06T03:54:01.000Z	32	63	0.116	0.1127	0.1021	0.001	0.5701	0.0018	0.0
2023-12-01	335	h26v04	MOD10A1.A2023335.h26v04.061.2023340035318	terra	https://modiseuwest.blob.core.windows.net/modis-061-cogs/MOD10A1/26/04/2023335/MOD10A1.A2023335.h26v04.061.2023340035318_NDSI_Snow_Cover.tif	3060787	OcFgjZRKgEptbPfZ/G7coA==	39c1608d944a804a6d6cf7d9fc6edca0	1	1	-	2023-12-06T04:00:15.000Z	53	28	0.644	0.5141	0.0479	0.0017	0.0023	0.002	0.0
2023-12-01	335	h26v05	MOD10A1.A2023335.h26v05.061.2023340035416	terra	https://modiseuwest.blob.core.windows.net/modis-061-cogs/MOD10A1/26/05/2023335/MOD10A1.A2023335.h26v05.061.2023340035416_NDSI_Snow_Cover.tif	1080329	vbJAWbMsYgcZDBicl+9Lyw==	bdb24059b32c6207190c189c97ef4bcb	1	1	-	2023-12-06T03:56:43.000Z	5	37	0.5991	0.224	0.1764	0.0013	0.0015	0.0024	0.0
2023-12-01	335	h27v03	MOD10A1.A2023335.h27v03.061.2023340035546	terra	https://modiseuwest.blob.core.windows.net/modis-061-cogs/MOD10A1/27/03/2023335/MOD10A1.A2023335.h27v03.061.2023340035546_NDSI_Snow_Cover.tif	309063	30BKJ7EGm4QhrO3LNDRqHw==	df404a27b1069b8421acedcb34346a1f	1	1	-	2023-12-06T04:03:01.000Z	9	26	0.0129	0.0129	0.0319	0.0003	0.7027	0.001	0.1804
2023-12-01	335	h27v04	MOD10A1.A2023335.h27v04.061.2023340035631	terra	https://modiseuwest.blob.core.windows.net/modis-061-cogs/MOD10A1/27/04/2023335/MOD10A1.A2023335.h27v04.061.2023340035631_NDSI_Snow_Cover.tif	2036524	Z0s+iMGGldQI1Pkw1hmTag==	674b3e88c18695d408d4f930d619936a	1	1	-	2023-12-06T03:59:02.000Z	50	31	0.3536	0.2996	0.0206	0.001	0.3995	0.0017	0.0
2023-12-01	335	h27v05	MOD10A1.A2023335.h27v05.061.2023340035713	terra	https://modiseuwest.blob.core.windows.net/modis-061-cogs/MOD10A1/27/05/2023335/MOD10A1.A2023335.h27v05.061.2023340035713_NDSI_Snow_Cover.tif	494287	3FrBUJZZRoToEbokxcCrEw==	dc5ac15096594684e811ba24c5c0ab13	1	1	-	2023-12-06T03:59:26.000Z	1	25	0.5705	0.1656	0.1504	0.0003	0.1934	0.0009	0.0
2023-12-01	335	h28v03	MOD10A1.A2023335.h28v03.061.2023340034234	terra	https://modiseuwest.blob.core.windows.net/modis-061-cogs/MOD10A1/28/03/2023335/MOD10A1.A2023335.h28v03.061.2023340034234_NDSI_Snow_Cover.tif	43325	Z6XQfW9AkUH6gGkMDjTU7w==	67a5d07d6f409141fa80690c0e34d4ef	1	1	-	2023-12-06T03:50:13.000Z	0	0	0.0	0.0	0.0001	0.0	0.4336	0.0001	0.5636
2023-12-01	335	h28v04	MOD10A1.A2023335.h28v04.061.2023340034941	terra	https://modiseuwest.blob.core.windows.net/modis-061-cogs/MOD10A1/28/04/2023335/MOD10A1.A2023335.h28v04.061.2023340034941_NDSI_Snow_Cover.tif	177506	5CB6QD024VWz6ONwQO9+nw==	e4207a403d36e155b3e8e37040ef7e9f	1	1	-	2023-12-06T03:52:03.000Z	9	71	0.0179	0.0096	0.024	0.0002	0.8996	0.0008	0.0
2023-12-01	335	h28v05	MOD10A1.A2023335.h28v05.061.2023340034234	terra	https://modiseuwest.blob.core.windows.net/modis-061-cogs/MOD10A1/28/05/2023335/MOD10A1.A2023335.h28v05.061.2023340034234_NDSI_Snow_Cover.tif	302657	vpkbURYZIQaUxptsKJlD7A==	be991b511619210694c69b6c289943ec	1	1	-	2023-12-06T03:50:14.000Z	2	32	0.1635	0.0608	0.0468	0.0003	0.7037	0.0014	0.0
2023-12-01	335	h29v03	MOD10A1.A2023335.h29v03.061.2023340033751	terra	https://modiseuwest.blob.core.windows.net/modis-061-cogs/MOD10A1/29/03/2023335/MOD10A1.A2023335.h29v03.061.2023340033751_NDSI_Snow_Cover.tif	38157	kBXUGLSvaN9mg4QMg9FhPg==	9015d418b4af68df6683840c83d1613e	1	1	-	2023-12-06T03:44:33.000Z	0	0	0.0	0.0	0.0	0.0	0.0683	0.0	0.9298
2023-12-01	335	h29v05	MOD10A1.A2023335.h29v05.061.2023340035412	terra	https://modiseuwest.blob.core.windows.net/modis-061-cogs/MOD10A1/29/05/2023335/MOD10A1.A2023335.h29v05.061.2023340035412_NDSI_Snow_Cover.tif	218555	8w3Vnw7fTQOaxoHLSBY5/Q==	f30dd59f0edf4d039ac681cb481639fd	1	1	-	2023-12-06T03:56:21.000Z	4	68	0.0417	0.0213	0.0562	0.0003	0.8303	0.0007	0.0
2023-12-01	335	h30v05	MOD10A1.A2023335.h30v05.061.2023340035826	terra	https://modiseuwest.blob.core.windows.net/modis-061-cogs/MOD10A1/30/05/2023335/MOD10A1.A2023335.h30v05.061.2023340035826_NDSI_Snow_Cover.tif	31949	qxAU8oTePuSWwFf31yCNxg==	ab1014f284de3ee496c057f7d7208dc6	1	1	-	2023-12-06T04:06:47.000Z	0	33	0.0	0.0	0.0	0.0	0.9999	0.0	0.0
2023-12-15	349	h06v03	MOD10A1.A2023349.h06v03.061.2023351025651	terra	https://modiseuwest.blob.core.windows.net/modis-061-cogs/MOD10A1/06/03/2023349/MOD10A1.A2023349.h06v03.061.2023351025651_NDSI_Snow_Cover.tif	36702	PvMK73gELBBTxdZ5rxDhpA==	3ef30aef78042c1053c5d679af10e1a4	1	1	-	2023-12-17T02:59:42.000Z	0	0	0.0	0.0	0.0	0.0	0.0687	0.0	0.9303
2023-12-15	349	h07v03	MOD10A1.A2023349.h07v03.061.2023351025556	terra	https://modiseuwest.blob.core.windows.net/modis-061-cogs/MOD10A1/07/03/2023349/MOD10A1.A2023349.h07v03.061.2023351025556_NDSI_Snow_Cover.tif	51941	kMRBK0z54St+oiEAW7dLrQ==	90c4412b4cf9e12b7ea221005bb74bad	1	1	-	2023-12-17T02:58:11.000Z	0	1	0.0	0.0	0.0007	0.0	0.4258	0.0001	0.5641
2023-12-15	349	h07v05	MOD10A1.A2023349.h07v05.061.2023351030018	terra	https://modiseuwest.blob.core.windows.net/modis-061-cogs/MOD10A1/07/05/2023349/MOD10A1.A2023349.h07v05.061.2023351030018_NDSI_Snow_Cover.tif	32350	gC5TV4HWvBPopg4cZkBUag==	802e535781d6bc13e8a60e1c6640546a	1	1	-	2023-12-17T03:02:59.000Z	0	0	0.0004	0.0001	0.0	0.0	0.9992	0.0	0.0
2023-12-15	349	h08v03	MOD10A1.A2023349.h08v03.061.2023351025506	terra	https://modiseuwest.blob.core.windows.net/modis-061-cogs/MOD10A1/08/03/2023349/MOD10A1.A2023349.h08v03.061.2023351025506_NDSI_Snow_Cover.tif	132307	dm8qbenmyd0jf8We7/5x0w==	766f2a6de9e6c9dd237fc59eeffe71d3	1	1	-	2023-12-17T02:57:50.000Z	5	2	0.0068	0.0068	0.0002	0.0001	0.7882	0.0004	0.1808
2023-12-15	349	h08v04	MOD10A1.A2023349.h08v04.061.2023351030438	terra	https://modiseuwest.blob.core.windows.net/modis-061-cogs/MOD10A1/08/04/2023349/MOD10A1.A2023349.h08v04.061.2023351030438_NDSI_Snow_Cover.tif	169754	esmoIjFHgcmk3emhB7PWQA==	7ac9a822314781c9a4dde9a107b3d640	1	1	-	2023-12-17T03:07:00.000Z	7	66	0.0286	0.0206	0.0302	0.0001	0.9036	0.0003	0.0
2023-12-15	349	h08v05	MOD10A1.A2023349.h08v05.061.2023351025028	terra	https://modiseuwest.blob.core.windows.net/modis-061-cogs/MOD10A1/08/05/2023349/MOD10A1.A2023349.h08v05.061.2023351025028_NDSI_Snow_Cover.tif	501718	X83a63Q3B2T/1FG2McwMPw==	5fcddaeb74370764ffd451b631cc0c3f	1	1	-	2023-12-17T02:53:12.000Z	1	32	0.5198	0.1183	0.1151	0.0007	0.2047	0.0013	0.0
2023-12-15	349	h09v02	MOD10A1.A2023349.h09v02.061.2023351025503	terra	https://modiseuwest.blob.core.windows.net/modis-061-cogs/MOD10A1/09/02/2023349/MOD10A1.A2023349.h09v02.061.2023351025503_NDSI_Snow_Cover.tif	84486	dj6pahf5vjLRpgkc30JgdA==	763ea96a17f9be32d1a6091cdf426074	1	1	-	2023-12-17T02:57:48.000Z	1	1	0.0039	0.0039	0.0015	0.0	0.1705	0.0001	0.8129
2023-12-15	349	h09v03	MOD10A1.A2023349.h09v03.061.2023351025959	terra	https://modiseuwest.blob.core.windows.net/modis-061-cogs/MOD10A1/09/03/2023349/MOD10A1.A2023349.h09v03.061.2023351025959_NDSI_Snow_Cover.tif	347406	FabawoOyxNG95k0F6Mbv0w==	15a6dac283b2c4d1bde64d05e8c6efd3	1	1	-	2023-12-17T03:02:23.000Z	42	56	0.0224	0.0224	0.0157	0.0004	0.8855	0.0007	0.0
2023-12-15	349	h09v04	MOD10A1.A2023349.h09v04.061.2023351025341	terra	https://modiseuwest.blob.core.windows.net/modis-061-cogs/MOD10A1/09/04/2023349/MOD10A1.A2023349.h09v04.061.2023351025341_NDSI_Snow_Cover.tif	1500277	zqC8SwMnWacRm2/VJb99+Q==	cea0bc4b032759a7119b6fd525bf7df9	1	1	-	2023-12-17T02:56:08.000Z	26	47	0.3303	0.2341	0.1652	0.0009	0.3101	0.0018	0.0
2023-12-15	349	h09v05	MOD10A1.A2023349.h09v05.061.2023351025531	terra	https://modiseuwest.blob.core.windows.net/modis-061-cogs/MOD10A1/09/05/2023349/MOD10A1.A2023349.h09v05.061.2023351025531_NDSI_Snow_Cover.tif	1292699	BDtYB0Yw5ZdrB1D3ueriKQ==	043b58074630e5976b0750f7b9eae229	1	1	-	2023-12-17T02:59:05.000Z	16	41	0.5593	0.2509	0.2138	0.0011	0.0019	0.0019	0.0
2023-12-15	349	h10v02	MOD10A1.A2023349.h10v02.061.2023351025818	terra	https://modiseuwest.blob.core.windows.net/modis-061-cogs/MOD10A1/10/02/2023349/MOD10A1.A2023349.h10v02.061.2023351025818_NDSI_Snow_Cover.tif	319274	Si4GLNr/P/e0Qrvdq+mb2A==	4a2e062cdaff3ff7b442bbddabe99bd8	1	1	-	2023-12-17T03:01:07.000Z	3	13	0.0082	0.0082	0.0385	0.1693	0.2041	0.0017	0.4577
2023-12-15	349	h10v03	MOD10A1.A2023349.h10v03.061.2023351025439	terra	https://modiseuwest.blob.core.windows.net/modis-061-cogs/MOD10A1/10/03/2023349/MOD10A1.A2023349.h10v03.061.2023351025439_NDSI_Snow_Cover.tif	877532	4qZO4HHiTDcG33fGF+lXEA==	e2a64ee071e24c3706df77c617e95710	1	1	-	2023-12-17T02:58:11.000Z	14	84	0.0473	0.0396	0.3314	0.0009	0.3774	0.0019	0.0
2023-12-15	349	h10v04	MOD10A1.A2023349.h10v04.061.2023351025637	terra	https://modiseuwest.blob.core.windows.net/modis-061-cogs/MOD10A1/10/04/2023349/MOD10A1.A2023349.h10v04.061.2023351025637_NDSI_Snow_Cover.tif	1402430	RiyLgqZ8xnnznftF1VIgDQ==	462c8b82a67cc679f39dfb45d552200d	1	1	-	2023-12-17T02:59:08.000Z	11	54	0.4248	0.2328	0.3129	0.0013	0.0017	0.0022	0.0
2023-12-15	349	h10v05	MOD10A1.A2023349.h10v05.061.2023351025500	terra	https://modiseuwest.blob.core.windows.net/modis-061-cogs/MOD10A1/10/05/2023349/MOD10A1.A2023349.h10v05.061.2023351025500_NDSI_Snow_Cover.tif	465769	+Hk6bx/Z+UG1ZHWw5Pq9Mg==	f8793a6f1fd9f941b56475b0e4fabd32	1	1	-	2023-12-17T02:58:13.000Z	1	51	0.4662	0.1113	0.3748	0.0007	0.0144	0.0011	0.0
2023-12-15	349	h11v02	MOD10A1.A2023349.h11v02.061.2023351025657	terra	https://modiseuwest.blob.core.windows.net/modis-061-cogs/MOD10A1/11/02/2023349/MOD10A1.A2023349.h11v02.061.2023351025657_NDSI_Snow_Cover.tif	537773	+Ka7o8OKUALWHnpZyRnyGg==	f8a6bba3c38a5002d61e7a59c919f21a	1	1	-	2023-12-17T02:59:18.000Z	7	9	0.0422	0.0422	0.0305	0.5198	0.0674	0.0015	0.2343
2023-12-15	349	h11v03	MOD10A1.A2023349.h11v03.061.2023351025439	terra	https://modiseuwest.blob.core.windows.net/modis-061-cogs/MOD10A1/11/03/2023349/MOD10A1.A2023349.h11v03.061.2023351025439_NDSI_Snow_Cover.tif	1588978	RkalYKJ2rvWfwQawCYAoVQ==	4646a560a276aef59fc106b009802855	1	1	-	2023-12-17T02:58:16.000Z	20	65	0.3016	0.2175	0.4835	0.0011	0.0017	0.0017	0.0
2023-12-15	349	h11v04	MOD10A1.A2023349.h11v04.061.2023351025543	terra	https://modiseuwest.blob.core.windows.net/modis-061-cogs/MOD10A1/11/04/2023349/MOD10A1.A2023349.h11v04.061.2023351025543_NDSI_Snow_Cover.tif	515655	JYDiG9lbVD0KWQzoP5Awrw==	2580e21bd95b543d0a590ce83f9030af	1	1	-	2023-12-17T02:58:10.000Z	4	80	0.1611	0.0693	0.6649	0.0009	0.0021	0.0139	0.0
2023-12-15	349	h11v05	MOD10A1.A2023349.h11v05.061.2023351025456	terra	https://modiseuwest.blob.core.windows.net/modis-061-cogs/MOD10A1/11/05/2023349/MOD10A1.A2023349.h11v05.061.2023351025456_NDSI_Snow_Cover.tif	247876	UQ+n2upOMxUip2iNo1ocaA==	510fa7daea4e331522a7688da35a1c68	1	1	-	2023-12-17T02:57:33.000Z	0	9	0.5346	0.0789	0.0258	0.0003	0.3884	0.0005	0.0
2023-12-15	349	h12v02	MOD10A1.A2023349.h12v02.061.2023351025650	terra	https://modiseuwest.blob.core.windows.net/modis-061-cogs/MOD10A1/12/02/2023349/MOD10A1.A2023349.h12v02.061.2023351025650_NDSI_Snow_Cover.tif	127521	gS00aCsa2te7VDFoo8xJSA==	812d34682b1adad7bb543168a3cc4948	1	1	-	2023-12-17T02:59:45.000Z	1	14	0.0078	0.0078	0.1178	0.6206	0.0002	0.0002	0.2243
2023-12-15	349	h12v03	MOD10A1.A2023349.h12v03.061.2023351025817	terra	https://modiseuwest.blob.core.windows.net/modis-061-cogs/MOD10A1/12/03/2023349/MOD10A1.A2023349.h12v03.061.2023351025817_NDSI_Snow_Cover.tif	3321787	8c0IahGpynWgGpKUcmcFUw==	f1cd086a11a9ca75a01a929472670553	1	1	-	2023-12-17T03:01:05.000Z	55	45	0.4912	0.4912	0.2311	0.0013	0.0026	0.002	0.0
2023-12-15	349	h12v04	MOD10A1.A2023349.h12v04.061.2023351025623	terra	https://modiseuwest.blob.core.windows.net/modis-061-cogs/MOD10A1/12/04/2023349/MOD10A1.A2023349.h12v04.061.2023351025623_NDSI_Snow_Cover.tif	873403	p148KSGCn3Tke9lndc/QxQ==	a75e3c2921829f74e47bd96775cfd0c5	1	1	-	2023-12-17T02:58:33.000Z	5	66	0.2174	0.1178	0.4137	0.0013	0.1193	0.0228	0.0
2023-12-15	349	h12v05	MOD10A1.A2023349.h12v05.061.2023351025554	terra	https://modiseuwest.blob.core.windows.net/modis-061-cogs/MOD10A1/12/05/2023349/MOD10A1.A2023349.h12v05.061.2023351025554_NDSI_Snow_Cover.tif	66683	O9AXR/4Ov3Hm/hgJA2tgoQ==	3bd01747fe0ebf71e6fe1809036b60a1	1	1	-	2023-12-17T02:58:16.000Z	1	1	0.0324	0.0099	0.0001	0.0	0.9588	0.0001	0.0
2023-12-15	349	h13v02	MOD10A1.A2023349.h13v02.061.2023351025529	terra	https://modiseuwest.blob.core.windows.net/modis-061-cogs/MOD10A1/13/02/2023349/MOD10A1.A2023349.h13v02.061.2023351025529_NDSI_Snow_Cover.tif	161523	sYoBERhECYt4CoIcXPSqQg==	b18a01111844098b780a821c5cf4aa42	1	1	-	2023-12-17T02:58:00.000Z	2	6	0.0098	0.0098	0.0322	0.5514	0.1423	0.0008	0.2239
2023-12-15	349	h13v03	MOD10A1.A2023349.h13v03.061.2023351025558	terra	https://modiseuwest.blob.core.windows.net/modis-061-cogs/MOD10A1/13/03/2023349/MOD10A1.A2023349.h13v03.061.2023351025558_NDSI_Snow_Cover.tif	500756	6ts+BDErhac2reTzMg3GcQ==	eadb3e04312b85a736ade4f3320dc671	1	1	-	2023-12-17T02:59:26.000Z	8	92	0.0296	0.0296	0.403	0.0005	0.4011	0.0017	0.0
2023-12-15	349	h13v04	MOD10A1.A2023349.h13v04.061.2023351025457	terra	https://modiseuwest.blob.core.windows.net/modis-061-cogs/MOD10A1/13/04/2023349/MOD10A1.A2023349.h13v04.061.2023351025457_NDSI_Snow_Cover.tif	414762	goKdyGPAvlEHYzGCSU8vaQ==	82829dc863c0be5107633182494f2f69	1	1	-	2023-12-17T02:57:32.000Z	6	80	0.0549	0.042	0.2147	0.0004	0.6166	0.0013	0.0
2023-12-15	349	h14v02	MOD10A1.A2023349.h14v02.061.2023351025439	terra	https://modiseuwest.blob.core.windows.net/modis-061-cogs/MOD10A1/14/02/2023349/MOD10A1.A2023349.h14v02.061.2023351025439_NDSI_Snow_Cover.tif	191319	Jp2ddDULvvE+G+GW40B81g==	269d9d74350bbef13e1be196e3407cd6	1	1	-	2023-12-17T02:58:05.000Z	1	10	0.0016	0.0016	0.0407	0.2748	0.3599	0.0031	0.2235
2023-12-15	349	h14v03	MOD10A1.A2023349.h14v03.061.2023351030836	terra	https://modiseuwest.blob.core.windows.net/modis-061-cogs/MOD10A1/14/03/2023349/MOD10A1.A2023349.h14v03.061.2023351030836_NDSI_Snow_Cover.tif	571924	h0ain9GRjD2gadKV9OOAFA==	8746a29fd1918c3da069d295f4e38014	1	1	-	2023-12-17T03:17:52.000Z	9	91	0.0256	0.0256	0.3639	0.0007	0.4193	0.0016	0.0
2023-12-15	349	h14v04	MOD10A1.A2023349.h14v04.061.2023351024930	terra	https://modiseuwest.blob.core.windows.net/modis-061-cogs/MOD10A1/14/04/2023349/MOD10A1.A2023349.h14v04.061.2023351024930_NDSI_Snow_Cover.tif	119974	doQ1foNCdin/YJbqaLqjRA==	7684357e83427629ff6096ea68baa344	1	1	-	2023-12-17T02:52:09.000Z	4	94	0.0024	0.0023	0.0475	0.0001	0.9095	0.0004	0.0
2023-12-15	349	h15v02	MOD10A1.A2023349.h15v02.061.2023351030445	terra	https://modiseuwest.blob.core.windows.net/modis-061-cogs/MOD10A1/15/02/2023349/MOD10A1.A2023349.h15v02.061.2023351030445_NDSI_Snow_Cover.tif	261598	E6KHB++D5iM1gw86IA9KkA==	13a28707ef83e62335830f3a200f4a90	1	1	-	2023-12-17T03:12:52.000Z	3	3	0.0119	0.0119	0.003	0.2163	0.4594	0.0023	0.2168
2023-12-15	349	h15v03	MOD10A1.A2023349.h15v03.061.2023351030419	terra	https://modiseuwest.blob.core.windows.net/modis-061-cogs/MOD10A1/15/03/2023349/MOD10A1.A2023349.h15v03.061.2023351030419_NDSI_Snow_Cover.tif	37019	3bVyxnHk7nL+R4JF5raQ0w==	ddb572c671e4ee72fe478245e6b690d3	1	1	-	2023-12-17T03:14:22.000Z	51	47	0.0001	0.0001	0.0	0.0	0.9985	0.0	0.0
2023-12-15	349	h15v05	MOD10A1.A2023349.h15v05.061.2023351025532	terra	https://modiseuwest.blob.core.windows.net/modis-061-cogs/MOD10A1/15/05/2023349/MOD10A1.A2023349.h15v05.061.2023351025532_NDSI_Snow_Cover.tif	36163	PXuCw6QDlYo6ztDX8CM3SA==	3d7b82c3a403958a3aced0d7f0233748	1	1	-	2023-12-17T02:57:45.000Z	1	97	0.0	0.0	0.0005	0.0	0.9971	0.0	0.0
2023-12-15	349	h16v02	MOD10A1.A2023349.h16v02.061.2023351024930	terra	https://modiseuwest.blob.core.windows.net/modis-061-cogs/MOD10A1/16/02/2023349/MOD10A1.A2023349.h16v02.061.2023351024930_NDSI_Snow_Cover.tif	67758	YNi95XNCmMH/OU23rlkCjQ==	60d8bde5734298c1ff394db7ae59028d	1	1	-	2023-12-17T02:52:21.000Z	0	0	0.0	0.0	0.0	0.1909	0.5711	0.0006	0.2181
2023-12-15	349	h16v05	MOD10A1.A2023349.h16v05.061.2023351030541	terra	https://modiseuwest.blob.core.windows.net/modis-061-cogs/MOD10A1/16/05/2023349/MOD10A1.A2023349.h16v05.061.2023351030541_NDSI_Snow_Cover.tif	35241	ZAY8kA2V0myH1km7xfuhmA==	64063c900d95d26c87d649bbc5fba198	1	1	-	2023-12-17T03:15:59.000Z	3	41	0.0002	0.0002	0.0	0.0	0.9985	0.0	0.0
2023-12-15	349	h17v02	MOD10A1.A2023349.h17v02.061.2023351025653	terra	https://modiseuwest.blob.core.windows.net/modis-061-cogs/MOD10A1/17/02/2023349/MOD10A1.A2023349.h17v02.061.2023351025653_NDSI_Snow_Cover.tif	71013	0T2zP7wsr/OacrsLk2SUEQ==	d13db33fbc2caff39a72bb0b93649411	1	1	-	2023-12-17T02:59:48.000Z	0	0	0.0	0.0	0.0005	0.0691	0.6859	0.0009	0.2182
2023-12-15	349	h17v03	MOD10A1.A2023349.h17v03.061.2023351030414	terra	https://modiseuwest.blob.core.windows.net/modis-061-cogs/MOD10A1/17/03/2023349/MOD10A1.A2023349.h17v03.061.2023351030414_NDSI_Snow_Cover.tif	153725	4h0u9w8NfICuy+Do2ekAPQ==	e21d2ef70f0d7c80aecbe0e8d9e9003d	1	1	-	2023-12-17T03:13:19.000Z	1	98	0.0034	0.0028	0.1914	0.0001	0.7457	0.0002	0.0
2023-12-15	349	h17v04	MOD10A1.A2023349.h17v04.061.2023351030415	terra	https://modiseuwest.blob.core.windows.net/modis-061-cogs/MOD10A1/17/04/2023349/MOD10A1.A2023349.h17v04.061.2023351030415_NDSI_Snow_Cover.tif	323798	/iGW915TjbVT6qTFjyYpEQ==	fe2196f75e538db553eaa4c58f262911	1	1	-	2023-12-17T03:12:21.000Z	2	52	0.1412	0.0612	0.0937	0.0004	0.6776	0.0007	0.0
2023-12-15	349	h17v05	MOD10A1.A2023349.h17v05.061.2023351025438	terra	https://modiseuwest.blob.core.windows.net/modis-061-cogs/MOD10A1/17/05/2023349/MOD10A1.A2023349.h17v05.061.2023351025438_NDSI_Snow_Cover.tif	351663	nBFF/0Xe+2k/EzQQ2bUe3w==	9c1145ff45defb693f133410d9b51edf	1	1	-	2023-12-17T02:57:50.000Z	0	8	0.5466	0.136	0.0019	0.0002	0.3909	0.0005	0.0
2023-12-15	349	h18v02	MOD10A1.A2023349.h18v02.061.2023351031518	terra	https://modiseuwest.blob.core.windows.net/modis-061-cogs/MOD10A1/18/02/2023349/MOD10A1.A2023349.h18v02.061.2023351031518_NDSI_Snow_Cover.tif	186455	NsoNYLz7PHS+1+Atv7SsWg==	36ca0d60bcfb3c74bed7e02dbfb4ac5a	1	1	-	2023-12-17T03:23:23.000Z	1	13	0.0042	0.0042	0.0556	0.2884	0.3558	0.002	0.2227
2023-12-15	349	h18v03	MOD10A1.A2023349.h18v03.061.2023351030439	terra	https://modiseuwest.blob.core.windows.net/modis-061-cogs/MOD10A1/18/03/2023349/MOD10A1.A2023349.h18v03.061.2023351030439_NDSI_Snow_Cover.tif	294686	InfWSPjfN2lwHPd++b85Ww==	2277d648f8df3769701cf77ef9bf395b	1	1	-	2023-12-17T03:07:07.000Z	2	97	0.0097	0.0088	0.4181	0.0002	0.4483	0.0009	0.0
2023-12-15	349	h18v04	MOD10A1.A2023349.h18v04.061.2023351030542	terra	https://modiseuwest.blob.core.windows.net/modis-061-cogs/MOD10A1/18/04/2023349/MOD10A1.A2023349.h18v04.061.2023351030542_NDSI_Snow_Cover.tif	922185	3IEBgFVMR+EivXS00Efa6g==	dc810180554c47e122bd74b4d047daea	1	1	-	2023-12-17T03:15:05.000Z	7	57	0.275	0.1576	0.2868	0.001	0.2537	0.0016	0.0
2023-12-15	349	h18v05	MOD10A1.A2023349.h18v05.061.2023351031818	terra	https://modiseuwest.blob.core.windows.net/modis-061-cogs/MOD10A1/18/05/2023349/MOD10A1.A2023349.h18v05.061.2023351031818_NDSI_Snow_Cover.tif	335588	NUzqgsojeNIai4Lb35qMGw==	354cea82ca2378d21a8b82dbdf9a8c1b	1	1	-	2023-12-17T03:29:55.000Z	1	13	0.5526	0.0713	0.0126	0.0005	0.3347	0.0009	0.0
2023-12-15	349	h19v02	MOD10A1.A2023349.h19v02.061.2023351030835	terra	https://modiseuwest.blob.core.windows.net/modis-061-cogs/MOD10A1/19/02/2023349/MOD10A1.A2023349.h19v02.061.2023351030835_NDSI_Snow_Cover.tif	138243	ymiFzmSiXR5TL4vVwHTblQ==	ca6885ce64a25d1e532f8bd5c074db95	1	1	-	2023-12-17T03:17:19.000Z	0	15	0.0021	0.0021	0.1079	0.5141	0.0897	0.0013	0.2237
2023-12-15	349	h19v03	MOD10A1.A2023349.h19v03.061.2023351030445	terra	https://modiseuwest.blob.core.windows.net/modis-061-cogs/MOD10A1/19/03/2023349/MOD10A1.A2023349.h19v03.061.2023351030445_NDSI_Snow_Cover.tif	566827	juX98dzU6wEvRXV2ZvnmhA==	8ee5fdf1dcd4eb012f45757666f9e684	1	1	-	2023-12-17T03:14:03.000Z	6	94	0.0368	0.0365	0.6797	0.0006	0.117	0.0012	0.0
2023-12-15	349	h19v04	MOD10A1.A2023349.h19v04.061.2023351025440	terra	https://modiseuwest.blob.core.windows.net/modis-061-cogs/MOD10A1/19/04/2023349/MOD10A1.A2023349.h19v04.061.2023351025440_NDSI_Snow_Cover.tif	544810	cozeP5UDClQUXixnuLPNow==	728cde3f95030a54145e2c67b8b3cda3	1	1	-	2023-12-17T02:57:42.000Z	3	88	0.0874	0.0594	0.6364	0.0007	0.1098	0.0014	0.0
2023-12-15	349	h19v05	MOD10A1.A2023349.h19v05.061.2023351030542	terra	https://modiseuwest.blob.core.windows.net/modis-061-cogs/MOD10A1/19/05/2023349/MOD10A1.A2023349.h19v05.061.2023351030542_NDSI_Snow_Cover.tif	317941	wAY0MP9R472oGgOi+zgI2w==	c0063430ff51e3bda81a03a2fb3808db	1	1	-	2023-12-17T03:15:15.000Z	1	64	0.0952	0.0404	0.0866	0.0006	0.6824	0.0011	0.0002
2023-12-15	349	h20v02	MOD10A1.A2023349.h20v02.061.2023351024930	terra	https://modiseuwest.blob.core.windows.net/modis-061-cogs/MOD10A1/20/02/2023349/MOD10A1.A2023349.h20v02.061.2023351024930_NDSI_Snow_Cover.tif	55486	ZFVHon91P2T4m5gWxDbl7A==	645547a27f753f64f89b9816c436e5ec	1	1	-	2023-12-17T02:52:13.000Z	0	16	0.0	0.0	0.153	0.5979	0.01	0.0003	0.2201
2023-12-15	349	h20v03	MOD10A1.A2023349.h20v03.061.2023351025548	terra	https://modiseuwest.blob.core.windows.net/modis-061-cogs/MOD10A1/20/03/2023349/MOD10A1.A2023349.h20v03.061.2023351025548_NDSI_Snow_Cover.tif	471749	EmMUDeDW/+9fxwG9S3PVVQ==	1263140de0d6ffef5fc701bd4b73d555	1	1	-	2023-12-17T02:58:07.000Z	6	94	0.0401	0.0401	0.8629	0.0005	0.0008	0.0008	0.0
2023-12-15	349	h20v04	MOD10A1.A2023349.h20v04.061.2023351025817	terra	https://modiseuwest.blob.core.windows.net/modis-061-cogs/MOD10A1/20/04/2023349/MOD10A1.A2023349.h20v04.061.2023351025817_NDSI_Snow_Cover.tif	169429	+xGpMBVgwW/OxEWd6xOGgQ==	fb11a9301560c16fcec4459deb138681	1	1	-	2023-12-17T03:00:46.000Z	1	98	0.0064	0.0055	0.5737	0.0002	0.3563	0.0004	0.0
2023-12-15	349	h20v05	MOD10A1.A2023349.h20v05.061.2023351030830	terra	https://modiseuwest.blob.core.windows.net/modis-061-cogs/MOD10A1/20/05/2023349/MOD10A1.A2023349.h20v05.061.2023351030830_NDSI_Snow_Cover.tif	347259	v4j9Z+mG6+x71bYjaDPyZw==	bf88fd67e986ebec7bd5b6236833f267	1	1	-	2023-12-17T03:16:00.000Z	1	55	0.2148	0.0566	0.1869	0.0003	0.4781	0.001	0.0
2023-12-15	349	h21v02	MOD10A1.A2023349.h21v02.061.2023351030832	terra	https://modiseuwest.blob.core.windows.net/modis-061-cogs/MOD10A1/21/02/2023349/MOD10A1.A2023349.h21v02.061.2023351030832_NDSI_Snow_Cover.tif	232093	gqp4pACAZi1Ake0VL8k8yw==	82aa78a40080662d4091ed152fc93ccb	1	1	-	2023-12-17T03:16:34.000Z	3	13	0.0218	0.0218	0.0873	0.6183	0.0005	0.0004	0.2211
2023-12-15	349	h21v03	MOD10A1.A2023349.h21v03.061.2023351030414	terra	https://modiseuwest.blob.core.windows.net/modis-061-cogs/MOD10A1/21/03/2023349/MOD10A1.A2023349.h21v03.061.2023351030414_NDSI_Snow_Cover.tif	1442087	cRNBYzFD/42JU8ZK8UVcOg==	711341633143ff8d8953c64af1455c3a	1	1	-	2023-12-17T03:12:45.000Z	21	75	0.2192	0.1981	0.5988	0.0011	0.0014	0.0015	0.0
2023-12-15	349	h21v04	MOD10A1.A2023349.h21v04.061.2023351031819	terra	https://modiseuwest.blob.core.windows.net/modis-061-cogs/MOD10A1/21/04/2023349/MOD10A1.A2023349.h21v04.061.2023351031819_NDSI_Snow_Cover.tif	955904	yuf01aFMS/giC9rX+JyprQ==	cae7f4d5a14c4bf8220bdad7f89ca9ad	1	1	-	2023-12-17T03:28:27.000Z	8	77	0.1736	0.1189	0.525	0.0012	0.0176	0.0076	0.0
2023-12-15	349	h21v05	MOD10A1.A2023349.h21v05.061.2023351030447	terra	https://modiseuwest.blob.core.windows.net/modis-061-cogs/MOD10A1/21/05/2023349/MOD10A1.A2023349.h21v05.061.2023351030447_NDSI_Snow_Cover.tif	994007	biuJWClvw4tnJwQlNWzHrQ==	6e2b8958296fc38b67270425356cc7ad	1	1	-	2023-12-17T03:14:59.000Z	5	44	0.5165	0.2055	0.2269	0.001	0.0026	0.0068	0.0003
2023-12-15	349	h22v02	MOD10A1.A2023349.h22v02.061.2023351030832	terra	https://modiseuwest.blob.core.windows.net/modis-061-cogs/MOD10A1/22/02/2023349/MOD10A1.A2023349.h22v02.061.2023351030832_NDSI_Snow_Cover.tif	466064	7y84sebxsNA1H8IoKYvmLQ==	ef2f38b1e6f1b0d0351fc228298be62d	1	1	-	2023-12-17T03:15:59.000Z	7	8	0.0656	0.0656	0.0478	0.6209	0.0002	0.0002	0.2217
2023-12-15	349	h22v03	MOD10A1.A2023349.h22v03.061.2023351030413	terra	https://modiseuwest.blob.core.windows.net/modis-061-cogs/MOD10A1/22/03/2023349/MOD10A1.A2023349.h22v03.061.2023351030413_NDSI_Snow_Cover.tif	2383254	jqYAPXnqe0nAvtsJCLxZWw==	8ea6003d79ea7b49c0bedb0908bc595b	1	1	-	2023-12-17T03:13:56.000Z	40	57	0.3628	0.3566	0.2893	0.0016	0.003	0.0031	0.0
2023-12-15	349	h22v04	MOD10A1.A2023349.h22v04.061.2023351030831	terra	https://modiseuwest.blob.core.windows.net/modis-061-cogs/MOD10A1/22/04/2023349/MOD10A1.A2023349.h22v04.061.2023351030831_NDSI_Snow_Cover.tif	944324	5zjwTOWEpwWiHD4IGpkWQw==	e738f04ce584a705a21c3e081a991643	1	1	-	2023-12-17T03:16:52.000Z	7	62	0.3483	0.1446	0.3989	0.0012	0.0024	0.0051	0.0
2023-12-15	349	h22v05	MOD10A1.A2023349.h22v05.061.2023351031822	terra	https://modiseuwest.blob.core.windows.net/modis-061-cogs/MOD10A1/22/05/2023349/MOD10A1.A2023349.h22v05.061.2023351031822_NDSI_Snow_Cover.tif	754928	trbBzBBV0o6YbiFroeNIdw==	b6b6c1cc1055d28e986e216ba1e34877	1	1	-	2023-12-17T03:27:50.000Z	5	58	0.3995	0.1571	0.4499	0.0006	0.0027	0.0056	0.0
2023-12-15	349	h23v02	MOD10A1.A2023349.h23v02.061.2023351025831	terra	https://modiseuwest.blob.core.windows.net/modis-061-cogs/MOD10A1/23/02/2023349/MOD10A1.A2023349.h23v02.061.2023351025831_NDSI_Snow_Cover.tif	486316	1n9KYOBOmBhVryWZB6du8A==	d67f4a60e04e981855af259907a76ef0	1	1	-	2023-12-17T03:01:11.000Z	6	9	0.0445	0.0445	0.0191	0.6333	0.0007	0.0007	0.2113
2023-12-15	349	h23v03	MOD10A1.A2023349.h23v03.061.2023351030413	terra	https://modiseuwest.blob.core.windows.net/modis-061-cogs/MOD10A1/23/03/2023349/MOD10A1.A2023349.h23v03.061.2023351030413_NDSI_Snow_Cover.tif	2280951	BFZVMwVBiY5PC7eYjMceDA==	045655330541898e4f0bb7988cc71e0c	1	1	-	2023-12-17T03:13:00.000Z	31	68	0.233	0.2323	0.3668	0.0021	0.0029	0.003	0.0
2023-12-15	349	h23v04	MOD10A1.A2023349.h23v04.061.2023351030445	terra	https://modiseuwest.blob.core.windows.net/modis-061-cogs/MOD10A1/23/04/2023349/MOD10A1.A2023349.h23v04.061.2023351030445_NDSI_Snow_Cover.tif	2539940	81JtSpYfq21t1R2brgXjzg==	f3526d4a961fab6d6dd51d9bae05e3ce	1	1	-	2023-12-17T03:15:03.000Z	42	49	0.4209	0.3644	0.2453	0.0015	0.0024	0.0027	0.0
2023-12-15	349	h23v05	MOD10A1.A2023349.h23v05.061.2023351030416	terra	https://modiseuwest.blob.core.windows.net/modis-061-cogs/MOD10A1/23/05/2023349/MOD10A1.A2023349.h23v05.061.2023351030416_NDSI_Snow_Cover.tif	811448	9c3pt0Ai3K8lZvivMgn8rA==	f5cde9b74022dcaf2566f8af3209fcac	1	1	-	2023-12-17T03:12:26.000Z	6	69	0.2772	0.1095	0.5578	0.0006	0.0011	0.001	0.0001
2023-12-15	349	h24v02	MOD10A1.A2023349.h24v02.061.2023351030415	terra	https://modiseuwest.blob.core.windows.net/modis-061-cogs/MOD10A1/24/02/2023349/MOD10A1.A2023349.h24v02.061.2023351030415_NDSI_Snow_Cover.tif	272383	u+G3W9Hx582ACHt/nDlSsw==	bbe1b75bd1f1e7cd80087b7f9c3952b3	1	1	-	2023-12-17T03:15:22.000Z	3	12	0.0166	0.0166	0.0704	0.6121	0.0006	0.0006	0.2326
2023-12-15	349	h24v03	MOD10A1.A2023349.h24v03.061.2023351030443	terra	https://modiseuwest.blob.core.windows.net/modis-061-cogs/MOD10A1/24/03/2023349/MOD10A1.A2023349.h24v03.061.2023351030443_NDSI_Snow_Cover.tif	2870055	sq4LmHKcyck5MBnWEqAJ7A==	b2ae0b98729cc9c9393019d612a009ec	1	1	-	2023-12-17T03:13:05.000Z	37	61	0.2913	0.2908	0.2386	0.0023	0.0042	0.0038	0.0
2023-12-15	349	h24v04	MOD10A1.A2023349.h24v04.061.2023351030831	terra	https://modiseuwest.blob.core.windows.net/modis-061-cogs/MOD10A1/24/04/2023349/MOD10A1.A2023349.h24v04.061.2023351030831_NDSI_Snow_Cover.tif	1984278	NOb2VFrtLKwJcQIRs6f3cQ==	34e6f6545aed2cac09710211b3a7f771	1	1	-	2023-12-17T03:16:12.000Z	26	56	0.3485	0.2334	0.2568	0.0021	0.0028	0.0026	0.0
2023-12-15	349	h24v05	MOD10A1.A2023349.h24v05.061.2023351030413	terra	https://modiseuwest.blob.core.windows.net/modis-061-cogs/MOD10A1/24/05/2023349/MOD10A1.A2023349.h24v05.061.2023351030413_NDSI_Snow_Cover.tif	1469766	Ru7QfHFoYO7o1RRHOJW1oQ==	46eed07c716860eee8d514473895b5a1	1	1	-	2023-12-17T03:14:13.000Z	12	32	0.6515	0.2877	0.1408	0.0009	0.0013	0.0014	0.0
2023-12-15	349	h25v02	MOD10A1.A2023349.h25v02.061.2023351030352	terra	https://modiseuwest.blob.core.windows.net/modis-061-cogs/MOD10A1/25/02/2023349/MOD10A1.A2023349.h25v02.061.2023351030352_NDSI_Snow_Cover.tif	221625	vgv9Wq/hASBDKLT7hd776w==	be0bfd5aafe101204328b4fb85defbeb	1	1	-	2023-12-17T03:06:22.000Z	2	10	0.0133	0.0133	0.0557	0.3465	0.0599	0.0009	0.4572
2023-12-15	349	h25v03	MOD10A1.A2023349.h25v03.061.2023351030123	terra	https://modiseuwest.blob.core.windows.net/modis-061-cogs/MOD10A1/25/03/2023349/MOD10A1.A2023349.h25v03.061.2023351030123_NDSI_Snow_Cover.tif	2211211	HPmZx/jYC35dg5ggThVcXA==	1cf999c7f8d80b7e5d8398204e155c5c	1	1	-	2023-12-17T03:03:53.000Z	34	63	0.2121	0.2114	0.1888	0.0022	0.2117	0.0031	0.0
2023-12-15	349	h25v04	MOD10A1.A2023349.h25v04.061.2023351030820	terra	https://modiseuwest.blob.core.windows.net/modis-061-cogs/MOD10A1/25/04/2023349/MOD10A1.A2023349.h25v04.061.2023351030820_NDSI_Snow_Cover.tif	947883	geZlunEpXSkafYOMKuKM+g==	81e665ba71295d291a7d838c2ae28cfa	1	1	-	2023-12-17T03:10:32.000Z	10	83	0.1226	0.0912	0.5939	0.0015	0.0028	0.0023	0.0
2023-12-15	349	h25v05	MOD10A1.A2023349.h25v05.061.2023351025640	terra	https://modiseuwest.blob.core.windows.net/modis-061-cogs/MOD10A1/25/05/2023349/MOD10A1.A2023349.h25v05.061.2023351025640_NDSI_Snow_Cover.tif	1652181	Lw+dzeZsOifMQ1l8LlcycQ==	2f0f9dcde66c3a27cc43597c2e573271	1	1	-	2023-12-17T02:59:04.000Z	17	42	0.5119	0.2771	0.1457	0.0018	0.0031	0.0043	0.0013
2023-12-15	349	h26v02	MOD10A1.A2023349.h26v02.061.2023351025924	terra	https://modiseuwest.blob.core.windows.net/modis-061-cogs/MOD10A1/26/02/2023349/MOD10A1.A2023349.h26v02.061.2023351025924_NDSI_Snow_Cover.tif	153387	0+/ayBPZhT+UVvSNmJ8cdg==	d3efdac813d9853f9456f48d989f1c76	1	1	-	2023-12-17T03:01:45.000Z	1	4	0.0054	0.0054	0.0151	0.0259	0.0979	0.0005	0.8127
2023-12-15	349	h26v03	MOD10A1.A2023349.h26v03.061.2023351030127	terra	https://modiseuwest.blob.core.windows.net/modis-061-cogs/MOD10A1/26/03/2023349/MOD10A1.A2023349.h26v03.061.2023351030127_NDSI_Snow_Cover.tif	1615049	WQNuG+JWF9di+X+dNE2Ahg==	59036e1be25617d762f97f9d344d8086	1	1	-	2023-12-17T03:04:00.000Z	53	44	0.1951	0.1945	0.0451	0.001	0.5662	0.0016	0.0
2023-12-15	349	h26v04	MOD10A1.A2023349.h26v04.061.2023351031519	terra	https://modiseuwest.blob.core.windows.net/modis-061-cogs/MOD10A1/26/04/2023349/MOD10A1.A2023349.h26v04.061.2023351031519_NDSI_Snow_Cover.tif	1222574	6Ba9k2Fnd7pdsfOFU6x3AQ==	e816bd93616777ba5db1f38553ac7701	1	1	-	2023-12-17T03:24:36.000Z	18	81	0.1568	0.1564	0.6817	0.0008	0.0012	0.0011	0.0
2023-12-15	349	h26v05	MOD10A1.A2023349.h26v05.061.2023351031056	terra	https://modiseuwest.blob.core.windows.net/modis-061-cogs/MOD10A1/26/05/2023349/MOD10A1.A2023349.h26v05.061.2023351031056_NDSI_Snow_Cover.tif	1050533	9E0amn447sLXjRUxnpApwA==	f44d1a9a7e38eec2d78d15319e9029c0	1	1	-	2023-12-17T03:12:57.000Z	7	76	0.1978	0.1279	0.5066	0.0014	0.0026	0.0028	0.0
2023-12-15	349	h27v03	MOD10A1.A2023349.h27v03.061.2023351030620	terra	https://modiseuwest.blob.core.windows.net/modis-061-cogs/MOD10A1/27/03/2023349/MOD10A1.A2023349.h27v03.061.2023351030620_NDSI_Snow_Cover.tif	184161	GX2Qh8FyzbjPPgBY2hEUDQ==	197d9087c172cdb8cf3e0058da11140d	1	1	-	2023-12-17T03:08:27.000Z	4	32	0.004	0.004	0.0542	0.0003	0.7015	0.0007	0.1804
2023-12-15	349	h27v04	MOD10A1.A2023349.h27v04.061.2023351030352	terra	https://modiseuwest.blob.core.windows.net/modis-061-cogs/MOD10A1/27/04/2023349/MOD10A1.A2023349.h27v04.061.2023351030352_NDSI_Snow_Cover.tif	700302	sSQfm7nDdeH+WT5t7LucwQ==	b1241f9bb9c375e1fe593e6decbb9cc1	1	1	-	2023-12-17T03:06:22.000Z	15	84	0.0709	0.0708	0.3693	0.0006	0.4085	0.0016	0.0
2023-12-15	349	h27v05	MOD10A1.A2023349.h27v05.061.2023351030126	terra	https://modiseuwest.blob.core.windows.net/modis-061-cogs/MOD10A1/27/05/2023349/MOD10A1.A2023349.h27v05.061.2023351030126_NDSI_Snow_Cover.tif	114003	KCacO4CvEIga8HXFsJu8gw==	28269c3b80af10881af075c5b09bbc83	1	1	-	2023-12-17T03:03:42.000Z	1	99	0.0018	0.0018	0.7524	0.0001	0.2052	0.0002	0.0001
2023-12-15	349	h28v03	MOD10A1.A2023349.h28v03.061.2023351030015	terra	https://modiseuwest.blob.core.windows.net/modis-061-cogs/MOD10A1/28/03/2023349/MOD10A1.A2023349.h28v03.061.2023351030015_NDSI_Snow_Cover.tif	45411	d37YpVBcg0vSz0OrrIZvRg==	777ed8a5505c834bd2cf43abac866f46	1	1	-	2023-12-17T03:02:27.000Z	0	0	0.0001	0.0001	0.0	0.0	0.4333	0.0	0.5636
2023-12-15	349	h28v04	MOD10A1.A2023349.h28v04.061.2023351030419	terra	https://modiseuwest.blob.core.windows.net/modis-061-cogs/MOD10A1/28/04/2023349/MOD10A1.A2023349.h28v04.061.2023351030419_NDSI_Snow_Cover.tif	87179	VQLWcggKeYzhJFxy6Qsu2Q==	5502d672080a798ce1245c72e90b2ed9	1	1	-	2023-12-17T03:14:33.000Z	1	99	0.0002	0.0002	0.0636	0.0001	0.9059	0.0002	0.0
2023-12-15	349	h28v05	MOD10A1.A2023349.h28v05.061.2023351031259	terra	https://modiseuwest.blob.core.windows.net/modis-061-cogs/MOD10A1/28/05/2023349/MOD10A1.A2023349.h28v05.061.2023351031259_NDSI_Snow_Cover.tif	159545	nKPxzMv5wPbtkytf+z/dpQ==	9ca3f1cccbf9c0f6ed932b5ffb3fdda5	1	1	-	2023-12-17T03:14:55.000Z	0	97	0.0041	0.0034	0.2107	0.0002	0.7148	0.0003	0.0
2023-12-15	349	h29v03	MOD10A1.A2023349.h29v03.061.2023351025929	terra	https://modiseuwest.blob.core.windows.net/modis-061-cogs/MOD10A1/29/03/2023349/MOD10A1.A2023349.h29v03.061.2023351025929_NDSI_Snow_Cover.tif	39224	snQ9ptayoNY/Jo8dzn9nDA==	b2743da6d6b2a0d63f268f1dce7f670c	1	1	-	2023-12-17T03:02:46.000Z	0	0	0.0	0.0	0.0	0.0	0.068	0.0	0.9299
2023-12-15	349	h29v05	MOD10A1.A2023349.h29v05.061.2023351030454	terra	https://modiseuwest.blob.core.windows.net/modis-061-cogs/MOD10A1/29/05/2023349/MOD10A1.A2023349.h29v05.061.2023351030454_NDSI_Snow_Cover.tif	115157	chIOliZm3YgwICWIliGINg==	72120e962666dd883020258896218836	1	1	-	2023-12-17T03:13:17.000Z	0	94	0.0064	0.0042	0.1158	0.0001	0.8331	0.0004	0.0
2023-12-15	349	h30v05	MOD10A1.A2023349.h30v05.061.2023351030620	terra	https://modiseuwest.blob.core.windows.net/modis-061-cogs/MOD10A1/30/05/2023349/MOD10A1.A2023349.h30v05.061.2023351030620_NDSI_Snow_Cover.tif	31932	mncodYtx3/+34AUc5CCp+g==	9a7728758b71dfffb7e0051ce420a9fa	1	1	-	2023-12-17T03:08:23.000Z	0	52	0.0	0.0	0.0	0.0	0.9999	0.0	0.0
2024-01-01	001	h06v03	MOD10A1.A2024001.h06v03.061.2024004110057	terra	https://modiseuwest.blob.core.windows.net/modis-061-cogs/MOD10A1/06/03/2024001/MOD10A1.A2024001.h06v03.061.2024004110057_NDSI_Snow_Cover.tif	36320	aWkb6bpxRe62/hrkk9PJvw==	69691be9ba7145eeb6fe1ae493d3c9bf	1	1	-	2024-01-04T11:07:46.000Z	0	0	0.0	0.0	0.0	0.0	0.0689	0.0	0.9304
2024-01-01	001	h07v03	MOD10A1.A2024001.h07v03.061.2024004095347	terra	https://modiseuwest.blob.core.windows.net/modis-061-cogs/MOD10A1/07/03/2024001/MOD10A1.A2024001.h07v03.061.2024004095347_NDSI_Snow_Cover.tif	66252	vxmc5bLWrilAsijF+8qHqA==	bf199ce5b2d6ae2940b228c5fbca87a8	1	1	-	2024-01-04T09:55:45.000Z	0	0	0.0006	0.0006	0.0002	0.0	0.4226	0.0001	0.5642
2024-01-01	001	h07v05	MOD10A1.A2024001.h07v05.061.2024004103758	terra	https://modiseuwest.blob.core.windows.net/modis-061-cogs/MOD10A1/07/05/2024001/MOD10A1.A2024001.h07v05.061.2024004103758_NDSI_Snow_Cover.tif	32197	cuYhPUDsGPF+jHzJrE0h1A==	72e6213d40ec18f17e8c7cc9ac4d21d4	1	1	-	2024-01-04T10:44:42.000Z	0	99	0.0	0.0	0.0003	0.0	0.9995	0.0	0.0
2024-01-01	001	h08v03	MOD10A1.A2024001.h08v03.061.2024004103923	terra	https://modiseuwest.blob.core.windows.net/modis-061-cogs/MOD10A1/08/03/2024001/MOD10A1.A2024001.h08v03.061.2024004103923_NDSI_Snow_Cover.tif	81447	gexVn0lQ64PUJ4+IENlcfg==	81ec559f4950eb83d4278f8810d95c7e	1	1	-	2024-01-04T10:46:27.000Z	1	6	0.0007	0.0007	0.0052	0.0001	0.7929	0.0002	0.1809
2024-01-01	001	h08v04	MOD10A1.A2024001.h08v04.061.2024004100729	terra	https://modiseuwest.blob.core.windows.net/modis-061-cogs/MOD10A1/08/04/2024001/MOD10A1.A2024001.h08v04.061.2024004100729_NDSI_Snow_Cover.tif	243364	W4WwH/a7vrL6EpR7shiAlg==	5b85b01ff6bbbeb2fa12947bb2188096	1	1	-	2024-01-04T10:09:31.000Z	13	29	0.0618	0.0421	0.0048	0.0001	0.902	0.0002	0.0
2024-01-01	001	h08v05	MOD10A1.A2024001.h08v05.061.2024004112550	terra	https://modiseuwest.blob.core.windows.net/modis-061-cogs/MOD10A1/08/05/2024001/MOD10A1.A2024001.h08v05.061.2024004112550_NDSI_Snow_Cover.tif	570212	UfIgkDhKlNy2FXbdg5g2Tg==	51f22090384a94dcb61576dd8398364e	1	1	-	2024-01-04T11:33:14.000Z	2	46	0.4083	0.1475	0.2625	0.0005	0.2045	0.0008	0.0
2024-01-01	001	h09v02	MOD10A1.A2024001.h09v02.061.2024004101644	terra	https://modiseuwest.blob.core.windows.net/modis-061-cogs/MOD10A1/09/02/2024001/MOD10A1.A2024001.h09v02.061.2024004101644_NDSI_Snow_Cover.tif	44660	dZ6+eKs3eqtBbWEdG60IkA==	759ebe78ab377aab416d611d1bad0890	1	1	-	2024-01-04T10:18:38.000Z	0	2	0.0	0.0	0.0107	0.0	0.1713	0.0	0.813
2024-01-01	001	h09v03	MOD10A1.A2024001.h09v03.061.2024004110651	terra	https://modiseuwest.blob.core.windows.net/modis-061-cogs/MOD10A1/09/03/2024001/MOD10A1.A2024001.h09v03.061.2024004110651_NDSI_Snow_Cover.tif	124842	z8JDPj3fNDC8BrycowgsYw==	cfc2433e3ddf3430bc06bc9ca3082c63	1	1	-	2024-01-04T11:13:41.000Z	4	95	0.0014	0.0014	0.0567	0.0001	0.8937	0.0002	0.0
2024-01-01	001	h09v04	MOD10A1.A2024001.h09v04.061.2024004101641	terra	https://modiseuwest.blob.core.windows.net/modis-061-cogs/MOD10A1/09/04/2024001/MOD10A1.A2024001.h09v04.061.2024004101641_NDSI_Snow_Cover.tif	1685470	t3A+vIcILoSBgOLhkMDANA==	b7703ebc87082e848180e2e190c0c034	1	1	-	2024-01-04T10:18:41.000Z	26	35	0.4042	0.279	0.09	0.0008	0.3069	0.0022	0.0
2024-01-01	001	h09v05	MOD10A1.A2024001.h09v05.061.2024004104502	terra	https://modiseuwest.blob.core.windows.net/modis-061-cogs/MOD10A1/09/05/2024001/MOD10A1.A2024001.h09v05.061.2024004104502_NDSI_Snow_Cover.tif	728327	+wImpG7PPk1JCjzSy3C9+A==	fb0226a46ecf3e4d490a3cd2cb70bdf8	1	1	-	2024-01-04T10:52:11.000Z	4	41	0.5686	0.1647	0.2513	0.0009	0.0014	0.0011	0.0
2024-01-01	001	h10v02	MOD10A1.A2024001.h10v02.061.2024004114402	terra	https://modiseuwest.blob.core.windows.net/modis-061-cogs/MOD10A1/10/02/2024001/MOD10A1.A2024001.h10v02.061.2024004114402_NDSI_Snow_Cover.tif	148684	RlRyR6zrDMwx7PqJmvW9cg==	46547247aceb0ccc31ecfa899af5bd72	1	1	-	2024-01-04T11:51:04.000Z	1	17	0.0026	0.0026	0.1097	0.1522	0.2034	0.0012	0.4576
2024-01-01	001	h10v03	MOD10A1.A2024001.h10v03.061.2024004104504	terra	https://modiseuwest.blob.core.windows.net/modis-061-cogs/MOD10A1/10/03/2024001/MOD10A1.A2024001.h10v03.061.2024004104504_NDSI_Snow_Cover.tif	1544927	z/tzPSaJBE43E/2JvMHXqg==	cffb733d2689044e3713fd89bcc1d7aa	1	1	-	2024-01-04T10:52:03.000Z	25	68	0.1131	0.0994	0.1545	0.0017	0.3787	0.0026	0.0
2024-01-01	001	h10v04	MOD10A1.A2024001.h10v04.061.2024004134057	terra	https://modiseuwest.blob.core.windows.net/modis-061-cogs/MOD10A1/10/04/2024001/MOD10A1.A2024001.h10v04.061.2024004134057_NDSI_Snow_Cover.tif	2305213	yN+esJfDa35wsUhGnKY6XQ==	c8df9eb097c36b7e70b148469ca63a5d	1	1	-	2024-01-04T13:47:54.000Z	29	50	0.4357	0.3527	0.1983	0.0017	0.0033	0.0027	0.0
2024-01-01	001	h10v05	MOD10A1.A2024001.h10v05.061.2024004121743	terra	https://modiseuwest.blob.core.windows.net/modis-061-cogs/MOD10A1/10/05/2024001/MOD10A1.A2024001.h10v05.061.2024004121743_NDSI_Snow_Cover.tif	482186	gUnZGS+p8ao+C871SX6S+w==	8149d9192fa9f1aa3e0bcef5497e92fb	1	1	-	2024-01-04T12:24:43.000Z	1	54	0.4391	0.1245	0.4291	0.0006	0.0126	0.0009	0.0
2024-01-01	001	h11v02	MOD10A1.A2024001.h11v02.061.2024004103219	terra	https://modiseuwest.blob.core.windows.net/modis-061-cogs/MOD10A1/11/02/2024001/MOD10A1.A2024001.h11v02.061.2024004103219_NDSI_Snow_Cover.tif	667218	qeRzEoA6pmf2FClC7jgN5Q==	a9e47312803aa667f6142942ee380de5	1	1	-	2024-01-04T10:39:09.000Z	9	9	0.0615	0.0615	0.0253	0.5006	0.0704	0.0013	0.2267
2024-01-01	001	h11v03	MOD10A1.A2024001.h11v03.061.2024004134108	terra	https://modiseuwest.blob.core.windows.net/modis-061-cogs/MOD10A1/11/03/2024001/MOD10A1.A2024001.h11v03.061.2024004134108_NDSI_Snow_Cover.tif	1927499	Ok464+u7aa7GKVWwf4amwg==	3a4e3ae3ebbb69aec62955b07f86a6c2	1	1	-	2024-01-04T13:47:53.000Z	21	67	0.2626	0.1981	0.3501	0.0019	0.0035	0.0028	0.0
2024-01-01	001	h11v04	MOD10A1.A2024001.h11v04.061.2024004103818	terra	https://modiseuwest.blob.core.windows.net/modis-061-cogs/MOD10A1/11/04/2024001/MOD10A1.A2024001.h11v04.061.2024004103818_NDSI_Snow_Cover.tif	1499618	6jBdLy7slv0V9lAan5OsEA==	ea305d2f2eec96fd15f6501a9f93ac10	1	1	-	2024-01-04T10:45:12.000Z	19	76	0.2026	0.193	0.5955	0.001	0.002	0.0018	0.0
2024-01-01	001	h11v05	MOD10A1.A2024001.h11v05.061.2024004100818	terra	https://modiseuwest.blob.core.windows.net/modis-061-cogs/MOD10A1/11/05/2024001/MOD10A1.A2024001.h11v05.061.2024004100818_NDSI_Snow_Cover.tif	329693	DxMNihyuVPmqZDqji3VqpA==	0f130d8a1cae54f9aa643aa38b756aa4	1	1	-	2024-01-04T10:10:22.000Z	1	87	0.0651	0.0408	0.4186	0.0006	0.3906	0.0009	0.0
2024-01-01	001	h12v02	MOD10A1.A2024001.h12v02.061.2024004104815	terra	https://modiseuwest.blob.core.windows.net/modis-061-cogs/MOD10A1/12/02/2024001/MOD10A1.A2024001.h12v02.061.2024004104815_NDSI_Snow_Cover.tif	306828	1hLiBU4f7Uy3QPLhE/K/bQ==	d612e2054e1fed4cb740f2e113f2bf6d	1	1	-	2024-01-04T10:50:11.000Z	3	14	0.0231	0.0231	0.0677	0.6097	0.0011	0.0012	0.2123
2024-01-01	001	h12v03	MOD10A1.A2024001.h12v03.061.2024004134348	terra	https://modiseuwest.blob.core.windows.net/modis-061-cogs/MOD10A1/12/03/2024001/MOD10A1.A2024001.h12v03.061.2024004134348_NDSI_Snow_Cover.tif	1551824	cZZDN23yeua7ZEljzBOa0Q==	719643376df27ae6bb644963cc139ad1	1	1	-	2024-01-04T13:50:54.000Z	19	81	0.1328	0.1328	0.4767	0.0017	0.0045	0.0035	0.0
2024-01-01	001	h12v04	MOD10A1.A2024001.h12v04.061.2024004104107	terra	https://modiseuwest.blob.core.windows.net/modis-061-cogs/MOD10A1/12/04/2024001/MOD10A1.A2024001.h12v04.061.2024004104107_NDSI_Snow_Cover.tif	877690	2Vyhecgom2DFp5JHY65cWw==	d95ca179c8289b60c5a7924763ae5c5b	1	1	-	2024-01-04T10:43:07.000Z	9	85	0.1002	0.0906	0.5489	0.001	0.1224	0.0024	0.0
2024-01-01	001	h12v05	MOD10A1.A2024001.h12v05.061.2024004122802	terra	https://modiseuwest.blob.core.windows.net/modis-061-cogs/MOD10A1/12/05/2024001/MOD10A1.A2024001.h12v05.061.2024004122802_NDSI_Snow_Cover.tif	71043	9zWNaPOOUteWqpxTCiXP0w==	f7358d68f38e52d796aa9c530a25cfd3	1	1	-	2024-01-04T12:34:58.000Z	2	78	0.0056	0.0039	0.0186	0.0001	0.961	0.0001	0.0
2024-01-01	001	h13v02	MOD10A1.A2024001.h13v02.061.2024004111941	terra	https://modiseuwest.blob.core.windows.net/modis-061-cogs/MOD10A1/13/02/2024001/MOD10A1.A2024001.h13v02.061.2024004111941_NDSI_Snow_Cover.tif	121816	7TY5AqRy7xunygz3tUpf7A==	ed363902a472ef1ba7ca0cf7b54a5fec	1	1	-	2024-01-04T11:21:37.000Z	1	9	0.0045	0.0045	0.0489	0.5492	0.1437	0.0009	0.2113
2024-01-01	001	h13v03	MOD10A1.A2024001.h13v03.061.2024004134349	terra	https://modiseuwest.blob.core.windows.net/modis-061-cogs/MOD10A1/13/03/2024001/MOD10A1.A2024001.h13v03.061.2024004134349_NDSI_Snow_Cover.tif	623210	QzVpitsMHfUM+rPTM2w92w==	4335698adb0c1df50cfab3d3336c3ddb	1	1	-	2024-01-04T13:50:49.000Z	11	88	0.0494	0.0494	0.3801	0.0007	0.3995	0.0016	0.0
2024-01-01	001	h13v04	MOD10A1.A2024001.h13v04.061.2024004102212	terra	https://modiseuwest.blob.core.windows.net/modis-061-cogs/MOD10A1/13/04/2024001/MOD10A1.A2024001.h13v04.061.2024004102212_NDSI_Snow_Cover.tif	239229	DmQHrNUKqGjnJWmp/RhI+A==	0e6407acd50aa868e72569a9fd1848f8	1	1	-	2024-01-04T10:24:08.000Z	4	96	0.0102	0.0102	0.2861	0.0002	0.6255	0.0005	0.0
2024-01-01	001	h14v02	MOD10A1.A2024001.h14v02.061.2024004113629	terra	https://modiseuwest.blob.core.windows.net/modis-061-cogs/MOD10A1/14/02/2024001/MOD10A1.A2024001.h14v02.061.2024004113629_NDSI_Snow_Cover.tif	222598	qh/vTPmiOcnajesz3+wAtw==	aa1fef4cf9a239c9da8deb33dfec00b7	1	1	-	2024-01-04T11:38:25.000Z	1	11	0.0016	0.0016	0.0334	0.2767	0.3622	0.0029	0.2113
2024-01-01	001	h14v03	MOD10A1.A2024001.h14v03.061.2024004100720	terra	https://modiseuwest.blob.core.windows.net/modis-061-cogs/MOD10A1/14/03/2024001/MOD10A1.A2024001.h14v03.061.2024004100720_NDSI_Snow_Cover.tif	1668989	zjPN/EInq48dYj/0w2C2yg==	ce33cdfc4227ab8f1d623ff4c360b6ca	1	1	-	2024-01-04T10:09:23.000Z	48	52	0.2369	0.2369	0.1679	0.0006	0.4151	0.0014	0.0
2024-01-01	001	h14v04	MOD10A1.A2024001.h14v04.061.2024004100723	terra	https://modiseuwest.blob.core.windows.net/modis-061-cogs/MOD10A1/14/04/2024001/MOD10A1.A2024001.h14v04.061.2024004100723_NDSI_Snow_Cover.tif	88436	EG/sSqDI5EmlxQeZH+nLAg==	106fec4aa0c8e449a5c507991fe9cb02	1	1	-	2024-01-04T10:09:18.000Z	2	98	0.0003	0.0003	0.0574	0.0	0.9119	0.0002	0.0
2024-01-01	001	h15v02	MOD10A1.A2024001.h15v02.061.2024004122025	terra	https://modiseuwest.blob.core.windows.net/modis-061-cogs/MOD10A1/15/02/2024001/MOD10A1.A2024001.h15v02.061.2024004122025_NDSI_Snow_Cover.tif	222504	aTTxKp//bXZuozH5uQAvog==	6934f12a9fff6d766ea331f9b9002fa2	1	1	-	2024-01-04T12:27:22.000Z	2	7	0.0049	0.0049	0.015	0.2075	0.4664	0.002	0.2117
2024-01-01	001	h15v03	MOD10A1.A2024001.h15v03.061.2024004105731	terra	https://modiseuwest.blob.core.windows.net/modis-061-cogs/MOD10A1/15/03/2024001/MOD10A1.A2024001.h15v03.061.2024004105731_NDSI_Snow_Cover.tif	37627	b0Za9MCMwV3NacQgG8zxBg==	6f465af4c08cc15dcd69c4201bccf106	1	1	-	2024-01-04T11:04:10.000Z	79	18	0.0001	0.0001	0.0	0.0	0.9986	0.0	0.0
2024-01-01	001	h15v05	MOD10A1.A2024001.h15v05.061.2024004132154	terra	https://modiseuwest.blob.core.windows.net/modis-061-cogs/MOD10A1/15/05/2024001/MOD10A1.A2024001.h15v05.061.2024004132154_NDSI_Snow_Cover.tif	35340	uRFqFYwZBUNWdFBtQ8w6gw==	b9116a158c1905435674506d43cc3a83	1	1	-	2024-01-04T13:28:25.000Z	0	100	0.0	0.0	0.0008	0.0	0.9973	0.0	0.0
2024-01-01	001	h16v02	MOD10A1.A2024001.h16v02.061.2024004143238	terra	https://modiseuwest.blob.core.windows.net/modis-061-cogs/MOD10A1/16/02/2024001/MOD10A1.A2024001.h16v02.061.2024004143238_NDSI_Snow_Cover.tif	69144	vDq+qi7fZx711k69BSbjAw==	bc3abeaa2edf671ef5d64ebd0526e303	1	1	-	2024-01-04T14:35:08.000Z	0	0	0.0	0.0	0.0	0.1937	0.571	0.0008	0.2153
2024-01-01	001	h16v05	MOD10A1.A2024001.h16v05.061.2024004113740	terra	https://modiseuwest.blob.core.windows.net/modis-061-cogs/MOD10A1/16/05/2024001/MOD10A1.A2024001.h16v05.061.2024004113740_NDSI_Snow_Cover.tif	35142	ltB+ED15EhWROcW4Y2c+8A==	96d07e103d7912159139c5b863673ef0	1	1	-	2024-01-04T11:39:34.000Z	0	24	0.0003	0.0002	0.0001	0.0	0.9983	0.0	0.0001
2024-01-01	001	h17v02	MOD10A1.A2024001.h17v02.061.2024004100335	terra	https://modiseuwest.blob.core.windows.net/modis-061-cogs/MOD10A1/17/02/2024001/MOD10A1.A2024001.h17v02.061.2024004100335_NDSI_Snow_Cover.tif	74826	nnVaONc2VaSmP9Z28h0nNg==	9e755a38d73655a4a63fd676f21d2736	1	1	-	2024-01-04T10:05:26.000Z	0	0	0.0001	0.0001	0.0001	0.0693	0.6865	0.0008	0.2174
2024-01-01	001	h17v03	MOD10A1.A2024001.h17v03.061.2024004112004	terra	https://modiseuwest.blob.core.windows.net/modis-061-cogs/MOD10A1/17/03/2024001/MOD10A1.A2024001.h17v03.061.2024004112004_NDSI_Snow_Cover.tif	533543	7myddBDOdnRKTH8cDk/Yhg==	ee6c9d7410ce76744a4c7f1c0e4fd886	1	1	-	2024-01-04T11:27:07.000Z	15	65	0.0657	0.0555	0.0876	0.0005	0.7336	0.0009	0.0
2024-01-01	001	h17v04	MOD10A1.A2024001.h17v04.061.2024004130109	terra	https://modiseuwest.blob.core.windows.net/modis-061-cogs/MOD10A1/17/04/2024001/MOD10A1.A2024001.h17v04.061.2024004130109_NDSI_Snow_Cover.tif	410371	PDQLWOWgvQLs8lcu9HmoxA==	3c340b58e5a0bd02ecf2572ef479a8c4	1	1	-	2024-01-04T13:03:06.000Z	3	50	0.1483	0.0786	0.0653	0.0004	0.6789	0.0008	0.0
2024-01-01	001	h17v05	MOD10A1.A2024001.h17v05.061.2024004133240	terra	https://modiseuwest.blob.core.windows.net/modis-061-cogs/MOD10A1/17/05/2024001/MOD10A1.A2024001.h17v05.061.2024004133240_NDSI_Snow_Cover.tif	421393	hJesgo3Bujzn14HKgKfCVA==	8497ac828dc1ba3ce7d781ca80a7c254	1	1	-	2024-01-04T13:39:54.000Z	0	64	0.198	0.0721	0.2468	0.0008	0.3959	0.0012	0.0
2024-01-01	001	h18v02	MOD10A1.A2024001.h18v02.061.2024004104043	terra	https://modiseuwest.blob.core.windows.net/modis-061-cogs/MOD10A1/18/02/2024001/MOD10A1.A2024001.h18v02.061.2024004104043_NDSI_Snow_Cover.tif	229751	2oajYFShhdt14+Q9Z3Uhmw==	da86a36054a185db75e3e43d6775219b	1	1	-	2024-01-04T10:42:37.000Z	2	13	0.0073	0.0073	0.0531	0.2879	0.3589	0.0022	0.2115
2024-01-01	001	h18v03	MOD10A1.A2024001.h18v03.061.2024004100926	terra	https://modiseuwest.blob.core.windows.net/modis-061-cogs/MOD10A1/18/03/2024001/MOD10A1.A2024001.h18v03.061.2024004100926_NDSI_Snow_Cover.tif	597086	qu1yzMqV0owuzDQ7LkPy9Q==	aaed72ccca95d28c2ecc343b2e43f2f5	1	1	-	2024-01-04T10:11:24.000Z	7	87	0.0454	0.0341	0.2933	0.0008	0.4468	0.002	0.0
2024-01-01	001	h18v04	MOD10A1.A2024001.h18v04.061.2024004132108	terra	https://modiseuwest.blob.core.windows.net/modis-061-cogs/MOD10A1/18/04/2024001/MOD10A1.A2024001.h18v04.061.2024004132108_NDSI_Snow_Cover.tif	744760	6gT3s7mOPnLBDuxTDdlviw==	ea04f7b3b98e3e72c10eec530dd96f8b	1	1	-	2024-01-04T13:23:04.000Z	6	80	0.1235	0.0875	0.4038	0.0009	0.2651	0.0018	0.0
2024-01-01	001	h18v05	MOD10A1.A2024001.h18v05.061.2024004114334	terra	https://modiseuwest.blob.core.windows.net/modis-061-cogs/MOD10A1/18/05/2024001/MOD10A1.A2024001.h18v05.061.2024004114334_NDSI_Snow_Cover.tif	199830	OpkqNLRQY56Rw6jwg7D/3A==	3a992a34b450639e91c3a8f083b0ffdc	1	1	-	2024-01-04T11:45:34.000Z	0	58	0.2667	0.0288	0.3102	0.0003	0.3428	0.0004	0.0003
2024-01-01	001	h19v02	MOD10A1.A2024001.h19v02.061.2024004112929	terra	https://modiseuwest.blob.core.windows.net/modis-061-cogs/MOD10A1/19/02/2024001/MOD10A1.A2024001.h19v02.061.2024004112929_NDSI_Snow_Cover.tif	594346	2a9R/3G3RCvEVPj7m6M0dw==	d9af51ff71b7442bc454f8fb9ba33477	1	1	-	2024-01-04T11:36:17.000Z	10	7	0.0772	0.0772	0.0215	0.5065	0.0895	0.0017	0.2115
2024-01-01	001	h19v03	MOD10A1.A2024001.h19v03.061.2024004131308	terra	https://modiseuwest.blob.core.windows.net/modis-061-cogs/MOD10A1/19/03/2024001/MOD10A1.A2024001.h19v03.061.2024004131308_NDSI_Snow_Cover.tif	1017570	9ZxX9QLhIhA4nGrnxRsmHA==	f59c57f502e12210389c6ae7c51b261c	1	1	-	2024-01-04T13:15:06.000Z	20	80	0.1612	0.1612	0.6444	0.0004	0.1146	0.0006	0.0
2024-01-01	001	h19v04	MOD10A1.A2024001.h19v04.061.2024004142355	terra	https://modiseuwest.blob.core.windows.net/modis-061-cogs/MOD10A1/19/04/2024001/MOD10A1.A2024001.h19v04.061.2024004142355_NDSI_Snow_Cover.tif	502067	YHy/hVbgs58v5vTsRpse0Q==	607cbf8556e0b39f2fe6f4ec469b1ed1	1	1	-	2024-01-04T14:30:43.000Z	2	82	0.1451	0.0781	0.5833	0.0007	0.1136	0.0012	0.0
2024-01-01	001	h19v05	MOD10A1.A2024001.h19v05.061.2024004134224	terra	https://modiseuwest.blob.core.windows.net/modis-061-cogs/MOD10A1/19/05/2024001/MOD10A1.A2024001.h19v05.061.2024004134224_NDSI_Snow_Cover.tif	255339	EDlB07D6CMIHWNtV2mpahA==	103941d3b0fa08c20758db55da6a5a84	1	1	-	2024-01-04T13:49:33.000Z	1	26	0.2095	0.0432	0.0313	0.0003	0.6767	0.0006	0.0
2024-01-01	001	h20v02	MOD10A1.A2024001.h20v02.061.2024004152044	terra	https://modiseuwest.blob.core.windows.net/modis-061-cogs/MOD10A1/20/02/2024001/MOD10A1.A2024001.h20v02.061.2024004152044_NDSI_Snow_Cover.tif	597574	R67W/CamYyN5LWQ4p+kqAQ==	47aed6fc26a66323792d6438a7e92a01	1	1	-	2024-01-04T15:27:31.000Z	11	6	0.1075	0.1075	0.0434	0.5833	0.0098	0.0004	0.2172
2024-01-01	001	h20v03	MOD10A1.A2024001.h20v03.061.2024004143242	terra	https://modiseuwest.blob.core.windows.net/modis-061-cogs/MOD10A1/20/03/2024001/MOD10A1.A2024001.h20v03.061.2024004143242_NDSI_Snow_Cover.tif	1730179	kBDxwjz7kwo3610SjZ5Ajg==	9010f1c23cfb930a37eb5d128d9e408e	1	1	-	2024-01-04T14:34:43.000Z	24	74	0.2078	0.2029	0.4453	0.0016	0.0031	0.0027	0.0
2024-01-01	001	h20v04	MOD10A1.A2024001.h20v04.061.2024004134441	terra	https://modiseuwest.blob.core.windows.net/modis-061-cogs/MOD10A1/20/04/2024001/MOD10A1.A2024001.h20v04.061.2024004134441_NDSI_Snow_Cover.tif	760471	iyl00LgvsZsdSBxd86FYzg==	8b2974d0b82fb19b1d481c5df3a158ce	1	1	-	2024-01-04T13:51:53.000Z	6	51	0.2856	0.1398	0.1825	0.0007	0.345	0.0015	0.0
2024-01-01	001	h20v05	MOD10A1.A2024001.h20v05.061.2024004131650	terra	https://modiseuwest.blob.core.windows.net/modis-061-cogs/MOD10A1/20/05/2024001/MOD10A1.A2024001.h20v05.061.2024004131650_NDSI_Snow_Cover.tif	376192	W8tGsbe4pFp8F62OaAgH+g==	5bcb46b1b7b8a45a7c17ad8e680807fa	1	1	-	2024-01-04T13:18:52.000Z	3	52	0.2312	0.0691	0.1879	0.0003	0.4847	0.0006	0.0
2024-01-01	001	h21v02	MOD10A1.A2024001.h21v02.061.2024004173303	terra	https://modiseuwest.blob.core.windows.net/modis-061-cogs/MOD10A1/21/02/2024001/MOD10A1.A2024001.h21v02.061.2024004173303_NDSI_Snow_Cover.tif	316877	fOun+SQJXjQYg49P5GShpg==	7ceba7f924095e3418838f4fe464a1a6	1	1	-	2024-01-04T17:35:06.000Z	4	13	0.0341	0.0341	0.0878	0.6	0.0005	0.0004	0.2208
2024-01-01	001	h21v03	MOD10A1.A2024001.h21v03.061.2024004173034	terra	https://modiseuwest.blob.core.windows.net/modis-061-cogs/MOD10A1/21/03/2024001/MOD10A1.A2024001.h21v03.061.2024004173034_NDSI_Snow_Cover.tif	889439	FHSLJfq6ul+znHFkp9Pf3A==	14748b25fababa5fb39c7164a7d3dfdc	1	1	-	2024-01-04T17:32:28.000Z	12	88	0.091	0.0902	0.6773	0.0009	0.0022	0.0021	0.0
2024-01-01	001	h21v04	MOD10A1.A2024001.h21v04.061.2024004162831	terra	https://modiseuwest.blob.core.windows.net/modis-061-cogs/MOD10A1/21/04/2024001/MOD10A1.A2024001.h21v04.061.2024004162831_NDSI_Snow_Cover.tif	1227183	8I1KTZY8J03l8XVSKzJWFg==	f08d4a4d963c274de5f175522b325616	1	1	-	2024-01-04T16:35:42.000Z	7	58	0.2276	0.1558	0.3209	0.0018	0.0193	0.0969	0.0
2024-01-01	001	h21v05	MOD10A1.A2024001.h21v05.061.2024004173016	terra	https://modiseuwest.blob.core.windows.net/modis-061-cogs/MOD10A1/21/05/2024001/MOD10A1.A2024001.h21v05.061.2024004173016_NDSI_Snow_Cover.tif	1070680	TE1NDW7bpp6ooU7QtJ4RVA==	4c4d4d0d6edba69ea8a14ed0b49e1154	1	1	-	2024-01-04T17:39:03.000Z	5	49	0.462	0.2188	0.2533	0.0013	0.0027	0.0073	0.0004
2024-01-01	001	h22v02	MOD10A1.A2024001.h22v02.061.2024004223138	terra	https://modiseuwest.blob.core.windows.net/modis-061-cogs/MOD10A1/22/02/2024001/MOD10A1.A2024001.h22v02.061.2024004223138_NDSI_Snow_Cover.tif	458169	3YIJ9378lCnzoxEqjnck8g==	dd8209f77efc9429f3a3112a8e7724f2	1	1	-	2024-01-04T22:38:37.000Z	6	10	0.0486	0.0486	0.0484	0.6098	0.0006	0.0006	0.2207
2024-01-01	001	h22v03	MOD10A1.A2024001.h22v03.061.2024004222230	terra	https://modiseuwest.blob.core.windows.net/modis-061-cogs/MOD10A1/22/03/2024001/MOD10A1.A2024001.h22v03.061.2024004222230_NDSI_Snow_Cover.tif	1184459	lQEi365dJYOlcfdvNgblMQ==	950122dfae5d2583a571f76f3606e531	1	1	-	2024-01-04T22:29:23.000Z	17	83	0.1374	0.1374	0.6698	0.001	0.0017	0.0017	0.0
2024-01-01	001	h22v04	MOD10A1.A2024001.h22v04.061.2024004172530	terra	https://modiseuwest.blob.core.windows.net/modis-061-cogs/MOD10A1/22/04/2024001/MOD10A1.A2024001.h22v04.061.2024004172530_NDSI_Snow_Cover.tif	502199	Gn8u9eIZNSyHuSaY+kGuFQ==	1a7f2ef5e219352c87b92698fa41ae15	1	1	-	2024-01-04T17:32:14.000Z	3	71	0.2677	0.0945	0.6007	0.0006	0.0014	0.007	0.0
2024-01-01	001	h22v05	MOD10A1.A2024001.h22v05.061.2024004145025	terra	https://modiseuwest.blob.core.windows.net/modis-061-cogs/MOD10A1/22/05/2024001/MOD10A1.A2024001.h22v05.061.2024004145025_NDSI_Snow_Cover.tif	696599	bOtRjFfi5GrdvhTdygAhcg==	6ceb518c57e2e46addbe14ddca002172	1	1	-	2024-01-04T14:52:32.000Z	1	59	0.3851	0.129	0.3349	0.0013	0.004	0.0023	0.0
2024-01-01	001	h23v02	MOD10A1.A2024001.h23v02.061.2024004222231	terra	https://modiseuwest.blob.core.windows.net/modis-061-cogs/MOD10A1/23/02/2024001/MOD10A1.A2024001.h23v02.061.2024004222231_NDSI_Snow_Cover.tif	356970	R09vX+mDOpI4mMdA4gRCXA==	474f6f5fe9833a923898c740e204425c	1	1	-	2024-01-04T22:29:25.000Z	4	12	0.0313	0.0313	0.0589	0.6338	0.0007	0.0006	0.199
2024-01-01	001	h23v03	MOD10A1.A2024001.h23v03.061.2024004174553	terra	https://modiseuwest.blob.core.windows.net/modis-061-cogs/MOD10A1/23/03/2024001/MOD10A1.A2024001.h23v03.061.2024004174553_NDSI_Snow_Cover.tif	759114	dnuznDQJMku7kPoOikXU1Q==	767bb39c3409324bbb90fa0e8a45d4d5	1	1	-	2024-01-04T17:47:53.000Z	8	92	0.0404	0.0404	0.6901	0.0011	0.0025	0.0023	0.0
2024-01-01	001	h23v04	MOD10A1.A2024001.h23v04.061.2024004183530	terra	https://modiseuwest.blob.core.windows.net/modis-061-cogs/MOD10A1/23/04/2024001/MOD10A1.A2024001.h23v04.061.2024004183530_NDSI_Snow_Cover.tif	2338584	SJ6TW2nnx83a1dH/66YIPw==	489e935b69e7c7cddad5d1ffeba6083f	1	1	-	2024-01-04T18:42:28.000Z	31	48	0.4357	0.3429	0.2539	0.0013	0.0023	0.0036	0.0
2024-01-01	001	h23v05	MOD10A1.A2024001.h23v05.061.2024004183105	terra	https://modiseuwest.blob.core.windows.net/modis-061-cogs/MOD10A1/23/05/2024001/MOD10A1.A2024001.h23v05.061.2024004183105_NDSI_Snow_Cover.tif	1488271	De/t4dGuIcCiXAlflkN0IA==	0defede1d1ae21c0a25c095f96437420	1	1	-	2024-01-04T18:38:05.000Z	9	40	0.5293	0.2453	0.1532	0.0013	0.0019	0.0016	0.0003
2024-01-01	001	h24v02	MOD10A1.A2024001.h24v02.061.2024004173237	terra	https://modiseuwest.blob.core.windows.net/modis-061-cogs/MOD10A1/24/02/2024001/MOD10A1.A2024001.h24v02.061.2024004173237_NDSI_Snow_Cover.tif	439464	JS/gRnyfcTHReid4nEF5WQ==	252fe0467c9f7131d17a27789c417959	1	1	-	2024-01-04T17:39:19.000Z	5	11	0.0265	0.0265	0.0595	0.6091	0.0004	0.0005	0.2245
2024-01-01	001	h24v03	MOD10A1.A2024001.h24v03.061.2024004221312	terra	https://modiseuwest.blob.core.windows.net/modis-061-cogs/MOD10A1/24/03/2024001/MOD10A1.A2024001.h24v03.061.2024004221312_NDSI_Snow_Cover.tif	2259323	p4EV7SXvyh3qYYyFlEJphA==	a78115ed25efca1dea618c8594426984	1	1	-	2024-01-04T22:15:05.000Z	31	68	0.2432	0.2432	0.3919	0.0018	0.0033	0.0027	0.0
2024-01-01	001	h24v04	MOD10A1.A2024001.h24v04.061.2024004175633	terra	https://modiseuwest.blob.core.windows.net/modis-061-cogs/MOD10A1/24/04/2024001/MOD10A1.A2024001.h24v04.061.2024004175633_NDSI_Snow_Cover.tif	1928015	u1gYIqvGUXv4vCZL11o+Kg==	bb581822abc6517bf8bc264bd75a3e2a	1	1	-	2024-01-04T18:03:35.000Z	27	59	0.3571	0.3036	0.3823	0.0011	0.0019	0.0017	0.0
2024-01-01	001	h24v05	MOD10A1.A2024001.h24v05.061.2024004170508	terra	https://modiseuwest.blob.core.windows.net/modis-061-cogs/MOD10A1/24/05/2024001/MOD10A1.A2024001.h24v05.061.2024004170508_NDSI_Snow_Cover.tif	1395362	Kpq/Hg1xAvALXLBn9DxRAA==	2a9abf1e0d7102f00b5cb067f43c5100	1	1	-	2024-01-04T17:07:13.000Z	9	24	0.7173	0.3116	0.1482	0.0005	0.0004	0.0004	0.0
2024-01-01	001	h25v02	MOD10A1.A2024001.h25v02.061.2024004180913	terra	https://modiseuwest.blob.core.windows.net/modis-061-cogs/MOD10A1/25/02/2024001/MOD10A1.A2024001.h25v02.061.2024004180913_NDSI_Snow_Cover.tif	449514	fgixq4xQ5RjZO9FbGBFXDA==	7e08b1ab8c50e518d93bd15b1811570c	1	1	-	2024-01-04T18:16:23.000Z	5	8	0.0133	0.0133	0.012	0.3374	0.0596	0.0012	0.4572
2024-01-01	001	h25v03	MOD10A1.A2024001.h25v03.061.2024004173653	terra	https://modiseuwest.blob.core.windows.net/modis-061-cogs/MOD10A1/25/03/2024001/MOD10A1.A2024001.h25v03.061.2024004173653_NDSI_Snow_Cover.tif	1533718	Ur27ii9i2MaQEnZMOCuzUw==	52bdbb8a2f62d8c69012764c382bb353	1	1	-	2024-01-04T17:38:58.000Z	24	76	0.113	0.113	0.3253	0.0015	0.2091	0.0033	0.0
2024-01-01	001	h25v04	MOD10A1.A2024001.h25v04.061.2024004172715	terra	https://modiseuwest.blob.core.windows.net/modis-061-cogs/MOD10A1/25/04/2024001/MOD10A1.A2024001.h25v04.061.2024004172715_NDSI_Snow_Cover.tif	1832198	Dz4GWG6J7hEXw0q26D3RNg==	0f3e06586e89ee1117c34ab6e83dd136	1	1	-	2024-01-04T17:29:16.000Z	29	51	0.43	0.2887	0.2916	0.0012	0.0021	0.0021	0.0
2024-01-01	001	h25v05	MOD10A1.A2024001.h25v05.061.2024004172745	terra	https://modiseuwest.blob.core.windows.net/modis-061-cogs/MOD10A1/25/05/2024001/MOD10A1.A2024001.h25v05.061.2024004172745_NDSI_Snow_Cover.tif	1265075	+q/ZrJyry/LhaLujm3f+/g==	faafd9ac9cabcbf2e168bba39b77fefe	1	1	-	2024-01-04T17:29:43.000Z	6	37	0.5855	0.2578	0.1069	0.0014	0.0022	0.0019	0.0016
2024-01-01	001	h26v02	MOD10A1.A2024001.h26v02.061.2024004182002	terra	https://modiseuwest.blob.core.windows.net/modis-061-cogs/MOD10A1/26/02/2024001/MOD10A1.A2024001.h26v02.061.2024004182002_NDSI_Snow_Cover.tif	93438	dfHdgttO6lD0QljrYymb9g==	75f1dd82db4eea50f44258eb63299bf6	1	1	-	2024-01-04T18:21:55.000Z	0	6	0.0021	0.0021	0.0351	0.0222	0.0988	0.0004	0.8126
2024-01-01	001	h26v03	MOD10A1.A2024001.h26v03.061.2024004173446	terra	https://modiseuwest.blob.core.windows.net/modis-061-cogs/MOD10A1/26/03/2024001/MOD10A1.A2024001.h26v03.061.2024004173446_NDSI_Snow_Cover.tif	752904	+P1BuMBV8wbh61MG/nyOcA==	f8fd41b8c055f306e1eb5306fe7c8e70	1	1	-	2024-01-04T17:41:44.000Z	24	76	0.0733	0.0733	0.2316	0.0005	0.5634	0.0013	0.0
2024-01-01	001	h26v04	MOD10A1.A2024001.h26v04.061.2024004173333	terra	https://modiseuwest.blob.core.windows.net/modis-061-cogs/MOD10A1/26/04/2024001/MOD10A1.A2024001.h26v04.061.2024004173333_NDSI_Snow_Cover.tif	1163583	R25eAL82wZlEYq98bMOtDw==	476e5e00bf36c1994462af7c6cc3ad0f	1	1	-	2024-01-04T17:35:33.000Z	14	82	0.1368	0.1159	0.5889	0.0013	0.0022	0.0021	0.0
2024-01-01	001	h26v05	MOD10A1.A2024001.h26v05.061.2024004173626	terra	https://modiseuwest.blob.core.windows.net/modis-061-cogs/MOD10A1/26/05/2024001/MOD10A1.A2024001.h26v05.061.2024004173626_NDSI_Snow_Cover.tif	1265783	NPZKJXwu+906W0wtV0VSsw==	34f64a257c2efbdd3a5b4c2d574552b3	1	1	-	2024-01-04T17:38:35.000Z	9	41	0.5705	0.2899	0.2427	0.0008	0.0014	0.001	0.0
2024-01-01	001	h27v03	MOD10A1.A2024001.h27v03.061.2024004173344	terra	https://modiseuwest.blob.core.windows.net/modis-061-cogs/MOD10A1/27/03/2024001/MOD10A1.A2024001.h27v03.061.2024004173344_NDSI_Snow_Cover.tif	518557	R6jqAiHgKR+lSlzR/09M1Q==	47a8ea0221e0291fa54a5cd1ff4f4cd5	1	1	-	2024-01-04T17:35:37.000Z	23	13	0.0444	0.0444	0.0043	0.0002	0.6986	0.0006	0.1804
2024-01-01	001	h27v04	MOD10A1.A2024001.h27v04.061.2024004173648	terra	https://modiseuwest.blob.core.windows.net/modis-061-cogs/MOD10A1/27/04/2024001/MOD10A1.A2024001.h27v04.061.2024004173648_NDSI_Snow_Cover.tif	1647021	PfHBq2QiO+jx3dtGQUBD/w==	3df1c1ab64223be8f1dddb46414043ff	1	1	-	2024-01-04T17:38:43.000Z	40	57	0.1993	0.196	0.138	0.0013	0.4028	0.0021	0.0
2024-01-01	001	h27v05	MOD10A1.A2024001.h27v05.061.2024005012010	terra	https://modiseuwest.blob.core.windows.net/modis-061-cogs/MOD10A1/27/05/2024001/MOD10A1.A2024001.h27v05.061.2024005012010_NDSI_Snow_Cover.tif	915589	Pzw/sc/5a0n0s55EOvGPDA==	3f3c3fb1cff96b49f4b39e443af18f0c	1	1	-	2024-01-05T01:22:10.000Z	7	73	0.1668	0.1187	0.3639	0.0014	0.1984	0.0022	0.0002
2024-01-01	001	h28v03	MOD10A1.A2024001.h28v03.061.2024004170509	terra	https://modiseuwest.blob.core.windows.net/modis-061-cogs/MOD10A1/28/03/2024001/MOD10A1.A2024001.h28v03.061.2024004170509_NDSI_Snow_Cover.tif	43757	T448OgUsgnOjmxUDRTK89g==	4f8e3c3a052c8273a39b15034532bcf6	1	1	-	2024-01-04T17:07:05.000Z	0	0	0.0	0.0	0.0001	0.0	0.4336	0.0	0.5635
2024-01-01	001	h28v04	MOD10A1.A2024001.h28v04.061.2024004182350	terra	https://modiseuwest.blob.core.windows.net/modis-061-cogs/MOD10A1/28/04/2024001/MOD10A1.A2024001.h28v04.061.2024004182350_NDSI_Snow_Cover.tif	250034	A57vMrDp1sWQAlqPx8rA8g==	039eef32b0e9d6c590025a8fc7cac0f2	1	1	-	2024-01-04T18:30:49.000Z	29	71	0.0141	0.0141	0.0143	0.0004	0.902	0.0008	0.0
2024-01-01	001	h28v05	MOD10A1.A2024001.h28v05.061.2024004173930	terra	https://modiseuwest.blob.core.windows.net/modis-061-cogs/MOD10A1/28/05/2024001/MOD10A1.A2024001.h28v05.061.2024004173930_NDSI_Snow_Cover.tif	468820	QlgFACtwFUj5W8Tm74VQqQ==	425805002b701548f95bc4e6ef8550a9	1	1	-	2024-01-04T17:41:34.000Z	6	47	0.1242	0.0726	0.0516	0.0005	0.7021	0.0016	0.0
2024-01-01	001	h29v03	MOD10A1.A2024001.h29v03.061.2024004173106	terra	https://modiseuwest.blob.core.windows.net/modis-061-cogs/MOD10A1/29/03/2024001/MOD10A1.A2024001.h29v03.061.2024004173106_NDSI_Snow_Cover.tif	36912	lQI8Fb1wE0smpvg6zD5X+A==	95023c15bd70134b26a6f83acc3e57f8	1	1	-	2024-01-04T17:33:14.000Z	0	0	0.0	0.0	0.0	0.0	0.0688	0.0	0.9299
2024-01-01	001	h29v05	MOD10A1.A2024001.h29v05.061.2024004173700	terra	https://modiseuwest.blob.core.windows.net/modis-061-cogs/MOD10A1/29/05/2024001/MOD10A1.A2024001.h29v05.061.2024004173700_NDSI_Snow_Cover.tif	314990	aLqe0bI779Rn8FalPNEzog==	68ba9ed1b23befd467f056a53cd133a2	1	1	-	2024-01-04T17:38:58.000Z	12	43	0.0785	0.0545	0.0261	0.0002	0.8217	0.0006	0.0001
2024-01-01	001	h30v05	MOD10A1.A2024001.h30v05.061.2024004221114	terra	https://modiseuwest.blob.core.windows.net/modis-061-cogs/MOD10A1/30/05/2024001/MOD10A1.A2024001.h30v05.061.2024004221114_NDSI_Snow_Cover.tif	31834	qZOMM3nFWDralDxe6/hgUg==	a9938c3379c5583ada943c5eebf86052	1	1	-	2024-01-04T22:13:22.000Z	0	61	0.0	0.0	0.0	0.0	1.0	0.0	0.0
2024-01-15	015	h06v03	MOD10A1.A2024015.h06v03.061.2024017055358	terra	https://modiseuwest.blob.core.windows.net/modis-061-cogs/MOD10A1/06/03/2024015/MOD10A1.A2024015.h06v03.061.2024017055358_NDSI_Snow_Cover.tif	36327	4vobJUYg/TEuVenlyZDXTg==	e2fa1b254620fd312e55e9e5c990d74e	1	1	-	2024-01-17T05:56:06.000Z	0	0	0.0	0.0	0.0	0.0	0.0689	0.0	0.9301
2024-01-15	015	h07v03	MOD10A1.A2024015.h07v03.061.2024017061507	terra	https://modiseuwest.blob.core.windows.net/modis-061-cogs/MOD10A1/07/03/2024015/MOD10A1.A2024015.h07v03.061.2024017061507_NDSI_Snow_Cover.tif	59325	RUugVhmsLvdYzQYwEYbO2A==	454ba05619ac2ef758cd06301186ced8	1	1	-	2024-01-17T06:22:42.000Z	0	1	0.0004	0.0004	0.0004	0.0001	0.4243	0.0002	0.5639
2024-01-15	015	h07v05	MOD10A1.A2024015.h07v05.061.2024017062258	terra	https://modiseuwest.blob.core.windows.net/modis-061-cogs/MOD10A1/07/05/2024015/MOD10A1.A2024015.h07v05.061.2024017062258_NDSI_Snow_Cover.tif	32571	iyZ7rMtFv7dg8Bo59a/kRw==	8b267baccb45bfb760f01a39f5afe447	1	1	-	2024-01-17T06:29:43.000Z	0	0	0.0004	0.0001	0.0	0.0	0.9992	0.0	0.0
2024-01-15	015	h08v03	MOD10A1.A2024015.h08v03.061.2024017061343	terra	https://modiseuwest.blob.core.windows.net/modis-061-cogs/MOD10A1/08/03/2024015/MOD10A1.A2024015.h08v03.061.2024017061343_NDSI_Snow_Cover.tif	140964	MafV2Smz+eHZF9h8s0/G8A==	31a7d5d929b3f9e1d917d87cb34fc6f0	1	1	-	2024-01-17T06:20:35.000Z	5	1	0.006	0.006	0.0	0.0001	0.7868	0.0004	0.1807
2024-01-15	015	h08v04	MOD10A1.A2024015.h08v04.061.2024017065932	terra	https://modiseuwest.blob.core.windows.net/modis-061-cogs/MOD10A1/08/04/2024015/MOD10A1.A2024015.h08v04.061.2024017065932_NDSI_Snow_Cover.tif	319000	W+rVbYoK6D3ii574Xe4EUA==	5bead56d8a0ae83de28b9ef85dee0450	1	1	-	2024-01-17T07:01:28.000Z	35	39	0.0523	0.0421	0.0113	0.0001	0.9027	0.0002	0.0
2024-01-15	015	h08v05	MOD10A1.A2024015.h08v05.061.2024017064109	terra	https://modiseuwest.blob.core.windows.net/modis-061-cogs/MOD10A1/08/05/2024015/MOD10A1.A2024015.h08v05.061.2024017064109_NDSI_Snow_Cover.tif	931255	ujvFMDKRPT+IspVAlTCGFw==	ba3bc53032913d3f88b2954095308617	1	1	-	2024-01-17T06:48:02.000Z	10	30	0.5345	0.1789	0.1203	0.0005	0.2059	0.0011	0.0001
2024-01-15	015	h09v02	MOD10A1.A2024015.h09v02.061.2024017060529	terra	https://modiseuwest.blob.core.windows.net/modis-061-cogs/MOD10A1/09/02/2024015/MOD10A1.A2024015.h09v02.061.2024017060529_NDSI_Snow_Cover.tif	60115	500Fk1RzyUSRmx5OuqlJPQ==	e74d05935473c944919b1e4ebaa9493d	1	1	-	2024-01-17T06:07:20.000Z	0	1	0.0004	0.0004	0.0062	0.0001	0.1709	0.0	0.8129
2024-01-15	015	h09v03	MOD10A1.A2024015.h09v03.061.2024017055428	terra	https://modiseuwest.blob.core.windows.net/modis-061-cogs/MOD10A1/09/03/2024015/MOD10A1.A2024015.h09v03.061.2024017055428_NDSI_Snow_Cover.tif	435735	vAkQ6qVA0wcSGT3QrhL2JA==	bc0910eaa540d30712193dd0ae12f624	1	1	-	2024-01-17T05:56:43.000Z	53	40	0.0352	0.0351	0.0161	0.0004	0.8789	0.0007	0.0
2024-01-15	015	h09v04	MOD10A1.A2024015.h09v04.061.2024017063443	terra	https://modiseuwest.blob.core.windows.net/modis-061-cogs/MOD10A1/09/04/2024015/MOD10A1.A2024015.h09v04.061.2024017063443_NDSI_Snow_Cover.tif	2026993	zHKt4jEsCAqjzwmBLHIirg==	cc72ade2312c080aa3cf09812c7222ae	1	1	-	2024-01-17T06:37:14.000Z	49	47	0.3079	0.3005	0.1464	0.001	0.3096	0.0016	0.0
2024-01-15	015	h09v05	MOD10A1.A2024015.h09v05.061.2024017061430	terra	https://modiseuwest.blob.core.windows.net/modis-061-cogs/MOD10A1/09/05/2024015/MOD10A1.A2024015.h09v05.061.2024017061430_NDSI_Snow_Cover.tif	912289	u9lBwL+jFDNby2cU0Kb1XA==	bbd941c0bfa314335bcb6714d0a6f55c	1	1	-	2024-01-17T06:21:42.000Z	8	64	0.3384	0.1679	0.4693	0.0009	0.0013	0.0013	0.0
2024-01-15	015	h10v02	MOD10A1.A2024015.h10v02.061.2024017054958	terra	https://modiseuwest.blob.core.windows.net/modis-061-cogs/MOD10A1/10/02/2024015/MOD10A1.A2024015.h10v02.061.2024017054958_NDSI_Snow_Cover.tif	621028	rQIqSIAlIcxrlmHPLvi5bw==	ad022a48802521cc6b9661cf2ef8b96f	1	1	-	2024-01-17T05:56:51.000Z	8	25	0.0304	0.0304	0.1099	0.0448	0.2008	0.0015	0.4574
2024-01-15	015	h10v03	MOD10A1.A2024015.h10v03.061.2024017061932	terra	https://modiseuwest.blob.core.windows.net/modis-061-cogs/MOD10A1/10/03/2024015/MOD10A1.A2024015.h10v03.061.2024017061932_NDSI_Snow_Cover.tif	767578	P8itqBrPlE7UUxZUVQWrVw==	3fc8ada81acf944ed45316545505ab57	1	1	-	2024-01-17T06:21:34.000Z	16	84	0.0692	0.0692	0.3893	0.0006	0.3771	0.001	0.0
2024-01-15	015	h10v04	MOD10A1.A2024015.h10v04.061.2024017055343	terra	https://modiseuwest.blob.core.windows.net/modis-061-cogs/MOD10A1/10/04/2024015/MOD10A1.A2024015.h10v04.061.2024017055343_NDSI_Snow_Cover.tif	1678519	E8mXZ+OvgkE+v4O52zW4xQ==	13c99767e3af82413ebf83b9db35b8c5	1	1	-	2024-01-17T05:56:02.000Z	25	74	0.2008	0.1996	0.5019	0.0014	0.0028	0.0026	0.0
2024-01-15	015	h10v05	MOD10A1.A2024015.h10v05.061.2024017062606	terra	https://modiseuwest.blob.core.windows.net/modis-061-cogs/MOD10A1/10/05/2024015/MOD10A1.A2024015.h10v05.061.2024017062606_NDSI_Snow_Cover.tif	521893	38wr5m3OI/lxTcRsZ10B2w==	dfcc2be66dce23f9714dc46c675d01db	1	1	-	2024-01-17T06:28:08.000Z	3	88	0.09	0.0372	0.6711	0.0009	0.0142	0.0021	0.0
2024-01-15	015	h11v02	MOD10A1.A2024015.h11v02.061.2024017060100	terra	https://modiseuwest.blob.core.windows.net/modis-061-cogs/MOD10A1/11/02/2024015/MOD10A1.A2024015.h11v02.061.2024017060100_NDSI_Snow_Cover.tif	965288	Bxf77OprymzbFQXccZIJhg==	0717fbecea6bca6cdb1505dc71920986	1	1	-	2024-01-17T06:07:46.000Z	13	30	0.0729	0.0729	0.0983	0.3353	0.148	0.0025	0.1188
2024-01-15	015	h11v03	MOD10A1.A2024015.h11v03.061.2024017065415	terra	https://modiseuwest.blob.core.windows.net/modis-061-cogs/MOD10A1/11/03/2024015/MOD10A1.A2024015.h11v03.061.2024017065415_NDSI_Snow_Cover.tif	1651467	0FqgSgs7V59miAs8xVbAcg==	d05aa04a0b3b579f66880b3cc556c072	1	1	-	2024-01-17T06:56:18.000Z	27	73	0.2382	0.2382	0.5456	0.001	0.002	0.0019	0.0
2024-01-15	015	h11v04	MOD10A1.A2024015.h11v04.061.2024017071209	terra	https://modiseuwest.blob.core.windows.net/modis-061-cogs/MOD10A1/11/04/2024015/MOD10A1.A2024015.h11v04.061.2024017071209_NDSI_Snow_Cover.tif	1936946	aSzHl1xk8ci0lA5InX0X+A==	692cc7975c64f1c8b4940e489d7d17f8	1	1	-	2024-01-17T07:14:07.000Z	28	70	0.2233	0.2221	0.4344	0.0019	0.0029	0.0032	0.0
2024-01-15	015	h11v05	MOD10A1.A2024015.h11v05.061.2024017081842	terra	https://modiseuwest.blob.core.windows.net/modis-061-cogs/MOD10A1/11/05/2024015/MOD10A1.A2024015.h11v05.061.2024017081842_NDSI_Snow_Cover.tif	335441	AqGMo6m7snKPhvcQ5Jbg0g==	02a18ca3a9bbb2728f86f710e496e0d2	1	1	-	2024-01-17T08:20:35.000Z	2	88	0.0616	0.0361	0.4275	0.0005	0.3953	0.0009	0.0
2024-01-15	015	h12v02	MOD10A1.A2024015.h12v02.061.2024017082928	terra	https://modiseuwest.blob.core.windows.net/modis-061-cogs/MOD10A1/12/02/2024015/MOD10A1.A2024015.h12v02.061.2024017082928_NDSI_Snow_Cover.tif	920289	WwB+R76iIZBlcO0psOkt3Q==	5b007e47bea221906570ed29b0e92ddd	1	1	-	2024-01-17T08:31:26.000Z	14	23	0.1142	0.1142	0.123	0.5899	0.0291	0.001	0.0105
2024-01-15	015	h12v03	MOD10A1.A2024015.h12v03.061.2024017060007	terra	https://modiseuwest.blob.core.windows.net/modis-061-cogs/MOD10A1/12/03/2024015/MOD10A1.A2024015.h12v03.061.2024017060007_NDSI_Snow_Cover.tif	1617288	3TfJSeVd37oN3+gE++ngCg==	dd37c949e55ddfba0ddfe804fbe9e00a	1	1	-	2024-01-17T06:07:16.000Z	26	74	0.2195	0.2195	0.5137	0.0011	0.0025	0.0021	0.0
2024-01-15	015	h12v04	MOD10A1.A2024015.h12v04.061.2024017065929	terra	https://modiseuwest.blob.core.windows.net/modis-061-cogs/MOD10A1/12/04/2024015/MOD10A1.A2024015.h12v04.061.2024017065929_NDSI_Snow_Cover.tif	848553	EieDougFOl9nypdsgO8M6g==	122783a2e8053a5f67ca976c80ef0cea	1	1	-	2024-01-17T07:01:31.000Z	9	84	0.1016	0.0802	0.5293	0.0014	0.1194	0.003	0.0
2024-01-15	015	h12v05	MOD10A1.A2024015.h12v05.061.2024017065933	terra	https://modiseuwest.blob.core.windows.net/modis-061-cogs/MOD10A1/12/05/2024015/MOD10A1.A2024015.h12v05.061.2024017065933_NDSI_Snow_Cover.tif	47182	cXxCoyyEqLJ2kiwFbdQ4Dw==	717c42a32c84a8b276922c056dd4380f	1	1	-	2024-01-17T07:01:24.000Z	0	100	0.0	0.0	0.0293	0.0	0.9624	0.0	0.0
2024-01-15	015	h13v02	MOD10A1.A2024015.h13v02.061.2024017060121	terra	https://modiseuwest.blob.core.windows.net/modis-061-cogs/MOD10A1/13/02/2024015/MOD10A1.A2024015.h13v02.061.2024017060121_NDSI_Snow_Cover.tif	241259	pnBL3TpWhjwJnLFtEStlzw==	a6704bdd3a56863c099cb16d112b65cf	1	1	-	2024-01-17T06:08:44.000Z	3	25	0.0162	0.0162	0.1497	0.5436	0.1873	0.0022	0.0101
2024-01-15	015	h13v03	MOD10A1.A2024015.h13v03.061.2024017055024	terra	https://modiseuwest.blob.core.windows.net/modis-061-cogs/MOD10A1/13/03/2024015/MOD10A1.A2024015.h13v03.061.2024017055024_NDSI_Snow_Cover.tif	629187	GW7xDfoNmSprjQJw4Polag==	196ef10dfa0d992a6b8d0270e0fa256a	1	1	-	2024-01-17T05:57:19.000Z	11	89	0.0425	0.0425	0.3617	0.0007	0.3986	0.0017	0.0
2024-01-15	015	h13v04	MOD10A1.A2024015.h13v04.061.2024017064505	terra	https://modiseuwest.blob.core.windows.net/modis-061-cogs/MOD10A1/13/04/2024015/MOD10A1.A2024015.h13v04.061.2024017064505_NDSI_Snow_Cover.tif	930747	dgl9dJ2x0rQ21wJREqQzpA==	76097d749db1d2b436d7025112a433a4	1	1	-	2024-01-17T06:52:04.000Z	27	67	0.0839	0.0818	0.137	0.0009	0.6124	0.0016	0.0
2024-01-15	015	h14v02	MOD10A1.A2024015.h14v02.061.2024017070612	terra	https://modiseuwest.blob.core.windows.net/modis-061-cogs/MOD10A1/14/02/2024015/MOD10A1.A2024015.h14v02.061.2024017070612_NDSI_Snow_Cover.tif	426336	E7qnUxdZqg0aUwmnAX9Eqw==	13baa7531759aa0d1a5309a7017f44ab	1	1	-	2024-01-17T07:08:25.000Z	5	18	0.0108	0.0108	0.0365	0.3305	0.4263	0.0039	0.0133
2024-01-15	015	h14v03	MOD10A1.A2024015.h14v03.061.2024017072137	terra	https://modiseuwest.blob.core.windows.net/modis-061-cogs/MOD10A1/14/03/2024015/MOD10A1.A2024015.h14v03.061.2024017072137_NDSI_Snow_Cover.tif	1339501	PND4Upnz+ulLtYlxo0m5eg==	3cd0f85299f3fae94bb58971a349b97a	1	1	-	2024-01-17T07:23:37.000Z	37	63	0.1665	0.1665	0.1998	0.001	0.4181	0.002	0.0
2024-01-15	015	h14v04	MOD10A1.A2024015.h14v04.061.2024017074554	terra	https://modiseuwest.blob.core.windows.net/modis-061-cogs/MOD10A1/14/04/2024015/MOD10A1.A2024015.h14v04.061.2024017074554_NDSI_Snow_Cover.tif	121890	HqpIcs8kxfDhOOGVp2655g==	1eaa4872cf24c5f0e138e195a76eb9e6	1	1	-	2024-01-17T07:47:50.000Z	5	94	0.0019	0.0019	0.0471	0.0001	0.909	0.0003	0.0
2024-01-15	015	h15v02	MOD10A1.A2024015.h15v02.061.2024017063920	terra	https://modiseuwest.blob.core.windows.net/modis-061-cogs/MOD10A1/15/02/2024015/MOD10A1.A2024015.h15v02.061.2024017063920_NDSI_Snow_Cover.tif	586008	AzJL3p3bHRcNht3o0d/mSA==	03324bde9ddb1d170d86dde8d1dfe648	1	1	-	2024-01-17T06:45:57.000Z	20	6	0.0683	0.0683	0.0035	0.2146	0.5676	0.0032	0.0185
2024-01-15	015	h15v03	MOD10A1.A2024015.h15v03.061.2024017061423	terra	https://modiseuwest.blob.core.windows.net/modis-061-cogs/MOD10A1/15/03/2024015/MOD10A1.A2024015.h15v03.061.2024017061423_NDSI_Snow_Cover.tif	36006	tPeX4KYmktxpqznETSH8hg==	b4f797e0a62692dc69ab39c44d21fc86	1	1	-	2024-01-17T06:21:17.000Z	28	68	0.0001	0.0001	0.0	0.0	0.9987	0.0	0.0
2024-01-15	015	h15v05	MOD10A1.A2024015.h15v05.061.2024017061936	terra	https://modiseuwest.blob.core.windows.net/modis-061-cogs/MOD10A1/15/05/2024015/MOD10A1.A2024015.h15v05.061.2024017061936_NDSI_Snow_Cover.tif	36868	bVx1NV17HbUc2Fj3/Bltfg==	6d5c75355d7b1db51cd858f7fc196d7e	1	1	-	2024-01-17T06:21:44.000Z	0	61	0.0	0.0	0.0006	0.0	0.9969	0.0	0.0001
2024-01-15	015	h16v02	MOD10A1.A2024015.h16v02.061.2024017061622	terra	https://modiseuwest.blob.core.windows.net/modis-061-cogs/MOD10A1/16/02/2024015/MOD10A1.A2024015.h16v02.061.2024017061622_NDSI_Snow_Cover.tif	159600	PFZZEmWSpcbCWDgj2n6W/Q==	3c5659126592a5c6c2583823da7e96fd	1	1	-	2024-01-17T06:23:33.000Z	3	2	0.0109	0.0109	0.002	0.3395	0.5906	0.0012	0.0167
2024-01-15	015	h16v05	MOD10A1.A2024015.h16v05.061.2024017061438	terra	https://modiseuwest.blob.core.windows.net/modis-061-cogs/MOD10A1/16/05/2024015/MOD10A1.A2024015.h16v05.061.2024017061438_NDSI_Snow_Cover.tif	34206	YA/wgRGrWzFUyoV+qy3MYQ==	600ff08111ab5b3154ca857eab2dcc61	1	1	-	2024-01-17T06:21:20.000Z	2	77	0.0001	0.0001	0.0002	0.0	0.9982	0.0	0.0
2024-01-15	015	h17v02	MOD10A1.A2024015.h17v02.061.2024017063903	terra	https://modiseuwest.blob.core.windows.net/modis-061-cogs/MOD10A1/17/02/2024015/MOD10A1.A2024015.h17v02.061.2024017063903_NDSI_Snow_Cover.tif	83091	uWLK200x0Za6uQryfbc0VA==	b962cadb4d31d196bab90af27db73454	1	1	-	2024-01-17T06:45:54.000Z	1	4	0.0003	0.0003	0.0018	0.0821	0.8731	0.0009	0.0121
2024-01-15	015	h17v03	MOD10A1.A2024015.h17v03.061.2024017061610	terra	https://modiseuwest.blob.core.windows.net/modis-061-cogs/MOD10A1/17/03/2024015/MOD10A1.A2024015.h17v03.061.2024017061610_NDSI_Snow_Cover.tif	563822	YY61kJz84TNf73Lt+XhMlA==	618eb5909cfce1335fef72edf9784c94	1	1	-	2024-01-17T06:23:20.000Z	15	27	0.1568	0.083	0.0095	0.0005	0.7273	0.0011	0.0
2024-01-15	015	h17v04	MOD10A1.A2024015.h17v04.061.2024017062015	terra	https://modiseuwest.blob.core.windows.net/modis-061-cogs/MOD10A1/17/04/2024015/MOD10A1.A2024015.h17v04.061.2024017062015_NDSI_Snow_Cover.tif	181722	JRek1sSO4/xtkwmSoxjhbg==	2517a4d6c48ee3fc6d930992a318e16e	1	1	-	2024-01-17T06:22:33.000Z	1	93	0.017	0.0121	0.2419	0.0003	0.6778	0.0005	0.0
2024-01-15	015	h17v05	MOD10A1.A2024015.h17v05.061.2024017082629	terra	https://modiseuwest.blob.core.windows.net/modis-061-cogs/MOD10A1/17/05/2024015/MOD10A1.A2024015.h17v05.061.2024017082629_NDSI_Snow_Cover.tif	225468	wlw6Slrt3vyy/4YXqZACIQ==	c25c3a4a5aeddefcb2ff8617a9900221	1	1	-	2024-01-17T08:33:43.000Z	0	81	0.105	0.0323	0.3975	0.0004	0.4002	0.0006	0.0004
2024-01-15	015	h18v02	MOD10A1.A2024015.h18v02.061.2024017073420	terra	https://modiseuwest.blob.core.windows.net/modis-061-cogs/MOD10A1/18/02/2024015/MOD10A1.A2024015.h18v02.061.2024017073420_NDSI_Snow_Cover.tif	895021	7U1Ko2Qnz6KymSaINxIoUA==	ed4d4aa36427cfa2b299268837122850	1	1	-	2024-01-17T07:36:17.000Z	23	19	0.0906	0.0906	0.0191	0.2462	0.4786	0.0024	0.0148
2024-01-15	015	h18v03	MOD10A1.A2024015.h18v03.061.2024017060920	terra	https://modiseuwest.blob.core.windows.net/modis-061-cogs/MOD10A1/18/03/2024015/MOD10A1.A2024015.h18v03.061.2024017060920_NDSI_Snow_Cover.tif	987660	CaO+YM2ZUS2wz7sabZFKqQ==	09a3be60cd99512db0cfbb1a6d914aa9	1	1	-	2024-01-17T06:11:28.000Z	17	79	0.0729	0.0706	0.2133	0.0017	0.4413	0.0027	0.0
2024-01-15	015	h18v04	MOD10A1.A2024015.h18v04.061.2024017064749	terra	https://modiseuwest.blob.core.windows.net/modis-061-cogs/MOD10A1/18/04/2024015/MOD10A1.A2024015.h18v04.061.2024017064749_NDSI_Snow_Cover.tif	804257	Jy/v5gtiA3RknDxjNAVKuA==	272fefe60b620374649c3c6334054ab8	1	1	-	2024-01-17T06:49:48.000Z	7	76	0.1425	0.099	0.4046	0.0009	0.2576	0.0014	0.0
2024-01-15	015	h18v05	MOD10A1.A2024015.h18v05.061.2024017055008	terra	https://modiseuwest.blob.core.windows.net/modis-061-cogs/MOD10A1/18/05/2024015/MOD10A1.A2024015.h18v05.061.2024017055008_NDSI_Snow_Cover.tif	353392	d2dwUCP3BS75knf4Q7h1RQ==	7767705023f7052ef99277f843b87545	1	1	-	2024-01-17T05:57:05.000Z	0	61	0.2468	0.0745	0.2798	0.0007	0.3387	0.0009	0.0
2024-01-15	015	h19v02	MOD10A1.A2024015.h19v02.061.2024017055016	terra	https://modiseuwest.blob.core.windows.net/modis-061-cogs/MOD10A1/19/02/2024015/MOD10A1.A2024015.h19v02.061.2024017055016_NDSI_Snow_Cover.tif	440842	77mC43fpCkznm7LJdRgnjg==	efb982e377e90a4ce79bb2c97518278e	1	1	-	2024-01-17T05:57:43.000Z	6	37	0.0437	0.0437	0.2466	0.3959	0.193	0.0018	0.0152
2024-01-15	015	h19v03	MOD10A1.A2024015.h19v03.061.2024017060051	terra	https://modiseuwest.blob.core.windows.net/modis-061-cogs/MOD10A1/19/03/2024015/MOD10A1.A2024015.h19v03.061.2024017060051_NDSI_Snow_Cover.tif	259039	9GedgE1SldkRt9OT/O77ig==	f4679d804d5295d911b7d393fceefb8a	1	1	-	2024-01-17T06:08:00.000Z	2	98	0.0076	0.0073	0.7717	0.0004	0.1155	0.0009	0.0
2024-01-15	015	h19v04	MOD10A1.A2024015.h19v04.061.2024017073747	terra	https://modiseuwest.blob.core.windows.net/modis-061-cogs/MOD10A1/19/04/2024015/MOD10A1.A2024015.h19v04.061.2024017073747_NDSI_Snow_Cover.tif	527416	QJu48cN4wB4HkkqVMgXLhw==	409bb8f1c378c01e07924a953205cb87	1	1	-	2024-01-17T07:39:54.000Z	3	87	0.0977	0.0638	0.6214	0.0006	0.1147	0.0014	0.0
2024-01-15	015	h19v05	MOD10A1.A2024015.h19v05.061.2024017061423	terra	https://modiseuwest.blob.core.windows.net/modis-061-cogs/MOD10A1/19/05/2024015/MOD10A1.A2024015.h19v05.061.2024017061423_NDSI_Snow_Cover.tif	199643	nGM8OlVgufzPv83b+OhqOg==	9c633c3a5560b9fccfbfcddbf8e86a3a	1	1	-	2024-01-17T06:21:20.000Z	0	59	0.1153	0.0198	0.1174	0.0002	0.6869	0.0004	0.0003
2024-01-15	015	h20v02	MOD10A1.A2024015.h20v02.061.2024017063450	terra	https://modiseuwest.blob.core.windows.net/modis-061-cogs/MOD10A1/20/02/2024015/MOD10A1.A2024015.h20v02.061.2024017063450_NDSI_Snow_Cover.tif	418032	VXuin6s6ymoxbf7mj4DTvg==	557ba29fab3aca6a316dfee68f80d3be	1	1	-	2024-01-17T06:37:29.000Z	5	33	0.033	0.033	0.2402	0.5489	0.0397	0.002	0.0212
2024-01-15	015	h20v03	MOD10A1.A2024015.h20v03.061.2024017061946	terra	https://modiseuwest.blob.core.windows.net/modis-061-cogs/MOD10A1/20/03/2024015/MOD10A1.A2024015.h20v03.061.2024017061946_NDSI_Snow_Cover.tif	352630	fzaSGX8QpBVe8RWHjKnUJg==	7f3692197f10a4155ef115878ca9d426	1	1	-	2024-01-17T06:21:55.000Z	3	97	0.0153	0.0153	0.8495	0.0006	0.0014	0.0012	0.0
2024-01-15	015	h20v04	MOD10A1.A2024015.h20v04.061.2024017062005	terra	https://modiseuwest.blob.core.windows.net/modis-061-cogs/MOD10A1/20/04/2024015/MOD10A1.A2024015.h20v04.061.2024017062005_NDSI_Snow_Cover.tif	1201683	nVcyrAObbc139fbXr8Ov+A==	9d5732ac039b6dcd77f5f6d7afc3aff8	1	1	-	2024-01-17T06:22:17.000Z	23	63	0.2024	0.1666	0.2632	0.0008	0.3462	0.0018	0.0
2024-01-15	015	h20v05	MOD10A1.A2024015.h20v05.061.2024017060926	terra	https://modiseuwest.blob.core.windows.net/modis-061-cogs/MOD10A1/20/05/2024015/MOD10A1.A2024015.h20v05.061.2024017060926_NDSI_Snow_Cover.tif	518830	mYwvMt7MWIo8Zft8p8fGfw==	998c2f32decc588a3c65fb7ca7c7c67f	1	1	-	2024-01-17T06:11:53.000Z	4	44	0.2636	0.0836	0.1187	0.0006	0.4757	0.0014	0.0
2024-01-15	015	h21v02	MOD10A1.A2024015.h21v02.061.2024017063511	terra	https://modiseuwest.blob.core.windows.net/modis-061-cogs/MOD10A1/21/02/2024015/MOD10A1.A2024015.h21v02.061.2024017063511_NDSI_Snow_Cover.tif	993058	/d9MSUhute30dYuPXihkyg==	fddf4c49486eb5edf4758b8f5e2864ca	1	1	-	2024-01-17T06:37:52.000Z	15	20	0.1212	0.1212	0.088	0.6182	0.0012	0.0011	0.0239
2024-01-15	015	h21v03	MOD10A1.A2024015.h21v03.061.2024017054136	terra	https://modiseuwest.blob.core.windows.net/modis-061-cogs/MOD10A1/21/03/2024015/MOD10A1.A2024015.h21v03.061.2024017054136_NDSI_Snow_Cover.tif	2495280	i2/0kMqBgTCPczENQ9l91w==	8b6ff490ca8181308f73310d43d97dd7	1	1	-	2024-01-17T05:48:41.000Z	50	50	0.4394	0.4394	0.2954	0.0012	0.0019	0.0017	0.0
2024-01-15	015	h21v04	MOD10A1.A2024015.h21v04.061.2024017063920	terra	https://modiseuwest.blob.core.windows.net/modis-061-cogs/MOD10A1/21/04/2024015/MOD10A1.A2024015.h21v04.061.2024017063920_NDSI_Snow_Cover.tif	2020800	4EduZtRlrLW393Htks8/ZA==	e0476e66d465acb5b7f771ed92cf3f64	1	1	-	2024-01-17T06:46:07.000Z	40	54	0.3787	0.3637	0.3276	0.0014	0.0172	0.0074	0.0
2024-01-15	015	h21v05	MOD10A1.A2024015.h21v05.061.2024017062253	terra	https://modiseuwest.blob.core.windows.net/modis-061-cogs/MOD10A1/21/05/2024015/MOD10A1.A2024015.h21v05.061.2024017062253_NDSI_Snow_Cover.tif	1066652	t4nOGU5FXkr6LVeFbLSGdA==	b789ce194e455e4afa2d57856cb48674	1	1	-	2024-01-17T06:29:56.000Z	10	58	0.3614	0.1491	0.3139	0.0013	0.0028	0.0045	0.0004
2024-01-15	015	h22v02	MOD10A1.A2024015.h22v02.061.2024017081003	terra	https://modiseuwest.blob.core.windows.net/modis-061-cogs/MOD10A1/22/02/2024015/MOD10A1.A2024015.h22v02.061.2024017081003_NDSI_Snow_Cover.tif	544020	dsue1hpk2x4skLtWVCoowg==	76cb9ed61a64db1e2c90bb56542a28c2	1	1	-	2024-01-17T08:12:08.000Z	5	30	0.0328	0.0328	0.1589	0.6151	0.0016	0.0018	0.03
2024-01-15	015	h22v03	MOD10A1.A2024015.h22v03.061.2024017064451	terra	https://modiseuwest.blob.core.windows.net/modis-061-cogs/MOD10A1/22/03/2024015/MOD10A1.A2024015.h22v03.061.2024017064451_NDSI_Snow_Cover.tif	2678636	VDq8ZSmFL4X5ldqxRWsMWA==	543abc6529852f85f995dab1456b0c58	1	1	-	2024-01-17T06:46:54.000Z	44	56	0.3498	0.3498	0.2088	0.0021	0.0044	0.0043	0.0
2024-01-15	015	h22v04	MOD10A1.A2024015.h22v04.061.2024017065929	terra	https://modiseuwest.blob.core.windows.net/modis-061-cogs/MOD10A1/22/04/2024015/MOD10A1.A2024015.h22v04.061.2024017065929_NDSI_Snow_Cover.tif	1846182	OmQ8qXO2xwgaX7PXDkADOQ==	3a643ca973b6c7081a5fb3d70e400339	1	1	-	2024-01-17T07:01:52.000Z	38	47	0.48	0.3691	0.2707	0.0012	0.0023	0.0038	0.0
2024-01-15	015	h22v05	MOD10A1.A2024015.h22v05.061.2024017065043	terra	https://modiseuwest.blob.core.windows.net/modis-061-cogs/MOD10A1/22/05/2024015/MOD10A1.A2024015.h22v05.061.2024017065043_NDSI_Snow_Cover.tif	827859	v0Op2LBHZv2vq3Y6xrfPjg==	bf43a9d8b04766fdafab763ac6b7cf8e	1	1	-	2024-01-17T06:53:00.000Z	2	56	0.4048	0.1542	0.3168	0.0011	0.004	0.0056	0.0
2024-01-15	015	h23v02	MOD10A1.A2024015.h23v02.061.2024017060107	terra	https://modiseuwest.blob.core.windows.net/modis-061-cogs/MOD10A1/23/02/2024015/MOD10A1.A2024015.h23v02.061.2024017060107_NDSI_Snow_Cover.tif	548137	ujvpewWl8HbrN6yfLPBe4A==	ba3be97b05a5f076eb37ac9f2cf05ee0	1	1	-	2024-01-17T06:07:48.000Z	8	27	0.0707	0.0707	0.2193	0.5224	0.0113	0.0009	0.1015
2024-01-15	015	h23v03	MOD10A1.A2024015.h23v03.061.2024017070318	terra	https://modiseuwest.blob.core.windows.net/modis-061-cogs/MOD10A1/23/03/2024015/MOD10A1.A2024015.h23v03.061.2024017070318_NDSI_Snow_Cover.tif	1483651	egtXK4Ep20yO0VaqOTo7ZA==	7a0b572b8129db4c8ed156aa393a3b64	1	1	-	2024-01-17T07:10:34.000Z	23	76	0.2176	0.2176	0.6456	0.0006	0.0011	0.001	0.0
2024-01-15	015	h23v04	MOD10A1.A2024015.h23v04.061.2024017070319	terra	https://modiseuwest.blob.core.windows.net/modis-061-cogs/MOD10A1/23/04/2024015/MOD10A1.A2024015.h23v04.061.2024017070319_NDSI_Snow_Cover.tif	799972	JYXQzzgwnmy5ulZZTuhYZg==	2585d0cf38309e6cb9ba56594ee85866	1	1	-	2024-01-17T07:05:21.000Z	8	90	0.0606	0.0569	0.6585	0.0012	0.0026	0.0025	0.0
2024-01-15	015	h23v05	MOD10A1.A2024015.h23v05.061.2024017061923	terra	https://modiseuwest.blob.core.windows.net/modis-061-cogs/MOD10A1/23/05/2024015/MOD10A1.A2024015.h23v05.061.2024017061923_NDSI_Snow_Cover.tif	867314	/HhAZIDlUO255f6TiokULA==	fc78406480e550edb9e5fe938a89142c	1	1	-	2024-01-17T06:21:22.000Z	4	73	0.2425	0.1372	0.4734	0.0014	0.0021	0.0022	0.0003
2024-01-15	015	h24v02	MOD10A1.A2024015.h24v02.061.2024017061034	terra	https://modiseuwest.blob.core.windows.net/modis-061-cogs/MOD10A1/24/02/2024015/MOD10A1.A2024015.h24v02.061.2024017061034_NDSI_Snow_Cover.tif	1374839	Am38L4dPIIVb+Zi8AB4j6w==	026dfc2f874f20855bf998bc001e23eb	1	1	-	2024-01-17T06:17:47.000Z	21	14	0.1632	0.1632	0.0357	0.5105	0.0032	0.001	0.1297
2024-01-15	015	h24v03	MOD10A1.A2024015.h24v03.061.2024017065940	terra	https://modiseuwest.blob.core.windows.net/modis-061-cogs/MOD10A1/24/03/2024015/MOD10A1.A2024015.h24v03.061.2024017065940_NDSI_Snow_Cover.tif	3089110	oRvWO1fX/ivZQeZlkksdkA==	a11bd63b57d7fe2bd941e665924b1d90	1	1	-	2024-01-17T07:01:51.000Z	42	57	0.3248	0.3247	0.275	0.0019	0.0024	0.0025	0.0
2024-01-15	015	h24v04	MOD10A1.A2024015.h24v04.061.2024017055724	terra	https://modiseuwest.blob.core.windows.net/modis-061-cogs/MOD10A1/24/04/2024015/MOD10A1.A2024015.h24v04.061.2024017055724_NDSI_Snow_Cover.tif	2351167	W94itv18+EhduMOAKEiVPg==	5bde22b6fd7cf8485db8c3802848953e	1	1	-	2024-01-17T06:04:34.000Z	32	44	0.4815	0.365	0.1754	0.0014	0.0022	0.0022	0.0
2024-01-15	015	h24v05	MOD10A1.A2024015.h24v05.061.2024017055356	terra	https://modiseuwest.blob.core.windows.net/modis-061-cogs/MOD10A1/24/05/2024015/MOD10A1.A2024015.h24v05.061.2024017055356_NDSI_Snow_Cover.tif	1276429	RQ2ul6NqOmyn8gceTdLNIg==	450dae97a36a3a6ca7f2071e4dd2cd22	1	1	-	2024-01-17T05:56:17.000Z	7	35	0.6229	0.3048	0.2111	0.0006	0.0012	0.001	0.0
2024-01-15	015	h25v02	MOD10A1.A2024015.h25v02.061.2024017062902	terra	https://modiseuwest.blob.core.windows.net/modis-061-cogs/MOD10A1/25/02/2024015/MOD10A1.A2024015.h25v02.061.2024017062902_NDSI_Snow_Cover.tif	529377	FZHbQ+zybYPM10So9fIFFw==	1591db43ecf26d83ccd744a8f5f20517	1	1	-	2024-01-17T06:36:22.000Z	5	19	0.03	0.03	0.0718	0.2286	0.0627	0.0013	0.4571
2024-01-15	015	h25v03	MOD10A1.A2024015.h25v03.061.2024017061436	terra	https://modiseuwest.blob.core.windows.net/modis-061-cogs/MOD10A1/25/03/2024015/MOD10A1.A2024015.h25v03.061.2024017061436_NDSI_Snow_Cover.tif	3074398	8p4tu70dmy1iQu8mMe4rMQ==	f29e2dbbbd1d9b2d6242ef2631ee2b31	1	1	-	2024-01-17T06:21:37.000Z	54	43	0.3446	0.344	0.053	0.002	0.2081	0.0029	0.0
2024-01-15	015	h25v04	MOD10A1.A2024015.h25v04.061.2024017062622	terra	https://modiseuwest.blob.core.windows.net/modis-061-cogs/MOD10A1/25/04/2024015/MOD10A1.A2024015.h25v04.061.2024017062622_NDSI_Snow_Cover.tif	2316950	TlUrS5ZcQXlZvswWr51pYw==	4e552b4b965c417959becc16af9d6963	1	1	-	2024-01-17T06:28:32.000Z	44	41	0.5344	0.4301	0.2123	0.0012	0.0015	0.0015	0.0
2024-01-15	015	h25v05	MOD10A1.A2024015.h25v05.061.2024017060919	terra	https://modiseuwest.blob.core.windows.net/modis-061-cogs/MOD10A1/25/05/2024015/MOD10A1.A2024015.h25v05.061.2024017060919_NDSI_Snow_Cover.tif	1033135	lpv0n3iPIwrHaUO+3UerTQ==	969bf49f788f230ac76943bedd47ab4d	1	1	-	2024-01-17T06:11:28.000Z	5	45	0.5154	0.2205	0.2192	0.001	0.0023	0.0021	0.0015
2024-01-15	015	h26v02	MOD10A1.A2024015.h26v02.061.2024017061023	terra	https://modiseuwest.blob.core.windows.net/modis-061-cogs/MOD10A1/26/02/2024015/MOD10A1.A2024015.h26v02.061.2024017061023_NDSI_Snow_Cover.tif	122085	kT/kLHZvEy2lppcvX+XI0A==	913fe42c766f132da5a6972f5fe5c8d0	1	1	-	2024-01-17T06:12:21.000Z	1	1	0.0022	0.0022	0.0004	0.059	0.0975	0.0003	0.8126
2024-01-15	015	h26v03	MOD10A1.A2024015.h26v03.061.2024017055412	terra	https://modiseuwest.blob.core.windows.net/modis-061-cogs/MOD10A1/26/03/2024015/MOD10A1.A2024015.h26v03.061.2024017055412_NDSI_Snow_Cover.tif	1344011	DzxBJzw4sGphCPDtJkWOAw==	0f3c41273c38b06a6108f0ed26458e03	1	1	-	2024-01-17T05:56:31.000Z	39	56	0.1159	0.1159	0.0634	0.0093	0.5676	0.0017	0.0011
2024-01-15	015	h26v04	MOD10A1.A2024015.h26v04.061.2024017062016	terra	https://modiseuwest.blob.core.windows.net/modis-061-cogs/MOD10A1/26/04/2024015/MOD10A1.A2024015.h26v04.061.2024017062016_NDSI_Snow_Cover.tif	2366429	gh6/5xZqyXfhlhLUu3UyhQ==	821ebfe7166ac977e19612d4bb753285	1	1	-	2024-01-17T06:22:35.000Z	31	55	0.3658	0.3011	0.221	0.0021	0.0033	0.0031	0.0
2024-01-15	015	h26v05	MOD10A1.A2024015.h26v05.061.2024017061451	terra	https://modiseuwest.blob.core.windows.net/modis-061-cogs/MOD10A1/26/05/2024015/MOD10A1.A2024015.h26v05.061.2024017061451_NDSI_Snow_Cover.tif	912091	61t3AHe8fhKg/UZKsFBeCg==	eb5b770077bc7e12a0fd464ab0505e0a	1	1	-	2024-01-17T06:21:31.000Z	5	42	0.5654	0.2435	0.2911	0.0007	0.0011	0.0008	0.0
2024-01-15	015	h27v03	MOD10A1.A2024015.h27v03.061.2024017064750	terra	https://modiseuwest.blob.core.windows.net/modis-061-cogs/MOD10A1/27/03/2024015/MOD10A1.A2024015.h27v03.061.2024017064750_NDSI_Snow_Cover.tif	207557	ieXJOaSDMwf+g5EV0GqnkQ==	89e5c939a4833307fe839115d06aa791	1	1	-	2024-01-17T06:49:44.000Z	6	25	0.0118	0.0118	0.0526	0.0001	0.692	0.0003	0.1998
2024-01-15	015	h27v04	MOD10A1.A2024015.h27v04.061.2024017073542	terra	https://modiseuwest.blob.core.windows.net/modis-061-cogs/MOD10A1/27/04/2024015/MOD10A1.A2024015.h27v04.061.2024017073542_NDSI_Snow_Cover.tif	1758175	kLfG3CF02GwWLNiE3JI2JA==	90b7c6dc2174d86c162cd884dc923624	1	1	-	2024-01-17T07:37:41.000Z	33	60	0.1633	0.1555	0.0958	0.0018	0.4058	0.0028	0.0
2024-01-15	015	h27v05	MOD10A1.A2024015.h27v05.061.2024017061617	terra	https://modiseuwest.blob.core.windows.net/modis-061-cogs/MOD10A1/27/05/2024015/MOD10A1.A2024015.h27v05.061.2024017061617_NDSI_Snow_Cover.tif	775192	nv62fLB+71L+skc578J+DA==	9efeb67cb07eef52feb24739efc27e0c	1	1	-	2024-01-17T06:18:14.000Z	6	70	0.2027	0.1177	0.3941	0.0011	0.1964	0.0015	0.0001
2024-01-15	015	h28v03	MOD10A1.A2024015.h28v03.061.2024017061445	terra	https://modiseuwest.blob.core.windows.net/modis-061-cogs/MOD10A1/28/03/2024015/MOD10A1.A2024015.h28v03.061.2024017061445_NDSI_Snow_Cover.tif	45945	S++cWzwnnzMBGY7BYEVUcg==	4bef9c5b3c279f3301198ec160455472	1	1	-	2024-01-17T06:21:27.000Z	0	0	0.0	0.0	0.0	0.0	0.4329	0.0001	0.5634
2024-01-15	015	h28v04	MOD10A1.A2024015.h28v04.061.2024017062631	terra	https://modiseuwest.blob.core.windows.net/modis-061-cogs/MOD10A1/28/04/2024015/MOD10A1.A2024015.h28v04.061.2024017062631_NDSI_Snow_Cover.tif	163963	tR8VW2eq7pL46OJeBFvrKw==	b51f155b67aaee92f8e8e25e045beb2b	1	1	-	2024-01-17T06:28:30.000Z	14	85	0.0078	0.0078	0.0418	0.0002	0.9043	0.0003	0.0
2024-01-15	015	h28v05	MOD10A1.A2024015.h28v05.061.2024017063512	terra	https://modiseuwest.blob.core.windows.net/modis-061-cogs/MOD10A1/28/05/2024015/MOD10A1.A2024015.h28v05.061.2024017063512_NDSI_Snow_Cover.tif	436371	JXXSNzcaZewTi5I8HS/BIw==	2575d237371a65ec138b923c1d2fc123	1	1	-	2024-01-17T06:37:28.000Z	5	50	0.1146	0.0681	0.0711	0.0006	0.6973	0.0015	0.0
2024-01-15	015	h29v03	MOD10A1.A2024015.h29v03.061.2024017063821	terra	https://modiseuwest.blob.core.windows.net/modis-061-cogs/MOD10A1/29/03/2024015/MOD10A1.A2024015.h29v03.061.2024017063821_NDSI_Snow_Cover.tif	39214	dBKn2Is+P5Bb1PvaRMAdYg==	7412a7d88b3e3f905bd4fbda44c01d62	1	1	-	2024-01-17T06:45:31.000Z	0	0	0.0	0.0	0.0	0.0	0.0678	0.0	0.9298
2024-01-15	015	h29v05	MOD10A1.A2024015.h29v05.061.2024017071842	terra	https://modiseuwest.blob.core.windows.net/modis-061-cogs/MOD10A1/29/05/2024015/MOD10A1.A2024015.h29v05.061.2024017071842_NDSI_Snow_Cover.tif	310706	z/iNzdf0GkyIVnQCW0VRUw==	cff88dcdd7f41a4c885674025b455153	1	1	-	2024-01-17T07:20:36.000Z	11	55	0.0606	0.0409	0.0378	0.0003	0.8252	0.0007	0.0
2024-01-15	015	h30v05	MOD10A1.A2024015.h30v05.061.2024017060046	terra	https://modiseuwest.blob.core.windows.net/modis-061-cogs/MOD10A1/30/05/2024015/MOD10A1.A2024015.h30v05.061.2024017060046_NDSI_Snow_Cover.tif	32848	OVJFTcaa5+Ba8bLvXBhk6w==	3952454dc69ae7e05af1b2ef5c1864eb	1	1	-	2024-01-17T06:02:50.000Z	0	0	0.0	0.0	0.0	0.0	0.9999	0.0	0.0001
2024-02-01	032	h06v03	MOD10A1.A2024032.h06v03.061.2024034061852	terra	https://modiseuwest.blob.core.windows.net/modis-061-cogs/MOD10A1/06/03/2024032/MOD10A1.A2024032.h06v03.061.2024034061852_NDSI_Snow_Cover.tif	37915	mqYRNbIXCIcTiqE0Q8ArwQ==	9aa61135b2170887138aa13443c02bc1	1	1	-	2024-02-03T06:20:46.000Z	0	0	0.0	0.0	0.0	0.0	0.0683	0.0	0.9302
2024-02-01	032	h07v03	MOD10A1.A2024032.h07v03.061.2024034073153	terra	https://modiseuwest.blob.core.windows.net/modis-061-cogs/MOD10A1/07/03/2024032/MOD10A1.A2024032.h07v03.061.2024034073153_NDSI_Snow_Cover.tif	56633	z/wbU2gi4FYTGjXKM3ksVQ==	cffc1b536822e056131a35ca33792c55	1	1	-	2024-02-03T07:33:46.000Z	0	1	0.0002	0.0002	0.0006	0.0	0.4248	0.0001	0.5639
2024-02-01	032	h07v05	MOD10A1.A2024032.h07v05.061.2024034080920	terra	https://modiseuwest.blob.core.windows.net/modis-061-cogs/MOD10A1/07/05/2024032/MOD10A1.A2024032.h07v05.061.2024034080920_NDSI_Snow_Cover.tif	32181	Ajw+H/Y1PzV1CSss4xceLw==	023c3e1ff6353f3575092b2ce3171e2f	1	1	-	2024-02-03T08:16:10.000Z	0	100	0.0	0.0	0.0003	0.0	0.9995	0.0	0.0
2024-02-01	032	h08v03	MOD10A1.A2024032.h08v03.061.2024034075302	terra	https://modiseuwest.blob.core.windows.net/modis-061-cogs/MOD10A1/08/03/2024032/MOD10A1.A2024032.h08v03.061.2024034075302_NDSI_Snow_Cover.tif	79404	vBs2XLfeL0M6paEC2w3mGg==	bc1b365cb7de2f433aa5a102db0de61a	1	1	-	2024-02-03T07:59:48.000Z	1	6	0.0003	0.0003	0.0039	0.0001	0.7941	0.0002	0.1807
2024-02-01	032	h08v04	MOD10A1.A2024032.h08v04.061.2024034092712	terra	https://modiseuwest.blob.core.windows.net/modis-061-cogs/MOD10A1/08/04/2024032/MOD10A1.A2024032.h08v04.061.2024034092712_NDSI_Snow_Cover.tif	139361	5rIci5k4BpMlXr45W3D5LA==	e6b21c8b99380693255ebe395b70f92c	1	1	-	2024-02-03T09:34:17.000Z	5	86	0.0084	0.0072	0.0428	0.0002	0.9045	0.0003	0.0
2024-02-01	032	h08v05	MOD10A1.A2024032.h08v05.061.2024034084852	terra	https://modiseuwest.blob.core.windows.net/modis-061-cogs/MOD10A1/08/05/2024032/MOD10A1.A2024032.h08v05.061.2024034084852_NDSI_Snow_Cover.tif	501075	fOaCh1kK+QPS2VSRkbIilw==	7ce68287590af903d2d9549191b22297	1	1	-	2024-02-03T08:55:48.000Z	2	69	0.2196	0.0597	0.3671	0.0009	0.2076	0.0019	0.0
2024-02-01	032	h09v02	MOD10A1.A2024032.h09v02.061.2024034073153	terra	https://modiseuwest.blob.core.windows.net/modis-061-cogs/MOD10A1/09/02/2024032/MOD10A1.A2024032.h09v02.061.2024034073153_NDSI_Snow_Cover.tif	71780	ij+a36mV3mCmV9pQgru6dA==	8a3f9adfa995de60a657da5082bbba74	1	1	-	2024-02-03T07:33:46.000Z	0	1	0.0026	0.0026	0.004	0.0001	0.1703	0.0001	0.8128
2024-02-01	032	h09v03	MOD10A1.A2024032.h09v03.061.2024034080626	terra	https://modiseuwest.blob.core.windows.net/modis-061-cogs/MOD10A1/09/03/2024032/MOD10A1.A2024032.h09v03.061.2024034080626_NDSI_Snow_Cover.tif	395230	80oYHIXLpgZMpoA5zQY0Mg==	f34a181c85cba6064ca68039cd063432	1	1	-	2024-02-03T08:13:30.000Z	42	56	0.0178	0.0178	0.0127	0.0005	0.8819	0.0009	0.0
2024-02-01	032	h09v04	MOD10A1.A2024032.h09v04.061.2024034071753	terra	https://modiseuwest.blob.core.windows.net/modis-061-cogs/MOD10A1/09/04/2024032/MOD10A1.A2024032.h09v04.061.2024034071753_NDSI_Snow_Cover.tif	667040	DHi040v06SS4+R+Li/A2DA==	0c78b4e34bf4e924b8f91f8b8bf0360c	1	1	-	2024-02-03T07:19:50.000Z	10	86	0.0738	0.0642	0.4372	0.0008	0.3106	0.0017	0.0
2024-02-01	032	h09v05	MOD10A1.A2024032.h09v05.061.2024034074339	terra	https://modiseuwest.blob.core.windows.net/modis-061-cogs/MOD10A1/09/05/2024032/MOD10A1.A2024032.h09v05.061.2024034074339_NDSI_Snow_Cover.tif	704289	ZMPjILb0E771gAfzGOYUAQ==	64c3e320b6f413bef58007f318e61401	1	1	-	2024-02-03T07:45:41.000Z	3	58	0.3979	0.1324	0.367	0.0011	0.002	0.0018	0.0
2024-02-01	032	h10v02	MOD10A1.A2024032.h10v02.061.2024034071938	terra	https://modiseuwest.blob.core.windows.net/modis-061-cogs/MOD10A1/10/02/2024032/MOD10A1.A2024032.h10v02.061.2024034071938_NDSI_Snow_Cover.tif	1324242	bil2Op5deZ0UlYfBTTn1mA==	6e29763a9e5d799d149587c14d39f598	1	1	-	2024-02-03T07:21:35.000Z	22	18	0.0914	0.0911	0.0223	0.0015	0.1964	0.0015	0.4574
2024-02-01	032	h10v03	MOD10A1.A2024032.h10v03.061.2024034083935	terra	https://modiseuwest.blob.core.windows.net/modis-061-cogs/MOD10A1/10/03/2024032/MOD10A1.A2024032.h10v03.061.2024034083935_NDSI_Snow_Cover.tif	855883	+eOy1ekvJjarb55SzOZpjQ==	f9e3b2d5e92f2636ab6f9e52cce6698d	1	1	-	2024-02-03T08:46:35.000Z	12	81	0.0773	0.0516	0.3055	0.0009	0.3787	0.0023	0.0
2024-02-01	032	h10v04	MOD10A1.A2024032.h10v04.061.2024034092718	terra	https://modiseuwest.blob.core.windows.net/modis-061-cogs/MOD10A1/10/04/2024032/MOD10A1.A2024032.h10v04.061.2024034092718_NDSI_Snow_Cover.tif	1351795	0O+ECSsKFx3ZrlFweHhxtQ==	d0ef84092b0a171dd9ae5170787871b5	1	1	-	2024-02-03T09:34:11.000Z	13	42	0.5569	0.2148	0.2491	0.001	0.0016	0.0012	0.0
2024-02-01	032	h10v05	MOD10A1.A2024032.h10v05.061.2024034072739	terra	https://modiseuwest.blob.core.windows.net/modis-061-cogs/MOD10A1/10/05/2024032/MOD10A1.A2024032.h10v05.061.2024034072739_NDSI_Snow_Cover.tif	720561	IiyzXt3M523dFHV3infLkw==	222cb35eddcce76ddd1475778a77cb93	1	1	-	2024-02-03T07:29:39.000Z	0	62	0.347	0.1506	0.3379	0.0013	0.0151	0.0025	0.0
2024-02-01	032	h11v02	MOD10A1.A2024032.h11v02.061.2024034085932	terra	https://modiseuwest.blob.core.windows.net/modis-061-cogs/MOD10A1/11/02/2024032/MOD10A1.A2024032.h11v02.061.2024034085932_NDSI_Snow_Cover.tif	2129407	2pOTYTEDtalWQI5LUFC4gA==	da9393613103b5a956408e4b5050b880	1	1	-	2024-02-03T09:06:31.000Z	33	49	0.1817	0.1817	0.1266	0.0307	0.1507	0.0029	0.1167
2024-02-01	032	h11v03	MOD10A1.A2024032.h11v03.061.2024034085932	terra	https://modiseuwest.blob.core.windows.net/modis-061-cogs/MOD10A1/11/03/2024032/MOD10A1.A2024032.h11v03.061.2024034085932_NDSI_Snow_Cover.tif	2407465	44LtNa5hof+0+Q64139xnQ==	e382ed35ae61a1ffb4f90eb8d77f719d	1	1	-	2024-02-03T09:06:29.000Z	35	55	0.4212	0.3773	0.4257	0.0005	0.001	0.001	0.0
2024-02-01	032	h11v04	MOD10A1.A2024032.h11v04.061.2024034092719	terra	https://modiseuwest.blob.core.windows.net/modis-061-cogs/MOD10A1/11/04/2024032/MOD10A1.A2024032.h11v04.061.2024034092719_NDSI_Snow_Cover.tif	1350984	N04vUP6u6w8gsvWPhdERXw==	374e2f50feaeeb0f20b2f58f85d1115f	1	1	-	2024-02-03T09:34:21.000Z	10	50	0.4258	0.2226	0.3096	0.0012	0.0033	0.0267	0.0
2024-02-01	032	h11v05	MOD10A1.A2024032.h11v05.061.2024034080627	terra	https://modiseuwest.blob.core.windows.net/modis-061-cogs/MOD10A1/11/05/2024032/MOD10A1.A2024032.h11v05.061.2024034080627_NDSI_Snow_Cover.tif	290131	YQP+iy/LvhIiHDYuSOQttQ==	6103fe8b2fcbbe12221c362e48e42db5	1	1	-	2024-02-03T08:13:22.000Z	1	26	0.4325	0.0754	0.1009	0.0003	0.3894	0.0006	0.0
2024-02-01	032	h12v02	MOD10A1.A2024032.h12v02.061.2024034072322	terra	https://modiseuwest.blob.core.windows.net/modis-061-cogs/MOD10A1/12/02/2024032/MOD10A1.A2024032.h12v02.061.2024034072322_NDSI_Snow_Cover.tif	1722916	eIRjEAvcAekCUbYsq3upqw==	788463100bdc01e90251b62cab7ba9ab	1	1	-	2024-02-03T07:25:23.000Z	22	58	0.1395	0.1395	0.2394	0.1848	0.0319	0.0035	0.0
2024-02-01	032	h12v03	MOD10A1.A2024032.h12v03.061.2024034090054	terra	https://modiseuwest.blob.core.windows.net/modis-061-cogs/MOD10A1/12/03/2024032/MOD10A1.A2024032.h12v03.061.2024034090054_NDSI_Snow_Cover.tif	2192463	mPc3smIS5kA8cCFldUzQXw==	98f737b26212e6403c702165754cd05f	1	1	-	2024-02-03T09:07:55.000Z	37	63	0.3404	0.3404	0.441	0.0008	0.0025	0.0018	0.0
2024-02-01	032	h12v04	MOD10A1.A2024032.h12v04.061.2024034075347	terra	https://modiseuwest.blob.core.windows.net/modis-061-cogs/MOD10A1/12/04/2024032/MOD10A1.A2024032.h12v04.061.2024034075347_NDSI_Snow_Cover.tif	300390	M7/RLgBtPp/oU5JuGHB0wg==	33bfd12e006d3e9fe853926e187074c2	1	1	-	2024-02-03T07:55:51.000Z	3	95	0.0198	0.0192	0.7767	0.0003	0.1225	0.0053	0.0
2024-02-01	032	h12v05	MOD10A1.A2024032.h12v05.061.2024034084547	terra	https://modiseuwest.blob.core.windows.net/modis-061-cogs/MOD10A1/12/05/2024032/MOD10A1.A2024032.h12v05.061.2024034084547_NDSI_Snow_Cover.tif	73544	wdaQwmK0iR83WpXdcz9vTw==	c1d690c262b4891f375a95dd733f6f4f	1	1	-	2024-02-03T08:52:33.000Z	1	32	0.0215	0.0094	0.0062	0.0001	0.9592	0.0002	0.0
2024-02-01	032	h13v02	MOD10A1.A2024032.h13v02.061.2024034071541	terra	https://modiseuwest.blob.core.windows.net/modis-061-cogs/MOD10A1/13/02/2024032/MOD10A1.A2024032.h13v02.061.2024034071541_NDSI_Snow_Cover.tif	702222	B+JsMJtVZbOyAIZ47yjnVQ==	07e26c309b5565b3b2008678ef28e755	1	1	-	2024-02-03T07:17:38.000Z	9	71	0.0441	0.0441	0.3745	0.143	0.1949	0.0034	0.0
2024-02-01	032	h13v03	MOD10A1.A2024032.h13v03.061.2024034065840	terra	https://modiseuwest.blob.core.windows.net/modis-061-cogs/MOD10A1/13/03/2024032/MOD10A1.A2024032.h13v03.061.2024034065840_NDSI_Snow_Cover.tif	1476961	v00/iarEUkzfNCrkcxa+cA==	bf4d3f89aac4524cdf342ae47316be70	1	1	-	2024-02-03T07:05:40.000Z	44	56	0.2122	0.2122	0.1741	0.0011	0.3917	0.0018	0.0
2024-02-01	032	h13v04	MOD10A1.A2024032.h13v04.061.2024034075957	terra	https://modiseuwest.blob.core.windows.net/modis-061-cogs/MOD10A1/13/04/2024032/MOD10A1.A2024032.h13v04.061.2024034075957_NDSI_Snow_Cover.tif	131064	klB+zKg+r3kbUkpvfp3cGA==	92507ecca83eaf791b524a6f7e9ddc18	1	1	-	2024-02-03T08:04:35.000Z	1	99	0.0017	0.0017	0.3182	0.0	0.6264	0.0002	0.0
2024-02-01	032	h14v02	MOD10A1.A2024032.h14v02.061.2024034083940	terra	https://modiseuwest.blob.core.windows.net/modis-061-cogs/MOD10A1/14/02/2024032/MOD10A1.A2024032.h14v02.061.2024034083940_NDSI_Snow_Cover.tif	787686	PzfAQ1ODs0WCoEXvCfj6Tg==	3f37c0435383b34582a045ef09f8fa4e	1	1	-	2024-02-03T08:46:44.000Z	14	61	0.037	0.037	0.1565	0.1042	0.422	0.005	0.0
2024-02-01	032	h14v03	MOD10A1.A2024032.h14v03.061.2024034080811	terra	https://modiseuwest.blob.core.windows.net/modis-061-cogs/MOD10A1/14/03/2024032/MOD10A1.A2024032.h14v03.061.2024034080811_NDSI_Snow_Cover.tif	2235086	nlAcI5/r6eZ/pq9+1KD7sw==	9e501c239febe9e67fa6af7ed4a0fbb3	1	1	-	2024-02-03T08:15:05.000Z	72	28	0.3607	0.3607	0.0633	0.0009	0.4097	0.0015	0.0
2024-02-01	032	h14v04	MOD10A1.A2024032.h14v04.061.2024034075305	terra	https://modiseuwest.blob.core.windows.net/modis-061-cogs/MOD10A1/14/04/2024032/MOD10A1.A2024032.h14v04.061.2024034075305_NDSI_Snow_Cover.tif	106117	noqdZOKE9owfcSBXvHPy7g==	9e8a9d64e284f68c1f712057bc73f2ee	1	1	-	2024-02-03T08:00:03.000Z	6	94	0.0023	0.0023	0.0574	0.0001	0.9098	0.0001	0.0
2024-02-01	032	h15v02	MOD10A1.A2024032.h15v02.061.2024034084547	terra	https://modiseuwest.blob.core.windows.net/modis-061-cogs/MOD10A1/15/02/2024032/MOD10A1.A2024032.h15v02.061.2024034084547_NDSI_Snow_Cover.tif	821213	53yVhPpeKB24Clh/W4avZg==	e77c9584fa5e281db80a587f5b86af66	1	1	-	2024-02-03T08:52:42.000Z	18	59	0.0287	0.0287	0.0644	0.0666	0.5814	0.0042	0.0
2024-02-01	032	h15v03	MOD10A1.A2024032.h15v03.061.2024034083946	terra	https://modiseuwest.blob.core.windows.net/modis-061-cogs/MOD10A1/15/03/2024032/MOD10A1.A2024032.h15v03.061.2024034083946_NDSI_Snow_Cover.tif	34509	cjuPcpErNi8uV+pkjtwx5Q==	723b8f72912b362f2e57ea648edc31e5	1	1	-	2024-02-03T08:46:43.000Z	1	96	0.0	0.0	0.0001	0.0	0.9989	0.0	0.0
2024-02-01	032	h15v05	MOD10A1.A2024032.h15v05.061.2024034074204	terra	https://modiseuwest.blob.core.windows.net/modis-061-cogs/MOD10A1/15/05/2024032/MOD10A1.A2024032.h15v05.061.2024034074204_NDSI_Snow_Cover.tif	39266	G+5ycVqKlNtAIHe5vDo+iw==	1bee72715a8a94db402077b9bc3a3e8b	1	1	-	2024-02-03T07:48:59.000Z	0	45	0.0004	0.0003	0.0	0.0	0.9957	0.0	0.0
2024-02-01	032	h16v02	MOD10A1.A2024032.h16v02.061.2024034081955	terra	https://modiseuwest.blob.core.windows.net/modis-061-cogs/MOD10A1/16/02/2024032/MOD10A1.A2024032.h16v02.061.2024034081955_NDSI_Snow_Cover.tif	433951	fPT622JSGjjHXng060cMaQ==	7cf4fadb62521a38c75e7834eb470c69	1	1	-	2024-02-03T08:21:53.000Z	11	41	0.0259	0.0259	0.0729	0.1726	0.5956	0.0018	0.0
2024-02-01	032	h16v05	MOD10A1.A2024032.h16v05.061.2024034074206	terra	https://modiseuwest.blob.core.windows.net/modis-061-cogs/MOD10A1/16/05/2024032/MOD10A1.A2024032.h16v05.061.2024034074206_NDSI_Snow_Cover.tif	34091	p4LNqTb/wcZbJ2RcT2HDkA==	a782cda936ffc1c65b27645c4f61c390	1	1	-	2024-02-03T07:48:54.000Z	0	48	0.0003	0.0002	0.0001	0.0	0.9981	0.0	0.0
2024-02-01	032	h17v02	MOD10A1.A2024032.h17v02.061.2024034075009	terra	https://modiseuwest.blob.core.windows.net/modis-061-cogs/MOD10A1/17/02/2024032/MOD10A1.A2024032.h17v02.061.2024034075009_NDSI_Snow_Cover.tif	249360	SFwrV5ZKbkldoY0gBZ0xVw==	485c2b57964a6e495da18d20059d3157	1	1	-	2024-02-03T07:52:06.000Z	20	63	0.0108	0.0108	0.0204	0.0164	0.8865	0.0006	0.0
2024-02-01	032	h17v03	MOD10A1.A2024032.h17v03.061.2024034080304	terra	https://modiseuwest.blob.core.windows.net/modis-061-cogs/MOD10A1/17/03/2024032/MOD10A1.A2024032.h17v03.061.2024034080304_NDSI_Snow_Cover.tif	231508	EOKhsSdq9yrMaqOuRYAKzw==	10e2a1b1276af72acc6aa3ae45800acf	1	1	-	2024-02-03T08:04:58.000Z	2	88	0.0239	0.0159	0.1509	0.0002	0.7434	0.0004	0.0
2024-02-01	032	h17v04	MOD10A1.A2024032.h17v04.061.2024034074146	terra	https://modiseuwest.blob.core.windows.net/modis-061-cogs/MOD10A1/17/04/2024032/MOD10A1.A2024032.h17v04.061.2024034074146_NDSI_Snow_Cover.tif	233649	OZDLRypa+aJDOuN8kNL+eQ==	3990cb472a5af9a2433ae37c90d2fe79	1	1	-	2024-02-03T07:43:50.000Z	1	60	0.1186	0.0428	0.1315	0.0003	0.6795	0.0004	0.0
2024-02-01	032	h17v05	MOD10A1.A2024032.h17v05.061.2024034072901	terra	https://modiseuwest.blob.core.windows.net/modis-061-cogs/MOD10A1/17/05/2024032/MOD10A1.A2024032.h17v05.061.2024034072901_NDSI_Snow_Cover.tif	339449	XT0qSK3B0tT/iE2dh9so3A==	5d3d2a48adc1d2d4ff884d9d87db28dc	1	1	-	2024-02-03T07:31:00.000Z	0	20	0.466	0.0842	0.0389	0.0004	0.3944	0.0007	0.0001
2024-02-01	032	h18v02	MOD10A1.A2024032.h18v02.061.2024034080644	terra	https://modiseuwest.blob.core.windows.net/modis-061-cogs/MOD10A1/18/02/2024032/MOD10A1.A2024032.h18v02.061.2024034080644_NDSI_Snow_Cover.tif	989204	qNVLLkuMc0NlUVG5LIlh9g==	a8d54b2e4b8c7343655151b92c8961f6	1	1	-	2024-02-03T08:08:41.000Z	22	58	0.0681	0.0681	0.124	0.0847	0.4931	0.0026	0.0
2024-02-01	032	h18v03	MOD10A1.A2024032.h18v03.061.2024034075826	terra	https://modiseuwest.blob.core.windows.net/modis-061-cogs/MOD10A1/18/03/2024032/MOD10A1.A2024032.h18v03.061.2024034075826_NDSI_Snow_Cover.tif	1113755	C/5winVGdqJTYBJJUq7ZCA==	0bfe708a754676a25360124952aed908	1	1	-	2024-02-03T08:00:31.000Z	11	49	0.2204	0.1484	0.0896	0.0013	0.4284	0.0031	0.0
2024-02-01	032	h18v04	MOD10A1.A2024032.h18v04.061.2024034085807	terra	https://modiseuwest.blob.core.windows.net/modis-061-cogs/MOD10A1/18/04/2024032/MOD10A1.A2024032.h18v04.061.2024034085807_NDSI_Snow_Cover.tif	259335	0EH87TbDwPClkNYFToiNHw==	d041fced36c3c0f0a590d6054e888d1f	1	1	-	2024-02-03T09:00:03.000Z	1	91	0.0586	0.0283	0.5794	0.0004	0.26	0.001	0.0
2024-02-01	032	h18v05	MOD10A1.A2024032.h18v05.061.2024034073406	terra	https://modiseuwest.blob.core.windows.net/modis-061-cogs/MOD10A1/18/05/2024032/MOD10A1.A2024032.h18v05.061.2024034073406_NDSI_Snow_Cover.tif	142397	P1FrZXEZa9/pfGzGj+knPA==	3f516b6571196bdfe97c6cc68fe9273c	1	1	-	2024-02-03T07:36:01.000Z	0	15	0.5464	0.0308	0.0699	0.0002	0.3377	0.0003	0.0
2024-02-01	032	h19v02	MOD10A1.A2024032.h19v02.061.2024034081009	terra	https://modiseuwest.blob.core.windows.net/modis-061-cogs/MOD10A1/19/02/2024032/MOD10A1.A2024032.h19v02.061.2024034081009_NDSI_Snow_Cover.tif	490626	xEM5JoHpxWhf/lvTFuu1/Q==	c443392681e9c5685ffe5bd316ebb5fd	1	1	-	2024-02-03T08:12:10.000Z	5	82	0.0279	0.0279	0.5138	0.0847	0.2124	0.0023	0.0
2024-02-01	032	h19v03	MOD10A1.A2024032.h19v03.061.2024034080257	terra	https://modiseuwest.blob.core.windows.net/modis-061-cogs/MOD10A1/19/03/2024032/MOD10A1.A2024032.h19v03.061.2024034080257_NDSI_Snow_Cover.tif	276507	WKtuKcjzywGFL6MFFuE/+g==	58ab6e29c8f3cb01852fa30516e13ffa	1	1	-	2024-02-03T08:05:26.000Z	1	96	0.0285	0.0229	0.7691	0.0005	0.109	0.0011	0.0
2024-02-01	032	h19v04	MOD10A1.A2024032.h19v04.061.2024034085927	terra	https://modiseuwest.blob.core.windows.net/modis-061-cogs/MOD10A1/19/04/2024032/MOD10A1.A2024032.h19v04.061.2024034085927_NDSI_Snow_Cover.tif	1015052	0+qklLU4k65b+nffbG/l9Q==	d3eaa494b53893ae5bfa77df6c6fe5f5	1	1	-	2024-02-03T09:01:29.000Z	8	46	0.4541	0.2136	0.2822	0.0009	0.1037	0.001	0.0
2024-02-01	032	h19v05	MOD10A1.A2024032.h19v05.061.2024034092720	terra	https://modiseuwest.blob.core.windows.net/modis-061-cogs/MOD10A1/19/05/2024032/MOD10A1.A2024032.h19v05.061.2024034092720_NDSI_Snow_Cover.tif	288390	OU9YVJS5qMxs4chX17MmLw==	394f585494b9a8cc6ce1c857d7b3262f	1	1	-	2024-02-03T09:33:46.000Z	1	34	0.1855	0.0484	0.0457	0.0004	0.6739	0.0009	0.0001
2024-02-01	032	h20v02	MOD10A1.A2024032.h20v02.061.2024034085800	terra	https://modiseuwest.blob.core.windows.net/modis-061-cogs/MOD10A1/20/02/2024032/MOD10A1.A2024032.h20v02.061.2024034085800_NDSI_Snow_Cover.tif	1108939	EKK5+ta1AFkqvLqrgnxNgg==	10a2b9fad6b500592abcbaab827c4d82	1	1	-	2024-02-03T09:04:54.000Z	16	64	0.1388	0.1387	0.4393	0.165	0.0514	0.0029	0.0
2024-02-01	032	h20v03	MOD10A1.A2024032.h20v03.061.2024034073349	terra	https://modiseuwest.blob.core.windows.net/modis-061-cogs/MOD10A1/20/03/2024032/MOD10A1.A2024032.h20v03.061.2024034073349_NDSI_Snow_Cover.tif	216022	0P63GY1KffS/50JMD7Zb7A==	d0feb7198d4a7df4bfe7424c0fb65bec	1	1	-	2024-02-03T07:35:48.000Z	2	98	0.0095	0.0094	0.9106	0.0002	0.0009	0.0008	0.0
2024-02-01	032	h20v04	MOD10A1.A2024032.h20v04.061.2024034075351	terra	https://modiseuwest.blob.core.windows.net/modis-061-cogs/MOD10A1/20/04/2024032/MOD10A1.A2024032.h20v04.061.2024034075351_NDSI_Snow_Cover.tif	834539	HwsaG/c/99/v3JjJPG6TCA==	1f0b1a1bf73ff7dfefdc98c93c6e9308	1	1	-	2024-02-03T07:55:52.000Z	9	61	0.2291	0.1467	0.2635	0.0007	0.3452	0.0015	0.0
2024-02-01	032	h20v05	MOD10A1.A2024032.h20v05.061.2024034075937	terra	https://modiseuwest.blob.core.windows.net/modis-061-cogs/MOD10A1/20/05/2024032/MOD10A1.A2024032.h20v05.061.2024034075937_NDSI_Snow_Cover.tif	849234	l+NptJd8m5KSHI/Bp0pu9w==	97e369b4977c9b92921c8fc1a74a6ef7	1	1	-	2024-02-03T08:01:42.000Z	14	20	0.3831	0.1718	0.0267	0.0003	0.4704	0.0012	0.0
2024-02-01	032	h21v02	MOD10A1.A2024032.h21v02.061.2024034090012	terra	https://modiseuwest.blob.core.windows.net/modis-061-cogs/MOD10A1/21/02/2024032/MOD10A1.A2024032.h21v02.061.2024034090012_NDSI_Snow_Cover.tif	1634784	W39nONWwn0dbWBPeQn6QSA==	5b7f6738d5b09f475b5813de427e9048	1	1	-	2024-02-03T09:02:16.000Z	24	52	0.1813	0.1813	0.2662	0.2361	0.0029	0.003	0.0
2024-02-01	032	h21v03	MOD10A1.A2024032.h21v03.061.2024034105514	terra	https://modiseuwest.blob.core.windows.net/modis-061-cogs/MOD10A1/21/03/2024032/MOD10A1.A2024032.h21v03.061.2024034105514_NDSI_Snow_Cover.tif	1121519	dmiDBJ+aaqrb8Kp+ZosXmg==	766883049f9a6aaadbf0aa7e668b179a	1	1	-	2024-02-03T11:02:04.000Z	14	86	0.0936	0.0936	0.6327	0.0015	0.0025	0.002	0.0
2024-02-01	032	h21v04	MOD10A1.A2024032.h21v04.061.2024034073132	terra	https://modiseuwest.blob.core.windows.net/modis-061-cogs/MOD10A1/21/04/2024032/MOD10A1.A2024032.h21v04.061.2024034073132_NDSI_Snow_Cover.tif	717196	G8QtymqblAEU1w1CGULn4Q==	1bc42dca6a9b940114d70d421942e7e1	1	1	-	2024-02-03T07:33:34.000Z	9	82	0.1041	0.09	0.6819	0.0009	0.0177	0.0254	0.0
2024-02-01	032	h21v05	MOD10A1.A2024032.h21v05.061.2024034075347	terra	https://modiseuwest.blob.core.windows.net/modis-061-cogs/MOD10A1/21/05/2024032/MOD10A1.A2024032.h21v05.061.2024034075347_NDSI_Snow_Cover.tif	895637	BsBTlBSdCOhQu+F/uEZ1Fw==	06c05394149d08e850bbe17fb8467517	1	1	-	2024-02-03T07:55:54.000Z	9	68	0.2789	0.1394	0.4698	0.0011	0.0021	0.0036	0.0001
2024-02-01	032	h22v02	MOD10A1.A2024032.h22v02.061.2024034105241	terra	https://modiseuwest.blob.core.windows.net/modis-061-cogs/MOD10A1/22/02/2024032/MOD10A1.A2024032.h22v02.061.2024034105241_NDSI_Snow_Cover.tif	2619797	Snqb1pe3OiwO+j/jgIeOMQ==	4a7a9bd697b73a2c0efa3fe380878e31	1	1	-	2024-02-03T10:59:35.000Z	46	30	0.4197	0.4197	0.1564	0.237	0.0013	0.0012	0.0
2024-02-01	032	h22v03	MOD10A1.A2024032.h22v03.061.2024034084428	terra	https://modiseuwest.blob.core.windows.net/modis-061-cogs/MOD10A1/22/03/2024032/MOD10A1.A2024032.h22v03.061.2024034084428_NDSI_Snow_Cover.tif	2234643	QTYRAR8SKwnztf9iPdc86w==	413611011f122b09f3b5ff623dd73ceb	1	1	-	2024-02-03T08:51:15.000Z	36	64	0.2895	0.2895	0.3394	0.0019	0.0035	0.0028	0.0
2024-02-01	032	h22v04	MOD10A1.A2024032.h22v04.061.2024034074207	terra	https://modiseuwest.blob.core.windows.net/modis-061-cogs/MOD10A1/22/04/2024032/MOD10A1.A2024032.h22v04.061.2024034074207_NDSI_Snow_Cover.tif	415087	Kqp3+6H7b38zXnUyhSCkEg==	2aaa77fba1fb6f7f335e75328520a412	1	1	-	2024-02-03T07:49:41.000Z	4	94	0.041	0.0306	0.8049	0.0007	0.0018	0.0019	0.0
2024-02-01	032	h22v05	MOD10A1.A2024032.h22v05.061.2024034081119	terra	https://modiseuwest.blob.core.windows.net/modis-061-cogs/MOD10A1/22/05/2024032/MOD10A1.A2024032.h22v05.061.2024034081119_NDSI_Snow_Cover.tif	888189	V4KJyo3sjtYOtfj9NwwbyQ==	578289ca8dec8ed60eb5f8fd370c1bc9	1	1	-	2024-02-03T08:13:33.000Z	4	31	0.6225	0.1631	0.1126	0.0015	0.0039	0.0225	0.0
2024-02-01	032	h23v02	MOD10A1.A2024032.h23v02.061.2024034061920	terra	https://modiseuwest.blob.core.windows.net/modis-061-cogs/MOD10A1/23/02/2024032/MOD10A1.A2024032.h23v02.061.2024034061920_NDSI_Snow_Cover.tif	700846	x71+U+vdhefWfNd3fBm1eQ==	c7bd7e53ebdd85e7d67cd7777c19b579	1	1	-	2024-02-03T06:21:21.000Z	9	68	0.0673	0.0673	0.5819	0.2154	0.0124	0.0011	0.0
2024-02-01	032	h23v03	MOD10A1.A2024032.h23v03.061.2024034085518	terra	https://modiseuwest.blob.core.windows.net/modis-061-cogs/MOD10A1/23/03/2024032/MOD10A1.A2024032.h23v03.061.2024034085518_NDSI_Snow_Cover.tif	3046632	Txd34JC5QqipxdXeck1xcQ==	4f1777e090b942a8a9c5d5de724d7171	1	1	-	2024-02-03T08:57:31.000Z	46	54	0.3803	0.3803	0.2499	0.0018	0.0022	0.0024	0.0
2024-02-01	032	h23v04	MOD10A1.A2024032.h23v04.061.2024034072605	terra	https://modiseuwest.blob.core.windows.net/modis-061-cogs/MOD10A1/23/04/2024032/MOD10A1.A2024032.h23v04.061.2024034072605_NDSI_Snow_Cover.tif	746202	sE/XDxJsZVRijHIiRHMNlA==	b04fd70f126c6554628c722244730d94	1	1	-	2024-02-03T07:28:00.000Z	10	89	0.0802	0.0788	0.7602	0.0007	0.0016	0.0018	0.0
2024-02-01	032	h23v05	MOD10A1.A2024032.h23v05.061.2024034082331	terra	https://modiseuwest.blob.core.windows.net/modis-061-cogs/MOD10A1/23/05/2024032/MOD10A1.A2024032.h23v05.061.2024034082331_NDSI_Snow_Cover.tif	1471224	OYRKvdqhNvgtdwlO6NUISg==	39844abddaa136f82d77094ee8d5084a	1	1	-	2024-02-03T08:25:41.000Z	19	46	0.4805	0.2365	0.2147	0.0015	0.002	0.0019	0.0002
2024-02-01	032	h24v02	MOD10A1.A2024032.h24v02.061.2024034101528	terra	https://modiseuwest.blob.core.windows.net/modis-061-cogs/MOD10A1/24/02/2024032/MOD10A1.A2024032.h24v02.061.2024034101528_NDSI_Snow_Cover.tif	297691	gQ+Vj4+dLptV6kY5FsRNnA==	810f958f8f9d2e9b55ea463916c44d9c	1	1	-	2024-02-03T10:22:21.000Z	2	72	0.0067	0.0067	0.5896	0.1346	0.0109	0.0018	0.1166
2024-02-01	032	h24v03	MOD10A1.A2024032.h24v03.061.2024034080306	terra	https://modiseuwest.blob.core.windows.net/modis-061-cogs/MOD10A1/24/03/2024032/MOD10A1.A2024032.h24v03.061.2024034080306_NDSI_Snow_Cover.tif	3561207	ZSyAiaxpb24l62Ruic5EMQ==	652c8089ac696f6e25eb646e89ce4431	1	1	-	2024-02-03T08:05:44.000Z	54	45	0.4557	0.4555	0.2594	0.0011	0.001	0.001	0.0
2024-02-01	032	h24v04	MOD10A1.A2024032.h24v04.061.2024034081803	terra	https://modiseuwest.blob.core.windows.net/modis-061-cogs/MOD10A1/24/04/2024032/MOD10A1.A2024032.h24v04.061.2024034081803_NDSI_Snow_Cover.tif	1921491	XPg+r05QgfZafnGA4A6azw==	5cf83eaf4e5081f65a7e7180e00e9acf	1	1	-	2024-02-03T08:20:21.000Z	29	62	0.302	0.2502	0.3554	0.0016	0.0024	0.0022	0.0
2024-02-01	032	h24v05	MOD10A1.A2024032.h24v05.061.2024034081016	terra	https://modiseuwest.blob.core.windows.net/modis-061-cogs/MOD10A1/24/05/2024032/MOD10A1.A2024032.h24v05.061.2024034081016_NDSI_Snow_Cover.tif	487444	noUfYAaWLAt90XLmZaqwAA==	9e851f6006962c0b7dd172e665aab000	1	1	-	2024-02-03T08:12:15.000Z	3	83	0.1571	0.068	0.6849	0.0007	0.0017	0.0012	0.0
2024-02-01	032	h25v02	MOD10A1.A2024032.h25v02.061.2024034085925	terra	https://modiseuwest.blob.core.windows.net/modis-061-cogs/MOD10A1/25/02/2024032/MOD10A1.A2024032.h25v02.061.2024034085925_NDSI_Snow_Cover.tif	547123	u6CHUH45IZMMt5Q2hWyg2g==	bba087507e3921930cb79436856ca0da	1	1	-	2024-02-03T09:01:37.000Z	6	43	0.0381	0.0378	0.275	0.0056	0.0623	0.0015	0.4571
2024-02-01	032	h25v03	MOD10A1.A2024032.h25v03.061.2024034074231	terra	https://modiseuwest.blob.core.windows.net/modis-061-cogs/MOD10A1/25/03/2024032/MOD10A1.A2024032.h25v03.061.2024034074231_NDSI_Snow_Cover.tif	1950955	sjhH4saFZhcBjAkuO+f6Lw==	b23847e2c6856617018c092e3be7fa2f	1	1	-	2024-02-03T07:44:51.000Z	32	63	0.2254	0.2239	0.2274	0.0017	0.2124	0.003	0.0
2024-02-01	032	h25v04	MOD10A1.A2024032.h25v04.061.2024034091108	terra	https://modiseuwest.blob.core.windows.net/modis-061-cogs/MOD10A1/25/04/2024032/MOD10A1.A2024032.h25v04.061.2024034091108_NDSI_Snow_Cover.tif	1619982	+H18B4t9MOLYWQ5s2aQXEw==	f87d7c078b7d30e2d8590e6cd9a41713	1	1	-	2024-02-03T09:17:57.000Z	23	73	0.2005	0.1815	0.4371	0.0018	0.003	0.0029	0.0
2024-02-01	032	h25v05	MOD10A1.A2024032.h25v05.061.2024034072401	terra	https://modiseuwest.blob.core.windows.net/modis-061-cogs/MOD10A1/25/05/2024032/MOD10A1.A2024032.h25v05.061.2024034072401_NDSI_Snow_Cover.tif	422366	Wi/+F7cordvN6JZIwCEw7Q==	5a2ffe17b728addbcde89648c02130ed	1	1	-	2024-02-03T07:25:56.000Z	2	90	0.0829	0.0493	0.7466	0.0008	0.0013	0.0013	0.0012
2024-02-01	032	h26v02	MOD10A1.A2024032.h26v02.061.2024034074551	terra	https://modiseuwest.blob.core.windows.net/modis-061-cogs/MOD10A1/26/02/2024032/MOD10A1.A2024032.h26v02.061.2024034074551_NDSI_Snow_Cover.tif	99243	vDMBAegKUV9qJH2bb7LQTw==	bc330101e80a515f6a247d9b6fb2d04f	1	1	-	2024-02-03T07:47:46.000Z	1	9	0.0018	0.0018	0.0601	0.0001	0.0996	0.0002	0.8126
2024-02-01	032	h26v03	MOD10A1.A2024032.h26v03.061.2024034083301	terra	https://modiseuwest.blob.core.windows.net/modis-061-cogs/MOD10A1/26/03/2024032/MOD10A1.A2024032.h26v03.061.2024034083301_NDSI_Snow_Cover.tif	1530772	axHNxuOxI9jIYy9W4UMclA==	6b11cdc6e3b123d8c8632f56e1431c94	1	1	-	2024-02-03T08:35:03.000Z	49	50	0.1497	0.1497	0.0609	0.0009	0.5679	0.0015	0.0
2024-02-01	032	h26v04	MOD10A1.A2024032.h26v04.061.2024034092108	terra	https://modiseuwest.blob.core.windows.net/modis-061-cogs/MOD10A1/26/04/2024032/MOD10A1.A2024032.h26v04.061.2024034092108_NDSI_Snow_Cover.tif	1889103	GmdU/vyMfhYBn9FZ4PVZrQ==	1a6754fefc8c7e16019fd159e0f559ad	1	1	-	2024-02-03T09:28:02.000Z	27	67	0.274	0.2493	0.4533	0.0012	0.0025	0.002	0.0
2024-02-01	032	h26v05	MOD10A1.A2024032.h26v05.061.2024034083128	terra	https://modiseuwest.blob.core.windows.net/modis-061-cogs/MOD10A1/26/05/2024032/MOD10A1.A2024032.h26v05.061.2024034083128_NDSI_Snow_Cover.tif	900413	T/Pd+O0s+AVZAMQqtzRQRg==	4ff3ddf8ed2cf8055900c42ab7345046	1	1	-	2024-02-03T08:33:33.000Z	4	64	0.3355	0.1798	0.4711	0.0009	0.0016	0.0015	0.0
2024-02-01	032	h27v03	MOD10A1.A2024032.h27v03.061.2024034083917	terra	https://modiseuwest.blob.core.windows.net/modis-061-cogs/MOD10A1/27/03/2024032/MOD10A1.A2024032.h27v03.061.2024034083917_NDSI_Snow_Cover.tif	421349	Em6vxjQppzIzsFbL4EhOeA==	126eafc63429a73233b056cbe0484e78	1	1	-	2024-02-03T08:41:14.000Z	19	17	0.0414	0.0414	0.0139	0.0004	0.7008	0.0006	0.1804
2024-02-01	032	h27v04	MOD10A1.A2024032.h27v04.061.2024034075350	terra	https://modiseuwest.blob.core.windows.net/modis-061-cogs/MOD10A1/27/04/2024032/MOD10A1.A2024032.h27v04.061.2024034075350_NDSI_Snow_Cover.tif	1935755	SUTLUXOo7NeLJGNVfiEjWA==	4944cb5173a8ecd78b2463557e212358	1	1	-	2024-02-03T07:55:47.000Z	43	53	0.2025	0.1986	0.0927	0.0018	0.4029	0.0023	0.0
2024-02-01	032	h27v05	MOD10A1.A2024032.h27v05.061.2024034080312	terra	https://modiseuwest.blob.core.windows.net/modis-061-cogs/MOD10A1/27/05/2024032/MOD10A1.A2024032.h27v05.061.2024034080312_NDSI_Snow_Cover.tif	188609	XRPnGjyVq6dqRzDRCsdkzQ==	5d13e71a3c95aba76a4730d10ac764cd	1	1	-	2024-02-03T08:05:31.000Z	1	97	0.0139	0.0108	0.7198	0.0002	0.204	0.0005	0.0
2024-02-01	032	h28v03	MOD10A1.A2024032.h28v03.061.2024034105132	terra	https://modiseuwest.blob.core.windows.net/modis-061-cogs/MOD10A1/28/03/2024032/MOD10A1.A2024032.h28v03.061.2024034105132_NDSI_Snow_Cover.tif	45042	/efHv3waHVfToAxXAXTQSA==	fde7c7bf7c1a1d57d3a00c570174d048	1	1	-	2024-02-03T10:58:36.000Z	0	0	0.0	0.0	0.0	0.0	0.4333	0.0001	0.5634
2024-02-01	032	h28v04	MOD10A1.A2024032.h28v04.061.2024034082254	terra	https://modiseuwest.blob.core.windows.net/modis-061-cogs/MOD10A1/28/04/2024032/MOD10A1.A2024032.h28v04.061.2024034082254_NDSI_Snow_Cover.tif	154779	TXK9Jl9s55yTGMego41+LQ==	4d72bd265f6ce79c9318c7a0a38d7e2d	1	1	-	2024-02-03T08:24:55.000Z	11	88	0.0056	0.0056	0.0418	0.0002	0.9042	0.0004	0.0
2024-02-01	032	h28v05	MOD10A1.A2024032.h28v05.061.2024034082625	terra	https://modiseuwest.blob.core.windows.net/modis-061-cogs/MOD10A1/28/05/2024032/MOD10A1.A2024032.h28v05.061.2024034082625_NDSI_Snow_Cover.tif	192763	min45W0zXIG7NxfGlwb/uA==	9a29f8e56d335c81bb3717c69706ffb8	1	1	-	2024-02-03T08:29:30.000Z	2	94	0.0123	0.0106	0.207	0.0001	0.7153	0.0002	0.0
2024-02-01	032	h29v03	MOD10A1.A2024032.h29v03.061.2024034085518	terra	https://modiseuwest.blob.core.windows.net/modis-061-cogs/MOD10A1/29/03/2024032/MOD10A1.A2024032.h29v03.061.2024034085518_NDSI_Snow_Cover.tif	39196	kVY91k685CuL9SbrI0YOAg==	91563dd64ebce42b8bf526eb23460e02	1	1	-	2024-02-03T08:57:17.000Z	0	0	0.0	0.0	0.0	0.0	0.0679	0.0001	0.9299
2024-02-01	032	h29v05	MOD10A1.A2024032.h29v05.061.2024034101529	terra	https://modiseuwest.blob.core.windows.net/modis-061-cogs/MOD10A1/29/05/2024032/MOD10A1.A2024032.h29v05.061.2024034101529_NDSI_Snow_Cover.tif	202544	vZTlJEld59gj3YrZgI87mw==	bd94e524495de7d823dd8ad9808f3b9b	1	1	-	2024-02-03T10:22:23.000Z	6	77	0.0305	0.0189	0.0803	0.0002	0.8315	0.0005	0.0
2024-02-01	032	h30v05	MOD10A1.A2024032.h30v05.061.2024034093105	terra	https://modiseuwest.blob.core.windows.net/modis-061-cogs/MOD10A1/30/05/2024032/MOD10A1.A2024032.h30v05.061.2024034093105_NDSI_Snow_Cover.tif	32467	DQiPp5RjifAcoE2X8wkaIA==	0d088fa7946389f01ca04d97f3091a20	1	1	-	2024-02-03T09:38:09.000Z	0	0	0.0	0.0	0.0	0.0	1.0	0.0	0.0
2024-02-15	046	h06v03	MOD10A1.A2024046.h06v03.061.2024048035019	terra	https://modiseuwest.blob.core.windows.net/modis-061-cogs/MOD10A1/06/03/2024046/MOD10A1.A2024046.h06v03.061.2024048035019_NDSI_Snow_Cover.tif	36452	pp7i8dSlPJ9+7j00xuIG0Q==	a69ee2f1d4a53c9f7eee3d34c6e206d1	1	1	-	2024-02-17T04:02:08.000Z	0	0	0.0	0.0	0.0	0.0	0.0691	0.0	0.93
2024-02-15	046	h07v03	MOD10A1.A2024046.h07v03.061.2024048040938	terra	https://modiseuwest.blob.core.windows.net/modis-061-cogs/MOD10A1/07/03/2024046/MOD10A1.A2024046.h07v03.061.2024048040938_NDSI_Snow_Cover.tif	54428	A1u6bYc4WK/MYOuRONhq9w==	035bba6d873858afcc60eb9138d86af7	1	1	-	2024-02-17T04:11:46.000Z	0	1	0.0	0.0	0.0005	0.0	0.4255	0.0001	0.5637
2024-02-15	046	h07v05	MOD10A1.A2024046.h07v05.061.2024048033430	terra	https://modiseuwest.blob.core.windows.net/modis-061-cogs/MOD10A1/07/05/2024046/MOD10A1.A2024046.h07v05.061.2024048033430_NDSI_Snow_Cover.tif	32899	vNtmIA2hAaQ1BwVLOt3CkQ==	bcdb66200da101a43507054b3addc291	1	1	-	2024-02-17T03:36:57.000Z	0	0	0.0004	0.0001	0.0	0.0	0.9992	0.0	0.0
2024-02-15	046	h08v03	MOD10A1.A2024046.h08v03.061.2024048033805	terra	https://modiseuwest.blob.core.windows.net/modis-061-cogs/MOD10A1/08/03/2024046/MOD10A1.A2024046.h08v03.061.2024048033805_NDSI_Snow_Cover.tif	66966	5Zd1yFPuVEP8qisXcK8HJQ==	e59775c853ee5443fcaa2b1770af0725	1	1	-	2024-02-17T03:40:36.000Z	0	7	0.0001	0.0001	0.005	0.0	0.7959	0.0001	0.1806
2024-02-15	046	h08v04	MOD10A1.A2024046.h08v04.061.2024048033636	terra	https://modiseuwest.blob.core.windows.net/modis-061-cogs/MOD10A1/08/04/2024046/MOD10A1.A2024046.h08v04.061.2024048033636_NDSI_Snow_Cover.tif	41785	ubWoZqbLw3ydupbtVviY8w==	b9b5a866a6cbc37c9dba96ed56f898f3	1	1	-	2024-02-17T03:38:47.000Z	0	100	0.0	0.0	0.0914	0.0	0.9043	0.0	0.0
2024-02-15	046	h08v05	MOD10A1.A2024046.h08v05.061.2024048034315	terra	https://modiseuwest.blob.core.windows.net/modis-061-cogs/MOD10A1/08/05/2024046/MOD10A1.A2024046.h08v05.061.2024048034315_NDSI_Snow_Cover.tif	763590	HfTtIYjDqg821iX1il98TA==	1df4ed2188c3aa0f36d625f58a5f7c4c	1	1	-	2024-02-17T03:45:14.000Z	6	45	0.414	0.1367	0.2088	0.0007	0.206	0.0012	0.0
2024-02-15	046	h09v02	MOD10A1.A2024046.h09v02.061.2024048033809	terra	https://modiseuwest.blob.core.windows.net/modis-061-cogs/MOD10A1/09/02/2024046/MOD10A1.A2024046.h09v02.061.2024048033809_NDSI_Snow_Cover.tif	47611	VHHqORqHVEidnNGEtiUeuA==	5471ea391a8754489d9cd184b6251eb8	1	1	-	2024-02-17T03:40:30.000Z	0	2	0.0	0.0	0.0094	0.0	0.1712	0.0001	0.8129
2024-02-15	046	h09v03	MOD10A1.A2024046.h09v03.061.2024048033510	terra	https://modiseuwest.blob.core.windows.net/modis-061-cogs/MOD10A1/09/03/2024046/MOD10A1.A2024046.h09v03.061.2024048033510_NDSI_Snow_Cover.tif	147832	Ri7S2YXIopCeZgJqanaGJA==	462ed2d985c8a2909e66026a6a768624	1	1	-	2024-02-17T03:38:14.000Z	3	84	0.0072	0.0071	0.0513	0.0	0.8921	0.0002	0.0
2024-02-15	046	h09v04	MOD10A1.A2024046.h09v04.061.2024048043737	terra	https://modiseuwest.blob.core.windows.net/modis-061-cogs/MOD10A1/09/04/2024046/MOD10A1.A2024046.h09v04.061.2024048043737_NDSI_Snow_Cover.tif	664307	Eh8DGMx7T3Pt7lDuk6fwpw==	121f0318cc7b4f73edee50ee93a7f0a7	1	1	-	2024-02-17T04:40:11.000Z	7	87	0.0534	0.0451	0.424	0.0012	0.3109	0.0016	0.0
2024-02-15	046	h09v05	MOD10A1.A2024046.h09v05.061.2024048033636	terra	https://modiseuwest.blob.core.windows.net/modis-061-cogs/MOD10A1/09/05/2024046/MOD10A1.A2024046.h09v05.061.2024048033636_NDSI_Snow_Cover.tif	814098	U/sptlyu0ZKrUtZfGusTZw==	53fb29b65caed192ab52d65f1aeb1367	1	1	-	2024-02-17T03:39:20.000Z	6	60	0.3809	0.1285	0.4184	0.001	0.0019	0.0013	0.0
2024-02-15	046	h10v02	MOD10A1.A2024046.h10v02.061.2024048033835	terra	https://modiseuwest.blob.core.windows.net/modis-061-cogs/MOD10A1/10/02/2024046/MOD10A1.A2024046.h10v02.061.2024048033835_NDSI_Snow_Cover.tif	521338	S9/JtiXlKaqJLhqrSWjBmw==	4bdfc9b625e529aa892e1aab4968c19b	1	1	-	2024-02-17T03:40:55.000Z	6	34	0.0215	0.0213	0.1547	0.0009	0.2037	0.0015	0.4575
2024-02-15	046	h10v03	MOD10A1.A2024046.h10v03.061.2024048040940	terra	https://modiseuwest.blob.core.windows.net/modis-061-cogs/MOD10A1/10/03/2024046/MOD10A1.A2024046.h10v03.061.2024048040940_NDSI_Snow_Cover.tif	2792486	fMrlBOonki/8Ce5BfoBiEw==	7ccae504ea27922ffc09ee417e806213	1	1	-	2024-02-17T04:11:52.000Z	71	19	0.4067	0.4058	0.0637	0.0005	0.3668	0.0008	0.0
2024-02-15	046	h10v04	MOD10A1.A2024046.h10v04.061.2024048033941	terra	https://modiseuwest.blob.core.windows.net/modis-061-cogs/MOD10A1/10/04/2024046/MOD10A1.A2024046.h10v04.061.2024048033941_NDSI_Snow_Cover.tif	647499	w3RnUNw2ck8Bv3qs0HV0rA==	c3746750dc36724f01bf7aacd07574ac	1	1	-	2024-02-17T03:42:25.000Z	7	85	0.1176	0.0707	0.7014	0.0008	0.0013	0.0014	0.0
2024-02-15	046	h10v05	MOD10A1.A2024046.h10v05.061.2024048041121	terra	https://modiseuwest.blob.core.windows.net/modis-061-cogs/MOD10A1/10/05/2024046/MOD10A1.A2024046.h10v05.061.2024048041121_NDSI_Snow_Cover.tif	588561	09K+/5w+cbv9uv1v23ph3Q==	d3d2beff9c3e71bbfdbafd6fdb7a61dd	1	1	-	2024-02-17T04:13:25.000Z	0	41	0.552	0.1519	0.2201	0.0011	0.0147	0.0014	0.0
2024-02-15	046	h11v02	MOD10A1.A2024046.h11v02.061.2024048041021	terra	https://modiseuwest.blob.core.windows.net/modis-061-cogs/MOD10A1/11/02/2024046/MOD10A1.A2024046.h11v02.061.2024048041021_NDSI_Snow_Cover.tif	1411835	9jWBvTB5NcPy0GMWGIAk5g==	f63581bd307935c3f2d06316188024e6	1	1	-	2024-02-17T04:12:23.000Z	24	61	0.164	0.1639	0.3654	0.0012	0.1509	0.0018	0.1169
2024-02-15	046	h11v03	MOD10A1.A2024046.h11v03.061.2024048033631	terra	https://modiseuwest.blob.core.windows.net/modis-061-cogs/MOD10A1/11/03/2024046/MOD10A1.A2024046.h11v03.061.2024048033631_NDSI_Snow_Cover.tif	3087523	E3yD8XWEz+Tg4ZM+0dvW6Q==	137c83f17584cfe4e0e1933ed1dbd6e9	1	1	-	2024-02-17T03:39:10.000Z	46	49	0.4698	0.4659	0.3311	0.0009	0.0013	0.0012	0.0
2024-02-15	046	h11v04	MOD10A1.A2024046.h11v04.061.2024048034622	terra	https://modiseuwest.blob.core.windows.net/modis-061-cogs/MOD10A1/11/04/2024046/MOD10A1.A2024046.h11v04.061.2024048034622_NDSI_Snow_Cover.tif	1158827	agTuDvQd2Utm23ci6lej7Q==	6a04ee0ef41dd94b66db7722ea57a3ed	1	1	-	2024-02-17T03:49:06.000Z	12	76	0.1874	0.1316	0.5066	0.0018	0.0029	0.0027	0.0
2024-02-15	046	h11v05	MOD10A1.A2024046.h11v05.061.2024048034020	terra	https://modiseuwest.blob.core.windows.net/modis-061-cogs/MOD10A1/11/05/2024046/MOD10A1.A2024046.h11v05.061.2024048034020_NDSI_Snow_Cover.tif	375725	juTbX/JSic5GF8BSvS/ICQ==	8ee4db5ff25289ce4617c052bd2fc809	1	1	-	2024-02-17T03:43:03.000Z	0	28	0.4117	0.0834	0.0717	0.0006	0.3921	0.001	0.0
2024-02-15	046	h12v02	MOD10A1.A2024046.h12v02.061.2024048033634	terra	https://modiseuwest.blob.core.windows.net/modis-061-cogs/MOD10A1/12/02/2024046/MOD10A1.A2024046.h12v02.061.2024048033634_NDSI_Snow_Cover.tif	2184528	HeVF6+mvpZR3eAtIEMxS0w==	1de545ebe9afa59477780b4810cc52d3	1	1	-	2024-02-17T03:39:25.000Z	42	58	0.3734	0.3733	0.4349	0.0007	0.0302	0.001	0.0
2024-02-15	046	h12v03	MOD10A1.A2024046.h12v03.061.2024048035635	terra	https://modiseuwest.blob.core.windows.net/modis-061-cogs/MOD10A1/12/03/2024046/MOD10A1.A2024046.h12v03.061.2024048035635_NDSI_Snow_Cover.tif	2211858	RUGpLXRtVdt67KL0dER42g==	4541a92d746d55db7aeca2f4744478da	1	1	-	2024-02-17T04:05:36.000Z	40	60	0.3395	0.3395	0.3601	0.0016	0.0035	0.0021	0.0
2024-02-15	046	h12v04	MOD10A1.A2024046.h12v04.061.2024048033459	terra	https://modiseuwest.blob.core.windows.net/modis-061-cogs/MOD10A1/12/04/2024046/MOD10A1.A2024046.h12v04.061.2024048033459_NDSI_Snow_Cover.tif	708060	D02UFTj5Rqs/3STUfkqDFA==	0f4d941538f946ab3fdd24d47e4a8314	1	1	-	2024-02-17T03:37:53.000Z	10	85	0.121	0.1028	0.6572	0.0003	0.1189	0.0009	0.0
2024-02-15	046	h12v05	MOD10A1.A2024046.h12v05.061.2024048034916	terra	https://modiseuwest.blob.core.windows.net/modis-061-cogs/MOD10A1/12/05/2024046/MOD10A1.A2024046.h12v05.061.2024048034916_NDSI_Snow_Cover.tif	50557	q+3C9jqzio/2mpVlyyvPwQ==	abedc2f63ab38a8ff69a9565cb2bcfc1	1	1	-	2024-02-17T03:59:38.000Z	0	94	0.0017	0.0005	0.0274	0.0	0.9621	0.0	0.0
2024-02-15	046	h13v02	MOD10A1.A2024046.h13v02.061.2024048033500	terra	https://modiseuwest.blob.core.windows.net/modis-061-cogs/MOD10A1/13/02/2024046/MOD10A1.A2024046.h13v02.061.2024048033500_NDSI_Snow_Cover.tif	1929143	V7GwmjTmmmtS4yrwOyuRpw==	57b1b09a34e69a6b52e32af03b2b91a7	1	1	-	2024-02-17T03:37:35.000Z	48	52	0.3248	0.3248	0.2183	0.0013	0.1955	0.0022	0.0
2024-02-15	046	h13v03	MOD10A1.A2024046.h13v03.061.2024048034021	terra	https://modiseuwest.blob.core.windows.net/modis-061-cogs/MOD10A1/13/03/2024046/MOD10A1.A2024046.h13v03.061.2024048034021_NDSI_Snow_Cover.tif	1160971	jQ6GbbjegjbXdWJ4H9zQcA==	8d0e866db8de8236d77562781fdcd070	1	1	-	2024-02-17T03:42:58.000Z	29	71	0.1244	0.1244	0.2574	0.0009	0.3956	0.0016	0.0
2024-02-15	046	h13v04	MOD10A1.A2024046.h13v04.061.2024048033525	terra	https://modiseuwest.blob.core.windows.net/modis-061-cogs/MOD10A1/13/04/2024046/MOD10A1.A2024046.h13v04.061.2024048033525_NDSI_Snow_Cover.tif	1039809	GdxqwvyWSAspYcONFaMznw==	19dc6ac2fc96480b2961c38d15a3339f	1	1	-	2024-02-17T03:38:46.000Z	37	58	0.1211	0.1186	0.0906	0.001	0.6198	0.0013	0.0
2024-02-15	046	h14v02	MOD10A1.A2024046.h14v02.061.2024048033512	terra	https://modiseuwest.blob.core.windows.net/modis-061-cogs/MOD10A1/14/02/2024046/MOD10A1.A2024046.h14v02.061.2024048033512_NDSI_Snow_Cover.tif	938154	+IcmWRit07W9E4AUl9o0YA==	f887265918add3b5bd13801497da3460	1	1	-	2024-02-17T03:38:04.000Z	20	80	0.0617	0.0617	0.2008	0.0017	0.4261	0.0041	0.0
2024-02-15	046	h14v03	MOD10A1.A2024046.h14v03.061.2024048033940	terra	https://modiseuwest.blob.core.windows.net/modis-061-cogs/MOD10A1/14/03/2024046/MOD10A1.A2024046.h14v03.061.2024048033940_NDSI_Snow_Cover.tif	783330	+FXZ22uyC83BKBJL8mPJtA==	f855d9db6bb20bcdc128124bf263c9b4	1	1	-	2024-02-17T03:42:05.000Z	17	83	0.0663	0.0663	0.3276	0.0006	0.4212	0.0012	0.0
2024-02-15	046	h14v04	MOD10A1.A2024046.h14v04.061.2024048034018	terra	https://modiseuwest.blob.core.windows.net/modis-061-cogs/MOD10A1/14/04/2024046/MOD10A1.A2024046.h14v04.061.2024048034018_NDSI_Snow_Cover.tif	90827	SUw1hmr17tkHZnh9ICKt+g==	494c35866af5eed90766787d2022adfa	1	1	-	2024-02-17T03:42:56.000Z	2	98	0.0004	0.0004	0.054	0.0001	0.9115	0.0002	0.0
2024-02-15	046	h15v02	MOD10A1.A2024046.h15v02.061.2024048033806	terra	https://modiseuwest.blob.core.windows.net/modis-061-cogs/MOD10A1/15/02/2024046/MOD10A1.A2024046.h15v02.061.2024048033806_NDSI_Snow_Cover.tif	990636	iDMPQxHWLYTbcysL4oicRQ==	88330f4311d62d84db732b0be2889c45	1	1	-	2024-02-17T03:40:44.000Z	38	61	0.1121	0.1121	0.1182	0.0008	0.5795	0.0021	0.0
2024-02-15	046	h15v03	MOD10A1.A2024046.h15v03.061.2024048034915	terra	https://modiseuwest.blob.core.windows.net/modis-061-cogs/MOD10A1/15/03/2024046/MOD10A1.A2024046.h15v03.061.2024048034915_NDSI_Snow_Cover.tif	35906	xSWxKt9DrzTH/jRWQq9+AQ==	c525b12adf43af34c7fe345642af7e01	1	1	-	2024-02-17T04:00:39.000Z	25	72	0.0	0.0	0.0	0.0	0.9986	0.0	0.0
2024-02-15	046	h15v05	MOD10A1.A2024046.h15v05.061.2024048034917	terra	https://modiseuwest.blob.core.windows.net/modis-061-cogs/MOD10A1/15/05/2024046/MOD10A1.A2024046.h15v05.061.2024048034917_NDSI_Snow_Cover.tif	35905	QA3ne6iatourqIAIW6amIg==	400de77ba89ab68baba880085ba6a622	1	1	-	2024-02-17T04:00:09.000Z	0	78	0.0	0.0	0.0007	0.0	0.9973	0.0	0.0
2024-02-15	046	h16v02	MOD10A1.A2024046.h16v02.061.2024048033636	terra	https://modiseuwest.blob.core.windows.net/modis-061-cogs/MOD10A1/16/02/2024046/MOD10A1.A2024046.h16v02.061.2024048033636_NDSI_Snow_Cover.tif	1540937	rEfhCeMpNJRJRRAaHRDXVw==	ac47e109e32934944945101a1d10d757	1	1	-	2024-02-17T03:38:57.000Z	88	12	0.3276	0.3276	0.0091	0.0003	0.5912	0.0006	0.0
2024-02-15	046	h16v05	MOD10A1.A2024046.h16v05.061.2024048033900	terra	https://modiseuwest.blob.core.windows.net/modis-061-cogs/MOD10A1/16/05/2024046/MOD10A1.A2024046.h16v05.061.2024048033900_NDSI_Snow_Cover.tif	34529	Gpli+fsVKvu/8bHbsfjqIw==	1a9962f9fb152afbbff1b1dbb1f8ea23	1	1	-	2024-02-17T03:41:21.000Z	0	33	0.0005	0.0002	0.0001	0.0	0.998	0.0	0.0
2024-02-15	046	h17v02	MOD10A1.A2024046.h17v02.061.2024048034621	terra	https://modiseuwest.blob.core.windows.net/modis-061-cogs/MOD10A1/17/02/2024046/MOD10A1.A2024046.h17v02.061.2024048034621_NDSI_Snow_Cover.tif	345227	GSPo4z8brtD56m6H/9eaVw==	1923e8e33f1baed0f9ea6e87ffd79a57	1	1	-	2024-02-17T03:49:20.000Z	41	58	0.0308	0.0308	0.0232	0.0003	0.8839	0.0007	0.0
2024-02-15	046	h17v03	MOD10A1.A2024046.h17v03.061.2024048035008	terra	https://modiseuwest.blob.core.windows.net/modis-061-cogs/MOD10A1/17/03/2024046/MOD10A1.A2024046.h17v03.061.2024048035008_NDSI_Snow_Cover.tif	195621	rMjMAWKFwqkSi6/9ADdDpg==	acc8cc016285c2a9128baffd003743a6	1	1	-	2024-02-17T04:00:23.000Z	1	94	0.0109	0.0082	0.1684	0.0002	0.7434	0.0005	0.0
2024-02-15	046	h17v04	MOD10A1.A2024046.h17v04.061.2024048035019	terra	https://modiseuwest.blob.core.windows.net/modis-061-cogs/MOD10A1/17/04/2024046/MOD10A1.A2024046.h17v04.061.2024048035019_NDSI_Snow_Cover.tif	154659	2DGD/X+nGaZXOzvQiUrIng==	d83183fd7fa719a6573b3bd0894ac89e	1	1	-	2024-02-17T04:01:14.000Z	0	94	0.0156	0.0098	0.239	0.0003	0.6799	0.0006	0.0
2024-02-15	046	h17v05	MOD10A1.A2024046.h17v05.061.2024048034800	terra	https://modiseuwest.blob.core.windows.net/modis-061-cogs/MOD10A1/17/05/2024046/MOD10A1.A2024046.h17v05.061.2024048034800_NDSI_Snow_Cover.tif	284032	HV6GqQRCnh+oTJx0BPlbIQ==	1d5e86a904429e1fa84c9c7404f95b21	1	1	-	2024-02-17T03:57:07.000Z	0	64	0.2066	0.0355	0.2768	0.0004	0.3972	0.0011	0.0001
2024-02-15	046	h18v02	MOD10A1.A2024046.h18v02.061.2024048034501	terra	https://modiseuwest.blob.core.windows.net/modis-061-cogs/MOD10A1/18/02/2024046/MOD10A1.A2024046.h18v02.061.2024048034501_NDSI_Snow_Cover.tif	1070283	Mw5Avp+rvuuE4xI1zEMzGw==	330e40be9fabbeeb84e31235cc43331b	1	1	-	2024-02-17T03:47:12.000Z	24	76	0.0624	0.0624	0.1777	0.0012	0.4929	0.0029	0.0
2024-02-15	046	h18v03	MOD10A1.A2024046.h18v03.061.2024048043744	terra	https://modiseuwest.blob.core.windows.net/modis-061-cogs/MOD10A1/18/03/2024046/MOD10A1.A2024046.h18v03.061.2024048043744_NDSI_Snow_Cover.tif	185129	q4xFMqjehe4Z1mNrhD6n1Q==	ab8c4532a8de85ee19d6636b843ea7d5	1	1	-	2024-02-17T04:40:13.000Z	1	99	0.0027	0.0023	0.4642	0.0002	0.4506	0.0004	0.0
2024-02-15	046	h18v04	MOD10A1.A2024046.h18v04.061.2024048040237	terra	https://modiseuwest.blob.core.windows.net/modis-061-cogs/MOD10A1/18/04/2024046/MOD10A1.A2024046.h18v04.061.2024048040237_NDSI_Snow_Cover.tif	514195	aQZ6jyLVw2Gpm5kmIEM9hA==	69067a8f22d5c361a99b992620433d84	1	1	-	2024-02-17T04:04:46.000Z	4	73	0.186	0.0842	0.4353	0.0005	0.2569	0.0009	0.0
2024-02-15	046	h18v05	MOD10A1.A2024046.h18v05.061.2024048035204	terra	https://modiseuwest.blob.core.windows.net/modis-061-cogs/MOD10A1/18/05/2024046/MOD10A1.A2024046.h18v05.061.2024048035204_NDSI_Snow_Cover.tif	291793	baZyaSG3gj3YwjLI5if7eA==	6da6726921b7823dd8c232c8e627fb78	1	1	-	2024-02-17T03:58:49.000Z	0	37	0.4037	0.0669	0.155	0.0005	0.3369	0.0008	0.0
2024-02-15	046	h19v02	MOD10A1.A2024046.h19v02.061.2024048034749	terra	https://modiseuwest.blob.core.windows.net/modis-061-cogs/MOD10A1/19/02/2024046/MOD10A1.A2024046.h19v02.061.2024048034749_NDSI_Snow_Cover.tif	1266494	h6JzxL0eWaBhA4joOxSqEA==	87a273c4bd1e59a0610388e83b14aa10	1	1	-	2024-02-17T03:58:30.000Z	26	74	0.1737	0.1737	0.4166	0.0007	0.2091	0.0022	0.0
2024-02-15	046	h19v03	MOD10A1.A2024046.h19v03.061.2024048033514	terra	https://modiseuwest.blob.core.windows.net/modis-061-cogs/MOD10A1/19/03/2024046/MOD10A1.A2024046.h19v03.061.2024048033514_NDSI_Snow_Cover.tif	210987	MdoeYSMu7bSCNQ9q69lRHQ==	31da1e61232eedb482350f6aebd9511d	1	1	-	2024-02-17T03:38:03.000Z	1	97	0.0194	0.0128	0.7755	0.0003	0.1159	0.0009	0.0
2024-02-15	046	h19v04	MOD10A1.A2024046.h19v04.061.2024048034659	terra	https://modiseuwest.blob.core.windows.net/modis-061-cogs/MOD10A1/19/04/2024046/MOD10A1.A2024046.h19v04.061.2024048034659_NDSI_Snow_Cover.tif	672318	9Y7C5ViR6zt59Kc7T0Cq3w==	f58ec2e55891eb3b79f4a73b4f40aadf	1	1	-	2024-02-17T03:56:42.000Z	4	46	0.4604	0.1431	0.2912	0.0006	0.1032	0.0011	0.0
2024-02-15	046	h19v05	MOD10A1.A2024046.h19v05.061.2024048034500	terra	https://modiseuwest.blob.core.windows.net/modis-061-cogs/MOD10A1/19/05/2024046/MOD10A1.A2024046.h19v05.061.2024048034500_NDSI_Snow_Cover.tif	306473	T6PG7KpsYb9MpGnYismaPQ==	4fa3c6ecaa6c61bf4ca469d88ac99a3d	1	1	-	2024-02-17T03:47:10.000Z	2	33	0.1858	0.0518	0.0412	0.0005	0.676	0.0007	0.0
2024-02-15	046	h20v02	MOD10A1.A2024046.h20v02.061.2024048035054	terra	https://modiseuwest.blob.core.windows.net/modis-061-cogs/MOD10A1/20/02/2024046/MOD10A1.A2024046.h20v02.061.2024048035054_NDSI_Snow_Cover.tif	2574416	xpgJME3ElaRhED/mm22iSw==	c69809304dc495a461103fe69b6da24b	1	1	-	2024-02-17T04:02:09.000Z	54	46	0.4672	0.4672	0.2909	0.0008	0.0546	0.0015	0.0
2024-02-15	046	h20v03	MOD10A1.A2024046.h20v03.061.2024048035642	terra	https://modiseuwest.blob.core.windows.net/modis-061-cogs/MOD10A1/20/03/2024046/MOD10A1.A2024046.h20v03.061.2024048035642_NDSI_Snow_Cover.tif	2578965	TVgVP5yPJ7KOWAfQS7xSyg==	4d58153f9c8f27b28e5807d04bbc52ca	1	1	-	2024-02-17T04:04:22.000Z	48	51	0.4474	0.4473	0.4066	0.0007	0.0008	0.0008	0.0
2024-02-15	046	h20v04	MOD10A1.A2024046.h20v04.061.2024048033634	terra	https://modiseuwest.blob.core.windows.net/modis-061-cogs/MOD10A1/20/04/2024046/MOD10A1.A2024046.h20v04.061.2024048033634_NDSI_Snow_Cover.tif	411192	ELVYg2sqGM+cTdcpCz2cjQ==	10b558836b2a18cf9c4dd7290b3d9c8d	1	1	-	2024-02-17T03:39:03.000Z	5	91	0.0425	0.0373	0.482	0.0004	0.3573	0.001	0.0
2024-02-15	046	h20v05	MOD10A1.A2024046.h20v05.061.2024048034506	terra	https://modiseuwest.blob.core.windows.net/modis-061-cogs/MOD10A1/20/05/2024046/MOD10A1.A2024046.h20v05.061.2024048034506_NDSI_Snow_Cover.tif	502683	uZqazYWG4UHZhdmpiQ1PFQ==	b99a9acd8586e141d985d9a9890d4f15	1	1	-	2024-02-17T03:57:31.000Z	2	61	0.1758	0.0762	0.168	0.0006	0.4821	0.0015	0.0
2024-02-15	046	h21v02	MOD10A1.A2024046.h21v02.061.2024048035212	terra	https://modiseuwest.blob.core.windows.net/modis-061-cogs/MOD10A1/21/02/2024046/MOD10A1.A2024046.h21v02.061.2024048035212_NDSI_Snow_Cover.tif	3251064	WHwfb2Ts/PtA4Lu65tng1g==	587c1f6f64ecfcfb40e0bbbae6d9e0d6	1	1	-	2024-02-17T04:03:35.000Z	63	37	0.5694	0.5694	0.1619	0.0013	0.002	0.002	0.0
2024-02-15	046	h21v03	MOD10A1.A2024046.h21v03.061.2024048034503	terra	https://modiseuwest.blob.core.windows.net/modis-061-cogs/MOD10A1/21/03/2024046/MOD10A1.A2024046.h21v03.061.2024048034503_NDSI_Snow_Cover.tif	3859680	DDaERHVix1r0hbVOA6bdhg==	0c3684447562c75af485b54e03a6dd86	1	1	-	2024-02-17T03:47:22.000Z	73	27	0.6048	0.6048	0.0287	0.0018	0.0017	0.0016	0.0
2024-02-15	046	h21v04	MOD10A1.A2024046.h21v04.061.2024048043740	terra	https://modiseuwest.blob.core.windows.net/modis-061-cogs/MOD10A1/21/04/2024046/MOD10A1.A2024046.h21v04.061.2024048043740_NDSI_Snow_Cover.tif	1013112	5SpceKUXotK3nC4uumlHRA==	e52a5c78a517a2d2b79c2e2eba694744	1	1	-	2024-02-17T04:39:55.000Z	19	78	0.1918	0.1714	0.674	0.0005	0.0163	0.0009	0.0
2024-02-15	046	h21v05	MOD10A1.A2024046.h21v05.061.2024048035008	terra	https://modiseuwest.blob.core.windows.net/modis-061-cogs/MOD10A1/21/05/2024046/MOD10A1.A2024046.h21v05.061.2024048035008_NDSI_Snow_Cover.tif	556571	SAvLtzkFfc+jM0SvYtAcHw==	480bcbb739057dcfa33344af62d01c1f	1	1	-	2024-02-17T03:59:22.000Z	2	64	0.3347	0.0843	0.4736	0.0009	0.0017	0.002	0.0
2024-02-15	046	h22v02	MOD10A1.A2024046.h22v02.061.2024048034655	terra	https://modiseuwest.blob.core.windows.net/modis-061-cogs/MOD10A1/22/02/2024046/MOD10A1.A2024046.h22v02.061.2024048034655_NDSI_Snow_Cover.tif	3033189	6rYyXB6EQ838TYWABIyqVA==	eab6325c1e8443cdfc4d8580048caa54	1	1	-	2024-02-17T03:58:53.000Z	47	53	0.3475	0.3475	0.197	0.0022	0.0029	0.0031	0.0
2024-02-15	046	h22v03	MOD10A1.A2024046.h22v03.061.2024048034701	terra	https://modiseuwest.blob.core.windows.net/modis-061-cogs/MOD10A1/22/03/2024046/MOD10A1.A2024046.h22v03.061.2024048034701_NDSI_Snow_Cover.tif	1515931	+gP9u/JxwWd8+KtnSWQoQg==	fa03fdbbf271c1677cf8ab6749642842	1	1	-	2024-02-17T03:59:13.000Z	20	80	0.1248	0.1248	0.4445	0.0022	0.005	0.004	0.0
2024-02-15	046	h22v04	MOD10A1.A2024046.h22v04.061.2024048043744	terra	https://modiseuwest.blob.core.windows.net/modis-061-cogs/MOD10A1/22/04/2024046/MOD10A1.A2024046.h22v04.061.2024048043744_NDSI_Snow_Cover.tif	717947	knIZ7q7J8m1IiOtg7l6CkQ==	927219eeaec9f26d4888eb60ee5e8291	1	1	-	2024-02-17T04:40:53.000Z	11	83	0.1469	0.1207	0.7008	0.0005	0.0014	0.0011	0.0
2024-02-15	046	h22v05	MOD10A1.A2024046.h22v05.061.2024048033836	terra	https://modiseuwest.blob.core.windows.net/modis-061-cogs/MOD10A1/22/05/2024046/MOD10A1.A2024046.h22v05.061.2024048033836_NDSI_Snow_Cover.tif	505858	7v6adMFoXcIHDDYKZUSCIw==	eefe9a74c1685dc2070c360a65448223	1	1	-	2024-02-17T03:40:56.000Z	1	34	0.618	0.1055	0.1918	0.0007	0.0035	0.0211	0.0
2024-02-15	046	h23v02	MOD10A1.A2024046.h23v02.061.2024048034720	terra	https://modiseuwest.blob.core.windows.net/modis-061-cogs/MOD10A1/23/02/2024046/MOD10A1.A2024046.h23v02.061.2024048034720_NDSI_Snow_Cover.tif	3289400	oiuGBMFmn7MKVJspS8jyGQ==	a22b8604c1669fb30a549b294bc8f219	1	1	-	2024-02-17T03:49:29.000Z	48	52	0.324	0.324	0.1264	0.0032	0.0173	0.0038	0.0
2024-02-15	046	h23v03	MOD10A1.A2024046.h23v03.061.2024048034018	terra	https://modiseuwest.blob.core.windows.net/modis-061-cogs/MOD10A1/23/03/2024046/MOD10A1.A2024046.h23v03.061.2024048034018_NDSI_Snow_Cover.tif	1537648	sNQbIhds3V3UYexs9d9ZNg==	b0d41b22176cdd5dd461ec6cf5df5936	1	1	-	2024-02-17T03:42:56.000Z	20	80	0.1434	0.1429	0.5403	0.0016	0.003	0.0027	0.0
2024-02-15	046	h23v04	MOD10A1.A2024046.h23v04.061.2024048035009	terra	https://modiseuwest.blob.core.windows.net/modis-061-cogs/MOD10A1/23/04/2024046/MOD10A1.A2024046.h23v04.061.2024048035009_NDSI_Snow_Cover.tif	198612	SL+2AOYntAzac7FT0J9r/Q==	48bfb600e627b40cda73b153d09f6bfd	1	1	-	2024-02-17T04:01:26.000Z	1	98	0.011	0.0095	0.9155	0.0004	0.0007	0.0006	0.0
2024-02-15	046	h23v05	MOD10A1.A2024046.h23v05.061.2024048035210	terra	https://modiseuwest.blob.core.windows.net/modis-061-cogs/MOD10A1/23/05/2024046/MOD10A1.A2024046.h23v05.061.2024048035210_NDSI_Snow_Cover.tif	993311	ma2LpovQqZJ6uiqnyA7iRA==	99ad8ba68bd0a9927aba2aa7c80ee244	1	1	-	2024-02-17T03:58:56.000Z	12	27	0.7105	0.1939	0.1761	0.0005	0.0007	0.0007	0.0
2024-02-15	046	h24v02	MOD10A1.A2024046.h24v02.061.2024048034918	terra	https://modiseuwest.blob.core.windows.net/modis-061-cogs/MOD10A1/24/02/2024046/MOD10A1.A2024046.h24v02.061.2024048034918_NDSI_Snow_Cover.tif	1998373	Gj8PympEw26OGZYuon1jCA==	1a3f0fca6a44c36e8e19962ea27d6308	1	1	-	2024-02-17T03:59:35.000Z	24	63	0.1206	0.1205	0.2592	0.0025	0.015	0.004	0.1165
2024-02-15	046	h24v03	MOD10A1.A2024046.h24v03.061.2024048034659	terra	https://modiseuwest.blob.core.windows.net/modis-061-cogs/MOD10A1/24/03/2024046/MOD10A1.A2024046.h24v03.061.2024048034659_NDSI_Snow_Cover.tif	1389983	uKfrXumEAalerM4p+1Aqfw==	b8a7eb5ee98401a95eacce29fb502a7f	1	1	-	2024-02-17T03:58:24.000Z	17	83	0.1049	0.1049	0.6043	0.0015	0.0022	0.0023	0.0
2024-02-15	046	h24v04	MOD10A1.A2024046.h24v04.061.2024048034659	terra	https://modiseuwest.blob.core.windows.net/modis-061-cogs/MOD10A1/24/04/2024046/MOD10A1.A2024046.h24v04.061.2024048034659_NDSI_Snow_Cover.tif	737938	PIimmZBTcQwfKOohu/NCow==	3c88a6999053710c1f28ea21bbf342a3	1	1	-	2024-02-17T03:57:26.000Z	6	69	0.2874	0.1106	0.5546	0.0008	0.0011	0.0011	0.0
2024-02-15	046	h24v05	MOD10A1.A2024046.h24v05.061.2024048035054	terra	https://modiseuwest.blob.core.windows.net/modis-061-cogs/MOD10A1/24/05/2024046/MOD10A1.A2024046.h24v05.061.2024048035054_NDSI_Snow_Cover.tif	1575451	lT/h6jPpZoeMnPcfzQrWbg==	953fe1ea33e966878c9cf71fcd0ad66e	1	1	-	2024-02-17T04:02:57.000Z	14	20	0.7567	0.3125	0.0791	0.0006	0.0005	0.0005	0.0001
2024-02-15	046	h25v02	MOD10A1.A2024046.h25v02.061.2024048035009	terra	https://modiseuwest.blob.core.windows.net/modis-061-cogs/MOD10A1/25/02/2024046/MOD10A1.A2024046.h25v02.061.2024048035009_NDSI_Snow_Cover.tif	632379	ycXGxCJWjqhSGoNgiTS1yg==	c9c5c6c422568ea8521a83608934b5ca	1	1	-	2024-02-17T04:00:36.000Z	6	44	0.0144	0.0143	0.1988	0.0014	0.0644	0.0032	0.4572
2024-02-15	046	h25v03	MOD10A1.A2024046.h25v03.061.2024048035009	terra	https://modiseuwest.blob.core.windows.net/modis-061-cogs/MOD10A1/25/03/2024046/MOD10A1.A2024046.h25v03.061.2024048035009_NDSI_Snow_Cover.tif	2320198	/Qn1qzXBKagx4TsQ+jLJFQ==	fd09f5ab35c129a831e13b10fa32c915	1	1	-	2024-02-17T03:57:46.000Z	42	57	0.2567	0.2565	0.1428	0.0022	0.212	0.0035	0.0
2024-02-15	046	h25v04	MOD10A1.A2024046.h25v04.061.2024048041206	terra	https://modiseuwest.blob.core.windows.net/modis-061-cogs/MOD10A1/25/04/2024046/MOD10A1.A2024046.h25v04.061.2024048041206_NDSI_Snow_Cover.tif	1623887	7PbZ2fEUAxyrnVDD9/Wh4g==	ecf6d9d9f114031cab9d50c3f7f5a1e2	1	1	-	2024-02-17T04:14:12.000Z	31	53	0.4025	0.298	0.3216	0.0012	0.0019	0.0022	0.0
2024-02-15	046	h25v05	MOD10A1.A2024046.h25v05.061.2024048035213	terra	https://modiseuwest.blob.core.windows.net/modis-061-cogs/MOD10A1/25/05/2024046/MOD10A1.A2024046.h25v05.061.2024048035213_NDSI_Snow_Cover.tif	1601511	kSgPBFzljnACuTmeA/mo5Q==	91280f045ce58e7002b9399e03f9a8e5	1	1	-	2024-02-17T04:04:24.000Z	15	21	0.7544	0.3246	0.0356	0.001	0.0015	0.0012	0.0
2024-02-15	046	h26v02	MOD10A1.A2024046.h26v02.061.2024048034701	terra	https://modiseuwest.blob.core.windows.net/modis-061-cogs/MOD10A1/26/02/2024046/MOD10A1.A2024046.h26v02.061.2024048034701_NDSI_Snow_Cover.tif	176007	4KUgTzvO8pEPeMeinuOJjw==	e0a5204f3bcef2910f78c7a29ee3898f	1	1	-	2024-02-17T03:56:08.000Z	2	7	0.0057	0.0057	0.0324	0.0003	0.0985	0.0006	0.8126
2024-02-15	046	h26v03	MOD10A1.A2024046.h26v03.061.2024048035213	terra	https://modiseuwest.blob.core.windows.net/modis-061-cogs/MOD10A1/26/03/2024046/MOD10A1.A2024046.h26v03.061.2024048035213_NDSI_Snow_Cover.tif	1241677	non362vXmffrymwHq25rVQ==	9e89f7eb6bd799f7ebca6c07ab6e6b55	1	1	-	2024-02-17T04:02:46.000Z	32	67	0.0706	0.0706	0.0873	0.0018	0.5654	0.0024	0.0
2024-02-15	046	h26v04	MOD10A1.A2024046.h26v04.061.2024048034920	terra	https://modiseuwest.blob.core.windows.net/modis-061-cogs/MOD10A1/26/04/2024046/MOD10A1.A2024046.h26v04.061.2024048034920_NDSI_Snow_Cover.tif	2376767	xWK+hlPjD7LwD/Me12Cdeg==	c562be8653e30fb2f00ff31ed7609d7a	1	1	-	2024-02-17T04:00:23.000Z	33	31	0.6123	0.3853	0.0605	0.0019	0.0025	0.0022	0.0
2024-02-15	046	h26v05	MOD10A1.A2024046.h26v05.061.2024048034655	terra	https://modiseuwest.blob.core.windows.net/modis-061-cogs/MOD10A1/26/05/2024046/MOD10A1.A2024046.h26v05.061.2024048034655_NDSI_Snow_Cover.tif	756922	n8nLalAsLZ5uobc5+kdddQ==	9fc9cb6a502c2d9e6ea1b739fa475d75	1	1	-	2024-02-17T03:59:44.000Z	4	50	0.4709	0.1414	0.321	0.0009	0.0016	0.0016	0.0006
2024-02-15	046	h27v03	MOD10A1.A2024046.h27v03.061.2024048035010	terra	https://modiseuwest.blob.core.windows.net/modis-061-cogs/MOD10A1/27/03/2024046/MOD10A1.A2024046.h27v03.061.2024048035010_NDSI_Snow_Cover.tif	168357	MGO7WKaE5RhwHqeEFypyWA==	3063bb58a684e518701ea784172a7258	1	1	-	2024-02-17T03:59:19.000Z	3	20	0.0045	0.0045	0.0557	0.0002	0.6604	0.0003	0.2421
2024-02-15	046	h27v04	MOD10A1.A2024046.h27v04.061.2024048034659	terra	https://modiseuwest.blob.core.windows.net/modis-061-cogs/MOD10A1/27/04/2024046/MOD10A1.A2024046.h27v04.061.2024048034659_NDSI_Snow_Cover.tif	1165508	Hs77P5cZoi8X+76Pv6q1ew==	1ecefb3f9719a22f17fbbe8fbfaab57b	1	1	-	2024-02-17T03:56:13.000Z	24	59	0.2104	0.1416	0.214	0.0008	0.4061	0.0012	0.0
2024-02-15	046	h27v05	MOD10A1.A2024046.h27v05.061.2024048035214	terra	https://modiseuwest.blob.core.windows.net/modis-061-cogs/MOD10A1/27/05/2024046/MOD10A1.A2024046.h27v05.061.2024048035214_NDSI_Snow_Cover.tif	410832	/fJYOwcrf0e1DeKppX5Pfg==	fdf2583b072b7f47b50de2a9a57e4f7e	1	1	-	2024-02-17T03:59:02.000Z	2	75	0.1842	0.0646	0.492	0.0005	0.2003	0.0009	0.0
2024-02-15	046	h28v03	MOD10A1.A2024046.h28v03.061.2024048035637	terra	https://modiseuwest.blob.core.windows.net/modis-061-cogs/MOD10A1/28/03/2024046/MOD10A1.A2024046.h28v03.061.2024048035637_NDSI_Snow_Cover.tif	45740	XOECywIPe8Y+BL1BZJYfWg==	5ce102cb020f7bc63e04bd4164961f5a	1	1	-	2024-02-17T04:07:17.000Z	0	0	0.0	0.0	0.0001	0.0	0.4073	0.0001	0.589
2024-02-15	046	h28v04	MOD10A1.A2024046.h28v04.061.2024048034702	terra	https://modiseuwest.blob.core.windows.net/modis-061-cogs/MOD10A1/28/04/2024046/MOD10A1.A2024046.h28v04.061.2024048034702_NDSI_Snow_Cover.tif	94975	F5EPxeE4QIOQilXHa0AGTQ==	17910fc5e1384083908a55c76b40064d	1	1	-	2024-02-17T03:55:54.000Z	0	25	0.0005	0.0005	0.0655	0.0	0.6848	0.0001	0.2232
2024-02-15	046	h28v05	MOD10A1.A2024046.h28v05.061.2024048034657	terra	https://modiseuwest.blob.core.windows.net/modis-061-cogs/MOD10A1/28/05/2024046/MOD10A1.A2024046.h28v05.061.2024048034657_NDSI_Snow_Cover.tif	170468	LjL0OLAYHTg2RjvozhBxLw==	2e32f438b0181d3836463be8ce10712f	1	1	-	2024-02-17T03:55:31.000Z	0	94	0.0107	0.0069	0.2055	0.0001	0.7121	0.0005	0.0
2024-02-15	046	h29v03	MOD10A1.A2024046.h29v03.061.2024048034748	terra	https://modiseuwest.blob.core.windows.net/modis-061-cogs/MOD10A1/29/03/2024046/MOD10A1.A2024046.h29v03.061.2024048034748_NDSI_Snow_Cover.tif	38591	B+BX6IuUeo5PCikmFYrtOA==	07e057e88b947a8e4f0a2926158aed38	1	1	-	2024-02-17T03:59:52.000Z	0	0	0.0	0.0	0.0	0.0	0.068	0.0001	0.9298
2024-02-15	046	h29v05	MOD10A1.A2024046.h29v05.061.2024048035010	terra	https://modiseuwest.blob.core.windows.net/modis-061-cogs/MOD10A1/29/05/2024046/MOD10A1.A2024046.h29v05.061.2024048035010_NDSI_Snow_Cover.tif	157428	yuogvh4LItdvmY8NWCpnaA==	caea20be1e0b22d76f998f0d582a6768	1	1	-	2024-02-17T04:00:31.000Z	1	45	0.0092	0.0068	0.0952	0.0001	0.6865	0.0006	0.146
2024-02-15	046	h30v05	MOD10A1.A2024046.h30v05.061.2024048034655	terra	https://modiseuwest.blob.core.windows.net/modis-061-cogs/MOD10A1/30/05/2024046/MOD10A1.A2024046.h30v05.061.2024048034655_NDSI_Snow_Cover.tif	43403	MFoMCqhcREtKrVDv0/Hczw==	305a0c0aa85c444b4aad50efd3f1dccf	1	1	-	2024-02-17T03:56:00.000Z	0	0	0.0	0.0	0.0	0.0	0.2972	0.0	0.7028
2024-03-01	061	h06v03	MOD10A1.A2024061.h06v03.061.2024066040304	terra	https://modiseuwest.blob.core.windows.net/modis-061-cogs/MOD10A1/06/03/2024061/MOD10A1.A2024061.h06v03.061.2024066040304_NDSI_Snow_Cover.tif	36222	AskrxXnh2uoE8J28KZQmCw==	02c92bc579e1daea04f09dbc2994260b	1	1	-	2024-03-06T04:05:11.000Z	0	0	0.0	0.0	0.0	0.0	0.069	0.0	0.9302
2024-03-01	061	h07v03	MOD10A1.A2024061.h07v03.061.2024066040535	terra	https://modiseuwest.blob.core.windows.net/modis-061-cogs/MOD10A1/07/03/2024061/MOD10A1.A2024061.h07v03.061.2024066040535_NDSI_Snow_Cover.tif	49569	HpJNT+Ut+I6wlF3+KTfThg==	1e924d4fe52df88eb0945dfe2937d386	1	1	-	2024-03-06T04:07:41.000Z	0	1	0.0	0.0	0.0008	0.0	0.4269	0.0	0.5639
2024-03-01	061	h07v05	MOD10A1.A2024061.h07v05.061.2024066045526	terra	https://modiseuwest.blob.core.windows.net/modis-061-cogs/MOD10A1/07/05/2024061/MOD10A1.A2024061.h07v05.061.2024066045526_NDSI_Snow_Cover.tif	32565	hf4Pi23oO1czX/rU0tEmLA==	85fe0f8b6de83b57335ffad4d2d1262c	1	1	-	2024-03-06T05:01:58.000Z	0	0	0.0004	0.0001	0.0	0.0	0.9991	0.0	0.0
2024-03-01	061	h08v03	MOD10A1.A2024061.h08v03.061.2024066045344	terra	https://modiseuwest.blob.core.windows.net/modis-061-cogs/MOD10A1/08/03/2024061/MOD10A1.A2024061.h08v03.061.2024066045344_NDSI_Snow_Cover.tif	68964	emfOxt2szHJ49+/kW24s/Q==	7a67cec6ddaccc7278f7efe45b6e2cfd	1	1	-	2024-03-06T04:55:38.000Z	0	6	0.0004	0.0004	0.0056	0.0	0.7952	0.0001	0.1807
2024-03-01	061	h08v04	MOD10A1.A2024061.h08v04.061.2024066044611	terra	https://modiseuwest.blob.core.windows.net/modis-061-cogs/MOD10A1/08/04/2024061/MOD10A1.A2024061.h08v04.061.2024066044611_NDSI_Snow_Cover.tif	70123	/BNknm2p1bNvzqNhaDYv6w==	fc13649e6da9d5b36fcea36168362feb	1	1	-	2024-03-06T04:48:10.000Z	2	97	0.0009	0.0008	0.0753	0.0001	0.9041	0.0002	0.0
2024-03-01	061	h08v05	MOD10A1.A2024061.h08v05.061.2024066040543	terra	https://modiseuwest.blob.core.windows.net/modis-061-cogs/MOD10A1/08/05/2024061/MOD10A1.A2024061.h08v05.061.2024066040543_NDSI_Snow_Cover.tif	380999	4joWwppS4YSd/kL74MWdcA==	e23a16c29a52e1849dfe42fbe0c59d70	1	1	-	2024-03-06T04:08:11.000Z	2	24	0.5864	0.0753	0.125	0.0003	0.2067	0.0008	0.0
2024-03-01	061	h09v02	MOD10A1.A2024061.h09v02.061.2024066044708	terra	https://modiseuwest.blob.core.windows.net/modis-061-cogs/MOD10A1/09/02/2024061/MOD10A1.A2024061.h09v02.061.2024066044708_NDSI_Snow_Cover.tif	73231	BI/jftPHfOzgitcNx27THA==	048fe37ed3c77cece08ad70dc76ed31c	1	1	-	2024-03-06T04:49:05.000Z	1	1	0.0077	0.0077	0.0021	0.0	0.171	0.0	0.8129
2024-03-01	061	h09v03	MOD10A1.A2024061.h09v03.061.2024066051426	terra	https://modiseuwest.blob.core.windows.net/modis-061-cogs/MOD10A1/09/03/2024061/MOD10A1.A2024061.h09v03.061.2024066051426_NDSI_Snow_Cover.tif	419314	5QtD1t9VWTXE730XAfDf9Q==	e50b43d6df555935c4ef7d1701f0dff5	1	1	-	2024-03-06T05:21:17.000Z	73	26	0.0512	0.0512	0.0105	0.0001	0.8789	0.0004	0.0
2024-03-01	061	h09v04	MOD10A1.A2024061.h09v04.061.2024066040409	terra	https://modiseuwest.blob.core.windows.net/modis-061-cogs/MOD10A1/09/04/2024061/MOD10A1.A2024061.h09v04.061.2024066040409_NDSI_Snow_Cover.tif	820620	/ah8s6edZnFvhY9P5D3RCw==	fda87cb3a79d66716f858f4fe43dd10b	1	1	-	2024-03-06T04:06:17.000Z	11	74	0.1475	0.098	0.3522	0.0007	0.3122	0.002	0.0
2024-03-01	061	h09v05	MOD10A1.A2024061.h09v05.061.2024066040650	terra	https://modiseuwest.blob.core.windows.net/modis-061-cogs/MOD10A1/09/05/2024061/MOD10A1.A2024061.h09v05.061.2024066040650_NDSI_Snow_Cover.tif	787877	8xW+ymOBiTWTtjM5yfL2dQ==	f315beca6381893593b63339c9f2f675	1	1	-	2024-03-06T04:09:10.000Z	8	17	0.8129	0.1647	0.0909	0.0004	0.0007	0.0006	0.0
2024-03-01	061	h10v02	MOD10A1.A2024061.h10v02.061.2024066043503	terra	https://modiseuwest.blob.core.windows.net/modis-061-cogs/MOD10A1/10/02/2024061/MOD10A1.A2024061.h10v02.061.2024066043503_NDSI_Snow_Cover.tif	1153854	S0QsxSzjjprrwiZ7ecyFvQ==	4b442cc52ce38e9aebc2267b79cc85bd	1	1	-	2024-03-06T04:37:05.000Z	28	13	0.1862	0.1862	0.0554	0.0003	0.2015	0.0005	0.4574
2024-03-01	061	h10v03	MOD10A1.A2024061.h10v03.061.2024066040902	terra	https://modiseuwest.blob.core.windows.net/modis-061-cogs/MOD10A1/10/03/2024061/MOD10A1.A2024061.h10v03.061.2024066040902_NDSI_Snow_Cover.tif	1070060	oTBT1rXNPcLPWeZNl8XtJA==	a13053d6b5cd3dc2cf59e64d97c5ed24	1	1	-	2024-03-06T04:11:29.000Z	21	78	0.0827	0.0795	0.3124	0.0012	0.3705	0.0021	0.0
2024-03-01	061	h10v04	MOD10A1.A2024061.h10v04.061.2024066043503	terra	https://modiseuwest.blob.core.windows.net/modis-061-cogs/MOD10A1/10/04/2024061/MOD10A1.A2024061.h10v04.061.2024066043503_NDSI_Snow_Cover.tif	710058	zJilcN1hN3DuW4W8oTKtXw==	cc98a570dd613770ee5b85bca132ad5f	1	1	-	2024-03-06T04:37:17.000Z	4	53	0.4503	0.1145	0.3559	0.0009	0.0016	0.0015	0.0
2024-03-01	061	h10v05	MOD10A1.A2024061.h10v05.061.2024066040411	terra	https://modiseuwest.blob.core.windows.net/modis-061-cogs/MOD10A1/10/05/2024061/MOD10A1.A2024061.h10v05.061.2024066040411_NDSI_Snow_Cover.tif	239590	47SBCTxN72EpQgAwl6vfFw==	e3b481093c4def612942003097abdf17	1	1	-	2024-03-06T04:06:37.000Z	0	88	0.1106	0.0326	0.7781	0.0004	0.0144	0.0009	0.0
2024-03-01	061	h11v02	MOD10A1.A2024061.h11v02.061.2024066041831	terra	https://modiseuwest.blob.core.windows.net/modis-061-cogs/MOD10A1/11/02/2024061/MOD10A1.A2024061.h11v02.061.2024066041831_NDSI_Snow_Cover.tif	2306703	QjcGbFlbcZtwZiV4sHeG+w==	4237066c595b719b70662578b07786fb	1	1	-	2024-03-06T04:25:03.000Z	46	40	0.3208	0.3206	0.1713	0.0014	0.1508	0.002	0.1168
2024-03-01	061	h11v03	MOD10A1.A2024061.h11v03.061.2024066044404	terra	https://modiseuwest.blob.core.windows.net/modis-061-cogs/MOD10A1/11/03/2024061/MOD10A1.A2024061.h11v03.061.2024066044404_NDSI_Snow_Cover.tif	2740714	IVtjZzSPCLUBi/QSLhmI8A==	215b6367348f08b5018bf4122e1988f0	1	1	-	2024-03-06T04:50:44.000Z	35	63	0.2688	0.2659	0.2717	0.0025	0.0038	0.0037	0.0
2024-03-01	061	h11v04	MOD10A1.A2024061.h11v04.061.2024066044206	terra	https://modiseuwest.blob.core.windows.net/modis-061-cogs/MOD10A1/11/04/2024061/MOD10A1.A2024061.h11v04.061.2024066044206_NDSI_Snow_Cover.tif	1224287	paEr3VQzsZ7bLRKLZIEpNA==	a5a12bdd5433b19edb2d128b64812934	1	1	-	2024-03-06T04:44:07.000Z	10	46	0.4549	0.2021	0.2712	0.001	0.0031	0.0367	0.0
2024-03-01	061	h11v05	MOD10A1.A2024061.h11v05.061.2024066041029	terra	https://modiseuwest.blob.core.windows.net/modis-061-cogs/MOD10A1/11/05/2024061/MOD10A1.A2024061.h11v05.061.2024066041029_NDSI_Snow_Cover.tif	118272	BbM0V+ZLMIzDnqIekFe07A==	05b33457e64b308cc39ea21e9057b4ec	1	1	-	2024-03-06T04:12:32.000Z	0	93	0.0408	0.0125	0.5252	0.0001	0.3949	0.0003	0.0
2024-03-01	061	h12v02	MOD10A1.A2024061.h12v02.061.2024066043557	terra	https://modiseuwest.blob.core.windows.net/modis-061-cogs/MOD10A1/12/02/2024061/MOD10A1.A2024061.h12v02.061.2024066043557_NDSI_Snow_Cover.tif	2948209	BYUTn2RD4K9d1MfBbKOV/Q==	0585139f6443e0af5dd4c7c16ca395fd	1	1	-	2024-03-06T04:42:58.000Z	47	53	0.3232	0.3232	0.1803	0.0022	0.0319	0.003	0.0
2024-03-01	061	h12v03	MOD10A1.A2024061.h12v03.061.2024066043557	terra	https://modiseuwest.blob.core.windows.net/modis-061-cogs/MOD10A1/12/03/2024061/MOD10A1.A2024061.h12v03.061.2024066043557_NDSI_Snow_Cover.tif	833751	JKFc/k9O/YWjmJhw4Kj0lQ==	24a15cfe4f4efd85a3989870e0a8f495	1	1	-	2024-03-06T04:42:54.000Z	11	89	0.0724	0.0724	0.715	0.001	0.0022	0.0019	0.0
2024-03-01	061	h12v04	MOD10A1.A2024061.h12v04.061.2024066040541	terra	https://modiseuwest.blob.core.windows.net/modis-061-cogs/MOD10A1/12/04/2024061/MOD10A1.A2024061.h12v04.061.2024066040541_NDSI_Snow_Cover.tif	1669346	oTSN7RIJxV3jdPZy8BSqPw==	a1348ded1209c55de374f672f014aa3f	1	1	-	2024-03-06T04:08:18.000Z	22	41	0.3761	0.2405	0.2008	0.001	0.1207	0.0782	0.0
2024-03-01	061	h12v05	MOD10A1.A2024061.h12v05.061.2024066040433	terra	https://modiseuwest.blob.core.windows.net/modis-061-cogs/MOD10A1/12/05/2024061/MOD10A1.A2024061.h12v05.061.2024066040433_NDSI_Snow_Cover.tif	62775	vw3zBxndmiRP9sWin+SwAg==	bf0df30719dd9a244ff6c5a29fe4b002	1	1	-	2024-03-06T04:06:39.000Z	1	1	0.0322	0.0074	0.0001	0.0001	0.959	0.0001	0.0
2024-03-01	061	h13v02	MOD10A1.A2024061.h13v02.061.2024066053320	terra	https://modiseuwest.blob.core.windows.net/modis-061-cogs/MOD10A1/13/02/2024061/MOD10A1.A2024061.h13v02.061.2024066053320_NDSI_Snow_Cover.tif	1089807	Z0tQ9hjCpSt2GK/jGhjddw==	674b50f618c2a52b7618afe31a18dd77	1	1	-	2024-03-06T05:39:55.000Z	19	81	0.0854	0.0854	0.3949	0.0017	0.1927	0.0035	0.0
2024-03-01	061	h13v03	MOD10A1.A2024061.h13v03.061.2024066053320	terra	https://modiseuwest.blob.core.windows.net/modis-061-cogs/MOD10A1/13/03/2024061/MOD10A1.A2024061.h13v03.061.2024066053320_NDSI_Snow_Cover.tif	733959	j9luD4r8kfMG0Qr7SzNCAA==	8fd96e0f8afc91f306d10afb4b334200	1	1	-	2024-03-06T05:40:08.000Z	17	83	0.0752	0.0752	0.3711	0.0005	0.3945	0.0015	0.0
2024-03-01	061	h13v04	MOD10A1.A2024061.h13v04.061.2024066040709	terra	https://modiseuwest.blob.core.windows.net/modis-061-cogs/MOD10A1/13/04/2024061/MOD10A1.A2024061.h13v04.061.2024066040709_NDSI_Snow_Cover.tif	1498592	4KDzuNnnrEoK/EBNthfPOg==	e0a0f3b8d9e7ac4a0afc404db617cf3a	1	1	-	2024-03-06T04:10:01.000Z	48	47	0.1354	0.133	0.0218	0.0012	0.6145	0.0019	0.0
2024-03-01	061	h14v02	MOD10A1.A2024061.h14v02.061.2024066045741	terra	https://modiseuwest.blob.core.windows.net/modis-061-cogs/MOD10A1/14/02/2024061/MOD10A1.A2024061.h14v02.061.2024066045741_NDSI_Snow_Cover.tif	754764	5y/ezqEqjgUE8J+U66QhIA==	e72fdecea12a8e0504f09f94eba42120	1	1	-	2024-03-06T05:04:28.000Z	22	78	0.0811	0.0811	0.2726	0.0008	0.4279	0.0022	0.0
2024-03-01	061	h14v03	MOD10A1.A2024061.h14v03.061.2024066045741	terra	https://modiseuwest.blob.core.windows.net/modis-061-cogs/MOD10A1/14/03/2024061/MOD10A1.A2024061.h14v03.061.2024066045741_NDSI_Snow_Cover.tif	724651	00wHN5mH08qT+MAKx5j2Kg==	d34c07379987d3ca93f8c00ac798f62a	1	1	-	2024-03-06T05:04:34.000Z	14	86	0.0523	0.0523	0.3664	0.0008	0.4143	0.0022	0.0
2024-03-01	061	h14v04	MOD10A1.A2024061.h14v04.061.2024066041552	terra	https://modiseuwest.blob.core.windows.net/modis-061-cogs/MOD10A1/14/04/2024061/MOD10A1.A2024061.h14v04.061.2024066041552_NDSI_Snow_Cover.tif	184359	hwhAyplaJ1vHSQ4Yvm/WlA==	870840ca995a275bc7490e18be6fd694	1	1	-	2024-03-06T04:22:33.000Z	14	86	0.0032	0.0032	0.0232	0.0003	0.9094	0.0007	0.0
2024-03-01	061	h15v02	MOD10A1.A2024061.h15v02.061.2024066040657	terra	https://modiseuwest.blob.core.windows.net/modis-061-cogs/MOD10A1/15/02/2024061/MOD10A1.A2024061.h15v02.061.2024066040657_NDSI_Snow_Cover.tif	796976	Moz8lFTz8CrudBlafL2+Sg==	328cfc9454f3f02aee74195a7cbdbe4a	1	1	-	2024-03-06T04:09:24.000Z	26	74	0.068	0.068	0.1389	0.0009	0.5883	0.002	0.0
2024-03-01	061	h15v03	MOD10A1.A2024061.h15v03.061.2024066045306	terra	https://modiseuwest.blob.core.windows.net/modis-061-cogs/MOD10A1/15/03/2024061/MOD10A1.A2024061.h15v03.061.2024066045306_NDSI_Snow_Cover.tif	34580	LeZbNnwd2CLa3Dz9QR34zg==	2de65b367c1dd822dadc3cfd411df8ce	1	1	-	2024-03-06T04:59:47.000Z	1	97	0.0	0.0	0.0001	0.0	0.9989	0.0	0.0
2024-03-01	061	h15v05	MOD10A1.A2024061.h15v05.061.2024066040802	terra	https://modiseuwest.blob.core.windows.net/modis-061-cogs/MOD10A1/15/05/2024061/MOD10A1.A2024061.h15v05.061.2024066040802_NDSI_Snow_Cover.tif	36819	RgmI6VcLIB+TTHleNUfJSQ==	460988e9570b201f934c795e3547c949	1	1	-	2024-03-06T04:10:52.000Z	0	78	0.0001	0.0	0.0007	0.0	0.9969	0.0	0.0
2024-03-01	061	h16v02	MOD10A1.A2024061.h16v02.061.2024066044034	terra	https://modiseuwest.blob.core.windows.net/modis-061-cogs/MOD10A1/16/02/2024061/MOD10A1.A2024061.h16v02.061.2024066044034_NDSI_Snow_Cover.tif	770306	eyavqjfpNm5XGmpGQ2fKWQ==	7b26afaa37e9366e571a6a464367ca59	1	1	-	2024-03-06T04:47:23.000Z	38	62	0.1318	0.1318	0.1672	0.0005	0.595	0.001	0.0
2024-03-01	061	h16v05	MOD10A1.A2024061.h16v05.061.2024066051857	terra	https://modiseuwest.blob.core.windows.net/modis-061-cogs/MOD10A1/16/05/2024061/MOD10A1.A2024061.h16v05.061.2024066051857_NDSI_Snow_Cover.tif	34160	43cbYtwsOoT5UhNwC7FZRQ==	e3771b62dc2c3a84f95213700bb15945	1	1	-	2024-03-06T05:25:49.000Z	0	74	0.0001	0.0001	0.0001	0.0	0.9984	0.0	0.0
2024-03-01	061	h17v02	MOD10A1.A2024061.h17v02.061.2024066044404	terra	https://modiseuwest.blob.core.windows.net/modis-061-cogs/MOD10A1/17/02/2024061/MOD10A1.A2024061.h17v02.061.2024066044404_NDSI_Snow_Cover.tif	326177	Be8Kl0lONADTPcq8Ypy8Kw==	05ef0a97494e3400d33dcabc629cbc2b	1	1	-	2024-03-06T04:50:49.000Z	38	60	0.031	0.0306	0.0228	0.0003	0.885	0.0006	0.0
2024-03-01	061	h17v03	MOD10A1.A2024061.h17v03.061.2024066043504	terra	https://modiseuwest.blob.core.windows.net/modis-061-cogs/MOD10A1/17/03/2024061/MOD10A1.A2024061.h17v03.061.2024066043504_NDSI_Snow_Cover.tif	313418	ZVw40raDnL9ri+mIMZeqAQ==	655c38d2b6839cbf6b8be9883197aa01	1	1	-	2024-03-06T04:37:14.000Z	5	77	0.0447	0.0311	0.13	0.0004	0.7358	0.0008	0.0
2024-03-01	061	h17v04	MOD10A1.A2024061.h17v04.061.2024066051145	terra	https://modiseuwest.blob.core.windows.net/modis-061-cogs/MOD10A1/17/04/2024061/MOD10A1.A2024061.h17v04.061.2024066051145_NDSI_Snow_Cover.tif	239167	RbP29U9+2LW6JBjAjVd0Zw==	45b3f6f54f7ed8b5ba2418c08d577467	1	1	-	2024-03-06T05:18:35.000Z	1	76	0.0696	0.0303	0.1669	0.0003	0.6795	0.0005	0.0
2024-03-01	061	h17v05	MOD10A1.A2024061.h17v05.061.2024066043432	terra	https://modiseuwest.blob.core.windows.net/modis-061-cogs/MOD10A1/17/05/2024061/MOD10A1.A2024061.h17v05.061.2024066043432_NDSI_Snow_Cover.tif	430634	0ZnWW+rNnDGMX/mJu0oDYA==	d199d65beacd9c318c5ff989bb4a0360	1	1	-	2024-03-06T04:41:14.000Z	0	33	0.3875	0.1141	0.0753	0.0008	0.3926	0.001	0.0
2024-03-01	061	h18v02	MOD10A1.A2024061.h18v02.061.2024066052359	terra	https://modiseuwest.blob.core.windows.net/modis-061-cogs/MOD10A1/18/02/2024061/MOD10A1.A2024061.h18v02.061.2024066052359_NDSI_Snow_Cover.tif	436181	c+v7hvzFdxtnuJ59r3UjCQ==	73ebfb86fcc5771b67b89e7daf752309	1	1	-	2024-03-06T05:30:34.000Z	7	93	0.0176	0.0176	0.3379	0.0007	0.4943	0.0014	0.0
2024-03-01	061	h18v03	MOD10A1.A2024061.h18v03.061.2024066050832	terra	https://modiseuwest.blob.core.windows.net/modis-061-cogs/MOD10A1/18/03/2024061/MOD10A1.A2024061.h18v03.061.2024066050832_NDSI_Snow_Cover.tif	368908	ftlQxozFWgeQif4HT93aNQ==	7ed950c68cc55a079089fe074fddda35	1	1	-	2024-03-06T05:15:06.000Z	1	82	0.086	0.0427	0.3277	0.0005	0.4437	0.0011	0.0
2024-03-01	061	h18v04	MOD10A1.A2024061.h18v04.061.2024066050832	terra	https://modiseuwest.blob.core.windows.net/modis-061-cogs/MOD10A1/18/04/2024061/MOD10A1.A2024061.h18v04.061.2024066050832_NDSI_Snow_Cover.tif	362350	xzoFy1698GpHGkolaOvqYA==	c73a05cb5ebdf06a471a4a2568ebea60	1	1	-	2024-03-06T05:15:02.000Z	1	81	0.1299	0.0562	0.4898	0.0005	0.261	0.0011	0.0
2024-03-01	061	h18v05	MOD10A1.A2024061.h18v05.061.2024066044353	terra	https://modiseuwest.blob.core.windows.net/modis-061-cogs/MOD10A1/18/05/2024061/MOD10A1.A2024061.h18v05.061.2024066044353_NDSI_Snow_Cover.tif	292132	7pk8cblM+L3eBGkCnYMPfg==	ee993c71b94cf8bdde0469029d830f7e	1	1	-	2024-03-06T04:45:55.000Z	0	15	0.5412	0.0631	0.0279	0.0004	0.3378	0.0008	0.0
2024-03-01	061	h19v02	MOD10A1.A2024061.h19v02.061.2024066053052	terra	https://modiseuwest.blob.core.windows.net/modis-061-cogs/MOD10A1/19/02/2024061/MOD10A1.A2024061.h19v02.061.2024066053052_NDSI_Snow_Cover.tif	172920	VD0daIHL+nYCrlydxtD3EA==	543d1d6881cbfa7602ae5c9dc6d0f710	1	1	-	2024-03-06T05:37:45.000Z	1	99	0.006	0.006	0.7289	0.0001	0.2166	0.0002	0.0
2024-03-01	061	h19v03	MOD10A1.A2024061.h19v03.061.2024066043435	terra	https://modiseuwest.blob.core.windows.net/modis-061-cogs/MOD10A1/19/03/2024061/MOD10A1.A2024061.h19v03.061.2024066043435_NDSI_Snow_Cover.tif	308371	S+cVYqQybGN3Xe8YyQY8Gg==	4be71562a4326c63775def18c9063c1a	1	1	-	2024-03-06T04:41:40.000Z	1	88	0.1006	0.0501	0.6899	0.0004	0.1152	0.0008	0.0
2024-03-01	061	h19v04	MOD10A1.A2024061.h19v04.061.2024066050936	terra	https://modiseuwest.blob.core.windows.net/modis-061-cogs/MOD10A1/19/04/2024061/MOD10A1.A2024061.h19v04.061.2024066050936_NDSI_Snow_Cover.tif	235956	sttaojLD7gKFFOJ9NvE9zA==	b2db5aa232c3ee028514e27d36f13dcc	1	1	-	2024-03-06T05:16:37.000Z	0	94	0.0448	0.0256	0.7465	0.0005	0.1112	0.0007	0.0
2024-03-01	061	h19v05	MOD10A1.A2024061.h19v05.061.2024066052358	terra	https://modiseuwest.blob.core.windows.net/modis-061-cogs/MOD10A1/19/05/2024061/MOD10A1.A2024061.h19v05.061.2024066052358_NDSI_Snow_Cover.tif	146334	WTuDhdzGpaFlccPI70yCYA==	593b8385dcc6a5a16571c3c8ef4c8260	1	1	-	2024-03-06T05:30:39.000Z	0	33	0.1921	0.0173	0.076	0.0001	0.6838	0.0001	0.0
2024-03-01	061	h20v02	MOD10A1.A2024061.h20v02.061.2024066055158	terra	https://modiseuwest.blob.core.windows.net/modis-061-cogs/MOD10A1/20/02/2024061/MOD10A1.A2024061.h20v02.061.2024066055158_NDSI_Snow_Cover.tif	721612	ObPboD0HrpYVmDZR757sbw==	39b3dba03d07ae9615983651ef9eec6f	1	1	-	2024-03-06T05:54:04.000Z	12	88	0.1003	0.1003	0.7377	0.0005	0.0545	0.0009	0.0
2024-03-01	061	h20v03	MOD10A1.A2024061.h20v03.061.2024066052408	terra	https://modiseuwest.blob.core.windows.net/modis-061-cogs/MOD10A1/20/03/2024061/MOD10A1.A2024061.h20v03.061.2024066052408_NDSI_Snow_Cover.tif	1062311	eNGRJakuRfkLVexne8bCjw==	78d19125a92e45f90b55ec677bc6c28f	1	1	-	2024-03-06T05:30:55.000Z	15	83	0.1516	0.1452	0.7037	0.0006	0.0013	0.0012	0.0
2024-03-01	061	h20v04	MOD10A1.A2024061.h20v04.061.2024066051343	terra	https://modiseuwest.blob.core.windows.net/modis-061-cogs/MOD10A1/20/04/2024061/MOD10A1.A2024061.h20v04.061.2024066051343_NDSI_Snow_Cover.tif	400890	tNEdedtOHE/+JpnQEnBRVg==	b4d11d79db4e1c4ffe2699d012705156	1	1	-	2024-03-06T05:15:40.000Z	5	87	0.0668	0.046	0.465	0.0003	0.3565	0.0008	0.0
2024-03-01	061	h20v05	MOD10A1.A2024061.h20v05.061.2024066050219	terra	https://modiseuwest.blob.core.windows.net/modis-061-cogs/MOD10A1/20/05/2024061/MOD10A1.A2024061.h20v05.061.2024066050219_NDSI_Snow_Cover.tif	281658	TBhD7WYLmGzu7jYKGarR1A==	4c1843ed660b986ceeee360a19aad1d4	1	1	-	2024-03-06T05:04:17.000Z	1	66	0.1582	0.0392	0.2492	0.0003	0.4819	0.0007	0.0
2024-03-01	061	h21v02	MOD10A1.A2024061.h21v02.061.2024066063729	terra	https://modiseuwest.blob.core.windows.net/modis-061-cogs/MOD10A1/21/02/2024061/MOD10A1.A2024061.h21v02.061.2024066063729_NDSI_Snow_Cover.tif	2069146	hshHaZXwVJ4rfeF3MTtlzg==	86c8476995f0549e2b7de177313b65ce	1	1	-	2024-03-06T06:39:39.000Z	36	64	0.3096	0.3096	0.4756	0.0009	0.0021	0.0019	0.0
2024-03-01	061	h21v03	MOD10A1.A2024061.h21v03.061.2024066063727	terra	https://modiseuwest.blob.core.windows.net/modis-061-cogs/MOD10A1/21/03/2024061/MOD10A1.A2024061.h21v03.061.2024066063727_NDSI_Snow_Cover.tif	1599247	fI6e71AnqlcyGi76Efjbjg==	7c8e9eef5027aa57321a2efa11f8db8e	1	1	-	2024-03-06T06:39:36.000Z	32	68	0.2749	0.2749	0.4998	0.001	0.002	0.0017	0.0
2024-03-01	061	h21v04	MOD10A1.A2024061.h21v04.061.2024066063335	terra	https://modiseuwest.blob.core.windows.net/modis-061-cogs/MOD10A1/21/04/2024061/MOD10A1.A2024061.h21v04.061.2024066063335_NDSI_Snow_Cover.tif	1533875	bxXx+6jNgGu6L2IzpCn63w==	6f15f1fba8cd806bba2f6233a429fadf	1	1	-	2024-03-06T06:35:46.000Z	22	32	0.4786	0.3057	0.1593	0.0012	0.0189	0.1175	0.0
2024-03-01	061	h21v05	MOD10A1.A2024061.h21v05.061.2024066064722	terra	https://modiseuwest.blob.core.windows.net/modis-061-cogs/MOD10A1/21/05/2024061/MOD10A1.A2024061.h21v05.061.2024066064722_NDSI_Snow_Cover.tif	980786	mnJ0/C3VlSMY5H7W8+4CJQ==	9a7274fc2dd5952318e47ed6f3ee0225	1	1	-	2024-03-06T06:53:54.000Z	6	40	0.5271	0.1776	0.1971	0.001	0.0026	0.0181	0.0
2024-03-01	061	h22v02	MOD10A1.A2024061.h22v02.061.2024066060809	terra	https://modiseuwest.blob.core.windows.net/modis-061-cogs/MOD10A1/22/02/2024061/MOD10A1.A2024061.h22v02.061.2024066060809_NDSI_Snow_Cover.tif	3811826	IHcNvgE3kaurnI19vgYTvg==	20770dbe013791abab9c8d7dbe0613be	1	1	-	2024-03-06T06:10:32.000Z	67	33	0.5651	0.5651	0.0532	0.0017	0.0029	0.0025	0.0
2024-03-01	061	h22v03	MOD10A1.A2024061.h22v03.061.2024066063547	terra	https://modiseuwest.blob.core.windows.net/modis-061-cogs/MOD10A1/22/03/2024061/MOD10A1.A2024061.h22v03.061.2024066063547_NDSI_Snow_Cover.tif	851089	/QF8ZHzGNi60H6H01sxtlg==	fd017c647cc6362eb41fa1f4d6cc6d96	1	1	-	2024-03-06T06:37:55.000Z	16	84	0.1276	0.1276	0.6617	0.0008	0.002	0.0018	0.0
2024-03-01	061	h22v04	MOD10A1.A2024061.h22v04.061.2024066065528	terra	https://modiseuwest.blob.core.windows.net/modis-061-cogs/MOD10A1/22/04/2024061/MOD10A1.A2024061.h22v04.061.2024066065528_NDSI_Snow_Cover.tif	1237951	FAKN4AbYaMlzsezh/bYSCg==	14028de006d868c973b1ece1fdb6120a	1	1	-	2024-03-06T07:02:06.000Z	22	42	0.5388	0.2765	0.2829	0.0008	0.0014	0.0109	0.0
2024-03-01	061	h22v05	MOD10A1.A2024061.h22v05.061.2024066063433	terra	https://modiseuwest.blob.core.windows.net/modis-061-cogs/MOD10A1/22/05/2024061/MOD10A1.A2024061.h22v05.061.2024066063433_NDSI_Snow_Cover.tif	1208245	pV7k0uHjV/TOw76McPY8tw==	a55ee4d2e1e357f4cec3be8c70f63cb7	1	1	-	2024-03-06T06:36:40.000Z	12	40	0.5224	0.2178	0.2574	0.0007	0.0034	0.0337	0.0
2024-03-01	061	h23v02	MOD10A1.A2024061.h23v02.061.2024066060242	terra	https://modiseuwest.blob.core.windows.net/modis-061-cogs/MOD10A1/23/02/2024061/MOD10A1.A2024061.h23v02.061.2024066060242_NDSI_Snow_Cover.tif	3704602	et1C5c1yRLQhiNjDdBxSsg==	7add42e5cd7244b42188d8c3741c52b2	1	1	-	2024-03-06T06:12:49.000Z	70	30	0.6024	0.6024	0.0654	0.0012	0.0142	0.0021	0.0
2024-03-01	061	h23v03	MOD10A1.A2024061.h23v03.061.2024066055942	terra	https://modiseuwest.blob.core.windows.net/modis-061-cogs/MOD10A1/23/03/2024061/MOD10A1.A2024061.h23v03.061.2024066055942_NDSI_Snow_Cover.tif	1047976	yI5c7iOW+h3eqfXss5qXTQ==	c88e5cee2396fa1ddea9f5ecb39a974d	1	1	-	2024-03-06T06:02:16.000Z	14	86	0.1012	0.1012	0.6349	0.0014	0.0027	0.0024	0.0
2024-03-01	061	h23v04	MOD10A1.A2024061.h23v04.061.2024066061017	terra	https://modiseuwest.blob.core.windows.net/modis-061-cogs/MOD10A1/23/04/2024061/MOD10A1.A2024061.h23v04.061.2024066061017_NDSI_Snow_Cover.tif	2470811	VsZDi9I17xjK5sWXpy8tGQ==	56c6438bd235ef18cae6c597a72f2d19	1	1	-	2024-03-06T06:12:25.000Z	49	43	0.5014	0.4712	0.2554	0.0012	0.0018	0.0027	0.0
2024-03-01	061	h23v05	MOD10A1.A2024061.h23v05.061.2024066054041	terra	https://modiseuwest.blob.core.windows.net/modis-061-cogs/MOD10A1/23/05/2024061/MOD10A1.A2024061.h23v05.061.2024066054041_NDSI_Snow_Cover.tif	235347	lWw8NuBrOCHK8WDzhCHfOg==	956c3c36e06b3821caf160f38421df3a	1	1	-	2024-03-06T05:43:01.000Z	1	93	0.0622	0.022	0.8472	0.0003	0.0008	0.0007	0.0
2024-03-01	061	h24v02	MOD10A1.A2024061.h24v02.061.2024066060601	terra	https://modiseuwest.blob.core.windows.net/modis-061-cogs/MOD10A1/24/02/2024061/MOD10A1.A2024061.h24v02.061.2024066060601_NDSI_Snow_Cover.tif	1680667	16FjDkyqCi8fDQcXdockqw==	d7a1630e4caa0a2f1f0d0717768724ab	1	1	-	2024-03-06T06:08:14.000Z	24	64	0.1538	0.1537	0.3798	0.0018	0.0119	0.0027	0.1166
2024-03-01	061	h24v03	MOD10A1.A2024061.h24v03.061.2024066065528	terra	https://modiseuwest.blob.core.windows.net/modis-061-cogs/MOD10A1/24/03/2024061/MOD10A1.A2024061.h24v03.061.2024066065528_NDSI_Snow_Cover.tif	2630650	t+nbDdTTxErK0D/Q41pDhg==	b7e9db0dd4d3c44acad03fd0e35a4386	1	1	-	2024-03-06T07:02:09.000Z	32	68	0.1956	0.1955	0.2085	0.0036	0.006	0.0053	0.0
2024-03-01	061	h24v04	MOD10A1.A2024061.h24v04.061.2024066072210	terra	https://modiseuwest.blob.core.windows.net/modis-061-cogs/MOD10A1/24/04/2024061/MOD10A1.A2024061.h24v04.061.2024066072210_NDSI_Snow_Cover.tif	2120167	fMoxqD1sv4CYVyAi2TX9Mw==	7cca31a83d6cbf8098572022d935fd33	1	1	-	2024-03-06T07:28:57.000Z	29	36	0.5563	0.2939	0.0902	0.0016	0.0019	0.0021	0.0
2024-03-01	061	h24v05	MOD10A1.A2024061.h24v05.061.2024066054016	terra	https://modiseuwest.blob.core.windows.net/modis-061-cogs/MOD10A1/24/05/2024061/MOD10A1.A2024061.h24v05.061.2024066054016_NDSI_Snow_Cover.tif	710830	A7fBkcVnCWOXYFJcnVEqpQ==	03b7c191c56709639760525c9d512aa5	1	1	-	2024-03-06T05:42:21.000Z	5	67	0.3154	0.1254	0.5274	0.0007	0.0011	0.001	0.0
2024-03-01	061	h25v02	MOD10A1.A2024061.h25v02.061.2024066071848	terra	https://modiseuwest.blob.core.windows.net/modis-061-cogs/MOD10A1/25/02/2024061/MOD10A1.A2024061.h25v02.061.2024066071848_NDSI_Snow_Cover.tif	200611	+JjLkqGKFkZ+MbgV+/7p7w==	f898cb92a18a16467e31b815fbfee9ef	1	1	-	2024-03-06T07:25:32.000Z	2	49	0.0058	0.0058	0.3931	0.0003	0.0645	0.0007	0.4571
2024-03-01	061	h25v03	MOD10A1.A2024061.h25v03.061.2024066060353	terra	https://modiseuwest.blob.core.windows.net/modis-061-cogs/MOD10A1/25/03/2024061/MOD10A1.A2024061.h25v03.061.2024066060353_NDSI_Snow_Cover.tif	1510529	iVoGppPwi/7GKE7Zk3ZzXQ==	895a06a693f08bfec6284ed99376735d	1	1	-	2024-03-06T06:06:10.000Z	22	75	0.1322	0.1311	0.2667	0.0023	0.2153	0.0042	0.0
2024-03-01	061	h25v04	MOD10A1.A2024061.h25v04.061.2024066055546	terra	https://modiseuwest.blob.core.windows.net/modis-061-cogs/MOD10A1/25/04/2024061/MOD10A1.A2024061.h25v04.061.2024066055546_NDSI_Snow_Cover.tif	1318698	Q1zH1TH9p+YzsdRAh3oLMg==	435cc7d531fda7e633b1d440877a0b32	1	1	-	2024-03-06T06:02:27.000Z	16	50	0.434	0.181	0.2683	0.0016	0.0022	0.0023	0.0
2024-03-01	061	h25v05	MOD10A1.A2024061.h25v05.061.2024066065529	terra	https://modiseuwest.blob.core.windows.net/modis-061-cogs/MOD10A1/25/05/2024061/MOD10A1.A2024061.h25v05.061.2024066065529_NDSI_Snow_Cover.tif	1266426	Ka1W28ULXc07Jz/EkLfVYw==	29ad56dbc50b5dcd3b273fc490b7d563	1	1	-	2024-03-06T07:02:16.000Z	11	37	0.5871	0.2424	0.1583	0.0014	0.0019	0.0018	0.0007
2024-03-01	061	h26v02	MOD10A1.A2024061.h26v02.061.2024066060054	terra	https://modiseuwest.blob.core.windows.net/modis-061-cogs/MOD10A1/26/02/2024061/MOD10A1.A2024061.h26v02.061.2024066060054_NDSI_Snow_Cover.tif	97343	Wr5jz31GvsMkh4XUorGJHw==	5abe63cf7d46bec3248785d4a2b1891f	1	1	-	2024-03-06T06:03:43.000Z	0	9	0.0005	0.0005	0.0512	0.0001	0.0999	0.0004	0.8126
2024-03-01	061	h26v03	MOD10A1.A2024061.h26v03.061.2024066055958	terra	https://modiseuwest.blob.core.windows.net/modis-061-cogs/MOD10A1/26/03/2024061/MOD10A1.A2024061.h26v03.061.2024066055958_NDSI_Snow_Cover.tif	1138438	4GnABIrwKBGbEa8SQMFe+A==	e069c0048af028119b11af1240c15ef8	1	1	-	2024-03-06T06:02:40.000Z	34	65	0.0986	0.0986	0.1251	0.0011	0.569	0.0018	0.0012
2024-03-01	061	h26v04	MOD10A1.A2024061.h26v04.061.2024066061522	terra	https://modiseuwest.blob.core.windows.net/modis-061-cogs/MOD10A1/26/04/2024061/MOD10A1.A2024061.h26v04.061.2024066061522_NDSI_Snow_Cover.tif	1260241	97zkHLQsy3dxtAgJPZqyZg==	f7bce41cb42ccb7771b408093d9ab266	1	1	-	2024-03-06T06:21:57.000Z	12	66	0.2899	0.1562	0.3691	0.0017	0.0036	0.0034	0.0
2024-03-01	061	h26v05	MOD10A1.A2024061.h26v05.061.2024066061523	terra	https://modiseuwest.blob.core.windows.net/modis-061-cogs/MOD10A1/26/05/2024061/MOD10A1.A2024061.h26v05.061.2024066061523_NDSI_Snow_Cover.tif	1926786	dLZxmasgupAfNPRmpgmG4w==	74b67199ab20ba901f34f466a60986e3	1	1	-	2024-03-06T06:21:59.000Z	21	44	0.5172	0.3349	0.2168	0.0014	0.002	0.0018	0.0
2024-03-01	061	h27v03	MOD10A1.A2024061.h27v03.061.2024066065529	terra	https://modiseuwest.blob.core.windows.net/modis-061-cogs/MOD10A1/27/03/2024061/MOD10A1.A2024061.h27v03.061.2024066065529_NDSI_Snow_Cover.tif	144531	oWX28Tl8r/GOGeTg++nWEA==	a165f6f1397caff18e19e4e0fbe9d610	1	1	-	2024-03-06T07:02:05.000Z	4	27	0.01	0.01	0.0771	0.0001	0.6746	0.0002	0.2107
2024-03-01	061	h27v04	MOD10A1.A2024061.h27v04.061.2024066060919	terra	https://modiseuwest.blob.core.windows.net/modis-061-cogs/MOD10A1/27/04/2024061/MOD10A1.A2024061.h27v04.061.2024066060919_NDSI_Snow_Cover.tif	764696	KzlAC/2V4bYqyOkbfRQVpA==	2b39400bfd95e1b62ac8e91b7d1415a4	1	1	-	2024-03-06T06:11:24.000Z	10	77	0.108	0.0816	0.2506	0.0013	0.401	0.0028	0.0
2024-03-01	061	h27v05	MOD10A1.A2024061.h27v05.061.2024066061523	terra	https://modiseuwest.blob.core.windows.net/modis-061-cogs/MOD10A1/27/05/2024061/MOD10A1.A2024061.h27v05.061.2024066061523_NDSI_Snow_Cover.tif	432164	1RbYj0q4uf7rxGruWOAeuw==	d516d88f4ab8b9feebc46aee58e01ebb	1	1	-	2024-03-06T06:22:11.000Z	2	73	0.197	0.0759	0.4922	0.0007	0.1973	0.0012	0.0
2024-03-01	061	h28v03	MOD10A1.A2024061.h28v03.061.2024066055545	terra	https://modiseuwest.blob.core.windows.net/modis-061-cogs/MOD10A1/28/03/2024061/MOD10A1.A2024061.h28v03.061.2024066055545_NDSI_Snow_Cover.tif	43975	jayioZ3Thu/oivjjIu9+0Q==	8daca2a19dd386efe88af8e322ef7ed1	1	1	-	2024-03-06T06:02:32.000Z	0	0	0.0	0.0	0.0	0.0	0.4335	0.0001	0.5635
2024-03-01	061	h28v04	MOD10A1.A2024061.h28v04.061.2024066061240	terra	https://modiseuwest.blob.core.windows.net/modis-061-cogs/MOD10A1/28/04/2024061/MOD10A1.A2024061.h28v04.061.2024066061240_NDSI_Snow_Cover.tif	86058	W4FaW/HyhgyhN49mOVtUnQ==	5b815a5bf1f2860ca1378f66395b549d	1	1	-	2024-03-06T06:15:13.000Z	2	98	0.0006	0.0006	0.0648	0.0001	0.9068	0.0001	0.0
2024-03-01	061	h28v05	MOD10A1.A2024061.h28v05.061.2024066071144	terra	https://modiseuwest.blob.core.windows.net/modis-061-cogs/MOD10A1/28/05/2024061/MOD10A1.A2024061.h28v05.061.2024066071144_NDSI_Snow_Cover.tif	341937	r1wVjGVwicFZIRun7SOgHA==	af5c158c657089c159211ba7ed23a01c	1	1	-	2024-03-06T07:13:41.000Z	4	63	0.0893	0.0504	0.121	0.0003	0.6997	0.001	0.0
2024-03-01	061	h29v03	MOD10A1.A2024061.h29v03.061.2024066061524	terra	https://modiseuwest.blob.core.windows.net/modis-061-cogs/MOD10A1/29/03/2024061/MOD10A1.A2024061.h29v03.061.2024066061524_NDSI_Snow_Cover.tif	37375	VDgJrvO57hFIke8Eaqv/Iw==	543809aef3b9ee114891ef046aabff23	1	1	-	2024-03-06T06:21:52.000Z	0	0	0.0	0.0	0.0	0.0	0.0684	0.0	0.9299
2024-03-01	061	h29v05	MOD10A1.A2024061.h29v05.061.2024066060609	terra	https://modiseuwest.blob.core.windows.net/modis-061-cogs/MOD10A1/29/05/2024061/MOD10A1.A2024061.h29v05.061.2024066060609_NDSI_Snow_Cover.tif	257346	O4r3rT3w9cn5A19+38n92g==	3b8af7ad3df0f5c9f9035f7edfc9fdda	1	1	-	2024-03-06T06:08:18.000Z	7	70	0.0379	0.0253	0.0506	0.0003	0.8278	0.0009	0.0
2024-03-01	061	h30v05	MOD10A1.A2024061.h30v05.061.2024066065615	terra	https://modiseuwest.blob.core.windows.net/modis-061-cogs/MOD10A1/30/05/2024061/MOD10A1.A2024061.h30v05.061.2024066065615_NDSI_Snow_Cover.tif	32456	2FsIh/SJY9oj697ZRAWghg==	d85b0887f48963da23ebded94405a086	1	1	-	2024-03-06T07:02:42.000Z	0	0	0.0	0.0	0.0	0.0	1.0	0.0	0.0
2024-03-15	075	h06v03	MOD10A1.A2024075.h06v03.061.2024077064142	terra	https://modiseuwest.blob.core.windows.net/modis-061-cogs/MOD10A1/06/03/2024075/MOD10A1.A2024075.h06v03.061.2024077064142_NDSI_Snow_Cover.tif	36704	HNP8ZlQH88nzOlb+BR03sw==	1cd3fc665407f3c9f33a56fe051d37b3	1	1	-	2024-03-17T06:43:41.000Z	0	0	0.0	0.0	0.0	0.0	0.069	0.0	0.93
2024-03-15	075	h07v03	MOD10A1.A2024075.h07v03.061.2024077060621	terra	https://modiseuwest.blob.core.windows.net/modis-061-cogs/MOD10A1/07/03/2024075/MOD10A1.A2024075.h07v03.061.2024077060621_NDSI_Snow_Cover.tif	49861	z8Pa6kXGQJNFNEGSPkw/Gg==	cfc3daea45c64093453441923e4c3f1a	1	1	-	2024-03-17T06:09:33.000Z	0	1	0.0	0.0	0.0008	0.0	0.4266	0.0001	0.5638
2024-03-15	075	h07v05	MOD10A1.A2024075.h07v05.061.2024077060126	terra	https://modiseuwest.blob.core.windows.net/modis-061-cogs/MOD10A1/07/05/2024075/MOD10A1.A2024075.h07v05.061.2024077060126_NDSI_Snow_Cover.tif	32937	ULHvy95ax4UlHwMqC4mtWQ==	50b1efcbde5ac785251f032a0b89ad59	1	1	-	2024-03-17T06:11:42.000Z	0	0	0.0004	0.0001	0.0	0.0	0.9991	0.0	0.0
2024-03-15	075	h08v03	MOD10A1.A2024075.h08v03.061.2024077055820	terra	https://modiseuwest.blob.core.windows.net/modis-061-cogs/MOD10A1/08/03/2024075/MOD10A1.A2024075.h08v03.061.2024077055820_NDSI_Snow_Cover.tif	74586	xotuHsy5xlZc5SgleGmS/A==	c68b6e1eccb9c6565ce52825786992fc	1	1	-	2024-03-17T06:00:46.000Z	1	6	0.0002	0.0002	0.004	0.0001	0.795	0.0003	0.1807
2024-03-15	075	h08v04	MOD10A1.A2024075.h08v04.061.2024077060619	terra	https://modiseuwest.blob.core.windows.net/modis-061-cogs/MOD10A1/08/04/2024075/MOD10A1.A2024075.h08v04.061.2024077060619_NDSI_Snow_Cover.tif	214748	KGdokoS6zugVQtGh5+QHaw==	2867689284bacee81542d1a1e7e4076b	1	1	-	2024-03-17T06:10:20.000Z	22	8	0.0843	0.0409	0.0001	0.0	0.902	0.0	0.0
2024-03-15	075	h08v05	MOD10A1.A2024075.h08v05.061.2024077062046	terra	https://modiseuwest.blob.core.windows.net/modis-061-cogs/MOD10A1/08/05/2024075/MOD10A1.A2024075.h08v05.061.2024077062046_NDSI_Snow_Cover.tif	656621	/QcVagV+H77LJr01k92gKQ==	fd07156a057e1fbecb26bd3593dda029	1	1	-	2024-03-17T06:23:09.000Z	3	56	0.3251	0.1017	0.2315	0.0008	0.2043	0.0023	0.0
2024-03-15	075	h09v02	MOD10A1.A2024075.h09v02.061.2024077060348	terra	https://modiseuwest.blob.core.windows.net/modis-061-cogs/MOD10A1/09/02/2024075/MOD10A1.A2024075.h09v02.061.2024077060348_NDSI_Snow_Cover.tif	82667	nWif2Exapy3kfyx95rvAnA==	9d689fd84c5aa72de47f2c7de6bbc09c	1	1	-	2024-03-17T06:05:47.000Z	1	1	0.0045	0.0045	0.0014	0.0	0.1692	0.0001	0.8129
2024-03-15	075	h09v03	MOD10A1.A2024075.h09v03.061.2024077060140	terra	https://modiseuwest.blob.core.windows.net/modis-061-cogs/MOD10A1/09/03/2024075/MOD10A1.A2024075.h09v03.061.2024077060140_NDSI_Snow_Cover.tif	322019	SAopQXi/2MuqzTW15t6aZw==	480a294178bfd8cbaacd35b5e6de9a67	1	1	-	2024-03-17T06:11:53.000Z	50	45	0.039	0.0384	0.0147	0.0003	0.8854	0.0007	0.0
2024-03-15	075	h09v04	MOD10A1.A2024075.h09v04.061.2024077060142	terra	https://modiseuwest.blob.core.windows.net/modis-061-cogs/MOD10A1/09/04/2024075/MOD10A1.A2024075.h09v04.061.2024077060142_NDSI_Snow_Cover.tif	1830845	Rr0qOkQEnfN//cadR24sMA==	46bd2a3a44049df37ffdc69d476e2c30	1	1	-	2024-03-17T06:12:39.000Z	38	9	0.5931	0.367	0.008	0.0003	0.3046	0.0012	0.0
2024-03-15	075	h09v05	MOD10A1.A2024075.h09v05.061.2024077055929	terra	https://modiseuwest.blob.core.windows.net/modis-061-cogs/MOD10A1/09/05/2024075/MOD10A1.A2024075.h09v05.061.2024077055929_NDSI_Snow_Cover.tif	392125	Mo1chhqPwDHX8jA2USk1gw==	328d5c861a8fc031d7f2303651293583	1	1	-	2024-03-17T06:02:03.000Z	2	91	0.0765	0.0419	0.765	0.0008	0.0013	0.0013	0.0
2024-03-15	075	h10v02	MOD10A1.A2024075.h10v02.061.2024077060141	terra	https://modiseuwest.blob.core.windows.net/modis-061-cogs/MOD10A1/10/02/2024075/MOD10A1.A2024075.h10v02.061.2024077060141_NDSI_Snow_Cover.tif	1136111	4YHtpRx7uNEtMR2BWiRH2w==	e181eda51c7bb8d12d311d815a2447db	1	1	-	2024-03-17T06:12:59.000Z	27	13	0.1805	0.1805	0.0403	0.0006	0.1996	0.001	0.4575
2024-03-15	075	h10v03	MOD10A1.A2024075.h10v03.061.2024077060642	terra	https://modiseuwest.blob.core.windows.net/modis-061-cogs/MOD10A1/10/03/2024075/MOD10A1.A2024075.h10v03.061.2024077060642_NDSI_Snow_Cover.tif	1102789	S6XzdPypE2HRttKJwu8LGA==	4ba5f374fca91361d1b6d289c2ef0b18	1	1	-	2024-03-17T06:15:27.000Z	20	75	0.1133	0.0995	0.2614	0.0008	0.3838	0.0019	0.0
2024-03-15	075	h10v04	MOD10A1.A2024075.h10v04.061.2024077060134	terra	https://modiseuwest.blob.core.windows.net/modis-061-cogs/MOD10A1/10/04/2024075/MOD10A1.A2024075.h10v04.061.2024077060134_NDSI_Snow_Cover.tif	1433480	+qG/cf63NGZNSyX3TQYmFA==	faa1bf71feb734664d4b25f74d062614	1	1	-	2024-03-17T06:04:12.000Z	17	20	0.7821	0.2791	0.0927	0.0006	0.0007	0.0008	0.0
2024-03-15	075	h10v05	MOD10A1.A2024075.h10v05.061.2024077060124	terra	https://modiseuwest.blob.core.windows.net/modis-061-cogs/MOD10A1/10/05/2024075/MOD10A1.A2024075.h10v05.061.2024077060124_NDSI_Snow_Cover.tif	267282	sKSZgyKXgV7lXgqbWVRffw==	b0a499832297815ee55e0a9b59545f7f	1	1	-	2024-03-17T06:03:49.000Z	0	75	0.2399	0.0459	0.6389	0.0004	0.0132	0.0009	0.0
2024-03-15	075	h11v02	MOD10A1.A2024075.h11v02.061.2024077060715	terra	https://modiseuwest.blob.core.windows.net/modis-061-cogs/MOD10A1/11/02/2024075/MOD10A1.A2024075.h11v02.061.2024077060715_NDSI_Snow_Cover.tif	2106819	Pn3iquiZhVB3rc/p/2zh/Q==	3e7de2aae899855077adcfe9ff6ce1fd	1	1	-	2024-03-17T06:09:35.000Z	47	39	0.3406	0.3405	0.2145	0.0008	0.1442	0.0011	0.1168
2024-03-15	075	h11v03	MOD10A1.A2024075.h11v03.061.2024077060711	terra	https://modiseuwest.blob.core.windows.net/modis-061-cogs/MOD10A1/11/03/2024075/MOD10A1.A2024075.h11v03.061.2024077060711_NDSI_Snow_Cover.tif	1935260	mZ9kBaHQ8hY4V4MFWmesvg==	999f6405a1d0f216385783055a67acbe	1	1	-	2024-03-17T06:16:33.000Z	24	66	0.2894	0.2605	0.4335	0.0014	0.0026	0.0024	0.0
2024-03-15	075	h11v04	MOD10A1.A2024075.h11v04.061.2024077060333	terra	https://modiseuwest.blob.core.windows.net/modis-061-cogs/MOD10A1/11/04/2024075/MOD10A1.A2024075.h11v04.061.2024077060333_NDSI_Snow_Cover.tif	540319	5VRjI0g695+dwtF28OJpqA==	e5546323483af79f9dc2d176f0e269a8	1	1	-	2024-03-17T06:05:54.000Z	0	46	0.4891	0.1322	0.3415	0.0007	0.003	0.0128	0.0
2024-03-15	075	h11v05	MOD10A1.A2024075.h11v05.061.2024077060140	terra	https://modiseuwest.blob.core.windows.net/modis-061-cogs/MOD10A1/11/05/2024075/MOD10A1.A2024075.h11v05.061.2024077060140_NDSI_Snow_Cover.tif	123476	6JCLskZZbtWzQtgES4HIag==	e8908bb246596ed5b342d8044b81c86a	1	1	-	2024-03-17T06:09:28.000Z	0	96	0.0232	0.0091	0.5398	0.0002	0.3942	0.0003	0.0
2024-03-15	075	h12v02	MOD10A1.A2024075.h12v02.061.2024077060542	terra	https://modiseuwest.blob.core.windows.net/modis-061-cogs/MOD10A1/12/02/2024075/MOD10A1.A2024075.h12v02.061.2024077060542_NDSI_Snow_Cover.tif	1924796	i+YwbDmcpTz95p6el4nczA==	8be6306c399ca53cfde69e9e9789dccc	1	1	-	2024-03-17T06:07:59.000Z	30	70	0.1853	0.1853	0.413	0.002	0.0301	0.0025	0.0
2024-03-15	075	h12v03	MOD10A1.A2024075.h12v03.061.2024077060711	terra	https://modiseuwest.blob.core.windows.net/modis-061-cogs/MOD10A1/12/03/2024075/MOD10A1.A2024075.h12v03.061.2024077060711_NDSI_Snow_Cover.tif	1204646	YsF0ZtBbp2ZRpNKMWAkF9Q==	62c17466d05ba76651a4d28c580905f5	1	1	-	2024-03-17T06:15:54.000Z	17	83	0.14	0.14	0.6949	0.0007	0.0021	0.0014	0.0
2024-03-15	075	h12v04	MOD10A1.A2024075.h12v04.061.2024077060141	terra	https://modiseuwest.blob.core.windows.net/modis-061-cogs/MOD10A1/12/04/2024075/MOD10A1.A2024075.h12v04.061.2024077060141_NDSI_Snow_Cover.tif	1048086	EqlK22Gyou5h5chGf8pAcg==	12a94adb61b2a2ee61e5c8467fca4072	1	1	-	2024-03-17T06:10:49.000Z	10	74	0.1569	0.1377	0.5006	0.0007	0.1251	0.0273	0.0
2024-03-15	075	h12v05	MOD10A1.A2024075.h12v05.061.2024077060620	terra	https://modiseuwest.blob.core.windows.net/modis-061-cogs/MOD10A1/12/05/2024075/MOD10A1.A2024075.h12v05.061.2024077060620_NDSI_Snow_Cover.tif	47155	q+rDm1+s6yWAnmmnocYjGw==	abeac39b5faceb25809e69a7a1c6231b	1	1	-	2024-03-17T06:09:14.000Z	0	100	0.0	0.0	0.0295	0.0	0.9625	0.0	0.0
2024-03-15	075	h13v02	MOD10A1.A2024075.h13v02.061.2024077060927	terra	https://modiseuwest.blob.core.windows.net/modis-061-cogs/MOD10A1/13/02/2024075/MOD10A1.A2024075.h13v02.061.2024077060927_NDSI_Snow_Cover.tif	888661	h3W0TvxzBjsvtgwyULKY8A==	8775b44efc73063b2fb60c3250b298f0	1	1	-	2024-03-17T06:13:59.000Z	16	84	0.0818	0.0818	0.4463	0.0011	0.1991	0.0025	0.0
2024-03-15	075	h13v03	MOD10A1.A2024075.h13v03.061.2024077060126	terra	https://modiseuwest.blob.core.windows.net/modis-061-cogs/MOD10A1/13/03/2024075/MOD10A1.A2024075.h13v03.061.2024077060126_NDSI_Snow_Cover.tif	319813	pLYXb6K2MSK3xcBFM+RTfA==	a4b6176fa2b63122b7c5c04533e4537c	1	1	-	2024-03-17T06:03:52.000Z	6	94	0.0259	0.0259	0.4943	0.0003	0.3984	0.0006	0.0
2024-03-15	075	h13v04	MOD10A1.A2024075.h13v04.061.2024077060220	terra	https://modiseuwest.blob.core.windows.net/modis-061-cogs/MOD10A1/13/04/2024075/MOD10A1.A2024075.h13v04.061.2024077060220_NDSI_Snow_Cover.tif	473854	2owMHeCt1/rgataZG4pZMQ==	da8c0c1de0add7fae06ad6991b8a5931	1	1	-	2024-03-17T06:13:07.000Z	13	87	0.0319	0.0318	0.2242	0.0006	0.6236	0.001	0.0
2024-03-15	075	h14v02	MOD10A1.A2024075.h14v02.061.2024077060730	terra	https://modiseuwest.blob.core.windows.net/modis-061-cogs/MOD10A1/14/02/2024075/MOD10A1.A2024075.h14v02.061.2024077060730_NDSI_Snow_Cover.tif	871370	Owk42P0tFIHXehmvANeIXA==	3b0938d8fd2d1481d77a19af00d7885c	1	1	-	2024-03-17T06:09:59.000Z	23	77	0.0684	0.0684	0.2316	0.0009	0.4347	0.0022	0.0
2024-03-15	075	h14v03	MOD10A1.A2024075.h14v03.061.2024077055928	terra	https://modiseuwest.blob.core.windows.net/modis-061-cogs/MOD10A1/14/03/2024075/MOD10A1.A2024075.h14v03.061.2024077055928_NDSI_Snow_Cover.tif	328251	Yz4VpLhDZUgndaS/rQhNEQ==	633e15a4b84365482775a4bfad084d11	1	1	-	2024-03-17T06:01:56.000Z	5	95	0.0146	0.0146	0.449	0.0004	0.4211	0.0008	0.0
2024-03-15	075	h14v04	MOD10A1.A2024075.h14v04.061.2024077060133	terra	https://modiseuwest.blob.core.windows.net/modis-061-cogs/MOD10A1/14/04/2024075/MOD10A1.A2024075.h14v04.061.2024077060133_NDSI_Snow_Cover.tif	82637	Od7jD++6GzRkFK3FkvIlGg==	39dee30fefba1b346414adc592f2251a	1	1	-	2024-03-17T06:04:02.000Z	1	99	0.0002	0.0002	0.0607	0.0	0.9105	0.0001	0.0
2024-03-15	075	h15v02	MOD10A1.A2024075.h15v02.061.2024077060726	terra	https://modiseuwest.blob.core.windows.net/modis-061-cogs/MOD10A1/15/02/2024075/MOD10A1.A2024075.h15v02.061.2024077060726_NDSI_Snow_Cover.tif	1347584	gZcHIaulomU0rDErcyYObA==	81970721aba5a26534ac312b73260e6c	1	1	-	2024-03-17T06:16:51.000Z	81	19	0.2577	0.2577	0.0379	0.0006	0.5687	0.0011	0.0
2024-03-15	075	h15v03	MOD10A1.A2024075.h15v03.061.2024077060619	terra	https://modiseuwest.blob.core.windows.net/modis-061-cogs/MOD10A1/15/03/2024075/MOD10A1.A2024075.h15v03.061.2024077060619_NDSI_Snow_Cover.tif	37693	fEVGxLYJViubpqSTvVoYHQ==	7c4546c4b609562b9ba6a493bd5a181d	1	1	-	2024-03-17T06:09:08.000Z	85	11	0.0002	0.0002	0.0	0.0	0.9985	0.0	0.0
2024-03-15	075	h15v05	MOD10A1.A2024075.h15v05.061.2024077060046	terra	https://modiseuwest.blob.core.windows.net/modis-061-cogs/MOD10A1/15/05/2024075/MOD10A1.A2024075.h15v05.061.2024077060046_NDSI_Snow_Cover.tif	36325	SN3OFcJetn+dRW5u7Tb/oQ==	48ddce15c25eb67f9d456e6eed36ffa1	1	1	-	2024-03-17T06:09:09.000Z	0	81	0.0	0.0	0.0007	0.0	0.9971	0.0	0.0
2024-03-15	075	h16v02	MOD10A1.A2024075.h16v02.061.2024077060727	terra	https://modiseuwest.blob.core.windows.net/modis-061-cogs/MOD10A1/16/02/2024075/MOD10A1.A2024075.h16v02.061.2024077060727_NDSI_Snow_Cover.tif	1220762	IfIvbBXP7apfsGF5n0dETA==	21f22f6c15cfedaa5fb061799f47444c	1	1	-	2024-03-17T06:16:50.000Z	83	17	0.3081	0.3081	0.0207	0.0005	0.593	0.0006	0.0
2024-03-15	075	h16v05	MOD10A1.A2024075.h16v05.061.2024077060333	terra	https://modiseuwest.blob.core.windows.net/modis-061-cogs/MOD10A1/16/05/2024075/MOD10A1.A2024075.h16v05.061.2024077060333_NDSI_Snow_Cover.tif	34416	XTQ6uw4knrYzu24Ea08qUA==	5d343abb0e249eb633bb6e046b4f2a50	1	1	-	2024-03-17T06:05:42.000Z	0	38	0.0005	0.0002	0.0001	0.0	0.9982	0.0001	0.0
2024-03-15	075	h17v02	MOD10A1.A2024075.h17v02.061.2024077060901	terra	https://modiseuwest.blob.core.windows.net/modis-061-cogs/MOD10A1/17/02/2024075/MOD10A1.A2024075.h17v02.061.2024077060901_NDSI_Snow_Cover.tif	176245	EM2ZMz3LaXdT5eL4Qm1Zrg==	10cd99333dcb697753e5e2f8426d59ae	1	1	-	2024-03-17T06:11:33.000Z	20	80	0.0174	0.0173	0.0505	0.0001	0.8875	0.0004	0.0
2024-03-15	075	h17v03	MOD10A1.A2024075.h17v03.061.2024077060537	terra	https://modiseuwest.blob.core.windows.net/modis-061-cogs/MOD10A1/17/03/2024075/MOD10A1.A2024075.h17v03.061.2024077060537_NDSI_Snow_Cover.tif	368219	WX+piIwfUmH5g6e4jYnHWw==	597fa9888c1f5261f983a7b88d89c75b	1	1	-	2024-03-17T06:08:16.000Z	2	84	0.0213	0.0192	0.0903	0.0008	0.7348	0.0015	0.0
2024-03-15	075	h17v04	MOD10A1.A2024075.h17v04.061.2024077060126	terra	https://modiseuwest.blob.core.windows.net/modis-061-cogs/MOD10A1/17/04/2024075/MOD10A1.A2024075.h17v04.061.2024077060126_NDSI_Snow_Cover.tif	327813	MiVorGBNigc2ukZBAQdFJQ==	322568ac604d8a0736ba464101074525	1	1	-	2024-03-17T06:03:55.000Z	1	66	0.0949	0.0459	0.1095	0.0004	0.6779	0.0009	0.0
2024-03-15	075	h17v05	MOD10A1.A2024075.h17v05.061.2024077060541	terra	https://modiseuwest.blob.core.windows.net/modis-061-cogs/MOD10A1/17/05/2024075/MOD10A1.A2024075.h17v05.061.2024077060541_NDSI_Snow_Cover.tif	201806	u7jaKhLp8M2E7BFvM5a8cQ==	bbb8da2a12e9f0cd84ec116f3396bc71	1	1	-	2024-03-17T06:07:44.000Z	0	13	0.5137	0.0429	0.0374	0.0003	0.3907	0.0004	0.0
2024-03-15	075	h18v02	MOD10A1.A2024075.h18v02.061.2024077060726	terra	https://modiseuwest.blob.core.windows.net/modis-061-cogs/MOD10A1/18/02/2024075/MOD10A1.A2024075.h18v02.061.2024077060726_NDSI_Snow_Cover.tif	957466	35OoQpwE0UuluIfAUc7nyQ==	df93a8429c04d14ba5b887c051cee7c9	1	1	-	2024-03-17T06:09:59.000Z	22	78	0.0709	0.0709	0.2152	0.001	0.4911	0.0024	0.0
2024-03-15	075	h18v03	MOD10A1.A2024075.h18v03.061.2024077063948	terra	https://modiseuwest.blob.core.windows.net/modis-061-cogs/MOD10A1/18/03/2024075/MOD10A1.A2024075.h18v03.061.2024077063948_NDSI_Snow_Cover.tif	365881	uEJ8MdFa74d4G/bmF2BUzA==	b8427c31d15aef87781bf6e6176054cc	1	1	-	2024-03-17T06:48:50.000Z	1	86	0.0615	0.0369	0.3327	0.0006	0.4475	0.001	0.0
2024-03-15	075	h18v04	MOD10A1.A2024075.h18v04.061.2024077060225	terra	https://modiseuwest.blob.core.windows.net/modis-061-cogs/MOD10A1/18/04/2024075/MOD10A1.A2024075.h18v04.061.2024077060225_NDSI_Snow_Cover.tif	701188	B7cauCFhRUeiRxWa73Khkw==	07b71ab821614547a247159aef72a193	1	1	-	2024-03-17T06:11:24.000Z	5	71	0.1851	0.0966	0.3448	0.001	0.2589	0.0015	0.0
2024-03-15	075	h18v05	MOD10A1.A2024075.h18v05.061.2024077060336	terra	https://modiseuwest.blob.core.windows.net/modis-061-cogs/MOD10A1/18/05/2024075/MOD10A1.A2024075.h18v05.061.2024077060336_NDSI_Snow_Cover.tif	135431	Ysm86GCRBkiyiKx9HOB8eg==	62c9bce860910648b288ac7d1ce07c7a	1	1	-	2024-03-17T06:06:47.000Z	0	2	0.6328	0.0343	0.0022	0.0002	0.3332	0.0002	0.0
2024-03-15	075	h19v02	MOD10A1.A2024075.h19v02.061.2024077060731	terra	https://modiseuwest.blob.core.windows.net/modis-061-cogs/MOD10A1/19/02/2024075/MOD10A1.A2024075.h19v02.061.2024077060731_NDSI_Snow_Cover.tif	999639	Tc74O5UVbwjisVwEJXquoA==	4dcef83b95156f08e2b15c04257aaea0	1	1	-	2024-03-17T06:10:00.000Z	16	84	0.0951	0.0951	0.4811	0.0009	0.2148	0.0021	0.0
2024-03-15	075	h19v03	MOD10A1.A2024075.h19v03.061.2024077055930	terra	https://modiseuwest.blob.core.windows.net/modis-061-cogs/MOD10A1/19/03/2024075/MOD10A1.A2024075.h19v03.061.2024077055930_NDSI_Snow_Cover.tif	781446	PNuzX9mWMTwPBtObU2GdJA==	3cdbb35fd996313c0f06d39b53619d24	1	1	-	2024-03-17T06:01:55.000Z	7	67	0.2689	0.1117	0.4618	0.0006	0.1151	0.0008	0.0
2024-03-15	075	h19v04	MOD10A1.A2024075.h19v04.061.2024077060128	terra	https://modiseuwest.blob.core.windows.net/modis-061-cogs/MOD10A1/19/04/2024075/MOD10A1.A2024075.h19v04.061.2024077060128_NDSI_Snow_Cover.tif	508571	fnKG4kQDsKDFSdGrzE/Deg==	7e7286e24403b0a0c549d1abcc4fc37a	1	1	-	2024-03-17T06:03:59.000Z	0	65	0.292	0.099	0.4161	0.0008	0.1039	0.0016	0.0
2024-03-15	075	h19v05	MOD10A1.A2024075.h19v05.061.2024077060046	terra	https://modiseuwest.blob.core.windows.net/modis-061-cogs/MOD10A1/19/05/2024075/MOD10A1.A2024075.h19v05.061.2024077060046_NDSI_Snow_Cover.tif	327574	itYnUkZBb23YfBrvpUUXtw==	8ad6275246416f6dd87c1aefa54517b7	1	1	-	2024-03-17T06:08:45.000Z	0	32	0.1872	0.0605	0.022	0.0005	0.6698	0.0013	0.0
2024-03-15	075	h20v02	MOD10A1.A2024075.h20v02.061.2024077060715	terra	https://modiseuwest.blob.core.windows.net/modis-061-cogs/MOD10A1/20/02/2024075/MOD10A1.A2024075.h20v02.061.2024077060715_NDSI_Snow_Cover.tif	341051	x68KVzO5jrP2N6AanHZcgg==	c7af0a5733b98eb3f637a01a9c765c82	1	1	-	2024-03-17T06:10:06.000Z	5	95	0.0322	0.0322	0.8181	0.0003	0.0536	0.0008	0.0
2024-03-15	075	h20v03	MOD10A1.A2024075.h20v03.061.2024077060547	terra	https://modiseuwest.blob.core.windows.net/modis-061-cogs/MOD10A1/20/03/2024075/MOD10A1.A2024075.h20v03.061.2024077060547_NDSI_Snow_Cover.tif	2896983	Nk/Uu4y5/94IDOBAk8hF0g==	364fd4bb8cb9ffde080ce04093c845d2	1	1	-	2024-03-17T06:08:39.000Z	50	49	0.475	0.4726	0.3499	0.0007	0.0008	0.0009	0.0
2024-03-15	075	h20v04	MOD10A1.A2024075.h20v04.061.2024077060124	terra	https://modiseuwest.blob.core.windows.net/modis-061-cogs/MOD10A1/20/04/2024075/MOD10A1.A2024075.h20v04.061.2024077060124_NDSI_Snow_Cover.tif	341903	svLkXpcLFX6KlD9HI7EvSw==	b2f2e45e970b157e8a943f4723b12f4b	1	1	-	2024-03-17T06:03:53.000Z	1	90	0.0541	0.0369	0.4691	0.0005	0.355	0.0008	0.0
2024-03-15	075	h20v05	MOD10A1.A2024075.h20v05.061.2024077060538	terra	https://modiseuwest.blob.core.windows.net/modis-061-cogs/MOD10A1/20/05/2024075/MOD10A1.A2024075.h20v05.061.2024077060538_NDSI_Snow_Cover.tif	469677	eleJtvdeb5/UBd1HSTLssw==	7a5789b6f75e6f9fd405dd474932ecb3	1	1	-	2024-03-17T06:08:26.000Z	1	56	0.1974	0.0633	0.1429	0.0009	0.4727	0.0015	0.0
2024-03-15	075	h21v02	MOD10A1.A2024075.h21v02.061.2024077060536	terra	https://modiseuwest.blob.core.windows.net/modis-061-cogs/MOD10A1/21/02/2024075/MOD10A1.A2024075.h21v02.061.2024077060536_NDSI_Snow_Cover.tif	2241307	wKaCeY1riVpm/RY1LMDsvA==	c0a682798d6b895a66fd16352cc0ecbc	1	1	-	2024-03-17T06:12:50.000Z	38	62	0.312	0.312	0.3814	0.0016	0.0025	0.0024	0.0
2024-03-15	075	h21v03	MOD10A1.A2024075.h21v03.061.2024077060716	terra	https://modiseuwest.blob.core.windows.net/modis-061-cogs/MOD10A1/21/03/2024075/MOD10A1.A2024075.h21v03.061.2024077060716_NDSI_Snow_Cover.tif	1815552	RhPmPZz1bva3vTg7dkh3Jw==	4613e63d9cf56ef6b7bd383b76487727	1	1	-	2024-03-17T06:10:05.000Z	35	65	0.2885	0.2885	0.4274	0.0015	0.0022	0.0022	0.0
2024-03-15	075	h21v04	MOD10A1.A2024075.h21v04.061.2024077060224	terra	https://modiseuwest.blob.core.windows.net/modis-061-cogs/MOD10A1/21/04/2024075/MOD10A1.A2024075.h21v04.061.2024077060224_NDSI_Snow_Cover.tif	1167966	pWZi/+X5BTI5xaCy4y9ZOA==	a56662ffe5f9053239c5a0b2e32f5938	1	1	-	2024-03-17T06:11:16.000Z	16	65	0.3085	0.2094	0.433	0.0013	0.0173	0.0023	0.0
2024-03-15	075	h21v05	MOD10A1.A2024075.h21v05.061.2024077060620	terra	https://modiseuwest.blob.core.windows.net/modis-061-cogs/MOD10A1/21/05/2024075/MOD10A1.A2024075.h21v05.061.2024077060620_NDSI_Snow_Cover.tif	613277	aVGr2H1y7uofxzGYbO4kZQ==	6951abd87d72eeea1fc731986cee2465	1	1	-	2024-03-17T06:09:06.000Z	2	36	0.614	0.1086	0.1852	0.0009	0.002	0.0026	0.0
2024-03-15	075	h22v02	MOD10A1.A2024075.h22v02.061.2024077060751	terra	https://modiseuwest.blob.core.windows.net/modis-061-cogs/MOD10A1/22/02/2024075/MOD10A1.A2024075.h22v02.061.2024077060751_NDSI_Snow_Cover.tif	3723208	CgI6k89cQEzfs1DyrRk4Vw==	0a023a93cf5c404cdfb350f2ad193857	1	1	-	2024-03-17T06:18:21.000Z	65	35	0.5373	0.5373	0.0697	0.0017	0.0027	0.0027	0.0
2024-03-15	075	h22v03	MOD10A1.A2024075.h22v03.061.2024077060245	terra	https://modiseuwest.blob.core.windows.net/modis-061-cogs/MOD10A1/22/03/2024075/MOD10A1.A2024075.h22v03.061.2024077060245_NDSI_Snow_Cover.tif	1249290	GYBmcFj8TaJF4Vtbea0+XA==	1980667058fc4da245e15b5b79ad3e5c	1	1	-	2024-03-17T06:05:04.000Z	16	84	0.0925	0.0925	0.5092	0.0019	0.0045	0.004	0.0
2024-03-15	075	h22v04	MOD10A1.A2024075.h22v04.061.2024077060542	terra	https://modiseuwest.blob.core.windows.net/modis-061-cogs/MOD10A1/22/04/2024075/MOD10A1.A2024075.h22v04.061.2024077060542_NDSI_Snow_Cover.tif	655789	DcX0SqfSXg7dqPRRNEhxiA==	0dc5f44aa7d25e0edda8f45134487188	1	1	-	2024-03-17T06:07:53.000Z	6	45	0.5282	0.1468	0.3218	0.0006	0.0011	0.0014	0.0
2024-03-15	075	h22v05	MOD10A1.A2024075.h22v05.061.2024077061051	terra	https://modiseuwest.blob.core.windows.net/modis-061-cogs/MOD10A1/22/05/2024075/MOD10A1.A2024075.h22v05.061.2024077061051_NDSI_Snow_Cover.tif	432103	QfhYN7ig8Q37GDkF79YW5A==	41f85837b8a0f10dfb183905efd616e4	1	1	-	2024-03-17T06:13:07.000Z	1	59	0.3966	0.1005	0.4452	0.0008	0.0026	0.0011	0.0
2024-03-15	075	h23v02	MOD10A1.A2024075.h23v02.061.2024077060717	terra	https://modiseuwest.blob.core.windows.net/modis-061-cogs/MOD10A1/23/02/2024075/MOD10A1.A2024075.h23v02.061.2024077060717_NDSI_Snow_Cover.tif	3375581	GwqgQNybdSxefBE2q61Sbg==	1b0aa040dc9b752c5e7c1136abad526e	1	1	-	2024-03-17T06:10:08.000Z	58	42	0.471	0.471	0.1773	0.0019	0.0148	0.0018	0.0
2024-03-15	075	h23v03	MOD10A1.A2024075.h23v03.061.2024077060225	terra	https://modiseuwest.blob.core.windows.net/modis-061-cogs/MOD10A1/23/03/2024075/MOD10A1.A2024075.h23v03.061.2024077060225_NDSI_Snow_Cover.tif	1617843	nXNYmLqiiBat1xxG0q/SUA==	9d735898baa28816add71c46d2afd250	1	1	-	2024-03-17T06:13:27.000Z	15	84	0.0743	0.074	0.3873	0.0031	0.0064	0.0057	0.0
2024-03-15	075	h23v04	MOD10A1.A2024075.h23v04.061.2024077063451	terra	https://modiseuwest.blob.core.windows.net/modis-061-cogs/MOD10A1/23/04/2024075/MOD10A1.A2024075.h23v04.061.2024077063451_NDSI_Snow_Cover.tif	1963396	xJA2ucuBdUb27mNlVbqXyg==	c49036b9cb817546f6ee636555ba97ca	1	1	-	2024-03-17T06:42:16.000Z	30	59	0.3139	0.2561	0.2621	0.0023	0.0036	0.006	0.0
2024-03-15	075	h23v05	MOD10A1.A2024075.h23v05.061.2024077064207	terra	https://modiseuwest.blob.core.windows.net/modis-061-cogs/MOD10A1/23/05/2024075/MOD10A1.A2024075.h23v05.061.2024077064207_NDSI_Snow_Cover.tif	1603751	D46PHRuZIK+xmBzTGVcMEw==	0f8e8f1d1b9920afb1981cd319570c13	1	1	-	2024-03-17T06:44:14.000Z	24	19	0.7705	0.3159	0.0779	0.0005	0.0007	0.0009	0.0
2024-03-15	075	h24v02	MOD10A1.A2024075.h24v02.061.2024077060100	terra	https://modiseuwest.blob.core.windows.net/modis-061-cogs/MOD10A1/24/02/2024075/MOD10A1.A2024075.h24v02.061.2024077060100_NDSI_Snow_Cover.tif	1322161	EmY5S0tDYN0vyuUKBO65Iw==	1266394b4b4360dd2fcae50a04eeb923	1	1	-	2024-03-17T06:09:13.000Z	19	68	0.1412	0.1411	0.5225	0.0009	0.0114	0.0012	0.1166
2024-03-15	075	h24v03	MOD10A1.A2024075.h24v03.061.2024077060223	terra	https://modiseuwest.blob.core.windows.net/modis-061-cogs/MOD10A1/24/03/2024075/MOD10A1.A2024075.h24v03.061.2024077060223_NDSI_Snow_Cover.tif	2131443	xMAm0SU7WuVO6m8UP0H3Yw==	c4c026d1253b5ae54eea6f143f41f763	1	1	-	2024-03-17T06:11:43.000Z	24	74	0.1578	0.1551	0.3442	0.003	0.0049	0.0044	0.0
2024-03-15	075	h24v04	MOD10A1.A2024075.h24v04.061.2024077060643	terra	https://modiseuwest.blob.core.windows.net/modis-061-cogs/MOD10A1/24/04/2024075/MOD10A1.A2024075.h24v04.061.2024077060643_NDSI_Snow_Cover.tif	690074	8bysAXWFxl9qRgJZY8JGwg==	f1bcac017585c65f6a46025963c246c2	1	1	-	2024-03-17T06:16:24.000Z	5	68	0.2898	0.1008	0.5279	0.0009	0.0014	0.0014	0.0
2024-03-15	075	h24v05	MOD10A1.A2024075.h24v05.061.2024077060142	terra	https://modiseuwest.blob.core.windows.net/modis-061-cogs/MOD10A1/24/05/2024075/MOD10A1.A2024075.h24v05.061.2024077060142_NDSI_Snow_Cover.tif	1527656	K/7h65K30WAcTNbuY3iEUA==	2bfee1eb92b7d1601c4cd6ee63788450	1	1	-	2024-03-17T06:04:09.000Z	18	27	0.6893	0.2741	0.1235	0.0009	0.0012	0.001	0.0
2024-03-15	075	h25v02	MOD10A1.A2024075.h25v02.061.2024077060049	terra	https://modiseuwest.blob.core.windows.net/modis-061-cogs/MOD10A1/25/02/2024075/MOD10A1.A2024075.h25v02.061.2024077060049_NDSI_Snow_Cover.tif	496927	1/c1hpofxPHyX5lTVUuNyw==	d7f735869a1fc4f1f25f9953554b8dcb	1	1	-	2024-03-17T06:10:55.000Z	9	42	0.0531	0.0531	0.3033	0.0006	0.0641	0.0011	0.4571
2024-03-15	075	h25v03	MOD10A1.A2024075.h25v03.061.2024077060547	terra	https://modiseuwest.blob.core.windows.net/modis-061-cogs/MOD10A1/25/03/2024075/MOD10A1.A2024075.h25v03.061.2024077060547_NDSI_Snow_Cover.tif	2332933	3iPLB+FWq8qKS3DKERY09Q==	de23cb07e156abca8a4b70ca111634f5	1	1	-	2024-03-17T06:08:36.000Z	37	58	0.2397	0.2279	0.1408	0.0023	0.2117	0.003	0.0
2024-03-15	075	h25v04	MOD10A1.A2024075.h25v04.061.2024077060223	terra	https://modiseuwest.blob.core.windows.net/modis-061-cogs/MOD10A1/25/04/2024075/MOD10A1.A2024075.h25v04.061.2024077060223_NDSI_Snow_Cover.tif	857629	DOr5fg/u7IBusDSAi7M9TA==	0ceaf97e0feeec806eb034808bb33d4c	1	1	-	2024-03-17T06:11:09.000Z	12	68	0.2929	0.15	0.5281	0.0007	0.0013	0.001	0.0
2024-03-15	075	h25v05	MOD10A1.A2024075.h25v05.061.2024077060722	terra	https://modiseuwest.blob.core.windows.net/modis-061-cogs/MOD10A1/25/05/2024075/MOD10A1.A2024075.h25v05.061.2024077060722_NDSI_Snow_Cover.tif	1109929	2itVA6H2OcBBC9fUoUUugQ==	da2b5503a1f639c0410bd7d4a1452e81	1	1	-	2024-03-17T06:09:37.000Z	9	35	0.6217	0.2331	0.2119	0.0006	0.0012	0.0009	0.0
2024-03-15	075	h26v02	MOD10A1.A2024075.h26v02.061.2024077062111	terra	https://modiseuwest.blob.core.windows.net/modis-061-cogs/MOD10A1/26/02/2024075/MOD10A1.A2024075.h26v02.061.2024077062111_NDSI_Snow_Cover.tif	148967	DEw2oq0fymHQf+KjpYShjA==	0c4c36a2ad1fca61d07fe2a3a584a18c	1	1	-	2024-03-17T06:23:23.000Z	2	8	0.0071	0.0071	0.044	0.0002	0.0989	0.0004	0.8126
2024-03-15	075	h26v03	MOD10A1.A2024075.h26v03.061.2024077063449	terra	https://modiseuwest.blob.core.windows.net/modis-061-cogs/MOD10A1/26/03/2024075/MOD10A1.A2024075.h26v03.061.2024077063449_NDSI_Snow_Cover.tif	1444667	yKq76jfQeGCpJTeMhBf2HA==	c8aabbea37d07860a925378c8417f61c	1	1	-	2024-03-17T06:42:19.000Z	42	55	0.1304	0.1302	0.0942	0.0009	0.5636	0.0013	0.0
2024-03-15	075	h26v04	MOD10A1.A2024075.h26v04.061.2024077060622	terra	https://modiseuwest.blob.core.windows.net/modis-061-cogs/MOD10A1/26/04/2024075/MOD10A1.A2024075.h26v04.061.2024077060622_NDSI_Snow_Cover.tif	1318855	MwLqkHUqQ64gtDNUdamRHA==	3302ea90752a43ae20b4335475a9911c	1	1	-	2024-03-17T06:09:09.000Z	15	32	0.6502	0.2539	0.1691	0.0009	0.0016	0.0012	0.0
2024-03-15	075	h26v05	MOD10A1.A2024075.h26v05.061.2024077060047	terra	https://modiseuwest.blob.core.windows.net/modis-061-cogs/MOD10A1/26/05/2024075/MOD10A1.A2024075.h26v05.061.2024077060047_NDSI_Snow_Cover.tif	1058931	cNS/d+0K3yoJ9eNlryCEbg==	70d4bf77ed0adf2a09f5e365af20846e	1	1	-	2024-03-17T06:11:44.000Z	9	46	0.5192	0.2427	0.2895	0.0008	0.0014	0.0011	0.0005
2024-03-15	075	h27v03	MOD10A1.A2024075.h27v03.061.2024077060644	terra	https://modiseuwest.blob.core.windows.net/modis-061-cogs/MOD10A1/27/03/2024075/MOD10A1.A2024075.h27v03.061.2024077060644_NDSI_Snow_Cover.tif	132001	8/MR+/SMenKfY66od+cPdQ==	f3f311fbf48c7a729f63aea877e70f75	1	1	-	2024-03-17T06:14:54.000Z	2	23	0.0044	0.0044	0.0798	0.0001	0.6579	0.0001	0.2376
2024-03-15	075	h27v04	MOD10A1.A2024075.h27v04.061.2024077060902	terra	https://modiseuwest.blob.core.windows.net/modis-061-cogs/MOD10A1/27/04/2024075/MOD10A1.A2024075.h27v04.061.2024077060902_NDSI_Snow_Cover.tif	909565	OgvoRjro8bGyYmEHbV+sXg==	3a0be8463ae8f1b1b26261076d5fac5e	1	1	-	2024-03-17T06:11:46.000Z	11	46	0.28	0.1169	0.1138	0.001	0.3989	0.0016	0.0
2024-03-15	075	h27v05	MOD10A1.A2024075.h27v05.061.2024077060051	terra	https://modiseuwest.blob.core.windows.net/modis-061-cogs/MOD10A1/27/05/2024075/MOD10A1.A2024075.h27v05.061.2024077060051_NDSI_Snow_Cover.tif	361142	vnNssJ2baYLu/x3mN6TZrw==	be736cb09d9b6982eeff1de637a4d9af	1	1	-	2024-03-17T06:11:10.000Z	0	37	0.482	0.0985	0.2189	0.0004	0.1954	0.0007	0.0
2024-03-15	075	h28v03	MOD10A1.A2024075.h28v03.061.2024077060753	terra	https://modiseuwest.blob.core.windows.net/modis-061-cogs/MOD10A1/28/03/2024075/MOD10A1.A2024075.h28v03.061.2024077060753_NDSI_Snow_Cover.tif	46334	PcANm/EpA4NZUUA7F8M6Kg==	3dc00d9bf12903835951403b17c33a2a	1	1	-	2024-03-17T06:15:11.000Z	0	0	0.0	0.0	0.0	0.0	0.4056	0.0001	0.5912
2024-03-15	075	h28v04	MOD10A1.A2024075.h28v04.061.2024077060720	terra	https://modiseuwest.blob.core.windows.net/modis-061-cogs/MOD10A1/28/04/2024075/MOD10A1.A2024075.h28v04.061.2024077060720_NDSI_Snow_Cover.tif	172159	o/azE+YyGgD5c12ZG5Jkig==	a3f6b313e6321a00f9735d991b92648a	1	1	-	2024-03-17T06:18:19.000Z	3	23	0.005	0.005	0.0429	0.0002	0.688	0.0006	0.2143
2024-03-15	075	h28v05	MOD10A1.A2024075.h28v05.061.2024077060842	terra	https://modiseuwest.blob.core.windows.net/modis-061-cogs/MOD10A1/28/05/2024075/MOD10A1.A2024075.h28v05.061.2024077060842_NDSI_Snow_Cover.tif	299029	82FEvSWDTRAoME0oFOz2QA==	f36144bd25834d1028304d2814ecf640	1	1	-	2024-03-17T06:11:08.000Z	3	21	0.1938	0.0513	0.0242	0.0003	0.6926	0.0012	0.0
2024-03-15	075	h29v03	MOD10A1.A2024075.h29v03.061.2024077060050	terra	https://modiseuwest.blob.core.windows.net/modis-061-cogs/MOD10A1/29/03/2024075/MOD10A1.A2024075.h29v03.061.2024077060050_NDSI_Snow_Cover.tif	38734	TI0uklNmgh3DXh6ZfWwtng==	4c8d2e925366821dc35e1e997d6c2d9e	1	1	-	2024-03-17T06:09:58.000Z	0	0	0.0	0.0	0.0	0.0	0.0679	0.0001	0.9298
2024-03-15	075	h29v05	MOD10A1.A2024075.h29v05.061.2024077060048	terra	https://modiseuwest.blob.core.windows.net/modis-061-cogs/MOD10A1/29/05/2024075/MOD10A1.A2024075.h29v05.061.2024077060048_NDSI_Snow_Cover.tif	297679	cRtGsvENZm+eayv5WSNBQA==	711b46b2f10d666f9e6b2bf959234140	1	1	-	2024-03-17T06:07:33.000Z	8	2	0.1425	0.055	0.0005	0.0002	0.6834	0.0005	0.1345
2024-03-15	075	h30v05	MOD10A1.A2024075.h30v05.061.2024077063448	terra	https://modiseuwest.blob.core.windows.net/modis-061-cogs/MOD10A1/30/05/2024075/MOD10A1.A2024075.h30v05.061.2024077063448_NDSI_Snow_Cover.tif	43616	j066i9+UvNpxrN525DcqGQ==	8f4eba8bdf94bcda71acde76e4372a19	1	1	-	2024-03-17T06:43:02.000Z	0	0	0.0	0.0	0.0	0.0	0.2999	0.0	0.7
2024-04-01	092	h06v03	MOD10A1.A2024092.h06v03.061.2024094223456	terra	https://modiseuwest.blob.core.windows.net/modis-061-cogs/MOD10A1/06/03/2024092/MOD10A1.A2024092.h06v03.061.2024094223456_NDSI_Snow_Cover.tif	36296	j0nakGIrLSskCiTGBLz10w==	8f49da90622b2d2b240a24c604bcf5d3	1	1	-	2024-04-03T22:37:09.000Z	0	0	0.0	0.0	0.0	0.0	0.0691	0.0	0.93
2024-04-01	092	h07v03	MOD10A1.A2024092.h07v03.061.2024094225834	terra	https://modiseuwest.blob.core.windows.net/modis-061-cogs/MOD10A1/07/03/2024092/MOD10A1.A2024092.h07v03.061.2024094225834_NDSI_Snow_Cover.tif	48508	JOrpaVBoUThPhQmZbqjjYw==	24eae969506851384f8509996ea8e363	1	1	-	2024-04-03T23:05:09.000Z	0	1	0.0	0.0	0.0008	0.0	0.427	0.0	0.5638
2024-04-01	092	h08v03	MOD10A1.A2024092.h08v03.061.2024094223404	terra	https://modiseuwest.blob.core.windows.net/modis-061-cogs/MOD10A1/08/03/2024092/MOD10A1.A2024092.h08v03.061.2024094223404_NDSI_Snow_Cover.tif	77370	+YYM7F3mkQygxw0dzMxzIQ==	f9860cec5de6910ca0c70d1dcccc7321	1	1	-	2024-04-03T22:36:20.000Z	1	6	0.0002	0.0002	0.0032	0.0001	0.7941	0.0005	0.1807
2024-04-01	092	h08v04	MOD10A1.A2024092.h08v04.061.2024094223719	terra	https://modiseuwest.blob.core.windows.net/modis-061-cogs/MOD10A1/08/04/2024092/MOD10A1.A2024092.h08v04.061.2024094223719_NDSI_Snow_Cover.tif	174949	l/ioUL9qWHQg7oxjqr24ow==	97f8a850bf6a587420ee8c63aabdb8a3	1	1	-	2024-04-03T22:39:23.000Z	15	5	0.0874	0.0351	0.0002	0.0	0.902	0.0	0.0
2024-04-01	092	h08v05	MOD10A1.A2024092.h08v05.061.2024094224615	terra	https://modiseuwest.blob.core.windows.net/modis-061-cogs/MOD10A1/08/05/2024092/MOD10A1.A2024092.h08v05.061.2024094224615_NDSI_Snow_Cover.tif	1031956	CPEHY2XVjW/ZyP7bDmaAHA==	08f1076365d58d6fd9c8fedb0e66801c	1	1	-	2024-04-03T22:53:09.000Z	6	43	0.4117	0.1953	0.1156	0.0013	0.2044	0.0019	0.0
2024-04-01	092	h09v02	MOD10A1.A2024092.h09v02.061.2024094224539	terra	https://modiseuwest.blob.core.windows.net/modis-061-cogs/MOD10A1/09/02/2024092/MOD10A1.A2024092.h09v02.061.2024094224539_NDSI_Snow_Cover.tif	76199	gfwIDFELWbMUzn9SV1axWA==	81fc080c510b59b314ce7f525756b158	1	1	-	2024-04-03T22:52:32.000Z	1	1	0.0051	0.0051	0.0018	0.0001	0.1707	0.0001	0.8129
2024-04-01	092	h09v03	MOD10A1.A2024092.h09v03.061.2024094224328	terra	https://modiseuwest.blob.core.windows.net/modis-061-cogs/MOD10A1/09/03/2024092/MOD10A1.A2024092.h09v03.061.2024094224328_NDSI_Snow_Cover.tif	257595	S+kxykjtVgi9cJ+zdF4rgA==	4be931ca48ed5608bd709fb3745e2b80	1	1	-	2024-04-03T22:45:32.000Z	32	68	0.0194	0.0194	0.0289	0.0002	0.8862	0.0007	0.0
2024-04-01	092	h09v04	MOD10A1.A2024092.h09v04.061.2024094224014	terra	https://modiseuwest.blob.core.windows.net/modis-061-cogs/MOD10A1/09/04/2024092/MOD10A1.A2024092.h09v04.061.2024094224014_NDSI_Snow_Cover.tif	1241144	Ly51xrB0S4JpJtUsGY6/eQ==	2f2e75c6b0744b826926d52c198ebf79	1	1	-	2024-04-03T22:42:32.000Z	15	33	0.4177	0.1947	0.0492	0.0008	0.3104	0.0016	0.0
2024-04-01	092	h09v05	MOD10A1.A2024092.h09v05.061.2024094224259	terra	https://modiseuwest.blob.core.windows.net/modis-061-cogs/MOD10A1/09/05/2024092/MOD10A1.A2024092.h09v05.061.2024094224259_NDSI_Snow_Cover.tif	608408	oIkjSHUtq14KoXABQu3xtw==	a0892348752dab5e0aa1700142edf1b7	1	1	-	2024-04-03T22:49:47.000Z	2	85	0.1195	0.0743	0.651	0.0013	0.002	0.0019	0.0
2024-04-01	092	h10v02	MOD10A1.A2024092.h10v02.061.2024094225328	terra	https://modiseuwest.blob.core.windows.net/modis-061-cogs/MOD10A1/10/02/2024092/MOD10A1.A2024092.h10v02.061.2024094225328_NDSI_Snow_Cover.tif	739765	TLWI/Eerfg8nSwz3xQ7lCw==	4cb588fc47ab7e0f274b0cf7c50ee50b	1	1	-	2024-04-03T22:55:44.000Z	13	27	0.0705	0.0704	0.0917	0.001	0.2017	0.0018	0.4574
2024-04-01	092	h10v03	MOD10A1.A2024092.h10v03.061.2024094223615	terra	https://modiseuwest.blob.core.windows.net/modis-061-cogs/MOD10A1/10/03/2024092/MOD10A1.A2024092.h10v03.061.2024094223615_NDSI_Snow_Cover.tif	1134723	53MkjtSlbdbiB6LHrk67GA==	e773248ed4a56dd6e207a2c7ae4ebb18	1	1	-	2024-04-03T22:39:01.000Z	22	68	0.1667	0.1449	0.2696	0.0004	0.3836	0.0012	0.0
2024-04-01	092	h10v04	MOD10A1.A2024092.h10v04.061.2024094223614	terra	https://modiseuwest.blob.core.windows.net/modis-061-cogs/MOD10A1/10/04/2024092/MOD10A1.A2024092.h10v04.061.2024094223614_NDSI_Snow_Cover.tif	1324320	ojRgBate3i5Z28uiYbIkLA==	a2346005ab5ede2e59dbcba261b2242c	1	1	-	2024-04-03T22:39:05.000Z	12	60	0.3624	0.2127	0.4328	0.0011	0.0015	0.0017	0.0
2024-04-01	092	h10v05	MOD10A1.A2024092.h10v05.061.2024094223629	terra	https://modiseuwest.blob.core.windows.net/modis-061-cogs/MOD10A1/10/05/2024092/MOD10A1.A2024092.h10v05.061.2024094223629_NDSI_Snow_Cover.tif	117992	9SJsW6joeHRdKS/83V3o3w==	f5226c5ba8e878745d292ffcdd5de8df	1	1	-	2024-04-03T22:38:30.000Z	0	98	0.0145	0.009	0.9196	0.0002	0.0138	0.0003	0.0
2024-04-01	092	h11v02	MOD10A1.A2024092.h11v02.061.2024094224712	terra	https://modiseuwest.blob.core.windows.net/modis-061-cogs/MOD10A1/11/02/2024092/MOD10A1.A2024092.h11v02.061.2024094224712_NDSI_Snow_Cover.tif	1799807	X9BUP846c3DBT5JElIIqqA==	5fd0543fce3a7370c14f924494822aa8	1	1	-	2024-04-03T22:53:58.000Z	31	55	0.1922	0.1921	0.2377	0.0013	0.1503	0.0024	0.1168
2024-04-01	092	h11v03	MOD10A1.A2024092.h11v03.061.2024094224126	terra	https://modiseuwest.blob.core.windows.net/modis-061-cogs/MOD10A1/11/03/2024092/MOD10A1.A2024092.h11v03.061.2024094224126_NDSI_Snow_Cover.tif	2122580	4zBXbqHmtN44HQmAtMr6cw==	e330576ea1e6b4de381d0980b4cafa73	1	1	-	2024-04-03T22:43:38.000Z	25	43	0.5189	0.3262	0.2375	0.001	0.0021	0.0018	0.0
2024-04-01	092	h11v04	MOD10A1.A2024092.h11v04.061.2024094224846	terra	https://modiseuwest.blob.core.windows.net/modis-061-cogs/MOD10A1/11/04/2024092/MOD10A1.A2024092.h11v04.061.2024094224846_NDSI_Snow_Cover.tif	710429	WxX1Wp2ul6lw9zNe4RuZAg==	5b15f55a9dae97a970f7335ee11b9902	1	1	-	2024-04-03T22:55:33.000Z	5	75	0.2089	0.1017	0.6092	0.0008	0.002	0.0137	0.0
2024-04-01	092	h11v05	MOD10A1.A2024092.h11v05.061.2024094224846	terra	https://modiseuwest.blob.core.windows.net/modis-061-cogs/MOD10A1/11/05/2024092/MOD10A1.A2024092.h11v05.061.2024094224846_NDSI_Snow_Cover.tif	256174	1pbtujS+kwVo9SXKjuD9mg==	d696edba34be930568f525ca8ee0fd9a	1	1	-	2024-04-03T22:55:30.000Z	0	93	0.0308	0.02	0.4428	0.0006	0.397	0.0011	0.0
2024-04-01	092	h12v02	MOD10A1.A2024092.h12v02.061.2024094225539	terra	https://modiseuwest.blob.core.windows.net/modis-061-cogs/MOD10A1/12/02/2024092/MOD10A1.A2024092.h12v02.061.2024094225539_NDSI_Snow_Cover.tif	2437434	eze3o1qHJB/G8/jH7YYuAg==	7b37b7a35a87241fc6f3f8c7ed862e02	1	1	-	2024-04-03T22:58:01.000Z	40	60	0.2942	0.2942	0.3032	0.0019	0.0317	0.0032	0.0
2024-04-01	092	h12v03	MOD10A1.A2024092.h12v03.061.2024094225220	terra	https://modiseuwest.blob.core.windows.net/modis-061-cogs/MOD10A1/12/03/2024092/MOD10A1.A2024092.h12v03.061.2024094225220_NDSI_Snow_Cover.tif	2407166	gfNZk3Rnt+Y6Vs+x1xctWw==	81f359937467b7e63a56cfb1d7172d5b	1	1	-	2024-04-03T22:54:25.000Z	41	59	0.3648	0.3648	0.3936	0.0013	0.0023	0.0019	0.0
2024-04-01	092	h12v04	MOD10A1.A2024092.h12v04.061.2024094225502	terra	https://modiseuwest.blob.core.windows.net/modis-061-cogs/MOD10A1/12/04/2024092/MOD10A1.A2024092.h12v04.061.2024094225502_NDSI_Snow_Cover.tif	1315808	aN9JrjOdNWZY1utOy1ZH3A==	68df49ae339d356658d6eb4ecb5647dc	1	1	-	2024-04-03T22:57:10.000Z	14	62	0.2225	0.1652	0.3766	0.001	0.1268	0.046	0.0
2024-04-01	092	h12v05	MOD10A1.A2024092.h12v05.061.2024094224550	terra	https://modiseuwest.blob.core.windows.net/modis-061-cogs/MOD10A1/12/05/2024092/MOD10A1.A2024092.h12v05.061.2024094224550_NDSI_Snow_Cover.tif	48356	+5o5ZxOCuNvoZ7IN0ZMHNA==	fb9a39671382b8dbe867b20dd1930734	1	1	-	2024-04-03T22:47:59.000Z	0	100	0.0	0.0	0.0292	0.0	0.9624	0.0	0.0
2024-04-01	092	h13v02	MOD10A1.A2024092.h13v02.061.2024094225917	terra	https://modiseuwest.blob.core.windows.net/modis-061-cogs/MOD10A1/13/02/2024092/MOD10A1.A2024092.h13v02.061.2024094225917_NDSI_Snow_Cover.tif	1291565	1av7qRf55uoeSYZoCjTc1w==	d5abfba917f9e6ea1e4986680a34dcd7	1	1	-	2024-04-03T23:01:38.000Z	36	64	0.2192	0.2192	0.3109	0.0014	0.1938	0.0026	0.0
2024-04-01	092	h13v03	MOD10A1.A2024092.h13v03.061.2024094225638	terra	https://modiseuwest.blob.core.windows.net/modis-061-cogs/MOD10A1/13/03/2024092/MOD10A1.A2024092.h13v03.061.2024094225638_NDSI_Snow_Cover.tif	1209462	NIPMDOPhM6Qkj8XSeG4dkg==	3483cc0ce3e133a4248fc5d2786e1d92	1	1	-	2024-04-03T22:58:50.000Z	37	63	0.1861	0.1861	0.2749	0.0008	0.3904	0.0014	0.0
2024-04-01	092	h13v04	MOD10A1.A2024092.h13v04.061.2024094225057	terra	https://modiseuwest.blob.core.windows.net/modis-061-cogs/MOD10A1/13/04/2024092/MOD10A1.A2024092.h13v04.061.2024094225057_NDSI_Snow_Cover.tif	932868	k9IeR4AwUNdpkOcSnf5CqQ==	93d21e47803050d76990e7129dfe42a9	1	1	-	2024-04-03T22:53:04.000Z	25	51	0.1446	0.1104	0.0852	0.0007	0.6116	0.0012	0.0
2024-04-01	092	h14v02	MOD10A1.A2024092.h14v02.061.2024094231000	terra	https://modiseuwest.blob.core.windows.net/modis-061-cogs/MOD10A1/14/02/2024092/MOD10A1.A2024092.h14v02.061.2024094231000_NDSI_Snow_Cover.tif	993532	JIHIJ0Z01lP75lUbKbZLJA==	2481c8274674d653fbe6551b29b64b24	1	1	-	2024-04-03T23:16:37.000Z	32	68	0.1138	0.1138	0.1743	0.0012	0.4254	0.0031	0.0
2024-04-01	092	h14v03	MOD10A1.A2024092.h14v03.061.2024094230119	terra	https://modiseuwest.blob.core.windows.net/modis-061-cogs/MOD10A1/14/03/2024092/MOD10A1.A2024092.h14v03.061.2024094230119_NDSI_Snow_Cover.tif	688971	2DfiIIkEif2Tl1aI1PpHDg==	d837e220890489fd93975688d4fa470e	1	1	-	2024-04-03T23:08:03.000Z	20	80	0.0836	0.0836	0.3622	0.0005	0.4223	0.0007	0.0
2024-04-01	092	h14v04	MOD10A1.A2024092.h14v04.061.2024094230631	terra	https://modiseuwest.blob.core.windows.net/modis-061-cogs/MOD10A1/14/04/2024092/MOD10A1.A2024092.h14v04.061.2024094230631_NDSI_Snow_Cover.tif	91315	CBLabV9eSImI5w0R/My9wQ==	0812da6d5f5e488988e70d11fcccbdc1	1	1	-	2024-04-03T23:13:11.000Z	1	98	0.0004	0.0004	0.0575	0.0	0.9101	0.0003	0.0
2024-04-01	092	h15v02	MOD10A1.A2024092.h15v02.061.2024094231619	terra	https://modiseuwest.blob.core.windows.net/modis-061-cogs/MOD10A1/15/02/2024092/MOD10A1.A2024092.h15v02.061.2024094231619_NDSI_Snow_Cover.tif	814621	cLDTh0xnfClJijNZN+9S/g==	70b0d3874c677c29498a335937ef52fe	1	1	-	2024-04-03T23:18:44.000Z	40	60	0.1221	0.1221	0.1296	0.0005	0.5874	0.0014	0.0
2024-04-01	092	h15v03	MOD10A1.A2024092.h15v03.061.2024094225739	terra	https://modiseuwest.blob.core.windows.net/modis-061-cogs/MOD10A1/15/03/2024092/MOD10A1.A2024092.h15v03.061.2024094225739_NDSI_Snow_Cover.tif	35183	jdkgaUvEtXR/7z0zGUg1vg==	8dd920694bc4b5747fef3d33194835be	1	1	-	2024-04-03T22:59:50.000Z	13	83	0.0	0.0	0.0001	0.0	0.9987	0.0	0.0
2024-04-01	092	h15v05	MOD10A1.A2024092.h15v05.061.2024094232514	terra	https://modiseuwest.blob.core.windows.net/modis-061-cogs/MOD10A1/15/05/2024092/MOD10A1.A2024092.h15v05.061.2024094232514_NDSI_Snow_Cover.tif	38426	5qPNuW+0BhXJKNjeMkdaIQ==	e6a3cdb96fb40615c928d8de32475a21	1	1	-	2024-04-03T23:31:52.000Z	0	49	0.0003	0.0003	0.0003	0.0	0.996	0.0	0.0
2024-04-01	092	h16v02	MOD10A1.A2024092.h16v02.061.2024094232116	terra	https://modiseuwest.blob.core.windows.net/modis-061-cogs/MOD10A1/16/02/2024092/MOD10A1.A2024092.h16v02.061.2024094232116_NDSI_Snow_Cover.tif	1127568	oPmUOqefJ+/9T91g8s0EkQ==	a0f9943aa79f27effd4fdd60f2cd0491	1	1	-	2024-04-03T23:23:38.000Z	91	9	0.3422	0.3422	0.0162	0.0002	0.5918	0.0006	0.0
2024-04-01	092	h16v05	MOD10A1.A2024092.h16v05.061.2024094231647	terra	https://modiseuwest.blob.core.windows.net/modis-061-cogs/MOD10A1/16/05/2024092/MOD10A1.A2024092.h16v05.061.2024094231647_NDSI_Snow_Cover.tif	35049	HYJh1Wfm1R8S0RJyDewSPQ==	1d8261d567e6d51f12d112720dec123d	1	1	-	2024-04-03T23:19:22.000Z	0	42	0.0003	0.0003	0.0	0.0	0.998	0.0	0.0
2024-04-01	092	h17v02	MOD10A1.A2024092.h17v02.061.2024094232434	terra	https://modiseuwest.blob.core.windows.net/modis-061-cogs/MOD10A1/17/02/2024092/MOD10A1.A2024092.h17v02.061.2024094232434_NDSI_Snow_Cover.tif	315050	m9ESL9Eo7hQ+Y+PMo0J3Qg==	9bd1122fd128ee143e63e3cca3427742	1	1	-	2024-04-03T23:26:46.000Z	39	53	0.0385	0.0366	0.0196	0.0002	0.8851	0.0007	0.0
2024-04-01	092	h17v03	MOD10A1.A2024092.h17v03.061.2024094225538	terra	https://modiseuwest.blob.core.windows.net/modis-061-cogs/MOD10A1/17/03/2024092/MOD10A1.A2024092.h17v03.061.2024094225538_NDSI_Snow_Cover.tif	258057	i+Xe9lGqye3Cl4vhj0rtLg==	8be5def651aac9edc2978be18f4aed2e	1	1	-	2024-04-03T22:57:58.000Z	1	89	0.0166	0.0149	0.143	0.0004	0.7392	0.0009	0.0
2024-04-01	092	h17v04	MOD10A1.A2024092.h17v04.061.2024094225530	terra	https://modiseuwest.blob.core.windows.net/modis-061-cogs/MOD10A1/17/04/2024092/MOD10A1.A2024092.h17v04.061.2024094225530_NDSI_Snow_Cover.tif	477092	Y6uPaBAZOzxqnliDVqr+UQ==	63ab8f6810193b3c6a9e588356aafe51	1	1	-	2024-04-03T22:57:40.000Z	3	65	0.0881	0.0572	0.0571	0.001	0.6742	0.0014	0.0
2024-04-01	092	h17v05	MOD10A1.A2024092.h17v05.061.2024094230539	terra	https://modiseuwest.blob.core.windows.net/modis-061-cogs/MOD10A1/17/05/2024092/MOD10A1.A2024092.h17v05.061.2024094230539_NDSI_Snow_Cover.tif	564890	nTzR7Enk0FtBaeZIgCSD4Q==	9d3cd1ec49e4d05b4169e648802483e1	1	1	-	2024-04-03T23:12:25.000Z	1	41	0.3251	0.1001	0.0824	0.0012	0.3922	0.0016	0.0001
2024-04-01	092	h18v02	MOD10A1.A2024092.h18v02.061.2024094232419	terra	https://modiseuwest.blob.core.windows.net/modis-061-cogs/MOD10A1/18/02/2024092/MOD10A1.A2024092.h18v02.061.2024094232419_NDSI_Snow_Cover.tif	912193	myA9O/znlASUuAaygoJeeg==	9b203d3bfce7940494b806b282825e7a	1	1	-	2024-04-03T23:26:37.000Z	23	75	0.0849	0.0841	0.2373	0.0008	0.4927	0.0018	0.0
2024-04-01	092	h18v03	MOD10A1.A2024092.h18v03.061.2024094225717	terra	https://modiseuwest.blob.core.windows.net/modis-061-cogs/MOD10A1/18/03/2024092/MOD10A1.A2024092.h18v03.061.2024094225717_NDSI_Snow_Cover.tif	401348	m6Dm7iY+2FpUXiryLu9FMQ==	9ba0e6ee263ed85a545e2af22eef4531	1	1	-	2024-04-03T22:59:20.000Z	2	86	0.0594	0.0423	0.3679	0.0004	0.4456	0.0014	0.0
2024-04-01	092	h18v04	MOD10A1.A2024092.h18v04.061.2024094231129	terra	https://modiseuwest.blob.core.windows.net/modis-061-cogs/MOD10A1/18/04/2024092/MOD10A1.A2024092.h18v04.061.2024094231129_NDSI_Snow_Cover.tif	511042	hFKfWRVsXdSL1oD28gz3AA==	84529f59156c5dd48bd680f6f20cf700	1	1	-	2024-04-03T23:18:06.000Z	2	79	0.1323	0.0655	0.4129	0.0006	0.2606	0.0017	0.0
2024-04-01	092	h18v05	MOD10A1.A2024092.h18v05.061.2024094225532	terra	https://modiseuwest.blob.core.windows.net/modis-061-cogs/MOD10A1/18/05/2024092/MOD10A1.A2024092.h18v05.061.2024094225532_NDSI_Snow_Cover.tif	206142	7fPECyUenja5vJDdL5pGaQ==	edf3c40b251e9e36b9bc90dd2f9a4669	1	1	-	2024-04-03T22:57:49.000Z	0	12	0.5617	0.0381	0.0283	0.0003	0.3348	0.0005	0.0
2024-04-01	092	h19v02	MOD10A1.A2024092.h19v02.061.2024094232418	terra	https://modiseuwest.blob.core.windows.net/modis-061-cogs/MOD10A1/19/02/2024092/MOD10A1.A2024092.h19v02.061.2024094232418_NDSI_Snow_Cover.tif	397065	4AYdEDWgtZUDGTffuD72ew==	e0061d1035a0b595031937dfb83ef67b	1	1	-	2024-04-03T23:26:36.000Z	6	92	0.0477	0.0436	0.6362	0.0004	0.2115	0.0011	0.0
2024-04-01	092	h19v03	MOD10A1.A2024092.h19v03.061.2024094224849	terra	https://modiseuwest.blob.core.windows.net/modis-061-cogs/MOD10A1/19/03/2024092/MOD10A1.A2024092.h19v03.061.2024094224849_NDSI_Snow_Cover.tif	771024	A8u4cnyhPOjmZIE0JaVW+Q==	03cbb8727ca13ce8e664813425a556f9	1	1	-	2024-04-03T22:50:59.000Z	1	55	0.3749	0.172	0.2559	0.0009	0.1093	0.0019	0.0
2024-04-01	092	h19v04	MOD10A1.A2024092.h19v04.061.2024094225610	terra	https://modiseuwest.blob.core.windows.net/modis-061-cogs/MOD10A1/19/04/2024092/MOD10A1.A2024092.h19v04.061.2024094225610_NDSI_Snow_Cover.tif	548259	nPDmn7Lh/9MSxm2VyAUrKg==	9cf0e69fb2e1ffd312c66d95c8052b2a	1	1	-	2024-04-03T22:58:40.000Z	0	68	0.2662	0.0956	0.4105	0.0008	0.1091	0.0016	0.0
2024-04-01	092	h19v05	MOD10A1.A2024092.h19v05.061.2024094224915	terra	https://modiseuwest.blob.core.windows.net/modis-061-cogs/MOD10A1/19/05/2024092/MOD10A1.A2024092.h19v05.061.2024094224915_NDSI_Snow_Cover.tif	144191	EU7K1+VY8vNgkI9VEULm0g==	114ecad7e558f2f360908f551142e6d2	1	1	-	2024-04-03T22:51:29.000Z	0	15	0.2428	0.0168	0.0292	0.0002	0.6723	0.0006	0.0001
2024-04-01	092	h20v02	MOD10A1.A2024092.h20v02.061.2024094232601	terra	https://modiseuwest.blob.core.windows.net/modis-061-cogs/MOD10A1/20/02/2024092/MOD10A1.A2024092.h20v02.061.2024094232601_NDSI_Snow_Cover.tif	897285	KWMX1dXu7+/kpbrPxPvwIQ==	296317d5d5eeefefe4a5bacfc4fbf021	1	1	-	2024-04-03T23:32:33.000Z	17	83	0.1185	0.1185	0.6031	0.001	0.0493	0.0022	0.0
2024-04-01	092	h20v03	MOD10A1.A2024092.h20v03.061.2024094225742	terra	https://modiseuwest.blob.core.windows.net/modis-061-cogs/MOD10A1/20/03/2024092/MOD10A1.A2024092.h20v03.061.2024094225742_NDSI_Snow_Cover.tif	1016476	KskcgvAQHGrUlW260Ci5BA==	2ac91c82f0101c6ad4956dbad028b904	1	1	-	2024-04-03T22:59:51.000Z	8	67	0.3023	0.1633	0.47	0.0011	0.0019	0.0019	0.0
2024-04-01	092	h20v04	MOD10A1.A2024092.h20v04.061.2024094225601	terra	https://modiseuwest.blob.core.windows.net/modis-061-cogs/MOD10A1/20/04/2024092/MOD10A1.A2024092.h20v04.061.2024094225601_NDSI_Snow_Cover.tif	414732	PJla47B8+gc0oKGYV86vAQ==	3c995ae3b07cfa0734a0a19857ceaf01	1	1	-	2024-04-03T22:58:04.000Z	1	21	0.4827	0.1065	0.0716	0.0004	0.3403	0.001	0.0
2024-04-01	092	h20v05	MOD10A1.A2024092.h20v05.061.2024094231310	terra	https://modiseuwest.blob.core.windows.net/modis-061-cogs/MOD10A1/20/05/2024092/MOD10A1.A2024092.h20v05.061.2024094231310_NDSI_Snow_Cover.tif	243247	fQOU8grycQ1fOcQQhFy8GA==	7d0394f20af2710d5f39c410845cbc18	1	1	-	2024-04-03T23:19:50.000Z	1	2	0.4782	0.0597	0.0005	0.0001	0.4647	0.0006	0.0
2024-04-01	092	h21v02	MOD10A1.A2024092.h21v02.061.2024094232238	terra	https://modiseuwest.blob.core.windows.net/modis-061-cogs/MOD10A1/21/02/2024092/MOD10A1.A2024092.h21v02.061.2024094232238_NDSI_Snow_Cover.tif	2414276	wZrKB2xt4LX9gt/hA2ZLAQ==	c19aca076c6de0b5fd82dfe103664b01	1	1	-	2024-04-03T23:24:53.000Z	41	59	0.3166	0.3166	0.2984	0.0021	0.0034	0.0027	0.0
2024-04-01	092	h21v03	MOD10A1.A2024092.h21v03.061.2024094225918	terra	https://modiseuwest.blob.core.windows.net/modis-061-cogs/MOD10A1/21/03/2024092/MOD10A1.A2024092.h21v03.061.2024094225918_NDSI_Snow_Cover.tif	298859	czT+AtH7rPJG08+BeDFH/w==	7334fe02d1fbacf246d3cf81783147ff	1	1	-	2024-04-03T23:01:34.000Z	2	94	0.0462	0.0295	0.8718	0.0003	0.0007	0.0005	0.0
2024-04-01	092	h21v04	MOD10A1.A2024092.h21v04.061.2024094180452	terra	https://modiseuwest.blob.core.windows.net/modis-061-cogs/MOD10A1/21/04/2024092/MOD10A1.A2024092.h21v04.061.2024094180452_NDSI_Snow_Cover.tif	917906	XG6k2uyTltRosuwIlTfczw==	5c6ea4daec9396d468b2ec089537dccf	1	1	-	2024-04-03T18:07:02.000Z	6	20	0.6098	0.187	0.0757	0.0007	0.0179	0.1237	0.0
2024-04-01	092	h21v05	MOD10A1.A2024092.h21v05.061.2024094230337	terra	https://modiseuwest.blob.core.windows.net/modis-061-cogs/MOD10A1/21/05/2024092/MOD10A1.A2024092.h21v05.061.2024094230337_NDSI_Snow_Cover.tif	527816	n5whqdz6dKYsoP3qhUUoNg==	9f9c21a9dcfa74a62ca0fdea85452836	1	1	-	2024-04-03T23:06:10.000Z	6	3	0.9099	0.1137	0.0048	0.0001	0.0008	0.0401	0.0001
2024-04-01	092	h22v02	MOD10A1.A2024092.h22v02.061.2024094232314	terra	https://modiseuwest.blob.core.windows.net/modis-061-cogs/MOD10A1/22/02/2024092/MOD10A1.A2024092.h22v02.061.2024094232314_NDSI_Snow_Cover.tif	2186675	TEPAF3X9glcZNmhoN+Ub/Q==	4c43c01775fd82571936686837e51bfd	1	1	-	2024-04-03T23:25:28.000Z	32	68	0.244	0.244	0.4022	0.0021	0.0031	0.0029	0.0
2024-04-01	092	h22v03	MOD10A1.A2024092.h22v03.061.2024094231512	terra	https://modiseuwest.blob.core.windows.net/modis-061-cogs/MOD10A1/22/03/2024092/MOD10A1.A2024092.h22v03.061.2024094231512_NDSI_Snow_Cover.tif	1664531	2JAd/Mu/qBUpMXs4R6v5Xg==	d8901dfccbbfa81529317b3847abf95e	1	1	-	2024-04-03T23:21:54.000Z	20	71	0.236	0.1775	0.4935	0.0015	0.0023	0.0022	0.0
2024-04-01	092	h22v04	MOD10A1.A2024092.h22v04.061.2024094143919	terra	https://modiseuwest.blob.core.windows.net/modis-061-cogs/MOD10A1/22/04/2024092/MOD10A1.A2024092.h22v04.061.2024094143919_NDSI_Snow_Cover.tif	714480	eGcVkzHHxTq0KMR0NdAMrg==	7867159331c7c53ab428c47435d00cae	1	1	-	2024-04-03T14:45:57.000Z	3	25	0.7079	0.1732	0.1338	0.0007	0.002	0.0121	0.0
2024-04-01	092	h22v05	MOD10A1.A2024092.h22v05.061.2024094181457	terra	https://modiseuwest.blob.core.windows.net/modis-061-cogs/MOD10A1/22/05/2024092/MOD10A1.A2024092.h22v05.061.2024094181457_NDSI_Snow_Cover.tif	500690	4E/3O1gNejAOfEGeeL/m7w==	e04ff73b580d7a300e7c419e78bfe6ef	1	1	-	2024-04-03T18:21:55.000Z	1	21	0.719	0.1187	0.0859	0.0008	0.0031	0.0473	0.0
2024-04-01	092	h23v02	MOD10A1.A2024092.h23v02.061.2024094232310	terra	https://modiseuwest.blob.core.windows.net/modis-061-cogs/MOD10A1/23/02/2024092/MOD10A1.A2024092.h23v02.061.2024094232310_NDSI_Snow_Cover.tif	2965272	LlJoAllyUsEg5Q6ea1i42w==	2e526802597252c120e50e9e6b58b8db	1	1	-	2024-04-03T23:25:35.000Z	58	42	0.5036	0.5036	0.2243	0.0012	0.0148	0.0017	0.0
2024-04-01	092	h23v03	MOD10A1.A2024092.h23v03.061.2024094230139	terra	https://modiseuwest.blob.core.windows.net/modis-061-cogs/MOD10A1/23/03/2024092/MOD10A1.A2024092.h23v03.061.2024094230139_NDSI_Snow_Cover.tif	1049848	O3SpwRkFK5FTtEHmzlbteQ==	3b74a9c119052b9153b441e6ce56ed79	1	1	-	2024-04-03T23:04:05.000Z	9	89	0.0596	0.0563	0.5604	0.0019	0.0047	0.004	0.0
2024-04-01	092	h23v04	MOD10A1.A2024092.h23v04.061.2024094144009	terra	https://modiseuwest.blob.core.windows.net/modis-061-cogs/MOD10A1/23/04/2024092/MOD10A1.A2024092.h23v04.061.2024094144009_NDSI_Snow_Cover.tif	1313191	b+2Ghnr7EBlzuadrRfxRcA==	6fed86867afb101973b9a76b45fc5170	1	1	-	2024-04-03T14:47:46.000Z	14	31	0.6378	0.2379	0.1322	0.001	0.0019	0.0028	0.0
2024-04-01	092	h23v05	MOD10A1.A2024092.h23v05.061.2024094143948	terra	https://modiseuwest.blob.core.windows.net/modis-061-cogs/MOD10A1/23/05/2024092/MOD10A1.A2024092.h23v05.061.2024094143948_NDSI_Snow_Cover.tif	1089536	e6WndxLFF6WHj4uQjfdNMw==	7ba5a77712c517a5878f8b908df74d33	1	1	-	2024-04-03T14:46:51.000Z	14	17	0.8057	0.2169	0.0542	0.0006	0.0008	0.0008	0.0
2024-04-01	092	h24v02	MOD10A1.A2024092.h24v02.061.2024094233724	terra	https://modiseuwest.blob.core.windows.net/modis-061-cogs/MOD10A1/24/02/2024092/MOD10A1.A2024092.h24v02.061.2024094233724_NDSI_Snow_Cover.tif	3281948	aM/lmhpbqV+7FXjMHl3xqQ==	68cfe59a1a5ba95fbb1578cc1e5df1a9	1	1	-	2024-04-03T23:39:37.000Z	64	24	0.5336	0.5334	0.0269	0.0019	0.0114	0.0022	0.1166
2024-04-01	092	h24v03	MOD10A1.A2024092.h24v03.061.2024094225947	terra	https://modiseuwest.blob.core.windows.net/modis-061-cogs/MOD10A1/24/03/2024092/MOD10A1.A2024092.h24v03.061.2024094225947_NDSI_Snow_Cover.tif	2506854	ypkPjqc3q8F3Uwa5uyNwKw==	ca990f8ea737abc1775306b9bb23702b	1	1	-	2024-04-03T23:01:53.000Z	37	57	0.3588	0.3423	0.3094	0.0014	0.0024	0.0023	0.0
2024-04-01	092	h24v04	MOD10A1.A2024092.h24v04.061.2024094143358	terra	https://modiseuwest.blob.core.windows.net/modis-061-cogs/MOD10A1/24/04/2024092/MOD10A1.A2024092.h24v04.061.2024094143358_NDSI_Snow_Cover.tif	652202	ZmYhYSQz44VZiKC1i4QleA==	666621612433e3855988a0b58b842578	1	1	-	2024-04-03T14:36:23.000Z	3	70	0.2783	0.1187	0.5434	0.0009	0.0011	0.0014	0.0
2024-04-01	092	h24v05	MOD10A1.A2024092.h24v05.061.2024094143345	terra	https://modiseuwest.blob.core.windows.net/modis-061-cogs/MOD10A1/24/05/2024092/MOD10A1.A2024092.h24v05.061.2024094143345_NDSI_Snow_Cover.tif	1212346	6Yi/SKMxBgbD2vs3Uk481Q==	e988bf48a3310606c3dafb37524e3cd5	1	1	-	2024-04-03T14:36:19.000Z	11	36	0.6081	0.2235	0.1951	0.0009	0.0016	0.0013	0.0002
2024-04-01	092	h25v02	MOD10A1.A2024092.h25v02.061.2024094232024	terra	https://modiseuwest.blob.core.windows.net/modis-061-cogs/MOD10A1/25/02/2024092/MOD10A1.A2024092.h25v02.061.2024094232024_NDSI_Snow_Cover.tif	882870	/znH0O6xZ891XvPjSRyH+A==	ff39c7d0eeb167cf755ef3e3491c87f8	1	1	-	2024-04-03T23:23:00.000Z	18	32	0.1326	0.1326	0.1827	0.0008	0.0614	0.0014	0.4571
2024-04-01	092	h25v03	MOD10A1.A2024092.h25v03.061.2024094232815	terra	https://modiseuwest.blob.core.windows.net/modis-061-cogs/MOD10A1/25/03/2024092/MOD10A1.A2024092.h25v03.061.2024094232815_NDSI_Snow_Cover.tif	2303128	hk4s+lCpj3PdTcTfSn8pdQ==	864e2cfa50a98f73dd4dc4df4a7f2975	1	1	-	2024-04-03T23:34:58.000Z	40	52	0.282	0.2515	0.0918	0.0024	0.2126	0.0033	0.0
2024-04-01	092	h25v04	MOD10A1.A2024092.h25v04.061.2024094144832	terra	https://modiseuwest.blob.core.windows.net/modis-061-cogs/MOD10A1/25/04/2024092/MOD10A1.A2024092.h25v04.061.2024094144832_NDSI_Snow_Cover.tif	799865	ur+BbyYTQmnL2ac0J7AA6w==	babf816f26134269cbd9a73427b000eb	1	1	-	2024-04-03T14:55:19.000Z	6	58	0.3887	0.1484	0.3831	0.001	0.0019	0.0016	0.0
2024-04-01	092	h25v05	MOD10A1.A2024092.h25v05.061.2024094144734	terra	https://modiseuwest.blob.core.windows.net/modis-061-cogs/MOD10A1/25/05/2024092/MOD10A1.A2024092.h25v05.061.2024094144734_NDSI_Snow_Cover.tif	868722	lLs6bfoRI4IphE9oGvZZdQ==	94bb3a6dfa11238229844f681af65975	1	1	-	2024-04-03T14:55:08.000Z	5	56	0.4099	0.1637	0.3731	0.0008	0.0014	0.0021	0.0
2024-04-01	092	h26v02	MOD10A1.A2024092.h26v02.061.2024094232227	terra	https://modiseuwest.blob.core.windows.net/modis-061-cogs/MOD10A1/26/02/2024092/MOD10A1.A2024092.h26v02.061.2024094232227_NDSI_Snow_Cover.tif	60875	uyXMkvsoHp34BxNlu72MoQ==	bb25cc92fb281e9df8071365bbbd8ca1	1	1	-	2024-04-03T23:24:32.000Z	0	9	0.0002	0.0002	0.0729	0.0	0.1	0.0001	0.8126
2024-04-01	092	h26v03	MOD10A1.A2024092.h26v03.061.2024094232744	terra	https://modiseuwest.blob.core.windows.net/modis-061-cogs/MOD10A1/26/03/2024092/MOD10A1.A2024092.h26v03.061.2024094232744_NDSI_Snow_Cover.tif	411971	MXSvAWvQVaQyEZzZhvqdqg==	3174af016bd055a432119cd986fa9daa	1	1	-	2024-04-03T23:34:21.000Z	7	84	0.0481	0.0297	0.2585	0.0004	0.5757	0.0009	0.0
2024-04-01	092	h26v04	MOD10A1.A2024092.h26v04.061.2024094143842	terra	https://modiseuwest.blob.core.windows.net/modis-061-cogs/MOD10A1/26/04/2024092/MOD10A1.A2024092.h26v04.061.2024094143842_NDSI_Snow_Cover.tif	834561	CPsfD1wfBEkB2e1bXibEUw==	08fb1f0f5c1f044901d9ed5b5e26c453	1	1	-	2024-04-03T14:40:52.000Z	4	35	0.6266	0.1875	0.1591	0.0012	0.0017	0.0015	0.0
2024-04-01	092	h26v05	MOD10A1.A2024092.h26v05.061.2024094145009	terra	https://modiseuwest.blob.core.windows.net/modis-061-cogs/MOD10A1/26/05/2024092/MOD10A1.A2024092.h26v05.061.2024094145009_NDSI_Snow_Cover.tif	721382	lxSFpUY16O5+0YIYFDAdww==	971485a54635e8ee7ed1821814301dc3	1	1	-	2024-04-03T14:56:43.000Z	3	65	0.3314	0.1512	0.4608	0.001	0.0017	0.0016	0.0009
2024-04-01	092	h27v03	MOD10A1.A2024092.h27v03.061.2024094232729	terra	https://modiseuwest.blob.core.windows.net/modis-061-cogs/MOD10A1/27/03/2024092/MOD10A1.A2024092.h27v03.061.2024094232729_NDSI_Snow_Cover.tif	85252	UE5spQVHiN6pT+yHWJI50w==	504e6ca5054788dea94fec87589239d3	1	1	-	2024-04-03T23:34:16.000Z	0	22	0.0001	0.0001	0.0721	0.0	0.6672	0.0001	0.2445
2024-04-01	092	h27v04	MOD10A1.A2024092.h27v04.061.2024094144027	terra	https://modiseuwest.blob.core.windows.net/modis-061-cogs/MOD10A1/27/04/2024092/MOD10A1.A2024092.h27v04.061.2024094144027_NDSI_Snow_Cover.tif	531049	KGHd+lxE7SNeCjcAvITM0w==	2861ddfa5c44ed235e0a3700bc84ccd3	1	1	-	2024-04-03T14:47:15.000Z	3	48	0.2878	0.0915	0.1604	0.0008	0.4012	0.0015	0.0
2024-04-01	092	h27v05	MOD10A1.A2024092.h27v05.061.2024094143608	terra	https://modiseuwest.blob.core.windows.net/modis-061-cogs/MOD10A1/27/05/2024092/MOD10A1.A2024092.h27v05.061.2024094143608_NDSI_Snow_Cover.tif	334964	5m74Wu3Q00sVTsmGtCIwWA==	e66ef85aedd0d34b154ec986b4223058	1	1	-	2024-04-03T14:38:11.000Z	0	67	0.2439	0.0628	0.4287	0.0004	0.1978	0.0012	0.0
2024-04-01	092	h28v03	MOD10A1.A2024092.h28v03.061.2024094232419	terra	https://modiseuwest.blob.core.windows.net/modis-061-cogs/MOD10A1/28/03/2024092/MOD10A1.A2024092.h28v03.061.2024094232419_NDSI_Snow_Cover.tif	42160	+MKTN7N7FMeodOrpucpmeQ==	f8c29337b37b14c7a874eae9b9ca6679	1	1	-	2024-04-03T23:26:26.000Z	0	0	0.0	0.0	0.0003	0.0	0.4114	0.0	0.5864
2024-04-01	092	h28v04	MOD10A1.A2024092.h28v04.061.2024094232815	terra	https://modiseuwest.blob.core.windows.net/modis-061-cogs/MOD10A1/28/04/2024092/MOD10A1.A2024092.h28v04.061.2024094232815_NDSI_Snow_Cover.tif	222623	c3EYQLYUrizAr1TwTqC/VQ==	73711840b614ae2cc0af54f04ea0bf55	1	1	-	2024-04-03T23:34:44.000Z	3	18	0.0143	0.0116	0.0202	0.0003	0.665	0.0006	0.2307
2024-04-01	092	h28v05	MOD10A1.A2024092.h28v05.061.2024094144046	terra	https://modiseuwest.blob.core.windows.net/modis-061-cogs/MOD10A1/28/05/2024092/MOD10A1.A2024092.h28v05.061.2024094144046_NDSI_Snow_Cover.tif	274713	Q6k7VVuZhItZVOnt5l6AAQ==	43a93b555b99848b5954e9ede65e8001	1	1	-	2024-04-03T14:43:05.000Z	2	24	0.1885	0.0557	0.0391	0.0004	0.6907	0.0011	0.0
2024-04-01	092	h29v03	MOD10A1.A2024092.h29v03.061.2024094230803	terra	https://modiseuwest.blob.core.windows.net/modis-061-cogs/MOD10A1/29/03/2024092/MOD10A1.A2024092.h29v03.061.2024094230803_NDSI_Snow_Cover.tif	36476	+SannZHbGDglk8NmWBRSmA==	f926a79d91db18382593c36658145298	1	1	-	2024-04-03T23:14:33.000Z	0	0	0.0	0.0	0.0	0.0	0.069	0.0	0.9298
2024-04-01	092	h29v05	MOD10A1.A2024092.h29v05.061.2024094144009	terra	https://modiseuwest.blob.core.windows.net/modis-061-cogs/MOD10A1/29/05/2024092/MOD10A1.A2024092.h29v05.061.2024094144009_NDSI_Snow_Cover.tif	227341	/qSySSbMhyZ3UmTu+Hmc8Q==	fea4b24926cc8726775264eef8799cf1	1	1	-	2024-04-03T14:47:55.000Z	1	14	0.102	0.0379	0.0146	0.0003	0.6619	0.0007	0.1581
2024-04-01	092	h30v05	MOD10A1.A2024092.h30v05.061.2024094233054	terra	https://modiseuwest.blob.core.windows.net/modis-061-cogs/MOD10A1/30/05/2024092/MOD10A1.A2024092.h30v05.061.2024094233054_NDSI_Snow_Cover.tif	43246	7dXp/y7gl78vNcYNcTrDnw==	edd5e9ff2ee097bf2f35c60d713ac39f	1	1	-	2024-04-03T23:37:31.000Z	0	0	0.0	0.0	0.0	0.0	0.2949	0.0	0.7051
2024-04-15	106	h06v03	MOD10A1.A2024106.h06v03.061.2024110211249	terra	https://modiseuwest.blob.core.windows.net/modis-061-cogs/MOD10A1/06/03/2024106/MOD10A1.A2024106.h06v03.061.2024110211249_NDSI_Snow_Cover.tif	36942	9Q81pvCiRDz1yy3JrxRI6A==	f50f35a6f0a2443cf5cb2dc9af1448e8	1	1	-	2024-04-19T21:15:05.000Z	0	0	0.0	0.0	0.0	0.0	0.0689	0.0	0.93
2024-04-15	106	h07v03	MOD10A1.A2024106.h07v03.061.2024110210123	terra	https://modiseuwest.blob.core.windows.net/modis-061-cogs/MOD10A1/07/03/2024106/MOD10A1.A2024106.h07v03.061.2024110210123_NDSI_Snow_Cover.tif	54614	njiku1PO1OrCaeZf1C796A==	9e38a4bb53ced4eac269e65fd42efde8	1	1	-	2024-04-19T21:03:28.000Z	0	1	0.0	0.0	0.0006	0.0	0.4253	0.0002	0.5638
2024-04-15	106	h08v03	MOD10A1.A2024106.h08v03.061.2024110211216	terra	https://modiseuwest.blob.core.windows.net/modis-061-cogs/MOD10A1/08/03/2024106/MOD10A1.A2024106.h08v03.061.2024110211216_NDSI_Snow_Cover.tif	63195	9SBG79vzyfaYiK6/LBZXhw==	f52046efdbf3c9f69888aebf2c165787	1	1	-	2024-04-19T21:14:47.000Z	0	7	0.0	0.0	0.0065	0.0	0.796	0.0001	0.1808
2024-04-15	106	h08v04	MOD10A1.A2024106.h08v04.061.2024110211347	terra	https://modiseuwest.blob.core.windows.net/modis-061-cogs/MOD10A1/08/04/2024106/MOD10A1.A2024106.h08v04.061.2024110211347_NDSI_Snow_Cover.tif	181168	SCFOUP1J+Qa3ESOONpChkQ==	48214e50fd49f906b711238e3690a191	1	1	-	2024-04-19T21:16:09.000Z	10	45	0.0474	0.0264	0.0167	0.0002	0.9023	0.0004	0.0
2024-04-15	106	h08v05	MOD10A1.A2024106.h08v05.061.2024110210615	terra	https://modiseuwest.blob.core.windows.net/modis-061-cogs/MOD10A1/08/05/2024106/MOD10A1.A2024106.h08v05.061.2024110210615_NDSI_Snow_Cover.tif	446574	nG20UDx9L7HOJr8nLvk40A==	9c6db4503c7d2fb1ce26bf272ef938d0	1	1	-	2024-04-19T21:12:55.000Z	2	19	0.6248	0.0946	0.0565	0.0005	0.2035	0.0008	0.0
2024-04-15	106	h09v02	MOD10A1.A2024106.h09v02.061.2024110211021	terra	https://modiseuwest.blob.core.windows.net/modis-061-cogs/MOD10A1/09/02/2024106/MOD10A1.A2024106.h09v02.061.2024110211021_NDSI_Snow_Cover.tif	45139	0G8vC+3pemMpExihW843og==	d06f2f0bede97a63291318a15bce37a2	1	1	-	2024-04-19T21:12:42.000Z	0	2	0.0	0.0	0.0106	0.0	0.1711	0.0	0.813
2024-04-15	106	h09v03	MOD10A1.A2024106.h09v03.061.2024110211442	terra	https://modiseuwest.blob.core.windows.net/modis-061-cogs/MOD10A1/09/03/2024106/MOD10A1.A2024106.h09v03.061.2024110211442_NDSI_Snow_Cover.tif	232735	yf5LQDYAApfRBzGD98X11g==	c9fe4b4036000297d1073183f7c5f5d6	1	1	-	2024-04-19T21:16:57.000Z	17	76	0.0111	0.011	0.0284	0.0002	0.8899	0.0006	0.0
2024-04-15	106	h09v04	MOD10A1.A2024106.h09v04.061.2024110210852	terra	https://modiseuwest.blob.core.windows.net/modis-061-cogs/MOD10A1/09/04/2024106/MOD10A1.A2024106.h09v04.061.2024110210852_NDSI_Snow_Cover.tif	656591	BDFhPZ0xw4dLeUzy553Qlg==	0431613d9d31c3874b794cf2e79dd096	1	1	-	2024-04-19T21:11:09.000Z	4	69	0.1905	0.0894	0.2651	0.0013	0.3098	0.002	0.0
2024-04-15	106	h09v05	MOD10A1.A2024106.h09v05.061.2024110211211	terra	https://modiseuwest.blob.core.windows.net/modis-061-cogs/MOD10A1/09/05/2024106/MOD10A1.A2024106.h09v05.061.2024110211211_NDSI_Snow_Cover.tif	482384	9spGD0G7P1oifwV+7rJTxw==	f6ca460f41bb3f5a227f057eeeb253c7	1	1	-	2024-04-19T21:19:14.000Z	2	57	0.41	0.0908	0.4588	0.0007	0.0009	0.0011	0.0
2024-04-15	106	h10v02	MOD10A1.A2024106.h10v02.061.2024110211228	terra	https://modiseuwest.blob.core.windows.net/modis-061-cogs/MOD10A1/10/02/2024106/MOD10A1.A2024106.h10v02.061.2024110211228_NDSI_Snow_Cover.tif	782852	B/8CSucVanjaadp7CcyCRQ==	07ff024ae7156a78da69da7b09cc8245	1	1	-	2024-04-19T21:19:09.000Z	16	24	0.1018	0.1015	0.1225	0.0005	0.2035	0.001	0.4575
2024-04-15	106	h10v03	MOD10A1.A2024106.h10v03.061.2024110211157	terra	https://modiseuwest.blob.core.windows.net/modis-061-cogs/MOD10A1/10/03/2024106/MOD10A1.A2024106.h10v03.061.2024110211157_NDSI_Snow_Cover.tif	1463193	ABeXL8weR7OYpbK2wfeW5Q==	0017972fcc1e47b398a5b2b6c1f796e5	1	1	-	2024-04-19T21:18:52.000Z	19	69	0.099	0.0937	0.1098	0.0029	0.3688	0.0044	0.0
2024-04-15	106	h10v04	MOD10A1.A2024106.h10v04.061.2024110211143	terra	https://modiseuwest.blob.core.windows.net/modis-061-cogs/MOD10A1/10/04/2024106/MOD10A1.A2024106.h10v04.061.2024110211143_NDSI_Snow_Cover.tif	657590	ogPDnKG5CmOdgsyCD/egog==	a203c39ca1b90a639d82cc820ff7a0a2	1	1	-	2024-04-19T21:14:05.000Z	2	52	0.4541	0.1248	0.3441	0.001	0.0017	0.0015	0.0
2024-04-15	106	h10v05	MOD10A1.A2024106.h10v05.061.2024110212148	terra	https://modiseuwest.blob.core.windows.net/modis-061-cogs/MOD10A1/10/05/2024106/MOD10A1.A2024106.h10v05.061.2024110212148_NDSI_Snow_Cover.tif	368636	Df8SBYfn2UVdl1tv4Qv0yQ==	0dff120587e7d9455d975b6fe10bf4c9	1	1	-	2024-04-19T21:24:01.000Z	0	49	0.4891	0.0908	0.3731	0.0005	0.0113	0.0012	0.0
2024-04-15	106	h11v02	MOD10A1.A2024106.h11v02.061.2024110211952	terra	https://modiseuwest.blob.core.windows.net/modis-061-cogs/MOD10A1/11/02/2024106/MOD10A1.A2024106.h11v02.061.2024110211952_NDSI_Snow_Cover.tif	2237595	dJlIb8tXF0Wq/sgKoHtPVw==	7499486fcb571745aafec80aa07b4f57	1	1	-	2024-04-19T21:22:05.000Z	46	39	0.3505	0.35	0.2155	0.0005	0.1551	0.0012	0.1168
2024-04-15	106	h11v03	MOD10A1.A2024106.h11v03.061.2024110212500	terra	https://modiseuwest.blob.core.windows.net/modis-061-cogs/MOD10A1/11/03/2024106/MOD10A1.A2024106.h11v03.061.2024110212500_NDSI_Snow_Cover.tif	858812	BlS7uw+3ROWt8ij6okWvtw==	0654bbbb0fb744e5adf228faa245afb7	1	1	-	2024-04-19T21:27:23.000Z	5	82	0.1386	0.0974	0.596	0.0014	0.0027	0.0021	0.0
2024-04-15	106	h11v04	MOD10A1.A2024106.h11v04.061.2024110210623	terra	https://modiseuwest.blob.core.windows.net/modis-061-cogs/MOD10A1/11/04/2024106/MOD10A1.A2024106.h11v04.061.2024110210623_NDSI_Snow_Cover.tif	502997	bRcvHnmcpD3AFU+G4QPMWQ==	6d172f1e799ca43dc0154f86e103cc59	1	1	-	2024-04-19T21:12:55.000Z	1	31	0.5952	0.1519	0.2291	0.0005	0.0024	0.0492	0.0
2024-04-15	106	h11v05	MOD10A1.A2024106.h11v05.061.2024110211644	terra	https://modiseuwest.blob.core.windows.net/modis-061-cogs/MOD10A1/11/05/2024106/MOD10A1.A2024106.h11v05.061.2024110211644_NDSI_Snow_Cover.tif	282560	WYZ9yL7saCoTQW7T+D8J3w==	59867dc8beec682a13416ed3f83f09df	1	1	-	2024-04-19T21:19:05.000Z	0	7	0.5431	0.088	0.0057	0.0003	0.3886	0.0006	0.0
2024-04-15	106	h12v02	MOD10A1.A2024106.h12v02.061.2024110211442	terra	https://modiseuwest.blob.core.windows.net/modis-061-cogs/MOD10A1/12/02/2024106/MOD10A1.A2024106.h12v02.061.2024110211442_NDSI_Snow_Cover.tif	2582919	lKYdrug+2vLq/k8dZVeq3Q==	94a61daee83edaf2eafe4f1d6557aadd	1	1	-	2024-04-19T21:17:09.000Z	47	53	0.3744	0.3742	0.2885	0.0014	0.0303	0.0023	0.0
2024-04-15	106	h12v03	MOD10A1.A2024106.h12v03.061.2024110211645	terra	https://modiseuwest.blob.core.windows.net/modis-061-cogs/MOD10A1/12/03/2024106/MOD10A1.A2024106.h12v03.061.2024110211645_NDSI_Snow_Cover.tif	2601153	zeSm1JGITX8/aO7kcSOTpA==	cde4a6d491884d7f3f68eee4712393a4	1	1	-	2024-04-19T21:19:14.000Z	37	49	0.4725	0.4374	0.3256	0.0007	0.0022	0.0014	0.0
2024-04-15	106	h12v04	MOD10A1.A2024106.h12v04.061.2024110212348	terra	https://modiseuwest.blob.core.windows.net/modis-061-cogs/MOD10A1/12/04/2024106/MOD10A1.A2024106.h12v04.061.2024110212348_NDSI_Snow_Cover.tif	1114848	xr6641HUqK0C9cjLX8Sv/A==	c6bebae351d4a8ad02f5c8cb5fc4affc	1	1	-	2024-04-19T21:30:42.000Z	4	38	0.3965	0.2373	0.136	0.0015	0.1226	0.0688	0.0
2024-04-15	106	h12v05	MOD10A1.A2024106.h12v05.061.2024110211316	terra	https://modiseuwest.blob.core.windows.net/modis-061-cogs/MOD10A1/12/05/2024106/MOD10A1.A2024106.h12v05.061.2024110211316_NDSI_Snow_Cover.tif	71656	dBMfwT9q7p2NGBqSZPjr0g==	74131fc13f6aee9d8d181a9264f8ebd2	1	1	-	2024-04-19T21:15:36.000Z	0	15	0.0274	0.0095	0.0009	0.0001	0.9587	0.0001	0.0
2024-04-15	106	h13v02	MOD10A1.A2024106.h13v02.061.2024110211229	terra	https://modiseuwest.blob.core.windows.net/modis-061-cogs/MOD10A1/13/02/2024106/MOD10A1.A2024106.h13v02.061.2024110211229_NDSI_Snow_Cover.tif	1473451	7pODfHr9yw93l84Bec9LuA==	ee93837c7afdcb0f7797ce0179cf4bb8	1	1	-	2024-04-19T21:19:20.000Z	40	60	0.2525	0.2525	0.2891	0.0016	0.1882	0.0025	0.0
2024-04-15	106	h13v03	MOD10A1.A2024106.h13v03.061.2024110211155	terra	https://modiseuwest.blob.core.windows.net/modis-061-cogs/MOD10A1/13/03/2024106/MOD10A1.A2024106.h13v03.061.2024110211155_NDSI_Snow_Cover.tif	921762	CYhSFN5AXMsC0GQxlCUlkA==	09885214de405ccb02d0643194252590	1	1	-	2024-04-19T21:18:35.000Z	23	77	0.1155	0.1154	0.3532	0.0006	0.398	0.0012	0.0
2024-04-15	106	h13v04	MOD10A1.A2024106.h13v04.061.2024110211301	terra	https://modiseuwest.blob.core.windows.net/modis-061-cogs/MOD10A1/13/04/2024106/MOD10A1.A2024106.h13v04.061.2024110211301_NDSI_Snow_Cover.tif	726851	orAo5HNGSGrZOKkJMtXgxw==	a2b028e47346486ad938a90932d5e0c7	1	1	-	2024-04-19T21:18:43.000Z	16	63	0.1147	0.0992	0.137	0.0005	0.6197	0.0007	0.0
2024-04-15	106	h14v02	MOD10A1.A2024106.h14v02.061.2024110212348	terra	https://modiseuwest.blob.core.windows.net/modis-061-cogs/MOD10A1/14/02/2024106/MOD10A1.A2024106.h14v02.061.2024110212348_NDSI_Snow_Cover.tif	1260542	Gleh9V/KikrRb94BJrbXgg==	1a57a1f55fca8a4ad16fde0126b6d782	1	1	-	2024-04-19T21:30:31.000Z	53	47	0.2165	0.2165	0.1045	0.0013	0.4169	0.0026	0.0
2024-04-15	106	h14v03	MOD10A1.A2024106.h14v03.061.2024110213227	terra	https://modiseuwest.blob.core.windows.net/modis-061-cogs/MOD10A1/14/03/2024106/MOD10A1.A2024106.h14v03.061.2024110213227_NDSI_Snow_Cover.tif	824474	FjR42Igp7dLkNXZ9jWqMtg==	163478d88829edd2e435767d8d6a8cb6	1	1	-	2024-04-19T21:34:54.000Z	14	85	0.0445	0.0442	0.304	0.0011	0.4195	0.0026	0.0
2024-04-15	106	h14v04	MOD10A1.A2024106.h14v04.061.2024110212149	terra	https://modiseuwest.blob.core.windows.net/modis-061-cogs/MOD10A1/14/04/2024106/MOD10A1.A2024106.h14v04.061.2024110212149_NDSI_Snow_Cover.tif	137647	T+FAbFHqm+QVzL13qamRdA==	4fe1406c51ea9be415ccbd77a9a99174	1	1	-	2024-04-19T21:23:58.000Z	1	82	0.0104	0.0088	0.0336	0.0002	0.9066	0.0005	0.0
2024-04-15	106	h15v02	MOD10A1.A2024106.h15v02.061.2024110212631	terra	https://modiseuwest.blob.core.windows.net/modis-061-cogs/MOD10A1/15/02/2024106/MOD10A1.A2024106.h15v02.061.2024110212631_NDSI_Snow_Cover.tif	937466	MFKj/zf8614MbpK0Xrf1Hw==	3052a3ff37fceb5e0c6e92b45eb7f51f	1	1	-	2024-04-19T21:28:39.000Z	50	50	0.1515	0.1515	0.1037	0.0006	0.5828	0.0011	0.0
2024-04-15	106	h15v03	MOD10A1.A2024106.h15v03.061.2024110211649	terra	https://modiseuwest.blob.core.windows.net/modis-061-cogs/MOD10A1/15/03/2024106/MOD10A1.A2024106.h15v03.061.2024110211649_NDSI_Snow_Cover.tif	34545	h7gw69H4otPmgiDxj5Eryw==	87b830ebd1f8a2d3e68220f18f912bcb	1	1	-	2024-04-19T21:19:00.000Z	0	96	0.0	0.0	0.0001	0.0	0.9988	0.0	0.0
2024-04-15	106	h15v05	MOD10A1.A2024106.h15v05.061.2024110211216	terra	https://modiseuwest.blob.core.windows.net/modis-061-cogs/MOD10A1/15/05/2024106/MOD10A1.A2024106.h15v05.061.2024110211216_NDSI_Snow_Cover.tif	36729	NmXKjpa1qm/ToGVs+V4Dzg==	3665ca8e96b5aa6fd3a0656cf95e03ce	1	1	-	2024-04-19T21:14:44.000Z	0	65	0.0	0.0	0.0005	0.0	0.9968	0.0	0.0001
2024-04-15	106	h16v02	MOD10A1.A2024106.h16v02.061.2024110211442	terra	https://modiseuwest.blob.core.windows.net/modis-061-cogs/MOD10A1/16/02/2024106/MOD10A1.A2024106.h16v02.061.2024110211442_NDSI_Snow_Cover.tif	1152007	nEbRG4bIY2mupITgHk5XPg==	9c46d11b86c86369aea484e01e4e573e	1	1	-	2024-04-19T21:17:02.000Z	85	15	0.3115	0.3115	0.0219	0.0004	0.592	0.0009	0.0
2024-04-15	106	h16v05	MOD10A1.A2024106.h16v05.061.2024110211249	terra	https://modiseuwest.blob.core.windows.net/modis-061-cogs/MOD10A1/16/05/2024106/MOD10A1.A2024106.h16v05.061.2024110211249_NDSI_Snow_Cover.tif	34592	oJZ++5kH8rpTB72A3VIgfw==	a0967efb9907f2ba5307bd80dd52207f	1	1	-	2024-04-19T21:15:04.000Z	0	16	0.0006	0.0002	0.0001	0.0	0.9979	0.0	0.0
2024-04-15	106	h17v02	MOD10A1.A2024106.h17v02.061.2024110211745	terra	https://modiseuwest.blob.core.windows.net/modis-061-cogs/MOD10A1/17/02/2024106/MOD10A1.A2024106.h17v02.061.2024110211745_NDSI_Snow_Cover.tif	274426	v5kfYvJR3NKsDWH8JiM5Ow==	bf991f62f251dcd2ac0d61fc2623393b	1	1	-	2024-04-19T21:20:04.000Z	25	67	0.0221	0.0209	0.0289	0.0002	0.8858	0.0006	0.0
2024-04-15	106	h17v03	MOD10A1.A2024106.h17v03.061.2024110210638	terra	https://modiseuwest.blob.core.windows.net/modis-061-cogs/MOD10A1/17/03/2024106/MOD10A1.A2024106.h17v03.061.2024110210638_NDSI_Snow_Cover.tif	465292	xfguet2axhqZ/bGtwx3QgQ==	c5f82e7add9ac61a99fdb1adc31dd081	1	1	-	2024-04-19T21:08:51.000Z	2	58	0.0795	0.0557	0.0217	0.0008	0.7317	0.0019	0.0
2024-04-15	106	h17v04	MOD10A1.A2024106.h17v04.061.2024110211211	terra	https://modiseuwest.blob.core.windows.net/modis-061-cogs/MOD10A1/17/04/2024106/MOD10A1.A2024106.h17v04.061.2024110211211_NDSI_Snow_Cover.tif	184355	qS8t/PcXo3cNwQll+EK9OA==	a92f2dfcf717a3770dc10965f842bd38	1	1	-	2024-04-19T21:18:44.000Z	0	41	0.1814	0.0284	0.0793	0.0002	0.6773	0.0005	0.0
2024-04-15	106	h17v05	MOD10A1.A2024106.h17v05.061.2024110210629	terra	https://modiseuwest.blob.core.windows.net/modis-061-cogs/MOD10A1/17/05/2024106/MOD10A1.A2024106.h17v05.061.2024110210629_NDSI_Snow_Cover.tif	139636	YSmLAuzRZJOZ8rbkl03/kA==	61298b02ecd1649399f2b6e4974dff90	1	1	-	2024-04-19T21:13:17.000Z	0	4	0.5668	0.033	0.008	0.0001	0.39	0.0003	0.0
2024-04-15	106	h18v02	MOD10A1.A2024106.h18v02.061.2024110211207	terra	https://modiseuwest.blob.core.windows.net/modis-061-cogs/MOD10A1/18/02/2024106/MOD10A1.A2024106.h18v02.061.2024110211207_NDSI_Snow_Cover.tif	1128886	vf8lAJbW5D9CFyuMfjmHOA==	bdff250096d6e43f42172b8c7e398738	1	1	-	2024-04-19T21:18:53.000Z	27	64	0.1356	0.1232	0.1917	0.0007	0.4887	0.0014	0.0
2024-04-15	106	h18v03	MOD10A1.A2024106.h18v03.061.2024110210619	terra	https://modiseuwest.blob.core.windows.net/modis-061-cogs/MOD10A1/18/03/2024106/MOD10A1.A2024106.h18v03.061.2024110210619_NDSI_Snow_Cover.tif	619275	8jZc8AvvgbXDe0f+zSvrnA==	f2365cf00bef81b5c37b47fecd2beb9c	1	1	-	2024-04-19T21:13:06.000Z	1	71	0.1172	0.0809	0.2199	0.001	0.4377	0.0034	0.0
2024-04-15	106	h18v04	MOD10A1.A2024106.h18v04.061.2024110210804	terra	https://modiseuwest.blob.core.windows.net/modis-061-cogs/MOD10A1/18/04/2024106/MOD10A1.A2024106.h18v04.061.2024110210804_NDSI_Snow_Cover.tif	439189	ncShkVrBqqAXUDUAhRTMhA==	9dc4a1915ac1aaa0175035008514cc84	1	1	-	2024-04-19T21:14:54.000Z	0	80	0.1287	0.0598	0.4241	0.001	0.2617	0.0014	0.0
2024-04-15	106	h18v05	MOD10A1.A2024106.h18v05.061.2024110210616	terra	https://modiseuwest.blob.core.windows.net/modis-061-cogs/MOD10A1/18/05/2024106/MOD10A1.A2024106.h18v05.061.2024110210616_NDSI_Snow_Cover.tif	288475	rlttypQ6nWdpACV1u3vb+A==	ae5b6dca943a9d6769002575bb7bdbf8	1	1	-	2024-04-19T21:13:07.000Z	0	53	0.2919	0.0435	0.2446	0.0007	0.3386	0.0009	0.0003
2024-04-15	106	h19v02	MOD10A1.A2024106.h19v02.061.2024110211310	terra	https://modiseuwest.blob.core.windows.net/modis-061-cogs/MOD10A1/19/02/2024106/MOD10A1.A2024106.h19v02.061.2024110211310_NDSI_Snow_Cover.tif	310877	51GhMgfk7bEn9KswPeqgKA==	e751a13207e4edb127f4ab303deaa028	1	1	-	2024-04-19T21:15:30.000Z	1	95	0.0302	0.0207	0.6447	0.0004	0.215	0.0011	0.0
2024-04-15	106	h19v03	MOD10A1.A2024106.h19v03.061.2024110211300	terra	https://modiseuwest.blob.core.windows.net/modis-061-cogs/MOD10A1/19/03/2024106/MOD10A1.A2024106.h19v03.061.2024110211300_NDSI_Snow_Cover.tif	626112	9OHM4vKXCK22ghvqI83lIQ==	f4e1cce2f29708adb6821bea23cde521	1	1	-	2024-04-19T21:18:32.000Z	1	85	0.1032	0.0826	0.5624	0.0011	0.1101	0.0019	0.0
2024-04-15	106	h19v04	MOD10A1.A2024106.h19v04.061.2024110211156	terra	https://modiseuwest.blob.core.windows.net/modis-061-cogs/MOD10A1/19/04/2024106/MOD10A1.A2024106.h19v04.061.2024110211156_NDSI_Snow_Cover.tif	341473	MOpU0Ipv3dI8oWNyfBDuuw==	30ea54d08a6fddd23ca163727c10eebb	1	1	-	2024-04-19T21:18:32.000Z	0	35	0.561	0.0879	0.2237	0.0004	0.1063	0.0009	0.0
2024-04-15	106	h19v05	MOD10A1.A2024106.h19v05.061.2024110211144	terra	https://modiseuwest.blob.core.windows.net/modis-061-cogs/MOD10A1/19/05/2024106/MOD10A1.A2024106.h19v05.061.2024110211144_NDSI_Snow_Cover.tif	225861	1lYylwBzTfLltDW+1CYfaw==	d656329700734df2e5b435bed4261f6b	1	1	-	2024-04-19T21:14:06.000Z	0	40	0.169	0.0362	0.0707	0.0004	0.6712	0.0007	0.0
2024-04-15	106	h20v02	MOD10A1.A2024106.h20v02.061.2024110211724	terra	https://modiseuwest.blob.core.windows.net/modis-061-cogs/MOD10A1/20/02/2024106/MOD10A1.A2024106.h20v02.061.2024110211724_NDSI_Snow_Cover.tif	2721932	t7eQsOqQCx4k5xu1bJvh4g==	b7b790b0ea900b1e24e71bb56c9be1e2	1	1	-	2024-04-19T21:24:12.000Z	49	49	0.4307	0.4257	0.2651	0.0014	0.0492	0.0018	0.0
2024-04-15	106	h20v03	MOD10A1.A2024106.h20v03.061.2024110212313	terra	https://modiseuwest.blob.core.windows.net/modis-061-cogs/MOD10A1/20/03/2024106/MOD10A1.A2024106.h20v03.061.2024110212313_NDSI_Snow_Cover.tif	985184	Kpl3UnLdtJ1kQ99kjaI8gg==	2a99775272ddb49d6443df648da23c82	1	1	-	2024-04-19T21:25:28.000Z	5	72	0.2484	0.1821	0.5319	0.0012	0.0018	0.0015	0.0
2024-04-15	106	h20v04	MOD10A1.A2024106.h20v04.061.2024110210255	terra	https://modiseuwest.blob.core.windows.net/modis-061-cogs/MOD10A1/20/04/2024106/MOD10A1.A2024106.h20v04.061.2024110210255_NDSI_Snow_Cover.tif	462321	DaaQfflOL0QLiy0brf5+Jg==	0da6907df94e2f440b8b2d1badfe7e26	1	1	-	2024-04-19T21:05:02.000Z	0	47	0.319	0.0932	0.1868	0.0006	0.3454	0.0012	0.0
2024-04-15	106	h20v05	MOD10A1.A2024106.h20v05.061.2024110211805	terra	https://modiseuwest.blob.core.windows.net/modis-061-cogs/MOD10A1/20/05/2024106/MOD10A1.A2024106.h20v05.061.2024110211805_NDSI_Snow_Cover.tif	218566	0U8icwHM2QEDwFLdjrWPjw==	d14f227301ccd90103c052dd8eb58f8f	1	1	-	2024-04-19T21:24:52.000Z	0	9	0.4417	0.0487	0.0236	0.0003	0.4663	0.0008	0.0003
2024-04-15	106	h21v02	MOD10A1.A2024106.h21v02.061.2024110210641	terra	https://modiseuwest.blob.core.windows.net/modis-061-cogs/MOD10A1/21/02/2024106/MOD10A1.A2024106.h21v02.061.2024110210641_NDSI_Snow_Cover.tif	2604075	GTdMsihCPMkWhvtI0vJCFw==	19374cb228423cc91686fb48d2f24217	1	1	-	2024-04-19T21:09:26.000Z	53	47	0.499	0.499	0.3486	0.0006	0.0015	0.0013	0.0
2024-04-15	106	h21v03	MOD10A1.A2024106.h21v03.061.2024110211208	terra	https://modiseuwest.blob.core.windows.net/modis-061-cogs/MOD10A1/21/03/2024106/MOD10A1.A2024106.h21v03.061.2024110211208_NDSI_Snow_Cover.tif	1579030	Ml8RoJTJkQ2LmbKrmuisXg==	325f11a094c9910d8b99b2ab9ae8ac5e	1	1	-	2024-04-19T21:18:57.000Z	15	26	0.7269	0.3674	0.1427	0.0005	0.0006	0.0007	0.0
2024-04-15	106	h21v04	MOD10A1.A2024106.h21v04.061.2024110211306	terra	https://modiseuwest.blob.core.windows.net/modis-061-cogs/MOD10A1/21/04/2024106/MOD10A1.A2024106.h21v04.061.2024110211306_NDSI_Snow_Cover.tif	739851	ig4Ew5f82C1/n6tAEzCQyQ==	8a0e04c397fcd82d7f9fab40133090c9	1	1	-	2024-04-19T21:15:19.000Z	2	45	0.3886	0.1348	0.2715	0.001	0.019	0.1009	0.0
2024-04-15	106	h21v05	MOD10A1.A2024106.h21v05.061.2024110210050	terra	https://modiseuwest.blob.core.windows.net/modis-061-cogs/MOD10A1/21/05/2024106/MOD10A1.A2024106.h21v05.061.2024110210050_NDSI_Snow_Cover.tif	678797	O7jpySOJooZ7R+wcmWVFIQ==	3bb8e9c92389a2867b47ec1c99654521	1	1	-	2024-04-19T21:02:55.000Z	1	40	0.5416	0.1448	0.2124	0.001	0.0027	0.0333	0.0
2024-04-15	106	h22v02	MOD10A1.A2024106.h22v02.061.2024110211207	terra	https://modiseuwest.blob.core.windows.net/modis-061-cogs/MOD10A1/22/02/2024106/MOD10A1.A2024106.h22v02.061.2024110211207_NDSI_Snow_Cover.tif	492657	zoB/GpzvvWoAGK77Xpadbg==	ce807f1a9cefbd6a0018aefb5e969d6e	1	1	-	2024-04-19T21:18:50.000Z	6	70	0.0477	0.0477	0.6356	0.0315	0.0009	0.0007	0.19
2024-04-15	106	h22v03	MOD10A1.A2024106.h22v03.061.2024110210113	terra	https://modiseuwest.blob.core.windows.net/modis-061-cogs/MOD10A1/22/03/2024106/MOD10A1.A2024106.h22v03.061.2024110210113_NDSI_Snow_Cover.tif	943439	jDFkFwniH8iZQYqUBlyKFA==	8c31641709e21fc899418a94065c8a14	1	1	-	2024-04-19T21:08:04.000Z	6	74	0.2282	0.1615	0.5589	0.0009	0.0017	0.0016	0.0054
2024-04-15	106	h22v04	MOD10A1.A2024106.h22v04.061.2024110211229	terra	https://modiseuwest.blob.core.windows.net/modis-061-cogs/MOD10A1/22/04/2024106/MOD10A1.A2024106.h22v04.061.2024110211229_NDSI_Snow_Cover.tif	509054	yCAQdiO4zWnlPLbz8Qq0UQ==	c820107623b8cd69e53cb6f3f10ab451	1	1	-	2024-04-19T21:19:02.000Z	0	29	0.6762	0.1386	0.1703	0.0006	0.0017	0.0069	0.0
2024-04-15	106	h22v05	MOD10A1.A2024106.h22v05.061.2024110210651	terra	https://modiseuwest.blob.core.windows.net/modis-061-cogs/MOD10A1/22/05/2024106/MOD10A1.A2024106.h22v05.061.2024110210651_NDSI_Snow_Cover.tif	389504	oKilv9V6SLnz/JrluNaf1Q==	a0a8a5bfd57a48b9f3fc9ae5b8d69fd5	1	1	-	2024-04-19T21:09:13.000Z	1	28	0.6623	0.0875	0.1814	0.0004	0.0032	0.0388	0.0003
2024-04-15	106	h23v02	MOD10A1.A2024106.h23v02.061.2024110212348	terra	https://modiseuwest.blob.core.windows.net/modis-061-cogs/MOD10A1/23/02/2024106/MOD10A1.A2024106.h23v02.061.2024110212348_NDSI_Snow_Cover.tif	1196848	6muDcltAVR5EhDHS0i9j1w==	ea6b83725b40551e448431d2d22f63d7	1	1	-	2024-04-19T21:30:24.000Z	22	33	0.1752	0.1751	0.1872	0.0018	0.0131	0.0016	0.4261
2024-04-15	106	h23v03	MOD10A1.A2024106.h23v03.061.2024110210546	terra	https://modiseuwest.blob.core.windows.net/modis-061-cogs/MOD10A1/23/03/2024106/MOD10A1.A2024106.h23v03.061.2024110210546_NDSI_Snow_Cover.tif	253231	99pF4I0VqnggGqFnxJOkBQ==	f7da45e08d15aa78201aa167c493a405	1	1	-	2024-04-19T21:08:04.000Z	1	20	0.0429	0.0292	0.1429	0.0004	0.0005	0.0004	0.7445
2024-04-15	106	h23v04	MOD10A1.A2024106.h23v04.061.2024110212602	terra	https://modiseuwest.blob.core.windows.net/modis-061-cogs/MOD10A1/23/04/2024106/MOD10A1.A2024106.h23v04.061.2024110212602_NDSI_Snow_Cover.tif	478109	P7batKI6LfuC9E9Y6bicBg==	3fb6dab4a23a2dfb82f44f58e9b89c06	1	1	-	2024-04-19T21:28:10.000Z	2	50	0.3163	0.081	0.3823	0.0007	0.0013	0.0031	0.1549
2024-04-15	106	h23v05	MOD10A1.A2024106.h23v05.061.2024110210614	terra	https://modiseuwest.blob.core.windows.net/modis-061-cogs/MOD10A1/23/05/2024106/MOD10A1.A2024106.h23v05.061.2024110210614_NDSI_Snow_Cover.tif	424554	JpUBtgWLCqOR1Pl0eNK5Nw==	269501b6058b0aa391d4f97478d2b937	1	1	-	2024-04-19T21:12:55.000Z	0	72	0.2677	0.0755	0.5829	0.0007	0.0012	0.0015	0.0
2024-04-15	106	h24v02	MOD10A1.A2024106.h24v02.061.2024110212652	terra	https://modiseuwest.blob.core.windows.net/modis-061-cogs/MOD10A1/24/02/2024106/MOD10A1.A2024106.h24v02.061.2024110212652_NDSI_Snow_Cover.tif	2911579	n2LNqwRIBWOPhr8qVJTZ2A==	9f62cdab044805638f86bf2a5494d9d8	1	1	-	2024-04-19T21:33:47.000Z	58	26	0.4879	0.4877	0.0573	0.0018	0.0115	0.002	0.1483
2024-04-15	106	h24v03	MOD10A1.A2024106.h24v03.061.2024110212510	terra	https://modiseuwest.blob.core.windows.net/modis-061-cogs/MOD10A1/24/03/2024106/MOD10A1.A2024106.h24v03.061.2024110212510_NDSI_Snow_Cover.tif	78484	CWYwz3wsUXXVAACIJ0bzaQ==	096630cf7c2c5175d50000882746f369	1	1	-	2024-04-19T21:27:32.000Z	0	10	0.0031	0.0031	0.0942	0.0001	0.0001	0.0001	0.8896
2024-04-15	106	h24v04	MOD10A1.A2024106.h24v04.061.2024110211001	terra	https://modiseuwest.blob.core.windows.net/modis-061-cogs/MOD10A1/24/04/2024106/MOD10A1.A2024106.h24v04.061.2024110211001_NDSI_Snow_Cover.tif	37001	jxQol4jBPIHO1qVyKoOJTg==	8f14289788c13c81ced6a5722a83894e	1	1	-	2024-04-19T21:12:03.000Z	0	1	0.0008	0.0004	0.0126	0.0	0.0	0.0	0.9847
2024-04-15	106	h24v05	MOD10A1.A2024106.h24v05.061.2024110210019	terra	https://modiseuwest.blob.core.windows.net/modis-061-cogs/MOD10A1/24/05/2024106/MOD10A1.A2024106.h24v05.061.2024110210019_NDSI_Snow_Cover.tif	121378	hRAP4mYg0IyElb8HGMdxWg==	85100fe26620d08c8495bf0718c7715a	1	1	-	2024-04-19T21:02:15.000Z	0	31	0.013	0.0086	0.2834	0.0001	0.0002	0.0003	0.667
2024-04-15	106	h25v02	MOD10A1.A2024106.h25v02.061.2024110212632	terra	https://modiseuwest.blob.core.windows.net/modis-061-cogs/MOD10A1/25/02/2024106/MOD10A1.A2024106.h25v02.061.2024110212632_NDSI_Snow_Cover.tif	1682046	xA2PmnqR1wfpXNBn5woXzA==	c40d8f9a7a91d707e95cd067e70a17cc	1	1	-	2024-04-19T21:28:40.000Z	40	10	0.3147	0.3144	0.0159	0.0006	0.0558	0.0008	0.4571
2024-04-15	106	h25v03	MOD10A1.A2024106.h25v03.061.2024110210919	terra	https://modiseuwest.blob.core.windows.net/modis-061-cogs/MOD10A1/25/03/2024106/MOD10A1.A2024106.h25v03.061.2024110210919_NDSI_Snow_Cover.tif	455676	pMVx7ZZJEadVBzJ/Z3UGbg==	a4c571ed964911a75507327f6775066e	1	1	-	2024-04-19T21:16:02.000Z	9	42	0.0561	0.0561	0.2925	0.0002	0.2081	0.0005	0.3768
2024-04-15	106	h26v02	MOD10A1.A2024106.h26v02.061.2024110212142	terra	https://modiseuwest.blob.core.windows.net/modis-061-cogs/MOD10A1/26/02/2024106/MOD10A1.A2024106.h26v02.061.2024110212142_NDSI_Snow_Cover.tif	349151	+DVlkzG5EhZCX+b+bUE16Q==	f835659331b91216425fe6fe6d4135e9	1	1	-	2024-04-19T21:23:48.000Z	8	2	0.056	0.056	0.0014	0.0	0.0968	0.0002	0.8126
2024-04-15	106	h26v03	MOD10A1.A2024106.h26v03.061.2024110211302	terra	https://modiseuwest.blob.core.windows.net/modis-061-cogs/MOD10A1/26/03/2024106/MOD10A1.A2024106.h26v03.061.2024110211302_NDSI_Snow_Cover.tif	704005	IrQ3JPa1phq1724YeVnQ+Q==	22b43724f6b5a61ab5ef6e187959d0f9	1	1	-	2024-04-19T21:15:24.000Z	26	63	0.1278	0.1132	0.2001	0.0003	0.566	0.0006	0.0066
2024-04-15	106	h26v04	MOD10A1.A2024106.h26v04.061.2024110211216	terra	https://modiseuwest.blob.core.windows.net/modis-061-cogs/MOD10A1/26/04/2024106/MOD10A1.A2024106.h26v04.061.2024110211216_NDSI_Snow_Cover.tif	163215	YBKOh7CQelnDzz05yAWAuw==	60128e87b0907a59c3cf3d39c80580bb	1	1	-	2024-04-19T21:14:45.000Z	0	13	0.0863	0.0313	0.0941	0.0003	0.0003	0.0002	0.7731
2024-04-15	106	h27v03	MOD10A1.A2024106.h27v03.061.2024110211123	terra	https://modiseuwest.blob.core.windows.net/modis-061-cogs/MOD10A1/27/03/2024106/MOD10A1.A2024106.h27v03.061.2024110211123_NDSI_Snow_Cover.tif	369164	rSswVEm8OCWKzkneDmPrpg==	ad2b305449bc38258ace49de0e63eba6	1	1	-	2024-04-19T21:13:29.000Z	18	17	0.0488	0.0481	0.0249	0.0001	0.7034	0.0003	0.1804
2024-04-15	106	h27v04	MOD10A1.A2024106.h27v04.061.2024110210514	terra	https://modiseuwest.blob.core.windows.net/modis-061-cogs/MOD10A1/27/04/2024106/MOD10A1.A2024106.h27v04.061.2024110210514_NDSI_Snow_Cover.tif	394044	aGcCfXVURUwgC8qjO056vw==	6867027d7554454c200bcaa33b4e7abf	1	1	-	2024-04-19T21:07:35.000Z	2	48	0.1344	0.0644	0.1866	0.0006	0.3921	0.0008	0.1508
2024-04-15	106	h27v05	MOD10A1.A2024106.h27v05.061.2024110210534	terra	https://modiseuwest.blob.core.windows.net/modis-061-cogs/MOD10A1/27/05/2024106/MOD10A1.A2024106.h27v05.061.2024110210534_NDSI_Snow_Cover.tif	37578	vy8BqB0ZfaX6pf2IiHDqyw==	bf2f01a81d197da5faa5fd888870eacb	1	1	-	2024-04-19T21:07:32.000Z	0	3	0.0	0.0	0.0287	0.0	0.0175	0.0	0.9519
2024-04-15	106	h28v03	MOD10A1.A2024106.h28v03.061.2024110210606	terra	https://modiseuwest.blob.core.windows.net/modis-061-cogs/MOD10A1/28/03/2024106/MOD10A1.A2024106.h28v03.061.2024110210606_NDSI_Snow_Cover.tif	40667	dy9fbXnKv41c6yWfMjmmjw==	772f5f6d79cabf8d5ceb259f3239a68f	1	1	-	2024-04-19T21:08:11.000Z	0	0	0.0	0.0	0.0003	0.0	0.4344	0.0	0.5634
2024-04-15	106	h28v04	MOD10A1.A2024106.h28v04.061.2024110210732	terra	https://modiseuwest.blob.core.windows.net/modis-061-cogs/MOD10A1/28/04/2024106/MOD10A1.A2024106.h28v04.061.2024110210732_NDSI_Snow_Cover.tif	205014	w3scj9IgZOoCsE/nZ/wmzw==	c37b1c8fd22064ea02b04fe767fc26cf	1	1	-	2024-04-19T21:09:35.000Z	11	18	0.059	0.026	0.0006	0.0002	0.8905	0.0004	0.0
2024-04-15	106	h28v05	MOD10A1.A2024106.h28v05.061.2024110211025	terra	https://modiseuwest.blob.core.windows.net/modis-061-cogs/MOD10A1/28/05/2024106/MOD10A1.A2024106.h28v05.061.2024110211025_NDSI_Snow_Cover.tif	138375	zSPncfXuGzg+1hSY2sWl1A==	cd23e771f5ee1b383ed61498dac5a5d4	1	1	-	2024-04-19T21:12:43.000Z	0	26	0.0278	0.0095	0.0964	0.0001	0.5262	0.0002	0.3027
2024-04-15	106	h29v03	MOD10A1.A2024106.h29v03.061.2024110213228	terra	https://modiseuwest.blob.core.windows.net/modis-061-cogs/MOD10A1/29/03/2024106/MOD10A1.A2024106.h29v03.061.2024110213228_NDSI_Snow_Cover.tif	36727	88WXHdZTxTIcUvFyaV5l9Q==	f3c5971dd653c5321c52f172695e65f5	1	1	-	2024-04-19T21:35:03.000Z	0	0	0.0	0.0	0.0	0.0	0.0689	0.0	0.9298
2024-04-15	106	h29v05	MOD10A1.A2024106.h29v05.061.2024110210057	terra	https://modiseuwest.blob.core.windows.net/modis-061-cogs/MOD10A1/29/05/2024106/MOD10A1.A2024106.h29v05.061.2024110210057_NDSI_Snow_Cover.tif	163309	xsg4H0NpA2VNsFATYaHbdQ==	c6c8381f436903654db0501361a1db75	1	1	-	2024-04-19T21:07:37.000Z	1	46	0.0694	0.0198	0.0456	0.0001	0.8147	0.0004	0.0153
2024-04-15	106	h30v05	MOD10A1.A2024106.h30v05.061.2024110211158	terra	https://modiseuwest.blob.core.windows.net/modis-061-cogs/MOD10A1/30/05/2024106/MOD10A1.A2024106.h30v05.061.2024110211158_NDSI_Snow_Cover.tif	44115	gIevMONtKJ53yz0NRQBT4A==	8087af30e36d289e77cb3d0d450053e0	1	1	-	2024-04-19T21:14:01.000Z	0	0	0.0	0.0	0.0	0.0	0.4492	0.0	0.5507
