session	frame	selected	zip_size	member_lho	range_end	compressed_size	uncompressed_size	crc32
20180820_035505	20180820_035505.tiff	1	70929301	29916843	30243871	326915	659915	73375e1d
20180820_035505	20180820_035506.tiff	0	70929301	42482500	42826570	343957	659915	17b17831
20180820_035505	20180820_035507.tiff	0	70929301	48193541	48520323	326669	659915	78f4595a
20180820_035505	20180820_035508.tiff	0	70929301	19591030	19915048	323905	659915	852b79f0
20180820_035505	20180820_035509.tiff	0	70929301	35041145	35371730	330472	659915	df66e0eb
20180820_035505	20180820_035510.tiff	0	70929301	44451707	44795619	343799	659915	a60dbe44
20180820_035505	20180820_035511.tiff	0	70929301	45733884	46091297	357300	659915	a2491f90
20180820_035505	20180820_035512.tiff	0	70929301	22520946	22878007	356948	659915	36c04207
20180820_035505	20180820_035513.tiff	1	70929301	32537136	32894829	357580	659915	71befe9c
20180820_035505	20180820_035514.tiff	0	70929301	221570	570544	348861	659915	945a8c40
20180820_035505	20180820_035515.tiff	0	70929301	17636004	17979798	343681	659915	5e144b38
20180820_035505	20180820_035516.tiff	0	70929301	58634592	58976564	341859	659915	88bd3257
20180820_035505	20180820_035517.tiff	0	70929301	66102080	66459316	357123	659915	8ce0a147
20180820_035505	20180820_035518.tiff	0	70929301	5280837	5632611	351661	659915	f1ea6ec1
20180820_035505	20180820_035519.tiff	0	70929301	12635567	12982325	346645	659915	d82c922a
20180820_035505	20180820_035520.tiff	0	70929301	60644501	61008284	363670	659915	8dc56665
20180820_035505	20180820_035521.tiff	1	70929301	64435997	64660957	224847	659915	8e5e158e
20180820_035505	20180820_035522.tiff	0	70929301	7738963	7978001	238925	659915	274f6a52
20180820_035505	20180820_035523.tiff	0	70929301	10059330	10299619	240176	659915	cfc53ee9
20180820_035505	20180820_035524.tiff	0	70929301	20437076	20691284	254095	659915	dbbecd2c
20180820_035505	20180820_035525.tiff	0	70929301	34040086	34292004	251805	659915	621e921f
20180820_035505	20180820_035526.tiff	0	70929301	38013381	38278929	265435	659915	746f5a65
20180820_035505	20180820_035527.tiff	0	70929301	52951851	53209028	257064	659915	b67ca41c
20180820_035505	20180820_035528.tiff	0	70929301	25880370	26141416	260933	659915	b95b1d1f
20180820_035505	20180820_035529.tiff	1	70929301	28508444	28769614	261057	659915	bfd4f526
20180820_035505	20180820_035530.tiff	0	70929301	37523571	37793580	269896	659915	586b245b
20180820_035505	20180820_035531.tiff	0	70929301	53430889	53697273	266271	659915	642753b9
20180820_035505	20180820_035532.tiff	0	70929301	21137819	21408706	270774	659915	8ab8f69d
20180820_035505	20180820_035533.tiff	0	70929301	33336784	33600334	263437	659915	655fd8b3
20180820_035505	20180820_035534.tiff	0	70929301	8197733	8465446	267600	659915	325e5ecf
20180820_035505	20180820_035535.tiff	0	70929301	9575270	9840536	265153	659915	94b40553
20180820_035505	20180820_035536.tiff	0	70929301	59885242	60155704	270349	659915	fec29549
20180820_035505	20180820_035537.tiff	1	70929301	65144231	65412586	268242	659915	6ad9d007
20180820_035505	20180820_035538.tiff	0	70929301	4540807	4807397	266477	659915	6908f1ae
20180820_035505	20180820_035539.tiff	0	70929301	13459415	13724980	265452	659915	9b4a023c
20180820_035505	20180820_035540.tiff	0	70929301	66680920	66943947	262914	659915	c3ae9e2a
20180820_035505	20180820_035541.tiff	0	70929301	57712541	57975953	263299	659915	3e55caca
20180820_035505	20180820_035542.tiff	0	70929301	17151225	17417076	265738	659915	833190f9
20180820_035505	20180820_035543.tiff	0	70929301	1231087	1499685	268485	659915	a14fa72c
20180820_035505	20180820_035544.tiff	0	70929301	31381889	31644574	262572	659915	c175bd28
20180820_035505	20180820_035545.tiff	1	70929301	23319141	23580331	261077	659915	eb934e01
20180820_035505	20180820_035546.tiff	0	70929301	46800714	47058741	257914	659915	68775e09
20180820_035505	20180820_035547.tiff	0	70929301	43968743	44231175	262319	659915	4949af7f
20180820_035505	20180820_035548.tiff	0	70929301	36039306	36305179	265760	659915	86ba8374
20180820_035505	20180820_035549.tiff	0	70929301	18671083	18929950	258754	659915	f4c7745f
20180820_035505	20180820_035550.tiff	0	70929301	47274655	47532649	257881	659915	925da255
20180820_035505	20180820_035551.tiff	0	70929301	43049645	43306084	256326	659915	9cbd9244
20180820_035505	20180820_035552.tiff	0	70929301	30907372	31163518	256033	659915	43a9bcaa
20180820_035505	20180820_035553.tiff	1	70929301	24254117	24512205	257975	659915	4bbebe49
20180820_035505	20180820_035554.tiff	0	70929301	16018080	16271337	253144	659915	7376ebe2
20180820_035505	20180820_035555.tiff	0	70929301	1942385	2198370	255872	659915	796a9c49
20180820_035505	20180820_035556.tiff	0	70929301	67602135	67861998	259750	659915	65d5ad96
20180820_035505	20180820_035557.tiff	0	70929301	57234117	57493441	259211	659915	e89db898
20180820_035505	20180820_035558.tiff	0	70929301	11649491	11908513	258909	659915	c2ba543e
20180820_035505	20180820_035559.tiff	0	70929301	6345963	6606140	260064	659915	3d0c660d
20180820_035505	20180820_035600.tiff	0	70929301	28990269	29249674	259292	659915	21014a0b
20180820_035505	20180820_035601.tiff	1	70929301	25618199	25880369	262057	659915	47cab430
20180820_035505	20180820_035602.tiff	0	70929301	49179956	49448299	268230	659915	d6a373a0
20180820_035505	20180820_035603.tiff	0	70929301	41331174	41593933	262646	659915	47a1ed7f
20180820_035505	20180820_035604.tiff	0	70929301	69448646	69707299	258540	659915	9d759192
20180820_035505	20180820_035605.tiff	0	70929301	55169581	55429891	260197	659915	52497229
20180820_035505	20180820_035606.tiff	0	70929301	14654150	14913785	259522	659915	650a58fb
20180820_035505	20180820_035607.tiff	0	70929301	3574451	3835563	260999	659915	8abae093
20180820_035505	20180820_035608.tiff	0	70929301	64660958	64925766	264695	659915	7b0d81b2
20180820_035505	20180820_035609.tiff	1	70929301	60155705	60420813	264995	659915	044354b6
20180820_035505	20180820_035610.tiff	0	70929301	13949240	14214337	264984	659915	4826b2f7
20180820_035505	20180820_035611.tiff	0	70929301	4277284	4540806	263409	659915	7f51769e
20180820_035505	20180820_035612.tiff	0	70929301	69927245	70200612	273254	659915	d267ad25
20180820_035505	20180820_035613.tiff	0	70929301	54673118	54948518	275287	659915	a97c1cf6
20180820_035505	20180820_035614.tiff	0	70929301	49668616	49940843	272114	659915	c0cb5052
20180820_035505	20180820_035615.tiff	0	70929301	40823118	41110998	287767	659915	ecdae952
20180820_035505	20180820_035616.tiff	0	70929301	28233214	28508443	275116	659915	940aa923
20180820_035505	20180820_035617.tiff	1	70929301	26368430	26647845	279302	659915	e08cf7c6
20180820_035505	20180820_035618.tiff	0	70929301	53697274	53979069	281682	659915	47b26248
20180820_035505	20180820_035619.tiff	0	70929301	37003780	37302967	299074	659915	df01b742
20180820_035505	20180820_035620.tiff	0	70929301	34737321	35041144	303710	659915	4eb87390
20180820_035505	20180820_035621.tiff	0	70929301	19915049	20207434	292272	659915	311c7847
20180820_035505	20180820_035622.tiff	0	70929301	51999623	52289311	289575	659915	0ed62da3
20180820_035505	20180820_035623.tiff	0	70929301	38723980	38989499	265406	659915	d57a8645
20180820_035505	20180820_035624.tiff	0	70929301	63751967	63994750	242670	659915	c3033506
20180820_035505	20180820_035625.tiff	1	70929301	61231742	61468504	236649	659915	8cd33364
20180820_035505	20180820_035626.tiff	0	70929301	10962775	11209025	246137	659915	176d4134
20180820_035505	20180820_035627.tiff	0	70929301	7050134	7294581	244334	659915	0db88e1b
20180820_035505	20180820_035628.tiff	0	70929301	68083698	68333630	249819	659915	64d34d16
20180820_035505	20180820_035629.tiff	0	70929301	56765734	57010938	245091	659915	c6191de1
20180820_035505	20180820_035630.tiff	0	70929301	12390525	12635566	244928	659915	d4f461ae
20180820_035505	20180820_035631.tiff	0	70929301	5632612	5882454	249729	659915	4e0f4475
20180820_035505	20180820_035632.tiff	0	70929301	62838335	63086548	248100	659915	696a9f9c
20180820_035505	20180820_035633.tiff	1	70929301	62135938	62395235	259184	659915	ac8601e5
20180820_035505	20180820_035634.tiff	0	70929301	50860844	51110135	249178	659915	eae76170
20180820_035505	20180820_035635.tiff	0	70929301	39884900	40133116	248103	659915	2df74de9
20180820_035505	20180820_035636.tiff	0	70929301	36305180	36553720	248427	659915	48d79fb3
20180820_035505	20180820_035637.tiff	0	70929301	18423559	18671082	247410	659915	043820b5
20180820_035505	20180820_035638.tiff	0	70929301	45485270	45733883	248500	659915	d97587e4
20180820_035505	20180820_035639.tiff	0	70929301	45236928	45485269	248228	659915	64785a59
20180820_035505	20180820_035640.tiff	0	70929301	27083931	27329840	245796	659915	420d747c
20180820_035505	20180820_035641.tiff	1	70929301	27547915	27793954	245926	659915	4a7dd38f
20180820_035505	20180820_035642.tiff	0	70929301	40359417	40605610	246080	659915	3656f1e3
20180820_035505	20180820_035643.tiff	0	70929301	50165910	50412164	246141	659915	45f1e1c3
20180820_035505	20180820_035644.tiff	0	70929301	54203535	54451277	247629	659915	d4151917
20180820_035505	20180820_035645.tiff	0	70929301	70424457	70673982	249412	659915	e4ca19be
20180820_035505	20180820_035646.tiff	0	70929301	5035442	5280836	245281	659915	c98942be
20180820_035505	20180820_035647.tiff	0	70929301	13210982	13459414	248319	659915	6d4769b8
20180820_035505	20180820_035648.tiff	0	70929301	59196868	59438472	241491	659915	9c1ab677
20180820_035505	20180820_035649.tiff	1	70929301	65634450	65877461	242898	659915	8809c54f
20180820_035505	20180820_035650.tiff	0	70929301	3076700	3353588	276775	659915	f7ae474b
20180820_035505	20180820_035651.tiff	0	70929301	15132645	15355440	222682	659915	82c5a222
20180820_035505	20180820_035652.tiff	0	70929301	55879655	56098470	218702	659915	8c7c56a6
20180820_035505	20180820_035653.tiff	0	70929301	68777459	68999224	221652	659915	62ebc46d
20180820_035505	20180820_035654.tiff	0	70929301	41816859	42038562	221590	659915	34cb152a
20180820_035505	20180820_035655.tiff	0	70929301	48743734	48961302	217455	659915	70bdc8b5
20180820_035505	20180820_035656.tiff	0	70929301	25174057	25392226	218056	659915	a592f0e8
20180820_035505	20180820_035657.tiff	1	70929301	29473339	29699593	226141	659915	cde14302
20180820_035505	20180820_035658.tiff	0	70929301	38278930	38496339	217296	659915	a872bcbe
20180820_035505	20180820_035659.tiff	0	70929301	52509024	52730016	220879	659915	e5b570f0
20180820_035505	20180820_035700.tiff	0	70929301	70673983	70895554	221458	659915	5e0285c3
20180820_035505	20180820_035701.tiff	0	70929301	54451278	54673117	221726	659915	222bcde2
20180820_035505	20180820_035702.tiff	0	70929301	12982326	13210981	228542	659915	6ecdb3de
20180820_035505	20180820_035703.tiff	0	70929301	4807398	5035441	227930	659915	e9c627bf
20180820_035505	20180820_035704.tiff	0	70929301	27329841	27547914	217960	659915	634a3883
20180820_035505	20180820_035705.tiff	1	70929301	26866825	27083930	216992	659915	3b163859
20180820_035505	20180820_035706.tiff	0	70929301	50412165	50638419	226141	659915	5d6f2b0d
20180820_035505	20180820_035707.tiff	0	70929301	40605611	40823117	217393	659915	f4c5a57b
20180820_035505	20180820_035708.tiff	0	70929301	32894830	33112583	217640	659915	59cb1e4b
20180820_035505	20180820_035709.tiff	0	70929301	21855349	22077571	222109	659915	70a2cc58
20180820_035505	20180820_035710.tiff	0	70929301	48961303	49179955	218539	659915	777fd3cd
20180820_035505	20180820_035711.tiff	0	70929301	42038563	42260498	221822	659915	c526dd68
20180820_035505	20180820_035712.tiff	0	70929301	29249675	29473338	223550	659915	7c5de0fb
20180820_035505	20180820_035713.tiff	1	70929301	24956936	25174056	217007	659915	e8a6e65f
20180820_035505	20180820_035714.tiff	0	70929301	14913786	15132644	218745	659915	b91b11b1
20180820_035505	20180820_035715.tiff	0	70929301	2857020	3076699	219566	659915	51b18e9b
20180820_035505	20180820_035716.tiff	0	70929301	68999225	69225089	225751	659915	682a3cd4
20180820_035505	20180820_035717.tiff	0	70929301	56098471	56318434	219850	659915	fe144c1f
20180820_035505	20180820_035718.tiff	0	70929301	10521787	10738812	216912	659915	044bf673
20180820_035505	20180820_035719.tiff	0	70929301	7517344	7738962	221505	659915	358eebaf
20180820_035505	20180820_035720.tiff	0	70929301	63086549	63308995	222333	659915	d70748b3
20180820_035505	20180820_035721.tiff	1	70929301	61913564	62135937	222260	659915	2060f1aa
20180820_035505	20180820_035722.tiff	0	70929301	11908514	12171614	262987	659915	251e2c82
20180820_035505	20180820_035723.tiff	0	70929301	6101701	6345962	244148	659915	19647c63
20180820_035505	20180820_035724.tiff	0	70929301	35817013	36039305	222179	659915	debbf061
20180820_035505	20180820_035725.tiff	0	70929301	18929951	19149880	219816	659915	4ad8814d
20180820_035505	20180820_035726.tiff	0	70929301	51333687	51555363	221563	659915	eb1eed0a
20180820_035505	20180820_035727.tiff	0	70929301	39435141	39661772	226518	659915	12a9b673
20180820_035505	20180820_035728.tiff	0	70929301	31869268	32092830	223449	659915	a67569c2
20180820_035505	20180820_035729.tiff	1	70929301	22878008	23100130	222009	659915	2d624020
20180820_035505	20180820_035730.tiff	0	70929301	51555364	51778781	223304	659915	784e3a88
20180820_035505	20180820_035731.tiff	0	70929301	39210830	39435140	224197	659915	dcf97b60
20180820_035505	20180820_035732.tiff	0	70929301	35371731	35594279	222435	659915	ed912e5e
20180820_035505	20180820_035733.tiff	0	70929301	19368325	19591029	222591	659915	8f5bb45b
20180820_035505	20180820_035734.tiff	0	70929301	11427438	11649490	221939	659915	c70cb15f
20180820_035505	20180820_035735.tiff	0	70929301	6606141	6829737	223483	659915	24093ad0
20180820_035505	20180820_035736.tiff	0	70929301	63527214	63751966	224639	659915	b65c1dba
20180820_035505	20180820_035737.tiff	1	70929301	61468505	61693130	224512	659915	65cc5b9e
20180820_035505	20180820_035738.tiff	0	70929301	16492572	16715284	222599	659915	08a559df
20180820_035505	20180820_035739.tiff	0	70929301	1499686	1722915	223116	659915	5e2bfb20
20180820_035505	20180820_035740.tiff	0	70929301	55429892	55658594	228589	659915	68d493dd
20180820_035505	20180820_035741.tiff	0	70929301	69707300	69927244	219831	659915	0f66054d
20180820_035505	20180820_035742.tiff	0	70929301	3353589	3574450	220748	659915	bb649dda
20180820_035505	20180820_035743.tiff	0	70929301	14432735	14654149	221301	659915	cba77a45
20180820_035505	20180820_035744.tiff	0	70929301	25392227	25618198	225858	659915	b30eb36c
20180820_035505	20180820_035745.tiff	1	70929301	28769615	28990268	220540	659915	bd58da9b
20180820_035505	20180820_035746.tiff	0	70929301	41593934	41816858	222811	659915	3ccb4da3
20180820_035505	20180820_035747.tiff	0	70929301	49448300	49668615	220202	659915	c6587cf2
20180820_035505	20180820_035748.tiff	0	70929301	20912783	21137818	224922	659915	5dc2a66c
20180820_035505	20180820_035749.tiff	0	70929301	33819606	34040085	220366	659915	2178848a
20180820_035505	20180820_035750.tiff	0	70929301	41110999	41331173	220061	659915	b24735b8
20180820_035505	20180820_035751.tiff	0	70929301	49940844	50165909	224952	659915	b31555f9
20180820_035505	20180820_035752.tiff	0	70929301	26141417	26368429	226899	659915	f4bfdf73
20180820_035505	20180820_035753.tiff	1	70929301	28012529	28233213	220571	659915	54f5c7ea
20180820_035505	20180820_035754.tiff	0	70929301	4056265	4277283	220905	659915	ed6c7b04
20180820_035505	20180820_035755.tiff	0	70929301	13724981	13949239	224145	659915	24fbdb2f
20180820_035505	20180820_035756.tiff	0	70929301	54948519	55169580	220948	659915	e5e86b9a
20180820_035505	20180820_035757.tiff	0	70929301	70200613	70424456	223730	659915	c47baef7
20180820_035505	20180820_035758.tiff	0	70929301	8686217	8909297	222967	659915	20204a62
20180820_035505	20180820_035759.tiff	0	70929301	9353962	9575269	221194	659915	4b13710c
20180820_035505	20180820_035800.tiff	0	70929301	24031981	24254116	222022	659915	1493e1fa
20180820_035505	20180820_035801.tiff	1	70929301	30686293	30907371	220965	659915	f797fd86
20180820_035505	20180820_035802.tiff	0	70929301	43306085	43527667	221469	659915	5900da66
20180820_035505	20180820_035803.tiff	0	70929301	47532650	47753532	220769	659915	fcc9e85c
20180820_035505	20180820_035804.tiff	0	70929301	57010939	57234116	223064	659915	364a12e8
20180820_035505	20180820_035805.tiff	0	70929301	67383740	67602134	218281	659915	f563a6a3
20180820_035505	20180820_035806.tiff	0	70929301	2198371	2417378	218894	659915	6f495d15
20180820_035505	20180820_035807.tiff	0	70929301	16271338	16492571	221120	659915	b57c33a4
20180820_035505	20180820_035808.tiff	0	70929301	61693131	61913563	220319	659915	5884e25d
20180820_035505	20180820_035809.tiff	1	70929301	63308996	63527213	218104	659915	cfc53903
20180820_035505	20180820_035810.tiff	0	70929301	1011982	1231086	218991	659915	5c10aa75
20180820_035505	20180820_035811.tiff	0	70929301	16931758	17151224	219353	659915	49256f87
20180820_035505	20180820_035812.tiff	0	70929301	57975954	58195253	219186	659915	448680ec
20180820_035505	20180820_035813.tiff	0	70929301	66943948	67166715	222654	659915	6a46bd82
20180820_035505	20180820_035814.tiff	0	70929301	43747454	43968742	221175	659915	5a52d7e0
20180820_035505	20180820_035815.tiff	0	70929301	46541533	46800713	259067	659915	904da35c
20180820_035505	20180820_035816.tiff	0	70929301	23580332	23811675	231230	659915	27f2aacf
20180820_035505	20180820_035817.tiff	1	70929301	31644575	31869267	224579	659915	f8526ac6
20180820_035505	20180820_035818.tiff	0	70929301	39661773	39884899	223013	659915	e456bcd1
20180820_035505	20180820_035819.tiff	0	70929301	51110136	51333686	223437	659915	8185c3e8
20180820_035505	20180820_035820.tiff	0	70929301	20207435	20437075	229527	659915	e982bdc9
20180820_035505	20180820_035821.tiff	0	70929301	34511775	34737320	225432	659915	a4049382
20180820_035505	20180820_035822.tiff	0	70929301	38496340	38723979	227526	659915	9cc907b7
20180820_035505	20180820_035823.tiff	0	70929301	52289312	52509023	219598	659915	0aa5e2d9
20180820_035505	20180820_035824.tiff	0	70929301	61008285	61231741	223343	659915	333e3836
20180820_035505	20180820_035825.tiff	1	70929301	63994751	64217503	222639	659915	e60df317
20180820_035505	20180820_035826.tiff	0	70929301	7294582	7517343	222648	659915	5c12f434
20180820_035505	20180820_035827.tiff	0	70929301	10738813	10962774	223848	659915	86143fa2
20180820_035505	20180820_035828.tiff	0	70929301	55658595	55879654	220946	659915	4a3bb2b9
20180820_035505	20180820_035829.tiff	0	70929301	69225090	69448645	223442	659915	83794247
20180820_035505	20180820_035830.tiff	0	70929301	8909298	9132436	223025	659915	27abb413
20180820_035505	20180820_035831.tiff	0	70929301	9132437	9353961	221411	659915	9ac787ac
20180820_035505	20180820_035832.tiff	0	70929301	59438473	59664618	226032	659915	f42ea739
20180820_035505	20180820_035833.tiff	1	70929301	65412587	65634449	221749	659915	a5da5d03
20180820_035505	20180820_035834.tiff	0	70929301	36779900	37003779	223766	659915	fc0d176c
20180820_035505	20180820_035835.tiff	0	70929301	53979070	54203534	224351	659915	a533cfa2
20180820_035505	20180820_035836.tiff	0	70929301	21634452	21855348	220783	659915	4718bba1
20180820_035505	20180820_035837.tiff	0	70929301	33112584	33336783	224086	659915	a0f2a6f7
20180820_035505	20180820_035838.tiff	0	70929301	40133117	40359416	226186	659915	b6a1db39
20180820_035505	20180820_035839.tiff	0	70929301	50638420	50860843	222310	659915	46a33200
20180820_035505	20180820_035840.tiff	0	70929301	32314187	32537135	222835	659915	9bf4ea5f
20180820_035505	20180820_035841.tiff	1	70929301	22298809	22520945	222023	659915	82f8026b
20180820_035505	20180820_035842.tiff	0	70929301	46091298	46314734	223323	659915	0fb05f32
20180820_035505	20180820_035843.tiff	0	70929301	44795620	45017100	221367	659915	44eb2b2f
20180820_035505	20180820_035844.tiff	0	70929301	65877462	66102079	224504	659915	ba9d8a9b
20180820_035505	20180820_035845.tiff	0	70929301	58413629	58634591	220849	659915	ae939337
20180820_035505	20180820_035846.tiff	0	70929301	17979799	18204050	224138	659915	d200f263
20180820_035505	20180820_035847.tiff	0	70929301	570545	792594	221936	659915	1fb1232b
20180820_035505	20180820_035848.tiff	0	70929301	62617784	62838334	220437	659915	77ced083
20180820_035505	20180820_035849.tiff	1	70929301	62395236	62617783	222434	659915	dd48da1d
20180820_035505	20180820_035850.tiff	0	70929301	15575720	15797490	221657	659915	755ecaa1
20180820_035505	20180820_035851.tiff	0	70929301	2637511	2857019	219395	659915	c71ced3b
20180820_035505	20180820_035852.tiff	0	70929301	68333631	68556471	222727	659915	f3dfa080
20180820_035505	20180820_035853.tiff	0	70929301	56318435	56541691	223143	659915	8bed07d8
20180820_035505	20180820_035854.tiff	0	70929301	47971781	48193540	221646	659915	b50f1e0b
20180820_035505	20180820_035855.tiff	0	70929301	42260499	42482499	221887	659915	f4c99629
20180820_035505	20180820_035856.tiff	0	70929301	30243872	30463824	219839	659915	48c141e4
20180820_035505	20180820_035857.tiff	1	70929301	24730053	24956935	226769	659915	fd521228
20180820_035505	20180820_035858.tiff	0	70929301	51778782	51999622	220727	659915	812435d9
20180820_035505	20180820_035859.tiff	0	70929301	38989500	39210829	221216	659915	6702b688
20180820_035505	20180820_035900.tiff	0	70929301	58976565	59196867	220189	659915	94ff1170
20180820_035505	20180820_035901.tiff	0	70929301	66459317	66680919	221489	659915	367c24eb
20180820_035505	20180820_035902.tiff	0	70929301	78	221569	221378	659915	1d613498
20180820_035505	20180820_035903.tiff	0	70929301	17417077	17636003	218813	659915	e7785d3c
20180820_035505	20180820_035904.tiff	0	70929301	22077572	22298808	221123	659915	920c9a40
20180820_035505	20180820_035905.tiff	1	70929301	32092831	32314186	221242	659915	da6cae21
20180820_035505	20180820_035906.tiff	0	70929301	45017101	45236927	219713	659915	b044e8ec
20180820_035505	20180820_035907.tiff	0	70929301	46314735	46541532	226684	659915	87c4a5ae
20180820_035505	20180820_035908.tiff	0	70929301	18204051	18423558	219394	659915	60e98f1e
20180820_035505	20180820_035909.tiff	0	70929301	36553721	36779899	226065	659915	cf210d01
20180820_035505	20180820_035910.tiff	0	70929301	42826571	43049644	222960	659915	a9d4c488
20180820_035505	20180820_035911.tiff	0	70929301	48520324	48743733	223296	659915	d9793581
20180820_035505	20180820_035912.tiff	0	70929301	24512206	24730052	217733	659915	e725cccc
20180820_035505	20180820_035913.tiff	1	70929301	29699594	29916842	217135	659915	89e99ef0
20180820_035505	20180820_035914.tiff	0	70929301	2417379	2637510	220018	659915	32cd6b2e
20180820_035505	20180820_035915.tiff	0	70929301	15355441	15575719	220165	659915	7757c5a2
20180820_035505	20180820_035916.tiff	0	70929301	56541692	56765733	223928	659915	8ceb8101
20180820_035505	20180820_035917.tiff	0	70929301	68556472	68777458	220873	659915	e2f93f25
20180820_035505	20180820_035918.tiff	0	70929301	6829738	7050133	220282	659915	9082b5f1
20180820_035505	20180820_035919.tiff	0	70929301	11209026	11427437	218298	659915	3fbc4edf
20180820_035505	20180820_035920.tiff	0	70929301	59664619	59885241	220509	659915	53dfd281
20180820_035505	20180820_035921.tiff	1	70929301	64925767	65144230	218350	659915	1a254a30
20180820_035505	20180820_035922.tiff	0	70929301	8465447	8686216	220656	659915	e6782b2b
20180820_035505	20180820_035923.tiff	0	70929301	9840537	10059329	218679	659915	f8b7911e
20180820_035505	20180820_035924.tiff	0	70929301	21408707	21634451	225631	659915	896a1d50
20180820_035505	20180820_035925.tiff	0	70929301	33600335	33819605	219157	659915	06a080fa
20180820_035505	20180820_035926.tiff	0	70929301	37302968	37523570	220489	659915	e43c373e
20180820_035505	20180820_035927.tiff	0	70929301	53209029	53430888	221746	659915	0736f2eb
20180820_035505	20180820_035928.tiff	0	70929301	26647846	26866824	218865	659915	18b3ec4d
20180820_035505	20180820_035929.tiff	1	70929301	27793955	28012528	218460	659915	107cacb5
20180820_035505	20180820_035930.tiff	0	70929301	37793581	38013380	219686	659915	fe3c958a
20180820_035505	20180820_035931.tiff	0	70929301	52730017	52951850	221720	659915	7bd4b46b
20180820_035505	20180820_035932.tiff	0	70929301	20691285	20912782	221384	659915	40fa52e8
20180820_035505	20180820_035933.tiff	0	70929301	34292005	34511774	219656	659915	c0ae98a6
20180820_035505	20180820_035934.tiff	0	70929301	7978002	8197732	219617	659915	d30654a6
20180820_035505	20180820_035935.tiff	0	70929301	10299620	10521786	222053	659915	77ca726a
20180820_035505	20180820_035936.tiff	0	70929301	60420814	60644500	223573	659915	bcf7a5d6
20180820_035505	20180820_035937.tiff	1	70929301	64217504	64435996	218379	659915	9b28cc36
20180820_035505	20180820_035938.tiff	0	70929301	3835564	4056264	220587	659915	75c639d6
20180820_035505	20180820_035939.tiff	0	70929301	14214338	14432734	218283	659915	dd52a394
20180820_035505	20180820_035940.tiff	0	70929301	67861999	68083697	221585	659915	fa106244
20180820_035505	20180820_035941.tiff	0	70929301	57493442	57712540	218985	659915	998687d8
20180820_035505	20180820_035942.tiff	0	70929301	15797491	16018079	220475	659915	39aa86a0
20180820_035505	20180820_035943.tiff	0	70929301	1722916	1942384	219355	659915	80bec9bd
20180820_035505	20180820_035944.tiff	0	70929301	30463825	30686292	222354	659915	3784f2ac
20180820_035505	20180820_035945.tiff	1	70929301	23811676	24031980	220191	659915	3e0bd35e
20180820_035505	20180820_035946.tiff	0	70929301	47753533	47971780	218134	659915	2b494eb6
20180820_035505	20180820_035947.tiff	0	70929301	43527668	43747453	219672	659915	2932187d
20180820_035505	20180820_035948.tiff	0	70929301	35594280	35817012	222619	659915	5c9a5f0a
20180820_035505	20180820_035949.tiff	0	70929301	19149881	19368324	218330	659915	53eb0a4f
20180820_035505	20180820_035950.tiff	0	70929301	47058742	47274654	215799	659915	a9b229bf
20180820_035505	20180820_035951.tiff	0	70929301	44231176	44451706	220417	659915	dbeb1411
20180820_035505	20180820_035952.tiff	0	70929301	31163519	31381888	218256	659915	cade12d7
20180820_035505	20180820_035953.tiff	1	70929301	23100131	23319140	218896	659915	d97f21e0
20180820_035505	20180820_035954.tiff	0	70929301	16715285	16931757	216359	659915	4cbf36ff
20180820_035505	20180820_035955.tiff	0	70929301	792595	1011981	219273	659915	9d218e02
20180820_035505	20180820_035956.tiff	0	70929301	67166716	67383739	216910	659915	7291cdd2
20180820_035505	20180820_035957.tiff	0	70929301	58195254	58413628	218261	659915	ab8bfae7
20180820_035505	20180820_035958.tiff	0	70929301	12171615	12390524	218796	659915	5ca1f091
20180820_035505	20180820_035959.tiff	0	70929301	5882455	6101700	219132	659915	e666026f
20180820_040000	20180820_040000.tiff	1	77082289	49787015	50009701	222573	659915	0ac373e1
20180820_040000	20180820_040001.tiff	0	77082289	45439685	45657944	218146	659915	a90b05a0
20180820_040000	20180820_040002.tiff	0	77082289	32470338	32689806	219355	659915	850175de
20180820_040000	20180820_040003.tiff	0	77082289	24921102	25141000	219785	659915	eb5fa443
20180820_040000	20180820_040004.tiff	0	77082289	16805908	17025588	219567	659915	73b50bac
20180820_040000	20180820_040005.tiff	0	77082289	2160140	2378786	218533	659915	9b5a3787
20180820_040000	20180820_040006.tiff	0	77082289	72948124	73170382	222145	659915	03d42a86
20180820_040000	20180820_040007.tiff	0	77082289	60845469	61090669	245087	659915	18b3b561
20180820_040000	20180820_040008.tiff	1	77082289	12414244	12630493	216136	659915	15d06660
20180820_040000	20180820_040009.tiff	0	77082289	6533169	6745571	212289	659915	a5e0f5e1
20180820_040000	20180820_040010.tiff	0	77082289	72294801	72514630	219716	659915	1b84b6b2
20180820_040000	20180820_040011.tiff	0	77082289	61952773	62171598	218712	659915	d85cd229
20180820_040000	20180820_040012.tiff	0	77082289	17883722	18099332	215497	659915	de1ec241
20180820_040000	20180820_040013.tiff	0	77082289	1495677	1711140	215350	659915	a7f9f969
20180820_040000	20180820_040014.tiff	0	77082289	33545831	33763644	217700	659915	37a0dedd
20180820_040000	20180820_040015.tiff	0	77082289	24265839	24480886	214934	659915	1674f886
20180820_040000	20180820_040016.tiff	1	77082289	48909646	49125596	215837	659915	dd033f1f
20180820_040000	20180820_040017.tiff	0	77082289	46749585	46966197	216499	659915	0d6bff8a
20180820_040000	20180820_040018.tiff	0	77082289	37784107	38000979	216759	659915	ef402b26
20180820_040000	20180820_040019.tiff	0	77082289	19176395	19392164	215656	659915	9a5b627d
20180820_040000	20180820_040020.tiff	0	77082289	55740279	55959169	218777	659915	f0cce0b0
20180820_040000	20180820_040021.tiff	0	77082289	40478172	40694608	216323	659915	9cadeff8
20180820_040000	20180820_040022.tiff	0	77082289	36107828	36326466	218525	659915	ace22f6d
20180820_040000	20180820_040023.tiff	0	77082289	20739924	20955567	215530	659915	3b93b098
20180820_040000	20180820_040024.tiff	1	77082289	11230329	11447929	217487	659915	2784c932
20180820_040000	20180820_040025.tiff	0	77082289	7195674	7412084	216297	659915	f744f550
20180820_040000	20180820_040026.tiff	0	77082289	69208387	69426547	218047	659915	4e6d98e3
20180820_040000	20180820_040027.tiff	0	77082289	65551707	65768183	216363	659915	742ce377
20180820_040000	20180820_040028.tiff	0	77082289	15043105	15259009	215791	659915	25c822a8
20180820_040000	20180820_040029.tiff	0	77082289	3706350	3923007	216544	659915	d14c60ee
20180820_040000	20180820_040030.tiff	0	77082289	70776808	70995857	218936	659915	540bfff2
20180820_040000	20180820_040031.tiff	0	77082289	63954286	64171952	217553	659915	03ebeddb
20180820_040000	20180820_040032.tiff	1	77082289	9481786	9697474	215575	659915	abdfd69b
20180820_040000	20180820_040033.tiff	0	77082289	8979668	9200054	220273	659915	c96d546a
20180820_040000	20180820_040034.tiff	0	77082289	34629616	34845559	215830	659915	85e50c0d
20180820_040000	20180820_040035.tiff	0	77082289	22300978	22521525	220434	659915	39695b6d
20180820_040000	20180820_040036.tiff	0	77082289	57471458	57692468	220897	659915	d1777b7c
20180820_040000	20180820_040037.tiff	0	77082289	38677511	38894718	217094	659915	b9099a3f
20180820_040000	20180820_040038.tiff	0	77082289	28650237	28870413	220063	659915	70f0823e
20180820_040000	20180820_040039.tiff	0	77082289	28433337	28650236	216786	659915	80e32297
20180820_040000	20180820_040040.tiff	1	77082289	47391635	47610132	218384	659915	33cc7eac
20180820_040000	20180820_040041.tiff	0	77082289	48040573	48257559	216873	659915	82c92092
20180820_040000	20180820_040042.tiff	0	77082289	23190154	23422352	232085	659915	8a881f13
20180820_040000	20180820_040043.tiff	0	77082289	33981613	34203121	221395	659915	53aa74b3
20180820_040000	20180820_040044.tiff	0	77082289	438765	658041	219163	659915	50daa531
20180820_040000	20180820_040045.tiff	0	77082289	18318755	18536333	217465	659915	fccebd1a
20180820_040000	20180820_040046.tiff	0	77082289	62825835	63045328	219380	659915	fa9595e4
20180820_040000	20180820_040047.tiff	0	77082289	71229543	71447419	217763	659915	b5fbb12c
20180820_040000	20180820_040048.tiff	1	77082289	5663555	5884734	221066	659915	3b58fe70
20180820_040000	20180820_040049.tiff	0	77082289	13276428	13498836	222295	659915	0da17621
20180820_040000	20180820_040050.tiff	0	77082289	60198658	60417261	218490	659915	b87f4938
20180820_040000	20180820_040051.tiff	0	77082289	74051708	74272045	220224	659915	b65bceed
20180820_040000	20180820_040052.tiff	0	77082289	3042369	3262595	220113	659915	745f75be
20180820_040000	20180820_040053.tiff	0	77082289	16144782	16363424	218529	659915	20d16195
20180820_040000	20180820_040054.tiff	0	77082289	26257507	26480601	222981	659915	a47e4e36
20180820_040000	20180820_040055.tiff	0	77082289	31597249	31818716	221354	659915	66657b75
20180820_040000	20180820_040056.tiff	1	77082289	44772096	44991632	219423	659915	3d4ad65d
20180820_040000	20180820_040057.tiff	0	77082289	50884235	51100156	215808	659915	c8999e01
20180820_040000	20180820_040058.tiff	0	77082289	20065356	20292079	226610	659915	354706cd
20180820_040000	20180820_040059.tiff	0	77082289	36873164	37091907	218630	659915	4147649c
20180820_040000	20180820_040100.tiff	0	77082289	18099333	18318754	219308	659915	4ca2b68a
20180820_040000	20180820_040101.tiff	0	77082289	219462	438764	219189	659915	66153b66
20180820_040000	20180820_040102.tiff	0	77082289	71647849	71867556	219594	659915	9ca6ba31
20180820_040000	20180820_040103.tiff	0	77082289	63246955	63468128	221060	659915	7038700b
20180820_040000	20180820_040104.tiff	1	77082289	48467640	48686329	218576	659915	22cf836e
20180820_040000	20180820_040105.tiff	0	77082289	47824680	48040572	215779	659915	3cfc2d2c
20180820_040000	20180820_040106.tiff	0	77082289	33763645	33981612	217854	659915	6bc2a7e6
20180820_040000	20180820_040107.tiff	0	77082289	22973892	23190153	216148	659915	42b95561
20180820_040000	20180820_040108.tiff	0	77082289	53874747	54092794	217934	659915	8db8f6af
20180820_040000	20180820_040109.tiff	0	77082289	42031825	42249164	217226	659915	8c7245cd
20180820_040000	20180820_040110.tiff	0	77082289	31146418	31363859	217328	659915	5128f639
20180820_040000	20180820_040111.tiff	0	77082289	25811795	26029410	217502	659915	b8ac1ecc
20180820_040000	20180820_040112.tiff	1	77082289	51326648	51546763	220002	659915	6f6dfc8f
20180820_040000	20180820_040113.tiff	0	77082289	45220313	45439684	219258	659915	013241a3
20180820_040000	20180820_040114.tiff	0	77082289	74503685	74723164	219366	659915	06fc499c
20180820_040000	20180820_040115.tiff	0	77082289	60627925	60845468	217430	659915	6cdbc75f
20180820_040000	20180820_040116.tiff	0	77082289	15696673	15915677	218891	659915	2091ebd9
20180820_040000	20180820_040117.tiff	0	77082289	2596828	2814060	217119	659915	7a00f49b
20180820_040000	20180820_040118.tiff	0	77082289	68440764	68665720	224843	659915	b579daa1
20180820_040000	20180820_040119.tiff	0	77082289	65987642	66206723	218968	659915	0834eb43
20180820_040000	20180820_040120.tiff	1	77082289	10377769	10594317	216435	659915	ab483f40
20180820_040000	20180820_040121.tiff	0	77082289	8543569	8760688	217006	659915	8a8b34f7
20180820_040000	20180820_040122.tiff	0	77082289	70078449	70301135	222573	659915	47f82bd8
20180820_040000	20180820_040123.tiff	0	77082289	64171953	64392394	220328	659915	b95834d4
20180820_040000	20180820_040124.tiff	0	77082289	56588218	56804733	216402	659915	183024c9
20180820_040000	20180820_040125.tiff	0	77082289	39124257	39341865	217495	659915	09c97267
20180820_040000	20180820_040126.tiff	0	77082289	35261216	35479207	217878	659915	f234ebb4
20180820_040000	20180820_040127.tiff	0	77082289	22085255	22300977	215609	659915	197c5ac0
20180820_040000	20180820_040128.tiff	1	77082289	53211446	53432544	220985	659915	6a21048e
20180820_040000	20180820_040129.tiff	0	77082289	42689831	42907486	217542	659915	d6d69ba0
20180820_040000	20180820_040130.tiff	0	77082289	35887942	36107827	219772	659915	657552a9
20180820_040000	20180820_040131.tiff	0	77082289	21465948	21685116	219055	659915	e496d270
20180820_040000	20180820_040132.tiff	0	77082289	56180061	56400852	220678	659915	61482f1d
20180820_040000	20180820_040133.tiff	0	77082289	39532308	39750043	217622	659915	4373bd94
20180820_040000	20180820_040134.tiff	0	77082289	69426548	69646058	219397	659915	a5d92803
20180820_040000	20180820_040135.tiff	0	77082289	64812664	65029544	216767	659915	7a9ba4ca
20180820_040000	20180820_040136.tiff	1	77082289	10796175	11011141	214853	659915	0064865f
20180820_040000	20180820_040137.tiff	0	77082289	8138451	8355692	217128	659915	a3d46978
20180820_040000	20180820_040138.tiff	0	77082289	75608490	75826919	218316	659915	0e60de54
20180820_040000	20180820_040139.tiff	0	77082289	58872331	59087289	214845	659915	511d60b4
20180820_040000	20180820_040140.tiff	0	77082289	1711141	1929281	218027	659915	40b4defd
20180820_040000	20180820_040141.tiff	0	77082289	16363425	16583512	219974	659915	ff93f23f
20180820_040000	20180820_040142.tiff	0	77082289	61304118	61525572	221341	659915	90181013
20180820_040000	20180820_040143.tiff	0	77082289	73387882	73606383	218388	659915	f086b0a7
20180820_040000	20180820_040144.tiff	1	77082289	45867993	46084537	216431	659915	6585c7fa
20180820_040000	20180820_040145.tiff	0	77082289	50224173	50442640	218354	659915	a3e33184
20180820_040000	20180820_040146.tiff	0	77082289	24480887	24698293	217293	659915	7af32427
20180820_040000	20180820_040147.tiff	0	77082289	32036615	32253741	217013	659915	c8792b8b
20180820_040000	20180820_040148.tiff	0	77082289	41369208	41587683	218362	659915	d2d79fe7
20180820_040000	20180820_040149.tiff	0	77082289	54750317	54966755	216325	659915	3c9b5d2c
20180820_040000	20180820_040150.tiff	0	77082289	23835278	24051499	216108	659915	bc873e23
20180820_040000	20180820_040151.tiff	0	77082289	33109171	33326729	217445	659915	40d87a60
20180820_040000	20180820_040152.tiff	1	77082289	47175305	47391634	216216	659915	3de82c5f
20180820_040000	20180820_040153.tiff	0	77082289	49335294	49556079	220672	659915	25454544
20180820_040000	20180820_040154.tiff	0	77082289	62384481	62602072	217478	659915	760d29bd
20180820_040000	20180820_040155.tiff	0	77082289	72727204	72948123	220806	659915	7c5cea20
20180820_040000	20180820_040156.tiff	0	77082289	1069719	1285413	215581	659915	3dcb5c80
20180820_040000	20180820_040157.tiff	0	77082289	17450501	17667795	217181	659915	76b74932
20180820_040000	20180820_040158.tiff	0	77082289	66656472	66874924	218339	659915	70067821
20180820_040000	20180820_040159.tiff	0	77082289	67526287	67742324	215924	659915	604732dd
20180820_040000	20180820_040200.tiff	1	77082289	43128134	43344446	216199	659915	49a6b05d
20180820_040000	20180820_040201.tiff	0	77082289	52996744	53211445	214588	659915	4ae2f30f
20180820_040000	20180820_040202.tiff	0	77082289	27550207	27767141	216821	659915	eb1ccc6d
20180820_040000	20180820_040203.tiff	0	77082289	29312246	29529650	217291	659915	87b46bea
20180820_040000	20180820_040204.tiff	0	77082289	4368133	4585519	217273	659915	a0c7d6e2
20180820_040000	20180820_040205.tiff	0	77082289	14151590	14367902	216199	659915	a4eb6d57
20180820_040000	20180820_040206.tiff	0	77082289	58654872	58872330	217345	659915	be5d8357
20180820_040000	20180820_040207.tiff	0	77082289	76051160	76269994	218721	659915	0e2f7f4d
20180820_040000	20180820_040208.tiff	1	77082289	8760689	8979667	218865	659915	bb9b1c9d
20180820_040000	20180820_040209.tiff	0	77082289	9972010	10191013	218890	659915	86db7d9d
20180820_040000	20180820_040210.tiff	0	77082289	59312814	59535976	223049	659915	1d3357d0
20180820_040000	20180820_040211.tiff	0	77082289	75389050	75608489	219326	659915	51d8e22d
20180820_040000	20180820_040212.tiff	0	77082289	3923008	4138936	215815	659915	2d4c16ce
20180820_040000	20180820_040213.tiff	0	77082289	14596823	14814235	217299	659915	943fd49b
20180820_040000	20180820_040214.tiff	0	77082289	26918945	27136096	217038	659915	1b234b59
20180820_040000	20180820_040215.tiff	0	77082289	29941126	30157214	215975	659915	041f4eac
20180820_040000	20180820_040216.tiff	1	77082289	43572159	43788026	215754	659915	94e73d4f
20180820_040000	20180820_040217.tiff	0	77082289	52556932	52774671	217626	659915	1558a897
20180820_040000	20180820_040218.tiff	0	77082289	21685117	21900954	215724	659915	13bc1dc9
20180820_040000	20180820_040219.tiff	0	77082289	35479208	35698772	219451	659915	fcda0554
20180820_040000	20180820_040220.tiff	0	77082289	41815425	42031824	216286	659915	1f972e0c
20180820_040000	20180820_040221.tiff	0	77082289	54092795	54309640	216732	659915	2df4059f
20180820_040000	20180820_040222.tiff	0	77082289	18959503	19176394	216778	659915	df8061e0
20180820_040000	20180820_040223.tiff	0	77082289	38224502	38447461	222846	659915	b58327d0
20180820_040000	20180820_040224.tiff	1	77082289	5884735	6102219	217371	659915	277a7e0c
20180820_040000	20180820_040225.tiff	0	77082289	12861676	13078407	216618	659915	369cc626
20180820_040000	20180820_040226.tiff	0	77082289	67089107	67306581	217361	659915	eebbeaf0
20180820_040000	20180820_040227.tiff	0	77082289	67306582	67526286	219591	659915	8d8c4d39
20180820_040000	20180820_040228.tiff	0	77082289	78	219461	219270	659915	10d2b803
20180820_040000	20180820_040229.tiff	0	77082289	18736984	18959502	222405	659915	006ba90a
20180820_040000	20180820_040230.tiff	0	77082289	65768184	65987641	219344	659915	93d36558
20180820_040000	20180820_040231.tiff	0	77082289	68665721	68884814	218980	659915	4cfcddb9
20180820_040000	20180820_040232.tiff	1	77082289	6979538	7195673	216022	659915	c2dbadde
20180820_040000	20180820_040233.tiff	0	77082289	11753985	11971793	217695	659915	e05090e8
20180820_040000	20180820_040234.tiff	0	77082289	20522177	20739923	217633	659915	e0eec8c4
20180820_040000	20180820_040235.tiff	0	77082289	36655203	36873163	217847	659915	e1aa263b
20180820_040000	20180820_040236.tiff	0	77082289	40694609	40912586	217864	659915	77bea7f3
20180820_040000	20180820_040237.tiff	0	77082289	55201008	55419555	218434	659915	d760ce6c
20180820_040000	20180820_040238.tiff	0	77082289	25356579	25572523	215831	659915	a4fa3dd4
20180820_040000	20180820_040239.tiff	0	77082289	31818717	32036614	217784	659915	8b3e2437
20180820_040000	20180820_040240.tiff	1	77082289	51767953	51987463	219397	659915	09dd97f8
20180820_040000	20180820_040241.tiff	0	77082289	44332072	44549041	216856	659915	32b9d2b0
20180820_040000	20180820_040242.tiff	0	77082289	30395952	30614756	218691	659915	4d65cd56
20180820_040000	20180820_040243.tiff	0	77082289	26480602	26698585	217870	659915	612d9600
20180820_040000	20180820_040244.tiff	0	77082289	15259010	15478637	219514	659915	1c6d5b5c
20180820_040000	20180820_040245.tiff	0	77082289	3262596	3484622	221913	659915	2879afdf
20180820_040000	20180820_040246.tiff	0	77082289	74942046	75160703	218544	659915	23992a7b
20180820_040000	20180820_040247.tiff	0	77082289	59756681	59975694	218900	659915	2cc983a4
20180820_040000	20180820_040248.tiff	1	77082289	11011142	11230328	219073	659915	67b59a80
20180820_040000	20180820_040249.tiff	0	77082289	7717313	7935928	218502	659915	a179bbf9
20180820_040000	20180820_040250.tiff	0	77082289	76515280	76732514	217121	659915	68066b3b
20180820_040000	20180820_040251.tiff	0	77082289	58215792	58434050	218145	659915	fb1e3491
20180820_040000	20180820_040252.tiff	0	77082289	13498837	13717516	218566	659915	4c022f4a
20180820_040000	20180820_040253.tiff	0	77082289	5015595	5237404	221696	659915	3aa2267a
20180820_040000	20180820_040254.tiff	0	77082289	28870414	29091441	220914	659915	dfc74baf
20180820_040000	20180820_040255.tiff	0	77082289	27992112	28210660	218435	659915	e4dfc179
20180820_040000	20180820_040256.tiff	1	77082289	53655879	53874746	218754	659915	304b346b
20180820_040000	20180820_040257.tiff	0	77082289	42470480	42689830	219237	659915	fc8123a2
20180820_040000	20180820_040258.tiff	0	77082289	34410350	34629615	219152	659915	b962ce51
20180820_040000	20180820_040259.tiff	0	77082289	22757043	22973891	216735	659915	e3dac2a6
20180820_040000	20180820_040300.tiff	0	77082289	3484623	3706349	221613	659915	a95c4402
20180820_040000	20180820_040301.tiff	0	77082289	15478638	15696672	217921	659915	ceb61cc2
20180820_040000	20180820_040302.tiff	0	77082289	59535977	59756680	220590	659915	30caeb94
20180820_040000	20180820_040303.tiff	0	77082289	74723165	74942045	218767	659915	7915f7b4
20180820_040000	20180820_040304.tiff	1	77082289	44113633	44332071	218325	659915	fc939926
20180820_040000	20180820_040305.tiff	0	77082289	51546764	51767952	221075	659915	6008ddd6
20180820_040000	20180820_040306.tiff	0	77082289	26698586	26918944	220245	659915	5bcd5375
20180820_040000	20180820_040307.tiff	0	77082289	30614757	30840936	226066	659915	058bdac3
20180820_040000	20180820_040308.tiff	0	77082289	39938610	40163640	224917	659915	4c1959bb
20180820_040000	20180820_040309.tiff	0	77082289	55959170	56180060	220777	659915	debb72f8
20180820_040000	20180820_040310.tiff	0	77082289	28210661	28433336	222562	659915	70d201fd
20180820_040000	20180820_040311.tiff	0	77082289	29091442	29312245	220690	659915	2ffed2ca
20180820_040000	20180820_040312.tiff	1	77082289	42249165	42470479	221201	659915	ff3e7286
20180820_040000	20180820_040313.tiff	0	77082289	53432545	53655878	223220	659915	0c3c15b7
20180820_040000	20180820_040314.tiff	0	77082289	57991771	58215791	223907	659915	3b5cf48a
20180820_040000	20180820_040315.tiff	0	77082289	76269995	76515279	245171	659915	9618e680
20180820_040000	20180820_040316.tiff	0	77082289	5237405	5466753	229235	659915	be4d9f8a
20180820_040000	20180820_040317.tiff	0	77082289	13717517	13948854	231224	659915	cc520eeb
20180820_040000	20180820_040318.tiff	0	77082289	63468129	63699247	231005	659915	882518df
20180820_040000	20180820_040319.tiff	0	77082289	70995858	71229542	233571	659915	f5c57dc0
20180820_040000	20180820_040320.tiff	1	77082289	6745572	6979537	233852	659915	f427ebcc
20180820_040000	20180820_040321.tiff	0	77082289	11971794	12199644	227737	659915	a8dad599
20180820_040000	20180820_040322.tiff	0	77082289	66206724	66436954	230117	659915	05a00cd3
20180820_040000	20180820_040323.tiff	0	77082289	68185743	68440763	254907	659915	0a41182e
20180820_040000	20180820_040324.tiff	0	77082289	40912587	41150301	237601	659915	29e5b95b
20180820_040000	20180820_040325.tiff	0	77082289	54966756	55201007	234138	659915	1a85c19e
20180820_040000	20180820_040326.tiff	0	77082289	19836165	20065355	229077	659915	6184297b
20180820_040000	20180820_040327.tiff	0	77082289	37325292	37561062	235657	659915	15006ee8
20180820_040000	20180820_040328.tiff	1	77082289	46306985	46537168	230070	659915	69209121
20180820_040000	20180820_040329.tiff	0	77082289	49556080	49787014	230821	659915	080e433d
20180820_040000	20180820_040330.tiff	0	77082289	19606713	19836164	229338	659915	1e884741
20180820_040000	20180820_040331.tiff	0	77082289	37561063	37784106	222930	659915	9fc0db10
20180820_040000	20180820_040332.tiff	0	77082289	41587684	41815424	227627	659915	64d4363e
20180820_040000	20180820_040333.tiff	0	77082289	54309641	54528094	218340	659915	d9cf1d67
20180820_040000	20180820_040334.tiff	0	77082289	66436955	66656471	219403	659915	92319402
20180820_040000	20180820_040335.tiff	0	77082289	67966832	68185742	218797	659915	2e958159
20180820_040000	20180820_040336.tiff	1	77082289	6102220	6324622	222289	659915	d82108e0
20180820_040000	20180820_040337.tiff	0	77082289	12630494	12861675	231068	659915	bc962791
20180820_040000	20180820_040338.tiff	0	77082289	62602073	62825834	223648	659915	cc6d4ba4
20180820_040000	20180820_040339.tiff	0	77082289	71867557	72089394	221724	659915	4ea7be98
20180820_040000	20180820_040340.tiff	0	77082289	14367903	14596822	228806	659915	aa95811a
20180820_040000	20180820_040341.tiff	0	77082289	4585520	4809939	224306	659915	759dc5ab
20180820_040000	20180820_040342.tiff	0	77082289	75826920	76051159	224126	659915	630669fd
20180820_040000	20180820_040343.tiff	0	77082289	58434051	58654871	220707	659915	56b532dd
20180820_040000	20180820_040344.tiff	1	77082289	52774672	52996743	221958	659915	2d18b30e
20180820_040000	20180820_040345.tiff	0	77082289	42907487	43128133	220533	659915	345c3a9e
20180820_040000	20180820_040346.tiff	0	77082289	29529651	29756275	226511	659915	08f34ca4
20180820_040000	20180820_040347.tiff	0	77082289	27767142	27992111	224856	659915	c6579174
20180820_040000	20180820_040348.tiff	0	77082289	56994132	57220976	226731	659915	a7656d35
20180820_040000	20180820_040349.tiff	0	77082289	38894719	39124256	229424	659915	0b3cebd1
20180820_040000	20180820_040350.tiff	0	77082289	30157215	30395951	238623	659915	f2469930
20180820_040000	20180820_040351.tiff	0	77082289	27136097	27363432	227222	659915	98a20b5e
20180820_040000	20180820_040352.tiff	1	77082289	52326703	52556931	230115	659915	d0cbcc5d
20180820_040000	20180820_040353.tiff	0	77082289	43344447	43572158	227598	659915	d4b445fa
20180820_040000	20180820_040354.tiff	0	77082289	75160704	75389049	228232	659915	0d75fb42
20180820_040000	20180820_040355.tiff	0	77082289	59087290	59312813	225410	659915	9498e51c
20180820_040000	20180820_040356.tiff	0	77082289	14814236	15043104	228755	659915	d072c9e3
20180820_040000	20180820_040357.tiff	0	77082289	4138937	4368132	229082	659915	d6d4897b
20180820_040000	20180820_040358.tiff	0	77082289	69847056	70078448	231279	659915	a073abea
20180820_040000	20180820_040359.tiff	0	77082289	64581313	64812663	231237	659915	2d5a5072
20180820_040000	20180820_040400.tiff	1	77082289	59975695	60198657	222849	659915	83a94b1a
20180820_040000	20180820_040401.tiff	0	77082289	73825399	74051707	226195	659915	abc0e75c
20180820_040000	20180820_040402.tiff	0	77082289	2814061	3042368	228194	659915	aefd0952
20180820_040000	20180820_040403.tiff	0	77082289	15915678	16144781	228990	659915	00bd693c
20180820_040000	20180820_040404.tiff	0	77082289	26029411	26257506	227982	659915	c8bc2bce
20180820_040000	20180820_040405.tiff	0	77082289	31363860	31597248	233275	659915	0c4270d9
20180820_040000	20180820_040406.tiff	0	77082289	44549042	44772095	222940	659915	230c1cea
20180820_040000	20180820_040407.tiff	0	77082289	50659648	50884234	224473	659915	405a4f2b
20180820_040000	20180820_040408.tiff	1	77082289	20292080	20522176	229983	659915	1772b40d
20180820_040000	20180820_040409.tiff	0	77082289	37091908	37325291	233270	659915	e2eccc07
20180820_040000	20180820_040410.tiff	0	77082289	47610133	47824679	214433	659915	0cc8a725
20180820_040000	20180820_040411.tiff	0	77082289	48257560	48467639	209966	659915	bd51af19
20180820_040000	20180820_040412.tiff	0	77082289	23422353	23626184	203718	659915	aaa15a57
20180820_040000	20180820_040413.tiff	0	77082289	34203122	34410349	207114	659915	7ca382e6
20180820_040000	20180820_040414.tiff	0	77082289	658042	855472	197317	659915	77881146
20180820_040000	20180820_040415.tiff	0	77082289	18536334	18736983	200536	659915	81f26747
20180820_040000	20180820_040416.tiff	1	77082289	63045329	63246954	201512	659915	623d7f03
20180820_040000	20180820_040417.tiff	0	77082289	71447420	71647848	200315	659915	14fd51a2
20180820_040000	20180820_040418.tiff	0	77082289	5466754	5663554	196687	659915	544e8d59
20180820_040000	20180820_040419.tiff	0	77082289	13078408	13276427	197906	659915	aad3ec7b
20180820_040000	20180820_040420.tiff	0	77082289	65029545	65230574	200916	659915	963e0738
20180820_040000	20180820_040421.tiff	0	77082289	69646059	69847055	200883	659915	dfdff728
20180820_040000	20180820_040422.tiff	0	77082289	7935929	8138450	202408	659915	f8b3afd8
20180820_040000	20180820_040423.tiff	0	77082289	10594318	10796174	201743	659915	14af709a
20180820_040000	20180820_040424.tiff	1	77082289	21273771	21465947	192063	659915	55f8fd4a
20180820_040000	20180820_040425.tiff	0	77082289	35698773	35887941	189055	659915	6bfd43dc
20180820_040000	20180820_040426.tiff	0	77082289	39750044	39938609	188452	659915	8ab88269
20180820_040000	20180820_040427.tiff	0	77082289	56400853	56588217	187251	659915	9494f5df
20180820_040000	20180820_040428.tiff	0	77082289	27363433	27550206	186660	659915	c3500ac2
20180820_040000	20180820_040429.tiff	0	77082289	29756276	29941125	184736	659915	7e0d455a
20180820_040000	20180820_040430.tiff	0	77082289	39341866	39532307	190328	659915	0b489a70
20180820_040000	20180820_040431.tiff	0	77082289	56804734	56994131	189284	659915	b17e2473
20180820_040000	20180820_040432.tiff	1	77082289	21900955	22085254	184186	659915	49704f69
20180820_040000	20180820_040433.tiff	0	77082289	35075714	35261215	185388	659915	2fee01c0
20180820_040000	20180820_040434.tiff	0	77082289	8355693	8543568	187762	659915	fe6f1271
20180820_040000	20180820_040435.tiff	0	77082289	10191014	10377768	186641	659915	2311323e
20180820_040000	20180820_040436.tiff	0	77082289	64392395	64581312	188804	659915	8962fb7a
20180820_040000	20180820_040437.tiff	0	77082289	70301136	70492896	191647	659915	55eed979
20180820_040000	20180820_040438.tiff	0	77082289	4809940	5015594	205541	659915	6fe25ef9
20180820_040000	20180820_040439.tiff	0	77082289	13948855	14151589	202621	659915	cfea29af
20180820_040000	20180820_040440.tiff	1	77082289	72089395	72294800	205292	659915	8933e2f7
20180820_040000	20180820_040441.tiff	0	77082289	61742779	61952772	209880	659915	af96a6ba
20180820_040000	20180820_040442.tiff	0	77082289	17667796	17883721	215812	659915	d434e90c
20180820_040000	20180820_040443.tiff	0	77082289	1285414	1495676	210149	659915	f08c1b5f
20180820_040000	20180820_040444.tiff	0	77082289	33326730	33545830	218987	659915	4fc1d9ed
20180820_040000	20180820_040445.tiff	0	77082289	24051500	24265838	214225	659915	b94fb78a
20180820_040000	20180820_040446.tiff	0	77082289	48686330	48909645	223202	659915	c7b699a1
20180820_040000	20180820_040447.tiff	0	77082289	46537169	46749584	212302	659915	647f394e
20180820_040000	20180820_040448.tiff	1	77082289	38000980	38224501	223408	659915	5ec0f2a2
20180820_040000	20180820_040449.tiff	0	77082289	19392165	19606712	214434	659915	7a357bfe
20180820_040000	20180820_040450.tiff	0	77082289	50009702	50224172	214357	659915	b6cfeafa
20180820_040000	20180820_040451.tiff	0	77082289	45657945	45867992	209934	659915	5d703bf2
20180820_040000	20180820_040452.tiff	0	77082289	32689807	32901697	211777	659915	68d0c6d1
20180820_040000	20180820_040453.tiff	0	77082289	25141001	25356578	215464	659915	6d0aa68b
20180820_040000	20180820_040454.tiff	0	77082289	17025589	17237423	211721	659915	d8ab6c52
20180820_040000	20180820_040455.tiff	0	77082289	2378787	2596827	217927	659915	1037c944
20180820_040000	20180820_040456.tiff	1	77082289	73170383	73387881	217385	659915	50a7ca26
20180820_040000	20180820_040457.tiff	0	77082289	61090670	61304117	213334	659915	1837eae1
20180820_040000	20180820_040458.tiff	0	77082289	12199645	12414243	214485	659915	62c5fb6b
20180820_040000	20180820_040459.tiff	0	77082289	6324623	6533168	208432	659915	04ab6526
20180820_040000	20180820_040500.tiff	0	77082289	23626185	23835277	208979	659915	4bf3bc03
20180820_040000	20180820_040501.tiff	0	77082289	32901698	33109170	207359	659915	44df0b5e
20180820_040000	20180820_040502.tiff	0	77082289	46966198	47175304	208993	659915	be472430
20180820_040000	20180820_040503.tiff	0	77082289	49125597	49335293	209583	659915	d2204303
20180820_040000	20180820_040504.tiff	1	77082289	62171599	62384480	212768	659915	ba0bacd1
20180820_040000	20180820_040505.tiff	0	77082289	72514631	72727203	212459	659915	febad307
20180820_040000	20180820_040506.tiff	0	77082289	855473	1069718	214132	659915	03d69188
20180820_040000	20180820_040507.tiff	0	77082289	17237424	17450500	212963	659915	bbe53a95
20180820_040000	20180820_040508.tiff	0	77082289	66874925	67089106	214068	659915	0eeb22ce
20180820_040000	20180820_040509.tiff	0	77082289	67742325	67966831	224393	659915	e7f9702b
20180820_040000	20180820_040510.tiff	0	77082289	1929282	2160139	230744	659915	3ecd1056
20180820_040000	20180820_040511.tiff	0	77082289	16583513	16805907	222281	659915	c38425cf
20180820_040000	20180820_040512.tiff	1	77082289	61525573	61742778	217092	659915	95d61d04
20180820_040000	20180820_040513.tiff	0	77082289	73606384	73825398	218901	659915	63856de3
20180820_040000	20180820_040514.tiff	0	77082289	46084538	46306984	222333	659915	3fdcc0ba
20180820_040000	20180820_040515.tiff	0	77082289	50442641	50659647	216893	659915	7eead316
20180820_040000	20180820_040516.tiff	0	77082289	24698294	24921101	222694	659915	afdbf23f
20180820_040000	20180820_040517.tiff	0	77082289	32253742	32470337	216482	659915	3d91fdf9
20180820_040000	20180820_040518.tiff	0	77082289	41150302	41369207	218792	659915	d0f434ec
20180820_040000	20180820_040519.tiff	0	77082289	54528095	54750316	222108	659915	8c3ec82c
20180820_040000	20180820_040520.tiff	1	77082289	22521526	22757042	235403	659915	cd133e9a
20180820_040000	20180820_040521.tiff	0	77082289	34845560	35075713	230040	659915	0bcb0bf6
20180820_040000	20180820_040522.tiff	0	77082289	38447462	38677510	229935	659915	90b24cd7
20180820_040000	20180820_040523.tiff	0	77082289	57220977	57471457	250367	659915	511cf027
20180820_040000	20180820_040524.tiff	0	77082289	63699248	63954285	254924	659915	af1e0798
20180820_040000	20180820_040525.tiff	0	77082289	70492897	70776807	283797	659915	f8400c64
20180820_040000	20180820_040526.tiff	0	77082289	9200055	9481785	281617	659915	da48e28b
20180820_040000	20180820_040527.tiff	0	77082289	9697475	9972009	274421	659915	1e917e1b
20180820_040000	20180820_040528.tiff	1	77082289	57692469	57991770	299188	659915	05b18e00
20180820_040000	20180820_040529.tiff	0	77082289	76732515	77042728	310100	659915	6baeae6d
20180820_040000	20180820_040530.tiff	0	77082289	7412085	7717312	305114	659915	35d63ac4
20180820_040000	20180820_040531.tiff	0	77082289	11447930	11753984	305941	659915	64bb20ac
20180820_040000	20180820_040532.tiff	0	77082289	65230575	65551706	321018	659915	882790d1
20180820_040000	20180820_040533.tiff	0	77082289	68884815	69208386	323458	659915	d50ec7da
20180820_040000	20180820_040534.tiff	0	77082289	40163641	40478171	314417	659915	cbf1b81a
20180820_040000	20180820_040535.tiff	0	77082289	55419556	55740278	320609	659915	880a0d13
20180820_040000	20180820_040536.tiff	1	77082289	20955568	21273770	318089	659915	4c29dcad
20180820_040000	20180820_040537.tiff	0	77082289	36326467	36655202	328622	659915	cea1ab82
20180820_040000	20180820_040538.tiff	0	77082289	43788027	44113632	325492	659915	e161b566
20180820_040000	20180820_040539.tiff	0	77082289	51987464	52326702	339125	659915	7d41f7f8
20180820_040000	20180820_040540.tiff	0	77082289	30840937	31146417	305367	659915	7e320391
20180820_040000	20180820_040541.tiff	0	77082289	25572524	25811794	239157	659915	1fc0558d
20180820_040000	20180820_040542.tiff	0	77082289	51100157	51326647	226377	659915	186909ad
20180820_040000	20180820_040543.tiff	0	77082289	44991633	45220312	228566	659915	2cf51785
20180820_040000	20180820_040544.tiff	1	77082289	74272046	74503684	231525	659915	10dfb1e3
20180820_040000	20180820_040545.tiff	0	77082289	60417262	60627924	210549	659915	7ae65764
20180821_034534	20180821_034534.tiff	1	138761841	82187831	82399540	211596	659915	ec0b610c
20180821_034534	20180821_034535.tiff	0	138761841	91153257	91361266	207896	659915	dc5b3273
20180821_034534	20180821_034536.tiff	0	138761841	49998196	50209022	210713	659915	57018bda
20180821_034534	20180821_034537.tiff	0	138761841	53629375	53907515	278027	659915	61b7559a
20180821_034534	20180821_034538.tiff	0	138761841	72323591	72593040	269336	659915	ca859828
20180821_034534	20180821_034539.tiff	0	138761841	101494505	101776800	282182	659915	6be50d92
20180821_034534	20180821_034540.tiff	0	138761841	65255332	65528221	272776	659915	c467ef8c
20180821_034534	20180821_034541.tiff	0	138761841	37162380	37424447	261954	659915	ec8e6978
20180821_034534	20180821_034542.tiff	1	138761841	97363257	97616910	253540	659915	685c3636
20180821_034534	20180821_034543.tiff	0	138761841	77159922	77413953	253918	659915	79709d9c
20180821_034534	20180821_034544.tiff	0	138761841	124851484	125105296	253699	659915	f0f4f201
20180821_034534	20180821_034545.tiff	0	138761841	118147401	118393941	246427	659915	15765e08
20180821_034534	20180821_034546.tiff	0	138761841	24610445	24854559	244001	659915	e48a45db
20180821_034534	20180821_034547.tiff	0	138761841	9348536	9592835	244186	659915	2fcfd42d
20180821_034534	20180821_034548.tiff	0	138761841	133915139	134161643	246391	659915	ad609da5
20180821_034534	20180821_034549.tiff	0	138761841	109338260	109591923	253550	659915	85bb077a
20180821_034534	20180821_034550.tiff	1	138761841	25269670	25512018	242235	659915	49b1e369
20180821_034534	20180821_034551.tiff	0	138761841	7817915	8065340	247312	659915	69e23827
20180821_034534	20180821_034552.tiff	0	138761841	123770066	124017747	247568	659915	0b7e530a
20180821_034534	20180821_034553.tiff	0	138761841	120100635	120329481	228733	659915	af85eee4
20180821_034534	20180821_034554.tiff	0	138761841	95822525	96061235	238597	659915	7d12f3ba
20180821_034534	20180821_034555.tiff	0	138761841	77831240	78064478	233125	659915	20a96366
20180821_034534	20180821_034556.tiff	0	138761841	67047967	67289746	241666	659915	10154524
20180821_034534	20180821_034557.tiff	0	138761841	36286540	36525370	238717	659915	7278d7db
20180821_034534	20180821_034558.tiff	1	138761841	88112070	88342683	230500	659915	49dd56ae
20180821_034534	20180821_034559.tiff	0	138761841	85862139	86114876	252624	659915	f9d34327
20180821_034534	20180821_034600.tiff	0	138761841	130379313	130617482	238056	659915	d0266e26
20180821_034534	20180821_034601.tiff	0	138761841	113703938	113909802	205751	659915	aa2549c3
20180821_034534	20180821_034602.tiff	0	138761841	18632818	18843748	210817	659915	5686947b
20180821_034534	20180821_034603.tiff	0	138761841	14320691	14530027	209223	659915	1c80abeb
20180821_034534	20180821_034604.tiff	0	138761841	60689222	60909255	219920	659915	cb5e75c9
20180821_034534	20180821_034605.tiff	0	138761841	42445200	42661646	216333	659915	d567560c
20180821_034534	20180821_034606.tiff	1	138761841	102420603	102648207	227491	659915	50c26388
20180821_034534	20180821_034607.tiff	0	138761841	71459446	71682601	223042	659915	240b0474
20180821_034534	20180821_034608.tiff	0	138761841	52119408	52349676	230155	659915	106c9491
20180821_034534	20180821_034609.tiff	0	138761841	50635113	50863345	228119	659915	3b0a473d
20180821_034534	20180821_034610.tiff	0	138761841	101042484	101277029	234432	659915	0db0b9a5
20180821_034534	20180821_034611.tiff	0	138761841	73700963	73935835	234759	659915	e154f17d
20180821_034534	20180821_034612.tiff	0	138761841	61549059	61787295	238123	659915	59bfc5bf
20180821_034534	20180821_034613.tiff	0	138761841	40674524	40935971	261334	659915	444601ce
20180821_034534	20180821_034614.tiff	1	138761841	20351618	20630894	279163	659915	b9813e77
20180821_034534	20180821_034615.tiff	0	138761841	13347082	13644240	297045	659915	513a9ee3
20180821_034534	20180821_034616.tiff	0	138761841	128370569	128658733	288051	659915	7c13609d
20180821_034534	20180821_034617.tiff	0	138761841	114786092	115070758	284553	659915	9046a53c
20180821_034534	20180821_034618.tiff	0	138761841	29211939	29490021	277969	659915	d6205d4e
20180821_034534	20180821_034619.tiff	0	138761841	4301607	4581513	279793	659915	20121a9a
20180821_034534	20180821_034620.tiff	0	138761841	132345062	132626477	281302	659915	24f1c0ae
20180821_034534	20180821_034621.tiff	0	138761841	110618528	110893841	275200	659915	cd7487eb
20180821_034534	20180821_034622.tiff	1	138761841	33522782	33799130	276235	659915	6090c42c
20180821_034534	20180821_034623.tiff	0	138761841	398910	668270	269247	659915	d83f9d0b
20180821_034534	20180821_034624.tiff	0	138761841	58055044	58326410	271253	659915	cefbb4c8
20180821_034534	20180821_034625.tiff	0	138761841	45641508	45929198	287577	659915	cab7bf5b
20180821_034534	20180821_034626.tiff	0	138761841	87206144	87482226	275969	659915	250743f9
20180821_034534	20180821_034627.tiff	0	138761841	86114877	86387610	272620	659915	1d470e6e
20180821_034534	20180821_034628.tiff	0	138761841	68827956	69102047	273978	659915	4c55f2bc
20180821_034534	20180821_034629.tiff	0	138761841	34213004	34486858	273741	659915	03f2b666
20180821_034534	20180821_034630.tiff	1	138761841	90254806	90545641	290722	659915	08118241
20180821_034534	20180821_034631.tiff	0	138761841	83439145	83725721	286463	659915	80db45b3
20180821_034534	20180821_034632.tiff	0	138761841	55185261	55463548	278174	659915	629b9943
20180821_034534	20180821_034633.tiff	0	138761841	48022607	48298065	275345	659915	4315b8d4
20180821_034534	20180821_034634.tiff	0	138761841	31144165	31427135	282857	659915	eaea2a3d
20180821_034534	20180821_034635.tiff	0	138761841	3183185	3466097	282799	659915	23038743
20180821_034534	20180821_034636.tiff	0	138761841	135008119	135287495	279263	659915	57eef6ed
20180821_034534	20180821_034637.tiff	0	138761841	107587662	107862227	274452	659915	eeefaa4a
20180821_034534	20180821_034638.tiff	1	138761841	23685851	23964345	278381	659915	3ebcc7db
20180821_034534	20180821_034639.tiff	0	138761841	10010102	10288520	278305	659915	43ee9ff1
20180821_034534	20180821_034640.tiff	0	138761841	116628781	116906135	277241	659915	9ffff491
20180821_034534	20180821_034641.tiff	0	138761841	127445577	127719720	274030	659915	fbe8158f
20180821_034534	20180821_034642.tiff	0	138761841	11332322	11604769	272334	659915	acbd5f65
20180821_034534	20180821_034643.tiff	0	138761841	21500360	21770335	269862	659915	34ecc4c8
20180821_034534	20180821_034644.tiff	0	138761841	39582203	39852540	270224	659915	0c70177d
20180821_034534	20180821_034645.tiff	0	138761841	63532981	63801079	267985	659915	73ff0db6
20180821_034534	20180821_034646.tiff	1	138761841	74547293	74814181	266775	659915	fe5f8b59
20180821_034534	20180821_034647.tiff	0	138761841	99280587	99516463	235763	659915	ff67ccde
20180821_034534	20180821_034648.tiff	0	138761841	48914393	49147087	232581	659915	77dc3a03
20180821_034534	20180821_034649.tiff	0	138761841	53907516	54146783	239154	659915	22322935
20180821_034534	20180821_034650.tiff	0	138761841	70374337	70602695	228245	659915	40f4502c
20180821_034534	20180821_034651.tiff	0	138761841	104350261	104578913	228539	659915	8065957e
20180821_034534	20180821_034652.tiff	0	138761841	43325046	43552726	227567	659915	ef09af40
20180821_034534	20180821_034653.tiff	0	138761841	58922792	59145195	222290	659915	1426f6d5
20180821_034534	20180821_034654.tiff	1	138761841	16046701	16270271	223457	659915	d216311c
20180821_034534	20180821_034655.tiff	0	138761841	17758961	17977733	218659	659915	c8671279
20180821_034534	20180821_034656.tiff	0	138761841	111755237	111973487	218137	659915	2c644a75
20180821_034534	20180821_034657.tiff	0	138761841	131286092	131503461	217256	659915	4c865761
20180821_034534	20180821_034658.tiff	0	138761841	5858459	6075158	216586	659915	c9259c08
20180821_034534	20180821_034659.tiff	0	138761841	27712882	27932310	219315	659915	2c74243f
20180821_034534	20180821_034700.tiff	0	138761841	63801080	64018185	216992	659915	61fc3cc3
20180821_034534	20180821_034701.tiff	0	138761841	39852541	40065460	212806	659915	5c99e006
20180821_034534	20180821_034702.tiff	1	138761841	99071992	99280586	208481	659915	ce3deb41
20180821_034534	20180821_034703.tiff	0	138761841	74338381	74547292	208798	659915	f7efc390
20180821_034534	20180821_034704.tiff	0	138761841	126377978	126587054	208963	659915	3d3b981e
20180821_034534	20180821_034705.tiff	0	138761841	115494223	115704704	210368	659915	64062b4f
20180821_034534	20180821_034706.tiff	0	138761841	22644245	22853344	208986	659915	d3de3dd3
20180821_034534	20180821_034707.tiff	0	138761841	12469730	12675541	205698	659915	58c6a44d
20180821_034534	20180821_034708.tiff	0	138761841	136558555	136769349	210681	659915	43586e1d
20180821_034534	20180821_034709.tiff	0	138761841	106965236	107171358	206009	659915	8e243d01
20180821_034534	20180821_034710.tiff	1	138761841	17977734	18184838	206991	659915	92f7a611
20180821_034534	20180821_034711.tiff	0	138761841	16270272	16474637	204252	659915	f9079b11
20180821_034534	20180821_034714.tiff	0	138761841	103278968	103497112	218031	659915	e34ff01b
20180821_034534	20180821_034715.tiff	0	138761841	69309339	69517030	207578	659915	7553a2d2
20180821_034534	20180821_034716.tiff	0	138761841	60043803	60257597	213681	659915	f8e2a579
20180821_034534	20180821_034717.tiff	0	138761841	44410541	44618465	207811	659915	5497d5cf
20180821_034534	20180821_034718.tiff	0	138761841	93758794	93968741	209834	659915	2210745d
20180821_034534	20180821_034719.tiff	0	138761841	80473473	80690062	216476	659915	e569ccf8
20180821_034534	20180821_034720.tiff	1	138761841	55874671	56088442	213658	659915	8abeb3f4
20180821_034534	20180821_034721.tiff	0	138761841	46980987	47196047	214947	659915	18e106b2
20180821_034534	20180821_034722.tiff	0	138761841	89632206	89840465	208146	659915	c756c23b
20180821_034534	20180821_034723.tiff	0	138761841	84555388	84768409	212908	659915	0a31ec3d
20180821_034534	20180821_034724.tiff	0	138761841	134385140	134594529	209276	659915	0bcfa2f0
20180821_034534	20180821_034725.tiff	0	138761841	108684545	108896476	211818	659915	43f46c01
20180821_034534	20180821_034726.tiff	0	138761841	31843329	32055931	212489	659915	0e354ab5
20180821_034534	20180821_034727.tiff	0	138761841	2136659	2347860	211088	659915	854e36f8
20180821_034534	20180821_034728.tiff	1	138761841	124226068	124436132	209951	659915	f32824db
20180821_034534	20180821_034729.tiff	0	138761841	119043909	119253595	209573	659915	150119fb
20180821_034534	20180821_034730.tiff	0	138761841	32494158	32703495	209224	659915	6eeae483
20180821_034534	20180821_034731.tiff	0	138761841	1082903	1294151	211135	659915	295b122c
20180821_034534	20180821_034732.tiff	0	138761841	133467457	133682846	215276	659915	cb65b5a6
20180821_034534	20180821_034733.tiff	0	138761841	109991905	110203052	211034	659915	5a318f08
20180821_034534	20180821_034734.tiff	0	138761841	88568112	88780350	212125	659915	b5fdf0e7
20180821_034534	20180821_034735.tiff	0	138761841	85221244	85431446	210089	659915	9b568f55
20180821_034534	20180821_034736.tiff	1	138761841	56941412	57153695	212170	659915	b339a058
20180821_034534	20180821_034737.tiff	0	138761841	46342784	46554416	211519	659915	ffd89f69
20180821_034534	20180821_034738.tiff	0	138761841	95189196	95404323	215014	659915	08bba6aa
20180821_034534	20180821_034739.tiff	0	138761841	78704289	78957737	253335	659915	06ac7a90
20180821_034534	20180821_034740.tiff	0	138761841	42661647	42883119	221359	659915	dc7a91c4
20180821_034534	20180821_034741.tiff	0	138761841	60909256	61116214	206845	659915	a8f0cb0e
20180821_034534	20180821_034742.tiff	0	138761841	71249493	71459445	209839	659915	fbca4ee2
20180821_034534	20180821_034743.tiff	0	138761841	102211861	102420602	208628	659915	603b94c6
20180821_034534	20180821_034744.tiff	1	138761841	112623431	112829885	206341	659915	57a530d1
20180821_034534	20180821_034745.tiff	0	138761841	129294957	129502092	207022	659915	39813ad7
20180821_034534	20180821_034746.tiff	0	138761841	15412644	15620097	207340	659915	09344ab8
20180821_034534	20180821_034747.tiff	0	138761841	19716760	19926388	209515	659915	4bc975bc
20180821_034534	20180821_034748.tiff	0	138761841	105460403	105666890	206374	659915	e29331c1
20180821_034534	20180821_034749.tiff	0	138761841	138066205	138274669	208351	659915	33b616f1
20180821_034534	20180821_034750.tiff	0	138761841	13644241	13855477	211123	659915	b35da4d5
20180821_034534	20180821_034751.tiff	0	138761841	20630895	20841590	210582	659915	b1cba82e
20180821_034534	20180821_034752.tiff	1	138761841	114576213	114786091	209765	659915	6f385a4a
20180821_034534	20180821_034753.tiff	0	138761841	128161653	128370568	208802	659915	ef9233b6
20180821_034534	20180821_034754.tiff	0	138761841	72593041	72799718	206564	659915	015b5f06
20180821_034534	20180821_034755.tiff	0	138761841	99935814	100145658	209731	659915	68637edb
20180821_034534	20180821_034756.tiff	0	138761841	41804574	42013570	208883	659915	88b1fe5f
20180821_034534	20180821_034757.tiff	0	138761841	62680381	62885534	205040	659915	162a3d62
20180821_034534	20180821_034758.tiff	0	138761841	81971667	82187830	216050	659915	2cb0e6e0
20180821_034534	20180821_034759.tiff	0	138761841	92219515	92427638	208010	659915	5557db08
20180821_034534	20180821_034800.tiff	1	138761841	119888477	120100634	212044	659915	daa4188d
20180821_034534	20180821_034801.tiff	0	138761841	123561798	123770065	208154	659915	b921894b
20180821_034534	20180821_034802.tiff	0	138761841	8286492	8494907	208302	659915	708bf3b1
20180821_034534	20180821_034803.tiff	0	138761841	25732319	25942106	209674	659915	a42f9a4a
20180821_034534	20180821_034804.tiff	0	138761841	36073045	36286539	213381	659915	dc70d1a6
20180821_034534	20180821_034805.tiff	0	138761841	66834703	67047966	213150	659915	89e61985
20180821_034534	20180821_034806.tiff	0	138761841	78292582	78498870	206175	659915	48cac1d2
20180821_034534	20180821_034807.tiff	0	138761841	96289431	96497369	207825	659915	4c6794c8
20180821_034534	20180821_034808.tiff	1	138761841	45929199	46136775	207463	659915	6498fab6
20180821_034534	20180821_034809.tiff	0	138761841	57386175	57592638	206350	659915	ab8ba02a
20180821_034534	20180821_034810.tiff	0	138761841	76678258	76930514	252143	659915	a8c85fc4
20180821_034534	20180821_034811.tiff	0	138761841	96914135	97132838	218590	659915	2bd58c0c
20180821_034534	20180821_034812.tiff	0	138761841	37424448	37631200	206639	659915	c7952c30
20180821_034534	20180821_034813.tiff	0	138761841	65528222	65737474	209139	659915	b71ba863
20180821_034534	20180821_034814.tiff	0	138761841	8911302	9119848	208433	659915	0c280212
20180821_034534	20180821_034815.tiff	0	138761841	24171877	24377477	205487	659915	9e0eb2ec
20180821_034534	20180821_034816.tiff	1	138761841	118393942	118603795	209740	659915	00e9fcee
20180821_034534	20180821_034817.tiff	0	138761841	125105297	125319577	214167	659915	4749c488
20180821_034534	20180821_034818.tiff	0	138761841	1722805	1932249	209331	659915	44253c07
20180821_034534	20180821_034819.tiff	0	138761841	32286198	32494157	207846	659915	813f0f32
20180821_034534	20180821_034820.tiff	0	138761841	104578914	104786732	207705	659915	0a0feedf
20180821_034534	20180821_034821.tiff	0	138761841	138274670	138483011	208228	659915	dd51f018
20180821_034534	20180821_034822.tiff	0	138761841	5647695	5858458	210650	659915	9d203fa8
20180821_034534	20180821_034823.tiff	0	138761841	28573194	28780573	207266	659915	9fd55700
20180821_034534	20180821_034824.tiff	1	138761841	51495840	51705678	209725	659915	f8e81536
20180821_034534	20180821_034825.tiff	0	138761841	51911905	52119407	207389	659915	57f6e1a8
20180821_034534	20180821_034826.tiff	0	138761841	80690063	80894807	204631	659915	7527e1e6
20180821_034534	20180821_034827.tiff	0	138761841	92853226	93061428	208089	659915	107c72a3
20180821_034534	20180821_034828.tiff	0	138761841	44618466	44824760	206181	659915	e325ffe5
20180821_034534	20180821_034829.tiff	0	138761841	58713692	58922791	208986	659915	952273e7
20180821_034534	20180821_034830.tiff	0	138761841	82822482	83029942	207347	659915	b337575f
20180821_034534	20180821_034831.tiff	0	138761841	90738209	90945771	207449	659915	18197375
20180821_034534	20180821_034832.tiff	1	138761841	48707307	48914392	206972	659915	e5e252aa
20180821_034534	20180821_034833.tiff	0	138761841	54780026	54990277	210138	659915	2e844315
20180821_034534	20180821_034834.tiff	0	138761841	3675408	3880919	205398	659915	67cc78e5
20180821_034534	20180821_034835.tiff	0	138761841	30537836	30745666	207717	659915	777d7e1b
20180821_034534	20180821_034836.tiff	0	138761841	107171359	107380274	208802	659915	c445f99d
20180821_034534	20180821_034837.tiff	0	138761841	135682226	135888136	205797	659915	58708df4
20180821_034534	20180821_034838.tiff	0	138761841	12675542	12887480	211825	659915	cd9b7c51
20180821_034534	20180821_034839.tiff	0	138761841	21292714	21500359	207532	659915	943be768
20180821_034534	20180821_034840.tiff	1	138761841	126171836	126377977	206028	659915	c6bc5e0a
20180821_034534	20180821_034841.tiff	0	138761841	117530309	117734542	204120	659915	81d3fc68
20180821_034534	20180821_034842.tiff	0	138761841	23062357	23270237	207767	659915	1465a51b
20180821_034534	20180821_034843.tiff	0	138761841	10707388	10916745	209244	659915	ff28d345
20180821_034534	20180821_034844.tiff	0	138761841	64634066	64839839	205660	659915	68c28c32
20180821_034534	20180821_034845.tiff	0	138761841	38487068	38694435	207254	659915	8616845f
20180821_034534	20180821_034846.tiff	0	138761841	98436538	98643578	206927	659915	f2970765
20180821_034534	20180821_034847.tiff	0	138761841	75860439	76070302	209750	659915	62c87a70
20180821_034534	20180821_034848.tiff	1	138761841	55668196	55874670	206361	659915	6626d60c
20180821_034534	20180821_034849.tiff	0	138761841	47622585	47826876	204178	659915	a90f59d4
20180821_034534	20180821_034850.tiff	0	138761841	94567851	94776282	208318	659915	9a226282
20180821_034534	20180821_034851.tiff	0	138761841	79576440	79783762	207209	659915	b4e04917
20180821_034534	20180821_034852.tiff	0	138761841	67709420	67917014	207481	659915	e75d0771
20180821_034534	20180821_034853.tiff	0	138761841	34691065	34936804	245626	659915	497e96f3
20180821_034534	20180821_034854.tiff	0	138761841	26591482	26800543	208948	659915	aa1f1d17
20180821_034534	20180821_034855.tiff	0	138761841	6502607	6712400	209680	659915	a2dbb02b
20180821_034534	20180821_034856.tiff	1	138761841	122510954	122716744	205677	659915	1e28a1ba
20180821_034534	20180821_034857.tiff	0	138761841	121020477	121227971	207381	659915	d225c347
20180821_034534	20180821_034858.tiff	0	138761841	34004342	34213003	208548	659915	afbc1c7c
20180821_034534	20180821_034859.tiff	0	138761841	78	206270	206079	659915	b04b70ea
20180821_034534	20180821_034900.tiff	0	138761841	38900790	39109725	208822	659915	223ef8b6
20180821_034534	20180821_034901.tiff	0	138761841	65047671	65255331	207547	659915	7d64551f
20180821_034534	20180821_034902.tiff	0	138761841	75444598	75652377	207666	659915	cda0449e
20180821_034534	20180821_034903.tiff	0	138761841	98022661	98227311	204537	659915	604e7011
20180821_034534	20180821_034904.tiff	1	138761841	117114495	117321388	206780	659915	b849afb8
20180821_034534	20180821_034905.tiff	0	138761841	125756574	125961117	204430	659915	5789e01f
20180821_034534	20180821_034906.tiff	0	138761841	11124907	11332321	207301	659915	4e328c0a
20180821_034534	20180821_034907.tiff	0	138761841	23479393	23685850	206344	659915	f4cc26fb
20180821_034534	20180821_034908.tiff	0	138761841	108255634	108462740	206993	659915	faaf3071
20180821_034534	20180821_034909.tiff	0	138761841	134800760	135008118	207245	659915	bc6f7045
20180821_034534	20180821_034910.tiff	0	138761841	7176214	7381934	205607	659915	549ce43a
20180821_034534	20180821_034911.tiff	0	138761841	27295439	27504001	208449	659915	b8792e3e
20180821_034534	20180821_034912.tiff	1	138761841	120329482	120538314	208719	659915	b72c53b5
20180821_034534	20180821_034913.tiff	0	138761841	121824842	122035965	211010	659915	d393d260
20180821_034534	20180821_034914.tiff	0	138761841	78957738	79164091	206240	659915	ea07cfdc
20180821_034534	20180821_034915.tiff	0	138761841	93968742	94180643	211788	659915	5d6db2b1
20180821_034534	20180821_034916.tiff	0	138761841	35428763	35634713	205837	659915	d3b74dfb
20180821_034534	20180821_034917.tiff	0	138761841	68409871	68617194	207210	659915	47b999da
20180821_034534	20180821_034918.tiff	0	138761841	86787286	86995257	207858	659915	c3595f73
20180821_034534	20180821_034919.tiff	0	138761841	86995258	87206143	210772	659915	52ec830e
20180821_034534	20180821_034920.tiff	1	138761841	49573146	49781130	207871	659915	3122f869
20180821_034534	20180821_034921.tiff	0	138761841	53201738	53411356	209505	659915	b79ce9fc
20180821_034534	20180821_034922.tiff	0	138761841	82611033	82822481	211335	659915	bf7ec795
20180821_034534	20180821_034923.tiff	0	138761841	91572427	91778692	206152	659915	e79aaa65
20180821_034534	20180821_034924.tiff	0	138761841	106301997	106511207	209097	659915	c9748d09
20180821_034534	20180821_034925.tiff	0	138761841	136979925	137188607	208569	659915	9e35e5a8
20180821_034534	20180821_034926.tiff	0	138761841	3880920	4089315	208282	659915	a17b72b5
20180821_034534	20180821_034927.tiff	0	138761841	29916891	30124492	207488	659915	d28967a3
20180821_034534	20180821_034928.tiff	1	138761841	113909803	114114322	204406	659915	65d8d032
20180821_034534	20180821_034929.tiff	0	138761841	129087272	129294956	207571	659915	02f75451
20180821_034534	20180821_034930.tiff	0	138761841	5013150	5222150	208887	659915	ab887f39
20180821_034534	20180821_034931.tiff	0	138761841	28780574	28991511	210824	659915	aa998a31
20180821_034534	20180821_034932.tiff	0	138761841	105883545	106090669	207011	659915	14e30340
20180821_034534	20180821_034933.tiff	0	138761841	137404635	137614904	210156	659915	e9e5b6e6
20180821_034534	20180821_034934.tiff	0	138761841	81317345	81526125	208667	659915	83c50c74
20180821_034534	20180821_034935.tiff	0	138761841	92644422	92853225	208690	659915	02e7f21f
20180821_034534	20180821_034936.tiff	1	138761841	50209023	50416933	207797	659915	81b78ab9
20180821_034534	20180821_034937.tiff	0	138761841	52775988	52985419	209318	659915	20118785
20180821_034534	20180821_034938.tiff	0	138761841	70602696	70813134	210325	659915	8b2c6568
20180821_034534	20180821_034939.tiff	0	138761841	103072949	103278967	205905	659915	79dc8831
20180821_034534	20180821_034940.tiff	0	138761841	67500354	67709419	208952	659915	43420a77
20180821_034534	20180821_034941.tiff	0	138761841	36735056	36942109	206940	659915	43e22ef7
20180821_034534	20180821_034942.tiff	0	138761841	95614279	95822524	208132	659915	09f054d3
20180821_034534	20180821_034943.tiff	0	138761841	77624168	77831239	206958	659915	893d36be
20180821_034534	20180821_034944.tiff	1	138761841	123128149	123334216	205954	659915	ad94f684
20180821_034534	20180821_034945.tiff	0	138761841	119459484	119667161	207564	659915	1f9036ee
20180821_034534	20180821_034946.tiff	0	138761841	26150196	26360678	210369	659915	1d4cde04
20180821_034534	20180821_034947.tiff	0	138761841	8702025	8911301	209163	659915	4b1d49e4
20180821_034534	20180821_034948.tiff	0	138761841	132820890	133030922	209919	659915	d815dc3b
20180821_034534	20180821_034949.tiff	0	138761841	110203053	110414149	210983	659915	4a80c497
20180821_034534	20180821_034950.tiff	0	138761841	24854560	25064578	209905	659915	8cab6450
20180821_034534	20180821_034951.tiff	0	138761841	9592836	9805038	212089	659915	c10b5ff6
20180821_034534	20180821_034952.tiff	1	138761841	124436133	124645975	209729	659915	b06cd6c7
20180821_034534	20180821_034953.tiff	0	138761841	117734543	117940732	206076	659915	9d5a98ed
20180821_034534	20180821_034954.tiff	0	138761841	96497370	96705548	208065	659915	cd3c704c
20180821_034534	20180821_034955.tiff	0	138761841	76266188	76472770	206469	659915	4595d6a5
20180821_034534	20180821_034956.tiff	0	138761841	65964759	66174369	209497	659915	eb8427f7
20180821_034534	20180821_034957.tiff	0	138761841	37861879	38068984	206992	659915	3d3fd623
20180821_034534	20180821_034958.tiff	0	138761841	88990969	89203021	211939	659915	081fb654
20180821_034534	20180821_034959.tiff	0	138761841	84768410	84981931	213408	659915	bcd3a6be
20180821_034534	20180821_035000.tiff	1	138761841	73266079	73477779	211587	659915	8a7edb0b
20180821_034534	20180821_035001.tiff	0	138761841	100601118	100811886	210655	659915	2cd81b8d
20180821_034534	20180821_035002.tiff	0	138761841	40935972	41146157	210072	659915	2d5ae318
20180821_034534	20180821_035003.tiff	0	138761841	61787296	61998919	211510	659915	cae40c6d
20180821_034534	20180821_035004.tiff	0	138761841	12887481	13121309	233715	659915	1d6470ee
20180821_034534	20180821_035005.tiff	0	138761841	19926389	20127365	200863	659915	b24c1fba
20180821_034534	20180821_035006.tiff	0	138761841	115070759	115271264	200392	659915	685aad80
20180821_034534	20180821_035007.tiff	0	138761841	128658734	128863133	204286	659915	396bde16
20180821_034534	20180821_035008.tiff	1	138761841	4809560	5013149	203476	659915	0e1792e5
20180821_034534	20180821_035009.tiff	0	138761841	29713648	29916890	203129	659915	3ee8c1dc
20180821_034534	20180821_035010.tiff	0	138761841	113499803	113703937	204021	659915	80cd8319
20180821_034534	20180821_035011.tiff	0	138761841	130173408	130379312	205791	659915	226702f2
20180821_034534	20180821_035012.tiff	0	138761841	14760728	14963312	202471	659915	7bae9b52
20180821_034534	20180821_035013.tiff	0	138761841	19071125	19274110	202872	659915	da32eb55
20180821_034534	20180821_035014.tiff	0	138761841	42242153	42445199	202933	659915	e010b7bb
20180821_034534	20180821_035015.tiff	0	138761841	60484603	60689221	204505	659915	32986713
20180821_034534	20180821_035016.tiff	1	138761841	71905560	72108706	203033	659915	3c5eb796
20180821_034534	20180821_035017.tiff	0	138761841	102869802	103072948	203033	659915	261df1bf
20180821_034534	20180821_035018.tiff	0	138761841	50863346	51064936	201477	659915	f1a97597
20180821_034534	20180821_035019.tiff	0	138761841	52349677	52553970	204180	659915	2f173770
20180821_034534	20180821_035020.tiff	0	138761841	83235785	83439144	203246	659915	d0bf5bc6
20180821_034534	20180821_035021.tiff	0	138761841	90047823	90254805	206869	659915	0601ae51
20180821_034534	20180821_035022.tiff	0	138761841	48298066	48502487	204308	659915	f6d3708f
20180821_034534	20180821_035023.tiff	0	138761841	55463549	55668195	204533	659915	e257a117
20180821_034534	20180821_035024.tiff	1	138761841	2979462	3183184	203609	659915	2698da78
20180821_034534	20180821_035025.tiff	0	138761841	30938884	31144164	205167	659915	6088c89f
20180821_034534	20180821_035026.tiff	0	138761841	107862228	108065504	203163	659915	8cc1a14f
20180821_034534	20180821_035027.tiff	0	138761841	135287496	135490094	202485	659915	98ec8f03
20180821_034534	20180821_035028.tiff	0	138761841	10288521	10495142	206508	659915	cebdbf7e
20180821_034534	20180821_035029.tiff	0	138761841	23964346	24171876	207417	659915	45eb233e
20180821_034534	20180821_035030.tiff	0	138761841	110414150	110618527	204264	659915	7bd0ed4b
20180821_034534	20180821_035031.tiff	0	138761841	132137741	132345061	207207	659915	21867d90
20180821_034534	20180821_035032.tiff	1	138761841	668271	878428	210044	659915	23bccc52
20180821_034534	20180821_035033.tiff	0	138761841	33799131	34004341	205097	659915	3594eb95
20180821_034534	20180821_035034.tiff	0	138761841	45433484	45641507	207910	659915	16b9c5e8
20180821_034534	20180821_035035.tiff	0	138761841	57851551	58055043	203379	659915	7b23d44a
20180821_034534	20180821_035036.tiff	0	138761841	86387611	86591641	203917	659915	ef495e67
20180821_034534	20180821_035037.tiff	0	138761841	87482227	87684734	202394	659915	95931ba7
20180821_034534	20180821_035038.tiff	0	138761841	34486859	34691064	204092	659915	b6d258ec
20180821_034534	20180821_035039.tiff	0	138761841	69102048	69309338	207177	659915	44834dd3
20180821_034534	20180821_035040.tiff	1	138761841	103931778	104132623	200732	659915	05bc7007
20180821_034534	20180821_035041.tiff	0	138761841	69948697	70152513	203703	659915	2323415c
20180821_034534	20180821_035042.tiff	0	138761841	59145196	59351301	205992	659915	b3658bb8
20180821_034534	20180821_035043.tiff	0	138761841	43552727	43756354	203514	659915	60e3a1a2
20180821_034534	20180821_035044.tiff	0	138761841	17332358	17538913	206442	659915	f24ca896
20180821_034534	20180821_035045.tiff	0	138761841	15620098	15825149	204938	659915	860c516a
20180821_034534	20180821_035046.tiff	0	138761841	131503462	131709032	205457	659915	1e355a5d
20180821_034534	20180821_035047.tiff	0	138761841	111973488	112179230	205629	659915	ec6b6cd6
20180821_034534	20180821_035048.tiff	1	138761841	28161689	28367369	205567	659915	0a3dcfbc
20180821_034534	20180821_035049.tiff	0	138761841	6299605	6502606	202888	659915	a71910d8
20180821_034534	20180821_035050.tiff	0	138761841	127241435	127445576	204028	659915	650b0aa1
20180821_034534	20180821_035051.tiff	0	138761841	116420477	116628780	208190	659915	ee7fb42a
20180821_034534	20180821_035052.tiff	0	138761841	22008701	22213006	204192	659915	f29dbe50
20180821_034534	20180821_035053.tiff	0	138761841	11840815	12046032	205104	659915	5dbb8227
20180821_034534	20180821_035054.tiff	0	138761841	63327151	63532980	205716	659915	435753e5
20180821_034534	20180821_035055.tiff	0	138761841	39373802	39582202	208287	659915	ea9ad09d
20180821_034534	20180821_035056.tiff	1	138761841	99727731	99935813	207969	659915	db71a1b3
20180821_034534	20180821_035057.tiff	0	138761841	75028627	75234517	205777	659915	e6af033c
20180821_034534	20180821_035058.tiff	0	138761841	54146784	54353913	207016	659915	bfd8e8a6
20180821_034534	20180821_035059.tiff	0	138761841	49147088	49352391	205190	659915	8e7c2236
20180821_034534	20180821_035100.tiff	0	138761841	16474638	16681834	207083	659915	161ace25
20180821_034534	20180821_035101.tiff	0	138761841	18184839	18391874	206922	659915	582569a0
20180821_034534	20180821_035102.tiff	0	138761841	111300181	111505971	205677	659915	844421b4
20180821_034534	20180821_035103.tiff	0	138761841	130844964	131050519	205442	659915	cf22e633
20180821_034534	20180821_035104.tiff	1	138761841	69517031	69721410	204266	659915	306927a2
20180821_034534	20180821_035105.tiff	0	138761841	103497113	103705135	207909	659915	f68c5f51
20180821_034534	20180821_035106.tiff	0	138761841	43981454	44188186	206619	659915	f161bac1
20180821_034534	20180821_035107.tiff	0	138761841	59577802	59782081	204166	659915	74e26476
20180821_034534	20180821_035108.tiff	0	138761841	80265470	80473472	207889	659915	1c38f89e
20180821_034534	20180821_035109.tiff	0	138761841	93548065	93758793	210615	659915	dc32f506
20180821_034534	20180821_035110.tiff	0	138761841	40262232	40468425	206080	659915	545e98d7
20180821_034534	20180821_035111.tiff	0	138761841	64216037	64421875	205725	659915	0952679a
20180821_034534	20180821_035112.tiff	1	138761841	74133841	74338380	204426	659915	149f0c9f
20180821_034534	20180821_035113.tiff	0	138761841	98866137	99071991	205741	659915	f1fd9f97
20180821_034534	20180821_035114.tiff	0	138761841	115971421	116185167	213633	659915	fd65aa73
20180821_034534	20180821_035115.tiff	0	138761841	126804850	127009511	204548	659915	6f7d79e8
20180821_034534	20180821_035116.tiff	0	138761841	12263525	12469729	206091	659915	0e3e6962
20180821_034534	20180821_035117.tiff	0	138761841	22438515	22644244	205616	659915	9ca07abb
20180821_034534	20180821_035118.tiff	0	138761841	106511208	106716567	205246	659915	2a88fc62
20180821_034534	20180821_035119.tiff	0	138761841	136093943	136298690	204634	659915	f3d3fc3f
20180821_034534	20180821_035120.tiff	1	138761841	1294152	1499227	204962	659915	95652359
20180821_034534	20180821_035121.tiff	0	138761841	32703496	32910459	206850	659915	98f500aa
20180821_034534	20180821_035122.tiff	0	138761841	109784254	109991904	207537	659915	0d0355a5
20180821_034534	20180821_035123.tiff	0	138761841	133259640	133467456	207703	659915	704e429a
20180821_034534	20180821_035124.tiff	0	138761841	85431447	85636894	205334	659915	c7321fb7
20180821_034534	20180821_035125.tiff	0	138761841	88780351	88990968	210504	659915	d11e2670
20180821_034534	20180821_035126.tiff	0	138761841	46136776	46342783	205894	659915	8a88b8a6
20180821_034534	20180821_035127.tiff	0	138761841	56728531	56941411	212767	659915	00cf400a
20180821_034534	20180821_035128.tiff	1	138761841	78498871	78704288	205304	659915	027c5a21
20180821_034534	20180821_035129.tiff	0	138761841	94983601	95189195	205481	659915	6c162cac
20180821_034534	20180821_035130.tiff	0	138761841	47196048	47400104	203943	659915	a098e57a
20180821_034534	20180821_035131.tiff	0	138761841	56088443	56294632	206076	659915	82d2620a
20180821_034534	20180821_035132.tiff	0	138761841	84349902	84555387	205372	659915	c01213cb
20180821_034534	20180821_035133.tiff	0	138761841	89429091	89632205	203001	659915	b5d5a9c9
20180821_034534	20180821_035134.tiff	0	138761841	108896477	109102453	205863	659915	d5f39379
20180821_034534	20180821_035135.tiff	0	138761841	134594530	134800759	206116	659915	0716336b
20180821_034534	20180821_035136.tiff	1	138761841	1932250	2136658	204295	659915	b601fe09
20180821_034534	20180821_035137.tiff	0	138761841	31638496	31843328	204719	659915	919d6622
20180821_034534	20180821_035138.tiff	0	138761841	118836926	119043908	206869	659915	0e95ee71
20180821_034534	20180821_035139.tiff	0	138761841	124017748	124226067	208206	659915	7019d9c9
20180821_034534	20180821_035140.tiff	0	138761841	20841591	21047931	206227	659915	fd1d0f7f
20180821_034534	20180821_035141.tiff	0	138761841	13855478	14063755	208164	659915	bf5771e5
20180821_034534	20180821_035142.tiff	0	138761841	127719721	127926152	206318	659915	5a675abd
20180821_034534	20180821_035143.tiff	0	138761841	114114323	114322941	208505	659915	acda551e
20180821_034534	20180821_035144.tiff	1	138761841	100145659	100352477	206705	659915	bb440a3f
20180821_034534	20180821_035145.tiff	0	138761841	72799719	73008346	208514	659915	4af92522
20180821_034534	20180821_035146.tiff	0	138761841	62226183	62431947	205651	659915	fbd1ffdf
20180821_034534	20180821_035147.tiff	0	138761841	41367852	41576475	208510	659915	beb08e35
20180821_034534	20180821_035148.tiff	0	138761841	92013781	92219514	205620	659915	f230e5a1
20180821_034534	20180821_035149.tiff	0	138761841	81764453	81971666	207100	659915	e90ee239
20180821_034534	20180821_035150.tiff	0	138761841	61341661	61549058	207284	659915	793ea9a1
20180821_034534	20180821_035151.tiff	0	138761841	43114902	43325045	210030	659915	c3c7ebe4
20180821_034534	20180821_035152.tiff	1	138761841	102004562	102211860	207185	659915	2859f853
20180821_034534	20180821_035153.tiff	0	138761841	71042792	71249492	206587	659915	a53d80c5
20180821_034534	20180821_035154.tiff	0	138761841	129732461	129937876	205302	659915	6ad57bfb
20180821_034534	20180821_035155.tiff	0	138761841	113066041	113273862	207708	659915	ecf3038e
20180821_034534	20180821_035156.tiff	0	138761841	19512211	19716759	204435	659915	257c2d99
20180821_034534	20180821_035157.tiff	0	138761841	15204572	15412643	207958	659915	20e0c74b
20180821_034534	20180821_035158.tiff	0	138761841	137614905	137822083	207065	659915	3b3b9bc2
20180821_034534	20180821_035159.tiff	0	138761841	104994280	105202589	208196	659915	c06649bb
20180821_034534	20180821_035200.tiff	1	138761841	95404324	95614278	209841	659915	05100f4c
20180821_034534	20180821_035201.tiff	0	138761841	77413954	77624167	210100	659915	142fdb08
20180821_034534	20180821_035202.tiff	0	138761841	67289747	67500353	210493	659915	557b89df
20180821_034534	20180821_035203.tiff	0	138761841	36525371	36735055	209571	659915	3ff4b67d
20180821_034534	20180821_035204.tiff	0	138761841	25942107	26150195	207975	659915	920d4ad4
20180821_034534	20180821_035205.tiff	0	138761841	8494908	8702024	207003	659915	70ec4ea6
20180821_034534	20180821_035206.tiff	0	138761841	122923145	123128148	204890	659915	7e6ba8c3
20180821_034534	20180821_035207.tiff	0	138761841	119253596	119459483	205774	659915	61f5385c
20180821_034534	20180821_035208.tiff	1	138761841	33125211	33331652	206328	659915	da00e684
20180821_034534	20180821_035209.tiff	0	138761841	878429	1082902	204360	659915	aa3bbb33
20180821_034534	20180821_035210.tiff	0	138761841	124645976	124851483	205394	659915	11af6ca2
20180821_034534	20180821_035211.tiff	0	138761841	117940733	118147400	206554	659915	bdad5170
20180821_034534	20180821_035212.tiff	0	138761841	25064579	25269669	204977	659915	1ad3707d
20180821_034534	20180821_035213.tiff	0	138761841	9805039	10010101	204949	659915	2fbfffc0
20180821_034534	20180821_035214.tiff	0	138761841	66174370	66384118	209635	659915	417d7701
20180821_034534	20180821_035215.tiff	0	138761841	38068985	38274883	205785	659915	a099ec2e
20180821_034534	20180821_035216.tiff	1	138761841	96705549	96914134	208472	659915	af94a2dc
20180821_034534	20180821_035217.tiff	0	138761841	76472771	76678257	205373	659915	a65a30a2
20180821_034534	20180821_035218.tiff	0	138761841	56519168	56728530	209249	659915	4a244857
20180821_034534	20180821_035219.tiff	0	138761841	46773748	46980986	207125	659915	e3c268e5
20180821_034534	20180821_035220.tiff	0	138761841	93061429	93267513	205971	659915	e2f6de70
20180821_034534	20180821_035221.tiff	0	138761841	80894808	81098208	203287	659915	89b5e5d3
20180821_034534	20180821_035222.tiff	0	138761841	51705679	51911904	206112	659915	df349fc4
20180821_034534	20180821_035223.tiff	0	138761841	51289388	51495839	206338	659915	cc36b016
20180821_034534	20180821_035224.tiff	1	138761841	28367370	28573193	205710	659915	f1a1ec7c
20180821_034534	20180821_035225.tiff	0	138761841	5443740	5647694	203841	659915	a9e7c085
20180821_034534	20180821_035226.tiff	0	138761841	138483012	138689448	206323	659915	49481247
20180821_034534	20180821_035227.tiff	0	138761841	104786733	104994279	207433	659915	5e29cfa8
20180821_034534	20180821_035228.tiff	0	138761841	17127095	17332357	205149	659915	edb2b2c0
20180821_034534	20180821_035229.tiff	0	138761841	16924868	17127094	202113	659915	2f413cd6
20180821_034534	20180821_035230.tiff	0	138761841	135888137	136093942	205692	659915	e5fd1e92
20180821_034534	20180821_035231.tiff	0	138761841	107380275	107587661	207273	659915	6acd9426
20180821_034534	20180821_035232.tiff	1	138761841	30332305	30537835	205417	659915	55db1be8
20180821_034534	20180821_035233.tiff	0	138761841	3466098	3675407	209196	659915	535f2cbf
20180821_034534	20180821_035234.tiff	0	138761841	54571508	54780025	208404	659915	0ec15d18
20180821_034534	20180821_035235.tiff	0	138761841	48502488	48707306	204705	659915	c0345cf7
20180821_034534	20180821_035236.tiff	0	138761841	90945772	91153256	207371	659915	023af1f5
20180821_034534	20180821_035237.tiff	0	138761841	83029943	83235784	205728	659915	68a8a917
20180821_034534	20180821_035238.tiff	0	138761841	62885535	63092643	206995	659915	d23edb8e
20180821_034534	20180821_035239.tiff	0	138761841	40468426	40674523	205984	659915	eed9c1c7
20180821_034534	20180821_035240.tiff	1	138761841	75234518	75444597	209966	659915	aa333890
20180821_034534	20180821_035241.tiff	0	138761841	97814737	98022660	207810	659915	641c8992
20180821_034534	20180821_035242.tiff	0	138761841	38694436	38900789	206240	659915	447a6990
20180821_034534	20180821_035243.tiff	0	138761841	64839840	65047670	207717	659915	7adef0d6
20180821_034534	20180821_035244.tiff	0	138761841	10916746	11124906	208047	659915	94a7563a
20180821_034534	20180821_035245.tiff	0	138761841	23270238	23479392	209041	659915	0a569ea8
20180821_034534	20180821_035246.tiff	0	138761841	116906136	117114494	208245	659915	0d4bdeff
20180821_034534	20180821_035247.tiff	0	138761841	125550284	125756573	206176	659915	5a85eea8
20180821_034534	20180821_035248.tiff	1	138761841	2578177	2784725	206435	659915	c7e45c20
20180821_034534	20180821_035249.tiff	0	138761841	31427136	31638495	211246	659915	99c46898
20180821_034534	20180821_035250.tiff	0	138761841	120809360	121020476	211003	659915	0bc314a0
20180821_034534	20180821_035251.tiff	0	138761841	122301175	122510953	209665	659915	46752418
20180821_034534	20180821_035252.tiff	0	138761841	7381935	7589630	207582	659915	3aef627e
20180821_034534	20180821_035253.tiff	0	138761841	27504002	27712881	208766	659915	687122e7
20180821_034534	20180821_035254.tiff	0	138761841	35634714	35842663	207836	659915	40c03bb1
20180821_034534	20180821_035255.tiff	0	138761841	68617195	68827955	210647	659915	83369a06
20180821_034534	20180821_035256.tiff	1	138761841	79368740	79576439	207586	659915	639cad1c
20180821_034534	20180821_035257.tiff	0	138761841	94361344	94567850	206393	659915	b60c43ce
20180821_034534	20180821_035258.tiff	0	138761841	44824761	45031272	206398	659915	ffb13c2a
20180821_034534	20180821_035259.tiff	0	138761841	58326411	58539327	212803	659915	b8a0dbac
20180821_034534	20180821_035300.tiff	0	138761841	22853345	23062356	208898	659915	4cf21584
20180821_034534	20180821_035301.tiff	0	138761841	10495143	10707387	212131	659915	3c4399c5
20180821_034534	20180821_035302.tiff	0	138761841	125961118	126171835	210604	659915	58faaf12
20180821_034534	20180821_035303.tiff	0	138761841	117321389	117530308	208806	659915	1b397087
20180821_034534	20180821_035304.tiff	1	138761841	98227312	98436537	209112	659915	6894b41a
20180821_034534	20180821_035305.tiff	0	138761841	75652378	75860438	207947	659915	2c58cf02
20180821_034534	20180821_035306.tiff	0	138761841	64421876	64634065	212076	659915	88956f6d
20180821_034534	20180821_035307.tiff	0	138761841	38274884	38487067	212070	659915	31f579ce
20180821_034534	20180821_035308.tiff	0	138761841	89840466	90047822	207243	659915	713092ce
20180821_034534	20180821_035309.tiff	0	138761841	83918965	84125977	206899	659915	13749bad
20180821_034534	20180821_035310.tiff	0	138761841	67917015	68124291	207163	659915	20528f06
20180821_034534	20180821_035311.tiff	0	138761841	34936805	35147935	211017	659915	f08474be
20180821_034534	20180821_035312.tiff	1	138761841	94776283	94983600	207204	659915	243ebd9f
20180821_034534	20180821_035313.tiff	0	138761841	79783763	79992064	208188	659915	f56f29fa
20180821_034534	20180821_035314.tiff	0	138761841	122716745	122923144	206286	659915	722c7b0b
20180821_034534	20180821_035315.tiff	0	138761841	121227972	121437029	208944	659915	dd0bfae3
20180821_034534	20180821_035316.tiff	0	138761841	26800544	27014351	213694	659915	c292180a
20180821_034534	20180821_035317.tiff	0	138761841	6712401	6920836	208322	659915	04b6de79
20180821_034534	20180821_035318.tiff	0	138761841	131928895	132137740	208732	659915	317fa002
20180821_034534	20180821_035319.tiff	0	138761841	111088792	111300180	211275	659915	3998eb31
20180821_034534	20180821_035320.tiff	1	138761841	30124493	30332304	207698	659915	8af8b301
20180821_034534	20180821_035321.tiff	0	138761841	4089316	4301606	212177	659915	594305b5
20180821_034534	20180821_035322.tiff	0	138761841	136769350	136979924	210461	659915	62111c6f
20180821_034534	20180821_035323.tiff	0	138761841	106090670	106301996	211213	659915	52ca3c18
20180821_034534	20180821_035324.tiff	0	138761841	91361267	91572426	211046	659915	5ab77681
20180821_034534	20180821_035325.tiff	0	138761841	82399541	82611032	211378	659915	687b7a6d
20180821_034534	20180821_035326.tiff	0	138761841	53411357	53629374	217904	659915	a5113292
20180821_034534	20180821_035327.tiff	0	138761841	49781131	49998195	216951	659915	96c0b47f
20180821_034534	20180821_035328.tiff	1	138761841	101277030	101494504	217361	659915	84568d9c
20180821_034534	20180821_035329.tiff	0	138761841	72108707	72323590	214770	659915	714ee98d
20180821_034534	20180821_035330.tiff	0	138761841	52985420	53201737	216204	659915	5ea2d303
20180821_034534	20180821_035331.tiff	0	138761841	50416934	50635112	218065	659915	7b6c6d37
20180821_034534	20180821_035332.tiff	0	138761841	92427639	92644421	216669	659915	287af680
20180821_034534	20180821_035333.tiff	0	138761841	81098209	81317344	219022	659915	30699e6d
20180821_034534	20180821_035334.tiff	0	138761841	137188608	137404634	215913	659915	0d18d86c
20180821_034534	20180821_035335.tiff	0	138761841	105666891	105883544	216540	659915	8e4f7754
20180821_034534	20180821_035336.tiff	1	138761841	28991512	29211938	220313	659915	9b4b7f29
20180821_034534	20180821_035337.tiff	0	138761841	5222151	5443739	221475	659915	e2d455db
20180821_034534	20180821_035338.tiff	0	138761841	130617483	130844963	227367	659915	896ffa15
20180821_034534	20180821_035339.tiff	0	138761841	112401434	112623430	221883	659915	1b224e36
20180821_034534	20180821_035340.tiff	0	138761841	8065341	8286491	221037	659915	587c127b
20180821_034534	20180821_035341.tiff	0	138761841	25512019	25732318	220186	659915	d774f43f
20180821_034534	20180821_035342.tiff	0	138761841	119667162	119888476	221201	659915	2ca7f57f
20180821_034534	20180821_035343.tiff	0	138761841	123334217	123561797	227467	659915	23475109
20180821_034534	20180821_035344.tiff	1	138761841	78064479	78292581	227989	659915	1c55dd02
20180821_034534	20180821_035345.tiff	0	138761841	96061236	96289430	228081	659915	ce745a99
20180821_034534	20180821_035346.tiff	0	138761841	35842664	36073044	230267	659915	8f057bd1
20180821_034534	20180821_035347.tiff	0	138761841	66612269	66834702	222320	659915	2ddd08fa
20180821_034534	20180821_035348.tiff	0	138761841	85636895	85862138	225130	659915	e9844cf7
20180821_034534	20180821_035349.tiff	0	138761841	87881518	88112069	230438	659915	8b3cdd3f
20180821_034534	20180821_035350.tiff	0	138761841	37631201	37861878	230564	659915	4f86a479
20180821_034534	20180821_035351.tiff	0	138761841	65737475	65964758	227170	659915	383c59d1
20180821_034534	20180821_035352.tiff	1	138761841	76930515	77159921	229293	659915	84a9d0f5
20180821_034534	20180821_035353.tiff	0	138761841	97132839	97363256	230304	659915	cf9939f4
20180821_034534	20180821_035354.tiff	0	138761841	118603796	118836925	233016	659915	97e30222
20180821_034534	20180821_035355.tiff	0	138761841	125319578	125550283	230592	659915	b67f01c8
20180821_034534	20180821_035356.tiff	0	138761841	9119849	9348535	228573	659915	fb576aad
20180821_034534	20180821_035357.tiff	0	138761841	24377478	24610444	232853	659915	04a84a05
20180821_034534	20180821_035358.tiff	0	138761841	109102454	109338259	235692	659915	909661b0
20180821_034534	20180821_035359.tiff	0	138761841	133682847	133915138	232178	659915	3c4ead63
20180821_034534	20180821_035400.tiff	1	138761841	127009512	127241434	231809	659915	a820e3d9
20180821_034534	20180821_035401.tiff	0	138761841	116185168	116420476	235195	659915	ae65d814
20180821_034534	20180821_035402.tiff	0	138761841	21770336	22008700	238251	659915	a49ede68
20180821_034534	20180821_035403.tiff	0	138761841	11604770	11840814	235931	659915	64330200
20180821_034534	20180821_035404.tiff	0	138761841	63092644	63327150	234393	659915	26bcf73f
20180821_034534	20180821_035405.tiff	0	138761841	39109726	39373801	263962	659915	940bf6c1
20180821_034534	20180821_035406.tiff	0	138761841	99516464	99727730	211153	659915	4be0ff8b
20180821_034534	20180821_035407.tiff	0	138761841	74814182	75028626	214331	659915	ad1fe51e
20180821_034534	20180821_035408.tiff	1	138761841	54353914	54571507	217480	659915	c2c3b3d1
20180821_034534	20180821_035409.tiff	0	138761841	49352392	49573145	220640	659915	58c8a9a7
20180821_034534	20180821_035410.tiff	0	138761841	104132624	104350260	217523	659915	d76ad963
20180821_034534	20180821_035411.tiff	0	138761841	70152514	70374336	221709	659915	c34e187f
20180821_034534	20180821_035412.tiff	0	138761841	59351302	59577801	226386	659915	6a0c664a
20180821_034534	20180821_035413.tiff	0	138761841	43756355	43981453	224985	659915	98e238ec
20180821_034534	20180821_035414.tiff	0	138761841	17538914	17758960	219933	659915	2ca5bb95
20180821_034534	20180821_035415.tiff	0	138761841	15825150	16046700	221437	659915	2e06a487
20180821_034534	20180821_035416.tiff	1	138761841	131709033	131928894	219748	659915	25b7fbf0
20180821_034534	20180821_035417.tiff	0	138761841	112179231	112401433	222089	659915	76a88b1c
20180821_034534	20180821_035418.tiff	0	138761841	27932311	28161688	229264	659915	02b9ee92
20180821_034534	20180821_035419.tiff	0	138761841	6075159	6299604	224332	659915	157a8ea4
20180821_034534	20180821_035420.tiff	0	138761841	134161644	134385139	223382	659915	49882677
20180821_034534	20180821_035421.tiff	0	138761841	108462741	108684544	221690	659915	1afe3db2
20180821_034534	20180821_035422.tiff	0	138761841	32055932	32286197	230152	659915	6b36c1f2
20180821_034534	20180821_035423.tiff	0	138761841	2347861	2578176	230202	659915	1e7a7edb
20180821_034534	20180821_035424.tiff	1	138761841	56294633	56519167	224421	659915	b8feeb5d
20180821_034534	20180821_035425.tiff	0	138761841	47400105	47622584	222366	659915	e391f883
20180821_034534	20180821_035426.tiff	0	138761841	89203022	89429090	225955	659915	bd6ef236
20180821_034534	20180821_035427.tiff	0	138761841	84125978	84349901	223810	659915	002f28ac
20180821_034534	20180821_035428.tiff	0	138761841	66384119	66612268	228036	659915	8bb1f3c8
20180821_034534	20180821_035429.tiff	0	138761841	36942110	37162379	220156	659915	57ea1e1e
20180821_034534	20180821_035430.tiff	0	138761841	88342684	88568111	225314	659915	66e3d210
20180821_034534	20180821_035431.tiff	0	138761841	84981932	85221243	239198	659915	34ac6d0c
20180821_034534	20180821_035432.tiff	1	138761841	57153696	57386174	232365	659915	b3f81617
20180821_034534	20180821_035433.tiff	0	138761841	46554417	46773747	219217	659915	7b9486b7
20180821_034534	20180821_035434.tiff	0	138761841	32910460	33125210	214637	659915	c426ddff
20180821_034534	20180821_035435.tiff	0	138761841	1499228	1722804	223463	659915	0ef8e0e0
20180821_034534	20180821_035436.tiff	0	138761841	133030923	133259639	228603	659915	e54b973a
20180821_034534	20180821_035437.tiff	0	138761841	109591924	109784253	192216	659915	8e712dac
20180821_034534	20180821_035438.tiff	0	138761841	26360679	26591481	230689	659915	1195b911
20180821_034534	20180821_035439.tiff	0	138761841	7589631	7817914	228170	659915	a4568396
20180821_034534	20180821_035440.tiff	1	138761841	113273863	113499802	225826	659915	db20f838
20180821_034534	20180821_035441.tiff	0	138761841	129937877	130173407	235417	659915	ab548224
20180821_034534	20180821_035442.tiff	0	138761841	14530028	14760727	230586	659915	914e1730
20180821_034534	20180821_035443.tiff	0	138761841	18843749	19071124	227262	659915	9ecd7e57
20180821_034534	20180821_035444.tiff	0	138761841	42013571	42242152	228468	659915	c1629ad7
20180821_034534	20180821_035445.tiff	0	138761841	60257598	60484602	226891	659915	c3e95489
20180821_034534	20180821_035446.tiff	0	138761841	71682602	71905559	222844	659915	449408fd
20180821_034534	20180821_035447.tiff	0	138761841	102648208	102869801	221480	659915	b902f95d
20180821_034534	20180821_035448.tiff	1	138761841	51064937	51289387	224337	659915	c94f3aee
20180821_034534	20180821_035449.tiff	0	138761841	52553971	52775987	221903	659915	eb1fa7ba
20180821_034534	20180821_035450.tiff	0	138761841	73477780	73700962	223069	659915	85c62e04
20180821_034534	20180821_035451.tiff	0	138761841	100811887	101042483	230483	659915	08bfaee8
20180821_034534	20180821_035452.tiff	0	138761841	41146158	41367851	221580	659915	26243d2a
20180821_034534	20180821_035453.tiff	0	138761841	61998920	62226182	227149	659915	0fda0bd5
20180821_034534	20180821_035454.tiff	0	138761841	13121310	13347081	225658	659915	fcf220b4
20180821_034534	20180821_035455.tiff	0	138761841	20127366	20351617	224138	659915	c1f34bc6
20180821_034534	20180821_035456.tiff	1	138761841	115271265	115494222	222844	659915	64adfb41
20180821_034534	20180821_035457.tiff	0	138761841	128863134	129087271	224024	659915	5cde72e9
20180821_034534	20180821_035458.tiff	0	138761841	4581514	4809559	227932	659915	4e15b377
20180821_034534	20180821_035459.tiff	0	138761841	29490022	29713647	223512	659915	0a83f8b4
20180821_034534	20180821_035500.tiff	0	138761841	61116215	61341660	225332	659915	9bec7ffe
20180821_034534	20180821_035501.tiff	0	138761841	42883120	43114901	231668	659915	ecae3711
20180821_034534	20180821_035502.tiff	0	138761841	101776801	102004561	227647	659915	0e8933af
20180821_034534	20180821_035503.tiff	0	138761841	70813135	71042791	229543	659915	774bff97
20180821_034534	20180821_035504.tiff	1	138761841	129502093	129732460	230254	659915	d50977fe
20180821_034534	20180821_035505.tiff	0	138761841	112829886	113066040	236041	659915	8c5d3761
20180821_034534	20180821_035506.tiff	0	138761841	19274111	19512210	237986	659915	fc24e1e7
20180821_034534	20180821_035507.tiff	0	138761841	14963313	15204571	241145	659915	6e7d297b
20180821_034534	20180821_035508.tiff	0	138761841	137822084	138066204	244007	659915	9c9b1453
20180821_034534	20180821_035509.tiff	0	138761841	105202590	105460402	257699	659915	d8b6dad2
20180821_034534	20180821_035510.tiff	0	138761841	21047932	21292713	244668	659915	22646e25
20180821_034534	20180821_035511.tiff	0	138761841	14063756	14320690	256821	659915	84e34218
20180821_034534	20180821_035512.tiff	1	138761841	127926153	128161652	235386	659915	6458adbd
20180821_034534	20180821_035513.tiff	0	138761841	114322942	114576212	253157	659915	538490c7
20180821_034534	20180821_035514.tiff	0	138761841	100352478	100601117	248526	659915	6cc04a7c
20180821_034534	20180821_035515.tiff	0	138761841	73008347	73266078	257618	659915	27fcbcd8
20180821_034534	20180821_035516.tiff	0	138761841	62431948	62680380	248319	659915	ccd089e0
20180821_034534	20180821_035517.tiff	0	138761841	41576476	41804573	227984	659915	cc5b7bab
20180821_034534	20180821_035518.tiff	0	138761841	91778693	92013780	234974	659915	f6661fb8
20180821_034534	20180821_035519.tiff	0	138761841	81526126	81764452	238213	659915	0eb95848
20180821_034534	20180821_035520.tiff	1	138761841	57592639	57851550	258798	659915	09229d02
20180821_034534	20180821_035521.tiff	0	138761841	45206015	45433483	227355	659915	f745a383
20180821_034534	20180821_035522.tiff	0	138761841	87684735	87881517	196669	659915	99b93bb3
20180821_034534	20180821_035523.tiff	0	138761841	86591642	86787285	195530	659915	9f1c57ec
20180821_034534	20180821_035524.tiff	0	138761841	132626478	132820889	194298	659915	85708cf8
20180821_034534	20180821_035525.tiff	0	138761841	110893842	111088791	194836	659915	b01aa861
20180821_034534	20180821_035526.tiff	0	138761841	33331653	33522781	191015	659915	d2c64af3
20180821_034534	20180821_035527.tiff	0	138761841	206271	398909	192525	659915	9362a804
20180821_034534	20180821_035528.tiff	1	138761841	121629638	121824841	195090	659915	f260194c
20180821_034534	20180821_035529.tiff	0	138761841	121437030	121629637	192494	659915	86e7b8e1
20180821_034534	20180821_035530.tiff	0	138761841	30745667	30938883	193103	659915	9cc7a9a5
20180821_034534	20180821_035531.tiff	0	138761841	2784726	2979461	194622	659915	db14c87d
20180821_034534	20180821_035532.tiff	0	138761841	135490095	135682225	192017	659915	aaa78050
20180821_034534	20180821_035533.tiff	0	138761841	108065505	108255633	190015	659915	e1ea4a50
20180821_034534	20180821_035534.tiff	0	138761841	90545642	90738208	192453	659915	1abf877c
20180821_034534	20180821_035535.tiff	0	138761841	83725722	83918964	193129	659915	85cc3be7
20180821_034534	20180821_035536.tiff	1	138761841	54990278	55185260	194869	659915	aedc132b
20180821_034534	20180821_035537.tiff	0	138761841	47826877	48022606	195616	659915	7f30416f
20180821_034534	20180821_035538.tiff	0	138761841	97616911	97814736	197712	659915	6429bb34
20180821_034534	20180821_035539.tiff	0	138761841	76070303	76266187	195771	659915	677c4dd7
20180821_034534	20180821_035540.tiff	0	138761841	40065461	40262231	196657	659915	0076b41e
20180821_034534	20180821_035541.tiff	0	138761841	64018186	64216036	197737	659915	04acdb92
20180821_034534	20180821_035542.tiff	0	138761841	73935836	74133840	197891	659915	53f5fdf5
20180821_034534	20180821_035543.tiff	0	138761841	98643579	98866136	222444	659915	514a5cb0
20180821_034534	20180821_035544.tiff	1	138761841	115704705	115971420	266602	659915	99edf195
20180821_034534	20180821_035545.tiff	0	138761841	126587055	126804849	217681	659915	7064437c
20180821_034534	20180821_035546.tiff	0	138761841	12046033	12263524	217378	659915	eaffa2c2
20180821_034534	20180821_035547.tiff	0	138761841	22213007	22438514	225394	659915	ab9926be
20180821_034534	20180821_035548.tiff	0	138761841	106716568	106965235	248554	659915	4918bebe
20180821_034534	20180821_035549.tiff	0	138761841	136298691	136558554	259750	659915	92f910ec
20180821_034534	20180821_035550.tiff	0	138761841	16681835	16924867	242919	659915	c36c0820
20180821_034534	20180821_035551.tiff	0	138761841	18391875	18632817	240829	659915	01955921
20180821_034534	20180821_035552.tiff	1	138761841	111505972	111755236	249151	659915	c7b5ed50
20180821_034534	20180821_035553.tiff	0	138761841	131050520	131286091	235458	659915	43c8c97f
20180821_034534	20180821_035554.tiff	0	138761841	69721411	69948696	227172	659915	34bfaedc
20180821_034534	20180821_035555.tiff	0	138761841	103705136	103931777	226528	659915	b675681a
20180821_034534	20180821_035556.tiff	0	138761841	44188187	44410540	222240	659915	e07ce8ee
20180821_034534	20180821_035557.tiff	0	138761841	59782082	60043802	261607	659915	b67207dd
20180821_034534	20180821_035558.tiff	0	138761841	79992065	80265469	273291	659915	f54f8400
20180821_034534	20180821_035559.tiff	0	138761841	93267514	93548064	280437	659915	c5c72d88
20180821_034534	20180821_035600.tiff	1	138761841	120538315	120809359	270931	659915	249c9137
20180821_034534	20180821_035601.tiff	0	138761841	122035966	122301174	265095	659915	3c95fe16
20180821_034534	20180821_035602.tiff	0	138761841	6920837	7176213	255263	659915	ccc3b9a5
20180821_034534	20180821_035603.tiff	0	138761841	27014352	27295438	280973	659915	81898696
20180821_034534	20180821_035604.tiff	0	138761841	35147936	35428762	280713	659915	2695d9c1
20180821_034534	20180821_035605.tiff	0	138761841	68124292	68409870	285465	659915	9a285025
20180821_034534	20180821_035606.tiff	0	138761841	79164092	79368739	204534	659915	d3bf76dc
20180821_034534	20180821_035607.tiff	0	138761841	94180644	94361343	180586	659915	0d90d455
20180821_034534	20180821_035608.tiff	1	138761841	45031273	45206014	174628	659915	6515c3de
20180821_034534	20180821_035609.tiff	0	138761841	58539328	58713691	174250	659915	b12df9fe
20180821_092823	20180821_092823.tiff	1	324409553	239990490	240243293	252690	659915	dc6d4aff
20180821_092823	20180821_092824.tiff	0	324409553	305835415	306132956	297428	659915	c1704daa
20180821_092823	20180821_092825.tiff	0	324409553	297759230	298035144	275801	659915	3726d895
20180821_092823	20180821_092826.tiff	0	324409553	28506724	28800217	293380	659915	885f75ff
20180821_092823	20180821_092827.tiff	0	324409553	17512036	17780593	268444	659915	4b2bb208
20180821_092823	20180821_092828.tiff	0	324409553	316799845	317060391	260433	659915	8f2dfcd1
20180821_092823	20180821_092829.tiff	0	324409553	286590700	286839793	248980	659915	9037bf33
20180821_092823	20180821_092830.tiff	0	324409553	32178197	32446881	268571	659915	e236151b
20180821_092823	20180821_092831.tiff	1	324409553	14059985	14333820	273722	659915	6cbf3437
20180821_092823	20180821_092832.tiff	0	324409553	302377409	302642010	264488	659915	59225683
20180821_092823	20180821_092833.tiff	0	324409553	300765225	301030384	265046	659915	cba3efc6
20180821_092823	20180821_092834.tiff	0	324409553	270676327	270957284	280844	659915	7fa7446f
20180821_092823	20180821_092835.tiff	0	324409553	243043899	243307619	263607	659915	632c8eee
20180821_092823	20180821_092836.tiff	0	324409553	233663802	233983777	319862	659915	b3282090
20180821_092823	20180821_092837.tiff	0	324409553	47460330	47747930	287487	659915	c612b933
20180821_092823	20180821_092838.tiff	0	324409553	257077552	257380128	302463	659915	ac0328a3
20180821_092823	20180821_092840.tiff	1	324409553	69026344	69242297	215840	659915	ea4b7f6f
20180821_092823	20180821_092841.tiff	0	324409553	70914015	71116129	202001	659915	c528c99b
20180821_092823	20180821_092842.tiff	0	324409553	243973792	244176846	202941	659915	d4898171
20180821_092823	20180821_092843.tiff	0	324409553	268634205	268837139	202821	659915	c963853b
20180821_092823	20180821_092844.tiff	0	324409553	279104994	279309612	204505	659915	c93130a8
20180821_092823	20180821_092845.tiff	0	324409553	322773569	322977706	204024	659915	8af939bc
20180821_092823	20180821_092846.tiff	0	324409553	12931839	13140508	208556	659915	d6939280
20180821_092823	20180821_092847.tiff	0	324409553	34337321	34547157	209723	659915	8000a7cc
20180821_092823	20180821_092848.tiff	1	324409553	292623666	292838389	214610	659915	6fc89b9c
20180821_092823	20180821_092849.tiff	0	324409553	310838037	311055745	217595	659915	8df3fb40
20180821_092823	20180821_092850.tiff	0	324409553	8517805	8736190	218272	659915	597a5db9
20180821_092823	20180821_092851.tiff	0	324409553	38694537	38914040	219390	659915	f5b1d89b
20180821_092823	20180821_092852.tiff	0	324409553	284025336	284249237	223788	659915	d844a1a6
20180821_092823	20180821_092853.tiff	0	324409553	318918231	319141039	222695	659915	73001d3f
20180821_092823	20180821_092854.tiff	0	324409553	248736541	248962852	226198	659915	9089e057
20180821_092823	20180821_092855.tiff	0	324409553	265014276	265241336	226947	659915	ce61f8fb
20180821_092823	20180821_092856.tiff	1	324409553	64654363	64883163	228687	659915	ec7c6f8e
20180821_092823	20180821_092857.tiff	0	324409553	217218611	217483502	264778	659915	9acca5e2
20180821_092823	20180821_092858.tiff	0	324409553	238329934	238573357	243310	659915	e775cfaf
20180821_092823	20180821_092859.tiff	0	324409553	274913641	275151958	238204	659915	be5163ac
20180821_092823	20180821_092900.tiff	0	324409553	323611158	323873284	262013	659915	be904262
20180821_092823	20180821_092901.tiff	0	324409553	279949736	280204841	254992	659915	5c412c97
20180821_092823	20180821_092902.tiff	0	324409553	33629326	33885712	256273	659915	89547408
20180821_092823	20180821_092903.tiff	0	324409553	12229816	12482983	253054	659915	01393246
20180821_092823	20180821_092904.tiff	1	324409553	70203075	70463846	260658	659915	ba4fbf13
20180821_092823	20180821_092905.tiff	0	324409553	68312004	68573308	261191	659915	7432fe58
20180821_092823	20180821_092906.tiff	0	324409553	269283613	269543755	260029	659915	373573a3
20180821_092823	20180821_092907.tiff	0	324409553	244627272	244880375	252990	659915	c6422087
20180821_092823	20180821_092908.tiff	0	324409553	225112862	225372635	259660	659915	ed7a12e0
20180821_092823	20180821_092909.tiff	0	324409553	55839245	56097323	257965	659915	c27b49f5
20180821_092823	20180821_092910.tiff	0	324409553	265682700	265943578	260765	659915	ad815bc3
20180821_092823	20180821_092911.tiff	0	324409553	249409141	249671231	261977	659915	98b62afd
20180821_092823	20180821_092912.tiff	1	324409553	216514116	216773681	259452	659915	d0073236
20180821_092823	20180821_092913.tiff	0	324409553	63947780	64209468	261575	659915	c01c0919
20180821_092823	20180821_092914.tiff	0	324409553	37995536	38253638	257989	659915	ccbeace6
20180821_092823	20180821_092915.tiff	0	324409553	7815429	8076972	261430	659915	58638a64
20180821_092823	20180821_092916.tiff	0	324409553	319588669	319853479	264697	659915	de230d5c
20180821_092823	20180821_092917.tiff	0	324409553	284693048	284956501	263340	659915	6db0f7a8
20180821_092823	20180821_092918.tiff	0	324409553	27269930	27534136	264093	659915	9f3410db
20180821_092823	20180821_092919.tiff	0	324409553	18932008	19217995	285874	659915	9ce4f0df
20180821_092823	20180821_092920.tiff	1	324409553	303060888	303337463	276462	659915	dd4db194
20180821_092823	20180821_092921.tiff	0	324409553	299400915	299647134	246106	659915	db055dc4
20180821_092823	20180821_092922.tiff	0	324409553	31271579	31507451	235759	659915	42bc168b
20180821_092823	20180821_092923.tiff	0	324409553	15713272	15909494	196109	659915	c318564a
20180821_092823	20180821_092924.tiff	0	324409553	232810619	233030728	219996	659915	f301bc72
20180821_092823	20180821_092925.tiff	0	324409553	48671328	48889553	218112	659915	f4791965
20180821_092823	20180821_092926.tiff	0	324409553	271634651	271851718	216954	659915	67b91f9f
20180821_092823	20180821_092927.tiff	0	324409553	241730316	241929579	199150	659915	38b2ef1a
20180821_092823	20180821_092928.tiff	1	324409553	223063868	223260006	196025	659915	99cd8464
20180821_092823	20180821_092929.tiff	0	324409553	58606028	58803673	197532	659915	90b385ff
20180821_092823	20180821_092930.tiff	0	324409553	272703184	272908033	204736	659915	aabee486
20180821_092823	20180821_092931.tiff	0	324409553	240910802	241125024	214109	659915	ba35476b
20180821_092823	20180821_092932.tiff	0	324409553	231474325	231695146	220708	659915	6dcc9a5e
20180821_092823	20180821_092933.tiff	0	324409553	49753977	49990871	236781	659915	b552182d
20180821_092823	20180821_092934.tiff	0	324409553	30118482	30349514	230919	659915	00ddaa7d
20180821_092823	20180821_092935.tiff	0	324409553	16598767	16841821	242941	659915	03968fb4
20180821_092823	20180821_092936.tiff	1	324409553	304677580	304941560	263867	659915	4821b232
20180821_092823	20180821_092937.tiff	0	324409553	298478504	298729061	250444	659915	9adfb118
20180821_092823	20180821_092938.tiff	0	324409553	42554115	42804631	250403	659915	644cb51a
20180821_092823	20180821_092939.tiff	0	324409553	3906604	4151835	245118	659915	e8dd3d2d
20180821_092823	20180821_092940.tiff	0	324409553	282887843	283129189	241233	659915	45098b37
20180821_092823	20180821_092941.tiff	0	324409553	320752048	320992015	239854	659915	e3b49266
20180821_092823	20180821_092942.tiff	0	324409553	9221692	9467977	246172	659915	e1070eeb
20180821_092823	20180821_092943.tiff	0	324409553	36395042	36632857	237702	659915	3960bc09
20180821_092823	20180821_092944.tiff	1	324409553	65326632	65569161	242416	659915	ec8fbb0d
20180821_092823	20180821_092945.tiff	0	324409553	214702367	214947366	244886	659915	6b0199a3
20180821_092823	20180821_092946.tiff	0	324409553	247574453	247816303	241737	659915	6d10e068
20180821_092823	20180821_092947.tiff	0	324409553	266621311	266861073	239649	659915	a6e95646
20180821_092823	20180821_092948.tiff	0	324409553	53534706	53772227	237408	659915	8356ac12
20180821_092823	20180821_092949.tiff	0	324409553	227949528	228187299	237658	659915	565a328a
20180821_092823	20180821_092950.tiff	0	324409553	246228497	246461504	232894	659915	8a90167d
20180821_092823	20180821_092951.tiff	0	324409553	267984280	268218487	234094	659915	09fcc4f7
20180821_092823	20180821_092952.tiff	1	324409553	67136887	67418368	281368	659915	4801d91e
20180821_092823	20180821_092953.tiff	0	324409553	72011945	72253336	241278	659915	8992a7e4
20180821_092823	20180821_092954.tiff	0	324409553	11332283	11566536	234140	659915	d34a1d07
20180821_092823	20180821_092955.tiff	0	324409553	35488721	35720599	231765	659915	d9234db6
20180821_092823	20180821_092956.tiff	0	324409553	281546831	281781536	234592	659915	666055dc
20180821_092823	20180821_092957.tiff	0	324409553	322093603	322326191	232475	659915	26a0f75f
20180821_092823	20180821_092958.tiff	0	324409553	21503228	21734292	230951	659915	6860fc63
20180821_092823	20180821_092959.tiff	0	324409553	24795106	25023920	228701	659915	dbfdecba
20180821_092823	20180821_093000.tiff	1	324409553	44134146	44367394	233135	659915	2ac9ca0e
20180821_092823	20180821_093001.tiff	0	324409553	3484200	3712068	227755	659915	c49a81d9
20180821_092823	20180821_093002.tiff	0	324409553	313510161	313739461	229187	659915	21817918
20180821_092823	20180821_093003.tiff	0	324409553	289025703	289251942	226126	659915	09701c07
20180821_092823	20180821_093004.tiff	0	324409553	259811802	260048781	236866	659915	d0ee3841
20180821_092823	20180821_093005.tiff	0	324409553	253740256	253971701	231332	659915	5723ea83
20180821_092823	20180821_093006.tiff	0	324409553	222238440	222476820	238267	659915	d33303df
20180821_092823	20180821_093007.tiff	0	324409553	59660818	59893623	232692	659915	f9d3393f
20180821_092823	20180821_093008.tiff	1	324409553	271182638	271413326	230575	659915	3dafbb2a
20180821_092823	20180821_093009.tiff	0	324409553	242370716	242597190	226361	659915	ff9ee56c
20180821_092823	20180821_093010.tiff	0	324409553	220270171	220505524	235240	659915	0231e609
20180821_092823	20180821_093011.tiff	0	324409553	61633274	61870409	237022	659915	c3b86448
20180821_092823	20180821_093012.tiff	0	324409553	261103053	261337544	234378	659915	13dcc15d
20180821_092823	20180821_093013.tiff	0	324409553	251522296	251759087	236678	659915	3f0b0419
20180821_092823	20180821_093014.tiff	0	324409553	315451610	315682345	230622	659915	7e1f7832
20180821_092823	20180821_093015.tiff	0	324409553	287092063	287326282	234106	659915	8d62a276
20180821_092823	20180821_093016.tiff	1	324409553	41654039	41884808	230656	659915	d3b1fdde
20180821_092823	20180821_093017.tiff	0	324409553	5012078	5242642	230451	659915	8a565e8b
20180821_092823	20180821_093018.tiff	0	324409553	304231616	304457982	226253	659915	26c06a3e
20180821_092823	20180821_093019.tiff	0	324409553	299176268	299400914	224533	659915	23eb6580
20180821_092823	20180821_093020.tiff	0	324409553	24347923	24575848	227812	659915	f2cd1e22
20180821_092823	20180821_093021.tiff	0	324409553	22276766	22501094	224215	659915	84b3be39
20180821_092823	20180821_093022.tiff	0	324409553	310078307	310303263	224843	659915	81c692bd
20180821_092823	20180821_093023.tiff	0	324409553	293055374	293330500	275013	659915	94377ec9
20180821_092823	20180821_093024.tiff	1	324409553	278151095	278391276	240068	659915	5fd2d2bc
20180821_092823	20180821_093025.tiff	0	324409553	235849221	236074480	225146	659915	55d74cea
20180821_092823	20180821_093026.tiff	0	324409553	225639494	225863816	224209	659915	96f736be
20180821_092823	20180821_093027.tiff	0	324409553	55127345	55356571	229113	659915	6d0b963d
20180821_092823	20180821_093028.tiff	0	324409553	269984773	270231438	246552	659915	c4d6da3f
20180821_092823	20180821_093029.tiff	0	324409553	243751801	243973791	221877	659915	df0973db
20180821_092823	20180821_093030.tiff	0	324409553	229813477	230048046	234456	659915	17095537
20180821_092823	20180821_093031.tiff	0	324409553	51452704	51682210	229393	659915	e4a0bec5
20180821_092823	20180821_093032.tiff	1	324409553	274432494	274656996	224389	659915	234f1a5c
20180821_092823	20180821_093033.tiff	0	324409553	239056029	239282847	226705	659915	de696680
20180821_092823	20180821_093034.tiff	0	324409553	306615061	306840673	225499	659915	59dba969
20180821_092823	20180821_093035.tiff	0	324409553	297087679	297312447	224655	659915	a2afdeab
20180821_092823	20180821_093036.tiff	0	324409553	27791047	28017283	226123	659915	8e598893
20180821_092823	20180821_093037.tiff	0	324409553	18225523	18449519	223883	659915	7ebaa7f2
20180821_092823	20180821_093038.tiff	0	324409553	319853480	320078173	224580	659915	ba81e583
20180821_092823	20180821_093039.tiff	0	324409553	283352766	283577026	224147	659915	02464c34
20180821_092823	20180821_093040.tiff	1	324409553	7364873	7592336	227350	659915	9622a22d
20180821_092823	20180821_093041.tiff	0	324409553	40284750	40507925	223062	659915	cffc2c48
20180821_092823	20180821_093042.tiff	0	324409553	285179722	285404113	224278	659915	d95e8f97
20180821_092823	20180821_093043.tiff	0	324409553	317286235	317509077	222729	659915	dde41ead
20180821_092823	20180821_093044.tiff	0	324409553	250146600	250374084	227371	659915	53271eb2
20180821_092823	20180821_093045.tiff	0	324409553	263424291	263652259	227855	659915	fc0b5c49
20180821_092823	20180821_093046.tiff	0	324409553	63247806	63473987	226068	659915	dbf71bc6
20180821_092823	20180821_093047.tiff	0	324409553	218598270	218821549	223166	659915	753515fa
20180821_092823	20180821_093048.tiff	1	324409553	240243294	240467235	223828	659915	ca070843
20180821_092823	20180821_093049.tiff	0	324409553	273320604	273545331	224614	659915	b4de6ba5
20180821_092823	20180821_093050.tiff	0	324409553	57767176	57995920	228631	659915	0df511f1
20180821_092823	20180821_093051.tiff	0	324409553	224181795	224405706	223798	659915	1fed5754
20180821_092823	20180821_093052.tiff	0	324409553	255207455	255431613	224045	659915	c5978be1
20180821_092823	20180821_093053.tiff	0	324409553	257380129	257602285	222043	659915	f4f3ed36
20180821_092823	20180821_093054.tiff	0	324409553	290733710	290959517	225694	659915	06c5925f
20180821_092823	20180821_093055.tiff	0	324409553	311795571	312019559	223875	659915	05e539b1
20180821_092823	20180821_093056.tiff	1	324409553	1102734	1326360	223513	659915	c3d3d23e
20180821_092823	20180821_093057.tiff	0	324409553	45641641	45866744	224990	659915	dccc1419
20180821_092823	20180821_093058.tiff	0	324409553	301479306	301705923	226504	659915	d2ceb6e9
20180821_092823	20180821_093059.tiff	0	324409553	301929795	302153519	223611	659915	2d440ae2
20180821_092823	20180821_093100.tiff	0	324409553	263873902	264101074	227059	659915	07675d8f
20180821_092823	20180821_093101.tiff	0	324409553	250593760	250816121	222248	659915	20a34f74
20180821_092823	20180821_093102.tiff	0	324409553	218150925	218374201	223163	659915	126c3f0d
20180821_092823	20180821_093103.tiff	0	324409553	62800781	63023668	222774	659915	0fd576f2
20180821_092823	20180821_093104.tiff	1	324409553	39360771	39585202	224318	659915	7adcb485
20180821_092823	20180821_093105.tiff	0	324409553	6433682	6655131	221336	659915	37a636c3
20180821_092823	20180821_093106.tiff	0	324409553	318203158	318470332	267061	659915	e9f15292
20180821_092823	20180821_093107.tiff	0	324409553	286098408	286328016	229495	659915	ad995334
20180821_092823	20180821_093108.tiff	0	324409553	29248663	29474696	225920	659915	0e96d94e
20180821_092823	20180821_093109.tiff	0	324409553	17063641	17290999	227245	659915	752a857f
20180821_092823	20180821_093110.tiff	0	324409553	312242608	312469021	226300	659915	8e7d0e1e
20180821_092823	20180821_093111.tiff	0	324409553	291182263	291403526	221150	659915	58c64dd7
20180821_092823	20180821_093112.tiff	1	324409553	45199830	45421337	221394	659915	f85f5543
20180821_092823	20180821_093113.tiff	0	324409553	662944	883940	220883	659915	e836f14b
20180821_092823	20180821_093114.tiff	0	324409553	223260007	223484193	224073	659915	f6c48e87
20180821_092823	20180821_093115.tiff	0	324409553	56844877	57070419	225429	659915	32732590
20180821_092823	20180821_093116.tiff	0	324409553	258301972	258527611	225526	659915	b10bfcc9
20180821_092823	20180821_093117.tiff	0	324409553	256131855	256355897	223929	659915	606aab6c
20180821_092823	20180821_093118.tiff	0	324409553	234424667	234647687	222907	659915	836641b4
20180821_092823	20180821_093119.tiff	0	324409553	47008843	47233542	224586	659915	aa1bae04
20180821_092823	20180821_093120.tiff	1	324409553	275423352	275648799	225334	659915	f2368841
20180821_092823	20180821_093121.tiff	0	324409553	237667973	237893465	225379	659915	f27f21da
20180821_092823	20180821_093122.tiff	0	324409553	228624643	228846215	221459	659915	43752ce7
20180821_092823	20180821_093123.tiff	0	324409553	53073842	53298778	224823	659915	686079d0
20180821_092823	20180821_093124.tiff	0	324409553	26839778	27062461	222570	659915	09b25f5b
20180821_092823	20180821_093125.tiff	0	324409553	19711393	19934347	222841	659915	366fd173
20180821_092823	20180821_093126.tiff	0	324409553	307769235	307994427	225079	659915	52aea557
20180821_092823	20180821_093127.tiff	0	324409553	295424574	295648896	224209	659915	da9f909b
20180821_092823	20180821_093128.tiff	1	324409553	36170223	36395041	224705	659915	8034a054
20180821_092823	20180821_093129.tiff	0	324409553	10373216	10599428	226099	659915	cd2fa331
20180821_092823	20180821_093130.tiff	0	324409553	308492398	308715748	223237	659915	344f4d2b
20180821_092823	20180821_093131.tiff	0	324409553	294302791	294529238	226334	659915	63bae462
20180821_092823	20180821_093132.tiff	0	324409553	25713623	25938424	224688	659915	edb724d2
20180821_092823	20180821_093133.tiff	0	324409553	21278335	21503227	224779	659915	4e60c639
20180821_092823	20180821_093134.tiff	0	324409553	227292699	227514601	221789	659915	c1b6da24
20180821_092823	20180821_093135.tiff	0	324409553	53992648	54215112	222351	659915	39138beb
20180821_092823	20180821_093136.tiff	1	324409553	276955393	277180578	225072	659915	acb24006
20180821_092823	20180821_093137.tiff	0	324409553	236538196	236762764	224455	659915	08c5ff48
20180821_092823	20180821_093138.tiff	0	324409553	71344342	71569320	224865	659915	ae75b1ee
20180821_092823	20180821_093139.tiff	0	324409553	67863505	68090145	226527	659915	d14e8806
20180821_092823	20180821_093140.tiff	0	324409553	254193669	254416733	222951	659915	3404f507
20180821_092823	20180821_093141.tiff	0	324409553	260271744	260495364	223507	659915	d1e28d23
20180821_092823	20180821_093142.tiff	0	324409553	59215951	59438151	222087	659915	7e821897
20180821_092823	20180821_093143.tiff	0	324409553	221789354	222015271	225804	659915	edfc8b8b
20180821_092823	20180821_093144.tiff	1	324409553	2643028	2866280	223139	659915	b8c55c37
20180821_092823	20180821_093145.tiff	0	324409553	43238173	43462528	224242	659915	31bda385
20180821_092823	20180821_093146.tiff	0	324409553	289862434	290086596	224049	659915	21358f68
20180821_092823	20180821_093147.tiff	0	324409553	314350947	314577098	226038	659915	b74538f0
20180821_092823	20180821_093148.tiff	0	324409553	14820036	15045882	225733	659915	0abe7371
20180821_092823	20180821_093149.tiff	0	324409553	31507452	31732512	224947	659915	bb6fb8e3
20180821_092823	20180821_093150.tiff	0	324409553	287547764	287772509	224632	659915	358c72e1
20180821_092823	20180821_093151.tiff	0	324409553	315906318	316131126	224695	659915	fc54d9b0
20180821_092823	20180821_093152.tiff	1	324409553	4564490	4790118	225515	659915	3bd8d541
20180821_092823	20180821_093153.tiff	0	324409553	41206935	41431848	224800	659915	51a50b8e
20180821_092823	20180821_093154.tiff	0	324409553	60732374	60956538	224051	659915	5191b923
20180821_092823	20180821_093155.tiff	0	324409553	219353839	219581531	227579	659915	b4ff20be
20180821_092823	20180821_093156.tiff	0	324409553	252441589	252668839	227137	659915	59f3f8ee
20180821_092823	20180821_093157.tiff	0	324409553	262006762	262231754	224879	659915	01b726c9
20180821_092823	20180821_093158.tiff	0	324409553	49304978	49530438	225347	659915	7dcde080
20180821_092823	20180821_093159.tiff	0	324409553	232141519	232366971	225339	659915	3334f904
20180821_092823	20180821_093200.tiff	1	324409553	9702723	9926466	223630	659915	98e40130
20180821_092823	20180821_093201.tiff	0	324409553	36841890	37065655	223652	659915	9a050a98
20180821_092823	20180821_093202.tiff	0	324409553	283129190	283352765	223462	659915	7f466034
20180821_092823	20180821_093203.tiff	0	324409553	320992016	321221996	229867	659915	f9b9530c
20180821_092823	20180821_093204.tiff	0	324409553	247816304	248040976	224559	659915	092d28e1
20180821_092823	20180821_093205.tiff	0	324409553	266861074	267085101	223914	659915	187aead3
20180821_092823	20180821_093206.tiff	0	324409553	66017264	66243146	225769	659915	eafa317d
20180821_092823	20180821_093207.tiff	0	324409553	215399636	215622934	223185	659915	3374066b
20180821_092823	20180821_093208.tiff	1	324409553	236985613	237208165	222439	659915	c98ad4e5
20180821_092823	20180821_093209.tiff	0	324409553	276081835	276306064	224116	659915	9a1a8fea
20180821_092823	20180821_093210.tiff	0	324409553	66691666	66916072	224293	659915	d0903073
20180821_092823	20180821_093211.tiff	0	324409553	71569321	71793027	223593	659915	b84def09
20180821_092823	20180821_093212.tiff	0	324409553	245975078	246228496	253305	659915	0fa083e6
20180821_092823	20180821_093213.tiff	0	324409553	267756895	267984279	227271	659915	39489614
20180821_092823	20180821_093214.tiff	0	324409553	281325194	281546830	221523	659915	3b1e2f3a
20180821_092823	20180821_093215.tiff	0	324409553	321872834	322093602	220655	659915	fd227fe0
20180821_092823	20180821_093216.tiff	1	324409553	10886159	11109464	223192	659915	47da971e
20180821_092823	20180821_093217.tiff	0	324409553	35048690	35268629	219826	659915	6aa9014c
20180821_092823	20180821_093218.tiff	0	324409553	293810164	294033973	223696	659915	3c4bcbf4
20180821_092823	20180821_093219.tiff	0	324409553	309365914	309590268	224241	659915	869eb9fc
20180821_092823	20180821_093220.tiff	0	324409553	18003964	18225522	221445	659915	828e99d4
20180821_092823	20180821_093221.tiff	0	324409553	29024343	29248662	224206	659915	4b51d2b7
20180821_092823	20180821_093222.tiff	0	324409553	297312448	297532779	220218	659915	4bb46161
20180821_092823	20180821_093223.tiff	0	324409553	305386619	305611021	224289	659915	8a2b7ea1
20180821_092823	20180821_093224.tiff	1	324409553	239543481	239765883	222289	659915	333fc703
20180821_092823	20180821_093225.tiff	0	324409553	273766374	273988954	222467	659915	a55aff4d
20180821_092823	20180821_093226.tiff	0	324409553	50971498	51194268	222657	659915	5f90dfb3
20180821_092823	20180821_093227.tiff	0	324409553	230773242	230995143	221788	659915	076f9967
20180821_092823	20180821_093228.tiff	0	324409553	251035265	251259315	223937	659915	7eaa2d63
20180821_092823	20180821_093229.tiff	0	324409553	262453353	262677519	224053	659915	6ecaf79c
20180821_092823	20180821_093230.tiff	0	324409553	47747931	47970145	222101	659915	dbb2a9ae
20180821_092823	20180821_093231.tiff	0	324409553	233983778	234208291	224400	659915	18723876
20180821_092823	20180821_093232.tiff	1	324409553	242819870	243043898	223915	659915	add20f36
20180821_092823	20180821_093233.tiff	0	324409553	270451448	270676326	224765	659915	8b10757f
20180821_092823	20180821_093234.tiff	0	324409553	300536420	300765224	228691	659915	424c109a
20180821_092823	20180821_093235.tiff	0	324409553	302153520	302377408	223775	659915	5e237de5
20180821_092823	20180821_093236.tiff	0	324409553	14593342	14820035	226580	659915	e3db2dab
20180821_092823	20180821_093237.tiff	0	324409553	32710599	32932880	222168	659915	cd3d21bf
20180821_092823	20180821_093238.tiff	0	324409553	291839937	292069476	229426	659915	e83672e4
20180821_092823	20180821_093239.tiff	0	324409553	311055746	311278363	222504	659915	a040374a
20180821_092823	20180821_093240.tiff	1	324409553	33885713	34111053	225227	659915	8d501c54
20180821_092823	20180821_093241.tiff	0	324409553	12482984	12707231	224134	659915	42329460
20180821_092823	20180821_093242.tiff	0	324409553	324091823	324318177	226241	659915	33aea366
20180821_092823	20180821_093243.tiff	0	324409553	280429306	280651522	222103	659915	84b59b39
20180821_092823	20180821_093244.tiff	0	324409553	269762501	269984772	222158	659915	d87da6b1
20180821_092823	20180821_093245.tiff	0	324409553	245100736	245325570	224721	659915	5bb0d0ea
20180821_092823	20180821_093246.tiff	0	324409553	70463847	70689404	225444	659915	df0fd5a6
20180821_092823	20180821_093247.tiff	0	324409553	68573309	68797136	223714	659915	ec9a1ff1
20180821_092823	20180821_093248.tiff	1	324409553	278661745	278885715	223857	659915	c75c1bb8
20180821_092823	20180821_093249.tiff	0	324409553	234920421	235141948	221414	659915	bdcdbb3d
20180821_092823	20180821_093250.tiff	0	324409553	216290344	216514115	223658	659915	07da5dbb
20180821_092823	20180821_093251.tiff	0	324409553	63726779	63947779	220887	659915	fd2b0bd0
20180821_092823	20180821_093252.tiff	0	324409553	265241337	265463876	222426	659915	e89077d0
20180821_092823	20180821_093253.tiff	0	324409553	248962853	249185678	222712	659915	ddaa2c70
20180821_092823	20180821_093254.tiff	0	324409553	319141040	319364313	223160	659915	96857866
20180821_092823	20180821_093255.tiff	0	324409553	284249238	284472245	222894	659915	f48c8e72
20180821_092823	20180821_093256.tiff	1	324409553	37771223	37995535	224199	659915	f6b848ff
20180821_092823	20180821_093257.tiff	0	324409553	7592337	7815428	222978	659915	80479f4a
20180821_092823	20180821_093258.tiff	0	324409553	307335463	307558611	223035	659915	c43632cc
20180821_092823	20180821_093259.tiff	0	324409553	296373732	296599977	226132	659915	15caa0a4
20180821_092823	20180821_093300.tiff	0	324409553	244403175	244627271	223983	659915	af23d1d5
20180821_092823	20180821_093301.tiff	0	324409553	269059344	269283612	224155	659915	dc633b17
20180821_092823	20180821_093302.tiff	0	324409553	69242298	69464206	221795	659915	c6f75be2
20180821_092823	20180821_093303.tiff	0	324409553	71116130	71344341	228098	659915	1cbd73e9
20180821_092823	20180821_093304.tiff	1	324409553	13140509	13362456	221834	659915	a39e6a78
20180821_092823	20180821_093305.tiff	0	324409553	34547158	34770984	223713	659915	b5f86357
20180821_092823	20180821_093306.tiff	0	324409553	279723179	279949735	226443	659915	74044b5d
20180821_092823	20180821_093307.tiff	0	324409553	323390025	323611157	221019	659915	bd8fd5d3
20180821_092823	20180821_093308.tiff	0	324409553	22720757	22943961	223091	659915	5f8d61c1
20180821_092823	20180821_093309.tiff	0	324409553	23370721	23594297	223463	659915	05343c4e
20180821_092823	20180821_093310.tiff	0	324409553	283577027	283800671	223531	659915	bfe40044
20180821_092823	20180821_093311.tiff	0	324409553	318470333	318692253	221807	659915	58641bf9
20180821_092823	20180821_093312.tiff	1	324409553	8296588	8517804	221103	659915	32f1ba2c
20180821_092823	20180821_093313.tiff	0	324409553	38472053	38694536	222370	659915	44b01192
20180821_092823	20180821_093314.tiff	0	324409553	64431436	64654362	222813	659915	305f0210
20180821_092823	20180821_093315.tiff	0	324409553	216995266	217218610	223231	659915	684d8ec2
20180821_092823	20180821_093316.tiff	0	324409553	248287662	248512385	224610	659915	f869fb1d
20180821_092823	20180821_093317.tiff	0	324409553	264561796	264784149	222240	659915	2d32b65a
20180821_092823	20180821_093318.tiff	0	324409553	52156990	52380515	223412	659915	1a66f92b
20180821_092823	20180821_093319.tiff	0	324409553	229073078	229294220	221029	659915	1ad581c7
20180821_092823	20180821_093320.tiff	1	324409553	242148734	242370715	221868	659915	fd53f156
20180821_092823	20180821_093321.tiff	0	324409553	272073154	272295568	222301	659915	82b876a0
20180821_092823	20180821_093322.tiff	0	324409553	48227228	48451404	224063	659915	c7341e97
20180821_092823	20180821_093323.tiff	0	324409553	232366972	232590033	222948	659915	568e9795
20180821_092823	20180821_093324.tiff	0	324409553	15268298	15491452	223041	659915	05c8c77c
20180821_092823	20180821_093325.tiff	0	324409553	30829614	31051562	221835	659915	e04417ab
20180821_092823	20180821_093326.tiff	0	324409553	300124180	300346516	222223	659915	38deed08
20180821_092823	20180821_093327.tiff	0	324409553	303787084	304009429	222232	659915	1775fcff
20180821_092823	20180821_093328.tiff	1	324409553	1812186	2034923	222624	659915	c6cbed61
20180821_092823	20180821_093329.tiff	0	324409553	44367395	44591725	224217	659915	692ccc3e
20180821_092823	20180821_093330.tiff	0	324409553	298729062	298953363	224188	659915	d6191063
20180821_092823	20180821_093331.tiff	0	324409553	304941561	305167647	225973	659915	3d48315c
20180821_092823	20180821_093332.tiff	0	324409553	16169384	16393881	224384	659915	c10273cf
20180821_092823	20180821_093333.tiff	0	324409553	29695691	29919446	223642	659915	008991e4
20180821_092823	20180821_093334.tiff	0	324409553	49530439	49753976	223424	659915	9b80bf8e
20180821_092823	20180821_093335.tiff	0	324409553	231252867	231474324	221344	659915	093f644b
20180821_092823	20180821_093336.tiff	1	324409553	241320275	241543936	223548	659915	9fa7393c
20180821_092823	20180821_093337.tiff	0	324409553	273098549	273320603	221941	659915	6bac8503
20180821_092823	20180821_093338.tiff	0	324409553	60089320	60316665	227232	659915	5b4b12ab
20180821_092823	20180821_093339.tiff	0	324409553	220731191	220955924	224620	659915	e1ce6fd9
20180821_092823	20180821_093340.tiff	0	324409553	266171332	266397751	226306	659915	daa56d07
20180821_092823	20180821_093341.tiff	0	324409553	247127848	247350686	222725	659915	368041e8
20180821_092823	20180821_093342.tiff	0	324409553	215848684	216072628	223831	659915	44370a88
20180821_092823	20180821_093343.tiff	0	324409553	66468035	66691665	223517	659915	8993839b
20180821_092823	20180821_093344.tiff	1	324409553	37289378	37512797	223306	659915	1bde9462
20180821_092823	20180821_093345.tiff	0	324409553	10151034	10373215	222068	659915	f65e304f
20180821_092823	20180821_093346.tiff	0	324409553	320304049	320526510	222348	659915	2262e9ed
20180821_092823	20180821_093347.tiff	0	324409553	282436959	282657888	220816	659915	595a8d71
20180821_092823	20180821_093348.tiff	0	324409553	26168990	26391434	222331	659915	df106d75
20180821_092823	20180821_093349.tiff	0	324409553	20396379	20621338	224846	659915	ecd6324b
20180821_092823	20180821_093350.tiff	0	324409553	321429140	321651662	222409	659915	736cd888
20180821_092823	20180821_093351.tiff	0	324409553	280874327	281097734	223294	659915	4b784ddb
20180821_092823	20180821_093352.tiff	1	324409553	35720600	35946670	225957	659915	cc1d1d12
20180821_092823	20180821_093353.tiff	0	324409553	11566537	11788179	221529	659915	19204a2b
20180821_092823	20180821_093354.tiff	0	324409553	72253337	72477051	223601	659915	c19c4cd2
20180821_092823	20180821_093355.tiff	0	324409553	67418369	67639775	221293	659915	13960e7c
20180821_092823	20180821_093356.tiff	0	324409553	267306015	267528486	222358	659915	cbda84af
20180821_092823	20180821_093357.tiff	0	324409553	245521981	245747478	225384	659915	1f6cc006
20180821_092823	20180821_093358.tiff	0	324409553	226848111	227070758	222534	659915	539aeaa5
20180821_092823	20180821_093359.tiff	0	324409553	54905868	55127344	221363	659915	df85a984
20180821_092823	20180821_093400.tiff	1	324409553	57995921	58217913	221879	659915	0776cf18
20180821_092823	20180821_093401.tiff	0	324409553	224405707	224628547	222727	659915	97604ef7
20180821_092823	20180821_093402.tiff	0	324409553	255431614	255656467	224740	659915	b2a4872c
20180821_092823	20180821_093403.tiff	0	324409553	257602286	257825293	222894	659915	1aaf6aab
20180821_092823	20180821_093404.tiff	0	324409553	290959518	291182262	222631	659915	21d085e1
20180821_092823	20180821_093405.tiff	0	324409553	312019560	312242607	222934	659915	f61d3b44
20180821_092823	20180821_093406.tiff	0	324409553	1326361	1550941	224467	659915	fffdf271
20180821_092823	20180821_093407.tiff	0	324409553	45866745	46091252	224394	659915	a089f762
20180821_092823	20180821_093408.tiff	1	324409553	301257100	301479305	222092	659915	88554a4f
20180821_092823	20180821_093409.tiff	0	324409553	301705924	301929794	223757	659915	3c6d9214
20180821_092823	20180821_093410.tiff	0	324409553	7140752	7364872	224007	659915	c416769e
20180821_092823	20180821_093411.tiff	0	324409553	40060835	40284749	223801	659915	c10c0151
20180821_092823	20180821_093412.tiff	0	324409553	284956502	285179721	223106	659915	b4c8af35
20180821_092823	20180821_093413.tiff	0	324409553	317060392	317286234	225729	659915	63ec00b0
20180821_092823	20180821_093414.tiff	0	324409553	249922933	250146599	223553	659915	4ad8142f
20180821_092823	20180821_093415.tiff	0	324409553	263202379	263424290	221798	659915	d22fbc69
20180821_092823	20180821_093416.tiff	1	324409553	63023669	63247805	224023	659915	25265fb4
20180821_092823	20180821_093417.tiff	0	324409553	218374202	218598269	223954	659915	833877b9
20180821_092823	20180821_093418.tiff	0	324409553	240467236	240690721	223372	659915	60f54016
20180821_092823	20180821_093419.tiff	0	324409553	273545332	273766373	220928	659915	7d2c813f
20180821_092823	20180821_093420.tiff	0	324409553	53772228	53992647	220306	659915	935b33dd
20180821_092823	20180821_093421.tiff	0	324409553	227070759	227292698	221826	659915	6f0fb38f
20180821_092823	20180821_093422.tiff	0	324409553	236762765	236985612	222734	659915	0febae13
20180821_092823	20180821_093423.tiff	0	324409553	277180579	277404432	223740	659915	37a38181
20180821_092823	20180821_093424.tiff	1	324409553	294730740	294956037	225184	659915	961fd2ac
20180821_092823	20180821_093425.tiff	0	324409553	308918657	309141689	222919	659915	b5d43d6a
20180821_092823	20180821_093426.tiff	0	324409553	20850319	21073515	223083	659915	4df5e8c1
20180821_092823	20180821_093427.tiff	0	324409553	25289521	25510924	221290	659915	492018db
20180821_092823	20180821_093428.tiff	0	324409553	280651523	280874326	222690	659915	3c702784
20180821_092823	20180821_093429.tiff	0	324409553	322547225	322773568	226230	659915	d2dd277b
20180821_092823	20180821_093430.tiff	0	324409553	19489668	19711392	221611	659915	31d1613d
20180821_092823	20180821_093431.tiff	0	324409553	26617004	26839777	222660	659915	94688897
20180821_092823	20180821_093432.tiff	1	324409553	295648897	295869093	220083	659915	5acee62f
20180821_092823	20180821_093433.tiff	0	324409553	307994428	308215243	220702	659915	f60cc13c
20180821_092823	20180821_093434.tiff	0	324409553	238109499	238329933	220321	659915	a30dff46
20180821_092823	20180821_093435.tiff	0	324409553	275859746	276081834	221975	659915	a378fcc4
20180821_092823	20180821_093436.tiff	0	324409553	52636985	52858320	221222	659915	bd179933
20180821_092823	20180821_093437.tiff	0	324409553	228187300	228409141	221728	659915	ed37cbf4
20180821_092823	20180821_093438.tiff	0	324409553	246680390	246900017	219514	659915	af0433da
20180821_092823	20180821_093439.tiff	0	324409553	267085102	267306014	220799	659915	5b954369
20180821_092823	20180821_093440.tiff	1	324409553	220505525	220731190	225552	659915	556bb67f
20180821_092823	20180821_093441.tiff	0	324409553	61870410	62091518	220995	659915	75a71288
20180821_092823	20180821_093442.tiff	0	324409553	261337545	261559216	221558	659915	a97e775b
20180821_092823	20180821_093443.tiff	0	324409553	251759088	251981306	222105	659915	469452dc
20180821_092823	20180821_093444.tiff	0	324409553	315682346	315906317	223858	659915	1f47d482
20180821_092823	20180821_093445.tiff	0	324409553	287326283	287547763	221367	659915	9d591250
20180821_092823	20180821_093446.tiff	0	324409553	41884809	42107855	222933	659915	e51394de
20180821_092823	20180821_093447.tiff	0	324409553	5242643	5467908	225152	659915	dbfafbdf
20180821_092823	20180821_093448.tiff	1	324409553	304009430	304231615	222072	659915	4686b85d
20180821_092823	20180821_093449.tiff	0	324409553	298953364	299176267	222790	659915	ca63038d
20180821_092823	20180821_093450.tiff	0	324409553	43910806	44134145	223226	659915	3a7ac757
20180821_092823	20180821_093451.tiff	0	324409553	3260063	3484199	224023	659915	a3d1a053
20180821_092823	20180821_093452.tiff	0	324409553	313287249	313510160	222798	659915	6cda78f4
20180821_092823	20180821_093453.tiff	0	324409553	288804216	289025702	221373	659915	9ef85862
20180821_092823	20180821_093454.tiff	0	324409553	259591571	259811801	220117	659915	bfbfc022
20180821_092823	20180821_093455.tiff	0	324409553	253518591	253740255	221551	659915	a8d6291e
20180821_092823	20180821_093456.tiff	1	324409553	222015272	222238439	223054	659915	aad23319
20180821_092823	20180821_093457.tiff	0	324409553	59438152	59660817	222552	659915	8c0d8199
20180821_092823	20180821_093458.tiff	0	324409553	271413327	271634650	221210	659915	271d49fe
20180821_092823	20180821_093459.tiff	0	324409553	242597191	242819869	222565	659915	15689c2a
20180821_092823	20180821_093500.tiff	0	324409553	287772510	287996257	223634	659915	98f6477c
20180821_092823	20180821_093501.tiff	0	324409553	316131127	316353643	222403	659915	6b454f99
20180821_092823	20180821_093502.tiff	0	324409553	4790119	5012077	221845	659915	38b900de
20180821_092823	20180821_093503.tiff	0	324409553	41431849	41654038	222076	659915	db20a5bf
20180821_092823	20180821_093504.tiff	1	324409553	60956539	61179376	222724	659915	f4d41d69
20180821_092823	20180821_093505.tiff	0	324409553	219581532	219807520	225875	659915	c4a87e6b
20180821_092823	20180821_093506.tiff	0	324409553	252668840	252892817	223864	659915	05f8fec1
20180821_092823	20180821_093507.tiff	0	324409553	262231755	262453352	221484	659915	31093bae
20180821_092823	20180821_093508.tiff	0	324409553	49083086	49304977	221778	659915	673903c4
20180821_092823	20180821_093509.tiff	0	324409553	231918955	232141518	222450	659915	5d3dad72
20180821_092823	20180821_093510.tiff	0	324409553	253971702	254193668	221853	659915	6325589b
20180821_092823	20180821_093511.tiff	0	324409553	260048782	260271743	222848	659915	6a831a1e
20180821_092823	20180821_093512.tiff	1	324409553	58994514	59215950	221323	659915	75d09698
20180821_092823	20180821_093513.tiff	0	324409553	221565837	221789353	223403	659915	95e6468d
20180821_092823	20180821_093514.tiff	0	324409553	2422403	2643027	220511	659915	40d823b0
20180821_092823	20180821_093515.tiff	0	324409553	43016453	43238172	221606	659915	44ec7c61
20180821_092823	20180821_093516.tiff	0	324409553	289641007	289862433	221313	659915	ef136a79
20180821_092823	20180821_093517.tiff	0	324409553	314127954	314350946	222879	659915	eb986bf4
20180821_092823	20180821_093518.tiff	0	324409553	15045883	15268297	222301	659915	d94b82e9
20180821_092823	20180821_093519.tiff	0	324409553	31732513	31952248	219622	659915	c62e15dd
20180821_092823	20180821_093520.tiff	1	324409553	296599978	296826299	226208	659915	886659a6
20180821_092823	20180821_093521.tiff	0	324409553	306132957	306355034	221964	659915	c03e3038
20180821_092823	20180821_093522.tiff	0	324409553	18707188	18932007	224706	659915	b6d9b779
20180821_092823	20180821_093523.tiff	0	324409553	28282300	28506723	224310	659915	0d274eed
20180821_092823	20180821_093524.tiff	0	324409553	51682211	51928434	246110	659915	06352dfe
20180821_092823	20180821_093525.tiff	0	324409553	230048047	230281383	233223	659915	bd6b9807
20180821_092823	20180821_093526.tiff	0	324409553	238842527	239056028	213388	659915	a831c572
20180821_092823	20180821_093527.tiff	0	324409553	274216030	274432493	216350	659915	1943e18b
20180821_092823	20180821_093528.tiff	1	324409553	65106989	65326631	219529	659915	dd677ac2
20180821_092823	20180821_093529.tiff	0	324409553	216072629	216290343	217601	659915	aee4a1d7
20180821_092823	20180821_093530.tiff	0	324409553	235359773	235577685	217799	659915	a646dc67
20180821_092823	20180821_093531.tiff	0	324409553	277668887	277888718	219718	659915	fd184e50
20180821_092823	20180821_093532.tiff	0	324409553	55621604	55839244	217527	659915	4ff74339
20180821_092823	20180821_093533.tiff	0	324409553	226128717	226346301	217471	659915	eecae73a
20180821_092823	20180821_093534.tiff	0	324409553	22501095	22720756	219548	659915	a6b077dd
20180821_092823	20180821_093535.tiff	0	324409553	24575849	24795105	219143	659915	29f0f91a
20180821_092823	20180821_093536.tiff	1	324409553	292838390	293055373	216870	659915	8737811d
20180821_092823	20180821_093537.tiff	0	324409553	309859065	310078306	219128	659915	46120e54
20180821_092823	20180821_093538.tiff	0	324409553	13362457	13580064	217494	659915	5169ebd3
20180821_092823	20180821_093539.tiff	0	324409553	33189445	33407036	217478	659915	eac0ecc5
20180821_092823	20180821_093540.tiff	0	324409553	312469022	312685177	216042	659915	cda2903c
20180821_092823	20180821_093541.tiff	0	324409553	291403527	291621143	217503	659915	4090c605
20180821_092823	20180821_093542.tiff	0	324409553	45421338	45641640	220189	659915	96f30d32
20180821_092823	20180821_093543.tiff	0	324409553	883941	1102733	218679	659915	ec2c1104
20180821_092823	20180821_093544.tiff	1	324409553	223484194	223703825	219518	659915	d201725c
20180821_092823	20180821_093545.tiff	0	324409553	57070420	57289693	219160	659915	fce790a7
20180821_092823	20180821_093546.tiff	0	324409553	258527612	258749451	221726	659915	ac74202c
20180821_092823	20180821_093547.tiff	0	324409553	256355898	256573855	217844	659915	e6868057
20180821_092823	20180821_093548.tiff	0	324409553	234208292	234424666	216261	659915	9b58eae4
20180821_092823	20180821_093549.tiff	0	324409553	46791301	47008842	217428	659915	6cbb5579
20180821_092823	20180821_093550.tiff	0	324409553	263652260	263873901	221528	659915	931c5108
20180821_092823	20180821_093551.tiff	0	324409553	250374085	250593759	219561	659915	51070c83
20180821_092823	20180821_093552.tiff	1	324409553	217929448	218150924	221363	659915	2e399200
20180821_092823	20180821_093553.tiff	0	324409553	62577969	62800780	222698	659915	beb50b1b
20180821_092823	20180821_093554.tiff	0	324409553	39138181	39360770	222476	659915	89e29875
20180821_092823	20180821_093555.tiff	0	324409553	6216139	6433681	217429	659915	d3173d0c
20180821_092823	20180821_093556.tiff	0	324409553	317984213	318203157	218831	659915	f6067831
20180821_092823	20180821_093557.tiff	0	324409553	285880986	286098407	217308	659915	9ac4b07d
20180821_092823	20180821_093558.tiff	0	324409553	29474697	29695690	220880	659915	8f0705cf
20180821_092823	20180821_093559.tiff	0	324409553	17291000	17512035	220922	659915	547f14ff
20180821_092823	20180821_093600.tiff	1	324409553	216773682	216995265	221470	659915	bd1e8f53
20180821_092823	20180821_093601.tiff	0	324409553	64209469	64431435	221853	659915	fa695b37
20180821_092823	20180821_093602.tiff	0	324409553	265463877	265682699	218709	659915	54662dc8
20180821_092823	20180821_093603.tiff	0	324409553	249185679	249409140	223348	659915	48b14483
20180821_092823	20180821_093604.tiff	0	324409553	319364314	319588668	224241	659915	9a70efb2
20180821_092823	20180821_093605.tiff	0	324409553	284472246	284693047	220688	659915	0101995b
20180821_092823	20180821_093606.tiff	0	324409553	38253639	38472052	218300	659915	283ac33d
20180821_092823	20180821_093607.tiff	0	324409553	8076973	8296587	219501	659915	332805af
20180821_092823	20180821_093608.tiff	1	324409553	307116645	307335462	218704	659915	8b7e10dd
20180821_092823	20180821_093609.tiff	0	324409553	296153538	296373731	220080	659915	6fcdb1aa
20180821_092823	20180821_093610.tiff	0	324409553	33407037	33629325	222175	659915	f824962c
20180821_092823	20180821_093611.tiff	0	324409553	12009912	12229815	219790	659915	dae3fa1b
20180821_092823	20180821_093612.tiff	0	324409553	323873285	324091822	218424	659915	f90c1e70
20180821_092823	20180821_093613.tiff	0	324409553	280204842	280429305	224350	659915	8d646f26
20180821_092823	20180821_093614.tiff	0	324409553	269543756	269762500	218631	659915	6d6120fb
20180821_092823	20180821_093615.tiff	0	324409553	244880376	245100735	220246	659915	6f4fdc03
20180821_092823	20180821_093616.tiff	1	324409553	69983513	70203074	219448	659915	10b68ddb
20180821_092823	20180821_093617.tiff	0	324409553	68090146	68312003	221744	659915	8af5a0e3
20180821_092823	20180821_093618.tiff	0	324409553	278885716	279104993	219164	659915	d13ca3b5
20180821_092823	20180821_093619.tiff	0	324409553	235141949	235359772	217710	659915	d14568b9
20180821_092823	20180821_093620.tiff	0	324409553	231695147	231918954	223694	659915	75e65f7b
20180821_092823	20180821_093621.tiff	0	324409553	49990872	50215480	224495	659915	4280d878
20180821_092823	20180821_093622.tiff	0	324409553	272482640	272703183	220430	659915	88ba5d99
20180821_092823	20180821_093623.tiff	0	324409553	240690722	240910801	219966	659915	5c318372
20180821_092823	20180821_093624.tiff	1	324409553	304457983	304677579	219483	659915	8936cef7
20180821_092823	20180821_093625.tiff	0	324409553	298253702	298478503	224688	659915	3936be72
20180821_092823	20180821_093626.tiff	0	324409553	30349515	30570730	221102	659915	82453ab6
20180821_092823	20180821_093627.tiff	0	324409553	16841822	17063640	221705	659915	15a5c460
20180821_092823	20180821_093628.tiff	0	324409553	314577099	314796749	219537	659915	ff602459
20180821_092823	20180821_093629.tiff	0	324409553	288183197	288404018	220708	659915	638cdf2b
20180821_092823	20180821_093630.tiff	0	324409553	31051563	31271578	219902	659915	afda8ae8
20180821_092823	20180821_093631.tiff	0	324409553	15491453	15713271	221705	659915	ad00b24e
20180821_092823	20180821_093632.tiff	1	324409553	303337464	303556633	219056	659915	7a970ce9
20180821_092823	20180821_093633.tiff	0	324409553	299647135	299866792	219544	659915	c8bfd6b5
20180821_092823	20180821_093634.tiff	0	324409553	271851719	272073153	221321	659915	a3bfbab0
20180821_092823	20180821_093635.tiff	0	324409553	241929580	242148733	219040	659915	f72c428f
20180821_092823	20180821_093636.tiff	0	324409553	232590034	232810618	220471	659915	59b5fcd0
20180821_092823	20180821_093637.tiff	0	324409553	48451405	48671327	219809	659915	05e7607f
20180821_092823	20180821_093638.tiff	0	324409553	258945504	259164335	218718	659915	0641c020
20180821_092823	20180821_093639.tiff	0	324409553	254797861	255017279	219305	659915	89a03b53
20180821_092823	20180821_093640.tiff	1	324409553	66916073	67136886	220700	659915	f35f579c
20180821_092823	20180821_093641.tiff	0	324409553	71793028	72011944	218803	659915	6ef6eab9
20180821_092823	20180821_093642.tiff	0	324409553	246461505	246680389	218771	659915	befa2607
20180821_092823	20180821_093643.tiff	0	324409553	268218488	268438182	219581	659915	ef0e70a7
20180821_092823	20180821_093644.tiff	0	324409553	281781537	282002228	220578	659915	cb90c070
20180821_092823	20180821_093645.tiff	0	324409553	322326192	322547224	220919	659915	6295d1a6
20180821_092823	20180821_093646.tiff	0	324409553	11109465	11332282	222704	659915	a2e0da97
20180821_092823	20180821_093647.tiff	0	324409553	35268630	35488720	219977	659915	4ac99a9d
20180821_092823	20180821_093648.tiff	1	324409553	293589455	293810163	220595	659915	911d918c
20180821_092823	20180821_093649.tiff	0	324409553	309141690	309365913	224110	659915	38934e42
20180821_092823	20180821_093650.tiff	0	324409553	9467978	9702722	234631	659915	36f2aee6
20180821_092823	20180821_093651.tiff	0	324409553	36632858	36841889	208918	659915	3e330248
20180821_092823	20180821_093652.tiff	0	324409553	282657889	282887842	229840	659915	4e968452
20180821_092823	20180821_093653.tiff	0	324409553	320526511	320752047	225423	659915	1d4eca40
20180821_092823	20180821_093654.tiff	0	324409553	247350687	247574452	223652	659915	81540871
20180821_092823	20180821_093655.tiff	0	324409553	266397752	266621310	223445	659915	daa9519f
20180821_092823	20180821_093656.tiff	1	324409553	65569162	65790827	221552	659915	60212d65
20180821_092823	20180821_093657.tiff	0	324409553	214947367	215168353	220873	659915	9a076116
20180821_092823	20180821_093658.tiff	0	324409553	237443633	237667972	224226	659915	2be17525
20180821_092823	20180821_093659.tiff	0	324409553	276539613	276761669	221943	659915	e1c9348e
20180821_092823	20180821_093700.tiff	0	324409553	321651663	321872833	221057	659915	2b7fbd88
20180821_092823	20180821_093701.tiff	0	324409553	281097735	281325193	227345	659915	8d7c663b
20180821_092823	20180821_093702.tiff	0	324409553	35946671	36170222	223438	659915	618cd8ba
20180821_092823	20180821_093703.tiff	0	324409553	11788180	12009911	221618	659915	b656de55
20180821_092823	20180821_093704.tiff	1	324409553	72477052	72701806	224641	659915	45799ce4
20180821_092823	20180821_093705.tiff	0	324409553	67639776	67863504	223615	659915	ad0da6c2
20180821_092823	20180821_093706.tiff	0	324409553	267528487	267756894	228294	659915	9d804d0b
20180821_092823	20180821_093707.tiff	0	324409553	245747479	245975077	227485	659915	c2ce3673
20180821_092823	20180821_093708.tiff	0	324409553	226615052	226848110	232945	659915	1f6582c3
20180821_092823	20180821_093709.tiff	0	324409553	54679858	54905867	225896	659915	c6a2f8d7
20180821_092823	20180821_093710.tiff	0	324409553	265943579	266171331	227639	659915	784e155d
20180821_092823	20180821_093711.tiff	0	324409553	246900018	247127847	227716	659915	73a83940
20180821_092823	20180821_093712.tiff	1	324409553	215622935	215848683	225635	659915	4d256724
20180821_092823	20180821_093713.tiff	0	324409553	66243147	66468034	224774	659915	93e6d74e
20180821_092823	20180821_093714.tiff	0	324409553	37065656	37289377	223608	659915	c768d9a4
20180821_092823	20180821_093715.tiff	0	324409553	9926467	10151033	224453	659915	1eb04680
20180821_092823	20180821_093716.tiff	0	324409553	320078174	320304048	225761	659915	84783988
20180821_092823	20180821_093717.tiff	0	324409553	282209304	282436958	227541	659915	f694d4e1
20180821_092823	20180821_093718.tiff	0	324409553	26391435	26617003	225455	659915	787d5d5a
20180821_092823	20180821_093719.tiff	0	324409553	20621339	20850318	228866	659915	9ca9d5ba
20180821_092823	20180821_093720.tiff	1	324409553	302642011	302869731	227607	659915	bd10e4cc
20180821_092823	20180821_093721.tiff	0	324409553	301030385	301257099	226601	659915	2881fc8c
20180821_092823	20180821_093722.tiff	0	324409553	31952249	32178196	225834	659915	16d9e196
20180821_092823	20180821_093723.tiff	0	324409553	13836356	14059984	223515	659915	fcabdccd
20180821_092823	20180821_093724.tiff	0	324409553	233438422	233663801	225266	659915	307facc0
20180821_092823	20180821_093725.tiff	0	324409553	47233543	47460329	226673	659915	dccf627e
20180821_092823	20180821_093726.tiff	0	324409553	270957285	271182637	225239	659915	3a84bd55
20180821_092823	20180821_093727.tiff	0	324409553	243307620	243532325	224592	659915	05f3a88f
20180821_092823	20180821_093728.tiff	1	324409553	224628548	224853757	225096	659915	9d6f8862
20180821_092823	20180821_093729.tiff	0	324409553	56356766	56581702	224823	659915	38aeb7e7
20180821_092823	20180821_093730.tiff	0	324409553	273988955	274216029	226961	659915	119c0d58
20180821_092823	20180821_093731.tiff	0	324409553	239765884	239990489	224492	659915	02b6dd82
20180821_092823	20180821_093732.tiff	0	324409553	230281384	230505941	224444	659915	73134d47
20180821_092823	20180821_093733.tiff	0	324409553	50476181	50703771	227477	659915	4b24e3a4
20180821_092823	20180821_093734.tiff	0	324409553	28800218	29024342	224011	659915	836ea61c
20180821_092823	20180821_093735.tiff	0	324409553	17780594	18003963	223256	659915	ac049640
20180821_092823	20180821_093736.tiff	1	324409553	305611022	305835414	224279	659915	42861653
20180821_092823	20180821_093737.tiff	0	324409553	297532780	297759229	226336	659915	9f240b60
20180821_092823	20180821_093738.tiff	0	324409553	40507926	40733478	225439	659915	7d0a3071
20180821_092823	20180821_093739.tiff	0	324409553	5730141	5955520	225266	659915	cb088d6b
20180821_092823	20180821_093740.tiff	0	324409553	283800672	284025335	224550	659915	79dc43c2
20180821_092823	20180821_093741.tiff	0	324409553	318692254	318918230	225863	659915	4d3870f6
20180821_092823	20180821_093742.tiff	0	324409553	8736191	8961761	225457	659915	718248c8
20180821_092823	20180821_093743.tiff	0	324409553	38914041	39138180	224026	659915	8e460f32
20180821_092823	20180821_093744.tiff	1	324409553	64883164	65106988	223711	659915	65546312
20180821_092823	20180821_093745.tiff	0	324409553	217483503	217708507	224891	659915	cde49c67
20180821_092823	20180821_093746.tiff	0	324409553	248512386	248736540	224041	659915	907bf042
20180821_092823	20180821_093747.tiff	0	324409553	264784150	265014275	230012	659915	d5578ea2
20180821_092823	20180821_093748.tiff	0	324409553	51928435	52156989	228441	659915	7a26b912
20180821_092823	20180821_093749.tiff	0	324409553	228846216	229073077	226748	659915	bb554c90
20180821_092823	20180821_093750.tiff	0	324409553	244176847	244403174	226214	659915	050aba90
20180821_092823	20180821_093751.tiff	0	324409553	268837140	269059343	222090	659915	c1382471
20180821_092823	20180821_093752.tiff	1	324409553	68797137	69026343	229093	659915	d9f3deb0
20180821_092823	20180821_093753.tiff	0	324409553	70689405	70914014	224496	659915	d785c3de
20180821_092823	20180821_093754.tiff	0	324409553	12707232	12931838	224493	659915	3c85dd2c
20180821_092823	20180821_093755.tiff	0	324409553	34111054	34337320	226153	659915	eb1ac10b
20180821_092823	20180821_093756.tiff	0	324409553	279309613	279531882	222156	659915	3ec285a2
20180821_092823	20180821_093757.tiff	0	324409553	322977707	323200122	222302	659915	89d4f610
20180821_092823	20180821_093758.tiff	0	324409553	23143885	23370720	226722	659915	1adef598
20180821_092823	20180821_093759.tiff	0	324409553	23861107	24082591	221371	659915	571fe778
20180821_092823	20180821_093800.tiff	1	324409553	62355649	62577968	222206	659915	ddb6e429
20180821_092823	20180821_093801.tiff	0	324409553	217708508	217929447	220826	659915	2e0b8c69
20180821_092823	20180821_093802.tiff	0	324409553	250816122	251035264	219029	659915	a826d9f6
20180821_092823	20180821_093803.tiff	0	324409553	264101075	264320642	219454	659915	626b3257
20180821_092823	20180821_093804.tiff	0	324409553	285661802	285880985	219070	659915	9f116b48
20180821_092823	20180821_093805.tiff	0	324409553	317764736	317984212	219363	659915	6e8a775f
20180821_092823	20180821_093806.tiff	0	324409553	6655132	6877743	222498	659915	c75c60f3
20180821_092823	20180821_093807.tiff	0	324409553	39585203	39803749	218433	659915	708aeb5c
20180821_092823	20180821_093808.tiff	1	324409553	298035145	298253701	218443	659915	dbef42d6
20180821_092823	20180821_093809.tiff	0	324409553	305167648	305386618	218857	659915	646d0a1b
20180821_092823	20180821_093810.tiff	0	324409553	444921	662943	217909	659915	9d85707d
20180821_092823	20180821_093811.tiff	0	324409553	44981326	45199829	218390	659915	35c6ada7
20180821_092823	20180821_093812.tiff	0	324409553	291621144	291839936	218679	659915	02c5e61a
20180821_092823	20180821_093813.tiff	0	324409553	312685178	312902011	216720	659915	24ed3e19
20180821_092823	20180821_093814.tiff	0	324409553	255914449	256131854	217292	659915	8dd30676
20180821_092823	20180821_093815.tiff	0	324409553	258081631	258301971	220227	659915	f2b8b896
20180821_092823	20180821_093816.tiff	1	324409553	57289694	57502369	212562	659915	ca52fb30
20180821_092823	20180821_093817.tiff	0	324409553	223703826	223921242	217303	659915	1476d871
20180821_092823	20180821_093818.tiff	0	324409553	243532326	243751800	219361	659915	9fd6292f
20180821_092823	20180821_093819.tiff	0	324409553	270231439	270451447	219895	659915	8a677be9
20180821_092823	20180821_093820.tiff	0	324409553	52858321	53073841	215407	659915	2ab706a1
20180821_092823	20180821_093821.tiff	0	324409553	228409142	228624642	215387	659915	05cddabe
20180821_092823	20180821_093822.tiff	0	324409553	237893466	238109498	215919	659915	0770f7cb
20180821_092823	20180821_093823.tiff	0	324409553	275648800	275859745	210832	659915	04b23fb9
20180821_092823	20180821_093824.tiff	1	324409553	295208880	295424573	215580	659915	669daaf7
20180821_092823	20180821_093825.tiff	0	324409553	307558612	307769234	210509	659915	57cbf12d
20180821_092823	20180821_093826.tiff	0	324409553	19934348	20148105	213644	659915	801a91b5
20180821_092823	20180821_093827.tiff	0	324409553	27062462	27269929	207354	659915	e951c8ec
20180821_092823	20180821_093828.tiff	0	324409553	282002229	282209303	206961	659915	5e675028
20180821_092823	20180821_093829.tiff	0	324409553	321221997	321429139	207029	659915	7df4c9dc
20180821_092823	20180821_093830.tiff	0	324409553	21073516	21278334	204705	659915	ea44682e
20180821_092823	20180821_093831.tiff	0	324409553	25510925	25713622	202584	659915	7863492c
20180821_092823	20180821_093832.tiff	1	324409553	294529239	294730739	201387	659915	be171329
20180821_092823	20180821_093833.tiff	0	324409553	308715749	308918656	202794	659915	72d1946c
20180821_092823	20180821_093834.tiff	0	324409553	236340089	236538195	197993	659915	29bb9c9c
20180821_092823	20180821_093835.tiff	0	324409553	276761670	276955392	193609	659915	5192578f
20180821_092823	20180821_093836.tiff	0	324409553	54215113	54416029	200803	659915	03bf2099
20180821_092823	20180821_093837.tiff	0	324409553	227514602	227711770	197055	659915	15afdcf3
20180821_092823	20180821_093838.tiff	0	324409553	245325571	245521980	196296	659915	43a4d157
20180821_092823	20180821_093839.tiff	0	324409553	268438183	268634204	195908	659915	5012ae61
20180821_092823	20180821_093840.tiff	1	324409553	221371634	221565836	194089	659915	469b34c5
20180821_092823	20180821_093841.tiff	0	324409553	58803674	58994513	190726	659915	5afc0cd2
20180821_092823	20180821_093842.tiff	0	324409553	260495365	260685684	190206	659915	1097e04b
20180821_092823	20180821_093843.tiff	0	324409553	254416734	254605805	188958	659915	9f04633a
20180821_092823	20180821_093844.tiff	0	324409553	313937746	314127953	190094	659915	73a735f7
20180821_092823	20180821_093845.tiff	0	324409553	289454162	289641006	186731	659915	02e82f7d
20180821_092823	20180821_093846.tiff	0	324409553	43462529	43653472	190830	659915	dc175636
20180821_092823	20180821_093847.tiff	0	324409553	2866281	3052740	186346	659915	faea4204
20180821_092823	20180821_093848.tiff	1	324409553	302869732	303060887	191042	659915	fde60bd8
20180821_092823	20180821_093849.tiff	0	324409553	300346517	300536419	189789	659915	f6092eb4
20180821_092823	20180821_093850.tiff	0	324409553	40994328	41206934	212493	659915	3fef8ce0
20180821_092823	20180821_093851.tiff	0	324409553	4366580	4564489	197796	659915	d922f673
20180821_092823	20180821_093852.tiff	0	324409553	316353644	316542020	188263	659915	c345c076
20180821_092823	20180821_093853.tiff	0	324409553	287996258	288183196	186825	659915	bd02f233
20180821_092823	20180821_093854.tiff	0	324409553	261811843	262006761	194805	659915	beddd199
20180821_092823	20180821_093855.tiff	0	324409553	252245830	252441588	195645	659915	805d7221
20180821_092823	20180821_093856.tiff	1	324409553	219807521	220002917	195283	659915	e67f9c4d
20180821_092823	20180821_093857.tiff	0	324409553	61179377	61370487	190997	659915	ec844a88
20180821_092823	20180821_093858.tiff	0	324409553	272295569	272482639	186957	659915	c16e6d98
20180821_092823	20180821_093859.tiff	0	324409553	241543937	241730315	186265	659915	298b46f3
20180821_092823	20180821_093900.tiff	0	324409553	289251943	289454161	202105	659915	d1253de7
20180821_092823	20180821_093901.tiff	0	324409553	313739462	313937745	198170	659915	f3e0758e
20180821_092823	20180821_093902.tiff	0	324409553	3052741	3260062	207208	659915	0d29f691
20180821_092823	20180821_093903.tiff	0	324409553	43653473	43910805	257219	659915	c1c87c26
20180821_092823	20180821_093904.tiff	1	324409553	59893624	60089319	195582	659915	9654be78
20180821_092823	20180821_093905.tiff	0	324409553	222476821	222676739	199805	659915	3f27f3c8
20180821_092823	20180821_093906.tiff	0	324409553	253312631	253518590	205846	659915	947f22c3
20180821_092823	20180821_093907.tiff	0	324409553	259352629	259591570	238828	659915	350a2510
20180821_092823	20180821_093908.tiff	0	324409553	47970146	48227227	256968	659915	59fdad5a
20180821_092823	20180821_093909.tiff	0	324409553	233221250	233438421	217058	659915	0321d602
20180821_092823	20180821_093910.tiff	0	324409553	251981307	252245829	264409	659915	2f525b73
20180821_092823	20180821_093911.tiff	0	324409553	261559217	261811842	252512	659915	198d2f1f
20180821_092823	20180821_093912.tiff	1	324409553	61370488	61633273	262672	659915	5c93ab92
20180821_092823	20180821_093913.tiff	0	324409553	220002918	220270170	267139	659915	ebfc0ee0
20180821_092823	20180821_093914.tiff	0	324409553	5467909	5730140	262118	659915	6791fd15
20180821_092823	20180821_093915.tiff	0	324409553	42107856	42361259	253290	659915	15779605
20180821_092823	20180821_093916.tiff	0	324409553	286839794	287092062	252155	659915	ebcbccf2
20180821_092823	20180821_093917.tiff	0	324409553	315188182	315451609	263314	659915	45c54f2d
20180821_092823	20180821_093918.tiff	0	324409553	15909495	16169383	259775	659915	56687a2c
20180821_092823	20180821_093919.tiff	0	324409553	30570731	30829613	258769	659915	c7100a66
20180821_092823	20180821_093920.tiff	1	324409553	293330501	293589454	258840	659915	2ecc87ed
20180821_092823	20180821_093921.tiff	0	324409553	310303264	310562568	259191	659915	532aaa44
20180821_092823	20180821_093922.tiff	0	324409553	22006410	22276765	270242	659915	0a3c94f3
20180821_092823	20180821_093923.tiff	0	324409553	24082592	24347922	265217	659915	67490764
20180821_092823	20180821_093924.tiff	0	324409553	55356572	55621603	264918	659915	a2ac5b88
20180821_092823	20180821_093925.tiff	0	324409553	225863817	226128716	264786	659915	e35a283c
20180821_092823	20180821_093926.tiff	0	324409553	235577686	235849220	271421	659915	b53d5b1a
20180821_092823	20180821_093927.tiff	0	324409553	277888719	278151094	262262	659915	19fe4d94
20180821_092823	20180821_093928.tiff	1	324409553	69464207	69728612	264292	659915	5ea43ede
20180821_092823	20180821_093929.tiff	0	324409553	69728613	69983512	254786	659915	3e2e5a15
20180821_092823	20180821_093930.tiff	0	324409553	239282848	239543480	260519	659915	3b16ce91
20180821_092823	20180821_093931.tiff	0	324409553	274656997	274913640	256530	659915	4e5393d6
20180821_092823	20180821_093932.tiff	0	324409553	51194269	51452703	258321	659915	96d5972d
20180821_092823	20180821_093933.tiff	0	324409553	229551555	229813476	261808	659915	e7e5413d
20180821_092823	20180821_093934.tiff	0	324409553	18449520	18707187	257554	659915	9ca93151
20180821_092823	20180821_093935.tiff	0	324409553	28017284	28282299	264902	659915	1e351d58
20180821_092823	20180821_093936.tiff	1	324409553	296826300	297087678	261265	659915	11aad8c1
20180821_092823	20180821_093937.tiff	0	324409553	306355035	306615060	259912	659915	7267a8f1
20180821_092823	20180821_093938.tiff	0	324409553	8961762	9221691	259816	659915	708bbfa9
20180821_092823	20180821_093939.tiff	0	324409553	37512798	37771222	258311	659915	10e585f1
20180821_092823	20180821_093940.tiff	0	324409553	317509078	317764735	255544	659915	ce7caaa7
20180821_092823	20180821_093941.tiff	0	324409553	285404114	285661801	257574	659915	5050360a
20180821_092823	20180821_093942.tiff	0	324409553	39803750	40060834	256971	659915	b5775380
20180821_092823	20180821_093943.tiff	0	324409553	6877744	7140751	262894	659915	8ecb603a
20180821_092823	20180821_093944.tiff	1	324409553	218821550	219082952	261289	659915	7452ed38
20180821_092823	20180821_093945.tiff	0	324409553	63473988	63726778	252677	659915	86dd3138
20180821_092823	20180821_093946.tiff	0	324409553	262942374	263202378	259891	659915	1af3f34a
20180821_092823	20180821_093947.tiff	0	324409553	249671232	249922932	251587	659915	ca5ba62d
20180821_092823	20180821_093948.tiff	0	324409553	230995144	231252866	257609	659915	430d81e6
20180821_092823	20180821_093949.tiff	0	324409553	50215481	50476180	260586	659915	1bae2f70
20180821_092823	20180821_093950.tiff	0	324409553	257825294	258081630	256223	659915	4d5149e0
20180821_092823	20180821_093951.tiff	0	324409553	255656468	255914448	257867	659915	fb11cc41
20180821_092823	20180821_093952.tiff	1	324409553	223921243	224181794	260438	659915	9e12435e
20180821_092823	20180821_093953.tiff	0	324409553	57502370	57767175	264692	659915	982c5cdb
20180821_092823	20180821_093954.tiff	0	324409553	46091253	46350603	259237	659915	dabb07b2
20180821_092823	20180821_093955.tiff	0	324409553	1550942	1812185	261130	659915	bcdc623c
20180821_092823	20180821_093956.tiff	0	324409553	311538105	311795570	257352	659915	cc973d58
20180821_092823	20180821_093957.tiff	0	324409553	290480468	290733709	253128	659915	52e96f25
20180821_092823	20180821_093958.tiff	0	324409553	32932881	33189444	256450	659915	6ac24516
20180821_092823	20180821_093959.tiff	0	324409553	13580065	13836355	256177	659915	6850a72c
20180821_092823	20180821_094000.tiff	1	324409553	256825595	257077551	251843	659915	9bc074a9
20180821_092823	20180821_094001.tiff	0	324409553	256573856	256825594	251625	659915	b5fc1017
20180821_092823	20180821_094002.tiff	0	324409553	224853758	225112861	258990	659915	f90605ea
20180821_092823	20180821_094003.tiff	0	324409553	56581703	56844876	263060	659915	03b1dd85
20180821_092823	20180821_094004.tiff	0	324409553	46532410	46791300	258777	659915	222922c6
20180821_092823	20180821_094005.tiff	0	324409553	183805	444920	261002	659915	f1653cd6
20180821_092823	20180821_094006.tiff	0	324409553	311278364	311538104	259627	659915	933da043
20180821_092823	20180821_094007.tiff	0	324409553	292069477	292334013	264423	659915	77bbb815
20180821_092823	20180821_094008.tiff	1	324409553	32446882	32710598	263603	659915	ce33de9d
20180821_092823	20180821_094009.tiff	0	324409553	14333821	14593341	259407	659915	127ea73c
20180821_092823	20180821_094010.tiff	0	324409553	316542021	316799844	257710	659915	19166491
20180821_092823	20180821_094011.tiff	0	324409553	286328017	286590699	262569	659915	074fa32c
20180821_092823	20180821_094012.tiff	0	324409553	40733479	40994327	260735	659915	f9c653eb
20180821_092823	20180821_094013.tiff	0	324409553	5955521	6216138	260504	659915	afda516c
20180821_092823	20180821_094014.tiff	0	324409553	219082953	219353838	270772	659915	02f0268f
20180821_092823	20180821_094015.tiff	0	324409553	62091519	62355648	264016	659915	3fafac5a
20180821_092823	20180821_094016.tiff	1	324409553	262677520	262942373	264740	659915	611bc32c
20180821_092823	20180821_094017.tiff	0	324409553	251259316	251522295	262866	659915	6c211460
20180821_092823	20180821_094018.tiff	0	324409553	230505942	230773241	267186	659915	88ee6276
20180821_092823	20180821_094019.tiff	0	324409553	50703772	50971497	267612	659915	36683d62
20180821_092823	20180821_094020.tiff	0	324409553	277404433	277668886	264340	659915	c90a9e70
20180821_092823	20180821_094021.tiff	0	324409553	236074481	236340088	265494	659915	c1a10250
20180821_092823	20180821_094022.tiff	0	324409553	226346302	226615051	268636	659915	7459b72d
20180821_092823	20180821_094023.tiff	0	324409553	54416030	54679857	263714	659915	4270b552
20180821_092823	20180821_094024.tiff	1	324409553	25023921	25289520	265486	659915	0dd53f28
20180821_092823	20180821_094025.tiff	0	324409553	21734293	22006409	272003	659915	e060a1d4
20180821_092823	20180821_094026.tiff	0	324409553	309590269	309859064	268682	659915	99fbadee
20180821_092823	20180821_094027.tiff	0	324409553	294033974	294302790	268703	659915	8fa89345
20180821_092823	20180821_094028.tiff	0	324409553	34770985	35048689	277591	659915	81c325cb
20180821_092823	20180821_094029.tiff	0	324409553	10599429	10886158	286616	659915	e89b0442
20180821_092823	20180821_094030.tiff	0	324409553	308215244	308492397	277040	659915	fdbff6ef
20180821_092823	20180821_094031.tiff	0	324409553	294956038	295208879	252728	659915	e6b5cb8f
20180821_092823	20180821_094032.tiff	1	324409553	25938425	26168989	230451	659915	825380a2
20180821_092823	20180821_094033.tiff	0	324409553	20148106	20396378	248159	659915	275676bd
20180821_092823	20180821_094034.tiff	0	324409553	227711771	227949527	237643	659915	6226a039
20180821_092823	20180821_094035.tiff	0	324409553	53298779	53534705	235813	659915	2983ea31
20180821_092823	20180821_094036.tiff	0	324409553	276306065	276539612	233434	659915	e6e06b9f
20180821_092823	20180821_094037.tiff	0	324409553	237208166	237443632	235353	659915	5a8a40ab
20180821_092823	20180821_094038.tiff	0	324409553	215168354	215399635	231168	659915	5cafa303
20180821_092823	20180821_094039.tiff	0	324409553	65790828	66017263	226322	659915	31182df3
20180821_092823	20180821_094040.tiff	1	324409553	252892818	253121768	228837	659915	e722fa75
20180821_092823	20180821_094041.tiff	0	324409553	260685685	260911162	225364	659915	434a753f
20180821_092823	20180821_094042.tiff	0	324409553	60510075	60732373	222185	659915	5994bcdb
20180821_092823	20180821_094043.tiff	0	324409553	221148908	221371633	222612	659915	0f30ed29
20180821_092823	20180821_094044.tiff	0	324409553	4151836	4366579	214630	659915	e6609a9c
20180821_092823	20180821_094045.tiff	0	324409553	42804632	43016452	211707	659915	28ed78ee
20180821_092823	20180821_094046.tiff	0	324409553	288404019	288615470	211338	659915	5a2e4523
20180821_092823	20180821_094047.tiff	0	324409553	314796750	314996105	199242	659915	0fd77072
20180821_092823	20180821_094048.tiff	1	324409553	16393882	16598766	204771	659915	7ff5a94f
20180821_092823	20180821_094049.tiff	0	324409553	29919447	30118481	198921	659915	aa0163d4
20180821_092823	20180821_094050.tiff	0	324409553	290086597	290279738	193028	659915	dc9ef2ab
20180821_092823	20180821_094051.tiff	0	324409553	312902012	313093173	191048	659915	88953a79
20180821_092823	20180821_094052.tiff	0	324409553	2229297	2422402	192992	659915	539496b8
20180821_092823	20180821_094053.tiff	0	324409553	44787364	44981325	193848	659915	c9b73f8b
20180821_092823	20180821_094054.tiff	0	324409553	58409948	58606027	195966	659915	f894a4b7
20180821_092823	20180821_094055.tiff	0	324409553	222872040	223063867	191714	659915	7839d4c6
20180821_092823	20180821_094056.tiff	1	324409553	254605806	254797860	191941	659915	e911760c
20180821_092823	20180821_094057.tiff	0	324409553	258749452	258945503	195938	659915	68206d6f
20180821_092823	20180821_094058.tiff	0	324409553	48889554	49083085	193418	659915	a810728a
20180821_092823	20180821_094059.tiff	0	324409553	233030729	233221249	190407	659915	2ce2041d
20180821_092823	20180821_094100.tiff	0	324409553	42361260	42554114	192741	659915	d9e54ede
20180821_092823	20180821_094101.tiff	0	324409553	3712069	3906603	194421	659915	4a4bcbb1
20180821_092823	20180821_094102.tiff	0	324409553	314996106	315188181	191962	659915	67bb2423
20180821_092823	20180821_094103.tiff	0	324409553	288615471	288804215	188631	659915	3d52dfb8
20180821_092823	20180821_094104.tiff	1	324409553	260911163	261103052	191776	659915	be2aded2
20180821_092823	20180821_094105.tiff	0	324409553	253121769	253312630	190748	659915	6a9613c1
20180821_092823	20180821_094106.tiff	0	324409553	220955925	221148907	192869	659915	00a38abe
20180821_092823	20180821_094107.tiff	0	324409553	60316666	60510074	193295	659915	c05cef3b
20180821_092823	20180821_094108.tiff	0	324409553	272908034	273098548	190401	659915	d56bd22f
20180821_092823	20180821_094109.tiff	0	324409553	241125025	241320274	195136	659915	c2c8c7b5
20180821_092823	20180821_094110.tiff	0	324409553	222676740	222872039	195186	659915	f525eac8
20180821_092823	20180821_094111.tiff	0	324409553	58217914	58409947	191920	659915	01ff82b1
20180821_092823	20180821_094112.tiff	1	324409553	259164336	259352628	188179	659915	cdc42c4b
20180821_092823	20180821_094113.tiff	0	324409553	255017280	255207454	190061	659915	a124a927
20180821_092823	20180821_094114.tiff	0	324409553	313093174	313287248	193961	659915	8ebe193d
20180821_092823	20180821_094115.tiff	0	324409553	290279739	290480467	200615	659915	27705150
20180821_092823	20180821_094116.tiff	0	324409553	44591726	44787363	195524	659915	17d01c5b
20180821_092823	20180821_094117.tiff	0	324409553	2034924	2229296	194259	659915	39fa8c9f
20180821_092823	20180821_094118.tiff	0	324409553	303556634	303787083	230336	659915	5e203d2c
20180821_092823	20180821_094119.tiff	0	324409553	299866793	300124179	257273	659915	f41f4d75
20180821_092823	20180821_094120.tiff	1	324409553	27534137	27791046	256796	659915	15c69e95
20180821_092823	20180821_094121.tiff	0	324409553	19217996	19489667	271558	659915	0fbc70b6
20180821_092823	20180821_094122.tiff	0	324409553	306840674	307116644	275857	659915	fb26939a
20180821_092823	20180821_094123.tiff	0	324409553	295869094	296153537	284330	659915	9e5994ca
20180821_092823	20180821_094124.tiff	0	324409553	275151959	275423351	271279	659915	742db7d2
20180821_092823	20180821_094125.tiff	0	324409553	238573358	238842526	269055	659915	f5133261
20180821_092823	20180821_094126.tiff	0	324409553	229294221	229551554	257220	659915	f02b4c25
20180821_092823	20180821_094127.tiff	0	324409553	52380516	52636984	256355	659915	5633cc89
20180821_092823	20180821_094128.tiff	1	324409553	264320643	264561795	241039	659915	5e91d6d8
20180821_092823	20180821_094129.tiff	0	324409553	248040977	248287661	246571	659915	d58aac86
20180821_092823	20180821_094130.tiff	0	324409553	225372636	225639493	266744	659915	0e2be886
20180821_092823	20180821_094131.tiff	0	324409553	56097324	56356765	259328	659915	0bde59e3
20180821_092823	20180821_094132.tiff	0	324409553	278391277	278661744	270354	659915	086afb4c
20180821_092823	20180821_094133.tiff	0	324409553	234647688	234920420	272619	659915	ad9408b0
20180821_092823	20180821_094134.tiff	0	324409553	310562569	310838036	275354	659915	4e54acbf
20180821_092823	20180821_094135.tiff	0	324409553	292334014	292623665	289538	659915	7ab3f00f
20180821_092823	20180821_094136.tiff	1	324409553	23594298	23861106	266695	659915	72e3cf20
20180821_092823	20180821_094137.tiff	0	324409553	22943962	23143884	199809	659915	462be288
20180821_092823	20180821_094138.tiff	0	324409553	323200123	323390024	189788	659915	0c3b5061
20180821_092823	20180821_094139.tiff	0	324409553	279531883	279723178	191182	659915	925061b9
20180821_092823	20180821_094140.tiff	0	324409553	78	183804	183613	659915	257e9866
20180821_092823	20180821_094141.tiff	0	324409553	46350604	46532409	181692	659915	736dd396
20180821_155204	20180821_155204.tiff	1	453347875	7696850	7958832	261869	659915	5b86d223
20180821_155204	20180821_155205.tiff	0	453347875	160629889	160904417	274415	659915	ea8745c4
20180821_155204	20180821_155206.tiff	0	453347875	310883515	311163089	279461	659915	a2437158
20180821_155204	20180821_155207.tiff	0	453347875	449649336	449909191	259742	659915	ac8bcabf
20180821_155204	20180821_155208.tiff	0	453347875	142177830	142457024	279081	659915	e2d42408
20180821_155204	20180821_155209.tiff	0	453347875	149314855	149573444	258476	659915	e87e7f58
20180821_155204	20180821_155210.tiff	0	453347875	309686131	309950737	264493	659915	75a47850
20180821_155204	20180821_155211.tiff	0	453347875	451102864	451353383	250406	659915	61c06bda
20180821_155204	20180821_155212.tiff	1	453347875	9345770	9598262	252379	659915	9f3d48eb
20180821_155204	20180821_155213.tiff	0	453347875	159019725	159267146	247308	659915	ad36f076
20180821_155204	20180821_155214.tiff	0	453347875	189369987	189626536	256436	659915	0d840d2e
20180821_155204	20180821_155215.tiff	0	453347875	194396252	194671474	275109	659915	b780976a
20180821_155204	20180821_155216.tiff	0	453347875	275233005	275515303	282185	659915	643603c4
20180821_155204	20180821_155217.tiff	0	453347875	294133062	294415232	282057	659915	54699796
20180821_155204	20180821_155218.tiff	0	453347875	178017255	178218585	201217	659915	ad34a008
20180821_155204	20180821_155219.tiff	0	453347875	205638325	205833771	195333	659915	5b67554f
20180821_155204	20180821_155220.tiff	1	453347875	221213303	221406965	193549	659915	b28a341f
20180821_155204	20180821_155221.tiff	0	453347875	300636591	300834834	198130	659915	467aca77
20180821_155204	20180821_155222.tiff	0	453347875	174109724	174310928	201091	659915	4fbc5579
20180821_155204	20180821_155223.tiff	0	453347875	210502796	210773739	270830	659915	c7b42232
20180821_155204	20180821_155224.tiff	0	453347875	139904708	140121377	216556	659915	3db043ff
20180821_155204	20180821_155225.tiff	0	453347875	152340187	152544366	204066	659915	c3c8645d
20180821_155204	20180821_155226.tiff	0	453347875	324774213	324977592	203266	659915	7cb37715
20180821_155204	20180821_155227.tiff	0	453347875	435093892	435297117	203112	659915	377050a8
20180821_155204	20180821_155228.tiff	1	453347875	4926781	5132931	206037	659915	6c518a97
20180821_155204	20180821_155229.tiff	0	453347875	164421031	164623646	202502	659915	7c96b6ba
20180821_155204	20180821_155230.tiff	0	453347875	429543993	429749139	205033	659915	6e2c3378
20180821_155204	20180821_155231.tiff	0	453347875	431338254	431542426	204059	659915	8f112b3a
20180821_155204	20180821_155232.tiff	0	453347875	136244523	136448418	203782	659915	af88cf3e
20180821_155204	20180821_155233.tiff	0	453347875	156219034	156425371	206224	659915	64d2dc8e
20180821_155204	20180821_155234.tiff	0	453347875	170245012	170454477	209352	659915	6593a4a3
20180821_155204	20180821_155235.tiff	0	453347875	214246355	214455854	209386	659915	428acb80
20180821_155204	20180821_155236.tiff	1	453347875	271510440	271719640	209087	659915	eb1ad160
20180821_155204	20180821_155237.tiff	0	453347875	296973025	297178240	205102	659915	4553c35c
20180821_155204	20180821_155238.tiff	0	453347875	180750100	180958731	208518	659915	a4f92f1e
20180821_155204	20180821_155239.tiff	0	453347875	203796248	204055912	259551	659915	b5d76d02
20180821_155204	20180821_155240.tiff	0	453347875	295386022	295595423	209288	659915	5a3650f0
20180821_155204	20180821_155241.tiff	0	453347875	273600461	273805091	204517	659915	1463a483
20180821_155204	20180821_155242.tiff	0	453347875	192371323	192576998	205562	659915	bb99c3dc
20180821_155204	20180821_155243.tiff	0	453347875	190547198	190754283	206972	659915	a8ce88db
20180821_155204	20180821_155244.tiff	1	453347875	157371875	157582149	210161	659915	bcaf59fc
20180821_155204	20180821_155245.tiff	0	453347875	133874087	134082465	208265	659915	85d3270b
20180821_155204	20180821_155246.tiff	0	453347875	452066483	452298432	231836	659915	2fbf9b3a
20180821_155204	20180821_155247.tiff	0	453347875	308033272	308254209	220824	659915	c8d250d0
20180821_155204	20180821_155248.tiff	0	453347875	146609896	146846775	236766	659915	ddbe270e
20180821_155204	20180821_155249.tiff	0	453347875	145465794	145700463	234556	659915	143187d4
20180821_155204	20180821_155250.tiff	0	453347875	448252881	448501642	248648	659915	e194284f
20180821_155204	20180821_155251.tiff	0	453347875	312554686	312805161	250362	659915	116a7922
20180821_155204	20180821_155252.tiff	1	453347875	162079945	162346707	266649	659915	8c7fd12e
20180821_155204	20180821_155253.tiff	0	453347875	6281823	6537674	255738	659915	d038a4e1
20180821_155204	20180821_155254.tiff	0	453347875	197285647	197543513	257753	659915	2df4a686
20180821_155204	20180821_155255.tiff	0	453347875	186482539	186733307	250655	659915	11ff659e
20180821_155204	20180821_155256.tiff	0	453347875	291498524	291751980	253343	659915	b63a2503
20180821_155204	20180821_155257.tiff	0	453347875	278176578	278426421	249730	659915	e24db022
20180821_155204	20180821_155258.tiff	0	453347875	208404451	208654689	250125	659915	e774d124
20180821_155204	20180821_155259.tiff	0	453347875	174768163	175020670	252394	659915	f2ee4e8f
20180821_155204	20180821_155300.tiff	1	453347875	134323354	134576463	252996	659915	35de060a
20180821_155204	20180821_155301.tiff	0	453347875	157820429	158070548	250006	659915	8916b54e
20180821_155204	20180821_155302.tiff	0	453347875	307537207	307796861	259541	659915	38f9b2e3
20180821_155204	20180821_155303.tiff	0	453347875	451576888	451826345	249344	659915	f357aaa7
20180821_155204	20180821_155304.tiff	0	453347875	273106317	273360316	253886	659915	4fc45b10
20180821_155204	20180821_155305.tiff	0	453347875	294896414	295147462	250935	659915	cc1f8dbe
20180821_155204	20180821_155306.tiff	0	453347875	191227614	191477173	249446	659915	1ad705e8
20180821_155204	20180821_155307.tiff	0	453347875	193043788	193289467	245566	659915	4daea156
20180821_155204	20180821_155308.tiff	1	453347875	215625800	215869795	243882	659915	92c09c5e
20180821_155204	20180821_155309.tiff	0	453347875	306339524	306585861	246224	659915	77296a67
20180821_155204	20180821_155310.tiff	0	453347875	186971402	187217915	246400	659915	2dca421d
20180821_155204	20180821_155311.tiff	0	453347875	197783366	198029503	246024	659915	59bf9eeb
20180821_155204	20180821_155312.tiff	0	453347875	277462799	277705823	242911	659915	a0a69d1f
20180821_155204	20180821_155313.tiff	0	453347875	290790670	291033478	242695	659915	be87a959
20180821_155204	20180821_155314.tiff	0	453347875	312087251	312332072	244708	659915	c7584b8c
20180821_155204	20180821_155315.tiff	0	453347875	447779809	448023157	243235	659915	096b23af
20180821_155204	20180821_155316.tiff	1	453347875	6990972	7233856	242771	659915	34fd9bc4
20180821_155204	20180821_155317.tiff	0	453347875	162784533	163027291	242645	659915	f9e8b581
20180821_155204	20180821_155318.tiff	0	453347875	323406686	323651727	244928	659915	93f93e52
20180821_155204	20180821_155319.tiff	0	453347875	436231038	436473006	241855	659915	941308f3
20180821_155204	20180821_155320.tiff	0	453347875	137109384	137354977	245480	659915	23722d0f
20180821_155204	20180821_155321.tiff	0	453347875	154603088	154843348	240147	659915	747bda16
20180821_155204	20180821_155322.tiff	0	453347875	428571653	428812633	240867	659915	18bbd178
20180821_155204	20180821_155323.tiff	0	453347875	432995271	433237843	242459	659915	5a2fe61a
20180821_155204	20180821_155324.tiff	1	453347875	223979290	224217344	237941	659915	066f127c
20180821_155204	20180821_155325.tiff	0	453347875	298310763	298549931	239055	659915	1913a6b8
20180821_155204	20180821_155326.tiff	0	453347875	171153588	171390074	236373	659915	d4b82f78
20180821_155204	20180821_155327.tiff	0	453347875	212626060	212865978	239805	659915	aa384377
20180821_155204	20180821_155328.tiff	0	453347875	282799466	283038079	238500	659915	47909aa7
20180821_155204	20180821_155329.tiff	0	453347875	286306738	286547009	240158	659915	6c01a190
20180821_155204	20180821_155330.tiff	0	453347875	172456607	172693087	236367	659915	9b5d002a
20180821_155204	20180821_155331.tiff	0	453347875	211498172	211733811	235526	659915	adef0282
20180821_155204	20180821_155332.tiff	1	453347875	222806500	223045090	238477	659915	6f161b92
20180821_155204	20180821_155333.tiff	0	453347875	299704801	299943407	238493	659915	2fb92246
20180821_155204	20180821_155334.tiff	0	453347875	326162455	326408275	245707	659915	6a14d70c
20180821_155204	20180821_155335.tiff	0	453347875	434136719	434376197	239365	659915	a022411c
20180821_155204	20180821_155336.tiff	0	453347875	138526755	138767625	240757	659915	51a6be7e
20180821_155204	20180821_155337.tiff	0	453347875	153397507	153635506	237886	659915	8d9e526a
20180821_155204	20180821_155338.tiff	0	453347875	315367068	315603872	236691	659915	82122625
20180821_155204	20180821_155339.tiff	0	453347875	444780375	445017259	236771	659915	f5eac72c
20180821_155204	20180821_155340.tiff	1	453347875	161143485	161382642	239044	659915	29a6876a
20180821_155204	20180821_155341.tiff	0	453347875	8198436	8435402	236853	659915	3260bdba
20180821_155204	20180821_155342.tiff	0	453347875	448938024	449178161	240024	659915	2b2a3937
20180821_155204	20180821_155343.tiff	0	453347875	310174903	310412579	237563	659915	3e759bb5
20180821_155204	20180821_155344.tiff	0	453347875	292238691	292475589	236785	659915	9618e5b3
20180821_155204	20180821_155345.tiff	0	453347875	276017129	276257635	240393	659915	0a013666
20180821_155204	20180821_155346.tiff	0	453347875	195865767	196103732	237852	659915	e0732e18
20180821_155204	20180821_155347.tiff	0	453347875	187693229	187934646	241304	659915	513afaa4
20180821_155204	20180821_155348.tiff	1	453347875	303397646	303636794	239035	659915	26f2a408
20180821_155204	20180821_155349.tiff	0	453347875	219136250	219378240	241877	659915	59be078a
20180821_155204	20180821_155350.tiff	0	453347875	194912106	195150832	238613	659915	06aa2a38
20180821_155204	20180821_155351.tiff	0	453347875	189865553	190107829	242163	659915	bf799db4
20180821_155204	20180821_155352.tiff	0	453347875	293417461	293658050	240476	659915	6016cb18
20180821_155204	20180821_155353.tiff	0	453347875	274501165	274739615	238337	659915	a6d6f6ce
20180821_155204	20180821_155354.tiff	0	453347875	450618769	450857300	238418	659915	5bc0a3e8
20180821_155204	20180821_155355.tiff	0	453347875	309202172	309441290	239005	659915	fa1852ce
20180821_155204	20180821_155356.tiff	1	453347875	159960961	160197087	236013	659915	c91cb536
20180821_155204	20180821_155357.tiff	0	453347875	10306014	10544773	238646	659915	50ba7a68
20180821_155204	20180821_155358.tiff	0	453347875	438974695	439214699	239891	659915	d2f582be
20180821_155204	20180821_155359.tiff	0	453347875	319950074	320190929	240742	659915	1cc4b561
20180821_155204	20180821_155400.tiff	0	453347875	317647475	317886625	239037	659915	a4ce11d6
20180821_155204	20180821_155401.tiff	0	453347875	442248819	442486550	237618	659915	79e2f971
20180821_155204	20180821_155402.tiff	0	453347875	973184	1208706	235409	659915	969d3b19
20180821_155204	20180821_155403.tiff	0	453347875	168552467	168792359	239779	659915	5763eeb6
20180821_155204	20180821_155404.tiff	1	453347875	181660556	181896870	236201	659915	15321359
20180821_155204	20180821_155405.tiff	0	453347875	203314637	203551901	237151	659915	2796a138
20180821_155204	20180821_155406.tiff	0	453347875	283038080	283273818	235625	659915	e6461590
20180821_155204	20180821_155407.tiff	0	453347875	284716531	284956634	239990	659915	af51447c
20180821_155204	20180821_155408.tiff	0	453347875	169763752	169999150	235285	659915	6239fa9b
20180821_155204	20180821_155409.tiff	0	453347875	214957492	215199098	241493	659915	de961f86
20180821_155204	20180821_155410.tiff	0	453347875	278687180	278926354	239061	659915	b1e6b5ae
20180821_155204	20180821_155411.tiff	0	453347875	289833861	290091699	257725	659915	51fb9cc3
20180821_155204	20180821_155412.tiff	1	453347875	185790821	185997459	206525	659915	45952115
20180821_155204	20180821_155413.tiff	0	453347875	198725586	198927984	202285	659915	04f8040d
20180821_155204	20180821_155414.tiff	0	453347875	5852806	6060350	207431	659915	ce8c6512
20180821_155204	20180821_155415.tiff	0	453347875	163976162	164181957	205682	659915	2a4e646a
20180821_155204	20180821_155416.tiff	0	453347875	313034514	313241148	206521	659915	0fab70c1
20180821_155204	20180821_155417.tiff	0	453347875	446621443	446829246	207690	659915	6584012b
20180821_155204	20180821_155418.tiff	0	453347875	139228553	139434769	206103	659915	94cdda5b
20180821_155204	20180821_155419.tiff	0	453347875	152773816	152976195	202266	659915	0b35b65c
20180821_155204	20180821_155420.tiff	1	453347875	321568372	321777418	208933	659915	d5673ea7
20180821_155204	20180821_155421.tiff	0	453347875	438770310	438974694	204271	659915	8a0d000d
20180821_155204	20180821_155422.tiff	0	453347875	143188650	143396303	207540	659915	295312f2
20180821_155204	20180821_155423.tiff	0	453347875	148615881	148821189	205195	659915	f81c96f6
20180821_155204	20180821_155424.tiff	0	453347875	177340659	177546358	205586	659915	e6bc2d33
20180821_155204	20180821_155425.tiff	0	453347875	206753378	206957093	203602	659915	f02fe426
20180821_155204	20180821_155426.tiff	0	453347875	217989235	218192825	203477	659915	409f1793
20180821_155204	20180821_155427.tiff	0	453347875	304121325	304329852	208414	659915	1ecdf9c2
20180821_155204	20180821_155428.tiff	1	453347875	190341841	190547197	205243	659915	5d4932af
20180821_155204	20180821_155429.tiff	0	453347875	193950559	194156281	205609	659915	2e18e1cb
20180821_155204	20180821_155430.tiff	0	453347875	219863067	220068075	204895	659915	b41df488
20180821_155204	20180821_155431.tiff	0	453347875	302465831	302675183	209239	659915	b6f7077f
20180821_155204	20180821_155432.tiff	0	453347875	175925681	176132579	206785	659915	e6227479
20180821_155204	20180821_155433.tiff	0	453347875	207947824	208156931	208994	659915	6810aa72
20180821_155204	20180821_155434.tiff	0	453347875	141485966	141692349	206270	659915	6e5ab106
20180821_155204	20180821_155435.tiff	0	453347875	150285789	150491718	205816	659915	71893a54
20180821_155204	20180821_155436.tiff	1	453347875	322968518	323173941	205310	659915	d1e8dbf0
20180821_155204	20180821_155437.tiff	0	453347875	437614264	437822965	208588	659915	80ad68ca
20180821_155204	20180821_155438.tiff	0	453347875	8673884	8882017	208020	659915	9732c4ae
20180821_155204	20180821_155439.tiff	0	453347875	160197088	160402001	204800	659915	8554952b
20180821_155204	20180821_155440.tiff	0	453347875	445471012	445675823	204698	659915	e1663868
20180821_155204	20180821_155441.tiff	0	453347875	314445595	314650915	205207	659915	287c8521
20180821_155204	20180821_155442.tiff	0	453347875	165330331	165536149	205705	659915	14ffe5bf
20180821_155204	20180821_155443.tiff	0	453347875	4222464	4428083	205506	659915	40f2eb3f
20180821_155204	20180821_155444.tiff	1	453347875	200136283	200341986	205590	659915	646a6578
20180821_155204	20180821_155445.tiff	0	453347875	184652766	184856401	203522	659915	56e6dc64
20180821_155204	20180821_155446.tiff	0	453347875	287951198	288157736	206425	659915	4745a8c6
20180821_155204	20180821_155447.tiff	0	453347875	279875052	280083664	208499	659915	3141026c
20180821_155204	20180821_155448.tiff	0	453347875	212419447	212626059	206499	659915	c615cef5
20180821_155204	20180821_155449.tiff	0	453347875	172249151	172456606	207342	659915	9017b11f
20180821_155204	20180821_155450.tiff	0	453347875	286811375	287019131	207643	659915	f7773b98
20180821_155204	20180821_155451.tiff	0	453347875	281700094	281904545	204338	659915	a70a38aa
20180821_155204	20180821_155452.tiff	1	453347875	201703449	201914305	210743	659915	295c9b4b
20180821_155204	20180821_155453.tiff	0	453347875	183049804	183259504	209587	659915	54d7a00b
20180821_155204	20180821_155454.tiff	0	453347875	166967369	167175928	208446	659915	6bc444b5
20180821_155204	20180821_155455.tiff	0	453347875	2865514	3075031	209404	659915	d51f47e3
20180821_155204	20180821_155456.tiff	0	453347875	443601179	443810300	209008	659915	ebc9c0b0
20180821_155204	20180821_155457.tiff	0	453347875	316032066	316240709	208530	659915	03a830d9
20180821_155204	20180821_155458.tiff	0	453347875	155295794	155505243	209336	659915	abcaf287
20180821_155204	20180821_155459.tiff	0	453347875	136681622	136896683	214948	659915	1a3c79d5
20180821_155204	20180821_155500.tiff	1	453347875	184180680	184389446	208653	659915	db8eb075
20180821_155204	20180821_155501.tiff	0	453347875	199418496	199627192	208583	659915	61175a57
20180821_155204	20180821_155502.tiff	0	453347875	280802916	281012654	209625	659915	d7077105
20180821_155204	20180821_155503.tiff	0	453347875	288885176	289093912	208623	659915	ac0baf7b
20180821_155204	20180821_155504.tiff	0	453347875	314650916	314860673	209644	659915	d1b6ac98
20180821_155204	20180821_155505.tiff	0	453347875	445675824	445883571	207634	659915	b6a7afe2
20180821_155204	20180821_155506.tiff	0	453347875	3769355	3982127	212659	659915	7caa8986
20180821_155204	20180821_155507.tiff	0	453347875	164886137	165092968	206718	659915	7bd3a206
20180821_155204	20180821_155508.tiff	1	453347875	326830175	327039863	209575	659915	7d8fb105
20180821_155204	20180821_155509.tiff	0	453347875	433696491	433903934	207330	659915	5d0df8d2
20180821_155204	20180821_155510.tiff	0	453347875	2138670	2350890	212107	659915	465da491
20180821_155204	20180821_155511.tiff	0	453347875	166231721	166442946	211112	659915	7915adf8
20180821_155204	20180821_155512.tiff	0	453347875	316759377	316968024	208534	659915	2b34b81b
20180821_155204	20180821_155513.tiff	0	453347875	444334890	444543230	208227	659915	bccd1aa4
20180821_155204	20180821_155514.tiff	0	453347875	281904546	282111510	206851	659915	add8eb4d
20180821_155204	20180821_155515.tiff	0	453347875	287019132	287262220	242975	659915	a76e2572
20180821_155204	20180821_155516.tiff	1	453347875	182823405	183049803	226285	659915	da808fbe
20180821_155204	20180821_155517.tiff	0	453347875	201495427	201703448	207908	659915	017c5770
20180821_155204	20180821_155518.tiff	0	453347875	224426349	224633121	206659	659915	5b1efc09
20180821_155204	20180821_155519.tiff	0	453347875	297633466	297843488	209909	659915	61e0afc4
20180821_155204	20180821_155520.tiff	0	453347875	174562675	174768162	205374	659915	31b1016b
20180821_155204	20180821_155521.tiff	0	453347875	209819187	210024078	204778	659915	ff52ceb0
20180821_155204	20180821_155522.tiff	0	453347875	220754297	220959020	204610	659915	65ff5849
20180821_155204	20180821_155523.tiff	0	453347875	301073611	301278813	205089	659915	a474b809
20180821_155204	20180821_155524.tiff	1	453347875	324319345	324525155	205697	659915	a4f8765c
20180821_155204	20180821_155525.tiff	0	453347875	435538740	435748595	209742	659915	b17eada7
20180821_155204	20180821_155526.tiff	0	453347875	140363534	140569637	205990	659915	0e633a9e
20180821_155204	20180821_155527.tiff	0	453347875	151658959	151867172	208100	659915	d342af6d
20180821_155204	20180821_155528.tiff	0	453347875	311634803	311844381	209465	659915	5ec435a5
20180821_155204	20180821_155529.tiff	0	453347875	448733057	448938023	204853	659915	8c9ffa0a
20180821_155204	20180821_155530.tiff	0	453347875	144785948	144992745	206684	659915	caa0b0ce
20180821_155204	20180821_155531.tiff	0	453347875	147524639	147734329	209577	659915	d35185e8
20180821_155204	20180821_155532.tiff	1	453347875	319496819	319706478	209546	659915	33ecc9e7
20180821_155204	20180821_155533.tiff	0	453347875	440384493	440592928	208322	659915	1d118d75
20180821_155204	20180821_155534.tiff	0	453347875	216337728	216547291	209450	659915	28aabe40
20180821_155204	20180821_155535.tiff	0	453347875	305459104	305670360	211143	659915	5ae22a73
20180821_155204	20180821_155536.tiff	0	453347875	179635161	179843911	208637	659915	a20ad708
20180821_155204	20180821_155537.tiff	0	453347875	205197223	205404285	206949	659915	484b7f61
20180821_155204	20180821_155538.tiff	0	453347875	272665900	272875236	209223	659915	b5f7b617
20180821_155204	20180821_155539.tiff	0	453347875	295826568	296035224	208543	659915	fb272970
20180821_155204	20180821_155540.tiff	1	453347875	202612180	202823091	210798	659915	092d0ab9
20180821_155204	20180821_155541.tiff	0	453347875	180958732	181170976	212131	659915	d8da6724
20180821_155204	20180821_155542.tiff	0	453347875	285666361	285876685	210211	659915	9ebd135b
20180821_155204	20180821_155543.tiff	0	453347875	284017233	284227668	210322	659915	67c1fded
20180821_155204	20180821_155544.tiff	0	453347875	442486551	442695575	208911	659915	30bced4a
20180821_155204	20180821_155545.tiff	0	453347875	317886626	318103093	216354	659915	9c466fce
20180821_155204	20180821_155546.tiff	0	453347875	168109574	168321647	211960	659915	2da18f39
20180821_155204	20180821_155547.tiff	0	453347875	497520	716054	218421	659915	1413714d
20180821_155204	20180821_155548.tiff	1	453347875	431120203	431338253	217937	659915	ce89c19b
20180821_155204	20180821_155549.tiff	0	453347875	430441855	430662812	220844	659915	fe6bcf08
20180821_155204	20180821_155550.tiff	0	453347875	163260267	163482103	221723	659915	83a29f0a
20180821_155204	20180821_155551.tiff	0	453347875	5132932	5356067	223022	659915	e8e15201
20180821_155204	20180821_155552.tiff	0	453347875	447319176	447542458	223169	659915	6a644fba
20180821_155204	20180821_155553.tiff	0	453347875	313730949	313945468	214406	659915	415f9924
20180821_155204	20180821_155554.tiff	0	453347875	290091700	290309710	217897	659915	ac7b6342
20180821_155204	20180821_155555.tiff	0	453347875	278926355	279149757	223289	659915	92daa778
20180821_155204	20180821_155556.tiff	1	453347875	198503229	198725585	222243	659915	d3cb049f
20180821_155204	20180821_155557.tiff	0	453347875	185567489	185790820	223218	659915	87e186e1
20180821_155204	20180821_155558.tiff	0	453347875	300181035	300402732	221584	659915	a03dece5
20180821_155204	20180821_155559.tiff	0	453347875	221884609	222102781	218059	659915	ca7a5816
20180821_155204	20180821_155600.tiff	0	453347875	448023158	448252880	229609	659915	2bd302fc
20180821_155204	20180821_155601.tiff	0	453347875	312332073	312554685	222499	659915	00e9fe6c
20180821_155204	20180821_155602.tiff	0	453347875	161855018	162079944	224813	659915	d1c0232a
20180821_155204	20180821_155603.tiff	0	453347875	6060351	6281822	221358	659915	65fcf5bd
20180821_155204	20180821_155604.tiff	1	453347875	197060667	197285646	224866	659915	dc2389de
20180821_155204	20180821_155605.tiff	0	453347875	186249804	186482538	232621	659915	d582f623
20180821_155204	20180821_155606.tiff	0	453347875	291033479	291260328	226736	659915	6d85f089
20180821_155204	20180821_155607.tiff	0	453347875	277705824	277938162	232225	659915	9692e950
20180821_155204	20180821_155608.tiff	0	453347875	208892953	209121194	228128	659915	6b09bc97
20180821_155204	20180821_155609.tiff	0	453347875	175257582	175488066	230371	659915	b497665b
20180821_155204	20180821_155610.tiff	0	453347875	295595424	295826567	231030	659915	7bb713a3
20180821_155204	20180821_155611.tiff	0	453347875	273805092	274036349	231144	659915	61079b79
20180821_155204	20180821_155612.tiff	1	453347875	192576999	192807772	230660	659915	5139ca34
20180821_155204	20180821_155613.tiff	0	453347875	190754284	190991526	237129	659915	1e6dbe8f
20180821_155204	20180821_155614.tiff	0	453347875	157582150	157820428	238165	659915	49c3f45e
20180821_155204	20180821_155615.tiff	0	453347875	134082466	134323353	240774	659915	17a7b816
20180821_155204	20180821_155616.tiff	0	453347875	452536333	452769389	232943	659915	5739d033
20180821_155204	20180821_155617.tiff	0	453347875	308494490	308736915	242312	659915	6bd14af1
20180821_155204	20180821_155618.tiff	0	453347875	146136077	146375550	239360	659915	5e5f4c92
20180821_155204	20180821_155619.tiff	0	453347875	144992746	145228905	236046	659915	b6749308
20180821_155204	20180821_155620.tiff	1	453347875	433903935	434136718	232670	659915	ebc65031
20180821_155204	20180821_155621.tiff	0	453347875	325927844	326162454	234497	659915	39b64b7f
20180821_155204	20180821_155622.tiff	0	453347875	153635507	153868665	233045	659915	e37bfa9d
20180821_155204	20180821_155623.tiff	0	453347875	138767626	139001223	233484	659915	3b0deb31
20180821_155204	20180821_155624.tiff	0	453347875	211733812	211965950	232025	659915	0e94d0c8
20180821_155204	20180821_155625.tiff	0	453347875	172693088	172930950	237749	659915	a35f40eb
20180821_155204	20180821_155626.tiff	0	453347875	299235882	299467942	231947	659915	e99e2df7
20180821_155204	20180821_155627.tiff	0	453347875	222335001	222571042	235928	659915	ba2c813d
20180821_155204	20180821_155628.tiff	1	453347875	200769919	201001982	231950	659915	86fcb506
20180821_155204	20180821_155629.tiff	0	453347875	183948318	184180679	232248	659915	06d18a05
20180821_155204	20180821_155630.tiff	0	453347875	298077600	298310762	233049	659915	f1b86d86
20180821_155204	20180821_155631.tiff	0	453347875	223740880	223979289	238296	659915	abfd97f7
20180821_155204	20180821_155632.tiff	0	453347875	213058623	213293742	235006	659915	b51c14de
20180821_155204	20180821_155633.tiff	0	453347875	171583348	171801414	217953	659915	af1a8d91
20180821_155204	20180821_155634.tiff	0	453347875	154843349	155064582	221120	659915	34d80c32
20180821_155204	20180821_155635.tiff	0	453347875	137354978	137593807	238716	659915	66ea2ca3
20180821_155204	20180821_155636.tiff	1	453347875	432746219	432995270	248938	659915	e73793b5
20180821_155204	20180821_155637.tiff	0	453347875	327276359	327530280	253808	659915	8bbd989c
20180821_155204	20180821_155638.tiff	0	453347875	167368367	167622325	253845	659915	3e3fcc0b
20180821_155204	20180821_155639.tiff	0	453347875	1648158	1893655	245384	659915	9c102577
20180821_155204	20180821_155640.tiff	0	453347875	309441291	309686130	244726	659915	804fc95e
20180821_155204	20180821_155641.tiff	0	453347875	450857301	451102863	245449	659915	016a3842
20180821_155204	20180821_155642.tiff	0	453347875	9106586	9345769	239070	659915	8f87425e
20180821_155204	20180821_155643.tiff	0	453347875	158779358	159019724	240253	659915	9cdb7313
20180821_155204	20180821_155644.tiff	1	453347875	189130914	189369986	238959	659915	9f0ee8fb
20180821_155204	20180821_155645.tiff	0	453347875	194156282	194396251	239856	659915	a4988085
20180821_155204	20180821_155646.tiff	0	453347875	274989190	275233004	243701	659915	1336a58d
20180821_155204	20180821_155647.tiff	0	453347875	293888742	294133061	244206	659915	64db7ec5
20180821_155204	20180821_155648.tiff	0	453347875	178218586	178457218	238519	659915	dc450961
20180821_155204	20180821_155649.tiff	0	453347875	205833772	206072557	238672	659915	54232701
20180821_155204	20180821_155650.tiff	0	453347875	276499361	276740275	240801	659915	a2e10e52
20180821_155204	20180821_155651.tiff	0	453347875	292715995	292954259	238151	659915	aa788e44
20180821_155204	20180821_155652.tiff	1	453347875	187451754	187693228	241361	659915	e11eeb96
20180821_155204	20180821_155653.tiff	0	453347875	195623040	195865766	242613	659915	211ce9d2
20180821_155204	20180821_155654.tiff	0	453347875	7958833	8198435	239489	659915	dd858162
20180821_155204	20180821_155655.tiff	0	453347875	160904418	161143484	238953	659915	4b4219df
20180821_155204	20180821_155656.tiff	0	453347875	311163090	311402317	239114	659915	e21f74e5
20180821_155204	20180821_155657.tiff	0	453347875	449909192	450148755	239450	659915	9b61b37a
20180821_155204	20180821_155658.tiff	0	453347875	141941299	142177829	236417	659915	20fc70d1
20180821_155204	20180821_155659.tiff	0	453347875	149073027	149314854	241714	659915	65b53c1e
20180821_155204	20180821_155700.tiff	1	453347875	194671475	194912105	240517	659915	5a63effc
20180821_155204	20180821_155701.tiff	0	453347875	189626537	189865552	238902	659915	e5ad3cc0
20180821_155204	20180821_155702.tiff	0	453347875	293173843	293417460	243504	659915	a0fbd5aa
20180821_155204	20180821_155703.tiff	0	453347875	274259862	274501164	241189	659915	c1b57bc4
20180821_155204	20180821_155704.tiff	0	453347875	450378216	450618768	240439	659915	5821b9dd
20180821_155204	20180821_155705.tiff	0	453347875	308955764	309202171	246294	659915	da882ac4
20180821_155204	20180821_155706.tiff	0	453347875	159267147	159510021	242761	659915	39ddc29c
20180821_155204	20180821_155707.tiff	0	453347875	9598263	9839041	240665	659915	5cdc4ba4
20180821_155204	20180821_155708.tiff	1	453347875	439642665	439883098	240320	659915	e0f7d64a
20180821_155204	20180821_155709.tiff	0	453347875	320628608	320867748	239027	659915	7c13a677
20180821_155204	20180821_155710.tiff	0	453347875	161382643	161620019	237263	659915	07cd8c9e
20180821_155204	20180821_155711.tiff	0	453347875	8435403	8673883	238367	659915	9d96f144
20180821_155204	20180821_155712.tiff	0	453347875	449178162	449416809	238534	659915	aa410e3d
20180821_155204	20180821_155713.tiff	0	453347875	310412580	310652909	240216	659915	0f23bc1f
20180821_155204	20180821_155714.tiff	0	453347875	292475590	292715994	240291	659915	fa76636c
20180821_155204	20180821_155715.tiff	0	453347875	276257636	276499360	241611	659915	d5107e82
20180821_155204	20180821_155716.tiff	1	453347875	196582422	196823745	241210	659915	243b8643
20180821_155204	20180821_155717.tiff	0	453347875	188419689	188657505	237703	659915	6a25755c
20180821_155204	20180821_155718.tiff	0	453347875	302675184	302918619	243322	659915	8cb0d22d
20180821_155204	20180821_155719.tiff	0	453347875	218417929	218658163	240121	659915	da0432b2
20180821_155204	20180821_155720.tiff	0	453347875	214006129	214246354	240112	659915	25f22969
20180821_155204	20180821_155721.tiff	0	453347875	169999151	170245011	245747	659915	14e77e93
20180821_155204	20180821_155722.tiff	0	453347875	297178241	297416961	238607	659915	c51d4d27
20180821_155204	20180821_155723.tiff	0	453347875	271719641	271960589	240835	659915	62df3b31
20180821_155204	20180821_155724.tiff	1	453347875	431542427	431783303	240763	659915	c87d4057
20180821_155204	20180821_155725.tiff	0	453347875	429749140	429988626	239373	659915	c00a3f4c
20180821_155204	20180821_155726.tiff	0	453347875	155733902	155977345	243330	659915	3f4a5378
20180821_155204	20180821_155727.tiff	0	453347875	135760700	136000172	239359	659915	e7ec086e
20180821_155204	20180821_155728.tiff	0	453347875	441756563	441999800	243124	659915	7d704b39
20180821_155204	20180821_155729.tiff	0	453347875	318594898	318832701	237690	659915	8d159e1e
20180821_155204	20180821_155730.tiff	0	453347875	152101619	152340186	238454	659915	4b466f1e
20180821_155204	20180821_155731.tiff	0	453347875	139666439	139904707	238155	659915	84cbe9b8
20180821_155204	20180821_155732.tiff	1	453347875	435297118	435538739	241508	659915	833d253b
20180821_155204	20180821_155733.tiff	0	453347875	324977593	325216003	238297	659915	1b405cda
20180821_155204	20180821_155734.tiff	0	453347875	300834835	301073610	238662	659915	2b4ba3d4
20180821_155204	20180821_155735.tiff	0	453347875	221406966	221646938	239859	659915	b7cec266
20180821_155204	20180821_155736.tiff	0	453347875	210265105	210502795	237577	659915	a2c438c6
20180821_155204	20180821_155737.tiff	0	453347875	173866802	174109723	242808	659915	e4b7ba3d
20180821_155204	20180821_155738.tiff	0	453347875	289093913	289330134	236108	659915	14a6d8a1
20180821_155204	20180821_155739.tiff	0	453347875	279393005	279635539	242421	659915	15feffe4
20180821_155204	20180821_155740.tiff	1	453347875	186733308	186971401	237980	659915	8484b486
20180821_155204	20180821_155741.tiff	0	453347875	197543514	197783365	239738	659915	2292acaf
20180821_155204	20180821_155742.tiff	0	453347875	277226859	277462798	235826	659915	1e266c93
20180821_155204	20180821_155743.tiff	0	453347875	290550560	290790669	239996	659915	1b3bd824
20180821_155204	20180821_155744.tiff	0	453347875	311844382	312087250	242755	659915	fe106148
20180821_155204	20180821_155745.tiff	0	453347875	447542459	447779808	237236	659915	f6cb6636
20180821_155204	20180821_155746.tiff	0	453347875	6751687	6990971	239171	659915	00bd6e5e
20180821_155204	20180821_155747.tiff	0	453347875	162547310	162784532	237109	659915	81d578fb
20180821_155204	20180821_155748.tiff	1	453347875	323651728	323888809	236968	659915	e0d917c7
20180821_155204	20180821_155749.tiff	0	453347875	436473007	436710044	236924	659915	7d4b1239
20180821_155204	20180821_155750.tiff	0	453347875	134576464	134814137	237560	659915	dadc218e
20180821_155204	20180821_155751.tiff	0	453347875	158070549	158307524	236862	659915	f9b4e869
20180821_155204	20180821_155752.tiff	0	453347875	307796862	308033271	236296	659915	60588b71
20180821_155204	20180821_155753.tiff	0	453347875	451826346	452066482	240023	659915	dd8135aa
20180821_155204	20180821_155754.tiff	0	453347875	273360317	273600460	240030	659915	822ffb5d
20180821_155204	20180821_155755.tiff	0	453347875	295147463	295386021	238445	659915	1118ea04
20180821_155204	20180821_155756.tiff	1	453347875	191477174	191714564	237277	659915	5c8df556
20180821_155204	20180821_155757.tiff	0	453347875	193289468	193530330	240749	659915	f6780596
20180821_155204	20180821_155758.tiff	0	453347875	215386589	215625799	239097	659915	e532f7d4
20180821_155204	20180821_155759.tiff	0	453347875	306103598	306339523	235812	659915	e5d65c43
20180821_155204	20180821_155800.tiff	0	453347875	313493534	313730948	237301	659915	ca5d3b85
20180821_155204	20180821_155801.tiff	0	453347875	447081255	447319175	237807	659915	69d18afd
20180821_155204	20180821_155802.tiff	0	453347875	5356068	5601173	244992	659915	19aaf5ee
20180821_155204	20180821_155803.tiff	0	453347875	163482104	163722149	239932	659915	be489264
20180821_155204	20180821_155804.tiff	1	453347875	185091618	185335992	244261	659915	2d75bf70
20180821_155204	20180821_155805.tiff	0	453347875	198029504	198273876	244259	659915	2873fa3f
20180821_155204	20180821_155806.tiff	0	453347875	279149758	279393004	243133	659915	4b0e5117
20180821_155204	20180821_155807.tiff	0	453347875	290309711	290550559	240735	659915	32000d01
20180821_155204	20180821_155808.tiff	0	453347875	173161556	173405647	243978	659915	e8230c96
20180821_155204	20180821_155809.tiff	0	453347875	211007226	211253859	246520	659915	6a86a740
20180821_155204	20180821_155810.tiff	0	453347875	283762985	284017232	254134	659915	c810fac9
20180821_155204	20180821_155811.tiff	0	453347875	285421685	285666360	244562	659915	090f08bc
20180821_155204	20180821_155812.tiff	1	453347875	181170977	181416280	245190	659915	581f3d11
20180821_155204	20180821_155813.tiff	0	453347875	202823092	203069162	245957	659915	b1aa4b7a
20180821_155204	20180821_155814.tiff	0	453347875	245160	497519	252246	659915	075e2fc8
20180821_155204	20180821_155815.tiff	0	453347875	167860354	168109573	249106	659915	79a9a197
20180821_155204	20180821_155816.tiff	0	453347875	318103094	318352997	249790	659915	c5bf786a
20180821_155204	20180821_155817.tiff	0	453347875	442695576	442944675	248986	659915	5aa0dfad
20180821_155204	20180821_155818.tiff	0	453347875	135277980	135526704	248611	659915	17a4f343
20180821_155204	20180821_155819.tiff	0	453347875	156654529	156902614	247972	659915	1d10b867
20180821_155204	20180821_155820.tiff	1	453347875	322497316	322746514	249085	659915	f8a6a526
20180821_155204	20180821_155821.tiff	0	453347875	437142955	437392194	249126	659915	c2519932
20180821_155204	20180821_155822.tiff	0	453347875	141692350	141941298	248835	659915	0b6babb0
20180821_155204	20180821_155823.tiff	0	453347875	150491719	150741576	249744	659915	f8aeadd9
20180821_155204	20180821_155824.tiff	0	453347875	176132580	176381535	248842	659915	769270d3
20180821_155204	20180821_155825.tiff	0	453347875	208156932	208404450	247405	659915	0be34d76
20180821_155204	20180821_155826.tiff	0	453347875	219614040	219863066	248913	659915	985ba759
20180821_155204	20180821_155827.tiff	0	453347875	302212651	302465830	253066	659915	25011abf
20180821_155204	20180821_155828.tiff	1	453347875	188882448	189130913	248352	659915	0d3bccd9
20180821_155204	20180821_155829.tiff	0	453347875	195372616	195623039	250310	659915	30d95b9f
20180821_155204	20180821_155830.tiff	0	453347875	217735978	217989234	253143	659915	946cf9dc
20180821_155204	20180821_155831.tiff	0	453347875	303868632	304121324	252579	659915	a703abb2
20180821_155204	20180821_155832.tiff	0	453347875	177546359	177793631	247159	659915	10ac48c2
20180821_155204	20180821_155833.tiff	0	453347875	206957094	207206708	249501	659915	9c0acb06
20180821_155204	20180821_155834.tiff	0	453347875	143396304	143647091	250674	659915	647d1e0c
20180821_155204	20180821_155835.tiff	0	453347875	148821190	149073026	251723	659915	947d8b89
20180821_155204	20180821_155836.tiff	1	453347875	321315552	321568371	252706	659915	769a89ce
20180821_155204	20180821_155837.tiff	0	453347875	438516014	438770309	254182	659915	4bd61fdb
20180821_155204	20180821_155838.tiff	0	453347875	133620733	133874086	253240	659915	445cc0f0
20180821_155204	20180821_155839.tiff	0	453347875	158526483	158779357	252761	659915	96601edf
20180821_155204	20180821_155840.tiff	0	453347875	444078108	444334889	256668	659915	a94af0a3
20180821_155204	20180821_155841.tiff	0	453347875	316505867	316759376	253396	659915	4d8f81a9
20180821_155204	20180821_155842.tiff	0	453347875	166442947	166697858	254798	659915	3b344e5f
20180821_155204	20180821_155843.tiff	0	453347875	2350891	2604039	253035	659915	f47cbb6f
20180821_155204	20180821_155844.tiff	1	453347875	201001983	201259816	257720	659915	0304cc40
20180821_155204	20180821_155845.tiff	0	453347875	182332489	182587490	254888	659915	713dfeef
20180821_155204	20180821_155846.tiff	0	453347875	287262221	287518207	255873	659915	018619d9
20180821_155204	20180821_155847.tiff	0	453347875	282111511	282371085	259461	659915	b0fc3d4b
20180821_155204	20180821_155848.tiff	0	453347875	213527010	213785242	258119	659915	0856faa2
20180821_155204	20180821_155849.tiff	0	453347875	170684638	170939786	255035	659915	fbfaa11d
20180821_155204	20180821_155850.tiff	0	453347875	288628209	288885175	256853	659915	f312d9d9
20180821_155204	20180821_155851.tiff	0	453347875	280547424	280802915	255378	659915	ddb0231d
20180821_155204	20180821_155852.tiff	1	453347875	199627193	199884715	257409	659915	d7342231
20180821_155204	20180821_155853.tiff	0	453347875	184389447	184652765	263205	659915	86ddeb50
20180821_155204	20180821_155854.tiff	0	453347875	164623647	164886136	262376	659915	57332946
20180821_155204	20180821_155855.tiff	0	453347875	3506424	3769354	262817	659915	a55d63ac
20180821_155204	20180821_155856.tiff	0	453347875	445883572	446147194	263509	659915	6b0f5cbd
20180821_155204	20180821_155857.tiff	0	453347875	314860674	315124281	263494	659915	b1455b6e
20180821_155204	20180821_155858.tiff	0	453347875	154107360	154368689	261216	659915	1c361b51
20180821_155204	20180821_155859.tiff	0	453347875	137831408	138097763	266242	659915	54d2e2a5
20180821_155204	20180821_155900.tiff	1	453347875	183259505	183521339	261721	659915	146e69be
20180821_155204	20180821_155901.tiff	0	453347875	201914306	202179357	264938	659915	459d1bef
20180821_155204	20180821_155902.tiff	0	453347875	281438234	281700093	261746	659915	01be8884
20180821_155204	20180821_155903.tiff	0	453347875	286547010	286811374	264251	659915	ef8fa539
20180821_155204	20180821_155904.tiff	0	453347875	316240710	316505866	265043	659915	7ac48d5a
20180821_155204	20180821_155905.tiff	0	453347875	443810301	444078107	267693	659915	4326fc0e
20180821_155204	20180821_155906.tiff	0	453347875	2604040	2865513	261360	659915	d10aef71
20180821_155204	20180821_155907.tiff	0	453347875	166697859	166967368	269396	659915	63f15256
20180821_155204	20180821_155908.tiff	1	453347875	428812634	429078677	265930	659915	a6286e63
20180821_155204	20180821_155909.tiff	0	453347875	431783304	432047427	264010	659915	03790663
20180821_155204	20180821_155910.tiff	0	453347875	4428084	4691715	263518	659915	5ebc0bee
20180821_155204	20180821_155911.tiff	0	453347875	165536150	165802384	266121	659915	50c63d9f
20180821_155204	20180821_155912.tiff	0	453347875	314184304	314445594	261177	659915	0549eb9e
20180821_155204	20180821_155913.tiff	0	453347875	445208280	445471011	262618	659915	0c89431d
20180821_155204	20180821_155914.tiff	0	453347875	280286942	280547423	260368	659915	88177a8e
20180821_155204	20180821_155915.tiff	0	453347875	288363910	288628208	264185	659915	3622d7a6
20180821_155204	20180821_155917.tiff	1	453347875	199884716	200136282	251453	659915	e11fa26a
20180821_155204	20180821_155918.tiff	0	453347875	223045091	223288301	243097	659915	1694d5c0
20180821_155204	20180821_155919.tiff	0	453347875	298549932	298792821	242776	659915	139d1f13
20180821_155204	20180821_155920.tiff	0	453347875	179158623	179400672	241936	659915	bee1468d
20180821_155204	20180821_155921.tiff	0	453347875	204714872	204962051	247066	659915	c8056e4f
20180821_155204	20180821_155922.tiff	0	453347875	216547292	216791799	244394	659915	819d8cd2
20180821_155204	20180821_155923.tiff	0	453347875	305670361	305916894	246420	659915	27d6eb4c
20180821_155204	20180821_155924.tiff	0	453347875	319706479	319950073	243481	659915	4af71c8e
20180821_155204	20180821_155925.tiff	1	453347875	440592929	440846333	253291	659915	5fec0525
20180821_155204	20180821_155926.tiff	0	453347875	144540590	144785947	245244	659915	dfdde18f
20180821_155204	20180821_155927.tiff	0	453347875	147277809	147524638	246716	659915	244ed316
20180821_155204	20180821_155928.tiff	0	453347875	307294668	307537206	242425	659915	cdbe71eb
20180821_155204	20180821_155929.tiff	0	453347875	453010772	453257305	246420	659915	5bb6e81f
20180821_155204	20180821_155930.tiff	0	453347875	140121378	140363533	242042	659915	5146e0b2
20180821_155204	20180821_155931.tiff	0	453347875	151409880	151658958	248965	659915	88fada55
20180821_155204	20180821_155932.tiff	0	453347875	324525156	324774212	248943	659915	3b3b524c
20180821_155204	20180821_155933.tiff	1	453347875	435748596	435998026	249317	659915	bd6a4959
20180821_155204	20180821_155934.tiff	0	453347875	220959021	221213302	254168	659915	57b99b42
20180821_155204	20180821_155935.tiff	0	453347875	301278814	301532939	254012	659915	3739bb08
20180821_155204	20180821_155936.tiff	0	453347875	174310929	174562674	251632	659915	85fc09df
20180821_155204	20180821_155937.tiff	0	453347875	209563611	209819186	255462	659915	ee125c3b
20180821_155204	20180821_155938.tiff	0	453347875	276970522	277226858	256223	659915	19e917fd
20180821_155204	20180821_155939.tiff	0	453347875	291986958	292238690	251619	659915	1ae50dac
20180821_155204	20180821_155940.tiff	0	453347875	198927985	199182711	254613	659915	a780161e
20180821_155204	20180821_155941.tiff	1	453347875	185997460	186249803	252230	659915	f2cc43db
20180821_155204	20180821_155942.tiff	0	453347875	289571710	289833860	262037	659915	0f4f12f7
20180821_155204	20180821_155943.tiff	0	453347875	278426422	278687179	260644	659915	fb2e85b0
20180821_155204	20180821_155944.tiff	0	453347875	446829247	447081254	251894	659915	5d719da2
20180821_155204	20180821_155945.tiff	0	453347875	313241149	313493533	252271	659915	53bfee93
20180821_155204	20180821_155946.tiff	0	453347875	163722150	163976161	253898	659915	b05ca665
20180821_155204	20180821_155947.tiff	0	453347875	5601174	5852805	251518	659915	dc1688b0
20180821_155204	20180821_155948.tiff	0	453347875	434376198	434629816	253505	659915	050578bc
20180821_155204	20180821_155949.tiff	1	453347875	325216004	325466669	250552	659915	b06ccb70
20180821_155204	20180821_155950.tiff	0	453347875	168792360	169046921	254448	659915	c96697f7
20180821_155204	20180821_155951.tiff	0	453347875	1208707	1457314	248494	659915	03e8e397
20180821_155204	20180821_155952.tiff	0	453347875	441999801	442248818	248904	659915	8b722842
20180821_155204	20180821_155953.tiff	0	453347875	317396514	317647474	250847	659915	0a6403be
20180821_155204	20180821_155954.tiff	0	453347875	285170382	285421684	251189	659915	c297c4c6
20180821_155204	20180821_155955.tiff	0	453347875	283518759	283762984	244112	659915	f8dcf5c2
20180821_155204	20180821_155956.tiff	0	453347875	203069163	203314636	245360	659915	be860475
20180821_155204	20180821_155957.tiff	1	453347875	181416281	181660555	244161	659915	7654c62d
20180821_155204	20180821_155958.tiff	0	453347875	296268249	296508712	240350	659915	b13c9bb9
20180821_155204	20180821_155959.tiff	0	453347875	271960590	272198764	238061	659915	03985f85
20180821_155204	20180821_160000.tiff	0	453347875	438039671	438280388	240604	659915	07f5db07
20180821_155204	20180821_160001.tiff	0	453347875	322018600	322261203	242490	659915	41ac2e7d
20180821_155204	20180821_160002.tiff	0	453347875	150051328	150285788	234347	659915	f245690c
20180821_155204	20180821_160003.tiff	0	453347875	142949297	143188649	239239	659915	89df7fc0
20180821_155204	20180821_160004.tiff	0	453347875	207709913	207947823	237797	659915	8123c8e7
20180821_155204	20180821_160005.tiff	1	453347875	177101931	177340658	238614	659915	9fc50959
20180821_155204	20180821_160006.tiff	0	453347875	303158926	303397645	238606	659915	89d54e5d
20180821_155204	20180821_160007.tiff	0	453347875	218898629	219136249	237507	659915	410225c2
20180821_155204	20180821_160008.tiff	0	453347875	196103733	196338050	234204	659915	b0127266
20180821_155204	20180821_160009.tiff	0	453347875	187934647	188171920	237160	659915	d0b570e6
20180821_155204	20180821_160010.tiff	0	453347875	304542966	304777655	234576	659915	d7e568d3
20180821_155204	20180821_160011.tiff	0	453347875	216791800	217029158	237245	659915	5b1c4dcc
20180821_155204	20180821_160012.tiff	0	453347875	206324310	206559039	234616	659915	f2c8d815
20180821_155204	20180821_160013.tiff	1	453347875	178722251	178963269	240905	659915	0eb2d88a
20180821_155204	20180821_160014.tiff	0	453347875	148189073	148423720	234534	659915	a30d07f4
20180821_155204	20180821_160015.tiff	0	453347875	144109826	144347535	237596	659915	be4cee10
20180821_155204	20180821_160016.tiff	0	453347875	439214700	439449597	234784	659915	a9a6cc0b
20180821_155204	20180821_160017.tiff	0	453347875	320190930	320429912	238869	659915	e8e20635
20180821_155204	20180821_160018.tiff	0	453347875	159726267	159960960	234580	659915	3071cd1f
20180821_155204	20180821_160019.tiff	0	453347875	10069264	10306013	236636	659915	23ef9a12
20180821_155204	20180821_160020.tiff	0	453347875	446147195	446382963	235655	659915	441d3ee8
20180821_155204	20180821_160021.tiff	1	453347875	313945469	314184303	238721	659915	ac52d8fc
20180821_155204	20180821_160022.tiff	0	453347875	164181958	164421030	238959	659915	f14c2592
20180821_155204	20180821_160023.tiff	0	453347875	4691716	4926780	234951	659915	ab8651a3
20180821_155204	20180821_160024.tiff	0	453347875	199182712	199418495	235670	659915	0f1370e7
20180821_155204	20180821_160025.tiff	0	453347875	184856402	185091617	235102	659915	7482a99f
20180821_155204	20180821_160026.tiff	0	453347875	289330135	289571709	241461	659915	e7bb120a
20180821_155204	20180821_160027.tiff	0	453347875	279635540	279875051	239398	659915	d0525f2b
20180821_155204	20180821_160028.tiff	0	453347875	210024079	210265104	240912	659915	283a7fd7
20180821_155204	20180821_160029.tiff	1	453347875	173621850	173866801	244838	659915	786d3cc5
20180821_155204	20180821_160030.tiff	0	453347875	284475588	284716530	240829	659915	53ec7b03
20180821_155204	20180821_160031.tiff	0	453347875	284227669	284475587	247805	659915	dca05e1f
20180821_155204	20180821_160032.tiff	0	453347875	203551902	203796247	244232	659915	b226829e
20180821_155204	20180821_160033.tiff	0	453347875	180505273	180750099	244713	659915	eb9f4dc2
20180821_155204	20180821_160034.tiff	0	453347875	169046922	169293203	246168	659915	d5558649
20180821_155204	20180821_160035.tiff	0	453347875	78	245159	244968	659915	c2f0e3dd
20180821_155204	20180821_160036.tiff	0	453347875	441516729	441756562	239720	659915	794ae67c
20180821_155204	20180821_160037.tiff	1	453347875	318352998	318594897	241786	659915	2109d1f3
20180821_155204	20180821_160038.tiff	0	453347875	155977346	156219033	241574	659915	79618110
20180821_155204	20180821_160039.tiff	0	453347875	136000173	136244522	244236	659915	de291e73
20180821_155204	20180821_160040.tiff	0	453347875	319022677	319263192	240402	659915	8edc4344
20180821_155204	20180821_160041.tiff	0	453347875	441039743	441281025	241169	659915	d7da547d
20180821_155204	20180821_160042.tiff	0	453347875	145891956	146136076	244007	659915	55d8706b
20180821_155204	20180821_160043.tiff	0	453347875	147036320	147277808	241375	659915	f720bacc
20180821_155204	20180821_160044.tiff	0	453347875	180267601	180505272	237558	659915	f975a674
20180821_155204	20180821_160045.tiff	1	453347875	204476740	204714871	238018	659915	40086bae
20180821_155204	20180821_160046.tiff	0	453347875	215869796	216104516	234607	659915	843524d5
20180821_155204	20180821_160047.tiff	0	453347875	306585862	306822733	236758	659915	fdbbe488
20180821_155204	20180821_160048.tiff	0	453347875	190991527	191227613	235973	659915	1f4eaa2e
20180821_155204	20180821_160049.tiff	0	453347875	192807773	193043787	235901	659915	357ef4c4
20180821_155204	20180821_160050.tiff	0	453347875	220068076	220309194	241005	659915	65e139e0
20180821_155204	20180821_160051.tiff	0	453347875	301532940	301769565	236512	659915	85959fe4
20180821_155204	20180821_160052.tiff	0	453347875	175488067	175721983	233803	659915	67e5c2e5
20180821_155204	20180821_160053.tiff	1	453347875	209121195	209359849	238541	659915	138bdd99
20180821_155204	20180821_160054.tiff	0	453347875	141043701	141283255	239441	659915	e81f2514
20180821_155204	20180821_160055.tiff	0	453347875	150981155	151215518	234250	659915	a73489ea
20180821_155204	20180821_160056.tiff	0	453347875	323173942	323406685	232630	659915	794acab4
20180821_155204	20180821_160057.tiff	0	453347875	435998027	436231037	232897	659915	fdb7e030
20180821_155204	20180821_160058.tiff	0	453347875	7233857	7465869	231899	659915	6eea1ebb
20180821_155204	20180821_160059.tiff	0	453347875	163027292	163260266	232861	659915	dd903f5c
20180821_155204	20180821_160100.tiff	0	453347875	204055913	204290201	234175	659915	a8d23744
20180821_155204	20180821_160101.tiff	1	453347875	179843912	180077785	233760	659915	f5149b6c
20180821_155204	20180821_160102.tiff	0	453347875	306822734	307056382	233535	659915	1791399c
20180821_155204	20180821_160103.tiff	0	453347875	216104517	216337727	233097	659915	c3255d1a
20180821_155204	20180821_160104.tiff	0	453347875	441281026	441516728	235589	659915	ff3296ca
20180821_155204	20180821_160105.tiff	0	453347875	319263193	319496818	233512	659915	54ee70f1
20180821_155204	20180821_160106.tiff	0	453347875	146375551	146609895	234231	659915	a4800f97
20180821_155204	20180821_160107.tiff	0	453347875	145228906	145465793	236774	659915	5236252e
20180821_155204	20180821_160108.tiff	0	453347875	452298433	452536332	237786	659915	6c30d3c7
20180821_155204	20180821_160109.tiff	1	453347875	308254210	308494489	240166	659915	c69effbc
20180821_155204	20180821_160110.tiff	0	453347875	150741577	150981154	239464	659915	c50cec82
20180821_155204	20180821_160111.tiff	0	453347875	140800255	141043700	243332	659915	0af0ea3b
20180821_155204	20180821_160112.tiff	0	453347875	436900175	437142954	242666	659915	dbf731b4
20180821_155204	20180821_160113.tiff	0	453347875	324079749	324319344	239482	659915	3372e581
20180821_155204	20180821_160114.tiff	0	453347875	301971688	302212650	240849	659915	c50359e4
20180821_155204	20180821_160115.tiff	0	453347875	220514901	220754296	239282	659915	5b56af33
20180821_155204	20180821_160116.tiff	0	453347875	208654690	208892952	238149	659915	92662089
20180821_155204	20180821_160117.tiff	1	453347875	175020671	175257581	236797	659915	9eb7a8d3
20180821_155204	20180821_160118.tiff	0	453347875	291260329	291498523	238081	659915	289f5c2f
20180821_155204	20180821_160119.tiff	0	453347875	277938163	278176577	238301	659915	6edcadca
20180821_155204	20180821_160120.tiff	0	453347875	202372551	202612179	239515	659915	8197bfa5
20180821_155204	20180821_160121.tiff	0	453347875	182088625	182332488	243750	659915	a901a151
20180821_155204	20180821_160122.tiff	0	453347875	285876686	286113772	236973	659915	2ad74333
20180821_155204	20180821_160123.tiff	0	453347875	282371086	282608264	237065	659915	ad09fe15
20180821_155204	20180821_160124.tiff	0	453347875	442944676	443190431	245642	659915	0ac371ed
20180821_155204	20180821_160125.tiff	1	453347875	316968025	317206709	238571	659915	acb71f68
20180821_155204	20180821_160126.tiff	0	453347875	167622326	167860353	237914	659915	2b16e049
20180821_155204	20180821_160127.tiff	0	453347875	1893656	2138669	244900	659915	1414d069
20180821_155204	20180821_160128.tiff	0	453347875	432504395	432746218	241710	659915	254273c5
20180821_155204	20180821_160129.tiff	0	453347875	327039864	327276358	236381	659915	0b07bbab
20180821_155204	20180821_160130.tiff	0	453347875	165995142	166231720	236465	659915	0243f187
20180821_155204	20180821_160131.tiff	0	453347875	3263507	3506423	242803	659915	a59f8188
20180821_155204	20180821_160132.tiff	0	453347875	444543231	444780374	237030	659915	5871da70
20180821_155204	20180821_160133.tiff	1	453347875	315124282	315367067	242672	659915	c0b55c51
20180821_155204	20180821_160134.tiff	0	453347875	287518208	287760753	242432	659915	4c12b675
20180821_155204	20180821_160135.tiff	0	453347875	281012655	281247841	235073	659915	50dbce87
20180821_155204	20180821_160136.tiff	0	453347875	200530966	200769918	238839	659915	3579a1e5
20180821_155204	20180821_160137.tiff	0	453347875	183708456	183948317	239748	659915	40eedb01
20180821_155204	20180821_160138.tiff	0	453347875	299467943	299704800	236744	659915	3b404659
20180821_155204	20180821_160139.tiff	0	453347875	222571043	222806499	235343	659915	03f59c6e
20180821_155204	20180821_160140.tiff	0	453347875	176604900	176839761	234748	659915	7f25f9d1
20180821_155204	20180821_160141.tiff	1	453347875	207206709	207438152	231330	659915	2459b847
20180821_155204	20180821_160142.tiff	0	453347875	219378241	219614039	235685	659915	12960512
20180821_155204	20180821_160143.tiff	0	453347875	303636795	303868631	231723	659915	76e28b43
20180821_155204	20180821_160144.tiff	0	453347875	322261204	322497315	235998	659915	6a18f6d5
20180821_155204	20180821_160145.tiff	0	453347875	438280389	438516013	235511	659915	1dc46679
20180821_155204	20180821_160146.tiff	0	453347875	142457025	142690738	233600	659915	417326b9
20180821_155204	20180821_160147.tiff	0	453347875	149573445	149803875	230317	659915	91d35070
20180821_155204	20180821_160148.tiff	0	453347875	310652910	310883514	230491	659915	95e38684
20180821_155204	20180821_160149.tiff	1	453347875	449416810	449649335	232412	659915	99a2062b
20180821_155204	20180821_160150.tiff	0	453347875	143647092	143879998	232793	659915	848faf7b
20180821_155204	20180821_160151.tiff	0	453347875	147734330	147964411	229968	659915	66a02277
20180821_155204	20180821_160152.tiff	0	453347875	320867749	321097919	230057	659915	6a0ed23a
20180821_155204	20180821_160153.tiff	0	453347875	439883099	440113595	230383	659915	19d3355e
20180821_155204	20180821_160154.tiff	0	453347875	217222390	217456623	234120	659915	fc1e5451
20180821_155204	20180821_160155.tiff	0	453347875	304968917	305202716	233686	659915	04a7c6b7
20180821_155204	20180821_160156.tiff	0	453347875	177793632	178017254	223509	659915	4735d5ac
20180821_155204	20180821_160157.tiff	1	453347875	205404286	205638324	233925	659915	5c5e140e
20180821_155204	20180821_160158.tiff	0	453347875	275515304	275785797	270380	659915	81bbdf06
20180821_155204	20180821_160159.tiff	0	453347875	294415233	294661487	246141	659915	e0ea8f6c
20180821_155204	20180821_160200.tiff	0	453347875	429303581	429543992	240298	659915	fe21cee9
20180821_155204	20180821_160201.tiff	0	453347875	432262182	432504394	242099	659915	93513333
20180821_155204	20180821_160202.tiff	0	453347875	136448419	136681621	233089	659915	ffed6cde
20180821_155204	20180821_160203.tiff	0	453347875	155064583	155295793	231097	659915	d4c56881
20180821_155204	20180821_160204.tiff	0	453347875	170454478	170684637	230046	659915	c1120e3e
20180821_155204	20180821_160205.tiff	1	453347875	213293743	213527009	233153	659915	f4800d27
20180821_155204	20180821_160206.tiff	0	453347875	224633122	224864332	231097	659915	a66f6390
20180821_155204	20180821_160207.tiff	0	453347875	297843489	298077599	233997	659915	70fa3413
20180821_155204	20180821_160208.tiff	0	453347875	182587491	182823404	235800	659915	f7ecd1b7
20180821_155204	20180821_160209.tiff	0	453347875	201259817	201495426	235496	659915	b1beadc7
20180821_155204	20180821_160210.tiff	0	453347875	223506262	223740879	234504	659915	fbc51ce1
20180821_155204	20180821_160211.tiff	0	453347875	298999185	299235881	236583	659915	b994723f
20180821_155204	20180821_160212.tiff	0	453347875	171801415	172041829	240301	659915	3c94d614
20180821_155204	20180821_160213.tiff	1	453347875	211965951	212206648	240584	659915	14960e7c
20180821_155204	20180821_160214.tiff	0	453347875	137593808	137831407	237486	659915	6169b95b
20180821_155204	20180821_160215.tiff	0	453347875	153868666	154107359	238580	659915	7996c678
20180821_155204	20180821_160216.tiff	0	453347875	326591825	326830174	238236	659915	691d2ea0
20180821_155204	20180821_160217.tiff	0	453347875	433460899	433696490	235478	659915	fd8fee09
20180821_155204	20180821_160218.tiff	0	453347875	3982128	4222463	240222	659915	cdcf536b
20180821_155204	20180821_160219.tiff	0	453347875	165092969	165330330	237248	659915	0728a343
20180821_155204	20180821_160220.tiff	0	453347875	307056383	307294667	238171	659915	d0287e01
20180821_155204	20180821_160221.tiff	1	453347875	452769390	453010771	241268	659915	a289e8ca
20180821_155204	20180821_160222.tiff	0	453347875	134814138	135058570	244319	659915	8ad11daa
20180821_155204	20180821_160223.tiff	0	453347875	157135655	157371874	236106	659915	b88e9917
20180821_155204	20180821_160224.tiff	0	453347875	191902354	192137279	234812	659915	6d85b755
20180821_155204	20180821_160225.tiff	0	453347875	192137280	192371322	233929	659915	930df1cb
20180821_155204	20180821_160226.tiff	0	453347875	272875237	273106316	230966	659915	ec4b06df
20180821_155204	20180821_160227.tiff	0	453347875	296035225	296268248	232910	659915	db58f1fa
20180821_155204	20180821_160228.tiff	0	453347875	179400673	179635160	234374	659915	f480b74a
20180821_155204	20180821_160229.tiff	1	453347875	204962052	205197222	235057	659915	452c94a7
20180821_155204	20180821_160230.tiff	0	453347875	276740276	276970521	230132	659915	4b109f1d
20180821_155204	20180821_160231.tiff	0	453347875	291751981	291986957	234863	659915	b593115f
20180821_155204	20180821_160232.tiff	0	453347875	187217916	187451753	233724	659915	bb5a092c
20180821_155204	20180821_160233.tiff	0	453347875	196823746	197060666	236807	659915	b1fa6e06
20180821_155204	20180821_160234.tiff	0	453347875	7465870	7696849	230866	659915	bdf5c016
20180821_155204	20180821_160235.tiff	0	453347875	161620020	161855017	234884	659915	5ea47911
20180821_155204	20180821_160236.tiff	0	453347875	311402318	311634802	232371	659915	61a5e111
20180821_155204	20180821_160237.tiff	1	453347875	448501643	448733056	231300	659915	2558ced2
20180821_155204	20180821_160238.tiff	0	453347875	140569638	140800254	230503	659915	4e2a12c4
20180821_155204	20180821_160239.tiff	0	453347875	151867173	152101618	234332	659915	a45a587b
20180821_155204	20180821_160240.tiff	0	453347875	434861948	435093891	231830	659915	02ba410c
20180821_155204	20180821_160241.tiff	0	453347875	325699114	325927843	228616	659915	6ae14913
20180821_155204	20180821_160242.tiff	0	453347875	152544367	152773815	229335	659915	b714274a
20180821_155204	20180821_160243.tiff	0	453347875	139001224	139228552	227215	659915	a7ea00fa
20180821_155204	20180821_160244.tiff	0	453347875	210773740	211007225	233372	659915	a3288d09
20180821_155204	20180821_160245.tiff	1	453347875	172930951	173161555	230491	659915	b8639dc4
20180821_155204	20180821_160246.tiff	0	453347875	300402733	300636590	233744	659915	e650256c
20180821_155204	20180821_160247.tiff	0	453347875	222102782	222335000	232105	659915	616033d3
20180821_155204	20180821_160248.tiff	0	453347875	198273877	198503228	229238	659915	103af90d
20180821_155204	20180821_160249.tiff	0	453347875	185335993	185567488	231382	659915	fb037dde
20180821_155204	20180821_160250.tiff	0	453347875	296742596	296973024	230315	659915	fa2b346e
20180821_155204	20180821_160251.tiff	0	453347875	272431528	272665899	234258	659915	4ac553d7
20180821_155204	20180821_160252.tiff	0	453347875	214455855	214688408	232440	659915	8672d8ac
20180821_155204	20180821_160253.tiff	1	453347875	169293204	169528523	235206	659915	73b04379
20180821_155204	20180821_160254.tiff	0	453347875	156425372	156654528	229043	659915	8ac3cf12
20180821_155204	20180821_160255.tiff	0	453347875	135058571	135277979	219295	659915	70fd557f
20180821_155204	20180821_160256.tiff	0	453347875	430896893	431120202	223196	659915	c5382b36
20180821_155204	20180821_160257.tiff	0	453347875	430219567	430441854	222174	659915	72198bed
20180821_155204	20180821_160258.tiff	0	453347875	168321648	168552466	230705	659915	2977f6da
20180821_155204	20180821_160259.tiff	0	453347875	716055	973183	257015	659915	0ca100b4
20180821_155204	20180821_160300.tiff	0	453347875	173405648	173621849	216088	659915	92b3c2b8
20180821_155204	20180821_160301.tiff	1	453347875	211253860	211498171	244198	659915	d9b71b40
20180821_155204	20180821_160302.tiff	0	453347875	221646939	221884608	237556	659915	28bb74da
20180821_155204	20180821_160303.tiff	0	453347875	299943408	300181034	237513	659915	7d0a22f9
20180821_155204	20180821_160304.tiff	0	453347875	325466670	325699113	232330	659915	31ba3b3b
20180821_155204	20180821_160305.tiff	0	453347875	434629817	434861947	232017	659915	b30a1b5f
20180821_155204	20180821_160306.tiff	0	453347875	139434770	139666438	231555	659915	d2cc086c
20180821_155204	20180821_160307.tiff	0	453347875	152976196	153206915	230606	659915	c6f12340
20180821_155204	20180821_160308.tiff	0	453347875	312805162	313034513	229238	659915	422fd528
20180821_155204	20180821_160309.tiff	1	453347875	446382964	446621442	238365	659915	1316abe2
20180821_155204	20180821_160310.tiff	0	453347875	135526705	135760699	233881	659915	d3bc3a6d
20180821_155204	20180821_160311.tiff	0	453347875	156902615	157135654	232926	659915	d57e7732
20180821_155204	20180821_160312.tiff	0	453347875	429988627	430219566	230826	659915	4a52d51c
20180821_155204	20180821_160313.tiff	0	453347875	430662813	430896892	233966	659915	c67fffa9
20180821_155204	20180821_160314.tiff	0	453347875	272198765	272431527	232649	659915	d5539de6
20180821_155204	20180821_160315.tiff	0	453347875	296508713	296742595	233769	659915	ea563d66
20180821_155204	20180821_160316.tiff	0	453347875	169528524	169763751	235114	659915	9ced4497
20180821_155204	20180821_160317.tiff	1	453347875	214688409	214957491	268969	659915	189be96d
20180821_155204	20180821_160318.tiff	0	453347875	283273819	283518758	244826	659915	c52a9b24
20180821_155204	20180821_160319.tiff	0	453347875	284956635	285170381	213633	659915	bada2d93
20180821_155204	20180821_160320.tiff	0	453347875	188657506	188882447	224828	659915	5346088f
20180821_155204	20180821_160321.tiff	0	453347875	195150833	195372615	221669	659915	940b34c6
20180821_155204	20180821_160322.tiff	0	453347875	275785798	276017128	231217	659915	0af789f0
20180821_155204	20180821_160323.tiff	0	453347875	292954260	293173842	219469	659915	f7791c50
20180821_155204	20180821_160324.tiff	0	453347875	309950738	310174902	224051	659915	cde1ac86
20180821_155204	20180821_160325.tiff	1	453347875	450148756	450378215	229346	659915	a69dcccd
20180821_155204	20180821_160326.tiff	0	453347875	8882018	9106585	224454	659915	c99af817
20180821_155204	20180821_160327.tiff	0	453347875	160402002	160629888	227773	659915	a6ed682d
20180821_155204	20180821_160328.tiff	0	453347875	322746515	322968517	221889	659915	540a2827
20180821_155204	20180821_160329.tiff	0	453347875	437392195	437614263	221955	659915	b60a9ab8
20180821_155204	20180821_160330.tiff	0	453347875	10544774	10799184	254297	659915	cacc97bd
20180821_155204	20180821_160331.tiff	0	453347875	158307525	158526482	218844	659915	1dfcc726
20180821_155204	20180821_160332.tiff	0	453347875	308736916	308955763	218734	659915	87fa8e25
20180821_155204	20180821_160333.tiff	1	453347875	451353384	451576887	223390	659915	80e826d9
20180821_155204	20180821_160334.tiff	0	453347875	274036350	274259861	223398	659915	c0996dfa
20180821_155204	20180821_160335.tiff	0	453347875	294661488	294896413	234812	659915	1510ac85
20180821_155204	20180821_160336.tiff	0	453347875	190107830	190341840	233897	659915	26888f2f
20180821_155204	20180821_160337.tiff	0	453347875	193719526	193950558	230919	659915	f399fbd5
20180821_155204	20180821_160338.tiff	0	453347875	218192826	218417928	224989	659915	6bcd3492
20180821_155204	20180821_160339.tiff	0	453347875	304329853	304542965	212999	659915	0a29ea61
20180821_155204	20180821_160340.tiff	0	453347875	213785243	214006128	220772	659915	87527d82
20180821_155204	20180821_160341.tiff	1	453347875	170939787	171153587	213687	659915	43695b7e
20180821_155204	20180821_160342.tiff	0	453347875	297416962	297633465	216390	659915	53c2328d
20180821_155204	20180821_160343.tiff	0	453347875	224217345	224426348	208890	659915	3e63153c
20180821_155204	20180821_160344.tiff	0	453347875	432047428	432262181	214640	659915	7de6eb05
20180821_155204	20180821_160345.tiff	0	453347875	429078678	429303580	224789	659915	aab493c7
20180821_155204	20180821_160346.tiff	0	453347875	155505244	155733901	228544	659915	72f5427b
20180821_155204	20180821_160347.tiff	0	453347875	136896684	137109383	212586	659915	2f4594e0
20180821_155204	20180821_160348.tiff	0	453347875	443379957	443601178	221108	659915	1a9a14c8
20180821_155204	20180821_160349.tiff	1	453347875	315794608	316032065	237344	659915	6924c77e
20180821_155204	20180821_160350.tiff	0	453347875	154368690	154603087	234284	659915	971974d9
20180821_155204	20180821_160351.tiff	0	453347875	138097764	138331538	233661	659915	935c0a9f
20180821_155204	20180821_160352.tiff	0	453347875	433237844	433460898	222941	659915	07ab3875
20180821_155204	20180821_160353.tiff	0	453347875	326408276	326591824	183435	659915	1bbfc992
20180821_155204	20180821_160354.tiff	0	453347875	298792822	298999184	206249	659915	afc61c9e
20180821_155204	20180821_160355.tiff	0	453347875	223288302	223506261	217846	659915	7d8309e2
20180821_155204	20180821_160356.tiff	0	453347875	212206649	212419446	212684	659915	2ecf2bf3
20180821_155204	20180821_160357.tiff	1	453347875	172041830	172249150	207207	659915	d2de883b
20180821_155204	20180821_160358.tiff	0	453347875	288157737	288363909	206059	659915	52ceb354
20180821_155204	20180821_160359.tiff	0	453347875	280083665	280286941	203163	659915	1fff93ce
20180821_155204	20180821_160400.tiff	0	453347875	220309195	220514900	205592	659915	5dc81d8e
20180821_155204	20180821_160401.tiff	0	453347875	301769566	301971687	202008	659915	97de1efa
20180821_155204	20180821_160402.tiff	0	453347875	175721984	175925680	203583	659915	1c9b801b
20180821_155204	20180821_160403.tiff	0	453347875	209359850	209563610	203647	659915	c47e1d5b
20180821_155204	20180821_160404.tiff	0	453347875	141283256	141485965	202596	659915	f2d242a1
20180821_155204	20180821_160405.tiff	1	453347875	151215519	151409879	194247	659915	2aee9bb0
20180821_155204	20180821_160406.tiff	0	453347875	323888810	324079748	190825	659915	5e53cc5c
20180821_155204	20180821_160407.tiff	0	453347875	436710045	436900174	190016	659915	b9660160
20180821_155204	20180821_160408.tiff	0	453347875	6537675	6751686	213898	659915	f33dcfb9
20180821_155204	20180821_160409.tiff	0	453347875	162346708	162547309	200488	659915	7a842fe8
20180821_155204	20180821_160410.tiff	0	453347875	318832702	319022676	189861	659915	542df950
20180821_155204	20180821_160411.tiff	0	453347875	440846334	441039742	193295	659915	6951b936
20180821_155204	20180821_160412.tiff	0	453347875	145700464	145891955	191378	659915	57ad72c9
20180821_155204	20180821_160413.tiff	1	453347875	146846776	147036319	189430	659915	ca42351d
20180821_155204	20180821_160414.tiff	0	453347875	180077786	180267600	189701	659915	b34784f9
20180821_155204	20180821_160415.tiff	0	453347875	204290202	204476739	186424	659915	da53f45d
20180821_155204	20180821_160416.tiff	0	453347875	215199099	215386588	187376	659915	89b34bd9
20180821_155204	20180821_160417.tiff	0	453347875	305916895	306103597	186589	659915	050864a8
20180821_155204	20180821_160418.tiff	0	453347875	191714565	191902353	187675	659915	b9fa5c29
20180821_155204	20180821_160419.tiff	0	453347875	193530331	193719525	189081	659915	c1658086
20180821_155204	20180821_160420.tiff	0	453347875	281247842	281438233	190278	659915	9c03df22
20180821_155204	20180821_160421.tiff	1	453347875	287760754	287951197	190330	659915	740bffc7
20180821_155204	20180821_160422.tiff	0	453347875	183521340	183708455	187002	659915	90d13691
20180821_155204	20180821_160423.tiff	0	453347875	200341987	200530965	188865	659915	2b3cb645
20180821_155204	20180821_160424.tiff	0	453347875	3075032	3263506	188361	659915	bb2db912
20180821_155204	20180821_160425.tiff	0	453347875	165802385	165995141	192643	659915	9ed26c34
20180821_155204	20180821_160426.tiff	0	453347875	315603873	315794607	190621	659915	951b534a
20180821_155204	20180821_160427.tiff	0	453347875	445017260	445208279	190906	659915	275019dc
20180821_155204	20180821_160428.tiff	0	453347875	138331539	138526754	195102	659915	fe3a9a2f
20180821_155204	20180821_160429.tiff	1	453347875	153206916	153397506	190477	659915	3b9cbde3
20180821_155204	20180821_160430.tiff	0	453347875	317206710	317396513	189690	659915	e0beb9aa
20180821_155204	20180821_160431.tiff	0	453347875	443190432	443379956	189411	659915	a6d765fd
20180821_155204	20180821_160432.tiff	0	453347875	1457315	1648157	190729	659915	6cb64008
20180821_155204	20180821_160433.tiff	0	453347875	167175929	167368366	192324	659915	7507d7c5
20180821_155204	20180821_160434.tiff	0	453347875	181896871	182088624	191640	659915	7eecab73
20180821_155204	20180821_160435.tiff	0	453347875	202179358	202372550	193079	659915	5456a006
20180821_155204	20180821_160436.tiff	0	453347875	282608265	282799465	191087	659915	6d01353c
20180821_155204	20180821_160437.tiff	1	453347875	286113773	286306737	192851	659915	3896d332
20180821_155204	20180821_160438.tiff	0	453347875	171390075	171583347	193159	659915	0934b233
20180821_155204	20180821_160439.tiff	0	453347875	212865979	213058622	192530	659915	9ac759f5
20180821_155204	20180821_160440.tiff	0	453347875	304777656	304968916	191147	659915	7928fef4
20180821_155204	20180821_160441.tiff	0	453347875	217029159	217222389	193117	659915	be6dc47a
20180821_155204	20180821_160442.tiff	0	453347875	206559040	206753377	194224	659915	a2859ae5
20180821_155204	20180821_160443.tiff	0	453347875	178963270	179158622	195239	659915	b7747418
20180821_155204	20180821_160444.tiff	0	453347875	148423721	148615880	192046	659915	2317d4be
20180821_155204	20180821_160445.tiff	1	453347875	144347536	144540589	192940	659915	a9bbb750
20180821_155204	20180821_160446.tiff	0	453347875	439449598	439642664	192953	659915	d4ae07f1
20180821_155204	20180821_160447.tiff	0	453347875	320429913	320628607	198581	659915	78b860f5
20180821_155204	20180821_160448.tiff	0	453347875	159510022	159726266	216131	659915	427a7dd4
20180821_155204	20180821_160449.tiff	0	453347875	9839042	10069263	230108	659915	983ff66f
20180821_155204	20180821_160450.tiff	0	453347875	437822966	438039670	216591	659915	f011eaec
20180821_155204	20180821_160451.tiff	0	453347875	321777419	322018599	241067	659915	b06a3576
20180821_155204	20180821_160452.tiff	0	453347875	149803876	150051327	247338	659915	de5d2cfc
20180821_155204	20180821_160453.tiff	1	453347875	142690739	142949296	258444	659915	b6196c3f
20180821_155204	20180821_160454.tiff	0	453347875	207438153	207709912	271646	659915	7ebd8db2
20180821_155204	20180821_160455.tiff	0	453347875	176839762	177101930	262055	659915	c0bc8408
20180821_155204	20180821_160456.tiff	0	453347875	302918620	303158925	240192	659915	3b394b5f
20180821_155204	20180821_160457.tiff	0	453347875	218658164	218898628	240351	659915	b3056aaf
20180821_155204	20180821_160458.tiff	0	453347875	196338051	196582421	244257	659915	a41b3d16
20180821_155204	20180821_160459.tiff	0	453347875	188171921	188419688	247654	659915	2f8151f1
20180821_155204	20180821_160500.tiff	0	453347875	143879999	144109825	229713	659915	c4d9e022
20180821_155204	20180821_160501.tiff	1	453347875	147964412	148189072	224547	659915	a41c0546
20180821_155204	20180821_160502.tiff	0	453347875	321097920	321315551	217518	659915	6ab7d223
20180821_155204	20180821_160503.tiff	0	453347875	440113596	440384492	270783	659915	b0330f51
20180821_155204	20180821_160504.tiff	0	453347875	217456624	217735977	279240	659915	3cdf7cdf
20180821_155204	20180821_160505.tiff	0	453347875	305202717	305459103	256273	659915	02052ead
20180821_155204	20180821_160506.tiff	0	453347875	178457219	178722250	264918	659915	4ef1ff7b
20180821_155204	20180821_160507.tiff	0	453347875	206072558	206324309	251638	659915	ecff6b40
20180821_155204	20180821_160508.tiff	0	453347875	274739616	274989189	249460	659915	6a50948c
20180821_155204	20180821_160509.tiff	1	453347875	293658051	293888741	230577	659915	0e3999c8
20180821_155204	20180821_160510.tiff	0	453347875	176381536	176604899	223250	659915	25576d0a
