key	size_bytes	etag	last_modified	provider	unique_id	first_time	last_time	decision	reason
csb/csv/2024/06/01/20240601000613980503_061e2f30-c234-4cf0-b880-42bb03ab857d_pointData.csv	528865	ffd5ab40869c78978c76d79126d3aa85-1	2024-06-01T07:43:19.000Z	Rosepoint	ROSEP-061e2f30-c234-4cf0-b880-42bb03ab857d	2024-05-31T18:05:13Z	2024-06-01T00:05:48Z	keep	unique_1e-6_lattice_submission
csb/csv/2024/06/01/20240601001855925005_56f26f84-bafc-4b36-8454-b8546bddcf1d_pointData.csv	62931	7ee58cf3780fe6c2fc232964bacfd2d4-1	2024-06-01T07:43:22.000Z	Rosepoint	ROSEP-56f26f84-bafc-4b36-8454-b8546bddcf1d	2004-10-15T18:18:22Z	2004-10-16T00:18:31Z	keep	unique_1e-6_lattice_submission
csb/csv/2024/06/01/20240601002624843978_cdd0edb8-c483-4c48-be4d-93f29dcbc26c_pointData.csv	59874	821c069ee99759ef54d4ac5cc5186ced-1	2024-06-01T07:43:21.000Z	Rosepoint	ROSEP-cdd0edb8-c483-4c48-be4d-93f29dcbc26c	2024-05-31T18:26:24Z	2024-06-01T00:26:22Z	keep	unique_1e-6_lattice_submission
csb/csv/2024/06/01/20240601002649698531_672e2884-f0ed-44dc-b9bb-56d79261e4f1_pointData.csv	60592	c3e90bc59d048a7fd0720f4c82580b94-1	2024-06-01T07:43:18.000Z	Rosepoint	ROSEP-672e2884-f0ed-44dc-b9bb-56d79261e4f1	2024-05-31T18:26:38Z	2024-06-01T00:26:02Z	keep	unique_1e-6_lattice_submission
csb/csv/2024/06/01/20240601003632955726_48e8b019-4141-4a35-bd63-b3be3e30b183_pointData.csv	2984503	0b5bbe7121588edd179bfcd51bcffe5e-1	2024-06-01T07:43:23.000Z	Rosepoint	ROSEP-48e8b019-4141-4a35-bd63-b3be3e30b183	2024-05-30T17:48:23Z	2024-05-31T05:53:53Z	keep	unique_1e-6_lattice_submission
csb/csv/2024/06/01/20240601003652630395_48e8b019-4141-4a35-bd63-b3be3e30b183_pointData.csv	64290	9b7bf654aff0513374034fdd4ca5ae03-1	2024-06-01T07:43:19.000Z	Rosepoint	ROSEP-48e8b019-4141-4a35-bd63-b3be3e30b183	2024-05-31T05:54:54Z	2024-05-31T12:03:19Z	keep	unique_1e-6_lattice_submission
csb/csv/2024/06/01/20240601003903826606_83e03090-0999-11eb-b6ea-98be942a5b5a_pointData.csv	194206	2ee0b860ca94b0c7efd340aaa2fbe7e7-1	2024-06-01T07:43:19.000Z	PGS	PGS-83e03090-0999-11eb-b6ea-98be942a5b5a	2024-05-31T22:00:01Z	2024-05-31T22:59:58Z	exclude	provider_mixed_1e-4_and_1e-6_lattice
csb/csv/2024/06/01/20240601004209816975_0d1b6ce0-e5ec-40f1-99a9-2187e8d08bf4_pointData.csv	60753	fa9931d9294ee2e353940e5a4f72cf81-1	2024-06-01T07:43:26.000Z	Rosepoint	ROSEP-0d1b6ce0-e5ec-40f1-99a9-2187e8d08bf4	2004-10-15T18:40:57Z	2004-10-16T00:41:17Z	keep	unique_1e-6_lattice_submission
csb/csv/2024/06/01/20240601004424766642_ec72276e-3e2b-4d56-82bb-111fc86cbd77_pointData.csv	190863	891afe842c659283306b0915e3d34862-1	2024-06-01T07:43:22.000Z	PGS	PGS-ec72276e-3e2b-4d56-82bb-111fc86cbd77	2024-05-31T23:00:02Z	2024-05-31T23:59:59Z	exclude	provider_mixed_1e-4_and_1e-6_lattice
csb/csv/2024/06/01/20240601004617169644_3b0c5ff2-0998-11eb-8eb6-98be942a5b5a_pointData.csv	185768	a14541fbb7b66a62824093fe83331ceb-1	2024-06-01T07:43:20.000Z	PGS	PGS-3b0c5ff2-0998-11eb-8eb6-98be942a5b5a	2024-05-31T23:00:00Z	2024-05-31T23:59:57Z	exclude	provider_mixed_1e-4_and_1e-6_lattice
csb/csv/2024/06/01/20240601005635415247_071ba46a-9793-4306-a970-8461bae10e77_pointData.csv	502189	d885269cddd9ceacc6901682e16f6672-1	2024-06-01T07:43:21.000Z	Rosepoint	ROSEP-071ba46a-9793-4306-a970-8461bae10e77	2004-10-15T18:56:10Z	2004-10-16T00:55:37Z	keep	unique_1e-6_lattice_submission
csb/csv/2024/06/01/20240601005935159599_b46dfd84-2ce8-4a25-a16b-4af10b8eb60e_pointData.csv	61629	71e94063d6ccf882d914fab2c8934661-1	2024-06-01T07:43:17.000Z	Rosepoint	ROSEP-b46dfd84-2ce8-4a25-a16b-4af10b8eb60e	2024-05-31T18:57:31Z	2024-06-01T00:59:24Z	keep	unique_1e-6_lattice_submission
csb/csv/2024/06/01/20240601010508678279_834f85c2-0999-11eb-a100-98be942a5b5a_pointData.csv	193016	bdddde7d575ae413a66868156d517646-1	2024-06-01T07:43:23.000Z	PGS	PGS-834f85c2-0999-11eb-a100-98be942a5b5a	2024-05-31T23:00:00Z	2024-05-31T23:59:57Z	exclude	provider_mixed_1e-4_and_1e-6_lattice
csb/csv/2024/06/01/20240601010632853544_cdd0edb8-c483-4c48-be4d-93f29dcbc26c_pointData.csv	6435	86ea4df02b27d022eb6e6a78ed4786dc-1	2024-06-01T07:43:19.000Z	Rosepoint	ROSEP-cdd0edb8-c483-4c48-be4d-93f29dcbc26c	2024-06-01T00:27:22Z	2024-06-01T01:04:32Z	keep	unique_1e-6_lattice_submission
csb/csv/2024/06/01/20240601011107754753_08b541ee-eb9f-11ee-8abd-bd300fe11e8a_pointData.csv	298471	25ce9a3afa27acdd34238d0530beb126-1	2024-06-01T07:43:18.000Z	GLOS	GLOS-08b541ee-eb9f-11ee-8abd-bd300fe11e8a	2024-05-31T22:52:13Z	2024-05-31T23:24:19Z	keep	unique_1e-6_lattice_submission
csb/csv/2024/06/01/20240601011108492753_08b541ee-eb9f-11ee-8abd-bd300fe11e8a_pointData.csv	298471	d5e1dd911b4f23f6c7b312d7532f4295-1	2024-06-01T07:43:20.000Z	GLOS	GLOS-08b541ee-eb9f-11ee-8abd-bd300fe11e8a	2024-05-31T22:52:13Z	2024-05-31T23:24:19Z	exclude	exact_reupload_of:20240601011107754753_08b541ee-eb9f-11ee-8abd-bd300fe11e8a_pointData.csv
csb/csv/2024/06/01/20240601011257055923_08b541ee-eb9f-11ee-8abd-bd300fe11e8a_pointData.csv	284094	7047a571dade9e4364bdba35fd89a071-1	2024-06-01T07:43:21.000Z	GLOS	GLOS-08b541ee-eb9f-11ee-8abd-bd300fe11e8a	2024-05-31T23:24:21Z	2024-05-31T23:53:18Z	keep	unique_1e-6_lattice_submission
csb/csv/2024/06/01/20240601011257676622_08b541ee-eb9f-11ee-8abd-bd300fe11e8a_pointData.csv	284094	8d87726babd60568d193f2113fe9317c-1	2024-06-01T07:43:19.000Z	GLOS	GLOS-08b541ee-eb9f-11ee-8abd-bd300fe11e8a	2024-05-31T23:24:21Z	2024-05-31T23:53:18Z	exclude	exact_reupload_of:20240601011257055923_08b541ee-eb9f-11ee-8abd-bd300fe11e8a_pointData.csv
csb/csv/2024/06/01/20240601011422859028_08b541ee-eb9f-11ee-8abd-bd300fe11e8a_pointData.csv	274639	b4f8122042683c31c8fa5f5df00b0ba9-1	2024-06-01T07:43:24.000Z	GLOS	GLOS-08b541ee-eb9f-11ee-8abd-bd300fe11e8a	2024-05-31T23:53:20Z	2024-06-01T00:21:13Z	keep	unique_1e-6_lattice_submission
csb/csv/2024/06/01/20240601011423493229_08b541ee-eb9f-11ee-8abd-bd300fe11e8a_pointData.csv	274639	7e77eeffae1883b5137cd863c58fee97-1	2024-06-01T07:43:22.000Z	GLOS	GLOS-08b541ee-eb9f-11ee-8abd-bd300fe11e8a	2024-05-31T23:53:20Z	2024-06-01T00:21:13Z	exclude	exact_reupload_of:20240601011422859028_08b541ee-eb9f-11ee-8abd-bd300fe11e8a_pointData.csv
csb/csv/2024/06/01/20240601011725343718_08b541ee-eb9f-11ee-8abd-bd300fe11e8a_pointData.csv	267224	4bf8221f47137e28bc94a1ae008ab961-1	2024-06-01T07:43:20.000Z	GLOS	GLOS-08b541ee-eb9f-11ee-8abd-bd300fe11e8a	2024-06-01T00:21:15Z	2024-06-01T00:48:25Z	keep	unique_1e-6_lattice_submission
csb/csv/2024/06/01/20240601011726068374_08b541ee-eb9f-11ee-8abd-bd300fe11e8a_pointData.csv	267224	09f350e81f5d472ad26254d67cc63a9c-1	2024-06-01T07:43:25.000Z	GLOS	GLOS-08b541ee-eb9f-11ee-8abd-bd300fe11e8a	2024-06-01T00:21:15Z	2024-06-01T00:48:25Z	exclude	exact_reupload_of:20240601011725343718_08b541ee-eb9f-11ee-8abd-bd300fe11e8a_pointData.csv
csb/csv/2024/06/01/20240601012105845495_08b541ee-eb9f-11ee-8abd-bd300fe11e8a_pointData.csv	291724	22fb2fbd95c810619451ad429d568b39-1	2024-06-01T07:43:22.000Z	GLOS	GLOS-08b541ee-eb9f-11ee-8abd-bd300fe11e8a	2024-06-01T00:48:27Z	2024-06-01T01:18:28Z	keep	unique_1e-6_lattice_submission
csb/csv/2024/06/01/20240601012106450991_08b541ee-eb9f-11ee-8abd-bd300fe11e8a_pointData.csv	291724	fd87ee19f3bae3959f886da0172587ba-1	2024-06-01T07:43:23.000Z	GLOS	GLOS-08b541ee-eb9f-11ee-8abd-bd300fe11e8a	2024-06-01T00:48:27Z	2024-06-01T01:18:28Z	exclude	exact_reupload_of:20240601012105845495_08b541ee-eb9f-11ee-8abd-bd300fe11e8a_pointData.csv
csb/csv/2024/06/01/20240601012256087887_83e03090-0999-11eb-b6ea-98be942a5b5a_pointData.csv	194142	77345f70e96ff086a6d79cebeafbc7c9-1	2024-06-01T07:43:23.000Z	PGS	PGS-83e03090-0999-11eb-b6ea-98be942a5b5a	2024-05-31T23:00:01Z	2024-05-31T23:59:58Z	exclude	provider_mixed_1e-4_and_1e-6_lattice
csb/csv/2024/06/01/20240601012606108636_ec72276e-3e2b-4d56-82bb-111fc86cbd77_pointData.csv	190863	fe8ee1d6980739b5664dd4dad62edf81-1	2024-06-01T07:43:20.000Z	PGS	PGS-ec72276e-3e2b-4d56-82bb-111fc86cbd77	2024-06-01T00:00:02Z	2024-06-01T00:59:59Z	exclude	provider_mixed_1e-4_and_1e-6_lattice
csb/csv/2024/06/01/20240601012942838475_251e0ec1-5645-476e-8563-9f34939f5d72_pointData.csv	729796	a2b7f637ef47558365d33e8caa712c33-1	2024-06-01T07:43:21.000Z	Rosepoint	ROSEP-251e0ec1-5645-476e-8563-9f34939f5d72	2024-05-31T19:28:23Z	2024-06-01T01:29:09Z	keep	unique_1e-6_lattice_submission
csb/csv/2024/06/01/20240601013249490532_3b0c5ff2-0998-11eb-8eb6-98be942a5b5a_pointData.csv	201120	501bacf316daa111fe885cc233f10582-1	2024-06-01T07:43:25.000Z	PGS	PGS-3b0c5ff2-0998-11eb-8eb6-98be942a5b5a	2024-06-01T00:00:00Z	2024-06-01T00:59:57Z	exclude	provider_mixed_1e-4_and_1e-6_lattice
csb/csv/2024/06/01/20240601014107616338_834f85c2-0999-11eb-a100-98be942a5b5a_pointData.csv	192991	42c5ebbf303b490958ef26d7ca6aaf0a-1	2024-06-01T07:43:22.000Z	PGS	PGS-834f85c2-0999-11eb-a100-98be942a5b5a	2024-06-01T00:00:00Z	2024-06-01T00:59:58Z	exclude	provider_mixed_1e-4_and_1e-6_lattice
csb/csv/2024/06/01/20240601014115647380_4606e387-998b-46fb-b5a6-02c7eafa03da_pointData.csv	60588	8101039e980b9e594e9d6a47d3031ed5-1	2024-06-01T07:43:21.000Z	Rosepoint	ROSEP-4606e387-998b-46fb-b5a6-02c7eafa03da	2004-10-15T19:40:17Z	2004-10-16T01:40:24Z	keep	unique_1e-6_lattice_submission
csb/csv/2024/06/01/20240601015904277213_373e61a4-5650-43be-800f-e6197634cf6f_pointData.csv	37587	8618384e2752e52f26c1a0b48743418f-1	2024-06-01T07:43:24.000Z	Rosepoint	ROSEP-373e61a4-5650-43be-800f-e6197634cf6f	2004-10-15T19:59:24Z	2024-05-31T23:44:58Z	keep	unique_1e-6_lattice_submission
csb/csv/2024/06/01/20240601020134189698_bobetter_pointData.csv	658931	191c75bc1e8384e71ae1372d85617e0a-1	2024-06-01T07:43:26.000Z	AquaMap	AQM-bobetter	2024-05-31T23:33:28Z	2024-06-01T01:18:18Z	exclude	provider_off_lattice_float_repr
csb/csv/2024/06/01/20240601022302026649_834f85c2-0999-11eb-a100-98be942a5b5a_pointData.csv	192930	8aac1fb5d245c9b57a3683da93fc3f46-1	2024-06-01T07:43:22.000Z	PGS	PGS-834f85c2-0999-11eb-a100-98be942a5b5a	2024-06-01T01:00:01Z	2024-06-01T01:59:58Z	exclude	provider_mixed_1e-4_and_1e-6_lattice
csb/csv/2024/06/01/20240601023035625846_398c56de-e541-4380-9ee4-589ec53f46f6_pointData.csv	1915175	f17e2331f915cfaa411c3cb2eaa2dcd3-1	2024-06-01T07:43:23.000Z	Rosepoint	ROSEP-398c56de-e541-4380-9ee4-589ec53f46f6	2024-05-31T23:10:11Z	2024-06-01T02:30:30Z	keep	unique_1e-6_lattice_submission
csb/csv/2024/06/01/20240601023249880232_0dc4d7c1-f541-476d-a76b-72fb09ad1bd2_pointData.csv	63122	37c4d3ec248e80c80e7450dae7feb533-1	2024-06-01T07:43:22.000Z	Rosepoint	ROSEP-0dc4d7c1-f541-476d-a76b-72fb09ad1bd2	2024-05-31T20:33:23Z	2024-06-01T02:32:27Z	keep	unique_1e-6_lattice_submission
csb/csv/2024/06/01/20240601023826914466_4f651d43-9a33-452c-9299-6ab08ed9d831_pointData.csv	62366	da2b34fb34f85d963c8436b31ad2b7ef-1	2024-06-01T07:43:22.000Z	Rosepoint	ROSEP-4f651d43-9a33-452c-9299-6ab08ed9d831	2024-05-31T20:38:21Z	2024-06-01T02:37:37Z	keep	unique_1e-6_lattice_submission
csb/csv/2024/06/01/20240601023839965551_53df1aa6-1feb-47dc-a374-3880fae210fd_pointData.csv	4014252	7c5882b53c319c4539222dd3070821d5-1	2024-06-01T07:43:26.000Z	Rosepoint	ROSEP-53df1aa6-1feb-47dc-a374-3880fae210fd	2024-05-31T14:15:34Z	2024-05-31T22:00:31Z	keep	unique_1e-6_lattice_submission
csb/csv/2024/06/01/20240601024034990146_83e03090-0999-11eb-b6ea-98be942a5b5a_pointData.csv	194197	f8bb68d9feb7331a26109691f4e97a98-1	2024-06-01T07:43:23.000Z	PGS	PGS-83e03090-0999-11eb-b6ea-98be942a5b5a	2024-06-01T00:00:01Z	2024-06-01T00:59:58Z	exclude	provider_mixed_1e-4_and_1e-6_lattice
csb/csv/2024/06/01/20240601024717580682_ec72276e-3e2b-4d56-82bb-111fc86cbd77_pointData.csv	190863	88e86cca09c1233eb5607d6d946f90f3-1	2024-06-01T07:43:26.000Z	PGS	PGS-ec72276e-3e2b-4d56-82bb-111fc86cbd77	2024-06-01T01:00:02Z	2024-06-01T01:59:59Z	exclude	provider_mixed_1e-4_and_1e-6_lattice
csb/csv/2024/06/01/20240601025304728015_3b0c5ff2-0998-11eb-8eb6-98be942a5b5a_pointData.csv	201197	ac70cf8eb51ba78856f25cbe28dab07a-1	2024-06-01T07:43:22.000Z	PGS	PGS-3b0c5ff2-0998-11eb-8eb6-98be942a5b5a	2024-06-01T01:00:00Z	2024-06-01T01:59:57Z	exclude	provider_mixed_1e-4_and_1e-6_lattice
csb/csv/2024/06/01/20240601025559608172_cb1bbd67-78e2-4b5f-97e4-4ab1661c7454_pointData.csv	1278581	18ca1041d15094556343bbb1d3f4fc73-1	2024-06-01T07:43:24.000Z	Rosepoint	ROSEP-cb1bbd67-78e2-4b5f-97e4-4ab1661c7454	2024-05-31T12:32:07Z	2024-06-01T02:55:41Z	keep	unique_1e-6_lattice_submission
csb/csv/2024/06/01/20240601031414641346_f73d4b8d-97c0-48ab-9200-c313709c76d0_pointData.csv	1388683	e54e0ad0b6efb47efaf85d17718cd387-1	2024-06-01T07:43:25.000Z	Rosepoint	ROSEP-f73d4b8d-97c0-48ab-9200-c313709c76d0	2024-05-31T21:10:31Z	2024-06-01T03:13:48Z	keep	unique_1e-6_lattice_submission
csb/csv/2024/06/01/20240601032329761296_83e03090-0999-11eb-b6ea-98be942a5b5a_pointData.csv	194168	38fbb7c6459808ce5aa1459c31d680fc-1	2024-06-01T07:43:23.000Z	PGS	PGS-83e03090-0999-11eb-b6ea-98be942a5b5a	2024-06-01T01:00:01Z	2024-06-01T01:59:58Z	exclude	provider_mixed_1e-4_and_1e-6_lattice
csb/csv/2024/06/01/20240601032334413795_ec72276e-3e2b-4d56-82bb-111fc86cbd77_pointData.csv	190863	70b7ca13aefa843b5a2db62ab4d13d4a-1	2024-06-01T07:43:27.000Z	PGS	PGS-ec72276e-3e2b-4d56-82bb-111fc86cbd77	2024-06-01T02:00:02Z	2024-06-01T02:59:59Z	exclude	provider_mixed_1e-4_and_1e-6_lattice
csb/csv/2024/06/01/20240601032718429878_c21bff07-b678-4dfb-ab54-a111660d6cfa_pointData.csv	221606	44978f630db80413dc1498cc21a826c1-1	2024-06-01T07:43:23.000Z	Rosepoint	ROSEP-c21bff07-b678-4dfb-ab54-a111660d6cfa	2024-05-31T21:26:26Z	2024-06-01T03:27:02Z	keep	unique_1e-6_lattice_submission
csb/csv/2024/06/01/20240601032800413242_3b0c5ff2-0998-11eb-8eb6-98be942a5b5a_pointData.csv	191210	4d0fd7f202464e479a09a057c36404a3-1	2024-06-01T07:43:24.000Z	PGS	PGS-3b0c5ff2-0998-11eb-8eb6-98be942a5b5a	2024-06-01T02:00:00Z	2024-06-01T02:59:57Z	exclude	provider_mixed_1e-4_and_1e-6_lattice
csb/csv/2024/06/01/20240601033240536338_c397eae3-6787-4d49-abbe-1de3758956f5_pointData.csv	3483830	80416e33282429e0062b5bf22d15ca2b-1	2024-06-01T07:43:29.000Z	Rosepoint	ROSEP-c397eae3-6787-4d49-abbe-1de3758956f5	2024-05-31T21:31:46Z	2024-06-01T03:32:09Z	keep	unique_1e-6_lattice_submission
csb/csv/2024/06/01/20240601034247913358_834f85c2-0999-11eb-a100-98be942a5b5a_pointData.csv	193021	c78c9a51a4c3e270242d2df15b1f41d9-1	2024-06-01T07:43:28.000Z	PGS	PGS-834f85c2-0999-11eb-a100-98be942a5b5a	2024-06-01T02:00:01Z	2024-06-01T02:59:58Z	exclude	provider_mixed_1e-4_and_1e-6_lattice
csb/csv/2024/06/01/20240601040036930900_bobetter_pointData.csv	667822	bc9d7ef0e759218e5bc83f56c96985b0-1	2024-06-01T07:43:24.000Z	AquaMap	AQM-bobetter	2024-06-01T01:18:19Z	2024-06-01T03:03:00Z	exclude	provider_off_lattice_float_repr
csb/csv/2024/06/01/20240601040116995604_65e8651f30ed69-21362319_pointData.csv	50059	0d690203abda8c4db7a31fac7aa51f39-1	2024-06-01T07:43:28.000Z	AquaMap	AQM-65e8651f30ed69-21362319	2024-06-01T03:03:30Z	2024-06-01T03:09:32Z	exclude	provider_off_lattice_float_repr
csb/csv/2024/06/01/20240601040247643459_11ce5241-356b-43ba-9456-f56555e0751a_pointData.csv	477162	c16769c2e63f23345bd7fb69c1a9ea28-1	2024-06-01T07:43:24.000Z	Rosepoint	ROSEP-11ce5241-356b-43ba-9456-f56555e0751a	2024-05-31T22:05:23Z	2024-06-01T04:02:44Z	keep	unique_1e-6_lattice_submission
csb/csv/2024/06/01/20240601041013891146_e557a017-0c75-4365-808a-680673bbb79e_pointData.csv	61722	256961827adc84224df8f516d1921631-1	2024-06-01T07:43:28.000Z	Rosepoint	ROSEP-e557a017-0c75-4365-808a-680673bbb79e	2024-05-31T22:04:50Z	2024-06-01T04:09:49Z	keep	unique_1e-6_lattice_submission
csb/csv/2024/06/01/20240601042050704164_834f85c2-0999-11eb-a100-98be942a5b5a_pointData.csv	192983	6f56c906e071ac23af943a0cdcd52838-1	2024-06-01T07:43:26.000Z	PGS	PGS-834f85c2-0999-11eb-a100-98be942a5b5a	2024-06-01T03:00:01Z	2024-06-01T03:59:58Z	exclude	provider_mixed_1e-4_and_1e-6_lattice
csb/csv/2024/06/01/20240601043653094609_f7904f6e-9198-4732-ad84-25948b446b65_pointData.csv	61427	a176cfffda07c67bcc2078129925cbff-1	2024-06-01T07:43:29.000Z	Rosepoint	ROSEP-f7904f6e-9198-4732-ad84-25948b446b65	2004-10-15T22:37:06Z	2004-10-16T04:36:24Z	keep	unique_1e-6_lattice_submission
csb/csv/2024/06/01/20240601043754284867_62641c86-2ffe-4cee-b9c0-7ee36c1ad599_pointData.csv	532372	dafc740b33e32bd275431a6204d4e6b9-1	2024-06-01T07:43:30.000Z	Rosepoint	ROSEP-62641c86-2ffe-4cee-b9c0-7ee36c1ad599	2024-05-31T22:36:55Z	2024-06-01T04:37:47Z	keep	unique_1e-6_lattice_submission
csb/csv/2024/06/01/20240601044006744837_70946e11-d3aa-412d-8427-c23af3e246e3_pointData.csv	63848	816fba9e24b6ae57ab873d5b57c24e36-1	2024-06-01T07:43:27.000Z	Rosepoint	ROSEP-70946e11-d3aa-412d-8427-c23af3e246e3	2024-05-31T22:39:16Z	2024-06-01T04:39:56Z	keep	unique_1e-6_lattice_submission
csb/csv/2024/06/01/20240601044358485296_ec72276e-3e2b-4d56-82bb-111fc86cbd77_pointData.csv	190863	c09871ee90059cb992f43f25f052d47e-1	2024-06-01T07:43:25.000Z	PGS	PGS-ec72276e-3e2b-4d56-82bb-111fc86cbd77	2024-06-01T03:00:02Z	2024-06-01T03:59:59Z	exclude	provider_mixed_1e-4_and_1e-6_lattice
csb/csv/2024/06/01/20240601045121264240_3b0c5ff2-0998-11eb-8eb6-98be942a5b5a_pointData.csv	193474	bbb8a19c62bae6795b08cb6ce182894e-1	2024-06-01T07:43:31.000Z	PGS	PGS-3b0c5ff2-0998-11eb-8eb6-98be942a5b5a	2024-06-01T03:00:00Z	2024-06-01T03:59:57Z	exclude	provider_mixed_1e-4_and_1e-6_lattice
csb/csv/2024/06/01/20240601050018305686_bobetter_pointData.csv	668436	8719644dfb2b5d85d03c3e456adcf523-1	2024-06-01T07:43:25.000Z	AquaMap	AQM-bobetter	2024-06-01T03:03:01Z	2024-06-01T04:47:40Z	exclude	provider_off_lattice_float_repr
csb/csv/2024/06/01/20240601051307773470_4411b9ca-6b0e-47d2-a6be-36e60a3b577a_pointData.csv	3451484	ba2f1d885dc3d0ac70f41d9832d788bd-1	2024-06-01T07:43:33.000Z	Rosepoint	ROSEP-4411b9ca-6b0e-47d2-a6be-36e60a3b577a	2024-05-31T23:11:35Z	2024-06-01T05:13:01Z	keep	unique_1e-6_lattice_submission
csb/csv/2024/06/01/20240601052538211092_ec72276e-3e2b-4d56-82bb-111fc86cbd77_pointData.csv	190863	14fbf29878ac1e981643c31a7b114790-1	2024-06-01T07:43:30.000Z	PGS	PGS-ec72276e-3e2b-4d56-82bb-111fc86cbd77	2024-06-01T04:00:02Z	2024-06-01T04:59:59Z	exclude	provider_mixed_1e-4_and_1e-6_lattice
csb/csv/2024/06/01/20240601053231731834_3b0c5ff2-0998-11eb-8eb6-98be942a5b5a_pointData.csv	200143	99cb439e4c810f6ce64c279ba7132ece-1	2024-06-01T07:43:31.000Z	PGS	PGS-3b0c5ff2-0998-11eb-8eb6-98be942a5b5a	2024-06-01T04:00:00Z	2024-06-01T04:59:58Z	exclude	provider_mixed_1e-4_and_1e-6_lattice
csb/csv/2024/06/01/20240601054204971077_834f85c2-0999-11eb-a100-98be942a5b5a_pointData.csv	193007	b867f5e4c5b0946eff7663602517eca5-1	2024-06-01T07:43:27.000Z	PGS	PGS-834f85c2-0999-11eb-a100-98be942a5b5a	2024-06-01T04:00:01Z	2024-06-01T04:59:58Z	exclude	provider_mixed_1e-4_and_1e-6_lattice
csb/csv/2024/06/01/20240601054419064029_8250175b-3c29-4906-8437-5106955c99c6_pointData.csv	3445588	2f5e3bb427907c86ce8f0ed47247111f-1	2024-06-01T07:43:28.000Z	Rosepoint	ROSEP-8250175b-3c29-4906-8437-5106955c99c6	2024-05-31T23:42:56Z	2024-06-01T05:44:13Z	keep	unique_1e-6_lattice_submission
csb/csv/2024/06/01/20240601055739026584_e150d9fe-d3d7-4d47-ba18-f82688e01b85_pointData.csv	60637	fe01a4fd295d96958dc5eeb3d715df78-1	2024-06-01T07:43:33.000Z	Rosepoint	ROSEP-e150d9fe-d3d7-4d47-ba18-f82688e01b85	2024-05-31T23:54:32Z	2024-06-01T05:56:44Z	keep	unique_1e-6_lattice_submission
csb/csv/2024/06/01/20240601055941916242_50008c0e-ffea-48f3-9404-a4375c9e9843_pointData.csv	630623	f8b250bc2279a3cf63004f70a3c27da3-1	2024-06-01T07:43:27.000Z	Rosepoint	ROSEP-50008c0e-ffea-48f3-9404-a4375c9e9843	2024-06-01T04:50:53Z	2024-06-01T05:59:39Z	keep	unique_1e-6_lattice_submission
csb/csv/2024/06/01/20240601060731104250_061e2f30-c234-4cf0-b880-42bb03ab857d_pointData.csv	58824	852d1c81433f8f72fa881e1aadc1048f-1	2024-06-01T07:43:26.000Z	Rosepoint	ROSEP-061e2f30-c234-4cf0-b880-42bb03ab857d	2024-06-01T00:06:49Z	2024-06-01T06:06:49Z	keep	unique_1e-6_lattice_submission
csb/csv/2024/06/01/20240601060924954889_ec72276e-3e2b-4d56-82bb-111fc86cbd77_pointData.csv	190863	df9bc210689a00b0b6651c544f788065-1	2024-06-01T07:43:34.000Z	PGS	PGS-ec72276e-3e2b-4d56-82bb-111fc86cbd77	2024-06-01T05:00:02Z	2024-06-01T05:59:59Z	exclude	provider_mixed_1e-4_and_1e-6_lattice
csb/csv/2024/06/01/20240601061457969114_3b0c5ff2-0998-11eb-8eb6-98be942a5b5a_pointData.csv	196003	9b1cfa74a4eee775781453fd901edbc9-1	2024-06-01T07:43:27.000Z	PGS	PGS-3b0c5ff2-0998-11eb-8eb6-98be942a5b5a	2024-06-01T05:00:01Z	2024-06-01T05:59:58Z	exclude	provider_mixed_1e-4_and_1e-6_lattice
csb/csv/2024/06/01/20240601062015719562_56f26f84-bafc-4b36-8454-b8546bddcf1d_pointData.csv	62931	8d330b7aabf02547f709a6afc1083e2d-1	2024-06-01T07:43:27.000Z	Rosepoint	ROSEP-56f26f84-bafc-4b36-8454-b8546bddcf1d	2004-10-16T00:19:32Z	2004-10-16T06:20:01Z	keep	unique_1e-6_lattice_submission
csb/csv/2024/06/01/20240601062805860835_672e2884-f0ed-44dc-b9bb-56d79261e4f1_pointData.csv	60773	5cd6015336d77ef91f426b1de8b76984-1	2024-06-01T07:43:34.000Z	Rosepoint	ROSEP-672e2884-f0ed-44dc-b9bb-56d79261e4f1	2024-06-01T00:27:03Z	2024-06-01T06:27:30Z	keep	unique_1e-6_lattice_submission
csb/csv/2024/06/01/20240601063302537017_834f85c2-0999-11eb-a100-98be942a5b5a_pointData.csv	192975	d3200600706d9dc4098a4a169f5114e8-1	2024-06-01T07:43:28.000Z	PGS	PGS-834f85c2-0999-11eb-a100-98be942a5b5a	2024-06-01T05:00:01Z	2024-06-01T05:59:58Z	exclude	provider_mixed_1e-4_and_1e-6_lattice
csb/csv/2024/06/01/20240601064234240733_0d1b6ce0-e5ec-40f1-99a9-2187e8d08bf4_pointData.csv	703494	f7971a5a522cdf90b2bcac1fe4b425d4-1	2024-06-01T07:43:28.000Z	Rosepoint	ROSEP-0d1b6ce0-e5ec-40f1-99a9-2187e8d08bf4	2004-10-16T00:42:18Z	2004-10-16T06:41:43Z	keep	unique_1e-6_lattice_submission
csb/csv/2024/06/01/20240601065630008247_f73d4b8d-97c0-48ab-9200-c313709c76d0_pointData.csv	1507450	7f27d859925825bd1a43ba92ec71dfa4-1	2024-06-01T07:43:30.000Z	Rosepoint	ROSEP-f73d4b8d-97c0-48ab-9200-c313709c76d0	2024-06-01T03:14:49Z	2024-06-01T06:56:05Z	keep	unique_1e-6_lattice_submission
csb/csv/2024/06/01/20240601065751317902_071ba46a-9793-4306-a970-8461bae10e77_pointData.csv	60830	7eefdc44d44af870eb56f08ccd5791fc-1	2024-06-01T07:43:35.000Z	Rosepoint	ROSEP-071ba46a-9793-4306-a970-8461bae10e77	2004-10-16T00:56:37Z	2004-10-16T06:57:44Z	keep	unique_1e-6_lattice_submission
csb/csv/2024/06/01/20240601070058787588_b46dfd84-2ce8-4a25-a16b-4af10b8eb60e_pointData.csv	61323	f17f05a5fbd8f9b64fa7049cff476533-1	2024-06-01T13:32:06.000Z	Rosepoint	ROSEP-b46dfd84-2ce8-4a25-a16b-4af10b8eb60e	2024-06-01T01:00:24Z	2024-06-01T07:00:46Z	keep	unique_1e-6_lattice_submission
csb/csv/2024/06/01/20240601070104795958_bobetter_pointData.csv	668755	f912966d0c52fe2176c938c3a3c99814-1	2024-06-01T13:32:02.000Z	AquaMap	AQM-bobetter	2024-06-01T04:47:41Z	2024-06-01T06:30:30Z	exclude	provider_off_lattice_float_repr
csb/csv/2024/06/01/20240601070143298336_83e03090-0999-11eb-b6ea-98be942a5b5a_pointData.csv	200192	425add1789a213f0934450d7fe1f44fd-1	2024-06-01T13:31:51.000Z	PGS	PGS-83e03090-0999-11eb-b6ea-98be942a5b5a	2024-06-01T04:00:01Z	2024-06-01T04:59:58Z	exclude	provider_mixed_1e-4_and_1e-6_lattice
csb/csv/2024/06/01/20240601070653992873_cdd0edb8-c483-4c48-be4d-93f29dcbc26c_pointData.csv	59685	031ff3e76f56595fe1eb6b75f2a7cdcb-1	2024-06-01T13:31:51.000Z	Rosepoint	ROSEP-cdd0edb8-c483-4c48-be4d-93f29dcbc26c	2024-06-01T01:06:25Z	2024-06-01T07:06:42Z	keep	unique_1e-6_lattice_submission
csb/csv/2024/06/01/20240601072029480553_834f85c2-0999-11eb-a100-98be942a5b5a_pointData.csv	192999	57f4250f8936247b29c7b3e78d62ef4a-1	2024-06-01T13:31:51.000Z	PGS	PGS-834f85c2-0999-11eb-a100-98be942a5b5a	2024-06-01T06:00:01Z	2024-06-01T06:59:58Z	exclude	provider_mixed_1e-4_and_1e-6_lattice
csb/csv/2024/06/01/20240601073059060615_251e0ec1-5645-476e-8563-9f34939f5d72_pointData.csv	315309	34bb177efb82c971d03d9f33a16587b3-1	2024-06-01T13:31:51.000Z	Rosepoint	ROSEP-251e0ec1-5645-476e-8563-9f34939f5d72	2024-06-01T01:30:10Z	2024-06-01T07:30:22Z	keep	unique_1e-6_lattice_submission
csb/csv/2024/06/01/20240601073706330670_83e03090-0999-11eb-b6ea-98be942a5b5a_pointData.csv	200227	73fc7cc26e2e280145001fa61f9fd0cc-1	2024-06-01T13:31:52.000Z	PGS	PGS-83e03090-0999-11eb-b6ea-98be942a5b5a	2024-06-01T05:00:01Z	2024-06-01T05:59:58Z	exclude	provider_mixed_1e-4_and_1e-6_lattice
csb/csv/2024/06/01/20240601074136332374_4606e387-998b-46fb-b5a6-02c7eafa03da_pointData.csv	1229632	3f67fa8c492e575fa4e5a672525f246b-1	2024-06-01T13:31:52.000Z	Rosepoint	ROSEP-4606e387-998b-46fb-b5a6-02c7eafa03da	2004-10-16T01:41:24Z	2004-10-16T07:41:34Z	keep	unique_1e-6_lattice_submission
csb/csv/2024/06/01/20240601074423630543_ec72276e-3e2b-4d56-82bb-111fc86cbd77_pointData.csv	190863	eab3e529c132a8c0370b2fd850b1c990-1	2024-06-01T13:31:52.000Z	PGS	PGS-ec72276e-3e2b-4d56-82bb-111fc86cbd77	2024-06-01T06:00:02Z	2024-06-01T06:59:59Z	exclude	provider_mixed_1e-4_and_1e-6_lattice
csb/csv/2024/06/01/20240601075107874059_3b0c5ff2-0998-11eb-8eb6-98be942a5b5a_pointData.csv	201217	3957aa883783c633a4b56e990bba8d7e-1	2024-06-01T13:31:52.000Z	PGS	PGS-3b0c5ff2-0998-11eb-8eb6-98be942a5b5a	2024-06-01T06:00:01Z	2024-06-01T06:59:58Z	exclude	provider_mixed_1e-4_and_1e-6_lattice
csb/csv/2024/06/01/20240601082040891094_83e03090-0999-11eb-b6ea-98be942a5b5a_pointData.csv	200230	1cb10d2f2bdc9234cf2f854adfac3ac4-1	2024-06-01T13:31:52.000Z	PGS	PGS-83e03090-0999-11eb-b6ea-98be942a5b5a	2024-06-01T06:00:01Z	2024-06-01T06:59:58Z	exclude	provider_mixed_1e-4_and_1e-6_lattice
csb/csv/2024/06/01/20240601082343024547_ec72276e-3e2b-4d56-82bb-111fc86cbd77_pointData.csv	190863	6378c9dcdb7cff129ee3d14c57f98510-1	2024-06-01T13:31:52.000Z	PGS	PGS-ec72276e-3e2b-4d56-82bb-111fc86cbd77	2024-06-01T07:00:02Z	2024-06-01T07:59:59Z	exclude	provider_mixed_1e-4_and_1e-6_lattice
csb/csv/2024/06/01/20240601082532182371_3b0c5ff2-0998-11eb-8eb6-98be942a5b5a_pointData.csv	201155	9f65a740e595d1845f81a6c9205a1c26-1	2024-06-01T13:31:52.000Z	PGS	PGS-3b0c5ff2-0998-11eb-8eb6-98be942a5b5a	2024-06-01T07:00:01Z	2024-06-01T07:59:58Z	exclude	provider_mixed_1e-4_and_1e-6_lattice
csb/csv/2024/06/01/20240601083158232240_398c56de-e541-4380-9ee4-589ec53f46f6_pointData.csv	3283702	b5b58ee76ec635e3db510f2ab4b5c958-1	2024-06-01T13:31:54.000Z	Rosepoint	ROSEP-398c56de-e541-4380-9ee4-589ec53f46f6	2024-06-01T02:30:31Z	2024-06-01T08:31:51Z	keep	unique_1e-6_lattice_submission
csb/csv/2024/06/01/20240601083308388780_0dc4d7c1-f541-476d-a76b-72fb09ad1bd2_pointData.csv	63066	aeed2d4b7edd731669d639be4b53bd36-1	2024-06-01T13:31:53.000Z	Rosepoint	ROSEP-0dc4d7c1-f541-476d-a76b-72fb09ad1bd2	2024-06-01T02:33:28Z	2024-06-01T08:32:36Z	keep	unique_1e-6_lattice_submission
csb/csv/2024/06/01/20240601083850072887_4f651d43-9a33-452c-9299-6ab08ed9d831_pointData.csv	1432904	f9bcb4d50d897fe15d6bb3bc038f7593-1	2024-06-01T13:31:53.000Z	Rosepoint	ROSEP-4f651d43-9a33-452c-9299-6ab08ed9d831	2024-06-01T02:38:38Z	2024-06-01T08:38:46Z	keep	unique_1e-6_lattice_submission
csb/csv/2024/06/01/20240601084151174067_834f85c2-0999-11eb-a100-98be942a5b5a_pointData.csv	193030	94ede3fe647ad74beed72b621a3c4a49-1	2024-06-01T13:31:53.000Z	PGS	PGS-834f85c2-0999-11eb-a100-98be942a5b5a	2024-06-01T07:00:01Z	2024-06-01T07:59:58Z	exclude	provider_mixed_1e-4_and_1e-6_lattice
csb/csv/2024/06/01/20240601084712793085_53df1aa6-1feb-47dc-a374-3880fae210fd_pointData.csv	3981503	4da2deac62432c9692f39a82107dea3b-1	2024-06-01T13:31:54.000Z	Rosepoint	ROSEP-53df1aa6-1feb-47dc-a374-3880fae210fd	2024-05-31T22:00:32Z	2024-06-01T05:04:00Z	keep	unique_1e-6_lattice_submission
csb/csv/2024/06/01/20240601085719999164_cb1bbd67-78e2-4b5f-97e4-4ab1661c7454_pointData.csv	59668	117da874d9656f8599c26da2b10e26da-1	2024-06-01T13:31:54.000Z	Rosepoint	ROSEP-cb1bbd67-78e2-4b5f-97e4-4ab1661c7454	2024-06-01T02:56:42Z	2024-06-01T08:56:35Z	keep	unique_1e-6_lattice_submission
csb/csv/2024/06/01/20240601090059713487_bobetter_pointData.csv	665638	ba167902d7fdabdd3e2ec8c63cc30177-1	2024-06-01T13:31:53.000Z	AquaMap	AQM-bobetter	2024-06-01T06:30:31Z	2024-06-01T08:13:04Z	exclude	provider_off_lattice_float_repr
csb/csv/2024/06/01/20240601091736807869_7b826ae3-a7ed-49aa-a9b3-d09ff19b38cd_pointData.csv	1182096	1e83c00d0c6b7be0252d5eaeaf6fb83b-1	2024-06-01T13:31:55.000Z	Rosepoint	ROSEP-7b826ae3-a7ed-49aa-a9b3-d09ff19b38cd	2024-05-28T22:40:59Z	2024-05-29T05:56:08Z	keep	unique_1e-6_lattice_submission
csb/csv/2024/06/01/20240601091951843403_834f85c2-0999-11eb-a100-98be942a5b5a_pointData.csv	193013	151f3917a5b54da4843a93f4746fd850-1	2024-06-01T13:31:54.000Z	PGS	PGS-834f85c2-0999-11eb-a100-98be942a5b5a	2024-06-01T08:00:01Z	2024-06-01T08:59:58Z	exclude	provider_mixed_1e-4_and_1e-6_lattice
csb/csv/2024/06/01/20240601092837960393_c21bff07-b678-4dfb-ab54-a111660d6cfa_pointData.csv	1352697	450a1d74e761263af33c15bb644a1d88-1	2024-06-01T13:31:55.000Z	Rosepoint	ROSEP-c21bff07-b678-4dfb-ab54-a111660d6cfa	2024-06-01T03:28:02Z	2024-06-01T09:28:31Z	keep	unique_1e-6_lattice_submission
csb/csv/2024/06/01/20240601093340190292_c397eae3-6787-4d49-abbe-1de3758956f5_pointData.csv	3229487	d8e66606617e047a0d02cac61ff20c03-1	2024-06-01T13:31:56.000Z	Rosepoint	ROSEP-c397eae3-6787-4d49-abbe-1de3758956f5	2024-06-01T03:32:10Z	2024-06-01T09:33:35Z	keep	unique_1e-6_lattice_submission
csb/csv/2024/06/01/20240601093927196971_83e03090-0999-11eb-b6ea-98be942a5b5a_pointData.csv	194227	770e09551af95c487ff1df37b79416a6-1	2024-06-01T13:31:54.000Z	PGS	PGS-83e03090-0999-11eb-b6ea-98be942a5b5a	2024-06-01T07:00:01Z	2024-06-01T07:59:58Z	exclude	provider_mixed_1e-4_and_1e-6_lattice
csb/csv/2024/06/01/20240601094226948030_ec72276e-3e2b-4d56-82bb-111fc86cbd77_pointData.csv	190863	d3a24fdbb9c92c8a166b2fc5a5cdbc17-1	2024-06-01T13:31:56.000Z	PGS	PGS-ec72276e-3e2b-4d56-82bb-111fc86cbd77	2024-06-01T08:00:02Z	2024-06-01T08:59:59Z	exclude	provider_mixed_1e-4_and_1e-6_lattice
csb/csv/2024/06/01/20240601094914948356_3b0c5ff2-0998-11eb-8eb6-98be942a5b5a_pointData.csv	201050	23a4560e157463671dd5748dc95fe84f-1	2024-06-01T13:31:54.000Z	PGS	PGS-3b0c5ff2-0998-11eb-8eb6-98be942a5b5a	2024-06-01T08:00:01Z	2024-06-01T08:59:58Z	exclude	provider_mixed_1e-4_and_1e-6_lattice
csb/csv/2024/06/01/20240601100058862123_bobetter_pointData.csv	668133	b5539be291ca456bf2d4fcded7ca8d78-1	2024-06-01T13:31:56.000Z	AquaMap	AQM-bobetter	2024-06-01T08:13:05Z	2024-06-01T09:57:17Z	exclude	provider_off_lattice_float_repr
csb/csv/2024/06/01/20240601100407647929_11ce5241-356b-43ba-9456-f56555e0751a_pointData.csv	601195	6e564d878504b0de79458cd053131870-1	2024-06-01T13:31:56.000Z	Rosepoint	ROSEP-11ce5241-356b-43ba-9456-f56555e0751a	2024-06-01T04:02:45Z	2024-06-01T10:03:49Z	keep	unique_1e-6_lattice_submission
csb/csv/2024/06/01/20240601101248728958_e557a017-0c75-4365-808a-680673bbb79e_pointData.csv	1021445	b092ee6eb3823bc9fa1190cd641919e7-1	2024-06-01T13:31:57.000Z	Rosepoint	ROSEP-e557a017-0c75-4365-808a-680673bbb79e	2024-06-01T04:10:50Z	2024-06-01T10:11:16Z	keep	unique_1e-6_lattice_submission
csb/csv/2024/06/01/20240601101511628249_83e03090-0999-11eb-b6ea-98be942a5b5a_pointData.csv	194175	1b2a4aa55f5a8fe32cdc57198f9985d8-1	2024-06-01T13:31:55.000Z	PGS	PGS-83e03090-0999-11eb-b6ea-98be942a5b5a	2024-06-01T08:00:01Z	2024-06-01T08:59:58Z	exclude	provider_mixed_1e-4_and_1e-6_lattice
csb/csv/2024/06/01/20240601102023054508_ec72276e-3e2b-4d56-82bb-111fc86cbd77_pointData.csv	190863	6eb7b0c11cbf07d5db2769dcdbb6feb4-1	2024-06-01T13:31:56.000Z	PGS	PGS-ec72276e-3e2b-4d56-82bb-111fc86cbd77	2024-06-01T09:00:02Z	2024-06-01T09:59:59Z	exclude	provider_mixed_1e-4_and_1e-6_lattice
csb/csv/2024/06/01/20240601102754353705_3b0c5ff2-0998-11eb-8eb6-98be942a5b5a_pointData.csv	198724	feee0e0235d976cc6d9aea330b15eadb-1	2024-06-01T13:31:57.000Z	PGS	PGS-3b0c5ff2-0998-11eb-8eb6-98be942a5b5a	2024-06-01T09:00:01Z	2024-06-01T09:59:58Z	exclude	provider_mixed_1e-4_and_1e-6_lattice
csb/csv/2024/06/01/20240601103635119284_834f85c2-0999-11eb-a100-98be942a5b5a_pointData.csv	193019	0bcc58bd5c734beb666ebf49956b1986-1	2024-06-01T13:31:55.000Z	PGS	PGS-834f85c2-0999-11eb-a100-98be942a5b5a	2024-06-01T09:00:01Z	2024-06-01T09:59:58Z	exclude	provider_mixed_1e-4_and_1e-6_lattice
csb/csv/2024/06/01/20240601103714431364_f7904f6e-9198-4732-ad84-25948b446b65_pointData.csv	61295	52c56b529bfa41eb4e3f3933e00a3f6b-1	2024-06-01T13:31:56.000Z	Rosepoint	ROSEP-f7904f6e-9198-4732-ad84-25948b446b65	2004-10-16T04:37:24Z	2004-10-16T10:36:47Z	keep	unique_1e-6_lattice_submission
csb/csv/2024/06/01/20240601103819221449_62641c86-2ffe-4cee-b9c0-7ee36c1ad599_pointData.csv	60119	e954739d530c179d149141cf8a50038e-1	2024-06-01T13:31:58.000Z	Rosepoint	ROSEP-62641c86-2ffe-4cee-b9c0-7ee36c1ad599	2024-06-01T04:38:47Z	2024-06-01T10:37:24Z	keep	unique_1e-6_lattice_submission
csb/csv/2024/06/01/20240601104126996842_70946e11-d3aa-412d-8427-c23af3e246e3_pointData.csv	63663	af22281883dd92b55bef33fbf760621f-1	2024-06-01T13:31:56.000Z	Rosepoint	ROSEP-70946e11-d3aa-412d-8427-c23af3e246e3	2024-06-01T04:40:56Z	2024-06-01T10:40:41Z	keep	unique_1e-6_lattice_submission
csb/csv/2024/06/01/20240601110747205742_f2433161-0ce8-489b-9594-2a504317d8fd_pointData.csv	51505	ad5bcfbdb200b182c56d3c73f2018230-1	2024-06-01T13:31:58.000Z	Rosepoint	ROSEP-f2433161-0ce8-489b-9594-2a504317d8fd	2004-10-15T21:05:50Z	2004-10-15T22:44:08Z	keep	unique_1e-6_lattice_submission
csb/csv/2024/06/01/20240601111433806982_4411b9ca-6b0e-47d2-a6be-36e60a3b577a_pointData.csv	3084896	791d83f2caf6076d146be2cb77d6568e-1	2024-06-01T13:31:57.000Z	Rosepoint	ROSEP-4411b9ca-6b0e-47d2-a6be-36e60a3b577a	2024-06-01T05:13:02Z	2024-06-01T11:13:26Z	keep	unique_1e-6_lattice_submission
csb/csv/2024/06/01/20240601111608434577_f2433161-0ce8-489b-9594-2a504317d8fd_pointData.csv	1290	7e9a777e8e8a6e4a57fee67e889f08bc-1	2024-06-01T13:31:56.000Z	Rosepoint	ROSEP-f2433161-0ce8-489b-9594-2a504317d8fd	2004-10-16T11:07:22Z	2004-10-16T11:13:26Z	keep	unique_1e-6_lattice_submission
csb/csv/2024/06/01/20240601112008984253_834f85c2-0999-11eb-a100-98be942a5b5a_pointData.csv	193047	302a73ca28b513afdff45b523c8b0337-1	2024-06-01T13:31:58.000Z	PGS	PGS-834f85c2-0999-11eb-a100-98be942a5b5a	2024-06-01T10:00:01Z	2024-06-01T10:59:58Z	exclude	provider_mixed_1e-4_and_1e-6_lattice
csb/csv/2024/06/01/20240601114047590846_ec72276e-3e2b-4d56-82bb-111fc86cbd77_pointData.csv	190863	0a7d6947bca0d685560d4ab6ab840759-1	2024-06-01T13:31:58.000Z	PGS	PGS-ec72276e-3e2b-4d56-82bb-111fc86cbd77	2024-06-01T10:00:02Z	2024-06-01T10:59:59Z	exclude	provider_mixed_1e-4_and_1e-6_lattice
csb/csv/2024/06/01/20240601114446250762_8250175b-3c29-4906-8437-5106955c99c6_pointData.csv	2613303	b0f6a3682c58fc4872ed32a83324ff45-1	2024-06-01T13:31:59.000Z	Rosepoint	ROSEP-8250175b-3c29-4906-8437-5106955c99c6	2024-06-01T05:44:14Z	2024-06-01T11:44:34Z	keep	unique_1e-6_lattice_submission
csb/csv/2024/06/01/20240601114705297134_3b0c5ff2-0998-11eb-8eb6-98be942a5b5a_pointData.csv	190619	dd76d2072471dcb62f6e138187a5fe70-1	2024-06-01T13:31:57.000Z	PGS	PGS-3b0c5ff2-0998-11eb-8eb6-98be942a5b5a	2024-06-01T10:00:01Z	2024-06-01T10:59:58Z	exclude	provider_mixed_1e-4_and_1e-6_lattice
csb/csv/2024/06/01/20240601115012207970_50008c0e-ffea-48f3-9404-a4375c9e9843_pointData.csv	3232994	e96c3c7bdf75a82e53de7d7837c56154-1	2024-06-01T13:31:59.000Z	Rosepoint	ROSEP-50008c0e-ffea-48f3-9404-a4375c9e9843	2024-06-01T05:59:40Z	2024-06-01T11:48:54Z	keep	unique_1e-6_lattice_submission
csb/csv/2024/06/01/20240601120100016835_e150d9fe-d3d7-4d47-ba18-f82688e01b85_pointData.csv	1450353	2497176cf222b53f1661793257aeb2a4-1	2024-06-01T13:31:58.000Z	Rosepoint	ROSEP-e150d9fe-d3d7-4d47-ba18-f82688e01b85	2024-06-01T05:57:44Z	2024-06-01T12:00:23Z	keep	unique_1e-6_lattice_submission
csb/csv/2024/06/01/20240601120117890344_65e8651f30ed69-21362319_pointData.csv	123309	c927bec5dc88221a4abd0dc44b2dfb84-1	2024-06-01T13:31:58.000Z	AquaMap	AQM-65e8651f30ed69-21362319	2024-06-01T03:58:00Z	2024-06-01T04:15:03Z	exclude	provider_off_lattice_float_repr
csb/csv/2024/06/01/20240601120136990291_bobetter_pointData.csv	660646	3bf20a6983854423a6098196e835f38b-1	2024-06-01T13:31:59.000Z	AquaMap	AQM-bobetter	2024-06-01T09:57:18Z	2024-06-01T11:40:07Z	exclude	provider_off_lattice_float_repr
csb/csv/2024/06/01/20240601121050757340_061e2f30-c234-4cf0-b880-42bb03ab857d_pointData.csv	59922	47a448902824fa38261ff546fc03d170-1	2024-06-01T13:31:58.000Z	Rosepoint	ROSEP-061e2f30-c234-4cf0-b880-42bb03ab857d	2024-06-01T06:07:49Z	2024-06-01T12:10:46Z	keep	unique_1e-6_lattice_submission
csb/csv/2024/06/01/20240601122205844086_56f26f84-bafc-4b36-8454-b8546bddcf1d_pointData.csv	62947	0b46ec38f4fa0cf9591859ee362f3919-1	2024-06-01T13:31:57.000Z	Rosepoint	ROSEP-56f26f84-bafc-4b36-8454-b8546bddcf1d	2004-10-16T06:21:02Z	2004-10-16T12:21:27Z	keep	unique_1e-6_lattice_submission
csb/csv/2024/06/01/20240601122607746257_83e03090-0999-11eb-b6ea-98be942a5b5a_pointData.csv	199971	087243819b6c1368b2641d360553a76b-1	2024-06-01T13:31:58.000Z	PGS	PGS-83e03090-0999-11eb-b6ea-98be942a5b5a	2024-06-01T10:00:01Z	2024-06-01T10:59:58Z	exclude	provider_mixed_1e-4_and_1e-6_lattice
csb/csv/2024/06/01/20240601122925730256_672e2884-f0ed-44dc-b9bb-56d79261e4f1_pointData.csv	60763	77d71e09ac43d6f1ecd889c19cb7ce29-1	2024-06-01T13:31:59.000Z	Rosepoint	ROSEP-672e2884-f0ed-44dc-b9bb-56d79261e4f1	2024-06-01T06:28:30Z	2024-06-01T12:28:43Z	keep	unique_1e-6_lattice_submission
csb/csv/2024/06/01/20240601123021787160_ec72276e-3e2b-4d56-82bb-111fc86cbd77_pointData.csv	190704	1c729f6410d2eb103504332a6038d918-1	2024-06-01T13:32:00.000Z	PGS	PGS-ec72276e-3e2b-4d56-82bb-111fc86cbd77	2024-06-01T11:00:02Z	2024-06-01T11:59:56Z	exclude	provider_mixed_1e-4_and_1e-6_lattice
csb/csv/2024/06/01/20240601123229484951_3b0c5ff2-0998-11eb-8eb6-98be942a5b5a_pointData.csv	200972	5c0c53ebc12ab39bdff2f606d1f3d8d6-1	2024-06-01T13:31:58.000Z	PGS	PGS-3b0c5ff2-0998-11eb-8eb6-98be942a5b5a	2024-06-01T11:00:01Z	2024-06-01T11:59:58Z	exclude	provider_mixed_1e-4_and_1e-6_lattice
csb/csv/2024/06/01/20240601124300424041_0d1b6ce0-e5ec-40f1-99a9-2187e8d08bf4_pointData.csv	3406620	ce87b4c011485eab140463a94fbdd844-1	2024-06-01T13:32:01.000Z	Rosepoint	ROSEP-0d1b6ce0-e5ec-40f1-99a9-2187e8d08bf4	2004-10-16T06:42:43Z	2004-10-16T12:42:55Z	keep	unique_1e-6_lattice_submission
csb/csv/2024/06/01/20240601124844869726_834f85c2-0999-11eb-a100-98be942a5b5a_pointData.csv	193009	e443d344af8f52ff872408766a93f216-1	2024-06-01T13:31:58.000Z	PGS	PGS-834f85c2-0999-11eb-a100-98be942a5b5a	2024-06-01T11:00:01Z	2024-06-01T11:59:58Z	exclude	provider_mixed_1e-4_and_1e-6_lattice
csb/csv/2024/06/01/20240601125656722964_f73d4b8d-97c0-48ab-9200-c313709c76d0_pointData.csv	2622096	cddc5edad48b3018ad6f6e6ff8574880-1	2024-06-01T13:32:02.000Z	Rosepoint	ROSEP-f73d4b8d-97c0-48ab-9200-c313709c76d0	2024-06-01T06:56:17Z	2024-06-01T12:56:51Z	keep	unique_1e-6_lattice_submission
csb/csv/2024/06/01/20240601125911434273_071ba46a-9793-4306-a970-8461bae10e77_pointData.csv	60758	e5e6673392fcd884f0ab7125a336a0ed-1	2024-06-01T13:31:59.000Z	Rosepoint	ROSEP-071ba46a-9793-4306-a970-8461bae10e77	2004-10-16T06:58:44Z	2004-10-16T12:58:59Z	keep	unique_1e-6_lattice_submission
csb/csv/2024/06/01/20240601130056983517_bobetter_pointData.csv	350779	e1ab760b8c6deed610b81f6115cc0233-1	2024-06-01T13:31:59.000Z	AquaMap	AQM-bobetter	2024-06-01T11:40:08Z	2024-06-01T12:37:01Z	exclude	provider_off_lattice_float_repr
csb/csv/2024/06/01/20240601130218909088_b46dfd84-2ce8-4a25-a16b-4af10b8eb60e_pointData.csv	1188784	858ff0aaa74c803a4063628d7c833a46-1	2024-06-01T13:32:01.000Z	Rosepoint	ROSEP-b46dfd84-2ce8-4a25-a16b-4af10b8eb60e	2024-06-01T07:01:46Z	2024-06-01T13:01:39Z	keep	unique_1e-6_lattice_submission
csb/csv/2024/06/01/20240601130742015366_cdd0edb8-c483-4c48-be4d-93f29dcbc26c_pointData.csv	59433	f0adb1e0a4d29dc1dfa1b29a0d499465-1	2024-06-01T13:31:59.000Z	Rosepoint	ROSEP-cdd0edb8-c483-4c48-be4d-93f29dcbc26c	2024-06-01T07:07:43Z	2024-06-01T13:06:59Z	keep	unique_1e-6_lattice_submission
csb/csv/2024/06/01/20240601131004418017_ec72276e-3e2b-4d56-82bb-111fc86cbd77_pointData.csv	190863	f9c7021dfa7dc344e1da0978cef32f39-1	2024-06-01T13:32:02.000Z	PGS	PGS-ec72276e-3e2b-4d56-82bb-111fc86cbd77	2024-06-01T11:59:59Z	2024-06-01T12:59:57Z	exclude	provider_mixed_1e-4_and_1e-6_lattice
csb/csv/2024/06/01/20240601132342239203_834f85c2-0999-11eb-a100-98be942a5b5a_pointData.csv	192928	cb73afa5a23d0ab468d3fb2073c866e8-1	2024-06-01T13:31:59.000Z	PGS	PGS-834f85c2-0999-11eb-a100-98be942a5b5a	2024-06-01T12:00:01Z	2024-06-01T12:59:58Z	exclude	provider_mixed_1e-4_and_1e-6_lattice
csb/csv/2024/06/01/20240601133216140568_251e0ec1-5645-476e-8563-9f34939f5d72_pointData.csv	300988	5ebc1a9eafea175ad075d9a789770428-1	2024-06-01T19:26:27.000Z	Rosepoint	ROSEP-251e0ec1-5645-476e-8563-9f34939f5d72	2024-06-01T07:31:22Z	2024-06-01T13:31:29Z	keep	unique_1e-6_lattice_submission
csb/csv/2024/06/01/20240601134157426038_4606e387-998b-46fb-b5a6-02c7eafa03da_pointData.csv	3395777	dcbc12801a5a1e7c9741b0cf58d6b2ee-1	2024-06-01T19:26:28.000Z	Rosepoint	ROSEP-4606e387-998b-46fb-b5a6-02c7eafa03da	2004-10-16T07:41:35Z	2004-10-16T13:41:51Z	keep	unique_1e-6_lattice_submission
csb/csv/2024/06/01/20240601134413292693_83e03090-0999-11eb-b6ea-98be942a5b5a_pointData.csv	195047	4025c2b3d07a9581e704dd3a38471b07-1	2024-06-01T19:26:29.000Z	PGS	PGS-83e03090-0999-11eb-b6ea-98be942a5b5a	2024-06-01T11:00:01Z	2024-06-01T11:59:58Z	exclude	provider_mixed_1e-4_and_1e-6_lattice
csb/csv/2024/06/01/20240601140057504972_eclipse424gmail-com_pointData.csv	567679	c8443b063be306432ad4baa5292d48e3-1	2024-06-01T19:26:30.000Z	AquaMap	AQM-eclipse424gmail-com	2024-05-29T14:22:42Z	2024-05-29T15:53:58Z	exclude	provider_off_lattice_float_repr
csb/csv/2024/06/01/20240601140105410994_373e61a4-5650-43be-800f-e6197634cf6f_pointData.csv	24830	55c0ef1c30a59c13051a5b05f6615c86-1	2024-06-01T19:26:32.000Z	Rosepoint	ROSEP-373e61a4-5650-43be-800f-e6197634cf6f	2024-06-01T11:42:48Z	2024-06-01T14:00:57Z	keep	unique_1e-6_lattice_submission
csb/csv/2024/06/01/20240601140140307687_Joshg75_pointData.csv	654379	4774e920408ce5825bc0e597d0aed0de-1	2024-06-01T19:26:27.000Z	AquaMap	AQM-Joshg75	2024-06-01T11:50:40Z	2024-06-01T13:38:43Z	exclude	provider_off_lattice_float_repr
csb/csv/2024/06/01/20240601142456971245_83e03090-0999-11eb-b6ea-98be942a5b5a_pointData.csv	194177	e7d1889e9c89f1bbdbaa04206d5234f6-1	2024-06-01T19:26:29.000Z	PGS	PGS-83e03090-0999-11eb-b6ea-98be942a5b5a	2024-06-01T12:00:01Z	2024-06-01T12:59:58Z	exclude	provider_mixed_1e-4_and_1e-6_lattice
csb/csv/2024/06/01/20240601142845606717_ec72276e-3e2b-4d56-82bb-111fc86cbd77_pointData.csv	190863	ddac594dde7a8d1dd7c597aa2e96e00a-1	2024-06-01T19:26:30.000Z	PGS	PGS-ec72276e-3e2b-4d56-82bb-111fc86cbd77	2024-06-01T13:00:00Z	2024-06-01T13:59:57Z	exclude	provider_mixed_1e-4_and_1e-6_lattice
csb/csv/2024/06/01/20240601143318741823_398c56de-e541-4380-9ee4-589ec53f46f6_pointData.csv	1382947	29ab09e31e67561e3ffb8ca9944a8435-1	2024-06-01T19:26:32.000Z	Rosepoint	ROSEP-398c56de-e541-4380-9ee4-589ec53f46f6	2024-06-01T08:31:52Z	2024-06-01T14:32:21Z	keep	unique_1e-6_lattice_submission
csb/csv/2024/06/01/20240601143323678651_0dc4d7c1-f541-476d-a76b-72fb09ad1bd2_pointData.csv	62922	df55af4e1afc1af8564833cff90a7c56-1	2024-06-01T19:26:29.000Z	Rosepoint	ROSEP-0dc4d7c1-f541-476d-a76b-72fb09ad1bd2	2024-06-01T08:33:36Z	2024-06-01T14:32:55Z	keep	unique_1e-6_lattice_submission
csb/csv/2024/06/01/20240601143424971331_3b0c5ff2-0998-11eb-8eb6-98be942a5b5a_pointData.csv	167967	0f46e1bcc114d9dcb3ed022fba018d07-1	2024-06-01T19:26:28.000Z	PGS	PGS-3b0c5ff2-0998-11eb-8eb6-98be942a5b5a	2024-06-01T12:00:01Z	2024-06-01T12:59:58Z	exclude	provider_mixed_1e-4_and_1e-6_lattice
csb/csv/2024/06/01/20240601143425403213_3b0c5ff2-0998-11eb-8eb6-98be942a5b5a_pointData.csv	156731	1cbe5b12f0908b1a0d996dedb2884b54-1	2024-06-01T19:26:27.000Z	PGS	PGS-3b0c5ff2-0998-11eb-8eb6-98be942a5b5a	2024-06-01T13:00:01Z	2024-06-01T13:59:58Z	exclude	provider_mixed_1e-4_and_1e-6_lattice
csb/csv/2024/06/01/20240601144012360675_4f651d43-9a33-452c-9299-6ab08ed9d831_pointData.csv	3495926	f5c372242a7451a00bc6fcd14f08487d-1	2024-06-01T19:26:30.000Z	Rosepoint	ROSEP-4f651d43-9a33-452c-9299-6ab08ed9d831	2024-06-01T08:38:47Z	2024-06-01T14:40:06Z	keep	unique_1e-6_lattice_submission
csb/csv/2024/06/01/20240601144726844582_834f85c2-0999-11eb-a100-98be942a5b5a_pointData.csv	193026	242fb6e2cdba7c861e9440cff29cd0f4-1	2024-06-01T19:26:30.000Z	PGS	PGS-834f85c2-0999-11eb-a100-98be942a5b5a	2024-06-01T13:00:01Z	2024-06-01T13:59:58Z	exclude	provider_mixed_1e-4_and_1e-6_lattice
csb/csv/2024/06/01/20240601150027215747_michaelkernahan_pointData.csv	590089	ff4e12a9a4424aaf40ad1c7c7291f1f1-1	2024-06-01T19:26:31.000Z	AquaMap	AQM-michaelkernahan	2024-05-31T15:48:49Z	2024-05-31T17:05:22Z	exclude	provider_off_lattice_float_repr
csb/csv/2024/06/01/20240601150049623749_60814530103d97-21972437_pointData.csv	817753	ca2f770922d872dbea5642eedd8f3d96-1	2024-06-01T19:26:30.000Z	AquaMap	AQM-60814530103d97-21972437	2024-06-01T13:08:30Z	2024-06-01T14:46:20Z	exclude	provider_off_lattice_float_repr
csb/csv/2024/06/01/20240601150057301608_18351_pointData.csv	633692	6951405dcd8f46a653f88ab6ba0a7368-1	2024-06-01T19:26:31.000Z	AquaMap	AQM-18351	2024-06-01T12:31:29Z	2024-06-01T14:11:15Z	exclude	provider_off_lattice_float_repr
csb/csv/2024/06/01/20240601150702679039_ec72276e-3e2b-4d56-82bb-111fc86cbd77_pointData.csv	190863	fefc4db6652cc05e4bd0cba50d3f45a1-1	2024-06-01T19:26:29.000Z	PGS	PGS-ec72276e-3e2b-4d56-82bb-111fc86cbd77	2024-06-01T14:00:00Z	2024-06-01T14:59:57Z	exclude	provider_mixed_1e-4_and_1e-6_lattice
csb/csv/2024/06/01/20240601151853433638_2a7a4832-79a0-4b63-b732-fa30cea54358_pointData.csv	2311288	caac7a0b96170e76bb905c4066841626-1	2024-06-01T19:26:34.000Z	Rosepoint	ROSEP-2a7a4832-79a0-4b63-b732-fa30cea54358	2024-05-03T17:26:59Z	2024-05-05T16:59:53Z	keep	unique_1e-6_lattice_submission
csb/csv/2024/06/01/20240601151854976175_2a7a4832-79a0-4b63-b732-fa30cea54358_pointData.csv	1083498	792db9cd2931246d852488c2d9fbb596-1	2024-06-01T19:26:32.000Z	Rosepoint	ROSEP-2a7a4832-79a0-4b63-b732-fa30cea54358	2024-05-31T16:57:37Z	2024-05-31T22:47:22Z	keep	unique_1e-6_lattice_submission
csb/csv/2024/06/01/20240601152607087302_cb1bbd67-78e2-4b5f-97e4-4ab1661c7454_pointData.csv	2836882	5a8956f36b863502e2f8bff3d7f6b2b7-1	2024-06-01T19:26:32.000Z	Rosepoint	ROSEP-cb1bbd67-78e2-4b5f-97e4-4ab1661c7454	2024-06-01T08:57:35Z	2024-06-01T15:25:57Z	keep	unique_1e-6_lattice_submission
csb/csv/2024/06/01/20240601152653349066_834f85c2-0999-11eb-a100-98be942a5b5a_pointData.csv	193000	d5a6400dece80a96af90067f44be0c5f-1	2024-06-01T19:26:32.000Z	PGS	PGS-834f85c2-0999-11eb-a100-98be942a5b5a	2024-06-01T14:00:01Z	2024-06-01T14:59:58Z	exclude	provider_mixed_1e-4_and_1e-6_lattice
csb/csv/2024/06/01/20240601152952667362_c21bff07-b678-4dfb-ab54-a111660d6cfa_pointData.csv	715353	efcaec8ccad837d5cbb5f404d8d4a5d2-1	2024-06-01T19:26:30.000Z	Rosepoint	ROSEP-c21bff07-b678-4dfb-ab54-a111660d6cfa	2024-06-01T09:28:32Z	2024-06-01T15:29:29Z	keep	unique_1e-6_lattice_submission
csb/csv/2024/06/01/20240601153428180953_c397eae3-6787-4d49-abbe-1de3758956f5_pointData.csv	3434295	5d633ac511883d550b090c7a679306c2-1	2024-06-01T19:26:36.000Z	Rosepoint	ROSEP-c397eae3-6787-4d49-abbe-1de3758956f5	2024-06-01T09:33:36Z	2024-06-01T15:34:23Z	keep	unique_1e-6_lattice_submission
csb/csv/2024/06/01/20240601154410020106_83e03090-0999-11eb-b6ea-98be942a5b5a_pointData.csv	194188	0295e949d7685fec22ea6fff4b06f0db-1	2024-06-01T19:26:32.000Z	PGS	PGS-83e03090-0999-11eb-b6ea-98be942a5b5a	2024-06-01T13:00:01Z	2024-06-01T13:59:59Z	exclude	provider_mixed_1e-4_and_1e-6_lattice
csb/csv/2024/06/01/20240601160049748703_Joshg75_pointData.csv	535729	f95802e73ba5bbee403ad79ba901071b-1	2024-06-01T19:26:33.000Z	AquaMap	AQM-Joshg75	2024-06-01T13:38:44Z	2024-06-01T15:07:49Z	exclude	provider_off_lattice_float_repr
csb/csv/2024/06/01/20240601160124655281_bobetter_pointData.csv	602271	77f1c13f68baa97722c4d82b1fc427ef-1	2024-06-01T19:26:37.000Z	AquaMap	AQM-bobetter	2024-06-01T12:39:44Z	2024-06-01T14:40:01Z	exclude	provider_off_lattice_float_repr
csb/csv/2024/06/01/20240601160144185537_65e8651f30ed69-21362319_pointData.csv	16313	6000e94868c2213ceb919c5b20614859-1	2024-06-01T19:26:34.000Z	AquaMap	AQM-65e8651f30ed69-21362319	2024-06-01T11:49:42Z	2024-06-01T11:53:07Z	exclude	provider_off_lattice_float_repr
csb/csv/2024/06/01/20240601160523143563_11ce5241-356b-43ba-9456-f56555e0751a_pointData.csv	61169	c0b782edf7a07293a0d75756e9f67818-1	2024-06-01T19:26:33.000Z	Rosepoint	ROSEP-11ce5241-356b-43ba-9456-f56555e0751a	2024-06-01T10:04:50Z	2024-06-01T16:04:37Z	keep	unique_1e-6_lattice_submission
csb/csv/2024/06/01/20240601161554497937_e557a017-0c75-4365-808a-680673bbb79e_pointData.csv	1204979	725acb59b4fdd5147f64baa44240c8a1-1	2024-06-01T19:26:34.000Z	Rosepoint	ROSEP-e557a017-0c75-4365-808a-680673bbb79e	2024-06-01T10:16:50Z	2024-06-01T16:15:47Z	keep	unique_1e-6_lattice_submission
csb/csv/2024/06/01/20240601162424088862_ac5ff8d4-84be-43fd-9278-58fc93a0abc0_pointData.csv	47112	f71da086b5b1c85542d2a3c60c68dbe3-1	2024-06-01T19:26:34.000Z	Rosepoint	ROSEP-ac5ff8d4-84be-43fd-9278-58fc93a0abc0	2024-05-30T13:23:30Z	2024-05-30T17:57:47Z	keep	unique_1e-6_lattice_submission
csb/csv/2024/06/01/20240601162552141032_83e03090-0999-11eb-b6ea-98be942a5b5a_pointData.csv	194162	4c8f7be700d4e25c83cc4c02e066b275-1	2024-06-01T19:26:34.000Z	PGS	PGS-83e03090-0999-11eb-b6ea-98be942a5b5a	2024-06-01T14:00:02Z	2024-06-01T14:59:59Z	exclude	provider_mixed_1e-4_and_1e-6_lattice
csb/csv/2024/06/01/20240601162759928655_ec72276e-3e2b-4d56-82bb-111fc86cbd77_pointData.csv	190863	d4c2f6c90d5e8fb8b32ff15d936fdcd4-1	2024-06-01T19:26:33.000Z	PGS	PGS-ec72276e-3e2b-4d56-82bb-111fc86cbd77	2024-06-01T15:00:00Z	2024-06-01T15:59:57Z	exclude	provider_mixed_1e-4_and_1e-6_lattice
csb/csv/2024/06/01/20240601163731278111_3b0c5ff2-0998-11eb-8eb6-98be942a5b5a_pointData.csv	158772	7f270c9d75647a1a19a4f496a8e9c6cd-1	2024-06-01T19:26:35.000Z	PGS	PGS-3b0c5ff2-0998-11eb-8eb6-98be942a5b5a	2024-06-01T14:00:01Z	2024-06-01T14:59:49Z	exclude	provider_mixed_1e-4_and_1e-6_lattice
csb/csv/2024/06/01/20240601163732472849_f7904f6e-9198-4732-ad84-25948b446b65_pointData.csv	61091	0b8b71e8e2fb5b7a53c22deabf5879d6-1	2024-06-01T19:26:32.000Z	Rosepoint	ROSEP-f7904f6e-9198-4732-ad84-25948b446b65	2004-10-16T10:37:48Z	2004-10-16T16:36:55Z	keep	unique_1e-6_lattice_submission
csb/csv/2024/06/01/20240601163853602978_62641c86-2ffe-4cee-b9c0-7ee36c1ad599_pointData.csv	2404872	846d15e223dc09f317b01fd53f1c7986-1	2024-06-01T19:26:36.000Z	Rosepoint	ROSEP-62641c86-2ffe-4cee-b9c0-7ee36c1ad599	2024-06-01T10:38:25Z	2024-06-01T16:38:46Z	keep	unique_1e-6_lattice_submission
csb/csv/2024/06/01/20240601164244602686_70946e11-d3aa-412d-8427-c23af3e246e3_pointData.csv	219127	3906b6fcfe75bbb78a54bc8d9ece7d2c-1	2024-06-01T19:26:37.000Z	Rosepoint	ROSEP-70946e11-d3aa-412d-8427-c23af3e246e3	2024-06-01T10:41:41Z	2024-06-01T16:42:42Z	keep	unique_1e-6_lattice_submission
csb/csv/2024/06/01/20240601165055809957_834f85c2-0999-11eb-a100-98be942a5b5a_pointData.csv	192993	d7504c04ad9a737be2662cc1cddcced8-1	2024-06-01T19:26:33.000Z	PGS	PGS-834f85c2-0999-11eb-a100-98be942a5b5a	2024-06-01T15:00:01Z	2024-06-01T15:59:58Z	exclude	provider_mixed_1e-4_and_1e-6_lattice
csb/csv/2024/06/01/20240601170100119600_60814530103d97-21972437_pointData.csv	814991	b3139e9d2265bd96217bf57a056dfed2-1	2024-06-01T19:26:36.000Z	AquaMap	AQM-60814530103d97-21972437	2024-06-01T14:46:21Z	2024-06-01T16:24:34Z	exclude	provider_off_lattice_float_repr
csb/csv/2024/06/01/20240601170101428204_65e8651f30ed69-21362319_pointData.csv	52641	783c7798b6b2641ae472b19a36a1bb45-1	2024-06-01T19:26:36.000Z	AquaMap	AQM-65e8651f30ed69-21362319	2024-06-01T16:20:02Z	2024-06-01T16:29:52Z	exclude	provider_off_lattice_float_repr
csb/csv/2024/06/01/20240601170133974833_65e8651f30ed69-21362319_pointData.csv	69347	898f0e4dccfc6b33f1217731d473f19e-1	2024-06-01T19:26:34.000Z	AquaMap	AQM-65e8651f30ed69-21362319	2024-06-01T15:08:09Z	2024-06-01T15:18:58Z	exclude	provider_off_lattice_float_repr
csb/csv/2024/06/01/20240601170152308907_18351_pointData.csv	635277	5fc53fba64a5353e35ee00bec63dd33d-1	2024-06-01T19:26:37.000Z	AquaMap	AQM-18351	2024-06-01T14:11:17Z	2024-06-01T15:48:24Z	exclude	provider_off_lattice_float_repr
csb/csv/2024/06/01/20240601170154565756_Breathe_pointData.csv	107885	0c9d7045ab85ff5976fe22b3fcaf79c7-1	2024-06-01T19:26:35.000Z	AquaMap	AQM-Breathe	2024-06-01T15:56:54Z	2024-06-01T16:10:52Z	exclude	provider_off_lattice_float_repr
csb/csv/2024/06/01/20240601170628748699_08b541ee-eb9f-11ee-8abd-bd300fe11e8a_pointData.csv	330222	2ae3fc39966af8fc47b7775f98339408-1	2024-06-01T19:26:38.000Z	GLOS	GLOS-08b541ee-eb9f-11ee-8abd-bd300fe11e8a	2024-06-01T16:28:49Z	2024-06-01T17:04:04Z	keep	unique_1e-6_lattice_submission
csb/csv/2024/06/01/20240601170629463392_08b541ee-eb9f-11ee-8abd-bd300fe11e8a_pointData.csv	330222	f358b1c5c620ae0b7b5da42066785b9f-1	2024-06-01T19:26:38.000Z	GLOS	GLOS-08b541ee-eb9f-11ee-8abd-bd300fe11e8a	2024-06-01T16:28:49Z	2024-06-01T17:04:04Z	exclude	exact_reupload_of:20240601170628748699_08b541ee-eb9f-11ee-8abd-bd300fe11e8a_pointData.csv
csb/csv/2024/06/01/20240601171457425173_ec72276e-3e2b-4d56-82bb-111fc86cbd77_pointData.csv	190863	d13640c95b2630b25f4ef88e20a06a56-1	2024-06-01T19:26:35.000Z	PGS	PGS-ec72276e-3e2b-4d56-82bb-111fc86cbd77	2024-06-01T16:00:00Z	2024-06-01T16:59:57Z	exclude	provider_mixed_1e-4_and_1e-6_lattice
csb/csv/2024/06/01/20240601171553500793_4411b9ca-6b0e-47d2-a6be-36e60a3b577a_pointData.csv	61283	4d6a204a962f151ff4b22341e1331edb-1	2024-06-01T19:26:38.000Z	Rosepoint	ROSEP-4411b9ca-6b0e-47d2-a6be-36e60a3b577a	2024-06-01T11:14:27Z	2024-06-01T17:15:31Z	keep	unique_1e-6_lattice_submission
csb/csv/2024/06/01/20240601171623828654_f2433161-0ce8-489b-9594-2a504317d8fd_pointData.csv	453221	342d7a5e89d613ee013092897d818eac-1	2024-06-01T19:26:39.000Z	Rosepoint	ROSEP-f2433161-0ce8-489b-9594-2a504317d8fd	2004-10-16T11:16:03Z	2004-10-16T17:15:37Z	keep	unique_1e-6_lattice_submission
csb/csv/2024/06/01/20240601173330164309_834f85c2-0999-11eb-a100-98be942a5b5a_pointData.csv	192982	458961e92bea781c4f2b437be792aece-1	2024-06-01T19:26:40.000Z	PGS	PGS-834f85c2-0999-11eb-a100-98be942a5b5a	2024-06-01T16:00:01Z	2024-06-01T16:59:58Z	exclude	provider_mixed_1e-4_and_1e-6_lattice
csb/csv/2024/06/01/20240601174559348603_8250175b-3c29-4906-8437-5106955c99c6_pointData.csv	3475399	f3335dae538ac7169816c20dd2a1cc9f-1	2024-06-01T19:26:40.000Z	Rosepoint	ROSEP-8250175b-3c29-4906-8437-5106955c99c6	2024-06-01T11:44:35Z	2024-06-01T17:45:54Z	keep	unique_1e-6_lattice_submission
csb/csv/2024/06/01/20240601174622790767_08b541ee-eb9f-11ee-8abd-bd300fe11e8a_pointData.csv	344457	49563def34eeb47bb0681baa344c83d3-1	2024-06-01T19:26:34.000Z	GLOS	GLOS-08b541ee-eb9f-11ee-8abd-bd300fe11e8a	2024-06-01T17:04:06Z	2024-06-01T17:39:09Z	keep	unique_1e-6_lattice_submission
csb/csv/2024/06/01/20240601174623456273_08b541ee-eb9f-11ee-8abd-bd300fe11e8a_pointData.csv	344457	64da6ff3a59fca7c680a94dccdfcd6f1-1	2024-06-01T19:26:41.000Z	GLOS	GLOS-08b541ee-eb9f-11ee-8abd-bd300fe11e8a	2024-06-01T17:04:06Z	2024-06-01T17:39:09Z	exclude	exact_reupload_of:20240601174622790767_08b541ee-eb9f-11ee-8abd-bd300fe11e8a_pointData.csv
csb/csv/2024/06/01/20240601175223973632_50008c0e-ffea-48f3-9404-a4375c9e9843_pointData.csv	3346354	7fc7f3455e06aca9c7afff82f7d98f82-1	2024-06-01T19:26:38.000Z	Rosepoint	ROSEP-50008c0e-ffea-48f3-9404-a4375c9e9843	2024-06-01T11:49:47Z	2024-06-01T17:52:17Z	keep	unique_1e-6_lattice_submission
csb/csv/2024/06/01/20240601175302603909_83e03090-0999-11eb-b6ea-98be942a5b5a_pointData.csv	194190	84e8188a8d4cc3fc828904e539c0855f-1	2024-06-01T19:26:37.000Z	PGS	PGS-83e03090-0999-11eb-b6ea-98be942a5b5a	2024-06-01T15:00:02Z	2024-06-01T15:59:59Z	exclude	provider_mixed_1e-4_and_1e-6_lattice
csb/csv/2024/06/01/20240601180028237668_Joshg75_pointData.csv	655267	09c5c0dcf51bb946dc3a81b7d7dcb957-1	2024-06-01T19:26:42.000Z	AquaMap	AQM-Joshg75	2024-06-01T15:17:13Z	2024-06-01T17:06:29Z	exclude	provider_off_lattice_float_repr
csb/csv/2024/06/01/20240601180029775215_65e8651f30ed69-21362319_pointData.csv	58010	4048d6783586330548d8468ab27a674d-1	2024-06-01T19:26:39.000Z	AquaMap	AQM-65e8651f30ed69-21362319	2024-06-01T16:41:11Z	2024-06-01T17:08:14Z	exclude	provider_off_lattice_float_repr
csb/csv/2024/06/01/20240601180052147695_18351_pointData.csv	633520	cd8b6a913e56a7e24074c0aa0e486aba-1	2024-06-01T19:26:44.000Z	AquaMap	AQM-18351	2024-06-01T15:48:25Z	2024-06-01T17:25:44Z	exclude	provider_off_lattice_float_repr
csb/csv/2024/06/01/20240601180053433541_657a2781311de9-39480793_pointData.csv	37555	f8efb8f99e1d30a6e18ee14876403666-1	2024-06-01T19:26:41.000Z	AquaMap	AQM-657a2781311de9-39480793	2024-06-01T13:14:50Z	2024-06-01T13:20:05Z	exclude	provider_off_lattice_float_repr
csb/csv/2024/06/01/20240601180058661089_ChapterFour_pointData.csv	460300	eebe3c890cb5c7f606b6a5d4b2a539ba-1	2024-06-01T19:26:39.000Z	AquaMap	AQM-ChapterFour	2024-06-01T12:48:03Z	2024-06-01T14:54:10Z	exclude	provider_off_lattice_float_repr
csb/csv/2024/06/01/20240601180102933564_ChapterFour_pointData.csv	362620	737c188ed6639bde4b760f4a5086edd8-1	2024-06-01T19:26:40.000Z	AquaMap	AQM-ChapterFour	2024-05-29T17:53:50Z	2024-05-29T19:28:55Z	exclude	provider_off_lattice_float_repr
csb/csv/2024/06/01/20240601180118300966_ChapterFour_pointData.csv	710958	2da33bd8b9f18e6454c7786aa993a482-1	2024-06-01T19:26:45.000Z	AquaMap	AQM-ChapterFour	2024-05-30T16:41:36Z	2024-05-30T18:27:03Z	exclude	provider_off_lattice_float_repr
csb/csv/2024/06/01/20240601180127615954_657a2781311de9-39480793_pointData.csv	133218	66b62bdfc1c22dab457c6ccf15a6eb30-1	2024-06-01T19:26:40.000Z	AquaMap	AQM-657a2781311de9-39480793	2024-05-31T03:21:08Z	2024-05-31T03:41:03Z	exclude	provider_off_lattice_float_repr
csb/csv/2024/06/01/20240601180153525396_ChapterFour_pointData.csv	717080	25a50066b66927356acb1d43b8f2a629-1	2024-06-01T19:26:40.000Z	AquaMap	AQM-ChapterFour	2024-05-31T13:08:41Z	2024-05-31T16:30:33Z	exclude	provider_off_lattice_float_repr
csb/csv/2024/06/01/20240601180201144052_ChapterFour_pointData.csv	709756	6b4a4ea953cd8fe3257f83eaf4d65493-1	2024-06-01T19:26:46.000Z	AquaMap	AQM-ChapterFour	2024-05-29T13:23:44Z	2024-05-29T17:53:48Z	exclude	provider_off_lattice_float_repr
csb/csv/2024/06/01/20240601180208888672_ChapterFour_pointData.csv	261570	0059d54924ea684eb9274cfb26444cdb-1	2024-06-01T19:26:42.000Z	AquaMap	AQM-ChapterFour	2024-06-01T14:56:31Z	2024-06-01T16:29:46Z	exclude	provider_off_lattice_float_repr
csb/csv/2024/06/01/20240601180216538643_ChapterFour_pointData.csv	713509	3dcb6e2667c457b94d4be9fdbb7df4e6-1	2024-06-01T19:26:38.000Z	AquaMap	AQM-ChapterFour	2024-05-30T20:17:34Z	2024-05-30T22:12:51Z	exclude	provider_off_lattice_float_repr
csb/csv/2024/06/01/20240601180220903914_ChapterFour_pointData.csv	93932	a29ba9a6a94f6a8e1a806da56e26a463-1	2024-06-01T19:26:41.000Z	AquaMap	AQM-ChapterFour	2024-06-01T16:34:57Z	2024-06-01T17:11:18Z	exclude	provider_off_lattice_float_repr
csb/csv/2024/06/01/20240601180228486745_michaelkernahan_pointData.csv	772133	a25c03df7a186af0abda833d71fc5b43-1	2024-06-02T02:57:31.000Z	AquaMap	AQM-michaelkernahan	2024-06-01T14:35:42Z	2024-06-01T17:00:27Z	exclude	provider_off_lattice_float_repr
csb/csv/2024/06/01/20240601180230025338_ChapterFour_pointData.csv	61234	064eee9b4d10943f477fbe243a8fc566-1	2024-06-02T02:57:30.000Z	AquaMap	AQM-ChapterFour	2024-05-29T12:49:14Z	2024-05-29T13:14:06Z	exclude	provider_off_lattice_float_repr
csb/csv/2024/06/01/20240601180243649489_bobetter_pointData.csv	668451	41e787d9bb9425e08e1b9049b1fe8d81-1	2024-06-02T02:57:30.000Z	AquaMap	AQM-bobetter	2024-06-01T16:14:31Z	2024-06-01T17:40:55Z	exclude	provider_off_lattice_float_repr
csb/csv/2024/06/01/20240601180245056444_657a2781311de9-39480793_pointData.csv	60266	d256e8fc3502cf40cada036947ff3049-1	2024-06-02T02:57:30.000Z	AquaMap	AQM-657a2781311de9-39480793	2024-05-31T13:30:36Z	2024-05-31T14:06:41Z	exclude	provider_off_lattice_float_repr
csb/csv/2024/06/01/20240601180246207234_657a2781311de9-39480793_pointData.csv	22952	0e68757d3f04876eea62b117d94c5a0a-1	2024-06-02T02:57:37.000Z	AquaMap	AQM-657a2781311de9-39480793	2024-06-01T16:58:41Z	2024-06-01T17:01:59Z	exclude	provider_off_lattice_float_repr
csb/csv/2024/06/01/20240601180253907877_ChapterFour_pointData.csv	712725	d44997f605a8a3e0e27e0462c32ab7a6-1	2024-06-02T02:57:38.000Z	AquaMap	AQM-ChapterFour	2024-05-30T14:58:06Z	2024-05-30T16:41:35Z	exclude	provider_off_lattice_float_repr
csb/csv/2024/06/01/20240601180304571009_ChapterFour_pointData.csv	229241	4166aeb630be4ae777be356996ad5c5c-1	2024-06-02T02:57:38.000Z	AquaMap	AQM-ChapterFour	2024-05-31T16:30:37Z	2024-05-31T17:37:28Z	exclude	provider_off_lattice_float_repr
csb/csv/2024/06/01/20240601180305589495_657a2781311de9-39480793_pointData.csv	19990	7e597910a7e5fd4b1b4cc84f66f7e24f-1	2024-06-02T02:57:37.000Z	AquaMap	AQM-657a2781311de9-39480793	2024-06-01T14:34:13Z	2024-06-01T14:38:22Z	exclude	provider_off_lattice_float_repr
csb/csv/2024/06/01/20240601180616245029_e150d9fe-d3d7-4d47-ba18-f82688e01b85_pointData.csv	1328329	2fe2aaad052690b060c3c3039f440bc3-1	2024-06-02T02:57:38.000Z	Rosepoint	ROSEP-e150d9fe-d3d7-4d47-ba18-f82688e01b85	2024-06-01T12:01:24Z	2024-06-01T18:06:03Z	keep	unique_1e-6_lattice_submission
csb/csv/2024/06/01/20240601181217051458_3b0c5ff2-0998-11eb-8eb6-98be942a5b5a_pointData.csv	162726	99bcd2ccb146cf0f4522d6eeb97fef59-1	2024-06-02T02:57:38.000Z	PGS	PGS-3b0c5ff2-0998-11eb-8eb6-98be942a5b5a	2024-06-01T14:59:52Z	2024-06-01T15:59:55Z	exclude	provider_mixed_1e-4_and_1e-6_lattice
csb/csv/2024/06/01/20240601181217856097_3b0c5ff2-0998-11eb-8eb6-98be942a5b5a_pointData.csv	157801	9207fce87d27834b322bd5dd8b71e26f-1	2024-06-02T02:57:38.000Z	PGS	PGS-3b0c5ff2-0998-11eb-8eb6-98be942a5b5a	2024-06-01T15:59:58Z	2024-06-01T16:59:58Z	exclude	provider_mixed_1e-4_and_1e-6_lattice
csb/csv/2024/06/01/20240601181408752015_061e2f30-c234-4cf0-b880-42bb03ab857d_pointData.csv	59740	e014ddf746e0f18cdf1d1d7faab809bc-1	2024-06-02T02:57:38.000Z	Rosepoint	ROSEP-061e2f30-c234-4cf0-b880-42bb03ab857d	2024-06-01T12:11:47Z	2024-06-01T18:13:48Z	keep	unique_1e-6_lattice_submission
csb/csv/2024/06/01/20240601183131765394_071ba46a-9793-4306-a970-8461bae10e77_pointData.csv	1370146	d61e4637e1bb4c1293ed1e2aada9b646-1	2024-06-02T02:57:39.000Z	Rosepoint	ROSEP-071ba46a-9793-4306-a970-8461bae10e77	2004-10-16T12:59:59Z	2004-10-16T18:26:41Z	keep	unique_1e-6_lattice_submission
csb/csv/2024/06/01/20240601183140305049_672e2884-f0ed-44dc-b9bb-56d79261e4f1_pointData.csv	60970	1f6f6c2936fdd5e237031952c995217d-1	2024-06-02T02:57:38.000Z	Rosepoint	ROSEP-672e2884-f0ed-44dc-b9bb-56d79261e4f1	2024-06-01T12:29:43Z	2024-06-01T18:30:51Z	keep	unique_1e-6_lattice_submission
csb/csv/2024/06/01/20240601183241519812_834f85c2-0999-11eb-a100-98be942a5b5a_pointData.csv	192973	81d6bd05540a88711419ef9bc2421de7-1	2024-06-02T02:57:38.000Z	PGS	PGS-834f85c2-0999-11eb-a100-98be942a5b5a	2024-06-01T17:00:01Z	2024-06-01T17:59:59Z	exclude	provider_mixed_1e-4_and_1e-6_lattice
csb/csv/2024/06/01/20240601184328157576_0d1b6ce0-e5ec-40f1-99a9-2187e8d08bf4_pointData.csv	3432072	043e8ad23d5afa12dfe8fdc3596886f0-1	2024-06-02T02:57:40.000Z	Rosepoint	ROSEP-0d1b6ce0-e5ec-40f1-99a9-2187e8d08bf4	2004-10-16T12:42:56Z	2004-10-16T18:43:19Z	keep	unique_1e-6_lattice_submission
csb/csv/2024/06/01/20240601184608001379_48e8b019-4141-4a35-bd63-b3be3e30b183_pointData.csv	4165787	a330525728a022519ab44d18ac159b9f-1	2024-06-02T02:57:41.000Z	Rosepoint	ROSEP-48e8b019-4141-4a35-bd63-b3be3e30b183	2024-06-01T06:41:33Z	2024-06-01T18:45:57Z	keep	unique_1e-6_lattice_submission
csb/csv/2024/06/01/20240601185758773778_f73d4b8d-97c0-48ab-9200-c313709c76d0_pointData.csv	3226449	3ad9e1937baff0911bfb43cca2019d8d-1	2024-06-02T02:57:43.000Z	Rosepoint	ROSEP-f73d4b8d-97c0-48ab-9200-c313709c76d0	2024-06-01T12:56:52Z	2024-06-01T18:57:50Z	keep	unique_1e-6_lattice_submission
csb/csv/2024/06/01/20240601185950421742_83e03090-0999-11eb-b6ea-98be942a5b5a_pointData.csv	194213	cddf330ed0234b0c0b04e75cae2330f7-1	2024-06-02T02:57:39.000Z	PGS	PGS-83e03090-0999-11eb-b6ea-98be942a5b5a	2024-06-01T16:00:02Z	2024-06-01T16:59:59Z	exclude	provider_mixed_1e-4_and_1e-6_lattice
csb/csv/2024/06/01/20240601190106741232_Joshg75_pointData.csv	655106	980384f7de240283aebe2346ad06f1b2-1	2024-06-02T02:57:40.000Z	AquaMap	AQM-Joshg75	2024-06-01T17:06:30Z	2024-06-01T18:57:26Z	exclude	provider_off_lattice_float_repr
csb/csv/2024/06/01/20240601190136145017_michaelkernahan_pointData.csv	772067	e4168e80d2aefd9f024f67c22c085d5d-1	2024-06-02T02:57:42.000Z	AquaMap	AQM-michaelkernahan	2024-06-01T17:00:28Z	2024-06-01T18:40:48Z	exclude	provider_off_lattice_float_repr
csb/csv/2024/06/01/20240601190211795045_60814530103d97-21972437_pointData.csv	808697	be93582dd53e4b5a136679d4d4a48309-1	2024-06-02T02:57:42.000Z	AquaMap	AQM-60814530103d97-21972437	2024-06-01T16:24:35Z	2024-06-01T18:01:13Z	exclude	provider_off_lattice_float_repr
csb/csv/2024/06/01/20240601190309844937_ec72276e-3e2b-4d56-82bb-111fc86cbd77_pointData.csv	190863	31ff5b129a84beb457726e4d22c9170c-1	2024-06-02T02:57:42.000Z	PGS	PGS-ec72276e-3e2b-4d56-82bb-111fc86cbd77	2024-06-01T17:00:00Z	2024-06-01T17:59:57Z	exclude	provider_mixed_1e-4_and_1e-6_lattice
csb/csv/2024/06/01/20240601190327056925_b46dfd84-2ce8-4a25-a16b-4af10b8eb60e_pointData.csv	61266	5b82f39c635652a2cd9613b626d94282-1	2024-06-02T02:57:40.000Z	Rosepoint	ROSEP-b46dfd84-2ce8-4a25-a16b-4af10b8eb60e	2024-06-01T13:02:39Z	2024-06-01T19:03:00Z	keep	unique_1e-6_lattice_submission
csb/csv/2024/06/01/20240601190807129882_cdd0edb8-c483-4c48-be4d-93f29dcbc26c_pointData.csv	60163	555e653931e40fbdcd8e5b64cd7b1e08-1	2024-06-02T02:57:41.000Z	Rosepoint	ROSEP-cdd0edb8-c483-4c48-be4d-93f29dcbc26c	2024-06-01T13:08:00Z	2024-06-01T19:07:54Z	keep	unique_1e-6_lattice_submission
csb/csv/2024/06/01/20240601191112137861_3b0c5ff2-0998-11eb-8eb6-98be942a5b5a_pointData.csv	159114	abea748ce77bbdd4fbdf994472e6b4d8-1	2024-06-02T02:57:44.000Z	PGS	PGS-3b0c5ff2-0998-11eb-8eb6-98be942a5b5a	2024-06-01T17:00:01Z	2024-06-01T17:59:58Z	exclude	provider_mixed_1e-4_and_1e-6_lattice
csb/csv/2024/06/01/20240601192335260748_834f85c2-0999-11eb-a100-98be942a5b5a_pointData.csv	193009	8cd42d5fd33c14dd85302e6bf4cc2cb7-1	2024-06-02T02:57:41.000Z	PGS	PGS-834f85c2-0999-11eb-a100-98be942a5b5a	2024-06-01T18:00:02Z	2024-06-01T18:59:59Z	exclude	provider_mixed_1e-4_and_1e-6_lattice
csb/csv/2024/06/01/20240601193334017065_251e0ec1-5645-476e-8563-9f34939f5d72_pointData.csv	368050	d64102e772ab4bcf05e5b17d526a4265-1	2024-06-02T02:57:44.000Z	Rosepoint	ROSEP-251e0ec1-5645-476e-8563-9f34939f5d72	2024-06-01T13:32:29Z	2024-06-01T19:32:57Z	keep	unique_1e-6_lattice_submission
csb/csv/2024/06/01/20240601194139376548_83e03090-0999-11eb-b6ea-98be942a5b5a_pointData.csv	194176	9bfa43afd228d5c34a52c9d4c0d61342-1	2024-06-02T02:57:41.000Z	PGS	PGS-83e03090-0999-11eb-b6ea-98be942a5b5a	2024-06-01T17:00:02Z	2024-06-01T17:59:59Z	exclude	provider_mixed_1e-4_and_1e-6_lattice
csb/csv/2024/06/01/20240601194251002644_ec72276e-3e2b-4d56-82bb-111fc86cbd77_pointData.csv	190863	b957c705c5435bec5d369427795c2447-1	2024-06-02T02:57:42.000Z	PGS	PGS-ec72276e-3e2b-4d56-82bb-111fc86cbd77	2024-06-01T18:00:00Z	2024-06-01T18:59:57Z	exclude	provider_mixed_1e-4_and_1e-6_lattice
csb/csv/2024/06/01/20240601194314081371_4606e387-998b-46fb-b5a6-02c7eafa03da_pointData.csv	3425480	925283ae82738d8ba1310747c2d15082-1	2024-06-02T02:57:45.000Z	Rosepoint	ROSEP-4606e387-998b-46fb-b5a6-02c7eafa03da	2004-10-16T13:41:52Z	2004-10-16T19:43:08Z	keep	unique_1e-6_lattice_submission
csb/csv/2024/06/01/20240601195055767515_3b0c5ff2-0998-11eb-8eb6-98be942a5b5a_pointData.csv	174006	7a73ab7aa109f964970e837805660f4d-1	2024-06-02T02:57:42.000Z	PGS	PGS-3b0c5ff2-0998-11eb-8eb6-98be942a5b5a	2024-06-01T18:00:01Z	2024-06-01T18:59:58Z	exclude	provider_mixed_1e-4_and_1e-6_lattice
csb/csv/2024/06/01/20240601200117638628_bobetter_pointData.csv	669860	f290a4d8ee1360c502a1baec43052d3c-1	2024-06-02T02:57:41.000Z	AquaMap	AQM-bobetter	2024-06-01T17:40:56Z	2024-06-01T19:05:09Z	exclude	provider_off_lattice_float_repr
csb/csv/2024/06/01/20240601200122921104_Breathe_pointData.csv	192575	375872013a7ad37f0b860868b31bd592-1	2024-06-02T02:57:44.000Z	AquaMap	AQM-Breathe	2024-06-01T18:25:33Z	2024-06-01T18:49:50Z	exclude	provider_off_lattice_float_repr
csb/csv/2024/06/01/20240601200135128339_60814530103d97-21972437_pointData.csv	807870	177217b732d3183f50040207a4e758a4-1	2024-06-02T02:57:45.000Z	AquaMap	AQM-60814530103d97-21972437	2024-06-01T18:01:14Z	2024-06-01T19:38:22Z	exclude	provider_off_lattice_float_repr
csb/csv/2024/06/01/20240601200146753962_373e61a4-5650-43be-800f-e6197634cf6f_pointData.csv	2729102	bd59877905bf41e8cd58ada59f3a8256-1	2024-06-02T02:57:48.000Z	Rosepoint	ROSEP-373e61a4-5650-43be-800f-e6197634cf6f	2024-06-01T14:01:57Z	2024-06-01T20:01:44Z	keep	unique_1e-6_lattice_submission
csb/csv/2024/06/01/20240601201923377197_83e03090-0999-11eb-b6ea-98be942a5b5a_pointData.csv	194208	a4ead7d9ce2603a2098c484855fc203b-1	2024-06-02T02:57:45.000Z	PGS	PGS-83e03090-0999-11eb-b6ea-98be942a5b5a	2024-06-01T18:00:02Z	2024-06-01T18:59:59Z	exclude	provider_mixed_1e-4_and_1e-6_lattice
csb/csv/2024/06/01/20240601202307704988_ec72276e-3e2b-4d56-82bb-111fc86cbd77_pointData.csv	190863	b50dc632543f553c7308b5fe1b60dec7-1	2024-06-02T02:57:44.000Z	PGS	PGS-ec72276e-3e2b-4d56-82bb-111fc86cbd77	2024-06-01T19:00:00Z	2024-06-01T19:59:57Z	exclude	provider_mixed_1e-4_and_1e-6_lattice
csb/csv/2024/06/01/20240601202713364505_3b0c5ff2-0998-11eb-8eb6-98be942a5b5a_pointData.csv	201161	2f33e2fcc475a8a95dd3f51b14d6a886-1	2024-06-02T02:57:43.000Z	PGS	PGS-3b0c5ff2-0998-11eb-8eb6-98be942a5b5a	2024-06-01T19:00:01Z	2024-06-01T19:59:59Z	exclude	provider_mixed_1e-4_and_1e-6_lattice
csb/csv/2024/06/01/20240601203341659515_0dc4d7c1-f541-476d-a76b-72fb09ad1bd2_pointData.csv	63117	38737d125413dca7bfa43fec12a2f715-1	2024-06-02T02:57:46.000Z	Rosepoint	ROSEP-0dc4d7c1-f541-476d-a76b-72fb09ad1bd2	2024-06-01T14:33:56Z	2024-06-01T20:33:23Z	keep	unique_1e-6_lattice_submission
csb/csv/2024/06/01/20240601203441548163_398c56de-e541-4380-9ee4-589ec53f46f6_pointData.csv	61267	88d1b2c54d3c68d9cb7db6ada3fc1a56-1	2024-06-02T02:57:45.000Z	Rosepoint	ROSEP-398c56de-e541-4380-9ee4-589ec53f46f6	2024-06-01T14:33:22Z	2024-06-01T20:34:27Z	keep	unique_1e-6_lattice_submission
csb/csv/2024/06/01/20240601204031771951_834f85c2-0999-11eb-a100-98be942a5b5a_pointData.csv	192993	3ba744162658abd940751a5593528c6e-1	2024-06-02T02:57:50.000Z	PGS	PGS-834f85c2-0999-11eb-a100-98be942a5b5a	2024-06-01T19:00:02Z	2024-06-01T19:59:59Z	exclude	provider_mixed_1e-4_and_1e-6_lattice
csb/csv/2024/06/01/20240601204031930857_4f651d43-9a33-452c-9299-6ab08ed9d831_pointData.csv	3171124	89b3381e6b5fc884df3d224bd508320f-1	2024-06-02T02:57:47.000Z	Rosepoint	ROSEP-4f651d43-9a33-452c-9299-6ab08ed9d831	2024-06-01T14:40:07Z	2024-06-01T20:40:26Z	keep	unique_1e-6_lattice_submission
csb/csv/2024/06/01/20240601205944520428_53df1aa6-1feb-47dc-a374-3880fae210fd_pointData.csv	3291497	b26f064fdfed20ca6dc5bddcfd65ef90-1	2024-06-02T02:57:51.000Z	Rosepoint	ROSEP-53df1aa6-1feb-47dc-a374-3880fae210fd	2024-06-01T05:04:02Z	2024-06-01T14:52:26Z	keep	unique_1e-6_lattice_submission
csb/csv/2024/06/01/20240601205945234499_53df1aa6-1feb-47dc-a374-3880fae210fd_pointData.csv	61017	db2d1479c8b9a28b83a197a1f9eac27e-1	2024-06-02T02:57:43.000Z	Rosepoint	ROSEP-53df1aa6-1feb-47dc-a374-3880fae210fd	2024-06-01T14:53:26Z	2024-06-01T20:59:00Z	keep	unique_1e-6_lattice_submission
csb/csv/2024/06/01/20240601210021720664_Joshg75_pointData.csv	28743	ac5518275dbd099bb0134c5b35ac5b41-1	2024-06-02T02:57:48.000Z	AquaMap	AQM-Joshg75	2024-06-01T20:45:25Z	2024-06-01T20:50:21Z	exclude	provider_off_lattice_float_repr
csb/csv/2024/06/01/20240601210052125235_michaelkernahan_pointData.csv	773045	934b87efefa3b320876e96c59397f459-1	2024-06-02T02:57:46.000Z	AquaMap	AQM-michaelkernahan	2024-06-01T18:40:49Z	2024-06-01T20:20:57Z	exclude	provider_off_lattice_float_repr
csb/csv/2024/06/01/20240601210105761069_Joshg75_pointData.csv	531192	35c84049d177766abb84f56a9d3cabbe-1	2024-06-02T02:57:52.000Z	AquaMap	AQM-Joshg75	2024-06-01T18:57:27Z	2024-06-01T20:26:28Z	exclude	provider_off_lattice_float_repr
csb/csv/2024/06/01/20240601210134493612_bobetter_pointData.csv	664307	74101e4c863826679b9cb5efc6f453a1-1	2024-06-02T02:57:53.000Z	AquaMap	AQM-bobetter	2024-06-01T19:05:10Z	2024-06-01T20:29:26Z	exclude	provider_off_lattice_float_repr
csb/csv/2024/06/01/20240601211742420605_834f85c2-0999-11eb-a100-98be942a5b5a_pointData.csv	192964	c2272c7e29e364f4484ffe9003533edd-1	2024-06-02T02:57:45.000Z	PGS	PGS-834f85c2-0999-11eb-a100-98be942a5b5a	2024-06-01T20:00:02Z	2024-06-01T20:59:59Z	exclude	provider_mixed_1e-4_and_1e-6_lattice
csb/csv/2024/06/01/20240601212640663542_cb1bbd67-78e2-4b5f-97e4-4ab1661c7454_pointData.csv	2833917	e63288c58a843c7567125c60bc3c06ba-1	2024-06-02T02:57:49.000Z	Rosepoint	ROSEP-cb1bbd67-78e2-4b5f-97e4-4ab1661c7454	2024-06-01T15:26:00Z	2024-06-01T21:25:44Z	keep	unique_1e-6_lattice_submission
csb/csv/2024/06/01/20240601213116314347_c21bff07-b678-4dfb-ab54-a111660d6cfa_pointData.csv	1120932	3fd84bc04b9adaf42178bb8e6271edd3-1	2024-06-02T02:57:48.000Z	Rosepoint	ROSEP-c21bff07-b678-4dfb-ab54-a111660d6cfa	2024-06-01T15:30:29Z	2024-06-01T21:31:13Z	keep	unique_1e-6_lattice_submission
csb/csv/2024/06/01/20240601213541294680_c397eae3-6787-4d49-abbe-1de3758956f5_pointData.csv	2816895	d83c1ab32d85626387b14d484deb744c-1	2024-06-02T02:57:48.000Z	Rosepoint	ROSEP-c397eae3-6787-4d49-abbe-1de3758956f5	2024-06-01T15:34:24Z	2024-06-01T21:35:37Z	keep	unique_1e-6_lattice_submission
csb/csv/2024/06/01/20240601213848464492_83e03090-0999-11eb-b6ea-98be942a5b5a_pointData.csv	194172	fa11a550531ae923a7f267f12ef42793-1	2024-06-02T02:57:50.000Z	PGS	PGS-83e03090-0999-11eb-b6ea-98be942a5b5a	2024-06-01T19:00:02Z	2024-06-01T19:59:59Z	exclude	provider_mixed_1e-4_and_1e-6_lattice
csb/csv/2024/06/01/20240601214043977416_ec72276e-3e2b-4d56-82bb-111fc86cbd77_pointData.csv	190863	6fd17805247d1be2a1783607a7c9eae5-1	2024-06-02T02:57:53.000Z	PGS	PGS-ec72276e-3e2b-4d56-82bb-111fc86cbd77	2024-06-01T20:00:00Z	2024-06-01T20:59:57Z	exclude	provider_mixed_1e-4_and_1e-6_lattice
csb/csv/2024/06/01/20240601214720791991_3b0c5ff2-0998-11eb-8eb6-98be942a5b5a_pointData.csv	201202	723b69ee058665e438888e7c6dfcc989-1	2024-06-02T02:57:49.000Z	PGS	PGS-3b0c5ff2-0998-11eb-8eb6-98be942a5b5a	2024-06-01T20:00:02Z	2024-06-01T20:59:59Z	exclude	provider_mixed_1e-4_and_1e-6_lattice
csb/csv/2024/06/01/20240601220011751798_Breathe_pointData.csv	654193	f3480ca5b92bd7ddfe91b5b21be30f2d-1	2024-06-02T02:57:51.000Z	AquaMap	AQM-Breathe	2024-06-01T19:39:51Z	2024-06-01T21:22:21Z	exclude	provider_off_lattice_float_repr
csb/csv/2024/06/01/20240601220036890468_bobetter_pointData.csv	663810	49bebb1ab50baa5c20583968fc15f6ef-1	2024-06-02T02:57:51.000Z	AquaMap	AQM-bobetter	2024-06-01T20:29:27Z	2024-06-01T21:53:42Z	exclude	provider_off_lattice_float_repr
csb/csv/2024/06/01/20240601220102238515_Michaelfreed_pointData.csv	148683	974d7145a7e805c2df2a31c3740234a1-1	2024-06-02T02:57:54.000Z	AquaMap	AQM-Michaelfreed	2024-06-01T19:58:55Z	2024-06-01T20:24:19Z	exclude	provider_off_lattice_float_repr
csb/csv/2024/06/01/20240601220117076846_60814530103d97-21972437_pointData.csv	818780	49c724ab286bce66071cc6d94ce59771-1	2024-06-02T02:57:50.000Z	AquaMap	AQM-60814530103d97-21972437	2024-06-01T19:38:23Z	2024-06-01T21:15:39Z	exclude	provider_off_lattice_float_repr
csb/csv/2024/06/01/20240601220643606428_11ce5241-356b-43ba-9456-f56555e0751a_pointData.csv	420494	6b2b5d0c0c04ed4dee330111c3c0987c-1	2024-06-02T02:57:56.000Z	Rosepoint	ROSEP-11ce5241-356b-43ba-9456-f56555e0751a	2024-06-01T16:05:38Z	2024-06-01T22:05:47Z	keep	unique_1e-6_lattice_submission
csb/csv/2024/06/01/20240601221555897339_83e03090-0999-11eb-b6ea-98be942a5b5a_pointData.csv	194160	a6856bd7b2c2abd62b26095b5c917c03-1	2024-06-02T02:57:53.000Z	PGS	PGS-83e03090-0999-11eb-b6ea-98be942a5b5a	2024-06-01T20:00:02Z	2024-06-01T20:59:59Z	exclude	provider_mixed_1e-4_and_1e-6_lattice
csb/csv/2024/06/01/20240601221745279150_e557a017-0c75-4365-808a-680673bbb79e_pointData.csv	864994	835ed24ff7dc996cc7b169c7fc5cfbf1-1	2024-06-02T02:57:52.000Z	Rosepoint	ROSEP-e557a017-0c75-4365-808a-680673bbb79e	2024-06-01T16:15:51Z	2024-06-01T22:17:29Z	keep	unique_1e-6_lattice_submission
csb/csv/2024/06/01/20240601222026357511_ec72276e-3e2b-4d56-82bb-111fc86cbd77_pointData.csv	190863	80f6febd0a14045351e38a4c0f71d8a4-1	2024-06-02T02:57:55.000Z	PGS	PGS-ec72276e-3e2b-4d56-82bb-111fc86cbd77	2024-06-01T21:00:00Z	2024-06-01T21:59:57Z	exclude	provider_mixed_1e-4_and_1e-6_lattice
csb/csv/2024/06/01/20240601223528934376_834f85c2-0999-11eb-a100-98be942a5b5a_pointData.csv	193015	6b0d8f880bf701e0c9dd5963857ba01c-1	2024-06-02T02:57:56.000Z	PGS	PGS-834f85c2-0999-11eb-a100-98be942a5b5a	2024-06-01T21:00:02Z	2024-06-01T21:59:59Z	exclude	provider_mixed_1e-4_and_1e-6_lattice
csb/csv/2024/06/01/20240601223753605750_f7904f6e-9198-4732-ad84-25948b446b65_pointData.csv	2848998	3303858fc96a7715461314cfa0bb8d78-1	2024-06-02T02:57:54.000Z	Rosepoint	ROSEP-f7904f6e-9198-4732-ad84-25948b446b65	2004-10-16T16:37:56Z	2004-10-16T22:37:51Z	keep	unique_1e-6_lattice_submission
csb/csv/2024/06/01/20240601223915424988_62641c86-2ffe-4cee-b9c0-7ee36c1ad599_pointData.csv	2821878	e0fa17dd699c07d383c953523d99dfc2-1	2024-06-02T02:57:55.000Z	Rosepoint	ROSEP-62641c86-2ffe-4cee-b9c0-7ee36c1ad599	2024-06-01T16:38:47Z	2024-06-01T22:38:10Z	keep	unique_1e-6_lattice_submission
csb/csv/2024/06/01/20240601224304075410_70946e11-d3aa-412d-8427-c23af3e246e3_pointData.csv	376642	a36c3261771742d4aae4d5a0f6b56a42-1	2024-06-02T02:57:57.000Z	Rosepoint	ROSEP-70946e11-d3aa-412d-8427-c23af3e246e3	2024-06-01T16:42:43Z	2024-06-01T22:42:11Z	keep	unique_1e-6_lattice_submission
csb/csv/2024/06/01/20240601230021809261_ChapterFour_pointData.csv	26612	f1921aedbe1f3429ae87917501bf9ce4-1	2024-06-02T02:57:50.000Z	AquaMap	AQM-ChapterFour	2024-06-01T21:20:40Z	2024-06-01T21:24:44Z	exclude	provider_off_lattice_float_repr
csb/csv/2024/06/01/20240601230024610392_mdhervey_pointData.csv	183364	f7c2fe87711202b1398c60a0666de125-1	2024-06-02T02:57:48.000Z	AquaMap	AQM-mdhervey	2024-05-31T18:10:59Z	2024-05-31T18:33:45Z	exclude	provider_off_lattice_float_repr
csb/csv/2024/06/01/20240601230043142923_ChapterFour_pointData.csv	229355	d48db9b1778f7209708a6e6183f14eb3-1	2024-06-02T02:57:52.000Z	AquaMap	AQM-ChapterFour	2024-05-31T14:06:34Z	2024-05-31T14:37:42Z	exclude	provider_off_lattice_float_repr
csb/csv/2024/06/01/20240601230044828664_ChapterFour_pointData.csv	88319	dbda9c030ebbb1c48d2c66224cc2996c-1	2024-06-02T02:57:51.000Z	AquaMap	AQM-ChapterFour	2024-06-01T12:52:42Z	2024-06-01T13:06:21Z	exclude	provider_off_lattice_float_repr
csb/csv/2024/06/01/20240601230047447814_ChapterFour_pointData.csv	144159	85acdda7f3d1a1d7488bdc894b2495d6-1	2024-06-02T02:57:57.000Z	AquaMap	AQM-ChapterFour	2024-06-01T21:31:25Z	2024-06-01T21:54:46Z	exclude	provider_off_lattice_float_repr
csb/csv/2024/06/01/20240601230057155403_ChapterFour_pointData.csv	75995	3565a49ad6d5f16edd57b675bd0cf3fd-1	2024-06-02T02:57:56.000Z	AquaMap	AQM-ChapterFour	2024-06-01T21:57:14Z	2024-06-01T22:08:46Z	exclude	provider_off_lattice_float_repr
csb/csv/2024/06/01/20240601230058750744_ChapterFour_pointData.csv	70292	48cd2900f44dd0a4410227c321d656f1-1	2024-06-02T02:57:48.000Z	AquaMap	AQM-ChapterFour	2024-06-01T20:38:44Z	2024-06-01T20:49:47Z	exclude	provider_off_lattice_float_repr
csb/csv/2024/06/01/20240601230100544644_ChapterFour_pointData.csv	99503	29e1cb7d2425a691cab9c828059408b8-1	2024-06-02T02:57:57.000Z	AquaMap	AQM-ChapterFour	2024-06-01T20:51:59Z	2024-06-01T21:13:57Z	exclude	provider_off_lattice_float_repr
csb/csv/2024/06/01/20240601230103312894_ChapterFour_pointData.csv	190064	467c7a598b54ec8c04f46358756878a0-1	2024-06-02T02:57:55.000Z	AquaMap	AQM-ChapterFour	2024-06-01T14:24:26Z	2024-06-01T14:54:12Z	exclude	provider_off_lattice_float_repr
csb/csv/2024/06/01/20240601230121112243_ChapterFour_pointData.csv	279484	4a7f3e97c2004267b77f04aef7f8b816-1	2024-06-02T02:57:59.000Z	AquaMap	AQM-ChapterFour	2024-06-01T15:38:15Z	2024-06-01T16:29:45Z	exclude	provider_off_lattice_float_repr
csb/csv/2024/06/01/20240601230139003094_ChapterFour_pointData.csv	564783	573598baeee730abee6fc0027fd28ad6-1	2024-06-02T02:57:58.000Z	AquaMap	AQM-ChapterFour	2024-06-01T17:56:14Z	2024-06-01T19:37:10Z	exclude	provider_off_lattice_float_repr
csb/csv/2024/06/01/20240601230145117728_ChapterFour_pointData.csv	260807	15cb3019a71b0abf12d05c7392608cff-1	2024-06-02T02:57:52.000Z	AquaMap	AQM-ChapterFour	2024-06-01T13:17:00Z	2024-06-01T13:58:14Z	exclude	provider_off_lattice_float_repr
csb/csv/2024/06/01/20240601230150940917_mdhervey_pointData.csv	15683	eded07c6840e9f8400837f0e91da985d-1	2024-06-02T02:58:00.000Z	AquaMap	AQM-mdhervey	2024-06-01T22:38:46Z	2024-06-01T22:40:42Z	exclude	provider_off_lattice_float_repr
csb/csv/2024/06/01/20240601230152609471_ChapterFour_pointData.csv	73062	ec8eb7cc46a0eca39d02220a23cd6764-1	2024-06-02T02:57:57.000Z	AquaMap	AQM-ChapterFour	2024-06-01T19:50:10Z	2024-06-01T20:01:17Z	exclude	provider_off_lattice_float_repr
csb/csv/2024/06/01/20240601230203222468_60814530103d97-21972437_pointData.csv	811729	613759504e5d7e8ae6ca81937b9b16fc-1	2024-06-02T02:57:50.000Z	AquaMap	AQM-60814530103d97-21972437	2024-06-01T21:15:40Z	2024-06-01T22:54:22Z	exclude	provider_off_lattice_float_repr
csb/csv/2024/06/01/20240601231605662097_834f85c2-0999-11eb-a100-98be942a5b5a_pointData.csv	192985	f8e381098b4dcb2123f48ddda4ff2c6f-1	2024-06-02T02:57:53.000Z	PGS	PGS-834f85c2-0999-11eb-a100-98be942a5b5a	2024-06-01T22:00:02Z	2024-06-01T22:59:59Z	exclude	provider_mixed_1e-4_and_1e-6_lattice
csb/csv/2024/06/01/20240601231720646469_4411b9ca-6b0e-47d2-a6be-36e60a3b577a_pointData.csv	61104	8cdb686f9bf15cb643b92c6f245380eb-1	2024-06-02T02:57:58.000Z	Rosepoint	ROSEP-4411b9ca-6b0e-47d2-a6be-36e60a3b577a	2024-06-01T17:16:32Z	2024-06-01T23:16:37Z	keep	unique_1e-6_lattice_submission
csb/csv/2024/06/01/20240601233438339739_83e03090-0999-11eb-b6ea-98be942a5b5a_pointData.csv	194176	002cdad20c390b12b0c6f24b998bb2f2-1	2024-06-02T02:57:54.000Z	PGS	PGS-83e03090-0999-11eb-b6ea-98be942a5b5a	2024-06-01T21:00:02Z	2024-06-01T21:59:59Z	exclude	provider_mixed_1e-4_and_1e-6_lattice
csb/csv/2024/06/01/20240601233553942508_ec72276e-3e2b-4d56-82bb-111fc86cbd77_pointData.csv	190863	85d81b8d9a343b83d792727a0f35a23f-1	2024-06-02T02:57:59.000Z	PGS	PGS-ec72276e-3e2b-4d56-82bb-111fc86cbd77	2024-06-01T22:00:00Z	2024-06-01T22:59:57Z	exclude	provider_mixed_1e-4_and_1e-6_lattice
csb/csv/2024/06/01/20240601234039844602_3b0c5ff2-0998-11eb-8eb6-98be942a5b5a_pointData.csv	168524	82ceb2015569272e7a30ce919c0c8fec-1	2024-06-02T02:57:55.000Z	PGS	PGS-3b0c5ff2-0998-11eb-8eb6-98be942a5b5a	2024-06-01T21:00:02Z	2024-06-01T21:59:56Z	exclude	provider_mixed_1e-4_and_1e-6_lattice
csb/csv/2024/06/01/20240601234040409468_3b0c5ff2-0998-11eb-8eb6-98be942a5b5a_pointData.csv	156233	d367505c5a79d6d24ae830919db5bb16-1	2024-06-02T02:57:55.000Z	PGS	PGS-3b0c5ff2-0998-11eb-8eb6-98be942a5b5a	2024-06-01T21:59:59Z	2024-06-01T22:59:59Z	exclude	provider_mixed_1e-4_and_1e-6_lattice
csb/csv/2024/06/01/20240601234621217753_8250175b-3c29-4906-8437-5106955c99c6_pointData.csv	3455470	6d3e8b9d2c0deeeceb2d7f39004edfa1-1	2024-06-02T02:58:02.000Z	Rosepoint	ROSEP-8250175b-3c29-4906-8437-5106955c99c6	2024-06-01T17:45:55Z	2024-06-01T23:46:15Z	keep	unique_1e-6_lattice_submission
csb/csv/2024/06/01/20240601235342940436_50008c0e-ffea-48f3-9404-a4375c9e9843_pointData.csv	3373044	3958a33712575a09da63620c583b1c3f-1	2024-06-02T02:58:00.000Z	Rosepoint	ROSEP-50008c0e-ffea-48f3-9404-a4375c9e9843	2024-06-01T17:52:18Z	2024-06-01T23:53:37Z	keep	unique_1e-6_lattice_submission
csb/csv/2024/06/02/20240602000043757618_bobetter_pointData.csv	666071	cba699ace5309aab2c614bacc55e0462-1	2024-06-02T02:57:57.000Z	AquaMap	AQM-bobetter	2024-06-01T21:53:43Z	2024-06-01T23:17:58Z	exclude	provider_off_lattice_float_repr
csb/csv/2024/06/02/20240602000129612347_ChapterFour_pointData.csv	229355	a001fd40eac3484ae5ed08702d87ff02-1	2024-06-02T02:57:56.000Z	AquaMap	AQM-ChapterFour	2024-05-31T14:06:34Z	2024-05-31T14:37:42Z	exclude	provider_off_lattice_float_repr
csb/csv/2024/06/02/20240602000836543493_e150d9fe-d3d7-4d47-ba18-f82688e01b85_pointData.csv	60104	f0a2d7ece0b7e281329a38302d003255-1	2024-06-02T02:57:57.000Z	Rosepoint	ROSEP-e150d9fe-d3d7-4d47-ba18-f82688e01b85	2024-06-01T18:07:03Z	2024-06-02T00:08:30Z	keep	unique_1e-6_lattice_submission
csb/csv/2024/06/02/20240602001527271728_061e2f30-c234-4cf0-b880-42bb03ab857d_pointData.csv	59375	d45fa9703bcdb155f7dcd18429fa23f0-1	2024-06-02T02:58:00.000Z	Rosepoint	ROSEP-061e2f30-c234-4cf0-b880-42bb03ab857d	2024-06-01T18:14:49Z	2024-06-02T00:14:56Z	keep	unique_1e-6_lattice_submission
csb/csv/2024/06/02/20240602001804400478_08b541ee-eb9f-11ee-8abd-bd300fe11e8a_pointData.csv	316940	6e19f3ae2ad335d7b826f2550bf50d4a-1	2024-06-02T02:58:03.000Z	GLOS	GLOS-08b541ee-eb9f-11ee-8abd-bd300fe11e8a	2024-06-01T17:39:11Z	2024-06-01T18:12:51Z	keep	unique_1e-6_lattice_submission
csb/csv/2024/06/02/20240602001805162275_08b541ee-eb9f-11ee-8abd-bd300fe11e8a_pointData.csv	316940	e9ce2ff1dfc548f3530550a588c192c4-1	2024-06-02T02:57:58.000Z	GLOS	GLOS-08b541ee-eb9f-11ee-8abd-bd300fe11e8a	2024-06-01T17:39:11Z	2024-06-01T18:12:51Z	exclude	exact_reupload_of:20240602001804400478_08b541ee-eb9f-11ee-8abd-bd300fe11e8a_pointData.csv
csb/csv/2024/06/02/20240602002420781711_56f26f84-bafc-4b36-8454-b8546bddcf1d_pointData.csv	125634	426573934c93993ce94ce0268c26ee21-1	2024-06-02T02:58:04.000Z	Rosepoint	ROSEP-56f26f84-bafc-4b36-8454-b8546bddcf1d	2004-10-16T12:22:27Z	2004-10-17T00:23:31Z	keep	unique_1e-6_lattice_submission
csb/csv/2024/06/02/20240602002838147650_83e03090-0999-11eb-b6ea-98be942a5b5a_pointData.csv	194229	a78679c099329631162bd2e38f9c07fa-1	2024-06-02T02:58:01.000Z	PGS	PGS-83e03090-0999-11eb-b6ea-98be942a5b5a	2024-06-01T22:00:02Z	2024-06-01T22:59:59Z	exclude	provider_mixed_1e-4_and_1e-6_lattice
csb/csv/2024/06/02/20240602003148055751_ec72276e-3e2b-4d56-82bb-111fc86cbd77_pointData.csv	190863	4655f27af7974f2d54bc65a01c0e8b1e-1	2024-06-02T02:58:02.000Z	PGS	PGS-ec72276e-3e2b-4d56-82bb-111fc86cbd77	2024-06-01T23:00:00Z	2024-06-01T23:59:57Z	exclude	provider_mixed_1e-4_and_1e-6_lattice
csb/csv/2024/06/02/20240602003243050637_071ba46a-9793-4306-a970-8461bae10e77_pointData.csv	92008	d0a136cb50cbb051d543df5263bf6ed4-1	2024-06-02T02:58:03.000Z	Rosepoint	ROSEP-071ba46a-9793-4306-a970-8461bae10e77	2004-10-16T18:31:20Z	2004-10-17T00:30:24Z	keep	unique_1e-6_lattice_submission
csb/csv/2024/06/02/20240602003258582376_672e2884-f0ed-44dc-b9bb-56d79261e4f1_pointData.csv	60932	7bbfbadb3d86a156bdfac961f03af9e9-1	2024-06-02T02:58:01.000Z	Rosepoint	ROSEP-672e2884-f0ed-44dc-b9bb-56d79261e4f1	2024-06-01T18:31:51Z	2024-06-02T00:32:55Z	keep	unique_1e-6_lattice_submission
csb/csv/2024/06/02/20240602003616044942_3b0c5ff2-0998-11eb-8eb6-98be942a5b5a_pointData.csv	156795	289d6d3f0cecae162e53b5301233ebfc-1	2024-06-02T02:57:53.000Z	PGS	PGS-3b0c5ff2-0998-11eb-8eb6-98be942a5b5a	2024-06-01T23:00:02Z	2024-06-01T23:59:59Z	exclude	provider_mixed_1e-4_and_1e-6_lattice
csb/csv/2024/06/02/20240602004445991323_0d1b6ce0-e5ec-40f1-99a9-2187e8d08bf4_pointData.csv	2913317	16dbb6c13a1d2f7ecc48694a342c8510-1	2024-06-02T02:58:00.000Z	Rosepoint	ROSEP-0d1b6ce0-e5ec-40f1-99a9-2187e8d08bf4	2004-10-16T18:43:20Z	2004-10-17T00:43:56Z	keep	unique_1e-6_lattice_submission
csb/csv/2024/06/02/20240602004642391152_834f85c2-0999-11eb-a100-98be942a5b5a_pointData.csv	193038	b687f663370e61c849192759e8707491-1	2024-06-02T02:57:54.000Z	PGS	PGS-834f85c2-0999-11eb-a100-98be942a5b5a	2024-06-01T23:00:02Z	2024-06-01T23:59:59Z	exclude	provider_mixed_1e-4_and_1e-6_lattice
csb/csv/2024/06/02/20240602004720017310_48e8b019-4141-4a35-bd63-b3be3e30b183_pointData.csv	3549346	88d71b404e3c5ef8e8461b9dd33cc92f-1	2024-06-02T02:58:03.000Z	Rosepoint	ROSEP-48e8b019-4141-4a35-bd63-b3be3e30b183	2024-06-01T18:45:58Z	2024-06-02T00:47:13Z	keep	unique_1e-6_lattice_submission
csb/csv/2024/06/02/20240602005839522636_f73d4b8d-97c0-48ab-9200-c313709c76d0_pointData.csv	3403738	78d6862df3e69dad3fb6d69ae85b553c-1	2024-06-02T02:58:05.000Z	Rosepoint	ROSEP-f73d4b8d-97c0-48ab-9200-c313709c76d0	2024-06-01T18:57:51Z	2024-06-02T00:58:34Z	keep	unique_1e-6_lattice_submission
csb/csv/2024/06/02/20240602010019372211_60814530103d97-21972437_pointData.csv	817522	745d0fd3ff1caa0d921c81b28b7d88c6-1	2024-06-02T02:58:04.000Z	AquaMap	AQM-60814530103d97-21972437	2024-06-01T22:54:23Z	2024-06-02T00:32:42Z	exclude	provider_off_lattice_float_repr
csb/csv/2024/06/02/20240602010038747892_ChapterFour_pointData.csv	229355	92d07d36997c93fb620e9e2e47e09694-1	2024-06-02T02:58:06.000Z	AquaMap	AQM-ChapterFour	2024-05-31T14:06:34Z	2024-05-31T14:37:42Z	exclude	provider_off_lattice_float_repr
csb/csv/2024/06/02/20240602010116452768_bobetter_pointData.csv	666857	298725987cbf18e4076c7f4ad4e694f6-1	2024-06-02T02:58:05.000Z	AquaMap	AQM-bobetter	2024-06-01T23:17:59Z	2024-06-02T00:42:17Z	exclude	provider_off_lattice_float_repr
csb/csv/2024/06/02/20240602010139178142_63ab205b591832-24031229_pointData.csv	106072	e4e80f17f45703d0c32915cd6ec0c44a-1	2024-06-02T02:57:54.000Z	AquaMap	AQM-63ab205b591832-24031229	2024-05-08T10:45:50Z	2024-05-08T10:56:39Z	exclude	provider_off_lattice_float_repr
csb/csv/2024/06/02/20240602010442326316_b46dfd84-2ce8-4a25-a16b-4af10b8eb60e_pointData.csv	61305	43e7e29debb9c17713cef08db7b222bc-1	2024-06-02T02:58:05.000Z	Rosepoint	ROSEP-b46dfd84-2ce8-4a25-a16b-4af10b8eb60e	2024-06-01T19:04:00Z	2024-06-02T01:04:01Z	keep	unique_1e-6_lattice_submission
csb/csv/2024/06/02/20240602010853636279_cdd0edb8-c483-4c48-be4d-93f29dcbc26c_pointData.csv	59823	aa364839f9aee04d86e212ce4b649f32-1	2024-06-02T02:58:06.000Z	Rosepoint	ROSEP-cdd0edb8-c483-4c48-be4d-93f29dcbc26c	2024-06-01T19:08:54Z	2024-06-02T01:08:10Z	keep	unique_1e-6_lattice_submission
csb/csv/2024/06/02/20240602011039113162_ec72276e-3e2b-4d56-82bb-111fc86cbd77_pointData.csv	190863	ffa92a4230f7da6700350357cefc4cff-1	2024-06-02T02:57:58.000Z	PGS	PGS-ec72276e-3e2b-4d56-82bb-111fc86cbd77	2024-06-02T00:00:00Z	2024-06-02T00:59:58Z	exclude	provider_mixed_1e-4_and_1e-6_lattice
csb/csv/2024/06/02/20240602012902778693_834f85c2-0999-11eb-a100-98be942a5b5a_pointData.csv	192962	cca19455bb0dacb7e79bdee208dbe2f1-1	2024-06-02T02:58:03.000Z	PGS	PGS-834f85c2-0999-11eb-a100-98be942a5b5a	2024-06-02T00:00:02Z	2024-06-02T00:59:59Z	exclude	provider_mixed_1e-4_and_1e-6_lattice
csb/csv/2024/06/02/20240602013450252122_251e0ec1-5645-476e-8563-9f34939f5d72_pointData.csv	252131	1a05f29dd38d99ba323a36133bd32ed6-1	2024-06-02T02:58:06.000Z	Rosepoint	ROSEP-251e0ec1-5645-476e-8563-9f34939f5d72	2024-06-01T19:33:58Z	2024-06-02T01:34:04Z	keep	unique_1e-6_lattice_submission
csb/csv/2024/06/02/20240602014334529708_4606e387-998b-46fb-b5a6-02c7eafa03da_pointData.csv	2740079	47da4463579dc3626f36d89a2e9d85da-1	2024-06-02T02:58:00.000Z	Rosepoint	ROSEP-4606e387-998b-46fb-b5a6-02c7eafa03da	2004-10-16T19:43:09Z	2004-10-17T01:43:29Z	keep	unique_1e-6_lattice_submission
csb/csv/2024/06/02/20240602014349353156_83e03090-0999-11eb-b6ea-98be942a5b5a_pointData.csv	194219	4e2f8d0c29f66245de20a21354cea1d1-1	2024-06-02T02:58:03.000Z	PGS	PGS-83e03090-0999-11eb-b6ea-98be942a5b5a	2024-06-01T23:00:02Z	2024-06-01T23:59:59Z	exclude	provider_mixed_1e-4_and_1e-6_lattice
csb/csv/2024/06/02/20240602015931029387_ae9a5765-07b3-4441-9974-fd0443787689_pointData.csv	2295420	504ca336b00425ac8f067ac19a225dce-1	2024-06-02T02:58:00.000Z	Rosepoint	ROSEP-ae9a5765-07b3-4441-9974-fd0443787689	2004-10-15T23:11:15Z	2004-10-16T04:59:26Z	keep	unique_1e-6_lattice_submission
csb/csv/2024/06/02/20240602015939701496_ae9a5765-07b3-4441-9974-fd0443787689_pointData.csv	3102716	9057db391111e8a1427858ea63453f50-1	2024-06-02T02:58:09.000Z	Rosepoint	ROSEP-ae9a5765-07b3-4441-9974-fd0443787689	2004-10-16T13:47:16Z	2004-10-16T21:29:55Z	keep	unique_1e-6_lattice_submission
csb/csv/2024/06/02/20240602020054280584_Breathe_pointData.csv	181559	2b156575a7b1e011498eb709a168a79c-1	2024-06-02T02:58:01.000Z	AquaMap	AQM-Breathe	2024-06-01T21:22:23Z	2024-06-01T21:50:24Z	exclude	provider_off_lattice_float_repr
csb/csv/2024/06/02/20240602020221713029_373e61a4-5650-43be-800f-e6197634cf6f_pointData.csv	3390554	149b9c044fbd5c0e2253806326f4c7c8-1	2024-06-02T02:58:09.000Z	Rosepoint	ROSEP-373e61a4-5650-43be-800f-e6197634cf6f	2024-06-01T20:01:45Z	2024-06-02T02:02:19Z	keep	unique_1e-6_lattice_submission
csb/csv/2024/06/02/20240602020937187120_0eb134e9-5d84-4e30-a83f-05cb97380b57_pointData.csv	3140618	a41359514ad0ba931e731c08090410cc-1	2024-06-02T02:58:06.000Z	Rosepoint	ROSEP-0eb134e9-5d84-4e30-a83f-05cb97380b57	2024-05-27T20:34:37Z	2024-05-29T02:39:00Z	keep	unique_1e-6_lattice_submission
csb/csv/2024/06/02/20240602021623838154_4411b9ca-6b0e-47d2-a6be-36e60a3b577a_pointData.csv	30423	941a077aaa077d26ff684dc071c62903-1	2024-06-02T02:58:06.000Z	Rosepoint	ROSEP-4411b9ca-6b0e-47d2-a6be-36e60a3b577a	2024-06-01T23:17:37Z	2024-06-02T02:16:03Z	keep	unique_1e-6_lattice_submission
csb/csv/2024/06/02/20240602021649350199_398c56de-e541-4380-9ee4-589ec53f46f6_pointData.csv	57881	dd7775c5b2bf4eea5fd70f077b8df119-1	2024-06-02T02:58:07.000Z	Rosepoint	ROSEP-398c56de-e541-4380-9ee4-589ec53f46f6	2024-06-01T20:35:28Z	2024-06-02T02:16:48Z	keep	unique_1e-6_lattice_submission
csb/csv/2024/06/02/20240602022319082527_83e03090-0999-11eb-b6ea-98be942a5b5a_pointData.csv	194192	3402e2b8b78f3e67d593b910f6a5da60-1	2024-06-02T02:58:09.000Z	PGS	PGS-83e03090-0999-11eb-b6ea-98be942a5b5a	2024-06-02T00:00:02Z	2024-06-02T00:59:59Z	exclude	provider_mixed_1e-4_and_1e-6_lattice
csb/csv/2024/06/02/20240602022437618594_ec72276e-3e2b-4d56-82bb-111fc86cbd77_pointData.csv	190863	85a1330f3690dc42e96572940fc28079-1	2024-06-02T02:58:02.000Z	PGS	PGS-ec72276e-3e2b-4d56-82bb-111fc86cbd77	2024-06-02T01:00:01Z	2024-06-02T01:59:58Z	exclude	provider_mixed_1e-4_and_1e-6_lattice
csb/csv/2024/06/02/20240602022848907946_3b0c5ff2-0998-11eb-8eb6-98be942a5b5a_pointData.csv	167619	b0fbb04b9a245808019e28578b99628f-1	2024-06-02T02:58:10.000Z	PGS	PGS-3b0c5ff2-0998-11eb-8eb6-98be942a5b5a	2024-06-02T00:00:02Z	2024-06-02T00:59:44Z	exclude	provider_mixed_1e-4_and_1e-6_lattice
csb/csv/2024/06/02/20240602022849994262_3b0c5ff2-0998-11eb-8eb6-98be942a5b5a_pointData.csv	189534	6cd6ec601f96ee62648687a777622400-1	2024-06-02T02:58:02.000Z	PGS	PGS-3b0c5ff2-0998-11eb-8eb6-98be942a5b5a	2024-06-02T00:59:47Z	2024-06-02T01:59:59Z	exclude	provider_mixed_1e-4_and_1e-6_lattice
csb/csv/2024/06/02/20240602023358751693_0dc4d7c1-f541-476d-a76b-72fb09ad1bd2_pointData.csv	63133	6ad762e84466c79d97284b4684ab1991-1	2024-06-02T02:58:07.000Z	Rosepoint	ROSEP-0dc4d7c1-f541-476d-a76b-72fb09ad1bd2	2024-06-01T20:34:24Z	2024-06-02T02:33:38Z	keep	unique_1e-6_lattice_submission
csb/csv/2024/06/02/20240602024055850424_4f651d43-9a33-452c-9299-6ab08ed9d831_pointData.csv	3515431	24bcd6ca6e3e7d372797b9be36b8a104-1	2024-06-02T02:58:12.000Z	Rosepoint	ROSEP-4f651d43-9a33-452c-9299-6ab08ed9d831	2024-06-01T20:40:27Z	2024-06-02T02:40:48Z	keep	unique_1e-6_lattice_submission
csb/csv/2024/06/02/20240602024451549542_834f85c2-0999-11eb-a100-98be942a5b5a_pointData.csv	192999	07b9b26b49ebbc0d809d8dcfe41232e2-1	2024-06-02T02:58:03.000Z	PGS	PGS-834f85c2-0999-11eb-a100-98be942a5b5a	2024-06-02T01:00:02Z	2024-06-02T01:59:59Z	exclude	provider_mixed_1e-4_and_1e-6_lattice
csb/csv/2024/06/02/20240602030011089498_53df1aa6-1feb-47dc-a374-3880fae210fd_pointData.csv	60135	929acbdf6213743660d813268d1f217e-1	2024-06-02T07:36:58.000Z	Rosepoint	ROSEP-53df1aa6-1feb-47dc-a374-3880fae210fd	2024-06-01T21:00:00Z	2024-06-02T02:59:27Z	keep	unique_1e-6_lattice_submission
csb/csv/2024/06/02/20240602030013391294_bobetter_pointData.csv	664932	5dd32095fb28e0389a237d38d27783c5-1	2024-06-02T07:36:58.000Z	AquaMap	AQM-bobetter	2024-06-02T00:42:18Z	2024-06-02T02:06:33Z	exclude	provider_off_lattice_float_repr
csb/csv/2024/06/02/20240602032155327699_834f85c2-0999-11eb-a100-98be942a5b5a_pointData.csv	192968	9d1d8277f42c9c12d4a1cecb53659655-1	2024-06-02T07:36:59.000Z	PGS	PGS-834f85c2-0999-11eb-a100-98be942a5b5a	2024-06-02T02:00:02Z	2024-06-02T02:59:59Z	exclude	provider_mixed_1e-4_and_1e-6_lattice
csb/csv/2024/06/02/20240602032757265695_cb1bbd67-78e2-4b5f-97e4-4ab1661c7454_pointData.csv	60158	ed04d22504c2493d0f74a6c49fb36673-1	2024-06-02T07:36:58.000Z	Rosepoint	ROSEP-cb1bbd67-78e2-4b5f-97e4-4ab1661c7454	2024-06-01T21:26:44Z	2024-06-02T03:27:36Z	keep	unique_1e-6_lattice_submission
csb/csv/2024/06/02/20240602033231970937_c21bff07-b678-4dfb-ab54-a111660d6cfa_pointData.csv	1942790	d7d51d6fc118db5e7797862f2456eff8-1	2024-06-02T07:36:59.000Z	Rosepoint	ROSEP-c21bff07-b678-4dfb-ab54-a111660d6cfa	2024-06-01T21:31:14Z	2024-06-02T03:32:07Z	keep	unique_1e-6_lattice_submission
csb/csv/2024/06/02/20240602033618257985_83e03090-0999-11eb-b6ea-98be942a5b5a_pointData.csv	194180	ca56dbc9ed87649cee3b22f50de9f240-1	2024-06-02T07:37:02.000Z	PGS	PGS-83e03090-0999-11eb-b6ea-98be942a5b5a	2024-06-02T01:00:02Z	2024-06-02T01:59:59Z	exclude	provider_mixed_1e-4_and_1e-6_lattice
csb/csv/2024/06/02/20240602033642999081_c397eae3-6787-4d49-abbe-1de3758956f5_pointData.csv	3095603	e9d4396ed0e42bf33951002beaa2b306-1	2024-06-02T07:37:03.000Z	Rosepoint	ROSEP-c397eae3-6787-4d49-abbe-1de3758956f5	2024-06-01T21:35:38Z	2024-06-02T03:36:37Z	keep	unique_1e-6_lattice_submission
csb/csv/2024/06/02/20240602034135076747_ec72276e-3e2b-4d56-82bb-111fc86cbd77_pointData.csv	190863	044309df3b1693beb8e6ae874964688a-1	2024-06-02T07:37:02.000Z	PGS	PGS-ec72276e-3e2b-4d56-82bb-111fc86cbd77	2024-06-02T02:00:01Z	2024-06-02T02:59:58Z	exclude	provider_mixed_1e-4_and_1e-6_lattice
csb/csv/2024/06/02/20240602034810517431_3b0c5ff2-0998-11eb-8eb6-98be942a5b5a_pointData.csv	182091	14c422028e7edeb047fdf505b57969f8-1	2024-06-02T07:37:03.000Z	PGS	PGS-3b0c5ff2-0998-11eb-8eb6-98be942a5b5a	2024-06-02T02:00:02Z	2024-06-02T02:59:59Z	exclude	provider_mixed_1e-4_and_1e-6_lattice
csb/csv/2024/06/02/20240602040124185870_bobetter_pointData.csv	664650	96fcba7289b494d78ff8fa98b188b3d8-1	2024-06-02T07:37:05.000Z	AquaMap	AQM-bobetter	2024-06-02T02:06:34Z	2024-06-02T03:30:47Z	exclude	provider_off_lattice_float_repr
csb/csv/2024/06/02/20240602040757096941_11ce5241-356b-43ba-9456-f56555e0751a_pointData.csv	52890	810a384d4f53afaf393628419e8e8741-1	2024-06-02T07:37:03.000Z	Rosepoint	ROSEP-11ce5241-356b-43ba-9456-f56555e0751a	2024-06-01T22:07:15Z	2024-06-02T04:07:22Z	keep	unique_1e-6_lattice_submission
csb/csv/2024/06/02/20240602041707187978_83e03090-0999-11eb-b6ea-98be942a5b5a_pointData.csv	194030	e76936b1ac44850fadd0bc7388c6c09f-1	2024-06-02T07:37:03.000Z	PGS	PGS-83e03090-0999-11eb-b6ea-98be942a5b5a	2024-06-02T02:00:02Z	2024-06-02T02:59:56Z	exclude	provider_mixed_1e-4_and_1e-6_lattice
csb/csv/2024/06/02/20240602041923539749_e557a017-0c75-4365-808a-680673bbb79e_pointData.csv	1422510	a3381d15f88f21a8d62b2f6fb473fba0-1	2024-06-02T07:37:03.000Z	Rosepoint	ROSEP-e557a017-0c75-4365-808a-680673bbb79e	2024-06-01T22:17:40Z	2024-06-02T04:19:03Z	keep	unique_1e-6_lattice_submission
csb/csv/2024/06/02/20240602042017686969_ec72276e-3e2b-4d56-82bb-111fc86cbd77_pointData.csv	190863	31ffdc25dfb527f8a513c55ebf5d8f50-1	2024-06-02T07:37:04.000Z	PGS	PGS-ec72276e-3e2b-4d56-82bb-111fc86cbd77	2024-06-02T03:00:01Z	2024-06-02T03:59:58Z	exclude	provider_mixed_1e-4_and_1e-6_lattice
csb/csv/2024/06/02/20240602042318393182_3b0c5ff2-0998-11eb-8eb6-98be942a5b5a_pointData.csv	196098	5e2a400ec236f160ed2f4e8f8aeb4b70-1	2024-06-02T07:37:03.000Z	PGS	PGS-3b0c5ff2-0998-11eb-8eb6-98be942a5b5a	2024-06-02T03:00:02Z	2024-06-02T03:59:59Z	exclude	provider_mixed_1e-4_and_1e-6_lattice
csb/csv/2024/06/02/20240602043641609196_834f85c2-0999-11eb-a100-98be942a5b5a_pointData.csv	192991	5723e78d932132ded40ac2365f4cf1c0-1	2024-06-02T07:37:06.000Z	PGS	PGS-834f85c2-0999-11eb-a100-98be942a5b5a	2024-06-02T03:00:02Z	2024-06-02T03:59:59Z	exclude	provider_mixed_1e-4_and_1e-6_lattice
csb/csv/2024/06/02/20240602043832122014_f7904f6e-9198-4732-ad84-25948b446b65_pointData.csv	3477258	08c136b1a7ad38164e54d05c7ec13aee-1	2024-06-02T07:37:07.000Z	Rosepoint	ROSEP-f7904f6e-9198-4732-ad84-25948b446b65	2004-10-16T22:37:52Z	2004-10-17T04:38:30Z	keep	unique_1e-6_lattice_submission
csb/csv/2024/06/02/20240602043938984387_62641c86-2ffe-4cee-b9c0-7ee36c1ad599_pointData.csv	1044528	789883ce97e3a10d8bfd55dedc2aa07b-1	2024-06-02T07:37:05.000Z	Rosepoint	ROSEP-62641c86-2ffe-4cee-b9c0-7ee36c1ad599	2024-06-01T22:39:11Z	2024-06-02T04:39:14Z	keep	unique_1e-6_lattice_submission
csb/csv/2024/06/02/20240602044322605414_70946e11-d3aa-412d-8427-c23af3e246e3_pointData.csv	116183	89f0402eab283cc520b7ae5b63186261-1	2024-06-02T07:37:07.000Z	Rosepoint	ROSEP-70946e11-d3aa-412d-8427-c23af3e246e3	2024-06-01T22:43:12Z	2024-06-02T04:42:33Z	keep	unique_1e-6_lattice_submission
csb/csv/2024/06/02/20240602050023315963_bobetter_pointData.csv	665256	8c85dc24012150b85121f62a08f6aa37-1	2024-06-02T07:37:08.000Z	AquaMap	AQM-bobetter	2024-06-02T03:30:48Z	2024-06-02T04:55:04Z	exclude	provider_off_lattice_float_repr
csb/csv/2024/06/02/20240602051233687702_834f85c2-0999-11eb-a100-98be942a5b5a_pointData.csv	192971	8aeb0e38565fbdc398f4d59f3d032bf3-1	2024-06-02T07:37:04.000Z	PGS	PGS-834f85c2-0999-11eb-a100-98be942a5b5a	2024-06-02T04:00:02Z	2024-06-02T04:59:59Z	exclude	provider_mixed_1e-4_and_1e-6_lattice
csb/csv/2024/06/02/20240602053219544576_83e03090-0999-11eb-b6ea-98be942a5b5a_pointData.csv	194191	1261d7d7fbd2a52578d75e01409f5cdb-1	2024-06-02T07:37:06.000Z	PGS	PGS-83e03090-0999-11eb-b6ea-98be942a5b5a	2024-06-02T02:59:59Z	2024-06-02T03:59:57Z	exclude	provider_mixed_1e-4_and_1e-6_lattice
csb/csv/2024/06/02/20240602053649793423_ec72276e-3e2b-4d56-82bb-111fc86cbd77_pointData.csv	190863	6fe14eeba3ac3a041f14d3efb957d432-1	2024-06-02T07:37:08.000Z	PGS	PGS-ec72276e-3e2b-4d56-82bb-111fc86cbd77	2024-06-02T04:00:01Z	2024-06-02T04:59:58Z	exclude	provider_mixed_1e-4_and_1e-6_lattice
csb/csv/2024/06/02/20240602053852632779_3b0c5ff2-0998-11eb-8eb6-98be942a5b5a_pointData.csv	200307	3c50f22463921dc58c74f32054a4e545-1	2024-06-02T07:37:04.000Z	PGS	PGS-3b0c5ff2-0998-11eb-8eb6-98be942a5b5a	2024-06-02T04:00:02Z	2024-06-02T04:59:59Z	exclude	provider_mixed_1e-4_and_1e-6_lattice
csb/csv/2024/06/02/20240602054644474954_8250175b-3c29-4906-8437-5106955c99c6_pointData.csv	3454384	1276738e07901f830e341e0f596b280a-1	2024-06-02T07:37:07.000Z	Rosepoint	ROSEP-8250175b-3c29-4906-8437-5106955c99c6	2024-06-01T23:46:16Z	2024-06-02T05:46:36Z	keep	unique_1e-6_lattice_submission
csb/csv/2024/06/02/20240602055501112771_50008c0e-ffea-48f3-9404-a4375c9e9843_pointData.csv	3367445	36169c57651d07548bbac135ba2f3714-1	2024-06-02T07:37:09.000Z	Rosepoint	ROSEP-50008c0e-ffea-48f3-9404-a4375c9e9843	2024-06-01T23:53:38Z	2024-06-02T05:54:54Z	keep	unique_1e-6_lattice_submission
csb/csv/2024/06/02/20240602061155720083_e150d9fe-d3d7-4d47-ba18-f82688e01b85_pointData.csv	60255	e266799b0fccdfefa93cb622374dc3a6-1	2024-06-02T07:37:05.000Z	Rosepoint	ROSEP-e150d9fe-d3d7-4d47-ba18-f82688e01b85	2024-06-02T00:09:31Z	2024-06-02T06:11:50Z	keep	unique_1e-6_lattice_submission
csb/csv/2024/06/02/20240602061644641016_061e2f30-c234-4cf0-b880-42bb03ab857d_pointData.csv	59401	95470ed65aecf4cce5c5a3d2964293b3-1	2024-06-02T07:37:06.000Z	Rosepoint	ROSEP-061e2f30-c234-4cf0-b880-42bb03ab857d	2024-06-02T00:15:56Z	2024-06-02T06:15:53Z	keep	unique_1e-6_lattice_submission
csb/csv/2024/06/02/20240602062319110080_83e03090-0999-11eb-b6ea-98be942a5b5a_pointData.csv	194157	2ac021e598864d1efb771dbf460d7639-1	2024-06-02T07:37:06.000Z	PGS	PGS-83e03090-0999-11eb-b6ea-98be942a5b5a	2024-06-02T04:00:00Z	2024-06-02T04:59:57Z	exclude	provider_mixed_1e-4_and_1e-6_lattice
csb/csv/2024/06/02/20240602062527613392_56f26f84-bafc-4b36-8454-b8546bddcf1d_pointData.csv	62807	a98817a4180963b4c10c6946acd7fb87-1	2024-06-02T07:37:07.000Z	Rosepoint	ROSEP-56f26f84-bafc-4b36-8454-b8546bddcf1d	2004-10-17T00:24:32Z	2004-10-17T06:25:11Z	keep	unique_1e-6_lattice_submission
csb/csv/2024/06/02/20240602062558758241_ec72276e-3e2b-4d56-82bb-111fc86cbd77_pointData.csv	190863	7b06937e7a7a0b13ed67ee925304b89a-1	2024-06-02T07:37:06.000Z	PGS	PGS-ec72276e-3e2b-4d56-82bb-111fc86cbd77	2024-06-02T05:00:01Z	2024-06-02T05:59:58Z	exclude	provider_mixed_1e-4_and_1e-6_lattice
csb/csv/2024/06/02/20240602063301159582_071ba46a-9793-4306-a970-8461bae10e77_pointData.csv	52355	81260bab752e127cc4267ec4ad0d660f-1	2024-06-02T07:37:07.000Z	Rosepoint	ROSEP-071ba46a-9793-4306-a970-8461bae10e77	2004-10-17T00:34:36Z	2004-10-17T06:32:12Z	keep	unique_1e-6_lattice_submission
csb/csv/2024/06/02/20240602063400889161_3b0c5ff2-0998-11eb-8eb6-98be942a5b5a_pointData.csv	195307	e3cef562bc92cec8113361d4530b9717-1	2024-06-02T07:37:09.000Z	PGS	PGS-3b0c5ff2-0998-11eb-8eb6-98be942a5b5a	2024-06-02T05:00:02Z	2024-06-02T05:59:59Z	exclude	provider_mixed_1e-4_and_1e-6_lattice
csb/csv/2024/06/02/20240602064512915310_0d1b6ce0-e5ec-40f1-99a9-2187e8d08bf4_pointData.csv	3277444	9ea8adc2c216f2e609f7cff1f05df066-1	2024-06-02T07:37:11.000Z	Rosepoint	ROSEP-0d1b6ce0-e5ec-40f1-99a9-2187e8d08bf4	2004-10-17T00:44:57Z	2004-10-17T06:45:05Z	keep	unique_1e-6_lattice_submission
csb/csv/2024/06/02/20240602064641321535_834f85c2-0999-11eb-a100-98be942a5b5a_pointData.csv	192978	9c85e46f95a0e85a8a502115d5f33d03-1	2024-06-02T07:37:10.000Z	PGS	PGS-834f85c2-0999-11eb-a100-98be942a5b5a	2024-06-02T05:00:02Z	2024-06-02T05:59:59Z	exclude	provider_mixed_1e-4_and_1e-6_lattice
csb/csv/2024/06/02/20240602065321926672_48e8b019-4141-4a35-bd63-b3be3e30b183_pointData.csv	2757210	1006c8948add34980b369dee050be351-1	2024-06-02T07:37:05.000Z	Rosepoint	ROSEP-48e8b019-4141-4a35-bd63-b3be3e30b183	2024-06-02T00:47:14Z	2024-06-02T06:51:45Z	keep	unique_1e-6_lattice_submission
csb/csv/2024/06/02/20240602065858612333_f73d4b8d-97c0-48ab-9200-c313709c76d0_pointData.csv	365221	ae0808d400200704016b87f4ffe808ff-1	2024-06-02T07:37:07.000Z	Rosepoint	ROSEP-f73d4b8d-97c0-48ab-9200-c313709c76d0	2024-06-02T00:58:35Z	2024-06-02T06:58:22Z	keep	unique_1e-6_lattice_submission
csb/csv/2024/06/02/20240602070041886890_bobetter_pointData.csv	667864	3661850b12daa4b51e4c9541a48b320e-1	2024-06-02T07:37:05.000Z	AquaMap	AQM-bobetter	2024-06-02T04:55:05Z	2024-06-02T06:19:17Z	exclude	provider_off_lattice_float_repr
csb/csv/2024/06/02/20240602070459859860_b46dfd84-2ce8-4a25-a16b-4af10b8eb60e_pointData.csv	60852	1283843f1dd9905824ad4ed0ac12bded-1	2024-06-02T07:37:10.000Z	Rosepoint	ROSEP-b46dfd84-2ce8-4a25-a16b-4af10b8eb60e	2024-06-02T01:05:01Z	2024-06-02T07:04:30Z	keep	unique_1e-6_lattice_submission
csb/csv/2024/06/02/20240602070846959700_ec72276e-3e2b-4d56-82bb-111fc86cbd77_pointData.csv	190863	869c6ba0ca8a9af7071353fc60da28f4-1	2024-06-02T07:37:08.000Z	PGS	PGS-ec72276e-3e2b-4d56-82bb-111fc86cbd77	2024-06-02T06:00:01Z	2024-06-02T06:59:58Z	exclude	provider_mixed_1e-4_and_1e-6_lattice
csb/csv/2024/06/02/20240602070936937606_cdd0edb8-c483-4c48-be4d-93f29dcbc26c_pointData.csv	59928	d118f567d2f719d514c1497d71da2f6f-1	2024-06-02T07:37:06.000Z	Rosepoint	ROSEP-cdd0edb8-c483-4c48-be4d-93f29dcbc26c	2024-06-02T01:09:11Z	2024-06-02T07:09:28Z	keep	unique_1e-6_lattice_submission
csb/csv/2024/06/02/20240602071548159125_3b0c5ff2-0998-11eb-8eb6-98be942a5b5a_pointData.csv	186452	3686ff668f109fce0ed209a0fc8a99bf-1	2024-06-02T07:37:09.000Z	PGS	PGS-3b0c5ff2-0998-11eb-8eb6-98be942a5b5a	2024-06-02T06:00:02Z	2024-06-02T06:59:56Z	exclude	provider_mixed_1e-4_and_1e-6_lattice
csb/csv/2024/06/02/20240602072359315602_834f85c2-0999-11eb-a100-98be942a5b5a_pointData.csv	192993	283b706520a14a1e3f96360b7a701f72-1	2024-06-02T07:37:11.000Z	PGS	PGS-834f85c2-0999-11eb-a100-98be942a5b5a	2024-06-02T06:00:02Z	2024-06-02T06:59:59Z	exclude	provider_mixed_1e-4_and_1e-6_lattice
csb/csv/2024/06/02/20240602073607262586_251e0ec1-5645-476e-8563-9f34939f5d72_pointData.csv	394769	7a794e11bcdf986b230541a576ff2a74-1	2024-06-02T07:37:10.000Z	Rosepoint	ROSEP-251e0ec1-5645-476e-8563-9f34939f5d72	2024-06-02T01:35:05Z	2024-06-02T07:35:06Z	keep	unique_1e-6_lattice_submission
csb/csv/2024/06/02/20240602074452597095_4606e387-998b-46fb-b5a6-02c7eafa03da_pointData.csv	3414832	17ca8f0c8c7f68a5aadb3ddebaf69564-1	2024-06-02T19:26:38.000Z	Rosepoint	ROSEP-4606e387-998b-46fb-b5a6-02c7eafa03da	2004-10-17T01:43:30Z	2004-10-17T07:44:47Z	keep	unique_1e-6_lattice_submission
csb/csv/2024/06/02/20240602074718664213_83e03090-0999-11eb-b6ea-98be942a5b5a_pointData.csv	194192	f448047a0c6f131f013886319767ddb1-1	2024-06-02T19:26:36.000Z	PGS	PGS-83e03090-0999-11eb-b6ea-98be942a5b5a	2024-06-02T05:00:00Z	2024-06-02T05:59:57Z	exclude	provider_mixed_1e-4_and_1e-6_lattice
csb/csv/2024/06/02/20240602080041775477_bobetter_pointData.csv	669901	bb0f11551aa7f675e91cb7839a7c0925-1	2024-06-02T19:26:36.000Z	AquaMap	AQM-bobetter	2024-06-02T06:19:18Z	2024-06-02T07:43:32Z	exclude	provider_off_lattice_float_repr
csb/csv/2024/06/02/20240602080304134037_373e61a4-5650-43be-800f-e6197634cf6f_pointData.csv	2902941	b7246406cc03ede59ec569f4b6969408-1	2024-06-02T19:26:40.000Z	Rosepoint	ROSEP-373e61a4-5650-43be-800f-e6197634cf6f	2024-06-02T02:02:20Z	2024-06-02T08:02:21Z	keep	unique_1e-6_lattice_submission
csb/csv/2024/06/02/20240602081740519585_398c56de-e541-4380-9ee4-589ec53f46f6_pointData.csv	60855	fa327fa3fd45fa4ea4aa80801ea44131-1	2024-06-02T19:26:37.000Z	Rosepoint	ROSEP-398c56de-e541-4380-9ee4-589ec53f46f6	2024-06-02T02:17:48Z	2024-06-02T08:16:59Z	keep	unique_1e-6_lattice_submission
csb/csv/2024/06/02/20240602081756684650_4411b9ca-6b0e-47d2-a6be-36e60a3b577a_pointData.csv	61049	d91fc0e833a6ee43974a0b22515d4161-1	2024-06-02T19:26:37.000Z	Rosepoint	ROSEP-4411b9ca-6b0e-47d2-a6be-36e60a3b577a	2024-06-02T02:17:04Z	2024-06-02T08:17:18Z	keep	unique_1e-6_lattice_submission
csb/csv/2024/06/02/20240602082642377417_83e03090-0999-11eb-b6ea-98be942a5b5a_pointData.csv	194189	d2d94bf768d412ee6952fa4cf5a24197-1	2024-06-02T19:26:38.000Z	PGS	PGS-83e03090-0999-11eb-b6ea-98be942a5b5a	2024-06-02T06:00:00Z	2024-06-02T06:59:57Z	exclude	provider_mixed_1e-4_and_1e-6_lattice
csb/csv/2024/06/02/20240602083010186728_ec72276e-3e2b-4d56-82bb-111fc86cbd77_pointData.csv	190863	ea28d74afd024f31bdcf4c243c252955-1	2024-06-02T19:26:37.000Z	PGS	PGS-ec72276e-3e2b-4d56-82bb-111fc86cbd77	2024-06-02T07:00:01Z	2024-06-02T07:59:58Z	exclude	provider_mixed_1e-4_and_1e-6_lattice
csb/csv/2024/06/02/20240602083415735383_0dc4d7c1-f541-476d-a76b-72fb09ad1bd2_pointData.csv	63107	c50abb2b9aaa28583b8ecdd09e5e8a15-1	2024-06-02T19:26:37.000Z	Rosepoint	ROSEP-0dc4d7c1-f541-476d-a76b-72fb09ad1bd2	2024-06-02T02:34:38Z	2024-06-02T08:34:09Z	keep	unique_1e-6_lattice_submission
csb/csv/2024/06/02/20240602083444131138_3b0c5ff2-0998-11eb-8eb6-98be942a5b5a_pointData.csv	163480	33d1c58886ccf023d8faa4a4b3358245-1	2024-06-02T19:26:39.000Z	PGS	PGS-3b0c5ff2-0998-11eb-8eb6-98be942a5b5a	2024-06-02T06:59:59Z	2024-06-02T07:59:56Z	exclude	provider_mixed_1e-4_and_1e-6_lattice
csb/csv/2024/06/02/20240602084212022480_4f651d43-9a33-452c-9299-6ab08ed9d831_pointData.csv	798243	95a7c4cf173a8d7c2837b760ec5e35c7-1	2024-06-02T19:26:38.000Z	Rosepoint	ROSEP-4f651d43-9a33-452c-9299-6ab08ed9d831	2024-06-02T02:40:49Z	2024-06-02T04:11:33Z	keep	unique_1e-6_lattice_submission
csb/csv/2024/06/02/20240602084856378855_834f85c2-0999-11eb-a100-98be942a5b5a_pointData.csv	192832	3a42bd3a3c0c81b2c8b0329e813cfda4-1	2024-06-02T19:26:37.000Z	PGS	PGS-834f85c2-0999-11eb-a100-98be942a5b5a	2024-06-02T07:00:02Z	2024-06-02T07:59:57Z	exclude	provider_mixed_1e-4_and_1e-6_lattice
csb/csv/2024/06/02/20240602090042955970_53df1aa6-1feb-47dc-a374-3880fae210fd_pointData.csv	60254	85f466d333d07c72a3ff2096db3790c3-1	2024-06-02T19:26:35.000Z	Rosepoint	ROSEP-53df1aa6-1feb-47dc-a374-3880fae210fd	2024-06-02T03:00:28Z	2024-06-02T09:00:03Z	keep	unique_1e-6_lattice_submission
csb/csv/2024/06/02/20240602090645395669_ec72276e-3e2b-4d56-82bb-111fc86cbd77_pointData.csv	190863	7a0855ff8bc1a60a149d8ce01e57ddb4-1	2024-06-02T19:26:37.000Z	PGS	PGS-ec72276e-3e2b-4d56-82bb-111fc86cbd77	2024-06-02T08:00:01Z	2024-06-02T08:59:58Z	exclude	provider_mixed_1e-4_and_1e-6_lattice
csb/csv/2024/06/02/20240602092821807557_834f85c2-0999-11eb-a100-98be942a5b5a_pointData.csv	193008	53be90f0946681452815c29dc729995a-1	2024-06-02T19:26:41.000Z	PGS	PGS-834f85c2-0999-11eb-a100-98be942a5b5a	2024-06-02T08:00:00Z	2024-06-02T08:59:57Z	exclude	provider_mixed_1e-4_and_1e-6_lattice
csb/csv/2024/06/02/20240602092919559991_cb1bbd67-78e2-4b5f-97e4-4ab1661c7454_pointData.csv	59749	c5ce4a137bfad62ed9082ef5cfedfe17-1	2024-06-02T19:26:37.000Z	Rosepoint	ROSEP-cb1bbd67-78e2-4b5f-97e4-4ab1661c7454	2024-06-02T03:28:36Z	2024-06-02T09:28:30Z	keep	unique_1e-6_lattice_submission
csb/csv/2024/06/02/20240602093348058902_c21bff07-b678-4dfb-ab54-a111660d6cfa_pointData.csv	1549496	9160a5c8428078a6ed1b771e3e08448d-1	2024-06-02T19:26:39.000Z	Rosepoint	ROSEP-c21bff07-b678-4dfb-ab54-a111660d6cfa	2024-06-02T03:33:07Z	2024-06-02T09:33:44Z	keep	unique_1e-6_lattice_submission
csb/csv/2024/06/02/20240602093726232634_c397eae3-6787-4d49-abbe-1de3758956f5_pointData.csv	3481663	6f5400d8f4ddfec966206c0155f52e74-1	2024-06-02T19:26:39.000Z	Rosepoint	ROSEP-c397eae3-6787-4d49-abbe-1de3758956f5	2024-06-02T03:36:39Z	2024-06-02T09:37:21Z	keep	unique_1e-6_lattice_submission
csb/csv/2024/06/02/20240602094445304314_83e03090-0999-11eb-b6ea-98be942a5b5a_pointData.csv	194198	24f85dbc8ee8b8f3e23deb241355f24b-1	2024-06-02T19:26:40.000Z	PGS	PGS-83e03090-0999-11eb-b6ea-98be942a5b5a	2024-06-02T07:00:00Z	2024-06-02T07:59:57Z	exclude	provider_mixed_1e-4_and_1e-6_lattice
csb/csv/2024/06/02/20240602095509373709_3b0c5ff2-0998-11eb-8eb6-98be942a5b5a_pointData.csv	150555	eaedad4cf77ad4b8a1a7dd8f0baa7c53-1	2024-06-02T19:26:42.000Z	PGS	PGS-3b0c5ff2-0998-11eb-8eb6-98be942a5b5a	2024-06-02T07:59:59Z	2024-06-02T08:59:57Z	exclude	provider_mixed_1e-4_and_1e-6_lattice
csb/csv/2024/06/02/20240602100055559499_bobetter_pointData.csv	666306	e53343a270af0d4073dddd3688749d08-1	2024-06-02T19:26:38.000Z	AquaMap	AQM-bobetter	2024-06-02T07:43:33Z	2024-06-02T09:07:45Z	exclude	provider_off_lattice_float_repr
csb/csv/2024/06/02/20240602100919852207_11ce5241-356b-43ba-9456-f56555e0751a_pointData.csv	670302	7d5767b8cfc3e540564b0177e6848511-1	2024-06-02T19:26:41.000Z	Rosepoint	ROSEP-11ce5241-356b-43ba-9456-f56555e0751a	2024-06-02T04:08:22Z	2024-06-02T10:08:08Z	keep	unique_1e-6_lattice_submission
csb/csv/2024/06/02/20240602102119538177_e557a017-0c75-4365-808a-680673bbb79e_pointData.csv	2445254	6c927173960b80cef8828fdb57b3972e-1	2024-06-02T19:26:39.000Z	Rosepoint	ROSEP-e557a017-0c75-4365-808a-680673bbb79e	2024-06-02T04:19:04Z	2024-06-02T10:05:49Z	keep	unique_1e-6_lattice_submission
csb/csv/2024/06/02/20240602102350691378_83e03090-0999-11eb-b6ea-98be942a5b5a_pointData.csv	194201	f161355f31b52aa5cc98fb081398f921-1	2024-06-02T19:26:40.000Z	PGS	PGS-83e03090-0999-11eb-b6ea-98be942a5b5a	2024-06-02T08:00:00Z	2024-06-02T08:59:57Z	exclude	provider_mixed_1e-4_and_1e-6_lattice
csb/csv/2024/06/02/20240602102644265701_ec72276e-3e2b-4d56-82bb-111fc86cbd77_pointData.csv	190863	0afb74be0a3768d2bdc924df63a6bf8e-1	2024-06-02T19:26:39.000Z	PGS	PGS-ec72276e-3e2b-4d56-82bb-111fc86cbd77	2024-06-02T09:00:01Z	2024-06-02T09:59:58Z	exclude	provider_mixed_1e-4_and_1e-6_lattice
csb/csv/2024/06/02/20240602103153675108_3b0c5ff2-0998-11eb-8eb6-98be942a5b5a_pointData.csv	160604	3853dd0df89884c8842b7293a1f7951f-1	2024-06-02T19:26:40.000Z	PGS	PGS-3b0c5ff2-0998-11eb-8eb6-98be942a5b5a	2024-06-02T09:00:00Z	2024-06-02T09:59:57Z	exclude	provider_mixed_1e-4_and_1e-6_lattice
csb/csv/2024/06/02/20240602103931613149_f7904f6e-9198-4732-ad84-25948b446b65_pointData.csv	3460627	7a7629043f2f2e9403ca872d08554a34-1	2024-06-02T19:26:43.000Z	Rosepoint	ROSEP-f7904f6e-9198-4732-ad84-25948b446b65	2004-10-17T04:38:31Z	2004-10-17T10:39:29Z	keep	unique_1e-6_lattice_submission
csb/csv/2024/06/02/20240602104003490835_62641c86-2ffe-4cee-b9c0-7ee36c1ad599_pointData.csv	60370	39acdfe6a2e8e51ab1cedcb09324b501-1	2024-06-02T19:26:40.000Z	Rosepoint	ROSEP-62641c86-2ffe-4cee-b9c0-7ee36c1ad599	2024-06-02T04:40:14Z	2024-06-02T10:39:18Z	keep	unique_1e-6_lattice_submission
csb/csv/2024/06/02/20240602104342483115_70946e11-d3aa-412d-8427-c23af3e246e3_pointData.csv	63634	2cee5c7958894258d6c422f28314598b-1	2024-06-02T19:26:41.000Z	Rosepoint	ROSEP-70946e11-d3aa-412d-8427-c23af3e246e3	2024-06-02T04:43:34Z	2024-06-02T10:43:08Z	keep	unique_1e-6_lattice_submission
csb/csv/2024/06/02/20240602104752641899_834f85c2-0999-11eb-a100-98be942a5b5a_pointData.csv	192982	241f4e0864658bea8b4bd2f8b561bacd-1	2024-06-02T19:26:43.000Z	PGS	PGS-834f85c2-0999-11eb-a100-98be942a5b5a	2024-06-02T09:00:00Z	2024-06-02T09:59:57Z	exclude	provider_mixed_1e-4_and_1e-6_lattice
csb/csv/2024/06/02/20240602110057944515_bobetter_pointData.csv	665118	8b953afef33f6a37455b9317e3b47893-1	2024-06-02T19:26:40.000Z	AquaMap	AQM-bobetter	2024-06-02T09:07:46Z	2024-06-02T10:31:59Z	exclude	provider_off_lattice_float_repr
csb/csv/2024/06/02/20240602110126793953_stephenvnoegmail-com_pointData.csv	230247	bb7cc29cab53e152f7e215bc1fae0c40-1	2024-06-02T19:26:41.000Z	AquaMap	AQM-stephenvnoegmail-com	2024-05-18T11:34:19Z	2024-05-18T11:59:58Z	exclude	provider_off_lattice_float_repr
csb/csv/2024/06/02/20240602110812258164_ec72276e-3e2b-4d56-82bb-111fc86cbd77_pointData.csv	190863	d49fa01fcf777c75231fb797adc9ad45-1	2024-06-02T19:26:37.000Z	PGS	PGS-ec72276e-3e2b-4d56-82bb-111fc86cbd77	2024-06-02T10:00:01Z	2024-06-02T10:59:58Z	exclude	provider_mixed_1e-4_and_1e-6_lattice
csb/csv/2024/06/02/20240602112649455643_834f85c2-0999-11eb-a100-98be942a5b5a_pointData.csv	192996	611e774119de6dc86e4f41196085733c-1	2024-06-02T19:26:40.000Z	PGS	PGS-834f85c2-0999-11eb-a100-98be942a5b5a	2024-06-02T10:00:00Z	2024-06-02T10:59:57Z	exclude	provider_mixed_1e-4_and_1e-6_lattice
csb/csv/2024/06/02/20240602114438413073_83e03090-0999-11eb-b6ea-98be942a5b5a_pointData.csv	194170	1883f1d488727afdc8490b9819356c29-1	2024-06-02T19:26:41.000Z	PGS	PGS-83e03090-0999-11eb-b6ea-98be942a5b5a	2024-06-02T09:00:00Z	2024-06-02T09:59:57Z	exclude	provider_mixed_1e-4_and_1e-6_lattice
csb/csv/2024/06/02/20240602114759539838_8250175b-3c29-4906-8437-5106955c99c6_pointData.csv	952164	b23568ddabe00122118c9e82b2210e30-1	2024-06-02T19:26:44.000Z	Rosepoint	ROSEP-8250175b-3c29-4906-8437-5106955c99c6	2024-06-02T05:46:37Z	2024-06-02T11:47:18Z	keep	unique_1e-6_lattice_submission
csb/csv/2024/06/02/20240602115250457079_3b0c5ff2-0998-11eb-8eb6-98be942a5b5a_pointData.csv	159567	e42f764f180ecd920a956aaa0cd3f09e-1	2024-06-02T19:26:41.000Z	PGS	PGS-3b0c5ff2-0998-11eb-8eb6-98be942a5b5a	2024-06-02T10:00:00Z	2024-06-02T10:59:57Z	exclude	provider_mixed_1e-4_and_1e-6_lattice
csb/csv/2024/06/02/20240602115622052220_50008c0e-ffea-48f3-9404-a4375c9e9843_pointData.csv	2956574	e9e48046c7df4be30877ef924ec5ca5f-1	2024-06-02T19:26:39.000Z	Rosepoint	ROSEP-50008c0e-ffea-48f3-9404-a4375c9e9843	2024-06-02T05:54:56Z	2024-06-02T11:38:41Z	keep	unique_1e-6_lattice_submission
csb/csv/2024/06/02/20240602120045711726_ChapterFour_pointData.csv	229355	d4957f36974fc2544aaad1b764a4c46a-1	2024-06-02T19:26:44.000Z	AquaMap	AQM-ChapterFour	2024-05-31T14:06:34Z	2024-05-31T14:37:42Z	exclude	provider_off_lattice_float_repr
csb/csv/2024/06/02/20240602120100944561_bobetter_pointData.csv	669003	7d89e16067bdfa17d6678822f8d95b8d-1	2024-06-02T19:26:42.000Z	AquaMap	AQM-bobetter	2024-06-02T10:32:00Z	2024-06-02T11:56:20Z	exclude	provider_off_lattice_float_repr
csb/csv/2024/06/02/20240602121515802770_e150d9fe-d3d7-4d47-ba18-f82688e01b85_pointData.csv	60079	7ff405e07693beff120b1e5b1136d4b6-1	2024-06-02T19:26:42.000Z	Rosepoint	ROSEP-e150d9fe-d3d7-4d47-ba18-f82688e01b85	2024-06-02T06:12:51Z	2024-06-02T12:14:23Z	keep	unique_1e-6_lattice_submission
csb/csv/2024/06/02/20240602121802881968_061e2f30-c234-4cf0-b880-42bb03ab857d_pointData.csv	59398	4afe0beeda04ef9a4304c871faa997af-1	2024-06-02T19:26:45.000Z	Rosepoint	ROSEP-061e2f30-c234-4cf0-b880-42bb03ab857d	2024-06-02T06:16:54Z	2024-06-02T12:17:04Z	keep	unique_1e-6_lattice_submission
csb/csv/2024/06/02/20240602122641643146_56f26f84-bafc-4b36-8454-b8546bddcf1d_pointData.csv	62755	89dd4781f50d6d4f31716b1446d8597d-1	2024-06-02T19:26:41.000Z	Rosepoint	ROSEP-56f26f84-bafc-4b36-8454-b8546bddcf1d	2004-10-17T06:26:11Z	2004-10-17T12:25:54Z	keep	unique_1e-6_lattice_submission
csb/csv/2024/06/02/20240602123420460340_071ba46a-9793-4306-a970-8461bae10e77_pointData.csv	292625	7fc06ab9133c8f2633124cbe6bfd5842-1	2024-06-02T19:26:45.000Z	Rosepoint	ROSEP-071ba46a-9793-4306-a970-8461bae10e77	2004-10-17T06:33:12Z	2004-10-17T12:33:49Z	keep	unique_1e-6_lattice_submission
csb/csv/2024/06/02/20240602123533467008_672e2884-f0ed-44dc-b9bb-56d79261e4f1_pointData.csv	60606	163af9893bf84a8af3ac232806f586c4-1	2024-06-02T19:26:42.000Z	Rosepoint	ROSEP-672e2884-f0ed-44dc-b9bb-56d79261e4f1	2024-06-02T00:33:56Z	2024-06-02T06:33:17Z	keep	unique_1e-6_lattice_submission
csb/csv/2024/06/02/20240602124010292948_83e03090-0999-11eb-b6ea-98be942a5b5a_pointData.csv	194161	c7b603e2282eefc481c9b2489b5768c8-1	2024-06-02T19:26:41.000Z	PGS	PGS-83e03090-0999-11eb-b6ea-98be942a5b5a	2024-06-02T10:00:00Z	2024-06-02T10:59:57Z	exclude	provider_mixed_1e-4_and_1e-6_lattice
csb/csv/2024/06/02/20240602124057204654_ec72276e-3e2b-4d56-82bb-111fc86cbd77_pointData.csv	190863	dc9b7ca722e055f205399961e1c7c2cf-1	2024-06-02T19:26:42.000Z	PGS	PGS-ec72276e-3e2b-4d56-82bb-111fc86cbd77	2024-06-02T11:00:01Z	2024-06-02T11:59:58Z	exclude	provider_mixed_1e-4_and_1e-6_lattice
csb/csv/2024/06/02/20240602124503109258_3b0c5ff2-0998-11eb-8eb6-98be942a5b5a_pointData.csv	162914	ef44192e12fccd589a6978a2a7a2c6ee-1	2024-06-02T19:26:45.000Z	PGS	PGS-3b0c5ff2-0998-11eb-8eb6-98be942a5b5a	2024-06-02T11:00:00Z	2024-06-02T11:59:57Z	exclude	provider_mixed_1e-4_and_1e-6_lattice
csb/csv/2024/06/02/20240602124533776723_0d1b6ce0-e5ec-40f1-99a9-2187e8d08bf4_pointData.csv	3429717	a6bb82a97a327d5b2f1fd80bc36b113c-1	2024-06-02T19:26:43.000Z	Rosepoint	ROSEP-0d1b6ce0-e5ec-40f1-99a9-2187e8d08bf4	2004-10-17T06:45:06Z	2004-10-17T12:45:28Z	keep	unique_1e-6_lattice_submission
csb/csv/2024/06/02/20240602125405034860_48e8b019-4141-4a35-bd63-b3be3e30b183_pointData.csv	2934876	329018980628b9e77110f28c5a788c14-1	2024-06-02T19:26:43.000Z	Rosepoint	ROSEP-48e8b019-4141-4a35-bd63-b3be3e30b183	2024-06-02T06:51:46Z	2024-06-02T12:53:57Z	keep	unique_1e-6_lattice_submission
csb/csv/2024/06/02/20240602130017745615_f73d4b8d-97c0-48ab-9200-c313709c76d0_pointData.csv	61472	99b1649c43e40c1058928bd40a17b4cc-1	2024-06-02T19:26:45.000Z	Rosepoint	ROSEP-f73d4b8d-97c0-48ab-9200-c313709c76d0	2024-06-02T06:59:23Z	2024-06-02T12:59:21Z	keep	unique_1e-6_lattice_submission
csb/csv/2024/06/02/20240602130023784688_njtollgmail-com_pointData.csv	33776	928fd04a7c101c42a33584cfc85b3460-1	2024-06-02T19:26:43.000Z	AquaMap	AQM-njtollgmail-com	2024-06-02T03:18:29Z	2024-06-02T03:22:39Z	exclude	provider_off_lattice_float_repr
csb/csv/2024/06/02/20240602130125050659_donkur_pointData.csv	641883	6ed1e86f99c1b23eccc5e3aba7ff8350-1	2024-06-02T19:26:42.000Z	AquaMap	AQM-donkur	2024-06-02T11:16:15Z	2024-06-02T12:49:26Z	exclude	provider_off_lattice_float_repr
csb/csv/2024/06/02/20240602130216102576_834f85c2-0999-11eb-a100-98be942a5b5a_pointData.csv	193000	72ed81eb94d00b26a525f2332620d0d2-1	2024-06-02T19:26:43.000Z	PGS	PGS-834f85c2-0999-11eb-a100-98be942a5b5a	2024-06-02T11:00:00Z	2024-06-02T11:59:57Z	exclude	provider_mixed_1e-4_and_1e-6_lattice
csb/csv/2024/06/02/20240602130619076806_b46dfd84-2ce8-4a25-a16b-4af10b8eb60e_pointData.csv	990724	c8d0c0b2b963d3baaaeda110b7bf13d4-1	2024-06-02T19:26:46.000Z	Rosepoint	ROSEP-b46dfd84-2ce8-4a25-a16b-4af10b8eb60e	2024-06-02T07:05:30Z	2024-06-02T13:06:14Z	keep	unique_1e-6_lattice_submission
csb/csv/2024/06/02/20240602131026810646_cdd0edb8-c483-4c48-be4d-93f29dcbc26c_pointData.csv	59652	c199ed105b2747a59dd0460bf3290f0c-1	2024-06-02T19:26:43.000Z	Rosepoint	ROSEP-cdd0edb8-c483-4c48-be4d-93f29dcbc26c	2024-06-02T07:10:29Z	2024-06-02T13:09:30Z	keep	unique_1e-6_lattice_submission
csb/csv/2024/06/02/20240602131824156248_83e03090-0999-11eb-b6ea-98be942a5b5a_pointData.csv	194193	214d686a4abfa0681b05ad0867914a27-1	2024-06-02T19:26:46.000Z	PGS	PGS-83e03090-0999-11eb-b6ea-98be942a5b5a	2024-06-02T11:00:00Z	2024-06-02T11:59:57Z	exclude	provider_mixed_1e-4_and_1e-6_lattice
csb/csv/2024/06/02/20240602132330890462_ec72276e-3e2b-4d56-82bb-111fc86cbd77_pointData.csv	190863	c4a869af4b570a75fde8781907c39efb-1	2024-06-02T19:26:43.000Z	PGS	PGS-ec72276e-3e2b-4d56-82bb-111fc86cbd77	2024-06-02T12:00:01Z	2024-06-02T12:59:58Z	exclude	provider_mixed_1e-4_and_1e-6_lattice
csb/csv/2024/06/02/20240602133147101164_96de9932-5204-4f3d-8d53-4d4e6bbb3115_pointData.csv	229	4028f815ddf9a7a2e7708184bd683bf9-1	2024-06-02T19:26:43.000Z	Rosepoint	ROSEP-96de9932-5204-4f3d-8d53-4d4e6bbb3115	2024-06-02T13:30:18Z	2024-06-02T13:30:18Z	keep	unique_1e-6_lattice_submission
csb/csv/2024/06/02/20240602133221692443_3b0c5ff2-0998-11eb-8eb6-98be942a5b5a_pointData.csv	157503	eda867f7bb5ad7815dc13a7225f2af38-1	2024-06-02T19:26:44.000Z	PGS	PGS-3b0c5ff2-0998-11eb-8eb6-98be942a5b5a	2024-06-02T12:00:00Z	2024-06-02T12:59:58Z	exclude	provider_mixed_1e-4_and_1e-6_lattice
csb/csv/2024/06/02/20240602133726179635_251e0ec1-5645-476e-8563-9f34939f5d72_pointData.csv	413924	3cd01b67e28f0f813cc65308e3f32334-1	2024-06-02T19:26:47.000Z	Rosepoint	ROSEP-251e0ec1-5645-476e-8563-9f34939f5d72	2024-06-02T07:36:07Z	2024-06-02T13:33:45Z	keep	unique_1e-6_lattice_submission
csb/csv/2024/06/02/20240602134458508283_834f85c2-0999-11eb-a100-98be942a5b5a_pointData.csv	192971	ef62873d68c5f33425200965be529d4f-1	2024-06-02T19:26:42.000Z	PGS	PGS-834f85c2-0999-11eb-a100-98be942a5b5a	2024-06-02T12:00:00Z	2024-06-02T12:59:57Z	exclude	provider_mixed_1e-4_and_1e-6_lattice
csb/csv/2024/06/02/20240602134513134403_4606e387-998b-46fb-b5a6-02c7eafa03da_pointData.csv	3410106	f3a5a507c272fd5cae9b8a6a18a427cf-1	2024-06-02T19:26:48.000Z	Rosepoint	ROSEP-4606e387-998b-46fb-b5a6-02c7eafa03da	2004-10-17T07:44:49Z	2004-10-17T13:45:08Z	keep	unique_1e-6_lattice_submission
csb/csv/2024/06/02/20240602140058827082_Joshg75_pointData.csv	654464	71b8e0ef833eb36c59e6ef5a2e596f93-1	2024-06-02T19:26:45.000Z	AquaMap	AQM-Joshg75	2024-06-02T11:55:29Z	2024-06-02T13:47:04Z	exclude	provider_off_lattice_float_repr
csb/csv/2024/06/02/20240602140119625392_donkur_pointData.csv	97079	9254c2e5cbb42814fa7bd584b8451d59-1	2024-06-02T19:26:45.000Z	AquaMap	AQM-donkur	2024-06-02T12:49:27Z	2024-06-02T13:02:43Z	exclude	provider_off_lattice_float_repr
csb/csv/2024/06/02/20240602140135580192_bobetter_pointData.csv	667241	b4f535f5055ab1ad8e712cca19eaad12-1	2024-06-02T19:26:43.000Z	AquaMap	AQM-bobetter	2024-06-02T11:56:21Z	2024-06-02T13:20:41Z	exclude	provider_off_lattice_float_repr
csb/csv/2024/06/02/20240602140317764216_373e61a4-5650-43be-800f-e6197634cf6f_pointData.csv	64420	7a010898468aa0d91ae6721825a89d2d-1	2024-06-02T19:26:48.000Z	Rosepoint	ROSEP-373e61a4-5650-43be-800f-e6197634cf6f	2024-06-02T08:03:22Z	2024-06-02T14:03:16Z	keep	unique_1e-6_lattice_submission
csb/csv/2024/06/02/20240602141909317709_398c56de-e541-4380-9ee4-589ec53f46f6_pointData.csv	60610	aa7b98807672775f7101078a682cb297-1	2024-06-02T19:26:48.000Z	Rosepoint	ROSEP-398c56de-e541-4380-9ee4-589ec53f46f6	2024-06-02T08:17:59Z	2024-06-02T14:18:12Z	keep	unique_1e-6_lattice_submission
csb/csv/2024/06/02/20240602141909706522_834f85c2-0999-11eb-a100-98be942a5b5a_pointData.csv	192982	361fe94b7ff5eeef14160a04535043b9-1	2024-06-02T19:26:45.000Z	PGS	PGS-834f85c2-0999-11eb-a100-98be942a5b5a	2024-06-02T13:00:00Z	2024-06-02T13:59:57Z	exclude	provider_mixed_1e-4_and_1e-6_lattice
csb/csv/2024/06/02/20240602141921682091_4411b9ca-6b0e-47d2-a6be-36e60a3b577a_pointData.csv	60603	e64b1a4fd1f510991af5f2b167581cd4-1	2024-06-02T19:26:45.000Z	Rosepoint	ROSEP-4411b9ca-6b0e-47d2-a6be-36e60a3b577a	2024-06-02T08:18:18Z	2024-06-02T14:18:36Z	keep	unique_1e-6_lattice_submission
csb/csv/2024/06/02/20240602143434076308_0dc4d7c1-f541-476d-a76b-72fb09ad1bd2_pointData.csv	62967	8f4453927ee29cf8abc1fd3fe6e39114-1	2024-06-02T19:26:49.000Z	Rosepoint	ROSEP-0dc4d7c1-f541-476d-a76b-72fb09ad1bd2	2024-06-02T08:35:09Z	2024-06-02T14:33:32Z	keep	unique_1e-6_lattice_submission
csb/csv/2024/06/02/20240602144032990843_83e03090-0999-11eb-b6ea-98be942a5b5a_pointData.csv	194210	14b1f7827e52311a739b1bf699da4fb6-1	2024-06-02T19:26:45.000Z	PGS	PGS-83e03090-0999-11eb-b6ea-98be942a5b5a	2024-06-02T12:00:00Z	2024-06-02T12:59:57Z	exclude	provider_mixed_1e-4_and_1e-6_lattice
csb/csv/2024/06/02/20240602144229484906_4f651d43-9a33-452c-9299-6ab08ed9d831_pointData.csv	35473	fcca4096e59961178f4b00a1d1c02ab2-1	2024-06-02T19:26:45.000Z	Rosepoint	ROSEP-4f651d43-9a33-452c-9299-6ab08ed9d831	2024-06-02T09:04:39Z	2024-06-02T14:41:27Z	keep	unique_1e-6_lattice_submission
csb/csv/2024/06/02/20240602144537179458_ec72276e-3e2b-4d56-82bb-111fc86cbd77_pointData.csv	190863	42014a99211364d0e824758cacc1dc2f-1	2024-06-02T19:26:49.000Z	PGS	PGS-ec72276e-3e2b-4d56-82bb-111fc86cbd77	2024-06-02T13:00:01Z	2024-06-02T13:59:58Z	exclude	provider_mixed_1e-4_and_1e-6_lattice
csb/csv/2024/06/02/20240602145122368182_3b0c5ff2-0998-11eb-8eb6-98be942a5b5a_pointData.csv	188932	609e2e59aaaf48e52d6b7d616c55e214-1	2024-06-02T19:26:44.000Z	PGS	PGS-3b0c5ff2-0998-11eb-8eb6-98be942a5b5a	2024-06-02T13:00:00Z	2024-06-02T13:59:57Z	exclude	provider_mixed_1e-4_and_1e-6_lattice
csb/csv/2024/06/02/20240602145544742535_81c844c4-fbd8-4714-a5af-6d5c17e445f5_pointData.csv	474212	189e389b96c65932ca574c47cc248fc2-1	2024-06-02T19:26:49.000Z	Rosepoint	ROSEP-81c844c4-fbd8-4714-a5af-6d5c17e445f5	2024-05-30T18:29:06Z	2024-05-30T21:37:47Z	keep	unique_1e-6_lattice_submission
csb/csv/2024/06/02/20240602150027297217_bobetter_pointData.csv	431205	50bb1cc5f15ddd01ec3b523d5968e518-1	2024-06-02T19:26:46.000Z	AquaMap	AQM-bobetter	2024-06-02T11:56:21Z	2024-06-02T12:50:45Z	exclude	provider_off_lattice_float_repr
csb/csv/2024/06/02/20240602150057275838_donkur_pointData.csv	633818	af75ec40392480bb91193d4f602589b5-1	2024-06-02T19:26:45.000Z	AquaMap	AQM-donkur	2024-06-02T13:21:59Z	2024-06-02T14:46:32Z	exclude	provider_off_lattice_float_repr
csb/csv/2024/06/02/20240602150402313631_53df1aa6-1feb-47dc-a374-3880fae210fd_pointData.csv	123208	727900d7d1c111524eed3c4ac8f673e5-1	2024-06-02T19:26:46.000Z	Rosepoint	ROSEP-53df1aa6-1feb-47dc-a374-3880fae210fd	2024-06-02T09:01:04Z	2024-06-02T15:03:40Z	keep	unique_1e-6_lattice_submission
csb/csv/2024/06/02/20240602151311860657_8250175b-3c29-4906-8437-5106955c99c6_pointData.csv	427654	fb39fdf23b0fab56206f5080144dbaf1-1	2024-06-02T19:26:46.000Z	Rosepoint	ROSEP-8250175b-3c29-4906-8437-5106955c99c6	2024-06-02T11:48:19Z	2024-06-02T15:12:57Z	keep	unique_1e-6_lattice_submission
csb/csv/2024/06/02/20240602151810850604_83e03090-0999-11eb-b6ea-98be942a5b5a_pointData.csv	194184	04453373c7ff536c646e2ea6ccd3b2c8-1	2024-06-02T19:26:44.000Z	PGS	PGS-83e03090-0999-11eb-b6ea-98be942a5b5a	2024-06-02T13:00:00Z	2024-06-02T13:59:57Z	exclude	provider_mixed_1e-4_and_1e-6_lattice
csb/csv/2024/06/02/20240602152342562575_ec72276e-3e2b-4d56-82bb-111fc86cbd77_pointData.csv	190863	429170f344770f9c28d7aa69f7232188-1	2024-06-02T19:26:46.000Z	PGS	PGS-ec72276e-3e2b-4d56-82bb-111fc86cbd77	2024-06-02T14:00:01Z	2024-06-02T14:59:59Z	exclude	provider_mixed_1e-4_and_1e-6_lattice
csb/csv/2024/06/02/20240602153040487053_cb1bbd67-78e2-4b5f-97e4-4ab1661c7454_pointData.csv	60187	006fdc3651cb54fe680be5744164e278-1	2024-06-02T19:26:46.000Z	Rosepoint	ROSEP-cb1bbd67-78e2-4b5f-97e4-4ab1661c7454	2024-06-02T09:29:30Z	2024-06-02T15:30:18Z	keep	unique_1e-6_lattice_submission
csb/csv/2024/06/02/20240602153248357765_3b0c5ff2-0998-11eb-8eb6-98be942a5b5a_pointData.csv	201132	334a809094b85b48eb043111c3c54a19-1	2024-06-02T19:26:50.000Z	PGS	PGS-3b0c5ff2-0998-11eb-8eb6-98be942a5b5a	2024-06-02T14:00:00Z	2024-06-02T14:59:57Z	exclude	provider_mixed_1e-4_and_1e-6_lattice
csb/csv/2024/06/02/20240602153505251858_c21bff07-b678-4dfb-ab54-a111660d6cfa_pointData.csv	1306491	ec47e33ce94c179a7da73d29db985e21-1	2024-06-02T19:26:47.000Z	Rosepoint	ROSEP-c21bff07-b678-4dfb-ab54-a111660d6cfa	2024-06-02T09:33:45Z	2024-06-02T15:34:55Z	keep	unique_1e-6_lattice_submission
csb/csv/2024/06/02/20240602153810365041_c397eae3-6787-4d49-abbe-1de3758956f5_pointData.csv	3486817	810c65a96e411c91f502b892298d370c-1	2024-06-02T19:26:49.000Z	Rosepoint	ROSEP-c397eae3-6787-4d49-abbe-1de3758956f5	2024-06-02T09:37:22Z	2024-06-02T15:38:05Z	keep	unique_1e-6_lattice_submission
csb/csv/2024/06/02/20240602154111748288_834f85c2-0999-11eb-a100-98be942a5b5a_pointData.csv	192992	a8ea624764e813390b5ede46f5459b38-1	2024-06-02T19:26:45.000Z	PGS	PGS-834f85c2-0999-11eb-a100-98be942a5b5a	2024-06-02T14:00:00Z	2024-06-02T14:59:57Z	exclude	provider_mixed_1e-4_and_1e-6_lattice
csb/csv/2024/06/02/20240602160012210656_63ab205b591832-24031229_pointData.csv	45802	e10daba7e92d6315a5ddec351ba37f74-1	2024-06-02T19:26:46.000Z	AquaMap	AQM-63ab205b591832-24031229	2024-06-02T00:01:34Z	2024-06-02T00:15:16Z	exclude	provider_off_lattice_float_repr
csb/csv/2024/06/02/20240602160019727354_Flatswing_pointData.csv	678272	fad4947b85ab845b6d89ffb81f163fe7-1	2024-06-02T19:26:47.000Z	AquaMap	AQM-Flatswing	2024-06-02T12:46:18Z	2024-06-02T15:03:33Z	exclude	provider_off_lattice_float_repr
csb/csv/2024/06/02/20240602160124382384_donkur_pointData.csv	298213	3087f6483497fff40ea091a127aeee7d-1	2024-06-02T19:26:50.000Z	AquaMap	AQM-donkur	2024-06-02T14:46:33Z	2024-06-02T15:26:45Z	exclude	provider_off_lattice_float_repr
csb/csv/2024/06/02/20240602160130314754_63ab205b591832-24031229_pointData.csv	45802	e083f68b0bb16d07e53482ce34d8a37c-1	2024-06-02T19:26:48.000Z	AquaMap	AQM-63ab205b591832-24031229	2024-06-02T00:01:34Z	2024-06-02T00:15:16Z	exclude	provider_off_lattice_float_repr
csb/csv/2024/06/02/20240602160139274296_Joshg75_pointData.csv	652489	eed6675491098cc51d248aa41086cf46-1	2024-06-02T19:26:50.000Z	AquaMap	AQM-Joshg75	2024-06-02T13:47:05Z	2024-06-02T15:38:18Z	exclude	provider_off_lattice_float_repr
csb/csv/2024/06/02/20240602160417971879_08b541ee-eb9f-11ee-8abd-bd300fe11e8a_pointData.csv	312142	a96be9cbb81ba71c803f658ecc169f3d-1	2024-06-02T19:26:27.000Z	GLOS	GLOS-08b541ee-eb9f-11ee-8abd-bd300fe11e8a	2024-06-01T18:12:53Z	2024-06-01T18:44:39Z	keep	unique_1e-6_lattice_submission
csb/csv/2024/06/02/20240602160418598448_08b541ee-eb9f-11ee-8abd-bd300fe11e8a_pointData.csv	312142	6e5fcda2806ef42ac64b84e57f70b649-1	2024-06-02T19:26:28.000Z	GLOS	GLOS-08b541ee-eb9f-11ee-8abd-bd300fe11e8a	2024-06-01T18:12:53Z	2024-06-01T18:44:39Z	exclude	exact_reupload_of:20240602160417971879_08b541ee-eb9f-11ee-8abd-bd300fe11e8a_pointData.csv
csb/csv/2024/06/02/20240602160518911516_08b541ee-eb9f-11ee-8abd-bd300fe11e8a_pointData.csv	226269	0b3e2934a4ef490f9cdd88a66086ce3f-1	2024-06-02T19:26:27.000Z	GLOS	GLOS-08b541ee-eb9f-11ee-8abd-bd300fe11e8a	2024-06-01T18:44:42Z	2024-06-01T19:17:23Z	keep	unique_1e-6_lattice_submission
csb/csv/2024/06/02/20240602160519388987_08b541ee-eb9f-11ee-8abd-bd300fe11e8a_pointData.csv	226269	001cf1515064cc86d57d539f92fa8d0e-1	2024-06-02T19:26:27.000Z	GLOS	GLOS-08b541ee-eb9f-11ee-8abd-bd300fe11e8a	2024-06-01T18:44:42Z	2024-06-01T19:17:23Z	exclude	exact_reupload_of:20240602160518911516_08b541ee-eb9f-11ee-8abd-bd300fe11e8a_pointData.csv
csb/csv/2024/06/02/20240602160625900567_08b541ee-eb9f-11ee-8abd-bd300fe11e8a_pointData.csv	350745	f61f27470128e102ba71035d0975c637-1	2024-06-02T19:26:27.000Z	GLOS	GLOS-08b541ee-eb9f-11ee-8abd-bd300fe11e8a	2024-06-01T19:17:25Z	2024-06-01T19:53:13Z	keep	unique_1e-6_lattice_submission
csb/csv/2024/06/02/20240602160626743605_08b541ee-eb9f-11ee-8abd-bd300fe11e8a_pointData.csv	350745	79ae5e4801bba2853f28326c628fc25a-1	2024-06-02T19:26:27.000Z	GLOS	GLOS-08b541ee-eb9f-11ee-8abd-bd300fe11e8a	2024-06-01T19:17:25Z	2024-06-01T19:53:13Z	exclude	exact_reupload_of:20240602160625900567_08b541ee-eb9f-11ee-8abd-bd300fe11e8a_pointData.csv
csb/csv/2024/06/02/20240602160709728653_08b541ee-eb9f-11ee-8abd-bd300fe11e8a_pointData.csv	342016	c15037193513057d12ac45cda705ea68-1	2024-06-02T19:26:28.000Z	GLOS	GLOS-08b541ee-eb9f-11ee-8abd-bd300fe11e8a	2024-06-01T19:53:15Z	2024-06-01T20:28:02Z	keep	unique_1e-6_lattice_submission
csb/csv/2024/06/02/20240602160710438418_08b541ee-eb9f-11ee-8abd-bd300fe11e8a_pointData.csv	342016	85d70f5e5eef1119235a62e9d82ca03a-1	2024-06-02T19:26:28.000Z	GLOS	GLOS-08b541ee-eb9f-11ee-8abd-bd300fe11e8a	2024-06-01T19:53:15Z	2024-06-01T20:28:02Z	exclude	exact_reupload_of:20240602160709728653_08b541ee-eb9f-11ee-8abd-bd300fe11e8a_pointData.csv
csb/csv/2024/06/02/20240602160753440345_08b541ee-eb9f-11ee-8abd-bd300fe11e8a_pointData.csv	267962	762e731dff3cbeba1636db82423317fe-1	2024-06-02T19:26:28.000Z	GLOS	GLOS-08b541ee-eb9f-11ee-8abd-bd300fe11e8a	2024-06-01T20:28:04Z	2024-06-01T20:57:28Z	keep	unique_1e-6_lattice_submission
csb/csv/2024/06/02/20240602160754143290_08b541ee-eb9f-11ee-8abd-bd300fe11e8a_pointData.csv	267962	cef877f334c28525ce9a1eadbd168ad1-1	2024-06-02T19:26:28.000Z	GLOS	GLOS-08b541ee-eb9f-11ee-8abd-bd300fe11e8a	2024-06-01T20:28:04Z	2024-06-01T20:57:28Z	exclude	exact_reupload_of:20240602160753440345_08b541ee-eb9f-11ee-8abd-bd300fe11e8a_pointData.csv
csb/csv/2024/06/02/20240602160841843360_08b541ee-eb9f-11ee-8abd-bd300fe11e8a_pointData.csv	309011	f21225b7f0a8fc05d3bffcd147d7570a-1	2024-06-02T19:26:28.000Z	GLOS	GLOS-08b541ee-eb9f-11ee-8abd-bd300fe11e8a	2024-06-01T20:57:30Z	2024-06-01T21:29:04Z	keep	unique_1e-6_lattice_submission
csb/csv/2024/06/02/20240602160842415634_08b541ee-eb9f-11ee-8abd-bd300fe11e8a_pointData.csv	309011	a68eaa15394d1d4f8dbe1760e8668ad0-1	2024-06-02T19:26:28.000Z	GLOS	GLOS-08b541ee-eb9f-11ee-8abd-bd300fe11e8a	2024-06-01T20:57:30Z	2024-06-01T21:29:04Z	exclude	exact_reupload_of:20240602160841843360_08b541ee-eb9f-11ee-8abd-bd300fe11e8a_pointData.csv
csb/csv/2024/06/02/20240602160931046870_08b541ee-eb9f-11ee-8abd-bd300fe11e8a_pointData.csv	349082	aa7cfed4111346a31996df8e87a3a7e2-1	2024-06-02T19:26:28.000Z	GLOS	GLOS-08b541ee-eb9f-11ee-8abd-bd300fe11e8a	2024-06-01T21:29:06Z	2024-06-01T22:04:44Z	keep	unique_1e-6_lattice_submission
csb/csv/2024/06/02/20240602160931599811_08b541ee-eb9f-11ee-8abd-bd300fe11e8a_pointData.csv	349082	077ca4e095528840d63302a90f8b8e99-1	2024-06-02T19:26:28.000Z	GLOS	GLOS-08b541ee-eb9f-11ee-8abd-bd300fe11e8a	2024-06-01T21:29:06Z	2024-06-01T22:04:44Z	exclude	exact_reupload_of:20240602160931046870_08b541ee-eb9f-11ee-8abd-bd300fe11e8a_pointData.csv
csb/csv/2024/06/02/20240602161016041049_08b541ee-eb9f-11ee-8abd-bd300fe11e8a_pointData.csv	329093	417919e2377e44aafc966f2aa6a4f808-1	2024-06-02T19:26:28.000Z	GLOS	GLOS-08b541ee-eb9f-11ee-8abd-bd300fe11e8a	2024-06-01T22:04:46Z	2024-06-01T22:38:22Z	keep	unique_1e-6_lattice_submission
csb/csv/2024/06/02/20240602161016647820_08b541ee-eb9f-11ee-8abd-bd300fe11e8a_pointData.csv	329093	bb39f7c9ee8790e3ff7c4fbeb77a5a79-1	2024-06-02T19:26:29.000Z	GLOS	GLOS-08b541ee-eb9f-11ee-8abd-bd300fe11e8a	2024-06-01T22:04:46Z	2024-06-01T22:38:22Z	exclude	exact_reupload_of:20240602161016041049_08b541ee-eb9f-11ee-8abd-bd300fe11e8a_pointData.csv
csb/csv/2024/06/02/20240602161031083779_11ce5241-356b-43ba-9456-f56555e0751a_pointData.csv	61321	012b486e5c834bbd8cee69c8a2106d3f-1	2024-06-02T19:26:29.000Z	Rosepoint	ROSEP-11ce5241-356b-43ba-9456-f56555e0751a	2024-06-02T10:09:24Z	2024-06-02T16:09:38Z	keep	unique_1e-6_lattice_submission
csb/csv/2024/06/02/20240602161056161007_08b541ee-eb9f-11ee-8abd-bd300fe11e8a_pointData.csv	314500	89805a054043fb3ac260e3429904db2a-1	2024-06-02T19:26:29.000Z	GLOS	GLOS-08b541ee-eb9f-11ee-8abd-bd300fe11e8a	2024-06-01T22:38:24Z	2024-06-01T23:10:41Z	keep	unique_1e-6_lattice_submission
csb/csv/2024/06/02/20240602161056701437_08b541ee-eb9f-11ee-8abd-bd300fe11e8a_pointData.csv	314500	bf0362ea8c1ba38436f8df28c08dd094-1	2024-06-02T19:26:29.000Z	GLOS	GLOS-08b541ee-eb9f-11ee-8abd-bd300fe11e8a	2024-06-01T22:38:24Z	2024-06-01T23:10:41Z	exclude	exact_reupload_of:20240602161056161007_08b541ee-eb9f-11ee-8abd-bd300fe11e8a_pointData.csv
csb/csv/2024/06/02/20240602161144608268_08b541ee-eb9f-11ee-8abd-bd300fe11e8a_pointData.csv	319546	2c2b861f970a742124b86ab8074d3392-1	2024-06-02T19:26:29.000Z	GLOS	GLOS-08b541ee-eb9f-11ee-8abd-bd300fe11e8a	2024-06-01T23:10:44Z	2024-06-01T23:44:33Z	keep	unique_1e-6_lattice_submission
csb/csv/2024/06/02/20240602161145206799_08b541ee-eb9f-11ee-8abd-bd300fe11e8a_pointData.csv	319546	32e82efcc60ab92a9b7be98d25cf512f-1	2024-06-02T19:26:29.000Z	GLOS	GLOS-08b541ee-eb9f-11ee-8abd-bd300fe11e8a	2024-06-01T23:10:44Z	2024-06-01T23:44:33Z	exclude	exact_reupload_of:20240602161144608268_08b541ee-eb9f-11ee-8abd-bd300fe11e8a_pointData.csv
csb/csv/2024/06/02/20240602161229046613_08b541ee-eb9f-11ee-8abd-bd300fe11e8a_pointData.csv	291164	be1393dbc167142754051a1a509855a5-1	2024-06-02T19:26:29.000Z	GLOS	GLOS-08b541ee-eb9f-11ee-8abd-bd300fe11e8a	2024-06-01T23:44:35Z	2024-06-02T00:15:44Z	keep	unique_1e-6_lattice_submission
csb/csv/2024/06/02/20240602161229536191_08b541ee-eb9f-11ee-8abd-bd300fe11e8a_pointData.csv	291164	093a0f8d663de1b48ee21c9e927b8320-1	2024-06-02T19:26:29.000Z	GLOS	GLOS-08b541ee-eb9f-11ee-8abd-bd300fe11e8a	2024-06-01T23:44:35Z	2024-06-02T00:15:44Z	exclude	exact_reupload_of:20240602161229046613_08b541ee-eb9f-11ee-8abd-bd300fe11e8a_pointData.csv
csb/csv/2024/06/02/20240602161243585670_08b541ee-eb9f-11ee-8abd-bd300fe11e8a_pointData.csv	215468	1cf70b6cb3c7b76d20cc40cc1abe88ed-1	2024-06-02T19:26:29.000Z	GLOS	GLOS-08b541ee-eb9f-11ee-8abd-bd300fe11e8a	2024-06-02T00:15:46Z	2024-06-02T00:39:24Z	keep	unique_1e-6_lattice_submission
csb/csv/2024/06/02/20240602161244033258_08b541ee-eb9f-11ee-8abd-bd300fe11e8a_pointData.csv	215468	f8bdf1611cece4099f21e622e6f4f568-1	2024-06-02T19:26:29.000Z	GLOS	GLOS-08b541ee-eb9f-11ee-8abd-bd300fe11e8a	2024-06-02T00:15:46Z	2024-06-02T00:39:24Z	exclude	exact_reupload_of:20240602161243585670_08b541ee-eb9f-11ee-8abd-bd300fe11e8a_pointData.csv
csb/csv/2024/06/02/20240602162323758763_e557a017-0c75-4365-808a-680673bbb79e_pointData.csv	1452158	a7145381e57db3e0f89a4507c0c0969a-1	2024-06-02T19:26:30.000Z	Rosepoint	ROSEP-e557a017-0c75-4365-808a-680673bbb79e	2024-06-02T11:02:03Z	2024-06-02T16:22:24Z	keep	unique_1e-6_lattice_submission
csb/csv/2024/06/02/20240602162401872877_834f85c2-0999-11eb-a100-98be942a5b5a_pointData.csv	193002	b7f76fca154f531d1d26f3dacba6a6a5-1	2024-06-02T19:26:30.000Z	PGS	PGS-834f85c2-0999-11eb-a100-98be942a5b5a	2024-06-02T15:00:00Z	2024-06-02T15:59:57Z	exclude	provider_mixed_1e-4_and_1e-6_lattice
csb/csv/2024/06/02/20240602163842962136_83e03090-0999-11eb-b6ea-98be942a5b5a_pointData.csv	194197	a0cec3ea41270e635a6347001bdffbab-1	2024-06-02T19:26:30.000Z	PGS	PGS-83e03090-0999-11eb-b6ea-98be942a5b5a	2024-06-02T14:00:00Z	2024-06-02T14:59:57Z	exclude	provider_mixed_1e-4_and_1e-6_lattice
csb/csv/2024/06/02/20240602163953094926_f7904f6e-9198-4732-ad84-25948b446b65_pointData.csv	3137205	6dec2232c2459ac3e3d03716d360b8e9-1	2024-06-02T19:26:31.000Z	Rosepoint	ROSEP-f7904f6e-9198-4732-ad84-25948b446b65	2004-10-17T10:39:30Z	2004-10-17T16:39:06Z	keep	unique_1e-6_lattice_submission
csb/csv/2024/06/02/20240602164028511184_62641c86-2ffe-4cee-b9c0-7ee36c1ad599_pointData.csv	1179151	cd8cebcec5d2381f159ded3517ebf1a2-1	2024-06-02T19:26:30.000Z	Rosepoint	ROSEP-62641c86-2ffe-4cee-b9c0-7ee36c1ad599	2024-06-02T10:40:19Z	2024-06-02T16:40:25Z	keep	unique_1e-6_lattice_submission
csb/csv/2024/06/02/20240602164201603772_08b541ee-eb9f-11ee-8abd-bd300fe11e8a_pointData.csv	305738	0c5f05f6cfab1ba2d0f90755a48301a9-1	2024-06-02T19:26:30.000Z	GLOS	GLOS-08b541ee-eb9f-11ee-8abd-bd300fe11e8a	2024-06-02T16:06:29Z	2024-06-02T16:40:02Z	keep	unique_1e-6_lattice_submission
csb/csv/2024/06/02/20240602164202142939_08b541ee-eb9f-11ee-8abd-bd300fe11e8a_pointData.csv	305738	c93404aa8581360d319888336973c2a5-1	2024-06-02T19:26:31.000Z	GLOS	GLOS-08b541ee-eb9f-11ee-8abd-bd300fe11e8a	2024-06-02T16:06:29Z	2024-06-02T16:40:02Z	exclude	exact_reupload_of:20240602164201603772_08b541ee-eb9f-11ee-8abd-bd300fe11e8a_pointData.csv
csb/csv/2024/06/02/20240602164304606742_cb1bbd67-78e2-4b5f-97e4-4ab1661c7454_pointData.csv	8427	516405e821e310aa7371dc25725eee63-1	2024-06-02T19:26:30.000Z	Rosepoint	ROSEP-cb1bbd67-78e2-4b5f-97e4-4ab1661c7454	2024-06-02T15:31:18Z	2024-06-02T16:20:41Z	keep	unique_1e-6_lattice_submission
csb/csv/2024/06/02/20240602164401832234_70946e11-d3aa-412d-8427-c23af3e246e3_pointData.csv	63692	46fe33b363e850be50dfcb851966c383-1	2024-06-02T19:26:30.000Z	Rosepoint	ROSEP-70946e11-d3aa-412d-8427-c23af3e246e3	2024-06-02T10:44:08Z	2024-06-02T16:43:49Z	keep	unique_1e-6_lattice_submission
csb/csv/2024/06/02/20240602164439629120_ec72276e-3e2b-4d56-82bb-111fc86cbd77_pointData.csv	190863	c6b5a29c79ddbc7b974f8f8e381e9fb6-1	2024-06-02T19:26:30.000Z	PGS	PGS-ec72276e-3e2b-4d56-82bb-111fc86cbd77	2024-06-02T15:00:02Z	2024-06-02T15:59:59Z	exclude	provider_mixed_1e-4_and_1e-6_lattice
csb/csv/2024/06/02/20240602170129586999_63ab205b591832-24031229_pointData.csv	29236	a504e263d045227e93a38d866ecd215e-1	2024-06-02T19:26:32.000Z	AquaMap	AQM-63ab205b591832-24031229	2024-06-02T15:52:34Z	2024-06-02T15:58:21Z	exclude	provider_off_lattice_float_repr
csb/csv/2024/06/02/20240602170713107323_398c56de-e541-4380-9ee4-589ec53f46f6_pointData.csv	129638	80fcd80b7dba0b3db8568f84defc75c5-1	2024-06-02T19:26:31.000Z	Rosepoint	ROSEP-398c56de-e541-4380-9ee4-589ec53f46f6	2024-06-02T14:19:13Z	2024-06-02T17:03:59Z	keep	unique_1e-6_lattice_submission
csb/csv/2024/06/02/20240602170955654939_4411b9ca-6b0e-47d2-a6be-36e60a3b577a_pointData.csv	130822	81e70936ebf63ad8f1f0007cbc688d94-1	2024-06-02T19:26:31.000Z	Rosepoint	ROSEP-4411b9ca-6b0e-47d2-a6be-36e60a3b577a	2024-06-02T14:19:37Z	2024-06-02T17:07:02Z	keep	unique_1e-6_lattice_submission
csb/csv/2024/06/02/20240602171752188261_08b541ee-eb9f-11ee-8abd-bd300fe11e8a_pointData.csv	348807	c4792044f905ec40ce46964c9ac0a263-1	2024-06-02T19:26:31.000Z	GLOS	GLOS-08b541ee-eb9f-11ee-8abd-bd300fe11e8a	2024-06-02T16:40:05Z	2024-06-02T17:15:37Z	keep	unique_1e-6_lattice_submission
csb/csv/2024/06/02/20240602171753040815_08b541ee-eb9f-11ee-8abd-bd300fe11e8a_pointData.csv	348807	5f16cac66f11af25d8f4fbdcca1cf7c6-1	2024-06-02T19:26:31.000Z	GLOS	GLOS-08b541ee-eb9f-11ee-8abd-bd300fe11e8a	2024-06-02T16:40:05Z	2024-06-02T17:15:37Z	exclude	exact_reupload_of:20240602171752188261_08b541ee-eb9f-11ee-8abd-bd300fe11e8a_pointData.csv
csb/csv/2024/06/02/20240602172103758064_83e03090-0999-11eb-b6ea-98be942a5b5a_pointData.csv	194206	d9ff3376b65259110c5dbc860f0c0c95-1	2024-06-02T19:26:31.000Z	PGS	PGS-83e03090-0999-11eb-b6ea-98be942a5b5a	2024-06-02T15:00:00Z	2024-06-02T15:59:57Z	exclude	provider_mixed_1e-4_and_1e-6_lattice
csb/csv/2024/06/02/20240602172410709568_ec72276e-3e2b-4d56-82bb-111fc86cbd77_pointData.csv	190863	22f6ee63a1c88da5183d7ba89121413f-1	2024-06-02T19:26:32.000Z	PGS	PGS-ec72276e-3e2b-4d56-82bb-111fc86cbd77	2024-06-02T16:00:02Z	2024-06-02T16:59:59Z	exclude	provider_mixed_1e-4_and_1e-6_lattice
csb/csv/2024/06/02/20240602172841261498_3b0c5ff2-0998-11eb-8eb6-98be942a5b5a_pointData.csv	172136	d9cdd35d1e36a2848aae2affa09e78e0-1	2024-06-02T19:26:32.000Z	PGS	PGS-3b0c5ff2-0998-11eb-8eb6-98be942a5b5a	2024-06-02T15:00:00Z	2024-06-02T15:59:48Z	exclude	provider_mixed_1e-4_and_1e-6_lattice
csb/csv/2024/06/02/20240602172842094126_3b0c5ff2-0998-11eb-8eb6-98be942a5b5a_pointData.csv	156413	7e00abff7e913ebbec32b7a554bb4808-1	2024-06-02T19:26:32.000Z	PGS	PGS-3b0c5ff2-0998-11eb-8eb6-98be942a5b5a	2024-06-02T15:59:51Z	2024-06-02T16:59:58Z	exclude	provider_mixed_1e-4_and_1e-6_lattice
csb/csv/2024/06/02/20240602173543398302_ae42920c-cd37-462c-8c6d-521feba34e76_pointData.csv	485807	5b7b1ada07d3caa9a5e653bf78c8faa1-1	2024-06-02T19:26:32.000Z	Rosepoint	ROSEP-ae42920c-cd37-462c-8c6d-521feba34e76	2024-05-30T16:08:46Z	2024-05-30T18:09:04Z	keep	unique_1e-6_lattice_submission
csb/csv/2024/06/02/20240602174319258249_834f85c2-0999-11eb-a100-98be942a5b5a_pointData.csv	193030	f0ae8670018013a34ba5fcfd8eab28bf-1	2024-06-02T19:26:33.000Z	PGS	PGS-834f85c2-0999-11eb-a100-98be942a5b5a	2024-06-02T16:00:00Z	2024-06-02T16:59:57Z	exclude	provider_mixed_1e-4_and_1e-6_lattice
csb/csv/2024/06/02/20240602180042575153_Joshg75_pointData.csv	649181	b627cbd138d1ecbe37c3ab431ea8caa8-1	2024-06-02T19:26:32.000Z	AquaMap	AQM-Joshg75	2024-06-02T15:38:20Z	2024-06-02T17:28:54Z	exclude	provider_off_lattice_float_repr
csb/csv/2024/06/02/20240602180106498674_Flatswing_pointData.csv	677984	feae9f2663b08dd842d833b846315631-1	2024-06-02T19:26:33.000Z	AquaMap	AQM-Flatswing	2024-06-02T15:03:35Z	2024-06-02T17:18:23Z	exclude	provider_off_lattice_float_repr
csb/csv/2024/06/02/20240602180120923183_donkur_pointData.csv	641364	820e591329469e1018ef95e57c51f476-1	2024-06-02T19:26:33.000Z	AquaMap	AQM-donkur	2024-06-02T15:48:41Z	2024-06-02T17:13:20Z	exclude	provider_off_lattice_float_repr
csb/csv/2024/06/02/20240602181021277898_ec72276e-3e2b-4d56-82bb-111fc86cbd77_pointData.csv	190863	2f7e2b35b5a2f3253171ee3b99dfe29f-1	2024-06-02T19:26:32.000Z	PGS	PGS-ec72276e-3e2b-4d56-82bb-111fc86cbd77	2024-06-02T17:00:02Z	2024-06-02T17:59:59Z	exclude	provider_mixed_1e-4_and_1e-6_lattice
csb/csv/2024/06/02/20240602181642008113_3b0c5ff2-0998-11eb-8eb6-98be942a5b5a_pointData.csv	166767	6e35f19f1dbb897921f3ccefeaa2176f-1	2024-06-02T19:26:32.000Z	PGS	PGS-3b0c5ff2-0998-11eb-8eb6-98be942a5b5a	2024-06-02T17:00:00Z	2024-06-02T17:59:57Z	exclude	provider_mixed_1e-4_and_1e-6_lattice
csb/csv/2024/06/02/20240602181736492209_e150d9fe-d3d7-4d47-ba18-f82688e01b85_pointData.csv	60089	a642cbaf6192849f89f75c933fb0e72c-1	2024-06-02T19:26:32.000Z	Rosepoint	ROSEP-e150d9fe-d3d7-4d47-ba18-f82688e01b85	2024-06-02T12:15:23Z	2024-06-02T18:17:07Z	keep	unique_1e-6_lattice_submission
csb/csv/2024/06/02/20240602181932989089_061e2f30-c234-4cf0-b880-42bb03ab857d_pointData.csv	59587	3d9d7292c9a961021f99124516d23cdb-1	2024-06-02T19:26:33.000Z	Rosepoint	ROSEP-061e2f30-c234-4cf0-b880-42bb03ab857d	2024-06-02T12:18:05Z	2024-06-02T18:19:15Z	keep	unique_1e-6_lattice_submission
csb/csv/2024/06/02/20240602182815704218_56f26f84-bafc-4b36-8454-b8546bddcf1d_pointData.csv	97310	0c4fc2f43fd6ce3759c3354ce40d2bf8-1	2024-06-02T19:26:33.000Z	Rosepoint	ROSEP-56f26f84-bafc-4b36-8454-b8546bddcf1d	2004-10-17T12:26:55Z	2004-10-17T18:27:34Z	keep	unique_1e-6_lattice_submission
csb/csv/2024/06/02/20240602183538072435_071ba46a-9793-4306-a970-8461bae10e77_pointData.csv	72827	df99565d0c5c54938500d61f2041f167-1	2024-06-02T19:26:34.000Z	Rosepoint	ROSEP-071ba46a-9793-4306-a970-8461bae10e77	2004-10-17T12:34:49Z	2004-10-17T18:35:17Z	keep	unique_1e-6_lattice_submission
csb/csv/2024/06/02/20240602183710159171_672e2884-f0ed-44dc-b9bb-56d79261e4f1_pointData.csv	121688	9098da884f5d84caac03b69d6ed474ad-1	2024-06-02T19:26:33.000Z	Rosepoint	ROSEP-672e2884-f0ed-44dc-b9bb-56d79261e4f1	2024-06-02T06:34:17Z	2024-06-02T18:36:51Z	keep	unique_1e-6_lattice_submission
csb/csv/2024/06/02/20240602183949947055_834f85c2-0999-11eb-a100-98be942a5b5a_pointData.csv	192970	353cbef36276a3871d6e2291c76f1a0c-1	2024-06-02T19:26:33.000Z	PGS	PGS-834f85c2-0999-11eb-a100-98be942a5b5a	2024-06-02T17:00:00Z	2024-06-02T17:59:57Z	exclude	provider_mixed_1e-4_and_1e-6_lattice
csb/csv/2024/06/02/20240602184559517678_0d1b6ce0-e5ec-40f1-99a9-2187e8d08bf4_pointData.csv	2825781	515b1b2ac2e232d0079d69e97688b12f-1	2024-06-02T19:26:36.000Z	Rosepoint	ROSEP-0d1b6ce0-e5ec-40f1-99a9-2187e8d08bf4	2004-10-17T12:45:29Z	2004-10-17T18:45:55Z	keep	unique_1e-6_lattice_submission
csb/csv/2024/06/02/20240602185522063288_48e8b019-4141-4a35-bd63-b3be3e30b183_pointData.csv	2413913	70925f6e07d470ce488fc72740d64575-1	2024-06-02T19:26:34.000Z	Rosepoint	ROSEP-48e8b019-4141-4a35-bd63-b3be3e30b183	2024-06-02T12:53:58Z	2024-06-02T18:54:19Z	keep	unique_1e-6_lattice_submission
csb/csv/2024/06/02/20240602190149321208_Joshg75_pointData.csv	244494	2e47c5385e8dbd9ad3754e82b9737f96-1	2024-06-02T19:26:33.000Z	AquaMap	AQM-Joshg75	2024-06-02T17:28:55Z	2024-06-02T18:11:16Z	exclude	provider_off_lattice_float_repr
csb/csv/2024/06/02/20240602190740841949_b46dfd84-2ce8-4a25-a16b-4af10b8eb60e_pointData.csv	132952	83fc052eef00869a11bc667a1e79e752-1	2024-06-02T19:26:33.000Z	Rosepoint	ROSEP-b46dfd84-2ce8-4a25-a16b-4af10b8eb60e	2024-06-02T13:07:15Z	2024-06-02T19:07:36Z	keep	unique_1e-6_lattice_submission
csb/csv/2024/06/02/20240602190817306198_83e03090-0999-11eb-b6ea-98be942a5b5a_pointData.csv	194204	bc081018327b06ab06ce5b35c36e3e1d-1	2024-06-02T19:26:36.000Z	PGS	PGS-83e03090-0999-11eb-b6ea-98be942a5b5a	2024-06-02T16:00:00Z	2024-06-02T16:59:57Z	exclude	provider_mixed_1e-4_and_1e-6_lattice
csb/csv/2024/06/02/20240602191050831559_cdd0edb8-c483-4c48-be4d-93f29dcbc26c_pointData.csv	542060	b3884a2c57372a91f6e9f6785f317ff0-1	2024-06-02T19:26:35.000Z	Rosepoint	ROSEP-cdd0edb8-c483-4c48-be4d-93f29dcbc26c	2024-06-02T13:10:31Z	2024-06-02T19:10:45Z	keep	unique_1e-6_lattice_submission
csb/csv/2024/06/02/20240602191137925600_ec72276e-3e2b-4d56-82bb-111fc86cbd77_pointData.csv	190863	5dd1e94520d71ed03b46a7aaa9c2e715-1	2024-06-02T19:26:33.000Z	PGS	PGS-ec72276e-3e2b-4d56-82bb-111fc86cbd77	2024-06-02T18:00:02Z	2024-06-02T18:59:59Z	exclude	provider_mixed_1e-4_and_1e-6_lattice
csb/csv/2024/06/02/20240602191911849412_3b0c5ff2-0998-11eb-8eb6-98be942a5b5a_pointData.csv	183073	79d1d3725034ca93e6ec0daf84406aef-1	2024-06-02T19:26:35.000Z	PGS	PGS-3b0c5ff2-0998-11eb-8eb6-98be942a5b5a	2024-06-02T18:00:00Z	2024-06-02T18:59:57Z	exclude	provider_mixed_1e-4_and_1e-6_lattice
csb/csv/2024/06/02/20240602192813348232_834f85c2-0999-11eb-a100-98be942a5b5a_pointData.csv	192943	21bc0d49afaba7093ba0391188375fdb-1	2024-06-03T07:50:28.000Z	PGS	PGS-834f85c2-0999-11eb-a100-98be942a5b5a	2024-06-02T18:00:00Z	2024-06-02T18:59:57Z	exclude	provider_mixed_1e-4_and_1e-6_lattice
csb/csv/2024/06/02/20240602193845043872_251e0ec1-5645-476e-8563-9f34939f5d72_pointData.csv	395936	5e7772064ae9965c53faebc4496475fd-1	2024-06-03T07:50:29.000Z	Rosepoint	ROSEP-251e0ec1-5645-476e-8563-9f34939f5d72	2024-06-02T13:38:07Z	2024-06-02T19:38:16Z	keep	unique_1e-6_lattice_submission
csb/csv/2024/06/02/20240602194533240928_4606e387-998b-46fb-b5a6-02c7eafa03da_pointData.csv	2830695	b41e5cc65275416f21f677b83ec0dcb6-1	2024-06-03T07:50:30.000Z	Rosepoint	ROSEP-4606e387-998b-46fb-b5a6-02c7eafa03da	2004-10-17T13:45:09Z	2004-10-17T19:45:29Z	keep	unique_1e-6_lattice_submission
csb/csv/2024/06/02/20240602194941685982_83e03090-0999-11eb-b6ea-98be942a5b5a_pointData.csv	194180	5a0fa27eede28c0cc95d2fe5e4d13e06-1	2024-06-03T07:50:28.000Z	PGS	PGS-83e03090-0999-11eb-b6ea-98be942a5b5a	2024-06-02T17:00:00Z	2024-06-02T17:59:57Z	exclude	provider_mixed_1e-4_and_1e-6_lattice
csb/csv/2024/06/02/20240602200012220156_Flatswing_pointData.csv	78567	ca67936a7b01666d932abd488ef8215e-1	2024-06-03T07:50:28.000Z	AquaMap	AQM-Flatswing	2024-06-02T19:34:38Z	2024-06-02T19:51:43Z	exclude	provider_off_lattice_float_repr
csb/csv/2024/06/02/20240602200022349125_gildnerwjrmac-com_pointData.csv	23254	2f50573a3d6adaf5b4de13780b850ae6-1	2024-06-03T07:50:29.000Z	AquaMap	AQM-gildnerwjrmac-com	2024-06-02T19:02:43Z	2024-06-02T19:05:10Z	exclude	provider_off_lattice_float_repr
csb/csv/2024/06/02/20240602200047043764_bobetter_pointData.csv	143277	f113200302e6ab217d00aad3f28c5167-1	2024-06-03T07:50:29.000Z	AquaMap	AQM-bobetter	2024-06-02T14:14:14Z	2024-06-02T14:53:44Z	exclude	provider_off_lattice_float_repr
csb/csv/2024/06/02/20240602200105425206_Joshg75_pointData.csv	348606	7826a4488895756e98b644c88e902b35-1	2024-06-03T07:50:30.000Z	AquaMap	AQM-Joshg75	2024-06-02T18:13:55Z	2024-06-02T19:11:04Z	exclude	provider_off_lattice_float_repr
csb/csv/2024/06/02/20240602200127501451_Flatswing_pointData.csv	679696	7fa6cd7f3f14aaf6bc3ee2e0d38afc1f-1	2024-06-03T07:50:29.000Z	AquaMap	AQM-Flatswing	2024-06-02T17:18:35Z	2024-06-02T19:34:36Z	exclude	provider_off_lattice_float_repr
csb/csv/2024/06/02/20240602200300728710_a0c5f5d4-2c89-4dc6-b6e8-695d93ab03b7_pointData.csv	16791	2b51a9f2837d63cadc1322fcb1ed1d1a-1	2024-06-03T07:50:29.000Z	Rosepoint	ROSEP-a0c5f5d4-2c89-4dc6-b6e8-695d93ab03b7	2024-06-02T18:24:08Z	2024-06-02T00:00:00Z	keep	unique_1e-6_lattice_submission
csb/csv/2024/06/02/20240602200805268954_a0c5f5d4-2c89-4dc6-b6e8-695d93ab03b7_pointData.csv	234	1ba766b2cfabcc5fbdcde36642608d69-1	2024-06-03T07:50:29.000Z	Rosepoint	ROSEP-a0c5f5d4-2c89-4dc6-b6e8-695d93ab03b7	2024-06-02T20:02:58Z	2024-06-02T20:02:58Z	keep	unique_1e-6_lattice_submission
csb/csv/2024/06/02/20240602200958302484_834f85c2-0999-11eb-a100-98be942a5b5a_pointData.csv	192982	47d3f9cdc5ea6e6be9d8218ba65c98ae-1	2024-06-03T07:50:29.000Z	PGS	PGS-834f85c2-0999-11eb-a100-98be942a5b5a	2024-06-02T19:00:00Z	2024-06-02T19:59:57Z	exclude	provider_mixed_1e-4_and_1e-6_lattice
csb/csv/2024/06/02/20240602203206091344_ec72276e-3e2b-4d56-82bb-111fc86cbd77_pointData.csv	190863	7a87e925e228b89847c3211a06dfb049-1	2024-06-03T07:50:29.000Z	PGS	PGS-ec72276e-3e2b-4d56-82bb-111fc86cbd77	2024-06-02T19:00:02Z	2024-06-02T19:59:59Z	exclude	provider_mixed_1e-4_and_1e-6_lattice
csb/csv/2024/06/02/20240602203548881030_0dc4d7c1-f541-476d-a76b-72fb09ad1bd2_pointData.csv	63273	e7516b95d803626577779f51b17e7a01-1	2024-06-03T07:50:29.000Z	Rosepoint	ROSEP-0dc4d7c1-f541-476d-a76b-72fb09ad1bd2	2024-06-02T14:34:33Z	2024-06-02T20:34:59Z	keep	unique_1e-6_lattice_submission
csb/csv/2024/06/02/20240602204249121327_4f651d43-9a33-452c-9299-6ab08ed9d831_pointData.csv	373663	a9a3eb57a17e249ccf05c68046d9dda5-1	2024-06-03T07:50:30.000Z	Rosepoint	ROSEP-4f651d43-9a33-452c-9299-6ab08ed9d831	2024-06-02T14:42:28Z	2024-06-02T20:42:03Z	keep	unique_1e-6_lattice_submission
csb/csv/2024/06/02/20240602210023716673_6638e8eaef39d3-53372083_pointData.csv	264573	59d17d50bd55131fee2b7b85e7977197-1	2024-06-03T07:50:30.000Z	AquaMap	AQM-6638e8eaef39d3-53372083	2024-06-02T15:56:22Z	2024-06-02T16:28:27Z	exclude	provider_off_lattice_float_repr
csb/csv/2024/06/02/20240602210044402200_63ab205b591832-24031229_pointData.csv	53597	e3493bccc470419b35a98cfdb924c3bb-1	2024-06-03T07:50:32.000Z	AquaMap	AQM-63ab205b591832-24031229	2024-02-23T12:04:26Z	2024-02-23T12:09:52Z	exclude	provider_off_lattice_float_repr
csb/csv/2024/06/02/20240602210130315562_bobetter_pointData.csv	431205	9067c1c14bdc4df3a9a2a72ad35f19e0-1	2024-06-03T07:50:31.000Z	AquaMap	AQM-bobetter	2024-06-02T11:56:21Z	2024-06-02T12:50:45Z	exclude	provider_off_lattice_float_repr
csb/csv/2024/06/02/20240602210650679262_53df1aa6-1feb-47dc-a374-3880fae210fd_pointData.csv	3442041	0af357b5c3d69e565007f667645d6e6a-1	2024-06-03T07:50:32.000Z	Rosepoint	ROSEP-53df1aa6-1feb-47dc-a374-3880fae210fd	2024-06-02T15:03:41Z	2024-06-02T21:06:42Z	keep	unique_1e-6_lattice_submission
csb/csv/2024/06/02/20240602210958888719_ec72276e-3e2b-4d56-82bb-111fc86cbd77_pointData.csv	190863	f986091cee491f4254b8b75034ff18ea-1	2024-06-03T07:50:32.000Z	PGS	PGS-ec72276e-3e2b-4d56-82bb-111fc86cbd77	2024-06-02T20:00:02Z	2024-06-02T20:59:59Z	exclude	provider_mixed_1e-4_and_1e-6_lattice
csb/csv/2024/06/02/20240602211332826625_8250175b-3c29-4906-8437-5106955c99c6_pointData.csv	3483365	580d241a50f130a6eb1344504e6bab21-1	2024-06-03T07:50:32.000Z	Rosepoint	ROSEP-8250175b-3c29-4906-8437-5106955c99c6	2024-06-02T15:13:04Z	2024-06-02T21:13:28Z	keep	unique_1e-6_lattice_submission
csb/csv/2024/06/02/20240602211750094846_3b0c5ff2-0998-11eb-8eb6-98be942a5b5a_pointData.csv	199659	b3372db7edd5f7a47cbbd156bf45dd77-1	2024-06-03T07:50:31.000Z	PGS	PGS-3b0c5ff2-0998-11eb-8eb6-98be942a5b5a	2024-06-02T19:00:00Z	2024-06-02T19:59:48Z	exclude	provider_mixed_1e-4_and_1e-6_lattice
csb/csv/2024/06/02/20240602211750922906_3b0c5ff2-0998-11eb-8eb6-98be942a5b5a_pointData.csv	175491	9e037f217bc2ce07f860671f4a43d690-1	2024-06-03T07:50:31.000Z	PGS	PGS-3b0c5ff2-0998-11eb-8eb6-98be942a5b5a	2024-06-02T19:59:51Z	2024-06-02T20:59:57Z	exclude	provider_mixed_1e-4_and_1e-6_lattice
csb/csv/2024/06/02/20240602212743250464_834f85c2-0999-11eb-a100-98be942a5b5a_pointData.csv	192981	a22a333350ef125bb736a88c90a38189-1	2024-06-03T07:50:33.000Z	PGS	PGS-834f85c2-0999-11eb-a100-98be942a5b5a	2024-06-02T20:00:00Z	2024-06-02T20:59:57Z	exclude	provider_mixed_1e-4_and_1e-6_lattice
csb/csv/2024/06/02/20240602213624301129_c21bff07-b678-4dfb-ab54-a111660d6cfa_pointData.csv	1040622	87c820b2283d6fe3a33af9a751c7c9e1-1	2024-06-03T07:50:32.000Z	Rosepoint	ROSEP-c21bff07-b678-4dfb-ab54-a111660d6cfa	2024-06-02T15:35:56Z	2024-06-02T21:35:24Z	keep	unique_1e-6_lattice_submission
csb/csv/2024/06/02/20240602213910956677_c397eae3-6787-4d49-abbe-1de3758956f5_pointData.csv	2251149	d92d810bc9f9927e7dac489d1241d3ae-1	2024-06-03T07:50:33.000Z	Rosepoint	ROSEP-c397eae3-6787-4d49-abbe-1de3758956f5	2024-06-02T15:38:06Z	2024-06-02T21:38:46Z	keep	unique_1e-6_lattice_submission
csb/csv/2024/06/02/20240602215107586662_373e61a4-5650-43be-800f-e6197634cf6f_pointData.csv	18840	7ab5983cdaa331aff196a90b1049325c-1	2024-06-03T07:50:33.000Z	Rosepoint	ROSEP-373e61a4-5650-43be-800f-e6197634cf6f	2024-06-02T14:04:17Z	2024-06-02T15:48:11Z	keep	unique_1e-6_lattice_submission
csb/csv/2024/06/02/20240602215108381282_373e61a4-5650-43be-800f-e6197634cf6f_pointData.csv	765911	7b8a2a36ece8b44e839c2ac42b5a8c37-1	2024-06-03T07:50:31.000Z	Rosepoint	ROSEP-373e61a4-5650-43be-800f-e6197634cf6f	2024-06-02T15:50:24Z	2024-06-02T19:02:40Z	keep	unique_1e-6_lattice_submission
csb/csv/2024/06/02/20240602220015696985_18351_pointData.csv	112961	c0d3d44e5c452fb467b1a64439409f41-1	2024-06-03T07:50:34.000Z	AquaMap	AQM-18351	2024-06-02T10:52:32Z	2024-06-02T11:07:37Z	exclude	provider_off_lattice_float_repr
csb/csv/2024/06/02/20240602220032293107_18351_pointData.csv	629990	af3c862bee236aeaf7f05cebe9b7be33-1	2024-06-03T07:50:35.000Z	AquaMap	AQM-18351	2024-06-02T17:38:53Z	2024-06-02T19:04:49Z	exclude	provider_off_lattice_float_repr
csb/csv/2024/06/02/20240602220039562315_ChapterFour_pointData.csv	670062	d887f6aed5824b8fa986464510c0fd8f-1	2024-06-03T07:50:34.000Z	AquaMap	AQM-ChapterFour	2024-06-02T19:02:53Z	2024-06-02T20:50:23Z	exclude	provider_off_lattice_float_repr
csb/csv/2024/06/02/20240602220047114518_ChapterFour_pointData.csv	703916	a37260049eb4c5892cedd639c3886548-1	2024-06-03T07:50:33.000Z	AquaMap	AQM-ChapterFour	2024-06-02T13:13:17Z	2024-06-02T15:16:12Z	exclude	provider_off_lattice_float_repr
csb/csv/2024/06/02/20240602220050221862_ChapterFour_pointData.csv	229355	a9d011ecb76faaea447efc31b49b6fdd-1	2024-06-03T07:50:35.000Z	AquaMap	AQM-ChapterFour	2024-05-31T14:06:34Z	2024-05-31T14:37:42Z	exclude	provider_off_lattice_float_repr
csb/csv/2024/06/02/20240602220112676803_18351_pointData.csv	633550	9332d113f3081692e5c5be9823305406-1	2024-06-03T07:50:30.000Z	AquaMap	AQM-18351	2024-06-02T14:45:37Z	2024-06-02T16:13:04Z	exclude	provider_off_lattice_float_repr
csb/csv/2024/06/02/20240602220129838498_18351_pointData.csv	623447	21e5363555b1f1e9dd87fa688c2f8f92-1	2024-06-03T07:50:32.000Z	AquaMap	AQM-18351	2024-06-01T14:11:17Z	2024-06-01T15:46:39Z	exclude	provider_off_lattice_float_repr
csb/csv/2024/06/02/20240602220144887549_18351_pointData.csv	634649	92480dfa2f913a885b88f727ac2f99a9-1	2024-06-03T07:50:34.000Z	AquaMap	AQM-18351	2024-06-02T16:13:05Z	2024-06-02T17:38:52Z	exclude	provider_off_lattice_float_repr
csb/csv/2024/06/02/20240602220155267882_ChapterFour_pointData.csv	283443	30e1daca33a7daaa9754bb35c8b2b964-1	2024-06-03T07:50:36.000Z	AquaMap	AQM-ChapterFour	2024-06-02T16:31:07Z	2024-06-02T17:16:11Z	exclude	provider_off_lattice_float_repr
csb/csv/2024/06/02/20240602220157693345_ChapterFour_pointData.csv	161447	a83398786e466ee1be979439f5e647ac-1	2024-06-03T07:50:31.000Z	AquaMap	AQM-ChapterFour	2024-06-02T12:22:58Z	2024-06-02T12:50:26Z	exclude	provider_off_lattice_float_repr
csb/csv/2024/06/02/20240602220159925213_ChapterFour_pointData.csv	137281	8017c2a7fb0c35d30562171cc0d6b7f3-1	2024-06-03T07:50:35.000Z	AquaMap	AQM-ChapterFour	2024-06-02T15:58:50Z	2024-06-02T16:21:39Z	exclude	provider_off_lattice_float_repr
csb/csv/2024/06/02/20240602220216247336_ChapterFour_pointData.csv	114263	f9692b23ee98df340adb0ab602ccc3d6-1	2024-06-03T07:50:34.000Z	AquaMap	AQM-ChapterFour	2024-06-02T12:53:10Z	2024-06-02T13:10:39Z	exclude	provider_off_lattice_float_repr
csb/csv/2024/06/02/20240602220218101488_ChapterFour_pointData.csv	102423	93d3be8e3aafebe9efee8439e9da4b1b-1	2024-06-03T07:50:36.000Z	AquaMap	AQM-ChapterFour	2024-06-02T11:58:52Z	2024-06-02T12:16:47Z	exclude	provider_off_lattice_float_repr
csb/csv/2024/06/02/20240602220224526569_18351_pointData.csv	527153	c3a6a29deb2f64e2a9107530fe587ae2-1	2024-06-03T07:50:36.000Z	AquaMap	AQM-18351	2024-06-02T12:07:36Z	2024-06-02T13:17:50Z	exclude	provider_off_lattice_float_repr
csb/csv/2024/06/02/20240602220235385719_ChapterFour_pointData.csv	399770	ac0e6cc6dbc976dafce584412a6ad7ad-1	2024-06-03T07:50:35.000Z	AquaMap	AQM-ChapterFour	2024-06-02T17:56:13Z	2024-06-02T19:00:43Z	exclude	provider_off_lattice_float_repr
csb/csv/2024/06/02/20240602220250270898_18351_pointData.csv	638105	dfe6c317ef0612ad9a6ca00beebe139c-1	2024-06-03T07:50:37.000Z	AquaMap	AQM-18351	2024-06-02T13:19:53Z	2024-06-02T14:45:36Z	exclude	provider_off_lattice_float_repr
csb/csv/2024/06/02/20240602221047412106_11ce5241-356b-43ba-9456-f56555e0751a_pointData.csv	61159	ef50be4661ed66fd9da853c362ebda48-1	2024-06-03T07:50:36.000Z	Rosepoint	ROSEP-11ce5241-356b-43ba-9456-f56555e0751a	2024-06-02T16:10:37Z	2024-06-02T22:09:47Z	keep	unique_1e-6_lattice_submission
csb/csv/2024/06/02/20240602222131539379_08b541ee-eb9f-11ee-8abd-bd300fe11e8a_pointData.csv	314654	0e3aedf01c752f80c08c41317c085cab-1	2024-06-03T07:50:36.000Z	GLOS	GLOS-08b541ee-eb9f-11ee-8abd-bd300fe11e8a	2024-06-02T17:50:41Z	2024-06-02T18:24:39Z	keep	unique_1e-6_lattice_submission
csb/csv/2024/06/02/20240602222132061498_08b541ee-eb9f-11ee-8abd-bd300fe11e8a_pointData.csv	314654	8fb0cf198407683d4fcccbfc1a2fb902-1	2024-06-03T07:50:38.000Z	GLOS	GLOS-08b541ee-eb9f-11ee-8abd-bd300fe11e8a	2024-06-02T17:50:41Z	2024-06-02T18:24:39Z	exclude	exact_reupload_of:20240602222131539379_08b541ee-eb9f-11ee-8abd-bd300fe11e8a_pointData.csv
csb/csv/2024/06/02/20240602222524343537_e557a017-0c75-4365-808a-680673bbb79e_pointData.csv	46086	37b9080edbe5b4e8f1bd6b386e3707cc-1	2024-06-03T07:50:36.000Z	Rosepoint	ROSEP-e557a017-0c75-4365-808a-680673bbb79e	2024-06-02T16:23:33Z	2024-06-02T22:25:18Z	keep	unique_1e-6_lattice_submission
csb/csv/2024/06/02/20240602223024873949_ec72276e-3e2b-4d56-82bb-111fc86cbd77_pointData.csv	190863	f8f9e64aa4281e1de4e53aede0a28895-1	2024-06-03T07:50:38.000Z	PGS	PGS-ec72276e-3e2b-4d56-82bb-111fc86cbd77	2024-06-02T21:00:02Z	2024-06-02T21:59:59Z	exclude	provider_mixed_1e-4_and_1e-6_lattice
csb/csv/2024/06/02/20240602223716356608_3b0c5ff2-0998-11eb-8eb6-98be942a5b5a_pointData.csv	189868	1005b9761517f216a4af95fd35260543-1	2024-06-03T07:50:38.000Z	PGS	PGS-3b0c5ff2-0998-11eb-8eb6-98be942a5b5a	2024-06-02T21:00:00Z	2024-06-02T21:59:58Z	exclude	provider_mixed_1e-4_and_1e-6_lattice
csb/csv/2024/06/02/20240602223743256775_08b541ee-eb9f-11ee-8abd-bd300fe11e8a_pointData.csv	296818	8e95fced3c27c9e3cf6b7d929303a424-1	2024-06-03T07:50:37.000Z	GLOS	GLOS-08b541ee-eb9f-11ee-8abd-bd300fe11e8a	2024-06-02T18:24:41Z	2024-06-02T18:54:57Z	keep	unique_1e-6_lattice_submission
csb/csv/2024/06/02/20240602223743858536_08b541ee-eb9f-11ee-8abd-bd300fe11e8a_pointData.csv	296818	faf9c08e3335ee5b55abee6b023a5262-1	2024-06-03T07:50:32.000Z	GLOS	GLOS-08b541ee-eb9f-11ee-8abd-bd300fe11e8a	2024-06-02T18:24:41Z	2024-06-02T18:54:57Z	exclude	exact_reupload_of:20240602223743256775_08b541ee-eb9f-11ee-8abd-bd300fe11e8a_pointData.csv
csb/csv/2024/06/02/20240602223758632478_08b541ee-eb9f-11ee-8abd-bd300fe11e8a_pointData.csv	209208	b7fa64ea59121a73ab23b940e6f44f58-1	2024-06-03T07:50:32.000Z	GLOS	GLOS-08b541ee-eb9f-11ee-8abd-bd300fe11e8a	2024-06-02T18:54:59Z	2024-06-02T19:17:21Z	keep	unique_1e-6_lattice_submission
csb/csv/2024/06/02/20240602223759099427_08b541ee-eb9f-11ee-8abd-bd300fe11e8a_pointData.csv	209208	b371713ca6dc455bf6bd818a171524c7-1	2024-06-03T07:50:32.000Z	GLOS	GLOS-08b541ee-eb9f-11ee-8abd-bd300fe11e8a	2024-06-02T18:54:59Z	2024-06-02T19:17:21Z	exclude	exact_reupload_of:20240602223758632478_08b541ee-eb9f-11ee-8abd-bd300fe11e8a_pointData.csv
csb/csv/2024/06/02/20240602223854151122_08b541ee-eb9f-11ee-8abd-bd300fe11e8a_pointData.csv	294775	afe95597e3cb377f479973e6377c1d55-1	2024-06-03T07:50:33.000Z	GLOS	GLOS-08b541ee-eb9f-11ee-8abd-bd300fe11e8a	2024-06-02T19:41:10Z	2024-06-02T20:11:10Z	keep	unique_1e-6_lattice_submission
csb/csv/2024/06/02/20240602223854706496_08b541ee-eb9f-11ee-8abd-bd300fe11e8a_pointData.csv	294775	6cb11718fdb1d301feb28fa85811881b-1	2024-06-03T07:50:33.000Z	GLOS	GLOS-08b541ee-eb9f-11ee-8abd-bd300fe11e8a	2024-06-02T19:41:10Z	2024-06-02T20:11:10Z	exclude	exact_reupload_of:20240602223854151122_08b541ee-eb9f-11ee-8abd-bd300fe11e8a_pointData.csv
csb/csv/2024/06/02/20240602223939633811_08b541ee-eb9f-11ee-8abd-bd300fe11e8a_pointData.csv	281710	08db9f7b687e9197622e4e9fba029e73-1	2024-06-03T07:50:33.000Z	GLOS	GLOS-08b541ee-eb9f-11ee-8abd-bd300fe11e8a	2024-06-02T20:11:12Z	2024-06-02T20:39:48Z	keep	unique_1e-6_lattice_submission
csb/csv/2024/06/02/20240602223940208920_08b541ee-eb9f-11ee-8abd-bd300fe11e8a_pointData.csv	281710	3b75241eef9a5aeec0d6aea3e2d12b4c-1	2024-06-03T07:50:33.000Z	GLOS	GLOS-08b541ee-eb9f-11ee-8abd-bd300fe11e8a	2024-06-02T20:11:12Z	2024-06-02T20:39:48Z	exclude	exact_reupload_of:20240602223939633811_08b541ee-eb9f-11ee-8abd-bd300fe11e8a_pointData.csv
csb/csv/2024/06/02/20240602224010297422_f7904f6e-9198-4732-ad84-25948b446b65_pointData.csv	61507	99b28988f9fa911926e0032a776b0414-1	2024-06-03T07:50:38.000Z	Rosepoint	ROSEP-f7904f6e-9198-4732-ad84-25948b446b65	2004-10-17T16:40:07Z	2004-10-17T22:39:24Z	keep	unique_1e-6_lattice_submission
csb/csv/2024/06/02/20240602224027147842_08b541ee-eb9f-11ee-8abd-bd300fe11e8a_pointData.csv	286634	29bfdd792319aefec62e233c3e1500d7-1	2024-06-03T07:50:33.000Z	GLOS	GLOS-08b541ee-eb9f-11ee-8abd-bd300fe11e8a	2024-06-02T20:39:50Z	2024-06-02T21:10:47Z	keep	unique_1e-6_lattice_submission
csb/csv/2024/06/02/20240602224027663545_08b541ee-eb9f-11ee-8abd-bd300fe11e8a_pointData.csv	286634	3f06ac4b46b55e64d0a538c8d280da84-1	2024-06-03T07:50:33.000Z	GLOS	GLOS-08b541ee-eb9f-11ee-8abd-bd300fe11e8a	2024-06-02T20:39:50Z	2024-06-02T21:10:47Z	exclude	exact_reupload_of:20240602224027147842_08b541ee-eb9f-11ee-8abd-bd300fe11e8a_pointData.csv
csb/csv/2024/06/02/20240602224055376866_62641c86-2ffe-4cee-b9c0-7ee36c1ad599_pointData.csv	2587196	5b9185ebce98ac6c00f223333c73faf9-1	2024-06-03T07:50:35.000Z	Rosepoint	ROSEP-62641c86-2ffe-4cee-b9c0-7ee36c1ad599	2024-06-02T16:40:26Z	2024-06-02T22:40:46Z	keep	unique_1e-6_lattice_submission
csb/csv/2024/06/02/20240602224118289041_08b541ee-eb9f-11ee-8abd-bd300fe11e8a_pointData.csv	301288	69d52b415a25445413999feb0f7ebdbd-1	2024-06-03T07:50:33.000Z	GLOS	GLOS-08b541ee-eb9f-11ee-8abd-bd300fe11e8a	2024-06-02T21:10:49Z	2024-06-02T21:42:25Z	keep	unique_1e-6_lattice_submission
csb/csv/2024/06/02/20240602224118919766_08b541ee-eb9f-11ee-8abd-bd300fe11e8a_pointData.csv	301288	12160e75ede373a2ce132b5e95486eac-1	2024-06-03T07:50:34.000Z	GLOS	GLOS-08b541ee-eb9f-11ee-8abd-bd300fe11e8a	2024-06-02T21:10:49Z	2024-06-02T21:42:25Z	exclude	exact_reupload_of:20240602224118289041_08b541ee-eb9f-11ee-8abd-bd300fe11e8a_pointData.csv
csb/csv/2024/06/02/20240602224203880208_08b541ee-eb9f-11ee-8abd-bd300fe11e8a_pointData.csv	284200	24081ed7451b8fcb031ded9db144099e-1	2024-06-03T07:50:38.000Z	GLOS	GLOS-08b541ee-eb9f-11ee-8abd-bd300fe11e8a	2024-06-02T21:42:27Z	2024-06-02T22:11:21Z	keep	unique_1e-6_lattice_submission
csb/csv/2024/06/02/20240602224204471544_08b541ee-eb9f-11ee-8abd-bd300fe11e8a_pointData.csv	284200	c4972b16458abcf2299d37b0ec372732-1	2024-06-03T07:50:34.000Z	GLOS	GLOS-08b541ee-eb9f-11ee-8abd-bd300fe11e8a	2024-06-02T21:42:27Z	2024-06-02T22:11:21Z	exclude	exact_reupload_of:20240602224203880208_08b541ee-eb9f-11ee-8abd-bd300fe11e8a_pointData.csv
csb/csv/2024/06/02/20240602224519901047_70946e11-d3aa-412d-8427-c23af3e246e3_pointData.csv	63662	b2b453e7b530e1c2d6c537c9190cc466-1	2024-06-03T07:50:35.000Z	Rosepoint	ROSEP-70946e11-d3aa-412d-8427-c23af3e246e3	2024-06-02T16:44:49Z	2024-06-02T22:44:30Z	keep	unique_1e-6_lattice_submission
csb/csv/2024/06/02/20240602224535177016_834f85c2-0999-11eb-a100-98be942a5b5a_pointData.csv	193018	2698be93608abe84b3fc3df393332fa4-1	2024-06-03T07:50:39.000Z	PGS	PGS-834f85c2-0999-11eb-a100-98be942a5b5a	2024-06-02T21:00:00Z	2024-06-02T21:59:57Z	exclude	provider_mixed_1e-4_and_1e-6_lattice
csb/csv/2024/06/02/20240602224718571070_08b541ee-eb9f-11ee-8abd-bd300fe11e8a_pointData.csv	333271	f4a2255274760675ac3bcd556d6a6cb4-1	2024-06-03T07:50:34.000Z	GLOS	GLOS-08b541ee-eb9f-11ee-8abd-bd300fe11e8a	2024-06-02T22:11:23Z	2024-06-02T22:45:24Z	keep	unique_1e-6_lattice_submission
csb/csv/2024/06/02/20240602224719183237_08b541ee-eb9f-11ee-8abd-bd300fe11e8a_pointData.csv	333271	ae0e57d8828467709bc04232b8a97299-1	2024-06-03T07:50:39.000Z	GLOS	GLOS-08b541ee-eb9f-11ee-8abd-bd300fe11e8a	2024-06-02T22:11:23Z	2024-06-02T22:45:24Z	exclude	exact_reupload_of:20240602224718571070_08b541ee-eb9f-11ee-8abd-bd300fe11e8a_pointData.csv
csb/csv/2024/06/02/20240602230024085849_Talonewo_pointData.csv	213800	ddb96ad7181392f9366be609efcc3068-1	2024-06-03T07:50:35.000Z	AquaMap	AQM-Talonewo	2024-05-17T16:57:45Z	2024-05-17T17:24:48Z	exclude	provider_off_lattice_float_repr
csb/csv/2024/06/02/20240602230025615279_dantrecht_pointData.csv	58409	c9c9b67550b2dc1d4c9a3565a0ae870d-1	2024-06-03T07:50:39.000Z	AquaMap	AQM-dantrecht	2024-06-02T22:01:15Z	2024-06-02T22:08:04Z	exclude	provider_off_lattice_float_repr
csb/csv/2024/06/02/20240602230050656944_gildnerwjrmac-com_pointData.csv	162792	9563c8a138b03cef831d461eb7429c92-1	2024-06-03T07:50:36.000Z	AquaMap	AQM-gildnerwjrmac-com	2024-06-02T21:56:40Z	2024-06-02T22:13:51Z	exclude	provider_off_lattice_float_repr
csb/csv/2024/06/02/20240602230108106919_dantrecht_pointData.csv	264801	9586efcc32f82162cf6a643b11b78088-1	2024-06-03T07:50:39.000Z	AquaMap	AQM-dantrecht	2024-05-31T14:01:55Z	2024-05-31T14:35:08Z	exclude	provider_off_lattice_float_repr
csb/csv/2024/06/02/20240602230825704667_398c56de-e541-4380-9ee4-589ec53f46f6_pointData.csv	138502	d6ec85fd33371616f602519d47fb28cd-1	2024-06-03T07:50:40.000Z	Rosepoint	ROSEP-398c56de-e541-4380-9ee4-589ec53f46f6	2024-06-02T17:06:42Z	2024-06-02T23:08:18Z	keep	unique_1e-6_lattice_submission
csb/csv/2024/06/02/20240602230902872413_ec72276e-3e2b-4d56-82bb-111fc86cbd77_pointData.csv	190863	8021da61873f419a57c2b5af8962819d-1	2024-06-03T07:50:36.000Z	PGS	PGS-ec72276e-3e2b-4d56-82bb-111fc86cbd77	2024-06-02T22:00:02Z	2024-06-02T22:59:59Z	exclude	provider_mixed_1e-4_and_1e-6_lattice
csb/csv/2024/06/02/20240602230928704547_3b0c5ff2-0998-11eb-8eb6-98be942a5b5a_pointData.csv	200149	93b283e48e9a251b02383e5bb8384dcc-1	2024-06-03T07:50:39.000Z	PGS	PGS-3b0c5ff2-0998-11eb-8eb6-98be942a5b5a	2024-06-02T22:00:01Z	2024-06-02T22:59:58Z	exclude	provider_mixed_1e-4_and_1e-6_lattice
csb/csv/2024/06/02/20240602231113295490_4411b9ca-6b0e-47d2-a6be-36e60a3b577a_pointData.csv	139174	8e0e4578fac95dd51d7cffc55a0bec8f-1	2024-06-03T07:50:36.000Z	Rosepoint	ROSEP-4411b9ca-6b0e-47d2-a6be-36e60a3b577a	2024-06-02T17:09:26Z	2024-06-02T23:10:43Z	keep	unique_1e-6_lattice_submission
csb/csv/2024/06/02/20240602231129867219_8250175b-3c29-4906-8437-5106955c99c6_pointData.csv	759962	c80227ab1d57cf0e27a71bc486c55a74-1	2024-06-03T07:50:39.000Z	Rosepoint	ROSEP-8250175b-3c29-4906-8437-5106955c99c6	2024-06-02T21:13:29Z	2024-06-02T23:06:32Z	keep	unique_1e-6_lattice_submission
csb/csv/2024/06/02/20240602232240434336_834f85c2-0999-11eb-a100-98be942a5b5a_pointData.csv	192995	1a075638a549b4f26c531dc3045eacf8-1	2024-06-03T07:50:40.000Z	PGS	PGS-834f85c2-0999-11eb-a100-98be942a5b5a	2024-06-02T22:00:01Z	2024-06-02T22:59:58Z	exclude	provider_mixed_1e-4_and_1e-6_lattice
csb/csv/2024/06/02/20240602235024475362_f73d4b8d-97c0-48ab-9200-c313709c76d0_pointData.csv	21179	55bba896faf1d8a31d5aacf82fa86bfd-1	2024-06-03T07:50:39.000Z	Rosepoint	ROSEP-f73d4b8d-97c0-48ab-9200-c313709c76d0	2024-06-02T13:00:21Z	2024-06-02T15:03:29Z	keep	unique_1e-6_lattice_submission
csb/csv/2024/06/03/20240603000042540141_Michaelfreed_pointData.csv	665144	fbfca7408e09e65241e6440c5e34a064-1	2024-06-03T07:50:37.000Z	AquaMap	AQM-Michaelfreed	2024-06-02T20:39:06Z	2024-06-02T22:29:34Z	exclude	provider_off_lattice_float_repr
csb/csv/2024/06/03/20240603000103673481_bobetter_pointData.csv	67101	50a2316d607230dd4a5a7de985113525-1	2024-06-03T07:50:40.000Z	AquaMap	AQM-bobetter	2024-06-02T22:45:53Z	2024-06-02T23:13:31Z	exclude	provider_off_lattice_float_repr
csb/csv/2024/06/03/20240603000111838227_Michaelfreed_pointData.csv	50504	54a11d5c9fb2f1e1ac8fea415d7e1862-1	2024-06-03T07:50:36.000Z	AquaMap	AQM-Michaelfreed	2024-06-01T21:02:30Z	2024-06-01T21:11:02Z	exclude	provider_off_lattice_float_repr
csb/csv/2024/06/03/20240603001954978861_e150d9fe-d3d7-4d47-ba18-f82688e01b85_pointData.csv	574224	fc505043386c8c85927114b082008c75-1	2024-06-03T07:50:37.000Z	Rosepoint	ROSEP-e150d9fe-d3d7-4d47-ba18-f82688e01b85	2024-06-02T18:18:07Z	2024-06-03T00:19:49Z	keep	unique_1e-6_lattice_submission
csb/csv/2024/06/03/20240603002143398106_061e2f30-c234-4cf0-b880-42bb03ab857d_pointData.csv	2963229	0c34f1f819172708547fc8f64886d6c0-1	2024-06-03T07:50:38.000Z	Rosepoint	ROSEP-061e2f30-c234-4cf0-b880-42bb03ab857d	2024-06-02T18:20:15Z	2024-06-03T00:21:40Z	keep	unique_1e-6_lattice_submission
csb/csv/2024/06/03/20240603003657330293_071ba46a-9793-4306-a970-8461bae10e77_pointData.csv	969844	acee5d0327e5af0deb9b0d9f8a5e47a4-1	2024-06-03T07:50:52.000Z	Rosepoint	ROSEP-071ba46a-9793-4306-a970-8461bae10e77	2004-10-17T18:36:18Z	2004-10-18T00:36:54Z	keep	unique_1e-6_lattice_submission
csb/csv/2024/06/03/20240603003807700768_672e2884-f0ed-44dc-b9bb-56d79261e4f1_pointData.csv	60770	9fffc4629ab10ce82671a7bde5edcb31-1	2024-06-03T07:50:53.000Z	Rosepoint	ROSEP-672e2884-f0ed-44dc-b9bb-56d79261e4f1	2024-06-02T18:37:51Z	2024-06-03T00:37:48Z	keep	unique_1e-6_lattice_submission
csb/csv/2024/06/03/20240603004301518490_ec72276e-3e2b-4d56-82bb-111fc86cbd77_pointData.csv	190863	8af47493b2daedb089a1bee61d14447a-1	2024-06-03T07:50:52.000Z	PGS	PGS-ec72276e-3e2b-4d56-82bb-111fc86cbd77	2024-06-02T23:00:02Z	2024-06-02T23:59:59Z	exclude	provider_mixed_1e-4_and_1e-6_lattice
csb/csv/2024/06/03/20240603004626369034_0d1b6ce0-e5ec-40f1-99a9-2187e8d08bf4_pointData.csv	3429517	00bb5aa3b0c8b61b8de88454a6d4a178-1	2024-06-03T07:50:53.000Z	Rosepoint	ROSEP-0d1b6ce0-e5ec-40f1-99a9-2187e8d08bf4	2004-10-17T18:45:56Z	2004-10-18T00:46:20Z	keep	unique_1e-6_lattice_submission
csb/csv/2024/06/03/20240603005314457635_48e8b019-4141-4a35-bd63-b3be3e30b183_pointData.csv	1770128	d01dae9ec3e84316fca5e1330cf749a0-1	2024-06-03T07:50:54.000Z	Rosepoint	ROSEP-48e8b019-4141-4a35-bd63-b3be3e30b183	2024-06-02T18:55:19Z	2024-06-02T23:50:49Z	keep	unique_1e-6_lattice_submission
csb/csv/2024/06/03/20240603010044944459_bobetter_pointData.csv	65279	10ba79b9bdb101ac967bc5008f682915-1	2024-06-03T07:50:53.000Z	AquaMap	AQM-bobetter	2024-06-02T23:20:19Z	2024-06-02T23:58:59Z	exclude	provider_off_lattice_float_repr
csb/csv/2024/06/03/20240603010223838841_48e8b019-4141-4a35-bd63-b3be3e30b183_pointData.csv	26858	967289515233ce688035be58e13fa0a4-1	2024-06-03T07:50:54.000Z	Rosepoint	ROSEP-48e8b019-4141-4a35-bd63-b3be3e30b183	2024-06-03T00:53:00Z	2024-06-03T00:55:42Z	keep	unique_1e-6_lattice_submission
csb/csv/2024/06/03/20240603010230136754_834f85c2-0999-11eb-a100-98be942a5b5a_pointData.csv	190983	f2a916606267001b89bee310b91ce98d-1	2024-06-03T07:50:54.000Z	PGS	PGS-834f85c2-0999-11eb-a100-98be942a5b5a	2024-06-02T23:00:01Z	2024-06-02T23:59:58Z	exclude	provider_mixed_1e-4_and_1e-6_lattice
csb/csv/2024/06/03/20240603010849630001_b46dfd84-2ce8-4a25-a16b-4af10b8eb60e_pointData.csv	61520	27bb14a0f3a237e7ccd192431a6c9863-1	2024-06-03T07:50:52.000Z	Rosepoint	ROSEP-b46dfd84-2ce8-4a25-a16b-4af10b8eb60e	2024-06-02T19:08:37Z	2024-06-03T01:08:00Z	keep	unique_1e-6_lattice_submission
csb/csv/2024/06/03/20240603011119911257_cdd0edb8-c483-4c48-be4d-93f29dcbc26c_pointData.csv	2519796	d17a3446df8e31e293625558b52c6b3c-1	2024-06-03T07:50:56.000Z	Rosepoint	ROSEP-cdd0edb8-c483-4c48-be4d-93f29dcbc26c	2024-06-02T19:11:03Z	2024-06-03T01:11:16Z	keep	unique_1e-6_lattice_submission
csb/csv/2024/06/03/20240603012107693845_ec72276e-3e2b-4d56-82bb-111fc86cbd77_pointData.csv	190863	0e97c4278de5ba20d9129a7c2995992b-1	2024-06-03T07:50:52.000Z	PGS	PGS-ec72276e-3e2b-4d56-82bb-111fc86cbd77	2024-06-03T00:00:02Z	2024-06-03T00:59:59Z	exclude	provider_mixed_1e-4_and_1e-6_lattice
csb/csv/2024/06/03/20240603012951798095_3b0c5ff2-0998-11eb-8eb6-98be942a5b5a_pointData.csv	193961	e089955b93a201fb7065ba46f31388e3-1	2024-06-03T07:50:53.000Z	PGS	PGS-3b0c5ff2-0998-11eb-8eb6-98be942a5b5a	2024-06-02T23:00:01Z	2024-06-02T23:59:56Z	exclude	provider_mixed_1e-4_and_1e-6_lattice
csb/csv/2024/06/03/20240603014003728044_251e0ec1-5645-476e-8563-9f34939f5d72_pointData.csv	118793	ea5cf72acb1f6d0c772b55090f013a11-1	2024-06-03T07:50:53.000Z	Rosepoint	ROSEP-251e0ec1-5645-476e-8563-9f34939f5d72	2024-06-02T19:39:17Z	2024-06-03T01:39:39Z	keep	unique_1e-6_lattice_submission
csb/csv/2024/06/03/20240603014014710455_834f85c2-0999-11eb-a100-98be942a5b5a_pointData.csv	188208	e89898cbd7d1de7435454241e61d6c7b-1	2024-06-03T07:50:53.000Z	PGS	PGS-834f85c2-0999-11eb-a100-98be942a5b5a	2024-06-03T00:00:01Z	2024-06-03T00:59:58Z	exclude	provider_mixed_1e-4_and_1e-6_lattice
csb/csv/2024/06/03/20240603014555772586_4606e387-998b-46fb-b5a6-02c7eafa03da_pointData.csv	3437173	15a983c86d5aea562ce8b7d5057249cc-1	2024-06-03T07:50:58.000Z	Rosepoint	ROSEP-4606e387-998b-46fb-b5a6-02c7eafa03da	2004-10-17T19:45:30Z	2004-10-18T01:45:48Z	keep	unique_1e-6_lattice_submission
csb/csv/2024/06/03/20240603020026619938_18351_pointData.csv	600746	40e09ec711bb3e23f5b94eb7b98ae990-1	2024-06-03T07:50:54.000Z	AquaMap	AQM-18351	2024-06-02T16:13:05Z	2024-06-02T17:34:23Z	exclude	provider_off_lattice_float_repr
csb/csv/2024/06/03/20240603021535735025_cb1bbd67-78e2-4b5f-97e4-4ab1661c7454_pointData.csv	95030	0d9aaca6ead0c6e4a4fa240bde9bb9b7-1	2024-06-03T07:50:54.000Z	Rosepoint	ROSEP-cb1bbd67-78e2-4b5f-97e4-4ab1661c7454	2024-06-02T16:42:49Z	2024-06-03T02:15:08Z	keep	unique_1e-6_lattice_submission
csb/csv/2024/06/03/20240603021555215079_834f85c2-0999-11eb-a100-98be942a5b5a_pointData.csv	188186	6ee1e4abecc15924dfaa76f4b53327cf-1	2024-06-03T07:50:53.000Z	PGS	PGS-834f85c2-0999-11eb-a100-98be942a5b5a	2024-06-03T01:00:01Z	2024-06-03T01:59:58Z	exclude	provider_mixed_1e-4_and_1e-6_lattice
csb/csv/2024/06/03/20240603023604617534_ec72276e-3e2b-4d56-82bb-111fc86cbd77_pointData.csv	190704	b32f2008cd1331c0abb96dd6e5df3b7b-1	2024-06-03T07:50:52.000Z	PGS	PGS-ec72276e-3e2b-4d56-82bb-111fc86cbd77	2024-06-03T01:00:02Z	2024-06-03T01:59:56Z	exclude	provider_mixed_1e-4_and_1e-6_lattice
csb/csv/2024/06/03/20240603023606628103_0dc4d7c1-f541-476d-a76b-72fb09ad1bd2_pointData.csv	63117	1cc8e912c21a87935545dc8e7607d181-1	2024-06-03T07:50:53.000Z	Rosepoint	ROSEP-0dc4d7c1-f541-476d-a76b-72fb09ad1bd2	2024-06-02T20:36:00Z	2024-06-03T02:35:29Z	keep	unique_1e-6_lattice_submission
csb/csv/2024/06/03/20240603024254714056_3b0c5ff2-0998-11eb-8eb6-98be942a5b5a_pointData.csv	168715	ffa5614ee1866cbb219ff5d4dd42a7c8-1	2024-06-03T07:50:54.000Z	PGS	PGS-3b0c5ff2-0998-11eb-8eb6-98be942a5b5a	2024-06-02T23:59:58Z	2024-06-03T00:59:49Z	exclude	provider_mixed_1e-4_and_1e-6_lattice
csb/csv/2024/06/03/20240603024255353616_3b0c5ff2-0998-11eb-8eb6-98be942a5b5a_pointData.csv	158256	4c5a61d8d5e2fa8444d024b3dd934ce2-1	2024-06-03T07:50:55.000Z	PGS	PGS-3b0c5ff2-0998-11eb-8eb6-98be942a5b5a	2024-06-03T00:59:52Z	2024-06-03T01:59:37Z	exclude	provider_mixed_1e-4_and_1e-6_lattice
csb/csv/2024/06/03/20240603024308871063_4f651d43-9a33-452c-9299-6ab08ed9d831_pointData.csv	31475	ef1f57f01a405af38cd8177c54442335-1	2024-06-03T07:50:55.000Z	Rosepoint	ROSEP-4f651d43-9a33-452c-9299-6ab08ed9d831	2024-06-02T20:43:04Z	2024-06-03T01:55:54Z	keep	unique_1e-6_lattice_submission
csb/csv/2024/06/03/20240603030808854376_53df1aa6-1feb-47dc-a374-3880fae210fd_pointData.csv	2863932	c89d861e19100bfa3f150d640ab14136-1	2024-06-03T07:50:57.000Z	Rosepoint	ROSEP-53df1aa6-1feb-47dc-a374-3880fae210fd	2024-06-02T21:06:43Z	2024-06-03T03:08:00Z	keep	unique_1e-6_lattice_submission
csb/csv/2024/06/03/20240603031528311743_ec72276e-3e2b-4d56-82bb-111fc86cbd77_pointData.csv	190863	bdabf6369c4858da2629579de8e9edb8-1	2024-06-03T07:50:55.000Z	PGS	PGS-ec72276e-3e2b-4d56-82bb-111fc86cbd77	2024-06-03T01:59:59Z	2024-06-03T02:59:57Z	exclude	provider_mixed_1e-4_and_1e-6_lattice
csb/csv/2024/06/03/20240603031928461199_3b0c5ff2-0998-11eb-8eb6-98be942a5b5a_pointData.csv	160260	d9774b2527c420b7fd2a5dbb32c022af-1	2024-06-03T07:50:53.000Z	PGS	PGS-3b0c5ff2-0998-11eb-8eb6-98be942a5b5a	2024-06-03T01:59:40Z	2024-06-03T02:59:34Z	exclude	provider_mixed_1e-4_and_1e-6_lattice
csb/csv/2024/06/03/20240603033406010965_834f85c2-0999-11eb-a100-98be942a5b5a_pointData.csv	188190	9a6645d86b0b70070a01d7a0414a186d-1	2024-06-03T07:50:54.000Z	PGS	PGS-834f85c2-0999-11eb-a100-98be942a5b5a	2024-06-03T02:00:01Z	2024-06-03T02:59:58Z	exclude	provider_mixed_1e-4_and_1e-6_lattice
csb/csv/2024/06/03/20240603033740580808_c21bff07-b678-4dfb-ab54-a111660d6cfa_pointData.csv	990318	3fbf5607e92e9accb0a24f4ab8b3f671-1	2024-06-03T07:50:55.000Z	Rosepoint	ROSEP-c21bff07-b678-4dfb-ab54-a111660d6cfa	2024-06-02T21:36:27Z	2024-06-03T03:36:45Z	keep	unique_1e-6_lattice_submission
csb/csv/2024/06/03/20240603033927635483_c397eae3-6787-4d49-abbe-1de3758956f5_pointData.csv	311349	90a7bd02d112339059a1807bbfbbb9b0-1	2024-06-03T07:50:56.000Z	Rosepoint	ROSEP-c397eae3-6787-4d49-abbe-1de3758956f5	2024-06-02T21:39:46Z	2024-06-03T03:38:59Z	keep	unique_1e-6_lattice_submission
csb/csv/2024/06/03/20240603040718802778_4606e387-998b-46fb-b5a6-02c7eafa03da_pointData.csv	1316699	a2ad903053d2e43c70328017862f0b24-1	2024-06-03T07:50:55.000Z	Rosepoint	ROSEP-4606e387-998b-46fb-b5a6-02c7eafa03da	2004-10-18T01:45:50Z	2004-10-18T04:05:30Z	keep	unique_1e-6_lattice_submission
csb/csv/2024/06/03/20240603040752434209_834f85c2-0999-11eb-a100-98be942a5b5a_pointData.csv	188196	2979b5ec038af004a29a448189373163-1	2024-06-03T07:50:54.000Z	PGS	PGS-834f85c2-0999-11eb-a100-98be942a5b5a	2024-06-03T03:00:01Z	2024-06-03T03:59:58Z	exclude	provider_mixed_1e-4_and_1e-6_lattice
csb/csv/2024/06/03/20240603041108172064_11ce5241-356b-43ba-9456-f56555e0751a_pointData.csv	461626	8f8fd43a7237e3c110d4860709b11daf-1	2024-06-03T07:50:54.000Z	Rosepoint	ROSEP-11ce5241-356b-43ba-9456-f56555e0751a	2024-06-02T22:10:46Z	2024-06-03T04:10:09Z	keep	unique_1e-6_lattice_submission
csb/csv/2024/06/03/20240603042655119494_e557a017-0c75-4365-808a-680673bbb79e_pointData.csv	839601	3ec334dac3d14321ceb88b54db8960f2-1	2024-06-03T07:50:59.000Z	Rosepoint	ROSEP-e557a017-0c75-4365-808a-680673bbb79e	2024-06-02T22:26:48Z	2024-06-03T04:26:40Z	keep	unique_1e-6_lattice_submission
csb/csv/2024/06/03/20240603043011035114_ec72276e-3e2b-4d56-82bb-111fc86cbd77_pointData.csv	190863	e52e4fa3f6373aec3eae33a7a13fb125-1	2024-06-03T07:50:56.000Z	PGS	PGS-ec72276e-3e2b-4d56-82bb-111fc86cbd77	2024-06-03T02:59:59Z	2024-06-03T03:59:57Z	exclude	provider_mixed_1e-4_and_1e-6_lattice
csb/csv/2024/06/03/20240603043419290582_3b0c5ff2-0998-11eb-8eb6-98be942a5b5a_pointData.csv	159108	4916186718796a01efe80432414ad9f0-1	2024-06-03T07:50:57.000Z	PGS	PGS-3b0c5ff2-0998-11eb-8eb6-98be942a5b5a	2024-06-03T02:59:37Z	2024-06-03T03:59:58Z	exclude	provider_mixed_1e-4_and_1e-6_lattice
csb/csv/2024/06/03/20240603044029627187_f7904f6e-9198-4732-ad84-25948b446b65_pointData.csv	61676	cf937197569c120cd040ab93bb45fd4b-1	2024-06-03T07:50:59.000Z	Rosepoint	ROSEP-f7904f6e-9198-4732-ad84-25948b446b65	2004-10-17T22:40:24Z	2004-10-18T04:40:18Z	keep	unique_1e-6_lattice_submission
csb/csv/2024/06/03/20240603044121128169_62641c86-2ffe-4cee-b9c0-7ee36c1ad599_pointData.csv	560679	dd08614838d97d15cd90cccc1cf48cb6-1	2024-06-03T07:50:55.000Z	Rosepoint	ROSEP-62641c86-2ffe-4cee-b9c0-7ee36c1ad599	2024-06-02T22:41:46Z	2024-06-03T04:40:18Z	keep	unique_1e-6_lattice_submission
csb/csv/2024/06/03/20240603044540947230_70946e11-d3aa-412d-8427-c23af3e246e3_pointData.csv	63667	52116d458b11abdbfd2bcae839c60bb6-1	2024-06-03T07:51:00.000Z	Rosepoint	ROSEP-70946e11-d3aa-412d-8427-c23af3e246e3	2024-06-02T22:45:30Z	2024-06-03T04:45:06Z	keep	unique_1e-6_lattice_submission
csb/csv/2024/06/03/20240603050950275204_398c56de-e541-4380-9ee4-589ec53f46f6_pointData.csv	225848	d0cfb917389bb5788b64564e71b8572b-1	2024-06-03T07:50:58.000Z	Rosepoint	ROSEP-398c56de-e541-4380-9ee4-589ec53f46f6	2024-06-02T23:09:18Z	2024-06-03T05:09:38Z	keep	unique_1e-6_lattice_submission
csb/csv/2024/06/03/20240603051005821304_ec72276e-3e2b-4d56-82bb-111fc86cbd77_pointData.csv	190863	029eecbf06f5664fbd63493bf514cdc5-1	2024-06-03T07:50:56.000Z	PGS	PGS-ec72276e-3e2b-4d56-82bb-111fc86cbd77	2024-06-03T04:00:00Z	2024-06-03T04:59:57Z	exclude	provider_mixed_1e-4_and_1e-6_lattice
csb/csv/2024/06/03/20240603051146776433_8250175b-3c29-4906-8437-5106955c99c6_pointData.csv	61517	1090f53cf2fb3a7da612370f08aeeac3-1	2024-06-03T07:50:58.000Z	Rosepoint	ROSEP-8250175b-3c29-4906-8437-5106955c99c6	2024-06-02T23:11:19Z	2024-06-03T05:11:32Z	keep	unique_1e-6_lattice_submission
csb/csv/2024/06/03/20240603051239326473_4411b9ca-6b0e-47d2-a6be-36e60a3b577a_pointData.csv	225339	890087ee3ce49734ed0b608067319041-1	2024-06-03T07:50:59.000Z	Rosepoint	ROSEP-4411b9ca-6b0e-47d2-a6be-36e60a3b577a	2024-06-02T23:11:45Z	2024-06-03T05:11:39Z	keep	unique_1e-6_lattice_submission
csb/csv/2024/06/03/20240603052842149307_834f85c2-0999-11eb-a100-98be942a5b5a_pointData.csv	188840	c4a70ba0b7fe7784399a01f3be45979b-1	2024-06-03T07:50:56.000Z	PGS	PGS-834f85c2-0999-11eb-a100-98be942a5b5a	2024-06-03T04:00:01Z	2024-06-03T04:59:58Z	exclude	provider_mixed_1e-4_and_1e-6_lattice
csb/csv/2024/06/03/20240603055046782882_f73d4b8d-97c0-48ab-9200-c313709c76d0_pointData.csv	1215738	2e31906c18d2b890f562eb177b3a116d-1	2024-06-03T07:50:57.000Z	Rosepoint	ROSEP-f73d4b8d-97c0-48ab-9200-c313709c76d0	2024-06-02T17:48:59Z	2024-06-03T05:50:27Z	keep	unique_1e-6_lattice_submission
csb/csv/2024/06/03/20240603060936744039_834f85c2-0999-11eb-a100-98be942a5b5a_pointData.csv	192999	eac00bb50343fbdc32cbde0d5e768c3b-1	2024-06-03T07:50:59.000Z	PGS	PGS-834f85c2-0999-11eb-a100-98be942a5b5a	2024-06-03T05:00:01Z	2024-06-03T05:59:58Z	exclude	provider_mixed_1e-4_and_1e-6_lattice
csb/csv/2024/06/03/20240603062216164102_e150d9fe-d3d7-4d47-ba18-f82688e01b85_pointData.csv	59941	e24ad3f5210b904bc9b124d20a0d01ca-1	2024-06-03T07:50:57.000Z	Rosepoint	ROSEP-e150d9fe-d3d7-4d47-ba18-f82688e01b85	2024-06-03T00:20:49Z	2024-06-03T06:21:25Z	keep	unique_1e-6_lattice_submission
csb/csv/2024/06/03/20240603062402649211_061e2f30-c234-4cf0-b880-42bb03ab857d_pointData.csv	3016505	c204ff0f93dea0c027f434cc576cd999-1	2024-06-03T07:51:00.000Z	Rosepoint	ROSEP-061e2f30-c234-4cf0-b880-42bb03ab857d	2024-06-03T00:21:41Z	2024-06-03T06:23:59Z	keep	unique_1e-6_lattice_submission
csb/csv/2024/06/03/20240603062946307090_56f26f84-bafc-4b36-8454-b8546bddcf1d_pointData.csv	125643	d22ba2e7408e81224996b653c4689e8f-1	2024-06-03T07:51:02.000Z	Rosepoint	ROSEP-56f26f84-bafc-4b36-8454-b8546bddcf1d	2004-10-17T18:28:35Z	2004-10-18T06:29:03Z	keep	unique_1e-6_lattice_submission
csb/csv/2024/06/03/20240603063817107716_071ba46a-9793-4306-a970-8461bae10e77_pointData.csv	421716	241e9c5c19fa96879e68732cc8a5e640-1	2024-06-03T07:50:58.000Z	Rosepoint	ROSEP-071ba46a-9793-4306-a970-8461bae10e77	2004-10-18T00:36:55Z	2004-10-18T06:38:07Z	keep	unique_1e-6_lattice_submission
csb/csv/2024/06/03/20240603063925117722_672e2884-f0ed-44dc-b9bb-56d79261e4f1_pointData.csv	60739	d4bf9c8adc2c9f0d2871cbecebfb993b-1	2024-06-03T07:51:01.000Z	Rosepoint	ROSEP-672e2884-f0ed-44dc-b9bb-56d79261e4f1	2024-06-03T00:38:49Z	2024-06-03T06:38:36Z	keep	unique_1e-6_lattice_submission
csb/csv/2024/06/03/20240603064657682176_0d1b6ce0-e5ec-40f1-99a9-2187e8d08bf4_pointData.csv	3430151	1e31a69ddff5aa7069864e1464e3e8f7-1	2024-06-03T07:50:58.000Z	Rosepoint	ROSEP-0d1b6ce0-e5ec-40f1-99a9-2187e8d08bf4	2004-10-18T00:46:21Z	2004-10-18T06:46:44Z	keep	unique_1e-6_lattice_submission
csb/csv/2024/06/03/20240603064801919223_ec72276e-3e2b-4d56-82bb-111fc86cbd77_pointData.csv	190863	7da1361ffe543e2b949e925eb56b31a6-1	2024-06-03T07:51:01.000Z	PGS	PGS-ec72276e-3e2b-4d56-82bb-111fc86cbd77	2024-06-03T05:00:00Z	2024-06-03T05:59:57Z	exclude	provider_mixed_1e-4_and_1e-6_lattice
csb/csv/2024/06/03/20240603065345663433_3b0c5ff2-0998-11eb-8eb6-98be942a5b5a_pointData.csv	161151	6c252517390a13675af66a5a15d6d49a-1	2024-06-03T07:50:58.000Z	PGS	PGS-3b0c5ff2-0998-11eb-8eb6-98be942a5b5a	2024-06-03T04:00:01Z	2024-06-03T04:59:43Z	exclude	provider_mixed_1e-4_and_1e-6_lattice
csb/csv/2024/06/03/20240603070141846896_bobetter_pointData.csv	444560	4b85907566336409509f890d7eb3b52d-1	2024-06-03T07:50:58.000Z	AquaMap	AQM-bobetter	2024-06-03T04:00:50Z	2024-06-03T06:05:10Z	exclude	provider_off_lattice_float_repr
csb/csv/2024/06/03/20240603070337332333_48e8b019-4141-4a35-bd63-b3be3e30b183_pointData.csv	437934	9ae596177cdb3b08a33888e1d8dc3dec-1	2024-06-03T07:50:58.000Z	Rosepoint	ROSEP-48e8b019-4141-4a35-bd63-b3be3e30b183	2024-06-03T01:02:13Z	2024-06-03T07:03:29Z	keep	unique_1e-6_lattice_submission
csb/csv/2024/06/03/20240603070908721800_b46dfd84-2ce8-4a25-a16b-4af10b8eb60e_pointData.csv	760156	0049734418c7f31fa5148d66dcdbcfdd-1	2024-06-03T07:50:59.000Z	Rosepoint	ROSEP-b46dfd84-2ce8-4a25-a16b-4af10b8eb60e	2024-06-03T01:09:01Z	2024-06-03T07:08:58Z	keep	unique_1e-6_lattice_submission
csb/csv/2024/06/03/20240603071148505016_cdd0edb8-c483-4c48-be4d-93f29dcbc26c_pointData.csv	2368078	88891e9d28b215616606335749f1c4cd-1	2024-06-03T07:51:03.000Z	Rosepoint	ROSEP-cdd0edb8-c483-4c48-be4d-93f29dcbc26c	2024-06-03T01:11:17Z	2024-06-03T07:10:44Z	keep	unique_1e-6_lattice_submission
csb/csv/2024/06/03/20240603072709275199_ec72276e-3e2b-4d56-82bb-111fc86cbd77_pointData.csv	190863	4f913ef35d413c0d9844bf2be01363f9-1	2024-06-03T07:50:59.000Z	PGS	PGS-ec72276e-3e2b-4d56-82bb-111fc86cbd77	2024-06-03T06:00:00Z	2024-06-03T06:59:57Z	exclude	provider_mixed_1e-4_and_1e-6_lattice
csb/csv/2024/06/03/20240603073122446679_3b0c5ff2-0998-11eb-8eb6-98be942a5b5a_pointData.csv	173527	e93ae28deca6b62fb9be553aaddbb22e-1	2024-06-03T07:51:00.000Z	PGS	PGS-3b0c5ff2-0998-11eb-8eb6-98be942a5b5a	2024-06-03T04:59:46Z	2024-06-03T05:59:46Z	exclude	provider_mixed_1e-4_and_1e-6_lattice
csb/csv/2024/06/03/20240603073123598430_3b0c5ff2-0998-11eb-8eb6-98be942a5b5a_pointData.csv	186072	668a539fb048276a4f5ff13ceaf1ef58-1	2024-06-03T07:51:00.000Z	PGS	PGS-3b0c5ff2-0998-11eb-8eb6-98be942a5b5a	2024-06-03T05:59:49Z	2024-06-03T06:59:58Z	exclude	provider_mixed_1e-4_and_1e-6_lattice
csb/csv/2024/06/03/20240603074119753487_251e0ec1-5645-476e-8563-9f34939f5d72_pointData.csv	664962	4caba794fd3f506c675ee3689b2511b6-1	2024-06-03T07:50:59.000Z	Rosepoint	ROSEP-251e0ec1-5645-476e-8563-9f34939f5d72	2024-06-03T01:40:39Z	2024-06-03T07:41:18Z	keep	unique_1e-6_lattice_submission
csb/csv/2024/06/03/20240603074537165181_834f85c2-0999-11eb-a100-98be942a5b5a_pointData.csv	192997	8d175b4341dfcdb4b86f32057cb82368-1	2024-06-03T07:51:03.000Z	PGS	PGS-834f85c2-0999-11eb-a100-98be942a5b5a	2024-06-03T06:00:01Z	2024-06-03T06:59:58Z	exclude	provider_mixed_1e-4_and_1e-6_lattice
csb/csv/2024/06/03/20240603080047437207_bobetter_pointData.csv	353388	1a813e91176abf9982589e2bd5bec285-1	2024-06-03T13:26:49.000Z	AquaMap	AQM-bobetter	2024-06-03T06:07:26Z	2024-06-03T07:51:10Z	exclude	provider_off_lattice_float_repr
csb/csv/2024/06/03/20240603080754526024_ec72276e-3e2b-4d56-82bb-111fc86cbd77_pointData.csv	190863	cae7d1a7d2956b8989eab9d8c2ecba9d-1	2024-06-03T13:26:49.000Z	PGS	PGS-ec72276e-3e2b-4d56-82bb-111fc86cbd77	2024-06-03T07:00:00Z	2024-06-03T07:59:57Z	exclude	provider_mixed_1e-4_and_1e-6_lattice
csb/csv/2024/06/03/20240603081604550793_cb1bbd67-78e2-4b5f-97e4-4ab1661c7454_pointData.csv	364262	c370aa3e48dbdaf5f05973a4bf263060-1	2024-06-03T13:26:49.000Z	Rosepoint	ROSEP-cb1bbd67-78e2-4b5f-97e4-4ab1661c7454	2024-06-03T02:16:11Z	2024-06-03T08:15:48Z	keep	unique_1e-6_lattice_submission
csb/csv/2024/06/03/20240603082739103298_834f85c2-0999-11eb-a100-98be942a5b5a_pointData.csv	192977	2cf1866ab5e0dafc04656b8a73443cc4-1	2024-06-03T13:26:50.000Z	PGS	PGS-834f85c2-0999-11eb-a100-98be942a5b5a	2024-06-03T07:00:01Z	2024-06-03T07:59:58Z	exclude	provider_mixed_1e-4_and_1e-6_lattice
csb/csv/2024/06/03/20240603083623401742_0dc4d7c1-f541-476d-a76b-72fb09ad1bd2_pointData.csv	63143	a1d27ae9ae3b39a69be0c31585fc1f92-1	2024-06-03T13:26:48.000Z	Rosepoint	ROSEP-0dc4d7c1-f541-476d-a76b-72fb09ad1bd2	2024-06-03T02:36:30Z	2024-06-03T08:35:56Z	keep	unique_1e-6_lattice_submission
csb/csv/2024/06/03/20240603084328830867_4f651d43-9a33-452c-9299-6ab08ed9d831_pointData.csv	45888	6a95487df51595187874235558553b31-1	2024-06-03T13:26:49.000Z	Rosepoint	ROSEP-4f651d43-9a33-452c-9299-6ab08ed9d831	2024-06-03T02:50:46Z	2024-06-03T08:43:07Z	keep	unique_1e-6_lattice_submission
csb/csv/2024/06/03/20240603085101841209_3b0c5ff2-0998-11eb-8eb6-98be942a5b5a_pointData.csv	201170	0f288db881d52eb0ec77244fa3e6b03e-1	2024-06-03T13:26:50.000Z	PGS	PGS-3b0c5ff2-0998-11eb-8eb6-98be942a5b5a	2024-06-03T07:00:01Z	2024-06-03T07:59:58Z	exclude	provider_mixed_1e-4_and_1e-6_lattice
csb/csv/2024/06/03/20240603091206267397_53df1aa6-1feb-47dc-a374-3880fae210fd_pointData.csv	3030204	5763677ce2c06bc53fe7c9e0e9509b30-1	2024-06-03T13:26:51.000Z	Rosepoint	ROSEP-53df1aa6-1feb-47dc-a374-3880fae210fd	2024-06-03T03:09:00Z	2024-06-03T09:11:19Z	keep	unique_1e-6_lattice_submission
csb/csv/2024/06/03/20240603092540489532_ec72276e-3e2b-4d56-82bb-111fc86cbd77_pointData.csv	190863	c6a1a88407b5715fd7ea93725cbdd035-1	2024-06-03T13:26:52.000Z	PGS	PGS-ec72276e-3e2b-4d56-82bb-111fc86cbd77	2024-06-03T08:00:00Z	2024-06-03T08:59:57Z	exclude	provider_mixed_1e-4_and_1e-6_lattice
csb/csv/2024/06/03/20240603093311303419_3b0c5ff2-0998-11eb-8eb6-98be942a5b5a_pointData.csv	200158	4fbe5449e79fa97c90ea617b0351bfc7-1	2024-06-03T13:26:53.000Z	PGS	PGS-3b0c5ff2-0998-11eb-8eb6-98be942a5b5a	2024-06-03T08:00:01Z	2024-06-03T08:59:58Z	exclude	provider_mixed_1e-4_and_1e-6_lattice
csb/csv/2024/06/03/20240603093856162037_c21bff07-b678-4dfb-ab54-a111660d6cfa_pointData.csv	113086	71dff981a88c6bbee5ee11c86e813d48-1	2024-06-03T13:26:51.000Z	Rosepoint	ROSEP-c21bff07-b678-4dfb-ab54-a111660d6cfa	2024-06-03T03:37:45Z	2024-06-03T09:38:18Z	keep	unique_1e-6_lattice_submission
csb/csv/2024/06/03/20240603093947750194_c397eae3-6787-4d49-abbe-1de3758956f5_pointData.csv	60994	269052b7e0227a3f0a146716f3c086f5-1	2024-06-03T13:26:48.000Z	Rosepoint	ROSEP-c397eae3-6787-4d49-abbe-1de3758956f5	2024-06-03T03:40:00Z	2024-06-03T09:39:28Z	keep	unique_1e-6_lattice_submission
csb/csv/2024/06/03/20240603094257695654_834f85c2-0999-11eb-a100-98be942a5b5a_pointData.csv	192965	98e35bea18a21439a2b443140f229ff9-1	2024-06-03T13:26:49.000Z	PGS	PGS-834f85c2-0999-11eb-a100-98be942a5b5a	2024-06-03T08:00:01Z	2024-06-03T08:59:58Z	exclude	provider_mixed_1e-4_and_1e-6_lattice
csb/csv/2024/06/03/20240603094509810011_071ba46a-9793-4306-a970-8461bae10e77_pointData.csv	126214	1f091e0e556e55ce49f0959a3ac758d8-1	2024-06-03T13:26:53.000Z	Rosepoint	ROSEP-071ba46a-9793-4306-a970-8461bae10e77	2004-10-18T06:39:07Z	2004-10-18T09:44:50Z	keep	unique_1e-6_lattice_submission
csb/csv/2024/06/03/20240603095137130017_373e61a4-5650-43be-800f-e6197634cf6f_pointData.csv	46791	9fef6b9c1cef8be0d9761e3043ac2bb8-1	2024-06-03T13:26:52.000Z	Rosepoint	ROSEP-373e61a4-5650-43be-800f-e6197634cf6f	2024-06-03T05:28:26Z	2024-06-03T09:51:30Z	keep	unique_1e-6_lattice_submission
csb/csv/2024/06/03/20240603095440208001_071ba46a-9793-4306-a970-8461bae10e77_pointData.csv	5994	c94883b007a4911eb2d65420f3a2142a-1	2024-06-03T13:26:49.000Z	Rosepoint	ROSEP-071ba46a-9793-4306-a970-8461bae10e77	2004-10-18T09:44:59Z	2004-10-18T09:45:36Z	keep	unique_1e-6_lattice_submission
csb/csv/2024/06/03/20240603100823449447_ec72276e-3e2b-4d56-82bb-111fc86cbd77_pointData.csv	190863	05ba3f9988293d45f3b95a8ba25fca06-1	2024-06-03T13:26:50.000Z	PGS	PGS-ec72276e-3e2b-4d56-82bb-111fc86cbd77	2024-06-03T09:00:00Z	2024-06-03T09:59:57Z	exclude	provider_mixed_1e-4_and_1e-6_lattice
csb/csv/2024/06/03/20240603100838201319_4606e387-998b-46fb-b5a6-02c7eafa03da_pointData.csv	3413735	b8ea5f85f395100a9b42df5a77befeaa-1	2024-06-03T13:26:55.000Z	Rosepoint	ROSEP-4606e387-998b-46fb-b5a6-02c7eafa03da	2004-10-18T04:07:07Z	2004-10-18T10:08:31Z	keep	unique_1e-6_lattice_submission
csb/csv/2024/06/03/20240603101221218889_3b0c5ff2-0998-11eb-8eb6-98be942a5b5a_pointData.csv	196334	d990215c584bb4cf4f585b2f95d01e56-1	2024-06-03T13:26:53.000Z	PGS	PGS-3b0c5ff2-0998-11eb-8eb6-98be942a5b5a	2024-06-03T09:00:01Z	2024-06-03T09:59:58Z	exclude	provider_mixed_1e-4_and_1e-6_lattice
csb/csv/2024/06/03/20240603101225923948_11ce5241-356b-43ba-9456-f56555e0751a_pointData.csv	61510	5e4f2ad1059d0efb4a11b43ed613e2fa-1	2024-06-03T13:26:56.000Z	Rosepoint	ROSEP-11ce5241-356b-43ba-9456-f56555e0751a	2024-06-03T04:11:09Z	2024-06-03T10:12:24Z	keep	unique_1e-6_lattice_submission
csb/csv/2024/06/03/20240603102457704708_834f85c2-0999-11eb-a100-98be942a5b5a_pointData.csv	192981	c20cd5376d0b35a69a45fddcf8c9c6ac-1	2024-06-03T13:26:50.000Z	PGS	PGS-834f85c2-0999-11eb-a100-98be942a5b5a	2024-06-03T09:00:01Z	2024-06-03T09:59:58Z	exclude	provider_mixed_1e-4_and_1e-6_lattice
csb/csv/2024/06/03/20240603102811661831_e557a017-0c75-4365-808a-680673bbb79e_pointData.csv	777280	22274d48c42de529de59c82ce8846857-1	2024-06-03T13:26:50.000Z	Rosepoint	ROSEP-e557a017-0c75-4365-808a-680673bbb79e	2024-06-03T04:26:41Z	2024-06-03T10:27:56Z	keep	unique_1e-6_lattice_submission
csb/csv/2024/06/03/20240603104049012434_f7904f6e-9198-4732-ad84-25948b446b65_pointData.csv	61506	d47f3dd7ac89b5e183da3e1c62e864a5-1	2024-06-03T13:26:53.000Z	Rosepoint	ROSEP-f7904f6e-9198-4732-ad84-25948b446b65	2004-10-18T04:41:19Z	2004-10-18T10:40:10Z	keep	unique_1e-6_lattice_submission
csb/csv/2024/06/03/20240603104146856414_62641c86-2ffe-4cee-b9c0-7ee36c1ad599_pointData.csv	60691	e35a25d81c5198916a65972f0a39c9e9-1	2024-06-03T13:26:49.000Z	Rosepoint	ROSEP-62641c86-2ffe-4cee-b9c0-7ee36c1ad599	2024-06-03T04:41:19Z	2024-06-03T10:40:58Z	keep	unique_1e-6_lattice_submission
csb/csv/2024/06/03/20240603104600004499_70946e11-d3aa-412d-8427-c23af3e246e3_pointData.csv	63676	bb3749335cbd6263db8074daf6884948-1	2024-06-03T13:26:52.000Z	Rosepoint	ROSEP-70946e11-d3aa-412d-8427-c23af3e246e3	2024-06-03T04:46:06Z	2024-06-03T10:45:47Z	keep	unique_1e-6_lattice_submission
csb/csv/2024/06/03/20240603110131121260_bobetter_pointData.csv	513176	35747a96748911f79b4d115a8d0cd840-1	2024-06-03T13:26:57.000Z	AquaMap	AQM-bobetter	2024-06-03T07:57:51Z	2024-06-03T10:30:31Z	exclude	provider_off_lattice_float_repr
csb/csv/2024/06/03/20240603110522574642_f2433161-0ce8-489b-9594-2a504317d8fd_pointData.csv	58745	88fbe5630d1e0141df86e9278e47f679-1	2024-06-03T13:26:51.000Z	Rosepoint	ROSEP-f2433161-0ce8-489b-9594-2a504317d8fd	2004-10-16T17:16:37Z	2004-10-16T22:52:21Z	keep	unique_1e-6_lattice_submission
csb/csv/2024/06/03/20240603111114039059_398c56de-e541-4380-9ee4-589ec53f46f6_pointData.csv	61155	5e4ff10946c2aa146e85aa45c04d049b-1	2024-06-03T13:26:49.000Z	Rosepoint	ROSEP-398c56de-e541-4380-9ee4-589ec53f46f6	2024-06-03T05:10:38Z	2024-06-03T11:10:48Z	keep	unique_1e-6_lattice_submission
csb/csv/2024/06/03/20240603111205995409_8250175b-3c29-4906-8437-5106955c99c6_pointData.csv	61354	d2766ec8d02ce051407f738ce9b3621d-1	2024-06-03T13:26:52.000Z	Rosepoint	ROSEP-8250175b-3c29-4906-8437-5106955c99c6	2024-06-03T05:12:32Z	2024-06-03T11:11:58Z	keep	unique_1e-6_lattice_submission
csb/csv/2024/06/03/20240603111402767037_4411b9ca-6b0e-47d2-a6be-36e60a3b577a_pointData.csv	61120	afb1f3f87e7a0ef3375beea7029155a6-1	2024-06-03T13:26:50.000Z	Rosepoint	ROSEP-4411b9ca-6b0e-47d2-a6be-36e60a3b577a	2024-06-03T05:12:40Z	2024-06-03T11:13:10Z	keep	unique_1e-6_lattice_submission
csb/csv/2024/06/03/20240603112819758854_ec72276e-3e2b-4d56-82bb-111fc86cbd77_pointData.csv	190863	c85a761a2afd6ebe9c5109821ea776b9-1	2024-06-03T13:26:51.000Z	PGS	PGS-ec72276e-3e2b-4d56-82bb-111fc86cbd77	2024-06-03T10:00:00Z	2024-06-03T10:59:57Z	exclude	provider_mixed_1e-4_and_1e-6_lattice
csb/csv/2024/06/03/20240603113658345243_3b0c5ff2-0998-11eb-8eb6-98be942a5b5a_pointData.csv	187963	f89eacdb9b933624910f0b2f03962e58-1	2024-06-03T13:26:54.000Z	PGS	PGS-3b0c5ff2-0998-11eb-8eb6-98be942a5b5a	2024-06-03T10:00:01Z	2024-06-03T10:59:58Z	exclude	provider_mixed_1e-4_and_1e-6_lattice
csb/csv/2024/06/03/20240603114642412356_834f85c2-0999-11eb-a100-98be942a5b5a_pointData.csv	193012	932488d5d2e09ce0977d3991af508779-1	2024-06-03T13:26:52.000Z	PGS	PGS-834f85c2-0999-11eb-a100-98be942a5b5a	2024-06-03T10:00:01Z	2024-06-03T10:59:58Z	exclude	provider_mixed_1e-4_and_1e-6_lattice
csb/csv/2024/06/03/20240603115109889000_f73d4b8d-97c0-48ab-9200-c313709c76d0_pointData.csv	61333	0564fb64f8cd3fe29833c8128237c2da-1	2024-06-03T13:26:54.000Z	Rosepoint	ROSEP-f73d4b8d-97c0-48ab-9200-c313709c76d0	2024-06-03T05:51:28Z	2024-06-03T11:50:37Z	keep	unique_1e-6_lattice_submission
csb/csv/2024/06/03/20240603120048959835_bobetter_pointData.csv	431205	87720e80b3336356d3cd7fffae6d5f60-1	2024-06-03T13:26:53.000Z	AquaMap	AQM-bobetter	2024-06-02T11:56:21Z	2024-06-02T12:50:45Z	exclude	provider_off_lattice_float_repr
csb/csv/2024/06/03/20240603120119596962_bobetter_pointData.csv	48210	8092c904bfc8b52080214b1ceed6d99e-1	2024-06-03T13:26:55.000Z	AquaMap	AQM-bobetter	2024-06-03T10:32:46Z	2024-06-03T10:58:19Z	exclude	provider_off_lattice_float_repr
csb/csv/2024/06/03/20240603121906965916_ec72276e-3e2b-4d56-82bb-111fc86cbd77_pointData.csv	190863	63b68cca5299b4723c9f731783ab0dd6-1	2024-06-03T13:26:53.000Z	PGS	PGS-ec72276e-3e2b-4d56-82bb-111fc86cbd77	2024-06-03T11:00:00Z	2024-06-03T11:59:57Z	exclude	provider_mixed_1e-4_and_1e-6_lattice
csb/csv/2024/06/03/20240603122647765115_3b0c5ff2-0998-11eb-8eb6-98be942a5b5a_pointData.csv	178477	ff2f717903852572194aebe7b32e2ed3-1	2024-06-03T13:26:52.000Z	PGS	PGS-3b0c5ff2-0998-11eb-8eb6-98be942a5b5a	2024-06-03T11:00:01Z	2024-06-03T11:59:59Z	exclude	provider_mixed_1e-4_and_1e-6_lattice
csb/csv/2024/06/03/20240603122648074131_e150d9fe-d3d7-4d47-ba18-f82688e01b85_pointData.csv	1131262	8e27a1fc4c3adc3af8171d96bdc0da4f-1	2024-06-03T13:26:55.000Z	Rosepoint	ROSEP-e150d9fe-d3d7-4d47-ba18-f82688e01b85	2024-06-03T06:22:25Z	2024-06-03T12:26:26Z	keep	unique_1e-6_lattice_submission
csb/csv/2024/06/03/20240603122814353856_061e2f30-c234-4cf0-b880-42bb03ab857d_pointData.csv	3406599	eacde38f86d11f55a5ba339f60b2c707-1	2024-06-03T13:26:57.000Z	Rosepoint	ROSEP-061e2f30-c234-4cf0-b880-42bb03ab857d	2024-06-03T06:24:00Z	2024-06-03T12:28:10Z	keep	unique_1e-6_lattice_submission
csb/csv/2024/06/03/20240603123816779832_834f85c2-0999-11eb-a100-98be942a5b5a_pointData.csv	192962	0f3845b16ce4744bb34d4646dd95792e-1	2024-06-03T13:26:55.000Z	PGS	PGS-834f85c2-0999-11eb-a100-98be942a5b5a	2024-06-03T11:00:01Z	2024-06-03T11:59:58Z	exclude	provider_mixed_1e-4_and_1e-6_lattice
csb/csv/2024/06/03/20240603124043838698_672e2884-f0ed-44dc-b9bb-56d79261e4f1_pointData.csv	149372	48805dc2150f502cfbfba8bd6dd357ee-1	2024-06-03T13:26:58.000Z	Rosepoint	ROSEP-672e2884-f0ed-44dc-b9bb-56d79261e4f1	2024-06-03T06:39:37Z	2024-06-03T12:39:57Z	keep	unique_1e-6_lattice_submission
csb/csv/2024/06/03/20240603124821604534_0d1b6ce0-e5ec-40f1-99a9-2187e8d08bf4_pointData.csv	3360965	ad08a71701d92536595b27ef958f1575-1	2024-06-03T13:27:00.000Z	Rosepoint	ROSEP-0d1b6ce0-e5ec-40f1-99a9-2187e8d08bf4	2004-10-18T06:46:45Z	2004-10-18T12:48:12Z	keep	unique_1e-6_lattice_submission
csb/csv/2024/06/03/20240603125748744189_398c56de-e541-4380-9ee4-589ec53f46f6_pointData.csv	106217	44cdf3c78999e79547e46d1dfae9f7a9-1	2024-06-03T13:26:53.000Z	Rosepoint	ROSEP-398c56de-e541-4380-9ee4-589ec53f46f6	2024-06-03T11:11:49Z	2024-06-03T12:57:47Z	keep	unique_1e-6_lattice_submission
csb/csv/2024/06/03/20240603130017958193_bobetter_pointData.csv	661192	51e82727bc13ead9a66dcb25dd0535dd-1	2024-06-03T13:26:56.000Z	AquaMap	AQM-bobetter	2024-06-03T11:07:07Z	2024-06-03T12:53:35Z	exclude	provider_off_lattice_float_repr
csb/csv/2024/06/03/20240603130120504527_6471576999f6e7-35991242_pointData.csv	35419	266518cbe7d946dce67a20af503331a1-1	2024-06-03T13:27:00.000Z	AquaMap	AQM-6471576999f6e7-35991242	2024-05-29T01:59:34Z	2024-05-29T02:08:08Z	exclude	provider_off_lattice_float_repr
csb/csv/2024/06/03/20240603130326222169_4411b9ca-6b0e-47d2-a6be-36e60a3b577a_pointData.csv	106226	5e83a71f21f19af07998c0924cc6e554-1	2024-06-03T13:26:55.000Z	Rosepoint	ROSEP-4411b9ca-6b0e-47d2-a6be-36e60a3b577a	2024-06-03T11:14:11Z	2024-06-03T13:02:52Z	keep	unique_1e-6_lattice_submission
csb/csv/2024/06/03/20240603130358193167_48e8b019-4141-4a35-bd63-b3be3e30b183_pointData.csv	636503	44f0386ed425a9102067c6c0eac2b869-1	2024-06-03T13:26:53.000Z	Rosepoint	ROSEP-48e8b019-4141-4a35-bd63-b3be3e30b183	2024-06-03T07:04:29Z	2024-06-03T13:03:56Z	keep	unique_1e-6_lattice_submission
csb/csv/2024/06/03/20240603131052623082_b46dfd84-2ce8-4a25-a16b-4af10b8eb60e_pointData.csv	61838	5511464481e17782697a7192864c6678-1	2024-06-03T13:26:57.000Z	Rosepoint	ROSEP-b46dfd84-2ce8-4a25-a16b-4af10b8eb60e	2024-06-03T07:09:58Z	2024-06-03T13:10:49Z	keep	unique_1e-6_lattice_submission
csb/csv/2024/06/03/20240603131209598082_cdd0edb8-c483-4c48-be4d-93f29dcbc26c_pointData.csv	111470	df0d3812b480f6755184d485a82ac9eb-1	2024-06-03T13:26:50.000Z	Rosepoint	ROSEP-cdd0edb8-c483-4c48-be4d-93f29dcbc26c	2024-06-03T07:11:45Z	2024-06-03T13:11:13Z	keep	unique_1e-6_lattice_submission
csb/csv/2024/06/03/20240603132141723116_834f85c2-0999-11eb-a100-98be942a5b5a_pointData.csv	192944	367e59ce7722e96011c5849b4551194d-1	2024-06-03T13:26:58.000Z	PGS	PGS-834f85c2-0999-11eb-a100-98be942a5b5a	2024-06-03T12:00:01Z	2024-06-03T12:59:58Z	exclude	provider_mixed_1e-4_and_1e-6_lattice
csb/csv/2024/06/03/20240603134239679367_251e0ec1-5645-476e-8563-9f34939f5d72_pointData.csv	1569813	72e92ce5daf15923e50ef83e76b55edf-1	2024-06-03T19:25:55.000Z	Rosepoint	ROSEP-251e0ec1-5645-476e-8563-9f34939f5d72	2024-06-03T07:41:33Z	2024-06-03T13:41:52Z	keep	unique_1e-6_lattice_submission
csb/csv/2024/06/03/20240603134657299735_ec72276e-3e2b-4d56-82bb-111fc86cbd77_pointData.csv	190863	c3a972527b1374630050a4d3f55e77c3-1	2024-06-03T19:25:51.000Z	PGS	PGS-ec72276e-3e2b-4d56-82bb-111fc86cbd77	2024-06-03T12:00:00Z	2024-06-03T12:59:57Z	exclude	provider_mixed_1e-4_and_1e-6_lattice
csb/csv/2024/06/03/20240603135249901901_3b0c5ff2-0998-11eb-8eb6-98be942a5b5a_pointData.csv	183267	1e317ca4eb8472d50d4faa1f7af0f8ec-1	2024-06-03T19:25:51.000Z	PGS	PGS-3b0c5ff2-0998-11eb-8eb6-98be942a5b5a	2024-06-03T12:00:02Z	2024-06-03T12:59:59Z	exclude	provider_mixed_1e-4_and_1e-6_lattice
csb/csv/2024/06/03/20240603140047262012_bobetter_pointData.csv	431205	933bbb44edcefa02e39d4c65c784d148-1	2024-06-03T19:25:53.000Z	AquaMap	AQM-bobetter	2024-06-02T11:56:21Z	2024-06-02T12:50:45Z	exclude	provider_off_lattice_float_repr
csb/csv/2024/06/03/20240603140123402302_63ab205b591832-24031229_pointData.csv	121980	7f230b8d359ad88bf0c560b7b794b5ef-1	2024-06-03T19:25:52.000Z	AquaMap	AQM-63ab205b591832-24031229	2024-06-02T20:02:30Z	2024-06-02T20:16:24Z	exclude	provider_off_lattice_float_repr
csb/csv/2024/06/03/20240603141725308098_cb1bbd67-78e2-4b5f-97e4-4ab1661c7454_pointData.csv	60029	88831c907f01188c85567b929abbd5da-1	2024-06-03T19:25:53.000Z	Rosepoint	ROSEP-cb1bbd67-78e2-4b5f-97e4-4ab1661c7454	2024-06-03T08:16:48Z	2024-06-03T14:16:32Z	keep	unique_1e-6_lattice_submission
csb/csv/2024/06/03/20240603142707144447_ec72276e-3e2b-4d56-82bb-111fc86cbd77_pointData.csv	190863	677a66ba34b994ede0aafc8fef54a445-1	2024-06-03T19:25:49.000Z	PGS	PGS-ec72276e-3e2b-4d56-82bb-111fc86cbd77	2024-06-03T13:00:00Z	2024-06-03T13:59:57Z	exclude	provider_mixed_1e-4_and_1e-6_lattice
csb/csv/2024/06/03/20240603143030474549_3b0c5ff2-0998-11eb-8eb6-98be942a5b5a_pointData.csv	188284	8be8cc790dd1d8e334e9306c546a1d1a-1	2024-06-03T19:25:53.000Z	PGS	PGS-3b0c5ff2-0998-11eb-8eb6-98be942a5b5a	2024-06-03T13:00:02Z	2024-06-03T13:59:59Z	exclude	provider_mixed_1e-4_and_1e-6_lattice
csb/csv/2024/06/03/20240603143640562841_0dc4d7c1-f541-476d-a76b-72fb09ad1bd2_pointData.csv	63130	c6daa5fb9d4520b5b95fa3201761c2b5-1	2024-06-03T19:25:53.000Z	Rosepoint	ROSEP-0dc4d7c1-f541-476d-a76b-72fb09ad1bd2	2024-06-03T08:36:56Z	2024-06-03T14:36:24Z	keep	unique_1e-6_lattice_submission
csb/csv/2024/06/03/20240603144449215064_4f651d43-9a33-452c-9299-6ab08ed9d831_pointData.csv	698037	5506814d985556c294ef71b0ea4e31a8-1	2024-06-03T19:25:55.000Z	Rosepoint	ROSEP-4f651d43-9a33-452c-9299-6ab08ed9d831	2024-06-03T08:44:07Z	2024-06-03T14:43:54Z	keep	unique_1e-6_lattice_submission
csb/csv/2024/06/03/20240603144822182459_834f85c2-0999-11eb-a100-98be942a5b5a_pointData.csv	193022	d155526932f637f2cdc7c848978ccec0-1	2024-06-03T19:25:51.000Z	PGS	PGS-834f85c2-0999-11eb-a100-98be942a5b5a	2024-06-03T13:00:01Z	2024-06-03T13:59:58Z	exclude	provider_mixed_1e-4_and_1e-6_lattice
csb/csv/2024/06/03/20240603150040146590_bobetter_pointData.csv	431205	cc1a74ab873c9e567a899c83825b2694-1	2024-06-03T19:25:54.000Z	AquaMap	AQM-bobetter	2024-06-02T11:56:21Z	2024-06-02T12:50:45Z	exclude	provider_off_lattice_float_repr
csb/csv/2024/06/03/20240603150103573855_bobetter_pointData.csv	34572	8e5dc258fa3e58aea04a40ee6429b592-1	2024-06-03T19:25:38.000Z	AquaMap	AQM-bobetter	2024-06-03T14:08:42Z	2024-06-03T14:18:07Z	exclude	provider_off_lattice_float_repr
csb/csv/2024/06/03/20240603150122351239_bobetter_pointData.csv	348766	b432937d5219d17cfcdab805dc8bcf02-1	2024-06-03T19:25:39.000Z	AquaMap	AQM-bobetter	2024-06-03T13:08:08Z	2024-06-03T14:01:32Z	exclude	provider_off_lattice_float_repr
csb/csv/2024/06/03/20240603150823971232_ec72276e-3e2b-4d56-82bb-111fc86cbd77_pointData.csv	190863	7fa46f0778520d5bc2ec9608e8e4193d-1	2024-06-03T19:25:39.000Z	PGS	PGS-ec72276e-3e2b-4d56-82bb-111fc86cbd77	2024-06-03T14:00:00Z	2024-06-03T14:59:57Z	exclude	provider_mixed_1e-4_and_1e-6_lattice
csb/csv/2024/06/03/20240603151556641349_3b0c5ff2-0998-11eb-8eb6-98be942a5b5a_pointData.csv	183739	2d5b17f2359c4333207fcfa032c15bfa-1	2024-06-03T19:25:40.000Z	PGS	PGS-3b0c5ff2-0998-11eb-8eb6-98be942a5b5a	2024-06-03T14:00:02Z	2024-06-03T14:59:59Z	exclude	provider_mixed_1e-4_and_1e-6_lattice
csb/csv/2024/06/03/20240603152008175942_9b7f58d2-f3d7-488a-b5be-7858060138fd_pointData.csv	9184	2e73d7dbca901c6ca3dd7ff991add775-1	2024-06-03T19:25:38.000Z	FarSounder	FARSND-9b7f58d2-f3d7-488a-b5be-7858060138fd	2024-05-21T18:08:08.028Z	2024-05-21T18:08:59.550Z	exclude	provider_rolling_overlapping_resubmissions
csb/csv/2024/06/03/20240603152012191340_d6eb7b6d-04dc-4872-ba51-c3b4ce006807_pointData.csv	409860	25b5e9f61ca5d3d826be907096f42bda-1	2024-06-03T19:25:41.000Z	FarSounder	FARSND-d6eb7b6d-04dc-4872-ba51-c3b4ce006807	2024-05-25T08:54:57.339Z	2024-05-25T13:17:36.199Z	exclude	provider_rolling_overlapping_resubmissions
csb/csv/2024/06/03/20240603152703136150_834f85c2-0999-11eb-a100-98be942a5b5a_pointData.csv	193028	178cd4ec73bdacd477c997ead0d43ebc-1	2024-06-03T19:25:39.000Z	PGS	PGS-834f85c2-0999-11eb-a100-98be942a5b5a	2024-06-03T14:00:01Z	2024-06-03T14:59:58Z	exclude	provider_mixed_1e-4_and_1e-6_lattice
csb/csv/2024/06/03/20240603153007345977_9b7f58d2-f3d7-488a-b5be-7858060138fd_pointData.csv	8833	17eebd8035ccc2c292be0462d09476d1-1	2024-06-03T19:25:38.000Z	FarSounder	FARSND-9b7f58d2-f3d7-488a-b5be-7858060138fd	2024-05-21T18:08:08.028Z	2024-05-21T18:08:57.518Z	exclude	provider_rolling_overlapping_resubmissions
csb/csv/2024/06/03/20240603153011478538_d6eb7b6d-04dc-4872-ba51-c3b4ce006807_pointData.csv	417845	aac77abe3862ea88bd662f54537dd393-1	2024-06-03T19:25:40.000Z	FarSounder	FARSND-d6eb7b6d-04dc-4872-ba51-c3b4ce006807	2024-05-25T08:54:57.339Z	2024-05-29T13:51:53.645Z	exclude	provider_rolling_overlapping_resubmissions
csb/csv/2024/06/03/20240603154007353698_9b7f58d2-f3d7-488a-b5be-7858060138fd_pointData.csv	8833	4c8a9f7434cea17d040b51be94efeaa1-1	2024-06-03T19:25:39.000Z	FarSounder	FARSND-9b7f58d2-f3d7-488a-b5be-7858060138fd	2024-05-21T18:08:08.028Z	2024-05-21T18:08:57.518Z	exclude	provider_rolling_overlapping_resubmissions
csb/csv/2024/06/03/20240603154009312057_c397eae3-6787-4d49-abbe-1de3758956f5_pointData.csv	60965	dfe5a7e15b9aeddeea4d1778c16449ad-1	2024-06-03T19:25:38.000Z	Rosepoint	ROSEP-c397eae3-6787-4d49-abbe-1de3758956f5	2024-06-03T09:40:29Z	2024-06-03T15:39:31Z	keep	unique_1e-6_lattice_submission
csb/csv/2024/06/03/20240603154012224927_d6eb7b6d-04dc-4872-ba51-c3b4ce006807_pointData.csv	428273	d5e1b988eeb4cfd700e4d9c252206857-1	2024-06-03T19:25:41.000Z	FarSounder	FARSND-d6eb7b6d-04dc-4872-ba51-c3b4ce006807	2024-05-25T08:54:57.339Z	2024-05-29T14:32:42.736Z	exclude	provider_rolling_overlapping_resubmissions
csb/csv/2024/06/03/20240603154015311061_c21bff07-b678-4dfb-ab54-a111660d6cfa_pointData.csv	1116510	a8b12f929c7153b77aefdc7f9ff5071d-1	2024-06-03T19:25:42.000Z	Rosepoint	ROSEP-c21bff07-b678-4dfb-ab54-a111660d6cfa	2024-06-03T09:39:19Z	2024-06-03T15:40:12Z	keep	unique_1e-6_lattice_submission
csb/csv/2024/06/03/20240603155007262553_9b7f58d2-f3d7-488a-b5be-7858060138fd_pointData.csv	8833	92547066c75d572a3fc06360523c6418-1	2024-06-03T19:25:42.000Z	FarSounder	FARSND-9b7f58d2-f3d7-488a-b5be-7858060138fd	2024-05-21T18:08:08.028Z	2024-05-21T18:08:57.518Z	exclude	provider_rolling_overlapping_resubmissions
csb/csv/2024/06/03/20240603155011277042_d6eb7b6d-04dc-4872-ba51-c3b4ce006807_pointData.csv	436991	daf93edf4fe7271f75e4e823921fea6d-1	2024-06-03T19:25:43.000Z	FarSounder	FARSND-d6eb7b6d-04dc-4872-ba51-c3b4ce006807	2024-05-29T14:32:43.720Z	2024-05-29T15:14:22.696Z	exclude	provider_rolling_overlapping_resubmissions
csb/csv/2024/06/03/20240603155157807166_373e61a4-5650-43be-800f-e6197634cf6f_pointData.csv	2501705	66e94e0d9a34e6f5f6d2007d926c9ddf-1	2024-06-03T19:25:39.000Z	Rosepoint	ROSEP-373e61a4-5650-43be-800f-e6197634cf6f	2024-06-03T09:52:31Z	2024-06-03T15:51:54Z	keep	unique_1e-6_lattice_submission
csb/csv/2024/06/03/20240603155526498768_071ba46a-9793-4306-a970-8461bae10e77_pointData.csv	918273	373104260bccd49fac7cebdb64b176bb-1	2024-06-03T19:25:44.000Z	Rosepoint	ROSEP-071ba46a-9793-4306-a970-8461bae10e77	2004-10-18T09:54:09Z	2004-10-18T15:54:36Z	keep	unique_1e-6_lattice_submission
csb/csv/2024/06/03/20240603160007522831_9b7f58d2-f3d7-488a-b5be-7858060138fd_pointData.csv	8833	858e0e44ba4af318ebc3a074b5da4b1e-1	2024-06-03T19:25:43.000Z	FarSounder	FARSND-9b7f58d2-f3d7-488a-b5be-7858060138fd	2024-05-21T18:08:08.028Z	2024-05-21T18:08:57.518Z	exclude	provider_rolling_overlapping_resubmissions
csb/csv/2024/06/03/20240603160011798333_d6eb7b6d-04dc-4872-ba51-c3b4ce006807_pointData.csv	445744	edfd2c5da3c8930de6e6ac2f11fa3459-1	2024-06-03T19:25:44.000Z	FarSounder	FARSND-d6eb7b6d-04dc-4872-ba51-c3b4ce006807	2024-05-29T15:14:23.733Z	2024-05-29T15:56:52.633Z	exclude	provider_rolling_overlapping_resubmissions
csb/csv/2024/06/03/20240603160059882966_622f6658743b89-54541644_pointData.csv	740221	48c72754f0d1d6a54c621db5d9dcded5-1	2024-06-03T19:25:40.000Z	AquaMap	AQM-622f6658743b89-54541644	2024-05-04T19:29:44Z	2024-05-04T21:51:24Z	exclude	provider_off_lattice_float_repr
csb/csv/2024/06/03/20240603160138500704_Flatswing_pointData.csv	677296	9e6b15e30e4d2f385994032ee67fe9bb-1	2024-06-03T19:25:41.000Z	AquaMap	AQM-Flatswing	2024-06-03T12:58:57Z	2024-06-03T15:16:44Z	exclude	provider_off_lattice_float_repr
csb/csv/2024/06/03/20240603160956006440_4606e387-998b-46fb-b5a6-02c7eafa03da_pointData.csv	3367260	398cd5abafda5c0e8a4d286e9d43afdd-1	2024-06-03T19:25:42.000Z	Rosepoint	ROSEP-4606e387-998b-46fb-b5a6-02c7eafa03da	2004-10-18T10:08:32Z	2004-10-18T16:09:50Z	keep	unique_1e-6_lattice_submission
csb/csv/2024/06/03/20240603161007929780_9b7f58d2-f3d7-488a-b5be-7858060138fd_pointData.csv	8833	2e609bfb024398e798b79aa604cf2979-1	2024-06-03T19:25:45.000Z	FarSounder	FARSND-9b7f58d2-f3d7-488a-b5be-7858060138fd	2024-05-21T18:08:08.028Z	2024-05-21T18:08:57.518Z	exclude	provider_rolling_overlapping_resubmissions
csb/csv/2024/06/03/20240603161012109801_d6eb7b6d-04dc-4872-ba51-c3b4ce006807_pointData.csv	454452	7164b081c557781b2d8c5813dae0ba3c-1	2024-06-03T19:25:45.000Z	FarSounder	FARSND-d6eb7b6d-04dc-4872-ba51-c3b4ce006807	2024-05-29T15:56:53.658Z	2024-05-29T16:40:12.721Z	exclude	provider_rolling_overlapping_resubmissions
csb/csv/2024/06/03/20240603161345389016_11ce5241-356b-43ba-9456-f56555e0751a_pointData.csv	61351	5be5a2fed6c3060eec166458cf5caa26-1	2024-06-03T19:25:41.000Z	Rosepoint	ROSEP-11ce5241-356b-43ba-9456-f56555e0751a	2024-06-03T10:13:25Z	2024-06-03T16:13:33Z	keep	unique_1e-6_lattice_submission
csb/csv/2024/06/03/20240603162007278278_9b7f58d2-f3d7-488a-b5be-7858060138fd_pointData.csv	8833	724ad29b88d2dc1a5142d34c397b7429-1	2024-06-03T19:25:43.000Z	FarSounder	FARSND-9b7f58d2-f3d7-488a-b5be-7858060138fd	2024-05-21T18:08:08.028Z	2024-05-21T18:08:57.518Z	exclude	provider_rolling_overlapping_resubmissions
csb/csv/2024/06/03/20240603162011521421_d6eb7b6d-04dc-4872-ba51-c3b4ce006807_pointData.csv	463037	e3d3d504b03448a60309f772f632a8b7-1	2024-06-03T19:25:47.000Z	FarSounder	FARSND-d6eb7b6d-04dc-4872-ba51-c3b4ce006807	2024-05-29T16:40:13.705Z	2024-05-29T17:24:22.680Z	exclude	provider_rolling_overlapping_resubmissions
csb/csv/2024/06/03/20240603163000234609_ec72276e-3e2b-4d56-82bb-111fc86cbd77_pointData.csv	190863	940ee0ce969412dd068282a51e79fa01-1	2024-06-03T19:25:47.000Z	PGS	PGS-ec72276e-3e2b-4d56-82bb-111fc86cbd77	2024-06-03T15:00:00Z	2024-06-03T15:59:57Z	exclude	provider_mixed_1e-4_and_1e-6_lattice
csb/csv/2024/06/03/20240603163007183580_9b7f58d2-f3d7-488a-b5be-7858060138fd_pointData.csv	8833	3234931e51bc72d34b20c88239318e99-1	2024-06-03T19:25:44.000Z	FarSounder	FARSND-9b7f58d2-f3d7-488a-b5be-7858060138fd	2024-05-21T18:08:08.028Z	2024-05-21T18:08:57.518Z	exclude	provider_rolling_overlapping_resubmissions
csb/csv/2024/06/03/20240603163011369519_d6eb7b6d-04dc-4872-ba51-c3b4ce006807_pointData.csv	471832	40dd8d0096a8ee1669519a28d9b07d08-1	2024-06-03T19:25:42.000Z	FarSounder	FARSND-d6eb7b6d-04dc-4872-ba51-c3b4ce006807	2024-05-29T16:57:38.431Z	2024-05-29T18:09:21.672Z	exclude	provider_rolling_overlapping_resubmissions
csb/csv/2024/06/03/20240603163035308014_e557a017-0c75-4365-808a-680673bbb79e_pointData.csv	2249256	d6eb23f17a1ead6b55eac4e24bc5a3dd-1	2024-06-03T19:25:46.000Z	Rosepoint	ROSEP-e557a017-0c75-4365-808a-680673bbb79e	2024-06-03T10:27:57Z	2024-06-03T16:29:13Z	keep	unique_1e-6_lattice_submission
csb/csv/2024/06/03/20240603164006770929_9b7f58d2-f3d7-488a-b5be-7858060138fd_pointData.csv	8833	3f9b63b14a34cc2aa0327079a1ad9f74-1	2024-06-03T19:25:43.000Z	FarSounder	FARSND-9b7f58d2-f3d7-488a-b5be-7858060138fd	2024-05-21T18:08:08.028Z	2024-05-21T18:08:57.518Z	exclude	provider_rolling_overlapping_resubmissions
csb/csv/2024/06/03/20240603164011184670_d6eb7b6d-04dc-4872-ba51-c3b4ce006807_pointData.csv	479164	2c15bfbbb9ebf0ec01056703b1c08bd9-1	2024-06-03T19:25:47.000Z	FarSounder	FARSND-d6eb7b6d-04dc-4872-ba51-c3b4ce006807	2024-05-29T17:50:37.927Z	2024-05-29T18:55:10.659Z	exclude	provider_rolling_overlapping_resubmissions
csb/csv/2024/06/03/20240603164140561910_f7904f6e-9198-4732-ad84-25948b446b65_pointData.csv	112030	0e5a00a3c84ffca092e470e568dcb43a-1	2024-06-03T19:25:43.000Z	Rosepoint	ROSEP-f7904f6e-9198-4732-ad84-25948b446b65	2004-10-18T10:41:11Z	2004-10-18T16:40:51Z	keep	unique_1e-6_lattice_submission
csb/csv/2024/06/03/20240603164305639546_62641c86-2ffe-4cee-b9c0-7ee36c1ad599_pointData.csv	68698	ef00e2dc52fec11c6e641922b0265d5b-1	2024-06-03T19:25:47.000Z	Rosepoint	ROSEP-62641c86-2ffe-4cee-b9c0-7ee36c1ad599	2024-06-03T10:41:59Z	2024-06-03T16:43:03Z	keep	unique_1e-6_lattice_submission
csb/csv/2024/06/03/20240603164717910448_70946e11-d3aa-412d-8427-c23af3e246e3_pointData.csv	271640	536bba7c0aaa06070fb56d73e2573627-1	2024-06-03T19:25:44.000Z	Rosepoint	ROSEP-70946e11-d3aa-412d-8427-c23af3e246e3	2024-06-03T10:46:47Z	2024-06-03T16:47:05Z	keep	unique_1e-6_lattice_submission
csb/csv/2024/06/03/20240603164922867382_834f85c2-0999-11eb-a100-98be942a5b5a_pointData.csv	193003	8e93eeed0f2193fba5d245e505c5a847-1	2024-06-03T19:25:40.000Z	PGS	PGS-834f85c2-0999-11eb-a100-98be942a5b5a	2024-06-03T15:00:02Z	2024-06-03T15:59:59Z	exclude	provider_mixed_1e-4_and_1e-6_lattice
csb/csv/2024/06/03/20240603165006942607_9b7f58d2-f3d7-488a-b5be-7858060138fd_pointData.csv	8833	c6fa103ba7351eaacb4c5024b25cbd5d-1	2024-06-03T19:25:39.000Z	FarSounder	FARSND-9b7f58d2-f3d7-488a-b5be-7858060138fd	2024-05-21T18:08:08.028Z	2024-05-21T18:08:57.518Z	exclude	provider_rolling_overlapping_resubmissions
csb/csv/2024/06/03/20240603165011328770_d6eb7b6d-04dc-4872-ba51-c3b4ce006807_pointData.csv	489028	550b73b580d99686317122f2465d0305-1	2024-06-03T19:25:41.000Z	FarSounder	FARSND-d6eb7b6d-04dc-4872-ba51-c3b4ce006807	2024-05-29T18:55:11.741Z	2024-05-29T19:41:51.683Z	exclude	provider_rolling_overlapping_resubmissions
csb/csv/2024/06/03/20240603170006253471_9b7f58d2-f3d7-488a-b5be-7858060138fd_pointData.csv	8833	8016d410e4142bdf5916add0fe72e93b-1	2024-06-03T19:25:41.000Z	FarSounder	FARSND-9b7f58d2-f3d7-488a-b5be-7858060138fd	2024-05-21T18:08:08.028Z	2024-05-21T18:08:57.518Z	exclude	provider_rolling_overlapping_resubmissions
csb/csv/2024/06/03/20240603170010911025_d6eb7b6d-04dc-4872-ba51-c3b4ce006807_pointData.csv	496528	bdd7473608a270f80e073449adb60a57-1	2024-06-03T19:25:41.000Z	FarSounder	FARSND-d6eb7b6d-04dc-4872-ba51-c3b4ce006807	2024-05-29T18:56:44.461Z	2024-05-29T20:29:19.740Z	exclude	provider_rolling_overlapping_resubmissions
csb/csv/2024/06/03/20240603170052316243_649af680c91cd7-29086886_pointData.csv	177628	42c3d5a679555c0b5a58f1d202922ec6-1	2024-06-03T19:25:40.000Z	AquaMap	AQM-649af680c91cd7-29086886	2024-06-03T14:53:40Z	2024-06-03T15:31:11Z	exclude	provider_off_lattice_float_repr
csb/csv/2024/06/03/20240603170538751122_f2433161-0ce8-489b-9594-2a504317d8fd_pointData.csv	1764813	b7dc23e4741cd5700d784f0d43392504-1	2024-06-03T19:25:43.000Z	Rosepoint	ROSEP-f2433161-0ce8-489b-9594-2a504317d8fd	2004-10-17T11:34:29Z	2004-10-18T17:05:36Z	keep	unique_1e-6_lattice_submission
csb/csv/2024/06/03/20240603171006462286_9b7f58d2-f3d7-488a-b5be-7858060138fd_pointData.csv	8833	f546a8d38bb536eb8f6985d9031d0964-1	2024-06-03T19:25:41.000Z	FarSounder	FARSND-9b7f58d2-f3d7-488a-b5be-7858060138fd	2024-05-21T18:08:08.028Z	2024-05-21T18:08:57.518Z	exclude	provider_rolling_overlapping_resubmissions
csb/csv/2024/06/03/20240603171010914452_d6eb7b6d-04dc-4872-ba51-c3b4ce006807_pointData.csv	506339	ff03c181378e20ab1ce5cb42eb2f7fac-1	2024-06-03T19:25:44.000Z	FarSounder	FARSND-d6eb7b6d-04dc-4872-ba51-c3b4ce006807	2024-05-29T18:56:44.461Z	2024-05-29T21:17:37.668Z	exclude	provider_rolling_overlapping_resubmissions
csb/csv/2024/06/03/20240603171134693498_ec72276e-3e2b-4d56-82bb-111fc86cbd77_pointData.csv	190863	24a715ff46c0e5ae2af0bff3f019ced3-1	2024-06-03T19:25:41.000Z	PGS	PGS-ec72276e-3e2b-4d56-82bb-111fc86cbd77	2024-06-03T16:00:00Z	2024-06-03T16:59:57Z	exclude	provider_mixed_1e-4_and_1e-6_lattice
csb/csv/2024/06/03/20240603171226644757_8250175b-3c29-4906-8437-5106955c99c6_pointData.csv	61342	fafad669bc464e11eeb80498abc151c7-1	2024-06-03T19:25:44.000Z	Rosepoint	ROSEP-8250175b-3c29-4906-8437-5106955c99c6	2024-06-03T11:12:59Z	2024-06-03T17:12:24Z	keep	unique_1e-6_lattice_submission
csb/csv/2024/06/03/20240603171527815596_3b0c5ff2-0998-11eb-8eb6-98be942a5b5a_pointData.csv	183892	813c9e38554590e9517342cf77ca0900-1	2024-06-03T19:25:42.000Z	PGS	PGS-3b0c5ff2-0998-11eb-8eb6-98be942a5b5a	2024-06-03T15:00:02Z	2024-06-03T15:59:59Z	exclude	provider_mixed_1e-4_and_1e-6_lattice
csb/csv/2024/06/03/20240603171528903911_3b0c5ff2-0998-11eb-8eb6-98be942a5b5a_pointData.csv	201023	a36b1cb926a53416df349704919228d9-1	2024-06-03T19:25:45.000Z	PGS	PGS-3b0c5ff2-0998-11eb-8eb6-98be942a5b5a	2024-06-03T16:00:02Z	2024-06-03T16:59:59Z	exclude	provider_mixed_1e-4_and_1e-6_lattice
csb/csv/2024/06/03/20240603172006097313_9b7f58d2-f3d7-488a-b5be-7858060138fd_pointData.csv	8833	e4da5e90a28bba6e14ae7bbd9b69b47b-1	2024-06-03T19:25:45.000Z	FarSounder	FARSND-9b7f58d2-f3d7-488a-b5be-7858060138fd	2024-05-21T18:08:08.028Z	2024-05-21T18:08:57.518Z	exclude	provider_rolling_overlapping_resubmissions
csb/csv/2024/06/03/20240603172010638315_d6eb7b6d-04dc-4872-ba51-c3b4ce006807_pointData.csv	514491	ee4acb6b99707f293a0636e8192c51c2-1	2024-06-03T19:25:43.000Z	FarSounder	FARSND-d6eb7b6d-04dc-4872-ba51-c3b4ce006807	2024-05-29T20:19:17.182Z	2024-05-29T22:06:42.759Z	exclude	provider_rolling_overlapping_resubmissions
csb/csv/2024/06/03/20240603172929412102_834f85c2-0999-11eb-a100-98be942a5b5a_pointData.csv	192983	4a698f81a68b4d003660f30da1b12acc-1	2024-06-03T19:25:46.000Z	PGS	PGS-834f85c2-0999-11eb-a100-98be942a5b5a	2024-06-03T16:00:02Z	2024-06-03T16:59:59Z	exclude	provider_mixed_1e-4_and_1e-6_lattice
csb/csv/2024/06/03/20240603173008034721_9b7f58d2-f3d7-488a-b5be-7858060138fd_pointData.csv	8833	fa42406e3ec7417aa3f9ff59abbc2653-1	2024-06-03T19:25:41.000Z	FarSounder	FARSND-9b7f58d2-f3d7-488a-b5be-7858060138fd	2024-05-21T18:08:08.028Z	2024-05-21T18:08:57.518Z	exclude	provider_rolling_overlapping_resubmissions
csb/csv/2024/06/03/20240603173012822789_d6eb7b6d-04dc-4872-ba51-c3b4ce006807_pointData.csv	522047	3ddb0d644b4abaefd8975172d789ac5b-1	2024-06-03T19:25:40.000Z	FarSounder	FARSND-d6eb7b6d-04dc-4872-ba51-c3b4ce006807	2024-05-29T20:19:17.182Z	2024-05-29T22:56:40.674Z	exclude	provider_rolling_overlapping_resubmissions
csb/csv/2024/06/03/20240603173342836496_0b47316c-cb31-4353-bd05-476078e2e7fd_pointData.csv	5445451	80c3ff2f2944a261d4663fd42afdf5c5-2	2024-06-03T19:25:44.000Z	Rosepoint	ROSEP-0b47316c-cb31-4353-bd05-476078e2e7fd	2024-05-26T08:35:50Z	2024-05-26T23:04:31Z	keep	unique_1e-6_lattice_submission
csb/csv/2024/06/03/20240603174006257297_9b7f58d2-f3d7-488a-b5be-7858060138fd_pointData.csv	8833	9bdf41be626dc68aae908088f3c9cff3-1	2024-06-03T19:25:47.000Z	FarSounder	FARSND-9b7f58d2-f3d7-488a-b5be-7858060138fd	2024-05-21T18:08:08.028Z	2024-05-21T18:08:57.518Z	exclude	provider_rolling_overlapping_resubmissions
csb/csv/2024/06/03/20240603174011030388_d6eb7b6d-04dc-4872-ba51-c3b4ce006807_pointData.csv	532918	2c60880cc551b45a8069ab5ce35c042f-1	2024-06-03T19:25:45.000Z	FarSounder	FARSND-d6eb7b6d-04dc-4872-ba51-c3b4ce006807	2024-05-29T22:02:31.527Z	2024-05-29T23:47:28.771Z	exclude	provider_rolling_overlapping_resubmissions
csb/csv/2024/06/03/20240603175006056392_9b7f58d2-f3d7-488a-b5be-7858060138fd_pointData.csv	8833	8d3d2547ae41529d6a162a2849e16c2c-1	2024-06-03T19:25:44.000Z	FarSounder	FARSND-9b7f58d2-f3d7-488a-b5be-7858060138fd	2024-05-21T18:08:08.028Z	2024-05-21T18:08:57.518Z	exclude	provider_rolling_overlapping_resubmissions
csb/csv/2024/06/03/20240603175010918386_d6eb7b6d-04dc-4872-ba51-c3b4ce006807_pointData.csv	541112	0945941531d0067ea8323783fad6183f-1	2024-06-03T19:25:47.000Z	FarSounder	FARSND-d6eb7b6d-04dc-4872-ba51-c3b4ce006807	2024-05-29T22:02:31.527Z	2024-05-30T00:39:07.746Z	exclude	provider_rolling_overlapping_resubmissions
csb/csv/2024/06/03/20240603175226166599_f73d4b8d-97c0-48ab-9200-c313709c76d0_pointData.csv	61492	3c920ab1d2d0833a84abafa2864ee0d0-1	2024-06-03T19:25:49.000Z	Rosepoint	ROSEP-f73d4b8d-97c0-48ab-9200-c313709c76d0	2024-06-03T11:51:37Z	2024-06-03T17:51:50Z	keep	unique_1e-6_lattice_submission
csb/csv/2024/06/03/20240603180008283876_9b7f58d2-f3d7-488a-b5be-7858060138fd_pointData.csv	8833	5e29bc3fdd103b1acf31a64d034777b1-1	2024-06-03T19:25:46.000Z	FarSounder	FARSND-9b7f58d2-f3d7-488a-b5be-7858060138fd	2024-05-21T18:08:08.028Z	2024-05-21T18:08:57.518Z	exclude	provider_rolling_overlapping_resubmissions
csb/csv/2024/06/03/20240603180013280426_d6eb7b6d-04dc-4872-ba51-c3b4ce006807_pointData.csv	549527	cb7beca4fadd30ded233302d0eb94a6b-1	2024-06-03T19:25:42.000Z	FarSounder	FARSND-d6eb7b6d-04dc-4872-ba51-c3b4ce006807	2024-05-30T00:11:42.048Z	2024-05-30T01:31:40.749Z	exclude	provider_rolling_overlapping_resubmissions
csb/csv/2024/06/03/20240603180047160136_stephenvnoegmail-com_pointData.csv	546378	cf75cfc3baa27ed06c897a0fee9f43ed-1	2024-06-03T19:25:47.000Z	AquaMap	AQM-stephenvnoegmail-com	2024-05-21T15:28:23Z	2024-05-21T16:30:49Z	exclude	provider_off_lattice_float_repr
csb/csv/2024/06/03/20240603180108843279_Flatswing_pointData.csv	677546	98785c109cf8e78cc1cab4747866febe-1	2024-06-03T19:25:43.000Z	AquaMap	AQM-Flatswing	2024-06-03T15:16:46Z	2024-06-03T17:31:23Z	exclude	provider_off_lattice_float_repr
csb/csv/2024/06/03/20240603181006246560_9b7f58d2-f3d7-488a-b5be-7858060138fd_pointData.csv	8833	b1a825b65a1bc2c22ce5d192b0adf685-1	2024-06-03T19:25:44.000Z	FarSounder	FARSND-9b7f58d2-f3d7-488a-b5be-7858060138fd	2024-05-21T18:08:08.028Z	2024-05-21T18:08:57.518Z	exclude	provider_rolling_overlapping_resubmissions
csb/csv/2024/06/03/20240603181011330183_d6eb7b6d-04dc-4872-ba51-c3b4ce006807_pointData.csv	556702	a9f8e5f923ae53e7544e165f437ef186-1	2024-06-03T19:25:48.000Z	FarSounder	FARSND-d6eb7b6d-04dc-4872-ba51-c3b4ce006807	2024-05-30T00:11:42.048Z	2024-05-30T02:24:56.664Z	exclude	provider_rolling_overlapping_resubmissions
csb/csv/2024/06/03/20240603182008172214_9b7f58d2-f3d7-488a-b5be-7858060138fd_pointData.csv	8833	b1d7bba5b860fd32fd3cede49ec8e313-1	2024-06-03T19:25:48.000Z	FarSounder	FARSND-9b7f58d2-f3d7-488a-b5be-7858060138fd	2024-05-21T18:08:08.028Z	2024-05-21T18:08:57.518Z	exclude	provider_rolling_overlapping_resubmissions
csb/csv/2024/06/03/20240603182013077906_d6eb7b6d-04dc-4872-ba51-c3b4ce006807_pointData.csv	565998	668bd10f20dfa5115ea8106a89a591d3-1	2024-06-03T19:25:46.000Z	FarSounder	FARSND-d6eb7b6d-04dc-4872-ba51-c3b4ce006807	2024-05-30T00:11:42.048Z	2024-05-30T03:19:02.689Z	exclude	provider_rolling_overlapping_resubmissions
csb/csv/2024/06/03/20240603182139129792_834f85c2-0999-11eb-a100-98be942a5b5a_pointData.csv	193003	376ba94c3d70cbfde6fe425a62782fbc-1	2024-06-03T19:25:49.000Z	PGS	PGS-834f85c2-0999-11eb-a100-98be942a5b5a	2024-06-03T17:00:02Z	2024-06-03T17:59:59Z	exclude	provider_mixed_1e-4_and_1e-6_lattice
csb/csv/2024/06/03/20240603182211309009_cdd0edb8-c483-4c48-be4d-93f29dcbc26c_pointData.csv	131893	901cf6f45c6325e087ded08b5e6191ad-1	2024-06-03T19:25:45.000Z	Rosepoint	ROSEP-cdd0edb8-c483-4c48-be4d-93f29dcbc26c	2024-06-03T13:12:13Z	2024-06-03T18:20:45Z	keep	unique_1e-6_lattice_submission
csb/csv/2024/06/03/20240603182936286602_061e2f30-c234-4cf0-b880-42bb03ab857d_pointData.csv	3139516	40d0cdca41e4f79cf4cc607368844e48-1	2024-06-03T19:25:47.000Z	Rosepoint	ROSEP-061e2f30-c234-4cf0-b880-42bb03ab857d	2024-06-03T12:28:11Z	2024-06-03T18:29:32Z	keep	unique_1e-6_lattice_submission
csb/csv/2024/06/03/20240603183007399415_9b7f58d2-f3d7-488a-b5be-7858060138fd_pointData.csv	8833	cb0f178f7037d2d8cd0dfa1a625f3c53-1	2024-06-03T19:25:44.000Z	FarSounder	FARSND-9b7f58d2-f3d7-488a-b5be-7858060138fd	2024-05-21T18:08:08.028Z	2024-05-21T18:08:57.518Z	exclude	provider_rolling_overlapping_resubmissions
csb/csv/2024/06/03/20240603183013093320_d6eb7b6d-04dc-4872-ba51-c3b4ce006807_pointData.csv	572862	0a4af937c667ef7c3d9189990ec5242c-1	2024-06-03T19:25:50.000Z	FarSounder	FARSND-d6eb7b6d-04dc-4872-ba51-c3b4ce006807	2024-05-30T00:11:42.048Z	2024-05-30T04:13:51.686Z	exclude	provider_rolling_overlapping_resubmissions
csb/csv/2024/06/03/20240603183217991736_56f26f84-bafc-4b36-8454-b8546bddcf1d_pointData.csv	126175	ed65e44b6623f0ed509a85bd4b3ef5e2-1	2024-06-03T19:25:50.000Z	Rosepoint	ROSEP-56f26f84-bafc-4b36-8454-b8546bddcf1d	2004-10-18T06:30:03Z	2004-10-18T18:31:51Z	keep	unique_1e-6_lattice_submission
csb/csv/2024/06/03/20240603183401488660_e150d9fe-d3d7-4d47-ba18-f82688e01b85_pointData.csv	915275	735c6ac7adc96ad2dee47eb781e51c7f-1	2024-06-03T19:25:49.000Z	Rosepoint	ROSEP-e150d9fe-d3d7-4d47-ba18-f82688e01b85	2024-06-03T12:27:26Z	2024-06-03T18:33:29Z	keep	unique_1e-6_lattice_submission
csb/csv/2024/06/03/20240603184008005523_9b7f58d2-f3d7-488a-b5be-7858060138fd_pointData.csv	8833	ddf675b4cc57e599651c828f1dc57435-1	2024-06-03T19:25:48.000Z	FarSounder	FARSND-9b7f58d2-f3d7-488a-b5be-7858060138fd	2024-05-21T18:08:08.028Z	2024-05-21T18:08:57.518Z	exclude	provider_rolling_overlapping_resubmissions
csb/csv/2024/06/03/20240603184012952576_d6eb7b6d-04dc-4872-ba51-c3b4ce006807_pointData.csv	584598	090789372b9925fd588b4f1f0c71ccca-1	2024-06-03T19:25:47.000Z	FarSounder	FARSND-d6eb7b6d-04dc-4872-ba51-c3b4ce006807	2024-05-30T02:53:35.023Z	2024-05-30T05:09:34.744Z	exclude	provider_rolling_overlapping_resubmissions
csb/csv/2024/06/03/20240603184206724895_672e2884-f0ed-44dc-b9bb-56d79261e4f1_pointData.csv	899739	5626403a2b9f9fb98287de7473c3d22c-1	2024-06-03T19:25:50.000Z	Rosepoint	ROSEP-672e2884-f0ed-44dc-b9bb-56d79261e4f1	2024-06-03T12:40:57Z	2024-06-03T18:42:02Z	keep	unique_1e-6_lattice_submission
csb/csv/2024/06/03/20240603184845339272_0d1b6ce0-e5ec-40f1-99a9-2187e8d08bf4_pointData.csv	2674670	e5cf70d0a1509f33835341c1022f43d8-1	2024-06-03T19:25:46.000Z	Rosepoint	ROSEP-0d1b6ce0-e5ec-40f1-99a9-2187e8d08bf4	2004-10-18T12:48:13Z	2004-10-18T18:48:39Z	keep	unique_1e-6_lattice_submission
csb/csv/2024/06/03/20240603185006690673_9b7f58d2-f3d7-488a-b5be-7858060138fd_pointData.csv	8833	a01642fd0eae1a13b57664abc4151059-1	2024-06-03T19:25:48.000Z	FarSounder	FARSND-9b7f58d2-f3d7-488a-b5be-7858060138fd	2024-05-21T18:08:08.028Z	2024-05-21T18:08:57.518Z	exclude	provider_rolling_overlapping_resubmissions
csb/csv/2024/06/03/20240603185011631625_d6eb7b6d-04dc-4872-ba51-c3b4ce006807_pointData.csv	593238	e6b83a26da6343e74f1e21e4886d9847-1	2024-06-03T19:25:47.000Z	FarSounder	FARSND-d6eb7b6d-04dc-4872-ba51-c3b4ce006807	2024-05-30T02:53:35.023Z	2024-05-30T06:06:09.653Z	exclude	provider_rolling_overlapping_resubmissions
csb/csv/2024/06/03/20240603185655370225_ec72276e-3e2b-4d56-82bb-111fc86cbd77_pointData.csv	190863	77fae9d39b38c181e30a9965a65be6ff-1	2024-06-03T19:25:48.000Z	PGS	PGS-ec72276e-3e2b-4d56-82bb-111fc86cbd77	2024-06-03T17:00:00Z	2024-06-03T17:59:58Z	exclude	provider_mixed_1e-4_and_1e-6_lattice
csb/csv/2024/06/03/20240603185846601218_398c56de-e541-4380-9ee4-589ec53f46f6_pointData.csv	359998	e75657e5d8e9d687001443a2081433ae-1	2024-06-03T19:25:49.000Z	Rosepoint	ROSEP-398c56de-e541-4380-9ee4-589ec53f46f6	2024-06-03T12:58:48Z	2024-06-03T18:58:41Z	keep	unique_1e-6_lattice_submission
csb/csv/2024/06/03/20240603190007748326_9b7f58d2-f3d7-488a-b5be-7858060138fd_pointData.csv	8833	72e814edf65fc4f4d3c728b50c4fafad-1	2024-06-03T19:25:50.000Z	FarSounder	FARSND-9b7f58d2-f3d7-488a-b5be-7858060138fd	2024-05-21T18:08:08.028Z	2024-05-21T18:08:57.518Z	exclude	provider_rolling_overlapping_resubmissions
csb/csv/2024/06/03/20240603190013030276_d6eb7b6d-04dc-4872-ba51-c3b4ce006807_pointData.csv	602506	6f68c07f987d176c21705b571b38b3d9-1	2024-06-03T19:25:51.000Z	FarSounder	FARSND-d6eb7b6d-04dc-4872-ba51-c3b4ce006807	2024-05-30T02:53:35.023Z	2024-05-30T07:03:34.652Z	exclude	provider_rolling_overlapping_resubmissions
csb/csv/2024/06/03/20240603190108989624_622f6658743b89-54541644_pointData.csv	740221	65fff500d5662a13384722b0534eedd8-1	2024-06-03T19:25:51.000Z	AquaMap	AQM-622f6658743b89-54541644	2024-05-04T19:29:44Z	2024-05-04T21:51:24Z	exclude	provider_off_lattice_float_repr
csb/csv/2024/06/03/20240603190341291699_3b0c5ff2-0998-11eb-8eb6-98be942a5b5a_pointData.csv	201185	18b6d3342ef10c892ca02293ffc04536-1	2024-06-03T19:25:50.000Z	PGS	PGS-3b0c5ff2-0998-11eb-8eb6-98be942a5b5a	2024-06-03T17:00:02Z	2024-06-03T17:59:59Z	exclude	provider_mixed_1e-4_and_1e-6_lattice
csb/csv/2024/06/03/20240603190431332889_48e8b019-4141-4a35-bd63-b3be3e30b183_pointData.csv	2330558	df7ce83467e0745f6d40e402f075fc66-1	2024-06-03T19:25:49.000Z	Rosepoint	ROSEP-48e8b019-4141-4a35-bd63-b3be3e30b183	2024-06-03T13:03:57Z	2024-06-03T19:04:21Z	keep	unique_1e-6_lattice_submission
csb/csv/2024/06/03/20240603190434000188_4411b9ca-6b0e-47d2-a6be-36e60a3b577a_pointData.csv	360672	634bd9ecc83ec280a8567909effaeba8-1	2024-06-03T19:25:52.000Z	Rosepoint	ROSEP-4411b9ca-6b0e-47d2-a6be-36e60a3b577a	2024-06-03T13:03:53Z	2024-06-03T19:03:43Z	keep	unique_1e-6_lattice_submission
csb/csv/2024/06/03/20240603191007166246_9b7f58d2-f3d7-488a-b5be-7858060138fd_pointData.csv	8833	9c29dbe6cf46219341e70b2ed8d40b64-1	2024-06-03T19:25:49.000Z	FarSounder	FARSND-9b7f58d2-f3d7-488a-b5be-7858060138fd	2024-05-21T18:08:08.028Z	2024-05-21T18:08:57.518Z	exclude	provider_rolling_overlapping_resubmissions
csb/csv/2024/06/03/20240603191012356083_d6eb7b6d-04dc-4872-ba51-c3b4ce006807_pointData.csv	611109	0f03ef612651005d51a825a7e28bc4ef-1	2024-06-03T19:25:51.000Z	FarSounder	FARSND-d6eb7b6d-04dc-4872-ba51-c3b4ce006807	2024-05-30T02:53:35.023Z	2024-05-30T08:01:51.637Z	exclude	provider_rolling_overlapping_resubmissions
csb/csv/2024/06/03/20240603191240556438_b46dfd84-2ce8-4a25-a16b-4af10b8eb60e_pointData.csv	384731	2b9087fe74949ed80125ede9dfd6d395-1	2024-06-03T19:25:50.000Z	Rosepoint	ROSEP-b46dfd84-2ce8-4a25-a16b-4af10b8eb60e	2024-06-03T13:11:49Z	2024-06-03T19:12:20Z	keep	unique_1e-6_lattice_submission
csb/csv/2024/06/03/20240603191642481784_834f85c2-0999-11eb-a100-98be942a5b5a_pointData.csv	192958	7db3de5f70ba890f4ecdfb23e721065e-1	2024-06-03T19:25:50.000Z	PGS	PGS-834f85c2-0999-11eb-a100-98be942a5b5a	2024-06-03T18:00:02Z	2024-06-03T18:59:59Z	exclude	provider_mixed_1e-4_and_1e-6_lattice
csb/csv/2024/06/03/20240603192007906553_9b7f58d2-f3d7-488a-b5be-7858060138fd_pointData.csv	8833	d6df29bc8a98431267ccdb024f0d9a9e-1	2024-06-03T19:25:52.000Z	FarSounder	FARSND-9b7f58d2-f3d7-488a-b5be-7858060138fd	2024-05-21T18:08:08.028Z	2024-05-21T18:08:57.518Z	exclude	provider_rolling_overlapping_resubmissions
csb/csv/2024/06/03/20240603192013226832_d6eb7b6d-04dc-4872-ba51-c3b4ce006807_pointData.csv	619730	239ac8fd71578334f34eb17180e13230-1	2024-06-03T19:25:52.000Z	FarSounder	FARSND-d6eb7b6d-04dc-4872-ba51-c3b4ce006807	2024-05-30T02:53:35.023Z	2024-05-30T09:00:58.621Z	exclude	provider_rolling_overlapping_resubmissions
csb/csv/2024/06/03/20240603193008229401_9b7f58d2-f3d7-488a-b5be-7858060138fd_pointData.csv	8833	c64590dda7b122adafb369e7d8c49fe0-1	2024-06-04T02:31:54.000Z	FarSounder	FARSND-9b7f58d2-f3d7-488a-b5be-7858060138fd	2024-05-21T18:08:08.028Z	2024-05-21T18:08:57.518Z	exclude	provider_rolling_overlapping_resubmissions
csb/csv/2024/06/03/20240603193013768416_d6eb7b6d-04dc-4872-ba51-c3b4ce006807_pointData.csv	628836	6dd71dedd6761ffde07b2a427ac1e555-1	2024-06-04T02:31:54.000Z	FarSounder	FARSND-d6eb7b6d-04dc-4872-ba51-c3b4ce006807	2024-05-30T02:53:35.023Z	2024-05-30T10:00:54.666Z	exclude	provider_rolling_overlapping_resubmissions
csb/csv/2024/06/03/20240603193622677881_ec72276e-3e2b-4d56-82bb-111fc86cbd77_pointData.csv	190863	d015deaa4fcd8db0c067ee0827c58157-1	2024-06-04T02:31:54.000Z	PGS	PGS-ec72276e-3e2b-4d56-82bb-111fc86cbd77	2024-06-03T18:00:01Z	2024-06-03T18:59:58Z	exclude	provider_mixed_1e-4_and_1e-6_lattice
csb/csv/2024/06/03/20240603194010724502_9b7f58d2-f3d7-488a-b5be-7858060138fd_pointData.csv	8833	a69819c29434dbc72dfda2788dc166fa-1	2024-06-04T02:31:54.000Z	FarSounder	FARSND-9b7f58d2-f3d7-488a-b5be-7858060138fd	2024-05-21T18:08:08.028Z	2024-05-21T18:08:57.518Z	exclude	provider_rolling_overlapping_resubmissions
csb/csv/2024/06/03/20240603194016603349_d6eb7b6d-04dc-4872-ba51-c3b4ce006807_pointData.csv	637776	34b8aa7097da85ad18106886547052c9-1	2024-06-04T02:31:55.000Z	FarSounder	FARSND-d6eb7b6d-04dc-4872-ba51-c3b4ce006807	2024-05-30T09:43:00.242Z	2024-05-30T11:01:43.641Z	exclude	provider_rolling_overlapping_resubmissions
csb/csv/2024/06/03/20240603194354352386_251e0ec1-5645-476e-8563-9f34939f5d72_pointData.csv	259876	daab1b96d5c77d38277fdd7045729c4b-1	2024-06-04T02:31:55.000Z	Rosepoint	ROSEP-251e0ec1-5645-476e-8563-9f34939f5d72	2024-06-03T13:42:52Z	2024-06-03T19:43:52Z	keep	unique_1e-6_lattice_submission
csb/csv/2024/06/03/20240603195004246136_9b7f58d2-f3d7-488a-b5be-7858060138fd_pointData.csv	8833	288f64a01d13510990dc378a4a945f38-1	2024-06-04T02:31:55.000Z	FarSounder	FARSND-9b7f58d2-f3d7-488a-b5be-7858060138fd	2024-05-21T18:08:08.028Z	2024-05-21T18:08:57.518Z	exclude	provider_rolling_overlapping_resubmissions
csb/csv/2024/06/03/20240603195009633332_d6eb7b6d-04dc-4872-ba51-c3b4ce006807_pointData.csv	646644	37a88857cdd41ce37b63e82d7f07172d-1	2024-06-04T02:31:55.000Z	FarSounder	FARSND-d6eb7b6d-04dc-4872-ba51-c3b4ce006807	2024-05-30T09:43:00.242Z	2024-05-30T12:03:21.620Z	exclude	provider_rolling_overlapping_resubmissions
csb/csv/2024/06/03/20240603200003694508_9b7f58d2-f3d7-488a-b5be-7858060138fd_pointData.csv	8833	ecb638b06a6cc880fd95d6be82fb5432-1	2024-06-04T02:31:56.000Z	FarSounder	FARSND-9b7f58d2-f3d7-488a-b5be-7858060138fd	2024-05-21T18:08:08.028Z	2024-05-21T18:08:57.518Z	exclude	provider_rolling_overlapping_resubmissions
csb/csv/2024/06/03/20240603200009079842_d6eb7b6d-04dc-4872-ba51-c3b4ce006807_pointData.csv	655197	6563620585a137a4b5a58b90ca393213-1	2024-06-04T02:31:56.000Z	FarSounder	FARSND-d6eb7b6d-04dc-4872-ba51-c3b4ce006807	2024-05-30T09:43:00.242Z	2024-05-30T13:05:53.591Z	exclude	provider_rolling_overlapping_resubmissions
csb/csv/2024/06/03/20240603200041980156_Flatswing_pointData.csv	679121	a3d3708b4bef8eeed12a5e1fffc6d3a3-1	2024-06-04T02:31:56.000Z	AquaMap	AQM-Flatswing	2024-06-03T17:31:26Z	2024-06-03T19:44:34Z	exclude	provider_off_lattice_float_repr
csb/csv/2024/06/03/20240603200104275799_ChapterFour_pointData.csv	377710	ea159e8c1d7a31c7af603423389a1664-1	2024-06-04T02:31:56.000Z	AquaMap	AQM-ChapterFour	2024-06-03T11:56:47Z	2024-06-03T13:01:37Z	exclude	provider_off_lattice_float_repr
csb/csv/2024/06/03/20240603200124813602_ChapterFour_pointData.csv	147057	70923f5ae6e3f43cbf9521a7a240920d-1	2024-06-04T02:31:56.000Z	AquaMap	AQM-ChapterFour	2024-06-03T14:46:18Z	2024-06-03T15:10:19Z	exclude	provider_off_lattice_float_repr
csb/csv/2024/06/03/20240603200132441148_622f6658743b89-54541644_pointData.csv	827396	9b8d881162eefff4b7a38efae2894555-1	2024-06-04T02:31:56.000Z	AquaMap	AQM-622f6658743b89-54541644	2024-06-03T18:10:57Z	2024-06-03T19:55:26Z	exclude	provider_off_lattice_float_repr
csb/csv/2024/06/03/20240603200140069594_ChapterFour_pointData.csv	264502	bae1fd3963ec16042a24b198235870cc-1	2024-06-04T02:31:56.000Z	AquaMap	AQM-ChapterFour	2024-06-03T11:56:47Z	2024-06-03T12:42:26Z	exclude	provider_off_lattice_float_repr
csb/csv/2024/06/03/20240603200153801205_ChapterFour_pointData.csv	705851	9760dfd5e2ee6500d8bd7e621ebd1c16-1	2024-06-04T02:31:57.000Z	AquaMap	AQM-ChapterFour	2024-06-03T15:19:11Z	2024-06-03T17:15:45Z	exclude	provider_off_lattice_float_repr
csb/csv/2024/06/03/20240603200321665144_6436aa4a-fdc1-11ee-bb46-7729efb26c37_pointData.csv	435129	1d2ebd647900a4e8f4ba0dbb04fd0329-1	2024-06-04T02:31:56.000Z	COMIT USF	COMITUSF-6436aa4a-fdc1-11ee-bb46-7729efb26c37	2024-05-31T18:23:52Z	2024-05-31T19:04:02Z	keep	unique_1e-6_lattice_submission
csb/csv/2024/06/03/20240603200322334912_6436aa4a-fdc1-11ee-bb46-7729efb26c37_pointData.csv	435129	e2f3bd385042e8b9aff825fe4bfd84eb-1	2024-06-04T02:31:57.000Z	COMIT USF	COMITUSF-6436aa4a-fdc1-11ee-bb46-7729efb26c37	2024-05-31T18:23:52Z	2024-05-31T19:04:02Z	exclude	exact_reupload_of:20240603200321665144_6436aa4a-fdc1-11ee-bb46-7729efb26c37_pointData.csv
csb/csv/2024/06/03/20240603201003627505_9b7f58d2-f3d7-488a-b5be-7858060138fd_pointData.csv	8833	35569630f5c95f26a59b60c8e3d75278-1	2024-06-04T02:31:57.000Z	FarSounder	FARSND-9b7f58d2-f3d7-488a-b5be-7858060138fd	2024-05-21T18:08:08.028Z	2024-05-21T18:08:57.518Z	exclude	provider_rolling_overlapping_resubmissions
csb/csv/2024/06/03/20240603201008825775_d6eb7b6d-04dc-4872-ba51-c3b4ce006807_pointData.csv	661798	c4e08599c3ddec470dfd909681a4673f-1	2024-06-04T02:31:57.000Z	FarSounder	FARSND-d6eb7b6d-04dc-4872-ba51-c3b4ce006807	2024-05-30T12:30:11.217Z	2024-05-30T14:09:12.570Z	exclude	provider_rolling_overlapping_resubmissions
csb/csv/2024/06/03/20240603201619073984_ec72276e-3e2b-4d56-82bb-111fc86cbd77_pointData.csv	190863	7ce41ddff47fa04249069976235284b9-1	2024-06-04T02:31:57.000Z	PGS	PGS-ec72276e-3e2b-4d56-82bb-111fc86cbd77	2024-06-03T19:00:01Z	2024-06-03T19:59:58Z	exclude	provider_mixed_1e-4_and_1e-6_lattice
csb/csv/2024/06/03/20240603201849520905_cb1bbd67-78e2-4b5f-97e4-4ab1661c7454_pointData.csv	447271	b2adb395ad3328e27535dd4a10ebb033-1	2024-06-04T02:31:58.000Z	Rosepoint	ROSEP-cb1bbd67-78e2-4b5f-97e4-4ab1661c7454	2024-06-03T14:17:35Z	2024-06-03T20:18:24Z	keep	unique_1e-6_lattice_submission
csb/csv/2024/06/03/20240603202004890868_9b7f58d2-f3d7-488a-b5be-7858060138fd_pointData.csv	8833	5746109b6756368173d7ff9399a42aa9-1	2024-06-04T02:31:57.000Z	FarSounder	FARSND-9b7f58d2-f3d7-488a-b5be-7858060138fd	2024-05-21T18:08:08.028Z	2024-05-21T18:08:57.518Z	exclude	provider_rolling_overlapping_resubmissions
csb/csv/2024/06/03/20240603202010422233_d6eb7b6d-04dc-4872-ba51-c3b4ce006807_pointData.csv	672390	2f9ea60155ba2d53ea5be53ebe25b4c9-1	2024-06-04T02:31:57.000Z	FarSounder	FARSND-d6eb7b6d-04dc-4872-ba51-c3b4ce006807	2024-05-30T13:12:07.190Z	2024-05-30T15:13:20.549Z	exclude	provider_rolling_overlapping_resubmissions
csb/csv/2024/06/03/20240603202525847601_3b0c5ff2-0998-11eb-8eb6-98be942a5b5a_pointData.csv	199988	875edefa713d7a034598671d10625792-1	2024-06-04T02:31:58.000Z	PGS	PGS-3b0c5ff2-0998-11eb-8eb6-98be942a5b5a	2024-06-03T18:00:02Z	2024-06-03T18:59:59Z	exclude	provider_mixed_1e-4_and_1e-6_lattice
csb/csv/2024/06/03/20240603203004130429_9b7f58d2-f3d7-488a-b5be-7858060138fd_pointData.csv	8833	1421fd476035326f7444268864a761a7-1	2024-06-04T02:31:57.000Z	FarSounder	FARSND-9b7f58d2-f3d7-488a-b5be-7858060138fd	2024-05-21T18:08:08.028Z	2024-05-21T18:08:57.518Z	exclude	provider_rolling_overlapping_resubmissions
csb/csv/2024/06/03/20240603203009796564_d6eb7b6d-04dc-4872-ba51-c3b4ce006807_pointData.csv	680975	4f6e349d8fe66eba7afa7483663f47a5-1	2024-06-04T02:31:58.000Z	FarSounder	FARSND-d6eb7b6d-04dc-4872-ba51-c3b4ce006807	2024-05-30T15:10:07.452Z	2024-05-30T16:18:45.599Z	exclude	provider_rolling_overlapping_resubmissions
csb/csv/2024/06/03/20240603203824090772_834f85c2-0999-11eb-a100-98be942a5b5a_pointData.csv	193013	f44849f07ce18f3594156054a7fd8582-1	2024-06-04T02:31:57.000Z	PGS	PGS-834f85c2-0999-11eb-a100-98be942a5b5a	2024-06-03T19:00:02Z	2024-06-03T19:59:59Z	exclude	provider_mixed_1e-4_and_1e-6_lattice
csb/csv/2024/06/03/20240603204004587959_9b7f58d2-f3d7-488a-b5be-7858060138fd_pointData.csv	8833	36e97fe62f6410d910aa7a2b4d122715-1	2024-06-04T02:31:57.000Z	FarSounder	FARSND-9b7f58d2-f3d7-488a-b5be-7858060138fd	2024-05-21T18:08:08.028Z	2024-05-21T18:08:57.518Z	exclude	provider_rolling_overlapping_resubmissions
csb/csv/2024/06/03/20240603204010310380_d6eb7b6d-04dc-4872-ba51-c3b4ce006807_pointData.csv	689605	b7aedfefab946f1e2fee6fa19c718ef0-1	2024-06-04T02:31:59.000Z	FarSounder	FARSND-d6eb7b6d-04dc-4872-ba51-c3b4ce006807	2024-05-30T15:10:07.452Z	2024-05-30T17:24:31.595Z	exclude	provider_rolling_overlapping_resubmissions
csb/csv/2024/06/03/20240603204510803264_4f651d43-9a33-452c-9299-6ab08ed9d831_pointData.csv	62414	a0feab8344ad3c0a8449ef05c8bb30a7-1	2024-06-04T02:31:58.000Z	Rosepoint	ROSEP-4f651d43-9a33-452c-9299-6ab08ed9d831	2024-06-03T14:44:54Z	2024-06-03T20:44:17Z	keep	unique_1e-6_lattice_submission
csb/csv/2024/06/03/20240603204613872190_0dc4d7c1-f541-476d-a76b-72fb09ad1bd2_pointData.csv	62853	43dfec8f21d83323e9fcea6b99d446db-1	2024-06-04T02:31:57.000Z	Rosepoint	ROSEP-0dc4d7c1-f541-476d-a76b-72fb09ad1bd2	2024-06-03T14:37:25Z	2024-06-03T20:36:51Z	keep	unique_1e-6_lattice_submission
csb/csv/2024/06/03/20240603205004781258_9b7f58d2-f3d7-488a-b5be-7858060138fd_pointData.csv	8833	cb7e007955b696f43bf019fad1ac0c0c-1	2024-06-04T02:31:58.000Z	FarSounder	FARSND-9b7f58d2-f3d7-488a-b5be-7858060138fd	2024-05-21T18:08:08.028Z	2024-05-21T18:08:57.518Z	exclude	provider_rolling_overlapping_resubmissions
csb/csv/2024/06/03/20240603205010592233_d6eb7b6d-04dc-4872-ba51-c3b4ce006807_pointData.csv	697949	f13f410f48f11c6f33ce6c446645cf4d-1	2024-06-04T02:31:59.000Z	FarSounder	FARSND-d6eb7b6d-04dc-4872-ba51-c3b4ce006807	2024-05-30T15:10:07.452Z	2024-05-30T18:31:07.584Z	exclude	provider_rolling_overlapping_resubmissions
csb/csv/2024/06/03/20240603210004478381_9b7f58d2-f3d7-488a-b5be-7858060138fd_pointData.csv	8833	3245a29d0798e9bec542a7c46d544a03-1	2024-06-04T02:31:58.000Z	FarSounder	FARSND-9b7f58d2-f3d7-488a-b5be-7858060138fd	2024-05-21T18:08:08.028Z	2024-05-21T18:08:57.518Z	exclude	provider_rolling_overlapping_resubmissions
csb/csv/2024/06/03/20240603210010360189_d6eb7b6d-04dc-4872-ba51-c3b4ce006807_pointData.csv	707426	c1b8f678865ef3e6ba364d4a95577955-1	2024-06-04T02:31:59.000Z	FarSounder	FARSND-d6eb7b6d-04dc-4872-ba51-c3b4ce006807	2024-05-30T16:31:56.918Z	2024-05-30T19:38:30.576Z	exclude	provider_rolling_overlapping_resubmissions
csb/csv/2024/06/03/20240603210203710028_08b541ee-eb9f-11ee-8abd-bd300fe11e8a_pointData.csv	304868	2c9b5255cabb401a26b3b910b74dcb82-1	2024-06-04T02:31:58.000Z	GLOS	GLOS-08b541ee-eb9f-11ee-8abd-bd300fe11e8a	2024-06-03T20:28:31Z	2024-06-03T20:59:53Z	keep	unique_1e-6_lattice_submission
csb/csv/2024/06/03/20240603210204392375_08b541ee-eb9f-11ee-8abd-bd300fe11e8a_pointData.csv	304868	c7408109ef73e3f9d21cbf82c1956cf2-1	2024-06-04T02:31:59.000Z	GLOS	GLOS-08b541ee-eb9f-11ee-8abd-bd300fe11e8a	2024-06-03T20:28:31Z	2024-06-03T20:59:53Z	exclude	exact_reupload_of:20240603210203710028_08b541ee-eb9f-11ee-8abd-bd300fe11e8a_pointData.csv
csb/csv/2024/06/03/20240603210449287323_6436aa4a-fdc1-11ee-bb46-7729efb26c37_pointData.csv	633538	93501760a69f667dd4c1849961a1bd78-1	2024-06-04T02:31:58.000Z	COMIT USF	COMITUSF-6436aa4a-fdc1-11ee-bb46-7729efb26c37	2024-06-03T20:01:45Z	2024-06-03T21:00:15Z	keep	unique_1e-6_lattice_submission
csb/csv/2024/06/03/20240603210450032489_6436aa4a-fdc1-11ee-bb46-7729efb26c37_pointData.csv	633538	291328ce33f69bbeda298277661f08bf-1	2024-06-04T02:31:59.000Z	COMIT USF	COMITUSF-6436aa4a-fdc1-11ee-bb46-7729efb26c37	2024-06-03T20:01:45Z	2024-06-03T21:00:15Z	exclude	exact_reupload_of:20240603210449287323_6436aa4a-fdc1-11ee-bb46-7729efb26c37_pointData.csv
csb/csv/2024/06/03/20240603211005032503_9b7f58d2-f3d7-488a-b5be-7858060138fd_pointData.csv	8833	9c3f9f18a0b6c860884077d7e5fd463d-1	2024-06-04T02:31:58.000Z	FarSounder	FARSND-9b7f58d2-f3d7-488a-b5be-7858060138fd	2024-05-21T18:08:08.028Z	2024-05-21T18:08:57.518Z	exclude	provider_rolling_overlapping_resubmissions
csb/csv/2024/06/03/20240603211010724026_d6eb7b6d-04dc-4872-ba51-c3b4ce006807_pointData.csv	715148	9c151419957550cf7dc9bc43e510ca40-1	2024-06-04T02:32:00.000Z	FarSounder	FARSND-d6eb7b6d-04dc-4872-ba51-c3b4ce006807	2024-05-30T18:14:01.926Z	2024-05-30T20:46:47.569Z	exclude	provider_rolling_overlapping_resubmissions
csb/csv/2024/06/03/20240603211840196515_834f85c2-0999-11eb-a100-98be942a5b5a_pointData.csv	192971	a1894197b184cf5408e156f4819b5875-1	2024-06-04T02:32:00.000Z	PGS	PGS-834f85c2-0999-11eb-a100-98be942a5b5a	2024-06-03T20:00:02Z	2024-06-03T20:59:59Z	exclude	provider_mixed_1e-4_and_1e-6_lattice
csb/csv/2024/06/03/20240603212004222814_9b7f58d2-f3d7-488a-b5be-7858060138fd_pointData.csv	8833	b49a5b767fe68a6e0157d150b65ed222-1	2024-06-04T02:31:59.000Z	FarSounder	FARSND-9b7f58d2-f3d7-488a-b5be-7858060138fd	2024-05-21T18:08:08.028Z	2024-05-21T18:08:57.518Z	exclude	provider_rolling_overlapping_resubmissions
csb/csv/2024/06/03/20240603212010653620_d6eb7b6d-04dc-4872-ba51-c3b4ce006807_pointData.csv	723764	17809902d63b6a3f203b282c84ebd62d-1	2024-06-04T02:31:59.000Z	FarSounder	FARSND-d6eb7b6d-04dc-4872-ba51-c3b4ce006807	2024-05-30T18:14:01.926Z	2024-05-30T21:55:58.578Z	exclude	provider_rolling_overlapping_resubmissions
csb/csv/2024/06/03/20240603212333735828_53df1aa6-1feb-47dc-a374-3880fae210fd_pointData.csv	3381663	ca0054585ebe0e91cca304daaae9ca9f-1	2024-06-04T02:32:00.000Z	Rosepoint	ROSEP-53df1aa6-1feb-47dc-a374-3880fae210fd	2024-06-03T09:11:20Z	2024-06-03T15:18:43Z	keep	unique_1e-6_lattice_submission
csb/csv/2024/06/03/20240603213005138118_9b7f58d2-f3d7-488a-b5be-7858060138fd_pointData.csv	8833	194c21d0ad3ac4f6edff0417d6e42f98-1	2024-06-04T02:31:59.000Z	FarSounder	FARSND-9b7f58d2-f3d7-488a-b5be-7858060138fd	2024-05-21T18:08:08.028Z	2024-05-21T18:08:57.518Z	exclude	provider_rolling_overlapping_resubmissions
csb/csv/2024/06/03/20240603213011408440_d6eb7b6d-04dc-4872-ba51-c3b4ce006807_pointData.csv	733938	5047042c5291ebf8ef47a64eb0891841-1	2024-06-04T02:32:01.000Z	FarSounder	FARSND-d6eb7b6d-04dc-4872-ba51-c3b4ce006807	2024-05-30T21:42:26.459Z	2024-05-30T23:05:56.562Z	exclude	provider_rolling_overlapping_resubmissions
csb/csv/2024/06/03/20240603213854430659_ec72276e-3e2b-4d56-82bb-111fc86cbd77_pointData.csv	190863	dd39720ed6f26f2d3d3a10bcb303ee8e-1	2024-06-04T02:32:00.000Z	PGS	PGS-ec72276e-3e2b-4d56-82bb-111fc86cbd77	2024-06-03T20:00:01Z	2024-06-03T20:59:58Z	exclude	provider_mixed_1e-4_and_1e-6_lattice
csb/csv/2024/06/03/20240603213938188755_398c56de-e541-4380-9ee4-589ec53f46f6_pointData.csv	85604	783da3c4541b645a80f90104cfc4868b-1	2024-06-04T02:32:00.000Z	Rosepoint	ROSEP-398c56de-e541-4380-9ee4-589ec53f46f6	2024-06-03T18:59:41Z	2024-06-03T21:38:07Z	keep	unique_1e-6_lattice_submission
csb/csv/2024/06/03/20240603214004414610_9b7f58d2-f3d7-488a-b5be-7858060138fd_pointData.csv	8833	71dcfc61079c5f4f3e0dfabd4610d11f-1	2024-06-04T02:32:01.000Z	FarSounder	FARSND-9b7f58d2-f3d7-488a-b5be-7858060138fd	2024-05-21T18:08:08.028Z	2024-05-21T18:08:57.518Z	exclude	provider_rolling_overlapping_resubmissions
csb/csv/2024/06/03/20240603214010952710_d6eb7b6d-04dc-4872-ba51-c3b4ce006807_pointData.csv	742498	ec8e9c5247a7ded2113db5a1616626af-1	2024-06-04T02:32:01.000Z	FarSounder	FARSND-d6eb7b6d-04dc-4872-ba51-c3b4ce006807	2024-05-30T22:34:45.695Z	2024-05-31T00:16:46.573Z	exclude	provider_rolling_overlapping_resubmissions
csb/csv/2024/06/03/20240603214028360259_c397eae3-6787-4d49-abbe-1de3758956f5_pointData.csv	519894	123c943ad7d66cde411da252afd1f0db-1	2024-06-04T02:32:02.000Z	Rosepoint	ROSEP-c397eae3-6787-4d49-abbe-1de3758956f5	2024-06-03T15:40:31Z	2024-06-03T21:40:25Z	keep	unique_1e-6_lattice_submission
csb/csv/2024/06/03/20240603214134091400_c21bff07-b678-4dfb-ab54-a111660d6cfa_pointData.csv	1598995	9d97dbeae247c902a74ee4b0ef55e6e4-1	2024-06-04T02:32:01.000Z	Rosepoint	ROSEP-c21bff07-b678-4dfb-ab54-a111660d6cfa	2024-06-03T15:40:14Z	2024-06-03T21:41:19Z	keep	unique_1e-6_lattice_submission
csb/csv/2024/06/03/20240603214620082195_3b0c5ff2-0998-11eb-8eb6-98be942a5b5a_pointData.csv	200322	33fab878de32ef7a7abc84376d42c8fc-1	2024-06-04T02:32:02.000Z	PGS	PGS-3b0c5ff2-0998-11eb-8eb6-98be942a5b5a	2024-06-03T19:00:02Z	2024-06-03T19:59:59Z	exclude	provider_mixed_1e-4_and_1e-6_lattice
csb/csv/2024/06/03/20240603215004606121_9b7f58d2-f3d7-488a-b5be-7858060138fd_pointData.csv	8833	025f8ac19b5817d5e12d27fe2cdbbd4d-1	2024-06-04T02:32:00.000Z	FarSounder	FARSND-9b7f58d2-f3d7-488a-b5be-7858060138fd	2024-05-21T18:08:08.028Z	2024-05-21T18:08:57.518Z	exclude	provider_rolling_overlapping_resubmissions
csb/csv/2024/06/03/20240603215010348515_d6eb7b6d-04dc-4872-ba51-c3b4ce006807_pointData.csv	750501	29579305d9f306899afd327fba92cc89-1	2024-06-04T02:32:01.000Z	FarSounder	FARSND-d6eb7b6d-04dc-4872-ba51-c3b4ce006807	2024-05-30T23:40:14.315Z	2024-05-31T01:28:26.569Z	exclude	provider_rolling_overlapping_resubmissions
csb/csv/2024/06/03/20240603215312763645_373e61a4-5650-43be-800f-e6197634cf6f_pointData.csv	3433894	47c418e02b2b169e1c84922855515832-1	2024-06-04T02:32:03.000Z	Rosepoint	ROSEP-373e61a4-5650-43be-800f-e6197634cf6f	2024-06-03T15:51:55Z	2024-06-03T21:52:18Z	keep	unique_1e-6_lattice_submission
csb/csv/2024/06/03/20240603215549182835_071ba46a-9793-4306-a970-8461bae10e77_pointData.csv	516593	6bfefc8ee09569aebcd8b76dab557e6c-1	2024-06-04T02:32:10.000Z	Rosepoint	ROSEP-071ba46a-9793-4306-a970-8461bae10e77	2004-10-18T15:55:36Z	2004-10-18T21:55:07Z	keep	unique_1e-6_lattice_submission
csb/csv/2024/06/03/20240603220004919260_9b7f58d2-f3d7-488a-b5be-7858060138fd_pointData.csv	8833	63ff15965a3b57cbb7eb3a5bb9c9c797-1	2024-06-04T02:32:10.000Z	FarSounder	FARSND-9b7f58d2-f3d7-488a-b5be-7858060138fd	2024-05-21T18:08:08.028Z	2024-05-21T18:08:57.518Z	exclude	provider_rolling_overlapping_resubmissions
csb/csv/2024/06/03/20240603220010993618_d6eb7b6d-04dc-4872-ba51-c3b4ce006807_pointData.csv	759963	08efb7a25982c4584b3ee907dd56b049-1	2024-06-04T02:32:10.000Z	FarSounder	FARSND-d6eb7b6d-04dc-4872-ba51-c3b4ce006807	2024-05-30T23:40:14.315Z	2024-05-31T02:40:50.595Z	exclude	provider_rolling_overlapping_resubmissions
csb/csv/2024/06/03/20240603220131697850_622f6658743b89-54541644_pointData.csv	830884	433d3351fb66178971ef1733be2c922d-1	2024-06-04T02:32:10.000Z	AquaMap	AQM-622f6658743b89-54541644	2024-06-03T19:55:27Z	2024-06-03T21:40:39Z	exclude	provider_off_lattice_float_repr
csb/csv/2024/06/03/20240603220140306243_a0c5f5d4-2c89-4dc6-b6e8-695d93ab03b7_pointData.csv	3918210	a3ac54de498c05924a5c2b3fd7b09227-1	2024-06-04T02:32:12.000Z	Rosepoint	ROSEP-a0c5f5d4-2c89-4dc6-b6e8-695d93ab03b7	2024-06-02T20:07:59Z	2024-06-03T21:27:29Z	keep	unique_1e-6_lattice_submission
csb/csv/2024/06/03/20240603221004705588_9b7f58d2-f3d7-488a-b5be-7858060138fd_pointData.csv	8833	fc3052bad7cd730add18ae88983270f5-1	2024-06-04T02:32:10.000Z	FarSounder	FARSND-9b7f58d2-f3d7-488a-b5be-7858060138fd	2024-05-21T18:08:08.028Z	2024-05-21T18:08:57.518Z	exclude	provider_rolling_overlapping_resubmissions
csb/csv/2024/06/03/20240603221010946115_d6eb7b6d-04dc-4872-ba51-c3b4ce006807_pointData.csv	767293	b406e082a4d42f34bbad179c76616e91-1	2024-06-04T02:32:11.000Z	FarSounder	FARSND-d6eb7b6d-04dc-4872-ba51-c3b4ce006807	2024-05-31T01:02:03.168Z	2024-05-31T03:54:18.566Z	exclude	provider_rolling_overlapping_resubmissions
csb/csv/2024/06/03/20240603221018018178_4606e387-998b-46fb-b5a6-02c7eafa03da_pointData.csv	2673887	be23dfe9e9d712ad1788a9d0163f32a9-1	2024-06-04T02:32:12.000Z	Rosepoint	ROSEP-4606e387-998b-46fb-b5a6-02c7eafa03da	2004-10-18T16:09:51Z	2004-10-18T22:10:13Z	keep	unique_1e-6_lattice_submission
csb/csv/2024/06/03/20240603221508447778_11ce5241-356b-43ba-9456-f56555e0751a_pointData.csv	469442	a66d9e8e6b20029f51a4f7118baa9ea5-1	2024-06-04T02:32:11.000Z	Rosepoint	ROSEP-11ce5241-356b-43ba-9456-f56555e0751a	2024-06-03T16:14:34Z	2024-06-03T22:14:17Z	keep	unique_1e-6_lattice_submission
csb/csv/2024/06/03/20240603222003774944_9b7f58d2-f3d7-488a-b5be-7858060138fd_pointData.csv	8833	d9bfcee8b59c81f985a291151b17fc6a-1	2024-06-04T02:32:11.000Z	FarSounder	FARSND-9b7f58d2-f3d7-488a-b5be-7858060138fd	2024-05-21T18:08:08.028Z	2024-05-21T18:08:57.518Z	exclude	provider_rolling_overlapping_resubmissions
csb/csv/2024/06/03/20240603222009848276_d6eb7b6d-04dc-4872-ba51-c3b4ce006807_pointData.csv	776632	18a145e0359ff41e1f8f09b416cfd3c8-1	2024-06-04T02:32:11.000Z	FarSounder	FARSND-d6eb7b6d-04dc-4872-ba51-c3b4ce006807	2024-05-31T01:02:03.168Z	2024-05-31T05:08:24.546Z	exclude	provider_rolling_overlapping_resubmissions
csb/csv/2024/06/03/20240603222010545249_3b0c5ff2-0998-11eb-8eb6-98be942a5b5a_pointData.csv	201211	7eed752741e28d14614e3a852a5d0512-1	2024-06-04T02:32:11.000Z	PGS	PGS-3b0c5ff2-0998-11eb-8eb6-98be942a5b5a	2024-06-03T20:00:02Z	2024-06-03T20:59:59Z	exclude	provider_mixed_1e-4_and_1e-6_lattice
csb/csv/2024/06/03/20240603223003559685_9b7f58d2-f3d7-488a-b5be-7858060138fd_pointData.csv	8833	6058d2bb5a15ab2f98c03dcf96672fd5-1	2024-06-04T02:32:12.000Z	FarSounder	FARSND-9b7f58d2-f3d7-488a-b5be-7858060138fd	2024-05-21T18:08:08.028Z	2024-05-21T18:08:57.518Z	exclude	provider_rolling_overlapping_resubmissions
csb/csv/2024/06/03/20240603223009790658_d6eb7b6d-04dc-4872-ba51-c3b4ce006807_pointData.csv	785289	53051b6277a89f49fc0129e2e4198da2-1	2024-06-04T02:32:11.000Z	FarSounder	FARSND-d6eb7b6d-04dc-4872-ba51-c3b4ce006807	2024-05-31T04:31:05.950Z	2024-05-31T06:23:23.545Z	exclude	provider_rolling_overlapping_resubmissions
csb/csv/2024/06/03/20240603223227991587_e557a017-0c75-4365-808a-680673bbb79e_pointData.csv	372593	9afd43b751b6a34b64266dc1193e9b21-1	2024-06-04T02:32:12.000Z	Rosepoint	ROSEP-e557a017-0c75-4365-808a-680673bbb79e	2024-06-03T16:30:14Z	2024-06-03T22:31:34Z	keep	unique_1e-6_lattice_submission
csb/csv/2024/06/03/20240603223634245250_834f85c2-0999-11eb-a100-98be942a5b5a_pointData.csv	192989	354efe96690b394632ca8ab98fc56373-1	2024-06-04T02:32:12.000Z	PGS	PGS-834f85c2-0999-11eb-a100-98be942a5b5a	2024-06-03T21:00:02Z	2024-06-03T21:59:59Z	exclude	provider_mixed_1e-4_and_1e-6_lattice
csb/csv/2024/06/03/20240603224003258682_9b7f58d2-f3d7-488a-b5be-7858060138fd_pointData.csv	8833	802c616dbe9077a2ebe0f3b9b50da94f-1	2024-06-04T02:32:12.000Z	FarSounder	FARSND-9b7f58d2-f3d7-488a-b5be-7858060138fd	2024-05-21T18:08:08.028Z	2024-05-21T18:08:57.518Z	exclude	provider_rolling_overlapping_resubmissions
csb/csv/2024/06/03/20240603224009734841_d6eb7b6d-04dc-4872-ba51-c3b4ce006807_pointData.csv	794399	60388aad78a68629eaa6d39c29e8a167-1	2024-06-04T02:32:12.000Z	FarSounder	FARSND-d6eb7b6d-04dc-4872-ba51-c3b4ce006807	2024-05-31T05:23:39.081Z	2024-05-31T07:39:06.515Z	exclude	provider_rolling_overlapping_resubmissions
csb/csv/2024/06/03/20240603224335084291_62641c86-2ffe-4cee-b9c0-7ee36c1ad599_pointData.csv	2487698	e603e1363805fa489fa4451b60505a5b-1	2024-06-04T02:32:14.000Z	Rosepoint	ROSEP-62641c86-2ffe-4cee-b9c0-7ee36c1ad599	2024-06-03T16:43:04Z	2024-06-03T22:43:18Z	keep	unique_1e-6_lattice_submission
csb/csv/2024/06/03/20240603224739946495_70946e11-d3aa-412d-8427-c23af3e246e3_pointData.csv	314498	dac248f1a29001904b200e84651e9c6f-1	2024-06-04T02:32:12.000Z	Rosepoint	ROSEP-70946e11-d3aa-412d-8427-c23af3e246e3	2024-06-03T16:48:06Z	2024-06-03T22:47:01Z	keep	unique_1e-6_lattice_submission
csb/csv/2024/06/03/20240603225003950179_9b7f58d2-f3d7-488a-b5be-7858060138fd_pointData.csv	8833	2624699863415f25426447333540a71c-1	2024-06-04T02:32:12.000Z	FarSounder	FARSND-9b7f58d2-f3d7-488a-b5be-7858060138fd	2024-05-21T18:08:08.028Z	2024-05-21T18:08:57.518Z	exclude	provider_rolling_overlapping_resubmissions
csb/csv/2024/06/03/20240603225010401028_d6eb7b6d-04dc-4872-ba51-c3b4ce006807_pointData.csv	803157	dab555439d95464e6cf36552ffc9ffb1-1	2024-06-04T02:32:13.000Z	FarSounder	FARSND-d6eb7b6d-04dc-4872-ba51-c3b4ce006807	2024-05-31T05:23:39.081Z	2024-05-31T08:55:41.522Z	exclude	provider_rolling_overlapping_resubmissions
csb/csv/2024/06/03/20240603225235317340_11ce5241-356b-43ba-9456-f56555e0751a_pointData.csv	6039	164060370c2430528bc0607e87a08790-1	2024-06-04T02:32:12.000Z	Rosepoint	ROSEP-11ce5241-356b-43ba-9456-f56555e0751a	2024-06-03T22:15:17Z	2024-06-03T22:51:30Z	keep	unique_1e-6_lattice_submission
csb/csv/2024/06/03/20240603230003952359_9b7f58d2-f3d7-488a-b5be-7858060138fd_pointData.csv	8833	6df167733e56fb5e7100122d1d87b72b-1	2024-06-04T02:32:12.000Z	FarSounder	FARSND-9b7f58d2-f3d7-488a-b5be-7858060138fd	2024-05-21T18:08:08.028Z	2024-05-21T18:08:57.518Z	exclude	provider_rolling_overlapping_resubmissions
csb/csv/2024/06/03/20240603230010594775_d6eb7b6d-04dc-4872-ba51-c3b4ce006807_pointData.csv	812031	789d5e9c7f6ae0c6dd2663bb22c15cb3-1	2024-06-04T02:32:13.000Z	FarSounder	FARSND-d6eb7b6d-04dc-4872-ba51-c3b4ce006807	2024-05-31T05:23:39.081Z	2024-05-31T10:13:07.464Z	exclude	provider_rolling_overlapping_resubmissions
csb/csv/2024/06/03/20240603231004253913_9b7f58d2-f3d7-488a-b5be-7858060138fd_pointData.csv	34808	9ec9f114df403563f38258455cc7b145-1	2024-06-04T02:32:12.000Z	FarSounder	FARSND-9b7f58d2-f3d7-488a-b5be-7858060138fd	2024-05-21T18:08:08.028Z	2024-05-31T11:06:29.869Z	exclude	provider_rolling_overlapping_resubmissions
csb/csv/2024/06/03/20240603231010816277_d6eb7b6d-04dc-4872-ba51-c3b4ce006807_pointData.csv	794361	c6518d9c420d171fd99a30bc9ed016b3-1	2024-06-04T02:32:13.000Z	FarSounder	FARSND-d6eb7b6d-04dc-4872-ba51-c3b4ce006807	2024-05-31T05:23:39.081Z	2024-05-31T11:28:56.473Z	exclude	provider_rolling_overlapping_resubmissions
csb/csv/2024/06/03/20240603231246386676_8250175b-3c29-4906-8437-5106955c99c6_pointData.csv	61177	3e391f2dfd8d6f185bb3190ccdbb77e4-1	2024-06-04T02:32:14.000Z	Rosepoint	ROSEP-8250175b-3c29-4906-8437-5106955c99c6	2024-06-03T17:13:25Z	2024-06-03T23:12:02Z	keep	unique_1e-6_lattice_submission
csb/csv/2024/06/03/20240603231324067311_834f85c2-0999-11eb-a100-98be942a5b5a_pointData.csv	193029	4d9ca2786d6d69b01bf9fb02b948ff8d-1	2024-06-04T02:32:13.000Z	PGS	PGS-834f85c2-0999-11eb-a100-98be942a5b5a	2024-06-03T22:00:02Z	2024-06-03T22:59:59Z	exclude	provider_mixed_1e-4_and_1e-6_lattice
csb/csv/2024/06/03/20240603232003934177_9b7f58d2-f3d7-488a-b5be-7858060138fd_pointData.csv	8833	981a5b0af0197447efd175fdb2863225-1	2024-06-04T02:32:13.000Z	FarSounder	FARSND-9b7f58d2-f3d7-488a-b5be-7858060138fd	2024-05-21T18:08:08.028Z	2024-05-21T18:08:57.518Z	exclude	provider_rolling_overlapping_resubmissions
csb/csv/2024/06/03/20240603232010674289_d6eb7b6d-04dc-4872-ba51-c3b4ce006807_pointData.csv	829944	4b819bdf8b8599f4339034895d113556-1	2024-06-04T02:32:13.000Z	FarSounder	FARSND-d6eb7b6d-04dc-4872-ba51-c3b4ce006807	2024-05-31T05:23:39.081Z	2024-05-31T12:48:01.438Z	exclude	provider_rolling_overlapping_resubmissions
csb/csv/2024/06/03/20240603233004446779_9b7f58d2-f3d7-488a-b5be-7858060138fd_pointData.csv	8833	706d7f832217ab13919965728ee0187a-1	2024-06-04T02:32:13.000Z	FarSounder	FARSND-9b7f58d2-f3d7-488a-b5be-7858060138fd	2024-05-21T18:08:08.028Z	2024-05-21T18:08:57.518Z	exclude	provider_rolling_overlapping_resubmissions
csb/csv/2024/06/03/20240603233010946476_d6eb7b6d-04dc-4872-ba51-c3b4ce006807_pointData.csv	838864	27157c558217e864abd1c23ead2985f0-1	2024-06-04T02:32:16.000Z	FarSounder	FARSND-d6eb7b6d-04dc-4872-ba51-c3b4ce006807	2024-05-31T10:51:23.395Z	2024-05-31T14:07:59.478Z	exclude	provider_rolling_overlapping_resubmissions
csb/csv/2024/06/03/20240603233516342375_ec72276e-3e2b-4d56-82bb-111fc86cbd77_pointData.csv	190863	c5ba8f02427c21086a509f900e04cf97-1	2024-06-04T02:32:13.000Z	PGS	PGS-ec72276e-3e2b-4d56-82bb-111fc86cbd77	2024-06-03T21:00:01Z	2024-06-03T21:59:58Z	exclude	provider_mixed_1e-4_and_1e-6_lattice
csb/csv/2024/06/03/20240603233741482889_3b0c5ff2-0998-11eb-8eb6-98be942a5b5a_pointData.csv	201129	d0a02ff67f360aeab752b195a6751d59-1	2024-06-04T02:32:13.000Z	PGS	PGS-3b0c5ff2-0998-11eb-8eb6-98be942a5b5a	2024-06-03T21:00:02Z	2024-06-03T21:59:59Z	exclude	provider_mixed_1e-4_and_1e-6_lattice
csb/csv/2024/06/03/20240603234004318212_9b7f58d2-f3d7-488a-b5be-7858060138fd_pointData.csv	8833	9e4f410e8fc2d702096e9088ced290c9-1	2024-06-04T02:32:14.000Z	FarSounder	FARSND-9b7f58d2-f3d7-488a-b5be-7858060138fd	2024-05-21T18:08:08.028Z	2024-05-21T18:08:57.518Z	exclude	provider_rolling_overlapping_resubmissions
csb/csv/2024/06/03/20240603234011133108_d6eb7b6d-04dc-4872-ba51-c3b4ce006807_pointData.csv	845936	7096776030f378bfc4ca27bc89793b42-1	2024-06-04T02:32:14.000Z	FarSounder	FARSND-d6eb7b6d-04dc-4872-ba51-c3b4ce006807	2024-05-31T10:51:23.395Z	2024-05-31T15:28:56.425Z	exclude	provider_rolling_overlapping_resubmissions
csb/csv/2024/06/03/20240603235004078427_9b7f58d2-f3d7-488a-b5be-7858060138fd_pointData.csv	8833	fdd58b2e5f40a977ec4d18c3dc91415c-1	2024-06-04T02:32:14.000Z	FarSounder	FARSND-9b7f58d2-f3d7-488a-b5be-7858060138fd	2024-05-21T18:08:08.028Z	2024-05-21T18:08:57.518Z	exclude	provider_rolling_overlapping_resubmissions
csb/csv/2024/06/03/20240603235011463160_d6eb7b6d-04dc-4872-ba51-c3b4ce006807_pointData.csv	855732	db1a031f3e950e6822e012cb98b465f2-1	2024-06-04T02:32:16.000Z	FarSounder	FARSND-d6eb7b6d-04dc-4872-ba51-c3b4ce006807	2024-05-31T15:12:49.726Z	2024-05-31T16:50:35.432Z	exclude	provider_rolling_overlapping_resubmissions
csb/csv/2024/06/03/20240603235254656535_f73d4b8d-97c0-48ab-9200-c313709c76d0_pointData.csv	1790921	cc9b83690e61833f480d71f48fcbcd99-1	2024-06-04T02:32:15.000Z	Rosepoint	ROSEP-f73d4b8d-97c0-48ab-9200-c313709c76d0	2024-06-03T17:52:51Z	2024-06-03T23:52:06Z	keep	unique_1e-6_lattice_submission
csb/csv/2024/06/04/20240604000005984825_9b7f58d2-f3d7-488a-b5be-7858060138fd_pointData.csv	8833	6ecbf7171bd6299b88f8b98244fb3070-1	2024-06-04T02:32:14.000Z	FarSounder	FARSND-9b7f58d2-f3d7-488a-b5be-7858060138fd	2024-05-21T18:08:08.028Z	2024-05-21T18:08:57.518Z	exclude	provider_rolling_overlapping_resubmissions
csb/csv/2024/06/04/20240604000013039267_d6eb7b6d-04dc-4872-ba51-c3b4ce006807_pointData.csv	863675	b84f26bc2be021fbd200ecde9140ff66-1	2024-06-04T02:32:15.000Z	FarSounder	FARSND-d6eb7b6d-04dc-4872-ba51-c3b4ce006807	2024-05-31T16:18:15.378Z	2024-05-31T18:13:03.423Z	exclude	provider_rolling_overlapping_resubmissions
csb/csv/2024/06/04/20240604000101045336_622f6658743b89-54541644_pointData.csv	824890	a9f2ee174d5bae3bac132dfb788c5ec6-1	2024-06-04T02:32:17.000Z	AquaMap	AQM-622f6658743b89-54541644	2024-06-03T21:40:40Z	2024-06-03T23:25:34Z	exclude	provider_off_lattice_float_repr
csb/csv/2024/06/04/20240604001009180652_d6eb7b6d-04dc-4872-ba51-c3b4ce006807_pointData.csv	873334	2d142f7938437887142d20191f20444e-1	2024-06-04T02:32:16.000Z	FarSounder	FARSND-d6eb7b6d-04dc-4872-ba51-c3b4ce006807	2024-05-31T16:18:15.378Z	2024-05-31T19:36:15.435Z	exclude	provider_rolling_overlapping_resubmissions
csb/csv/2024/06/04/20240604002009779232_d6eb7b6d-04dc-4872-ba51-c3b4ce006807_pointData.csv	872118	3a21ba97fbfde4728dc98667218ec2a9-1	2024-06-04T02:32:15.000Z	FarSounder	FARSND-d6eb7b6d-04dc-4872-ba51-c3b4ce006807	2024-05-31T17:39:56.290Z	2024-05-31T20:59:32.399Z	exclude	provider_rolling_overlapping_resubmissions
csb/csv/2024/06/04/20240604002226832978_cdd0edb8-c483-4c48-be4d-93f29dcbc26c_pointData.csv	60097	b280135f56eb81335b787f0da9f08b02-1	2024-06-04T02:32:14.000Z	Rosepoint	ROSEP-cdd0edb8-c483-4c48-be4d-93f29dcbc26c	2024-06-03T18:22:04Z	2024-06-04T00:22:06Z	keep	unique_1e-6_lattice_submission
csb/csv/2024/06/04/20240604002821132614_ec72276e-3e2b-4d56-82bb-111fc86cbd77_pointData.csv	190863	237d350f53e8a76472919aa10daa6021-1	2024-06-04T02:32:15.000Z	PGS	PGS-ec72276e-3e2b-4d56-82bb-111fc86cbd77	2024-06-03T22:00:01Z	2024-06-03T22:59:58Z	exclude	provider_mixed_1e-4_and_1e-6_lattice
csb/csv/2024/06/04/20240604002954688737_3b0c5ff2-0998-11eb-8eb6-98be942a5b5a_pointData.csv	200170	2fae00b4cdd1d934bdc928803420feb9-1	2024-06-04T02:32:18.000Z	PGS	PGS-3b0c5ff2-0998-11eb-8eb6-98be942a5b5a	2024-06-03T22:00:02Z	2024-06-03T22:59:59Z	exclude	provider_mixed_1e-4_and_1e-6_lattice
csb/csv/2024/06/04/20240604003010364397_d6eb7b6d-04dc-4872-ba51-c3b4ce006807_pointData.csv	872090	13dd8447b8b183af47d65061fd3cfb2e-1	2024-06-04T02:32:15.000Z	FarSounder	FARSND-d6eb7b6d-04dc-4872-ba51-c3b4ce006807	2024-05-31T17:39:56.290Z	2024-05-31T22:22:52.467Z	exclude	provider_rolling_overlapping_resubmissions
csb/csv/2024/06/04/20240604003055135505_061e2f30-c234-4cf0-b880-42bb03ab857d_pointData.csv	433082	7862ab39155de7a355ad3cced4aa497b-1	2024-06-04T02:32:16.000Z	Rosepoint	ROSEP-061e2f30-c234-4cf0-b880-42bb03ab857d	2024-06-03T18:29:33Z	2024-06-04T00:30:35Z	keep	unique_1e-6_lattice_submission
csb/csv/2024/06/04/20240604003341422334_56f26f84-bafc-4b36-8454-b8546bddcf1d_pointData.csv	62856	7ebffcde50b94e7d53579f8d4ed14096-1	2024-06-04T02:32:16.000Z	Rosepoint	ROSEP-56f26f84-bafc-4b36-8454-b8546bddcf1d	2004-10-18T18:32:52Z	2004-10-19T00:32:50Z	keep	unique_1e-6_lattice_submission
csb/csv/2024/06/04/20240604003620683048_e150d9fe-d3d7-4d47-ba18-f82688e01b85_pointData.csv	59939	4c889347cc0d0efdfa74051d2ee03006-1	2024-06-04T02:32:16.000Z	Rosepoint	ROSEP-e150d9fe-d3d7-4d47-ba18-f82688e01b85	2024-06-03T18:34:30Z	2024-06-04T00:35:36Z	keep	unique_1e-6_lattice_submission
csb/csv/2024/06/04/20240604004009426634_d6eb7b6d-04dc-4872-ba51-c3b4ce006807_pointData.csv	873295	379c658b29364ea367dd1eacd7424b84-1	2024-06-04T02:32:15.000Z	FarSounder	FARSND-d6eb7b6d-04dc-4872-ba51-c3b4ce006807	2024-05-31T21:07:57.374Z	2024-05-31T23:46:11.466Z	exclude	provider_rolling_overlapping_resubmissions
csb/csv/2024/06/04/20240604004318108915_672e2884-f0ed-44dc-b9bb-56d79261e4f1_pointData.csv	370499	3b31024e58592e39c0177bf295f4728c-1	2024-06-04T02:32:16.000Z	Rosepoint	ROSEP-672e2884-f0ed-44dc-b9bb-56d79261e4f1	2024-06-03T18:42:03Z	2024-06-04T00:42:56Z	keep	unique_1e-6_lattice_submission
csb/csv/2024/06/04/20240604004427926131_834f85c2-0999-11eb-a100-98be942a5b5a_pointData.csv	192974	bc29c432817b7c2685dd2dac9d4d1971-1	2024-06-04T02:32:16.000Z	PGS	PGS-834f85c2-0999-11eb-a100-98be942a5b5a	2024-06-03T23:00:02Z	2024-06-03T23:59:59Z	exclude	provider_mixed_1e-4_and_1e-6_lattice
csb/csv/2024/06/04/20240604004908902353_0d1b6ce0-e5ec-40f1-99a9-2187e8d08bf4_pointData.csv	2499459	9223a7465ec5b24645af125ff6d0d025-1	2024-06-04T02:32:17.000Z	Rosepoint	ROSEP-0d1b6ce0-e5ec-40f1-99a9-2187e8d08bf4	2004-10-18T18:48:40Z	2004-10-19T00:49:04Z	keep	unique_1e-6_lattice_submission
csb/csv/2024/06/04/20240604005009827534_d6eb7b6d-04dc-4872-ba51-c3b4ce006807_pointData.csv	872850	acc35bcd39918f6d3e3f164a4f5ba77d-1	2024-06-04T02:32:17.000Z	FarSounder	FARSND-d6eb7b6d-04dc-4872-ba51-c3b4ce006807	2024-05-31T22:00:07.409Z	2024-06-01T01:09:31.395Z	exclude	provider_rolling_overlapping_resubmissions
csb/csv/2024/06/04/20240604010011291835_d6eb7b6d-04dc-4872-ba51-c3b4ce006807_pointData.csv	873622	0c1efecd8d57d3d118b41b66f5a2cbda-1	2024-06-04T02:32:17.000Z	FarSounder	FARSND-d6eb7b6d-04dc-4872-ba51-c3b4ce006807	2024-05-31T23:05:22.344Z	2024-06-01T02:32:45.432Z	exclude	provider_rolling_overlapping_resubmissions
csb/csv/2024/06/04/20240604010540708973_48e8b019-4141-4a35-bd63-b3be3e30b183_pointData.csv	3116884	475d63ca11b41e251a4810913f663814-1	2024-06-04T02:32:16.000Z	Rosepoint	ROSEP-48e8b019-4141-4a35-bd63-b3be3e30b183	2024-06-03T19:04:22Z	2024-06-04T01:05:35Z	keep	unique_1e-6_lattice_submission
csb/csv/2024/06/04/20240604010559047275_4411b9ca-6b0e-47d2-a6be-36e60a3b577a_pointData.csv	119866	30ee76bb4a221a33a1d74d0bf1e51cad-1	2024-06-04T02:32:17.000Z	Rosepoint	ROSEP-4411b9ca-6b0e-47d2-a6be-36e60a3b577a	2024-06-03T19:04:44Z	2024-06-04T01:05:02Z	keep	unique_1e-6_lattice_submission
csb/csv/2024/06/04/20240604010655849170_ec72276e-3e2b-4d56-82bb-111fc86cbd77_pointData.csv	190863	c323e1827a71c77752a145955e426137-1	2024-06-04T02:32:17.000Z	PGS	PGS-ec72276e-3e2b-4d56-82bb-111fc86cbd77	2024-06-03T23:00:01Z	2024-06-03T23:59:58Z	exclude	provider_mixed_1e-4_and_1e-6_lattice
csb/csv/2024/06/04/20240604011008961078_d6eb7b6d-04dc-4872-ba51-c3b4ce006807_pointData.csv	873418	9c770732b4eb573868d95d56a9f9b5e8-1	2024-06-04T02:32:19.000Z	FarSounder	FARSND-d6eb7b6d-04dc-4872-ba51-c3b4ce006807	2024-06-01T00:26:58.500Z	2024-06-01T03:56:17.401Z	exclude	provider_rolling_overlapping_resubmissions
csb/csv/2024/06/04/20240604011359301842_b46dfd84-2ce8-4a25-a16b-4af10b8eb60e_pointData.csv	585681	e69778187a43740b786204ce95357295-1	2024-06-04T02:32:16.000Z	Rosepoint	ROSEP-b46dfd84-2ce8-4a25-a16b-4af10b8eb60e	2024-06-03T19:13:20Z	2024-06-04T01:13:38Z	keep	unique_1e-6_lattice_submission
csb/csv/2024/06/04/20240604011439391733_3b0c5ff2-0998-11eb-8eb6-98be942a5b5a_pointData.csv	201023	97e9a21f578fdd0051fa49308c394753-1	2024-06-04T02:32:18.000Z	PGS	PGS-3b0c5ff2-0998-11eb-8eb6-98be942a5b5a	2024-06-03T23:00:02Z	2024-06-03T23:59:56Z	exclude	provider_mixed_1e-4_and_1e-6_lattice
csb/csv/2024/06/04/20240604012009178424_d6eb7b6d-04dc-4872-ba51-c3b4ce006807_pointData.csv	872035	8b4d7f5de65468d56b17e995993fba8b-1	2024-06-04T02:32:18.000Z	FarSounder	FARSND-d6eb7b6d-04dc-4872-ba51-c3b4ce006807	2024-06-01T00:26:58.500Z	2024-06-01T05:19:34.367Z	exclude	provider_rolling_overlapping_resubmissions
csb/csv/2024/06/04/20240604012715177161_834f85c2-0999-11eb-a100-98be942a5b5a_pointData.csv	192952	3683eca1526f7382f584a21c43aefb43-1	2024-06-04T02:32:17.000Z	PGS	PGS-834f85c2-0999-11eb-a100-98be942a5b5a	2024-06-04T00:00:02Z	2024-06-04T00:59:59Z	exclude	provider_mixed_1e-4_and_1e-6_lattice
csb/csv/2024/06/04/20240604012836081513_08b541ee-eb9f-11ee-8abd-bd300fe11e8a_pointData.csv	275731	92590a470ecb94d04542f41ef9a7bf65-1	2024-06-04T02:32:17.000Z	GLOS	GLOS-08b541ee-eb9f-11ee-8abd-bd300fe11e8a	2024-06-03T20:59:55Z	2024-06-03T21:30:14Z	keep	unique_1e-6_lattice_submission
csb/csv/2024/06/04/20240604012836676219_08b541ee-eb9f-11ee-8abd-bd300fe11e8a_pointData.csv	275731	90877a4e26aafa9ec0339e3aa003bf87-1	2024-06-04T02:32:17.000Z	GLOS	GLOS-08b541ee-eb9f-11ee-8abd-bd300fe11e8a	2024-06-03T20:59:55Z	2024-06-03T21:30:14Z	exclude	exact_reupload_of:20240604012836081513_08b541ee-eb9f-11ee-8abd-bd300fe11e8a_pointData.csv
csb/csv/2024/06/04/20240604012931276702_08b541ee-eb9f-11ee-8abd-bd300fe11e8a_pointData.csv	275674	a1f17a0191e7b625d86785efdbd3c787-1	2024-06-04T02:32:18.000Z	GLOS	GLOS-08b541ee-eb9f-11ee-8abd-bd300fe11e8a	2024-06-03T21:30:16Z	2024-06-03T21:58:15Z	keep	unique_1e-6_lattice_submission
csb/csv/2024/06/04/20240604012931986046_08b541ee-eb9f-11ee-8abd-bd300fe11e8a_pointData.csv	275674	ef66c7f3f3f24880399a65591936d5d2-1	2024-06-04T02:32:20.000Z	GLOS	GLOS-08b541ee-eb9f-11ee-8abd-bd300fe11e8a	2024-06-03T21:30:16Z	2024-06-03T21:58:15Z	exclude	exact_reupload_of:20240604012931276702_08b541ee-eb9f-11ee-8abd-bd300fe11e8a_pointData.csv
csb/csv/2024/06/04/20240604013009613425_d6eb7b6d-04dc-4872-ba51-c3b4ce006807_pointData.csv	871428	450ba8a0eeb9b0e7d07db2b3df651146-1	2024-06-04T02:32:17.000Z	FarSounder	FARSND-d6eb7b6d-04dc-4872-ba51-c3b4ce006807	2024-06-01T04:47:56.462Z	2024-06-01T06:43:23.343Z	exclude	provider_rolling_overlapping_resubmissions
csb/csv/2024/06/04/20240604014009507959_d6eb7b6d-04dc-4872-ba51-c3b4ce006807_pointData.csv	872244	64847d64a1e0f1c7bb54d9b6dd0a8ed9-1	2024-06-04T02:32:19.000Z	FarSounder	FARSND-d6eb7b6d-04dc-4872-ba51-c3b4ce006807	2024-06-01T05:36:43.996Z	2024-06-01T08:06:38.373Z	exclude	provider_rolling_overlapping_resubmissions
csb/csv/2024/06/04/20240604014513847708_251e0ec1-5645-476e-8563-9f34939f5d72_pointData.csv	230153	23cc205d96725342e1781c6c5ac74a23-1	2024-06-04T02:32:19.000Z	Rosepoint	ROSEP-251e0ec1-5645-476e-8563-9f34939f5d72	2024-06-03T19:44:53Z	2024-06-04T01:44:25Z	keep	unique_1e-6_lattice_submission
csb/csv/2024/06/04/20240604015008852750_d6eb7b6d-04dc-4872-ba51-c3b4ce006807_pointData.csv	873489	8b55878ac6b099ce4aaf11c28b59ab21-1	2024-06-04T02:32:18.000Z	FarSounder	FARSND-d6eb7b6d-04dc-4872-ba51-c3b4ce006807	2024-06-01T05:36:43.996Z	2024-06-01T09:29:57.458Z	exclude	provider_rolling_overlapping_resubmissions
csb/csv/2024/06/04/20240604020010075346_d6eb7b6d-04dc-4872-ba51-c3b4ce006807_pointData.csv	870742	7891db24b82cdc7149c4768a864185c7-1	2024-06-04T02:32:18.000Z	FarSounder	FARSND-d6eb7b6d-04dc-4872-ba51-c3b4ce006807	2024-06-01T08:40:32.990Z	2024-06-01T10:53:15.365Z	exclude	provider_rolling_overlapping_resubmissions
csb/csv/2024/06/04/20240604021010105710_d6eb7b6d-04dc-4872-ba51-c3b4ce006807_pointData.csv	870526	1f167c631303698fba1335ad980b6c4d-1	2024-06-04T02:32:18.000Z	FarSounder	FARSND-d6eb7b6d-04dc-4872-ba51-c3b4ce006807	2024-06-01T10:14:53.684Z	2024-06-01T12:16:37.331Z	exclude	provider_rolling_overlapping_resubmissions
csb/csv/2024/06/04/20240604022009483208_cb1bbd67-78e2-4b5f-97e4-4ab1661c7454_pointData.csv	59591	18d6b53c767c089ec63e5bdb8c21717e-1	2024-06-04T02:32:19.000Z	Rosepoint	ROSEP-cb1bbd67-78e2-4b5f-97e4-4ab1661c7454	2024-06-03T20:19:24Z	2024-06-04T02:19:30Z	keep	unique_1e-6_lattice_submission
csb/csv/2024/06/04/20240604022009947951_d6eb7b6d-04dc-4872-ba51-c3b4ce006807_pointData.csv	871200	03147d7f7cd690d39efe7ee24e7b099f-1	2024-06-04T02:32:19.000Z	FarSounder	FARSND-d6eb7b6d-04dc-4872-ba51-c3b4ce006807	2024-06-01T11:20:24.912Z	2024-06-01T13:39:38.369Z	exclude	provider_rolling_overlapping_resubmissions
csb/csv/2024/06/04/20240604022428063530_ec72276e-3e2b-4d56-82bb-111fc86cbd77_pointData.csv	190863	68e5858055a028b1cbee6d6d368a516a-1	2024-06-04T02:32:18.000Z	PGS	PGS-ec72276e-3e2b-4d56-82bb-111fc86cbd77	2024-06-04T00:00:01Z	2024-06-04T00:59:58Z	exclude	provider_mixed_1e-4_and_1e-6_lattice
csb/csv/2024/06/04/20240604023055256976_3b0c5ff2-0998-11eb-8eb6-98be942a5b5a_pointData.csv	200148	103455965fea313164fa89a733e36ad1-1	2024-06-04T02:32:19.000Z	PGS	PGS-3b0c5ff2-0998-11eb-8eb6-98be942a5b5a	2024-06-03T23:59:59Z	2024-06-04T00:59:57Z	exclude	provider_mixed_1e-4_and_1e-6_lattice
csb/csv/2024/06/04/20240604023056722958_d6eb7b6d-04dc-4872-ba51-c3b4ce006807_pointData.csv	871295	96b24f41cb383dc20e1fe0eb890db8b3-1	2024-06-04T02:32:19.000Z	FarSounder	FARSND-d6eb7b6d-04dc-4872-ba51-c3b4ce006807	2024-06-01T11:20:24.912Z	2024-06-01T15:02:42.312Z	exclude	provider_rolling_overlapping_resubmissions
csb/csv/2024/06/04/20240604023908646640_834f85c2-0999-11eb-a100-98be942a5b5a_pointData.csv	192958	e4f922629981138058fef34ea75e09e4-1	2024-06-04T08:08:25.000Z	PGS	PGS-834f85c2-0999-11eb-a100-98be942a5b5a	2024-06-04T01:00:02Z	2024-06-04T01:59:59Z	exclude	provider_mixed_1e-4_and_1e-6_lattice
csb/csv/2024/06/04/20240604024011756512_d6eb7b6d-04dc-4872-ba51-c3b4ce006807_pointData.csv	869544	6baf7504eb9125e3803e9212b78a85e5-1	2024-06-04T08:08:25.000Z	FarSounder	FARSND-d6eb7b6d-04dc-4872-ba51-c3b4ce006807	2024-06-01T11:20:24.912Z	2024-06-01T16:25:50.320Z	exclude	provider_rolling_overlapping_resubmissions
csb/csv/2024/06/04/20240604024626976223_4f651d43-9a33-452c-9299-6ab08ed9d831_pointData.csv	106536	27bc1f8716fd74d04cffde5f2ac48e5b-1	2024-06-04T08:08:25.000Z	Rosepoint	ROSEP-4f651d43-9a33-452c-9299-6ab08ed9d831	2024-06-03T20:45:17Z	2024-06-04T02:45:51Z	keep	unique_1e-6_lattice_submission
csb/csv/2024/06/04/20240604024723826719_0dc4d7c1-f541-476d-a76b-72fb09ad1bd2_pointData.csv	62914	bcad5977fb33471b279369b067bff18c-1	2024-06-04T08:08:26.000Z	Rosepoint	ROSEP-0dc4d7c1-f541-476d-a76b-72fb09ad1bd2	2024-06-03T20:46:05Z	2024-06-04T02:47:11Z	keep	unique_1e-6_lattice_submission
csb/csv/2024/06/04/20240604025011337396_d6eb7b6d-04dc-4872-ba51-c3b4ce006807_pointData.csv	870043	ede34bc3441583239d305da19ff51da5-1	2024-06-04T08:08:26.000Z	FarSounder	FARSND-d6eb7b6d-04dc-4872-ba51-c3b4ce006807	2024-06-01T11:20:24.912Z	2024-06-01T17:48:56.385Z	exclude	provider_rolling_overlapping_resubmissions
csb/csv/2024/06/04/20240604030011950971_d6eb7b6d-04dc-4872-ba51-c3b4ce006807_pointData.csv	869647	e89b69c550c0276b46cb992657ec3fe8-1	2024-06-04T08:08:26.000Z	FarSounder	FARSND-d6eb7b6d-04dc-4872-ba51-c3b4ce006807	2024-06-01T11:31:52.634Z	2024-06-01T19:11:54.365Z	exclude	provider_rolling_overlapping_resubmissions
csb/csv/2024/06/04/20240604031010812820_d6eb7b6d-04dc-4872-ba51-c3b4ce006807_pointData.csv	871347	dfac040d3643912893d83965525afe9d-1	2024-06-04T08:08:27.000Z	FarSounder	FARSND-d6eb7b6d-04dc-4872-ba51-c3b4ce006807	2024-06-01T11:31:52.634Z	2024-06-01T20:34:54.327Z	exclude	provider_rolling_overlapping_resubmissions
csb/csv/2024/06/04/20240604031712557940_834f85c2-0999-11eb-a100-98be942a5b5a_pointData.csv	193020	4d1d289f2e444ffd733bb8edd680fe07-1	2024-06-04T08:08:26.000Z	PGS	PGS-834f85c2-0999-11eb-a100-98be942a5b5a	2024-06-04T02:00:02Z	2024-06-04T02:59:59Z	exclude	provider_mixed_1e-4_and_1e-6_lattice
csb/csv/2024/06/04/20240604032012379712_d6eb7b6d-04dc-4872-ba51-c3b4ce006807_pointData.csv	871762	54ce38e320431d71b6e68a550bc2d0a0-1	2024-06-04T08:08:26.000Z	FarSounder	FARSND-d6eb7b6d-04dc-4872-ba51-c3b4ce006807	2024-06-01T11:31:52.634Z	2024-06-01T21:58:00.328Z	exclude	provider_rolling_overlapping_resubmissions
csb/csv/2024/06/04/20240604033012523740_d6eb7b6d-04dc-4872-ba51-c3b4ce006807_pointData.csv	869676	d99448e2c01e6bc0cd99120e38bda422-1	2024-06-04T08:08:27.000Z	FarSounder	FARSND-d6eb7b6d-04dc-4872-ba51-c3b4ce006807	2024-06-01T11:31:52.634Z	2024-06-01T23:21:08.320Z	exclude	provider_rolling_overlapping_resubmissions
csb/csv/2024/06/04/20240604033945539730_ec72276e-3e2b-4d56-82bb-111fc86cbd77_pointData.csv	190863	9e1cf39597b21006b8ea1804258e4a82-1	2024-06-04T08:08:26.000Z	PGS	PGS-ec72276e-3e2b-4d56-82bb-111fc86cbd77	2024-06-04T01:00:01Z	2024-06-04T01:59:58Z	exclude	provider_mixed_1e-4_and_1e-6_lattice
csb/csv/2024/06/04/20240604034011450245_d6eb7b6d-04dc-4872-ba51-c3b4ce006807_pointData.csv	872063	98e0e8eba21da23ed103ebea75bc5f00-1	2024-06-04T08:08:28.000Z	FarSounder	FARSND-d6eb7b6d-04dc-4872-ba51-c3b4ce006807	2024-06-01T11:31:52.634Z	2024-06-02T00:44:14.309Z	exclude	provider_rolling_overlapping_resubmissions
csb/csv/2024/06/04/20240604034047468597_c397eae3-6787-4d49-abbe-1de3758956f5_pointData.csv	61063	faef120600dd552f3cfc8dc6f2ded50c-1	2024-06-04T08:08:26.000Z	Rosepoint	ROSEP-c397eae3-6787-4d49-abbe-1de3758956f5	2024-06-03T21:41:26Z	2024-06-04T03:39:53Z	keep	unique_1e-6_lattice_submission
csb/csv/2024/06/04/20240604034055482264_398c56de-e541-4380-9ee4-589ec53f46f6_pointData.csv	152538	15914984ccef592d0483ab19dfa3c902-1	2024-06-04T08:08:27.000Z	Rosepoint	ROSEP-398c56de-e541-4380-9ee4-589ec53f46f6	2024-06-03T21:39:08Z	2024-06-04T03:40:54Z	keep	unique_1e-6_lattice_submission
csb/csv/2024/06/04/20240604034249603147_c21bff07-b678-4dfb-ab54-a111660d6cfa_pointData.csv	925803	5c3c0d798ce49e55f5af737f5dd8ee3a-1	2024-06-04T08:08:27.000Z	Rosepoint	ROSEP-c21bff07-b678-4dfb-ab54-a111660d6cfa	2024-06-03T21:42:20Z	2024-06-04T03:42:32Z	keep	unique_1e-6_lattice_submission
csb/csv/2024/06/04/20240604034726939969_3b0c5ff2-0998-11eb-8eb6-98be942a5b5a_pointData.csv	201213	83248ab50422c6c7dacd93be408a35f4-1	2024-06-04T08:08:27.000Z	PGS	PGS-3b0c5ff2-0998-11eb-8eb6-98be942a5b5a	2024-06-04T01:00:00Z	2024-06-04T01:59:57Z	exclude	provider_mixed_1e-4_and_1e-6_lattice
csb/csv/2024/06/04/20240604035017427933_d6eb7b6d-04dc-4872-ba51-c3b4ce006807_pointData.csv	872449	4b7fa3162bb20bfc5b3e008f43aaf3bb-1	2024-06-04T08:08:27.000Z	FarSounder	FARSND-d6eb7b6d-04dc-4872-ba51-c3b4ce006807	2024-06-01T11:31:52.634Z	2024-06-02T02:07:26.369Z	exclude	provider_rolling_overlapping_resubmissions
csb/csv/2024/06/04/20240604035448992781_373e61a4-5650-43be-800f-e6197634cf6f_pointData.csv	3358847	0984a01b7fb2c8b090e1b4e4b032ac3b-1	2024-06-04T08:08:30.000Z	Rosepoint	ROSEP-373e61a4-5650-43be-800f-e6197634cf6f	2024-06-03T21:52:19Z	2024-06-04T03:54:43Z	keep	unique_1e-6_lattice_submission
csb/csv/2024/06/04/20240604035707338491_071ba46a-9793-4306-a970-8461bae10e77_pointData.csv	58372	c98ee4bcc00cd18812de036352c16cb8-1	2024-06-04T08:08:27.000Z	Rosepoint	ROSEP-071ba46a-9793-4306-a970-8461bae10e77	2004-10-18T21:56:07Z	2004-10-19T03:56:20Z	keep	unique_1e-6_lattice_submission
csb/csv/2024/06/04/20240604040019522293_d6eb7b6d-04dc-4872-ba51-c3b4ce006807_pointData.csv	873050	90ca94d962dec7d87d767f070d30e7ac-1	2024-06-04T08:08:27.000Z	FarSounder	FARSND-d6eb7b6d-04dc-4872-ba51-c3b4ce006807	2024-06-01T11:31:52.634Z	2024-06-02T03:30:41.348Z	exclude	provider_rolling_overlapping_resubmissions
csb/csv/2024/06/04/20240604041016347792_d6eb7b6d-04dc-4872-ba51-c3b4ce006807_pointData.csv	871899	1c97bfbb1ec7816c5a2669a45b0cd910-1	2024-06-04T08:08:28.000Z	FarSounder	FARSND-d6eb7b6d-04dc-4872-ba51-c3b4ce006807	2024-06-01T11:31:52.634Z	2024-06-02T04:53:56.328Z	exclude	provider_rolling_overlapping_resubmissions
csb/csv/2024/06/04/20240604041037641128_4606e387-998b-46fb-b5a6-02c7eafa03da_pointData.csv	1546136	93dc0255f86eacf6a9ee5fba33b5d68a-1	2024-06-04T08:08:29.000Z	Rosepoint	ROSEP-4606e387-998b-46fb-b5a6-02c7eafa03da	2004-10-18T22:10:14Z	2004-10-19T04:10:02Z	keep	unique_1e-6_lattice_submission
csb/csv/2024/06/04/20240604041903331289_ec72276e-3e2b-4d56-82bb-111fc86cbd77_pointData.csv	190863	c2c34e169c6787c2656c0d18727e4046-1	2024-06-04T08:08:28.000Z	PGS	PGS-ec72276e-3e2b-4d56-82bb-111fc86cbd77	2024-06-04T02:00:01Z	2024-06-04T02:59:58Z	exclude	provider_mixed_1e-4_and_1e-6_lattice
csb/csv/2024/06/04/20240604042014485238_d6eb7b6d-04dc-4872-ba51-c3b4ce006807_pointData.csv	873401	ea1dc2f705e7d3d86cb3189c36b74a99-1	2024-06-04T08:08:31.000Z	FarSounder	FARSND-d6eb7b6d-04dc-4872-ba51-c3b4ce006807	2024-06-01T11:31:52.634Z	2024-06-02T06:17:26.328Z	exclude	provider_rolling_overlapping_resubmissions
csb/csv/2024/06/04/20240604042543291909_3b0c5ff2-0998-11eb-8eb6-98be942a5b5a_pointData.csv	201142	19b4b7a34dd97e483b621966a8b2a93a-1	2024-06-04T08:08:28.000Z	PGS	PGS-3b0c5ff2-0998-11eb-8eb6-98be942a5b5a	2024-06-04T02:00:00Z	2024-06-04T02:59:57Z	exclude	provider_mixed_1e-4_and_1e-6_lattice
csb/csv/2024/06/04/20240604043012910227_d6eb7b6d-04dc-4872-ba51-c3b4ce006807_pointData.csv	872275	f124c00dc32d5158003cce6e16d65b6a-1	2024-06-04T08:08:29.000Z	FarSounder	FARSND-d6eb7b6d-04dc-4872-ba51-c3b4ce006807	2024-06-02T04:04:58.117Z	2024-06-02T07:40:43.338Z	exclude	provider_rolling_overlapping_resubmissions
csb/csv/2024/06/04/20240604043354132926_e557a017-0c75-4365-808a-680673bbb79e_pointData.csv	1090447	fa42e599c5f3c399b34e5787b75c94d3-1	2024-06-04T08:08:30.000Z	Rosepoint	ROSEP-e557a017-0c75-4365-808a-680673bbb79e	2024-06-03T22:32:34Z	2024-06-04T04:33:37Z	keep	unique_1e-6_lattice_submission
csb/csv/2024/06/04/20240604043649739411_834f85c2-0999-11eb-a100-98be942a5b5a_pointData.csv	192984	cba73b8460475b263d86ae9e6ead2bc5-1	2024-06-04T08:08:28.000Z	PGS	PGS-834f85c2-0999-11eb-a100-98be942a5b5a	2024-06-04T03:00:02Z	2024-06-04T03:59:59Z	exclude	provider_mixed_1e-4_and_1e-6_lattice
csb/csv/2024/06/04/20240604044012329007_d6eb7b6d-04dc-4872-ba51-c3b4ce006807_pointData.csv	873686	95d90791ad3aa7da36e01d5ee0d18846-1	2024-06-04T08:08:32.000Z	FarSounder	FARSND-d6eb7b6d-04dc-4872-ba51-c3b4ce006807	2024-06-02T06:51:47.034Z	2024-06-02T09:04:01.251Z	exclude	provider_rolling_overlapping_resubmissions
csb/csv/2024/06/04/20240604044359637983_62641c86-2ffe-4cee-b9c0-7ee36c1ad599_pointData.csv	910867	b03f1c95794d0eeec986833a9d4a7c1e-1	2024-06-04T08:08:29.000Z	Rosepoint	ROSEP-62641c86-2ffe-4cee-b9c0-7ee36c1ad599	2024-06-03T22:44:18Z	2024-06-04T04:43:30Z	keep	unique_1e-6_lattice_submission
csb/csv/2024/06/04/20240604044858898049_70946e11-d3aa-412d-8427-c23af3e246e3_pointData.csv	63662	9ab5978d9f85930ca8003a140ded3660-1	2024-06-04T08:08:30.000Z	Rosepoint	ROSEP-70946e11-d3aa-412d-8427-c23af3e246e3	2024-06-03T22:48:01Z	2024-06-04T04:48:08Z	keep	unique_1e-6_lattice_submission
csb/csv/2024/06/04/20240604045011278756_d6eb7b6d-04dc-4872-ba51-c3b4ce006807_pointData.csv	872960	83dc93800c5d4718c8679228f0fe5a2a-1	2024-06-04T08:08:31.000Z	FarSounder	FARSND-d6eb7b6d-04dc-4872-ba51-c3b4ce006807	2024-06-02T08:26:04.622Z	2024-06-02T10:27:21.328Z	exclude	provider_rolling_overlapping_resubmissions
csb/csv/2024/06/04/20240604045344233665_11ce5241-356b-43ba-9456-f56555e0751a_pointData.csv	61324	9c5930c7c37028ee5a39099dcc22181c-1	2024-06-04T08:08:30.000Z	Rosepoint	ROSEP-11ce5241-356b-43ba-9456-f56555e0751a	2024-06-03T22:52:21Z	2024-06-04T04:53:18Z	keep	unique_1e-6_lattice_submission
csb/csv/2024/06/04/20240604050012759755_d6eb7b6d-04dc-4872-ba51-c3b4ce006807_pointData.csv	872329	575ece7450e7e12487befff527192b88-1	2024-06-04T08:08:30.000Z	FarSounder	FARSND-d6eb7b6d-04dc-4872-ba51-c3b4ce006807	2024-06-02T08:26:04.622Z	2024-06-02T11:50:37.360Z	exclude	provider_rolling_overlapping_resubmissions
csb/csv/2024/06/04/20240604050631504821_53df1aa6-1feb-47dc-a374-3880fae210fd_pointData.csv	3427048	812c737f3bfdceba99c621c7722406a1-1	2024-06-04T08:08:31.000Z	Rosepoint	ROSEP-53df1aa6-1feb-47dc-a374-3880fae210fd	2024-06-03T15:18:44Z	2024-06-03T23:04:50Z	keep	unique_1e-6_lattice_submission
csb/csv/2024/06/04/20240604051012651201_d6eb7b6d-04dc-4872-ba51-c3b4ce006807_pointData.csv	873159	f115b1ee64314088357d2822d975d990-1	2024-06-04T08:08:31.000Z	FarSounder	FARSND-d6eb7b6d-04dc-4872-ba51-c3b4ce006807	2024-06-02T09:31:37.178Z	2024-06-02T13:13:57.261Z	exclude	provider_rolling_overlapping_resubmissions
csb/csv/2024/06/04/20240604051305512558_8250175b-3c29-4906-8437-5106955c99c6_pointData.csv	61353	8bd117f484216c8565765bf48bb2a5d8-1	2024-06-04T08:08:31.000Z	Rosepoint	ROSEP-8250175b-3c29-4906-8437-5106955c99c6	2024-06-03T23:13:02Z	2024-06-04T05:12:33Z	keep	unique_1e-6_lattice_submission
csb/csv/2024/06/04/20240604051540979036_834f85c2-0999-11eb-a100-98be942a5b5a_pointData.csv	192851	bb5badf1019aa8b3d6d054ed84af0b34-1	2024-06-04T08:08:31.000Z	PGS	PGS-834f85c2-0999-11eb-a100-98be942a5b5a	2024-06-04T04:00:02Z	2024-06-04T04:59:56Z	exclude	provider_mixed_1e-4_and_1e-6_lattice
csb/csv/2024/06/04/20240604052012449796_d6eb7b6d-04dc-4872-ba51-c3b4ce006807_pointData.csv	872132	f73072b2a01c0183d8a79b209c85451c-1	2024-06-04T08:08:32.000Z	FarSounder	FARSND-d6eb7b6d-04dc-4872-ba51-c3b4ce006807	2024-06-02T09:31:37.178Z	2024-06-02T14:37:13.303Z	exclude	provider_rolling_overlapping_resubmissions
csb/csv/2024/06/04/20240604053013297294_d6eb7b6d-04dc-4872-ba51-c3b4ce006807_pointData.csv	870900	dc4861114cb0597ecc73fc2fcf2a537b-1	2024-06-04T08:08:31.000Z	FarSounder	FARSND-d6eb7b6d-04dc-4872-ba51-c3b4ce006807	2024-06-02T13:00:22.202Z	2024-06-02T16:00:37.247Z	exclude	provider_rolling_overlapping_resubmissions
csb/csv/2024/06/04/20240604054003277963_ec72276e-3e2b-4d56-82bb-111fc86cbd77_pointData.csv	190863	dc910738c37f24cad93619c8e54fe711-1	2024-06-04T08:08:32.000Z	PGS	PGS-ec72276e-3e2b-4d56-82bb-111fc86cbd77	2024-06-04T03:00:01Z	2024-06-04T03:59:58Z	exclude	provider_mixed_1e-4_and_1e-6_lattice
csb/csv/2024/06/04/20240604054012715625_d6eb7b6d-04dc-4872-ba51-c3b4ce006807_pointData.csv	871814	e086fedb9d7df50c0991cb3d23e52d49-1	2024-06-04T08:08:32.000Z	FarSounder	FARSND-d6eb7b6d-04dc-4872-ba51-c3b4ce006807	2024-06-02T14:38:27.261Z	2024-06-02T17:23:49.221Z	exclude	provider_rolling_overlapping_resubmissions
csb/csv/2024/06/04/20240604054525351888_3b0c5ff2-0998-11eb-8eb6-98be942a5b5a_pointData.csv	200462	165ee8dae435c1e5d51d9988bb5f79ff-1	2024-06-04T08:08:35.000Z	PGS	PGS-3b0c5ff2-0998-11eb-8eb6-98be942a5b5a	2024-06-04T03:00:00Z	2024-06-04T03:59:57Z	exclude	provider_mixed_1e-4_and_1e-6_lattice
csb/csv/2024/06/04/20240604055031704326_d6eb7b6d-04dc-4872-ba51-c3b4ce006807_pointData.csv	870670	e9d1abf675206374feeee88803e2328a-1	2024-06-04T08:08:32.000Z	FarSounder	FARSND-d6eb7b6d-04dc-4872-ba51-c3b4ce006807	2024-06-02T14:58:16.588Z	2024-06-02T18:47:03.256Z	exclude	provider_rolling_overlapping_resubmissions
csb/csv/2024/06/04/20240604055411700311_f73d4b8d-97c0-48ab-9200-c313709c76d0_pointData.csv	61688	bccd40e3109d5b9b21bf55120984ac8b-1	2024-06-04T08:08:33.000Z	Rosepoint	ROSEP-f73d4b8d-97c0-48ab-9200-c313709c76d0	2024-06-03T23:53:06Z	2024-06-04T05:53:55Z	keep	unique_1e-6_lattice_submission
csb/csv/2024/06/04/20240604060008938358_d6eb7b6d-04dc-4872-ba51-c3b4ce006807_pointData.csv	872855	c1bd9184e83a5e71ea4cca2684a3c277-1	2024-06-04T08:08:33.000Z	FarSounder	FARSND-d6eb7b6d-04dc-4872-ba51-c3b4ce006807	2024-06-02T14:58:16.588Z	2024-06-02T20:10:18.279Z	exclude	provider_rolling_overlapping_resubmissions
csb/csv/2024/06/04/20240604062008704486_d6eb7b6d-04dc-4872-ba51-c3b4ce006807_pointData.csv	870924	9938bbfdb834d514a33123abc8619edf-1	2024-06-04T08:08:33.000Z	FarSounder	FARSND-d6eb7b6d-04dc-4872-ba51-c3b4ce006807	2024-06-02T19:19:29.409Z	2024-06-02T22:56:55.231Z	exclude	provider_rolling_overlapping_resubmissions
csb/csv/2024/06/04/20240604062253687543_cdd0edb8-c483-4c48-be4d-93f29dcbc26c_pointData.csv	59915	b56c15159349ccb7f1fe2fe6cb030c18-1	2024-06-04T08:08:32.000Z	Rosepoint	ROSEP-cdd0edb8-c483-4c48-be4d-93f29dcbc26c	2024-06-04T00:23:07Z	2024-06-04T06:22:11Z	keep	unique_1e-6_lattice_submission
csb/csv/2024/06/04/20240604062843399780_ec72276e-3e2b-4d56-82bb-111fc86cbd77_pointData.csv	190863	ca3180cc0adcf2d3194dc5dac31a97be-1	2024-06-04T08:08:33.000Z	PGS	PGS-ec72276e-3e2b-4d56-82bb-111fc86cbd77	2024-06-04T04:00:01Z	2024-06-04T04:59:58Z	exclude	provider_mixed_1e-4_and_1e-6_lattice
csb/csv/2024/06/04/20240604063009069089_d6eb7b6d-04dc-4872-ba51-c3b4ce006807_pointData.csv	872986	a2ee16c248167d9815ca6dd75b4edf71-1	2024-06-04T08:08:33.000Z	FarSounder	FARSND-d6eb7b6d-04dc-4872-ba51-c3b4ce006807	2024-06-02T21:56:58.405Z	2024-06-03T00:20:12.175Z	exclude	provider_rolling_overlapping_resubmissions
csb/csv/2024/06/04/20240604063212369952_061e2f30-c234-4cf0-b880-42bb03ab857d_pointData.csv	59230	430952cc8a1927f6974255eb0a8f3bdc-1	2024-06-04T08:08:33.000Z	Rosepoint	ROSEP-061e2f30-c234-4cf0-b880-42bb03ab857d	2024-06-04T00:31:35Z	2024-06-04T06:31:37Z	keep	unique_1e-6_lattice_submission
csb/csv/2024/06/04/20240604063456958833_56f26f84-bafc-4b36-8454-b8546bddcf1d_pointData.csv	62881	0bf2a504c561fea8131f46c96e7a8ac1-1	2024-06-04T08:08:34.000Z	Rosepoint	ROSEP-56f26f84-bafc-4b36-8454-b8546bddcf1d	2004-10-19T00:33:50Z	2004-10-19T06:34:19Z	keep	unique_1e-6_lattice_submission
csb/csv/2024/06/04/20240604063630052422_3b0c5ff2-0998-11eb-8eb6-98be942a5b5a_pointData.csv	196582	22d39d3045660df90fd3a1a22a34fd36-1	2024-06-04T08:08:32.000Z	PGS	PGS-3b0c5ff2-0998-11eb-8eb6-98be942a5b5a	2024-06-04T04:00:00Z	2024-06-04T04:59:57Z	exclude	provider_mixed_1e-4_and_1e-6_lattice
csb/csv/2024/06/04/20240604063841108547_e150d9fe-d3d7-4d47-ba18-f82688e01b85_pointData.csv	60098	89428fb51498a0f8105b78971a123d25-1	2024-06-04T08:08:36.000Z	Rosepoint	ROSEP-e150d9fe-d3d7-4d47-ba18-f82688e01b85	2024-06-04T00:36:37Z	2024-06-04T06:37:58Z	keep	unique_1e-6_lattice_submission
csb/csv/2024/06/04/20240604064009243383_d6eb7b6d-04dc-4872-ba51-c3b4ce006807_pointData.csv	873065	350c3d4bedcace311a5412c35dc7889c-1	2024-06-04T08:08:34.000Z	FarSounder	FARSND-d6eb7b6d-04dc-4872-ba51-c3b4ce006807	2024-06-02T21:56:58.405Z	2024-06-03T01:43:27.210Z	exclude	provider_rolling_overlapping_resubmissions
csb/csv/2024/06/04/20240604064436249859_672e2884-f0ed-44dc-b9bb-56d79261e4f1_pointData.csv	60794	5d86b20b972d5bb1d86e9d61c4789fb7-1	2024-06-04T08:08:33.000Z	Rosepoint	ROSEP-672e2884-f0ed-44dc-b9bb-56d79261e4f1	2024-06-04T00:43:57Z	2024-06-04T06:44:05Z	keep	unique_1e-6_lattice_submission
csb/csv/2024/06/04/20240604064935640582_0d1b6ce0-e5ec-40f1-99a9-2187e8d08bf4_pointData.csv	1534974	30fea1f8c1634e8d38e0eba6793bbcee-1	2024-06-04T08:08:34.000Z	Rosepoint	ROSEP-0d1b6ce0-e5ec-40f1-99a9-2187e8d08bf4	2004-10-19T00:49:05Z	2004-10-19T06:49:32Z	keep	unique_1e-6_lattice_submission
csb/csv/2024/06/04/20240604065009139379_d6eb7b6d-04dc-4872-ba51-c3b4ce006807_pointData.csv	873359	8aabcf475b5782d5eabf73c264ef69c9-1	2024-06-04T08:08:34.000Z	FarSounder	FARSND-d6eb7b6d-04dc-4872-ba51-c3b4ce006807	2024-06-02T23:40:33.461Z	2024-06-03T03:06:44.229Z	exclude	provider_rolling_overlapping_resubmissions
csb/csv/2024/06/04/20240604065116201302_834f85c2-0999-11eb-a100-98be942a5b5a_pointData.csv	192993	9587a98c452401f2f49d26d45ed928f6-1	2024-06-04T08:08:34.000Z	PGS	PGS-834f85c2-0999-11eb-a100-98be942a5b5a	2024-06-04T04:59:59Z	2024-06-04T05:59:57Z	exclude	provider_mixed_1e-4_and_1e-6_lattice
csb/csv/2024/06/04/20240604070009908289_d6eb7b6d-04dc-4872-ba51-c3b4ce006807_pointData.csv	873040	03ea2c7355514025dd04bc2c7f3bff2a-1	2024-06-04T08:08:36.000Z	FarSounder	FARSND-d6eb7b6d-04dc-4872-ba51-c3b4ce006807	2024-06-03T01:46:19.188Z	2024-06-03T04:30:03.177Z	exclude	provider_rolling_overlapping_resubmissions
csb/csv/2024/06/04/20240604070603459392_48e8b019-4141-4a35-bd63-b3be3e30b183_pointData.csv	3614842	e3d7885b734fedecaccc9b4b65c2040a-1	2024-06-04T08:08:35.000Z	Rosepoint	ROSEP-48e8b019-4141-4a35-bd63-b3be3e30b183	2024-06-04T01:05:36Z	2024-06-04T07:05:57Z	keep	unique_1e-6_lattice_submission
csb/csv/2024/06/04/20240604070727416871_4411b9ca-6b0e-47d2-a6be-36e60a3b577a_pointData.csv	1011404	1bae41f689c6ddc7fd57c4e069db24be-1	2024-06-04T08:08:35.000Z	Rosepoint	ROSEP-4411b9ca-6b0e-47d2-a6be-36e60a3b577a	2024-06-04T01:06:03Z	2024-06-04T07:06:31Z	keep	unique_1e-6_lattice_submission
csb/csv/2024/06/04/20240604071009646461_d6eb7b6d-04dc-4872-ba51-c3b4ce006807_pointData.csv	871512	e64339b4e3989ad03dd46772e08a9953-1	2024-06-04T08:08:35.000Z	FarSounder	FARSND-d6eb7b6d-04dc-4872-ba51-c3b4ce006807	2024-06-03T03:09:19.514Z	2024-06-03T05:53:22.207Z	exclude	provider_rolling_overlapping_resubmissions
csb/csv/2024/06/04/20240604071212967073_ec72276e-3e2b-4d56-82bb-111fc86cbd77_pointData.csv	190863	001316d76e14b2583ddf3e93c73f2f11-1	2024-06-04T08:08:33.000Z	PGS	PGS-ec72276e-3e2b-4d56-82bb-111fc86cbd77	2024-06-04T05:00:01Z	2024-06-04T05:59:59Z	exclude	provider_mixed_1e-4_and_1e-6_lattice
csb/csv/2024/06/04/20240604071518379732_b46dfd84-2ce8-4a25-a16b-4af10b8eb60e_pointData.csv	61681	2bf95d80db596d75a578da2e35cc598f-1	2024-06-04T08:08:37.000Z	Rosepoint	ROSEP-b46dfd84-2ce8-4a25-a16b-4af10b8eb60e	2024-06-04T01:14:39Z	2024-06-04T07:14:43Z	keep	unique_1e-6_lattice_submission
csb/csv/2024/06/04/20240604071611709751_3b0c5ff2-0998-11eb-8eb6-98be942a5b5a_pointData.csv	200164	b91c032c21526756f191c18f575ce2eb-1	2024-06-04T13:34:54.000Z	PGS	PGS-3b0c5ff2-0998-11eb-8eb6-98be942a5b5a	2024-06-04T05:00:00Z	2024-06-04T05:59:57Z	exclude	provider_mixed_1e-4_and_1e-6_lattice
csb/csv/2024/06/04/20240604072009856193_d6eb7b6d-04dc-4872-ba51-c3b4ce006807_pointData.csv	872367	26651e2ca50f4a453c70ff83f75d6507-1	2024-06-04T13:35:15.000Z	FarSounder	FARSND-d6eb7b6d-04dc-4872-ba51-c3b4ce006807	2024-06-03T03:09:19.514Z	2024-06-03T07:16:35.177Z	exclude	provider_rolling_overlapping_resubmissions
csb/csv/2024/06/04/20240604072836029873_834f85c2-0999-11eb-a100-98be942a5b5a_pointData.csv	192993	b7f4976298a5202f05ace1f70fdc9cb1-1	2024-06-04T13:35:15.000Z	PGS	PGS-834f85c2-0999-11eb-a100-98be942a5b5a	2024-06-04T06:00:00Z	2024-06-04T06:59:57Z	exclude	provider_mixed_1e-4_and_1e-6_lattice
csb/csv/2024/06/04/20240604073009726700_d6eb7b6d-04dc-4872-ba51-c3b4ce006807_pointData.csv	873395	f2a3800bf1f07cf73955c9f12b64eccd-1	2024-06-04T13:35:15.000Z	FarSounder	FARSND-d6eb7b6d-04dc-4872-ba51-c3b4ce006807	2024-06-03T05:07:15.191Z	2024-06-03T08:39:56.164Z	exclude	provider_rolling_overlapping_resubmissions
csb/csv/2024/06/04/20240604074009885342_d6eb7b6d-04dc-4872-ba51-c3b4ce006807_pointData.csv	871829	c7f29a0d3d54782570fce1e59a1fe4f6-1	2024-06-04T13:35:15.000Z	FarSounder	FARSND-d6eb7b6d-04dc-4872-ba51-c3b4ce006807	2024-06-03T07:17:23.315Z	2024-06-03T10:03:27.186Z	exclude	provider_rolling_overlapping_resubmissions
csb/csv/2024/06/04/20240604074630896452_251e0ec1-5645-476e-8563-9f34939f5d72_pointData.csv	282023	44fdf164cae7d221509a2f094d2bd0d3-1	2024-06-04T13:35:15.000Z	Rosepoint	ROSEP-251e0ec1-5645-476e-8563-9f34939f5d72	2024-06-04T01:45:26Z	2024-06-04T07:46:06Z	keep	unique_1e-6_lattice_submission
csb/csv/2024/06/04/20240604075009941593_d6eb7b6d-04dc-4872-ba51-c3b4ce006807_pointData.csv	872309	af32fb9126f06610a6c0b370fea4d3d0-1	2024-06-04T13:35:15.000Z	FarSounder	FARSND-d6eb7b6d-04dc-4872-ba51-c3b4ce006807	2024-06-03T09:28:25.989Z	2024-06-03T11:26:35.266Z	exclude	provider_rolling_overlapping_resubmissions
csb/csv/2024/06/04/20240604080010595594_d6eb7b6d-04dc-4872-ba51-c3b4ce006807_pointData.csv	871257	ea38cf99ef79d31b003acbed2d0fc8d8-1	2024-06-04T13:35:16.000Z	FarSounder	FARSND-d6eb7b6d-04dc-4872-ba51-c3b4ce006807	2024-06-03T09:28:25.989Z	2024-06-03T12:49:46.109Z	exclude	provider_rolling_overlapping_resubmissions
csb/csv/2024/06/04/20240604081010095181_d6eb7b6d-04dc-4872-ba51-c3b4ce006807_pointData.csv	872339	d80a583b8431f4f474c64ed76e7fde1d-1	2024-06-04T13:35:15.000Z	FarSounder	FARSND-d6eb7b6d-04dc-4872-ba51-c3b4ce006807	2024-06-03T09:28:25.989Z	2024-06-03T14:12:59.083Z	exclude	provider_rolling_overlapping_resubmissions
csb/csv/2024/06/04/20240604082009600745_d6eb7b6d-04dc-4872-ba51-c3b4ce006807_pointData.csv	868944	7f0f35fee23b9badf08bd945b3759cbf-1	2024-06-04T13:35:16.000Z	FarSounder	FARSND-d6eb7b6d-04dc-4872-ba51-c3b4ce006807	2024-06-03T09:28:25.989Z	2024-06-03T15:36:15.088Z	exclude	provider_rolling_overlapping_resubmissions
csb/csv/2024/06/04/20240604082131353692_cb1bbd67-78e2-4b5f-97e4-4ab1661c7454_pointData.csv	59756	7ac00e8ee28ee3acce48a9c56e1494e3-1	2024-06-04T13:35:15.000Z	Rosepoint	ROSEP-cb1bbd67-78e2-4b5f-97e4-4ab1661c7454	2024-06-04T02:20:31Z	2024-06-04T08:21:20Z	keep	unique_1e-6_lattice_submission
csb/csv/2024/06/04/20240604083009419287_d6eb7b6d-04dc-4872-ba51-c3b4ce006807_pointData.csv	871754	09cfe2656f4e21b42e14e8a13b1aa2ae-1	2024-06-04T13:35:16.000Z	FarSounder	FARSND-d6eb7b6d-04dc-4872-ba51-c3b4ce006807	2024-06-03T09:28:25.989Z	2024-06-03T16:59:23.122Z	exclude	provider_rolling_overlapping_resubmissions
csb/csv/2024/06/04/20240604083321544388_ec72276e-3e2b-4d56-82bb-111fc86cbd77_pointData.csv	190863	a041e9bbd324b3ac6bd14eae2edaeed6-1	2024-06-04T13:35:15.000Z	PGS	PGS-ec72276e-3e2b-4d56-82bb-111fc86cbd77	2024-06-04T06:00:02Z	2024-06-04T06:59:59Z	exclude	provider_mixed_1e-4_and_1e-6_lattice
csb/csv/2024/06/04/20240604083504684087_3b0c5ff2-0998-11eb-8eb6-98be942a5b5a_pointData.csv	201093	72f08524a326b7e3586d9a7e2d92de26-1	2024-06-04T13:35:15.000Z	PGS	PGS-3b0c5ff2-0998-11eb-8eb6-98be942a5b5a	2024-06-04T06:00:00Z	2024-06-04T06:59:57Z	exclude	provider_mixed_1e-4_and_1e-6_lattice
csb/csv/2024/06/04/20240604084008928183_d6eb7b6d-04dc-4872-ba51-c3b4ce006807_pointData.csv	872352	386dadbe7f715ac4f7597e79d719f3d6-1	2024-06-04T13:35:16.000Z	FarSounder	FARSND-d6eb7b6d-04dc-4872-ba51-c3b4ce006807	2024-06-03T09:28:25.989Z	2024-06-03T18:22:31.065Z	exclude	provider_rolling_overlapping_resubmissions
csb/csv/2024/06/04/20240604084647691450_4f651d43-9a33-452c-9299-6ab08ed9d831_pointData.csv	62442	cc29515760993d9bc397130c5c671fab-1	2024-06-04T13:35:16.000Z	Rosepoint	ROSEP-4f651d43-9a33-452c-9299-6ab08ed9d831	2024-06-04T02:46:51Z	2024-06-04T08:46:01Z	keep	unique_1e-6_lattice_submission
csb/csv/2024/06/04/20240604084841335148_0dc4d7c1-f541-476d-a76b-72fb09ad1bd2_pointData.csv	63255	171d87d7e02d7c119ecb83651491bdaf-1	2024-06-04T13:35:17.000Z	Rosepoint	ROSEP-0dc4d7c1-f541-476d-a76b-72fb09ad1bd2	2024-06-04T02:48:11Z	2024-06-04T08:48:25Z	keep	unique_1e-6_lattice_submission
csb/csv/2024/06/04/20240604085008751114_d6eb7b6d-04dc-4872-ba51-c3b4ce006807_pointData.csv	871709	08ecd4d8cb090064ed31d09017f962d6-1	2024-06-04T13:35:16.000Z	FarSounder	FARSND-d6eb7b6d-04dc-4872-ba51-c3b4ce006807	2024-06-03T09:28:25.989Z	2024-06-03T19:45:43.099Z	exclude	provider_rolling_overlapping_resubmissions
csb/csv/2024/06/04/20240604085233516258_834f85c2-0999-11eb-a100-98be942a5b5a_pointData.csv	192991	88a95e6b80bca9279b877ae8b94fb5a9-1	2024-06-04T13:35:16.000Z	PGS	PGS-834f85c2-0999-11eb-a100-98be942a5b5a	2024-06-04T07:00:00Z	2024-06-04T07:59:57Z	exclude	provider_mixed_1e-4_and_1e-6_lattice
csb/csv/2024/06/04/20240604090010210779_d6eb7b6d-04dc-4872-ba51-c3b4ce006807_pointData.csv	865651	592c4e6c3ef62f7d91edf6b171f6c808-1	2024-06-04T13:35:16.000Z	FarSounder	FARSND-d6eb7b6d-04dc-4872-ba51-c3b4ce006807	2024-06-03T09:28:25.989Z	2024-06-03T21:09:02.194Z	exclude	provider_rolling_overlapping_resubmissions
csb/csv/2024/06/04/20240604091009650517_d6eb7b6d-04dc-4872-ba51-c3b4ce006807_pointData.csv	871601	1cfc6c5307f85368c6519aa919eb815d-1	2024-06-04T13:35:17.000Z	FarSounder	FARSND-d6eb7b6d-04dc-4872-ba51-c3b4ce006807	2024-06-03T14:55:09.503Z	2024-06-03T22:32:13.114Z	exclude	provider_rolling_overlapping_resubmissions
csb/csv/2024/06/04/20240604091214548575_ec72276e-3e2b-4d56-82bb-111fc86cbd77_pointData.csv	190863	357f3121abb7d690c83883e729fe2a34-1	2024-06-04T13:35:18.000Z	PGS	PGS-ec72276e-3e2b-4d56-82bb-111fc86cbd77	2024-06-04T07:00:02Z	2024-06-04T07:59:59Z	exclude	provider_mixed_1e-4_and_1e-6_lattice
csb/csv/2024/06/04/20240604092003143305_3b0c5ff2-0998-11eb-8eb6-98be942a5b5a_pointData.csv	199160	f5bc300470bdae9c8bb7470f0bc5fbc8-1	2024-06-04T13:35:17.000Z	PGS	PGS-3b0c5ff2-0998-11eb-8eb6-98be942a5b5a	2024-06-04T07:00:00Z	2024-06-04T07:59:57Z	exclude	provider_mixed_1e-4_and_1e-6_lattice
csb/csv/2024/06/04/20240604092010131888_d6eb7b6d-04dc-4872-ba51-c3b4ce006807_pointData.csv	872208	4cad49aecad66c30be31d4851df0c28a-1	2024-06-04T13:35:18.000Z	FarSounder	FARSND-d6eb7b6d-04dc-4872-ba51-c3b4ce006807	2024-06-03T14:55:09.503Z	2024-06-03T23:55:29.061Z	exclude	provider_rolling_overlapping_resubmissions
csb/csv/2024/06/04/20240604092728202241_834f85c2-0999-11eb-a100-98be942a5b5a_pointData.csv	193029	2612eef7b8740b3c287a815d5c1c8161-1	2024-06-04T13:35:17.000Z	PGS	PGS-834f85c2-0999-11eb-a100-98be942a5b5a	2024-06-04T08:00:00Z	2024-06-04T08:59:57Z	exclude	provider_mixed_1e-4_and_1e-6_lattice
csb/csv/2024/06/04/20240604093009784839_d6eb7b6d-04dc-4872-ba51-c3b4ce006807_pointData.csv	873486	ff017867d88e32df5b3bfd8bfba3a247-1	2024-06-04T13:35:17.000Z	FarSounder	FARSND-d6eb7b6d-04dc-4872-ba51-c3b4ce006807	2024-06-03T20:21:17.046Z	2024-06-04T01:18:47.059Z	exclude	provider_rolling_overlapping_resubmissions
csb/csv/2024/06/04/20240604094112608820_c397eae3-6787-4d49-abbe-1de3758956f5_pointData.csv	61204	8e09e5e9096f0e64e88ee563f3909977-1	2024-06-04T13:35:17.000Z	Rosepoint	ROSEP-c397eae3-6787-4d49-abbe-1de3758956f5	2024-06-04T03:40:54Z	2024-06-04T09:40:15Z	keep	unique_1e-6_lattice_submission
csb/csv/2024/06/04/20240604094225455119_398c56de-e541-4380-9ee4-589ec53f46f6_pointData.csv	909733	ec0834248246f1a4de40b7961058ebd4-1	2024-06-04T13:35:18.000Z	Rosepoint	ROSEP-398c56de-e541-4380-9ee4-589ec53f46f6	2024-06-04T03:40:55Z	2024-06-04T09:41:59Z	keep	unique_1e-6_lattice_submission
csb/csv/2024/06/04/20240604094406358907_c21bff07-b678-4dfb-ab54-a111660d6cfa_pointData.csv	502988	5ded36e55f28fdd97a01cfbb7f62e1ee-1	2024-06-04T13:35:19.000Z	Rosepoint	ROSEP-c21bff07-b678-4dfb-ab54-a111660d6cfa	2024-06-04T03:43:32Z	2024-06-04T09:43:42Z	keep	unique_1e-6_lattice_submission
csb/csv/2024/06/04/20240604095010154793_d6eb7b6d-04dc-4872-ba51-c3b4ce006807_pointData.csv	872502	336f5870d1f1a541fb9604f13b0ebd91-1	2024-06-04T13:35:18.000Z	FarSounder	FARSND-d6eb7b6d-04dc-4872-ba51-c3b4ce006807	2024-06-04T00:13:18.083Z	2024-06-04T02:42:06.085Z	exclude	provider_rolling_overlapping_resubmissions
csb/csv/2024/06/04/20240604095526505513_373e61a4-5650-43be-800f-e6197634cf6f_pointData.csv	3265352	e83ae2ae693bdf3984dd33c5863548b3-1	2024-06-04T13:35:19.000Z	Rosepoint	ROSEP-373e61a4-5650-43be-800f-e6197634cf6f	2024-06-04T03:54:44Z	2024-06-04T09:55:21Z	keep	unique_1e-6_lattice_submission
csb/csv/2024/06/04/20240604095827823024_071ba46a-9793-4306-a970-8461bae10e77_pointData.csv	489649	1e7f2293d007532a8605e188ca4e0247-1	2024-06-04T13:35:19.000Z	Rosepoint	ROSEP-071ba46a-9793-4306-a970-8461bae10e77	2004-10-19T03:57:20Z	2004-10-19T09:58:24Z	keep	unique_1e-6_lattice_submission
csb/csv/2024/06/04/20240604100811906377_834f85c2-0999-11eb-a100-98be942a5b5a_pointData.csv	192972	77fc16ae128643a15fc4badc5fca2c48-1	2024-06-04T13:35:19.000Z	PGS	PGS-834f85c2-0999-11eb-a100-98be942a5b5a	2024-06-04T09:00:00Z	2024-06-04T09:59:57Z	exclude	provider_mixed_1e-4_and_1e-6_lattice
csb/csv/2024/06/04/20240604101225225419_4606e387-998b-46fb-b5a6-02c7eafa03da_pointData.csv	2473824	9ef2ce68e33190ea3f294d95b366b6ba-1	2024-06-04T13:35:20.000Z	Rosepoint	ROSEP-4606e387-998b-46fb-b5a6-02c7eafa03da	2004-10-19T04:11:03Z	2004-10-19T10:12:21Z	keep	unique_1e-6_lattice_submission
csb/csv/2024/06/04/20240604103142319778_ec72276e-3e2b-4d56-82bb-111fc86cbd77_pointData.csv	190863	44295d9381888b15e67a0efc262a29b2-1	2024-06-04T13:35:19.000Z	PGS	PGS-ec72276e-3e2b-4d56-82bb-111fc86cbd77	2024-06-04T08:00:02Z	2024-06-04T08:59:59Z	exclude	provider_mixed_1e-4_and_1e-6_lattice
csb/csv/2024/06/04/20240604103538600163_e557a017-0c75-4365-808a-680673bbb79e_pointData.csv	1583775	5f2cbf1ad9288452153e3a4003a1e8e9-1	2024-06-04T13:35:21.000Z	Rosepoint	ROSEP-e557a017-0c75-4365-808a-680673bbb79e	2024-06-04T04:33:38Z	2024-06-04T07:33:53Z	keep	unique_1e-6_lattice_submission
csb/csv/2024/06/04/20240604103814927368_3b0c5ff2-0998-11eb-8eb6-98be942a5b5a_pointData.csv	201189	45a44d8c205914dfc4b61dd7da85bb38-1	2024-06-04T13:35:20.000Z	PGS	PGS-3b0c5ff2-0998-11eb-8eb6-98be942a5b5a	2024-06-04T08:00:00Z	2024-06-04T08:59:57Z	exclude	provider_mixed_1e-4_and_1e-6_lattice
csb/csv/2024/06/04/20240604104441355383_62641c86-2ffe-4cee-b9c0-7ee36c1ad599_pointData.csv	60655	5648eaa86da9d1ca116e6105fd6d797b-1	2024-06-04T13:35:20.000Z	Rosepoint	ROSEP-62641c86-2ffe-4cee-b9c0-7ee36c1ad599	2024-06-04T04:44:31Z	2024-06-04T10:43:42Z	keep	unique_1e-6_lattice_submission
csb/csv/2024/06/04/20240604104920201049_70946e11-d3aa-412d-8427-c23af3e246e3_pointData.csv	63478	18f84851b7ae7ed6fa73efe48b6dbe3a-1	2024-06-04T13:35:20.000Z	Rosepoint	ROSEP-70946e11-d3aa-412d-8427-c23af3e246e3	2024-06-04T04:49:09Z	2024-06-04T10:48:20Z	keep	unique_1e-6_lattice_submission
csb/csv/2024/06/04/20240604105405703929_11ce5241-356b-43ba-9456-f56555e0751a_pointData.csv	441205	49ba5d61d1c4ea1bf26c7c0c9823c075-1	2024-06-04T13:35:20.000Z	Rosepoint	ROSEP-11ce5241-356b-43ba-9456-f56555e0751a	2024-06-04T04:54:18Z	2024-06-04T10:53:08Z	keep	unique_1e-6_lattice_submission
csb/csv/2024/06/04/20240604110102437452_18351_pointData.csv	600746	36aaf71c016b74141639720606e48ca6-1	2024-06-04T13:35:21.000Z	AquaMap	AQM-18351	2024-06-02T16:13:05Z	2024-06-02T17:34:23Z	exclude	provider_off_lattice_float_repr
csb/csv/2024/06/04/20240604111014662247_d6eb7b6d-04dc-4872-ba51-c3b4ce006807_pointData.csv	872754	82c230297d96e249589ff753063c37c4-1	2024-06-04T13:35:20.000Z	FarSounder	FARSND-d6eb7b6d-04dc-4872-ba51-c3b4ce006807	2024-06-04T01:48:10.031Z	2024-06-04T04:05:21.067Z	exclude	provider_rolling_overlapping_resubmissions
csb/csv/2024/06/04/20240604111037796539_ec72276e-3e2b-4d56-82bb-111fc86cbd77_pointData.csv	190863	fce78764702327e290bd40f151fca36e-1	2024-06-04T13:35:20.000Z	PGS	PGS-ec72276e-3e2b-4d56-82bb-111fc86cbd77	2024-06-04T09:00:02Z	2024-06-04T09:59:59Z	exclude	provider_mixed_1e-4_and_1e-6_lattice
csb/csv/2024/06/04/20240604111328236895_8250175b-3c29-4906-8437-5106955c99c6_pointData.csv	61364	f48e605b6df9a19573f668fccfdf9d9c-1	2024-06-04T13:35:20.000Z	Rosepoint	ROSEP-8250175b-3c29-4906-8437-5106955c99c6	2024-06-04T05:13:34Z	2024-06-04T11:12:56Z	keep	unique_1e-6_lattice_submission
csb/csv/2024/06/04/20240604111715189684_3b0c5ff2-0998-11eb-8eb6-98be942a5b5a_pointData.csv	201155	44e84486b7e413c051516fea0f1d1d85-1	2024-06-04T13:35:21.000Z	PGS	PGS-3b0c5ff2-0998-11eb-8eb6-98be942a5b5a	2024-06-04T09:00:00Z	2024-06-04T09:59:57Z	exclude	provider_mixed_1e-4_and_1e-6_lattice
csb/csv/2024/06/04/20240604112820232094_834f85c2-0999-11eb-a100-98be942a5b5a_pointData.csv	192989	a6e2057414f7a2557e9c0c278a384559-1	2024-06-04T13:35:22.000Z	PGS	PGS-834f85c2-0999-11eb-a100-98be942a5b5a	2024-06-04T10:00:00Z	2024-06-04T10:59:57Z	exclude	provider_mixed_1e-4_and_1e-6_lattice
csb/csv/2024/06/04/20240604115432392276_f73d4b8d-97c0-48ab-9200-c313709c76d0_pointData.csv	61333	ebf387aca8301c8b6fff9769890cb742-1	2024-06-04T13:35:21.000Z	Rosepoint	ROSEP-f73d4b8d-97c0-48ab-9200-c313709c76d0	2024-06-04T05:54:56Z	2024-06-04T11:54:05Z	keep	unique_1e-6_lattice_submission
csb/csv/2024/06/04/20240604120052006658_Flatswing_pointData.csv	569643	d73fa21b4eae604079ee87be53400b7c-1	2024-06-04T13:35:23.000Z	AquaMap	AQM-Flatswing	2024-06-03T19:44:35Z	2024-06-03T21:33:22Z	exclude	provider_off_lattice_float_repr
csb/csv/2024/06/04/20240604122036528091_59db3e5a-36f7-4f97-a8d0-9f310f0caf10_pointData.csv	384648	d7bf2f5d7d80874b1067cebaf57d0726-1	2024-06-04T13:35:22.000Z	Rosepoint	ROSEP-59db3e5a-36f7-4f97-a8d0-9f310f0caf10	2014-10-30T17:25:39Z	2021-09-07T01:03:26Z	keep	unique_1e-6_lattice_submission
csb/csv/2024/06/04/20240604122132950881_834f85c2-0999-11eb-a100-98be942a5b5a_pointData.csv	192996	6c9ac0cf8f274ae6edfc5333bac390e5-1	2024-06-04T13:35:21.000Z	PGS	PGS-834f85c2-0999-11eb-a100-98be942a5b5a	2024-06-04T11:00:00Z	2024-06-04T11:59:57Z	exclude	provider_mixed_1e-4_and_1e-6_lattice
csb/csv/2024/06/04/20240604122318214415_cdd0edb8-c483-4c48-be4d-93f29dcbc26c_pointData.csv	107381	d10688035e3c8d98d5505066cb9a6f5c-1	2024-06-04T13:35:21.000Z	Rosepoint	ROSEP-cdd0edb8-c483-4c48-be4d-93f29dcbc26c	2024-06-04T06:23:11Z	2024-06-04T12:22:19Z	keep	unique_1e-6_lattice_submission
csb/csv/2024/06/04/20240604123015878667_d6eb7b6d-04dc-4872-ba51-c3b4ce006807_pointData.csv	872818	32b34c5c97a14cfa69cb28916da596e6-1	2024-06-04T13:35:23.000Z	FarSounder	FARSND-d6eb7b6d-04dc-4872-ba51-c3b4ce006807	2024-06-04T01:48:10.031Z	2024-06-04T05:28:35.057Z	exclude	provider_rolling_overlapping_resubmissions
csb/csv/2024/06/04/20240604123630482921_061e2f30-c234-4cf0-b880-42bb03ab857d_pointData.csv	59829	89d41903ceaab8b1506d06edc052bb66-1	2024-06-04T13:35:23.000Z	Rosepoint	ROSEP-061e2f30-c234-4cf0-b880-42bb03ab857d	2024-06-04T06:32:38Z	2024-06-04T12:36:05Z	keep	unique_1e-6_lattice_submission
csb/csv/2024/06/04/20240604123708428042_56f26f84-bafc-4b36-8454-b8546bddcf1d_pointData.csv	62930	58685a8b3d855f1514f8ef8195478a89-1	2024-06-04T13:35:24.000Z	Rosepoint	ROSEP-56f26f84-bafc-4b36-8454-b8546bddcf1d	2004-10-19T06:35:20Z	2004-10-19T12:36:04Z	keep	unique_1e-6_lattice_submission
csb/csv/2024/06/04/20240604124301409538_e150d9fe-d3d7-4d47-ba18-f82688e01b85_pointData.csv	60439	e5a8012308a0ada4f2bbe979f7e6893e-1	2024-06-04T13:35:22.000Z	Rosepoint	ROSEP-e150d9fe-d3d7-4d47-ba18-f82688e01b85	2024-06-04T06:38:58Z	2024-06-04T12:42:19Z	keep	unique_1e-6_lattice_submission
csb/csv/2024/06/04/20240604124628108582_672e2884-f0ed-44dc-b9bb-56d79261e4f1_pointData.csv	345782	a43b24b1618aa028e26adff6cb4748a6-1	2024-06-04T13:35:22.000Z	Rosepoint	ROSEP-672e2884-f0ed-44dc-b9bb-56d79261e4f1	2024-06-04T06:45:05Z	2024-06-04T12:45:38Z	keep	unique_1e-6_lattice_submission
csb/csv/2024/06/04/20240604125001724323_0d1b6ce0-e5ec-40f1-99a9-2187e8d08bf4_pointData.csv	3435728	42c0f0756ebe5890a2feb843efeeb7c0-1	2024-06-04T13:35:23.000Z	Rosepoint	ROSEP-0d1b6ce0-e5ec-40f1-99a9-2187e8d08bf4	2004-10-19T06:49:33Z	2004-10-19T12:49:55Z	keep	unique_1e-6_lattice_submission
csb/csv/2024/06/04/20240604125027410912_ec72276e-3e2b-4d56-82bb-111fc86cbd77_pointData.csv	190863	175f8e99a3299b001dbfde5eb0af55c6-1	2024-06-04T13:35:23.000Z	PGS	PGS-ec72276e-3e2b-4d56-82bb-111fc86cbd77	2024-06-04T10:00:02Z	2024-06-04T10:59:59Z	exclude	provider_mixed_1e-4_and_1e-6_lattice
csb/csv/2024/06/04/20240604125948741930_3b0c5ff2-0998-11eb-8eb6-98be942a5b5a_pointData.csv	197989	0b17c4ecb4476ef3cf2d20aee95dcc13-1	2024-06-04T13:35:24.000Z	PGS	PGS-3b0c5ff2-0998-11eb-8eb6-98be942a5b5a	2024-06-04T10:00:00Z	2024-06-04T10:59:57Z	exclude	provider_mixed_1e-4_and_1e-6_lattice
csb/csv/2024/06/04/20240604130028847715_NFA_pointData.csv	603082	fa247589feb4bffa3e1e425876e2ef7a-1	2024-06-04T13:35:23.000Z	AquaMap	AQM-NFA	2024-06-04T11:23:08Z	2024-06-04T12:47:10Z	exclude	provider_off_lattice_float_repr
csb/csv/2024/06/04/20240604130124130904_622f6658743b89-54541644_pointData.csv	740221	5a35d39067798b8e694aa580fbc8bd53-1	2024-06-04T13:35:23.000Z	AquaMap	AQM-622f6658743b89-54541644	2024-05-04T19:29:44Z	2024-05-04T21:51:24Z	exclude	provider_off_lattice_float_repr
csb/csv/2024/06/04/20240604130145469516_donkur_pointData.csv	154524	3aa2fd9d6c5ddb5f80bc5cc96de8d975-1	2024-06-04T13:35:23.000Z	AquaMap	AQM-donkur	2024-06-02T17:13:21Z	2024-06-02T17:33:39Z	exclude	provider_off_lattice_float_repr
csb/csv/2024/06/04/20240604130246628476_71760644-0627-4195-a949-735df5cab1ae_pointData.csv	75941	64258a2812abae4c45bc47acb70a990a-1	2024-06-04T13:35:23.000Z	Rosepoint	ROSEP-71760644-0627-4195-a949-735df5cab1ae	2024-06-04T11:58:30Z	2024-06-04T13:02:22Z	keep	unique_1e-6_lattice_submission
csb/csv/2024/06/04/20240604130719468923_48e8b019-4141-4a35-bd63-b3be3e30b183_pointData.csv	1917000	690685bf91ea7c87f15a7970e06e6002-1	2024-06-04T13:35:23.000Z	Rosepoint	ROSEP-48e8b019-4141-4a35-bd63-b3be3e30b183	2024-06-04T07:05:58Z	2024-06-04T13:07:15Z	keep	unique_1e-6_lattice_submission
csb/csv/2024/06/04/20240604130847723169_4411b9ca-6b0e-47d2-a6be-36e60a3b577a_pointData.csv	61120	c6d8e768445e9c293c09eb5050db6ccf-1	2024-06-04T13:35:24.000Z	Rosepoint	ROSEP-4411b9ca-6b0e-47d2-a6be-36e60a3b577a	2024-06-04T07:07:32Z	2024-06-04T13:07:51Z	keep	unique_1e-6_lattice_submission
csb/csv/2024/06/04/20240604130903649333_834f85c2-0999-11eb-a100-98be942a5b5a_pointData.csv	192966	0225c6cb52ac684279dde020a4cfb373-1	2024-06-04T13:35:25.000Z	PGS	PGS-834f85c2-0999-11eb-a100-98be942a5b5a	2024-06-04T12:00:00Z	2024-06-04T12:59:57Z	exclude	provider_mixed_1e-4_and_1e-6_lattice
csb/csv/2024/06/04/20240604131634180519_b46dfd84-2ce8-4a25-a16b-4af10b8eb60e_pointData.csv	748224	c787a1c8750ed39fd15e3562b6883f35-1	2024-06-04T13:35:24.000Z	Rosepoint	ROSEP-b46dfd84-2ce8-4a25-a16b-4af10b8eb60e	2024-06-04T07:15:44Z	2024-06-04T13:16:00Z	keep	unique_1e-6_lattice_submission
csb/csv/2024/06/04/20240604133428456285_ec72276e-3e2b-4d56-82bb-111fc86cbd77_pointData.csv	190863	04864b77fe3a4d50101fd74acce0cfe5-1	2024-06-04T13:35:24.000Z	PGS	PGS-ec72276e-3e2b-4d56-82bb-111fc86cbd77	2024-06-04T11:00:02Z	2024-06-04T11:59:59Z	exclude	provider_mixed_1e-4_and_1e-6_lattice
csb/csv/2024/06/04/20240604133739473478_3b0c5ff2-0998-11eb-8eb6-98be942a5b5a_pointData.csv	201153	f418a8f1c3f8a67730b6696dd540027e-1	2024-06-04T18:00:08.000Z	PGS	PGS-3b0c5ff2-0998-11eb-8eb6-98be942a5b5a	2024-06-04T11:00:00Z	2024-06-04T11:59:57Z	exclude	provider_mixed_1e-4_and_1e-6_lattice
csb/csv/2024/06/04/20240604134752784361_251e0ec1-5645-476e-8563-9f34939f5d72_pointData.csv	509687	5a282052a240e5bede62acf0a1d323df-1	2024-06-04T18:00:09.000Z	Rosepoint	ROSEP-251e0ec1-5645-476e-8563-9f34939f5d72	2024-06-04T07:47:06Z	2024-06-04T13:47:42Z	keep	unique_1e-6_lattice_submission
csb/csv/2024/06/04/20240604140013224520_d6eb7b6d-04dc-4872-ba51-c3b4ce006807_pointData.csv	871545	fc0a64ac6905e2b45a701710002d83ec-1	2024-06-04T18:00:09.000Z	FarSounder	FARSND-d6eb7b6d-04dc-4872-ba51-c3b4ce006807	2024-06-04T01:48:10.031Z	2024-06-04T06:51:56.066Z	exclude	provider_rolling_overlapping_resubmissions
csb/csv/2024/06/04/20240604140019321292_Flatswing_pointData.csv	680880	d04729431a6782fa6a63ff126c1a4c03-1	2024-06-04T18:00:08.000Z	AquaMap	AQM-Flatswing	2024-06-04T11:41:03Z	2024-06-04T13:54:22Z	exclude	provider_off_lattice_float_repr
csb/csv/2024/06/04/20240604140059795042_gildnerwjrmac-com_pointData.csv	39014	42cad6af2ed036db11dad748d1e07f7c-1	2024-06-04T18:00:09.000Z	AquaMap	AQM-gildnerwjrmac-com	2024-06-04T13:25:08Z	2024-06-04T13:30:50Z	exclude	provider_off_lattice_float_repr
csb/csv/2024/06/04/20240604141537222724_ec72276e-3e2b-4d56-82bb-111fc86cbd77_pointData.csv	190863	04a6ae49f8b1cbb68bc610bf1d1fbca1-1	2024-06-04T18:00:08.000Z	PGS	PGS-ec72276e-3e2b-4d56-82bb-111fc86cbd77	2024-06-04T12:00:02Z	2024-06-04T12:59:59Z	exclude	provider_mixed_1e-4_and_1e-6_lattice
csb/csv/2024/06/04/20240604141822266380_3b0c5ff2-0998-11eb-8eb6-98be942a5b5a_pointData.csv	201198	d360729a464756c3705ca42617ab8a75-1	2024-06-04T18:00:09.000Z	PGS	PGS-3b0c5ff2-0998-11eb-8eb6-98be942a5b5a	2024-06-04T12:00:00Z	2024-06-04T12:59:57Z	exclude	provider_mixed_1e-4_and_1e-6_lattice
csb/csv/2024/06/04/20240604142307346242_cb1bbd67-78e2-4b5f-97e4-4ab1661c7454_pointData.csv	145559	7404de1258ca81f718bf3a32cbd3b027-1	2024-06-04T18:00:09.000Z	Rosepoint	ROSEP-cb1bbd67-78e2-4b5f-97e4-4ab1661c7454	2024-06-04T08:22:20Z	2024-06-04T14:23:02Z	keep	unique_1e-6_lattice_submission
csb/csv/2024/06/04/20240604143646417590_834f85c2-0999-11eb-a100-98be942a5b5a_pointData.csv	193001	a622fd31942e1cbe219fcb9a14379d30-1	2024-06-04T18:00:10.000Z	PGS	PGS-834f85c2-0999-11eb-a100-98be942a5b5a	2024-06-04T13:00:00Z	2024-06-04T13:59:57Z	exclude	provider_mixed_1e-4_and_1e-6_lattice
csb/csv/2024/06/04/20240604144030916336_0d1b6ce0-e5ec-40f1-99a9-2187e8d08bf4_pointData.csv	1044691	50321e0ecfcae94e529605b4ddf1d249-1	2024-06-04T18:00:09.000Z	Rosepoint	ROSEP-0d1b6ce0-e5ec-40f1-99a9-2187e8d08bf4	2004-10-19T12:49:56Z	2004-10-19T14:40:28Z	keep	unique_1e-6_lattice_submission
csb/csv/2024/06/04/20240604144432948166_0d1b6ce0-e5ec-40f1-99a9-2187e8d08bf4_pointData.csv	35124	b0ba26fc3d15c17558bf1a8b919a7b77-1	2024-06-04T18:00:09.000Z	Rosepoint	ROSEP-0d1b6ce0-e5ec-40f1-99a9-2187e8d08bf4	2004-10-19T14:40:29Z	2004-10-19T14:44:10Z	keep	unique_1e-6_lattice_submission
csb/csv/2024/06/04/20240604144809127187_4f651d43-9a33-452c-9299-6ab08ed9d831_pointData.csv	62608	81745099c396686723a40318e1795552-1	2024-06-04T18:00:08.000Z	Rosepoint	ROSEP-4f651d43-9a33-452c-9299-6ab08ed9d831	2024-06-04T08:47:02Z	2024-06-04T14:47:15Z	keep	unique_1e-6_lattice_submission
csb/csv/2024/06/04/20240604150005398261_623fc1484a7832-34778385_pointData.csv	68849	923551cce2a6839e9fc34eef0ab789fe-1	2024-06-04T18:00:10.000Z	AquaMap	AQM-623fc1484a7832-34778385	2024-06-04T03:17:28Z	2024-06-04T03:24:42Z	exclude	provider_off_lattice_float_repr
csb/csv/2024/06/04/20240604150021198959_donkur_pointData.csv	647545	b7dacbfbc8afc4c836c0de64433e4173-1	2024-06-04T18:00:09.000Z	AquaMap	AQM-donkur	2024-06-04T12:37:41Z	2024-06-04T14:02:03Z	exclude	provider_off_lattice_float_repr
csb/csv/2024/06/04/20240604150037771031_NFA_pointData.csv	603215	5536e1bb2e61ec1ad830173e88befd5f-1	2024-06-04T18:00:10.000Z	AquaMap	AQM-NFA	2024-06-04T12:47:11Z	2024-06-04T14:10:37Z	exclude	provider_off_lattice_float_repr
csb/csv/2024/06/04/20240604150053627476_gildnerwjrmac-com_pointData.csv	18728	a32b4a80b8b1c0feeb8544c8fbcd8e8e-1	2024-06-04T18:00:09.000Z	AquaMap	AQM-gildnerwjrmac-com	2024-06-04T13:51:36Z	2024-06-04T14:00:34Z	exclude	provider_off_lattice_float_repr
csb/csv/2024/06/04/20240604150114133572_622f6658743b89-54541644_pointData.csv	823812	4404fb28d4afc4898b66cd90b6995c05-1	2024-06-04T18:00:10.000Z	AquaMap	AQM-622f6658743b89-54541644	2024-06-04T12:46:29Z	2024-06-04T14:57:44Z	exclude	provider_off_lattice_float_repr
csb/csv/2024/06/04/20240604151844046314_834f85c2-0999-11eb-a100-98be942a5b5a_pointData.csv	192953	2b72e46985fcd6762a88204325e097b9-1	2024-06-04T18:00:10.000Z	PGS	PGS-834f85c2-0999-11eb-a100-98be942a5b5a	2024-06-04T14:00:00Z	2024-06-04T14:59:57Z	exclude	provider_mixed_1e-4_and_1e-6_lattice
csb/csv/2024/06/04/20240604152009924152_d6eb7b6d-04dc-4872-ba51-c3b4ce006807_pointData.csv	871041	c18c0566847f0ddb5d84be28ddb17699-1	2024-06-04T18:00:10.000Z	FarSounder	FARSND-d6eb7b6d-04dc-4872-ba51-c3b4ce006807	2024-06-04T01:48:10.031Z	2024-06-04T08:15:09.121Z	exclude	provider_rolling_overlapping_resubmissions
csb/csv/2024/06/04/20240604153346350477_ae9a5765-07b3-4441-9974-fd0443787689_pointData.csv	3894867	06a3cc11749f5c266d278e2ff4df3946-1	2024-06-04T18:00:10.000Z	Rosepoint	ROSEP-ae9a5765-07b3-4441-9974-fd0443787689	2004-10-18T12:19:59Z	2004-10-18T20:22:44Z	keep	unique_1e-6_lattice_submission
csb/csv/2024/06/04/20240604153355435366_11ce5241-356b-43ba-9456-f56555e0751a_pointData.csv	47682	dea55f596f6a98ae7b06c18da26ecbfc-1	2024-06-04T18:00:10.000Z	Rosepoint	ROSEP-11ce5241-356b-43ba-9456-f56555e0751a	2024-06-04T10:54:08Z	2024-06-04T15:33:44Z	keep	unique_1e-6_lattice_submission
csb/csv/2024/06/04/20240604153954820965_ec72276e-3e2b-4d56-82bb-111fc86cbd77_pointData.csv	190863	92780881f4f2e3c3ee395e482c8f2bf7-1	2024-06-04T18:00:10.000Z	PGS	PGS-ec72276e-3e2b-4d56-82bb-111fc86cbd77	2024-06-04T13:00:02Z	2024-06-04T13:59:59Z	exclude	provider_mixed_1e-4_and_1e-6_lattice
csb/csv/2024/06/04/20240604154318875065_c397eae3-6787-4d49-abbe-1de3758956f5_pointData.csv	193192	55092a9c2093d11e897c24cda368d051-1	2024-06-04T18:00:11.000Z	Rosepoint	ROSEP-c397eae3-6787-4d49-abbe-1de3758956f5	2024-06-04T09:41:16Z	2024-06-04T15:42:35Z	keep	unique_1e-6_lattice_submission
csb/csv/2024/06/04/20240604154351515427_398c56de-e541-4380-9ee4-589ec53f46f6_pointData.csv	326503	d59bea1abeb6e81a679bf814f176a8ec-1	2024-06-04T18:00:10.000Z	Rosepoint	ROSEP-398c56de-e541-4380-9ee4-589ec53f46f6	2024-06-04T09:42:59Z	2024-06-04T15:43:38Z	keep	unique_1e-6_lattice_submission
csb/csv/2024/06/04/20240604154550465376_c21bff07-b678-4dfb-ab54-a111660d6cfa_pointData.csv	2090266	5b229acba2bb777671c727b457447217-1	2024-06-04T18:00:11.000Z	Rosepoint	ROSEP-c21bff07-b678-4dfb-ab54-a111660d6cfa	2024-06-04T09:44:42Z	2024-06-04T15:45:36Z	keep	unique_1e-6_lattice_submission
csb/csv/2024/06/04/20240604154556845570_3b0c5ff2-0998-11eb-8eb6-98be942a5b5a_pointData.csv	194276	918acf58ab0b66d23db915cf6615c154-1	2024-06-04T18:00:10.000Z	PGS	PGS-3b0c5ff2-0998-11eb-8eb6-98be942a5b5a	2024-06-04T13:00:00Z	2024-06-04T13:59:57Z	exclude	provider_mixed_1e-4_and_1e-6_lattice
csb/csv/2024/06/04/20240604155621855237_373e61a4-5650-43be-800f-e6197634cf6f_pointData.csv	3440599	4d3b9e54889f4890457665efcc1e7438-1	2024-06-04T18:00:11.000Z	Rosepoint	ROSEP-373e61a4-5650-43be-800f-e6197634cf6f	2024-06-04T09:55:22Z	2024-06-04T15:56:13Z	keep	unique_1e-6_lattice_submission
csb/csv/2024/06/04/20240604160015368437_071ba46a-9793-4306-a970-8461bae10e77_pointData.csv	1792826	675c596f5d47c4c0f9a4f659eb044aa8-1	2024-06-04T18:00:11.000Z	Rosepoint	ROSEP-071ba46a-9793-4306-a970-8461bae10e77	2004-10-19T09:58:25Z	2004-10-19T15:59:14Z	keep	unique_1e-6_lattice_submission
csb/csv/2024/06/04/20240604160106218285_NFA_pointData.csv	600515	50185b2be08eff753089c795f187770e-1	2024-06-04T18:00:11.000Z	AquaMap	AQM-NFA	2024-06-04T14:10:38Z	2024-06-04T15:34:00Z	exclude	provider_off_lattice_float_repr
csb/csv/2024/06/04/20240604160141696622_donkur_pointData.csv	634719	a044057893b279c9a026f1e1b6401fbd-1	2024-06-04T18:00:11.000Z	AquaMap	AQM-donkur	2024-06-04T14:02:04Z	2024-06-04T15:26:03Z	exclude	provider_off_lattice_float_repr
csb/csv/2024/06/04/20240604161503876784_4606e387-998b-46fb-b5a6-02c7eafa03da_pointData.csv	3438295	0836c4cd292e4a2cd35974cd21b1aafc-1	2024-06-04T18:00:12.000Z	Rosepoint	ROSEP-4606e387-998b-46fb-b5a6-02c7eafa03da	2004-10-19T10:12:22Z	2004-10-19T16:14:36Z	keep	unique_1e-6_lattice_submission
csb/csv/2024/06/04/20240604162855090290_3b0c5ff2-0998-11eb-8eb6-98be942a5b5a_pointData.csv	151221	e8bf9955f1126d179ed6b15fb93dbae1-1	2024-06-04T18:00:12.000Z	PGS	PGS-3b0c5ff2-0998-11eb-8eb6-98be942a5b5a	2024-06-04T14:00:00Z	2024-06-04T14:59:54Z	exclude	provider_mixed_1e-4_and_1e-6_lattice
csb/csv/2024/06/04/20240604163916280891_50008c0e-ffea-48f3-9404-a4375c9e9843_pointData.csv	1059046	060b86c27e2403beccf33e95d960ac6e-1	2024-06-04T18:00:11.000Z	Rosepoint	ROSEP-50008c0e-ffea-48f3-9404-a4375c9e9843	2024-06-04T13:30:12Z	2024-06-04T16:02:01Z	keep	unique_1e-6_lattice_submission
csb/csv/2024/06/04/20240604163940308985_834f85c2-0999-11eb-a100-98be942a5b5a_pointData.csv	192980	2eed1ff2eaf25ae45d07f2f684bbb447-1	2024-06-04T18:00:11.000Z	PGS	PGS-834f85c2-0999-11eb-a100-98be942a5b5a	2024-06-04T15:00:00Z	2024-06-04T15:59:57Z	exclude	provider_mixed_1e-4_and_1e-6_lattice
csb/csv/2024/06/04/20240604163943947819_e557a017-0c75-4365-808a-680673bbb79e_pointData.csv	1238688	8f5f603f50161079f4ad5d70085dd0db-1	2024-06-04T18:00:12.000Z	Rosepoint	ROSEP-e557a017-0c75-4365-808a-680673bbb79e	2024-06-04T11:19:24Z	2024-06-04T16:39:03Z	keep	unique_1e-6_lattice_submission
csb/csv/2024/06/04/20240604164012189931_d6eb7b6d-04dc-4872-ba51-c3b4ce006807_pointData.csv	870165	602c554407d7fd9a1b2aef1fe1382a37-1	2024-06-04T18:00:13.000Z	FarSounder	FARSND-d6eb7b6d-04dc-4872-ba51-c3b4ce006807	2024-06-04T01:48:10.031Z	2024-06-04T09:38:43.998Z	exclude	provider_rolling_overlapping_resubmissions
csb/csv/2024/06/04/20240604164511040846_62641c86-2ffe-4cee-b9c0-7ee36c1ad599_pointData.csv	2487605	e90cc12f7aa411c573dfb23d7e654c5b-1	2024-06-04T18:00:13.000Z	Rosepoint	ROSEP-62641c86-2ffe-4cee-b9c0-7ee36c1ad599	2024-06-04T10:44:42Z	2024-06-04T16:45:06Z	keep	unique_1e-6_lattice_submission
csb/csv/2024/06/04/20240604170027116093_NFA_pointData.csv	597051	09f716b24ad36d52f9ff1575915e3472-1	2024-06-04T18:00:12.000Z	AquaMap	AQM-NFA	2024-06-04T15:34:01Z	2024-06-04T16:57:23Z	exclude	provider_off_lattice_float_repr
csb/csv/2024/06/04/20240604170049435541_donkur_pointData.csv	637200	a4719138bfbceff397f6187e3048e8ab-1	2024-06-04T18:00:12.000Z	AquaMap	AQM-donkur	2024-06-04T15:26:04Z	2024-06-04T16:51:02Z	exclude	provider_off_lattice_float_repr
csb/csv/2024/06/04/20240604170059790391_Flatswing_pointData.csv	679265	fab7d3280d09326c856e680f210701be-1	2024-06-04T18:00:14.000Z	AquaMap	AQM-Flatswing	2024-06-04T13:54:24Z	2024-06-04T16:01:02Z	exclude	provider_off_lattice_float_repr
csb/csv/2024/06/04/20240604170100875246_gildnerwjrmac-com_pointData.csv	17524	c637fa065cca278e3d8252331ce69093-1	2024-06-04T18:00:12.000Z	AquaMap	AQM-gildnerwjrmac-com	2024-06-04T15:56:02Z	2024-06-04T16:00:17Z	exclude	provider_off_lattice_float_repr
csb/csv/2024/06/04/20240604170150845596_gildnerwjrmac-com_pointData.csv	34490	9b4dbece0dfdfda08c46a9e3c94821d7-1	2024-06-04T18:00:12.000Z	AquaMap	AQM-gildnerwjrmac-com	2024-06-04T13:25:08Z	2024-06-04T13:29:26Z	exclude	provider_off_lattice_float_repr
csb/csv/2024/06/04/20240604171349602297_8250175b-3c29-4906-8437-5106955c99c6_pointData.csv	162441	51f4b7bb21611f1916445b1945827222-1	2024-06-04T18:00:12.000Z	Rosepoint	ROSEP-8250175b-3c29-4906-8437-5106955c99c6	2024-06-04T11:13:57Z	2024-06-04T17:13:28Z	keep	unique_1e-6_lattice_submission
csb/csv/2024/06/04/20240604172136366431_834f85c2-0999-11eb-a100-98be942a5b5a_pointData.csv	192985	6974405dd62f55ee4095f966a2432a5a-1	2024-06-04T18:00:14.000Z	PGS	PGS-834f85c2-0999-11eb-a100-98be942a5b5a	2024-06-04T16:00:00Z	2024-06-04T16:59:57Z	exclude	provider_mixed_1e-4_and_1e-6_lattice
csb/csv/2024/06/04/20240604174416483591_ec72276e-3e2b-4d56-82bb-111fc86cbd77_pointData.csv	190863	d84d1ac90c1ec20e0f1fe9a813737bc0-1	2024-06-04T18:00:13.000Z	PGS	PGS-ec72276e-3e2b-4d56-82bb-111fc86cbd77	2024-06-04T15:00:02Z	2024-06-04T15:59:59Z	exclude	provider_mixed_1e-4_and_1e-6_lattice
csb/csv/2024/06/04/20240604175406950905_3b0c5ff2-0998-11eb-8eb6-98be942a5b5a_pointData.csv	163202	28913d5daea8ca4bcb50b7ac6dc66863-1	2024-06-04T18:00:13.000Z	PGS	PGS-3b0c5ff2-0998-11eb-8eb6-98be942a5b5a	2024-06-04T14:59:57Z	2024-06-04T15:59:58Z	exclude	provider_mixed_1e-4_and_1e-6_lattice
csb/csv/2024/06/04/20240604175556723029_f73d4b8d-97c0-48ab-9200-c313709c76d0_pointData.csv	61515	f035473d8db973e213a2934f2cec492f-1	2024-06-04T18:00:12.000Z	Rosepoint	ROSEP-f73d4b8d-97c0-48ab-9200-c313709c76d0	2024-06-04T11:55:06Z	2024-06-04T17:55:02Z	keep	unique_1e-6_lattice_submission
csb/csv/2024/06/04/20240604175650921949_6436aa4a-fdc1-11ee-bb46-7729efb26c37_pointData.csv	618576	d5a30749fe337fe966ef648a073a9a09-1	2024-06-04T18:00:15.000Z	COMIT USF	COMITUSF-6436aa4a-fdc1-11ee-bb46-7729efb26c37	2024-06-03T21:00:17Z	2024-06-03T21:57:21Z	keep	unique_1e-6_lattice_submission
csb/csv/2024/06/04/20240604175651722688_6436aa4a-fdc1-11ee-bb46-7729efb26c37_pointData.csv	618576	adea450444aa12b0174b685c91437872-1	2024-06-04T18:00:14.000Z	COMIT USF	COMITUSF-6436aa4a-fdc1-11ee-bb46-7729efb26c37	2024-06-03T21:00:17Z	2024-06-03T21:57:21Z	exclude	exact_reupload_of:20240604175650921949_6436aa4a-fdc1-11ee-bb46-7729efb26c37_pointData.csv
csb/csv/2024/06/04/20240604180131026657_622f6658743b89-54541644_pointData.csv	830343	4e3659d8bc68a3ad60c3ec58838761eb-1	2024-06-05T00:00:09.000Z	AquaMap	AQM-622f6658743b89-54541644	2024-06-04T14:57:47Z	2024-06-04T17:49:54Z	exclude	provider_off_lattice_float_repr
csb/csv/2024/06/04/20240604181009261828_d6eb7b6d-04dc-4872-ba51-c3b4ce006807_pointData.csv	870949	ff5fe76813e8f8d185ec57c00b618bcc-1	2024-06-05T00:00:09.000Z	FarSounder	FARSND-d6eb7b6d-04dc-4872-ba51-c3b4ce006807	2024-06-04T07:15:44.577Z	2024-06-04T11:01:43.019Z	exclude	provider_rolling_overlapping_resubmissions
csb/csv/2024/06/04/20240604182441517296_cdd0edb8-c483-4c48-be4d-93f29dcbc26c_pointData.csv	70669	8ea7b22e5bf2a83c44c65a399eba6b10-1	2024-06-05T00:00:08.000Z	Rosepoint	ROSEP-cdd0edb8-c483-4c48-be4d-93f29dcbc26c	2024-06-04T12:23:20Z	2024-06-04T18:23:44Z	keep	unique_1e-6_lattice_submission
csb/csv/2024/06/04/20240604183559611009_672e2884-f0ed-44dc-b9bb-56d79261e4f1_pointData.csv	649984	8f427aaf3708992ca2cc1699308d0ae6-1	2024-06-05T00:00:09.000Z	Rosepoint	ROSEP-672e2884-f0ed-44dc-b9bb-56d79261e4f1	2024-06-04T12:46:38Z	2024-06-04T18:35:15Z	keep	unique_1e-6_lattice_submission
csb/csv/2024/06/04/20240604183711052984_0dc4d7c1-f541-476d-a76b-72fb09ad1bd2_pointData.csv	379353	0919bbf4edf856a35787d22daab20d1e-1	2024-06-05T00:00:08.000Z	Rosepoint	ROSEP-0dc4d7c1-f541-476d-a76b-72fb09ad1bd2	2024-06-04T08:49:25Z	2024-06-04T18:37:06Z	keep	unique_1e-6_lattice_submission
csb/csv/2024/06/04/20240604184042181956_061e2f30-c234-4cf0-b880-42bb03ab857d_pointData.csv	48271	529c435db1a3d632b41aba2a10cb59c3-1	2024-06-05T00:00:09.000Z	Rosepoint	ROSEP-061e2f30-c234-4cf0-b880-42bb03ab857d	2024-06-04T12:37:05Z	2024-06-04T17:29:46Z	keep	unique_1e-6_lattice_submission
csb/csv/2024/06/04/20240604184402307804_ec72276e-3e2b-4d56-82bb-111fc86cbd77_pointData.csv	190863	7250b2c9734a582e2082cf82237b2c30-1	2024-06-05T00:00:08.000Z	PGS	PGS-ec72276e-3e2b-4d56-82bb-111fc86cbd77	2024-06-04T16:00:02Z	2024-06-04T16:59:59Z	exclude	provider_mixed_1e-4_and_1e-6_lattice
csb/csv/2024/06/04/20240604184604862132_3b0c5ff2-0998-11eb-8eb6-98be942a5b5a_pointData.csv	154883	5de8838db765108dd882de60aa80da98-1	2024-06-05T00:00:08.000Z	PGS	PGS-3b0c5ff2-0998-11eb-8eb6-98be942a5b5a	2024-06-04T16:00:01Z	2024-06-04T16:59:58Z	exclude	provider_mixed_1e-4_and_1e-6_lattice
csb/csv/2024/06/04/20240604184703999768_e150d9fe-d3d7-4d47-ba18-f82688e01b85_pointData.csv	1117815	b43317eead1bfb946ca392736815d758-1	2024-06-05T00:00:10.000Z	Rosepoint	ROSEP-e150d9fe-d3d7-4d47-ba18-f82688e01b85	2024-06-04T12:43:20Z	2024-06-04T18:47:01Z	keep	unique_1e-6_lattice_submission
csb/csv/2024/06/04/20240604190026779452_60814530103d97-21972437_pointData.csv	814051	a56ee345dc21b6ea51faecc9985df474-1	2024-06-05T00:00:10.000Z	AquaMap	AQM-60814530103d97-21972437	2024-06-04T15:41:48Z	2024-06-04T17:06:26Z	exclude	provider_off_lattice_float_repr
csb/csv/2024/06/04/20240604190034613652_60814530103d97-21972437_pointData.csv	814742	77f0dd2355c758fdc67bda6df96bc1e1-1	2024-06-05T00:00:09.000Z	AquaMap	AQM-60814530103d97-21972437	2024-06-04T14:17:51Z	2024-06-04T15:41:47Z	exclude	provider_off_lattice_float_repr
csb/csv/2024/06/04/20240604190037492545_Flatswing_pointData.csv	199564	6be1829603b2302de680642fbebd76e7-1	2024-06-05T00:00:10.000Z	AquaMap	AQM-Flatswing	2024-06-04T18:09:26Z	2024-06-04T18:49:21Z	exclude	provider_off_lattice_float_repr
csb/csv/2024/06/04/20240604190101765604_donkur_pointData.csv	635768	a5345eee87415952f9f425fe6fc6cbfa-1	2024-06-05T00:00:09.000Z	AquaMap	AQM-donkur	2024-06-04T16:51:03Z	2024-06-04T18:15:40Z	exclude	provider_off_lattice_float_repr
csb/csv/2024/06/04/20240604190116946457_60814530103d97-21972437_pointData.csv	674795	9922dc0a28ae687ff2e8b6d8f4a084b4-1	2024-06-05T00:00:10.000Z	AquaMap	AQM-60814530103d97-21972437	2024-06-04T17:06:27Z	2024-06-04T18:16:52Z	exclude	provider_off_lattice_float_repr
csb/csv/2024/06/04/20240604190151952638_NFA_pointData.csv	604916	05fedd539f98bce7d79d6e492d22fe32-1	2024-06-05T00:00:10.000Z	AquaMap	AQM-NFA	2024-06-04T16:57:24Z	2024-06-04T18:23:06Z	exclude	provider_off_lattice_float_repr
csb/csv/2024/06/04/20240604190208517836_Flatswing_pointData.csv	679855	b51e0ba9317fbfdcabd64bca257987d3-1	2024-06-05T00:00:10.000Z	AquaMap	AQM-Flatswing	2024-06-04T16:01:04Z	2024-06-04T18:09:25Z	exclude	provider_off_lattice_float_repr
csb/csv/2024/06/04/20240604190404666546_834f85c2-0999-11eb-a100-98be942a5b5a_pointData.csv	192986	6099530020ccb1956a347ef1ce51c0d6-1	2024-06-05T00:00:10.000Z	PGS	PGS-834f85c2-0999-11eb-a100-98be942a5b5a	2024-06-04T17:00:00Z	2024-06-04T17:59:57Z	exclude	provider_mixed_1e-4_and_1e-6_lattice
csb/csv/2024/06/04/20240604190855651760_48e8b019-4141-4a35-bd63-b3be3e30b183_pointData.csv	3266680	e79295f59f595f70bdbe901f1c4e0318-1	2024-06-05T00:00:11.000Z	Rosepoint	ROSEP-48e8b019-4141-4a35-bd63-b3be3e30b183	2024-06-04T13:07:16Z	2024-06-04T19:08:40Z	keep	unique_1e-6_lattice_submission
csb/csv/2024/06/04/20240604190959232859_0b47316c-cb31-4353-bd05-476078e2e7fd_pointData.csv	22976871	e5fbb93cfccbb1a6ccbb4fc779ec1cb3-5	2024-06-05T00:00:11.000Z	Rosepoint	ROSEP-0b47316c-cb31-4353-bd05-476078e2e7fd	2024-05-26T23:05:31Z	2024-05-31T14:04:39Z	keep	unique_1e-6_lattice_submission
csb/csv/2024/06/04/20240604191026929945_4411b9ca-6b0e-47d2-a6be-36e60a3b577a_pointData.csv	1923506	06962b35e0de8ee9d5c215619652a0df-1	2024-06-05T00:00:12.000Z	Rosepoint	ROSEP-4411b9ca-6b0e-47d2-a6be-36e60a3b577a	2024-06-04T13:08:52Z	2024-06-04T19:10:18Z	keep	unique_1e-6_lattice_submission
csb/csv/2024/06/04/20240604191827866594_b46dfd84-2ce8-4a25-a16b-4af10b8eb60e_pointData.csv	61878	77dd3e7d0e91af195a28ff4f81ae8d27-1	2024-06-05T00:00:10.000Z	Rosepoint	ROSEP-b46dfd84-2ce8-4a25-a16b-4af10b8eb60e	2024-06-04T13:17:00Z	2024-06-04T19:17:59Z	keep	unique_1e-6_lattice_submission
csb/csv/2024/06/04/20240604193035874853_d6eb7b6d-04dc-4872-ba51-c3b4ce006807_pointData.csv	871486	2cb18c785a287538655e469b391da7a8-1	2024-06-05T00:00:11.000Z	FarSounder	FARSND-d6eb7b6d-04dc-4872-ba51-c3b4ce006807	2024-06-04T07:15:44.577Z	2024-06-04T12:24:47.986Z	exclude	provider_rolling_overlapping_resubmissions
csb/csv/2024/06/04/20240604193316481361_ec72276e-3e2b-4d56-82bb-111fc86cbd77_pointData.csv	190863	ec983bf31d80ac8599bd5fd7f614bf62-1	2024-06-05T00:00:10.000Z	PGS	PGS-ec72276e-3e2b-4d56-82bb-111fc86cbd77	2024-06-04T17:00:02Z	2024-06-04T17:59:59Z	exclude	provider_mixed_1e-4_and_1e-6_lattice
csb/csv/2024/06/04/20240604193830467927_3b0c5ff2-0998-11eb-8eb6-98be942a5b5a_pointData.csv	164474	7e6fcd84283f33ac7c5aa8e4d4bf235a-1	2024-06-05T00:00:11.000Z	PGS	PGS-3b0c5ff2-0998-11eb-8eb6-98be942a5b5a	2024-06-04T17:00:01Z	2024-06-04T17:59:10Z	exclude	provider_mixed_1e-4_and_1e-6_lattice
csb/csv/2024/06/04/20240604194907453008_251e0ec1-5645-476e-8563-9f34939f5d72_pointData.csv	231888	64fab5c5af68f613fc62e1309c90346a-1	2024-06-05T00:00:11.000Z	Rosepoint	ROSEP-251e0ec1-5645-476e-8563-9f34939f5d72	2024-06-04T13:48:42Z	2024-06-04T19:48:29Z	keep	unique_1e-6_lattice_submission
csb/csv/2024/06/04/20240604195148558180_834f85c2-0999-11eb-a100-98be942a5b5a_pointData.csv	192993	59219d17425639e485c7fc67b8d33165-1	2024-06-05T00:00:11.000Z	PGS	PGS-834f85c2-0999-11eb-a100-98be942a5b5a	2024-06-04T18:00:00Z	2024-06-04T18:59:57Z	exclude	provider_mixed_1e-4_and_1e-6_lattice
csb/csv/2024/06/04/20240604200018652691_Hoogerwerf_pointData.csv	672224	29adcf0c2d5796d6349e8ed8336e2cc8-1	2024-06-05T00:00:13.000Z	AquaMap	AQM-Hoogerwerf	2024-06-03T00:05:10Z	2024-06-03T02:35:46Z	exclude	provider_off_lattice_float_repr
csb/csv/2024/06/04/20240604200026386219_Hoogerwerf_pointData.csv	661262	121dd7cb6a329d461a79a29b48d2ca02-1	2024-06-05T00:00:13.000Z	AquaMap	AQM-Hoogerwerf	2024-06-04T03:20:16Z	2024-06-04T07:02:54Z	exclude	provider_off_lattice_float_repr
csb/csv/2024/06/04/20240604200043243877_Hoogerwerf_pointData.csv	643262	389a73f84cece2fbd780c5e3a1230083-1	2024-06-05T00:00:11.000Z	AquaMap	AQM-Hoogerwerf	2024-06-02T17:03:31Z	2024-06-02T19:32:12Z	exclude	provider_off_lattice_float_repr
csb/csv/2024/06/04/20240604200048921678_Hoogerwerf_pointData.csv	457820	beaf948ae5bf10c0319670477e38d821-1	2024-06-05T00:00:12.000Z	AquaMap	AQM-Hoogerwerf	2024-06-03T17:57:04Z	2024-06-03T19:45:34Z	exclude	provider_off_lattice_float_repr
csb/csv/2024/06/04/20240604200112811327_Hoogerwerf_pointData.csv	669266	2ba76487ec2f18b655b9b97edebfe265-1	2024-06-05T00:00:12.000Z	AquaMap	AQM-Hoogerwerf	2024-06-01T23:18:35Z	2024-06-02T01:21:00Z	exclude	provider_off_lattice_float_repr
csb/csv/2024/06/04/20240604200118048283_bobetter_pointData.csv	431205	3c1703c40dbb9cc9d0e662ce48170319-1	2024-06-05T00:00:12.000Z	AquaMap	AQM-bobetter	2024-06-02T11:56:21Z	2024-06-02T12:50:45Z	exclude	provider_off_lattice_float_repr
csb/csv/2024/06/04/20240604200129375224_ChapterFour_pointData.csv	257006	14cadece765f3662537f9b220e0a52d9-1	2024-06-05T00:00:12.000Z	AquaMap	AQM-ChapterFour	2024-06-04T16:52:59Z	2024-06-04T17:41:04Z	exclude	provider_off_lattice_float_repr
csb/csv/2024/06/04/20240604200136931693_Hoogerwerf_pointData.csv	657086	7690759bbeca43feadecb114eef16d09-1	2024-06-05T00:00:13.000Z	AquaMap	AQM-Hoogerwerf	2024-06-02T03:27:20Z	2024-06-02T05:34:40Z	exclude	provider_off_lattice_float_repr
csb/csv/2024/06/04/20240604200144331575_Hoogerwerf_pointData.csv	625660	f27aae3129be2b66d1b1be58e252e24d-1	2024-06-05T00:00:14.000Z	AquaMap	AQM-Hoogerwerf	2024-06-03T12:28:55Z	2024-06-03T15:19:39Z	exclude	provider_off_lattice_float_repr
csb/csv/2024/06/04/20240604200159238702_Hoogerwerf_pointData.csv	662049	ef7464bea1f78d2ec7490bc07da8a9db-1	2024-06-05T00:00:14.000Z	AquaMap	AQM-Hoogerwerf	2024-06-02T10:04:17Z	2024-06-02T12:22:57Z	exclude	provider_off_lattice_float_repr
csb/csv/2024/06/04/20240604200207859704_Hoogerwerf_pointData.csv	664769	a1dfad5cf43d19d5c920ceed87a5a25f-1	2024-06-05T00:00:12.000Z	AquaMap	AQM-Hoogerwerf	2024-06-01T19:07:32Z	2024-06-01T21:16:13Z	exclude	provider_off_lattice_float_repr
csb/csv/2024/06/04/20240604200211249219_ChapterFour_pointData.csv	256904	fffa2ca37fdaabd755c441d3c7a3cc27-1	2024-06-05T00:00:13.000Z	AquaMap	AQM-ChapterFour	2024-06-04T12:07:54Z	2024-06-04T12:47:50Z	exclude	provider_off_lattice_float_repr
csb/csv/2024/06/04/20240604200225497354_Hoogerwerf_pointData.csv	662203	d8237f3270f94e92e18dbcc4e2dd5fb6-1	2024-06-05T00:00:13.000Z	AquaMap	AQM-Hoogerwerf	2024-06-02T05:34:45Z	2024-06-02T07:48:42Z	exclude	provider_off_lattice_float_repr
csb/csv/2024/06/04/20240604200232924394_Hoogerwerf_pointData.csv	652810	7ac70a30b1afeb1145c4311b40d7b052-1	2024-06-05T00:00:13.000Z	AquaMap	AQM-Hoogerwerf	2024-06-01T21:16:14Z	2024-06-01T23:18:32Z	exclude	provider_off_lattice_float_repr
csb/csv/2024/06/04/20240604200244226689_Hoogerwerf_pointData.csv	674102	6a080444dd37887578b6afad064a1098-1	2024-06-05T00:00:13.000Z	AquaMap	AQM-Hoogerwerf	2024-06-03T15:19:41Z	2024-06-03T17:57:02Z	exclude	provider_off_lattice_float_repr
csb/csv/2024/06/04/20240604200311063424_Hoogerwerf_pointData.csv	657914	6e4bc31f451e02b73c2df1e6f9cdd0b1-1	2024-06-05T00:00:14.000Z	AquaMap	AQM-Hoogerwerf	2024-06-03T02:35:49Z	2024-06-03T05:40:29Z	exclude	provider_off_lattice_float_repr
csb/csv/2024/06/04/20240604200318580957_Hoogerwerf_pointData.csv	668903	2857c0e349d8cd615653cb3f86dca985-1	2024-06-05T00:00:14.000Z	AquaMap	AQM-Hoogerwerf	2024-06-02T21:46:55Z	2024-06-03T00:05:09Z	exclude	provider_off_lattice_float_repr
csb/csv/2024/06/04/20240604200328654516_Hoogerwerf_pointData.csv	658695	cb230e8375eba264c1dda61a8a39f454-1	2024-06-05T00:00:15.000Z	AquaMap	AQM-Hoogerwerf	2024-06-02T01:21:02Z	2024-06-02T03:27:18Z	exclude	provider_off_lattice_float_repr
csb/csv/2024/06/04/20240604200336261280_Hoogerwerf_pointData.csv	671576	903a40556c8b9935428d820282c17037-1	2024-06-05T00:00:13.000Z	AquaMap	AQM-Hoogerwerf	2024-06-01T14:05:26Z	2024-06-01T16:28:47Z	exclude	provider_off_lattice_float_repr
csb/csv/2024/06/04/20240604200338055636_Hoogerwerf_pointData.csv	89627	77dcc4605dc2b08955d2de7dbffdd121-1	2024-06-05T00:00:14.000Z	AquaMap	AQM-Hoogerwerf	2024-06-03T21:42:18Z	2024-06-03T22:38:55Z	exclude	provider_off_lattice_float_repr
csb/csv/2024/06/04/20240604200343994198_ChapterFour_pointData.csv	52289	184ad203f3951495d5d60801913365a3-1	2024-06-05T00:00:14.000Z	AquaMap	AQM-ChapterFour	2024-06-04T12:57:00Z	2024-06-04T13:05:05Z	exclude	provider_off_lattice_float_repr
csb/csv/2024/06/04/20240604200351376332_Hoogerwerf_pointData.csv	652684	d76b4fad714dac73df136b590f605e2b-1	2024-06-05T00:00:14.000Z	AquaMap	AQM-Hoogerwerf	2024-06-02T14:50:27Z	2024-06-02T17:03:29Z	exclude	provider_off_lattice_float_repr
csb/csv/2024/06/04/20240604200400611941_Hoogerwerf_pointData.csv	639711	5d1e59dffd3116f85e607d7b5f019622-1	2024-06-05T00:00:14.000Z	AquaMap	AQM-Hoogerwerf	2024-06-02T19:32:14Z	2024-06-02T21:46:53Z	exclude	provider_off_lattice_float_repr
csb/csv/2024/06/04/20240604200415623452_Hoogerwerf_pointData.csv	662056	85204370fd6660f530de51517d946c5e-1	2024-06-05T00:00:14.000Z	AquaMap	AQM-Hoogerwerf	2024-06-02T07:48:44Z	2024-06-02T10:04:15Z	exclude	provider_off_lattice_float_repr
csb/csv/2024/06/04/20240604200422650753_Hoogerwerf_pointData.csv	611906	f33cd0c5061d8c35f4d8b49202830130-1	2024-06-05T00:00:15.000Z	AquaMap	AQM-Hoogerwerf	2024-06-03T08:21:21Z	2024-06-03T10:40:23Z	exclude	provider_off_lattice_float_repr
csb/csv/2024/06/04/20240604201352193610_ec72276e-3e2b-4d56-82bb-111fc86cbd77_pointData.csv	190704	097e4a7181211b797b33a277e24aa06e-1	2024-06-05T00:00:15.000Z	PGS	PGS-ec72276e-3e2b-4d56-82bb-111fc86cbd77	2024-06-04T18:00:02Z	2024-06-04T18:59:56Z	exclude	provider_mixed_1e-4_and_1e-6_lattice
csb/csv/2024/06/04/20240604202139444774_3b0c5ff2-0998-11eb-8eb6-98be942a5b5a_pointData.csv	161906	c4c56a5e2170578e44d8db5b13f9514f-1	2024-06-05T00:00:14.000Z	PGS	PGS-3b0c5ff2-0998-11eb-8eb6-98be942a5b5a	2024-06-04T17:59:13Z	2024-06-04T18:59:58Z	exclude	provider_mixed_1e-4_and_1e-6_lattice
csb/csv/2024/06/04/20240604202431808389_cb1bbd67-78e2-4b5f-97e4-4ab1661c7454_pointData.csv	59723	088d7b00726fbab8f7d24295d0b8e883-1	2024-06-05T00:00:14.000Z	Rosepoint	ROSEP-cb1bbd67-78e2-4b5f-97e4-4ab1661c7454	2024-06-04T14:24:02Z	2024-06-04T20:23:57Z	keep	unique_1e-6_lattice_submission
csb/csv/2024/06/04/20240604203522095366_834f85c2-0999-11eb-a100-98be942a5b5a_pointData.csv	193033	cd93a410a336cdb86d7886784302e196-1	2024-06-05T00:00:14.000Z	PGS	PGS-834f85c2-0999-11eb-a100-98be942a5b5a	2024-06-04T19:00:00Z	2024-06-04T19:59:57Z	exclude	provider_mixed_1e-4_and_1e-6_lattice
csb/csv/2024/06/04/20240604204615027171_0d1b6ce0-e5ec-40f1-99a9-2187e8d08bf4_pointData.csv	3439918	a38d5f93430c5a2fb2bb061ec5c56d21-1	2024-06-05T00:00:15.000Z	Rosepoint	ROSEP-0d1b6ce0-e5ec-40f1-99a9-2187e8d08bf4	2004-10-19T14:44:24Z	2004-10-19T20:45:52Z	keep	unique_1e-6_lattice_submission
csb/csv/2024/06/04/20240604204832876584_4f651d43-9a33-452c-9299-6ab08ed9d831_pointData.csv	62431	a2c962400e4226950a85f23e1111ea3d-1	2024-06-05T00:00:15.000Z	Rosepoint	ROSEP-4f651d43-9a33-452c-9299-6ab08ed9d831	2024-06-04T14:48:16Z	2024-06-04T20:48:22Z	keep	unique_1e-6_lattice_submission
csb/csv/2024/06/04/20240604205008712376_d6eb7b6d-04dc-4872-ba51-c3b4ce006807_pointData.csv	870703	5e1cf6effafc75b03a49ed47a3524ccd-1	2024-06-05T00:00:15.000Z	FarSounder	FARSND-d6eb7b6d-04dc-4872-ba51-c3b4ce006807	2024-06-04T07:15:44.577Z	2024-06-04T13:47:56.978Z	exclude	provider_rolling_overlapping_resubmissions
csb/csv/2024/06/04/20240604210042564815_bobetter_pointData.csv	431205	1d1f1f007d2d7be48d8bac4020e76eec-1	2024-06-05T00:00:16.000Z	AquaMap	AQM-bobetter	2024-06-02T11:56:21Z	2024-06-02T12:50:45Z	exclude	provider_off_lattice_float_repr
csb/csv/2024/06/04/20240604210125578230_Billt2605aol-com_pointData.csv	167093	43abe4464848fc9bdc29767067a5c729-1	2024-06-05T00:00:16.000Z	AquaMap	AQM-Billt2605aol-com	2024-06-04T20:10:35Z	2024-06-04T20:42:49Z	exclude	provider_off_lattice_float_repr
csb/csv/2024/06/04/20240604212257554091_834f85c2-0999-11eb-a100-98be942a5b5a_pointData.csv	192996	fb2647ec98bbd28c2f121fb5d482a557-1	2024-06-05T00:00:15.000Z	PGS	PGS-834f85c2-0999-11eb-a100-98be942a5b5a	2024-06-04T20:00:00Z	2024-06-04T20:59:58Z	exclude	provider_mixed_1e-4_and_1e-6_lattice
csb/csv/2024/06/04/20240604213836612582_11ce5241-356b-43ba-9456-f56555e0751a_pointData.csv	61819	80529629c6951d8fc3581ab4add2e0ce-1	2024-06-05T00:00:15.000Z	Rosepoint	ROSEP-11ce5241-356b-43ba-9456-f56555e0751a	2024-06-04T15:34:45Z	2024-06-04T21:38:28Z	keep	unique_1e-6_lattice_submission
csb/csv/2024/06/04/20240604214528448813_398c56de-e541-4380-9ee4-589ec53f46f6_pointData.csv	2869371	01b5afcf8605d6e4bcb4f5667c005da2-1	2024-06-05T00:00:15.000Z	Rosepoint	ROSEP-398c56de-e541-4380-9ee4-589ec53f46f6	2024-06-04T15:44:39Z	2024-06-04T21:45:19Z	keep	unique_1e-6_lattice_submission
csb/csv/2024/06/04/20240604214550916793_c397eae3-6787-4d49-abbe-1de3758956f5_pointData.csv	61738	40171224c040b75772324f40751a67be-1	2024-06-05T00:00:15.000Z	Rosepoint	ROSEP-c397eae3-6787-4d49-abbe-1de3758956f5	2024-06-04T15:43:36Z	2024-06-04T21:45:40Z	keep	unique_1e-6_lattice_submission
csb/csv/2024/06/04/20240604214850884125_c21bff07-b678-4dfb-ab54-a111660d6cfa_pointData.csv	2832719	c33f6bf63bad3e4c55272a34a40c4cc5-1	2024-06-05T00:00:16.000Z	Rosepoint	ROSEP-c21bff07-b678-4dfb-ab54-a111660d6cfa	2024-06-04T15:45:37Z	2024-06-04T21:47:48Z	keep	unique_1e-6_lattice_submission
csb/csv/2024/06/04/20240604215404088179_ec72276e-3e2b-4d56-82bb-111fc86cbd77_pointData.csv	190863	c285b3228ae7378aaa674bea535f8e0b-1	2024-06-05T00:00:16.000Z	PGS	PGS-ec72276e-3e2b-4d56-82bb-111fc86cbd77	2024-06-04T18:59:59Z	2024-06-04T19:59:57Z	exclude	provider_mixed_1e-4_and_1e-6_lattice
csb/csv/2024/06/04/20240604215718496687_373e61a4-5650-43be-800f-e6197634cf6f_pointData.csv	3436434	2683a5609a6699491e37819989322118-1	2024-06-05T00:00:17.000Z	Rosepoint	ROSEP-373e61a4-5650-43be-800f-e6197634cf6f	2024-06-04T15:56:14Z	2024-06-04T21:57:15Z	keep	unique_1e-6_lattice_submission
csb/csv/2024/06/04/20240604215857260632_3b0c5ff2-0998-11eb-8eb6-98be942a5b5a_pointData.csv	157602	69bbb72d6ca033b3b1b031c1a6d0baae-1	2024-06-05T00:00:17.000Z	PGS	PGS-3b0c5ff2-0998-11eb-8eb6-98be942a5b5a	2024-06-04T19:00:01Z	2024-06-04T19:59:43Z	exclude	provider_mixed_1e-4_and_1e-6_lattice
csb/csv/2024/06/04/20240604220059053775_bobetter_pointData.csv	20182	bbeafc4e6404764cbecc1834129eb15b-1	2024-06-05T00:00:15.000Z	AquaMap	AQM-bobetter	2024-06-04T20:54:33Z	2024-06-04T20:57:59Z	exclude	provider_off_lattice_float_repr
csb/csv/2024/06/04/20240604220118820710_071ba46a-9793-4306-a970-8461bae10e77_pointData.csv	60727	6fea7c9cf008a23e1fdb1ffbc709bb94-1	2024-06-05T00:00:15.000Z	Rosepoint	ROSEP-071ba46a-9793-4306-a970-8461bae10e77	2004-10-19T16:00:15Z	2004-10-19T22:00:30Z	keep	unique_1e-6_lattice_submission
csb/csv/2024/06/04/20240604221845763212_4606e387-998b-46fb-b5a6-02c7eafa03da_pointData.csv	3476610	010a54819953dbd8c2bff7a98890a2ef-1	2024-06-05T00:00:16.000Z	Rosepoint	ROSEP-4606e387-998b-46fb-b5a6-02c7eafa03da	2004-10-19T16:14:37Z	2004-10-19T22:18:39Z	keep	unique_1e-6_lattice_submission
csb/csv/2024/06/04/20240604221953295377_834f85c2-0999-11eb-a100-98be942a5b5a_pointData.csv	193003	030953b721ac4a7cacf2bf76f573a23e-1	2024-06-05T00:00:16.000Z	PGS	PGS-834f85c2-0999-11eb-a100-98be942a5b5a	2024-06-04T21:00:01Z	2024-06-04T21:59:58Z	exclude	provider_mixed_1e-4_and_1e-6_lattice
csb/csv/2024/06/04/20240604222011647191_d6eb7b6d-04dc-4872-ba51-c3b4ce006807_pointData.csv	869812	569cea6db1ed27d6cf79e82110bb2d2f-1	2024-06-05T00:00:16.000Z	FarSounder	FARSND-d6eb7b6d-04dc-4872-ba51-c3b4ce006807	2024-06-04T07:15:44.577Z	2024-06-04T15:11:07.983Z	exclude	provider_rolling_overlapping_resubmissions
csb/csv/2024/06/04/20240604224215518972_e557a017-0c75-4365-808a-680673bbb79e_pointData.csv	1103694	dc3a2b39fcdf97bb9f7b725a191fbf53-1	2024-06-05T00:00:17.000Z	Rosepoint	ROSEP-e557a017-0c75-4365-808a-680673bbb79e	2024-06-04T16:40:03Z	2024-06-04T22:41:51Z	keep	unique_1e-6_lattice_submission
csb/csv/2024/06/04/20240604224518657023_ec72276e-3e2b-4d56-82bb-111fc86cbd77_pointData.csv	190863	85c37008c995234715aa6af5b475b287-1	2024-06-05T00:00:18.000Z	PGS	PGS-ec72276e-3e2b-4d56-82bb-111fc86cbd77	2024-06-04T20:00:00Z	2024-06-04T20:59:57Z	exclude	provider_mixed_1e-4_and_1e-6_lattice
csb/csv/2024/06/04/20240604224541347854_62641c86-2ffe-4cee-b9c0-7ee36c1ad599_pointData.csv	3015418	7efe279664d5dc32352b17b609af5e49-1	2024-06-05T00:00:18.000Z	Rosepoint	ROSEP-62641c86-2ffe-4cee-b9c0-7ee36c1ad599	2024-06-04T16:45:07Z	2024-06-04T22:45:35Z	keep	unique_1e-6_lattice_submission
csb/csv/2024/06/04/20240604225205937921_70946e11-d3aa-412d-8427-c23af3e246e3_pointData.csv	534783	c2fa908f6e9cd45e3a6d1597d5fe121a-1	2024-06-05T00:00:16.000Z	Rosepoint	ROSEP-70946e11-d3aa-412d-8427-c23af3e246e3	2024-06-04T10:49:20Z	2024-06-04T22:51:43Z	keep	unique_1e-6_lattice_submission
csb/csv/2024/06/04/20240604225702369853_3b0c5ff2-0998-11eb-8eb6-98be942a5b5a_pointData.csv	184222	9be1c639524e0656964cc684e128e6f4-1	2024-06-05T00:00:16.000Z	PGS	PGS-3b0c5ff2-0998-11eb-8eb6-98be942a5b5a	2024-06-04T19:59:46Z	2024-06-04T20:59:58Z	exclude	provider_mixed_1e-4_and_1e-6_lattice
csb/csv/2024/06/04/20240604231512471758_8250175b-3c29-4906-8437-5106955c99c6_pointData.csv	61431	30718badabe192bbb3cc0fb2c7d69fde-1	2024-06-05T00:00:16.000Z	Rosepoint	ROSEP-8250175b-3c29-4906-8437-5106955c99c6	2024-06-04T17:14:28Z	2024-06-04T23:14:43Z	keep	unique_1e-6_lattice_submission
csb/csv/2024/06/04/20240604231907987021_53df1aa6-1feb-47dc-a374-3880fae210fd_pointData.csv	3966952	d94221d2684635e75a3ede9249ee83c6-1	2024-06-05T00:00:17.000Z	Rosepoint	ROSEP-53df1aa6-1feb-47dc-a374-3880fae210fd	2024-06-03T23:05:47Z	2024-06-04T10:34:38Z	keep	unique_1e-6_lattice_submission
csb/csv/2024/06/04/20240604234010851212_d6eb7b6d-04dc-4872-ba51-c3b4ce006807_pointData.csv	871069	7c24abd1e3e081f86fb92a2fdf911206-1	2024-06-05T00:00:17.000Z	FarSounder	FARSND-d6eb7b6d-04dc-4872-ba51-c3b4ce006807	2024-06-04T09:29:41.266Z	2024-06-04T16:34:20.974Z	exclude	provider_rolling_overlapping_resubmissions
csb/csv/2024/06/04/20240604234135251989_ec72276e-3e2b-4d56-82bb-111fc86cbd77_pointData.csv	190863	5c6475dbd5b10a18d207dae3105465db-1	2024-06-05T00:00:17.000Z	PGS	PGS-ec72276e-3e2b-4d56-82bb-111fc86cbd77	2024-06-04T21:00:00Z	2024-06-04T21:59:57Z	exclude	provider_mixed_1e-4_and_1e-6_lattice
csb/csv/2024/06/04/20240604234426357056_3b0c5ff2-0998-11eb-8eb6-98be942a5b5a_pointData.csv	201089	b9837a8fc24a8f48de63420fd783c79b-1	2024-06-05T00:00:18.000Z	PGS	PGS-3b0c5ff2-0998-11eb-8eb6-98be942a5b5a	2024-06-04T21:00:01Z	2024-06-04T21:59:58Z	exclude	provider_mixed_1e-4_and_1e-6_lattice
csb/csv/2024/06/04/20240604235715844097_f73d4b8d-97c0-48ab-9200-c313709c76d0_pointData.csv	145934	8eecabebef626060a2ee3b1b95de9959-1	2024-06-05T00:00:19.000Z	Rosepoint	ROSEP-f73d4b8d-97c0-48ab-9200-c313709c76d0	2024-06-04T17:56:02Z	2024-06-04T23:57:13Z	keep	unique_1e-6_lattice_submission
csb/csv/2024/06/05/20240605000051651466_bobetter_pointData.csv	668968	ba5d0c6a147d746f51f0ba8461397f56-1	2024-06-05T06:00:07.000Z	AquaMap	AQM-bobetter	2024-06-04T21:09:01Z	2024-06-04T23:11:57Z	exclude	provider_off_lattice_float_repr
csb/csv/2024/06/05/20240605000824747558_834f85c2-0999-11eb-a100-98be942a5b5a_pointData.csv	193015	27d38af20c9070eaa9be96a55af08e4e-1	2024-06-05T06:00:07.000Z	PGS	PGS-834f85c2-0999-11eb-a100-98be942a5b5a	2024-06-04T22:00:01Z	2024-06-04T22:59:58Z	exclude	provider_mixed_1e-4_and_1e-6_lattice
csb/csv/2024/06/05/20240605002558897610_cdd0edb8-c483-4c48-be4d-93f29dcbc26c_pointData.csv	518711	33e46f85fd974651033ec7168bdfd63a-1	2024-06-05T06:00:07.000Z	Rosepoint	ROSEP-cdd0edb8-c483-4c48-be4d-93f29dcbc26c	2024-06-04T18:24:44Z	2024-06-05T00:25:19Z	keep	unique_1e-6_lattice_submission
csb/csv/2024/06/05/20240605003823265938_0dc4d7c1-f541-476d-a76b-72fb09ad1bd2_pointData.csv	63587	e47fd8459877f0e67040dcf693c17027-1	2024-06-05T06:00:07.000Z	Rosepoint	ROSEP-0dc4d7c1-f541-476d-a76b-72fb09ad1bd2	2024-06-04T18:38:07Z	2024-06-05T00:38:13Z	keep	unique_1e-6_lattice_submission
csb/csv/2024/06/05/20240605003841091710_672e2884-f0ed-44dc-b9bb-56d79261e4f1_pointData.csv	61136	6e2b422fc22a45433e99f832a9ed2dac-1	2024-06-05T06:00:07.000Z	Rosepoint	ROSEP-672e2884-f0ed-44dc-b9bb-56d79261e4f1	2024-06-04T18:36:15Z	2024-06-05T00:38:37Z	keep	unique_1e-6_lattice_submission
csb/csv/2024/06/05/20240605004453836930_ec72276e-3e2b-4d56-82bb-111fc86cbd77_pointData.csv	190863	47863ae6490ed7daa2c421e56d730911-1	2024-06-05T06:00:07.000Z	PGS	PGS-ec72276e-3e2b-4d56-82bb-111fc86cbd77	2024-06-04T22:00:00Z	2024-06-04T22:59:57Z	exclude	provider_mixed_1e-4_and_1e-6_lattice
csb/csv/2024/06/05/20240605005027734104_56f26f84-bafc-4b36-8454-b8546bddcf1d_pointData.csv	145755	d9ec32c1d37803a7e16cf96ec97fe786-1	2024-06-05T06:00:07.000Z	Rosepoint	ROSEP-56f26f84-bafc-4b36-8454-b8546bddcf1d	2004-10-19T18:42:29Z	2004-10-20T00:49:38Z	keep	unique_1e-6_lattice_submission
csb/csv/2024/06/05/20240605005237938009_cb79375b-6320-47cd-9a7c-d3014ab4f537_pointData.csv	176052699	6d5aa95a596154c27c0f54c8de913cdf-34	2024-06-05T06:00:12.000Z	Rosepoint	ROSEP-cb79375b-6320-47cd-9a7c-d3014ab4f537	2024-04-30T18:16:04Z	2024-05-21T14:16:17Z	keep	unique_1e-6_lattice_submission
csb/csv/2024/06/05/20240605005326473664_e150d9fe-d3d7-4d47-ba18-f82688e01b85_pointData.csv	179183	b5aecb8da47507860546b9cc69043b18-1	2024-06-05T06:00:08.000Z	Rosepoint	ROSEP-e150d9fe-d3d7-4d47-ba18-f82688e01b85	2024-06-04T18:47:02Z	2024-06-05T00:52:45Z	keep	unique_1e-6_lattice_submission
csb/csv/2024/06/05/20240605005644620735_3b0c5ff2-0998-11eb-8eb6-98be942a5b5a_pointData.csv	200344	2d653099309cb52276f5105a00b09408-1	2024-06-05T06:00:08.000Z	PGS	PGS-3b0c5ff2-0998-11eb-8eb6-98be942a5b5a	2024-06-04T22:00:01Z	2024-06-04T22:59:58Z	exclude	provider_mixed_1e-4_and_1e-6_lattice
csb/csv/2024/06/05/20240605010013430333_d6eb7b6d-04dc-4872-ba51-c3b4ce006807_pointData.csv	872132	36db61251e19f92ff9f37a26429077b5-1	2024-06-05T06:00:08.000Z	FarSounder	FARSND-d6eb7b6d-04dc-4872-ba51-c3b4ce006807	2024-06-04T09:29:41.266Z	2024-06-04T17:57:27.994Z	exclude	provider_rolling_overlapping_resubmissions
csb/csv/2024/06/05/20240605011000252876_48e8b019-4141-4a35-bd63-b3be3e30b183_pointData.csv	1132155	10bd2e524a41a86c405b2c11985a97e9-1	2024-06-05T06:00:08.000Z	Rosepoint	ROSEP-48e8b019-4141-4a35-bd63-b3be3e30b183	2024-06-04T19:08:41Z	2024-06-05T01:09:27Z	keep	unique_1e-6_lattice_submission
csb/csv/2024/06/05/20240605011036412290_834f85c2-0999-11eb-a100-98be942a5b5a_pointData.csv	193021	c5626991b33fda8cda6cae6d17bb44a6-1	2024-06-05T06:00:08.000Z	PGS	PGS-834f85c2-0999-11eb-a100-98be942a5b5a	2024-06-04T23:00:01Z	2024-06-04T23:59:58Z	exclude	provider_mixed_1e-4_and_1e-6_lattice
csb/csv/2024/06/05/20240605011037645867_834f85c2-0999-11eb-a100-98be942a5b5a_pointData.csv	192974	57eae32d1fc3c1eb506e1eb90c2034ef-1	2024-06-05T06:00:08.000Z	PGS	PGS-834f85c2-0999-11eb-a100-98be942a5b5a	2024-06-05T00:00:01Z	2024-06-05T00:59:58Z	exclude	provider_mixed_1e-4_and_1e-6_lattice
csb/csv/2024/06/05/20240605011243053900_4411b9ca-6b0e-47d2-a6be-36e60a3b577a_pointData.csv	2359077	83f98a93a3b67f921af3cb065601aff1-1	2024-06-05T06:00:08.000Z	Rosepoint	ROSEP-4411b9ca-6b0e-47d2-a6be-36e60a3b577a	2024-06-04T19:10:19Z	2024-06-05T01:12:11Z	keep	unique_1e-6_lattice_submission
csb/csv/2024/06/05/20240605012106973696_8250175b-3c29-4906-8437-5106955c99c6_pointData.csv	21501	867cffd927b6700d281607c66ac06c7e-1	2024-06-05T06:00:18.000Z	Rosepoint	ROSEP-8250175b-3c29-4906-8437-5106955c99c6	2024-06-04T23:15:43Z	2024-06-05T01:20:54Z	keep	unique_1e-6_lattice_submission
csb/csv/2024/06/05/20240605012420380040_b46dfd84-2ce8-4a25-a16b-4af10b8eb60e_pointData.csv	94395	a9621760afbaf8557283065cd411d0a7-1	2024-06-05T06:00:09.000Z	Rosepoint	ROSEP-b46dfd84-2ce8-4a25-a16b-4af10b8eb60e	2024-06-04T19:19:00Z	2024-06-05T01:23:57Z	keep	unique_1e-6_lattice_submission
csb/csv/2024/06/05/20240605014808147742_ec72276e-3e2b-4d56-82bb-111fc86cbd77_pointData.csv	190863	3cf35b2f713da2279fe425e80f89f830-1	2024-06-05T06:00:08.000Z	PGS	PGS-ec72276e-3e2b-4d56-82bb-111fc86cbd77	2024-06-04T23:00:00Z	2024-06-04T23:59:57Z	exclude	provider_mixed_1e-4_and_1e-6_lattice
csb/csv/2024/06/05/20240605015027925144_251e0ec1-5645-476e-8563-9f34939f5d72_pointData.csv	295214	0b96f2b9d9ce835bc7bc98cfcee91fb7-1	2024-06-05T06:00:09.000Z	Rosepoint	ROSEP-251e0ec1-5645-476e-8563-9f34939f5d72	2024-06-04T19:49:30Z	2024-06-05T01:50:26Z	keep	unique_1e-6_lattice_submission
csb/csv/2024/06/05/20240605015109814269_3b0c5ff2-0998-11eb-8eb6-98be942a5b5a_pointData.csv	199270	333e2c6cd61cbf6f77995b1cada7f488-1	2024-06-05T06:00:09.000Z	PGS	PGS-3b0c5ff2-0998-11eb-8eb6-98be942a5b5a	2024-06-04T23:00:01Z	2024-06-04T23:59:58Z	exclude	provider_mixed_1e-4_and_1e-6_lattice
csb/csv/2024/06/05/20240605021152891740_834f85c2-0999-11eb-a100-98be942a5b5a_pointData.csv	192990	f2ad2fd28f3373a9abd62e08864689bd-1	2024-06-05T06:00:08.000Z	PGS	PGS-834f85c2-0999-11eb-a100-98be942a5b5a	2024-06-05T01:00:01Z	2024-06-05T01:59:58Z	exclude	provider_mixed_1e-4_and_1e-6_lattice
csb/csv/2024/06/05/20240605022735985730_cb1bbd67-78e2-4b5f-97e4-4ab1661c7454_pointData.csv	68983	4cc0d80fe70290fb44f6da6c4774f18f-1	2024-06-05T06:00:09.000Z	Rosepoint	ROSEP-cb1bbd67-78e2-4b5f-97e4-4ab1661c7454	2024-06-04T20:24:58Z	2024-06-05T02:27:01Z	keep	unique_1e-6_lattice_submission
csb/csv/2024/06/05/20240605023018462692_d6eb7b6d-04dc-4872-ba51-c3b4ce006807_pointData.csv	872515	5c7db0499b5db85bb22899df949449bc-1	2024-06-05T06:00:09.000Z	FarSounder	FARSND-d6eb7b6d-04dc-4872-ba51-c3b4ce006807	2024-06-04T09:29:41.266Z	2024-06-04T19:20:38.904Z	exclude	provider_rolling_overlapping_resubmissions
csb/csv/2024/06/05/20240605024440980438_ec72276e-3e2b-4d56-82bb-111fc86cbd77_pointData.csv	190863	ef6cdf2686bded1b4b6a1e003bc94450-1	2024-06-05T06:00:18.000Z	PGS	PGS-ec72276e-3e2b-4d56-82bb-111fc86cbd77	2024-06-05T00:00:00Z	2024-06-05T00:59:57Z	exclude	provider_mixed_1e-4_and_1e-6_lattice
csb/csv/2024/06/05/20240605024727040678_0d1b6ce0-e5ec-40f1-99a9-2187e8d08bf4_pointData.csv	3433375	b710e033d1f3cb3064f85133bfc39908-1	2024-06-05T06:00:09.000Z	Rosepoint	ROSEP-0d1b6ce0-e5ec-40f1-99a9-2187e8d08bf4	2004-10-19T20:45:53Z	2004-10-20T02:47:19Z	keep	unique_1e-6_lattice_submission
csb/csv/2024/06/05/20240605024946532012_4f651d43-9a33-452c-9299-6ab08ed9d831_pointData.csv	240807	c3c111d3932a8671f865058cb643ed80-1	2024-06-05T06:00:09.000Z	Rosepoint	ROSEP-4f651d43-9a33-452c-9299-6ab08ed9d831	2024-06-04T20:49:23Z	2024-06-05T02:49:19Z	keep	unique_1e-6_lattice_submission
csb/csv/2024/06/05/20240605025731376848_3b0c5ff2-0998-11eb-8eb6-98be942a5b5a_pointData.csv	201191	178823ca81e8d30d27469547ca7b57cc-1	2024-06-05T06:00:10.000Z	PGS	PGS-3b0c5ff2-0998-11eb-8eb6-98be942a5b5a	2024-06-05T00:00:01Z	2024-06-05T00:59:58Z	exclude	provider_mixed_1e-4_and_1e-6_lattice
csb/csv/2024/06/05/20240605031545755911_834f85c2-0999-11eb-a100-98be942a5b5a_pointData.csv	193012	bd335cf86d917be9fd96ba07b52fb495-1	2024-06-05T06:00:09.000Z	PGS	PGS-834f85c2-0999-11eb-a100-98be942a5b5a	2024-06-05T02:00:01Z	2024-06-05T02:59:58Z	exclude	provider_mixed_1e-4_and_1e-6_lattice
csb/csv/2024/06/05/20240605033950890294_11ce5241-356b-43ba-9456-f56555e0751a_pointData.csv	61134	acb20585f62435143c1b154dbd37cc32-1	2024-06-05T06:00:09.000Z	Rosepoint	ROSEP-11ce5241-356b-43ba-9456-f56555e0751a	2024-06-04T21:39:29Z	2024-06-05T03:39:21Z	keep	unique_1e-6_lattice_submission
csb/csv/2024/06/05/20240605034546992425_ec72276e-3e2b-4d56-82bb-111fc86cbd77_pointData.csv	190863	bb336de28cd9080f573e5625ee3be8f9-1	2024-06-05T06:00:09.000Z	PGS	PGS-ec72276e-3e2b-4d56-82bb-111fc86cbd77	2024-06-05T01:00:00Z	2024-06-05T01:59:57Z	exclude	provider_mixed_1e-4_and_1e-6_lattice
csb/csv/2024/06/05/20240605034644133093_398c56de-e541-4380-9ee4-589ec53f46f6_pointData.csv	1143329	9f36d839cfe9fdd2ba1ac41c99bc8855-1	2024-06-05T06:00:10.000Z	Rosepoint	ROSEP-398c56de-e541-4380-9ee4-589ec53f46f6	2024-06-04T21:45:20Z	2024-06-05T03:46:21Z	keep	unique_1e-6_lattice_submission
csb/csv/2024/06/05/20240605034702564103_c397eae3-6787-4d49-abbe-1de3758956f5_pointData.csv	61479	340fa1a329b50c8edbfda4bfa942198b-1	2024-06-05T06:00:19.000Z	Rosepoint	ROSEP-c397eae3-6787-4d49-abbe-1de3758956f5	2024-06-04T21:46:41Z	2024-06-05T03:46:15Z	keep	unique_1e-6_lattice_submission
csb/csv/2024/06/05/20240605035002170882_c21bff07-b678-4dfb-ab54-a111660d6cfa_pointData.csv	1047643	f9addcc961cd6dc7330113485b60aef1-1	2024-06-05T06:00:10.000Z	Rosepoint	ROSEP-c21bff07-b678-4dfb-ab54-a111660d6cfa	2024-06-04T21:48:48Z	2024-06-05T03:49:10Z	keep	unique_1e-6_lattice_submission
csb/csv/2024/06/05/20240605035009659227_d6eb7b6d-04dc-4872-ba51-c3b4ce006807_pointData.csv	872421	0d6ff4802adbfd34b8e44b4363f0de58-1	2024-06-05T06:00:10.000Z	FarSounder	FARSND-d6eb7b6d-04dc-4872-ba51-c3b4ce006807	2024-06-04T09:29:41.266Z	2024-06-04T20:43:51.957Z	exclude	provider_rolling_overlapping_resubmissions
csb/csv/2024/06/05/20240605035124039935_3b0c5ff2-0998-11eb-8eb6-98be942a5b5a_pointData.csv	194346	6b3b9e07aa2b37645528b7d5c9ec6749-1	2024-06-05T06:00:10.000Z	PGS	PGS-3b0c5ff2-0998-11eb-8eb6-98be942a5b5a	2024-06-05T01:00:01Z	2024-06-05T01:59:58Z	exclude	provider_mixed_1e-4_and_1e-6_lattice
csb/csv/2024/06/05/20240605035810390345_373e61a4-5650-43be-800f-e6197634cf6f_pointData.csv	3444565	446bada31eea5b985d9992f57622e7ad-1	2024-06-05T06:00:10.000Z	Rosepoint	ROSEP-373e61a4-5650-43be-800f-e6197634cf6f	2024-06-04T21:57:16Z	2024-06-05T03:58:06Z	keep	unique_1e-6_lattice_submission
csb/csv/2024/06/05/20240605040231607701_071ba46a-9793-4306-a970-8461bae10e77_pointData.csv	60779	cda52ac10c82dbcecbcfea4b83a442d4-1	2024-06-05T06:00:09.000Z	Rosepoint	ROSEP-071ba46a-9793-4306-a970-8461bae10e77	2004-10-19T22:01:30Z	2004-10-20T04:01:47Z	keep	unique_1e-6_lattice_submission
csb/csv/2024/06/05/20240605041740773095_834f85c2-0999-11eb-a100-98be942a5b5a_pointData.csv	192972	81f78f8a828955c7b3ede0bc5c295c3b-1	2024-06-05T06:00:10.000Z	PGS	PGS-834f85c2-0999-11eb-a100-98be942a5b5a	2024-06-05T03:00:01Z	2024-06-05T03:59:58Z	exclude	provider_mixed_1e-4_and_1e-6_lattice
csb/csv/2024/06/05/20240605041953520951_4606e387-998b-46fb-b5a6-02c7eafa03da_pointData.csv	3423845	d52b6d502dbb84aa87b62ee98629e25d-1	2024-06-05T06:00:11.000Z	Rosepoint	ROSEP-4606e387-998b-46fb-b5a6-02c7eafa03da	2004-10-19T22:18:40Z	2004-10-20T04:19:48Z	keep	unique_1e-6_lattice_submission
csb/csv/2024/06/05/20240605044435703490_e557a017-0c75-4365-808a-680673bbb79e_pointData.csv	2538546	155ee60986c6ee4be8c0afe61e1a7d39-1	2024-06-05T06:00:19.000Z	Rosepoint	ROSEP-e557a017-0c75-4365-808a-680673bbb79e	2024-06-04T22:41:52Z	2024-06-05T04:43:10Z	keep	unique_1e-6_lattice_submission
csb/csv/2024/06/05/20240605044459960206_f7904f6e-9198-4732-ad84-25948b446b65_pointData.csv	475317	5893c45aba6a0b1cfbd9cae293006005-1	2024-06-05T06:00:11.000Z	Rosepoint	ROSEP-f7904f6e-9198-4732-ad84-25948b446b65	2004-10-18T16:41:52Z	2004-10-20T04:44:24Z	keep	unique_1e-6_lattice_submission
csb/csv/2024/06/05/20240605044608236118_62641c86-2ffe-4cee-b9c0-7ee36c1ad599_pointData.csv	2539911	a70725352d995ce2ec1500c6dbe7e512-1	2024-06-05T06:00:10.000Z	Rosepoint	ROSEP-62641c86-2ffe-4cee-b9c0-7ee36c1ad599	2024-06-04T22:45:36Z	2024-06-05T04:45:21Z	keep	unique_1e-6_lattice_submission
csb/csv/2024/06/05/20240605044653489686_ec72276e-3e2b-4d56-82bb-111fc86cbd77_pointData.csv	190863	e54640ac824d6e615aa23c43a73acba5-1	2024-06-05T06:00:11.000Z	PGS	PGS-ec72276e-3e2b-4d56-82bb-111fc86cbd77	2024-06-05T02:00:00Z	2024-06-05T02:59:57Z	exclude	provider_mixed_1e-4_and_1e-6_lattice
csb/csv/2024/06/05/20240605045318398365_70946e11-d3aa-412d-8427-c23af3e246e3_pointData.csv	101776	47d6282db8f768a08a3fdad5077d7bbd-1	2024-06-05T06:00:11.000Z	Rosepoint	ROSEP-70946e11-d3aa-412d-8427-c23af3e246e3	2024-06-04T22:52:44Z	2024-06-05T04:53:07Z	keep	unique_1e-6_lattice_submission
csb/csv/2024/06/05/20240605045754615045_3b0c5ff2-0998-11eb-8eb6-98be942a5b5a_pointData.csv	195651	bf9b0b7fee698c6df129ce1ded8e8309-1	2024-06-05T06:00:10.000Z	PGS	PGS-3b0c5ff2-0998-11eb-8eb6-98be942a5b5a	2024-06-05T02:00:01Z	2024-06-05T02:59:58Z	exclude	provider_mixed_1e-4_and_1e-6_lattice
csb/csv/2024/06/05/20240605051009635238_d6eb7b6d-04dc-4872-ba51-c3b4ce006807_pointData.csv	872687	30b47936ecdd23fca4081b17e3da34a5-1	2024-06-05T06:00:10.000Z	FarSounder	FARSND-d6eb7b6d-04dc-4872-ba51-c3b4ce006807	2024-06-04T13:52:03.100Z	2024-06-04T22:07:08.927Z	exclude	provider_rolling_overlapping_resubmissions
csb/csv/2024/06/05/20240605051659353841_834f85c2-0999-11eb-a100-98be942a5b5a_pointData.csv	193016	61b0442a01228bda76ce37eb1cabbfd0-1	2024-06-05T06:00:11.000Z	PGS	PGS-834f85c2-0999-11eb-a100-98be942a5b5a	2024-06-05T04:00:01Z	2024-06-05T04:59:58Z	exclude	provider_mixed_1e-4_and_1e-6_lattice
csb/csv/2024/06/05/20240605054934724486_ec72276e-3e2b-4d56-82bb-111fc86cbd77_pointData.csv	190863	65858081ce20b2b2120a962492f7d581-1	2024-06-05T06:00:20.000Z	PGS	PGS-ec72276e-3e2b-4d56-82bb-111fc86cbd77	2024-06-05T03:00:00Z	2024-06-05T03:59:57Z	exclude	provider_mixed_1e-4_and_1e-6_lattice
csb/csv/2024/06/05/20240605055740510120_f73d4b8d-97c0-48ab-9200-c313709c76d0_pointData.csv	1555737	763c26f19ca6dea6176d675578da28f8-1	2024-06-05T06:00:11.000Z	Rosepoint	ROSEP-f73d4b8d-97c0-48ab-9200-c313709c76d0	2024-06-04T23:57:15Z	2024-06-05T05:57:17Z	keep	unique_1e-6_lattice_submission
csb/csv/2024/06/05/20240605060128186510_3b0c5ff2-0998-11eb-8eb6-98be942a5b5a_pointData.csv	201137	c743aa8623a4780ea0cc4a62c250ea9f-1	2024-06-05T12:00:05.000Z	PGS	PGS-3b0c5ff2-0998-11eb-8eb6-98be942a5b5a	2024-06-05T03:00:01Z	2024-06-05T03:59:58Z	exclude	provider_mixed_1e-4_and_1e-6_lattice
csb/csv/2024/06/05/20240605062118460632_834f85c2-0999-11eb-a100-98be942a5b5a_pointData.csv	192995	4b4d660b244faea9bb98f17b817f6ce0-1	2024-06-05T12:00:05.000Z	PGS	PGS-834f85c2-0999-11eb-a100-98be942a5b5a	2024-06-05T05:00:01Z	2024-06-05T05:59:58Z	exclude	provider_mixed_1e-4_and_1e-6_lattice
csb/csv/2024/06/05/20240605062622841949_cdd0edb8-c483-4c48-be4d-93f29dcbc26c_pointData.csv	59587	ee92d05649e107245dfad547b40ebc2c-1	2024-06-05T12:00:04.000Z	Rosepoint	ROSEP-cdd0edb8-c483-4c48-be4d-93f29dcbc26c	2024-06-05T00:26:20Z	2024-06-05T06:25:54Z	keep	unique_1e-6_lattice_submission
csb/csv/2024/06/05/20240605063324410468_70946e11-d3aa-412d-8427-c23af3e246e3_pointData.csv	17619	b307be4b062f807f60ba718c7e0a2505-1	2024-06-05T12:00:04.000Z	Rosepoint	ROSEP-70946e11-d3aa-412d-8427-c23af3e246e3	2024-06-05T04:54:08Z	2024-06-05T06:32:48Z	keep	unique_1e-6_lattice_submission
csb/csv/2024/06/05/20240605063839604102_0dc4d7c1-f541-476d-a76b-72fb09ad1bd2_pointData.csv	356026	7a26b2fbb2f261fd73746499aeb7bc36-1	2024-06-05T12:00:05.000Z	Rosepoint	ROSEP-0dc4d7c1-f541-476d-a76b-72fb09ad1bd2	2024-06-05T00:39:13Z	2024-06-05T06:38:25Z	keep	unique_1e-6_lattice_submission
csb/csv/2024/06/05/20240605064009589753_d6eb7b6d-04dc-4872-ba51-c3b4ce006807_pointData.csv	873472	32ba08c6620a8d6087afa4d1f5083da0-1	2024-06-05T12:00:05.000Z	FarSounder	FARSND-d6eb7b6d-04dc-4872-ba51-c3b4ce006807	2024-06-04T13:52:03.100Z	2024-06-04T23:30:26.008Z	exclude	provider_rolling_overlapping_resubmissions
csb/csv/2024/06/05/20240605064144935703_672e2884-f0ed-44dc-b9bb-56d79261e4f1_pointData.csv	60957	79262b0266e41c6b274d556e2ac7a238-1	2024-06-05T12:00:05.000Z	Rosepoint	ROSEP-672e2884-f0ed-44dc-b9bb-56d79261e4f1	2024-06-05T00:39:38Z	2024-06-05T06:40:43Z	keep	unique_1e-6_lattice_submission
csb/csv/2024/06/05/20240605065403834865_e150d9fe-d3d7-4d47-ba18-f82688e01b85_pointData.csv	1720055	cfecff691f949f2d79dba187c1122c74-1	2024-06-05T12:00:05.000Z	Rosepoint	ROSEP-e150d9fe-d3d7-4d47-ba18-f82688e01b85	2024-06-05T00:53:45Z	2024-06-05T06:53:16Z	keep	unique_1e-6_lattice_submission
csb/csv/2024/06/05/20240605070654937904_56f26f84-bafc-4b36-8454-b8546bddcf1d_pointData.csv	65546	dc0c0bcd406b1ebbddd97e0b2b56967f-1	2024-06-05T12:00:05.000Z	Rosepoint	ROSEP-56f26f84-bafc-4b36-8454-b8546bddcf1d	2004-10-20T00:50:39Z	2004-10-20T07:06:07Z	keep	unique_1e-6_lattice_submission
csb/csv/2024/06/05/20240605071026288180_ec72276e-3e2b-4d56-82bb-111fc86cbd77_pointData.csv	190863	ca9ca073648d8c437dda0d7edf695026-1	2024-06-05T12:00:05.000Z	PGS	PGS-ec72276e-3e2b-4d56-82bb-111fc86cbd77	2024-06-05T04:00:00Z	2024-06-05T04:59:57Z	exclude	provider_mixed_1e-4_and_1e-6_lattice
csb/csv/2024/06/05/20240605071027197562_ec72276e-3e2b-4d56-82bb-111fc86cbd77_pointData.csv	190863	6cd6990546cfd7a151e8ba88dacd07a3-1	2024-06-05T12:00:05.000Z	PGS	PGS-ec72276e-3e2b-4d56-82bb-111fc86cbd77	2024-06-05T05:00:00Z	2024-06-05T05:59:57Z	exclude	provider_mixed_1e-4_and_1e-6_lattice
csb/csv/2024/06/05/20240605071119870002_48e8b019-4141-4a35-bd63-b3be3e30b183_pointData.csv	64196	538a16415511bb191f4cf18b1bade062-1	2024-06-05T12:00:05.000Z	Rosepoint	ROSEP-48e8b019-4141-4a35-bd63-b3be3e30b183	2024-06-05T01:10:28Z	2024-06-05T07:11:06Z	keep	unique_1e-6_lattice_submission
csb/csv/2024/06/05/20240605071356861297_4411b9ca-6b0e-47d2-a6be-36e60a3b577a_pointData.csv	97991	b04f319e072729a8e5f3d8447e64bc99-1	2024-06-05T12:00:05.000Z	Rosepoint	ROSEP-4411b9ca-6b0e-47d2-a6be-36e60a3b577a	2024-06-05T01:13:11Z	2024-06-05T07:13:54Z	keep	unique_1e-6_lattice_submission
csb/csv/2024/06/05/20240605071839118789_3b0c5ff2-0998-11eb-8eb6-98be942a5b5a_pointData.csv	194808	4ca1f97d472e41707e68b695ea5ee9dd-1	2024-06-05T12:00:05.000Z	PGS	PGS-3b0c5ff2-0998-11eb-8eb6-98be942a5b5a	2024-06-05T04:00:01Z	2024-06-05T04:59:59Z	exclude	provider_mixed_1e-4_and_1e-6_lattice
csb/csv/2024/06/05/20240605071840069555_3b0c5ff2-0998-11eb-8eb6-98be942a5b5a_pointData.csv	197810	3746e5de582f527d0cde768e413d48ad-1	2024-06-05T12:00:05.000Z	PGS	PGS-3b0c5ff2-0998-11eb-8eb6-98be942a5b5a	2024-06-05T05:00:02Z	2024-06-05T05:59:59Z	exclude	provider_mixed_1e-4_and_1e-6_lattice
csb/csv/2024/06/05/20240605072137338055_8250175b-3c29-4906-8437-5106955c99c6_pointData.csv	669196	a73517afbb169ddfc59b2aa5d1189ff4-1	2024-06-05T12:00:05.000Z	Rosepoint	ROSEP-8250175b-3c29-4906-8437-5106955c99c6	2024-06-05T01:21:55Z	2024-06-05T07:21:30Z	keep	unique_1e-6_lattice_submission
csb/csv/2024/06/05/20240605072529535903_b46dfd84-2ce8-4a25-a16b-4af10b8eb60e_pointData.csv	946520	d8822745bae26ca4360d852a3f5104c0-1	2024-06-05T12:00:06.000Z	Rosepoint	ROSEP-b46dfd84-2ce8-4a25-a16b-4af10b8eb60e	2024-06-05T01:24:58Z	2024-06-05T07:25:17Z	keep	unique_1e-6_lattice_submission
csb/csv/2024/06/05/20240605073817008840_834f85c2-0999-11eb-a100-98be942a5b5a_pointData.csv	193007	725ab4ed02d4189bd79188e788fbb9bf-1	2024-06-05T12:00:06.000Z	PGS	PGS-834f85c2-0999-11eb-a100-98be942a5b5a	2024-06-05T06:00:01Z	2024-06-05T06:59:58Z	exclude	provider_mixed_1e-4_and_1e-6_lattice
csb/csv/2024/06/05/20240605075151607618_251e0ec1-5645-476e-8563-9f34939f5d72_pointData.csv	521283	0036f41bc971ce9328f40a3579e7eb73-1	2024-06-05T12:00:06.000Z	Rosepoint	ROSEP-251e0ec1-5645-476e-8563-9f34939f5d72	2024-06-05T01:50:27Z	2024-06-05T07:51:31Z	keep	unique_1e-6_lattice_submission
csb/csv/2024/06/05/20240605080009771326_d6eb7b6d-04dc-4872-ba51-c3b4ce006807_pointData.csv	873106	d2fb1164939267006dd0cdf99390ed43-1	2024-06-05T12:00:05.000Z	FarSounder	FARSND-d6eb7b6d-04dc-4872-ba51-c3b4ce006807	2024-06-04T20:03:51.912Z	2024-06-05T00:53:47.975Z	exclude	provider_rolling_overlapping_resubmissions
csb/csv/2024/06/05/20240605081122224054_ec72276e-3e2b-4d56-82bb-111fc86cbd77_pointData.csv	190863	87aac1db8d69936d275ab40e89b4245c-1	2024-06-05T12:00:06.000Z	PGS	PGS-ec72276e-3e2b-4d56-82bb-111fc86cbd77	2024-06-05T06:00:00Z	2024-06-05T06:59:57Z	exclude	provider_mixed_1e-4_and_1e-6_lattice
csb/csv/2024/06/05/20240605082331277776_3b0c5ff2-0998-11eb-8eb6-98be942a5b5a_pointData.csv	201161	e2455697d1a2bdccdd772afd3379a62a-1	2024-06-05T12:00:06.000Z	PGS	PGS-3b0c5ff2-0998-11eb-8eb6-98be942a5b5a	2024-06-05T06:00:02Z	2024-06-05T06:59:59Z	exclude	provider_mixed_1e-4_and_1e-6_lattice
csb/csv/2024/06/05/20240605082856800574_cb1bbd67-78e2-4b5f-97e4-4ab1661c7454_pointData.csv	472427	a7ef4203003527edfdbe3f85b8bc8cb5-1	2024-06-05T12:00:06.000Z	Rosepoint	ROSEP-cb1bbd67-78e2-4b5f-97e4-4ab1661c7454	2024-06-05T02:28:01Z	2024-06-05T08:28:07Z	keep	unique_1e-6_lattice_submission
csb/csv/2024/06/05/20240605083703988602_834f85c2-0999-11eb-a100-98be942a5b5a_pointData.csv	192974	8f3485824b85a6bd4d8b412f88f5fee3-1	2024-06-05T12:00:06.000Z	PGS	PGS-834f85c2-0999-11eb-a100-98be942a5b5a	2024-06-05T07:00:01Z	2024-06-05T07:59:58Z	exclude	provider_mixed_1e-4_and_1e-6_lattice
csb/csv/2024/06/05/20240605084858332743_0d1b6ce0-e5ec-40f1-99a9-2187e8d08bf4_pointData.csv	3438594	cde7423a6545491bbc23ef6a1034b103-1	2024-06-05T12:00:07.000Z	Rosepoint	ROSEP-0d1b6ce0-e5ec-40f1-99a9-2187e8d08bf4	2004-10-20T02:47:20Z	2004-10-20T08:48:46Z	keep	unique_1e-6_lattice_submission
csb/csv/2024/06/05/20240605085005051833_4f651d43-9a33-452c-9299-6ab08ed9d831_pointData.csv	62232	97e83ebb4fd61e3b7c64f2f0de727022-1	2024-06-05T12:00:06.000Z	Rosepoint	ROSEP-4f651d43-9a33-452c-9299-6ab08ed9d831	2024-06-05T02:50:20Z	2024-06-05T08:49:52Z	keep	unique_1e-6_lattice_submission
csb/csv/2024/06/05/20240605091755377188_ec72276e-3e2b-4d56-82bb-111fc86cbd77_pointData.csv	190863	f9d06a535423fed3e900b95a136076ed-1	2024-06-05T12:00:06.000Z	PGS	PGS-ec72276e-3e2b-4d56-82bb-111fc86cbd77	2024-06-05T07:00:00Z	2024-06-05T07:59:57Z	exclude	provider_mixed_1e-4_and_1e-6_lattice
csb/csv/2024/06/05/20240605092015414411_d6eb7b6d-04dc-4872-ba51-c3b4ce006807_pointData.csv	872584	1a0fb3f535e973bbdaa151aceb055bad-1	2024-06-05T12:00:06.000Z	FarSounder	FARSND-d6eb7b6d-04dc-4872-ba51-c3b4ce006807	2024-06-04T20:03:51.912Z	2024-06-05T02:17:03.895Z	exclude	provider_rolling_overlapping_resubmissions
csb/csv/2024/06/05/20240605092309980581_3b0c5ff2-0998-11eb-8eb6-98be942a5b5a_pointData.csv	201151	0acfe626af06d559aab36cfe0c0e16a3-1	2024-06-05T12:00:06.000Z	PGS	PGS-3b0c5ff2-0998-11eb-8eb6-98be942a5b5a	2024-06-05T07:00:02Z	2024-06-05T07:59:59Z	exclude	provider_mixed_1e-4_and_1e-6_lattice
csb/csv/2024/06/05/20240605094107792864_11ce5241-356b-43ba-9456-f56555e0751a_pointData.csv	61303	a100d60403ccbe757ea4a1162224dc9f-1	2024-06-05T12:00:06.000Z	Rosepoint	ROSEP-11ce5241-356b-43ba-9456-f56555e0751a	2024-06-05T03:40:22Z	2024-06-05T09:40:55Z	keep	unique_1e-6_lattice_submission
csb/csv/2024/06/05/20240605094705285138_834f85c2-0999-11eb-a100-98be942a5b5a_pointData.csv	193035	84cf97849a0f888f24551a75a767e626-1	2024-06-05T12:00:06.000Z	PGS	PGS-834f85c2-0999-11eb-a100-98be942a5b5a	2024-06-05T08:00:01Z	2024-06-05T08:59:58Z	exclude	provider_mixed_1e-4_and_1e-6_lattice
csb/csv/2024/06/05/20240605094726992884_c397eae3-6787-4d49-abbe-1de3758956f5_pointData.csv	1626814	c709f04b14e746312550b2b1896556c4-1	2024-06-05T12:00:07.000Z	Rosepoint	ROSEP-c397eae3-6787-4d49-abbe-1de3758956f5	2024-06-05T03:47:15Z	2024-06-05T09:47:21Z	keep	unique_1e-6_lattice_submission
csb/csv/2024/06/05/20240605094807278622_398c56de-e541-4380-9ee4-589ec53f46f6_pointData.csv	60776	f7832e61bf832ef3bb3729a7632ad34c-1	2024-06-05T12:00:07.000Z	Rosepoint	ROSEP-398c56de-e541-4380-9ee4-589ec53f46f6	2024-06-05T03:47:21Z	2024-06-05T09:47:31Z	keep	unique_1e-6_lattice_submission
csb/csv/2024/06/05/20240605095125333439_c21bff07-b678-4dfb-ab54-a111660d6cfa_pointData.csv	1773452	1c4cc0b271fa3d965db2197d4c69f1aa-1	2024-06-05T12:00:07.000Z	Rosepoint	ROSEP-c21bff07-b678-4dfb-ab54-a111660d6cfa	2024-06-05T03:50:10Z	2024-06-05T09:51:17Z	keep	unique_1e-6_lattice_submission
csb/csv/2024/06/05/20240605095846459317_373e61a4-5650-43be-800f-e6197634cf6f_pointData.csv	3487597	f4fd6191ccf9fa6ec5f0bb3d5a843e0c-1	2024-06-05T12:00:07.000Z	Rosepoint	ROSEP-373e61a4-5650-43be-800f-e6197634cf6f	2024-06-05T03:58:07Z	2024-06-05T09:58:43Z	keep	unique_1e-6_lattice_submission
csb/csv/2024/06/05/20240605100312553064_071ba46a-9793-4306-a970-8461bae10e77_pointData.csv	838441	2eaece9c823cce198b8067a416cc4d30-1	2024-06-05T12:00:07.000Z	Rosepoint	ROSEP-071ba46a-9793-4306-a970-8461bae10e77	2004-10-20T04:02:47Z	2004-10-20T10:03:10Z	keep	unique_1e-6_lattice_submission
csb/csv/2024/06/05/20240605102023297413_4606e387-998b-46fb-b5a6-02c7eafa03da_pointData.csv	3399581	1208b1454e15f5be1361862265654651-1	2024-06-05T12:00:07.000Z	Rosepoint	ROSEP-4606e387-998b-46fb-b5a6-02c7eafa03da	2004-10-20T04:19:49Z	2004-10-20T10:20:12Z	keep	unique_1e-6_lattice_submission
csb/csv/2024/06/05/20240605102138240663_ec72276e-3e2b-4d56-82bb-111fc86cbd77_pointData.csv	190863	3d9de53f25a056de022c685f49e007be-1	2024-06-05T12:00:07.000Z	PGS	PGS-ec72276e-3e2b-4d56-82bb-111fc86cbd77	2024-06-05T08:00:00Z	2024-06-05T08:59:58Z	exclude	provider_mixed_1e-4_and_1e-6_lattice
csb/csv/2024/06/05/20240605102820515352_3b0c5ff2-0998-11eb-8eb6-98be942a5b5a_pointData.csv	201145	45678dce0b0b4c6d9bb2b91417ac3b82-1	2024-06-05T12:00:07.000Z	PGS	PGS-3b0c5ff2-0998-11eb-8eb6-98be942a5b5a	2024-06-05T08:00:02Z	2024-06-05T08:59:59Z	exclude	provider_mixed_1e-4_and_1e-6_lattice
csb/csv/2024/06/05/20240605104617411272_f7904f6e-9198-4732-ad84-25948b446b65_pointData.csv	61327	a07a34ade7c96079f65bf2e900c26513-1	2024-06-05T12:00:07.000Z	Rosepoint	ROSEP-f7904f6e-9198-4732-ad84-25948b446b65	2004-10-20T04:45:25Z	2004-10-20T10:45:20Z	keep	unique_1e-6_lattice_submission
csb/csv/2024/06/05/20240605104619160597_e557a017-0c75-4365-808a-680673bbb79e_pointData.csv	61243	26128e3bd60b5047fd517db396acfc49-1	2024-06-05T12:00:08.000Z	Rosepoint	ROSEP-e557a017-0c75-4365-808a-680673bbb79e	2024-06-05T04:44:11Z	2024-06-05T10:45:21Z	keep	unique_1e-6_lattice_submission
csb/csv/2024/06/05/20240605104630411670_62641c86-2ffe-4cee-b9c0-7ee36c1ad599_pointData.csv	60644	cc409704d27fa071233b657e47845af4-1	2024-06-05T12:00:08.000Z	Rosepoint	ROSEP-62641c86-2ffe-4cee-b9c0-7ee36c1ad599	2024-06-05T04:46:22Z	2024-06-05T10:45:30Z	keep	unique_1e-6_lattice_submission
csb/csv/2024/06/05/20240605105009276056_d6eb7b6d-04dc-4872-ba51-c3b4ce006807_pointData.csv	872343	d321f16bb4c49c6a13d9e6bf529e563a-1	2024-06-05T12:00:08.000Z	FarSounder	FARSND-d6eb7b6d-04dc-4872-ba51-c3b4ce006807	2024-06-05T00:26:22.633Z	2024-06-05T03:40:31.881Z	exclude	provider_rolling_overlapping_resubmissions
csb/csv/2024/06/05/20240605105050121274_8250175b-3c29-4906-8437-5106955c99c6_pointData.csv	35574	e7e6abd92189148ec840331428eeb6a4-1	2024-06-05T12:00:07.000Z	Rosepoint	ROSEP-8250175b-3c29-4906-8437-5106955c99c6	2024-06-05T07:22:30Z	2024-06-05T10:49:58Z	keep	unique_1e-6_lattice_submission
csb/csv/2024/06/05/20240605105226347599_834f85c2-0999-11eb-a100-98be942a5b5a_pointData.csv	192992	eee7460773f75e51c07be4f239e0dae6-1	2024-06-05T12:00:08.000Z	PGS	PGS-834f85c2-0999-11eb-a100-98be942a5b5a	2024-06-05T09:00:01Z	2024-06-05T09:59:58Z	exclude	provider_mixed_1e-4_and_1e-6_lattice
csb/csv/2024/06/05/20240605112422871251_ec72276e-3e2b-4d56-82bb-111fc86cbd77_pointData.csv	190863	83b5580bbea4b3f14c826835d7c0b0b5-1	2024-06-05T12:00:07.000Z	PGS	PGS-ec72276e-3e2b-4d56-82bb-111fc86cbd77	2024-06-05T09:00:01Z	2024-06-05T09:59:58Z	exclude	provider_mixed_1e-4_and_1e-6_lattice
csb/csv/2024/06/05/20240605113402779923_3b0c5ff2-0998-11eb-8eb6-98be942a5b5a_pointData.csv	201168	8a69e82d2becbf96321a4e53fc0560b3-1	2024-06-05T12:00:07.000Z	PGS	PGS-3b0c5ff2-0998-11eb-8eb6-98be942a5b5a	2024-06-05T09:00:02Z	2024-06-05T09:59:59Z	exclude	provider_mixed_1e-4_and_1e-6_lattice
csb/csv/2024/06/05/20240605114648879608_834f85c2-0999-11eb-a100-98be942a5b5a_pointData.csv	193003	189049add272797d397a91a763749737-1	2024-06-05T12:00:08.000Z	PGS	PGS-834f85c2-0999-11eb-a100-98be942a5b5a	2024-06-05T10:00:01Z	2024-06-05T10:59:58Z	exclude	provider_mixed_1e-4_and_1e-6_lattice
csb/csv/2024/06/05/20240605115804982835_f73d4b8d-97c0-48ab-9200-c313709c76d0_pointData.csv	163656	ae22b5da038e1dc368dbf0eee9d32ed4-1	2024-06-05T12:00:08.000Z	Rosepoint	ROSEP-f73d4b8d-97c0-48ab-9200-c313709c76d0	2024-06-05T05:58:18Z	2024-06-05T11:57:27Z	keep	unique_1e-6_lattice_submission
csb/csv/2024/06/05/20240605120036770735_60814530103d97-21972437_pointData.csv	49451	1a4eaffff5382c360b03424915083aa3-1	2024-06-05T18:00:05.000Z	AquaMap	AQM-60814530103d97-21972437	2024-06-05T10:03:55Z	2024-06-05T10:08:51Z	exclude	provider_off_lattice_float_repr
csb/csv/2024/06/05/20240605120037890339_NFA_pointData.csv	12378	c84e3e3f241d3e45a968b02babc5edbd-1	2024-06-05T18:00:05.000Z	AquaMap	AQM-NFA	2024-06-05T10:55:28Z	2024-06-05T10:57:08Z	exclude	provider_off_lattice_float_repr
csb/csv/2024/06/05/20240605121009820414_d6eb7b6d-04dc-4872-ba51-c3b4ce006807_pointData.csv	872515	849262f98aa58883d13718995f50bada-1	2024-06-05T18:00:06.000Z	FarSounder	FARSND-d6eb7b6d-04dc-4872-ba51-c3b4ce006807	2024-06-05T01:32:06.090Z	2024-06-05T05:03:43.900Z	exclude	provider_rolling_overlapping_resubmissions
csb/csv/2024/06/05/20240605123513026873_ec72276e-3e2b-4d56-82bb-111fc86cbd77_pointData.csv	190863	a7730169d636cf799227fca179ddbdcb-1	2024-06-05T18:00:05.000Z	PGS	PGS-ec72276e-3e2b-4d56-82bb-111fc86cbd77	2024-06-05T10:00:01Z	2024-06-05T10:59:58Z	exclude	provider_mixed_1e-4_and_1e-6_lattice
csb/csv/2024/06/05/20240605123857848421_0dc4d7c1-f541-476d-a76b-72fb09ad1bd2_pointData.csv	63125	bba4f5183f17b6f182bd05ad0c60bd62-1	2024-06-05T18:00:05.000Z	Rosepoint	ROSEP-0dc4d7c1-f541-476d-a76b-72fb09ad1bd2	2024-06-05T06:39:26Z	2024-06-05T12:38:34Z	keep	unique_1e-6_lattice_submission
csb/csv/2024/06/05/20240605124939342016_3b0c5ff2-0998-11eb-8eb6-98be942a5b5a_pointData.csv	201132	7303b1935431c7f7733f8533707b8a39-1	2024-06-05T18:00:06.000Z	PGS	PGS-3b0c5ff2-0998-11eb-8eb6-98be942a5b5a	2024-06-05T10:00:02Z	2024-06-05T10:59:59Z	exclude	provider_mixed_1e-4_and_1e-6_lattice
csb/csv/2024/06/05/20240605125625685670_4411b9ca-6b0e-47d2-a6be-36e60a3b577a_pointData.csv	56527	4c8ccf0759da70a0d8f83a998f68418a-1	2024-06-05T18:00:06.000Z	Rosepoint	ROSEP-4411b9ca-6b0e-47d2-a6be-36e60a3b577a	2024-06-05T07:14:54Z	2024-06-05T12:48:48Z	keep	unique_1e-6_lattice_submission
csb/csv/2024/06/05/20240605125754751071_e150d9fe-d3d7-4d47-ba18-f82688e01b85_pointData.csv	92052	2cfddad4f25730abbca4669987dc3a79-1	2024-06-05T18:00:05.000Z	Rosepoint	ROSEP-e150d9fe-d3d7-4d47-ba18-f82688e01b85	2024-06-05T06:54:16Z	2024-06-05T12:57:41Z	keep	unique_1e-6_lattice_submission
csb/csv/2024/06/05/20240605130224658340_NFA_pointData.csv	604587	5e8c7afa125e0cffaf9c0aa6d2f77490-1	2024-06-05T18:00:06.000Z	AquaMap	AQM-NFA	2024-06-05T11:00:51Z	2024-06-05T12:25:24Z	exclude	provider_off_lattice_float_repr
csb/csv/2024/06/05/20240605130900839674_834f85c2-0999-11eb-a100-98be942a5b5a_pointData.csv	193049	e7422182e97318800740dce7c0dd43d2-1	2024-06-05T18:00:06.000Z	PGS	PGS-834f85c2-0999-11eb-a100-98be942a5b5a	2024-06-05T11:00:01Z	2024-06-05T11:59:58Z	exclude	provider_mixed_1e-4_and_1e-6_lattice
csb/csv/2024/06/05/20240605131245425006_48e8b019-4141-4a35-bd63-b3be3e30b183_pointData.csv	401675	3bf10ca7db28645702b6b998350c7258-1	2024-06-05T18:00:06.000Z	Rosepoint	ROSEP-48e8b019-4141-4a35-bd63-b3be3e30b183	2024-06-05T07:12:06Z	2024-06-05T13:11:59Z	keep	unique_1e-6_lattice_submission
csb/csv/2024/06/05/20240605131357785665_672e2884-f0ed-44dc-b9bb-56d79261e4f1_pointData.csv	204223	e8c89aac7dab6607f452b113d0b463ae-1	2024-06-05T18:00:06.000Z	Rosepoint	ROSEP-672e2884-f0ed-44dc-b9bb-56d79261e4f1	2024-06-05T06:41:44Z	2024-06-05T13:08:17Z	keep	unique_1e-6_lattice_submission
csb/csv/2024/06/05/20240605132427299604_56f26f84-bafc-4b36-8454-b8546bddcf1d_pointData.csv	868441	31d8637f0c0c8ae0a15ace506da21873-1	2024-06-05T18:00:06.000Z	Rosepoint	ROSEP-56f26f84-bafc-4b36-8454-b8546bddcf1d	2004-10-20T07:07:07Z	2004-10-20T13:24:05Z	keep	unique_1e-6_lattice_submission
csb/csv/2024/06/05/20240605132652679381_b46dfd84-2ce8-4a25-a16b-4af10b8eb60e_pointData.csv	61870	089b363f8b7099847905402a56eaeb16-1	2024-06-05T18:00:06.000Z	Rosepoint	ROSEP-b46dfd84-2ce8-4a25-a16b-4af10b8eb60e	2024-06-05T07:26:17Z	2024-06-05T13:26:06Z	keep	unique_1e-6_lattice_submission
csb/csv/2024/06/05/20240605133009716822_d6eb7b6d-04dc-4872-ba51-c3b4ce006807_pointData.csv	870845	df3ca622487e826b423018084da7bfb8-1	2024-06-05T18:00:06.000Z	FarSounder	FARSND-d6eb7b6d-04dc-4872-ba51-c3b4ce006807	2024-06-05T01:32:06.090Z	2024-06-05T06:26:56.830Z	exclude	provider_rolling_overlapping_resubmissions
csb/csv/2024/06/05/20240605133938896994_ec72276e-3e2b-4d56-82bb-111fc86cbd77_pointData.csv	190863	7d88f7cca1f70531bd4325e280f7f557-1	2024-06-05T18:00:06.000Z	PGS	PGS-ec72276e-3e2b-4d56-82bb-111fc86cbd77	2024-06-05T11:00:01Z	2024-06-05T11:59:58Z	exclude	provider_mixed_1e-4_and_1e-6_lattice
csb/csv/2024/06/05/20240605134953436502_ae9a5765-07b3-4441-9974-fd0443787689_pointData.csv	1254	ffef38966261c7a658e4ca492cf936f4-1	2024-06-05T18:00:07.000Z	Rosepoint	ROSEP-ae9a5765-07b3-4441-9974-fd0443787689	2004-10-18T20:23:45Z	2004-10-18T20:29:37Z	keep	unique_1e-6_lattice_submission
csb/csv/2024/06/05/20240605135153172142_3b0c5ff2-0998-11eb-8eb6-98be942a5b5a_pointData.csv	194615	2d7097b0dd438b4bcbbad6299d457a9b-1	2024-06-05T18:00:06.000Z	PGS	PGS-3b0c5ff2-0998-11eb-8eb6-98be942a5b5a	2024-06-05T11:00:02Z	2024-06-05T11:59:59Z	exclude	provider_mixed_1e-4_and_1e-6_lattice
csb/csv/2024/06/05/20240605135310318962_251e0ec1-5645-476e-8563-9f34939f5d72_pointData.csv	389082	dcea706c86d84566c4ac2498fbcf0f0d-1	2024-06-05T18:00:07.000Z	Rosepoint	ROSEP-251e0ec1-5645-476e-8563-9f34939f5d72	2024-06-05T07:52:32Z	2024-06-05T13:52:56Z	keep	unique_1e-6_lattice_submission
csb/csv/2024/06/05/20240605140029222757_NFA_pointData.csv	600409	5b35ebf3ca4846dc8c71f58b65e5ea30-1	2024-06-05T18:00:07.000Z	AquaMap	AQM-NFA	2024-06-05T12:25:25Z	2024-06-05T13:48:45Z	exclude	provider_off_lattice_float_repr
csb/csv/2024/06/05/20240605140049446550_bobetter_pointData.csv	431205	8ac7af41ed3d854fab9b2eea7ba73420-1	2024-06-05T18:00:07.000Z	AquaMap	AQM-bobetter	2024-06-02T11:56:21Z	2024-06-02T12:50:45Z	exclude	provider_off_lattice_float_repr
csb/csv/2024/06/05/20240605140434631607_834f85c2-0999-11eb-a100-98be942a5b5a_pointData.csv	195143	97c69123d50ca5b3f5647f01a6484326-1	2024-06-05T18:00:07.000Z	PGS	PGS-834f85c2-0999-11eb-a100-98be942a5b5a	2024-06-05T12:00:01Z	2024-06-05T12:59:58Z	exclude	provider_mixed_1e-4_and_1e-6_lattice
csb/csv/2024/06/05/20240605143527839153_ec72276e-3e2b-4d56-82bb-111fc86cbd77_pointData.csv	190863	216fc92f6c937e7aa8afcb0a692c6942-1	2024-06-05T18:00:07.000Z	PGS	PGS-ec72276e-3e2b-4d56-82bb-111fc86cbd77	2024-06-05T12:00:01Z	2024-06-05T12:59:58Z	exclude	provider_mixed_1e-4_and_1e-6_lattice
csb/csv/2024/06/05/20240605143826533161_3b0c5ff2-0998-11eb-8eb6-98be942a5b5a_pointData.csv	151920	62bf85143d6e8917115476f98c1225d3-1	2024-06-05T18:00:06.000Z	PGS	PGS-3b0c5ff2-0998-11eb-8eb6-98be942a5b5a	2024-06-05T12:00:02Z	2024-06-05T12:59:59Z	exclude	provider_mixed_1e-4_and_1e-6_lattice
csb/csv/2024/06/05/20240605145012621085_0d1b6ce0-e5ec-40f1-99a9-2187e8d08bf4_pointData.csv	3444307	a7db2c6583bfc053bd94f5eae89cbc12-1	2024-06-05T18:00:07.000Z	Rosepoint	ROSEP-0d1b6ce0-e5ec-40f1-99a9-2187e8d08bf4	2004-10-20T08:48:47Z	2004-10-20T14:50:07Z	keep	unique_1e-6_lattice_submission
csb/csv/2024/06/05/20240605145130312521_4f651d43-9a33-452c-9299-6ab08ed9d831_pointData.csv	1081481	c007cff9348aa2b22dfed0e4b13456b1-1	2024-06-05T18:00:07.000Z	Rosepoint	ROSEP-4f651d43-9a33-452c-9299-6ab08ed9d831	2024-06-05T08:50:53Z	2024-06-05T14:51:26Z	keep	unique_1e-6_lattice_submission
csb/csv/2024/06/05/20240605150009087344_d6eb7b6d-04dc-4872-ba51-c3b4ce006807_pointData.csv	872332	58f8e871ff30b7793213c1b3cfd576e4-1	2024-06-05T18:00:08.000Z	FarSounder	FARSND-d6eb7b6d-04dc-4872-ba51-c3b4ce006807	2024-06-05T03:06:37.307Z	2024-06-05T07:50:07.887Z	exclude	provider_rolling_overlapping_resubmissions
csb/csv/2024/06/05/20240605150137404376_Breathe_pointData.csv	652067	e0dc9b94f114db622ad4953ca1f67053-1	2024-06-05T18:00:08.000Z	AquaMap	AQM-Breathe	2024-06-05T09:45:37Z	2024-06-05T11:33:35Z	exclude	provider_off_lattice_float_repr
csb/csv/2024/06/05/20240605150228494754_834f85c2-0999-11eb-a100-98be942a5b5a_pointData.csv	194302	6f4b4949b099db1eb2ca4bdfd6555d4e-1	2024-06-05T18:00:08.000Z	PGS	PGS-834f85c2-0999-11eb-a100-98be942a5b5a	2024-06-05T13:00:01Z	2024-06-05T13:59:59Z	exclude	provider_mixed_1e-4_and_1e-6_lattice
csb/csv/2024/06/05/20240605151027902982_414fef65-1bd7-4b7c-a601-f46e61ab0f8d_pointData.csv	7766	e5b0bba58653df018b466cf8de50ab10-1	2024-06-05T18:00:07.000Z	Rosepoint	ROSEP-414fef65-1bd7-4b7c-a601-f46e61ab0f8d	2024-06-05T15:05:01Z	2024-06-05T15:05:46Z	keep	unique_1e-6_lattice_submission
csb/csv/2024/06/05/20240605153239873354_ec72276e-3e2b-4d56-82bb-111fc86cbd77_pointData.csv	190863	d092fc2ac126cc94f3a0c62b61d0c196-1	2024-06-05T18:00:08.000Z	PGS	PGS-ec72276e-3e2b-4d56-82bb-111fc86cbd77	2024-06-05T13:00:01Z	2024-06-05T13:59:58Z	exclude	provider_mixed_1e-4_and_1e-6_lattice
csb/csv/2024/06/05/20240605154226418733_11ce5241-356b-43ba-9456-f56555e0751a_pointData.csv	61147	b5b575d52a0f7c4c83ffff6c2042f2eb-1	2024-06-05T18:00:07.000Z	Rosepoint	ROSEP-11ce5241-356b-43ba-9456-f56555e0751a	2024-06-05T09:41:56Z	2024-06-05T15:41:41Z	keep	unique_1e-6_lattice_submission
csb/csv/2024/06/05/20240605154234342382_3b0c5ff2-0998-11eb-8eb6-98be942a5b5a_pointData.csv	153604	3756893293ca6274fca306f4b27889d7-1	2024-06-05T18:00:08.000Z	PGS	PGS-3b0c5ff2-0998-11eb-8eb6-98be942a5b5a	2024-06-05T13:00:02Z	2024-06-05T13:59:59Z	exclude	provider_mixed_1e-4_and_1e-6_lattice
csb/csv/2024/06/05/20240605154817945759_c397eae3-6787-4d49-abbe-1de3758956f5_pointData.csv	3345675	859d7ab2427d071a7c96de0e8795e044-1	2024-06-05T18:00:08.000Z	Rosepoint	ROSEP-c397eae3-6787-4d49-abbe-1de3758956f5	2024-06-05T09:47:22Z	2024-06-05T15:47:13Z	keep	unique_1e-6_lattice_submission
csb/csv/2024/06/05/20240605154932268512_398c56de-e541-4380-9ee4-589ec53f46f6_pointData.csv	61155	6536816ebac3411ca32702b037d61e3d-1	2024-06-05T18:00:08.000Z	Rosepoint	ROSEP-398c56de-e541-4380-9ee4-589ec53f46f6	2024-06-05T09:48:31Z	2024-06-05T15:48:44Z	keep	unique_1e-6_lattice_submission
csb/csv/2024/06/05/20240605155239135282_c21bff07-b678-4dfb-ab54-a111660d6cfa_pointData.csv	712216	8e939433b709b39372963d590f457940-1	2024-06-05T18:00:08.000Z	Rosepoint	ROSEP-c21bff07-b678-4dfb-ab54-a111660d6cfa	2024-06-05T09:51:18Z	2024-06-05T15:52:02Z	keep	unique_1e-6_lattice_submission
csb/csv/2024/06/05/20240605160000443173_834f85c2-0999-11eb-a100-98be942a5b5a_pointData.csv	188196	b7401aa4b47526d1af162b494257355a-1	2024-06-05T18:00:08.000Z	PGS	PGS-834f85c2-0999-11eb-a100-98be942a5b5a	2024-06-05T14:00:02Z	2024-06-05T14:59:59Z	exclude	provider_mixed_1e-4_and_1e-6_lattice
csb/csv/2024/06/05/20240605160014556667_373e61a4-5650-43be-800f-e6197634cf6f_pointData.csv	3356965	01bbd9ff5d77ce9870b5e70ec9e2d1c8-1	2024-06-05T18:00:08.000Z	Rosepoint	ROSEP-373e61a4-5650-43be-800f-e6197634cf6f	2024-06-05T09:58:44Z	2024-06-05T16:00:06Z	keep	unique_1e-6_lattice_submission
csb/csv/2024/06/05/20240605160102708671_Breathe_pointData.csv	245888	6b17e24851dc0a57225f20e610072941-1	2024-06-05T18:00:08.000Z	AquaMap	AQM-Breathe	2024-06-05T13:20:42Z	2024-06-05T14:02:13Z	exclude	provider_off_lattice_float_repr
csb/csv/2024/06/05/20240605160439122718_071ba46a-9793-4306-a970-8461bae10e77_pointData.csv	686430	9314d7f2a09b244409e7b5cccfdbb60e-1	2024-06-05T18:00:08.000Z	Rosepoint	ROSEP-071ba46a-9793-4306-a970-8461bae10e77	2004-10-20T10:03:11Z	2004-10-20T16:04:16Z	keep	unique_1e-6_lattice_submission
csb/csv/2024/06/05/20240605162009576215_d6eb7b6d-04dc-4872-ba51-c3b4ce006807_pointData.csv	873470	f0a2c555e683b49ad0bf44d5f2b61c1b-1	2024-06-05T18:00:09.000Z	FarSounder	FARSND-d6eb7b6d-04dc-4872-ba51-c3b4ce006807	2024-06-05T03:06:37.307Z	2024-06-05T09:13:28.840Z	exclude	provider_rolling_overlapping_resubmissions
csb/csv/2024/06/05/20240605162137140951_4606e387-998b-46fb-b5a6-02c7eafa03da_pointData.csv	3417161	c4040ebd15a0bbbfcb88a5b22e0e1789-1	2024-06-05T18:00:09.000Z	Rosepoint	ROSEP-4606e387-998b-46fb-b5a6-02c7eafa03da	2004-10-20T10:20:13Z	2004-10-20T16:21:29Z	keep	unique_1e-6_lattice_submission
csb/csv/2024/06/05/20240605162517516622_ec72276e-3e2b-4d56-82bb-111fc86cbd77_pointData.csv	190863	d52fe6bfadf0fe7950efa34d0f7e6944-1	2024-06-05T18:00:09.000Z	PGS	PGS-ec72276e-3e2b-4d56-82bb-111fc86cbd77	2024-06-05T14:00:01Z	2024-06-05T14:59:58Z	exclude	provider_mixed_1e-4_and_1e-6_lattice
csb/csv/2024/06/05/20240605163124082105_3b0c5ff2-0998-11eb-8eb6-98be942a5b5a_pointData.csv	160899	92b946683d73041e85a6bfc4d53043a8-1	2024-06-05T18:00:09.000Z	PGS	PGS-3b0c5ff2-0998-11eb-8eb6-98be942a5b5a	2024-06-05T14:00:02Z	2024-06-05T14:59:56Z	exclude	provider_mixed_1e-4_and_1e-6_lattice
csb/csv/2024/06/05/20240605164732824180_f7904f6e-9198-4732-ad84-25948b446b65_pointData.csv	61874	e61fa25ce484f77ac15a8a6e713f26c5-1	2024-06-05T18:00:09.000Z	Rosepoint	ROSEP-f7904f6e-9198-4732-ad84-25948b446b65	2004-10-20T10:46:20Z	2004-10-20T16:47:30Z	keep	unique_1e-6_lattice_submission
csb/csv/2024/06/05/20240605164942900276_62641c86-2ffe-4cee-b9c0-7ee36c1ad599_pointData.csv	2744657	503660fed9eda9230d4dba626b024d68-1	2024-06-05T18:00:09.000Z	Rosepoint	ROSEP-62641c86-2ffe-4cee-b9c0-7ee36c1ad599	2024-06-05T10:46:31Z	2024-06-05T16:49:20Z	keep	unique_1e-6_lattice_submission
csb/csv/2024/06/05/20240605165113525991_8250175b-3c29-4906-8437-5106955c99c6_pointData.csv	61329	f898f3bf425a5d4293947e68a686c5f0-1	2024-06-05T18:00:09.000Z	Rosepoint	ROSEP-8250175b-3c29-4906-8437-5106955c99c6	2024-06-05T10:50:59Z	2024-06-05T16:50:15Z	keep	unique_1e-6_lattice_submission
csb/csv/2024/06/05/20240605165151756688_e557a017-0c75-4365-808a-680673bbb79e_pointData.csv	457167	f62fd7eddadf27b2584358abf62f5228-1	2024-06-05T18:00:08.000Z	Rosepoint	ROSEP-e557a017-0c75-4365-808a-680673bbb79e	2024-06-05T10:46:22Z	2024-06-05T16:51:07Z	keep	unique_1e-6_lattice_submission
csb/csv/2024/06/05/20240605170000738306_834f85c2-0999-11eb-a100-98be942a5b5a_pointData.csv	188184	9a3ddbdcb1047a4e95f30cb1f9e5ac5b-1	2024-06-05T18:00:10.000Z	PGS	PGS-834f85c2-0999-11eb-a100-98be942a5b5a	2024-06-05T15:00:02Z	2024-06-05T15:59:59Z	exclude	provider_mixed_1e-4_and_1e-6_lattice
csb/csv/2024/06/05/20240605170121958525_bobetter_pointData.csv	67463	fd154f54d0cfd181a66a981b209eb949-1	2024-06-05T18:00:10.000Z	AquaMap	AQM-bobetter	2024-06-05T13:49:24Z	2024-06-05T14:02:07Z	exclude	provider_off_lattice_float_repr
csb/csv/2024/06/05/20240605170141341242_Breathe_pointData.csv	651409	9885363f88e0365ce2af54caaa2b6003-1	2024-06-05T18:00:10.000Z	AquaMap	AQM-Breathe	2024-06-05T11:33:37Z	2024-06-05T13:20:40Z	exclude	provider_off_lattice_float_repr
csb/csv/2024/06/05/20240605170156560447_bobetter_pointData.csv	677529	40cc81f1331ad3d7e8d94d2083942014-1	2024-06-05T18:00:10.000Z	AquaMap	AQM-bobetter	2024-06-05T14:09:41Z	2024-06-05T16:18:35Z	exclude	provider_off_lattice_float_repr
csb/csv/2024/06/05/20240605170208215362_623fc1484a7832-34778385_pointData.csv	174673	98a8f37cc381cde4cf821defbcf4260c-1	2024-06-05T18:00:10.000Z	AquaMap	AQM-623fc1484a7832-34778385	2024-06-05T02:40:38Z	2024-06-05T03:00:49Z	exclude	provider_off_lattice_float_repr
csb/csv/2024/06/05/20240605170844582047_a0c5f5d4-2c89-4dc6-b6e8-695d93ab03b7_pointData.csv	2023265	ef656884f9190f24ba2d893e84a69367-1	2024-06-05T18:00:10.000Z	Rosepoint	ROSEP-a0c5f5d4-2c89-4dc6-b6e8-695d93ab03b7	2024-06-03T21:27:30Z	2024-06-04T19:44:18Z	keep	unique_1e-6_lattice_submission
csb/csv/2024/06/05/20240605173516583953_ec72276e-3e2b-4d56-82bb-111fc86cbd77_pointData.csv	190863	33975df5d4387b7e48261aa68c4e32a8-1	2024-06-05T18:00:09.000Z	PGS	PGS-ec72276e-3e2b-4d56-82bb-111fc86cbd77	2024-06-05T15:00:01Z	2024-06-05T15:59:58Z	exclude	provider_mixed_1e-4_and_1e-6_lattice
csb/csv/2024/06/05/20240605174009110155_d6eb7b6d-04dc-4872-ba51-c3b4ce006807_pointData.csv	873271	695267c7916e2b2898e78e8885fb5d09-1	2024-06-05T18:00:09.000Z	FarSounder	FARSND-d6eb7b6d-04dc-4872-ba51-c3b4ce006807	2024-06-05T05:54:49.833Z	2024-06-05T10:36:45.865Z	exclude	provider_rolling_overlapping_resubmissions
csb/csv/2024/06/05/20240605174217107143_3b0c5ff2-0998-11eb-8eb6-98be942a5b5a_pointData.csv	155865	25af1b064ec09959b5f58bd9d7fd5947-1	2024-06-05T18:00:11.000Z	PGS	PGS-3b0c5ff2-0998-11eb-8eb6-98be942a5b5a	2024-06-05T14:59:59Z	2024-06-05T15:59:56Z	exclude	provider_mixed_1e-4_and_1e-6_lattice
csb/csv/2024/06/05/20240605175927385614_f73d4b8d-97c0-48ab-9200-c313709c76d0_pointData.csv	61537	988698f76d716ffa68f531c1d81aa947-1	2024-06-05T18:00:10.000Z	Rosepoint	ROSEP-f73d4b8d-97c0-48ab-9200-c313709c76d0	2024-06-05T11:58:27Z	2024-06-05T17:59:25Z	keep	unique_1e-6_lattice_submission
csb/csv/2024/06/05/20240605180037137856_65e8651f30ed69-21362319_pointData.csv	16313	c8fedf7cb4d9a2a81a52fdd3a7ab334c-1	2024-06-06T00:00:09.000Z	AquaMap	AQM-65e8651f30ed69-21362319	2024-06-01T11:49:42Z	2024-06-01T11:53:07Z	exclude	provider_off_lattice_float_repr
csb/csv/2024/06/05/20240605180055652425_649af680c91cd7-29086886_pointData.csv	92384	82e6bb436f810d26b1264b89a3799f26-1	2024-06-06T00:00:09.000Z	AquaMap	AQM-649af680c91cd7-29086886	2024-06-05T17:10:24Z	2024-06-05T17:32:14Z	exclude	provider_off_lattice_float_repr
csb/csv/2024/06/05/20240605180139304941_60814530103d97-21972437_pointData.csv	815854	5633e790f839c8dd6cfe3301cb1b6d1d-1	2024-06-06T00:00:09.000Z	AquaMap	AQM-60814530103d97-21972437	2024-06-05T16:05:34Z	2024-06-05T17:41:39Z	exclude	provider_off_lattice_float_repr
csb/csv/2024/06/05/20240605180300195321_834f85c2-0999-11eb-a100-98be942a5b5a_pointData.csv	188198	3952a13696567853f7df943c3e63d413-1	2024-06-06T00:00:09.000Z	PGS	PGS-834f85c2-0999-11eb-a100-98be942a5b5a	2024-06-05T16:00:02Z	2024-06-05T16:59:59Z	exclude	provider_mixed_1e-4_and_1e-6_lattice
csb/csv/2024/06/05/20240605181742506468_08b05f2b-eb9f-11ee-a43c-bd300fe11e8a_pointData.csv	225012	4032262cf05a9c498881631a173a7959-1	2024-06-06T00:00:09.000Z	GLOS	GLOS-08b05f2b-eb9f-11ee-a43c-bd300fe11e8a	2024-05-17T14:50:11Z	2024-05-17T15:12:33Z	keep	unique_1e-6_lattice_submission
csb/csv/2024/06/05/20240605181743081591_08b05f2b-eb9f-11ee-a43c-bd300fe11e8a_pointData.csv	225012	96471b8a2ee58fe4547a6057f5e8c69e-1	2024-06-06T00:00:09.000Z	GLOS	GLOS-08b05f2b-eb9f-11ee-a43c-bd300fe11e8a	2024-05-17T14:50:11Z	2024-05-17T15:12:33Z	exclude	exact_reupload_of:20240605181742506468_08b05f2b-eb9f-11ee-a43c-bd300fe11e8a_pointData.csv
csb/csv/2024/06/05/20240605182348397184_08b05f2b-eb9f-11ee-a43c-bd300fe11e8a_pointData.csv	223721	9a5b857b4b6ba85ec532941fccc15e32-1	2024-06-06T00:00:09.000Z	GLOS	GLOS-08b05f2b-eb9f-11ee-a43c-bd300fe11e8a	2024-05-17T15:12:35Z	2024-05-17T15:34:46Z	keep	unique_1e-6_lattice_submission
csb/csv/2024/06/05/20240605182348941761_08b05f2b-eb9f-11ee-a43c-bd300fe11e8a_pointData.csv	223721	8915433464159acb99c1d98d13f04702-1	2024-06-06T00:00:09.000Z	GLOS	GLOS-08b05f2b-eb9f-11ee-a43c-bd300fe11e8a	2024-05-17T15:12:35Z	2024-05-17T15:34:46Z	exclude	exact_reupload_of:20240605182348397184_08b05f2b-eb9f-11ee-a43c-bd300fe11e8a_pointData.csv
csb/csv/2024/06/05/20240605182707509561_46261abb-471f-42f3-babc-636ad83da49c_pointData.csv	415	cabb7ecbf2e790a0119b299d213c289f-1	2024-06-06T00:00:10.000Z	Rosepoint	ROSEP-46261abb-471f-42f3-babc-636ad83da49c	2024-06-05T17:47:09Z	2024-06-05T17:48:09Z	keep	unique_1e-6_lattice_submission
csb/csv/2024/06/05/20240605182707510871_cdd0edb8-c483-4c48-be4d-93f29dcbc26c_pointData.csv	859717	a89314f1c8f6b57b8b18c7ad4856fbbe-1	2024-06-06T00:00:09.000Z	Rosepoint	ROSEP-cdd0edb8-c483-4c48-be4d-93f29dcbc26c	2024-06-05T06:26:54Z	2024-06-05T18:27:04Z	keep	unique_1e-6_lattice_submission
csb/csv/2024/06/05/20240605183346243640_08b05f2b-eb9f-11ee-a43c-bd300fe11e8a_pointData.csv	225053	78bf3f014d7336c732e0cf5947151a16-1	2024-06-06T00:00:10.000Z	GLOS	GLOS-08b05f2b-eb9f-11ee-a43c-bd300fe11e8a	2024-05-17T15:34:50Z	2024-05-17T15:57:07Z	keep	unique_1e-6_lattice_submission
csb/csv/2024/06/05/20240605183346727743_08b05f2b-eb9f-11ee-a43c-bd300fe11e8a_pointData.csv	225053	b1551ccfdfeb6c7eded1fd2bde57be7d-1	2024-06-06T00:00:09.000Z	GLOS	GLOS-08b05f2b-eb9f-11ee-a43c-bd300fe11e8a	2024-05-17T15:34:50Z	2024-05-17T15:57:07Z	exclude	exact_reupload_of:20240605183346243640_08b05f2b-eb9f-11ee-a43c-bd300fe11e8a_pointData.csv
csb/csv/2024/06/05/20240605183453408247_70946e11-d3aa-412d-8427-c23af3e246e3_pointData.csv	731867	55fcd964391a0b0da62d9b374524dfbf-1	2024-06-06T00:00:10.000Z	Rosepoint	ROSEP-70946e11-d3aa-412d-8427-c23af3e246e3	2024-06-05T06:33:12Z	2024-06-05T18:33:55Z	keep	unique_1e-6_lattice_submission
csb/csv/2024/06/05/20240605184017801549_0dc4d7c1-f541-476d-a76b-72fb09ad1bd2_pointData.csv	63296	e0aff696019b99def716816c9221aa15-1	2024-06-06T00:00:09.000Z	Rosepoint	ROSEP-0dc4d7c1-f541-476d-a76b-72fb09ad1bd2	2024-06-05T12:39:34Z	2024-06-05T18:39:41Z	keep	unique_1e-6_lattice_submission
csb/csv/2024/06/05/20240605184112577888_ec72276e-3e2b-4d56-82bb-111fc86cbd77_pointData.csv	190863	daefa627db34960bc0cecafdd5c580fe-1	2024-06-06T00:00:10.000Z	PGS	PGS-ec72276e-3e2b-4d56-82bb-111fc86cbd77	2024-06-05T16:00:01Z	2024-06-05T16:59:58Z	exclude	provider_mixed_1e-4_and_1e-6_lattice
csb/csv/2024/06/05/20240605184506112699_08b05f2b-eb9f-11ee-a43c-bd300fe11e8a_pointData.csv	222662	676a48e2f0be52138d4ae260e48ea9d5-1	2024-06-06T00:00:10.000Z	GLOS	GLOS-08b05f2b-eb9f-11ee-a43c-bd300fe11e8a	2024-05-17T15:57:09Z	2024-05-17T16:19:23Z	keep	unique_1e-6_lattice_submission
csb/csv/2024/06/05/20240605184506637110_08b05f2b-eb9f-11ee-a43c-bd300fe11e8a_pointData.csv	222662	6a9dd26ea9c2aaa50bde384641fd3de5-1	2024-06-06T00:00:10.000Z	GLOS	GLOS-08b05f2b-eb9f-11ee-a43c-bd300fe11e8a	2024-05-17T15:57:09Z	2024-05-17T16:19:23Z	exclude	exact_reupload_of:20240605184506112699_08b05f2b-eb9f-11ee-a43c-bd300fe11e8a_pointData.csv
csb/csv/2024/06/05/20240605185058346279_3b0c5ff2-0998-11eb-8eb6-98be942a5b5a_pointData.csv	158915	e19771431b08d7cc2bfd6700a58e9270-1	2024-06-06T00:00:10.000Z	PGS	PGS-3b0c5ff2-0998-11eb-8eb6-98be942a5b5a	2024-06-05T15:59:59Z	2024-06-05T16:59:59Z	exclude	provider_mixed_1e-4_and_1e-6_lattice
csb/csv/2024/06/05/20240605185714275858_08b05f2b-eb9f-11ee-a43c-bd300fe11e8a_pointData.csv	227601	f4033afc88a9f51e20253d05203704a7-1	2024-06-06T00:00:10.000Z	GLOS	GLOS-08b05f2b-eb9f-11ee-a43c-bd300fe11e8a	2024-05-17T16:19:25Z	2024-05-17T16:41:54Z	keep	unique_1e-6_lattice_submission
csb/csv/2024/06/05/20240605185714741980_08b05f2b-eb9f-11ee-a43c-bd300fe11e8a_pointData.csv	227601	2960d07e33156eeac483b403629da2ae-1	2024-06-06T00:00:10.000Z	GLOS	GLOS-08b05f2b-eb9f-11ee-a43c-bd300fe11e8a	2024-05-17T16:19:25Z	2024-05-17T16:41:54Z	exclude	exact_reupload_of:20240605185714275858_08b05f2b-eb9f-11ee-a43c-bd300fe11e8a_pointData.csv
csb/csv/2024/06/05/20240605185746305810_4411b9ca-6b0e-47d2-a6be-36e60a3b577a_pointData.csv	61334	e200ebb9c42f4f7e6951f4f6adcf915d-1	2024-06-06T00:00:10.000Z	Rosepoint	ROSEP-4411b9ca-6b0e-47d2-a6be-36e60a3b577a	2024-06-05T12:55:55Z	2024-06-05T18:57:26Z	keep	unique_1e-6_lattice_submission
csb/csv/2024/06/05/20240605190022076181_WittsEnd_pointData.csv	101108	16451543196a2fdcc1f982cec926d16a-1	2024-06-06T00:00:10.000Z	AquaMap	AQM-WittsEnd	2024-06-05T18:11:06Z	2024-06-05T18:23:39Z	exclude	provider_off_lattice_float_repr
csb/csv/2024/06/05/20240605190023606895_63ab205b591832-24031229_pointData.csv	45802	bf74760d2b137f7e7a465c6c39547bf4-1	2024-06-06T00:00:10.000Z	AquaMap	AQM-63ab205b591832-24031229	2024-06-02T00:01:34Z	2024-06-02T00:15:16Z	exclude	provider_off_lattice_float_repr
csb/csv/2024/06/05/20240605190051878458_e150d9fe-d3d7-4d47-ba18-f82688e01b85_pointData.csv	1341999	19a099aef6917fd93078a3c06e244283-1	2024-06-06T00:00:11.000Z	Rosepoint	ROSEP-e150d9fe-d3d7-4d47-ba18-f82688e01b85	2024-06-05T12:58:41Z	2024-06-05T19:00:37Z	keep	unique_1e-6_lattice_submission
csb/csv/2024/06/05/20240605190105937623_623fc1484a7832-34778385_pointData.csv	52059	ebcdccf2e2b9ec9e3e9a9c9a0976d70a-1	2024-06-06T00:00:11.000Z	AquaMap	AQM-623fc1484a7832-34778385	2024-06-05T18:22:19Z	2024-06-05T18:29:24Z	exclude	provider_off_lattice_float_repr
csb/csv/2024/06/05/20240605190119551565_18351_pointData.csv	635087	0a1be3193c9ceeeb18789e53816b4d23-1	2024-06-06T00:00:11.000Z	AquaMap	AQM-18351	2024-06-05T16:59:25Z	2024-06-05T18:33:08Z	exclude	provider_off_lattice_float_repr
csb/csv/2024/06/05/20240605190121272147_Witts20End_pointData.csv	62056	5f6d14504f460a25591edaed47dc90d9-1	2024-06-06T00:00:11.000Z	AquaMap	AQM-Witts20End	2024-06-05T18:14:26Z	2024-06-05T18:23:39Z	exclude	provider_off_lattice_float_repr
csb/csv/2024/06/05/20240605190130101965_65e8651f30ed69-21362319_pointData.csv	16313	e3a1671cdcdd854ecee6aae5f46c2725-1	2024-06-06T00:00:11.000Z	AquaMap	AQM-65e8651f30ed69-21362319	2024-06-01T11:49:42Z	2024-06-01T11:53:07Z	exclude	provider_off_lattice_float_repr
csb/csv/2024/06/05/20240605190150177169_Witts20End_pointData.csv	576598	00873ac34e62d5585d9039b7a27a1ad1-1	2024-06-06T00:00:11.000Z	AquaMap	AQM-Witts20End	2024-04-14T16:18:40Z	2024-04-14T18:01:42Z	exclude	provider_off_lattice_float_repr
csb/csv/2024/06/05/20240605190209540084_Witts20End_pointData.csv	576598	9df2a035a49adac9492668414d625902-1	2024-06-06T00:00:11.000Z	AquaMap	AQM-Witts20End	2024-04-14T16:18:40Z	2024-04-14T18:01:42Z	exclude	provider_off_lattice_float_repr
csb/csv/2024/06/05/20240605190210718867_65e8651f30ed69-21362319_pointData.csv	22314	086e6e272edc63653b34120d0e817c4c-1	2024-06-06T00:00:11.000Z	AquaMap	AQM-65e8651f30ed69-21362319	2024-06-05T18:38:05Z	2024-06-05T18:46:43Z	exclude	provider_off_lattice_float_repr
csb/csv/2024/06/05/20240605190214755488_623fc1484a7832-34778385_pointData.csv	16652	ae3f2ccaa131a5d0611b1bebcf0e0047-1	2024-06-06T00:00:12.000Z	AquaMap	AQM-623fc1484a7832-34778385	2024-06-05T17:29:23Z	2024-06-05T17:31:25Z	exclude	provider_off_lattice_float_repr
csb/csv/2024/06/05/20240605190408435542_08b05f2b-eb9f-11ee-a43c-bd300fe11e8a_pointData.csv	221680	21339588c7cb96c6db8b3a1376514b57-1	2024-06-06T00:00:11.000Z	GLOS	GLOS-08b05f2b-eb9f-11ee-a43c-bd300fe11e8a	2024-05-17T16:41:56Z	2024-05-17T17:03:59Z	keep	unique_1e-6_lattice_submission
csb/csv/2024/06/05/20240605190409106325_08b05f2b-eb9f-11ee-a43c-bd300fe11e8a_pointData.csv	221680	52cfc44565da4d88362411ca01500009-1	2024-06-06T00:00:12.000Z	GLOS	GLOS-08b05f2b-eb9f-11ee-a43c-bd300fe11e8a	2024-05-17T16:41:56Z	2024-05-17T17:03:59Z	exclude	exact_reupload_of:20240605190408435542_08b05f2b-eb9f-11ee-a43c-bd300fe11e8a_pointData.csv
csb/csv/2024/06/05/20240605191026408420_d6eb7b6d-04dc-4872-ba51-c3b4ce006807_pointData.csv	871949	a8c1ab9d66912af4fc9c6aca1674a038-1	2024-06-06T00:00:12.000Z	FarSounder	FARSND-d6eb7b6d-04dc-4872-ba51-c3b4ce006807	2024-06-05T09:24:47.308Z	2024-06-05T12:00:11.832Z	exclude	provider_rolling_overlapping_resubmissions
csb/csv/2024/06/05/20240605191129332120_834f85c2-0999-11eb-a100-98be942a5b5a_pointData.csv	188193	3410ad41d6decddd7be6b9ed18ae6de5-1	2024-06-06T00:00:11.000Z	PGS	PGS-834f85c2-0999-11eb-a100-98be942a5b5a	2024-06-05T17:00:02Z	2024-06-05T17:59:59Z	exclude	provider_mixed_1e-4_and_1e-6_lattice
csb/csv/2024/06/05/20240605191428025927_48e8b019-4141-4a35-bd63-b3be3e30b183_pointData.csv	64172	ac72e9d07e9d71eb09f96af5f8617259-1	2024-06-06T00:00:12.000Z	Rosepoint	ROSEP-48e8b019-4141-4a35-bd63-b3be3e30b183	2024-06-05T13:12:59Z	2024-06-05T19:14:12Z	keep	unique_1e-6_lattice_submission
csb/csv/2024/06/05/20240605191543573291_672e2884-f0ed-44dc-b9bb-56d79261e4f1_pointData.csv	418647	80620705c50f41848a091f34ea7e9b5a-1	2024-06-06T00:00:11.000Z	Rosepoint	ROSEP-672e2884-f0ed-44dc-b9bb-56d79261e4f1	2024-06-05T13:19:25Z	2024-06-05T19:15:39Z	keep	unique_1e-6_lattice_submission
csb/csv/2024/06/05/20240605191714744630_08b05f2b-eb9f-11ee-a43c-bd300fe11e8a_pointData.csv	219169	4a632e498144dac3cb2f24f76a7407bd-1	2024-06-06T00:00:11.000Z	GLOS	GLOS-08b05f2b-eb9f-11ee-a43c-bd300fe11e8a	2024-05-17T17:04:01Z	2024-05-17T17:25:52Z	keep	unique_1e-6_lattice_submission
csb/csv/2024/06/05/20240605191715413206_08b05f2b-eb9f-11ee-a43c-bd300fe11e8a_pointData.csv	219169	3632272ab56a48714e707b1a0cb229dd-1	2024-06-06T00:00:12.000Z	GLOS	GLOS-08b05f2b-eb9f-11ee-a43c-bd300fe11e8a	2024-05-17T17:04:01Z	2024-05-17T17:25:52Z	exclude	exact_reupload_of:20240605191714744630_08b05f2b-eb9f-11ee-a43c-bd300fe11e8a_pointData.csv
csb/csv/2024/06/05/20240605192254007672_08b05f2b-eb9f-11ee-a43c-bd300fe11e8a_pointData.csv	220775	842fc29a6028232e2c35aa1359940acf-1	2024-06-06T00:00:12.000Z	GLOS	GLOS-08b05f2b-eb9f-11ee-a43c-bd300fe11e8a	2024-05-17T17:25:54Z	2024-05-17T17:47:49Z	keep	unique_1e-6_lattice_submission
csb/csv/2024/06/05/20240605192254494554_08b05f2b-eb9f-11ee-a43c-bd300fe11e8a_pointData.csv	220775	444f73d6988595f04cde12ce4011c1b4-1	2024-06-06T00:00:12.000Z	GLOS	GLOS-08b05f2b-eb9f-11ee-a43c-bd300fe11e8a	2024-05-17T17:25:54Z	2024-05-17T17:47:49Z	exclude	exact_reupload_of:20240605192254007672_08b05f2b-eb9f-11ee-a43c-bd300fe11e8a_pointData.csv
csb/csv/2024/06/05/20240605192547117697_56f26f84-bafc-4b36-8454-b8546bddcf1d_pointData.csv	841206	304b819dd7581c8dbed27e7aa24cc9e5-1	2024-06-06T00:00:13.000Z	Rosepoint	ROSEP-56f26f84-bafc-4b36-8454-b8546bddcf1d	2004-10-20T13:26:04Z	2004-10-20T19:25:22Z	keep	unique_1e-6_lattice_submission
csb/csv/2024/06/05/20240605193108892569_b46dfd84-2ce8-4a25-a16b-4af10b8eb60e_pointData.csv	62367	dafe09484b9520a365096788f0c0fcef-1	2024-06-06T00:00:12.000Z	Rosepoint	ROSEP-b46dfd84-2ce8-4a25-a16b-4af10b8eb60e	2024-06-05T13:27:07Z	2024-06-05T19:30:06Z	keep	unique_1e-6_lattice_submission
csb/csv/2024/06/05/20240605194514726925_ec72276e-3e2b-4d56-82bb-111fc86cbd77_pointData.csv	190863	1d1ba3cf7e40142a47bdd352d4fca924-1	2024-06-06T00:00:12.000Z	PGS	PGS-ec72276e-3e2b-4d56-82bb-111fc86cbd77	2024-06-05T17:00:01Z	2024-06-05T17:59:58Z	exclude	provider_mixed_1e-4_and_1e-6_lattice
csb/csv/2024/06/05/20240605194629268285_08b05f2b-eb9f-11ee-a43c-bd300fe11e8a_pointData.csv	220559	b47af7a1b3b5530c8357098bc2c873f5-1	2024-06-06T00:00:12.000Z	GLOS	GLOS-08b05f2b-eb9f-11ee-a43c-bd300fe11e8a	2024-05-17T17:47:51Z	2024-05-17T18:09:47Z	keep	unique_1e-6_lattice_submission
csb/csv/2024/06/05/20240605194629735993_08b05f2b-eb9f-11ee-a43c-bd300fe11e8a_pointData.csv	220559	55015bd0dbcec5be5b4b3dba98f5ed0a-1	2024-06-06T00:00:12.000Z	GLOS	GLOS-08b05f2b-eb9f-11ee-a43c-bd300fe11e8a	2024-05-17T17:47:51Z	2024-05-17T18:09:47Z	exclude	exact_reupload_of:20240605194629268285_08b05f2b-eb9f-11ee-a43c-bd300fe11e8a_pointData.csv
csb/csv/2024/06/05/20240605194824958615_a0c5f5d4-2c89-4dc6-b6e8-695d93ab03b7_pointData.csv	25839	02eb83500fbc7bd4936ec10613c71e73-1	2024-06-06T00:00:13.000Z	Rosepoint	ROSEP-a0c5f5d4-2c89-4dc6-b6e8-695d93ab03b7	2024-06-05T17:11:23Z	2024-06-05T19:43:10Z	keep	unique_1e-6_lattice_submission
csb/csv/2024/06/05/20240605195004923319_3b0c5ff2-0998-11eb-8eb6-98be942a5b5a_pointData.csv	176488	4cb6ce5d9640d35ca0f95531cfe054d0-1	2024-06-06T00:00:13.000Z	PGS	PGS-3b0c5ff2-0998-11eb-8eb6-98be942a5b5a	2024-06-05T17:00:02Z	2024-06-05T17:59:56Z	exclude	provider_mixed_1e-4_and_1e-6_lattice
csb/csv/2024/06/05/20240605195426286995_251e0ec1-5645-476e-8563-9f34939f5d72_pointData.csv	59692	3c5d0ed51bf41212babd1bcedf5cdd7e-1	2024-06-06T00:00:13.000Z	Rosepoint	ROSEP-251e0ec1-5645-476e-8563-9f34939f5d72	2024-06-05T13:53:57Z	2024-06-05T19:54:03Z	keep	unique_1e-6_lattice_submission
csb/csv/2024/06/05/20240605195444374337_08b05f2b-eb9f-11ee-a43c-bd300fe11e8a_pointData.csv	220164	9b7d95e58f4bbb7b941e08cba755c1e8-1	2024-06-06T00:00:13.000Z	GLOS	GLOS-08b05f2b-eb9f-11ee-a43c-bd300fe11e8a	2024-05-17T18:09:49Z	2024-05-17T18:31:46Z	keep	unique_1e-6_lattice_submission
csb/csv/2024/06/05/20240605195444879209_08b05f2b-eb9f-11ee-a43c-bd300fe11e8a_pointData.csv	220164	eab8c3033b2a60dd4a12e7ae00ef46d3-1	2024-06-06T00:00:12.000Z	GLOS	GLOS-08b05f2b-eb9f-11ee-a43c-bd300fe11e8a	2024-05-17T18:09:49Z	2024-05-17T18:31:46Z	exclude	exact_reupload_of:20240605195444374337_08b05f2b-eb9f-11ee-a43c-bd300fe11e8a_pointData.csv
csb/csv/2024/06/05/20240605200108853273_60814530103d97-21972437_pointData.csv	815629	c4da4f002272ce1d01a3eb1bdfda430a-1	2024-06-06T00:00:13.000Z	AquaMap	AQM-60814530103d97-21972437	2024-06-05T17:41:40Z	2024-06-05T19:17:32Z	exclude	provider_off_lattice_float_repr
csb/csv/2024/06/05/20240605200143472288_WittsEnd_pointData.csv	186539	783ab956eaf49ed26800f9a8fcaf4937-1	2024-06-06T00:00:13.000Z	AquaMap	AQM-WittsEnd	2024-06-05T18:41:12Z	2024-06-05T19:04:04Z	exclude	provider_off_lattice_float_repr
csb/csv/2024/06/05/20240605200206537252_623fc1484a7832-34778385_pointData.csv	17111	cd476bab4f204aa6ddcf973467c7d53d-1	2024-06-06T00:00:13.000Z	AquaMap	AQM-623fc1484a7832-34778385	2024-06-05T18:36:15Z	2024-06-05T18:38:35Z	exclude	provider_off_lattice_float_repr
csb/csv/2024/06/05/20240605201444752337_834f85c2-0999-11eb-a100-98be942a5b5a_pointData.csv	188192	4e8235076cb2f801c88574464e0cd765-1	2024-06-06T00:00:13.000Z	PGS	PGS-834f85c2-0999-11eb-a100-98be942a5b5a	2024-06-05T18:00:02Z	2024-06-05T18:59:59Z	exclude	provider_mixed_1e-4_and_1e-6_lattice
csb/csv/2024/06/05/20240605201445712850_834f85c2-0999-11eb-a100-98be942a5b5a_pointData.csv	188197	d514e24b81334afde8bb26fa47e34160-1	2024-06-06T00:00:13.000Z	PGS	PGS-834f85c2-0999-11eb-a100-98be942a5b5a	2024-06-05T19:00:02Z	2024-06-05T19:59:59Z	exclude	provider_mixed_1e-4_and_1e-6_lattice
csb/csv/2024/06/05/20240605203009153701_d6eb7b6d-04dc-4872-ba51-c3b4ce006807_pointData.csv	872590	f8bfa9d2289310bc82eb89bd36abbb66-1	2024-06-06T00:00:14.000Z	FarSounder	FARSND-d6eb7b6d-04dc-4872-ba51-c3b4ce006807	2024-06-05T09:24:47.308Z	2024-06-05T13:23:20.822Z	exclude	provider_rolling_overlapping_resubmissions
csb/csv/2024/06/05/20240605205000357287_ec72276e-3e2b-4d56-82bb-111fc86cbd77_pointData.csv	190863	d09de61a62c013ef67391f6ffcfea118-1	2024-06-06T00:00:14.000Z	PGS	PGS-ec72276e-3e2b-4d56-82bb-111fc86cbd77	2024-06-05T18:00:01Z	2024-06-05T18:59:58Z	exclude	provider_mixed_1e-4_and_1e-6_lattice
csb/csv/2024/06/05/20240605205046071752_0d1b6ce0-e5ec-40f1-99a9-2187e8d08bf4_pointData.csv	3330457	032108a9fdfdc5e21d076c79e0123df4-1	2024-06-06T00:00:13.000Z	Rosepoint	ROSEP-0d1b6ce0-e5ec-40f1-99a9-2187e8d08bf4	2004-10-20T14:50:08Z	2004-10-20T20:50:34Z	keep	unique_1e-6_lattice_submission
csb/csv/2024/06/05/20240605205247059886_4f651d43-9a33-452c-9299-6ab08ed9d831_pointData.csv	65175	0238c2cbf4eee9bbdcd3e6acfec637e5-1	2024-06-06T00:00:14.000Z	Rosepoint	ROSEP-4f651d43-9a33-452c-9299-6ab08ed9d831	2024-06-05T14:51:28Z	2024-06-05T20:52:07Z	keep	unique_1e-6_lattice_submission
csb/csv/2024/06/05/20240605205343698498_3b0c5ff2-0998-11eb-8eb6-98be942a5b5a_pointData.csv	194025	2a7e4e218c7c83345f443d34001edeaf-1	2024-06-06T00:00:13.000Z	PGS	PGS-3b0c5ff2-0998-11eb-8eb6-98be942a5b5a	2024-06-05T17:59:59Z	2024-06-05T18:59:56Z	exclude	provider_mixed_1e-4_and_1e-6_lattice
csb/csv/2024/06/05/20240605205822502700_6436aa4a-fdc1-11ee-bb46-7729efb26c37_pointData.csv	207279	d10720febd16ebe58a1e63726d5c7160-1	2024-06-06T00:00:13.000Z	COMIT USF	COMITUSF-6436aa4a-fdc1-11ee-bb46-7729efb26c37	2024-06-04T17:54:04Z	2024-06-04T18:13:10Z	keep	unique_1e-6_lattice_submission
csb/csv/2024/06/05/20240605205823031927_6436aa4a-fdc1-11ee-bb46-7729efb26c37_pointData.csv	207279	4fcea8bd068f2446984823d94d4632d1-1	2024-06-06T00:00:14.000Z	COMIT USF	COMITUSF-6436aa4a-fdc1-11ee-bb46-7729efb26c37	2024-06-04T17:54:04Z	2024-06-04T18:13:10Z	exclude	exact_reupload_of:20240605205822502700_6436aa4a-fdc1-11ee-bb46-7729efb26c37_pointData.csv
csb/csv/2024/06/05/20240605210039190271_Breathe_pointData.csv	132290	121565a7bbab334fe3275932632a20f4-1	2024-06-06T00:00:14.000Z	AquaMap	AQM-Breathe	2024-06-05T19:49:10Z	2024-06-05T20:08:47Z	exclude	provider_off_lattice_float_repr
csb/csv/2024/06/05/20240605210104057523_Billt2605aol-com_pointData.csv	110023	b8d5750780a2bbad1b24ebb500cba907-1	2024-06-06T00:00:14.000Z	AquaMap	AQM-Billt2605aol-com	2024-06-05T17:35:56Z	2024-06-05T18:06:01Z	exclude	provider_off_lattice_float_repr
csb/csv/2024/06/05/20240605210105384800_623fc1484a7832-34778385_pointData.csv	49948	fccc53871d4ee2cedf7aa12034e2d6cf-1	2024-06-06T00:00:14.000Z	AquaMap	AQM-623fc1484a7832-34778385	2024-06-05T19:55:11Z	2024-06-05T20:01:20Z	exclude	provider_off_lattice_float_repr
csb/csv/2024/06/05/20240605210132457955_Breathe_pointData.csv	651823	fc702e7cf50abbc31a2725d98ab5dbb6-1	2024-06-06T00:00:14.000Z	AquaMap	AQM-Breathe	2024-06-05T14:43:09Z	2024-06-05T16:23:11Z	exclude	provider_off_lattice_float_repr
csb/csv/2024/06/05/20240605210142329895_Breathe_pointData.csv	657850	f1a7edd889186cc9bf5f8ecb193912b1-1	2024-06-06T00:00:14.000Z	AquaMap	AQM-Breathe	2024-06-05T18:05:31Z	2024-06-05T19:49:09Z	exclude	provider_off_lattice_float_repr
csb/csv/2024/06/05/20240605210155133433_Breathe_pointData.csv	654124	51b270c99c9e5bf7ce60367d431d6ad4-1	2024-06-06T00:00:14.000Z	AquaMap	AQM-Breathe	2024-06-05T16:23:12Z	2024-06-05T18:05:30Z	exclude	provider_off_lattice_float_repr
csb/csv/2024/06/05/20240605210615144062_08b05f2b-eb9f-11ee-a43c-bd300fe11e8a_pointData.csv	221836	aefa071f5223f626a2724807b3ff7e5e-1	2024-06-06T00:00:14.000Z	GLOS	GLOS-08b05f2b-eb9f-11ee-a43c-bd300fe11e8a	2024-05-17T18:31:48Z	2024-05-17T18:53:51Z	keep	unique_1e-6_lattice_submission
csb/csv/2024/06/05/20240605210615705200_08b05f2b-eb9f-11ee-a43c-bd300fe11e8a_pointData.csv	221836	9138a4526316432ca8ed9c48051ad80c-1	2024-06-06T00:00:14.000Z	GLOS	GLOS-08b05f2b-eb9f-11ee-a43c-bd300fe11e8a	2024-05-17T18:31:48Z	2024-05-17T18:53:51Z	exclude	exact_reupload_of:20240605210615144062_08b05f2b-eb9f-11ee-a43c-bd300fe11e8a_pointData.csv
csb/csv/2024/06/05/20240605211057588911_08b05f2b-eb9f-11ee-a43c-bd300fe11e8a_pointData.csv	221326	25bd456ca5e5b569e8e9ced6583db8e1-1	2024-06-06T00:00:14.000Z	GLOS	GLOS-08b05f2b-eb9f-11ee-a43c-bd300fe11e8a	2024-05-17T18:53:53Z	2024-05-17T19:15:55Z	keep	unique_1e-6_lattice_submission
csb/csv/2024/06/05/20240605211058084809_08b05f2b-eb9f-11ee-a43c-bd300fe11e8a_pointData.csv	221326	6019d417cce48581e0d22a11df17e174-1	2024-06-06T00:00:15.000Z	GLOS	GLOS-08b05f2b-eb9f-11ee-a43c-bd300fe11e8a	2024-05-17T18:53:53Z	2024-05-17T19:15:55Z	exclude	exact_reupload_of:20240605211057588911_08b05f2b-eb9f-11ee-a43c-bd300fe11e8a_pointData.csv
csb/csv/2024/06/05/20240605211222460822_414fef65-1bd7-4b7c-a601-f46e61ab0f8d_pointData.csv	3422406	4e2c658abe9c87924f2cb7c364390d63-1	2024-06-06T00:00:15.000Z	Rosepoint	ROSEP-414fef65-1bd7-4b7c-a601-f46e61ab0f8d	2024-06-05T15:10:14Z	2024-06-05T21:11:48Z	keep	unique_1e-6_lattice_submission
csb/csv/2024/06/05/20240605211545739443_08b05f2b-eb9f-11ee-a43c-bd300fe11e8a_pointData.csv	221366	331c43addcac4b03e4ca73aed8d61409-1	2024-06-06T00:00:15.000Z	GLOS	GLOS-08b05f2b-eb9f-11ee-a43c-bd300fe11e8a	2024-05-17T19:15:57Z	2024-05-17T19:37:58Z	keep	unique_1e-6_lattice_submission
csb/csv/2024/06/05/20240605211546237195_08b05f2b-eb9f-11ee-a43c-bd300fe11e8a_pointData.csv	221366	f4c3936aa81b65c858450c7ce1735827-1	2024-06-06T00:00:15.000Z	GLOS	GLOS-08b05f2b-eb9f-11ee-a43c-bd300fe11e8a	2024-05-17T19:15:57Z	2024-05-17T19:37:58Z	exclude	exact_reupload_of:20240605211545739443_08b05f2b-eb9f-11ee-a43c-bd300fe11e8a_pointData.csv
csb/csv/2024/06/05/20240605212036251932_08b05f2b-eb9f-11ee-a43c-bd300fe11e8a_pointData.csv	222665	9c936a51250c7535665bc01d7e87a75b-1	2024-06-06T00:00:15.000Z	GLOS	GLOS-08b05f2b-eb9f-11ee-a43c-bd300fe11e8a	2024-05-17T19:38:00Z	2024-05-17T20:00:16Z	keep	unique_1e-6_lattice_submission
csb/csv/2024/06/05/20240605212036736133_08b05f2b-eb9f-11ee-a43c-bd300fe11e8a_pointData.csv	222665	2fde881a3ddabc6af8013d2d80c6d03d-1	2024-06-06T00:00:15.000Z	GLOS	GLOS-08b05f2b-eb9f-11ee-a43c-bd300fe11e8a	2024-05-17T19:38:00Z	2024-05-17T20:00:16Z	exclude	exact_reupload_of:20240605212036251932_08b05f2b-eb9f-11ee-a43c-bd300fe11e8a_pointData.csv
csb/csv/2024/06/05/20240605212524661662_08b05f2b-eb9f-11ee-a43c-bd300fe11e8a_pointData.csv	225092	95c60e3681f926b890c6528506da6deb-1	2024-06-06T00:00:15.000Z	GLOS	GLOS-08b05f2b-eb9f-11ee-a43c-bd300fe11e8a	2024-05-17T20:00:18Z	2024-05-17T20:22:43Z	keep	unique_1e-6_lattice_submission
csb/csv/2024/06/05/20240605212525166555_08b05f2b-eb9f-11ee-a43c-bd300fe11e8a_pointData.csv	225092	7b54b4801f8875057d06f6e9a041b044-1	2024-06-06T00:00:15.000Z	GLOS	GLOS-08b05f2b-eb9f-11ee-a43c-bd300fe11e8a	2024-05-17T20:00:18Z	2024-05-17T20:22:43Z	exclude	exact_reupload_of:20240605212524661662_08b05f2b-eb9f-11ee-a43c-bd300fe11e8a_pointData.csv
csb/csv/2024/06/05/20240605213021341587_08b05f2b-eb9f-11ee-a43c-bd300fe11e8a_pointData.csv	221836	44be559b1019b64ee6e24ce19f104076-1	2024-06-06T00:00:16.000Z	GLOS	GLOS-08b05f2b-eb9f-11ee-a43c-bd300fe11e8a	2024-05-17T20:22:45Z	2024-05-17T20:44:53Z	keep	unique_1e-6_lattice_submission
csb/csv/2024/06/05/20240605213021878565_08b05f2b-eb9f-11ee-a43c-bd300fe11e8a_pointData.csv	221836	ddf8472c988918468a13205dcc4c627d-1	2024-06-06T00:00:16.000Z	GLOS	GLOS-08b05f2b-eb9f-11ee-a43c-bd300fe11e8a	2024-05-17T20:22:45Z	2024-05-17T20:44:53Z	exclude	exact_reupload_of:20240605213021341587_08b05f2b-eb9f-11ee-a43c-bd300fe11e8a_pointData.csv
csb/csv/2024/06/05/20240605213515300745_08b05f2b-eb9f-11ee-a43c-bd300fe11e8a_pointData.csv	217482	9beaa556f7840897b98e83491f70cc94-1	2024-06-06T00:00:15.000Z	GLOS	GLOS-08b05f2b-eb9f-11ee-a43c-bd300fe11e8a	2024-05-17T20:44:56Z	2024-05-17T21:06:39Z	keep	unique_1e-6_lattice_submission
csb/csv/2024/06/05/20240605213515965641_08b05f2b-eb9f-11ee-a43c-bd300fe11e8a_pointData.csv	217482	95eae18c1aca286a55b5f5d4bf431d33-1	2024-06-06T00:00:16.000Z	GLOS	GLOS-08b05f2b-eb9f-11ee-a43c-bd300fe11e8a	2024-05-17T20:44:56Z	2024-05-17T21:06:39Z	exclude	exact_reupload_of:20240605213515300745_08b05f2b-eb9f-11ee-a43c-bd300fe11e8a_pointData.csv
csb/csv/2024/06/05/20240605214032785331_08b05f2b-eb9f-11ee-a43c-bd300fe11e8a_pointData.csv	220550	7aec4be19217c933a013263460654f46-1	2024-06-06T00:00:15.000Z	GLOS	GLOS-08b05f2b-eb9f-11ee-a43c-bd300fe11e8a	2024-05-17T21:06:41Z	2024-05-17T21:28:37Z	keep	unique_1e-6_lattice_submission
csb/csv/2024/06/05/20240605214033421927_08b05f2b-eb9f-11ee-a43c-bd300fe11e8a_pointData.csv	220550	c6b9d38684b87da8c0a4d0737cd53a34-1	2024-06-06T00:00:15.000Z	GLOS	GLOS-08b05f2b-eb9f-11ee-a43c-bd300fe11e8a	2024-05-17T21:06:41Z	2024-05-17T21:28:37Z	exclude	exact_reupload_of:20240605214032785331_08b05f2b-eb9f-11ee-a43c-bd300fe11e8a_pointData.csv
csb/csv/2024/06/05/20240605214222548987_e557a017-0c75-4365-808a-680673bbb79e_pointData.csv	38000	84363661792dbdfecb8ae2bce12f5bfd-1	2024-06-06T00:00:16.000Z	Rosepoint	ROSEP-e557a017-0c75-4365-808a-680673bbb79e	2024-06-05T16:52:09Z	2024-06-05T21:39:17Z	keep	unique_1e-6_lattice_submission
csb/csv/2024/06/05/20240605214535372052_08b05f2b-eb9f-11ee-a43c-bd300fe11e8a_pointData.csv	223569	8820bd91526cfd74a48306a4c9681519-1	2024-06-06T00:00:15.000Z	GLOS	GLOS-08b05f2b-eb9f-11ee-a43c-bd300fe11e8a	2024-05-17T21:28:39Z	2024-05-17T21:50:55Z	keep	unique_1e-6_lattice_submission
csb/csv/2024/06/05/20240605214535853402_08b05f2b-eb9f-11ee-a43c-bd300fe11e8a_pointData.csv	223569	a569d35a82e01c6ecdcab8b73e2e5ce0-1	2024-06-06T00:00:16.000Z	GLOS	GLOS-08b05f2b-eb9f-11ee-a43c-bd300fe11e8a	2024-05-17T21:28:39Z	2024-05-17T21:50:55Z	exclude	exact_reupload_of:20240605214535372052_08b05f2b-eb9f-11ee-a43c-bd300fe11e8a_pointData.csv
csb/csv/2024/06/05/20240605214601880480_ec72276e-3e2b-4d56-82bb-111fc86cbd77_pointData.csv	190863	dbec52c75676657e90ce70fc90b7ad90-1	2024-06-06T00:00:17.000Z	PGS	PGS-ec72276e-3e2b-4d56-82bb-111fc86cbd77	2024-06-05T19:00:01Z	2024-06-05T19:59:58Z	exclude	provider_mixed_1e-4_and_1e-6_lattice
csb/csv/2024/06/05/20240605214833480190_c397eae3-6787-4d49-abbe-1de3758956f5_pointData.csv	209816	7b8e487cbd9087bcc8baddb692d0f449-1	2024-06-06T00:00:16.000Z	Rosepoint	ROSEP-c397eae3-6787-4d49-abbe-1de3758956f5	2024-06-05T15:48:13Z	2024-06-05T21:48:04Z	keep	unique_1e-6_lattice_submission
csb/csv/2024/06/05/20240605215009761220_d6eb7b6d-04dc-4872-ba51-c3b4ce006807_pointData.csv	872033	943677e96c896d1ef5203342bb7090c7-1	2024-06-06T00:00:17.000Z	FarSounder	FARSND-d6eb7b6d-04dc-4872-ba51-c3b4ce006807	2024-06-05T10:38:46.684Z	2024-06-05T14:46:34.798Z	exclude	provider_rolling_overlapping_resubmissions
csb/csv/2024/06/05/20240605215027794345_08b05f2b-eb9f-11ee-a43c-bd300fe11e8a_pointData.csv	224998	8269bef839053414b837c3debd1f05f5-1	2024-06-06T00:00:16.000Z	GLOS	GLOS-08b05f2b-eb9f-11ee-a43c-bd300fe11e8a	2024-05-17T21:50:57Z	2024-05-17T22:13:24Z	keep	unique_1e-6_lattice_submission
csb/csv/2024/06/05/20240605215028287624_08b05f2b-eb9f-11ee-a43c-bd300fe11e8a_pointData.csv	224998	98de556f1f64ccdebfef2b37a51e695f-1	2024-06-06T00:00:16.000Z	GLOS	GLOS-08b05f2b-eb9f-11ee-a43c-bd300fe11e8a	2024-05-17T21:50:57Z	2024-05-17T22:13:24Z	exclude	exact_reupload_of:20240605215027794345_08b05f2b-eb9f-11ee-a43c-bd300fe11e8a_pointData.csv
csb/csv/2024/06/05/20240605215057211122_398c56de-e541-4380-9ee4-589ec53f46f6_pointData.csv	451164	128ad39111e0185ca0497a022823ca1e-1	2024-06-06T00:00:16.000Z	Rosepoint	ROSEP-398c56de-e541-4380-9ee4-589ec53f46f6	2024-06-05T15:49:44Z	2024-06-05T21:50:55Z	keep	unique_1e-6_lattice_submission
csb/csv/2024/06/05/20240605215519876796_08b05f2b-eb9f-11ee-a43c-bd300fe11e8a_pointData.csv	226386	28708359df28c83500b745f7f5703b7d-1	2024-06-06T00:00:16.000Z	GLOS	GLOS-08b05f2b-eb9f-11ee-a43c-bd300fe11e8a	2024-05-17T22:13:26Z	2024-05-17T22:35:56Z	keep	unique_1e-6_lattice_submission
csb/csv/2024/06/05/20240605215520361259_08b05f2b-eb9f-11ee-a43c-bd300fe11e8a_pointData.csv	226386	5214ac86126480e1958c5a374ecb8e22-1	2024-06-06T00:00:17.000Z	GLOS	GLOS-08b05f2b-eb9f-11ee-a43c-bd300fe11e8a	2024-05-17T22:13:26Z	2024-05-17T22:35:56Z	exclude	exact_reupload_of:20240605215519876796_08b05f2b-eb9f-11ee-a43c-bd300fe11e8a_pointData.csv
csb/csv/2024/06/05/20240605215639315810_3b0c5ff2-0998-11eb-8eb6-98be942a5b5a_pointData.csv	201185	bcfc6f5ffd49d23511ba4591e6578cb0-1	2024-06-06T00:00:17.000Z	PGS	PGS-3b0c5ff2-0998-11eb-8eb6-98be942a5b5a	2024-06-05T18:59:59Z	2024-06-05T19:59:57Z	exclude	provider_mixed_1e-4_and_1e-6_lattice
csb/csv/2024/06/05/20240605220012608803_08b05f2b-eb9f-11ee-a43c-bd300fe11e8a_pointData.csv	227088	5ed10e92f02564357141179643a3c16c-1	2024-06-06T00:00:17.000Z	GLOS	GLOS-08b05f2b-eb9f-11ee-a43c-bd300fe11e8a	2024-05-17T22:35:58Z	2024-05-17T22:58:32Z	keep	unique_1e-6_lattice_submission
csb/csv/2024/06/05/20240605220013169638_08b05f2b-eb9f-11ee-a43c-bd300fe11e8a_pointData.csv	227088	8d362c45ff5c700a382b35574497dccd-1	2024-06-06T00:00:17.000Z	GLOS	GLOS-08b05f2b-eb9f-11ee-a43c-bd300fe11e8a	2024-05-17T22:35:58Z	2024-05-17T22:58:32Z	exclude	exact_reupload_of:20240605220012608803_08b05f2b-eb9f-11ee-a43c-bd300fe11e8a_pointData.csv
csb/csv/2024/06/05/20240605220102082321_Flatswing_pointData.csv	621554	8f9e89bb9442d44e67966464e7c6a5ca-1	2024-06-06T00:00:17.000Z	AquaMap	AQM-Flatswing	2024-06-05T14:37:24Z	2024-06-05T16:45:26Z	exclude	provider_off_lattice_float_repr
csb/csv/2024/06/05/20240605220123246130_373e61a4-5650-43be-800f-e6197634cf6f_pointData.csv	3525356	33e85a9ca2b7a1379a1d319bf2f6b4ea-1	2024-06-06T00:00:17.000Z	Rosepoint	ROSEP-373e61a4-5650-43be-800f-e6197634cf6f	2024-06-05T16:00:07Z	2024-06-05T22:01:18Z	keep	unique_1e-6_lattice_submission
csb/csv/2024/06/05/20240605220141820288_MarvinsDog_pointData.csv	390679	402d39e66b1b78ec145a189740f94674-1	2024-06-06T00:00:17.000Z	AquaMap	AQM-MarvinsDog	2024-06-05T19:37:43Z	2024-06-05T20:59:46Z	exclude	provider_off_lattice_float_repr
csb/csv/2024/06/05/20240605220334379713_08b541ee-eb9f-11ee-8abd-bd300fe11e8a_pointData.csv	275504	a1880b0ca2e1f2a8e2a30559db438bad-1	2024-06-06T00:00:17.000Z	GLOS	GLOS-08b541ee-eb9f-11ee-8abd-bd300fe11e8a	2024-06-03T21:58:17Z	2024-06-03T22:26:15Z	keep	unique_1e-6_lattice_submission
csb/csv/2024/06/05/20240605220335030070_08b541ee-eb9f-11ee-8abd-bd300fe11e8a_pointData.csv	275504	c13f75335cabe97b4a83169f476e5bd0-1	2024-06-06T00:00:18.000Z	GLOS	GLOS-08b541ee-eb9f-11ee-8abd-bd300fe11e8a	2024-06-03T21:58:17Z	2024-06-03T22:26:15Z	exclude	exact_reupload_of:20240605220334379713_08b541ee-eb9f-11ee-8abd-bd300fe11e8a_pointData.csv
csb/csv/2024/06/05/20240605220418560921_08b541ee-eb9f-11ee-8abd-bd300fe11e8a_pointData.csv	287437	757885838da1b3fcf78df9419cd72c80-1	2024-06-06T00:00:18.000Z	GLOS	GLOS-08b541ee-eb9f-11ee-8abd-bd300fe11e8a	2024-06-03T22:26:18Z	2024-06-03T22:55:26Z	keep	unique_1e-6_lattice_submission
csb/csv/2024/06/05/20240605220419137682_08b541ee-eb9f-11ee-8abd-bd300fe11e8a_pointData.csv	287437	95e24b4d2e2be676a236c4c8f0011ed2-1	2024-06-06T00:00:17.000Z	GLOS	GLOS-08b541ee-eb9f-11ee-8abd-bd300fe11e8a	2024-06-03T22:26:18Z	2024-06-03T22:55:26Z	exclude	exact_reupload_of:20240605220418560921_08b541ee-eb9f-11ee-8abd-bd300fe11e8a_pointData.csv
csb/csv/2024/06/05/20240605220501983338_08b541ee-eb9f-11ee-8abd-bd300fe11e8a_pointData.csv	285091	6532f40769fa2f26c8893ed09841c43a-1	2024-06-06T00:00:18.000Z	GLOS	GLOS-08b541ee-eb9f-11ee-8abd-bd300fe11e8a	2024-06-03T22:55:28Z	2024-06-03T23:24:37Z	keep	unique_1e-6_lattice_submission
csb/csv/2024/06/05/20240605220502631325_08b541ee-eb9f-11ee-8abd-bd300fe11e8a_pointData.csv	285091	d16cbf5a6afe741e2317123f1b5f7e33-1	2024-06-06T00:00:18.000Z	GLOS	GLOS-08b541ee-eb9f-11ee-8abd-bd300fe11e8a	2024-06-03T22:55:28Z	2024-06-03T23:24:37Z	exclude	exact_reupload_of:20240605220501983338_08b541ee-eb9f-11ee-8abd-bd300fe11e8a_pointData.csv
csb/csv/2024/06/05/20240605220512766419_071ba46a-9793-4306-a970-8461bae10e77_pointData.csv	104514	0f8731816feed39fcb494c4dfa13353e-1	2024-06-06T00:00:18.000Z	Rosepoint	ROSEP-071ba46a-9793-4306-a970-8461bae10e77	2004-10-20T16:05:17Z	2004-10-20T21:55:34Z	keep	unique_1e-6_lattice_submission
csb/csv/2024/06/05/20240605220534062745_08b05f2b-eb9f-11ee-a43c-bd300fe11e8a_pointData.csv	226620	b00dc359b4e1219a441db420d0f85cab-1	2024-06-06T00:00:18.000Z	GLOS	GLOS-08b05f2b-eb9f-11ee-a43c-bd300fe11e8a	2024-05-17T22:58:35Z	2024-05-17T23:21:08Z	keep	unique_1e-6_lattice_submission
csb/csv/2024/06/05/20240605220534621750_08b05f2b-eb9f-11ee-a43c-bd300fe11e8a_pointData.csv	226620	8f3bdb2f9271f223189fd32bd3ae4418-1	2024-06-06T00:00:18.000Z	GLOS	GLOS-08b05f2b-eb9f-11ee-a43c-bd300fe11e8a	2024-05-17T22:58:35Z	2024-05-17T23:21:08Z	exclude	exact_reupload_of:20240605220534062745_08b05f2b-eb9f-11ee-a43c-bd300fe11e8a_pointData.csv
csb/csv/2024/06/05/20240605220548323618_08b541ee-eb9f-11ee-8abd-bd300fe11e8a_pointData.csv	290876	b8837f70dcb5398df193d04875381e48-1	2024-06-06T00:00:18.000Z	GLOS	GLOS-08b541ee-eb9f-11ee-8abd-bd300fe11e8a	2024-06-03T23:24:39Z	2024-06-03T23:54:12Z	keep	unique_1e-6_lattice_submission
csb/csv/2024/06/05/20240605220548910465_08b541ee-eb9f-11ee-8abd-bd300fe11e8a_pointData.csv	290876	3d615320a71f47f977745b247639c688-1	2024-06-06T00:00:19.000Z	GLOS	GLOS-08b541ee-eb9f-11ee-8abd-bd300fe11e8a	2024-06-03T23:24:39Z	2024-06-03T23:54:12Z	exclude	exact_reupload_of:20240605220548323618_08b541ee-eb9f-11ee-8abd-bd300fe11e8a_pointData.csv
csb/csv/2024/06/05/20240605220632991099_08b541ee-eb9f-11ee-8abd-bd300fe11e8a_pointData.csv	290252	1db36692d111e7eb3a63cec93108c880-1	2024-06-06T00:00:18.000Z	GLOS	GLOS-08b541ee-eb9f-11ee-8abd-bd300fe11e8a	2024-06-03T23:54:14Z	2024-06-04T00:23:39Z	keep	unique_1e-6_lattice_submission
csb/csv/2024/06/05/20240605220633593112_08b541ee-eb9f-11ee-8abd-bd300fe11e8a_pointData.csv	290252	d779a0bb5d1d426037ce2020ea960937-1	2024-06-06T00:00:20.000Z	GLOS	GLOS-08b541ee-eb9f-11ee-8abd-bd300fe11e8a	2024-06-03T23:54:14Z	2024-06-04T00:23:39Z	exclude	exact_reupload_of:20240605220632991099_08b541ee-eb9f-11ee-8abd-bd300fe11e8a_pointData.csv
csb/csv/2024/06/05/20240605220720386695_08b541ee-eb9f-11ee-8abd-bd300fe11e8a_pointData.csv	280939	3dde69cf68de6c83522c3053ee46af0a-1	2024-06-06T00:00:18.000Z	GLOS	GLOS-08b541ee-eb9f-11ee-8abd-bd300fe11e8a	2024-06-04T00:23:41Z	2024-06-04T00:52:13Z	keep	unique_1e-6_lattice_submission
csb/csv/2024/06/05/20240605220720939356_08b541ee-eb9f-11ee-8abd-bd300fe11e8a_pointData.csv	280939	06854b95a4caaacdde02c1da375806d8-1	2024-06-06T00:00:18.000Z	GLOS	GLOS-08b541ee-eb9f-11ee-8abd-bd300fe11e8a	2024-06-04T00:23:41Z	2024-06-04T00:52:13Z	exclude	exact_reupload_of:20240605220720386695_08b541ee-eb9f-11ee-8abd-bd300fe11e8a_pointData.csv
csb/csv/2024/06/05/20240605220824237593_08b541ee-eb9f-11ee-8abd-bd300fe11e8a_pointData.csv	283595	75d78ab1985345d45e28700a62f7889a-1	2024-06-06T00:00:18.000Z	GLOS	GLOS-08b541ee-eb9f-11ee-8abd-bd300fe11e8a	2024-06-04T00:52:16Z	2024-06-04T01:21:04Z	keep	unique_1e-6_lattice_submission
csb/csv/2024/06/05/20240605220824844012_08b541ee-eb9f-11ee-8abd-bd300fe11e8a_pointData.csv	283595	108a55a2006b2815bdba2c76bb7349be-1	2024-06-06T00:00:18.000Z	GLOS	GLOS-08b541ee-eb9f-11ee-8abd-bd300fe11e8a	2024-06-04T00:52:16Z	2024-06-04T01:21:04Z	exclude	exact_reupload_of:20240605220824237593_08b541ee-eb9f-11ee-8abd-bd300fe11e8a_pointData.csv
csb/csv/2024/06/05/20240605220835711896_08b541ee-eb9f-11ee-8abd-bd300fe11e8a_pointData.csv	9203	312172e795a09423235d49ec44b1233b-1	2024-06-06T00:00:19.000Z	GLOS	GLOS-08b541ee-eb9f-11ee-8abd-bd300fe11e8a	2024-06-05T22:05:44Z	2024-06-05T22:06:50Z	keep	unique_1e-6_lattice_submission
csb/csv/2024/06/05/20240605220836079845_08b541ee-eb9f-11ee-8abd-bd300fe11e8a_pointData.csv	9203	e9e0c852ff546f3f0a7636549e1027d3-1	2024-06-06T00:00:20.000Z	GLOS	GLOS-08b541ee-eb9f-11ee-8abd-bd300fe11e8a	2024-06-05T22:05:44Z	2024-06-05T22:06:50Z	exclude	exact_reupload_of:20240605220835711896_08b541ee-eb9f-11ee-8abd-bd300fe11e8a_pointData.csv
csb/csv/2024/06/05/20240605220850383340_834f85c2-0999-11eb-a100-98be942a5b5a_pointData.csv	188200	39f30ca9d35abf52a8cbb1b6fc751161-1	2024-06-06T00:00:22.000Z	PGS	PGS-834f85c2-0999-11eb-a100-98be942a5b5a	2024-06-05T20:00:02Z	2024-06-05T20:59:59Z	exclude	provider_mixed_1e-4_and_1e-6_lattice
csb/csv/2024/06/05/20240605220859769130_08b541ee-eb9f-11ee-8abd-bd300fe11e8a_pointData.csv	217605	90aa67fe027e68fcd4ca57521d58e3aa-1	2024-06-06T00:00:21.000Z	GLOS	GLOS-08b541ee-eb9f-11ee-8abd-bd300fe11e8a	2024-06-04T01:21:06Z	2024-06-04T01:44:17Z	keep	unique_1e-6_lattice_submission
csb/csv/2024/06/05/20240605220900225113_08b541ee-eb9f-11ee-8abd-bd300fe11e8a_pointData.csv	217605	0f69de01ac05ffd4b350960af677e249-1	2024-06-06T00:00:19.000Z	GLOS	GLOS-08b541ee-eb9f-11ee-8abd-bd300fe11e8a	2024-06-04T01:21:06Z	2024-06-04T01:44:17Z	exclude	exact_reupload_of:20240605220859769130_08b541ee-eb9f-11ee-8abd-bd300fe11e8a_pointData.csv
csb/csv/2024/06/05/20240605221024266691_08b05f2b-eb9f-11ee-a43c-bd300fe11e8a_pointData.csv	186650	dbc7fcf4dacd427c1a77e3b83a21ee30-1	2024-06-06T00:00:19.000Z	GLOS	GLOS-08b05f2b-eb9f-11ee-a43c-bd300fe11e8a	2024-05-17T23:21:10Z	2024-05-17T23:40:22Z	keep	unique_1e-6_lattice_submission
csb/csv/2024/06/05/20240605221024743388_08b05f2b-eb9f-11ee-a43c-bd300fe11e8a_pointData.csv	186650	2acdf1288e1ba01e24d33bb4603cc908-1	2024-06-06T00:00:20.000Z	GLOS	GLOS-08b05f2b-eb9f-11ee-a43c-bd300fe11e8a	2024-05-17T23:21:10Z	2024-05-17T23:40:22Z	exclude	exact_reupload_of:20240605221024266691_08b05f2b-eb9f-11ee-a43c-bd300fe11e8a_pointData.csv
csb/csv/2024/06/05/20240605222257218610_4606e387-998b-46fb-b5a6-02c7eafa03da_pointData.csv	3327929	e7b760f5f89b61cfeaebc69305c45ec8-1	2024-06-06T00:00:19.000Z	Rosepoint	ROSEP-4606e387-998b-46fb-b5a6-02c7eafa03da	2004-10-20T16:21:30Z	2004-10-20T22:22:51Z	keep	unique_1e-6_lattice_submission
csb/csv/2024/06/05/20240605224433827814_ec72276e-3e2b-4d56-82bb-111fc86cbd77_pointData.csv	190863	aa39062a12a603b627c942f85890b445-1	2024-06-06T00:00:20.000Z	PGS	PGS-ec72276e-3e2b-4d56-82bb-111fc86cbd77	2024-06-05T20:00:01Z	2024-06-05T20:59:58Z	exclude	provider_mixed_1e-4_and_1e-6_lattice
csb/csv/2024/06/05/20240605224634604956_08b541ee-eb9f-11ee-8abd-bd300fe11e8a_pointData.csv	362703	b1cde21ee2e593659daba15ffdf49e8f-1	2024-06-06T00:00:20.000Z	GLOS	GLOS-08b541ee-eb9f-11ee-8abd-bd300fe11e8a	2024-06-05T22:06:57Z	2024-06-05T22:44:33Z	keep	unique_1e-6_lattice_submission
csb/csv/2024/06/05/20240605224635210392_08b541ee-eb9f-11ee-8abd-bd300fe11e8a_pointData.csv	362703	fc6718c35e2765e64221346ccdc50920-1	2024-06-06T00:00:23.000Z	GLOS	GLOS-08b541ee-eb9f-11ee-8abd-bd300fe11e8a	2024-06-05T22:06:57Z	2024-06-05T22:44:33Z	exclude	exact_reupload_of:20240605224634604956_08b541ee-eb9f-11ee-8abd-bd300fe11e8a_pointData.csv
csb/csv/2024/06/05/20240605224815491639_3b0c5ff2-0998-11eb-8eb6-98be942a5b5a_pointData.csv	201174	a671de49bd8400229bcbc13ab97264f6-1	2024-06-06T00:00:21.000Z	PGS	PGS-3b0c5ff2-0998-11eb-8eb6-98be942a5b5a	2024-06-05T20:00:00Z	2024-06-05T20:59:57Z	exclude	provider_mixed_1e-4_and_1e-6_lattice
csb/csv/2024/06/05/20240605224849182556_f7904f6e-9198-4732-ad84-25948b446b65_pointData.csv	61658	18ab10519e984b92e2b689086fffb0b7-1	2024-06-06T00:00:20.000Z	Rosepoint	ROSEP-f7904f6e-9198-4732-ad84-25948b446b65	2004-10-20T16:48:31Z	2004-10-20T22:48:43Z	keep	unique_1e-6_lattice_submission
csb/csv/2024/06/05/20240605225231199591_8250175b-3c29-4906-8437-5106955c99c6_pointData.csv	61667	f14450bbcae5c92234873e9edf7cf2db-1	2024-06-06T00:00:20.000Z	Rosepoint	ROSEP-8250175b-3c29-4906-8437-5106955c99c6	2024-06-05T16:51:15Z	2024-06-05T22:51:43Z	keep	unique_1e-6_lattice_submission
csb/csv/2024/06/05/20240605225335031923_62641c86-2ffe-4cee-b9c0-7ee36c1ad599_pointData.csv	3452416	99258d1373aa2b20ee9b5422ba7d334d-1	2024-06-06T00:00:21.000Z	Rosepoint	ROSEP-62641c86-2ffe-4cee-b9c0-7ee36c1ad599	2024-06-05T16:49:22Z	2024-06-05T22:53:27Z	keep	unique_1e-6_lattice_submission
csb/csv/2024/06/05/20240605231812880206_834f85c2-0999-11eb-a100-98be942a5b5a_pointData.csv	188195	56fb7752ae4c8b5ca9372c14647464cf-1	2024-06-06T00:00:20.000Z	PGS	PGS-834f85c2-0999-11eb-a100-98be942a5b5a	2024-06-05T21:00:02Z	2024-06-05T21:59:59Z	exclude	provider_mixed_1e-4_and_1e-6_lattice
csb/csv/2024/06/05/20240605232011103962_d6eb7b6d-04dc-4872-ba51-c3b4ce006807_pointData.csv	872309	45a62333e73745e01e830abbc5b13328-1	2024-06-06T00:00:21.000Z	FarSounder	FARSND-d6eb7b6d-04dc-4872-ba51-c3b4ce006807	2024-06-05T10:38:46.684Z	2024-06-05T16:09:48.800Z	exclude	provider_rolling_overlapping_resubmissions
csb/csv/2024/06/05/20240605233012726527_a0c5f5d4-2c89-4dc6-b6e8-695d93ab03b7_pointData.csv	37626	9643ad10f73b1c91d6343f87e0448762-1	2024-06-06T00:00:21.000Z	Rosepoint	ROSEP-a0c5f5d4-2c89-4dc6-b6e8-695d93ab03b7	2024-06-05T19:48:20Z	2024-06-05T23:29:50Z	keep	unique_1e-6_lattice_submission
csb/csv/2024/06/05/20240605235202701140_ec72276e-3e2b-4d56-82bb-111fc86cbd77_pointData.csv	190863	fa1680be650e50b33333aaefa964208e-1	2024-06-06T00:00:23.000Z	PGS	PGS-ec72276e-3e2b-4d56-82bb-111fc86cbd77	2024-06-05T21:00:01Z	2024-06-05T21:59:58Z	exclude	provider_mixed_1e-4_and_1e-6_lattice
csb/csv/2024/06/06/20240606000017471884_ChapterFour_pointData.csv	71276	f8c8572f9d02f846cab52154ae2a2ee7-1	2024-06-06T06:00:10.000Z	AquaMap	AQM-ChapterFour	2024-06-05T15:20:00Z	2024-06-05T15:30:32Z	exclude	provider_off_lattice_float_repr
csb/csv/2024/06/06/20240606000049138297_f73d4b8d-97c0-48ab-9200-c313709c76d0_pointData.csv	61241	ba3b7b2c73286a4c2a7b017fcc4f5bbd-1	2024-06-06T06:00:10.000Z	Rosepoint	ROSEP-f73d4b8d-97c0-48ab-9200-c313709c76d0	2024-06-05T18:00:25Z	2024-06-06T00:00:19Z	keep	unique_1e-6_lattice_submission
csb/csv/2024/06/06/20240606000117662220_ChapterFour_pointData.csv	702366	59955f7bb257a0ded9e07c2269742954-1	2024-06-06T06:00:10.000Z	AquaMap	AQM-ChapterFour	2024-06-05T20:09:18Z	2024-06-05T22:08:29Z	exclude	provider_off_lattice_float_repr
csb/csv/2024/06/06/20240606000132910917_ChapterFour_pointData.csv	166456	6d1058feec01c9b33db61f17f2d198cd-1	2024-06-06T06:00:10.000Z	AquaMap	AQM-ChapterFour	2024-06-05T12:10:30Z	2024-06-05T12:33:33Z	exclude	provider_off_lattice_float_repr
csb/csv/2024/06/06/20240606000155269945_ChapterFour_pointData.csv	416356	0f196de8ebbb7b409418b0c0789fa1ec-1	2024-06-06T06:00:10.000Z	AquaMap	AQM-ChapterFour	2024-06-05T17:16:20Z	2024-06-05T18:28:06Z	exclude	provider_off_lattice_float_repr
csb/csv/2024/06/06/20240606000222203966_3b0c5ff2-0998-11eb-8eb6-98be942a5b5a_pointData.csv	190913	bdb4da84c44f5a3147765c3d281e65d9-1	2024-06-06T06:00:10.000Z	PGS	PGS-3b0c5ff2-0998-11eb-8eb6-98be942a5b5a	2024-06-05T21:00:00Z	2024-06-05T21:59:57Z	exclude	provider_mixed_1e-4_and_1e-6_lattice
csb/csv/2024/06/06/20240606000355838770_6436aa4a-fdc1-11ee-bb46-7729efb26c37_pointData.csv	672636	d549f26ddc024b6f08adfd62b4c7049c-1	2024-06-06T06:00:10.000Z	COMIT USF	COMITUSF-6436aa4a-fdc1-11ee-bb46-7729efb26c37	2024-06-05T22:57:02Z	2024-06-05T23:59:10Z	keep	unique_1e-6_lattice_submission
csb/csv/2024/06/06/20240606000356846833_6436aa4a-fdc1-11ee-bb46-7729efb26c37_pointData.csv	672636	55a22ecc3f42461fb2fe2dd9c0576771-1	2024-06-06T06:00:10.000Z	COMIT USF	COMITUSF-6436aa4a-fdc1-11ee-bb46-7729efb26c37	2024-06-05T22:57:02Z	2024-06-05T23:59:10Z	exclude	exact_reupload_of:20240606000355838770_6436aa4a-fdc1-11ee-bb46-7729efb26c37_pointData.csv
csb/csv/2024/06/06/20240606002039648394_834f85c2-0999-11eb-a100-98be942a5b5a_pointData.csv	188234	a7a43a94d93caa5321a819526e8f31ad-1	2024-06-06T06:00:11.000Z	PGS	PGS-834f85c2-0999-11eb-a100-98be942a5b5a	2024-06-05T22:00:02Z	2024-06-05T22:59:59Z	exclude	provider_mixed_1e-4_and_1e-6_lattice
csb/csv/2024/06/06/20240606002830452708_cdd0edb8-c483-4c48-be4d-93f29dcbc26c_pointData.csv	791758	d8c53031079b1d5ee001a4b86241ceca-1	2024-06-06T06:00:11.000Z	Rosepoint	ROSEP-cdd0edb8-c483-4c48-be4d-93f29dcbc26c	2024-06-05T18:27:05Z	2024-06-06T00:28:27Z	keep	unique_1e-6_lattice_submission
csb/csv/2024/06/06/20240606003605141596_70946e11-d3aa-412d-8427-c23af3e246e3_pointData.csv	941725	6081787570b9ac5ef1dfb34c692e854c-1	2024-06-06T06:00:11.000Z	Rosepoint	ROSEP-70946e11-d3aa-412d-8427-c23af3e246e3	2024-06-05T18:34:56Z	2024-06-06T00:36:01Z	keep	unique_1e-6_lattice_submission
csb/csv/2024/06/06/20240606004011695792_d6eb7b6d-04dc-4872-ba51-c3b4ce006807_pointData.csv	872749	7604627f7d71c913aa007e9966f036d4-1	2024-06-06T06:00:11.000Z	FarSounder	FARSND-d6eb7b6d-04dc-4872-ba51-c3b4ce006807	2024-06-05T11:23:11.993Z	2024-06-05T17:33:06.790Z	exclude	provider_rolling_overlapping_resubmissions
csb/csv/2024/06/06/20240606004129830792_0dc4d7c1-f541-476d-a76b-72fb09ad1bd2_pointData.csv	62894	335a19fbb7f753ff8680c50b3bf5d888-1	2024-06-06T06:00:11.000Z	Rosepoint	ROSEP-0dc4d7c1-f541-476d-a76b-72fb09ad1bd2	2024-06-05T18:40:41Z	2024-06-06T00:40:52Z	keep	unique_1e-6_lattice_submission
csb/csv/2024/06/06/20240606005339021250_ec72276e-3e2b-4d56-82bb-111fc86cbd77_pointData.csv	190863	10b80e5f255ae2f8692d6e28b8b2303e-1	2024-06-06T06:00:11.000Z	PGS	PGS-ec72276e-3e2b-4d56-82bb-111fc86cbd77	2024-06-05T22:00:01Z	2024-06-05T22:59:59Z	exclude	provider_mixed_1e-4_and_1e-6_lattice
csb/csv/2024/06/06/20240606005912437677_4411b9ca-6b0e-47d2-a6be-36e60a3b577a_pointData.csv	1103373	ad89a4053bdcc470ef5df66be5f2c7eb-1	2024-06-06T06:00:11.000Z	Rosepoint	ROSEP-4411b9ca-6b0e-47d2-a6be-36e60a3b577a	2024-06-05T18:58:27Z	2024-06-06T00:58:27Z	keep	unique_1e-6_lattice_submission
csb/csv/2024/06/06/20240606010139353288_6436aa4a-fdc1-11ee-bb46-7729efb26c37_pointData.csv	631482	aff35ed8ceabeaf79a1ef0ce324a23d8-1	2024-06-06T06:00:11.000Z	COMIT USF	COMITUSF-6436aa4a-fdc1-11ee-bb46-7729efb26c37	2024-06-05T23:59:13Z	2024-06-06T00:57:36Z	keep	unique_1e-6_lattice_submission
csb/csv/2024/06/06/20240606010140295500_6436aa4a-fdc1-11ee-bb46-7729efb26c37_pointData.csv	631482	5872feb1f3b0f2f592fc40bee7999ab8-1	2024-06-06T06:00:11.000Z	COMIT USF	COMITUSF-6436aa4a-fdc1-11ee-bb46-7729efb26c37	2024-06-05T23:59:13Z	2024-06-06T00:57:36Z	exclude	exact_reupload_of:20240606010139353288_6436aa4a-fdc1-11ee-bb46-7729efb26c37_pointData.csv
csb/csv/2024/06/06/20240606010142771061_3b0c5ff2-0998-11eb-8eb6-98be942a5b5a_pointData.csv	151217	aadf97a9d9a1aee0370682a677095180-1	2024-06-06T06:00:11.000Z	PGS	PGS-3b0c5ff2-0998-11eb-8eb6-98be942a5b5a	2024-06-05T22:00:00Z	2024-06-05T22:59:57Z	exclude	provider_mixed_1e-4_and_1e-6_lattice
csb/csv/2024/06/06/20240606010320977718_08b541ee-eb9f-11ee-8abd-bd300fe11e8a_pointData.csv	309421	a8041345ad0dd2ef79a814ce68d04cb7-1	2024-06-06T06:00:12.000Z	GLOS	GLOS-08b541ee-eb9f-11ee-8abd-bd300fe11e8a	2024-06-05T23:21:26Z	2024-06-05T23:53:36Z	keep	unique_1e-6_lattice_submission
csb/csv/2024/06/06/20240606010321810320_08b541ee-eb9f-11ee-8abd-bd300fe11e8a_pointData.csv	309421	e9872734d6bdc026d58ba3bc12ba031b-1	2024-06-06T06:00:11.000Z	GLOS	GLOS-08b541ee-eb9f-11ee-8abd-bd300fe11e8a	2024-06-05T23:21:26Z	2024-06-05T23:53:36Z	exclude	exact_reupload_of:20240606010320977718_08b541ee-eb9f-11ee-8abd-bd300fe11e8a_pointData.csv
csb/csv/2024/06/06/20240606010535748864_08b541ee-eb9f-11ee-8abd-bd300fe11e8a_pointData.csv	297505	1cd6fba6a3951f32379ec25e82e2d5ea-1	2024-06-06T06:00:11.000Z	GLOS	GLOS-08b541ee-eb9f-11ee-8abd-bd300fe11e8a	2024-06-05T23:53:40Z	2024-06-06T00:24:11Z	keep	unique_1e-6_lattice_submission
csb/csv/2024/06/06/20240606010536473323_08b541ee-eb9f-11ee-8abd-bd300fe11e8a_pointData.csv	297505	b617e1af7ecd0eccb120c482dcf1aa6e-1	2024-06-06T06:00:11.000Z	GLOS	GLOS-08b541ee-eb9f-11ee-8abd-bd300fe11e8a	2024-06-05T23:53:40Z	2024-06-06T00:24:11Z	exclude	exact_reupload_of:20240606010535748864_08b541ee-eb9f-11ee-8abd-bd300fe11e8a_pointData.csv
csb/csv/2024/06/06/20240606010602313352_e150d9fe-d3d7-4d47-ba18-f82688e01b85_pointData.csv	60689	a71dfe6133fccf624f533110cb45edbb-1	2024-06-06T06:00:12.000Z	Rosepoint	ROSEP-e150d9fe-d3d7-4d47-ba18-f82688e01b85	2024-06-05T19:01:37Z	2024-06-06T01:05:54Z	keep	unique_1e-6_lattice_submission
csb/csv/2024/06/06/20240606010629346885_08b541ee-eb9f-11ee-8abd-bd300fe11e8a_pointData.csv	312790	ea5613a63ae98e82b00fb2fd03ae1fca-1	2024-06-06T06:00:12.000Z	GLOS	GLOS-08b541ee-eb9f-11ee-8abd-bd300fe11e8a	2024-06-06T00:24:13Z	2024-06-06T00:55:59Z	keep	unique_1e-6_lattice_submission
csb/csv/2024/06/06/20240606010630025397_08b541ee-eb9f-11ee-8abd-bd300fe11e8a_pointData.csv	312790	5e2a704f0780601311fcc1bca29571fc-1	2024-06-06T06:00:12.000Z	GLOS	GLOS-08b541ee-eb9f-11ee-8abd-bd300fe11e8a	2024-06-06T00:24:13Z	2024-06-06T00:55:59Z	exclude	exact_reupload_of:20240606010629346885_08b541ee-eb9f-11ee-8abd-bd300fe11e8a_pointData.csv
csb/csv/2024/06/06/20240606011036492920_08b541ee-eb9f-11ee-8abd-bd300fe11e8a_pointData.csv	124477	4fcb0857ae254c98fb407031bdf99694-1	2024-06-06T06:00:12.000Z	GLOS	GLOS-08b541ee-eb9f-11ee-8abd-bd300fe11e8a	2024-06-06T00:56:01Z	2024-06-06T01:09:42Z	keep	unique_1e-6_lattice_submission
csb/csv/2024/06/06/20240606011037158907_08b541ee-eb9f-11ee-8abd-bd300fe11e8a_pointData.csv	124477	a9d7e23e1af8ddcab209964a5394e749-1	2024-06-06T06:00:12.000Z	GLOS	GLOS-08b541ee-eb9f-11ee-8abd-bd300fe11e8a	2024-06-06T00:56:01Z	2024-06-06T01:09:42Z	exclude	exact_reupload_of:20240606011036492920_08b541ee-eb9f-11ee-8abd-bd300fe11e8a_pointData.csv
csb/csv/2024/06/06/20240606011618009112_48e8b019-4141-4a35-bd63-b3be3e30b183_pointData.csv	653592	1976b91f71907c11fc0bef9fe69c5d4d-1	2024-06-06T06:00:12.000Z	Rosepoint	ROSEP-48e8b019-4141-4a35-bd63-b3be3e30b183	2024-06-05T19:15:13Z	2024-06-06T01:16:15Z	keep	unique_1e-6_lattice_submission
csb/csv/2024/06/06/20240606011729138357_672e2884-f0ed-44dc-b9bb-56d79261e4f1_pointData.csv	505268	14ad9e9991ab1e6dd129c7ced42a471a-1	2024-06-06T06:00:12.000Z	Rosepoint	ROSEP-672e2884-f0ed-44dc-b9bb-56d79261e4f1	2024-06-05T19:15:40Z	2024-06-06T01:17:15Z	keep	unique_1e-6_lattice_submission
csb/csv/2024/06/06/20240606011839974734_834f85c2-0999-11eb-a100-98be942a5b5a_pointData.csv	188213	e1215c6afca5754bab13685f1ea864a6-1	2024-06-06T06:00:12.000Z	PGS	PGS-834f85c2-0999-11eb-a100-98be942a5b5a	2024-06-05T23:00:02Z	2024-06-05T23:59:59Z	exclude	provider_mixed_1e-4_and_1e-6_lattice
csb/csv/2024/06/06/20240606012756854155_56f26f84-bafc-4b36-8454-b8546bddcf1d_pointData.csv	168024	0f4585018f1dd7012e29c776b4acc240-1	2024-06-06T06:00:12.000Z	Rosepoint	ROSEP-56f26f84-bafc-4b36-8454-b8546bddcf1d	2004-10-20T19:26:22Z	2004-10-21T01:27:38Z	keep	unique_1e-6_lattice_submission
csb/csv/2024/06/06/20240606014649142974_b46dfd84-2ce8-4a25-a16b-4af10b8eb60e_pointData.csv	1023352	b68a88396e4b7cd0fac0fda54ee0bedc-1	2024-06-06T06:00:12.000Z	Rosepoint	ROSEP-b46dfd84-2ce8-4a25-a16b-4af10b8eb60e	2024-06-05T19:31:06Z	2024-06-06T01:46:45Z	keep	unique_1e-6_lattice_submission
csb/csv/2024/06/06/20240606015228649848_ec72276e-3e2b-4d56-82bb-111fc86cbd77_pointData.csv	190863	46ed46dddb662dcef7082df5dff61652-1	2024-06-06T06:00:12.000Z	PGS	PGS-ec72276e-3e2b-4d56-82bb-111fc86cbd77	2024-06-05T23:00:02Z	2024-06-05T23:59:59Z	exclude	provider_mixed_1e-4_and_1e-6_lattice
csb/csv/2024/06/06/20240606015551121963_251e0ec1-5645-476e-8563-9f34939f5d72_pointData.csv	248327	bc6df458cf9025bb4920cf52745c534c-1	2024-06-06T06:00:12.000Z	Rosepoint	ROSEP-251e0ec1-5645-476e-8563-9f34939f5d72	2024-06-05T19:55:03Z	2024-06-06T01:54:56Z	keep	unique_1e-6_lattice_submission
csb/csv/2024/06/06/20240606015739766347_3b0c5ff2-0998-11eb-8eb6-98be942a5b5a_pointData.csv	153594	b20a7c5cdb8e68256cfa8c93146fb031-1	2024-06-06T06:00:13.000Z	PGS	PGS-3b0c5ff2-0998-11eb-8eb6-98be942a5b5a	2024-06-05T23:00:00Z	2024-06-05T23:59:57Z	exclude	provider_mixed_1e-4_and_1e-6_lattice
csb/csv/2024/06/06/20240606020011302362_d6eb7b6d-04dc-4872-ba51-c3b4ce006807_pointData.csv	873372	076ef55376b8f0d94cd3cc1dea94cab5-1	2024-06-06T06:00:13.000Z	FarSounder	FARSND-d6eb7b6d-04dc-4872-ba51-c3b4ce006807	2024-06-05T16:50:31.184Z	2024-06-05T18:56:27.753Z	exclude	provider_rolling_overlapping_resubmissions
csb/csv/2024/06/06/20240606020036150928_ChapterFour_pointData.csv	65529	2e391d6439d4b17149dac23c9db7999d-1	2024-06-06T06:00:12.000Z	AquaMap	AQM-ChapterFour	2024-06-05T14:05:00Z	2024-06-05T14:14:38Z	exclude	provider_off_lattice_float_repr
csb/csv/2024/06/06/20240606020126171900_ChapterFour_pointData.csv	560217	c1a4dc7060e0ba752626f8de642271d0-1	2024-06-06T06:00:13.000Z	AquaMap	AQM-ChapterFour	2024-06-05T18:30:53Z	2024-06-05T20:00:34Z	exclude	provider_off_lattice_float_repr
csb/csv/2024/06/06/20240606020135506972_ChapterFour_pointData.csv	93968	8b45b4d0c34d61aedf56025637065a58-1	2024-06-06T06:00:13.000Z	AquaMap	AQM-ChapterFour	2024-06-05T14:39:38Z	2024-06-05T14:53:47Z	exclude	provider_off_lattice_float_repr
csb/csv/2024/06/06/20240606020138077874_MarvinsDog_pointData.csv	153142	14f7f60d6e61e7d50d6934cf10aeced0-1	2024-06-06T06:00:13.000Z	AquaMap	AQM-MarvinsDog	2024-06-05T19:37:43Z	2024-06-05T20:07:09Z	exclude	provider_off_lattice_float_repr
csb/csv/2024/06/06/20240606020221451730_6436aa4a-fdc1-11ee-bb46-7729efb26c37_pointData.csv	544835	de30258af49e904a87a91bb37011c302-1	2024-06-06T06:00:13.000Z	COMIT USF	COMITUSF-6436aa4a-fdc1-11ee-bb46-7729efb26c37	2024-06-06T00:57:38Z	2024-06-06T01:48:08Z	keep	unique_1e-6_lattice_submission
csb/csv/2024/06/06/20240606020222400251_6436aa4a-fdc1-11ee-bb46-7729efb26c37_pointData.csv	544835	9f36a5a3f28c13f2f2dbc68cf08f5c9d-1	2024-06-06T06:00:13.000Z	COMIT USF	COMITUSF-6436aa4a-fdc1-11ee-bb46-7729efb26c37	2024-06-06T00:57:38Z	2024-06-06T01:48:08Z	exclude	exact_reupload_of:20240606020221451730_6436aa4a-fdc1-11ee-bb46-7729efb26c37_pointData.csv
csb/csv/2024/06/06/20240606021108438301_a0c5f5d4-2c89-4dc6-b6e8-695d93ab03b7_pointData.csv	9629	497440d51315929af558929ed63cdf64-1	2024-06-06T06:00:13.000Z	Rosepoint	ROSEP-a0c5f5d4-2c89-4dc6-b6e8-695d93ab03b7	2024-06-05T23:30:08Z	2024-06-06T00:25:52Z	keep	unique_1e-6_lattice_submission
csb/csv/2024/06/06/20240606021838870182_834f85c2-0999-11eb-a100-98be942a5b5a_pointData.csv	188085	1e3e142a4c217297e3b51cbf560b0892-1	2024-06-06T06:00:13.000Z	PGS	PGS-834f85c2-0999-11eb-a100-98be942a5b5a	2024-06-06T00:00:02Z	2024-06-06T00:59:59Z	exclude	provider_mixed_1e-4_and_1e-6_lattice
csb/csv/2024/06/06/20240606023714067654_cb1bbd67-78e2-4b5f-97e4-4ab1661c7454_pointData.csv	801008	ec74ab49e7693b75c7f3345ecb3944eb-1	2024-06-06T06:00:13.000Z	Rosepoint	ROSEP-cb1bbd67-78e2-4b5f-97e4-4ab1661c7454	2024-06-05T08:29:08Z	2024-06-06T02:36:59Z	keep	unique_1e-6_lattice_submission
csb/csv/2024/06/06/20240606024744956980_ec72276e-3e2b-4d56-82bb-111fc86cbd77_pointData.csv	190863	1a440ac8a8eb33d539b129cc29f0c529-1	2024-06-06T06:00:13.000Z	PGS	PGS-ec72276e-3e2b-4d56-82bb-111fc86cbd77	2024-06-06T00:00:02Z	2024-06-06T00:59:59Z	exclude	provider_mixed_1e-4_and_1e-6_lattice
csb/csv/2024/06/06/20240606025404171512_4f651d43-9a33-452c-9299-6ab08ed9d831_pointData.csv	62065	a17f896d6eaf0eb15c53e16dce22c85d-1	2024-06-06T06:00:13.000Z	Rosepoint	ROSEP-4f651d43-9a33-452c-9299-6ab08ed9d831	2024-06-05T20:53:08Z	2024-06-06T02:53:17Z	keep	unique_1e-6_lattice_submission
csb/csv/2024/06/06/20240606030102453481_3b0c5ff2-0998-11eb-8eb6-98be942a5b5a_pointData.csv	185295	0a284a122e3c869dc03b5ff6d8955fd4-1	2024-06-06T06:00:14.000Z	PGS	PGS-3b0c5ff2-0998-11eb-8eb6-98be942a5b5a	2024-06-06T00:00:00Z	2024-06-06T00:59:57Z	exclude	provider_mixed_1e-4_and_1e-6_lattice
csb/csv/2024/06/06/20240606031304762576_414fef65-1bd7-4b7c-a601-f46e61ab0f8d_pointData.csv	3003054	1a6969d97dfaeb15c235362d6b316ffd-1	2024-06-06T06:00:14.000Z	Rosepoint	ROSEP-414fef65-1bd7-4b7c-a601-f46e61ab0f8d	2024-06-05T21:11:49Z	2024-06-06T03:13:02Z	keep	unique_1e-6_lattice_submission
csb/csv/2024/06/06/20240606031626922692_834f85c2-0999-11eb-a100-98be942a5b5a_pointData.csv	188210	e2d943a407e12ebefe5cda27e3b19b57-1	2024-06-06T06:00:13.000Z	PGS	PGS-834f85c2-0999-11eb-a100-98be942a5b5a	2024-06-06T01:00:02Z	2024-06-06T01:59:59Z	exclude	provider_mixed_1e-4_and_1e-6_lattice
csb/csv/2024/06/06/20240606033011339962_d6eb7b6d-04dc-4872-ba51-c3b4ce006807_pointData.csv	873101	cc31b13c29ed07e3e68c111822e62ed6-1	2024-06-06T06:00:14.000Z	FarSounder	FARSND-d6eb7b6d-04dc-4872-ba51-c3b4ce006807	2024-06-05T16:50:31.184Z	2024-06-05T20:19:47.844Z	exclude	provider_rolling_overlapping_resubmissions
csb/csv/2024/06/06/20240606034429830692_e557a017-0c75-4365-808a-680673bbb79e_pointData.csv	45022	559d049aafbc29036d88b684a68029e5-1	2024-06-06T06:00:14.000Z	Rosepoint	ROSEP-e557a017-0c75-4365-808a-680673bbb79e	2024-06-05T21:41:55Z	2024-06-06T03:43:34Z	keep	unique_1e-6_lattice_submission
csb/csv/2024/06/06/20240606034603768448_ec72276e-3e2b-4d56-82bb-111fc86cbd77_pointData.csv	190863	899d0341cd62e46f2e8890963786fb52-1	2024-06-06T06:00:14.000Z	PGS	PGS-ec72276e-3e2b-4d56-82bb-111fc86cbd77	2024-06-06T01:00:02Z	2024-06-06T01:59:59Z	exclude	provider_mixed_1e-4_and_1e-6_lattice
csb/csv/2024/06/06/20240606034900227255_c397eae3-6787-4d49-abbe-1de3758956f5_pointData.csv	1094606	ddc354d21a1f12a6960d8d3544e239b2-1	2024-06-06T06:00:14.000Z	Rosepoint	ROSEP-c397eae3-6787-4d49-abbe-1de3758956f5	2024-06-05T21:49:04Z	2024-06-06T03:48:58Z	keep	unique_1e-6_lattice_submission
csb/csv/2024/06/06/20240606035236360319_398c56de-e541-4380-9ee4-589ec53f46f6_pointData.csv	1096258	befe3e1615524601239fa4a27e0b1dd6-1	2024-06-06T06:00:14.000Z	Rosepoint	ROSEP-398c56de-e541-4380-9ee4-589ec53f46f6	2024-06-05T21:50:56Z	2024-06-06T03:51:54Z	keep	unique_1e-6_lattice_submission
csb/csv/2024/06/06/20240606035613603709_c21bff07-b678-4dfb-ab54-a111660d6cfa_pointData.csv	1761153	af8335dc7f4b646a8461c9ba1f290f04-1	2024-06-06T06:00:15.000Z	Rosepoint	ROSEP-c21bff07-b678-4dfb-ab54-a111660d6cfa	2024-06-05T21:54:14Z	2024-06-06T03:56:10Z	keep	unique_1e-6_lattice_submission
csb/csv/2024/06/06/20240606035613918084_3b0c5ff2-0998-11eb-8eb6-98be942a5b5a_pointData.csv	197108	4fb243a359318d20ae5d4743515b9e0d-1	2024-06-06T06:00:14.000Z	PGS	PGS-3b0c5ff2-0998-11eb-8eb6-98be942a5b5a	2024-06-06T01:00:00Z	2024-06-06T01:59:57Z	exclude	provider_mixed_1e-4_and_1e-6_lattice
csb/csv/2024/06/06/20240606040240756992_373e61a4-5650-43be-800f-e6197634cf6f_pointData.csv	3527344	b5b585f3a2cda4e2d916ef3901f89be2-1	2024-06-06T06:00:14.000Z	Rosepoint	ROSEP-373e61a4-5650-43be-800f-e6197634cf6f	2024-06-05T22:01:19Z	2024-06-06T04:02:30Z	keep	unique_1e-6_lattice_submission
csb/csv/2024/06/06/20240606040606479977_071ba46a-9793-4306-a970-8461bae10e77_pointData.csv	278911	9b1ee8149860e81c6d186b7d15783525-1	2024-06-06T06:00:15.000Z	Rosepoint	ROSEP-071ba46a-9793-4306-a970-8461bae10e77	2004-10-20T22:12:57Z	2004-10-21T04:05:48Z	keep	unique_1e-6_lattice_submission
csb/csv/2024/06/06/20240606041600197248_834f85c2-0999-11eb-a100-98be942a5b5a_pointData.csv	188033	cc8b090b2b632482b2b2c970d5091563-1	2024-06-06T06:00:15.000Z	PGS	PGS-834f85c2-0999-11eb-a100-98be942a5b5a	2024-06-06T02:00:02Z	2024-06-06T02:59:57Z	exclude	provider_mixed_1e-4_and_1e-6_lattice
csb/csv/2024/06/06/20240606042412238363_4606e387-998b-46fb-b5a6-02c7eafa03da_pointData.csv	3414232	73b93eab487da8d50d0824980d64da23-1	2024-06-06T06:00:14.000Z	Rosepoint	ROSEP-4606e387-998b-46fb-b5a6-02c7eafa03da	2004-10-20T22:22:52Z	2004-10-21T04:24:05Z	keep	unique_1e-6_lattice_submission
csb/csv/2024/06/06/20240606044651692291_ec72276e-3e2b-4d56-82bb-111fc86cbd77_pointData.csv	190863	58582a9cf27ab6f371c2f0afa90559d1-1	2024-06-06T06:00:15.000Z	PGS	PGS-ec72276e-3e2b-4d56-82bb-111fc86cbd77	2024-06-06T02:00:02Z	2024-06-06T02:59:59Z	exclude	provider_mixed_1e-4_and_1e-6_lattice
csb/csv/2024/06/06/20240606044908965117_f7904f6e-9198-4732-ad84-25948b446b65_pointData.csv	61507	a0f46313d453bbb0eee8092b433bcf00-1	2024-06-06T06:00:14.000Z	Rosepoint	ROSEP-f7904f6e-9198-4732-ad84-25948b446b65	2004-10-20T22:49:44Z	2004-10-21T04:49:05Z	keep	unique_1e-6_lattice_submission
csb/csv/2024/06/06/20240606045011440978_d6eb7b6d-04dc-4872-ba51-c3b4ce006807_pointData.csv	871117	9feeeec4dad31435e9c1a95a2048170e-1	2024-06-06T06:00:15.000Z	FarSounder	FARSND-d6eb7b6d-04dc-4872-ba51-c3b4ce006807	2024-06-05T19:03:51.650Z	2024-06-05T21:43:03.855Z	exclude	provider_rolling_overlapping_resubmissions
csb/csv/2024/06/06/20240606045037657902_3b0c5ff2-0998-11eb-8eb6-98be942a5b5a_pointData.csv	191335	7a033430a743d6f19b7ab5d1a95083cf-1	2024-06-06T06:00:15.000Z	PGS	PGS-3b0c5ff2-0998-11eb-8eb6-98be942a5b5a	2024-06-06T02:00:00Z	2024-06-06T02:59:57Z	exclude	provider_mixed_1e-4_and_1e-6_lattice
csb/csv/2024/06/06/20240606045250930188_8250175b-3c29-4906-8437-5106955c99c6_pointData.csv	724914	6d6f071c5eda92b8f99bd3f8bb305064-1	2024-06-06T06:00:15.000Z	Rosepoint	ROSEP-8250175b-3c29-4906-8437-5106955c99c6	2024-06-05T22:52:44Z	2024-06-06T04:52:49Z	keep	unique_1e-6_lattice_submission
csb/csv/2024/06/06/20240606045501064501_62641c86-2ffe-4cee-b9c0-7ee36c1ad599_pointData.csv	3441865	1780f2d2543ca91d2f6047d0bf42e178-1	2024-06-06T06:00:15.000Z	Rosepoint	ROSEP-62641c86-2ffe-4cee-b9c0-7ee36c1ad599	2024-06-05T22:53:28Z	2024-06-06T04:54:18Z	keep	unique_1e-6_lattice_submission
csb/csv/2024/06/06/20240606050011111196_623fc1484a7832-34778385_pointData.csv	42365	214bf919854f4a2f0e0e485fd54874ca-1	2024-06-06T06:00:15.000Z	AquaMap	AQM-623fc1484a7832-34778385	2024-06-06T03:59:03Z	2024-06-06T04:04:04Z	exclude	provider_off_lattice_float_repr
csb/csv/2024/06/06/20240606051634285413_834f85c2-0999-11eb-a100-98be942a5b5a_pointData.csv	188206	76f86076065b24352f24e8d4df22303f-1	2024-06-06T06:00:15.000Z	PGS	PGS-834f85c2-0999-11eb-a100-98be942a5b5a	2024-06-06T03:00:00Z	2024-06-06T03:59:57Z	exclude	provider_mixed_1e-4_and_1e-6_lattice
csb/csv/2024/06/06/20240606053607716979_6436aa4a-fdc1-11ee-bb46-7729efb26c37_pointData.csv	628726	dc86a45b4aa9080a94fa58cb7e32c758-1	2024-06-06T06:00:15.000Z	COMIT USF	COMITUSF-6436aa4a-fdc1-11ee-bb46-7729efb26c37	2024-06-06T04:34:16Z	2024-06-06T05:32:16Z	keep	unique_1e-6_lattice_submission
csb/csv/2024/06/06/20240606053608533120_6436aa4a-fdc1-11ee-bb46-7729efb26c37_pointData.csv	628726	723485a7278d7fb12e2a7f153d8c7ef1-1	2024-06-06T06:00:15.000Z	COMIT USF	COMITUSF-6436aa4a-fdc1-11ee-bb46-7729efb26c37	2024-06-06T04:34:16Z	2024-06-06T05:32:16Z	exclude	exact_reupload_of:20240606053607716979_6436aa4a-fdc1-11ee-bb46-7729efb26c37_pointData.csv
csb/csv/2024/06/06/20240606055907813922_ec72276e-3e2b-4d56-82bb-111fc86cbd77_pointData.csv	190863	7cb0bd4c62eb04d1fc6704e3b890fabe-1	2024-06-06T06:00:15.000Z	PGS	PGS-ec72276e-3e2b-4d56-82bb-111fc86cbd77	2024-06-06T03:00:02Z	2024-06-06T03:59:59Z	exclude	provider_mixed_1e-4_and_1e-6_lattice
csb/csv/2024/06/06/20240606060204573813_f73d4b8d-97c0-48ab-9200-c313709c76d0_pointData.csv	108135	8409322eeac249a7363d03c160817ca9-1	2024-06-06T12:00:05.000Z	Rosepoint	ROSEP-f73d4b8d-97c0-48ab-9200-c313709c76d0	2024-06-06T00:01:03Z	2024-06-06T06:01:19Z	keep	unique_1e-6_lattice_submission
csb/csv/2024/06/06/20240606060649081330_3b0c5ff2-0998-11eb-8eb6-98be942a5b5a_pointData.csv	199095	b16d777929bc9055500c98b8729b18f7-1	2024-06-06T12:00:05.000Z	PGS	PGS-3b0c5ff2-0998-11eb-8eb6-98be942a5b5a	2024-06-06T03:00:00Z	2024-06-06T03:59:39Z	exclude	provider_mixed_1e-4_and_1e-6_lattice
csb/csv/2024/06/06/20240606061011146989_d6eb7b6d-04dc-4872-ba51-c3b4ce006807_pointData.csv	864020	7f83985b728d8e1b2c08df66197c0bbc-1	2024-06-06T12:00:05.000Z	FarSounder	FARSND-d6eb7b6d-04dc-4872-ba51-c3b4ce006807	2024-06-05T20:19:03.562Z	2024-06-05T23:06:21.820Z	exclude	provider_rolling_overlapping_resubmissions
csb/csv/2024/06/06/20240606062101376325_834f85c2-0999-11eb-a100-98be942a5b5a_pointData.csv	188205	8acfeb0cec8d502e82d80b2cdde812fc-1	2024-06-06T12:00:05.000Z	PGS	PGS-834f85c2-0999-11eb-a100-98be942a5b5a	2024-06-06T04:00:00Z	2024-06-06T04:59:57Z	exclude	provider_mixed_1e-4_and_1e-6_lattice
csb/csv/2024/06/06/20240606062856736413_cdd0edb8-c483-4c48-be4d-93f29dcbc26c_pointData.csv	59970	c73f01b66dc355899296974e8b57eb85-1	2024-06-06T12:00:05.000Z	Rosepoint	ROSEP-cdd0edb8-c483-4c48-be4d-93f29dcbc26c	2024-06-06T00:29:28Z	2024-06-06T06:28:43Z	keep	unique_1e-6_lattice_submission
csb/csv/2024/06/06/20240606063629494767_70946e11-d3aa-412d-8427-c23af3e246e3_pointData.csv	954205	b3c6d1765785e272168d5f4288b76ca7-1	2024-06-06T12:00:05.000Z	Rosepoint	ROSEP-70946e11-d3aa-412d-8427-c23af3e246e3	2024-06-06T00:36:02Z	2024-06-06T06:35:32Z	keep	unique_1e-6_lattice_submission
csb/csv/2024/06/06/20240606064149414819_0dc4d7c1-f541-476d-a76b-72fb09ad1bd2_pointData.csv	63033	f9566a517881e93a9603024bead2ee54-1	2024-06-06T12:00:05.000Z	Rosepoint	ROSEP-0dc4d7c1-f541-476d-a76b-72fb09ad1bd2	2024-06-06T00:41:53Z	2024-06-06T06:41:11Z	keep	unique_1e-6_lattice_submission
csb/csv/2024/06/06/20240606065425688967_ec72276e-3e2b-4d56-82bb-111fc86cbd77_pointData.csv	190863	16846729156c3141d0bea405499ddc2c-1	2024-06-06T12:00:05.000Z	PGS	PGS-ec72276e-3e2b-4d56-82bb-111fc86cbd77	2024-06-06T04:00:02Z	2024-06-06T04:59:59Z	exclude	provider_mixed_1e-4_and_1e-6_lattice
csb/csv/2024/06/06/20240606070041878302_4411b9ca-6b0e-47d2-a6be-36e60a3b577a_pointData.csv	1018378	db9f2f5c61202052e9a0cb6b1977e4cd-1	2024-06-06T12:00:06.000Z	Rosepoint	ROSEP-4411b9ca-6b0e-47d2-a6be-36e60a3b577a	2024-06-06T00:59:28Z	2024-06-06T06:59:48Z	keep	unique_1e-6_lattice_submission
csb/csv/2024/06/06/20240606070704912887_3b0c5ff2-0998-11eb-8eb6-98be942a5b5a_pointData.csv	197074	61e437df0efff03994018e98911dc15a-1	2024-06-06T12:00:06.000Z	PGS	PGS-3b0c5ff2-0998-11eb-8eb6-98be942a5b5a	2024-06-06T03:59:42Z	2024-06-06T04:59:57Z	exclude	provider_mixed_1e-4_and_1e-6_lattice
csb/csv/2024/06/06/20240606070723130273_e150d9fe-d3d7-4d47-ba18-f82688e01b85_pointData.csv	915805	a34465d8bb0138e8caa7a94b79bb7f06-1	2024-06-06T12:00:06.000Z	Rosepoint	ROSEP-e150d9fe-d3d7-4d47-ba18-f82688e01b85	2024-06-06T01:06:54Z	2024-06-06T07:06:39Z	keep	unique_1e-6_lattice_submission
csb/csv/2024/06/06/20240606071644697038_48e8b019-4141-4a35-bd63-b3be3e30b183_pointData.csv	891492	c89c41f578298d52a562a6b5aec9f4ac-1	2024-06-06T12:00:06.000Z	Rosepoint	ROSEP-48e8b019-4141-4a35-bd63-b3be3e30b183	2024-06-06T01:16:17Z	2024-06-06T07:16:20Z	keep	unique_1e-6_lattice_submission
csb/csv/2024/06/06/20240606071847037839_672e2884-f0ed-44dc-b9bb-56d79261e4f1_pointData.csv	60774	d6f1d320485799ff169ad14b2d7e0975-1	2024-06-06T12:00:06.000Z	Rosepoint	ROSEP-672e2884-f0ed-44dc-b9bb-56d79261e4f1	2024-06-06T01:18:16Z	2024-06-06T07:18:32Z	keep	unique_1e-6_lattice_submission
csb/csv/2024/06/06/20240606072451908340_834f85c2-0999-11eb-a100-98be942a5b5a_pointData.csv	188185	11adfe0474525fe30b0408a7436e6fb5-1	2024-06-06T12:00:06.000Z	PGS	PGS-834f85c2-0999-11eb-a100-98be942a5b5a	2024-06-06T05:00:00Z	2024-06-06T05:59:57Z	exclude	provider_mixed_1e-4_and_1e-6_lattice
csb/csv/2024/06/06/20240606072923206211_56f26f84-bafc-4b36-8454-b8546bddcf1d_pointData.csv	62803	0f5abf2eeebfedbc067d939e7175e0c2-1	2024-06-06T12:00:06.000Z	Rosepoint	ROSEP-56f26f84-bafc-4b36-8454-b8546bddcf1d	2004-10-21T01:28:39Z	2004-10-21T07:28:54Z	keep	unique_1e-6_lattice_submission
csb/csv/2024/06/06/20240606074010544367_d6eb7b6d-04dc-4872-ba51-c3b4ce006807_pointData.csv	872306	9a228fec2f8084cd582d0e8fb2225cce-1	2024-06-06T12:00:06.000Z	FarSounder	FARSND-d6eb7b6d-04dc-4872-ba51-c3b4ce006807	2024-06-05T21:12:22.492Z	2024-06-06T00:29:30.891Z	exclude	provider_rolling_overlapping_resubmissions
csb/csv/2024/06/06/20240606074808499222_b46dfd84-2ce8-4a25-a16b-4af10b8eb60e_pointData.csv	61187	2b5daf9e863ea19c66e71c59f61519ec-1	2024-06-06T12:00:07.000Z	Rosepoint	ROSEP-b46dfd84-2ce8-4a25-a16b-4af10b8eb60e	2024-06-06T01:47:45Z	2024-06-06T07:47:35Z	keep	unique_1e-6_lattice_submission
csb/csv/2024/06/06/20240606075345479512_ec72276e-3e2b-4d56-82bb-111fc86cbd77_pointData.csv	190863	2643853400ada93db2a37c9f2c6799ba-1	2024-06-06T12:00:07.000Z	PGS	PGS-ec72276e-3e2b-4d56-82bb-111fc86cbd77	2024-06-06T05:00:02Z	2024-06-06T05:59:59Z	exclude	provider_mixed_1e-4_and_1e-6_lattice
csb/csv/2024/06/06/20240606075709611249_251e0ec1-5645-476e-8563-9f34939f5d72_pointData.csv	279333	21415a773118a8b3067414d4e27f7541-1	2024-06-06T12:00:07.000Z	Rosepoint	ROSEP-251e0ec1-5645-476e-8563-9f34939f5d72	2024-06-06T01:55:57Z	2024-06-06T07:56:32Z	keep	unique_1e-6_lattice_submission
csb/csv/2024/06/06/20240606075926476793_3b0c5ff2-0998-11eb-8eb6-98be942a5b5a_pointData.csv	201099	cbe1eed68308889be258d5afcf0f86e0-1	2024-06-06T12:00:07.000Z	PGS	PGS-3b0c5ff2-0998-11eb-8eb6-98be942a5b5a	2024-06-06T05:00:00Z	2024-06-06T05:59:57Z	exclude	provider_mixed_1e-4_and_1e-6_lattice
csb/csv/2024/06/06/20240606082746684480_834f85c2-0999-11eb-a100-98be942a5b5a_pointData.csv	188196	0777537214e337454eff4d320b7ea6bf-1	2024-06-06T12:00:06.000Z	PGS	PGS-834f85c2-0999-11eb-a100-98be942a5b5a	2024-06-06T06:00:00Z	2024-06-06T06:59:57Z	exclude	provider_mixed_1e-4_and_1e-6_lattice
csb/csv/2024/06/06/20240606083218548307_11ce5241-356b-43ba-9456-f56555e0751a_pointData.csv	693739	1922895c2e3298bbcb35716f6600b2fa-1	2024-06-06T12:00:06.000Z	Rosepoint	ROSEP-11ce5241-356b-43ba-9456-f56555e0751a	2024-06-05T15:42:42Z	2024-06-06T02:30:45Z	keep	unique_1e-6_lattice_submission
csb/csv/2024/06/06/20240606083219259572_11ce5241-356b-43ba-9456-f56555e0751a_pointData.csv	60660	10fd8c8f9c5fed23da257d96a71254ab-1	2024-06-06T12:00:07.000Z	Rosepoint	ROSEP-11ce5241-356b-43ba-9456-f56555e0751a	2024-06-06T02:31:46Z	2024-06-06T08:31:59Z	keep	unique_1e-6_lattice_submission
csb/csv/2024/06/06/20240606083831362376_cb1bbd67-78e2-4b5f-97e4-4ab1661c7454_pointData.csv	59999	5ea51074f233b9fc2231a3ae6d90419e-1	2024-06-06T12:00:07.000Z	Rosepoint	ROSEP-cb1bbd67-78e2-4b5f-97e4-4ab1661c7454	2024-06-06T02:38:00Z	2024-06-06T08:37:37Z	keep	unique_1e-6_lattice_submission
csb/csv/2024/06/06/20240606085236269533_0d1b6ce0-e5ec-40f1-99a9-2187e8d08bf4_pointData.csv	4037636	478b1c252ec535b19b0b8d2d8d2918c6-1	2024-06-06T12:00:07.000Z	Rosepoint	ROSEP-0d1b6ce0-e5ec-40f1-99a9-2187e8d08bf4	2004-10-20T20:50:36Z	2004-10-21T03:54:32Z	keep	unique_1e-6_lattice_submission
csb/csv/2024/06/06/20240606085424507342_4f651d43-9a33-452c-9299-6ab08ed9d831_pointData.csv	62074	1e76c4e5c0e393a27426c52dddeebed2-1	2024-06-06T12:00:07.000Z	Rosepoint	ROSEP-4f651d43-9a33-452c-9299-6ab08ed9d831	2024-06-06T02:54:18Z	2024-06-06T08:53:41Z	keep	unique_1e-6_lattice_submission
csb/csv/2024/06/06/20240606085837845234_ec72276e-3e2b-4d56-82bb-111fc86cbd77_pointData.csv	190863	1b1d7cf0ce113b0507da3d7a57b80644-1	2024-06-06T12:00:07.000Z	PGS	PGS-ec72276e-3e2b-4d56-82bb-111fc86cbd77	2024-06-06T06:00:02Z	2024-06-06T06:59:59Z	exclude	provider_mixed_1e-4_and_1e-6_lattice
csb/csv/2024/06/06/20240606090016539135_d6eb7b6d-04dc-4872-ba51-c3b4ce006807_pointData.csv	856133	43e4553483f9e6cb5e34bbc6972a723e-1	2024-06-06T12:00:07.000Z	FarSounder	FARSND-d6eb7b6d-04dc-4872-ba51-c3b4ce006807	2024-06-05T21:12:22.492Z	2024-06-06T01:51:51.780Z	exclude	provider_rolling_overlapping_resubmissions
csb/csv/2024/06/06/20240606090617689991_3b0c5ff2-0998-11eb-8eb6-98be942a5b5a_pointData.csv	201174	13e13ec8dc9f68da7c66b925525e3fca-1	2024-06-06T12:00:07.000Z	PGS	PGS-3b0c5ff2-0998-11eb-8eb6-98be942a5b5a	2024-06-06T06:00:00Z	2024-06-06T06:59:57Z	exclude	provider_mixed_1e-4_and_1e-6_lattice
csb/csv/2024/06/06/20240606091327328947_414fef65-1bd7-4b7c-a601-f46e61ab0f8d_pointData.csv	3095317	030c553f144f28d8031b71bdd28a2b02-1	2024-06-06T12:00:08.000Z	Rosepoint	ROSEP-414fef65-1bd7-4b7c-a601-f46e61ab0f8d	2024-06-06T03:13:03Z	2024-06-06T09:13:21Z	keep	unique_1e-6_lattice_submission
csb/csv/2024/06/06/20240606092544519094_834f85c2-0999-11eb-a100-98be942a5b5a_pointData.csv	188194	876e879de1b3e5016f6b47a1772803c4-1	2024-06-06T12:00:07.000Z	PGS	PGS-834f85c2-0999-11eb-a100-98be942a5b5a	2024-06-06T07:00:00Z	2024-06-06T07:59:57Z	exclude	provider_mixed_1e-4_and_1e-6_lattice
csb/csv/2024/06/06/20240606094642888880_e557a017-0c75-4365-808a-680673bbb79e_pointData.csv	2712679	ba8fc8a716fa7bff6b11e46700905e53-1	2024-06-06T12:00:07.000Z	Rosepoint	ROSEP-e557a017-0c75-4365-808a-680673bbb79e	2024-06-06T03:44:37Z	2024-06-06T09:46:04Z	keep	unique_1e-6_lattice_submission
csb/csv/2024/06/06/20240606094946671479_c397eae3-6787-4d49-abbe-1de3758956f5_pointData.csv	3487036	803adda27012b85d619a84f1709680b1-1	2024-06-06T12:00:08.000Z	Rosepoint	ROSEP-c397eae3-6787-4d49-abbe-1de3758956f5	2024-06-06T03:48:58Z	2024-06-06T09:49:38Z	keep	unique_1e-6_lattice_submission
csb/csv/2024/06/06/20240606095401733986_398c56de-e541-4380-9ee4-589ec53f46f6_pointData.csv	1152129	ecf28416d66c22421a9c66a402b1e745-1	2024-06-06T12:00:08.000Z	Rosepoint	ROSEP-398c56de-e541-4380-9ee4-589ec53f46f6	2024-06-06T03:52:54Z	2024-06-06T09:53:17Z	keep	unique_1e-6_lattice_submission
csb/csv/2024/06/06/20240606095722214689_ec72276e-3e2b-4d56-82bb-111fc86cbd77_pointData.csv	190863	3b88882cc4121c3adb8b66172e24c0f0-1	2024-06-06T12:00:08.000Z	PGS	PGS-ec72276e-3e2b-4d56-82bb-111fc86cbd77	2024-06-06T07:00:02Z	2024-06-06T07:59:59Z	exclude	provider_mixed_1e-4_and_1e-6_lattice
csb/csv/2024/06/06/20240606095729775033_c21bff07-b678-4dfb-ab54-a111660d6cfa_pointData.csv	1677262	b00f6e5425f7314fab298874466e8d5e-1	2024-06-06T12:00:08.000Z	Rosepoint	ROSEP-c21bff07-b678-4dfb-ab54-a111660d6cfa	2024-06-06T03:56:11Z	2024-06-06T09:56:56Z	keep	unique_1e-6_lattice_submission
csb/csv/2024/06/06/20240606100350178831_373e61a4-5650-43be-800f-e6197634cf6f_pointData.csv	3036261	cc62bc9bcaefb15e93f82e0dde499e2c-1	2024-06-06T12:00:08.000Z	Rosepoint	ROSEP-373e61a4-5650-43be-800f-e6197634cf6f	2024-06-06T04:02:32Z	2024-06-06T10:03:41Z	keep	unique_1e-6_lattice_submission
csb/csv/2024/06/06/20240606100403413114_3b0c5ff2-0998-11eb-8eb6-98be942a5b5a_pointData.csv	192133	5a4f10363393439e67f8842108da49d0-1	2024-06-06T12:00:09.000Z	PGS	PGS-3b0c5ff2-0998-11eb-8eb6-98be942a5b5a	2024-06-06T07:00:00Z	2024-06-06T07:59:57Z	exclude	provider_mixed_1e-4_and_1e-6_lattice
csb/csv/2024/06/06/20240606100728430577_071ba46a-9793-4306-a970-8461bae10e77_pointData.csv	1854579	9868636a57847e9223cd0f6174041628-1	2024-06-06T12:00:08.000Z	Rosepoint	ROSEP-071ba46a-9793-4306-a970-8461bae10e77	2004-10-21T04:06:48Z	2004-10-21T10:05:43Z	keep	unique_1e-6_lattice_submission
csb/csv/2024/06/06/20240606102016827011_d6eb7b6d-04dc-4872-ba51-c3b4ce006807_pointData.csv	872221	8dcd6acc367d060160c18b8dbdba1b23-1	2024-06-06T12:00:08.000Z	FarSounder	FARSND-d6eb7b6d-04dc-4872-ba51-c3b4ce006807	2024-06-05T21:12:22.492Z	2024-06-06T03:14:10.847Z	exclude	provider_rolling_overlapping_resubmissions
csb/csv/2024/06/06/20240606102218257884_11ce5241-356b-43ba-9456-f56555e0751a_pointData.csv	190332	6f787eaa5b71b6c8c2df3c2978acd3a2-1	2024-06-06T12:00:09.000Z	Rosepoint	ROSEP-11ce5241-356b-43ba-9456-f56555e0751a	2024-06-06T08:32:59Z	2024-06-06T10:20:56Z	keep	unique_1e-6_lattice_submission
csb/csv/2024/06/06/20240606102529228803_4606e387-998b-46fb-b5a6-02c7eafa03da_pointData.csv	3418243	baa541b91741d46d4ac77aadff5447e5-1	2024-06-06T12:00:09.000Z	Rosepoint	ROSEP-4606e387-998b-46fb-b5a6-02c7eafa03da	2004-10-21T04:24:06Z	2004-10-21T10:25:23Z	keep	unique_1e-6_lattice_submission
csb/csv/2024/06/06/20240606102539131368_834f85c2-0999-11eb-a100-98be942a5b5a_pointData.csv	188199	65dc9f22e48535e7dd4ac70c3d877c0f-1	2024-06-06T12:00:08.000Z	PGS	PGS-834f85c2-0999-11eb-a100-98be942a5b5a	2024-06-06T08:00:00Z	2024-06-06T08:59:57Z	exclude	provider_mixed_1e-4_and_1e-6_lattice
csb/csv/2024/06/06/20240606104927659127_f7904f6e-9198-4732-ad84-25948b446b65_pointData.csv	61518	9372c18a316091d2ede6a4754ee25154-1	2024-06-06T12:00:09.000Z	Rosepoint	ROSEP-f7904f6e-9198-4732-ad84-25948b446b65	2004-10-21T04:50:05Z	2004-10-21T10:49:25Z	keep	unique_1e-6_lattice_submission
csb/csv/2024/06/06/20240606105314396337_8250175b-3c29-4906-8437-5106955c99c6_pointData.csv	883115	6be33ae6deaab20e483e436ec433ff2f-1	2024-06-06T12:00:09.000Z	Rosepoint	ROSEP-8250175b-3c29-4906-8437-5106955c99c6	2024-06-06T04:52:50Z	2024-06-06T10:52:58Z	keep	unique_1e-6_lattice_submission
csb/csv/2024/06/06/20240606105630793938_ec72276e-3e2b-4d56-82bb-111fc86cbd77_pointData.csv	190863	78c8cd786faccc3771d8eeb9f46fba6d-1	2024-06-06T12:00:09.000Z	PGS	PGS-ec72276e-3e2b-4d56-82bb-111fc86cbd77	2024-06-06T08:00:02Z	2024-06-06T08:59:59Z	exclude	provider_mixed_1e-4_and_1e-6_lattice
csb/csv/2024/06/06/20240606105651715823_62641c86-2ffe-4cee-b9c0-7ee36c1ad599_pointData.csv	3423171	31eb586f271862bb05c3728660639611-1	2024-06-06T12:00:09.000Z	Rosepoint	ROSEP-62641c86-2ffe-4cee-b9c0-7ee36c1ad599	2024-06-06T04:54:19Z	2024-06-06T10:56:31Z	keep	unique_1e-6_lattice_submission
csb/csv/2024/06/06/20240606111241716887_3b0c5ff2-0998-11eb-8eb6-98be942a5b5a_pointData.csv	150698	fcea0d17bb65528c70422b814d7dd5fb-1	2024-06-06T12:00:09.000Z	PGS	PGS-3b0c5ff2-0998-11eb-8eb6-98be942a5b5a	2024-06-06T08:00:00Z	2024-06-06T08:59:52Z	exclude	provider_mixed_1e-4_and_1e-6_lattice
csb/csv/2024/06/06/20240606113502314266_834f85c2-0999-11eb-a100-98be942a5b5a_pointData.csv	188210	03498581807f0eba0f8c101889489467-1	2024-06-06T12:00:09.000Z	PGS	PGS-834f85c2-0999-11eb-a100-98be942a5b5a	2024-06-06T09:00:00Z	2024-06-06T09:59:57Z	exclude	provider_mixed_1e-4_and_1e-6_lattice
csb/csv/2024/06/06/20240606113502765755_834f85c2-0999-11eb-a100-98be942a5b5a_pointData.csv	142100	5bc98b0a97ac7e618b2396aab0366999-1	2024-06-06T12:00:10.000Z	PGS	PGS-834f85c2-0999-11eb-a100-98be942a5b5a	2024-06-06T10:00:00Z	2024-06-06T10:45:15Z	exclude	provider_mixed_1e-4_and_1e-6_lattice
csb/csv/2024/06/06/20240606113502856085_834f85c2-0999-11eb-a100-98be942a5b5a_pointData.csv	43179	f0b412881aeb7d8b0538c1954d058c50-1	2024-06-06T12:00:09.000Z	PGS	PGS-834f85c2-0999-11eb-a100-98be942a5b5a	2024-06-06T10:46:15Z	2024-06-06T10:59:57Z	exclude	provider_mixed_1e-4_and_1e-6_lattice
csb/csv/2024/06/06/20240606114009314619_d6eb7b6d-04dc-4872-ba51-c3b4ce006807_pointData.csv	871480	c43b2a51ecd3d33d2a0e46b0c14cd380-1	2024-06-06T12:00:09.000Z	FarSounder	FARSND-d6eb7b6d-04dc-4872-ba51-c3b4ce006807	2024-06-05T21:12:22.492Z	2024-06-06T04:37:27.806Z	exclude	provider_rolling_overlapping_resubmissions
csb/csv/2024/06/06/20240606115220495675_53df1aa6-1feb-47dc-a374-3880fae210fd_pointData.csv	3955477	b1f3ac1043e4ec7b2bef0647ba536c11-1	2024-06-06T12:00:10.000Z	Rosepoint	ROSEP-53df1aa6-1feb-47dc-a374-3880fae210fd	2024-06-04T10:34:39Z	2024-06-05T05:11:38Z	keep	unique_1e-6_lattice_submission
csb/csv/2024/06/06/20240606120226074104_f73d4b8d-97c0-48ab-9200-c313709c76d0_pointData.csv	61140	1674b10f8924025c4ee7d788bf64db7d-1	2024-06-06T18:00:05.000Z	Rosepoint	ROSEP-f73d4b8d-97c0-48ab-9200-c313709c76d0	2024-06-06T06:02:20Z	2024-06-06T12:01:35Z	keep	unique_1e-6_lattice_submission
csb/csv/2024/06/06/20240606121911891869_ec72276e-3e2b-4d56-82bb-111fc86cbd77_pointData.csv	190704	1f11ee71221337805a396b9ac6def430-1	2024-06-06T18:00:05.000Z	PGS	PGS-ec72276e-3e2b-4d56-82bb-111fc86cbd77	2024-06-06T09:00:02Z	2024-06-06T09:59:56Z	exclude	provider_mixed_1e-4_and_1e-6_lattice
csb/csv/2024/06/06/20240606121912431346_ec72276e-3e2b-4d56-82bb-111fc86cbd77_pointData.csv	1017	3fef9d6ce169c03a75cc44b692209bf8-1	2024-06-06T18:00:05.000Z	PGS	PGS-ec72276e-3e2b-4d56-82bb-111fc86cbd77	2024-06-06T11:00:00Z	2024-06-06T11:00:15Z	exclude	provider_mixed_1e-4_and_1e-6_lattice
csb/csv/2024/06/06/20240606121912552782_ec72276e-3e2b-4d56-82bb-111fc86cbd77_pointData.csv	190863	245b7434cfd7f4e837a3d48050c75a2f-1	2024-06-06T18:00:05.000Z	PGS	PGS-ec72276e-3e2b-4d56-82bb-111fc86cbd77	2024-06-06T09:59:59Z	2024-06-06T10:59:57Z	exclude	provider_mixed_1e-4_and_1e-6_lattice
csb/csv/2024/06/06/20240606121913287605_ec72276e-3e2b-4d56-82bb-111fc86cbd77_pointData.csv	186729	a4004a185b62128dff999250c8d2de5b-1	2024-06-06T18:00:05.000Z	PGS	PGS-ec72276e-3e2b-4d56-82bb-111fc86cbd77	2024-06-06T11:01:19Z	2024-06-06T11:59:58Z	exclude	provider_mixed_1e-4_and_1e-6_lattice
csb/csv/2024/06/06/20240606122924793296_cdd0edb8-c483-4c48-be4d-93f29dcbc26c_pointData.csv	59819	7df51c30f29d9587e4654d8ae223d9cd-1	2024-06-06T18:00:05.000Z	Rosepoint	ROSEP-cdd0edb8-c483-4c48-be4d-93f29dcbc26c	2024-06-06T06:29:43Z	2024-06-06T12:28:51Z	keep	unique_1e-6_lattice_submission
csb/csv/2024/06/06/20240606123106196620_3b0c5ff2-0998-11eb-8eb6-98be942a5b5a_pointData.csv	147504	755daa4389db408637ae816b79a83776-1	2024-06-06T18:00:06.000Z	PGS	PGS-3b0c5ff2-0998-11eb-8eb6-98be942a5b5a	2024-06-06T08:59:55Z	2024-06-06T09:59:52Z	exclude	provider_mixed_1e-4_and_1e-6_lattice
csb/csv/2024/06/06/20240606123106802975_3b0c5ff2-0998-11eb-8eb6-98be942a5b5a_pointData.csv	733	2bbed502799d7374154b480d489a0faa-1	2024-06-06T18:00:05.000Z	PGS	PGS-3b0c5ff2-0998-11eb-8eb6-98be942a5b5a	2024-06-06T11:00:01Z	2024-06-06T11:00:10Z	exclude	provider_mixed_1e-4_and_1e-6_lattice
csb/csv/2024/06/06/20240606123107130128_3b0c5ff2-0998-11eb-8eb6-98be942a5b5a_pointData.csv	148898	a23e08ecaec28322cffa885ae496648d-1	2024-06-06T18:00:06.000Z	PGS	PGS-3b0c5ff2-0998-11eb-8eb6-98be942a5b5a	2024-06-06T09:59:55Z	2024-06-06T10:59:58Z	exclude	provider_mixed_1e-4_and_1e-6_lattice
csb/csv/2024/06/06/20240606123108105608_3b0c5ff2-0998-11eb-8eb6-98be942a5b5a_pointData.csv	157882	3041b5a8a5947e47e66082513833051a-1	2024-06-06T18:00:06.000Z	PGS	PGS-3b0c5ff2-0998-11eb-8eb6-98be942a5b5a	2024-06-06T11:01:14Z	2024-06-06T11:59:59Z	exclude	provider_mixed_1e-4_and_1e-6_lattice
csb/csv/2024/06/06/20240606123805832967_70946e11-d3aa-412d-8427-c23af3e246e3_pointData.csv	63828	261e2ea3170ff2705c8ed6992ada8f36-1	2024-06-06T18:00:06.000Z	Rosepoint	ROSEP-70946e11-d3aa-412d-8427-c23af3e246e3	2024-06-06T06:36:33Z	2024-06-06T12:37:34Z	keep	unique_1e-6_lattice_submission
csb/csv/2024/06/06/20240606124207657615_0dc4d7c1-f541-476d-a76b-72fb09ad1bd2_pointData.csv	63098	92b1e4003698773f75dd584e6fd9e70b-1	2024-06-06T18:00:06.000Z	Rosepoint	ROSEP-0dc4d7c1-f541-476d-a76b-72fb09ad1bd2	2024-06-06T06:42:11Z	2024-06-06T12:41:25Z	keep	unique_1e-6_lattice_submission
csb/csv/2024/06/06/20240606125242959761_834f85c2-0999-11eb-a100-98be942a5b5a_pointData.csv	188268	48441b92bd8eccbc6cc9a5560f2707c5-1	2024-06-06T18:00:06.000Z	PGS	PGS-834f85c2-0999-11eb-a100-98be942a5b5a	2024-06-06T11:00:00Z	2024-06-06T11:59:57Z	exclude	provider_mixed_1e-4_and_1e-6_lattice
csb/csv/2024/06/06/20240606130041984551_ChapterFour_pointData.csv	708588	cfbbeec02cc5942826d6f5d36273a908-1	2024-06-06T18:00:06.000Z	AquaMap	AQM-ChapterFour	2024-06-05T14:28:17Z	2024-06-05T16:42:52Z	exclude	provider_off_lattice_float_repr
csb/csv/2024/06/06/20240606130049906233_ChapterFour_pointData.csv	705030	061aa239f71051b483be288843630ea7-1	2024-06-06T18:00:06.000Z	AquaMap	AQM-ChapterFour	2024-06-01T17:31:28Z	2024-06-01T21:49:14Z	exclude	provider_off_lattice_float_repr
csb/csv/2024/06/06/20240606130054704351_ChapterFour_pointData.csv	393197	cdd880c7ab6d3ab68addd0bc303deb86-1	2024-06-06T18:00:06.000Z	AquaMap	AQM-ChapterFour	2024-06-02T17:32:02Z	2024-06-02T21:03:57Z	exclude	provider_off_lattice_float_repr
csb/csv/2024/06/06/20240606130103232079_ChapterFour_pointData.csv	704778	c471a617924d1d4c8e7c0e4b6dcaab90-1	2024-06-06T18:00:07.000Z	AquaMap	AQM-ChapterFour	2024-06-03T11:52:35Z	2024-06-03T14:34:49Z	exclude	provider_off_lattice_float_repr
csb/csv/2024/06/06/20240606130106557078_ChapterFour_pointData.csv	269501	4854f0d7d1c2ce31613f3d44d72b9876-1	2024-06-06T18:00:07.000Z	AquaMap	AQM-ChapterFour	2024-06-04T18:18:57Z	2024-06-04T19:00:45Z	exclude	provider_off_lattice_float_repr
csb/csv/2024/06/06/20240606130118869520_ChapterFour_pointData.csv	331643	e7bb2fb997e43b7421f3e722df02c20a-1	2024-06-06T18:00:07.000Z	AquaMap	AQM-ChapterFour	2024-06-03T17:04:30Z	2024-06-03T18:24:32Z	exclude	provider_off_lattice_float_repr
csb/csv/2024/06/06/20240606130133567189_ChapterFour_pointData.csv	631800	eb510ce8f7939c94b7bae0d6066a1737-1	2024-06-06T18:00:07.000Z	AquaMap	AQM-ChapterFour	2024-06-05T21:04:21Z	2024-06-05T22:55:32Z	exclude	provider_off_lattice_float_repr
csb/csv/2024/06/06/20240606130140892355_ChapterFour_pointData.csv	709031	62210b3387cd24a153015f15160a3cd9-1	2024-06-06T18:00:06.000Z	AquaMap	AQM-ChapterFour	2024-06-04T16:14:44Z	2024-06-04T18:18:53Z	exclude	provider_off_lattice_float_repr
csb/csv/2024/06/06/20240606130149031459_ChapterFour_pointData.csv	705220	c02b930968a370878aa94968875978da-1	2024-06-06T18:00:07.000Z	AquaMap	AQM-ChapterFour	2024-06-02T12:02:51Z	2024-06-02T17:32:00Z	exclude	provider_off_lattice_float_repr
csb/csv/2024/06/06/20240606130211175286_4411b9ca-6b0e-47d2-a6be-36e60a3b577a_pointData.csv	884370	a0032f27b3f5ecb394e5428f500b9e9c-1	2024-06-06T18:00:07.000Z	Rosepoint	ROSEP-4411b9ca-6b0e-47d2-a6be-36e60a3b577a	2024-06-06T07:00:48Z	2024-06-06T13:02:03Z	keep	unique_1e-6_lattice_submission
csb/csv/2024/06/06/20240606130212718545_ChapterFour_pointData.csv	138006	b00f1898d98d950d35fb27012f58b223-1	2024-06-06T18:00:07.000Z	AquaMap	AQM-ChapterFour	2024-06-01T21:49:19Z	2024-06-01T22:20:00Z	exclude	provider_off_lattice_float_repr
csb/csv/2024/06/06/20240606130226028015_ChapterFour_pointData.csv	710237	9b6ea5cffb58091788778309507aaca7-1	2024-06-06T18:00:07.000Z	AquaMap	AQM-ChapterFour	2024-06-04T14:15:07Z	2024-06-04T16:14:43Z	exclude	provider_off_lattice_float_repr
csb/csv/2024/06/06/20240606130242531361_ChapterFour_pointData.csv	706583	3dc432fab2f32818f068a511d903f2fc-1	2024-06-06T18:00:07.000Z	AquaMap	AQM-ChapterFour	2024-06-05T12:10:00Z	2024-06-05T14:28:16Z	exclude	provider_off_lattice_float_repr
csb/csv/2024/06/06/20240606130250985772_ChapterFour_pointData.csv	705475	544d263c233722a08f57b1873785389f-1	2024-06-06T18:00:07.000Z	AquaMap	AQM-ChapterFour	2024-06-03T14:34:51Z	2024-06-03T17:04:27Z	exclude	provider_off_lattice_float_repr
csb/csv/2024/06/06/20240606130742203536_e150d9fe-d3d7-4d47-ba18-f82688e01b85_pointData.csv	956043	3680f7453080dcffb12a34b26afbaed7-1	2024-06-06T18:00:07.000Z	Rosepoint	ROSEP-e150d9fe-d3d7-4d47-ba18-f82688e01b85	2024-06-06T07:07:39Z	2024-06-06T13:07:40Z	keep	unique_1e-6_lattice_submission
csb/csv/2024/06/06/20240606131009421748_d6eb7b6d-04dc-4872-ba51-c3b4ce006807_pointData.csv	869932	80e1a324029814cb168982d90a190ecc-1	2024-06-06T18:00:07.000Z	FarSounder	FARSND-d6eb7b6d-04dc-4872-ba51-c3b4ce006807	2024-06-05T21:12:22.492Z	2024-06-06T06:00:33.811Z	exclude	provider_rolling_overlapping_resubmissions
csb/csv/2024/06/06/20240606131815407245_48e8b019-4141-4a35-bd63-b3be3e30b183_pointData.csv	63860	330b9cac2e9bfdbb3408b95665ff66a4-1	2024-06-06T18:00:07.000Z	Rosepoint	ROSEP-48e8b019-4141-4a35-bd63-b3be3e30b183	2024-06-06T07:17:20Z	2024-06-06T13:17:43Z	keep	unique_1e-6_lattice_submission
csb/csv/2024/06/06/20240606132005758895_672e2884-f0ed-44dc-b9bb-56d79261e4f1_pointData.csv	771138	a7207f8eee70cd193a3e44ca5bd62100-1	2024-06-06T18:00:08.000Z	Rosepoint	ROSEP-672e2884-f0ed-44dc-b9bb-56d79261e4f1	2024-06-06T07:19:32Z	2024-06-06T13:19:24Z	keep	unique_1e-6_lattice_submission
csb/csv/2024/06/06/20240606132356809406_ec72276e-3e2b-4d56-82bb-111fc86cbd77_pointData.csv	190863	bc423f4beedbde4d036f5962fbb10b29-1	2024-06-06T18:00:07.000Z	PGS	PGS-ec72276e-3e2b-4d56-82bb-111fc86cbd77	2024-06-06T12:00:01Z	2024-06-06T12:59:58Z	exclude	provider_mixed_1e-4_and_1e-6_lattice
csb/csv/2024/06/06/20240606132656445850_3b0c5ff2-0998-11eb-8eb6-98be942a5b5a_pointData.csv	167660	f9ca063aedfca1bc1c5c0e072d2f7f97-1	2024-06-06T18:00:08.000Z	PGS	PGS-3b0c5ff2-0998-11eb-8eb6-98be942a5b5a	2024-06-06T12:00:02Z	2024-06-06T12:59:59Z	exclude	provider_mixed_1e-4_and_1e-6_lattice
csb/csv/2024/06/06/20240606133204066816_56f26f84-bafc-4b36-8454-b8546bddcf1d_pointData.csv	63061	bf425d4c976ed1e1805aec762be9dd35-1	2024-06-06T18:00:08.000Z	Rosepoint	ROSEP-56f26f84-bafc-4b36-8454-b8546bddcf1d	2004-10-21T07:29:54Z	2004-10-21T13:31:07Z	keep	unique_1e-6_lattice_submission
csb/csv/2024/06/06/20240606134551435188_834f85c2-0999-11eb-a100-98be942a5b5a_pointData.csv	188188	190345a7bad342dbe45fd7fdc2a863a6-1	2024-06-06T18:00:08.000Z	PGS	PGS-834f85c2-0999-11eb-a100-98be942a5b5a	2024-06-06T12:00:00Z	2024-06-06T12:59:57Z	exclude	provider_mixed_1e-4_and_1e-6_lattice
csb/csv/2024/06/06/20240606134933587095_b46dfd84-2ce8-4a25-a16b-4af10b8eb60e_pointData.csv	116018	d4561c8074a7362b8bc4ea589f39c9a4-1	2024-06-06T18:00:08.000Z	Rosepoint	ROSEP-b46dfd84-2ce8-4a25-a16b-4af10b8eb60e	2024-06-06T07:48:35Z	2024-06-06T13:48:35Z	keep	unique_1e-6_lattice_submission
csb/csv/2024/06/06/20240606135828725390_251e0ec1-5645-476e-8563-9f34939f5d72_pointData.csv	405814	8a2c90721caa6dd94a0e9d05de1c31a3-1	2024-06-06T18:00:08.000Z	Rosepoint	ROSEP-251e0ec1-5645-476e-8563-9f34939f5d72	2024-06-06T07:58:20Z	2024-06-06T13:57:45Z	keep	unique_1e-6_lattice_submission
csb/csv/2024/06/06/20240606141951836707_ec72276e-3e2b-4d56-82bb-111fc86cbd77_pointData.csv	190863	ae0d819b5953701faed36b3197618929-1	2024-06-06T18:00:08.000Z	PGS	PGS-ec72276e-3e2b-4d56-82bb-111fc86cbd77	2024-06-06T13:00:01Z	2024-06-06T13:59:58Z	exclude	provider_mixed_1e-4_and_1e-6_lattice
csb/csv/2024/06/06/20240606142919113254_3b0c5ff2-0998-11eb-8eb6-98be942a5b5a_pointData.csv	171178	4501e97649e041dcda6dc16fad542742-1	2024-06-06T18:00:08.000Z	PGS	PGS-3b0c5ff2-0998-11eb-8eb6-98be942a5b5a	2024-06-06T13:00:02Z	2024-06-06T13:59:59Z	exclude	provider_mixed_1e-4_and_1e-6_lattice
csb/csv/2024/06/06/20240606143009289552_d6eb7b6d-04dc-4872-ba51-c3b4ce006807_pointData.csv	872712	d63bf1aa878463855c98bffa5f476288-1	2024-06-06T18:00:08.000Z	FarSounder	FARSND-d6eb7b6d-04dc-4872-ba51-c3b4ce006807	2024-06-05T21:12:22.492Z	2024-06-06T07:23:44.811Z	exclude	provider_rolling_overlapping_resubmissions
csb/csv/2024/06/06/20240606144318682731_834f85c2-0999-11eb-a100-98be942a5b5a_pointData.csv	188196	a2ea3109709525a93d25e2e38ab614b4-1	2024-06-06T18:00:08.000Z	PGS	PGS-834f85c2-0999-11eb-a100-98be942a5b5a	2024-06-06T13:00:00Z	2024-06-06T13:59:57Z	exclude	provider_mixed_1e-4_and_1e-6_lattice
csb/csv/2024/06/06/20240606150101266047_65e8651f30ed69-21362319_pointData.csv	147448	01a3187302909fab4ee186b188376e46-1	2024-06-06T18:00:08.000Z	AquaMap	AQM-65e8651f30ed69-21362319	2024-06-06T13:05:35Z	2024-06-06T13:29:09Z	exclude	provider_off_lattice_float_repr
csb/csv/2024/06/06/20240606151404735807_ec72276e-3e2b-4d56-82bb-111fc86cbd77_pointData.csv	190863	862e7a185e9c56876f8942cda177cddf-1	2024-06-06T18:00:08.000Z	PGS	PGS-ec72276e-3e2b-4d56-82bb-111fc86cbd77	2024-06-06T14:00:01Z	2024-06-06T14:59:58Z	exclude	provider_mixed_1e-4_and_1e-6_lattice
csb/csv/2024/06/06/20240606151450911438_414fef65-1bd7-4b7c-a601-f46e61ab0f8d_pointData.csv	2982232	9657e5acaf1e368c4cc0506e81994da2-1	2024-06-06T18:00:09.000Z	Rosepoint	ROSEP-414fef65-1bd7-4b7c-a601-f46e61ab0f8d	2024-06-06T09:13:22Z	2024-06-06T15:14:39Z	keep	unique_1e-6_lattice_submission
csb/csv/2024/06/06/20240606152821607647_3b0c5ff2-0998-11eb-8eb6-98be942a5b5a_pointData.csv	188707	6649c4d2e8c77b6b0c54a3445c7d63b0-1	2024-06-06T18:00:08.000Z	PGS	PGS-3b0c5ff2-0998-11eb-8eb6-98be942a5b5a	2024-06-06T14:00:02Z	2024-06-06T14:59:59Z	exclude	provider_mixed_1e-4_and_1e-6_lattice
csb/csv/2024/06/06/20240606154249137539_834f85c2-0999-11eb-a100-98be942a5b5a_pointData.csv	188137	d5cf6b43143da1b7b901ec2629428b6e-1	2024-06-06T18:00:09.000Z	PGS	PGS-834f85c2-0999-11eb-a100-98be942a5b5a	2024-06-06T14:00:00Z	2024-06-06T14:59:57Z	exclude	provider_mixed_1e-4_and_1e-6_lattice
csb/csv/2024/06/06/20240606155010993001_d6eb7b6d-04dc-4872-ba51-c3b4ce006807_pointData.csv	871254	9e8395a8c69f3e195c8c4b33eed56d31-1	2024-06-06T18:00:09.000Z	FarSounder	FARSND-d6eb7b6d-04dc-4872-ba51-c3b4ce006807	2024-06-05T21:12:22.492Z	2024-06-06T08:46:56.801Z	exclude	provider_rolling_overlapping_resubmissions
csb/csv/2024/06/06/20240606155054379767_c397eae3-6787-4d49-abbe-1de3758956f5_pointData.csv	1334094	5d4acaf7375b446896008684502de2a2-1	2024-06-06T18:00:09.000Z	Rosepoint	ROSEP-c397eae3-6787-4d49-abbe-1de3758956f5	2024-06-06T09:49:39Z	2024-06-06T15:50:17Z	keep	unique_1e-6_lattice_submission
csb/csv/2024/06/06/20240606155329628936_e557a017-0c75-4365-808a-680673bbb79e_pointData.csv	1987069	c76c46a3f04c6b4b185e04d966ab5c22-1	2024-06-06T18:00:09.000Z	Rosepoint	ROSEP-e557a017-0c75-4365-808a-680673bbb79e	2024-06-06T09:46:05Z	2024-06-06T15:52:13Z	keep	unique_1e-6_lattice_submission
csb/csv/2024/06/06/20240606155524275470_398c56de-e541-4380-9ee4-589ec53f46f6_pointData.csv	740107	a9fc8c1c9911d9fd457c87adf6dee5d9-1	2024-06-06T18:00:09.000Z	Rosepoint	ROSEP-398c56de-e541-4380-9ee4-589ec53f46f6	2024-06-06T09:54:18Z	2024-06-06T15:54:52Z	keep	unique_1e-6_lattice_submission
csb/csv/2024/06/06/20240606155850211274_c21bff07-b678-4dfb-ab54-a111660d6cfa_pointData.csv	1381287	b4813873903ad13dceee036cf5d1c458-1	2024-06-06T18:00:09.000Z	Rosepoint	ROSEP-c21bff07-b678-4dfb-ab54-a111660d6cfa	2024-06-06T09:57:57Z	2024-06-06T15:58:14Z	keep	unique_1e-6_lattice_submission
csb/csv/2024/06/06/20240606160046274184_622f6658743b89-54541644_pointData.csv	740221	0ecf655b00d85cde93492c5daa4fded5-1	2024-06-06T18:00:09.000Z	AquaMap	AQM-622f6658743b89-54541644	2024-05-04T19:29:44Z	2024-05-04T21:51:24Z	exclude	provider_off_lattice_float_repr
csb/csv/2024/06/06/20240606160053198672_622f6658743b89-54541644_pointData.csv	740221	23b2ae2075f8eccff6ae2ee6ac19cabc-1	2024-06-06T18:00:09.000Z	AquaMap	AQM-622f6658743b89-54541644	2024-05-04T19:29:44Z	2024-05-04T21:51:24Z	exclude	provider_off_lattice_float_repr
csb/csv/2024/06/06/20240606160107299837_bobetter_pointData.csv	431205	622a2534c2ef7237ffe442ecad13d9f0-1	2024-06-06T18:00:09.000Z	AquaMap	AQM-bobetter	2024-06-02T11:56:21Z	2024-06-02T12:50:45Z	exclude	provider_off_lattice_float_repr
csb/csv/2024/06/06/20240606160115401622_6081452d2f4a92-75863384_pointData.csv	814935	25bab13e9fb27e9f5eba119ded528f21-1	2024-06-06T18:00:10.000Z	AquaMap	AQM-6081452d2f4a92-75863384	2024-06-06T13:14:30Z	2024-06-06T15:30:40Z	exclude	provider_off_lattice_float_repr
csb/csv/2024/06/06/20240606160123361682_Flatswing_pointData.csv	680223	6cec11c3a08ec5852a559c7ec7b853cd-1	2024-06-06T18:00:10.000Z	AquaMap	AQM-Flatswing	2024-06-06T13:14:41Z	2024-06-06T15:30:10Z	exclude	provider_off_lattice_float_repr
csb/csv/2024/06/06/20240606160506391218_373e61a4-5650-43be-800f-e6197634cf6f_pointData.csv	2022930	44eeb89e9c9ef0e2c7555055546b22be-1	2024-06-06T18:00:10.000Z	Rosepoint	ROSEP-373e61a4-5650-43be-800f-e6197634cf6f	2024-06-06T10:04:42Z	2024-06-06T16:05:04Z	keep	unique_1e-6_lattice_submission
csb/csv/2024/06/06/20240606160908453176_071ba46a-9793-4306-a970-8461bae10e77_pointData.csv	2240199	07de314999980a274f14acc228d833c1-1	2024-06-06T18:00:10.000Z	Rosepoint	ROSEP-071ba46a-9793-4306-a970-8461bae10e77	2004-10-21T10:13:07Z	2004-10-21T16:08:50Z	keep	unique_1e-6_lattice_submission
csb/csv/2024/06/06/20240606161806339650_ec72276e-3e2b-4d56-82bb-111fc86cbd77_pointData.csv	190863	a0f59ab19b6a0640240b41eca572bca8-1	2024-06-06T18:00:10.000Z	PGS	PGS-ec72276e-3e2b-4d56-82bb-111fc86cbd77	2024-06-06T15:00:01Z	2024-06-06T15:59:58Z	exclude	provider_mixed_1e-4_and_1e-6_lattice
csb/csv/2024/06/06/20240606162241299195_11ce5241-356b-43ba-9456-f56555e0751a_pointData.csv	240995	984c8e1ff48af118f2ff702ab485b721-1	2024-06-06T18:00:10.000Z	Rosepoint	ROSEP-11ce5241-356b-43ba-9456-f56555e0751a	2024-06-06T10:22:44Z	2024-06-06T16:21:53Z	keep	unique_1e-6_lattice_submission
csb/csv/2024/06/06/20240606162244348897_3b0c5ff2-0998-11eb-8eb6-98be942a5b5a_pointData.csv	201128	ee1dd9c7a9e28f1e2651898db51ecf25-1	2024-06-06T18:00:10.000Z	PGS	PGS-3b0c5ff2-0998-11eb-8eb6-98be942a5b5a	2024-06-06T15:00:02Z	2024-06-06T15:59:59Z	exclude	provider_mixed_1e-4_and_1e-6_lattice
csb/csv/2024/06/06/20240606162647804359_4606e387-998b-46fb-b5a6-02c7eafa03da_pointData.csv	1360310	e03b5010f8723f77c22dc833b8b22cf0-1	2024-06-06T18:00:10.000Z	Rosepoint	ROSEP-4606e387-998b-46fb-b5a6-02c7eafa03da	2004-10-21T10:25:24Z	2004-10-21T16:26:21Z	keep	unique_1e-6_lattice_submission
csb/csv/2024/06/06/20240606164116952913_a0c5f5d4-2c89-4dc6-b6e8-695d93ab03b7_pointData.csv	46959	55f8c52b52bd4969290c001dcba82f4f-1	2024-06-06T18:00:10.000Z	Rosepoint	ROSEP-a0c5f5d4-2c89-4dc6-b6e8-695d93ab03b7	2024-06-06T02:11:02Z	2024-06-06T16:30:20Z	keep	unique_1e-6_lattice_submission
csb/csv/2024/06/06/20240606164446534913_834f85c2-0999-11eb-a100-98be942a5b5a_pointData.csv	188177	d0cb7a2fd41d2c5d7941b76941dc3eaf-1	2024-06-06T18:00:10.000Z	PGS	PGS-834f85c2-0999-11eb-a100-98be942a5b5a	2024-06-06T15:00:00Z	2024-06-06T15:59:57Z	exclude	provider_mixed_1e-4_and_1e-6_lattice
csb/csv/2024/06/06/20240606165047035535_f7904f6e-9198-4732-ad84-25948b446b65_pointData.csv	61645	94a3b99fbb9e80f730257f75b2d64ca0-1	2024-06-06T18:00:11.000Z	Rosepoint	ROSEP-f7904f6e-9198-4732-ad84-25948b446b65	2004-10-21T10:50:26Z	2004-10-21T16:50:38Z	keep	unique_1e-6_lattice_submission
csb/csv/2024/06/06/20240606165436785691_8250175b-3c29-4906-8437-5106955c99c6_pointData.csv	173489	d59256b75cd6742dc8fb9ad133036478-1	2024-06-06T18:00:11.000Z	Rosepoint	ROSEP-8250175b-3c29-4906-8437-5106955c99c6	2024-06-06T10:53:58Z	2024-06-06T16:53:42Z	keep	unique_1e-6_lattice_submission
csb/csv/2024/06/06/20240606170013630868_65e8651f30ed69-21362319_pointData.csv	41912	b84238984bbd8efa2f2633bfd4c61bea-1	2024-06-06T18:00:10.000Z	AquaMap	AQM-65e8651f30ed69-21362319	2024-06-06T16:24:50Z	2024-06-06T16:32:16Z	exclude	provider_off_lattice_float_repr
csb/csv/2024/06/06/20240606170040665961_62641c86-2ffe-4cee-b9c0-7ee36c1ad599_pointData.csv	1872320	1d5245a2ae0863246807c29dad436d27-1	2024-06-06T18:00:11.000Z	Rosepoint	ROSEP-62641c86-2ffe-4cee-b9c0-7ee36c1ad599	2024-06-06T10:56:32Z	2024-06-06T17:00:18Z	keep	unique_1e-6_lattice_submission
csb/csv/2024/06/06/20240606172009515310_d6eb7b6d-04dc-4872-ba51-c3b4ce006807_pointData.csv	870440	db6bffc3f25dbb81f2877c84f92873fa-1	2024-06-06T18:00:10.000Z	FarSounder	FARSND-d6eb7b6d-04dc-4872-ba51-c3b4ce006807	2024-06-05T21:12:22.492Z	2024-06-06T10:10:10.750Z	exclude	provider_rolling_overlapping_resubmissions
csb/csv/2024/06/06/20240606173137515800_ae9a5765-07b3-4441-9974-fd0443787689_pointData.csv	3907105	3dbfedaa8e1fcb441702498fb40788c5-1	2024-06-06T18:00:11.000Z	Rosepoint	ROSEP-ae9a5765-07b3-4441-9974-fd0443787689	2004-10-19T22:01:22Z	2004-10-20T18:25:57Z	keep	unique_1e-6_lattice_submission
csb/csv/2024/06/06/20240606173142500538_ec72276e-3e2b-4d56-82bb-111fc86cbd77_pointData.csv	190863	9e8eecf7d7119e9d242cfda44a79b4c7-1	2024-06-06T18:00:11.000Z	PGS	PGS-ec72276e-3e2b-4d56-82bb-111fc86cbd77	2024-06-06T16:00:01Z	2024-06-06T16:59:58Z	exclude	provider_mixed_1e-4_and_1e-6_lattice
csb/csv/2024/06/06/20240606174416145885_3b0c5ff2-0998-11eb-8eb6-98be942a5b5a_pointData.csv	201212	fceb2102cd134c9ead1f96525c4e1051-1	2024-06-06T18:00:11.000Z	PGS	PGS-3b0c5ff2-0998-11eb-8eb6-98be942a5b5a	2024-06-06T16:00:02Z	2024-06-06T16:59:59Z	exclude	provider_mixed_1e-4_and_1e-6_lattice
csb/csv/2024/06/06/20240606175208952806_cb1bbd67-78e2-4b5f-97e4-4ab1661c7454_pointData.csv	91757	55e106392c1d5cda5701dc71d701be32-1	2024-06-06T18:00:11.000Z	Rosepoint	ROSEP-cb1bbd67-78e2-4b5f-97e4-4ab1661c7454	2024-06-06T08:38:37Z	2024-06-06T17:51:15Z	keep	unique_1e-6_lattice_submission
csb/csv/2024/06/06/20240606180058309639_834f85c2-0999-11eb-a100-98be942a5b5a_pointData.csv	188204	f0511724fb66ef26e687789e397f6ce4-1	2024-06-07T00:00:09.000Z	PGS	PGS-834f85c2-0999-11eb-a100-98be942a5b5a	2024-06-06T16:00:00Z	2024-06-06T16:59:57Z	exclude	provider_mixed_1e-4_and_1e-6_lattice
csb/csv/2024/06/06/20240606180124533235_65e8651f30ed69-21362319_pointData.csv	29412	dfde57c36a953ddf72eb4b8bc45adc57-1	2024-06-07T00:00:09.000Z	AquaMap	AQM-65e8651f30ed69-21362319	2024-06-06T16:58:24Z	2024-06-06T17:03:28Z	exclude	provider_off_lattice_float_repr
csb/csv/2024/06/06/20240606180144199576_Flatswing_pointData.csv	653617	8513dcba76e849f004002f2f00097f6c-1	2024-06-07T00:00:11.000Z	AquaMap	AQM-Flatswing	2024-06-06T15:30:12Z	2024-06-06T17:38:48Z	exclude	provider_off_lattice_float_repr
csb/csv/2024/06/06/20240606180345132144_f73d4b8d-97c0-48ab-9200-c313709c76d0_pointData.csv	61504	443af9c3d9cfd65005a12978ddd9ac04-1	2024-06-07T00:00:10.000Z	Rosepoint	ROSEP-f73d4b8d-97c0-48ab-9200-c313709c76d0	2024-06-06T12:02:35Z	2024-06-06T18:02:46Z	keep	unique_1e-6_lattice_submission
csb/csv/2024/06/06/20240606180945975806_53df1aa6-1feb-47dc-a374-3880fae210fd_pointData.csv	5481519	560080bc9c9ac6fa3f657716e9a3c20e-2	2024-06-07T00:00:11.000Z	Rosepoint	ROSEP-53df1aa6-1feb-47dc-a374-3880fae210fd	2024-06-05T05:11:39Z	2024-06-06T11:52:20Z	keep	unique_1e-6_lattice_submission
csb/csv/2024/06/06/20240606183039651778_cdd0edb8-c483-4c48-be4d-93f29dcbc26c_pointData.csv	60796	ba230257517766ebfdbafaef84648a30-1	2024-06-07T00:00:10.000Z	Rosepoint	ROSEP-cdd0edb8-c483-4c48-be4d-93f29dcbc26c	2024-06-06T12:29:51Z	2024-06-06T18:29:59Z	keep	unique_1e-6_lattice_submission
csb/csv/2024/06/06/20240606183326108200_ec72276e-3e2b-4d56-82bb-111fc86cbd77_pointData.csv	190863	42b088aa241b3b3412cbc60df1c19e3f-1	2024-06-07T00:00:11.000Z	PGS	PGS-ec72276e-3e2b-4d56-82bb-111fc86cbd77	2024-06-06T17:00:01Z	2024-06-06T17:59:58Z	exclude	provider_mixed_1e-4_and_1e-6_lattice
csb/csv/2024/06/06/20240606183501516209_71760644-0627-4195-a949-735df5cab1ae_pointData.csv	3854843	8e65762c0152fd6c1503843d66eae956-1	2024-06-07T00:00:11.000Z	Rosepoint	ROSEP-71760644-0627-4195-a949-735df5cab1ae	2024-06-04T13:02:33Z	2024-06-06T16:57:36Z	keep	unique_1e-6_lattice_submission
csb/csv/2024/06/06/20240606183503973007_71760644-0627-4195-a949-735df5cab1ae_pointData.csv	897821	76ca73dc6e36458cb3163607380d0677-1	2024-06-07T00:00:11.000Z	Rosepoint	ROSEP-71760644-0627-4195-a949-735df5cab1ae	2024-06-06T16:57:38Z	2024-06-06T18:34:43Z	keep	unique_1e-6_lattice_submission
csb/csv/2024/06/06/20240606183620317728_3b0c5ff2-0998-11eb-8eb6-98be942a5b5a_pointData.csv	197252	8b3eeac755910fba4fc305cdfe0287af-1	2024-06-07T00:00:11.000Z	PGS	PGS-3b0c5ff2-0998-11eb-8eb6-98be942a5b5a	2024-06-06T17:00:02Z	2024-06-06T17:59:59Z	exclude	provider_mixed_1e-4_and_1e-6_lattice
csb/csv/2024/06/06/20240606184010719539_d6eb7b6d-04dc-4872-ba51-c3b4ce006807_pointData.csv	868641	a69f0138cd62e9500dab9b8594b5fc50-1	2024-06-07T00:00:11.000Z	FarSounder	FARSND-d6eb7b6d-04dc-4872-ba51-c3b4ce006807	2024-06-06T07:45:15.692Z	2024-06-06T11:33:25.834Z	exclude	provider_rolling_overlapping_resubmissions
csb/csv/2024/06/06/20240606184104576701_70946e11-d3aa-412d-8427-c23af3e246e3_pointData.csv	63995	8bae1fe5484ac8fd135b71a9a1ef5bcc-1	2024-06-07T00:00:11.000Z	Rosepoint	ROSEP-70946e11-d3aa-412d-8427-c23af3e246e3	2024-06-06T12:38:34Z	2024-06-06T18:40:39Z	keep	unique_1e-6_lattice_submission
csb/csv/2024/06/06/20240606184322769106_0dc4d7c1-f541-476d-a76b-72fb09ad1bd2_pointData.csv	63304	c1210c99d3742d48002e315b27ccf5c8-1	2024-06-07T00:00:12.000Z	Rosepoint	ROSEP-0dc4d7c1-f541-476d-a76b-72fb09ad1bd2	2024-06-06T12:42:26Z	2024-06-06T18:42:37Z	keep	unique_1e-6_lattice_submission
csb/csv/2024/06/06/20240606185353430186_834f85c2-0999-11eb-a100-98be942a5b5a_pointData.csv	188206	165e073aa794f447fafd4eddf8d065a3-1	2024-06-07T00:00:11.000Z	PGS	PGS-834f85c2-0999-11eb-a100-98be942a5b5a	2024-06-06T17:00:00Z	2024-06-06T17:59:57Z	exclude	provider_mixed_1e-4_and_1e-6_lattice
csb/csv/2024/06/06/20240606190046606445_ChapterFour_pointData.csv	98362	a212fe22f9d622cf90ae73f6bb3ea25c-1	2024-06-07T00:00:11.000Z	AquaMap	AQM-ChapterFour	2024-06-06T13:38:58Z	2024-06-06T13:55:44Z	exclude	provider_off_lattice_float_repr
csb/csv/2024/06/06/20240606190057951871_ChapterFour_pointData.csv	301641	79edf99efa4858e504b844f30491e759-1	2024-06-07T00:00:12.000Z	AquaMap	AQM-ChapterFour	2024-06-06T16:06:00Z	2024-06-06T17:05:31Z	exclude	provider_off_lattice_float_repr
csb/csv/2024/06/06/20240606190117061299_ChapterFour_pointData.csv	351003	f3cd056302b46909ac3e2ef5ea785308-1	2024-06-07T00:00:11.000Z	AquaMap	AQM-ChapterFour	2024-06-06T14:24:53Z	2024-06-06T15:18:34Z	exclude	provider_off_lattice_float_repr
csb/csv/2024/06/06/20240606190125471290_ChapterFour_pointData.csv	27543	22c4334b1014603d32e07c4c09c72eff-1	2024-06-07T00:00:11.000Z	AquaMap	AQM-ChapterFour	2024-06-06T17:15:02Z	2024-06-06T17:19:18Z	exclude	provider_off_lattice_float_repr
csb/csv/2024/06/06/20240606190150606026_ChapterFour_pointData.csv	211320	af0a92b7fcd857ef842a3eb0ed2b511d-1	2024-06-07T00:00:12.000Z	AquaMap	AQM-ChapterFour	2024-06-06T15:27:22Z	2024-06-06T16:01:11Z	exclude	provider_off_lattice_float_repr
csb/csv/2024/06/06/20240606190215551934_ChapterFour_pointData.csv	83812	a1a819b11c2b1362de52ae03d3bcd33b-1	2024-06-07T00:00:11.000Z	AquaMap	AQM-ChapterFour	2024-06-06T14:01:26Z	2024-06-06T14:17:53Z	exclude	provider_off_lattice_float_repr
csb/csv/2024/06/06/20240606190326410361_4411b9ca-6b0e-47d2-a6be-36e60a3b577a_pointData.csv	626403	84e3ac427bc115a59ac40529c52bd4a0-1	2024-06-07T00:00:12.000Z	Rosepoint	ROSEP-4411b9ca-6b0e-47d2-a6be-36e60a3b577a	2024-06-06T13:03:04Z	2024-06-06T19:03:24Z	keep	unique_1e-6_lattice_submission
csb/csv/2024/06/06/20240606190902061106_e150d9fe-d3d7-4d47-ba18-f82688e01b85_pointData.csv	1091398	25c8aeae581d4e2e93278cefb11e5fdc-1	2024-06-07T00:00:12.000Z	Rosepoint	ROSEP-e150d9fe-d3d7-4d47-ba18-f82688e01b85	2024-06-06T13:07:41Z	2024-06-06T19:08:01Z	keep	unique_1e-6_lattice_submission
csb/csv/2024/06/06/20240606190935996122_08b05f2b-eb9f-11ee-a43c-bd300fe11e8a_pointData.csv	231042	11c01a17bed5c94a27ebc1c53c9b0cf7-1	2024-06-07T00:00:12.000Z	GLOS	GLOS-08b05f2b-eb9f-11ee-a43c-bd300fe11e8a	2024-05-21T15:16:40Z	2024-05-21T15:39:47Z	keep	unique_1e-6_lattice_submission
csb/csv/2024/06/06/20240606190936713997_08b05f2b-eb9f-11ee-a43c-bd300fe11e8a_pointData.csv	231042	eb573e2c25b147fed6c67008f0bd649c-1	2024-06-07T00:00:12.000Z	GLOS	GLOS-08b05f2b-eb9f-11ee-a43c-bd300fe11e8a	2024-05-21T15:16:40Z	2024-05-21T15:39:47Z	exclude	exact_reupload_of:20240606190935996122_08b05f2b-eb9f-11ee-a43c-bd300fe11e8a_pointData.csv
csb/csv/2024/06/06/20240606191203933347_aec163d8-31de-42e1-b2cc-afe792e17e65_pointData.csv	3557	49a28ecc8f9866cc26c03e82ae3176bc-1	2024-06-07T00:00:12.000Z	Rosepoint	ROSEP-aec163d8-31de-42e1-b2cc-afe792e17e65	2024-03-21T12:29:55Z	2024-03-21T12:49:01Z	keep	unique_1e-6_lattice_submission
csb/csv/2024/06/06/20240606191209486933_aec163d8-31de-42e1-b2cc-afe792e17e65_pointData.csv	4159724	0907b53ff0806bd49885e48ee4c80b01-1	2024-06-07T00:00:12.000Z	Rosepoint	ROSEP-aec163d8-31de-42e1-b2cc-afe792e17e65	2024-04-05T14:20:31Z	2024-04-22T04:41:06Z	keep	unique_1e-6_lattice_submission
csb/csv/2024/06/06/20240606191449334269_08b05f2b-eb9f-11ee-a43c-bd300fe11e8a_pointData.csv	223755	a953f967b835e8e3aefdce6611214b72-1	2024-06-07T00:00:12.000Z	GLOS	GLOS-08b05f2b-eb9f-11ee-a43c-bd300fe11e8a	2024-05-21T15:39:49Z	2024-05-21T16:02:10Z	keep	unique_1e-6_lattice_submission
csb/csv/2024/06/06/20240606191450096406_08b05f2b-eb9f-11ee-a43c-bd300fe11e8a_pointData.csv	223755	4643f2afb6dc6ffa24b634b1fb9b0117-1	2024-06-07T00:00:12.000Z	GLOS	GLOS-08b05f2b-eb9f-11ee-a43c-bd300fe11e8a	2024-05-21T15:39:49Z	2024-05-21T16:02:10Z	exclude	exact_reupload_of:20240606191449334269_08b05f2b-eb9f-11ee-a43c-bd300fe11e8a_pointData.csv
csb/csv/2024/06/06/20240606191926167273_48e8b019-4141-4a35-bd63-b3be3e30b183_pointData.csv	576186	cd5418aa0e9af359a3aab97450462cdd-1	2024-06-07T00:00:13.000Z	Rosepoint	ROSEP-48e8b019-4141-4a35-bd63-b3be3e30b183	2024-06-06T13:18:44Z	2024-06-06T19:19:05Z	keep	unique_1e-6_lattice_submission
csb/csv/2024/06/06/20240606192043115469_08b05f2b-eb9f-11ee-a43c-bd300fe11e8a_pointData.csv	223556	92b2ba8a7681f40365e1df363ccc5163-1	2024-06-07T00:00:12.000Z	GLOS	GLOS-08b05f2b-eb9f-11ee-a43c-bd300fe11e8a	2024-05-21T16:02:13Z	2024-05-21T16:24:32Z	keep	unique_1e-6_lattice_submission
csb/csv/2024/06/06/20240606192043713578_08b05f2b-eb9f-11ee-a43c-bd300fe11e8a_pointData.csv	223556	1fa79daef37481ebcde865a2e7e58309-1	2024-06-07T00:00:12.000Z	GLOS	GLOS-08b05f2b-eb9f-11ee-a43c-bd300fe11e8a	2024-05-21T16:02:13Z	2024-05-21T16:24:32Z	exclude	exact_reupload_of:20240606192043115469_08b05f2b-eb9f-11ee-a43c-bd300fe11e8a_pointData.csv
csb/csv/2024/06/06/20240606192215810951_672e2884-f0ed-44dc-b9bb-56d79261e4f1_pointData.csv	811587	f240be1889484e872cf60d195429ac8e-1	2024-06-07T00:00:13.000Z	Rosepoint	ROSEP-672e2884-f0ed-44dc-b9bb-56d79261e4f1	2024-06-06T13:20:24Z	2024-06-06T19:21:31Z	keep	unique_1e-6_lattice_submission
csb/csv/2024/06/06/20240606192436115476_ec72276e-3e2b-4d56-82bb-111fc86cbd77_pointData.csv	190863	e84efa730ed4688ea62cb096a4064189-1	2024-06-07T00:00:12.000Z	PGS	PGS-ec72276e-3e2b-4d56-82bb-111fc86cbd77	2024-06-06T18:00:01Z	2024-06-06T18:59:58Z	exclude	provider_mixed_1e-4_and_1e-6_lattice
csb/csv/2024/06/06/20240606192622459488_08b05f2b-eb9f-11ee-a43c-bd300fe11e8a_pointData.csv	223134	27f74f2c806f8423ef840dbaa15393f3-1	2024-06-07T00:00:13.000Z	GLOS	GLOS-08b05f2b-eb9f-11ee-a43c-bd300fe11e8a	2024-05-21T16:24:34Z	2024-05-21T16:46:45Z	keep	unique_1e-6_lattice_submission
csb/csv/2024/06/06/20240606192622922890_08b05f2b-eb9f-11ee-a43c-bd300fe11e8a_pointData.csv	223134	bbfb70fae4ccaf09f07d471d7d84a4a6-1	2024-06-07T00:00:13.000Z	GLOS	GLOS-08b05f2b-eb9f-11ee-a43c-bd300fe11e8a	2024-05-21T16:24:34Z	2024-05-21T16:46:45Z	exclude	exact_reupload_of:20240606192622459488_08b05f2b-eb9f-11ee-a43c-bd300fe11e8a_pointData.csv
csb/csv/2024/06/06/20240606193228637713_08b05f2b-eb9f-11ee-a43c-bd300fe11e8a_pointData.csv	221078	8d7a5e1a0248f4fb8ac3d40f41d67299-1	2024-06-07T00:00:12.000Z	GLOS	GLOS-08b05f2b-eb9f-11ee-a43c-bd300fe11e8a	2024-05-21T16:46:47Z	2024-05-21T17:08:49Z	keep	unique_1e-6_lattice_submission
csb/csv/2024/06/06/20240606193229166497_08b05f2b-eb9f-11ee-a43c-bd300fe11e8a_pointData.csv	221078	fb20c43730ae818dcada830dea1b4b69-1	2024-06-07T00:00:13.000Z	GLOS	GLOS-08b05f2b-eb9f-11ee-a43c-bd300fe11e8a	2024-05-21T16:46:47Z	2024-05-21T17:08:49Z	exclude	exact_reupload_of:20240606193228637713_08b05f2b-eb9f-11ee-a43c-bd300fe11e8a_pointData.csv
csb/csv/2024/06/06/20240606193254065257_3b0c5ff2-0998-11eb-8eb6-98be942a5b5a_pointData.csv	198129	ee65ca8fab1aa822de15cc85cc465ae8-1	2024-06-07T00:00:13.000Z	PGS	PGS-3b0c5ff2-0998-11eb-8eb6-98be942a5b5a	2024-06-06T18:00:02Z	2024-06-06T18:59:59Z	exclude	provider_mixed_1e-4_and_1e-6_lattice
csb/csv/2024/06/06/20240606193418847704_56f26f84-bafc-4b36-8454-b8546bddcf1d_pointData.csv	72065	97d9370fea4953673d195d518c21043f-1	2024-06-07T00:00:13.000Z	Rosepoint	ROSEP-56f26f84-bafc-4b36-8454-b8546bddcf1d	2004-10-21T13:32:08Z	2004-10-21T19:33:55Z	keep	unique_1e-6_lattice_submission
csb/csv/2024/06/06/20240606193751757466_08b05f2b-eb9f-11ee-a43c-bd300fe11e8a_pointData.csv	221509	88e3ceafa7351b0e7e9d0fc4f0a0ea73-1	2024-06-07T00:00:13.000Z	GLOS	GLOS-08b05f2b-eb9f-11ee-a43c-bd300fe11e8a	2024-05-21T17:08:51Z	2024-05-21T17:30:57Z	keep	unique_1e-6_lattice_submission
csb/csv/2024/06/06/20240606193752221872_08b05f2b-eb9f-11ee-a43c-bd300fe11e8a_pointData.csv	221509	28c189d68a00ebfddd6c7fc75d5d807b-1	2024-06-07T00:00:13.000Z	GLOS	GLOS-08b05f2b-eb9f-11ee-a43c-bd300fe11e8a	2024-05-21T17:08:51Z	2024-05-21T17:30:57Z	exclude	exact_reupload_of:20240606193751757466_08b05f2b-eb9f-11ee-a43c-bd300fe11e8a_pointData.csv
csb/csv/2024/06/06/20240606194401692994_08b05f2b-eb9f-11ee-a43c-bd300fe11e8a_pointData.csv	222721	c4bd0627e5ca024374d8dc0362594d7b-1	2024-06-07T00:00:13.000Z	GLOS	GLOS-08b05f2b-eb9f-11ee-a43c-bd300fe11e8a	2024-05-21T17:30:59Z	2024-05-21T17:53:08Z	keep	unique_1e-6_lattice_submission
csb/csv/2024/06/06/20240606194402261888_08b05f2b-eb9f-11ee-a43c-bd300fe11e8a_pointData.csv	222721	e2df6a1d8b98c00be39a49ae4f8c2c71-1	2024-06-07T00:00:14.000Z	GLOS	GLOS-08b05f2b-eb9f-11ee-a43c-bd300fe11e8a	2024-05-21T17:30:59Z	2024-05-21T17:53:08Z	exclude	exact_reupload_of:20240606194401692994_08b05f2b-eb9f-11ee-a43c-bd300fe11e8a_pointData.csv
csb/csv/2024/06/06/20240606194908882578_08b05f2b-eb9f-11ee-a43c-bd300fe11e8a_pointData.csv	223210	169ea4482a23f81ad25e9ce9a5f82037-1	2024-06-07T00:00:13.000Z	GLOS	GLOS-08b05f2b-eb9f-11ee-a43c-bd300fe11e8a	2024-05-21T17:53:11Z	2024-05-21T18:15:22Z	keep	unique_1e-6_lattice_submission
csb/csv/2024/06/06/20240606194909391357_08b05f2b-eb9f-11ee-a43c-bd300fe11e8a_pointData.csv	223210	75e328053c3895bc8b75b4ada554bfa5-1	2024-06-07T00:00:14.000Z	GLOS	GLOS-08b05f2b-eb9f-11ee-a43c-bd300fe11e8a	2024-05-21T17:53:11Z	2024-05-21T18:15:22Z	exclude	exact_reupload_of:20240606194908882578_08b05f2b-eb9f-11ee-a43c-bd300fe11e8a_pointData.csv
csb/csv/2024/06/06/20240606195044006208_b46dfd84-2ce8-4a25-a16b-4af10b8eb60e_pointData.csv	61681	d8a43e714c83f55f89cc7bdb221022dc-1	2024-06-07T00:00:13.000Z	Rosepoint	ROSEP-b46dfd84-2ce8-4a25-a16b-4af10b8eb60e	2024-06-06T13:49:35Z	2024-06-06T19:50:36Z	keep	unique_1e-6_lattice_submission
csb/csv/2024/06/06/20240606195340682934_6436aa4a-fdc1-11ee-bb46-7729efb26c37_pointData.csv	231446	2c7cce9f7e0fa5a54bc60656950713b4-1	2024-06-07T00:00:14.000Z	COMIT USF	COMITUSF-6436aa4a-fdc1-11ee-bb46-7729efb26c37	2024-06-06T05:32:18Z	2024-06-06T05:53:38Z	keep	unique_1e-6_lattice_submission
csb/csv/2024/06/06/20240606195341203053_6436aa4a-fdc1-11ee-bb46-7729efb26c37_pointData.csv	231446	f79ef1dc82afcae1b457a89abca5ffb4-1	2024-06-07T00:00:14.000Z	COMIT USF	COMITUSF-6436aa4a-fdc1-11ee-bb46-7729efb26c37	2024-06-06T05:32:18Z	2024-06-06T05:53:38Z	exclude	exact_reupload_of:20240606195340682934_6436aa4a-fdc1-11ee-bb46-7729efb26c37_pointData.csv
csb/csv/2024/06/06/20240606195525781484_08b05f2b-eb9f-11ee-a43c-bd300fe11e8a_pointData.csv	222532	54f2fd4e8d5c0df86a043addd513e4a2-1	2024-06-07T00:00:13.000Z	GLOS	GLOS-08b05f2b-eb9f-11ee-a43c-bd300fe11e8a	2024-05-21T18:15:24Z	2024-05-21T18:37:33Z	keep	unique_1e-6_lattice_submission
csb/csv/2024/06/06/20240606195526302096_08b05f2b-eb9f-11ee-a43c-bd300fe11e8a_pointData.csv	222532	94222b64e3de1a146622415e13d42866-1	2024-06-07T00:00:14.000Z	GLOS	GLOS-08b05f2b-eb9f-11ee-a43c-bd300fe11e8a	2024-05-21T18:15:24Z	2024-05-21T18:37:33Z	exclude	exact_reupload_of:20240606195525781484_08b05f2b-eb9f-11ee-a43c-bd300fe11e8a_pointData.csv
csb/csv/2024/06/06/20240606195740147376_834f85c2-0999-11eb-a100-98be942a5b5a_pointData.csv	188205	a372415a3eac437ce6123b094c732d25-1	2024-06-07T00:00:14.000Z	PGS	PGS-834f85c2-0999-11eb-a100-98be942a5b5a	2024-06-06T18:00:00Z	2024-06-06T18:59:57Z	exclude	provider_mixed_1e-4_and_1e-6_lattice
csb/csv/2024/06/06/20240606195947279277_251e0ec1-5645-476e-8563-9f34939f5d72_pointData.csv	330258	ee88e1f27e34d88f4a5a3fcf6fd9634d-1	2024-06-07T00:00:14.000Z	Rosepoint	ROSEP-251e0ec1-5645-476e-8563-9f34939f5d72	2024-06-06T13:58:46Z	2024-06-06T19:59:44Z	keep	unique_1e-6_lattice_submission
csb/csv/2024/06/06/20240606200011842827_d6eb7b6d-04dc-4872-ba51-c3b4ce006807_pointData.csv	867187	3f51b02b1e4aea9e925a0a9d4dcb3225-1	2024-06-07T00:00:15.000Z	FarSounder	FARSND-d6eb7b6d-04dc-4872-ba51-c3b4ce006807	2024-06-06T09:59:27.743Z	2024-06-06T12:56:29.698Z	exclude	provider_rolling_overlapping_resubmissions
csb/csv/2024/06/06/20240606200053820264_08b05f2b-eb9f-11ee-a43c-bd300fe11e8a_pointData.csv	226593	c20dddf3c124b7cc4de1bfc0552ce221-1	2024-06-07T00:00:14.000Z	GLOS	GLOS-08b05f2b-eb9f-11ee-a43c-bd300fe11e8a	2024-05-21T18:37:35Z	2024-05-21T19:00:08Z	keep	unique_1e-6_lattice_submission
csb/csv/2024/06/06/20240606200054414886_08b05f2b-eb9f-11ee-a43c-bd300fe11e8a_pointData.csv	226593	752aeb626a4fb10938a9b41d7c6e0d98-1	2024-06-07T00:00:14.000Z	GLOS	GLOS-08b05f2b-eb9f-11ee-a43c-bd300fe11e8a	2024-05-21T18:37:35Z	2024-05-21T19:00:08Z	exclude	exact_reupload_of:20240606200053820264_08b05f2b-eb9f-11ee-a43c-bd300fe11e8a_pointData.csv
csb/csv/2024/06/06/20240606200651593859_08b05f2b-eb9f-11ee-a43c-bd300fe11e8a_pointData.csv	225386	82204618915f5f0d95c821969973be21-1	2024-06-07T00:00:14.000Z	GLOS	GLOS-08b05f2b-eb9f-11ee-a43c-bd300fe11e8a	2024-05-21T19:00:10Z	2024-05-21T19:22:33Z	keep	unique_1e-6_lattice_submission
csb/csv/2024/06/06/20240606200652118037_08b05f2b-eb9f-11ee-a43c-bd300fe11e8a_pointData.csv	225386	187461cb54215219bcac319fa4665c3b-1	2024-06-07T00:00:14.000Z	GLOS	GLOS-08b05f2b-eb9f-11ee-a43c-bd300fe11e8a	2024-05-21T19:00:10Z	2024-05-21T19:22:33Z	exclude	exact_reupload_of:20240606200651593859_08b05f2b-eb9f-11ee-a43c-bd300fe11e8a_pointData.csv
csb/csv/2024/06/06/20240606202009596771_08b05f2b-eb9f-11ee-a43c-bd300fe11e8a_pointData.csv	223218	ba31da5a240bcd2be1d6b573d49d1bae-1	2024-06-07T00:00:14.000Z	GLOS	GLOS-08b05f2b-eb9f-11ee-a43c-bd300fe11e8a	2024-05-21T19:22:35Z	2024-05-21T19:44:49Z	keep	unique_1e-6_lattice_submission
csb/csv/2024/06/06/20240606202010128783_08b05f2b-eb9f-11ee-a43c-bd300fe11e8a_pointData.csv	223218	5007be8d3d3fab1034b631f5e049feb9-1	2024-06-07T00:00:15.000Z	GLOS	GLOS-08b05f2b-eb9f-11ee-a43c-bd300fe11e8a	2024-05-21T19:22:35Z	2024-05-21T19:44:49Z	exclude	exact_reupload_of:20240606202009596771_08b05f2b-eb9f-11ee-a43c-bd300fe11e8a_pointData.csv
csb/csv/2024/06/06/20240606202411684452_ae9a5765-07b3-4441-9974-fd0443787689_pointData.csv	2041394	4a75ce75d97e48146eb576e21d94dccd-1	2024-06-07T00:00:15.000Z	Rosepoint	ROSEP-ae9a5765-07b3-4441-9974-fd0443787689	2004-10-20T18:25:58Z	2004-10-21T20:22:59Z	keep	unique_1e-6_lattice_submission
csb/csv/2024/06/06/20240606202533249937_ec72276e-3e2b-4d56-82bb-111fc86cbd77_pointData.csv	190863	123a3c0b2c3c99a884594d401a8f854c-1	2024-06-07T00:00:15.000Z	PGS	PGS-ec72276e-3e2b-4d56-82bb-111fc86cbd77	2024-06-06T19:00:01Z	2024-06-06T19:59:58Z	exclude	provider_mixed_1e-4_and_1e-6_lattice
csb/csv/2024/06/06/20240606202604876015_08b05f2b-eb9f-11ee-a43c-bd300fe11e8a_pointData.csv	221978	c32857727c891623a993fb95aeb48779-1	2024-06-07T00:00:14.000Z	GLOS	GLOS-08b05f2b-eb9f-11ee-a43c-bd300fe11e8a	2024-05-21T19:44:51Z	2024-05-21T20:07:01Z	keep	unique_1e-6_lattice_submission
csb/csv/2024/06/06/20240606202605377344_08b05f2b-eb9f-11ee-a43c-bd300fe11e8a_pointData.csv	221978	c06caf40ce9107fde2ba6a689fffadb6-1	2024-06-07T00:00:15.000Z	GLOS	GLOS-08b05f2b-eb9f-11ee-a43c-bd300fe11e8a	2024-05-21T19:44:51Z	2024-05-21T20:07:01Z	exclude	exact_reupload_of:20240606202604876015_08b05f2b-eb9f-11ee-a43c-bd300fe11e8a_pointData.csv
csb/csv/2024/06/06/20240606203223179638_08b05f2b-eb9f-11ee-a43c-bd300fe11e8a_pointData.csv	219484	95e358e38d4798691b76b7df9f5bda4c-1	2024-06-07T00:00:15.000Z	GLOS	GLOS-08b05f2b-eb9f-11ee-a43c-bd300fe11e8a	2024-05-21T20:07:03Z	2024-05-21T20:29:00Z	keep	unique_1e-6_lattice_submission
csb/csv/2024/06/06/20240606203223711739_08b05f2b-eb9f-11ee-a43c-bd300fe11e8a_pointData.csv	219484	27a3e7cde7879011b0a82c62602dd6b5-1	2024-06-07T00:00:15.000Z	GLOS	GLOS-08b05f2b-eb9f-11ee-a43c-bd300fe11e8a	2024-05-21T20:07:03Z	2024-05-21T20:29:00Z	exclude	exact_reupload_of:20240606203223179638_08b05f2b-eb9f-11ee-a43c-bd300fe11e8a_pointData.csv
csb/csv/2024/06/06/20240606203312559907_3b0c5ff2-0998-11eb-8eb6-98be942a5b5a_pointData.csv	186450	8a815a5bb9855b2b2fc45193bea4d131-1	2024-06-07T00:00:15.000Z	PGS	PGS-3b0c5ff2-0998-11eb-8eb6-98be942a5b5a	2024-06-06T19:00:02Z	2024-06-06T19:59:59Z	exclude	provider_mixed_1e-4_and_1e-6_lattice
csb/csv/2024/06/06/20240606204721877679_08b05f2b-eb9f-11ee-a43c-bd300fe11e8a_pointData.csv	220504	10d6932b02818a52f347eddf056572a7-1	2024-06-07T00:00:15.000Z	GLOS	GLOS-08b05f2b-eb9f-11ee-a43c-bd300fe11e8a	2024-05-21T20:29:02Z	2024-05-21T20:51:00Z	keep	unique_1e-6_lattice_submission
csb/csv/2024/06/06/20240606204722376901_08b05f2b-eb9f-11ee-a43c-bd300fe11e8a_pointData.csv	220504	0a5948fe3b964589001f26a28c061f1b-1	2024-06-07T00:00:15.000Z	GLOS	GLOS-08b05f2b-eb9f-11ee-a43c-bd300fe11e8a	2024-05-21T20:29:02Z	2024-05-21T20:51:00Z	exclude	exact_reupload_of:20240606204721877679_08b05f2b-eb9f-11ee-a43c-bd300fe11e8a_pointData.csv
csb/csv/2024/06/06/20240606205103417768_834f85c2-0999-11eb-a100-98be942a5b5a_pointData.csv	188149	d909fa8df5b5fed092be5ba65bfadf35-1	2024-06-07T00:00:16.000Z	PGS	PGS-834f85c2-0999-11eb-a100-98be942a5b5a	2024-06-06T19:00:00Z	2024-06-06T19:59:57Z	exclude	provider_mixed_1e-4_and_1e-6_lattice
csb/csv/2024/06/06/20240606205218130407_6436aa4a-fdc1-11ee-bb46-7729efb26c37_pointData.csv	584559	56be5275c508216c39941bf0f4f6be44-1	2024-06-07T00:00:15.000Z	COMIT USF	COMITUSF-6436aa4a-fdc1-11ee-bb46-7729efb26c37	2024-06-06T19:52:42Z	2024-06-06T20:48:54Z	keep	unique_1e-6_lattice_submission
csb/csv/2024/06/06/20240606205218881337_6436aa4a-fdc1-11ee-bb46-7729efb26c37_pointData.csv	584559	52b66e2cdf540164e3729b5528ffd538-1	2024-06-07T00:00:15.000Z	COMIT USF	COMITUSF-6436aa4a-fdc1-11ee-bb46-7729efb26c37	2024-06-06T19:52:42Z	2024-06-06T20:48:54Z	exclude	exact_reupload_of:20240606205218130407_6436aa4a-fdc1-11ee-bb46-7729efb26c37_pointData.csv
csb/csv/2024/06/06/20240606205307555484_08b05f2b-eb9f-11ee-a43c-bd300fe11e8a_pointData.csv	223320	5fd222625befebe160faceada51539a5-1	2024-06-07T00:00:16.000Z	GLOS	GLOS-08b05f2b-eb9f-11ee-a43c-bd300fe11e8a	2024-05-21T20:51:02Z	2024-05-21T21:13:12Z	keep	unique_1e-6_lattice_submission
csb/csv/2024/06/06/20240606205308039420_08b05f2b-eb9f-11ee-a43c-bd300fe11e8a_pointData.csv	223320	3ec1274690df6a448724574a4ff17e6d-1	2024-06-07T00:00:15.000Z	GLOS	GLOS-08b05f2b-eb9f-11ee-a43c-bd300fe11e8a	2024-05-21T20:51:02Z	2024-05-21T21:13:12Z	exclude	exact_reupload_of:20240606205307555484_08b05f2b-eb9f-11ee-a43c-bd300fe11e8a_pointData.csv
csb/csv/2024/06/06/20240606205419886726_0d1b6ce0-e5ec-40f1-99a9-2187e8d08bf4_pointData.csv	4032500	7ba1a392b46f552ddce723bd88873833-1	2024-06-07T00:00:16.000Z	Rosepoint	ROSEP-0d1b6ce0-e5ec-40f1-99a9-2187e8d08bf4	2004-10-21T03:54:33Z	2004-10-21T10:58:16Z	keep	unique_1e-6_lattice_submission
csb/csv/2024/06/06/20240606205605764509_4f651d43-9a33-452c-9299-6ab08ed9d831_pointData.csv	995566	d20b84fb5d1d4de92049f173db02a84a-1	2024-06-07T00:00:16.000Z	Rosepoint	ROSEP-4f651d43-9a33-452c-9299-6ab08ed9d831	2024-06-06T08:54:42Z	2024-06-06T20:55:28Z	keep	unique_1e-6_lattice_submission
csb/csv/2024/06/06/20240606205848733335_08b05f2b-eb9f-11ee-a43c-bd300fe11e8a_pointData.csv	222163	558c2323008c15178880d10b67f30011-1	2024-06-07T00:00:16.000Z	GLOS	GLOS-08b05f2b-eb9f-11ee-a43c-bd300fe11e8a	2024-05-21T21:13:14Z	2024-05-21T21:35:23Z	keep	unique_1e-6_lattice_submission
csb/csv/2024/06/06/20240606205849266469_08b05f2b-eb9f-11ee-a43c-bd300fe11e8a_pointData.csv	222163	f4993683d36c9b1748b6b1242e513337-1	2024-06-07T00:00:16.000Z	GLOS	GLOS-08b05f2b-eb9f-11ee-a43c-bd300fe11e8a	2024-05-21T21:13:14Z	2024-05-21T21:35:23Z	exclude	exact_reupload_of:20240606205848733335_08b05f2b-eb9f-11ee-a43c-bd300fe11e8a_pointData.csv
csb/csv/2024/06/06/20240606211627582149_414fef65-1bd7-4b7c-a601-f46e61ab0f8d_pointData.csv	3085823	157054ba55ea4a4db8850401f10b32c3-1	2024-06-07T00:00:16.000Z	Rosepoint	ROSEP-414fef65-1bd7-4b7c-a601-f46e61ab0f8d	2024-06-06T15:15:39Z	2024-06-06T21:16:16Z	keep	unique_1e-6_lattice_submission
csb/csv/2024/06/06/20240606212025445379_83e03090-0999-11eb-b6ea-98be942a5b5a_pointData.csv	189398	05b999c472a80ed74c3d839b5587f818-1	2024-06-07T00:00:16.000Z	PGS	PGS-83e03090-0999-11eb-b6ea-98be942a5b5a	2024-06-06T20:00:01Z	2024-06-06T20:59:58Z	exclude	provider_mixed_1e-4_and_1e-6_lattice
csb/csv/2024/06/06/20240606212441393164_ec72276e-3e2b-4d56-82bb-111fc86cbd77_pointData.csv	190863	d77ab19146380223aa053d1de8d9536f-1	2024-06-07T00:00:16.000Z	PGS	PGS-ec72276e-3e2b-4d56-82bb-111fc86cbd77	2024-06-06T20:00:01Z	2024-06-06T20:59:58Z	exclude	provider_mixed_1e-4_and_1e-6_lattice
csb/csv/2024/06/06/20240606213011210112_d6eb7b6d-04dc-4872-ba51-c3b4ce006807_pointData.csv	872113	c0d6c89fdb5619c55a6ddc6dec324bd4-1	2024-06-07T00:00:16.000Z	FarSounder	FARSND-d6eb7b6d-04dc-4872-ba51-c3b4ce006807	2024-06-06T09:59:27.743Z	2024-06-06T14:19:38.777Z	exclude	provider_rolling_overlapping_resubmissions
csb/csv/2024/06/06/20240606213047101099_3b0c5ff2-0998-11eb-8eb6-98be942a5b5a_pointData.csv	184553	67a1d9b704723b67d3326edfd63e5959-1	2024-06-07T00:00:16.000Z	PGS	PGS-3b0c5ff2-0998-11eb-8eb6-98be942a5b5a	2024-06-06T20:00:02Z	2024-06-06T20:59:59Z	exclude	provider_mixed_1e-4_and_1e-6_lattice
csb/csv/2024/06/06/20240606214540624164_834f85c2-0999-11eb-a100-98be942a5b5a_pointData.csv	188226	794f654ece83d60a2382955761a0772e-1	2024-06-07T00:00:17.000Z	PGS	PGS-834f85c2-0999-11eb-a100-98be942a5b5a	2024-06-06T20:00:00Z	2024-06-06T20:59:58Z	exclude	provider_mixed_1e-4_and_1e-6_lattice
csb/csv/2024/06/06/20240606215144947057_c397eae3-6787-4d49-abbe-1de3758956f5_pointData.csv	1596849	7f5d178d149a975c4ece6890e56d0de0-1	2024-06-07T00:00:16.000Z	Rosepoint	ROSEP-c397eae3-6787-4d49-abbe-1de3758956f5	2024-06-06T15:51:17Z	2024-06-06T21:51:24Z	keep	unique_1e-6_lattice_submission
csb/csv/2024/06/06/20240606215526911625_e557a017-0c75-4365-808a-680673bbb79e_pointData.csv	1319613	6e608a6fd34fe478fbf8fc1bba384309-1	2024-06-07T00:00:17.000Z	Rosepoint	ROSEP-e557a017-0c75-4365-808a-680673bbb79e	2024-06-06T16:02:34Z	2024-06-06T21:54:07Z	keep	unique_1e-6_lattice_submission
csb/csv/2024/06/06/20240606215655189232_398c56de-e541-4380-9ee4-589ec53f46f6_pointData.csv	857112	86011bbebf8492117927a2ef5d7bf18f-1	2024-06-07T00:00:17.000Z	Rosepoint	ROSEP-398c56de-e541-4380-9ee4-589ec53f46f6	2024-06-06T15:55:53Z	2024-06-06T21:56:48Z	keep	unique_1e-6_lattice_submission
csb/csv/2024/06/06/20240606220013183515_c21bff07-b678-4dfb-ab54-a111660d6cfa_pointData.csv	62759	c19c3090331ee69e4d2874c2f1cdba24-1	2024-06-07T00:00:16.000Z	Rosepoint	ROSEP-c21bff07-b678-4dfb-ab54-a111660d6cfa	2024-06-06T15:59:14Z	2024-06-06T21:59:37Z	keep	unique_1e-6_lattice_submission
csb/csv/2024/06/06/20240606220256131547_ae9a5765-07b3-4441-9974-fd0443787689_pointData.csv	437024	fecad569b8d7e5a3fa24b0cefb3ed0ff-1	2024-06-07T00:00:17.000Z	Rosepoint	ROSEP-ae9a5765-07b3-4441-9974-fd0443787689	2004-10-21T20:23:58Z	2004-10-21T22:01:37Z	keep	unique_1e-6_lattice_submission
csb/csv/2024/06/06/20240606220527143745_373e61a4-5650-43be-800f-e6197634cf6f_pointData.csv	3546254	d1252515150303dadc16f2c9739ac220-1	2024-06-07T00:00:17.000Z	Rosepoint	ROSEP-373e61a4-5650-43be-800f-e6197634cf6f	2024-06-06T16:05:05Z	2024-06-06T22:05:22Z	keep	unique_1e-6_lattice_submission
csb/csv/2024/06/06/20240606225007329438_9b7f58d2-f3d7-488a-b5be-7858060138fd_pointData.csv	8833	905d236301644ccadefe98eefff57cb7-1	2024-06-07T00:00:17.000Z	FarSounder	FARSND-9b7f58d2-f3d7-488a-b5be-7858060138fd	2024-05-21T18:08:08.028Z	2024-05-21T18:08:57.518Z	exclude	provider_rolling_overlapping_resubmissions
csb/csv/2024/06/06/20240606225019945202_d6eb7b6d-04dc-4872-ba51-c3b4ce006807_pointData.csv	853636	82dc14a0b512598b4bcf310ff22fb378-1	2024-06-07T00:00:17.000Z	FarSounder	FARSND-d6eb7b6d-04dc-4872-ba51-c3b4ce006807	2024-06-06T09:59:27.743Z	2024-06-06T15:41:10.727Z	exclude	provider_rolling_overlapping_resubmissions
csb/csv/2024/06/06/20240606225304575150_f7904f6e-9198-4732-ad84-25948b446b65_pointData.csv	828014	e81bd7601ddfe87f5ba654845281ffe3-1	2025-01-13T19:30:35.000Z	Rosepoint	ROSEP-f7904f6e-9198-4732-ad84-25948b446b65	2004-10-21T16:51:38Z	2004-10-21T22:52:28Z	keep	unique_1e-6_lattice_submission
csb/csv/2024/06/06/20240606225553253924_8250175b-3c29-4906-8437-5106955c99c6_pointData.csv	61712	05ad8527616a0ffcbf7712bff6a6e6e6-1	2024-06-07T00:00:17.000Z	Rosepoint	ROSEP-8250175b-3c29-4906-8437-5106955c99c6	2024-06-06T16:54:42Z	2024-06-06T22:55:08Z	keep	unique_1e-6_lattice_submission
csb/csv/2024/06/06/20240606225700903050_83e03090-0999-11eb-b6ea-98be942a5b5a_pointData.csv	189394	be5c24cf250a35521179654088ea5e27-1	2024-06-07T00:00:18.000Z	PGS	PGS-83e03090-0999-11eb-b6ea-98be942a5b5a	2024-06-06T21:00:01Z	2024-06-06T21:59:58Z	exclude	provider_mixed_1e-4_and_1e-6_lattice
csb/csv/2024/06/06/20240606230140303200_62641c86-2ffe-4cee-b9c0-7ee36c1ad599_pointData.csv	3408647	0518867b9af19b82230c6e827fcfbe78-1	2024-06-07T00:00:17.000Z	Rosepoint	ROSEP-62641c86-2ffe-4cee-b9c0-7ee36c1ad599	2024-06-06T17:00:19Z	2024-06-06T23:01:26Z	keep	unique_1e-6_lattice_submission
csb/csv/2024/06/06/20240606233521761856_834f85c2-0999-11eb-a100-98be942a5b5a_pointData.csv	188197	af733686cfe907823707be7ac6edcb7b-1	2024-06-07T00:00:17.000Z	PGS	PGS-834f85c2-0999-11eb-a100-98be942a5b5a	2024-06-06T22:00:01Z	2024-06-06T22:59:58Z	exclude	provider_mixed_1e-4_and_1e-6_lattice
csb/csv/2024/06/06/20240606235037673384_53df1aa6-1feb-47dc-a374-3880fae210fd_pointData.csv	4015405	94a153bbc138d077f5964a08cee01aea-1	2024-06-07T00:00:17.000Z	Rosepoint	ROSEP-53df1aa6-1feb-47dc-a374-3880fae210fd	2024-06-06T11:52:21Z	2024-06-06T19:00:27Z	keep	unique_1e-6_lattice_submission
csb/csv/2024/06/07/20240607000355478188_83e03090-0999-11eb-b6ea-98be942a5b5a_pointData.csv	189389	c9bcb5aa6cf2fa5b68d8bacc8f978a46-1	2024-06-07T06:00:03.000Z	PGS	PGS-83e03090-0999-11eb-b6ea-98be942a5b5a	2024-06-06T22:00:01Z	2024-06-06T22:59:58Z	exclude	provider_mixed_1e-4_and_1e-6_lattice
csb/csv/2024/06/07/20240607000504556840_f73d4b8d-97c0-48ab-9200-c313709c76d0_pointData.csv	61311	a534f65043c183d0df6c7410a1fd4b72-1	2024-06-07T06:00:03.000Z	Rosepoint	ROSEP-f73d4b8d-97c0-48ab-9200-c313709c76d0	2024-06-06T18:03:46Z	2024-06-07T00:04:53Z	keep	unique_1e-6_lattice_submission
csb/csv/2024/06/07/20240607000720035670_ec72276e-3e2b-4d56-82bb-111fc86cbd77_pointData.csv	190863	5a5cb39a9602d19f9a4dda14001dcc0e-1	2024-06-07T06:00:03.000Z	PGS	PGS-ec72276e-3e2b-4d56-82bb-111fc86cbd77	2024-06-06T22:00:01Z	2024-06-06T22:59:59Z	exclude	provider_mixed_1e-4_and_1e-6_lattice
csb/csv/2024/06/07/20240607000720804554_ec72276e-3e2b-4d56-82bb-111fc86cbd77_pointData.csv	190863	4f8f319049529ae801ec9ce5b03bdd53-1	2025-01-13T19:30:35.000Z	PGS	PGS-ec72276e-3e2b-4d56-82bb-111fc86cbd77	2024-06-06T23:00:02Z	2024-06-06T23:59:59Z	exclude	provider_mixed_1e-4_and_1e-6_lattice
csb/csv/2024/06/07/20240607001006952709_9b7f58d2-f3d7-488a-b5be-7858060138fd_pointData.csv	8833	ec1a86ffa550ab02804891ff9e940ee4-1	2024-06-07T06:00:03.000Z	FarSounder	FARSND-9b7f58d2-f3d7-488a-b5be-7858060138fd	2024-05-21T18:08:08.028Z	2024-05-21T18:08:57.518Z	exclude	provider_rolling_overlapping_resubmissions
csb/csv/2024/06/07/20240607001013680793_d6eb7b6d-04dc-4872-ba51-c3b4ce006807_pointData.csv	836646	aba784028cfeb979015c4e6e6d990b1f-1	2024-06-07T06:00:03.000Z	FarSounder	FARSND-d6eb7b6d-04dc-4872-ba51-c3b4ce006807	2024-06-06T09:59:27.743Z	2024-06-06T17:01:03.730Z	exclude	provider_rolling_overlapping_resubmissions
csb/csv/2024/06/07/20240607001639950185_3b0c5ff2-0998-11eb-8eb6-98be942a5b5a_pointData.csv	182587	c9a5c52baf0e21977761cc6762b59925-1	2024-06-07T06:00:04.000Z	PGS	PGS-3b0c5ff2-0998-11eb-8eb6-98be942a5b5a	2024-06-06T22:00:02Z	2024-06-06T22:59:56Z	exclude	provider_mixed_1e-4_and_1e-6_lattice
csb/csv/2024/06/07/20240607003236294393_834f85c2-0999-11eb-a100-98be942a5b5a_pointData.csv	188192	672407775775681b9e9412f79cf863f2-1	2024-06-07T06:00:04.000Z	PGS	PGS-834f85c2-0999-11eb-a100-98be942a5b5a	2024-06-06T23:00:01Z	2024-06-06T23:59:58Z	exclude	provider_mixed_1e-4_and_1e-6_lattice
csb/csv/2024/06/07/20240607003602843846_cdd0edb8-c483-4c48-be4d-93f29dcbc26c_pointData.csv	61256	f07fd4ed01f8c6f841d4572dfda303c1-1	2024-06-07T06:00:04.000Z	Rosepoint	ROSEP-cdd0edb8-c483-4c48-be4d-93f29dcbc26c	2024-06-06T18:30:59Z	2024-06-07T00:35:12Z	keep	unique_1e-6_lattice_submission
csb/csv/2024/06/07/20240607003731007658_08b541ee-eb9f-11ee-8abd-bd300fe11e8a_pointData.csv	326728	106d71850ee300552df5d1b88e88748c-1	2024-06-07T06:00:04.000Z	GLOS	GLOS-08b541ee-eb9f-11ee-8abd-bd300fe11e8a	2024-06-06T22:30:23Z	2024-06-06T23:03:46Z	keep	unique_1e-6_lattice_submission
csb/csv/2024/06/07/20240607003731601984_08b541ee-eb9f-11ee-8abd-bd300fe11e8a_pointData.csv	326728	2bae971e18b1039578587d0e0039ba61-1	2025-01-13T19:30:35.000Z	GLOS	GLOS-08b541ee-eb9f-11ee-8abd-bd300fe11e8a	2024-06-06T22:30:23Z	2024-06-06T23:03:46Z	exclude	exact_reupload_of:20240607003731007658_08b541ee-eb9f-11ee-8abd-bd300fe11e8a_pointData.csv
csb/csv/2024/06/07/20240607003751907606_08b541ee-eb9f-11ee-8abd-bd300fe11e8a_pointData.csv	260018	f2e076456c64e00a2b851a96d95f1356-1	2024-06-07T06:00:04.000Z	GLOS	GLOS-08b541ee-eb9f-11ee-8abd-bd300fe11e8a	2024-06-06T23:03:48Z	2024-06-06T23:31:41Z	keep	unique_1e-6_lattice_submission
csb/csv/2024/06/07/20240607003752392598_08b541ee-eb9f-11ee-8abd-bd300fe11e8a_pointData.csv	260018	a3748d9a3a8fb632cd7f65e9270d334b-1	2024-06-07T06:00:04.000Z	GLOS	GLOS-08b541ee-eb9f-11ee-8abd-bd300fe11e8a	2024-06-06T23:03:48Z	2024-06-06T23:31:41Z	exclude	exact_reupload_of:20240607003751907606_08b541ee-eb9f-11ee-8abd-bd300fe11e8a_pointData.csv
csb/csv/2024/06/07/20240607003844888466_08b541ee-eb9f-11ee-8abd-bd300fe11e8a_pointData.csv	293830	df77e114316f47e63bdc6cdbf293616c-1	2024-06-07T06:00:04.000Z	GLOS	GLOS-08b541ee-eb9f-11ee-8abd-bd300fe11e8a	2024-06-06T23:31:43Z	2024-06-07T00:01:44Z	keep	unique_1e-6_lattice_submission
csb/csv/2024/06/07/20240607003845393152_08b541ee-eb9f-11ee-8abd-bd300fe11e8a_pointData.csv	293830	6bb554573c7760c5be1dc8aa1200cfdb-1	2025-01-13T19:30:36.000Z	GLOS	GLOS-08b541ee-eb9f-11ee-8abd-bd300fe11e8a	2024-06-06T23:31:43Z	2024-06-07T00:01:44Z	exclude	exact_reupload_of:20240607003844888466_08b541ee-eb9f-11ee-8abd-bd300fe11e8a_pointData.csv
csb/csv/2024/06/07/20240607003932235412_08b541ee-eb9f-11ee-8abd-bd300fe11e8a_pointData.csv	311233	c3fd26713ef04123c43af7be0087dd85-1	2024-06-07T06:00:04.000Z	GLOS	GLOS-08b541ee-eb9f-11ee-8abd-bd300fe11e8a	2024-06-07T00:01:46Z	2024-06-07T00:33:35Z	keep	unique_1e-6_lattice_submission
csb/csv/2024/06/07/20240607003932800285_08b541ee-eb9f-11ee-8abd-bd300fe11e8a_pointData.csv	311233	fdd5250b298271ea0a7dfaafaa64e159-1	2024-06-07T06:00:04.000Z	GLOS	GLOS-08b541ee-eb9f-11ee-8abd-bd300fe11e8a	2024-06-07T00:01:46Z	2024-06-07T00:33:35Z	exclude	exact_reupload_of:20240607003932235412_08b541ee-eb9f-11ee-8abd-bd300fe11e8a_pointData.csv
csb/csv/2024/06/07/20240607004439746541_0dc4d7c1-f541-476d-a76b-72fb09ad1bd2_pointData.csv	63278	981fb0e6bd3c12a728bbdbecf690d7bf-1	2024-06-07T06:00:04.000Z	Rosepoint	ROSEP-0dc4d7c1-f541-476d-a76b-72fb09ad1bd2	2024-06-06T18:43:38Z	2024-06-07T00:43:50Z	keep	unique_1e-6_lattice_submission
csb/csv/2024/06/07/20240607004822792875_70946e11-d3aa-412d-8427-c23af3e246e3_pointData.csv	64732	a84f4128513704517add56622055aa6f-1	2024-06-07T06:00:04.000Z	Rosepoint	ROSEP-70946e11-d3aa-412d-8427-c23af3e246e3	2024-06-06T18:41:39Z	2024-06-07T00:48:11Z	keep	unique_1e-6_lattice_submission
csb/csv/2024/06/07/20240607005228913260_83e03090-0999-11eb-b6ea-98be942a5b5a_pointData.csv	189409	6ecb0f8f031a150aff054224d5560393-1	2024-06-07T06:00:05.000Z	PGS	PGS-83e03090-0999-11eb-b6ea-98be942a5b5a	2024-06-06T23:00:01Z	2024-06-06T23:59:58Z	exclude	provider_mixed_1e-4_and_1e-6_lattice
csb/csv/2024/06/07/20240607010227102393_3b0c5ff2-0998-11eb-8eb6-98be942a5b5a_pointData.csv	179549	9e16bca1641603b93f5cf2c36fe39fea-1	2024-06-07T06:00:04.000Z	PGS	PGS-3b0c5ff2-0998-11eb-8eb6-98be942a5b5a	2024-06-06T22:59:59Z	2024-06-06T23:59:57Z	exclude	provider_mixed_1e-4_and_1e-6_lattice
csb/csv/2024/06/07/20240607010455016308_4411b9ca-6b0e-47d2-a6be-36e60a3b577a_pointData.csv	1689750	e32ccac7f4ae75b6ae9ccb96646b50eb-1	2024-06-07T06:00:05.000Z	Rosepoint	ROSEP-4411b9ca-6b0e-47d2-a6be-36e60a3b577a	2024-06-06T19:03:25Z	2024-06-07T01:04:50Z	keep	unique_1e-6_lattice_submission
csb/csv/2024/06/07/20240607011825992638_834f85c2-0999-11eb-a100-98be942a5b5a_pointData.csv	188199	c985406c0ddaabfba54bf3024f9f1557-1	2024-06-07T06:00:04.000Z	PGS	PGS-834f85c2-0999-11eb-a100-98be942a5b5a	2024-06-07T00:00:01Z	2024-06-07T00:59:58Z	exclude	provider_mixed_1e-4_and_1e-6_lattice
csb/csv/2024/06/07/20240607011956342799_8250175b-3c29-4906-8437-5106955c99c6_pointData.csv	24652	c6c987150b4e10555d0e991585065253-1	2024-06-07T06:00:05.000Z	Rosepoint	ROSEP-8250175b-3c29-4906-8437-5106955c99c6	2024-06-06T22:56:08Z	2024-06-07T01:19:27Z	keep	unique_1e-6_lattice_submission
csb/csv/2024/06/07/20240607012038890885_aec163d8-31de-42e1-b2cc-afe792e17e65_pointData.csv	12247618	67df9f2fe03415c19f1f095d7d25e39c-3	2024-06-07T06:00:05.000Z	Rosepoint	ROSEP-aec163d8-31de-42e1-b2cc-afe792e17e65	2024-04-22T04:42:07Z	2024-06-06T19:12:44Z	keep	unique_1e-6_lattice_submission
csb/csv/2024/06/07/20240607012049829031_48e8b019-4141-4a35-bd63-b3be3e30b183_pointData.csv	1680900	98e226e85dc8c1eace5f057487db58a2-1	2025-01-13T19:30:37.000Z	Rosepoint	ROSEP-48e8b019-4141-4a35-bd63-b3be3e30b183	2024-06-06T19:20:06Z	2024-06-07T01:19:53Z	keep	unique_1e-6_lattice_submission
csb/csv/2024/06/07/20240607012939277830_672e2884-f0ed-44dc-b9bb-56d79261e4f1_pointData.csv	61812	ee089eb3d62e6f33320e8b8a4ea24dcf-1	2024-06-07T06:00:05.000Z	Rosepoint	ROSEP-672e2884-f0ed-44dc-b9bb-56d79261e4f1	2024-06-06T19:22:32Z	2024-06-07T01:28:45Z	keep	unique_1e-6_lattice_submission
csb/csv/2024/06/07/20240607013006282577_9b7f58d2-f3d7-488a-b5be-7858060138fd_pointData.csv	8833	4aaeee44b59fedcaf1f40c7dae8b71d0-1	2024-06-07T06:00:04.000Z	FarSounder	FARSND-9b7f58d2-f3d7-488a-b5be-7858060138fd	2024-05-21T18:08:08.028Z	2024-05-21T18:08:57.518Z	exclude	provider_rolling_overlapping_resubmissions
csb/csv/2024/06/07/20240607013013406813_d6eb7b6d-04dc-4872-ba51-c3b4ce006807_pointData.csv	845772	62f6470775ee379fbe7d145149db2953-1	2024-06-07T06:00:05.000Z	FarSounder	FARSND-d6eb7b6d-04dc-4872-ba51-c3b4ce006807	2024-06-06T10:03:50.569Z	2024-06-06T18:21:49.757Z	exclude	provider_rolling_overlapping_resubmissions
csb/csv/2024/06/07/20240607014227528377_56f26f84-bafc-4b36-8454-b8546bddcf1d_pointData.csv	69417	eb0509371dc01316d2723a8b0aa6d504-1	2024-06-07T06:00:05.000Z	Rosepoint	ROSEP-56f26f84-bafc-4b36-8454-b8546bddcf1d	2004-10-21T19:34:56Z	2004-10-22T01:41:56Z	keep	unique_1e-6_lattice_submission
csb/csv/2024/06/07/20240607014905834052_83e03090-0999-11eb-b6ea-98be942a5b5a_pointData.csv	189401	dfd2be7e3eb5ac9e498461e43bd2d39c-1	2024-06-07T06:00:05.000Z	PGS	PGS-83e03090-0999-11eb-b6ea-98be942a5b5a	2024-06-07T00:00:01Z	2024-06-07T00:59:58Z	exclude	provider_mixed_1e-4_and_1e-6_lattice
csb/csv/2024/06/07/20240607015201212468_b46dfd84-2ce8-4a25-a16b-4af10b8eb60e_pointData.csv	400986	7296f185cd945f9d6aeeaae8aef6ff24-1	2024-06-07T06:00:05.000Z	Rosepoint	ROSEP-b46dfd84-2ce8-4a25-a16b-4af10b8eb60e	2024-06-06T19:51:36Z	2024-06-07T01:51:43Z	keep	unique_1e-6_lattice_submission
csb/csv/2024/06/07/20240607015650196465_ec72276e-3e2b-4d56-82bb-111fc86cbd77_pointData.csv	190863	fbf3a78240cde4f72ac1fb317ced2e0a-1	2025-01-13T19:30:35.000Z	PGS	PGS-ec72276e-3e2b-4d56-82bb-111fc86cbd77	2024-06-07T00:00:02Z	2024-06-07T00:59:59Z	exclude	provider_mixed_1e-4_and_1e-6_lattice
csb/csv/2024/06/07/20240607020119291025_63ab205b591832-24031229_pointData.csv	45802	d706cc34b5a3405d656e1723c72ca38b-1	2024-06-07T06:00:05.000Z	AquaMap	AQM-63ab205b591832-24031229	2024-06-02T00:01:34Z	2024-06-02T00:15:16Z	exclude	provider_off_lattice_float_repr
csb/csv/2024/06/07/20240607020205223947_251e0ec1-5645-476e-8563-9f34939f5d72_pointData.csv	257187	e1372ff02c95b5e3029a7d76363d98ca-1	2024-06-07T06:00:06.000Z	Rosepoint	ROSEP-251e0ec1-5645-476e-8563-9f34939f5d72	2024-06-06T20:00:44Z	2024-06-07T02:01:21Z	keep	unique_1e-6_lattice_submission
csb/csv/2024/06/07/20240607020626127531_3b0c5ff2-0998-11eb-8eb6-98be942a5b5a_pointData.csv	201115	5dccdff3cdbcb55a7faa0fb670d657c2-1	2025-01-13T19:30:36.000Z	PGS	PGS-3b0c5ff2-0998-11eb-8eb6-98be942a5b5a	2024-06-07T00:00:00Z	2024-06-07T00:59:57Z	exclude	provider_mixed_1e-4_and_1e-6_lattice
csb/csv/2024/06/07/20240607021544043214_62641c86-2ffe-4cee-b9c0-7ee36c1ad599_pointData.csv	1494013	c790a19bea105befb5fe960c00c48d70-1	2024-06-07T06:00:05.000Z	Rosepoint	ROSEP-62641c86-2ffe-4cee-b9c0-7ee36c1ad599	2024-06-06T23:01:27Z	2024-06-07T02:14:43Z	keep	unique_1e-6_lattice_submission
csb/csv/2024/06/07/20240607021738638268_834f85c2-0999-11eb-a100-98be942a5b5a_pointData.csv	188196	227432838d8703b6957e10ab98d8d3e8-1	2024-06-07T06:00:05.000Z	PGS	PGS-834f85c2-0999-11eb-a100-98be942a5b5a	2024-06-07T01:00:01Z	2024-06-07T01:59:58Z	exclude	provider_mixed_1e-4_and_1e-6_lattice
csb/csv/2024/06/07/20240607024244866583_83e03090-0999-11eb-b6ea-98be942a5b5a_pointData.csv	189392	d8a7d125ce15bfe3de0dc55fe0d498b4-1	2024-06-07T06:00:06.000Z	PGS	PGS-83e03090-0999-11eb-b6ea-98be942a5b5a	2024-06-07T01:00:01Z	2024-06-07T01:59:58Z	exclude	provider_mixed_1e-4_and_1e-6_lattice
csb/csv/2024/06/07/20240607025007069615_9b7f58d2-f3d7-488a-b5be-7858060138fd_pointData.csv	8833	91b4e753dfbc1c0202d54b8053590e06-1	2024-06-07T06:00:05.000Z	FarSounder	FARSND-9b7f58d2-f3d7-488a-b5be-7858060138fd	2024-05-21T18:08:08.028Z	2024-05-21T18:08:57.518Z	exclude	provider_rolling_overlapping_resubmissions
csb/csv/2024/06/07/20240607025013543263_d6eb7b6d-04dc-4872-ba51-c3b4ce006807_pointData.csv	855209	2c6372b730f0543e145a8a666adbd894-1	2024-06-07T06:00:06.000Z	FarSounder	FARSND-d6eb7b6d-04dc-4872-ba51-c3b4ce006807	2024-06-06T10:03:50.569Z	2024-06-06T19:43:24.757Z	exclude	provider_rolling_overlapping_resubmissions
csb/csv/2024/06/07/20240607025101426309_ec72276e-3e2b-4d56-82bb-111fc86cbd77_pointData.csv	190863	a79d0f44f86f899d296b1ae6e8af3e2a-1	2025-01-13T19:30:37.000Z	PGS	PGS-ec72276e-3e2b-4d56-82bb-111fc86cbd77	2024-06-07T01:00:02Z	2024-06-07T01:59:59Z	exclude	provider_mixed_1e-4_and_1e-6_lattice
csb/csv/2024/06/07/20240607025537127671_0d1b6ce0-e5ec-40f1-99a9-2187e8d08bf4_pointData.csv	1164607	45790393ace37eb56f38a25c405c6c72-1	2024-06-07T06:00:06.000Z	Rosepoint	ROSEP-0d1b6ce0-e5ec-40f1-99a9-2187e8d08bf4	2004-10-21T10:58:17Z	2004-10-22T02:54:43Z	keep	unique_1e-6_lattice_submission
csb/csv/2024/06/07/20240607025736664046_4f651d43-9a33-452c-9299-6ab08ed9d831_pointData.csv	185107	f621b0510caa902489a69e433ee64f79-1	2024-06-07T06:00:06.000Z	Rosepoint	ROSEP-4f651d43-9a33-452c-9299-6ab08ed9d831	2024-06-06T20:56:29Z	2024-06-07T02:57:26Z	keep	unique_1e-6_lattice_submission
csb/csv/2024/06/07/20240607031616792127_834f85c2-0999-11eb-a100-98be942a5b5a_pointData.csv	188198	d7b4be27b7680b970df5afec29496dc3-1	2025-01-13T19:30:35.000Z	PGS	PGS-834f85c2-0999-11eb-a100-98be942a5b5a	2024-06-07T02:00:01Z	2024-06-07T02:59:58Z	exclude	provider_mixed_1e-4_and_1e-6_lattice
csb/csv/2024/06/07/20240607032238140569_414fef65-1bd7-4b7c-a601-f46e61ab0f8d_pointData.csv	3465603	524bf2bf0833542c09eff35e6f0d5eed-1	2024-06-07T06:00:07.000Z	Rosepoint	ROSEP-414fef65-1bd7-4b7c-a601-f46e61ab0f8d	2024-06-06T21:16:17Z	2024-06-07T03:22:31Z	keep	unique_1e-6_lattice_submission
csb/csv/2024/06/07/20240607034007433607_83e03090-0999-11eb-b6ea-98be942a5b5a_pointData.csv	189386	e9154a91ae57bc8d94a536a35e538cda-1	2024-06-07T06:00:06.000Z	PGS	PGS-83e03090-0999-11eb-b6ea-98be942a5b5a	2024-06-07T02:00:01Z	2024-06-07T02:59:58Z	exclude	provider_mixed_1e-4_and_1e-6_lattice
csb/csv/2024/06/07/20240607034309404526_0d1b6ce0-e5ec-40f1-99a9-2187e8d08bf4_pointData.csv	8041	eb3ce199b3dff699a2b965a26903416d-1	2024-06-07T06:00:05.000Z	Rosepoint	ROSEP-0d1b6ce0-e5ec-40f1-99a9-2187e8d08bf4	2004-10-22T02:55:43Z	2004-10-22T03:42:12Z	keep	unique_1e-6_lattice_submission
csb/csv/2024/06/07/20240607034558361717_ec72276e-3e2b-4d56-82bb-111fc86cbd77_pointData.csv	190863	722cb211006e1e7e3911a7a8c625d3bc-1	2024-06-07T06:00:06.000Z	PGS	PGS-ec72276e-3e2b-4d56-82bb-111fc86cbd77	2024-06-07T02:00:02Z	2024-06-07T02:59:59Z	exclude	provider_mixed_1e-4_and_1e-6_lattice
csb/csv/2024/06/07/20240607034942767199_cb1bbd67-78e2-4b5f-97e4-4ab1661c7454_pointData.csv	109068	a962b9ccde4437a845bd8b7a88e09a70-1	2024-06-07T06:00:06.000Z	Rosepoint	ROSEP-cb1bbd67-78e2-4b5f-97e4-4ab1661c7454	2024-06-06T17:52:16Z	2024-06-07T03:48:52Z	keep	unique_1e-6_lattice_submission
csb/csv/2024/06/07/20240607035306180301_c397eae3-6787-4d49-abbe-1de3758956f5_pointData.csv	3273465	144651d3d10967423b2144bfb07ea6ce-1	2025-01-13T19:30:36.000Z	Rosepoint	ROSEP-c397eae3-6787-4d49-abbe-1de3758956f5	2024-06-06T21:52:24Z	2024-06-07T03:52:58Z	keep	unique_1e-6_lattice_submission
csb/csv/2024/06/07/20240607035640591404_3b0c5ff2-0998-11eb-8eb6-98be942a5b5a_pointData.csv	190765	bb3fe626e2f38c4bd736cdd8cb73ebde-1	2024-06-07T06:00:06.000Z	PGS	PGS-3b0c5ff2-0998-11eb-8eb6-98be942a5b5a	2024-06-07T01:00:00Z	2024-06-07T01:59:51Z	exclude	provider_mixed_1e-4_and_1e-6_lattice
csb/csv/2024/06/07/20240607035641264036_3b0c5ff2-0998-11eb-8eb6-98be942a5b5a_pointData.csv	156283	e7c70234e41130e2f598bd5b3a20abd1-1	2024-06-07T06:00:06.000Z	PGS	PGS-3b0c5ff2-0998-11eb-8eb6-98be942a5b5a	2024-06-07T01:59:54Z	2024-06-07T02:59:57Z	exclude	provider_mixed_1e-4_and_1e-6_lattice
csb/csv/2024/06/07/20240607035836288804_398c56de-e541-4380-9ee4-589ec53f46f6_pointData.csv	1515701	eff45f95211813837d53dbdd9856922c-1	2024-06-07T06:00:06.000Z	Rosepoint	ROSEP-398c56de-e541-4380-9ee4-589ec53f46f6	2024-06-06T21:56:49Z	2024-06-07T03:58:29Z	keep	unique_1e-6_lattice_submission
csb/csv/2024/06/07/20240607040119729564_c21bff07-b678-4dfb-ab54-a111660d6cfa_pointData.csv	253271	96719621040de714f523a3eefc0925f2-1	2025-01-13T19:30:36.000Z	Rosepoint	ROSEP-c21bff07-b678-4dfb-ab54-a111660d6cfa	2024-06-06T22:00:37Z	2024-06-07T04:00:31Z	keep	unique_1e-6_lattice_submission
csb/csv/2024/06/07/20240607040454242634_e557a017-0c75-4365-808a-680673bbb79e_pointData.csv	605165	2e5a49689ea18eb1577df3f96bad5192-1	2024-06-07T06:00:08.000Z	Rosepoint	ROSEP-e557a017-0c75-4365-808a-680673bbb79e	2024-06-06T21:55:08Z	2024-06-07T04:04:41Z	keep	unique_1e-6_lattice_submission
csb/csv/2024/06/07/20240607040543083792_373e61a4-5650-43be-800f-e6197634cf6f_pointData.csv	704708	4eb12f82b5cae59402496bf12142dbdb-1	2024-06-07T06:00:06.000Z	Rosepoint	ROSEP-373e61a4-5650-43be-800f-e6197634cf6f	2024-06-06T22:05:23Z	2024-06-07T04:04:50Z	keep	unique_1e-6_lattice_submission
csb/csv/2024/06/07/20240607041005870215_9b7f58d2-f3d7-488a-b5be-7858060138fd_pointData.csv	8833	ac977cb5894ee997c60ca57323b49c8f-1	2025-01-13T19:30:36.000Z	FarSounder	FARSND-9b7f58d2-f3d7-488a-b5be-7858060138fd	2024-05-21T18:08:08.028Z	2024-05-21T18:08:57.518Z	exclude	provider_rolling_overlapping_resubmissions
csb/csv/2024/06/07/20240607041012372234_d6eb7b6d-04dc-4872-ba51-c3b4ce006807_pointData.csv	863999	226b730633149d941fb157874f93c7d6-1	2024-06-07T06:00:06.000Z	FarSounder	FARSND-d6eb7b6d-04dc-4872-ba51-c3b4ce006807	2024-06-06T10:03:50.569Z	2024-06-06T21:06:08.719Z	exclude	provider_rolling_overlapping_resubmissions
csb/csv/2024/06/07/20240607041109526650_834f85c2-0999-11eb-a100-98be942a5b5a_pointData.csv	188186	133199445c1ffac9131f90ed7f0cf23d-1	2024-06-07T06:00:07.000Z	PGS	PGS-834f85c2-0999-11eb-a100-98be942a5b5a	2024-06-07T03:00:01Z	2024-06-07T03:59:58Z	exclude	provider_mixed_1e-4_and_1e-6_lattice
csb/csv/2024/06/07/20240607041331319965_071ba46a-9793-4306-a970-8461bae10e77_pointData.csv	2047462	4683851e03e66a3cae5e4f630c8d4241-1	2025-01-13T19:30:37.000Z	Rosepoint	ROSEP-071ba46a-9793-4306-a970-8461bae10e77	2004-10-21T16:09:51Z	2004-10-21T22:11:34Z	keep	unique_1e-6_lattice_submission
csb/csv/2024/06/07/20240607041332062686_071ba46a-9793-4306-a970-8461bae10e77_pointData.csv	163192	d5a096a6199b81a94f986374a046de00-1	2024-06-07T06:00:06.000Z	Rosepoint	ROSEP-071ba46a-9793-4306-a970-8461bae10e77	2004-10-21T22:12:31Z	2004-10-22T04:13:21Z	keep	unique_1e-6_lattice_submission
csb/csv/2024/06/07/20240607042519034293_11ce5241-356b-43ba-9456-f56555e0751a_pointData.csv	290149	f323144102b17f2b2d7c56649928efee-1	2024-06-07T06:00:07.000Z	Rosepoint	ROSEP-11ce5241-356b-43ba-9456-f56555e0751a	2024-06-06T16:22:54Z	2024-06-06T22:23:56Z	keep	unique_1e-6_lattice_submission
csb/csv/2024/06/07/20240607042920112346_4606e387-998b-46fb-b5a6-02c7eafa03da_pointData.csv	60778	362c3fcc080321fc39d1dac3b303ae1d-1	2024-06-07T06:00:07.000Z	Rosepoint	ROSEP-4606e387-998b-46fb-b5a6-02c7eafa03da	2004-10-21T16:27:22Z	2004-10-21T22:27:27Z	keep	unique_1e-6_lattice_submission
csb/csv/2024/06/07/20240607042920781919_4606e387-998b-46fb-b5a6-02c7eafa03da_pointData.csv	60965	c7db1faca9d0c0b76e2e65b7905535c5-1	2024-06-07T06:00:07.000Z	Rosepoint	ROSEP-4606e387-998b-46fb-b5a6-02c7eafa03da	2004-10-21T22:28:27Z	2004-10-22T04:29:12Z	keep	unique_1e-6_lattice_submission
csb/csv/2024/06/07/20240607043555475375_83e03090-0999-11eb-b6ea-98be942a5b5a_pointData.csv	189396	ac5cdcc13e452d4b522d514d600a6887-1	2024-06-07T06:00:08.000Z	PGS	PGS-83e03090-0999-11eb-b6ea-98be942a5b5a	2024-06-07T03:00:01Z	2024-06-07T03:59:58Z	exclude	provider_mixed_1e-4_and_1e-6_lattice
csb/csv/2024/06/07/20240607044157295807_ec72276e-3e2b-4d56-82bb-111fc86cbd77_pointData.csv	190863	3a675b037fb801c453452ccac61417e9-1	2024-06-07T06:00:07.000Z	PGS	PGS-ec72276e-3e2b-4d56-82bb-111fc86cbd77	2024-06-07T03:00:02Z	2024-06-07T03:59:59Z	exclude	provider_mixed_1e-4_and_1e-6_lattice
csb/csv/2024/06/07/20240607045025038668_3b0c5ff2-0998-11eb-8eb6-98be942a5b5a_pointData.csv	158215	7088410b611bbbe9d60b0eaa412b0993-1	2024-06-07T06:00:06.000Z	PGS	PGS-3b0c5ff2-0998-11eb-8eb6-98be942a5b5a	2024-06-07T03:00:00Z	2024-06-07T03:59:57Z	exclude	provider_mixed_1e-4_and_1e-6_lattice
csb/csv/2024/06/07/20240607045323630823_f7904f6e-9198-4732-ad84-25948b446b65_pointData.csv	61530	4078411a12357c5556a0dca5c746ca19-1	2025-01-13T19:30:37.000Z	Rosepoint	ROSEP-f7904f6e-9198-4732-ad84-25948b446b65	2004-10-21T22:53:29Z	2004-10-22T04:52:48Z	keep	unique_1e-6_lattice_submission
csb/csv/2024/06/07/20240607050641589807_6bdb1904-26b3-44cd-ab0a-87d22b01c2d4_pointData.csv	1894222	e8ed4565fde8fcb2fceafe15bce2a32e-1	2024-06-07T06:00:08.000Z	Rosepoint	ROSEP-6bdb1904-26b3-44cd-ab0a-87d22b01c2d4	2024-05-30T20:59:38Z	2024-05-31T01:50:44Z	keep	unique_1e-6_lattice_submission
csb/csv/2024/06/07/20240607054011214528_d6eb7b6d-04dc-4872-ba51-c3b4ce006807_pointData.csv	872796	ced9655954bdc39aa69e312dbaf3e2ff-1	2024-06-07T06:00:07.000Z	FarSounder	FARSND-d6eb7b6d-04dc-4872-ba51-c3b4ce006807	2024-06-06T18:49:18.357Z	2024-06-06T22:29:20.677Z	exclude	provider_rolling_overlapping_resubmissions
csb/csv/2024/06/07/20240607060327453345_83e03090-0999-11eb-b6ea-98be942a5b5a_pointData.csv	189400	d89f847534106d2a9aa4582ffc1f45f7-1	2024-06-07T12:00:05.000Z	PGS	PGS-83e03090-0999-11eb-b6ea-98be942a5b5a	2024-06-07T04:00:01Z	2024-06-07T04:59:58Z	exclude	provider_mixed_1e-4_and_1e-6_lattice
csb/csv/2024/06/07/20240607060453021527_ec72276e-3e2b-4d56-82bb-111fc86cbd77_pointData.csv	190863	2b0e7c28a88ee2f6f98a3c6884c2e76f-1	2024-06-07T12:00:05.000Z	PGS	PGS-ec72276e-3e2b-4d56-82bb-111fc86cbd77	2024-06-07T04:00:02Z	2024-06-07T04:59:59Z	exclude	provider_mixed_1e-4_and_1e-6_lattice
csb/csv/2024/06/07/20240607060526386790_f73d4b8d-97c0-48ab-9200-c313709c76d0_pointData.csv	96002	7c3ce610ae50dca2aa52915ef1fa2b32-1	2025-01-13T19:30:37.000Z	Rosepoint	ROSEP-f73d4b8d-97c0-48ab-9200-c313709c76d0	2024-06-07T00:05:53Z	2024-06-07T06:04:37Z	keep	unique_1e-6_lattice_submission
csb/csv/2024/06/07/20240607061422358573_3b0c5ff2-0998-11eb-8eb6-98be942a5b5a_pointData.csv	155575	c39b2c2caffbd27d06ef6a3d55f49420-1	2024-06-07T12:00:05.000Z	PGS	PGS-3b0c5ff2-0998-11eb-8eb6-98be942a5b5a	2024-06-07T04:00:00Z	2024-06-07T04:59:57Z	exclude	provider_mixed_1e-4_and_1e-6_lattice
csb/csv/2024/06/07/20240607061423587177_3b0c5ff2-0998-11eb-8eb6-98be942a5b5a_pointData.csv	152239	bc0168891fd90fcfe73645fa9482716c-1	2024-06-07T12:00:05.000Z	PGS	PGS-3b0c5ff2-0998-11eb-8eb6-98be942a5b5a	2024-06-07T05:00:00Z	2024-06-07T05:59:57Z	exclude	provider_mixed_1e-4_and_1e-6_lattice
csb/csv/2024/06/07/20240607063203280993_834f85c2-0999-11eb-a100-98be942a5b5a_pointData.csv	188196	b0a4d0b9b67fad207a84589c2153d392-1	2024-06-07T12:00:05.000Z	PGS	PGS-834f85c2-0999-11eb-a100-98be942a5b5a	2024-06-07T04:00:01Z	2024-06-07T04:59:58Z	exclude	provider_mixed_1e-4_and_1e-6_lattice
csb/csv/2024/06/07/20240607063203957451_834f85c2-0999-11eb-a100-98be942a5b5a_pointData.csv	188208	e2718a4a5a85515130b190fb09e1d96f-1	2024-06-07T12:00:06.000Z	PGS	PGS-834f85c2-0999-11eb-a100-98be942a5b5a	2024-06-07T05:00:01Z	2024-06-07T05:59:58Z	exclude	provider_mixed_1e-4_and_1e-6_lattice
csb/csv/2024/06/07/20240607063629690728_cdd0edb8-c483-4c48-be4d-93f29dcbc26c_pointData.csv	123589	6d3cc3019ccb2134c08035de3d2e95d1-1	2024-06-07T12:00:06.000Z	Rosepoint	ROSEP-cdd0edb8-c483-4c48-be4d-93f29dcbc26c	2024-06-07T00:36:12Z	2024-06-07T06:35:56Z	keep	unique_1e-6_lattice_submission
csb/csv/2024/06/07/20240607064555427641_0dc4d7c1-f541-476d-a76b-72fb09ad1bd2_pointData.csv	63488	4ef5ede811638b96a63284ce32ffd6b2-1	2025-01-13T19:30:37.000Z	Rosepoint	ROSEP-0dc4d7c1-f541-476d-a76b-72fb09ad1bd2	2024-06-07T00:44:50Z	2024-06-07T06:45:17Z	keep	unique_1e-6_lattice_submission
csb/csv/2024/06/07/20240607064841119324_70946e11-d3aa-412d-8427-c23af3e246e3_pointData.csv	67080	58d29c5fd3168fad5e5755b39115d835-1	2024-06-07T12:00:06.000Z	Rosepoint	ROSEP-70946e11-d3aa-412d-8427-c23af3e246e3	2024-06-07T00:49:11Z	2024-06-07T06:48:36Z	keep	unique_1e-6_lattice_submission
csb/csv/2024/06/07/20240607065711539068_83e03090-0999-11eb-b6ea-98be942a5b5a_pointData.csv	189402	030f2dcaa4afd9c7e2e088f2677a5a29-1	2025-01-13T19:30:37.000Z	PGS	PGS-83e03090-0999-11eb-b6ea-98be942a5b5a	2024-06-07T05:00:01Z	2024-06-07T05:59:58Z	exclude	provider_mixed_1e-4_and_1e-6_lattice
csb/csv/2024/06/07/20240607070011435573_d6eb7b6d-04dc-4872-ba51-c3b4ce006807_pointData.csv	868726	ac1bd0b21bbf503855ea3ec37dfe5b1c-1	2024-06-07T12:00:06.000Z	FarSounder	FARSND-d6eb7b6d-04dc-4872-ba51-c3b4ce006807	2024-06-06T18:49:18.357Z	2024-06-06T23:52:35.744Z	exclude	provider_rolling_overlapping_resubmissions
csb/csv/2024/06/07/20240607070430674778_ec72276e-3e2b-4d56-82bb-111fc86cbd77_pointData.csv	190863	bbc3121293a7213800ed686068aabd13-1	2024-06-07T12:00:06.000Z	PGS	PGS-ec72276e-3e2b-4d56-82bb-111fc86cbd77	2024-06-07T05:00:02Z	2024-06-07T05:59:59Z	exclude	provider_mixed_1e-4_and_1e-6_lattice
csb/csv/2024/06/07/20240607070617277445_4411b9ca-6b0e-47d2-a6be-36e60a3b577a_pointData.csv	567514	7cc9fbc54ee4e83a321568d98cc5f4f9-1	2024-06-07T12:00:06.000Z	Rosepoint	ROSEP-4411b9ca-6b0e-47d2-a6be-36e60a3b577a	2024-06-07T01:04:51Z	2024-06-07T07:06:14Z	keep	unique_1e-6_lattice_submission
csb/csv/2024/06/07/20240607071239035388_e150d9fe-d3d7-4d47-ba18-f82688e01b85_pointData.csv	60121	69d63edc3dce3c5d511776949779723f-1	2024-06-07T12:00:06.000Z	Rosepoint	ROSEP-e150d9fe-d3d7-4d47-ba18-f82688e01b85	2024-06-07T01:12:49Z	2024-06-07T07:11:48Z	keep	unique_1e-6_lattice_submission
csb/csv/2024/06/07/20240607072021677420_8250175b-3c29-4906-8437-5106955c99c6_pointData.csv	61634	3c4fe1d1a3fd00b64782ca8f778f0cfb-1	2024-06-07T12:00:06.000Z	Rosepoint	ROSEP-8250175b-3c29-4906-8437-5106955c99c6	2024-06-07T01:20:28Z	2024-06-07T07:19:55Z	keep	unique_1e-6_lattice_submission
csb/csv/2024/06/07/20240607072159643518_48e8b019-4141-4a35-bd63-b3be3e30b183_pointData.csv	822120	5d038a8270408bc4f8ccb5fbf66093fe-1	2025-01-13T19:30:38.000Z	Rosepoint	ROSEP-48e8b019-4141-4a35-bd63-b3be3e30b183	2024-06-07T01:20:54Z	2024-06-07T07:21:56Z	keep	unique_1e-6_lattice_submission
csb/csv/2024/06/07/20240607072438226769_aec163d8-31de-42e1-b2cc-afe792e17e65_pointData.csv	127259	1c3e9d37ef4db8bcb893bf2d93b903a6-1	2024-06-07T12:00:06.000Z	Rosepoint	ROSEP-aec163d8-31de-42e1-b2cc-afe792e17e65	2024-06-06T19:13:44Z	2024-06-07T07:23:47Z	keep	unique_1e-6_lattice_submission
csb/csv/2024/06/07/20240607073056386190_672e2884-f0ed-44dc-b9bb-56d79261e4f1_pointData.csv	60791	20db3514afd556ba98c065f23acfde1c-1	2024-06-07T12:00:06.000Z	Rosepoint	ROSEP-672e2884-f0ed-44dc-b9bb-56d79261e4f1	2024-06-07T01:29:46Z	2024-06-07T07:29:57Z	keep	unique_1e-6_lattice_submission
csb/csv/2024/06/07/20240607073340853159_834f85c2-0999-11eb-a100-98be942a5b5a_pointData.csv	188201	e1c8e00dbd7c1eebec29924081e53cd4-1	2024-06-07T12:00:06.000Z	PGS	PGS-834f85c2-0999-11eb-a100-98be942a5b5a	2024-06-07T06:00:01Z	2024-06-07T06:59:58Z	exclude	provider_mixed_1e-4_and_1e-6_lattice
csb/csv/2024/06/07/20240607074325151704_56f26f84-bafc-4b36-8454-b8546bddcf1d_pointData.csv	62569	73e6f5abfed3aab9053199429b9a2995-1	2025-01-13T19:30:36.000Z	Rosepoint	ROSEP-56f26f84-bafc-4b36-8454-b8546bddcf1d	2004-10-22T01:42:57Z	2004-10-22T07:42:50Z	keep	unique_1e-6_lattice_submission
csb/csv/2024/06/07/20240607075744008479_83e03090-0999-11eb-b6ea-98be942a5b5a_pointData.csv	189396	6da8dbf2ab3c015e138746f2d0d611b6-1	2024-06-07T12:00:06.000Z	PGS	PGS-83e03090-0999-11eb-b6ea-98be942a5b5a	2024-06-07T06:00:01Z	2024-06-07T06:59:58Z	exclude	provider_mixed_1e-4_and_1e-6_lattice
csb/csv/2024/06/07/20240607080236933745_251e0ec1-5645-476e-8563-9f34939f5d72_pointData.csv	269539	aa9a6f97ef73bf5bb6b18c6fcbc8d71c-1	2024-06-07T12:00:06.000Z	Rosepoint	ROSEP-251e0ec1-5645-476e-8563-9f34939f5d72	2024-06-07T02:02:21Z	2024-06-07T08:02:17Z	keep	unique_1e-6_lattice_submission
csb/csv/2024/06/07/20240607080525866376_ec72276e-3e2b-4d56-82bb-111fc86cbd77_pointData.csv	190863	fa96301fa8abe952d0b223898d8eaefd-1	2025-01-13T19:30:37.000Z	PGS	PGS-ec72276e-3e2b-4d56-82bb-111fc86cbd77	2024-06-07T06:00:02Z	2024-06-07T06:59:59Z	exclude	provider_mixed_1e-4_and_1e-6_lattice
csb/csv/2024/06/07/20240607081623571086_62641c86-2ffe-4cee-b9c0-7ee36c1ad599_pointData.csv	2336748	139ddf44fc391d9004b213fce776e843-1	2024-06-07T12:00:07.000Z	Rosepoint	ROSEP-62641c86-2ffe-4cee-b9c0-7ee36c1ad599	2024-06-07T02:15:44Z	2024-06-07T08:16:04Z	keep	unique_1e-6_lattice_submission
csb/csv/2024/06/07/20240607082012483382_d6eb7b6d-04dc-4872-ba51-c3b4ce006807_pointData.csv	869181	73451da842d6cad6490ea4ce7509837c-1	2024-06-07T12:00:06.000Z	FarSounder	FARSND-d6eb7b6d-04dc-4872-ba51-c3b4ce006807	2024-06-06T18:49:18.357Z	2024-06-07T01:15:51.717Z	exclude	provider_rolling_overlapping_resubmissions
csb/csv/2024/06/07/20240607082702489756_834f85c2-0999-11eb-a100-98be942a5b5a_pointData.csv	188216	1adc37ebe89a90dd64ccd2beb6ede14b-1	2025-01-13T19:30:37.000Z	PGS	PGS-834f85c2-0999-11eb-a100-98be942a5b5a	2024-06-07T07:00:01Z	2024-06-07T07:59:58Z	exclude	provider_mixed_1e-4_and_1e-6_lattice
csb/csv/2024/06/07/20240607085707042399_83e03090-0999-11eb-b6ea-98be942a5b5a_pointData.csv	189397	1e17d86d4b5ddb706b08429a8a5019d8-1	2024-06-07T12:00:06.000Z	PGS	PGS-83e03090-0999-11eb-b6ea-98be942a5b5a	2024-06-07T07:00:01Z	2024-06-07T07:59:58Z	exclude	provider_mixed_1e-4_and_1e-6_lattice
csb/csv/2024/06/07/20240607085848505413_4f651d43-9a33-452c-9299-6ab08ed9d831_pointData.csv	2531011	243eb6502caafc5896f8545151d664a7-1	2025-01-13T19:30:37.000Z	Rosepoint	ROSEP-4f651d43-9a33-452c-9299-6ab08ed9d831	2024-06-07T02:58:26Z	2024-06-07T08:58:43Z	keep	unique_1e-6_lattice_submission
csb/csv/2024/06/07/20240607094009580019_d6eb7b6d-04dc-4872-ba51-c3b4ce006807_pointData.csv	861913	2216ad80cb829ce9b68a37ce7fc415b0-1	2024-06-07T12:00:07.000Z	FarSounder	FARSND-d6eb7b6d-04dc-4872-ba51-c3b4ce006807	2024-06-06T23:10:31.658Z	2024-06-07T02:38:47.690Z	exclude	provider_rolling_overlapping_resubmissions
csb/csv/2024/06/07/20240607094420753699_0d1b6ce0-e5ec-40f1-99a9-2187e8d08bf4_pointData.csv	60802	90ddb9f8f7f395fe7cfb033eecb701ed-1	2024-06-07T12:00:06.000Z	Rosepoint	ROSEP-0d1b6ce0-e5ec-40f1-99a9-2187e8d08bf4	2004-10-22T03:43:02Z	2004-10-22T09:43:23Z	keep	unique_1e-6_lattice_submission
csb/csv/2024/06/07/20240607095328254629_c397eae3-6787-4d49-abbe-1de3758956f5_pointData.csv	1790198	f2f39552887cc966108c8e996bce23d1-1	2025-01-13T19:30:37.000Z	Rosepoint	ROSEP-c397eae3-6787-4d49-abbe-1de3758956f5	2024-06-07T03:52:59Z	2024-06-07T09:52:47Z	keep	unique_1e-6_lattice_submission
csb/csv/2024/06/07/20240607095435902013_83e03090-0999-11eb-b6ea-98be942a5b5a_pointData.csv	189390	004256f8d5eb441d66caa949f2d63c55-1	2024-06-07T12:00:07.000Z	PGS	PGS-83e03090-0999-11eb-b6ea-98be942a5b5a	2024-06-07T08:00:01Z	2024-06-07T08:59:58Z	exclude	provider_mixed_1e-4_and_1e-6_lattice
csb/csv/2024/06/07/20240607095951586594_ec72276e-3e2b-4d56-82bb-111fc86cbd77_pointData.csv	190863	dc07c3523a54c95c461887b6a7578d9d-1	2024-06-07T12:00:07.000Z	PGS	PGS-ec72276e-3e2b-4d56-82bb-111fc86cbd77	2024-06-07T07:00:02Z	2024-06-07T07:59:59Z	exclude	provider_mixed_1e-4_and_1e-6_lattice
csb/csv/2024/06/07/20240607095956418220_398c56de-e541-4380-9ee4-589ec53f46f6_pointData.csv	61168	988a79360a26bcfa195634d9fd7c74c2-1	2024-06-07T12:00:07.000Z	Rosepoint	ROSEP-398c56de-e541-4380-9ee4-589ec53f46f6	2024-06-07T03:59:30Z	2024-06-07T09:59:42Z	keep	unique_1e-6_lattice_submission
csb/csv/2024/06/07/20240607100239140811_c21bff07-b678-4dfb-ab54-a111660d6cfa_pointData.csv	842058	719a3e7cbc5518ec017190fd9e414ec4-1	2025-01-13T19:30:38.000Z	Rosepoint	ROSEP-c21bff07-b678-4dfb-ab54-a111660d6cfa	2024-06-07T04:01:31Z	2024-06-07T10:02:00Z	keep	unique_1e-6_lattice_submission
csb/csv/2024/06/07/20240607100256699155_3b0c5ff2-0998-11eb-8eb6-98be942a5b5a_pointData.csv	158579	f5cc8b6143f65e987e4df156c2ca898a-1	2024-06-07T12:00:07.000Z	PGS	PGS-3b0c5ff2-0998-11eb-8eb6-98be942a5b5a	2024-06-07T07:00:00Z	2024-06-07T07:59:30Z	exclude	provider_mixed_1e-4_and_1e-6_lattice
csb/csv/2024/06/07/20240607100258528718_3b0c5ff2-0998-11eb-8eb6-98be942a5b5a_pointData.csv	189418	a60840d40ce204e571208f1d2a23d7c1-1	2024-06-07T12:00:07.000Z	PGS	PGS-3b0c5ff2-0998-11eb-8eb6-98be942a5b5a	2024-06-07T07:59:33Z	2024-06-07T08:59:57Z	exclude	provider_mixed_1e-4_and_1e-6_lattice
csb/csv/2024/06/07/20240607100618591736_373e61a4-5650-43be-800f-e6197634cf6f_pointData.csv	2764808	cd2e0d6758e343c97a353747171b8194-1	2024-06-07T12:00:07.000Z	Rosepoint	ROSEP-373e61a4-5650-43be-800f-e6197634cf6f	2024-06-07T04:05:51Z	2024-06-07T10:06:16Z	keep	unique_1e-6_lattice_submission
csb/csv/2024/06/07/20240607100628201807_e557a017-0c75-4365-808a-680673bbb79e_pointData.csv	1964907	847ca9c3ca910d4d4d0b78ef4ce7de87-1	2025-01-13T19:30:38.000Z	Rosepoint	ROSEP-e557a017-0c75-4365-808a-680673bbb79e	2024-06-07T04:04:45Z	2024-06-07T10:05:58Z	keep	unique_1e-6_lattice_submission
csb/csv/2024/06/07/20240607101445160448_071ba46a-9793-4306-a970-8461bae10e77_pointData.csv	59199	6c87e154613ecaf22d3ceac4a14f0b9a-1	2024-06-07T12:00:07.000Z	Rosepoint	ROSEP-071ba46a-9793-4306-a970-8461bae10e77	2004-10-22T04:14:21Z	2004-10-22T10:14:33Z	keep	unique_1e-6_lattice_submission
csb/csv/2024/06/07/20240607102635583436_11ce5241-356b-43ba-9456-f56555e0751a_pointData.csv	747329	571dc2761c912105e98eec4d05e8b796-1	2024-06-07T12:00:07.000Z	Rosepoint	ROSEP-11ce5241-356b-43ba-9456-f56555e0751a	2024-06-06T22:23:57Z	2024-06-07T10:26:20Z	keep	unique_1e-6_lattice_submission
csb/csv/2024/06/07/20240607102936273503_4606e387-998b-46fb-b5a6-02c7eafa03da_pointData.csv	60629	b18f6ce8eca99535f1d0949baf46b115-1	2025-01-13T19:30:38.000Z	Rosepoint	ROSEP-4606e387-998b-46fb-b5a6-02c7eafa03da	2004-10-22T04:30:13Z	2004-10-22T10:29:02Z	keep	unique_1e-6_lattice_submission
csb/csv/2024/06/07/20240607105342265622_f7904f6e-9198-4732-ad84-25948b446b65_pointData.csv	61544	28b38a446d44b22becb91b1ac039dc63-1	2024-06-07T12:00:07.000Z	Rosepoint	ROSEP-f7904f6e-9198-4732-ad84-25948b446b65	2004-10-22T04:53:49Z	2004-10-22T10:53:27Z	keep	unique_1e-6_lattice_submission
csb/csv/2024/06/07/20240607105346068312_83e03090-0999-11eb-b6ea-98be942a5b5a_pointData.csv	189395	b24f122dfa0210b8606ffe4fe6185e0a-1	2024-06-07T12:00:07.000Z	PGS	PGS-83e03090-0999-11eb-b6ea-98be942a5b5a	2024-06-07T09:00:01Z	2024-06-07T09:59:58Z	exclude	provider_mixed_1e-4_and_1e-6_lattice
csb/csv/2024/06/07/20240607105930407597_ec72276e-3e2b-4d56-82bb-111fc86cbd77_pointData.csv	190863	9943c975ac7f75b8e33c09024464d42e-1	2025-01-13T19:30:38.000Z	PGS	PGS-ec72276e-3e2b-4d56-82bb-111fc86cbd77	2024-06-07T08:00:02Z	2024-06-07T08:59:59Z	exclude	provider_mixed_1e-4_and_1e-6_lattice
csb/csv/2024/06/07/20240607105940122431_8250175b-3c29-4906-8437-5106955c99c6_pointData.csv	166498	1ab12b6f888a5ae30907a4b38c0bba3c-1	2024-06-07T12:00:07.000Z	Rosepoint	ROSEP-8250175b-3c29-4906-8437-5106955c99c6	2024-06-07T07:20:56Z	2024-06-07T10:58:51Z	keep	unique_1e-6_lattice_submission
csb/csv/2024/06/07/20240607110910653452_6bdb1904-26b3-44cd-ab0a-87d22b01c2d4_pointData.csv	3390074	300b352b14e6ae802ee020c2b4f7e048-1	2024-06-07T12:00:08.000Z	Rosepoint	ROSEP-6bdb1904-26b3-44cd-ab0a-87d22b01c2d4	2024-06-07T05:06:24Z	2024-06-07T11:09:06Z	keep	unique_1e-6_lattice_submission
csb/csv/2024/06/07/20240607111012148020_d6eb7b6d-04dc-4872-ba51-c3b4ce006807_pointData.csv	868863	466a75b352ac06000bbe540e54c83e29-1	2025-01-13T19:30:38.000Z	FarSounder	FARSND-d6eb7b6d-04dc-4872-ba51-c3b4ce006807	2024-06-06T23:10:31.658Z	2024-06-07T04:01:45.768Z	exclude	provider_rolling_overlapping_resubmissions
csb/csv/2024/06/07/20240607111149512457_3b0c5ff2-0998-11eb-8eb6-98be942a5b5a_pointData.csv	201168	2b6b3a356878b06e4e8ec807fd2445e0-1	2024-06-07T12:00:07.000Z	PGS	PGS-3b0c5ff2-0998-11eb-8eb6-98be942a5b5a	2024-06-07T09:00:00Z	2024-06-07T09:59:57Z	exclude	provider_mixed_1e-4_and_1e-6_lattice
csb/csv/2024/06/07/20240607120546419610_f73d4b8d-97c0-48ab-9200-c313709c76d0_pointData.csv	61314	e46839194e1a704ab52ae977704649a0-1	2024-06-07T18:00:04.000Z	Rosepoint	ROSEP-f73d4b8d-97c0-48ab-9200-c313709c76d0	2024-06-07T06:05:38Z	2024-06-07T12:04:44Z	keep	unique_1e-6_lattice_submission
csb/csv/2024/06/07/20240607120750059395_08b05f2b-eb9f-11ee-a43c-bd300fe11e8a_pointData.csv	222163	71b37e43a04bbc3379037735a48825af-1	2024-06-07T18:00:04.000Z	GLOS	GLOS-08b05f2b-eb9f-11ee-a43c-bd300fe11e8a	2024-05-21T21:13:14Z	2024-05-21T21:35:23Z	exclude	exact_reupload_of:20240606205848733335_08b05f2b-eb9f-11ee-a43c-bd300fe11e8a_pointData.csv
csb/csv/2024/06/07/20240607120750510566_08b05f2b-eb9f-11ee-a43c-bd300fe11e8a_pointData.csv	222163	55124e842813b8fa734cce8cd9eea922-1	2025-01-13T19:30:38.000Z	GLOS	GLOS-08b05f2b-eb9f-11ee-a43c-bd300fe11e8a	2024-05-21T21:13:14Z	2024-05-21T21:35:23Z	exclude	exact_reupload_of:20240606205848733335_08b05f2b-eb9f-11ee-a43c-bd300fe11e8a_pointData.csv
csb/csv/2024/06/07/20240607120902800184_aec163d8-31de-42e1-b2cc-afe792e17e65_pointData.csv	49613	7e52445f98e1090cbca5217e21de3309-1	2024-06-07T18:00:05.000Z	Rosepoint	ROSEP-aec163d8-31de-42e1-b2cc-afe792e17e65	2024-06-07T07:24:47Z	2024-06-07T12:08:32Z	keep	unique_1e-6_lattice_submission
csb/csv/2024/06/07/20240607121235990159_08b05f2b-eb9f-11ee-a43c-bd300fe11e8a_pointData.csv	223266	ebc0092a00e8c37ef4994475f8d0cc6e-1	2024-06-07T18:00:04.000Z	GLOS	GLOS-08b05f2b-eb9f-11ee-a43c-bd300fe11e8a	2024-05-21T21:35:25Z	2024-05-21T21:57:34Z	keep	unique_1e-6_lattice_submission
csb/csv/2024/06/07/20240607121236440579_08b05f2b-eb9f-11ee-a43c-bd300fe11e8a_pointData.csv	223266	5a1482e7a0e53c5c613ddc1f87216160-1	2024-06-07T18:00:05.000Z	GLOS	GLOS-08b05f2b-eb9f-11ee-a43c-bd300fe11e8a	2024-05-21T21:35:25Z	2024-05-21T21:57:34Z	exclude	exact_reupload_of:20240607121235990159_08b05f2b-eb9f-11ee-a43c-bd300fe11e8a_pointData.csv
csb/csv/2024/06/07/20240607121236681749_83e03090-0999-11eb-b6ea-98be942a5b5a_pointData.csv	189387	cf8e970d8322b947b9c4dce5d96a7897-1	2025-01-13T19:30:38.000Z	PGS	PGS-83e03090-0999-11eb-b6ea-98be942a5b5a	2024-06-07T10:00:01Z	2024-06-07T10:59:58Z	exclude	provider_mixed_1e-4_and_1e-6_lattice
csb/csv/2024/06/07/20240607121736165998_08b05f2b-eb9f-11ee-a43c-bd300fe11e8a_pointData.csv	224256	7466a9bbfd667288e0e644cb5c1d7ddf-1	2024-06-07T18:00:05.000Z	GLOS	GLOS-08b05f2b-eb9f-11ee-a43c-bd300fe11e8a	2024-05-21T21:57:36Z	2024-05-21T22:19:53Z	keep	unique_1e-6_lattice_submission
csb/csv/2024/06/07/20240607121736598863_08b05f2b-eb9f-11ee-a43c-bd300fe11e8a_pointData.csv	224256	eaa5fc8f1de88f839ac8d6770520e6b5-1	2024-06-07T18:00:05.000Z	GLOS	GLOS-08b05f2b-eb9f-11ee-a43c-bd300fe11e8a	2024-05-21T21:57:36Z	2024-05-21T22:19:53Z	exclude	exact_reupload_of:20240607121736165998_08b05f2b-eb9f-11ee-a43c-bd300fe11e8a_pointData.csv
csb/csv/2024/06/07/20240607122029918002_ec72276e-3e2b-4d56-82bb-111fc86cbd77_pointData.csv	190863	82a8283513c7c293f9054245a01db244-1	2024-06-07T18:00:04.000Z	PGS	PGS-ec72276e-3e2b-4d56-82bb-111fc86cbd77	2024-06-07T09:00:02Z	2024-06-07T09:59:59Z	exclude	provider_mixed_1e-4_and_1e-6_lattice
csb/csv/2024/06/07/20240607122030622081_ec72276e-3e2b-4d56-82bb-111fc86cbd77_pointData.csv	190704	9ed0f155017c97993af3e489aac2637e-1	2025-01-13T19:30:37.000Z	PGS	PGS-ec72276e-3e2b-4d56-82bb-111fc86cbd77	2024-06-07T10:00:02Z	2024-06-07T10:59:56Z	exclude	provider_mixed_1e-4_and_1e-6_lattice
csb/csv/2024/06/07/20240607122115107413_08b05f2b-eb9f-11ee-a43c-bd300fe11e8a_pointData.csv	92047	d41c00dc3c56495564f209fc951af824-1	2024-06-07T18:00:05.000Z	GLOS	GLOS-08b05f2b-eb9f-11ee-a43c-bd300fe11e8a	2024-05-21T22:19:55Z	2024-05-21T22:29:07Z	keep	unique_1e-6_lattice_submission
csb/csv/2024/06/07/20240607122115472712_08b05f2b-eb9f-11ee-a43c-bd300fe11e8a_pointData.csv	92047	742ca8ed38d2229cbe5214f11f62cd59-1	2024-06-07T18:00:05.000Z	GLOS	GLOS-08b05f2b-eb9f-11ee-a43c-bd300fe11e8a	2024-05-21T22:19:55Z	2024-05-21T22:29:07Z	exclude	exact_reupload_of:20240607122115107413_08b05f2b-eb9f-11ee-a43c-bd300fe11e8a_pointData.csv
csb/csv/2024/06/07/20240607123012602384_d6eb7b6d-04dc-4872-ba51-c3b4ce006807_pointData.csv	866918	47118a3893447a105c3956636715f471-1	2024-06-07T18:00:05.000Z	FarSounder	FARSND-d6eb7b6d-04dc-4872-ba51-c3b4ce006807	2024-06-07T00:16:16.892Z	2024-06-07T05:24:44.714Z	exclude	provider_rolling_overlapping_resubmissions
csb/csv/2024/06/07/20240607123135080286_08b05f2b-eb9f-11ee-a43c-bd300fe11e8a_pointData.csv	240728	8f57185b8d82fff12d9de64bbc4bcf12-1	2025-01-13T19:30:39.000Z	GLOS	GLOS-08b05f2b-eb9f-11ee-a43c-bd300fe11e8a	2024-05-22T13:59:29Z	2024-05-22T14:24:08Z	keep	unique_1e-6_lattice_submission
csb/csv/2024/06/07/20240607123135515498_08b05f2b-eb9f-11ee-a43c-bd300fe11e8a_pointData.csv	240728	8fe7d6355ab53dcf41778f387b47e1e4-1	2024-06-07T18:00:05.000Z	GLOS	GLOS-08b05f2b-eb9f-11ee-a43c-bd300fe11e8a	2024-05-22T13:59:29Z	2024-05-22T14:24:08Z	exclude	exact_reupload_of:20240607123135080286_08b05f2b-eb9f-11ee-a43c-bd300fe11e8a_pointData.csv
csb/csv/2024/06/07/20240607123223187274_3b0c5ff2-0998-11eb-8eb6-98be942a5b5a_pointData.csv	188268	ef0f178a2dec9137ec9c24550570f75c-1	2024-06-07T18:00:05.000Z	PGS	PGS-3b0c5ff2-0998-11eb-8eb6-98be942a5b5a	2024-06-07T10:00:00Z	2024-06-07T10:59:51Z	exclude	provider_mixed_1e-4_and_1e-6_lattice
csb/csv/2024/06/07/20240607123223623721_3b0c5ff2-0998-11eb-8eb6-98be942a5b5a_pointData.csv	143202	8b9806eb96f1c59fd287c09a2c6c93b0-1	2024-06-07T18:00:06.000Z	PGS	PGS-3b0c5ff2-0998-11eb-8eb6-98be942a5b5a	2024-06-07T10:59:54Z	2024-06-07T11:59:57Z	exclude	provider_mixed_1e-4_and_1e-6_lattice
csb/csv/2024/06/07/20240607123636129607_08b05f2b-eb9f-11ee-a43c-bd300fe11e8a_pointData.csv	230515	f3c056c9399c612f62db667d027b85ee-1	2025-01-13T19:30:39.000Z	GLOS	GLOS-08b05f2b-eb9f-11ee-a43c-bd300fe11e8a	2024-05-22T14:24:10Z	2024-05-22T14:47:06Z	keep	unique_1e-6_lattice_submission
csb/csv/2024/06/07/20240607123636566639_08b05f2b-eb9f-11ee-a43c-bd300fe11e8a_pointData.csv	230515	2a7399b6ed5fdfaea85291a8a1b3749a-1	2024-06-07T18:00:05.000Z	GLOS	GLOS-08b05f2b-eb9f-11ee-a43c-bd300fe11e8a	2024-05-22T14:24:10Z	2024-05-22T14:47:06Z	exclude	exact_reupload_of:20240607123636129607_08b05f2b-eb9f-11ee-a43c-bd300fe11e8a_pointData.csv
csb/csv/2024/06/07/20240607123656818009_cdd0edb8-c483-4c48-be4d-93f29dcbc26c_pointData.csv	60074	cab6f05959dc682adf4d928f126211c7-1	2024-06-07T18:00:05.000Z	Rosepoint	ROSEP-cdd0edb8-c483-4c48-be4d-93f29dcbc26c	2024-06-07T06:36:57Z	2024-06-07T12:36:44Z	keep	unique_1e-6_lattice_submission
csb/csv/2024/06/07/20240607124106581148_56f26f84-bafc-4b36-8454-b8546bddcf1d_pointData.csv	51682	6f2ae9c5d09c8b42a9ae71433a823e8b-1	2025-01-13T19:30:39.000Z	Rosepoint	ROSEP-56f26f84-bafc-4b36-8454-b8546bddcf1d	2004-10-22T07:43:51Z	2004-10-22T12:40:28Z	keep	unique_1e-6_lattice_submission
csb/csv/2024/06/07/20240607124545622918_08b05f2b-eb9f-11ee-a43c-bd300fe11e8a_pointData.csv	227624	440b3a082c8333b77cd36fb6ce36dc78-1	2024-06-07T18:00:05.000Z	GLOS	GLOS-08b05f2b-eb9f-11ee-a43c-bd300fe11e8a	2024-05-22T14:47:08Z	2024-05-22T15:09:51Z	keep	unique_1e-6_lattice_submission
csb/csv/2024/06/07/20240607124546059843_08b05f2b-eb9f-11ee-a43c-bd300fe11e8a_pointData.csv	227624	4ac28b48a0db85b8be67090b9d46844b-1	2024-06-07T18:00:06.000Z	GLOS	GLOS-08b05f2b-eb9f-11ee-a43c-bd300fe11e8a	2024-05-22T14:47:08Z	2024-05-22T15:09:51Z	exclude	exact_reupload_of:20240607124545622918_08b05f2b-eb9f-11ee-a43c-bd300fe11e8a_pointData.csv
csb/csv/2024/06/07/20240607124612616506_0dc4d7c1-f541-476d-a76b-72fb09ad1bd2_pointData.csv	63128	3e84be41f259a59df3fcdb8eab025c13-1	2024-06-07T18:00:06.000Z	Rosepoint	ROSEP-0dc4d7c1-f541-476d-a76b-72fb09ad1bd2	2024-06-07T06:46:18Z	2024-06-07T12:45:29Z	keep	unique_1e-6_lattice_submission
csb/csv/2024/06/07/20240607124900539402_70946e11-d3aa-412d-8427-c23af3e246e3_pointData.csv	63047	92ec43d840683ea93c8082168d11c3a9-1	2025-01-13T19:30:39.000Z	Rosepoint	ROSEP-70946e11-d3aa-412d-8427-c23af3e246e3	2024-06-07T06:49:36Z	2024-06-07T12:48:45Z	keep	unique_1e-6_lattice_submission
csb/csv/2024/06/07/20240607125124121419_08b05f2b-eb9f-11ee-a43c-bd300fe11e8a_pointData.csv	227336	50a2496b005af9bfb8b7af6b4bf9f7a0-1	2024-06-07T18:00:05.000Z	GLOS	GLOS-08b05f2b-eb9f-11ee-a43c-bd300fe11e8a	2024-05-22T15:09:53Z	2024-05-22T15:32:38Z	keep	unique_1e-6_lattice_submission
csb/csv/2024/06/07/20240607125124553169_08b05f2b-eb9f-11ee-a43c-bd300fe11e8a_pointData.csv	227336	e06a69ebb9484bc66a7d710fddb915dd-1	2024-06-07T18:00:06.000Z	GLOS	GLOS-08b05f2b-eb9f-11ee-a43c-bd300fe11e8a	2024-05-22T15:09:53Z	2024-05-22T15:32:38Z	exclude	exact_reupload_of:20240607125124121419_08b05f2b-eb9f-11ee-a43c-bd300fe11e8a_pointData.csv
csb/csv/2024/06/07/20240607125702590542_08b05f2b-eb9f-11ee-a43c-bd300fe11e8a_pointData.csv	228187	f83400fb340f279302044d52fc5eeacf-1	2024-06-07T18:00:06.000Z	GLOS	GLOS-08b05f2b-eb9f-11ee-a43c-bd300fe11e8a	2024-05-22T15:32:40Z	2024-05-22T15:55:22Z	keep	unique_1e-6_lattice_submission
csb/csv/2024/06/07/20240607125702760548_53df1aa6-1feb-47dc-a374-3880fae210fd_pointData.csv	3201575	09950958f53655edebc95b0d53e8b6fb-1	2024-06-07T18:00:06.000Z	Rosepoint	ROSEP-53df1aa6-1feb-47dc-a374-3880fae210fd	2024-06-06T19:00:28Z	2024-06-07T00:41:38Z	keep	unique_1e-6_lattice_submission
csb/csv/2024/06/07/20240607125703046067_08b05f2b-eb9f-11ee-a43c-bd300fe11e8a_pointData.csv	228187	a299c9512f1b81fbc01fbfed1d70d63d-1	2025-01-13T19:30:39.000Z	GLOS	GLOS-08b05f2b-eb9f-11ee-a43c-bd300fe11e8a	2024-05-22T15:32:40Z	2024-05-22T15:55:22Z	exclude	exact_reupload_of:20240607125702590542_08b05f2b-eb9f-11ee-a43c-bd300fe11e8a_pointData.csv
csb/csv/2024/06/07/20240607130207590430_08b05f2b-eb9f-11ee-a43c-bd300fe11e8a_pointData.csv	225656	ad5fd4e618d0ca5c7d63ea5b972f7ffa-1	2024-06-07T18:00:06.000Z	GLOS	GLOS-08b05f2b-eb9f-11ee-a43c-bd300fe11e8a	2024-05-22T15:55:25Z	2024-05-22T16:17:55Z	keep	unique_1e-6_lattice_submission
csb/csv/2024/06/07/20240607130208025670_08b05f2b-eb9f-11ee-a43c-bd300fe11e8a_pointData.csv	225656	c79c9fb9475e1d6432d05631cc7045b3-1	2024-06-07T18:00:06.000Z	GLOS	GLOS-08b05f2b-eb9f-11ee-a43c-bd300fe11e8a	2024-05-22T15:55:25Z	2024-05-22T16:17:55Z	exclude	exact_reupload_of:20240607130207590430_08b05f2b-eb9f-11ee-a43c-bd300fe11e8a_pointData.csv
csb/csv/2024/06/07/20240607130739319289_08b05f2b-eb9f-11ee-a43c-bd300fe11e8a_pointData.csv	222675	872ba765c6c3d222c04a5ebedef1b26f-1	2024-06-07T18:00:06.000Z	GLOS	GLOS-08b05f2b-eb9f-11ee-a43c-bd300fe11e8a	2024-05-22T16:17:57Z	2024-05-22T16:40:11Z	keep	unique_1e-6_lattice_submission
csb/csv/2024/06/07/20240607130739777722_08b05f2b-eb9f-11ee-a43c-bd300fe11e8a_pointData.csv	222675	4a72bd4930ad8e8a8afd5912d265768f-1	2024-06-07T18:00:06.000Z	GLOS	GLOS-08b05f2b-eb9f-11ee-a43c-bd300fe11e8a	2024-05-22T16:17:57Z	2024-05-22T16:40:11Z	exclude	exact_reupload_of:20240607130739319289_08b05f2b-eb9f-11ee-a43c-bd300fe11e8a_pointData.csv
csb/csv/2024/06/07/20240607130741692121_4411b9ca-6b0e-47d2-a6be-36e60a3b577a_pointData.csv	60987	f84f45afe7a4ebc47eec777ab0d42976-1	2024-06-07T18:00:06.000Z	Rosepoint	ROSEP-4411b9ca-6b0e-47d2-a6be-36e60a3b577a	2024-06-07T07:07:15Z	2024-06-07T13:06:43Z	keep	unique_1e-6_lattice_submission
csb/csv/2024/06/07/20240607131258693791_e150d9fe-d3d7-4d47-ba18-f82688e01b85_pointData.csv	91935	36b8b26346c0ad4cf04766222a280e75-1	2025-01-13T19:30:38.000Z	Rosepoint	ROSEP-e150d9fe-d3d7-4d47-ba18-f82688e01b85	2024-06-07T07:12:48Z	2024-06-07T13:12:58Z	keep	unique_1e-6_lattice_submission
csb/csv/2024/06/07/20240607131444205389_83e03090-0999-11eb-b6ea-98be942a5b5a_pointData.csv	189397	615603d1725882f6748ed829a0ff7392-1	2024-06-07T18:00:06.000Z	PGS	PGS-83e03090-0999-11eb-b6ea-98be942a5b5a	2024-06-07T11:00:01Z	2024-06-07T11:59:58Z	exclude	provider_mixed_1e-4_and_1e-6_lattice
csb/csv/2024/06/07/20240607131939476926_ec72276e-3e2b-4d56-82bb-111fc86cbd77_pointData.csv	190863	d6d958b416ac42dd776c30ca7deb5b65-1	2024-06-07T18:00:07.000Z	PGS	PGS-ec72276e-3e2b-4d56-82bb-111fc86cbd77	2024-06-07T10:59:59Z	2024-06-07T11:59:57Z	exclude	provider_mixed_1e-4_and_1e-6_lattice
csb/csv/2024/06/07/20240607132219317927_48e8b019-4141-4a35-bd63-b3be3e30b183_pointData.csv	254847	5880f4c959825e1a7651499ca6681333-1	2024-06-07T18:00:07.000Z	Rosepoint	ROSEP-48e8b019-4141-4a35-bd63-b3be3e30b183	2024-06-07T07:22:56Z	2024-06-07T13:22:17Z	keep	unique_1e-6_lattice_submission
csb/csv/2024/06/07/20240607132338977409_3b0c5ff2-0998-11eb-8eb6-98be942a5b5a_pointData.csv	153175	752cf34482014e6e3d60e1c172f49a4d-1	2025-01-13T19:30:39.000Z	PGS	PGS-3b0c5ff2-0998-11eb-8eb6-98be942a5b5a	2024-06-07T12:00:00Z	2024-06-07T12:59:58Z	exclude	provider_mixed_1e-4_and_1e-6_lattice
csb/csv/2024/06/07/20240607133214864069_672e2884-f0ed-44dc-b9bb-56d79261e4f1_pointData.csv	60974	c1a9a8788ff06484fb75bad4a44e62a4-1	2024-06-07T18:00:06.000Z	Rosepoint	ROSEP-672e2884-f0ed-44dc-b9bb-56d79261e4f1	2024-06-07T07:30:58Z	2024-06-07T13:32:05Z	keep	unique_1e-6_lattice_submission
csb/csv/2024/06/07/20240607135011993099_d6eb7b6d-04dc-4872-ba51-c3b4ce006807_pointData.csv	868305	6e34dfadf11a319788dbaf5c9b61939a-1	2024-06-07T18:00:07.000Z	FarSounder	FARSND-d6eb7b6d-04dc-4872-ba51-c3b4ce006807	2024-06-07T00:16:16.892Z	2024-06-07T06:47:45.781Z	exclude	provider_rolling_overlapping_resubmissions
csb/csv/2024/06/07/20240607135336049429_b46dfd84-2ce8-4a25-a16b-4af10b8eb60e_pointData.csv	590002	d3a841f9dfe4327d2624e891604582d6-1	2025-01-13T19:30:40.000Z	Rosepoint	ROSEP-b46dfd84-2ce8-4a25-a16b-4af10b8eb60e	2024-06-07T01:52:44Z	2024-06-07T13:53:19Z	keep	unique_1e-6_lattice_submission
csb/csv/2024/06/07/20240607140027553602_622f6658743b89-54541644_pointData.csv	180264	5c82c57768a8829e66bcc3967ff8925b-1	2024-06-07T18:00:07.000Z	AquaMap	AQM-622f6658743b89-54541644	2024-06-07T13:12:50Z	2024-06-07T13:47:21Z	exclude	provider_off_lattice_float_repr
csb/csv/2024/06/07/20240607140034604124_622f6658743b89-54541644_pointData.csv	740221	1115b4aab52de84267b9cefb528e7932-1	2024-06-07T18:00:07.000Z	AquaMap	AQM-622f6658743b89-54541644	2024-05-04T19:29:44Z	2024-05-04T21:51:24Z	exclude	provider_off_lattice_float_repr
csb/csv/2024/06/07/20240607140323171746_251e0ec1-5645-476e-8563-9f34939f5d72_pointData.csv	293537	6757ee91aca3ee98eb084b45ba8704ed-1	2024-06-07T18:00:07.000Z	Rosepoint	ROSEP-251e0ec1-5645-476e-8563-9f34939f5d72	2024-06-07T08:03:17Z	2024-06-07T14:02:33Z	keep	unique_1e-6_lattice_submission
csb/csv/2024/06/07/20240607140759234734_83e03090-0999-11eb-b6ea-98be942a5b5a_pointData.csv	197644	4c06b3eab558d9daf4f783f0c1c1c159-1	2025-01-13T19:30:39.000Z	PGS	PGS-83e03090-0999-11eb-b6ea-98be942a5b5a	2024-06-07T12:00:01Z	2024-06-07T12:59:58Z	exclude	provider_mixed_1e-4_and_1e-6_lattice
csb/csv/2024/06/07/20240607141433592316_ec72276e-3e2b-4d56-82bb-111fc86cbd77_pointData.csv	190863	a080d150ca4f6e8c3450858e70229382-1	2024-06-07T18:00:07.000Z	PGS	PGS-ec72276e-3e2b-4d56-82bb-111fc86cbd77	2024-06-07T12:00:00Z	2024-06-07T12:59:57Z	exclude	provider_mixed_1e-4_and_1e-6_lattice
csb/csv/2024/06/07/20240607141736805039_62641c86-2ffe-4cee-b9c0-7ee36c1ad599_pointData.csv	3397452	f6f26dab00b1fad24ed8f6ff0874fa7e-1	2024-06-07T18:00:08.000Z	Rosepoint	ROSEP-62641c86-2ffe-4cee-b9c0-7ee36c1ad599	2024-06-07T08:16:05Z	2024-06-07T14:17:31Z	keep	unique_1e-6_lattice_submission
csb/csv/2024/06/07/20240607142722215061_3b0c5ff2-0998-11eb-8eb6-98be942a5b5a_pointData.csv	169988	5438dce8b86c4c279c9b8da521564b43-1	2024-06-07T18:00:08.000Z	PGS	PGS-3b0c5ff2-0998-11eb-8eb6-98be942a5b5a	2024-06-07T13:00:00Z	2024-06-07T13:59:34Z	exclude	provider_mixed_1e-4_and_1e-6_lattice
csb/csv/2024/06/07/20240607150008092357_4f651d43-9a33-452c-9299-6ab08ed9d831_pointData.csv	2336236	4341ed15ba4db59025cf8020c7df0682-1	2024-06-07T18:00:07.000Z	Rosepoint	ROSEP-4f651d43-9a33-452c-9299-6ab08ed9d831	2024-06-07T08:58:44Z	2024-06-07T14:59:56Z	keep	unique_1e-6_lattice_submission
csb/csv/2024/06/07/20240607150018398114_Flatswing_pointData.csv	678973	20e591dee0780f7ece99a1fb21c002bf-1	2024-06-07T18:00:07.000Z	AquaMap	AQM-Flatswing	2024-06-07T11:58:19Z	2024-06-07T14:15:08Z	exclude	provider_off_lattice_float_repr
csb/csv/2024/06/07/20240607150732001418_83e03090-0999-11eb-b6ea-98be942a5b5a_pointData.csv	199981	187d370ab9463713b209fb542a1ca8a5-1	2024-06-07T18:00:07.000Z	PGS	PGS-83e03090-0999-11eb-b6ea-98be942a5b5a	2024-06-07T13:00:01Z	2024-06-07T13:59:58Z	exclude	provider_mixed_1e-4_and_1e-6_lattice
csb/csv/2024/06/07/20240607151018589201_ec72276e-3e2b-4d56-82bb-111fc86cbd77_pointData.csv	190863	a4239f563bb105c3505faf7df123ff9b-1	2024-06-07T18:00:08.000Z	PGS	PGS-ec72276e-3e2b-4d56-82bb-111fc86cbd77	2024-06-07T13:00:00Z	2024-06-07T13:59:57Z	exclude	provider_mixed_1e-4_and_1e-6_lattice
csb/csv/2024/06/07/20240607152011640712_d6eb7b6d-04dc-4872-ba51-c3b4ce006807_pointData.csv	869223	24f631ea97bc67e27b488853acc399b4-1	2024-06-07T18:00:07.000Z	FarSounder	FARSND-d6eb7b6d-04dc-4872-ba51-c3b4ce006807	2024-06-07T00:16:16.892Z	2024-06-07T08:10:54.695Z	exclude	provider_rolling_overlapping_resubmissions
csb/csv/2024/06/07/20240607152255293410_3b0c5ff2-0998-11eb-8eb6-98be942a5b5a_pointData.csv	163198	d6abdaf60214460ded5078e5c01113ae-1	2025-01-13T19:30:39.000Z	PGS	PGS-3b0c5ff2-0998-11eb-8eb6-98be942a5b5a	2024-06-07T13:59:37Z	2024-06-07T14:59:58Z	exclude	provider_mixed_1e-4_and_1e-6_lattice
csb/csv/2024/06/07/20240607152527191834_414fef65-1bd7-4b7c-a601-f46e61ab0f8d_pointData.csv	3997969	8ef7b36d8724914d4843577eade6dce3-1	2024-06-07T18:00:08.000Z	Rosepoint	ROSEP-414fef65-1bd7-4b7c-a601-f46e61ab0f8d	2024-06-07T03:22:32Z	2024-06-07T14:25:54Z	keep	unique_1e-6_lattice_submission
csb/csv/2024/06/07/20240607154445684235_0d1b6ce0-e5ec-40f1-99a9-2187e8d08bf4_pointData.csv	60769	f57a5d69984ccbc92ca05900a9599fe0-1	2024-06-07T18:00:08.000Z	Rosepoint	ROSEP-0d1b6ce0-e5ec-40f1-99a9-2187e8d08bf4	2004-10-22T09:44:24Z	2004-10-22T15:44:44Z	keep	unique_1e-6_lattice_submission
csb/csv/2024/06/07/20240607155335851091_cb1bbd67-78e2-4b5f-97e4-4ab1661c7454_pointData.csv	3285570	ef36499563ef8fc4ddb055bf3e83a7ff-1	2024-06-07T18:00:08.000Z	Rosepoint	ROSEP-cb1bbd67-78e2-4b5f-97e4-4ab1661c7454	2024-06-07T03:50:53Z	2024-06-07T09:51:10Z	keep	unique_1e-6_lattice_submission
csb/csv/2024/06/07/20240607155354235237_c397eae3-6787-4d49-abbe-1de3758956f5_pointData.csv	3147672	b78a6ca3118ac802d24456b30f858d5b-1	2024-06-07T18:00:08.000Z	Rosepoint	ROSEP-c397eae3-6787-4d49-abbe-1de3758956f5	2024-06-07T09:53:48Z	2024-06-07T15:53:47Z	keep	unique_1e-6_lattice_submission
csb/csv/2024/06/07/20240607160120359004_NFA_pointData.csv	601114	88301d812103314c719f9366a059192a-1	2024-06-07T18:00:08.000Z	AquaMap	AQM-NFA	2024-06-07T14:06:19Z	2024-06-07T15:29:52Z	exclude	provider_off_lattice_float_repr
csb/csv/2024/06/07/20240607160123089288_398c56de-e541-4380-9ee4-589ec53f46f6_pointData.csv	61078	c785335256f2a5c3f34c663e43f519d9-1	2024-06-07T18:00:08.000Z	Rosepoint	ROSEP-398c56de-e541-4380-9ee4-589ec53f46f6	2024-06-07T10:00:43Z	2024-06-07T16:00:45Z	keep	unique_1e-6_lattice_submission
csb/csv/2024/06/07/20240607160137422910_623fc1484a7832-34778385_pointData.csv	52298	bbbbea20592e46e6cdeedf1b2db9c6f2-1	2024-06-07T18:00:08.000Z	AquaMap	AQM-623fc1484a7832-34778385	2024-06-07T15:00:31Z	2024-06-07T15:07:00Z	exclude	provider_off_lattice_float_repr
csb/csv/2024/06/07/20240607160315925331_83e03090-0999-11eb-b6ea-98be942a5b5a_pointData.csv	200118	cbc2d206eed0f0ff2151a03c7a8ccdaa-1	2025-01-13T19:30:39.000Z	PGS	PGS-83e03090-0999-11eb-b6ea-98be942a5b5a	2024-06-07T14:00:01Z	2024-06-07T14:59:58Z	exclude	provider_mixed_1e-4_and_1e-6_lattice
csb/csv/2024/06/07/20240607160355723225_c21bff07-b678-4dfb-ab54-a111660d6cfa_pointData.csv	447712	3bbd78363f38c53c92e3542fcf339f68-1	2024-06-07T18:00:08.000Z	Rosepoint	ROSEP-c21bff07-b678-4dfb-ab54-a111660d6cfa	2024-06-07T10:03:00Z	2024-06-07T16:03:04Z	keep	unique_1e-6_lattice_submission
csb/csv/2024/06/07/20240607160639070911_373e61a4-5650-43be-800f-e6197634cf6f_pointData.csv	3344289	4f6f64ea51e44084b36434108ee6dd32-1	2024-06-07T18:00:09.000Z	Rosepoint	ROSEP-373e61a4-5650-43be-800f-e6197634cf6f	2024-06-07T10:06:17Z	2024-06-07T16:06:36Z	keep	unique_1e-6_lattice_submission
csb/csv/2024/06/07/20240607160851920654_e557a017-0c75-4365-808a-680673bbb79e_pointData.csv	2612002	713a8c5aa62dd6bbfb2b317acfaf3eb4-1	2024-06-07T18:00:09.000Z	Rosepoint	ROSEP-e557a017-0c75-4365-808a-680673bbb79e	2024-06-07T10:05:59Z	2024-06-07T16:08:03Z	keep	unique_1e-6_lattice_submission
csb/csv/2024/06/07/20240607161053766777_ec72276e-3e2b-4d56-82bb-111fc86cbd77_pointData.csv	190863	6ffdacdb75b48a3e7451520021e7ab85-1	2025-01-13T19:30:39.000Z	PGS	PGS-ec72276e-3e2b-4d56-82bb-111fc86cbd77	2024-06-07T14:00:00Z	2024-06-07T14:59:57Z	exclude	provider_mixed_1e-4_and_1e-6_lattice
csb/csv/2024/06/07/20240607161504230370_071ba46a-9793-4306-a970-8461bae10e77_pointData.csv	150458	171479b069753f2dd02ccfeacbba0379-1	2024-06-07T18:00:09.000Z	Rosepoint	ROSEP-071ba46a-9793-4306-a970-8461bae10e77	2004-10-22T10:15:33Z	2004-10-22T15:51:46Z	keep	unique_1e-6_lattice_submission
csb/csv/2024/06/07/20240607161743970514_3b0c5ff2-0998-11eb-8eb6-98be942a5b5a_pointData.csv	160126	af9d6cb09827e55505683a909fb36dbf-1	2024-06-07T18:00:08.000Z	PGS	PGS-3b0c5ff2-0998-11eb-8eb6-98be942a5b5a	2024-06-07T15:00:01Z	2024-06-07T15:59:58Z	exclude	provider_mixed_1e-4_and_1e-6_lattice
csb/csv/2024/06/07/20240607162955495768_4606e387-998b-46fb-b5a6-02c7eafa03da_pointData.csv	60788	ca6ed383a3e80654e7eea16eec2f826d-1	2024-06-07T18:00:09.000Z	Rosepoint	ROSEP-4606e387-998b-46fb-b5a6-02c7eafa03da	2004-10-22T10:30:02Z	2004-10-22T16:29:50Z	keep	unique_1e-6_lattice_submission
csb/csv/2024/06/07/20240607164015981506_d6eb7b6d-04dc-4872-ba51-c3b4ce006807_pointData.csv	869581	3e046bb35ab9ad42e86964d665194b32-1	2024-06-07T18:00:08.000Z	FarSounder	FARSND-d6eb7b6d-04dc-4872-ba51-c3b4ce006807	2024-06-07T00:16:16.892Z	2024-06-07T09:33:54.682Z	exclude	provider_rolling_overlapping_resubmissions
csb/csv/2024/06/07/20240607165402071811_f7904f6e-9198-4732-ad84-25948b446b65_pointData.csv	61519	df38bb8372ded5834cdd4c6dbdf7c750-1	2024-06-07T18:00:09.000Z	Rosepoint	ROSEP-f7904f6e-9198-4732-ad84-25948b446b65	2004-10-22T10:54:28Z	2004-10-22T16:53:57Z	keep	unique_1e-6_lattice_submission
csb/csv/2024/06/07/20240607170017211603_6081452d2f4a92-75863384_pointData.csv	778807	c63176251a5f0b62fd26fe1206305b9d-1	2025-01-13T19:30:40.000Z	AquaMap	AQM-6081452d2f4a92-75863384	2024-06-06T15:30:41Z	2024-06-06T17:38:44Z	exclude	provider_off_lattice_float_repr
csb/csv/2024/06/07/20240607170025352328_NFA_pointData.csv	597800	a3b6db9c9d7af8dc992565ca8c88ef46-1	2024-06-07T18:00:08.000Z	AquaMap	AQM-NFA	2024-06-07T15:29:53Z	2024-06-07T16:53:14Z	exclude	provider_off_lattice_float_repr
csb/csv/2024/06/07/20240607170119030867_mdhervey_pointData.csv	77120	d296ac8353f87012781cbe44422bed81-1	2025-01-13T19:30:38.000Z	AquaMap	AQM-mdhervey	2024-05-31T18:23:39Z	2024-05-31T18:33:26Z	exclude	provider_off_lattice_float_repr
csb/csv/2024/06/07/20240607170142124699_gildnerwjrmac-com_pointData.csv	19745	d547a77f69c8dca73b1d26de4c8f0d22-1	2024-06-07T18:00:09.000Z	AquaMap	AQM-gildnerwjrmac-com	2024-06-07T14:51:43Z	2024-06-07T14:54:41Z	exclude	provider_off_lattice_float_repr
csb/csv/2024/06/07/20240607170156947695_Flatswing_pointData.csv	678389	c565f1791c7a73ba817ea5a06f593027-1	2024-06-07T18:00:10.000Z	AquaMap	AQM-Flatswing	2024-06-07T14:15:10Z	2024-06-07T16:30:28Z	exclude	provider_off_lattice_float_repr
csb/csv/2024/06/07/20240607170205689048_gildnerwjrmac-com_pointData.csv	17232	8278479902aa3dee6f5fd1499542d573-1	2024-06-07T18:00:09.000Z	AquaMap	AQM-gildnerwjrmac-com	2024-06-07T16:07:18Z	2024-06-07T16:09:12Z	exclude	provider_off_lattice_float_repr
csb/csv/2024/06/07/20240607170244006986_8250175b-3c29-4906-8437-5106955c99c6_pointData.csv	62118	eef0e6fe4cd005eb91f083cd5cb19c83-1	2025-01-13T19:30:40.000Z	Rosepoint	ROSEP-8250175b-3c29-4906-8437-5106955c99c6	2024-06-07T10:59:51Z	2024-06-07T17:02:32Z	keep	unique_1e-6_lattice_submission
csb/csv/2024/06/07/20240607170450780417_a0c5f5d4-2c89-4dc6-b6e8-695d93ab03b7_pointData.csv	1657787	2515ccb3395e67d695c0401d009ad736-1	2024-06-07T18:00:09.000Z	Rosepoint	ROSEP-a0c5f5d4-2c89-4dc6-b6e8-695d93ab03b7	2024-06-06T19:05:13Z	2024-06-06T22:12:16Z	keep	unique_1e-6_lattice_submission
csb/csv/2024/06/07/20240607170719640490_83e03090-0999-11eb-b6ea-98be942a5b5a_pointData.csv	200191	e784e47eecfaf672960b59179dbbb817-1	2024-06-07T18:00:09.000Z	PGS	PGS-83e03090-0999-11eb-b6ea-98be942a5b5a	2024-06-07T15:00:01Z	2024-06-07T15:59:59Z	exclude	provider_mixed_1e-4_and_1e-6_lattice
csb/csv/2024/06/07/20240607171013792508_6bdb1904-26b3-44cd-ab0a-87d22b01c2d4_pointData.csv	1382346	47c42edb7115dfae62c5c780492802da-1	2024-06-07T18:00:09.000Z	Rosepoint	ROSEP-6bdb1904-26b3-44cd-ab0a-87d22b01c2d4	2024-06-07T11:09:07Z	2024-06-07T17:09:27Z	keep	unique_1e-6_lattice_submission
csb/csv/2024/06/07/20240607171158333883_ec72276e-3e2b-4d56-82bb-111fc86cbd77_pointData.csv	190863	33fd74181729d556911506ef5c812f6a-1	2025-01-13T19:30:40.000Z	PGS	PGS-ec72276e-3e2b-4d56-82bb-111fc86cbd77	2024-06-07T15:00:00Z	2024-06-07T15:59:57Z	exclude	provider_mixed_1e-4_and_1e-6_lattice
csb/csv/2024/06/07/20240607172507184268_3b0c5ff2-0998-11eb-8eb6-98be942a5b5a_pointData.csv	161277	9db7be3bf732ca60ca2a9e9640b3204d-1	2024-06-07T18:00:09.000Z	PGS	PGS-3b0c5ff2-0998-11eb-8eb6-98be942a5b5a	2024-06-07T16:00:01Z	2024-06-07T16:59:58Z	exclude	provider_mixed_1e-4_and_1e-6_lattice
csb/csv/2024/06/07/20240607175010329702_d6eb7b6d-04dc-4872-ba51-c3b4ce006807_pointData.csv	790843	c270ea38bc565a210eef302e8bf6853a-1	2024-06-07T18:00:09.000Z	FarSounder	FARSND-d6eb7b6d-04dc-4872-ba51-c3b4ce006807	2024-06-07T00:16:16.892Z	2024-06-07T10:49:28.663Z	exclude	provider_rolling_overlapping_resubmissions
csb/csv/2024/06/07/20240607180014642924_NFA_pointData.csv	335303	1d728f2de4cacfb4a5ffed991bee54c6-1	2024-06-08T00:00:06.000Z	AquaMap	AQM-NFA	2024-06-07T16:53:15Z	2024-06-07T17:39:27Z	exclude	provider_off_lattice_float_repr
csb/csv/2024/06/07/20240607180055377570_gildnerwjrmac-com_pointData.csv	49780	d51420b166542e3b2f2e9f3074dc71ac-1	2024-06-08T00:00:05.000Z	AquaMap	AQM-gildnerwjrmac-com	2024-06-07T17:25:33Z	2024-06-07T17:32:36Z	exclude	provider_off_lattice_float_repr
csb/csv/2024/06/07/20240607180634422839_f73d4b8d-97c0-48ab-9200-c313709c76d0_pointData.csv	1317485	36d28b0946b58237f91fc371ee911c16-1	2025-01-13T19:30:40.000Z	Rosepoint	ROSEP-f73d4b8d-97c0-48ab-9200-c313709c76d0	2024-06-07T12:05:45Z	2024-06-07T18:06:28Z	keep	unique_1e-6_lattice_submission
csb/csv/2024/06/07/20240607181117953661_aec163d8-31de-42e1-b2cc-afe792e17e65_pointData.csv	143152	629d9c3da0033e7f7d352d1b80006243-1	2024-06-08T00:00:06.000Z	Rosepoint	ROSEP-aec163d8-31de-42e1-b2cc-afe792e17e65	2024-06-07T12:08:49Z	2024-06-07T18:10:44Z	keep	unique_1e-6_lattice_submission
csb/csv/2024/06/07/20240607182721985974_83e03090-0999-11eb-b6ea-98be942a5b5a_pointData.csv	197552	16afc77af39e06e223c3807f32b4cffd-1	2025-01-13T19:30:39.000Z	PGS	PGS-83e03090-0999-11eb-b6ea-98be942a5b5a	2024-06-07T16:00:01Z	2024-06-07T16:59:59Z	exclude	provider_mixed_1e-4_and_1e-6_lattice
csb/csv/2024/06/07/20240607182722887536_83e03090-0999-11eb-b6ea-98be942a5b5a_pointData.csv	194219	cfb479cdc17bb287726a9946c0d826ec-1	2024-06-08T00:00:06.000Z	PGS	PGS-83e03090-0999-11eb-b6ea-98be942a5b5a	2024-06-07T17:00:02Z	2024-06-07T17:59:59Z	exclude	provider_mixed_1e-4_and_1e-6_lattice
csb/csv/2024/06/07/20240607183518077627_ec72276e-3e2b-4d56-82bb-111fc86cbd77_pointData.csv	190863	34952221d5bee9b52cf5259006c0c468-1	2024-06-08T00:00:06.000Z	PGS	PGS-ec72276e-3e2b-4d56-82bb-111fc86cbd77	2024-06-07T16:00:00Z	2024-06-07T16:59:57Z	exclude	provider_mixed_1e-4_and_1e-6_lattice
csb/csv/2024/06/07/20240607183716484110_cdd0edb8-c483-4c48-be4d-93f29dcbc26c_pointData.csv	60228	f1b5f0b1a8dc265c6adcc10e6dff5026-1	2024-06-08T00:00:06.000Z	Rosepoint	ROSEP-cdd0edb8-c483-4c48-be4d-93f29dcbc26c	2024-06-07T12:37:45Z	2024-06-07T18:36:43Z	keep	unique_1e-6_lattice_submission
csb/csv/2024/06/07/20240607184202524606_56f26f84-bafc-4b36-8454-b8546bddcf1d_pointData.csv	111487	72be32e7d38e1f7cb2bc6b6cd18078e7-1	2025-01-13T19:30:40.000Z	Rosepoint	ROSEP-56f26f84-bafc-4b36-8454-b8546bddcf1d	2004-10-22T12:41:28Z	2004-10-22T18:41:56Z	keep	unique_1e-6_lattice_submission
csb/csv/2024/06/07/20240607184458929768_3b0c5ff2-0998-11eb-8eb6-98be942a5b5a_pointData.csv	193920	b762307076f3555f5c783a6e2b0eadfe-1	2024-06-08T00:00:06.000Z	PGS	PGS-3b0c5ff2-0998-11eb-8eb6-98be942a5b5a	2024-06-07T17:00:01Z	2024-06-07T17:59:58Z	exclude	provider_mixed_1e-4_and_1e-6_lattice
csb/csv/2024/06/07/20240607184629889326_0dc4d7c1-f541-476d-a76b-72fb09ad1bd2_pointData.csv	63133	63fc09de4fb347086cc784e294797f83-1	2024-06-08T00:00:06.000Z	Rosepoint	ROSEP-0dc4d7c1-f541-476d-a76b-72fb09ad1bd2	2024-06-07T12:46:30Z	2024-06-07T18:45:50Z	keep	unique_1e-6_lattice_submission
csb/csv/2024/06/07/20240607184923737309_70946e11-d3aa-412d-8427-c23af3e246e3_pointData.csv	63047	69b37ca97e231584031a8bdb0d0926b3-1	2024-06-08T00:00:06.000Z	Rosepoint	ROSEP-70946e11-d3aa-412d-8427-c23af3e246e3	2024-06-07T12:49:46Z	2024-06-07T18:49:12Z	keep	unique_1e-6_lattice_submission
csb/csv/2024/06/07/20240607190003733866_gildnerwjrmac-com_pointData.csv	28399	082858bc1d6e4ffd86ab1683e388b7ad-1	2024-06-08T00:00:06.000Z	AquaMap	AQM-gildnerwjrmac-com	2024-06-07T17:49:41Z	2024-06-07T18:01:38Z	exclude	provider_off_lattice_float_repr
csb/csv/2024/06/07/20240607190015224000_d6eb7b6d-04dc-4872-ba51-c3b4ce006807_pointData.csv	723900	7c11ad834bc97bd976ad9fb598a68b99-1	2024-06-08T00:00:06.000Z	FarSounder	FARSND-d6eb7b6d-04dc-4872-ba51-c3b4ce006807	2024-06-07T00:16:16.892Z	2024-06-07T11:58:38.723Z	exclude	provider_rolling_overlapping_resubmissions
csb/csv/2024/06/07/20240607190020580749_ChapterFour_pointData.csv	708563	848d6bb641ffd674456c0076285c8e93-1	2024-06-08T00:00:06.000Z	AquaMap	AQM-ChapterFour	2024-06-07T09:35:03Z	2024-06-07T11:15:49Z	exclude	provider_off_lattice_float_repr
csb/csv/2024/06/07/20240607190113532699_ChapterFour_pointData.csv	425951	82200ccfa9501966f17891a87cb8e246-1	2024-06-08T00:00:06.000Z	AquaMap	AQM-ChapterFour	2024-06-07T15:00:42Z	2024-06-07T16:14:38Z	exclude	provider_off_lattice_float_repr
csb/csv/2024/06/07/20240607190122289090_ChapterFour_pointData.csv	707201	e4525545d91bfabf2abb226071c62952-1	2024-06-08T00:00:06.000Z	AquaMap	AQM-ChapterFour	2024-06-07T11:15:50Z	2024-06-07T13:04:17Z	exclude	provider_off_lattice_float_repr
csb/csv/2024/06/07/20240607190145845083_ChapterFour_pointData.csv	704587	62a5befca79a92ef0b44463baf198481-1	2024-06-08T00:00:06.000Z	AquaMap	AQM-ChapterFour	2024-06-07T13:04:20Z	2024-06-07T15:00:41Z	exclude	provider_off_lattice_float_repr
csb/csv/2024/06/07/20240607190209848482_ChapterFour_pointData.csv	171954	ae5ac3781b23e8d983e28131e3ba1464-1	2024-06-08T00:00:06.000Z	AquaMap	AQM-ChapterFour	2024-06-06T17:17:35Z	2024-06-06T18:04:18Z	exclude	provider_off_lattice_float_repr
csb/csv/2024/06/07/20240607190227198248_Flatswing_pointData.csv	678529	58ab38c8397bc830e8c8c93df23d1e3c-1	2024-06-08T00:00:07.000Z	AquaMap	AQM-Flatswing	2024-06-07T16:30:30Z	2024-06-07T18:47:09Z	exclude	provider_off_lattice_float_repr
csb/csv/2024/06/07/20240607190906074631_4411b9ca-6b0e-47d2-a6be-36e60a3b577a_pointData.csv	61028	0ea865501d1ce32ac773a3b84429c607-1	2024-06-08T00:00:06.000Z	Rosepoint	ROSEP-4411b9ca-6b0e-47d2-a6be-36e60a3b577a	2024-06-07T13:07:44Z	2024-06-07T19:08:10Z	keep	unique_1e-6_lattice_submission
csb/csv/2024/06/07/20240607191317809697_e150d9fe-d3d7-4d47-ba18-f82688e01b85_pointData.csv	1894515	88474487a0c9509a05334a8375b78135-1	2025-01-13T19:30:40.000Z	Rosepoint	ROSEP-e150d9fe-d3d7-4d47-ba18-f82688e01b85	2024-06-07T13:12:59Z	2024-06-07T19:13:01Z	keep	unique_1e-6_lattice_submission
csb/csv/2024/06/07/20240607192302480588_48e8b019-4141-4a35-bd63-b3be3e30b183_pointData.csv	3389372	03fd818232826cdc538d5acdb26f832f-1	2024-06-08T00:00:07.000Z	Rosepoint	ROSEP-48e8b019-4141-4a35-bd63-b3be3e30b183	2024-06-07T13:22:18Z	2024-06-07T19:22:44Z	keep	unique_1e-6_lattice_submission
csb/csv/2024/06/07/20240607193303485095_83e03090-0999-11eb-b6ea-98be942a5b5a_pointData.csv	194197	f1f71646f28e822b82044eb8e6803104-1	2024-06-08T00:00:07.000Z	PGS	PGS-83e03090-0999-11eb-b6ea-98be942a5b5a	2024-06-07T18:00:02Z	2024-06-07T18:59:59Z	exclude	provider_mixed_1e-4_and_1e-6_lattice
csb/csv/2024/06/07/20240607193342346684_672e2884-f0ed-44dc-b9bb-56d79261e4f1_pointData.csv	1059163	b70aee00e4478203254c685e4758e719-1	2025-01-13T19:30:40.000Z	Rosepoint	ROSEP-672e2884-f0ed-44dc-b9bb-56d79261e4f1	2024-06-07T13:33:05Z	2024-06-07T19:32:50Z	keep	unique_1e-6_lattice_submission
csb/csv/2024/06/07/20240607193731109471_ec72276e-3e2b-4d56-82bb-111fc86cbd77_pointData.csv	190863	e296cf065f57c6f647f423fcb9c72feb-1	2024-06-08T00:00:07.000Z	PGS	PGS-ec72276e-3e2b-4d56-82bb-111fc86cbd77	2024-06-07T17:00:00Z	2024-06-07T17:59:57Z	exclude	provider_mixed_1e-4_and_1e-6_lattice
csb/csv/2024/06/07/20240607194756757499_3b0c5ff2-0998-11eb-8eb6-98be942a5b5a_pointData.csv	201152	70eba18908fcb53b21f84f5a6fb69b08-1	2024-06-08T00:00:07.000Z	PGS	PGS-3b0c5ff2-0998-11eb-8eb6-98be942a5b5a	2024-06-07T18:00:01Z	2024-06-07T18:59:58Z	exclude	provider_mixed_1e-4_and_1e-6_lattice
csb/csv/2024/06/07/20240607194759759144_ac5ff8d4-84be-43fd-9278-58fc93a0abc0_pointData.csv	1271	05a5858cfa812b1b9f3806c1746b8e08-1	2024-06-08T00:00:07.000Z	Rosepoint	ROSEP-ac5ff8d4-84be-43fd-9278-58fc93a0abc0	2024-06-01T16:24:21Z	2024-06-01T16:30:24Z	keep	unique_1e-6_lattice_submission
csb/csv/2024/06/07/20240607195504059785_b46dfd84-2ce8-4a25-a16b-4af10b8eb60e_pointData.csv	445518	17a9562dff5ea9a410700d3191dbb4b2-1	2024-06-08T00:00:07.000Z	Rosepoint	ROSEP-b46dfd84-2ce8-4a25-a16b-4af10b8eb60e	2024-06-07T13:54:19Z	2024-06-07T19:54:34Z	keep	unique_1e-6_lattice_submission
csb/csv/2024/06/07/20240607200013501961_mdhervey_pointData.csv	139333	5c10e005963e9d226550a8c07d9089bf-1	2024-06-08T00:00:07.000Z	AquaMap	AQM-mdhervey	2024-06-07T19:05:51Z	2024-06-07T19:24:59Z	exclude	provider_off_lattice_float_repr
csb/csv/2024/06/07/20240607200132013478_mdhervey_pointData.csv	77120	75f3125109f9ba6148d3120fd41db408-1	2024-06-08T00:00:07.000Z	AquaMap	AQM-mdhervey	2024-05-31T18:23:39Z	2024-05-31T18:33:26Z	exclude	provider_off_lattice_float_repr
csb/csv/2024/06/07/20240607200153900269_65e8651f30ed69-21362319_pointData.csv	116097	941cbd0075a5657c66184b45204de1e0-1	2025-01-13T19:30:40.000Z	AquaMap	AQM-65e8651f30ed69-21362319	2024-06-07T14:17:16Z	2024-06-07T14:35:04Z	exclude	provider_off_lattice_float_repr
csb/csv/2024/06/07/20240607200440739274_251e0ec1-5645-476e-8563-9f34939f5d72_pointData.csv	209787	0da0e0e65e8a3a931c4e84f4f440368b-1	2024-06-08T00:00:08.000Z	Rosepoint	ROSEP-251e0ec1-5645-476e-8563-9f34939f5d72	2024-06-07T14:03:33Z	2024-06-07T20:03:47Z	keep	unique_1e-6_lattice_submission
csb/csv/2024/06/07/20240607201821208386_62641c86-2ffe-4cee-b9c0-7ee36c1ad599_pointData.csv	3395664	0ef180a504c088b3f5e92457fd827709-1	2024-06-08T00:00:08.000Z	Rosepoint	ROSEP-62641c86-2ffe-4cee-b9c0-7ee36c1ad599	2024-06-07T14:17:32Z	2024-06-07T20:18:08Z	keep	unique_1e-6_lattice_submission
csb/csv/2024/06/07/20240607202009381722_d6eb7b6d-04dc-4872-ba51-c3b4ce006807_pointData.csv	845927	a84603c183d3c3c4e1a0c5967137fbb9-1	2025-01-13T19:30:41.000Z	FarSounder	FARSND-d6eb7b6d-04dc-4872-ba51-c3b4ce006807	2024-06-07T00:31:18.212Z	2024-06-07T13:19:28.604Z	exclude	provider_rolling_overlapping_resubmissions
csb/csv/2024/06/07/20240607203139299582_83e03090-0999-11eb-b6ea-98be942a5b5a_pointData.csv	194184	a47519aecdbcd522eb47ed8bb03f934e-1	2024-06-08T00:00:07.000Z	PGS	PGS-83e03090-0999-11eb-b6ea-98be942a5b5a	2024-06-07T19:00:02Z	2024-06-07T19:59:59Z	exclude	provider_mixed_1e-4_and_1e-6_lattice
csb/csv/2024/06/07/20240607203543271792_cb79375b-6320-47cd-9a7c-d3014ab4f537_pointData.csv	121566442	00b13a6f8db4de5b1aa11ec9afd0f789-24	2024-06-08T00:00:11.000Z	Rosepoint	ROSEP-cb79375b-6320-47cd-9a7c-d3014ab4f537	2024-05-21T14:16:17Z	2024-06-05T00:52:38Z	keep	unique_1e-6_lattice_submission
csb/csv/2024/06/07/20240607203642873493_50008c0e-ffea-48f3-9404-a4375c9e9843_pointData.csv	2401228	e1d179d9adc4be08545a529da6752ad2-1	2025-01-13T19:30:42.000Z	Rosepoint	ROSEP-50008c0e-ffea-48f3-9404-a4375c9e9843	2024-06-07T16:14:24Z	2024-06-07T20:36:37Z	keep	unique_1e-6_lattice_submission
csb/csv/2024/06/07/20240607203918780720_ec72276e-3e2b-4d56-82bb-111fc86cbd77_pointData.csv	190863	49e831227e4c52447ce8dc1563175b8f-1	2024-06-08T00:00:07.000Z	PGS	PGS-ec72276e-3e2b-4d56-82bb-111fc86cbd77	2024-06-07T18:00:00Z	2024-06-07T18:59:57Z	exclude	provider_mixed_1e-4_and_1e-6_lattice
csb/csv/2024/06/07/20240607204305059388_3b0c5ff2-0998-11eb-8eb6-98be942a5b5a_pointData.csv	198094	ab87c24b20d0db0e0f5c333e7b9a85cf-1	2024-06-08T00:00:08.000Z	PGS	PGS-3b0c5ff2-0998-11eb-8eb6-98be942a5b5a	2024-06-07T19:00:01Z	2024-06-07T19:59:58Z	exclude	provider_mixed_1e-4_and_1e-6_lattice
csb/csv/2024/06/07/20240607210026620564_Flatswing_pointData.csv	679471	40118a60f3983193b683d2ad2fdef483-1	2025-01-13T19:30:42.000Z	AquaMap	AQM-Flatswing	2024-06-07T18:47:11Z	2024-06-07T20:59:49Z	exclude	provider_off_lattice_float_repr
csb/csv/2024/06/07/20240607210131356346_4f651d43-9a33-452c-9299-6ab08ed9d831_pointData.csv	464838	3c2af968f05f12735d688b66f2e3aac8-1	2024-06-08T00:00:08.000Z	Rosepoint	ROSEP-4f651d43-9a33-452c-9299-6ab08ed9d831	2024-06-07T15:00:55Z	2024-06-07T21:00:53Z	keep	unique_1e-6_lattice_submission
csb/csv/2024/06/07/20240607212638064400_414fef65-1bd7-4b7c-a601-f46e61ab0f8d_pointData.csv	3698332	c8a5016be2ebf8779d810774c1cb03c1-1	2025-01-13T19:30:40.000Z	Rosepoint	ROSEP-414fef65-1bd7-4b7c-a601-f46e61ab0f8d	2024-06-07T14:25:55Z	2024-06-07T21:26:31Z	keep	unique_1e-6_lattice_submission
csb/csv/2024/06/07/20240607213452466278_08b541ee-eb9f-11ee-8abd-bd300fe11e8a_pointData.csv	214674	15a41543179304afd6371d2f54ce434c-1	2024-06-08T00:00:07.000Z	GLOS	GLOS-08b541ee-eb9f-11ee-8abd-bd300fe11e8a	2024-06-07T00:33:37Z	2024-06-07T00:56:44Z	keep	unique_1e-6_lattice_submission
csb/csv/2024/06/07/20240607213453024050_08b541ee-eb9f-11ee-8abd-bd300fe11e8a_pointData.csv	214674	1e70383c879d9a716671f4ad09c33b3b-1	2024-06-08T00:00:08.000Z	GLOS	GLOS-08b541ee-eb9f-11ee-8abd-bd300fe11e8a	2024-06-07T00:33:37Z	2024-06-07T00:56:44Z	exclude	exact_reupload_of:20240607213452466278_08b541ee-eb9f-11ee-8abd-bd300fe11e8a_pointData.csv
csb/csv/2024/06/07/20240607213528486208_83e03090-0999-11eb-b6ea-98be942a5b5a_pointData.csv	194188	563b6433e126f3561bc5ddcac441e015-1	2024-06-08T00:00:08.000Z	PGS	PGS-83e03090-0999-11eb-b6ea-98be942a5b5a	2024-06-07T20:00:02Z	2024-06-07T20:59:59Z	exclude	provider_mixed_1e-4_and_1e-6_lattice
csb/csv/2024/06/07/20240607213704169970_ec72276e-3e2b-4d56-82bb-111fc86cbd77_pointData.csv	190863	26c5b115a83f80e3c655772a8f14f97b-1	2025-01-13T19:30:41.000Z	PGS	PGS-ec72276e-3e2b-4d56-82bb-111fc86cbd77	2024-06-07T19:00:00Z	2024-06-07T19:59:57Z	exclude	provider_mixed_1e-4_and_1e-6_lattice
csb/csv/2024/06/07/20240607214310290173_3b0c5ff2-0998-11eb-8eb6-98be942a5b5a_pointData.csv	157248	873517727ad20b43bc05c88a532c58ab-1	2024-06-08T00:00:08.000Z	PGS	PGS-3b0c5ff2-0998-11eb-8eb6-98be942a5b5a	2024-06-07T20:00:01Z	2024-06-07T20:59:58Z	exclude	provider_mixed_1e-4_and_1e-6_lattice
csb/csv/2024/06/07/20240607214512921325_0d1b6ce0-e5ec-40f1-99a9-2187e8d08bf4_pointData.csv	60454	3fe96b5b16f9d35e93a3def9593ede8e-1	2024-06-08T00:00:14.000Z	Rosepoint	ROSEP-0d1b6ce0-e5ec-40f1-99a9-2187e8d08bf4	2004-10-22T15:45:44Z	2004-10-22T21:44:14Z	keep	unique_1e-6_lattice_submission
csb/csv/2024/06/07/20240607215009762383_d6eb7b6d-04dc-4872-ba51-c3b4ce006807_pointData.csv	871132	0fd6af3dd94c07e05ba6cd932c1db658-1	2024-06-08T00:00:08.000Z	FarSounder	FARSND-d6eb7b6d-04dc-4872-ba51-c3b4ce006807	2024-06-07T00:31:18.212Z	2024-06-07T14:42:36.603Z	exclude	provider_rolling_overlapping_resubmissions
csb/csv/2024/06/07/20240607215450284225_c397eae3-6787-4d49-abbe-1de3758956f5_pointData.csv	3460645	74cacb9e0437614cebdf44440520ac5b-1	2025-01-13T19:30:43.000Z	Rosepoint	ROSEP-c397eae3-6787-4d49-abbe-1de3758956f5	2024-06-07T15:53:48Z	2024-06-07T21:54:45Z	keep	unique_1e-6_lattice_submission
csb/csv/2024/06/07/20240607215453357039_cb1bbd67-78e2-4b5f-97e4-4ab1661c7454_pointData.csv	3909206	cfc0b851b114b34b973b7af11a8b248c-1	2024-06-08T00:00:08.000Z	Rosepoint	ROSEP-cb1bbd67-78e2-4b5f-97e4-4ab1661c7454	2024-06-07T09:51:13Z	2024-06-07T17:01:17Z	keep	unique_1e-6_lattice_submission
csb/csv/2024/06/07/20240607220044312702_WittsEnd_pointData.csv	559926	357b93d8904daeda3ece1f3333c00a39-1	2024-06-08T00:00:09.000Z	AquaMap	AQM-WittsEnd	2024-04-14T16:18:40Z	2024-04-14T18:01:42Z	exclude	provider_off_lattice_float_repr
csb/csv/2024/06/07/20240607220115729127_WittsEnd_pointData.csv	406522	ea16ab57068ba1afb9dd8b7c2f765952-1	2025-01-13T19:30:41.000Z	AquaMap	AQM-WittsEnd	2024-06-07T17:40:33Z	2024-06-07T18:35:14Z	exclude	provider_off_lattice_float_repr
csb/csv/2024/06/07/20240607220141799698_WittsEnd_pointData.csv	504761	bff21fc73f28537ddbbd42d68a1231d7-1	2024-06-08T00:00:08.000Z	AquaMap	AQM-WittsEnd	2024-06-07T15:52:56Z	2024-06-07T17:23:25Z	exclude	provider_off_lattice_float_repr
csb/csv/2024/06/07/20240607220151119561_WittsEnd_pointData.csv	671632	61a0ed91a72c1b2262ff4a1ce69f5a47-1	2024-06-08T00:00:09.000Z	AquaMap	AQM-WittsEnd	2024-06-07T17:39:26Z	2024-06-07T19:23:48Z	exclude	provider_off_lattice_float_repr
csb/csv/2024/06/07/20240607220244841210_398c56de-e541-4380-9ee4-589ec53f46f6_pointData.csv	61072	6d141fb5dd15f94d888d915d2fee80f9-1	2024-06-08T00:00:09.000Z	Rosepoint	ROSEP-398c56de-e541-4380-9ee4-589ec53f46f6	2024-06-07T16:01:45Z	2024-06-07T22:01:46Z	keep	unique_1e-6_lattice_submission
csb/csv/2024/06/07/20240607220524941040_11ce5241-356b-43ba-9456-f56555e0751a_pointData.csv	686745	8887fd1a5b3cc55fab6ba4d084bda097-1	2025-01-13T19:30:41.000Z	Rosepoint	ROSEP-11ce5241-356b-43ba-9456-f56555e0751a	2024-06-07T16:04:41Z	2024-06-07T22:04:01Z	keep	unique_1e-6_lattice_submission
csb/csv/2024/06/07/20240607220530559391_c21bff07-b678-4dfb-ab54-a111660d6cfa_pointData.csv	1042758	a25f24b8ea80e69e61d9ed7a479dcd24-1	2024-06-08T00:00:08.000Z	Rosepoint	ROSEP-c21bff07-b678-4dfb-ab54-a111660d6cfa	2024-06-07T16:04:05Z	2024-06-07T22:05:26Z	keep	unique_1e-6_lattice_submission
csb/csv/2024/06/07/20240607220700337555_373e61a4-5650-43be-800f-e6197634cf6f_pointData.csv	2346221	fd68d5463dd9780a1e1a2c7da84e6c1c-1	2024-06-08T00:00:15.000Z	Rosepoint	ROSEP-373e61a4-5650-43be-800f-e6197634cf6f	2024-06-07T16:06:37Z	2024-06-07T22:06:58Z	keep	unique_1e-6_lattice_submission
csb/csv/2024/06/07/20240607221001922992_e557a017-0c75-4365-808a-680673bbb79e_pointData.csv	587150	3dc145ecfe6f98ac2dee506d847fbeec-1	2024-06-08T00:00:09.000Z	Rosepoint	ROSEP-e557a017-0c75-4365-808a-680673bbb79e	2024-06-07T16:09:03Z	2024-06-07T22:09:23Z	keep	unique_1e-6_lattice_submission
csb/csv/2024/06/07/20240607221558085750_08b541ee-eb9f-11ee-8abd-bd300fe11e8a_pointData.csv	364001	c300492daf283883f73529a9bec034d7-1	2024-06-08T00:00:09.000Z	GLOS	GLOS-08b541ee-eb9f-11ee-8abd-bd300fe11e8a	2024-06-07T21:36:22Z	2024-06-07T22:13:47Z	keep	unique_1e-6_lattice_submission
csb/csv/2024/06/07/20240607221558607245_08b541ee-eb9f-11ee-8abd-bd300fe11e8a_pointData.csv	364001	6eb41b7ee4cd28d5b22b9e8300d7f3e9-1	2024-06-08T00:00:09.000Z	GLOS	GLOS-08b541ee-eb9f-11ee-8abd-bd300fe11e8a	2024-06-07T21:36:22Z	2024-06-07T22:13:47Z	exclude	exact_reupload_of:20240607221558085750_08b541ee-eb9f-11ee-8abd-bd300fe11e8a_pointData.csv
csb/csv/2024/06/07/20240607221610622097_071ba46a-9793-4306-a970-8461bae10e77_pointData.csv	1885691	02aea5d08108e3feb95d5151b70a713a-1	2024-06-08T00:00:09.000Z	Rosepoint	ROSEP-071ba46a-9793-4306-a970-8461bae10e77	2004-10-22T16:36:28Z	2004-10-22T22:15:56Z	keep	unique_1e-6_lattice_submission
csb/csv/2024/06/07/20240607223016854337_4606e387-998b-46fb-b5a6-02c7eafa03da_pointData.csv	60592	e0c509f3248bf982bf7488f468f797a8-1	2024-06-08T00:00:09.000Z	Rosepoint	ROSEP-4606e387-998b-46fb-b5a6-02c7eafa03da	2004-10-22T16:30:51Z	2004-10-22T22:29:55Z	keep	unique_1e-6_lattice_submission
csb/csv/2024/06/07/20240607223215945957_8250175b-3c29-4906-8437-5106955c99c6_pointData.csv	56014	dc0905ffc232251a236aaa21edf43375-1	2024-06-08T00:00:09.000Z	Rosepoint	ROSEP-8250175b-3c29-4906-8437-5106955c99c6	2024-06-07T17:03:32Z	2024-06-07T22:31:13Z	keep	unique_1e-6_lattice_submission
csb/csv/2024/06/07/20240607223509138138_83e03090-0999-11eb-b6ea-98be942a5b5a_pointData.csv	194175	68648ea19152f4e486d8b715e9a5916b-1	2024-06-08T00:00:09.000Z	PGS	PGS-83e03090-0999-11eb-b6ea-98be942a5b5a	2024-06-07T21:00:02Z	2024-06-07T21:59:59Z	exclude	provider_mixed_1e-4_and_1e-6_lattice
csb/csv/2024/06/07/20240607223608021554_ec72276e-3e2b-4d56-82bb-111fc86cbd77_pointData.csv	190863	eb806ff1b3be87283dc7547cb85dde99-1	2025-01-13T19:30:42.000Z	PGS	PGS-ec72276e-3e2b-4d56-82bb-111fc86cbd77	2024-06-07T20:00:00Z	2024-06-07T20:59:57Z	exclude	provider_mixed_1e-4_and_1e-6_lattice
csb/csv/2024/06/07/20240607224737437191_3b0c5ff2-0998-11eb-8eb6-98be942a5b5a_pointData.csv	145755	20e943b28a719022cf6b32b07311f247-1	2024-06-08T00:00:16.000Z	PGS	PGS-3b0c5ff2-0998-11eb-8eb6-98be942a5b5a	2024-06-07T21:00:01Z	2024-06-07T21:59:58Z	exclude	provider_mixed_1e-4_and_1e-6_lattice
csb/csv/2024/06/07/20240607225058494158_08b541ee-eb9f-11ee-8abd-bd300fe11e8a_pointData.csv	332818	a4c5a8b5fde47e3bfa96dc1462e46c40-1	2024-06-08T00:00:09.000Z	GLOS	GLOS-08b541ee-eb9f-11ee-8abd-bd300fe11e8a	2024-06-07T22:13:49Z	2024-06-07T22:48:56Z	keep	unique_1e-6_lattice_submission
csb/csv/2024/06/07/20240607225059015664_08b541ee-eb9f-11ee-8abd-bd300fe11e8a_pointData.csv	332818	62ebd659dafc4b9a6825ee8e6d5d1c88-1	2024-06-08T00:00:10.000Z	GLOS	GLOS-08b541ee-eb9f-11ee-8abd-bd300fe11e8a	2024-06-07T22:13:49Z	2024-06-07T22:48:56Z	exclude	exact_reupload_of:20240607225058494158_08b541ee-eb9f-11ee-8abd-bd300fe11e8a_pointData.csv
csb/csv/2024/06/07/20240607225623800450_f7904f6e-9198-4732-ad84-25948b446b65_pointData.csv	1525773	d9ebf7d0138321c2fd47f1626567d67c-1	2025-01-13T19:30:41.000Z	Rosepoint	ROSEP-f7904f6e-9198-4732-ad84-25948b446b65	2004-10-22T16:54:58Z	2004-10-22T22:56:20Z	keep	unique_1e-6_lattice_submission
csb/csv/2024/06/07/20240607230022673667_Flatswing_pointData.csv	196581	e3be9194b1004e98a92c7ba2dc8c9b0b-1	2024-06-08T00:00:10.000Z	AquaMap	AQM-Flatswing	2024-06-07T20:59:50Z	2024-06-07T21:38:28Z	exclude	provider_off_lattice_float_repr
csb/csv/2024/06/07/20240607231010594734_d6eb7b6d-04dc-4872-ba51-c3b4ce006807_pointData.csv	870202	4296eb0192fb5c3462f838e2047c54c4-1	2024-06-08T00:00:09.000Z	FarSounder	FARSND-d6eb7b6d-04dc-4872-ba51-c3b4ce006807	2024-06-07T00:31:18.212Z	2024-06-07T16:05:49.573Z	exclude	provider_rolling_overlapping_resubmissions
csb/csv/2024/06/07/20240607231115612463_6bdb1904-26b3-44cd-ab0a-87d22b01c2d4_pointData.csv	158826	c32836ddf73fe0f5b5df26c2505bec6f-1	2025-01-13T19:30:43.000Z	Rosepoint	ROSEP-6bdb1904-26b3-44cd-ab0a-87d22b01c2d4	2024-06-07T17:10:28Z	2024-06-07T23:10:50Z	keep	unique_1e-6_lattice_submission
csb/csv/2024/06/07/20240607235158886428_83e03090-0999-11eb-b6ea-98be942a5b5a_pointData.csv	194224	bb09cf489243dda34d06d04ebc2b2d58-1	2024-06-08T00:00:10.000Z	PGS	PGS-83e03090-0999-11eb-b6ea-98be942a5b5a	2024-06-07T22:00:02Z	2024-06-07T22:59:59Z	exclude	provider_mixed_1e-4_and_1e-6_lattice
csb/csv/2024/06/07/20240607235732709065_ec72276e-3e2b-4d56-82bb-111fc86cbd77_pointData.csv	190863	10b4371ba0fffac85789bf6278cf04cb-1	2024-06-08T00:00:10.000Z	PGS	PGS-ec72276e-3e2b-4d56-82bb-111fc86cbd77	2024-06-07T21:00:00Z	2024-06-07T21:59:57Z	exclude	provider_mixed_1e-4_and_1e-6_lattice
