ordinal	product_id	fits_filename	fits_url	file_bytes	md5	sol	sclk	sound_header_offset	primary_header_sha256	sound_header_sha256	mic_gain	mic_samp_hz	emd_sclk	emd_scet	laser_power
1	ls__0086_0674571834_655ea0__0040000scam04086_001_luj06	LS__0086_0674571834_655EA0__0040000SCAM04086_001_LUJ06.fits	https://pds-geosciences.wustl.edu/m2020/urn-nasa-pds-mars2020_supercam/data_raw_audio/sol_00086/LS__0086_0674571834_655EA0__0040000SCAM04086_001_LUJ06.fits	636480	b06a5624c1b869e2427f7b99a0746a34	86	674571834	285120	aad657c2a2e4b5885fc7a53f59e438018e2916b510bfebbf3833f7ee56d7fb40	9b89933fea5f52f63c3b01338668a8b044f4f37f18fde68f1aa8f555cf6e7ed4	2	100000	674571832.2255599	2021-138T01:06:22.549568899	155
2	ls__0086_0674573256_865ea0__0040000scam05086_002_luj06	LS__0086_0674573256_865EA0__0040000SCAM05086_002_LUJ06.fits	https://pds-geosciences.wustl.edu/m2020/urn-nasa-pds-mars2020_supercam/data_raw_audio/sol_00086/LS__0086_0674573256_865EA0__0040000SCAM05086_002_LUJ06.fits	604800	44247fce54775a69fddce95e2a48c283	86	674573256	253440	0a447683ae0a0229ce161215448f6f94c0044024f29dd51ac3b53e3b1ba63991	9b89933fea5f52f63c3b01338668a8b044f4f37f18fde68f1aa8f555cf6e7ed4	2	100000	674573254.44542	2021-138T01:30:04.78064415	155
3	ls__0088_0674771979_587ea0__0040048scam06088_001_luj06	LS__0088_0674771979_587EA0__0040048SCAM06088_001_LUJ06.fits	https://pds-geosciences.wustl.edu/m2020/urn-nasa-pds-mars2020_supercam/data_raw_audio/sol_00088/LS__0088_0674771979_587EA0__0040048SCAM06088_001_LUJ06.fits	708480	f8264b19291e151f52bda55afc304ca6	88	674771979	357120	73ec468d2d04a5ffd6bd2aeb55d4ed28e2f2e5a7f9ca8ce67a87d7c4dad71f2c	9b89933fea5f52f63c3b01338668a8b044f4f37f18fde68f1aa8f555cf6e7ed4	2	100000	674771977.16162	2021-140T08:42:09.063377104	155
4	ls__0091_0675013435_615ea0__0040048scam01091_001_luj04	LS__0091_0675013435_615EA0__0040048SCAM01091_001_LUJ04.fits	https://pds-geosciences.wustl.edu/m2020/urn-nasa-pds-mars2020_supercam/data_raw_audio/sol_00091/LS__0091_0675013435_615EA0__0040048SCAM01091_001_LUJ04.fits	636480	ae1f96e4225d27b82727271593d0c3e5	91	675013435	285120	520063ad6b9a20f1ad0ac281957f066c8c2403ea1f48be59ba4be073fba740c5	9b89933fea5f52f63c3b01338668a8b044f4f37f18fde68f1aa8f555cf6e7ed4	2	100000	675013433.1806	2021-143T03:46:26.985756835	155
5	ls__0091_0675014646_649ea0__0040048scam01091_007_luj04	LS__0091_0675014646_649EA0__0040048SCAM01091_007_LUJ04.fits	https://pds-geosciences.wustl.edu/m2020/urn-nasa-pds-mars2020_supercam/data_raw_audio/sol_00091/LS__0091_0675014646_649EA0__0040048SCAM01091_007_LUJ04.fits	699840	7b22eb37810e7c46a384ba860d595da7	91	675014646	348480	5012444f62d54337d0739da334016142b89de61de1ce5d70d254d6edde2f3e9b	9b89933fea5f52f63c3b01338668a8b044f4f37f18fde68f1aa8f555cf6e7ed4	2	100000	675014644.20847	2021-143T04:06:38.023165916	155
6	ls__0103_0676079195_591ea0__0040372scam01103_001_luj05	LS__0103_0676079195_591EA0__0040372SCAM01103_001_LUJ05.fits	https://pds-geosciences.wustl.edu/m2020/urn-nasa-pds-mars2020_supercam/data_raw_audio/sol_00103/LS__0103_0676079195_591EA0__0040372SCAM01103_001_LUJ05.fits	636480	ebcacdcfd7552930f07430075c52b183	103	676079195	285120	517cd46e36bd4cfef2dc04709e66da3cf6150c95bf8bdccd14f3d510696d89d3	9b89933fea5f52f63c3b01338668a8b044f4f37f18fde68f1aa8f555cf6e7ed4	2	100000	676079193.16223	2021-155T11:49:15.368771187	155
7	ls__0103_0676079791_588ea0__0040372scam01103_004_luj04	LS__0103_0676079791_588EA0__0040372SCAM01103_004_LUJ04.fits	https://pds-geosciences.wustl.edu/m2020/urn-nasa-pds-mars2020_supercam/data_raw_audio/sol_00103/LS__0103_0676079791_588EA0__0040372SCAM01103_004_LUJ04.fits	627840	296c40df405c41a1d26ee32f52d8546d	103	676079791	276480	1e72e1c3e4c8cd78d71d89acee4ec55ada6dfee04ab20581b6537637f448348c	9b89933fea5f52f63c3b01338668a8b044f4f37f18fde68f1aa8f555cf6e7ed4	2	100000	676079789.16223	2021-155T11:59:11.373469456	155
8	ls__0103_0676083006_651ea0__0040372scam02103_009_luj04	LS__0103_0676083006_651EA0__0040372SCAM02103_009_LUJ04.fits	https://pds-geosciences.wustl.edu/m2020/urn-nasa-pds-mars2020_supercam/data_raw_audio/sol_00103/LS__0103_0676083006_651EA0__0040372SCAM02103_009_LUJ04.fits	604800	ff6147c44b78c99f85b84ef7a400a436	103	676083006	253440	aac0e9bb11a6c61be22cf3bc516773616941ae59b2202c6858524a2425a3f6cd	9b89933fea5f52f63c3b01338668a8b044f4f37f18fde68f1aa8f555cf6e7ed4	2	100000	676083004.2255599	2021-155T12:52:46.462137775	155
9	ls__0108_0676523575_279ea0__0040644scam01108_001_luj04	LS__0108_0676523575_279EA0__0040644SCAM01108_001_LUJ04.fits	https://pds-geosciences.wustl.edu/m2020/urn-nasa-pds-mars2020_supercam/data_raw_audio/sol_00108/LS__0108_0676523575_279EA0__0040644SCAM01108_001_LUJ04.fits	636480	577d7507df1375ad4c9c5adf299fd513	108	676523575	285120	cbd4dd5e562f93a8333834e0cdcb8b206e395f274512022d470ec85c96caa5a5	9b89933fea5f52f63c3b01338668a8b044f4f37f18fde68f1aa8f555cf6e7ed4	2	100000	676523572.80678	2021-160T15:15:38.516362434	155
10	ls__0108_0676523668_210ea0__0040644scam01108_003_luj04	LS__0108_0676523668_210EA0__0040644SCAM01108_003_LUJ04.fits	https://pds-geosciences.wustl.edu/m2020/urn-nasa-pds-mars2020_supercam/data_raw_audio/sol_00108/LS__0108_0676523668_210EA0__0040644SCAM01108_003_LUJ04.fits	604800	3e31817963fce6fd68008b8f511cfe82	108	676523668	253440	dea17644cd8351923dfdc29aaaab64d5608fcb6f9f15a8e5a25a65f4c77b4447	9b89933fea5f52f63c3b01338668a8b044f4f37f18fde68f1aa8f555cf6e7ed4	2	100000	676523665.72498	2021-160T15:17:11.435292542	155
11	ls__0109_0676612679_679ea0__0040738scam01109_008_luj04	LS__0109_0676612679_679EA0__0040738SCAM01109_008_LUJ04.fits	https://pds-geosciences.wustl.edu/m2020/urn-nasa-pds-mars2020_supercam/data_raw_audio/sol_00109/LS__0109_0676612679_679EA0__0040738SCAM01109_008_LUJ04.fits	604800	da78b5b3a74771c76911429a9d7c641b	109	676612679	253440	e14178389752cbeece4061a1f3af97dc43ff4ec29780712f3383c1141b3288b2	9b89933fea5f52f63c3b01338668a8b044f4f37f18fde68f1aa8f555cf6e7ed4	2	100000	676612677.23016	2021-161T16:00:43.642158224	155
12	ls__0110_0676701153_150ea0__0040822scam02110_003_luj04	LS__0110_0676701153_150EA0__0040822SCAM02110_003_LUJ04.fits	https://pds-geosciences.wustl.edu/m2020/urn-nasa-pds-mars2020_supercam/data_raw_audio/sol_00110/LS__0110_0676701153_150EA0__0040822SCAM02110_003_LUJ04.fits	604800	543d99726fc0281ab8630aeee3c7cf90	110	676701153	253440	49fbf9d1886ffbea5fe408419ada0f42b6d29be457f9635f98c9f3e67f39a4dc	9b89933fea5f52f63c3b01338668a8b044f4f37f18fde68f1aa8f555cf6e7ed4	2	100000	676701150.69556	2021-162T16:35:17.804987617	155
13	ls__0110_0676703999_571ea0__0040822scam03110_008_luj04	LS__0110_0676703999_571EA0__0040822SCAM03110_008_LUJ04.fits	https://pds-geosciences.wustl.edu/m2020/urn-nasa-pds-mars2020_supercam/data_raw_audio/sol_00110/LS__0110_0676703999_571EA0__0040822SCAM03110_008_LUJ04.fits	604800	5ea9ccd77d6eb6fbd8aec72e59d96146	110	676703999	253440	19c55a647692b6c3fcecfc1c8895ef641f3fd1f263c0292672d02b8d4b48469f	9b89933fea5f52f63c3b01338668a8b044f4f37f18fde68f1aa8f555cf6e7ed4	2	100000	676703997.10062	2021-162T17:22:44.232485643	155
14	ls__0127_0678209085_589ea0__0041776scam01127_001_luj04	LS__0127_0678209085_589EA0__0041776SCAM01127_001_LUJ04.fits	https://pds-geosciences.wustl.edu/m2020/urn-nasa-pds-mars2020_supercam/data_raw_audio/sol_00127/LS__0127_0678209085_589EA0__0041776SCAM01127_001_LUJ04.fits	636480	c3df39db298b5ac115abf9c13235e677	127	678209085	285120	cf49b2155091a95395e677e971ef1d7608eadc758c6ae202d6c7133692341dff	9b89933fea5f52f63c3b01338668a8b044f4f37f18fde68f1aa8f555cf6e7ed4	2	100000	678209083.18057	2021-180T03:27:42.177035267	155
15	ls__0127_0678209531_649ea0__0041776scam01127_004_luj04	LS__0127_0678209531_649EA0__0041776SCAM01127_004_LUJ04.fits	https://pds-geosciences.wustl.edu/m2020/urn-nasa-pds-mars2020_supercam/data_raw_audio/sol_00127/LS__0127_0678209531_649EA0__0041776SCAM01127_004_LUJ04.fits	604800	121556521b404a4c4ca53678d6dd9766	127	678209531	253440	9282ede507b32bca767be8da422d835513d06749d7d00fa24d1136ce5eb83b1f	9b89933fea5f52f63c3b01338668a8b044f4f37f18fde68f1aa8f555cf6e7ed4	2	100000	678209529.18057	2021-180T03:35:08.180551085	155
16	ls__0130_0678475339_604ea0__0042222scam01130_008_luj04	LS__0130_0678475339_604EA0__0042222SCAM01130_008_LUJ04.fits	https://pds-geosciences.wustl.edu/m2020/urn-nasa-pds-mars2020_supercam/data_raw_audio/sol_00130/LS__0130_0678475339_604EA0__0042222SCAM01130_008_LUJ04.fits	604800	daf70319f45f5f99f2252f8b194fde71	130	678475339	253440	ee85beb8ac14c1457055d8ea42d3612e26a570017bffb3b260484e5777381e70	9b89933fea5f52f63c3b01338668a8b044f4f37f18fde68f1aa8f555cf6e7ed4	2	100000	678475337.18059	2021-183T05:25:18.275930807	155
17	ls__0135_0678920163_525ea0__0050894scam01135_001_luj05	LS__0135_0678920163_525EA0__0050894SCAM01135_001_LUJ05.fits	https://pds-geosciences.wustl.edu/m2020/urn-nasa-pds-mars2020_supercam/data_raw_audio/sol_00135/LS__0135_0678920163_525EA0__0050894SCAM01135_001_LUJ05.fits	636480	830882b95d07fbb456387b30504c7068	135	678920163	285120	321e46f2e10b79a64f2f4d748e2052237ce9908090088b0dfd494f325301e10c	9b89933fea5f52f63c3b01338668a8b044f4f37f18fde68f1aa8f555cf6e7ed4	2	100000	678920161.0715801	2021-188T08:59:05.673468752	155
18	ls__0136_0679009772_649ea0__0051388scam01136_004_luj05	LS__0136_0679009772_649EA0__0051388SCAM01136_004_LUJ05.fits	https://pds-geosciences.wustl.edu/m2020/urn-nasa-pds-mars2020_supercam/data_raw_audio/sol_00136/LS__0136_0679009772_649EA0__0051388SCAM01136_004_LUJ05.fits	604800	6519794f1d59656e7b027192d94173d4	136	679009772	253440	9bf89c2f7c6365ab9d7b551fed13633ef958eb54c9ff7dfe1bfe1587a71afa7d	9b89933fea5f52f63c3b01338668a8b044f4f37f18fde68f1aa8f555cf6e7ed4	2	100000	679009770.2282	2021-189T09:52:35.536473944	155
19	ls__0145_0679808185_665ea0__0051812scam01145_001_luj04	LS__0145_0679808185_665EA0__0051812SCAM01145_001_LUJ04.fits	https://pds-geosciences.wustl.edu/m2020/urn-nasa-pds-mars2020_supercam/data_raw_audio/sol_00145/LS__0145_0679808185_665EA0__0051812SCAM01145_001_LUJ04.fits	636480	1030e0d9cf5de7d5411df7d3895e2da6	145	679808185	285120	68df261398712a01188c35fbe7b2207845fb3349eaaec92ddf0c619733c37a2d	9b89933fea5f52f63c3b01338668a8b044f4f37f18fde68f1aa8f555cf6e7ed4	2	100000	679808183.18057	2021-198T15:39:34.782740568	155
20	ls__0146_0679907986_680ea0__0051812scam08146_001_luj04	LS__0146_0679907986_680EA0__0051812SCAM08146_001_LUJ04.fits	https://pds-geosciences.wustl.edu/m2020/urn-nasa-pds-mars2020_supercam/data_raw_audio/sol_00146/LS__0146_0679907986_680EA0__0051812SCAM08146_001_LUJ04.fits	636480	a8a79006cf74a5c73754b91ef6d02d70	146	679907986	285120	a3adb02a9b88cc14c803a6e2359777f2949e3206cac2be03d12dab8ddb83ed84	9b89933fea5f52f63c3b01338668a8b044f4f37f18fde68f1aa8f555cf6e7ed4	2	100000	679907984.22491	2021-199T19:22:56.613814241	155
21	ls__0151_0680342162_854ea0__0051812scam01151_001_luj04	LS__0151_0680342162_854EA0__0051812SCAM01151_001_LUJ04.fits	https://pds-geosciences.wustl.edu/m2020/urn-nasa-pds-mars2020_supercam/data_raw_audio/sol_00151/LS__0151_0680342162_854EA0__0051812SCAM01151_001_LUJ04.fits	636480	dd4e5410af43c3ded1db57bcd1f9a612	151	680342162	285120	4b78e4cfdfe9e87c3d9ee7d3cc65030edd3dc1b6868cdbb02f73da443ad114b0	9b89933fea5f52f63c3b01338668a8b044f4f37f18fde68f1aa8f555cf6e7ed4	2	100000	680342160.39702	2021-204T19:59:16.208528889	155
22	ls__0155_0680695135_115ea0__0052296scam01155_001_luj04	LS__0155_0680695135_115EA0__0052296SCAM01155_001_LUJ04.fits	https://pds-geosciences.wustl.edu/m2020/urn-nasa-pds-mars2020_supercam/data_raw_audio/sol_00155/LS__0155_0680695135_115EA0__0052296SCAM01155_001_LUJ04.fits	636480	5e50f27230527c9f367430f5b58a67ea	155	680695135	285120	8b63db6b9c5e1875ad0f4e37016b709da5c4a9bfce1d866369612b3a884c7185	9b89933fea5f52f63c3b01338668a8b044f4f37f18fde68f1aa8f555cf6e7ed4	2	100000	680695132.65038	2021-208T22:02:11.244366095	155
23	ls__0155_0680695684_100ea0__0052296scam01155_004_luj04	LS__0155_0680695684_100EA0__0052296SCAM01155_004_LUJ04.fits	https://pds-geosciences.wustl.edu/m2020/urn-nasa-pds-mars2020_supercam/data_raw_audio/sol_00155/LS__0155_0680695684_100EA0__0052296SCAM01155_004_LUJ04.fits	604800	c9708acc3ed30e5398f6ce32ec46da0c	155	680695684	253440	9f240adc96f672175afea9b25c2a26774234724686c4d8ce08a3d74b6d5fb3ac	9b89933fea5f52f63c3b01338668a8b044f4f37f18fde68f1aa8f555cf6e7ed4	2	100000	680695681.64687	2021-208T22:11:20.245184313	155
24	ls__0157_0680876462_654ea0__0052512scam04157_009_luj04	LS__0157_0680876462_654EA0__0052512SCAM04157_009_LUJ04.fits	https://pds-geosciences.wustl.edu/m2020/urn-nasa-pds-mars2020_supercam/data_raw_audio/sol_00157/LS__0157_0680876462_654EA0__0052512SCAM04157_009_LUJ04.fits	604800	ba464a0c4405678a9b77caaf1918d52a	157	680876462	253440	0ecd4b2326071ad50be25ae7c3fb1827d9e30a94d813f29d6c0d73eeb1a1104f	9b89933fea5f52f63c3b01338668a8b044f4f37f18fde68f1aa8f555cf6e7ed4	2	100000	680876460.19868	2021-211T00:24:20.222080482	155
25	ls__0159_0681062150_868ea0__0060000scam04159_004_luj05	LS__0159_0681062150_868EA0__0060000SCAM04159_004_LUJ05.fits	https://pds-geosciences.wustl.edu/m2020/urn-nasa-pds-mars2020_supercam/data_raw_audio/sol_00159/LS__0159_0681062150_868EA0__0060000SCAM04159_004_LUJ05.fits	604800	b8edbd43d67f458f8f824646b75bf255	159	681062150	253440	89bb8a50c72dd1d15e649c38259b2d5e507c1ce25e77bf54ee003717918fa4a2	9b89933fea5f52f63c3b01338668a8b044f4f37f18fde68f1aa8f555cf6e7ed4	2	100000	681062148.41222	2021-213T03:59:09.899392166	155
26	ls__0169_0681937543_695ea0__0060170scam04169_001_luj04	LS__0169_0681937543_695EA0__0060170SCAM04169_001_LUJ04.fits	https://pds-geosciences.wustl.edu/m2020/urn-nasa-pds-mars2020_supercam/data_raw_audio/sol_00169/LS__0169_0681937543_695EA0__0060170SCAM04169_001_LUJ04.fits	636480	b8102d0abe0eb89ee3295680d4977644	169	681937543	285120	ddf00652968a4d574ed55fbcec1688f3b8b11b3117f3f0fa272bfa5a9c8ff85d	9b89933fea5f52f63c3b01338668a8b044f4f37f18fde68f1aa8f555cf6e7ed4	2	100000	681937541.19481	2021-223T07:09:09.582706244	155
27	ls__0169_0681940592_709ea0__0060170scam05169_006_luj04	LS__0169_0681940592_709EA0__0060170SCAM05169_006_LUJ04.fits	https://pds-geosciences.wustl.edu/m2020/urn-nasa-pds-mars2020_supercam/data_raw_audio/sol_00169/LS__0169_0681940592_709EA0__0060170SCAM05169_006_LUJ04.fits	604800	c8c9528c17e9dfba2a499b3ba78e0886	169	681940592	253440	87b0a9288e7251a7d55ab38f5aa27f7ca3c67a53faa991c0a09bca803234c7f2	9b89933fea5f52f63c3b01338668a8b044f4f37f18fde68f1aa8f555cf6e7ed4	2	100000	681940590.2725199	2021-223T07:59:58.684455137	155
28	ls__0173_0682296144_311ea0__0061450scam06173_007_luj04	LS__0173_0682296144_311EA0__0061450SCAM06173_007_LUJ04.fits	https://pds-geosciences.wustl.edu/m2020/urn-nasa-pds-mars2020_supercam/data_raw_audio/sol_00173/LS__0173_0682296144_311EA0__0061450SCAM06173_007_LUJ04.fits	604800	03e6062d3f6d4a78516430cc58efce9b	173	682296144	253440	1e957624856501ef8f2a387c47dc80e88792bff70bac6ef89ff4730f93b3c4cb	9b89933fea5f52f63c3b01338668a8b044f4f37f18fde68f1aa8f555cf6e7ed4	2	100000	682296141.85054	2021-227T10:45:53.065286413	155
29	ls__0177_0682650310_289ea0__0061752scam02177_002_luj04	LS__0177_0682650310_289EA0__0061752SCAM02177_002_LUJ04.fits	https://pds-geosciences.wustl.edu/m2020/urn-nasa-pds-mars2020_supercam/data_raw_audio/sol_00177/LS__0177_0682650310_289EA0__0061752SCAM02177_002_LUJ04.fits	604800	d9c1419b55e75707d50ed3f37874f11c	177	682650310	253440	8dd317bb87ae7108d6618e51c72f10568295db84f1a7b5a9b1a315ecace629a5	9b89933fea5f52f63c3b01338668a8b044f4f37f18fde68f1aa8f555cf6e7ed4	2	100000	682650307.82033	2021-231T13:08:41.826964352	155
30	ls__0177_0682653317_461ea0__0061752scam03177_007_luj04	LS__0177_0682653317_461EA0__0061752SCAM03177_007_LUJ04.fits	https://pds-geosciences.wustl.edu/m2020/urn-nasa-pds-mars2020_supercam/data_raw_audio/sol_00177/LS__0177_0682653317_461EA0__0061752SCAM03177_007_LUJ04.fits	604800	914ac0f865dd3ba6681750112cbb2225	177	682653317	253440	c29a64285f3df8191e579f223f38ee2b9f6ec64172aff5f2b6edf1e3c506fdc1	9b89933fea5f52f63c3b01338668a8b044f4f37f18fde68f1aa8f555cf6e7ed4	2	100000	682653315.03737	2021-231T13:58:49.06771126	155
31	ls__0180_0682914804_592ea0__0062666scam01180_002_luj04	LS__0180_0682914804_592EA0__0062666SCAM01180_002_LUJ04.fits	https://pds-geosciences.wustl.edu/m2020/urn-nasa-pds-mars2020_supercam/data_raw_audio/sol_00180/LS__0180_0682914804_592EA0__0062666SCAM01180_002_LUJ04.fits	604800	3e499663a566b64f22c0b75d3983b6ec	180	682914804	253440	f3c17ea3a9df14128f548691b9a914c6176d5f1fa0fd41b995faab588003cbeb	9b89933fea5f52f63c3b01338668a8b044f4f37f18fde68f1aa8f555cf6e7ed4	2	100000	682914802.16222	2021-234T14:36:58.253861675	155
32	ls__0181_0683005716_916ea0__0070000scam02181_001_luj04	LS__0181_0683005716_916EA0__0070000SCAM02181_001_LUJ04.fits	https://pds-geosciences.wustl.edu/m2020/urn-nasa-pds-mars2020_supercam/data_raw_audio/sol_00181/LS__0181_0683005716_916EA0__0070000SCAM02181_001_LUJ04.fits	636480	c769e4c23dd6444c61156432d4ef5f41	181	683005716	285120	204d48cc0702d98877b886d35f8dd1a4f9b0d9d2c5da6ec277686b8e50fa7c52	9b89933fea5f52f63c3b01338668a8b044f4f37f18fde68f1aa8f555cf6e7ed4	2	100000	683005714.4590501	2021-235T15:52:11.267352535	155
33	ls__0183_0683183544_821ea0__0070000scam01183_001_luj07	LS__0183_0683183544_821EA0__0070000SCAM01183_001_LUJ07.fits	https://pds-geosciences.wustl.edu/m2020/urn-nasa-pds-mars2020_supercam/data_raw_audio/sol_00183/LS__0183_0683183544_821EA0__0070000SCAM01183_001_LUJ07.fits	636480	b178367b4ed2816957fa3a1a1a57966e	183	683183544	285120	33cf6fdd23b62866cd2a550a91c443376292570beb32b470a5addff43d957617	9b89933fea5f52f63c3b01338668a8b044f4f37f18fde68f1aa8f555cf6e7ed4	2	100000	683183542.39799	2021-237T17:16:00.608119764	155
34	ls__0183_0683186648_921ea0__0070000scam02183_003_luj04	LS__0183_0683186648_921EA0__0070000SCAM02183_003_LUJ04.fits	https://pds-geosciences.wustl.edu/m2020/urn-nasa-pds-mars2020_supercam/data_raw_audio/sol_00183/LS__0183_0683186648_921EA0__0070000SCAM02183_003_LUJ04.fits	604800	2e63e8b5d402111db4f8d48cb66403df	183	683186648	253440	e37cb24908c63e9dbdcc510c463cbc6ec60310775c31e0e2a5f199465fe7f553	9b89933fea5f52f63c3b01338668a8b044f4f37f18fde68f1aa8f555cf6e7ed4	2	100000	683186646.45908	2021-237T18:07:44.69367001	155
35	ls__0184_0683274245_866ea0__0070000scam03184_009_luj04	LS__0184_0683274245_866EA0__0070000SCAM03184_009_LUJ04.fits	https://pds-geosciences.wustl.edu/m2020/urn-nasa-pds-mars2020_supercam/data_raw_audio/sol_00184/LS__0184_0683274245_866EA0__0070000SCAM03184_009_LUJ04.fits	604800	09faf56867e0de320215d0ef1564e093	184	683274245	253440	9df9b685da7aafc5c487f14beed970a3c2687a65d70ccc61e8a6b4a07acc9cb5	9b89933fea5f52f63c3b01338668a8b044f4f37f18fde68f1aa8f555cf6e7ed4	2	100000	683274243.4123501	2021-238T18:27:42.33747438	155
36	ls__0193_0684066469_854ea0__0070000scam01193_001_luj04	LS__0193_0684066469_854EA0__0070000SCAM01193_001_LUJ04.fits	https://pds-geosciences.wustl.edu/m2020/urn-nasa-pds-mars2020_supercam/data_raw_audio/sol_00193/LS__0193_0684066469_854EA0__0070000SCAM01193_001_LUJ04.fits	636480	ec404de436884face11f8d228deb4854	193	684066469	285120	669346ba8661f92abca26e96369d28ca12991fa1653cf5aa6bd60a0c346fcc41	9b89933fea5f52f63c3b01338668a8b044f4f37f18fde68f1aa8f555cf6e7ed4	2	100000	684066467.41321	2021-247T22:31:32.583430674	155
37	ls__0193_0684068453_850ea0__0070000scam01193_010_luj04	LS__0193_0684068453_850EA0__0070000SCAM01193_010_LUJ04.fits	https://pds-geosciences.wustl.edu/m2020/urn-nasa-pds-mars2020_supercam/data_raw_audio/sol_00193/LS__0193_0684068453_850EA0__0070000SCAM01193_010_LUJ04.fits	708480	3a0f53b43d4f0288835c6d6618feebe9	193	684068453	357120	813cc6f143d02f24fd50e24ed6701e6ddd5d4dccbd8680c43b85b794f756c89e	9b89933fea5f52f63c3b01338668a8b044f4f37f18fde68f1aa8f555cf6e7ed4	2	100000	684068451.41164	2021-247T23:04:36.597498875	155
38	ls__0201_0684779623_772ea0__0071172scam01201_001_luj04	LS__0201_0684779623_772EA0__0071172SCAM01201_001_LUJ04.fits	https://pds-geosciences.wustl.edu/m2020/urn-nasa-pds-mars2020_supercam/data_raw_audio/sol_00201/LS__0201_0684779623_772EA0__0071172SCAM01201_001_LUJ04.fits	636480	93e51c2b7acc7c1eed540a794ad56e20	201	684779623	285120	19f527ab36466e3ef0ef5ea962ec49f657e177aa207b42d79e2ebd715f5b4dcf	9b89933fea5f52f63c3b01338668a8b044f4f37f18fde68f1aa8f555cf6e7ed4	2	100000	684779621.33409	2021-256T04:37:32.12610621	155
39	ls__0202_0684867883_607ea0__0071358scam04202_005_luj04	LS__0202_0684867883_607EA0__0071358SCAM04202_005_LUJ04.fits	https://pds-geosciences.wustl.edu/m2020/urn-nasa-pds-mars2020_supercam/data_raw_audio/sol_00202/LS__0202_0684867883_607EA0__0071358SCAM04202_005_LUJ04.fits	604800	27d9ee48767e3e3f8953e7879717d740	202	684867883	253440	e7751f5985d3b3c7887e177877a5c1c76e8839ab3f14c96045c5b9f4e81bf06c	9b89933fea5f52f63c3b01338668a8b044f4f37f18fde68f1aa8f555cf6e7ed4	2	100000	684867881.16222	2021-257T05:08:32.649983437	155
40	ls__0203_0684958176_665ea0__0071556scam04203_010_luj04	LS__0203_0684958176_665EA0__0071556SCAM04203_010_LUJ04.fits	https://pds-geosciences.wustl.edu/m2020/urn-nasa-pds-mars2020_supercam/data_raw_audio/sol_00203/LS__0203_0684958176_665EA0__0071556SCAM04203_010_LUJ04.fits	708480	b1fa8cc1f92e5477327d8ac5678221f0	203	684958176	357120	31d1836d13e37d8b1f6cd8da8992efa8ad4784070e1b6592fc089970499a8874	9b89933fea5f52f63c3b01338668a8b044f4f37f18fde68f1aa8f555cf6e7ed4	2	100000	684958174.19543	2021-258T06:13:26.394981796	155
41	ls__0213_0685844643_151ea0__0072050scam04213_001_luj04	LS__0213_0685844643_151EA0__0072050SCAM04213_001_LUJ04.fits	https://pds-geosciences.wustl.edu/m2020/urn-nasa-pds-mars2020_supercam/data_raw_audio/sol_00213/LS__0213_0685844643_151EA0__0072050SCAM04213_001_LUJ04.fits	636480	85dae2c5492321de218d2612fee16f90	213	685844643	285120	f2bd6d05fa4ac8828b8231cb7b0f3d8fa4e8aefad42bcf1a0e9cd0e96d97a6b6	9b89933fea5f52f63c3b01338668a8b044f4f37f18fde68f1aa8f555cf6e7ed4	2	100000	685844640.72618	2021-268T12:27:59.91374392	155
42	ls__0213_0685846461_210ea0__0072050scam04213_010_luj04	LS__0213_0685846461_210EA0__0072050SCAM04213_010_LUJ04.fits	https://pds-geosciences.wustl.edu/m2020/urn-nasa-pds-mars2020_supercam/data_raw_audio/sol_00213/LS__0213_0685846461_210EA0__0072050SCAM04213_010_LUJ04.fits	708480	978b837cb0b01bb9c833e21a2fd21dbe	213	685846461	357120	9957c8e16ff28954280b38450c451b9cc8b1f5be6884d31b589bee33733efe26	9b89933fea5f52f63c3b01338668a8b044f4f37f18fde68f1aa8f555cf6e7ed4	2	100000	685846458.776	2021-268T12:58:17.977895554	155
43	ls__0237_0687976823_665ea0__0072050scam06237_001_luj04	LS__0237_0687976823_665EA0__0072050SCAM06237_001_LUJ04.fits	https://pds-geosciences.wustl.edu/m2020/urn-nasa-pds-mars2020_supercam/data_raw_audio/sol_00237/LS__0237_0687976823_665EA0__0072050SCAM06237_001_LUJ04.fits	636480	c171b76a20a79d0c618ceb5412a326a2	237	687976823	285120	f514c0e79dbb0e6c3bc1c64fec4af3c685324a55a79bd31b5098dc86bf41fa35	9b89933fea5f52f63c3b01338668a8b044f4f37f18fde68f1aa8f555cf6e7ed4	2	100000	687976821.24919	2021-293T04:44:37.244733234	155
44	ls__0239_0688151857_681ea0__0072326scam01239_001_luj05	LS__0239_0688151857_681EA0__0072326SCAM01239_001_LUJ05.fits	https://pds-geosciences.wustl.edu/m2020/urn-nasa-pds-mars2020_supercam/data_raw_audio/sol_00239/LS__0239_0688151857_681EA0__0072326SCAM01239_001_LUJ05.fits	636480	d50235d31f712cbc5c7b8166fb87cd7d	239	688151857	285120	09f7ccfd18a2eb6bbd39709818beb136429f51cddc8ffa271bd2eb7cd7cd0b0f	9b89933fea5f52f63c3b01338668a8b044f4f37f18fde68f1aa8f555cf6e7ed4	2	100000	688151855.19482	2021-295T05:21:52.570158764	155
45	ls__0239_0688153348_655ea0__0072326scam01239_008_luj04	LS__0239_0688153348_655EA0__0072326SCAM01239_008_LUJ04.fits	https://pds-geosciences.wustl.edu/m2020/urn-nasa-pds-mars2020_supercam/data_raw_audio/sol_00239/LS__0239_0688153348_655EA0__0072326SCAM01239_008_LUJ04.fits	604800	7c66102c7b2249ee9229bf0263ff0fa8	239	688153348	253440	502f972826a5b02f046707062e2cd1cee986a36cd7d5fbd7bcd120523cefb849	9b89933fea5f52f63c3b01338668a8b044f4f37f18fde68f1aa8f555cf6e7ed4	2	100000	688153346.19543	2021-295T05:46:43.582522675	155
46	ls__0242_0688418419_589ea0__0072440scam04242_004_luj04	LS__0242_0688418419_589EA0__0072440SCAM04242_004_LUJ04.fits	https://pds-geosciences.wustl.edu/m2020/urn-nasa-pds-mars2020_supercam/data_raw_audio/sol_00242/LS__0242_0688418419_589EA0__0072440SCAM04242_004_LUJ04.fits	604800	ee79693d04000ed3142f8f28f9845bd0	242	688418419	253440	0f4a877b14e07e97378b597fbe145f84390068cfa89d6ec4be93fd036d1fb1d8	9b89933fea5f52f63c3b01338668a8b044f4f37f18fde68f1aa8f555cf6e7ed4	2	100000	688418417.16225	2021-298T07:24:36.63888924	155
47	ls__0242_0688422019_670ea0__0072440scam05242_009_luj04	LS__0242_0688422019_670EA0__0072440SCAM05242_009_LUJ04.fits	https://pds-geosciences.wustl.edu/m2020/urn-nasa-pds-mars2020_supercam/data_raw_audio/sol_00242/LS__0242_0688422019_670EA0__0072440SCAM05242_009_LUJ04.fits	604800	f90d7a9d4e6eca3084b1bfc55bbf06f3	242	688422019	253440	9173550f085e4ff68a43efc90852ab56e4936dc0ceb5d0ee5b0d30d1225940a5	9b89933fea5f52f63c3b01338668a8b044f4f37f18fde68f1aa8f555cf6e7ed4	2	100000	688422017.24159	2021-298T08:24:36.74661437	155
48	ls__0246_0688775965_945ea0__0072440scam02246_001_luj04	LS__0246_0688775965_945EA0__0072440SCAM02246_001_LUJ04.fits	https://pds-geosciences.wustl.edu/m2020/urn-nasa-pds-mars2020_supercam/data_raw_audio/sol_00246/LS__0246_0688775965_945EA0__0072440SCAM02246_001_LUJ04.fits	636480	1d826a3a1e0386f1d89ffcb0c91c1c70	246	688775965	285120	e6247f6cf1685784b97193e73bec2f8984b02facfa3515cd85ca066df9fec0bc	9b89933fea5f52f63c3b01338668a8b044f4f37f18fde68f1aa8f555cf6e7ed4	2	100000	688775963.28737	2021-302T10:43:45.582547413	155
49	ls__0246_0688777559_851ea0__0072440scam02246_009_luj04	LS__0246_0688777559_851EA0__0072440SCAM02246_009_LUJ04.fits	https://pds-geosciences.wustl.edu/m2020/urn-nasa-pds-mars2020_supercam/data_raw_audio/sol_00246/LS__0246_0688777559_851EA0__0072440SCAM02246_009_LUJ04.fits	604800	43db8bddc629f7ed57888b4d7ff4f242	246	688777559	253440	53b99705139beafc9d51d70414d81471dcd60557ea3df785b855df41a06b52c4	9b89933fea5f52f63c3b01338668a8b044f4f37f18fde68f1aa8f555cf6e7ed4	2	100000	688777557.4112999	2021-302T11:10:19.71904578	155
50	ls__0248_0688951777_483ea0__0072440scam04248_005_luj04	LS__0248_0688951777_483EA0__0072440SCAM04248_005_LUJ04.fits	https://pds-geosciences.wustl.edu/m2020/urn-nasa-pds-mars2020_supercam/data_raw_audio/sol_00248/LS__0248_0688951777_483EA0__0072440SCAM04248_005_LUJ04.fits	627840	01f3e7d5a142dd15ba05178b071a0f3e	248	688951777	276480	d283450e5dc1bad0eac440eb9cb6060f4e916ec919439769acb720ebb78875f6	9b89933fea5f52f63c3b01338668a8b044f4f37f18fde68f1aa8f555cf6e7ed4	2	100000	688951775.0373501	2021-304T11:33:58.71845618	155
51	ls__0250_0689130661_074ea0__0080000scam01250_010_luj04	LS__0250_0689130661_074EA0__0080000SCAM01250_010_LUJ04.fits	https://pds-geosciences.wustl.edu/m2020/urn-nasa-pds-mars2020_supercam/data_raw_audio/sol_00250/LS__0250_0689130661_074EA0__0080000SCAM01250_010_LUJ04.fits	708480	289ba830bf23504ffb090536ad20056b	250	689130661	357120	c9579fc5c0a8a22731e7651c5daeba9e873fd62b1d605accb3080a0961e5bb56	9b89933fea5f52f63c3b01338668a8b044f4f37f18fde68f1aa8f555cf6e7ed4	2	100000	689130658.6487401	2021-306T13:15:23.73998485	155
52	ls__0253_0689394708_788ea0__0080000scam01253_001_luj04	LS__0253_0689394708_788EA0__0080000SCAM01253_001_LUJ04.fits	https://pds-geosciences.wustl.edu/m2020/urn-nasa-pds-mars2020_supercam/data_raw_audio/sol_00253/LS__0253_0689394708_788EA0__0080000SCAM01253_001_LUJ04.fits	636480	99ca26126ce759b26e51018391683323	253	689394708	285120	0d3c7d8ae357592e86e11d73822a8922f1467d24f6790148da78b57d4537e245	9b89933fea5f52f63c3b01338668a8b044f4f37f18fde68f1aa8f555cf6e7ed4	2	100000	689394706.41222	2021-309T14:36:13.58494688	155
53	ls__0253_0689397372_279ea0__0080000scam02253_001_luj04	LS__0253_0689397372_279EA0__0080000SCAM02253_001_LUJ04.fits	https://pds-geosciences.wustl.edu/m2020/urn-nasa-pds-mars2020_supercam/data_raw_audio/sol_00253/LS__0253_0689397372_279EA0__0080000SCAM02253_001_LUJ04.fits	636480	23a74b0851e284f6924a740b899f68ca	253	689397372	285120	07fd0b08da37eb7b3768e19c08c3ce8b99790f73450fa611c196579fce501818	9b89933fea5f52f63c3b01338668a8b044f4f37f18fde68f1aa8f555cf6e7ed4	2	100000	689397369.82011	2021-309T15:20:37.013840473	155
54	ls__0255_0689572368_351ea0__0080000scam01255_001_luj04	LS__0255_0689572368_351EA0__0080000SCAM01255_001_LUJ04.fits	https://pds-geosciences.wustl.edu/m2020/urn-nasa-pds-mars2020_supercam/data_raw_audio/sol_00255/LS__0255_0689572368_351EA0__0080000SCAM01255_001_LUJ04.fits	636480	e677446f52b441217d6dca40301f7b19	255	689572368	285120	1f4b7a5536e1629c721ce41b66e63f274d97d84839654ba7f5d9004e4107763a	9b89933fea5f52f63c3b01338668a8b044f4f37f18fde68f1aa8f555cf6e7ed4	2	100000	689572365.93056	2021-311T15:57:14.503777927	155
55	ls__0274_0691261308_479ea0__0080000scam01274_001_luj04	LS__0274_0691261308_479EA0__0080000SCAM01274_001_LUJ04.fits	https://pds-geosciences.wustl.edu/m2020/urn-nasa-pds-mars2020_supercam/data_raw_audio/sol_00274/LS__0274_0691261308_479EA0__0080000SCAM01274_001_LUJ04.fits	636480	217761e6c139d6ee3eeae699f89310a5	274	691261308	285120	4b109a6d38e47cd2392da62526679e37b6dfa39b2c101e510e3d1ea5b9557aef	9b89933fea5f52f63c3b01338668a8b044f4f37f18fde68f1aa8f555cf6e7ed4	2	100000	691261306.10063	2021-331T05:06:27.98776775	155
56	ls__0281_0691880335_586ea0__0080256scam01281_001_luj04	LS__0281_0691880335_586EA0__0080256SCAM01281_001_LUJ04.fits	https://pds-geosciences.wustl.edu/m2020/urn-nasa-pds-mars2020_supercam/data_raw_audio/sol_00281/LS__0281_0691880335_586EA0__0080256SCAM01281_001_LUJ04.fits	636480	0dfd7356158de7c6e0fcbd39f834360e	281	691880335	285120	45cac1cd58826ced561c8ab160c37824742b88d3d95be87b83da4c8ba26cfe51	9b89933fea5f52f63c3b01338668a8b044f4f37f18fde68f1aa8f555cf6e7ed4	2	100000	691880333.19484	2021-338T09:03:39.9617661	155
57	ls__0282_0691972788_406ea0__0080410scam02282_001_luj05	LS__0282_0691972788_406EA0__0080410SCAM02282_001_LUJ05.fits	https://pds-geosciences.wustl.edu/m2020/urn-nasa-pds-mars2020_supercam/data_raw_audio/sol_00282/LS__0282_0691972788_406EA0__0080410SCAM02282_001_LUJ05.fits	636480	a9eccdcd8a0486575b910ad12cda101c	282	691972788	285120	c0a1476d0e1c282023fb606dcff7f4c4e5d8037dc0e400816273cd2cf84112ac	9b89933fea5f52f63c3b01338668a8b044f4f37f18fde68f1aa8f555cf6e7ed4	2	100000	691972785.9908	2021-339T10:44:33.486530964	155
58	ls__0285_0692235221_781ea0__0080458scam01285_002_luj04	LS__0285_0692235221_781EA0__0080458SCAM01285_002_LUJ04.fits	https://pds-geosciences.wustl.edu/m2020/urn-nasa-pds-mars2020_supercam/data_raw_audio/sol_00285/LS__0285_0692235221_781EA0__0080458SCAM01285_002_LUJ04.fits	604800	8b64507b0dcc8483cc8163ffe2358251	285	692235221	253440	a89e85806d131c44652e2964dff5a84cd4141bdd1626766afb26a368f4eafd08	9b89933fea5f52f63c3b01338668a8b044f4f37f18fde68f1aa8f555cf6e7ed4	2	100000	692235219.3517801	2021-342T11:38:28.916270317	155
59	ls__0286_0692326231_416ea0__0080734scam01286_007_luj05	LS__0286_0692326231_416EA0__0080734SCAM01286_007_LUJ05.fits	https://pds-geosciences.wustl.edu/m2020/urn-nasa-pds-mars2020_supercam/data_raw_audio/sol_00286/LS__0286_0692326231_416EA0__0080734SCAM01286_007_LUJ05.fits	604800	0de255ab8f59acf38fc26ed85fe4d90d	286	692326231	253440	bd275c6299e1fcdd40868f4126e50934effd8b8a6913db858a32f0e606c2132e	9b89933fea5f52f63c3b01338668a8b044f4f37f18fde68f1aa8f555cf6e7ed4	2	100000	692326229.03737	2021-343T12:55:19.31929232	155
60	ls__0290_0692684006_981ea0__0090000scam04290_001_luj04	LS__0290_0692684006_981EA0__0090000SCAM04290_001_LUJ04.fits	https://pds-geosciences.wustl.edu/m2020/urn-nasa-pds-mars2020_supercam/data_raw_audio/sol_00290/LS__0290_0692684006_981EA0__0090000SCAM04290_001_LUJ04.fits	636480	ed8572f34d59ace5ad67a8b58ebbd77d	290	692684006	285120	3f6d4c5d4b5128d82986183421e4c5b2cecda959decdf363a62b4a55229a4f3c	9b89933fea5f52f63c3b01338668a8b044f4f37f18fde68f1aa8f555cf6e7ed4	2	100000	692684004.57024	2021-347T16:18:17.67250428	155
61	ls__0290_0692685341_967ea0__0090000scam04290_008_luj04	LS__0290_0692685341_967EA0__0090000SCAM04290_008_LUJ04.fits	https://pds-geosciences.wustl.edu/m2020/urn-nasa-pds-mars2020_supercam/data_raw_audio/sol_00290/LS__0290_0692685341_967EA0__0090000SCAM04290_008_LUJ04.fits	604800	6e4a8ae26a113e98a983028241aa1cfc	290	692685341	253440	d810965d2adcdef7f99788404e937fb3863f4392939bdb3c4134e29e7ab89f5e	9b89933fea5f52f63c3b01338668a8b044f4f37f18fde68f1aa8f555cf6e7ed4	2	100000	692685339.57025	2021-347T16:40:32.683043346	155
62	ls__0312_0694632630_696ea0__0090000scam01312_001_luj03	LS__0312_0694632630_696EA0__0090000SCAM01312_001_LUJ03.fits	https://pds-geosciences.wustl.edu/m2020/urn-nasa-pds-mars2020_supercam/data_raw_audio/sol_00312/LS__0312_0694632630_696EA0__0090000SCAM01312_001_LUJ03.fits	636480	b2b8acf4e6999c85dbde39f37314a07c	312	694632630	285120	8e75077e4285f519b70377a63295910e1ecefbf422394e9eb47d39fc797706bb	9b89933fea5f52f63c3b01338668a8b044f4f37f18fde68f1aa8f555cf6e7ed4	2	100000	694632628.32024	2022-005T05:35:36.783505302	155
63	ls__0312_0694633417_747ea0__0090000scam01312_005_luj03	LS__0312_0694633417_747EA0__0090000SCAM01312_005_LUJ03.fits	https://pds-geosciences.wustl.edu/m2020/urn-nasa-pds-mars2020_supercam/data_raw_audio/sol_00312/LS__0312_0694633417_747EA0__0090000SCAM01312_005_LUJ03.fits	627840	898dc12e65d668d8e56a5dc2688113a1	312	694633417	276480	2b5fb357aa20be72953e70d59293fa13e9a5bf9faaf64e633ecc5a3c8514d2be	9b89933fea5f52f63c3b01338668a8b044f4f37f18fde68f1aa8f555cf6e7ed4	2	100000	694633415.32025	2022-005T05:48:43.78972448	155
64	ls__0313_0694725246_826ea0__0090000scam02313_001_luj03	LS__0313_0694725246_826EA0__0090000SCAM02313_001_LUJ03.fits	https://pds-geosciences.wustl.edu/m2020/urn-nasa-pds-mars2020_supercam/data_raw_audio/sol_00313/LS__0313_0694725246_826EA0__0090000SCAM02313_001_LUJ03.fits	622080	026b5b4ae3429f4cd72a2cc1149b4f82	313	694725246	270720	bcacdffb53f36e428b1bdd60dbf4fb0ce72cb14b561bf8eda819b3590cc13f61	9b89933fea5f52f63c3b01338668a8b044f4f37f18fde68f1aa8f555cf6e7ed4	2	100000	694725244.27565	2022-006T07:19:13.469010696	155
65	ls__0319_0695255316_841ea0__0090000scam05319_001_luj03	LS__0319_0695255316_841EA0__0090000SCAM05319_001_LUJ03.fits	https://pds-geosciences.wustl.edu/m2020/urn-nasa-pds-mars2020_supercam/data_raw_audio/sol_00319/LS__0319_0695255316_841EA0__0090000SCAM05319_001_LUJ03.fits	613440	bee16035ece7439aa358ef9f44419c74	319	695255316	262080	7e7eeecfa8568caafcf85fe83b23cdd05aca95ad7ece4b176c6d5c65a30b59a8	9b89933fea5f52f63c3b01338668a8b044f4f37f18fde68f1aa8f555cf6e7ed4	2	100000	695255314.45906	2022-012T10:33:47.8309646	155
66	ls__0324_0695701949_810ea0__0090000scam01324_001_luj03	LS__0324_0695701949_810EA0__0090000SCAM01324_001_LUJ03.fits	https://pds-geosciences.wustl.edu/m2020/urn-nasa-pds-mars2020_supercam/data_raw_audio/sol_00324/LS__0324_0695701949_810EA0__0090000SCAM01324_001_LUJ03.fits	636480	27ee5befc1f152af758391bc81f053af	324	695701949	285120	cab94517c0483b9e121dffe48cd560ed4baf8fb55d5c3e816cd43322fb7a78e7	9b89933fea5f52f63c3b01338668a8b044f4f37f18fde68f1aa8f555cf6e7ed4	2	100000	695701947.39952	2022-017T14:37:44.29223227	155
67	ls__0324_0695702591_913ea0__0090000scam01324_008_luj03	LS__0324_0695702591_913EA0__0090000SCAM01324_008_LUJ03.fits	https://pds-geosciences.wustl.edu/m2020/urn-nasa-pds-mars2020_supercam/data_raw_audio/sol_00324/LS__0324_0695702591_913EA0__0090000SCAM01324_008_LUJ03.fits	604800	8e6534aa618834545157d8545a8c2a61	324	695702591	253440	ef65735ca39a6fe0b224e43c6c56540f34d82361f5fc6e3ee5ade598049c49a9	9b89933fea5f52f63c3b01338668a8b044f4f37f18fde68f1aa8f555cf6e7ed4	2	100000	695702589.52298	2022-017T14:48:26.420752995	155
68	ls__0328_0696057955_285ea0__0090000scam05328_005_luj03	LS__0328_0696057955_285EA0__0090000SCAM05328_005_LUJ03.fits	https://pds-geosciences.wustl.edu/m2020/urn-nasa-pds-mars2020_supercam/data_raw_audio/sol_00328/LS__0328_0696057955_285EA0__0090000SCAM05328_005_LUJ03.fits	636480	ae610e1a69c22f5e8f5c97b9e785e8cf	328	696057955	285120	d150139d518e729172f34f104efa2f4c4c16ea91e8d02a3ae51fb24035510b5c	9b89933fea5f52f63c3b01338668a8b044f4f37f18fde68f1aa8f555cf6e7ed4	2	100000	696057952.86581	2022-021T17:31:12.564916695	155
69	ls__0335_0696680688_405ea0__0090178scam01335_001_luj03	LS__0335_0696680688_405EA0__0090178SCAM01335_001_LUJ03.fits	https://pds-geosciences.wustl.edu/m2020/urn-nasa-pds-mars2020_supercam/data_raw_audio/sol_00335/LS__0335_0696680688_405EA0__0090178SCAM01335_001_LUJ03.fits	636480	250cec60e5954740b76a03d77b100e43	335	696680688	285120	259f4c7b20a151b748380b1c84f1155a4086b8712484791b09123d668423567e	9b89933fea5f52f63c3b01338668a8b044f4f37f18fde68f1aa8f555cf6e7ed4	2	100000	696680686.02643	2022-028T22:30:10.634536217	155
70	ls__0335_0696680738_320ea0__0090178scam01335_002_luj03	LS__0335_0696680738_320EA0__0090178SCAM01335_002_LUJ03.fits	https://pds-geosciences.wustl.edu/m2020/urn-nasa-pds-mars2020_supercam/data_raw_audio/sol_00335/LS__0335_0696680738_320EA0__0090178SCAM01335_002_LUJ03.fits	604800	8d947f3a2a2401d472016a38ce509b8e	335	696680738	253440	c05159f13080f528ef91ece61447fc934e2f577b3c8d543c01eff9df77f0d673	9b89933fea5f52f63c3b01338668a8b044f4f37f18fde68f1aa8f555cf6e7ed4	2	100000	696680735.91223	2022-028T22:31:00.52073269	155
71	ls__0338_0696944935_789ea0__0090276scam05338_007_luj03	LS__0338_0696944935_789EA0__0090276SCAM05338_007_LUJ03.fits	https://pds-geosciences.wustl.edu/m2020/urn-nasa-pds-mars2020_supercam/data_raw_audio/sol_00338/LS__0338_0696944935_789EA0__0090276SCAM05338_007_LUJ03.fits	604800	b1a1f083a71aff89d5307ced1171c8bc	338	696944935	253440	cc421c92a47c77238d591b248901a77c86f4b33b0d1a5bdafb1b5b1e2dfc6588	9b89933fea5f52f63c3b01338668a8b044f4f37f18fde68f1aa8f555cf6e7ed4	2	100000	696944933.39705	2022-031T23:54:20.088218967	155
72	ls__0343_0697388102_562ea0__0092858scam01343_002_luj03	LS__0343_0697388102_562EA0__0092858SCAM01343_002_LUJ03.fits	https://pds-geosciences.wustl.edu/m2020/urn-nasa-pds-mars2020_supercam/data_raw_audio/sol_00343/LS__0343_0697388102_562EA0__0092858SCAM01343_002_LUJ03.fits	604800	a47ad245efe30f789f3e338e238b6006	343	697388102	253440	87b21964d51b28d7c6365e4f65d4d65bff0de199b649af664972d7baac0ab801	9b89933fea5f52f63c3b01338668a8b044f4f37f18fde68f1aa8f555cf6e7ed4	2	100000	697388100.16223	2022-037T03:00:30.34688507	155
73	ls__0343_0697389601_601ea0__0092858scam02343_007_luj03	LS__0343_0697389601_601EA0__0092858SCAM02343_007_LUJ03.fits	https://pds-geosciences.wustl.edu/m2020/urn-nasa-pds-mars2020_supercam/data_raw_audio/sol_00343/LS__0343_0697389601_601EA0__0092858SCAM02343_007_LUJ03.fits	604800	20b2bd4e963ff4250d41c4ca858eadf9	343	697389601	253440	4e18c8d66684be2a83cca9ea80aaf73b7f91eec6ecd1070f4cb4cd4846048aa7	9b89933fea5f52f63c3b01338668a8b044f4f37f18fde68f1aa8f555cf6e7ed4	2	100000	697389599.20909	2022-037T03:25:29.405561802	155
74	ls__0357_0698631180_540ea0__0099314scam04357_001_luj03	LS__0357_0698631180_540EA0__0099314SCAM04357_001_LUJ03.fits	https://pds-geosciences.wustl.edu/m2020/urn-nasa-pds-mars2020_supercam/data_raw_audio/sol_00357/LS__0357_0698631180_540EA0__0099314SCAM04357_001_LUJ03.fits	636480	45193458fbb829f6c843f3c77d761233	357	698631180	285120	a10e02902ca0f88c80f0c80ad25ac5494e3af170de28cf58ed46960e64e24f9b	9b89933fea5f52f63c3b01338668a8b044f4f37f18fde68f1aa8f555cf6e7ed4	2	100000	698631178.08412	2022-051T12:18:38.067958588	155
75	ls__0357_0698631484_554ea0__0099314scam04357_003_luj03	LS__0357_0698631484_554EA0__0099314SCAM04357_003_LUJ03.fits	https://pds-geosciences.wustl.edu/m2020/urn-nasa-pds-mars2020_supercam/data_raw_audio/sol_00357/LS__0357_0698631484_554EA0__0099314SCAM04357_003_LUJ03.fits	604800	cbca71efa1a25dfe8805623cc81c9094	357	698631484	253440	45a2aa3ae4a6c5755b68d5c81a38128a184de2e43d7b21e935141a999078d040	9b89933fea5f52f63c3b01338668a8b044f4f37f18fde68f1aa8f555cf6e7ed4	2	100000	698631482.0843	2022-051T12:23:42.070538128	155
76	ls__0357_0698634740_150ea0__0099314scam06357_001_luj03	LS__0357_0698634740_150EA0__0099314SCAM06357_001_LUJ03.fits	https://pds-geosciences.wustl.edu/m2020/urn-nasa-pds-mars2020_supercam/data_raw_audio/sol_00357/LS__0357_0698634740_150EA0__0099314SCAM06357_001_LUJ03.fits	636480	28f539377e9588e54d7ab176bcddf796	357	698634740	285120	ff005e33b7187b807d2c01e186dd1ae56dae54271ee0df95318d3e662b77bf2c	9b89933fea5f52f63c3b01338668a8b044f4f37f18fde68f1aa8f555cf6e7ed4	2	100000	698634737.69563	2022-051T13:17:57.707530235	140
77	ls__0361_0698983409_651ea0__0101114scam01361_003_luj03	LS__0361_0698983409_651EA0__0101114SCAM01361_003_LUJ03.fits	https://pds-geosciences.wustl.edu/m2020/urn-nasa-pds-mars2020_supercam/data_raw_audio/sol_00361/LS__0361_0698983409_651EA0__0101114SCAM01361_003_LUJ03.fits	604800	b1e910d2d62bc02e984dc2f5956d1d2b	361	698983409	253440	2f6a6c983a7f2818a7e19067c02f69d5ca6ee8c87ce1a8843b02abc58d0fff1f	9b89933fea5f52f63c3b01338668a8b044f4f37f18fde68f1aa8f555cf6e7ed4	2	100000	698983407.22983	2022-055T14:09:09.99028712	155
78	ls__0417_0703959189_698ea0__0231180scam04417_001_luj04	LS__0417_0703959189_698EA0__0231180SCAM04417_001_LUJ04.fits	https://pds-geosciences.wustl.edu/m2020/urn-nasa-pds-mars2020_supercam/data_raw_audio/sol_00417/LS__0417_0703959189_698EA0__0231180SCAM04417_001_LUJ04.fits	636480	4897d2a826f1c12fadb978a8e394fa47	417	703959189	285120	604f889bce24a06f40e9c1b2f7b8b3578661d148ab7b8ae03a8ee6dd972890b7	9b89933fea5f52f63c3b01338668a8b044f4f37f18fde68f1aa8f555cf6e7ed4	2	100000	703959187.16164	2022-113T04:19:29.14616879	155
79	ls__0417_0703960464_603ea0__0231180scam04417_009_luj04	LS__0417_0703960464_603EA0__0231180SCAM04417_009_LUJ04.fits	https://pds-geosciences.wustl.edu/m2020/urn-nasa-pds-mars2020_supercam/data_raw_audio/sol_00417/LS__0417_0703960464_603EA0__0231180SCAM04417_009_LUJ04.fits	604800	dd7ba77afcc81a2cd4d4f08ce6444132	417	703960464	253440	cf573a737e41afb53f17ecb5dca4b1e56f84d06db41ccea12d36c54a47ad34a4	9b89933fea5f52f63c3b01338668a8b044f4f37f18fde68f1aa8f555cf6e7ed4	2	100000	703960462.16222	2022-113T04:40:44.15679946	155
80	ls__0420_0704222751_740ea0__0232532scam01420_009_luj04	LS__0420_0704222751_740EA0__0232532SCAM01420_009_LUJ04.fits	https://pds-geosciences.wustl.edu/m2020/urn-nasa-pds-mars2020_supercam/data_raw_audio/sol_00420/LS__0420_0704222751_740EA0__0232532SCAM01420_009_LUJ04.fits	604800	ecdfcea0d7f5a98dae8918b0fd145049	420	704222751	253440	e94b41466c0de7ec397c98d03a4210f73c45acaf7c8fe30b36deecfdaa581b8e	9b89933fea5f52f63c3b01338668a8b044f4f37f18fde68f1aa8f555cf6e7ed4	2	100000	704222749.28734	2022-116T05:32:13.34953094	155
81	ls__0422_0704402719_615ea0__0233142scam04422_005_luj04	LS__0422_0704402719_615EA0__0233142SCAM04422_005_LUJ04.fits	https://pds-geosciences.wustl.edu/m2020/urn-nasa-pds-mars2020_supercam/data_raw_audio/sol_00422/LS__0422_0704402719_615EA0__0233142SCAM04422_005_LUJ04.fits	604800	594d8eee370bf66ef31caf7298e9e49e	422	704402719	253440	58d510b489a355e0dab23a8812ce57347e75650b4ecf95899c44303c9d3335f3	9b89933fea5f52f63c3b01338668a8b044f4f37f18fde68f1aa8f555cf6e7ed4	2	100000	704402717.20813	2022-118T07:31:42.68900968	155
82	ls__0424_0704581498_997ea0__0240000scam06424_010_luj03	LS__0424_0704581498_997EA0__0240000SCAM06424_010_LUJ03.fits	https://pds-geosciences.wustl.edu/m2020/urn-nasa-pds-mars2020_supercam/data_raw_audio/sol_00424/LS__0424_0704581498_997EA0__0240000SCAM06424_010_LUJ03.fits	708480	40455f8a28a99220a62b46198c4931f7	424	704581498	357120	e9f66db53c5b52f70a0977a44290717088ad4a1319cacd690822607f341cb7be	9b89933fea5f52f63c3b01338668a8b044f4f37f18fde68f1aa8f555cf6e7ed4	2	100000	704581496.45908	2022-120T09:11:23.34927256	155
83	ls__0425_0704668824_603ea0__0240000scam04425_001_luj04	LS__0425_0704668824_603EA0__0240000SCAM04425_001_LUJ04.fits	https://pds-geosciences.wustl.edu/m2020/urn-nasa-pds-mars2020_supercam/data_raw_audio/sol_00425/LS__0425_0704668824_603EA0__0240000SCAM04425_001_LUJ04.fits	636480	d98626b4a0c3c38c5559a157dfa3db67	425	704668824	285120	5a752d47b1a83f22d6b76ecdca95174a3ab21b6f991f12bdaa04fb867fa1bb5a	9b89933fea5f52f63c3b01338668a8b044f4f37f18fde68f1aa8f555cf6e7ed4	2	100000	704668822.19542	2022-121T09:26:49.77400472	155
84	ls__0425_0704670437_601ea0__0240000scam04425_010_luj04	LS__0425_0704670437_601EA0__0240000SCAM04425_010_LUJ04.fits	https://pds-geosciences.wustl.edu/m2020/urn-nasa-pds-mars2020_supercam/data_raw_audio/sol_00425/LS__0425_0704670437_601EA0__0240000SCAM04425_010_LUJ04.fits	708480	8e97b1d24a55ad404c70b90a2666a72b	425	704670437	357120	69fdde9ac5e1be29fe2d6a32c21a799db5f49a44cf2c33645570a6936e41df45	9b89933fea5f52f63c3b01338668a8b044f4f37f18fde68f1aa8f555cf6e7ed4	2	100000	704670435.19542	2022-121T09:53:42.78672	155
85	ls__0438_0705827218_163ea0__0244232scam06438_006_luj03	LS__0438_0705827218_163EA0__0244232SCAM06438_006_LUJ03.fits	https://pds-geosciences.wustl.edu/m2020/urn-nasa-pds-mars2020_supercam/data_raw_audio/sol_00438/LS__0438_0705827218_163EA0__0244232SCAM06438_006_LUJ03.fits	604800	a16133da8f9249954b46f1cefebe6a07	438	705827218	253440	b3fcfaa0776b2cef4a59dc6db646b8f2566dead0d1654079453c05d0e3f71de2	9b89933fea5f52f63c3b01338668a8b044f4f37f18fde68f1aa8f555cf6e7ed4	2	100000	705827215.7408	2022-134T19:13:32.45100069	155
86	ls__0441_0706089478_536ea0__0244358scam01441_001_luj03	LS__0441_0706089478_536EA0__0244358SCAM01441_001_LUJ03.fits	https://pds-geosciences.wustl.edu/m2020/urn-nasa-pds-mars2020_supercam/data_raw_audio/sol_00441/LS__0441_0706089478_536EA0__0244358SCAM01441_001_LUJ03.fits	636480	c5161d2c6a9e37fe030420dcf2fb324c	441	706089478	285120	99943501bb43455b1aaa040f8dd84f978bc0a6fd3a8a81889652f749edd5b926	9b89933fea5f52f63c3b01338668a8b044f4f37f18fde68f1aa8f555cf6e7ed4	2	100000	706089476.08363	2022-137T20:04:34.86123344	155
87	ls__0442_0706166093_571ea0__0250000scam15012_006_luj03	LS__0442_0706166093_571EA0__0250000SCAM15012_006_LUJ03.fits	https://pds-geosciences.wustl.edu/m2020/urn-nasa-pds-mars2020_supercam/data_raw_audio/sol_00442/LS__0442_0706166093_571EA0__0250000SCAM15012_006_LUJ03.fits	604800	191930295fd70cba9d6c841bad874325	442	706166093	253440	333813b8488d516a15591b498b63da05ed267d9fb19d215510f5ccf14f8fbf5b	9b89933fea5f52f63c3b01338668a8b044f4f37f18fde68f1aa8f555cf6e7ed4	2	100000	706166091.16222	2022-138T17:21:30.543772865	155
88	ls__0443_0706267744_278ea0__0250000scam05443_001_luj03	LS__0443_0706267744_278EA0__0250000SCAM05443_001_LUJ03.fits	https://pds-geosciences.wustl.edu/m2020/urn-nasa-pds-mars2020_supercam/data_raw_audio/sol_00443/LS__0443_0706267744_278EA0__0250000SCAM05443_001_LUJ03.fits	636480	bfd6b69bd1a463cc9f2259a405fc102c	443	706267744	285120	315ee15a1830ab520fd3a65e57ac048d98111dada04fd3809c7330d584b81b8f	9b89933fea5f52f63c3b01338668a8b044f4f37f18fde68f1aa8f555cf6e7ed4	2	100000	706267741.89687	2022-139T21:35:42.07973527	155
89	ls__0449_0706783132_983ea0__0250446scam15012_001_luj03	LS__0449_0706783132_983EA0__0250446SCAM15012_001_LUJ03.fits	https://pds-geosciences.wustl.edu/m2020/urn-nasa-pds-mars2020_supercam/data_raw_audio/sol_00449/LS__0449_0706783132_983EA0__0250446SCAM15012_001_LUJ03.fits	636480	86bb8e2498ec85c809da6e9af7869bfa	449	706783132	285120	578e6de98b839bc630ccb0f22868663de66aa21115f9313a927fa9808e4e2853	9b89933fea5f52f63c3b01338668a8b044f4f37f18fde68f1aa8f555cf6e7ed4	2	100000	706783130.3056901	2022-145T20:45:34.55137083	155
90	ls__0449_0706784515_708ea0__0250446scam15012_006_luj03	LS__0449_0706784515_708EA0__0250446SCAM15012_006_LUJ03.fits	https://pds-geosciences.wustl.edu/m2020/urn-nasa-pds-mars2020_supercam/data_raw_audio/sol_00449/LS__0449_0706784515_708EA0__0250446SCAM15012_006_LUJ03.fits	604800	23e9b997adbc0aeaac8d2ccb10c9cea0	449	706784515	253440	a37b60c618a1dd26edf4ba7411c3b9e8bbb7efeabdba1c0abdf55c8bfe4ada4c	9b89933fea5f52f63c3b01338668a8b044f4f37f18fde68f1aa8f555cf6e7ed4	2	100000	706784513.30573	2022-145T21:08:37.56230353	155
91	ls__0450_0706878846_023ea0__0260000scam15012_006_luj03	LS__0450_0706878846_023EA0__0260000SCAM15012_006_LUJ03.fits	https://pds-geosciences.wustl.edu/m2020/urn-nasa-pds-mars2020_supercam/data_raw_audio/sol_00450/LS__0450_0706878846_023EA0__0260000SCAM15012_006_LUJ03.fits	604800	a92f96a81c2344c78fc0334b04d791b7	450	706878846	253440	55b0cbe03ac7fd3e2aff0edaa937ccdc58f5be8d73c7d82ff45ae8ce87546b5d	9b89933fea5f52f63c3b01338668a8b044f4f37f18fde68f1aa8f555cf6e7ed4	2	100000	706878843.58443	2022-146T23:20:48.5846109	155
92	ls__0451_0706979740_413ea0__0260000scam02451_001_luj03	LS__0451_0706979740_413EA0__0260000SCAM02451_001_LUJ03.fits	https://pds-geosciences.wustl.edu/m2020/urn-nasa-pds-mars2020_supercam/data_raw_audio/sol_00451/LS__0451_0706979740_413EA0__0260000SCAM02451_001_LUJ03.fits	636480	a2422c443c63fcbeec7d218a1b783739	451	706979740	285120	3e61a42b1afd89a61586174e900f9a7465d5d9a437b43a237440c17b5d3ae546	9b89933fea5f52f63c3b01338668a8b044f4f37f18fde68f1aa8f555cf6e7ed4	2	100000	706979737.9973	2022-148T03:22:23.79283388	155
93	ls__0451_0706980844_459ea0__0260000scam02451_007_luj03	LS__0451_0706980844_459EA0__0260000SCAM02451_007_LUJ03.fits	https://pds-geosciences.wustl.edu/m2020/urn-nasa-pds-mars2020_supercam/data_raw_audio/sol_00451/LS__0451_0706980844_459EA0__0260000SCAM02451_007_LUJ03.fits	604800	6e27453f6090d3f9c892093f12d64591	451	706980844	253440	ce6dbc97b8c2aa623755bff8dff71f9c814104dda239c6f4235480b51bd3ebcf	9b89933fea5f52f63c3b01338668a8b044f4f37f18fde68f1aa8f555cf6e7ed4	2	100000	706980841.94543	2022-148T03:40:47.74967167	155
94	ls__0456_0707411338_725ea0__0260096scam15012_001_luj03	LS__0456_0707411338_725EA0__0260096SCAM15012_001_LUJ03.fits	https://pds-geosciences.wustl.edu/m2020/urn-nasa-pds-mars2020_supercam/data_raw_audio/sol_00456/LS__0456_0707411338_725EA0__0260096SCAM15012_001_LUJ03.fits	636480	4a1a20925673c5a309c2e8ac77215f05	456	707411338	285120	ab2b46962d671ab5b5270d217027815c726f01e2be8eadf9e77ee551957153a3	9b89933fea5f52f63c3b01338668a8b044f4f37f18fde68f1aa8f555cf6e7ed4	2	100000	707411336.28749	2022-153T03:15:45.48531485	155
95	ls__0456_0707411730_681ea0__0260096scam15012_009_luj03	LS__0456_0707411730_681EA0__0260096SCAM15012_009_LUJ03.fits	https://pds-geosciences.wustl.edu/m2020/urn-nasa-pds-mars2020_supercam/data_raw_audio/sol_00456/LS__0456_0707411730_681EA0__0260096SCAM15012_009_LUJ03.fits	604800	c0c743974b3fc1c1262fcee98fba27fa	456	707411730	253440	7c545f108a8405a9aa46fdc7f6affd15e68cf89bf0a4eabe7850f20779623ea9	9b89933fea5f52f63c3b01338668a8b044f4f37f18fde68f1aa8f555cf6e7ed4	2	100000	707411728.2873501	2022-153T03:22:17.488267654	155
96	ls__0457_0707500136_341ea0__0260218scam15012_001_luj04	LS__0457_0707500136_341EA0__0260218SCAM15012_001_LUJ04.fits	https://pds-geosciences.wustl.edu/m2020/urn-nasa-pds-mars2020_supercam/data_raw_audio/sol_00457/LS__0457_0707500136_341EA0__0260218SCAM15012_001_LUJ04.fits	636480	ec5fbecfd0b535911377e9ade2541d00	457	707500136	285120	af4af22534c60e085230e4e7cd16128d92e1d65eb96630681604fc7f6f159e41	9b89933fea5f52f63c3b01338668a8b044f4f37f18fde68f1aa8f555cf6e7ed4	2	100000	707500133.93054	2022-154T03:55:43.82835781	155
97	ls__0457_0707500694_369ea0__0260218scam15012_010_luj04	LS__0457_0707500694_369EA0__0260218SCAM15012_010_LUJ04.fits	https://pds-geosciences.wustl.edu/m2020/urn-nasa-pds-mars2020_supercam/data_raw_audio/sol_00457/LS__0457_0707500694_369EA0__0260218SCAM15012_010_LUJ04.fits	711360	1f041b1a6af3d26f918e063a1aa1fca6	457	707500694	360000	d3d97ad6db3c47c441ba1ab190157283d0f0bdc304ec74f9ade5d8ef39c80b52	9b89933fea5f52f63c3b01338668a8b044f4f37f18fde68f1aa8f555cf6e7ed4	2	100000	707500691.97914	2022-154T04:05:01.881356155	155
98	ls__0457_0707510302_601ea0__0260218scam03457_005_luj04	LS__0457_0707510302_601EA0__0260218SCAM03457_005_LUJ04.fits	https://pds-geosciences.wustl.edu/m2020/urn-nasa-pds-mars2020_supercam/data_raw_audio/sol_00457/LS__0457_0707510302_601EA0__0260218SCAM03457_005_LUJ04.fits	708480	161704762dd2147fffabd2fcba88f26a	457	707510302	357120	4cfd3474c2cd384dfc87ee8c47c5528402aa492fbe56a66361d92bbed3a47cc5	9b89933fea5f52f63c3b01338668a8b044f4f37f18fde68f1aa8f555cf6e7ed4	2	100000	707510300.16223	2022-154T06:45:10.14018767	155
99	ls__0458_0707588716_807ea0__0260218scam15012_010_luj03	LS__0458_0707588716_807EA0__0260218SCAM15012_010_LUJ03.fits	https://pds-geosciences.wustl.edu/m2020/urn-nasa-pds-mars2020_supercam/data_raw_audio/sol_00458/LS__0458_0707588716_807EA0__0260218SCAM15012_010_LUJ03.fits	711360	81960734c0ffbc932399491d64208e35	458	707588716	360000	07f306b249cd4c8374779869d2982c2ad72c4359ef403470132b4df069f10a6a	9b89933fea5f52f63c3b01338668a8b044f4f37f18fde68f1aa8f555cf6e7ed4	2	100000	707588714.41222	2022-155T04:32:05.00831194	155
100	ls__0458_0707600443_073ea0__0260218scam03458_005_luj03	LS__0458_0707600443_073EA0__0260218SCAM03458_005_LUJ03.fits	https://pds-geosciences.wustl.edu/m2020/urn-nasa-pds-mars2020_supercam/data_raw_audio/sol_00458/LS__0458_0707600443_073EA0__0260218SCAM03458_005_LUJ03.fits	627840	7174942181166505f3eb5e9259484d01	458	707600443	276480	e5956c1c4fc176557b3ce7fa83bf716731eae4d96c1fc86065e65ce7d5b64eb8	9b89933fea5f52f63c3b01338668a8b044f4f37f18fde68f1aa8f555cf6e7ed4	2	100000	707600440.61755	2022-155T07:47:31.30608714	155
101	ls__0459_0707689244_288ea0__0260218scam01459_001_luj03	LS__0459_0707689244_288EA0__0260218SCAM01459_001_LUJ03.fits	https://pds-geosciences.wustl.edu/m2020/urn-nasa-pds-mars2020_supercam/data_raw_audio/sol_00459/LS__0459_0707689244_288EA0__0260218SCAM01459_001_LUJ03.fits	636480	b38143720aa5c91f795a43347fac3e85	459	707689244	285120	bbb95e099c25845ffb9663aed0d634326589aafad476d3bdd287014cdf64ec4d	9b89933fea5f52f63c3b01338668a8b044f4f37f18fde68f1aa8f555cf6e7ed4	2	100000	707689241.8203	2022-156T08:27:33.208850555	155
102	ls__0461_0707844767_040ea0__0260470scam15012_006_luj03	LS__0461_0707844767_040EA0__0260470SCAM15012_006_LUJ03.fits	https://pds-geosciences.wustl.edu/m2020/urn-nasa-pds-mars2020_supercam/data_raw_audio/sol_00461/LS__0461_0707844767_040EA0__0260470SCAM15012_006_LUJ03.fits	604800	b8e6ac1856e3208aa5b4943d48d03eac	461	707844767	253440	d5254e882e852d4a4fd44c229f857105eea784dbaa6283a642f42c7da571e1bd	9b89933fea5f52f63c3b01338668a8b044f4f37f18fde68f1aa8f555cf6e7ed4	2	100000	707844764.61612	2022-158T03:39:37.2306589	155
103	ls__0461_0707860215_216ea0__0260470scam03461_001_luj03	LS__0461_0707860215_216EA0__0260470SCAM03461_001_LUJ03.fits	https://pds-geosciences.wustl.edu/m2020/urn-nasa-pds-mars2020_supercam/data_raw_audio/sol_00461/LS__0461_0707860215_216EA0__0260470SCAM03461_001_LUJ03.fits	636480	a1d0a9f1fba10d86233b76f4a21b2060	461	707860215	285120	d6a3d4db4ff9a5da8ccefa700edf45b8b19227e0fdd80f0540b6297aa4109e01	9b89933fea5f52f63c3b01338668a8b044f4f37f18fde68f1aa8f555cf6e7ed4	2	100000	707860212.80554	2022-158T07:57:05.54185959	155
104	ls__0462_0707945136_806ea0__0260630scam15012_006_luj03	LS__0462_0707945136_806EA0__0260630SCAM15012_006_LUJ03.fits	https://pds-geosciences.wustl.edu/m2020/urn-nasa-pds-mars2020_supercam/data_raw_audio/sol_00462/LS__0462_0707945136_806EA0__0260630SCAM15012_006_LUJ03.fits	604800	4f0299fa081a71c3b1b39d09bc7a8516	462	707945136	253440	0d495ed2e815dfc3eef8e7348504ac896d064c62e4f15d6a0bf16d1409a5e584	9b89933fea5f52f63c3b01338668a8b044f4f37f18fde68f1aa8f555cf6e7ed4	2	100000	707945134.4122	2022-159T07:32:27.81795555	155
105	ls__0464_0708132109_040ea0__0260630scam01464_001_luj03	LS__0464_0708132109_040EA0__0260630SCAM01464_001_LUJ03.fits	https://pds-geosciences.wustl.edu/m2020/urn-nasa-pds-mars2020_supercam/data_raw_audio/sol_00464/LS__0464_0708132109_040EA0__0260630SCAM01464_001_LUJ03.fits	636480	af905da1760045773aaab149ebe8c24c	464	708132109	285120	d3c44a967eb54b3b94fe0eaf0779c33d25c7ecd98ffd817fc343201c8a158a4e	9b89933fea5f52f63c3b01338668a8b044f4f37f18fde68f1aa8f555cf6e7ed4	2	100000	708132106.6160001	2022-161T11:28:41.49565382	155
106	ls__0466_0708311854_826ea0__0260756scam01466_001_luj03	LS__0466_0708311854_826EA0__0260756SCAM01466_001_LUJ03.fits	https://pds-geosciences.wustl.edu/m2020/urn-nasa-pds-mars2020_supercam/data_raw_audio/sol_00466/LS__0466_0708311854_826EA0__0260756SCAM01466_001_LUJ03.fits	636480	7b6097911f33b05043a882046f354c65	466	708311854	285120	a6c749300e03dec45747a10684f0c3ec1484bb02146442aa2ed4498545291390	9b89933fea5f52f63c3b01338668a8b044f4f37f18fde68f1aa8f555cf6e7ed4	2	100000	708311852.45909	2022-163T13:24:28.75568417	155
107	ls__0472_0708831027_850ea0__0260756scam01472_008_luj03	LS__0472_0708831027_850EA0__0260756SCAM01472_008_LUJ03.fits	https://pds-geosciences.wustl.edu/m2020/urn-nasa-pds-mars2020_supercam/data_raw_audio/sol_00472/LS__0472_0708831027_850EA0__0260756SCAM01472_008_LUJ03.fits	604800	5e85a25a5ccdbd6ab74da28ba7f0d693	472	708831027	253440	bb762b50b645db80acd05fed4da07af3c5cee923cd8a52026b7562155dde224d	9b89933fea5f52f63c3b01338668a8b044f4f37f18fde68f1aa8f555cf6e7ed4	2	100000	708831025.44537	2022-169T13:37:25.83460717	155
108	ls__0473_0708921921_086ea0__0260756scam02473_003_luj03	LS__0473_0708921921_086EA0__0260756SCAM02473_003_LUJ03.fits	https://pds-geosciences.wustl.edu/m2020/urn-nasa-pds-mars2020_supercam/data_raw_audio/sol_00473/LS__0473_0708921921_086EA0__0260756SCAM02473_003_LUJ03.fits	604800	6d534a5b4b274076c2123d9c781ad28d	473	708921921	253440	66191726c3cd105ed0066d0312d7baa7ca5c966e485331b5007f4db61b3596eb	9b89933fea5f52f63c3b01338668a8b044f4f37f18fde68f1aa8f555cf6e7ed4	2	100000	708921918.69554	2022-170T14:52:19.80128651	155
109	ls__0477_0709285254_248ea0__0260850scam04477_001_luj03	LS__0477_0709285254_248EA0__0260850SCAM04477_001_LUJ03.fits	https://pds-geosciences.wustl.edu/m2020/urn-nasa-pds-mars2020_supercam/data_raw_audio/sol_00477/LS__0477_0709285254_248EA0__0260850SCAM04477_001_LUJ03.fits	636480	8007a0f07ccb0802db2435c06216c450	477	709285254	285120	dd341f7f59112d9f17f0534b66f4874fa7b668ba2862467d84da4f91b4c59938	9b89933fea5f52f63c3b01338668a8b044f4f37f18fde68f1aa8f555cf6e7ed4	2	100000	709285251.82028	2022-174T19:47:55.79018213	155
110	ls__0477_0709287147_305ea0__0260850scam04477_010_luj03	LS__0477_0709287147_305EA0__0260850SCAM04477_010_LUJ03.fits	https://pds-geosciences.wustl.edu/m2020/urn-nasa-pds-mars2020_supercam/data_raw_audio/sol_00477/LS__0477_0709287147_305EA0__0260850SCAM04477_010_LUJ03.fits	708480	bd9f190dc35f06fce9c5199eb37e1447	477	709287147	357120	d353365ff9366e645807a3c150be1f013ccea25501a717fadfb1c8e511f3ecf3	9b89933fea5f52f63c3b01338668a8b044f4f37f18fde68f1aa8f555cf6e7ed4	2	100000	709287144.8202699	2022-174T20:19:28.805089386	155
111	ls__0482_0709744745_161ea0__0261004scam04482_005_luj03	LS__0482_0709744745_161EA0__0261004SCAM04482_005_LUJ03.fits	https://pds-geosciences.wustl.edu/m2020/urn-nasa-pds-mars2020_supercam/data_raw_audio/sol_00482/LS__0482_0709744745_161EA0__0261004SCAM04482_005_LUJ03.fits	604800	6f60a69b41bf0fdc2c96c8a05cb5d0ca	482	709744745	253440	e411b621454b2f164210484edeeceb302f581ba4256e12247dfc073c8b09b676	9b89933fea5f52f63c3b01338668a8b044f4f37f18fde68f1aa8f555cf6e7ed4	2	100000	709744742.7408	2022-180T03:26:10.33286602	155
112	ls__0497_0711062133_153ea0__0261004scam04497_001_luj03	LS__0497_0711062133_153EA0__0261004SCAM04497_001_LUJ03.fits	https://pds-geosciences.wustl.edu/m2020/urn-nasa-pds-mars2020_supercam/data_raw_audio/sol_00497/LS__0497_0711062133_153EA0__0261004SCAM04497_001_LUJ03.fits	636480	b035da800e6ba3c6711f879821ec33ef	497	711062133	285120	3bca52be8c5e670b4dfe42f149a2fdf229e83446c83c5973c5846d399bec493b	9b89933fea5f52f63c3b01338668a8b044f4f37f18fde68f1aa8f555cf6e7ed4	2	100000	711062130.77431	2022-195T09:22:48.75134419	155
113	ls__0501_0711414592_419ea0__0261004scam01501_001_luj03	LS__0501_0711414592_419EA0__0261004SCAM01501_001_LUJ03.fits	https://pds-geosciences.wustl.edu/m2020/urn-nasa-pds-mars2020_supercam/data_raw_audio/sol_00501/LS__0501_0711414592_419EA0__0261004SCAM01501_001_LUJ03.fits	636480	6f61d99060ad2c87449dba9002a7a587	501	711414592	285120	96086987f270f38fd5a355108107776659017ad6458e739bb1628d63a470c351	9b89933fea5f52f63c3b01338668a8b044f4f37f18fde68f1aa8f555cf6e7ed4	2	100000	711414590.03738	2022-199T11:17:10.792857346	155
114	ls__0510_0712214687_960ea0__0261222scam01510_001_luj03	LS__0510_0712214687_960EA0__0261222SCAM01510_001_LUJ03.fits	https://pds-geosciences.wustl.edu/m2020/urn-nasa-pds-mars2020_supercam/data_raw_audio/sol_00510/LS__0510_0712214687_960EA0__0261222SCAM01510_001_LUJ03.fits	636480	333e4c707b21e6a8f0008bc276443873	510	712214687	285120	885964440a86eea150bfdadcd6af1e415fb96bb56faa72da760544dc3e95b784	9b89933fea5f52f63c3b01338668a8b044f4f37f18fde68f1aa8f555cf6e7ed4	2	100000	712214685.58438	2022-208T17:32:12.647007614	155
115	ls__0510_0712216503_964ea0__0261222scam01510_009_luj03	LS__0510_0712216503_964EA0__0261222SCAM01510_009_LUJ03.fits	https://pds-geosciences.wustl.edu/m2020/urn-nasa-pds-mars2020_supercam/data_raw_audio/sol_00510/LS__0510_0712216503_964EA0__0261222SCAM01510_009_LUJ03.fits	604800	3870a37ef2963a1c58a7b4513fa377c9	510	712216503	253440	1a66755994f5031223b965ee42fb68fb3ff47467d7f79280743977f73261aecc	9b89933fea5f52f63c3b01338668a8b044f4f37f18fde68f1aa8f555cf6e7ed4	2	100000	712216501.58438	2022-208T18:02:28.66132314	155
116	ls__0517_0712836568_577ea0__0261222scam01517_001_luj03	LS__0517_0712836568_577EA0__0261222SCAM01517_001_LUJ03.fits	https://pds-geosciences.wustl.edu/m2020/urn-nasa-pds-mars2020_supercam/data_raw_audio/sol_00517/LS__0517_0712836568_577EA0__0261222SCAM01517_001_LUJ03.fits	636480	e3b775c88d7d3c107b01cb63be0f0575	517	712836568	285120	af72977b7a039f5739e628f0e62e2fc9270009168e7284ba231e1cc5e82910d9	9b89933fea5f52f63c3b01338668a8b044f4f37f18fde68f1aa8f555cf6e7ed4	2	100000	712836566.19543	2022-215T22:16:58.16034594	155
117	ls__0523_0713369148_542ea0__0261222scam01523_001_luj03	LS__0523_0713369148_542EA0__0261222SCAM01523_001_LUJ03.fits	https://pds-geosciences.wustl.edu/m2020/urn-nasa-pds-mars2020_supercam/data_raw_audio/sol_00523/LS__0523_0713369148_542EA0__0261222SCAM01523_001_LUJ03.fits	636480	93ed261b2e7e43869bd14e9b0fcd9a61	523	713369148	285120	133469e62166a47460173a18f2e2b6172976395dbbd39e3edbe791a118469b43	9b89933fea5f52f63c3b01338668a8b044f4f37f18fde68f1aa8f555cf6e7ed4	2	100000	713369146.14569	2022-222T02:13:22.30893004	155
118	ls__0523_0713369352_541ea0__0261222scam01523_002_luj03	LS__0523_0713369352_541EA0__0261222SCAM01523_002_LUJ03.fits	https://pds-geosciences.wustl.edu/m2020/urn-nasa-pds-mars2020_supercam/data_raw_audio/sol_00523/LS__0523_0713369352_541EA0__0261222SCAM01523_002_LUJ03.fits	604800	ed5ff0926dfd9cc366484a69409ebd8b	523	713369352	253440	9ddc198ab0374f85ab5bc6ad7028f44b580c7daeb1ae29100101d204b467e12c	9b89933fea5f52f63c3b01338668a8b044f4f37f18fde68f1aa8f555cf6e7ed4	2	100000	713369350.14902	2022-222T02:16:46.31386461	155
119	ls__0532_0714156198_839ea0__0261222scam01532_008_luj03	LS__0532_0714156198_839EA0__0261222SCAM01532_008_LUJ03.fits	https://pds-geosciences.wustl.edu/m2020/urn-nasa-pds-mars2020_supercam/data_raw_audio/sol_00532/LS__0532_0714156198_839EA0__0261222SCAM01532_008_LUJ03.fits	604800	44ab666a58061ae35e2f6f9f6e3dab81	532	714156198	253440	f057802adb65fac7ddc83ca19bae4cc7ab92ea0576013079edb2688ffd753be7	9b89933fea5f52f63c3b01338668a8b044f4f37f18fde68f1aa8f555cf6e7ed4	2	100000	714156196.47559	2022-231T04:50:58.8431428	155
120	ls__0533_0714248091_899ea0__0261222scam01533_003_luj03	LS__0533_0714248091_899EA0__0261222SCAM01533_003_LUJ03.fits	https://pds-geosciences.wustl.edu/m2020/urn-nasa-pds-mars2020_supercam/data_raw_audio/sol_00533/LS__0533_0714248091_899EA0__0261222SCAM01533_003_LUJ03.fits	604800	c12ecf298f5d276b2da470f3572b5a80	533	714248091	253440	0297736e370b107ae63b30b609bd5a83df28e18d1a11e99a56f130869794c242	9b89933fea5f52f63c3b01338668a8b044f4f37f18fde68f1aa8f555cf6e7ed4	2	100000	714248089.46252	2022-232T06:22:32.554473694	155
121	ls__0536_0714539525_604ea0__0262018scam15011_008_luj03	LS__0536_0714539525_604EA0__0262018SCAM15011_008_LUJ03.fits	https://pds-geosciences.wustl.edu/m2020/urn-nasa-pds-mars2020_supercam/data_raw_audio/sol_00536/LS__0536_0714539525_604EA0__0262018SCAM15011_008_LUJ03.fits	604800	502ca7ea018307d96d91f266d146cc9d	536	714539525	253440	9c3e980adfa7baa319b86fd2f378b6698290ee92ae9604e5dd267cb9af7aecc8	9b89933fea5f52f63c3b01338668a8b044f4f37f18fde68f1aa8f555cf6e7ed4	2	100000	714539523.1645401	2022-235T15:19:48.553856674	155
122	ls__0540_0714879502_075ea0__0263008scam01540_003_luj02	LS__0540_0714879502_075EA0__0263008SCAM01540_003_LUJ02.fits	https://pds-geosciences.wustl.edu/m2020/urn-nasa-pds-mars2020_supercam/data_raw_audio/sol_00540/LS__0540_0714879502_075EA0__0263008SCAM01540_003_LUJ02.fits	604800	c287340e9888a1b70d63fd27edd37164	540	714879502	253440	b7ff6e1dc4b073fc5876b85534bea98538ec1475a84f3db71d7256e184347d4f	9b89933fea5f52f63c3b01338668a8b044f4f37f18fde68f1aa8f555cf6e7ed4	2	100000	714879499.6622	2022-239T13:46:07.731556816	155
123	ls__0544_0715236752_274ea0__0265150scam15012_008_luj02	LS__0544_0715236752_274EA0__0265150SCAM15012_008_LUJ02.fits	https://pds-geosciences.wustl.edu/m2020/urn-nasa-pds-mars2020_supercam/data_raw_audio/sol_00544/LS__0544_0715236752_274EA0__0265150SCAM15012_008_LUJ02.fits	604800	a7e637a9d36f010121f50515502b09f4	544	715236752	253440	8c3d5c4db5d8cace7d7189eec32159d98f609e1ffc86ae379f80509aedb7ab71	9b89933fea5f52f63c3b01338668a8b044f4f37f18fde68f1aa8f555cf6e7ed4	2	100000	715236749.8341399	2022-243T17:00:20.71969595	155
124	ls__0550_0715772566_733ea0__0265214scam15011_001_luj02	LS__0550_0715772566_733EA0__0265214SCAM15011_001_LUJ02.fits	https://pds-geosciences.wustl.edu/m2020/urn-nasa-pds-mars2020_supercam/data_raw_audio/sol_00550/LS__0550_0715772566_733EA0__0265214SCAM15011_001_LUJ02.fits	636480	4e82e8a0f1d73ace191e7124a186d5e8	550	715772566	285120	a9964dc54d2cf4f2e0a6291b704086614588417b4f8af54e8600c22f11971b5b	9b89933fea5f52f63c3b01338668a8b044f4f37f18fde68f1aa8f555cf6e7ed4	2	100000	715772564.30566	2022-249T21:50:39.41504854	155
125	ls__0550_0715772666_744ea0__0265214scam15011_003_luj02	LS__0550_0715772666_744EA0__0265214SCAM15011_003_LUJ02.fits	https://pds-geosciences.wustl.edu/m2020/urn-nasa-pds-mars2020_supercam/data_raw_audio/sol_00550/LS__0550_0715772666_744EA0__0265214SCAM15011_003_LUJ02.fits	604800	564e7672fd9eef4e3ce21fdb0c87ff75	550	715772666	253440	2c0a31ef8629c5900cb521391408fb7774d7d7cc64bbb31ff8c04b9de6aaacbb	9b89933fea5f52f63c3b01338668a8b044f4f37f18fde68f1aa8f555cf6e7ed4	2	100000	715772664.30565	2022-249T21:52:19.41582158	155
126	ls__0554_0716125905_608ea0__0265226scam02554_009_luj02	LS__0554_0716125905_608EA0__0265226SCAM02554_009_LUJ02.fits	https://pds-geosciences.wustl.edu/m2020/urn-nasa-pds-mars2020_supercam/data_raw_audio/sol_00554/LS__0554_0716125905_608EA0__0265226SCAM02554_009_LUJ02.fits	604800	bd805810b61b19a2cb24538cc39166b9	554	716125905	253440	677abd489945b4e3fa1a61b3abb10e31f78d96255344a9d467dd471b291d102c	9b89933fea5f52f63c3b01338668a8b044f4f37f18fde68f1aa8f555cf6e7ed4	2	100000	716125903.1954	2022-253T23:59:41.090159	155
127	ls__0556_0716301746_718ea0__0270000scam04556_004_luj02	LS__0556_0716301746_718EA0__0270000SCAM04556_004_LUJ02.fits	https://pds-geosciences.wustl.edu/m2020/urn-nasa-pds-mars2020_supercam/data_raw_audio/sol_00556/LS__0556_0716301746_718EA0__0270000SCAM04556_004_LUJ02.fits	604800	2e4e01a7a2e6e8a7785c879c31eeee45	556	716301746	253440	e96ecd133e41bbac8f7e89b1c92176c41847954ea878ef9f6699cde91b072e62	9b89933fea5f52f63c3b01338668a8b044f4f37f18fde68f1aa8f555cf6e7ed4	2	100000	716301744.27165	2022-256T00:50:23.55256236	155
128	ls__0557_0716380613_714ea0__0270230scam15011_009_luj02	LS__0557_0716380613_714EA0__0270230SCAM15011_009_LUJ02.fits	https://pds-geosciences.wustl.edu/m2020/urn-nasa-pds-mars2020_supercam/data_raw_audio/sol_00557/LS__0557_0716380613_714EA0__0270230SCAM15011_009_LUJ02.fits	604800	acc05cece34b8104b6ab144039924d9e	557	716380613	253440	3215199f13d288901c8a7977321b05c71bcf991f44212fa32bdb3c064c7e9a8d	9b89933fea5f52f63c3b01338668a8b044f4f37f18fde68f1aa8f555cf6e7ed4	2	100000	716380611.28741	2022-256T22:44:51.19003338	155
129	ls__0563_0716919971_591ea0__0280000scam01563_001_luj02	LS__0563_0716919971_591EA0__0280000SCAM01563_001_LUJ02.fits	https://pds-geosciences.wustl.edu/m2020/urn-nasa-pds-mars2020_supercam/data_raw_audio/sol_00563/LS__0563_0716919971_591EA0__0280000SCAM01563_001_LUJ02.fits	636480	f0f3b5346ea6c719f08a79122e2365f3	563	716919971	285120	01c5454bbed43096ec41d32c8fa7857d01b1edb3d2e6c92efe6a38d080d0a2da	9b89933fea5f52f63c3b01338668a8b044f4f37f18fde68f1aa8f555cf6e7ed4	2	100000	716919969.1616499	2022-263T04:34:13.316028564	155
130	ls__0569_0717452421_724ea0__0290000scam01569_001_luj02	LS__0569_0717452421_724EA0__0290000SCAM01569_001_LUJ02.fits	https://pds-geosciences.wustl.edu/m2020/urn-nasa-pds-mars2020_supercam/data_raw_audio/sol_00569/LS__0569_0717452421_724EA0__0290000SCAM01569_001_LUJ02.fits	613440	b9f151e2a9b56b81a597af8a1e254229	569	717452421	262080	9f384985caea763cc34803b5d3af852b7a46308cf73effd87455ce4c25de9d33	9b89933fea5f52f63c3b01338668a8b044f4f37f18fde68f1aa8f555cf6e7ed4	2	100000	717452419.33382	2022-269T08:28:27.68549819	155
131	ls__0569_0717452608_739ea0__0290000scam01569_002_luj02	LS__0569_0717452608_739EA0__0290000SCAM01569_002_LUJ02.fits	https://pds-geosciences.wustl.edu/m2020/urn-nasa-pds-mars2020_supercam/data_raw_audio/sol_00569/LS__0569_0717452608_739EA0__0290000SCAM01569_002_LUJ02.fits	604800	75860869f77beeca38cae33281727e7b	569	717452608	253440	f6bf1cfd977aa3babc67ed678bd234fd006d378a6b5eda7dc619219c77ee3c61	9b89933fea5f52f63c3b01338668a8b044f4f37f18fde68f1aa8f555cf6e7ed4	2	100000	717452606.33408	2022-269T08:31:34.687231705	155
132	ls__0588_0719141924_952ea0__0290000scam03588_001_luj02	LS__0588_0719141924_952EA0__0290000SCAM03588_001_LUJ02.fits	https://pds-geosciences.wustl.edu/m2020/urn-nasa-pds-mars2020_supercam/data_raw_audio/sol_00588/LS__0588_0719141924_952EA0__0290000SCAM03588_001_LUJ02.fits	636480	2a0b3ab2961ab102a8674610fe60966e	588	719141924	285120	af44518309e9501e118dd75aa125c9e8e36f796133f3170e4ff90f855a0b19da	9b89933fea5f52f63c3b01338668a8b044f4f37f18fde68f1aa8f555cf6e7ed4	2	100000	719141922.57025	2022-288T21:47:04.24028713	155
133	ls__0588_0719142016_960ea0__0290000scam03588_003_luj02	LS__0588_0719142016_960EA0__0290000SCAM03588_003_LUJ02.fits	https://pds-geosciences.wustl.edu/m2020/urn-nasa-pds-mars2020_supercam/data_raw_audio/sol_00588/LS__0588_0719142016_960EA0__0290000SCAM03588_003_LUJ02.fits	604800	46ca6cef7c15a582824b660bf6f1a683	588	719142016	253440	2394e4f088261cdae5adf7eae3b14b87a76b742056b4020f8108a9f7f1995cdc	9b89933fea5f52f63c3b01338668a8b044f4f37f18fde68f1aa8f555cf6e7ed4	2	100000	719142014.57025	2022-288T21:48:36.24101237	155
134	ls__0590_0719320585_604ea0__0290000scam03590_009_luj02	LS__0590_0719320585_604EA0__0290000SCAM03590_009_LUJ02.fits	https://pds-geosciences.wustl.edu/m2020/urn-nasa-pds-mars2020_supercam/data_raw_audio/sol_00590/LS__0590_0719320585_604EA0__0290000SCAM03590_009_LUJ02.fits	604800	dd511ca30e37537efd83995b95cc30a6	590	719320585	253440	becda5cd14cbcd09ef90a0fec6344d5cf38a2f5560c6d9a646e2d3107b039962	9b89933fea5f52f63c3b01338668a8b044f4f37f18fde68f1aa8f555cf6e7ed4	2	100000	719320583.20093	2022-290T23:24:46.27934516	155
135	ls__0604_0720557976_589ea0__0300000scam01604_001_luj02	LS__0604_0720557976_589EA0__0300000SCAM01604_001_LUJ02.fits	https://pds-geosciences.wustl.edu/m2020/urn-nasa-pds-mars2020_supercam/data_raw_audio/sol_00604/LS__0604_0720557976_589EA0__0300000SCAM01604_001_LUJ02.fits	636480	04ac11ee6ec7664e89767891c6071a23	604	720557976	285120	4df35b81c49a8d82c85972c9b4864ddf1897c9847f82ea64a73b0196c7746d59	9b89933fea5f52f63c3b01338668a8b044f4f37f18fde68f1aa8f555cf6e7ed4	2	100000	720557974.18059	2022-305T07:08:07.013358284	155
136	ls__0604_0720559982_587ea0__0300000scam01604_010_luj02	LS__0604_0720559982_587EA0__0300000SCAM01604_010_LUJ02.fits	https://pds-geosciences.wustl.edu/m2020/urn-nasa-pds-mars2020_supercam/data_raw_audio/sol_00604/LS__0604_0720559982_587EA0__0300000SCAM01604_010_LUJ02.fits	708480	95cdc2a2d975ba90d7d42ea9d242dac5	604	720559982	357120	0c12276334ab5d4f8d80ab8a1982c7d55c7ef80933b5e3c634f906ca6fbb65a6	9b89933fea5f52f63c3b01338668a8b044f4f37f18fde68f1aa8f555cf6e7ed4	2	100000	720559980.1806901	2022-305T07:41:33.0292784	155
137	ls__0609_0721003016_215ea0__0301096scam01609_001_luj02	LS__0609_0721003016_215EA0__0301096SCAM01609_001_LUJ02.fits	https://pds-geosciences.wustl.edu/m2020/urn-nasa-pds-mars2020_supercam/data_raw_audio/sol_00609/LS__0609_0721003016_215EA0__0301096SCAM01609_001_LUJ02.fits	636480	86aa051ac80defd63fe83d77d06f4e84	609	721003016	285120	6b3b85ae67b29d1315fb3642388bf502f0ce57b79e5dbbc2419486c16c50c542	9b89933fea5f52f63c3b01338668a8b044f4f37f18fde68f1aa8f555cf6e7ed4	2	100000	721003013.78734	2022-310T10:45:30.12835599	155
138	ls__0609_0721003899_249ea0__0301096scam01609_005_luj02	LS__0609_0721003899_249EA0__0301096SCAM01609_005_LUJ02.fits	https://pds-geosciences.wustl.edu/m2020/urn-nasa-pds-mars2020_supercam/data_raw_audio/sol_00609/LS__0609_0721003899_249EA0__0301096SCAM01609_005_LUJ02.fits	604800	9e829772a0ce436dc107a831120565e2	609	721003899	253440	74d13bfc00d00a5fcb1a9d4418d73763812f5b7b15abc78454275fd278864592	9b89933fea5f52f63c3b01338668a8b044f4f37f18fde68f1aa8f555cf6e7ed4	2	100000	721003896.80566	2022-310T11:00:13.153642624	155
139	ls__0632_0723044836_558ea0__0302188scam01632_001_luj02	LS__0632_0723044836_558EA0__0302188SCAM01632_001_LUJ02.fits	https://pds-geosciences.wustl.edu/m2020/urn-nasa-pds-mars2020_supercam/data_raw_audio/sol_00632/LS__0632_0723044836_558EA0__0302188SCAM01632_001_LUJ02.fits	636480	51a3ce8c70a5890a7669e87933875af2	632	723044836	285120	83aa055c40f66e9a68edd2151e4f9951cbbfcfd459844f7cd769170fbc4d4e70	9b89933fea5f52f63c3b01338668a8b044f4f37f18fde68f1aa8f555cf6e7ed4	2	100000	723044834.18057	2022-334T01:56:06.61726041	155
140	ls__0636_0723403853_310ea0__0310000scam03636_001_luj02	LS__0636_0723403853_310EA0__0310000SCAM03636_001_LUJ02.fits	https://pds-geosciences.wustl.edu/m2020/urn-nasa-pds-mars2020_supercam/data_raw_audio/sol_00636/LS__0636_0723403853_310EA0__0310000SCAM03636_001_LUJ02.fits	604800	5857e4cad19106700904a35fe45ebc8c	636	723403853	253440	ec1d61c28a8cbeb8ea6e59f30f7c28b41b00c986311fe6eeaf436fa0db67bb9a	9b89933fea5f52f63c3b01338668a8b044f4f37f18fde68f1aa8f555cf6e7ed4	2	100000	723403850.8202699	2022-338T05:39:46.087082794	155
141	ls__0642_0723936125_586ea0__0310500scam01642_007_luj02	LS__0642_0723936125_586EA0__0310500SCAM01642_007_LUJ02.fits	https://pds-geosciences.wustl.edu/m2020/urn-nasa-pds-mars2020_supercam/data_raw_audio/sol_00642/LS__0642_0723936125_586EA0__0310500SCAM01642_007_LUJ02.fits	604800	669a280d20e589ea9e2ed2cd9f313730	642	723936125	253440	656d0f04bb819132c12667082bf6e19b3ee724b2cbc00c43006feaad819f8b80	9b89933fea5f52f63c3b01338668a8b044f4f37f18fde68f1aa8f555cf6e7ed4	2	100000	723936123.16249	2022-344T09:31:02.62520978	155
142	ls__0645_0724214483_026ea0__0310856scam15011_002_luj02	LS__0645_0724214483_026EA0__0310856SCAM15011_002_LUJ02.fits	https://pds-geosciences.wustl.edu/m2020/urn-nasa-pds-mars2020_supercam/data_raw_audio/sol_00645/LS__0645_0724214483_026EA0__0310856SCAM15011_002_LUJ02.fits	604800	9bd74454b23c4e1ed5bd73eeb781447a	645	724214483	253440	dd5fd58f6e320036cc4f92fdd26aa0645be47ccb6256afb687c67c936d435aea	9b89933fea5f52f63c3b01338668a8b044f4f37f18fde68f1aa8f555cf6e7ed4	2	100000	724214480.55547	2022-347T14:50:22.21247597	155
143	ls__0647_0724390777_197ea0__0312154scam15011_008_luj02	LS__0647_0724390777_197EA0__0312154SCAM15011_008_LUJ02.fits	https://pds-geosciences.wustl.edu/m2020/urn-nasa-pds-mars2020_supercam/data_raw_audio/sol_00647/LS__0647_0724390777_197EA0__0312154SCAM15011_008_LUJ02.fits	604800	52c04e48f9af148e794a5c03d03dae42	647	724390777	253440	fe4e1418da79cf6e2871f6824e337054a83054c1bfe98299557d5dd20fd19865	9b89933fea5f52f63c3b01338668a8b044f4f37f18fde68f1aa8f555cf6e7ed4	2	100000	724390774.78722	2022-349T15:48:37.83395388	155
144	ls__0657_0725265289_785ea0__0320250scam01657_003_luj03	LS__0657_0725265289_785EA0__0320250SCAM01657_003_LUJ03.fits	https://pds-geosciences.wustl.edu/m2020/urn-nasa-pds-mars2020_supercam/data_raw_audio/sol_00657/LS__0657_0725265289_785EA0__0320250SCAM01657_003_LUJ03.fits	604800	689044b7678ada06d1d6d30a54ec2122	657	725265289	253440	74dbd30bac9254716b17a5a7eed3b2a2ea6f2c32da38c385990e791cf3c8be63	9b89933fea5f52f63c3b01338668a8b044f4f37f18fde68f1aa8f555cf6e7ed4	2	100000	725265287.36606	2022-359T18:43:57.306578705	155
145	ls__0673_0726688194_151ea0__0320672scam02673_001_luj02	LS__0673_0726688194_151EA0__0320672SCAM02673_001_LUJ02.fits	https://pds-geosciences.wustl.edu/m2020/urn-nasa-pds-mars2020_supercam/data_raw_audio/sol_00673/LS__0673_0726688194_151EA0__0320672SCAM02673_001_LUJ02.fits	636480	f6e122c82201e4c29663a6840aee016a	673	726688194	285120	336b9ad189ee3757dcf0da7e6d0e7d94eb0a5a8f5cc625e7d42954f92f5857cc	9b89933fea5f52f63c3b01338668a8b044f4f37f18fde68f1aa8f555cf6e7ed4	2	100000	726688191.74077	2023-011T05:59:12.898043976	155
146	ls__0673_0726688286_166ea0__0320672scam02673_003_luj02	LS__0673_0726688286_166EA0__0320672SCAM02673_003_LUJ02.fits	https://pds-geosciences.wustl.edu/m2020/urn-nasa-pds-mars2020_supercam/data_raw_audio/sol_00673/LS__0673_0726688286_166EA0__0320672SCAM02673_003_LUJ02.fits	604800	fa88bcffd955538425b24ff167f0f879	673	726688286	253440	8daa89b65ac2f72652a75951e8ae93a57fbe24c8ae21ab767b1f442c59d53671	9b89933fea5f52f63c3b01338668a8b044f4f37f18fde68f1aa8f555cf6e7ed4	2	100000	726688283.74078	2023-011T06:00:44.89878447	155
147	ls__0676_0726948449_794ea0__0320774scam01676_009_luj02	LS__0676_0726948449_794EA0__0320774SCAM01676_009_LUJ02.fits	https://pds-geosciences.wustl.edu/m2020/urn-nasa-pds-mars2020_supercam/data_raw_audio/sol_00676/LS__0676_0726948449_794EA0__0320774SCAM01676_009_LUJ02.fits	604800	51c5ea902c7734f1a39cfcf4b61c220c	676	726948449	253440	8144dcfa0988f63e9996e91489a0cd7ef7addbe173a6a239f289ed32d35c19e6	9b89933fea5f52f63c3b01338668a8b044f4f37f18fde68f1aa8f555cf6e7ed4	2	100000	726948447.39702	2023-014T06:16:50.60588931	155
148	ls__0691_0728279185_537ea0__0321184scam01691_001_luj02	LS__0691_0728279185_537EA0__0321184SCAM01691_001_LUJ02.fits	https://pds-geosciences.wustl.edu/m2020/urn-nasa-pds-mars2020_supercam/data_raw_audio/sol_00691/LS__0691_0728279185_537EA0__0321184SCAM01691_001_LUJ02.fits	636480	bed315e193ef3c61509696271d3bf8bd	691	728279185	285120	c62b5b1b98048c26f9ac2f44d9b2772bd9a1ebc648e0fd80f3495cd87c79b1ee	9b89933fea5f52f63c3b01338668a8b044f4f37f18fde68f1aa8f555cf6e7ed4	2	100000	728279183.10065	2023-029T15:55:56.799707405	155
149	ls__0695_0728634272_026ea0__0322340scam01695_001_luj02	LS__0695_0728634272_026EA0__0322340SCAM01695_001_LUJ02.fits	https://pds-geosciences.wustl.edu/m2020/urn-nasa-pds-mars2020_supercam/data_raw_audio/sol_00695/LS__0695_0728634272_026EA0__0322340SCAM01695_001_LUJ02.fits	636480	9630452c2333c38212a20dfb9bd41b6c	695	728634272	285120	23270261c2bbf39edc2ac6ff0a1b8d040cd31e6edafe57529326864eef5aea29	9b89933fea5f52f63c3b01338668a8b044f4f37f18fde68f1aa8f555cf6e7ed4	2	100000	728634269.6468199	2023-033T18:34:06.14502775	155
150	ls__0699_0728996919_976ea0__0330262scam01699_001_luj02	LS__0699_0728996919_976EA0__0330262SCAM01699_001_LUJ02.fits	https://pds-geosciences.wustl.edu/m2020/urn-nasa-pds-mars2020_supercam/data_raw_audio/sol_00699/LS__0699_0728996919_976EA0__0330262SCAM01699_001_LUJ02.fits	636480	bf26d021621a3f3b34ae7b8914640146	699	728996919	285120	e478e7d53a1ae491a7b50f90d46a9d496e27e7630a153fd8078f0b0a22d25489	9b89933fea5f52f63c3b01338668a8b044f4f37f18fde68f1aa8f555cf6e7ed4	2	100000	728996917.58437	2023-037T23:18:16.94132721	155
151	ls__0701_0729174222_296ea0__0330366scam06701_005_luj02	LS__0701_0729174222_296EA0__0330366SCAM06701_005_LUJ02.fits	https://pds-geosciences.wustl.edu/m2020/urn-nasa-pds-mars2020_supercam/data_raw_audio/sol_00701/LS__0701_0729174222_296EA0__0330366SCAM06701_005_LUJ02.fits	627840	b00cff6ab52cade3f22fa64082d6d0c7	701	729174222	276480	f0d7ce7af6c6010d2730e2e52d7c3bbce1f0159621a102081c49a013850cc7b8	9b89933fea5f52f63c3b01338668a8b044f4f37f18fde68f1aa8f555cf6e7ed4	2	100000	729174219.89691	2023-040T00:33:20.65154712	155
152	ls__0703_0729348823_160ea0__0330402scam02703_001_luj03	LS__0703_0729348823_160EA0__0330402SCAM02703_001_LUJ03.fits	https://pds-geosciences.wustl.edu/m2020/urn-nasa-pds-mars2020_supercam/data_raw_audio/sol_00703/LS__0703_0729348823_160EA0__0330402SCAM02703_001_LUJ03.fits	636480	855251977dcf9e616823e2fcb03fc2f9	703	729348823	285120	44fa54c02cb93f95ef8e6328a1c2f6a998ea2bc70ecd004940d58ef18d44fd01	9b89933fea5f52f63c3b01338668a8b044f4f37f18fde68f1aa8f555cf6e7ed4	2	100000	729348820.72614	2023-042T01:03:22.85714909	155
153	ls__0706_0729612102_778ea0__0330402scam02706_001_luj02	LS__0706_0729612102_778EA0__0330402SCAM02706_001_LUJ02.fits	https://pds-geosciences.wustl.edu/m2020/urn-nasa-pds-mars2020_supercam/data_raw_audio/sol_00706/LS__0706_0729612102_778EA0__0330402SCAM02706_001_LUJ02.fits	636480	dbe710f20d3edefd77d5b09c036fc6d5	706	729612102	285120	0f8b9ebcdc03c2e366366b572fc79021fb7a9f0a6ddfa174feacb0c27bd61eb1	9b89933fea5f52f63c3b01338668a8b044f4f37f18fde68f1aa8f555cf6e7ed4	2	100000	729612100.36607	2023-045T02:11:24.57252085	155
154	ls__0706_0729613096_788ea0__0330402scam02706_006_luj02	LS__0706_0729613096_788EA0__0330402SCAM02706_006_LUJ02.fits	https://pds-geosciences.wustl.edu/m2020/urn-nasa-pds-mars2020_supercam/data_raw_audio/sol_00706/LS__0706_0729613096_788EA0__0330402SCAM02706_006_LUJ02.fits	604800	1d3df9a36255c651a778cc46f130ecd0	706	729613096	253440	2cbed209b4b9fa73d1955051591be252ba440fc8c17a70f11a38ab5f4c3d9036	9b89933fea5f52f63c3b01338668a8b044f4f37f18fde68f1aa8f555cf6e7ed4	2	100000	729613094.36607	2023-045T02:27:58.58035655	155
155	ls__0709_0729895267_171ea0__0332864scam02709_001_luj02	LS__0709_0729895267_171EA0__0332864SCAM02709_001_LUJ02.fits	https://pds-geosciences.wustl.edu/m2020/urn-nasa-pds-mars2020_supercam/data_raw_audio/sol_00709/LS__0709_0729895267_171EA0__0332864SCAM02709_001_LUJ02.fits	636480	2a7d22c6581a6f1e199d34cef1c22292	709	729895267	285120	81d81d8de5c46e7eda0f4bb67ef9900700de237befd1a5233087e0abd0596eed	9b89933fea5f52f63c3b01338668a8b044f4f37f18fde68f1aa8f555cf6e7ed4	2	100000	729895264.7872	2023-048T08:50:51.22583329	155
156	ls__0715_0730426950_232ea0__0340000scam02715_001_luj02	LS__0715_0730426950_232EA0__0340000SCAM02715_001_LUJ02.fits	https://pds-geosciences.wustl.edu/m2020/urn-nasa-pds-mars2020_supercam/data_raw_audio/sol_00715/LS__0715_0730426950_232EA0__0340000SCAM02715_001_LUJ02.fits	636480	a8681be91b3278f4fa67f7ae12c83593	715	730426950	285120	73edf56a1c6706921cdae7782b1742b0b5ce54fe4b9b469be92f060881c13874	9b89933fea5f52f63c3b01338668a8b044f4f37f18fde68f1aa8f555cf6e7ed4	2	100000	730426947.7872	2023-054T12:32:18.41709038	155
157	ls__0728_0731562419_624ea0__0360000scam01728_001_luj03	LS__0728_0731562419_624EA0__0360000SCAM01728_001_LUJ03.fits	https://pds-geosciences.wustl.edu/m2020/urn-nasa-pds-mars2020_supercam/data_raw_audio/sol_00728/LS__0728_0731562419_624EA0__0360000SCAM01728_001_LUJ03.fits	636480	9d3eca613dfa571afcf7cede1a5cf810	728	731562419	285120	d5a0ab5bdd3ea72e5f52bcec1b1ed7ac5cc0bd1247c1531117b782b8487c299e	9b89933fea5f52f63c3b01338668a8b044f4f37f18fde68f1aa8f555cf6e7ed4	2	100000	731562417.2413599	2023-067T15:56:56.82215869	155
158	ls__0728_0731564464_741ea0__0360000scam01728_010_luj03	LS__0728_0731564464_741EA0__0360000SCAM01728_010_LUJ03.fits	https://pds-geosciences.wustl.edu/m2020/urn-nasa-pds-mars2020_supercam/data_raw_audio/sol_00728/LS__0728_0731564464_741EA0__0360000SCAM01728_010_LUJ03.fits	708480	f2e58211c4d5848a401329b537eae471	728	731564464	357120	8c0735d8c5a18caf003f1b2e12c7af44c0e33adf8677b240f0af5a3c00954793	9b89933fea5f52f63c3b01338668a8b044f4f37f18fde68f1aa8f555cf6e7ed4	2	100000	731564462.2413501	2023-067T16:31:01.83826416	155
159	ls__0729_0731659954_796ea0__0360000scam02729_006_luj03	LS__0729_0731659954_796EA0__0360000SCAM02729_006_LUJ03.fits	https://pds-geosciences.wustl.edu/m2020/urn-nasa-pds-mars2020_supercam/data_raw_audio/sol_00729/LS__0729_0731659954_796EA0__0360000SCAM02729_006_LUJ03.fits	604800	effa4b993600ca6359995c397730d509	729	731659954	253440	0085322501ab50ba5e98e4008a35faa884e2b9844ad190ffbeadac225c78783d	9b89933fea5f52f63c3b01338668a8b044f4f37f18fde68f1aa8f555cf6e7ed4	2	100000	731659952.35052	2023-068T19:02:32.70018933	155
160	ls__0733_0732013189_086ea0__0363294scam02733_001_luj02	LS__0733_0732013189_086EA0__0363294SCAM02733_001_LUJ02.fits	https://pds-geosciences.wustl.edu/m2020/urn-nasa-pds-mars2020_supercam/data_raw_audio/sol_00733/LS__0733_0732013189_086EA0__0363294SCAM02733_001_LUJ02.fits	636480	0427a064f104d099521d411ab4edaf1f	733	732013189	285120	580358a675e727eff4bfa9f97f664508da68b48be20ba6f1a40f83f32720ea22	9b89933fea5f52f63c3b01338668a8b044f4f37f18fde68f1aa8f555cf6e7ed4	2	100000	732013186.66216	2023-072T21:09:49.79636566	155
161	ls__0737_0732364225_167ea0__0370000scam01737_006_luj02	LS__0737_0732364225_167EA0__0370000SCAM01737_006_LUJ02.fits	https://pds-geosciences.wustl.edu/m2020/urn-nasa-pds-mars2020_supercam/data_raw_audio/sol_00737/LS__0737_0732364225_167EA0__0370000SCAM01737_006_LUJ02.fits	604800	e990d257d9fe4e18af22a589f270785b	737	732364225	253440	c8f40bec4e2181c6b41469e0faa64d22d55bcea092923f227030a25f98f297e4	9b89933fea5f52f63c3b01338668a8b044f4f37f18fde68f1aa8f555cf6e7ed4	2	100000	732364222.77307	2023-076T22:40:28.674499466	155
162	ls__0741_0732716997_368ea0__0370000scam01741_001_luj02	LS__0741_0732716997_368EA0__0370000SCAM01741_001_LUJ02.fits	https://pds-geosciences.wustl.edu/m2020/urn-nasa-pds-mars2020_supercam/data_raw_audio/sol_00741/LS__0741_0732716997_368EA0__0370000SCAM01741_001_LUJ02.fits	636480	d8232e9f883fbd61510f2db893f44e49	741	732716997	285120	5a96d75b13b94fa524c655ce247b27c89bf5629cb1800c71fa0b0f33fa474527	9b89933fea5f52f63c3b01338668a8b044f4f37f18fde68f1aa8f555cf6e7ed4	2	100000	732716994.9603	2023-081T00:40:03.64262795	155
163	ls__0741_0732717185_416ea0__0370000scam01741_002_luj02	LS__0741_0732717185_416EA0__0370000SCAM01741_002_LUJ02.fits	https://pds-geosciences.wustl.edu/m2020/urn-nasa-pds-mars2020_supercam/data_raw_audio/sol_00741/LS__0741_0732717185_416EA0__0370000SCAM01741_002_LUJ02.fits	604800	d004af9c6a3cd39067e319487493bae2	741	732717185	253440	cac63cf19916b99304a4b35a6ffb2803f885fab55b8d954d461b29d7ad0d41ac	9b89933fea5f52f63c3b01338668a8b044f4f37f18fde68f1aa8f555cf6e7ed4	2	100000	732717182.96025	2023-081T00:43:11.644064186	155
164	ls__0754_0733873409_990ea0__0371798scam02754_001_luj02	LS__0754_0733873409_990EA0__0371798SCAM02754_001_LUJ02.fits	https://pds-geosciences.wustl.edu/m2020/urn-nasa-pds-mars2020_supercam/data_raw_audio/sol_00754/LS__0754_0733873409_990EA0__0371798SCAM02754_001_LUJ02.fits	636480	d3042641238c6093d47975f1f41dd5e0	754	733873409	285120	88e808fe446eed772d78c6f6b1a6337ef64f4fe35a8dee1e57cd426ab8cbbb4c	9b89933fea5f52f63c3b01338668a8b044f4f37f18fde68f1aa8f555cf6e7ed4	2	100000	733873407.57042	2023-094T09:53:45.368751236	155
165	ls__0754_0733873882_976ea0__0371798scam02754_003_luj02	LS__0754_0733873882_976EA0__0371798SCAM02754_003_LUJ02.fits	https://pds-geosciences.wustl.edu/m2020/urn-nasa-pds-mars2020_supercam/data_raw_audio/sol_00754/LS__0754_0733873882_976EA0__0371798SCAM02754_003_LUJ02.fits	604800	13931bf121372866982be502ca6acee7	754	733873882	253440	69548aa52abcd264db0bdc23b29ddba10bddd4c3aad51f0dcc01a1cb44cc8675	9b89933fea5f52f63c3b01338668a8b044f4f37f18fde68f1aa8f555cf6e7ed4	2	100000	733873880.57043	2023-094T10:01:38.372495155	155
166	ls__0755_0733975922_477ea0__0372562scam02755_008_luj02	LS__0755_0733975922_477EA0__0372562SCAM02755_008_LUJ02.fits	https://pds-geosciences.wustl.edu/m2020/urn-nasa-pds-mars2020_supercam/data_raw_audio/sol_00755/LS__0755_0733975922_477EA0__0372562SCAM02755_008_LUJ02.fits	604800	125075a44361e29dd57358efb4cce4a2	755	733975922	253440	fdc6ae2f8e20576d37954119bb40d6df512ae52d0a6e6d25dcb23d99eeee164c	9b89933fea5f52f63c3b01338668a8b044f4f37f18fde68f1aa8f555cf6e7ed4	2	100000	733975920.03745	2023-095T14:22:18.643882774	155
167	ls__0756_0734052776_744ea0__0372562scam02756_004_luj03	LS__0756_0734052776_744EA0__0372562SCAM02756_004_LUJ03.fits	https://pds-geosciences.wustl.edu/m2020/urn-nasa-pds-mars2020_supercam/data_raw_audio/sol_00756/LS__0756_0734052776_744EA0__0372562SCAM02756_004_LUJ03.fits	627840	ef9b92a56ac67f711dd6262a3d8d6ea0	756	734052776	276480	0d0ce07c89b7d935dfe800123a2ebafc1b3fd800a4cba0cf9366255535ba3d72	9b89933fea5f52f63c3b01338668a8b044f4f37f18fde68f1aa8f555cf6e7ed4	2	100000	734052774.36604	2023-096T11:43:13.57832347	155
168	ls__0756_0734064553_357ea0__0372562scam06756_001_luj03	LS__0756_0734064553_357EA0__0372562SCAM06756_001_LUJ03.fits	https://pds-geosciences.wustl.edu/m2020/urn-nasa-pds-mars2020_supercam/data_raw_audio/sol_00756/LS__0756_0734064553_357EA0__0372562SCAM06756_001_LUJ03.fits	636480	eb77410f52ab9563f0026e90530a9e80	756	734064553	285120	531fc2f94c2c0cb66233c0c64f6e3096168e98ce78380c23c17cf2f79cc02e64	9b89933fea5f52f63c3b01338668a8b044f4f37f18fde68f1aa8f555cf6e7ed4	2	100000	734064550.9603	2023-096T14:59:30.2654119	140
169	ls__0757_0734138274_654ea0__0372562scam01757_004_luj03	LS__0757_0734138274_654EA0__0372562SCAM01757_004_LUJ03.fits	https://pds-geosciences.wustl.edu/m2020/urn-nasa-pds-mars2020_supercam/data_raw_audio/sol_00757/LS__0757_0734138274_654EA0__0372562SCAM01757_004_LUJ03.fits	604800	872e7b4161d04bcee1f4db5395f1a089	757	734138274	253440	d99741e51f839a11d62af0115fa732142fd2a321c6b7705f750ecece1f86ef4f	9b89933fea5f52f63c3b01338668a8b044f4f37f18fde68f1aa8f555cf6e7ed4	2	100000	734138272.22684	2023-097T11:28:12.11309717	155
170	ls__0758_0734230564_474ea0__0372562scam02758_001_luj02	LS__0758_0734230564_474EA0__0372562SCAM02758_001_LUJ02.fits	https://pds-geosciences.wustl.edu/m2020/urn-nasa-pds-mars2020_supercam/data_raw_audio/sol_00758/LS__0758_0734230564_474EA0__0372562SCAM02758_001_LUJ02.fits	636480	3deac2652bc377cbd8d362454172514d	758	734230564	285120	3bc4a6359009f24d92f442e52be0b23c7007bf17be47b0a22520969911520816	9b89933fea5f52f63c3b01338668a8b044f4f37f18fde68f1aa8f555cf6e7ed4	2	100000	734230561.94542	2023-098T13:06:22.55919918	155
171	ls__0758_0734231602_369ea0__0372562scam02758_005_luj02	LS__0758_0734231602_369EA0__0372562SCAM02758_005_LUJ02.fits	https://pds-geosciences.wustl.edu/m2020/urn-nasa-pds-mars2020_supercam/data_raw_audio/sol_00758/LS__0758_0734231602_369EA0__0372562SCAM02758_005_LUJ02.fits	627840	1bada1cbb02891ed41ebff81635128a7	758	734231602	276480	ac8981d4f2fc2fef6a6c355699f1ba712b5f088a150623cab12a0475100cd650	9b89933fea5f52f63c3b01338668a8b044f4f37f18fde68f1aa8f555cf6e7ed4	2	100000	734231599.94539	2023-098T13:23:40.56735122	155
172	ls__0760_0734410663_779ea0__0373758scam05760_010_luj04	LS__0760_0734410663_779EA0__0373758SCAM05760_010_LUJ04.fits	https://pds-geosciences.wustl.edu/m2020/urn-nasa-pds-mars2020_supercam/data_raw_audio/sol_00760/LS__0760_0734410663_779EA0__0373758SCAM05760_010_LUJ04.fits	708480	2173a2db20dc005dd3f177f515982f72	760	734410663	357120	a786a2a0b5173efa6aad3e495a8290822bfd14f40b85c6b9e009e9e69753594c	9b89933fea5f52f63c3b01338668a8b044f4f37f18fde68f1aa8f555cf6e7ed4	2	100000	734410661.33411	2023-100T15:08:03.367609795	155
173	ls__0761_0734497271_709ea0__0373758scam02761_005_luj02	LS__0761_0734497271_709EA0__0373758SCAM02761_005_LUJ02.fits	https://pds-geosciences.wustl.edu/m2020/urn-nasa-pds-mars2020_supercam/data_raw_audio/sol_00761/LS__0761_0734497271_709EA0__0373758SCAM02761_005_LUJ02.fits	627840	282eb681e5b699aae89f28997ab302f3	761	734497271	276480	80a877ab25b89efc1ce1e7e5ab11a0bd2739a617560013a8f48ce34fc07b335a	9b89933fea5f52f63c3b01338668a8b044f4f37f18fde68f1aa8f555cf6e7ed4	2	100000	734497269.2713	2023-101T15:11:31.98753498	155
174	ls__0767_0735026355_616ea0__0382208scam02767_001_luj03	LS__0767_0735026355_616EA0__0382208SCAM02767_001_LUJ03.fits	https://pds-geosciences.wustl.edu/m2020/urn-nasa-pds-mars2020_supercam/data_raw_audio/sol_00767/LS__0767_0735026355_616EA0__0382208SCAM02767_001_LUJ03.fits	636480	f728562071afc97a9cfde71b6bef84a9	767	735026355	285120	5fbc99da7d00866ad21f2226ab56a5c37df97f35ddffa847e32ddd003b4736b8	9b89933fea5f52f63c3b01338668a8b044f4f37f18fde68f1aa8f555cf6e7ed4	2	100000	735026353.2413599	2023-107T18:09:40.12836618	155
175	ls__0769_0735206387_036ea0__0390000scam02769_006_luj03	LS__0769_0735206387_036EA0__0390000SCAM02769_006_LUJ03.fits	https://pds-geosciences.wustl.edu/m2020/urn-nasa-pds-mars2020_supercam/data_raw_audio/sol_00769/LS__0769_0735206387_036EA0__0390000SCAM02769_006_LUJ03.fits	604800	4ae81c7418afa72fe37059761f1ccce5	769	735206387	253440	b050d52069623038540761c1149d5d6e048607272d00c2c6143673303ad990c6	9b89933fea5f52f63c3b01338668a8b044f4f37f18fde68f1aa8f555cf6e7ed4	2	100000	735206384.61606	2023-109T20:10:12.92224833	155
176	ls__0773_0735560225_804ea0__0390650scam02773_001_luj02	LS__0773_0735560225_804EA0__0390650SCAM02773_001_LUJ02.fits	https://pds-geosciences.wustl.edu/m2020/urn-nasa-pds-mars2020_supercam/data_raw_audio/sol_00773/LS__0773_0735560225_804EA0__0390650SCAM02773_001_LUJ02.fits	636480	015dfd4cce5c3d05505335a7f218cdd9	773	735560225	285120	45096438349c7f0ae7f7f132f248c83418ffdb4b5df1c400707d5203653dcdf3	9b89933fea5f52f63c3b01338668a8b044f4f37f18fde68f1aa8f555cf6e7ed4	2	100000	735560223.27188	2023-113T22:27:34.36738121	155
177	ls__0777_0735912628_587ea0__0390690scam01777_001_luj02	LS__0777_0735912628_587EA0__0390690SCAM01777_001_LUJ02.fits	https://pds-geosciences.wustl.edu/m2020/urn-nasa-pds-mars2020_supercam/data_raw_audio/sol_00777/LS__0777_0735912628_587EA0__0390690SCAM01777_001_LUJ02.fits	636480	8d4773db70fe714778c4171be990f881	777	735912628	285120	9d178aeb59790b965fa54100a5aad05f809cf14e269225724f2c7b0382f583fb	9b89933fea5f52f63c3b01338668a8b044f4f37f18fde68f1aa8f555cf6e7ed4	2	100000	735912626.16222	2023-118T00:21:00.03570827	155
178	ls__0777_0735913263_585ea0__0390690scam01777_004_luj02	LS__0777_0735913263_585EA0__0390690SCAM01777_004_LUJ02.fits	https://pds-geosciences.wustl.edu/m2020/urn-nasa-pds-mars2020_supercam/data_raw_audio/sol_00777/LS__0777_0735913263_585EA0__0390690SCAM01777_004_LUJ02.fits	604800	c6af152ec290c61f024e05b2939ba66c	777	735913263	253440	8124059cc0499912b10d03575204125663541e8e050954b69326739b9570d72a	9b89933fea5f52f63c3b01338668a8b044f4f37f18fde68f1aa8f555cf6e7ed4	2	100000	735913261.18057	2023-118T00:31:35.05907045	155
179	ls__0786_0736709829_994ea0__0390926scam01786_001_luj01	LS__0786_0736709829_994EA0__0390926SCAM01786_001_LUJ01.fits	https://pds-geosciences.wustl.edu/m2020/urn-nasa-pds-mars2020_supercam/data_raw_audio/sol_00786/LS__0786_0736709829_994EA0__0390926SCAM01786_001_LUJ01.fits	636480	9335d69c62dcdbdfc394e4ff9bbc601a	786	736709829	285120	bea20e7873957a7ffab1b2819ee2249e62eae4ee62f4c9fe9f78bd41b098907f	9b89933fea5f52f63c3b01338668a8b044f4f37f18fde68f1aa8f555cf6e7ed4	2	100000	736709827.60051	2023-127T05:47:47.75834067	155
180	ls__0786_0736710992_039ea0__0390926scam01786_006_luj01	LS__0786_0736710992_039EA0__0390926SCAM01786_006_LUJ01.fits	https://pds-geosciences.wustl.edu/m2020/urn-nasa-pds-mars2020_supercam/data_raw_audio/sol_00786/LS__0786_0736710992_039EA0__0390926SCAM01786_006_LUJ01.fits	604800	dc7e62a2916a2597c956d4b4eef9a4df	786	736710992	253440	788b9f860cd6b2d4bb5be481c58c3411beb60f575dc250620e276760afe5dc81	9b89933fea5f52f63c3b01338668a8b044f4f37f18fde68f1aa8f555cf6e7ed4	2	100000	736710989.58459	2023-127T06:07:09.75158568	155
181	ls__0789_0736980151_725ea0__0390926scam01789_010_luj01	LS__0789_0736980151_725EA0__0390926SCAM01789_010_LUJ01.fits	https://pds-geosciences.wustl.edu/m2020/urn-nasa-pds-mars2020_supercam/data_raw_audio/sol_00789/LS__0789_0736980151_725EA0__0390926SCAM01789_010_LUJ01.fits	708480	8c84a85f9b1d794db8c9aedc54f16205	789	736980151	357120	948d4ad6061d9b16d3966549045c2bfdbddfd85a2212ff245321c274a5bb60f7	9b89933fea5f52f63c3b01338668a8b044f4f37f18fde68f1aa8f555cf6e7ed4	2	100000	736980149.3057899	2023-130T08:53:11.59456317	155
182	ls__0792_0737245034_866ea0__0390926scam01792_006_luj01	LS__0792_0737245034_866EA0__0390926SCAM01792_006_LUJ01.fits	https://pds-geosciences.wustl.edu/m2020/urn-nasa-pds-mars2020_supercam/data_raw_audio/sol_00792/LS__0792_0737245034_866EA0__0390926SCAM01792_006_LUJ01.fits	604800	79c382555a9ecf064d5f62db71a4568b	792	737245034	253440	558431f9c76d36e80486add09a34671d3a4bd1d8cebe5fa551d7687c9e7ee5ed	9b89933fea5f52f63c3b01338668a8b044f4f37f18fde68f1aa8f555cf6e7ed4	2	100000	737245032.45906	2023-133T10:27:56.83591159	155
183	ls__0797_0737688938_591ea0__0391112scam01797_001_luj02	LS__0797_0737688938_591EA0__0391112SCAM01797_001_LUJ02.fits	https://pds-geosciences.wustl.edu/m2020/urn-nasa-pds-mars2020_supercam/data_raw_audio/sol_00797/LS__0797_0737688938_591EA0__0391112SCAM01797_001_LUJ02.fits	636480	8e337b35192e8bef1878eb028877bd93	797	737688938	285120	8074e9e11a6fc2772900b08ce301a2ad8241327d7b3c01d2ff1e5eb3aab59e00	9b89933fea5f52f63c3b01338668a8b044f4f37f18fde68f1aa8f555cf6e7ed4	2	100000	737688936.1799901	2023-138T13:46:24.05613663	155
184	ls__0800_0737955795_772ea0__0391170scam01800_001_luj01	LS__0800_0737955795_772EA0__0391170SCAM01800_001_LUJ01.fits	https://pds-geosciences.wustl.edu/m2020/urn-nasa-pds-mars2020_supercam/data_raw_audio/sol_00800/LS__0800_0737955795_772EA0__0391170SCAM01800_001_LUJ01.fits	636480	4240d9bdb0df4bb717b9beb5fe86dda8	800	737955795	285120	f3195a500818241af4183348535c963b4b020a2adec380287b1b299e34a9ce20	9b89933fea5f52f63c3b01338668a8b044f4f37f18fde68f1aa8f555cf6e7ed4	2	100000	737955793.40395	2023-141T15:54:03.38372537	155
185	ls__0801_0738045227_747ea0__0391170scam01801_002_luj01	LS__0801_0738045227_747EA0__0391170SCAM01801_002_LUJ01.fits	https://pds-geosciences.wustl.edu/m2020/urn-nasa-pds-mars2020_supercam/data_raw_audio/sol_00801/LS__0801_0738045227_747EA0__0391170SCAM01801_002_LUJ01.fits	604800	39205678144d73cb3858af68af33d494	801	738045227	253440	4d2493eaa9985ef9db86812a8d324ffa13cb74c3eea4e7ac057c28fb728844c6	9b89933fea5f52f63c3b01338668a8b044f4f37f18fde68f1aa8f555cf6e7ed4	2	100000	738045225.36604	2023-142T16:44:36.0508147	155
186	ls__0811_0738931965_216ea0__0391170scam01811_001_luj01	LS__0811_0738931965_216EA0__0391170SCAM01811_001_LUJ01.fits	https://pds-geosciences.wustl.edu/m2020/urn-nasa-pds-mars2020_supercam/data_raw_audio/sol_00811/LS__0811_0738931965_216EA0__0391170SCAM01811_001_LUJ01.fits	636480	922692d3be229fd8309610c78fd4bb8f	811	738931965	285120	dbac3dcc6416d2257500e1bf1dfa9ba2a3aa09b1c35ea5fbfb2c429419760c23	9b89933fea5f52f63c3b01338668a8b044f4f37f18fde68f1aa8f555cf6e7ed4	2	100000	738931962.80556	2023-152T23:03:40.4804801	155
187	ls__0812_0739019607_718ea0__0391170scam01812_003_luj01	LS__0812_0739019607_718EA0__0391170SCAM01812_003_LUJ01.fits	https://pds-geosciences.wustl.edu/m2020/urn-nasa-pds-mars2020_supercam/data_raw_audio/sol_00812/LS__0812_0739019607_718EA0__0391170SCAM01812_003_LUJ01.fits	604800	928681438845e5d7176c63a5159fc44e	812	739019607	253440	a435a56cb8c3bb696543c5e31b988f6d4a44952572f6c103c0f1254624871c87	9b89933fea5f52f63c3b01338668a8b044f4f37f18fde68f1aa8f555cf6e7ed4	2	100000	739019605.30505	2023-153T23:24:23.67086238	155
188	ls__0817_0739477264_694ea0__0391418scam03817_009_luj01	LS__0817_0739477264_694EA0__0391418SCAM03817_009_LUJ01.fits	https://pds-geosciences.wustl.edu/m2020/urn-nasa-pds-mars2020_supercam/data_raw_audio/sol_00817/LS__0817_0739477264_694EA0__0391418SCAM03817_009_LUJ01.fits	604800	fd1226cf46ebbe22122da1a22ad54460	817	739477264	253440	aaf9ee724bb88ada1bb37c3dd9d23becd5b13ab0961b07c2590dfee22dfd1b3a	9b89933fea5f52f63c3b01338668a8b044f4f37f18fde68f1aa8f555cf6e7ed4	2	100000	739477262.24983	2023-159T06:32:04.22335052	155
189	ls__0821_0739818628_776ea0__0400000scam02821_001_luj01	LS__0821_0739818628_776EA0__0400000SCAM02821_001_LUJ01.fits	https://pds-geosciences.wustl.edu/m2020/urn-nasa-pds-mars2020_supercam/data_raw_audio/sol_00821/LS__0821_0739818628_776EA0__0400000SCAM02821_001_LUJ01.fits	636480	8af67d6ca6ed4f9af36fd080019a7e0a	821	739818628	285120	b9d9b6971e9a530c57dfb064b297d82c960901bb8a55e239d3bce69e82a38bfa	9b89933fea5f52f63c3b01338668a8b044f4f37f18fde68f1aa8f555cf6e7ed4	2	100000	739818626.36606	2023-163T05:21:31.03055005	155
190	ls__0821_0739819568_775ea0__0400000scam02821_005_luj02	LS__0821_0739819568_775EA0__0400000SCAM02821_005_LUJ02.fits	https://pds-geosciences.wustl.edu/m2020/urn-nasa-pds-mars2020_supercam/data_raw_audio/sol_00821/LS__0821_0739819568_775EA0__0400000SCAM02821_005_LUJ02.fits	604800	6277f103ba715d09f142e41b25f67f19	821	739819568	253440	50799f9dc6a4d0f0257b6d41bf449a08d78c3d243fa0e507d861d09115846d6a	9b89933fea5f52f63c3b01338668a8b044f4f37f18fde68f1aa8f555cf6e7ed4	2	100000	739819566.36607	2023-163T05:37:11.03797533	155
191	ls__0824_0740085224_603ea0__0400132scam01824_001_luj01	LS__0824_0740085224_603EA0__0400132SCAM01824_001_LUJ01.fits	https://pds-geosciences.wustl.edu/m2020/urn-nasa-pds-mars2020_supercam/data_raw_audio/sol_00824/LS__0824_0740085224_603EA0__0400132SCAM01824_001_LUJ01.fits	636480	6efc027dfd3109f6b5785a18b3120977	824	740085224	285120	1507f50da5e1551ad15a7798ac1293803e5115a0c96ae0db3e42364bbc3820d7	9b89933fea5f52f63c3b01338668a8b044f4f37f18fde68f1aa8f555cf6e7ed4	2	100000	740085222.22554	2023-166T07:24:48.99160703	155
192	ls__0837_0741240978_835ea0__0400992scam04837_001_luj01	LS__0837_0741240978_835EA0__0400992SCAM04837_001_LUJ01.fits	https://pds-geosciences.wustl.edu/m2020/urn-nasa-pds-mars2020_supercam/data_raw_audio/sol_00837/LS__0837_0741240978_835EA0__0400992SCAM04837_001_LUJ01.fits	636480	e50f443394f46009d2c0434880b4c01c	837	741240978	285120	f0c74fee18d106553fe66cec860631c4931f69fb83d06ea396270a65633e6399	9b89933fea5f52f63c3b01338668a8b044f4f37f18fde68f1aa8f555cf6e7ed4	2	100000	741240976.44539	2023-179T16:27:32.32226616	155
193	ls__0837_0741244389_071ea0__0400992scam05837_001_luj01	LS__0837_0741244389_071EA0__0400992SCAM05837_001_LUJ01.fits	https://pds-geosciences.wustl.edu/m2020/urn-nasa-pds-mars2020_supercam/data_raw_audio/sol_00837/LS__0837_0741244389_071EA0__0400992SCAM05837_001_LUJ01.fits	636480	5521eacd990875666c81eef4604398b9	837	741244389	285120	9037feef00f46d14f347b46db438b3ab8183ad63ba53a50b644e597210a5c407	9b89933fea5f52f63c3b01338668a8b044f4f37f18fde68f1aa8f555cf6e7ed4	2	100000	741244386.69556	2023-179T17:24:22.59931702	155
194	ls__0838_0741330034_963ea0__0400992scam01838_006_luj01	LS__0838_0741330034_963EA0__0400992SCAM01838_006_LUJ01.fits	https://pds-geosciences.wustl.edu/m2020/urn-nasa-pds-mars2020_supercam/data_raw_audio/sol_00838/LS__0838_0741330034_963EA0__0400992SCAM01838_006_LUJ01.fits	604800	a4d737cc4320f78bbbcf6e09fd300459	838	741330034	253440	b54002a7943d4c23d17d11665ed5e67b61badcc1e67b5c5e2eeb1b48c018d28b	9b89933fea5f52f63c3b01338668a8b044f4f37f18fde68f1aa8f555cf6e7ed4	2	100000	741330032.55573	2023-180T17:11:49.13463177	155
195	ls__0842_0741683754_458ea0__0401608scam01842_001_luj01	LS__0842_0741683754_458EA0__0401608SCAM01842_001_LUJ01.fits	https://pds-geosciences.wustl.edu/m2020/urn-nasa-pds-mars2020_supercam/data_raw_audio/sol_00842/LS__0842_0741683754_458EA0__0401608SCAM01842_001_LUJ01.fits	636480	353212b4c39825af0c09a75659104cd9	842	741683754	285120	c2ed414bb4e8f4cc254b1d8e8b2d70450fa60593ecc471e2344ea2fd282dbf71	9b89933fea5f52f63c3b01338668a8b044f4f37f18fde68f1aa8f555cf6e7ed4	2	100000	741683752.0255001	2023-184T19:27:11.3927747	155
196	ls__0842_0741688466_997ea0__0401608scam02842_006_luj01	LS__0842_0741688466_997EA0__0401608SCAM02842_006_LUJ01.fits	https://pds-geosciences.wustl.edu/m2020/urn-nasa-pds-mars2020_supercam/data_raw_audio/sol_00842/LS__0842_0741688466_997EA0__0401608SCAM02842_006_LUJ01.fits	604800	f7bd82266cb49ebe32e51c014c1cfe2b	842	741688466	253440	3b089431b7d4e7d80ec306749e896a1c0e0ab7aad790edcb12078f0f47928917	9b89933fea5f52f63c3b01338668a8b044f4f37f18fde68f1aa8f555cf6e7ed4	2	100000	741688464.49078	2023-184T20:45:43.89520932	155
197	ls__0846_0742037153_854ea0__0410000scam01846_001_luj01	LS__0846_0742037153_854EA0__0410000SCAM01846_001_LUJ01.fits	https://pds-geosciences.wustl.edu/m2020/urn-nasa-pds-mars2020_supercam/data_raw_audio/sol_00846/LS__0846_0742037153_854EA0__0410000SCAM01846_001_LUJ01.fits	636480	c191679d2d99437ece7a741d91450da2	846	742037153	285120	44b81491fb414188035006b4c561a450417baf779d4a9db422cf552d8402a03a	9b89933fea5f52f63c3b01338668a8b044f4f37f18fde68f1aa8f555cf6e7ed4	2	100000	742037151.44539	2023-188T21:37:13.59851369	155
198	ls__0846_0742038420_865ea0__0410000scam01846_007_luj01	LS__0846_0742038420_865EA0__0410000SCAM01846_007_LUJ01.fits	https://pds-geosciences.wustl.edu/m2020/urn-nasa-pds-mars2020_supercam/data_raw_audio/sol_00846/LS__0846_0742038420_865EA0__0410000SCAM01846_007_LUJ01.fits	604800	c7630776b4c4291cf8fc9f5703a02f32	846	742038420	253440	92aed7307b59ea4db382dfa85edb64344edc879205a8b7d3e7e9c8178b59629f	9b89933fea5f52f63c3b01338668a8b044f4f37f18fde68f1aa8f555cf6e7ed4	2	100000	742038418.4767801	2023-188T21:58:20.63988902	155
199	ls__0847_0742127396_167ea0__0410000scam01847_002_luj01	LS__0847_0742127396_167EA0__0410000SCAM01847_002_LUJ01.fits	https://pds-geosciences.wustl.edu/m2020/urn-nasa-pds-mars2020_supercam/data_raw_audio/sol_00847/LS__0847_0742127396_167EA0__0410000SCAM01847_002_LUJ01.fits	604800	204c125baeebcee612982ec25fa0430f	847	742127396	253440	8b936efb3d4e2dca26d7c2f003ef7c73087bc0a0279461da8b150c467d179664	9b89933fea5f52f63c3b01338668a8b044f4f37f18fde68f1aa8f555cf6e7ed4	2	100000	742127393.78719	2023-189T22:41:16.65169093	155
200	ls__0847_0742131640_448ea0__0410000scam02847_008_luj01	LS__0847_0742131640_448EA0__0410000SCAM02847_008_LUJ01.fits	https://pds-geosciences.wustl.edu/m2020/urn-nasa-pds-mars2020_supercam/data_raw_audio/sol_00847/LS__0847_0742131640_448EA0__0410000SCAM02847_008_LUJ01.fits	604800	88b5827dd4f4ce07d4089e37a12e0ae1	847	742131640	253440	5e30498cffbb7a64d10b157da54a5d19bd40295327faea4461d6e7f2677dea9a	9b89933fea5f52f63c3b01338668a8b044f4f37f18fde68f1aa8f555cf6e7ed4	2	100000	742131638.056	2023-189T23:52:00.9539626	155
201	ls__0855_0742847577_712ea0__0410562scam06855_001_luj01	LS__0855_0742847577_712EA0__0410562SCAM06855_001_LUJ01.fits	https://pds-geosciences.wustl.edu/m2020/urn-nasa-pds-mars2020_supercam/data_raw_audio/sol_00855/LS__0855_0742847577_712EA0__0410562SCAM06855_001_LUJ01.fits	636480	b7ebe47b59c4aee0fef77fe99482f89c	855	742847577	285120	d4d950cb168ac3c44a194c9371386fc3405458fab1ba4bb80de5756effac606d	9b89933fea5f52f63c3b01338668a8b044f4f37f18fde68f1aa8f555cf6e7ed4	2	100000	742847575.30563	2023-198T06:44:23.84732973	155
202	ls__0855_0742848036_684ea0__0410562scam06855_003_luj01	LS__0855_0742848036_684EA0__0410562SCAM06855_003_LUJ01.fits	https://pds-geosciences.wustl.edu/m2020/urn-nasa-pds-mars2020_supercam/data_raw_audio/sol_00855/LS__0855_0742848036_684EA0__0410562SCAM06855_003_LUJ01.fits	604800	0f8852f2bd576a3c2429661120fbb67b	855	742848036	253440	149455d6bfc64923750b7b69a1f9a38866bd64e4c93671226c327ab259b9b515	9b89933fea5f52f63c3b01338668a8b044f4f37f18fde68f1aa8f555cf6e7ed4	2	100000	742848034.30563	2023-198T06:52:02.85094803	155
203	ls__0856_0742943609_120ea0__0420000scam07856_004_luj01	LS__0856_0742943609_120EA0__0420000SCAM07856_004_LUJ01.fits	https://pds-geosciences.wustl.edu/m2020/urn-nasa-pds-mars2020_supercam/data_raw_audio/sol_00856/LS__0856_0742943609_120EA0__0420000SCAM07856_004_LUJ01.fits	604800	21e59446367a2148d61d2427ea6bca5a	856	742943609	253440	184c2d061a345fbd3438a20e4849f92d694e82a7823f00cc7be1e0560d264a58	9b89933fea5f52f63c3b01338668a8b044f4f37f18fde68f1aa8f555cf6e7ed4	2	100000	742943606.71016	2023-199T09:24:56.00887105	155
204	ls__0868_0744010741_092ea0__0421460scam02868_001_luj02	LS__0868_0744010741_092EA0__0421460SCAM02868_001_LUJ02.fits	https://pds-geosciences.wustl.edu/m2020/urn-nasa-pds-mars2020_supercam/data_raw_audio/sol_00868/LS__0868_0744010741_092EA0__0421460SCAM02868_001_LUJ02.fits	636480	e609b030816db8a4932943714f4932b9	868	744010741	285120	30ff1c28efba47556f3a205aff4e6560382a01447cccc98f2c6a056661a375c9	9b89933fea5f52f63c3b01338668a8b044f4f37f18fde68f1aa8f555cf6e7ed4	2	100000	744010738.6622	2023-211T17:50:36.37311385	155
205	ls__0870_0744168925_842ea0__0421460scam01870_002_luj01	LS__0870_0744168925_842EA0__0421460SCAM01870_002_LUJ01.fits	https://pds-geosciences.wustl.edu/m2020/urn-nasa-pds-mars2020_supercam/data_raw_audio/sol_00870/LS__0870_0744168925_842EA0__0421460SCAM01870_002_LUJ01.fits	604800	53be1be80743c9161b1c6dc5d9153b1e	870	744168925	253440	c81e1da07afce5d50d35481d812a1b3c0ec65654a354e3fc9485f0de7831b6af	9b89933fea5f52f63c3b01338668a8b044f4f37f18fde68f1aa8f555cf6e7ed4	2	100000	744168923.20898	2023-213T13:47:02.16686609	155
206	ls__0871_0744259009_710ea0__0422266scam01871_008_luj01	LS__0871_0744259009_710EA0__0422266SCAM01871_008_LUJ01.fits	https://pds-geosciences.wustl.edu/m2020/urn-nasa-pds-mars2020_supercam/data_raw_audio/sol_00871/LS__0871_0744259009_710EA0__0422266SCAM01871_008_LUJ01.fits	604800	8df38bb00910e21750fdc8debee51ee2	871	744259009	253440	db480596c36bb829525678add71cef53856ea6311bab409f3af9e76cc7ab2351	9b89933fea5f52f63c3b01338668a8b044f4f37f18fde68f1aa8f555cf6e7ed4	2	100000	744259007.2721699	2023-214T14:48:26.9401854	155
207	ls__0872_0744349452_180ea0__0422700scam02872_003_luj01	LS__0872_0744349452_180EA0__0422700SCAM02872_003_LUJ01.fits	https://pds-geosciences.wustl.edu/m2020/urn-nasa-pds-mars2020_supercam/data_raw_audio/sol_00872/LS__0872_0744349452_180EA0__0422700SCAM02872_003_LUJ01.fits	604800	52865146cf4551e6b303d3601d5351e5	872	744349452	253440	0160b603afbea43df9cfc496788c2eb6f93eedf03dbff7aaafdc2c30c9ce8875	9b89933fea5f52f63c3b01338668a8b044f4f37f18fde68f1aa8f555cf6e7ed4	2	100000	744349449.77191	2023-215T15:55:50.15288423	155
208	ls__0873_0744437246_856ea0__0430000scam02873_008_luj01	LS__0873_0744437246_856EA0__0430000SCAM02873_008_LUJ01.fits	https://pds-geosciences.wustl.edu/m2020/urn-nasa-pds-mars2020_supercam/data_raw_audio/sol_00873/LS__0873_0744437246_856EA0__0430000SCAM02873_008_LUJ01.fits	604800	b853a6338fce7abbd59135f0e6bf8dc9	873	744437246	253440	fee58c2eaa925482124923c6643e7b784e19ecad7d6baebe9964cc59b7e40874	9b89933fea5f52f63c3b01338668a8b044f4f37f18fde68f1aa8f555cf6e7ed4	2	100000	744437244.43056	2023-216T16:19:05.50361516	155
209	ls__0878_0744879302_671ea0__0430000scam01878_001_luj01	LS__0878_0744879302_671EA0__0430000SCAM01878_001_LUJ01.fits	https://pds-geosciences.wustl.edu/m2020/urn-nasa-pds-mars2020_supercam/data_raw_audio/sol_00878/LS__0878_0744879302_671EA0__0430000SCAM01878_001_LUJ01.fits	636480	dfb601dc200dbb5e9c6793450112cfb7	878	744879302	285120	8e8b63d3dd74349b988c57d5008e62e0ccd8f726002525e183b8a83220f8742a	9b89933fea5f52f63c3b01338668a8b044f4f37f18fde68f1aa8f555cf6e7ed4	2	100000	744879300.28734	2023-221T19:06:44.84512247	155
210	ls__0881_0745145795_574ea0__0430000scam01881_001_luj01	LS__0881_0745145795_574EA0__0430000SCAM01881_001_LUJ01.fits	https://pds-geosciences.wustl.edu/m2020/urn-nasa-pds-mars2020_supercam/data_raw_audio/sol_00881/LS__0881_0745145795_574EA0__0430000SCAM01881_001_LUJ01.fits	636480	83998b4e97644c4bedc5e3de9889b16c	881	745145795	285120	050aa49c032953691ab9fdd4e65632512c8f3fea08b607e18b1db7ca7209ba28	9b89933fea5f52f63c3b01338668a8b044f4f37f18fde68f1aa8f555cf6e7ed4	2	100000	745145793.16164	2023-224T21:08:19.8201839	155
211	ls__0886_0745610048_933ea0__0440000scam06886_001_luj01	LS__0886_0745610048_933EA0__0440000SCAM06886_001_LUJ01.fits	https://pds-geosciences.wustl.edu/m2020/urn-nasa-pds-mars2020_supercam/data_raw_audio/sol_00886/LS__0886_0745610048_933EA0__0440000SCAM06886_001_LUJ01.fits	636480	6dc6b1073bb4e10113885b329682c5d6	886	745610048	285120	7cabd3904fd874f47899e4d383cd5edb6db8635bdae7b45a6b2f73bae0f4b6c2	9b89933fea5f52f63c3b01338668a8b044f4f37f18fde68f1aa8f555cf6e7ed4	2	100000	745610046.53755	2023-230T06:05:56.85580879	155
212	ls__0889_0745859414_195ea0__0440000scam02889_001_luj01	LS__0889_0745859414_195EA0__0440000SCAM02889_001_LUJ01.fits	https://pds-geosciences.wustl.edu/m2020/urn-nasa-pds-mars2020_supercam/data_raw_audio/sol_00889/LS__0889_0745859414_195EA0__0440000SCAM02889_001_LUJ01.fits	636480	5450fdab3db689141d656a3d7818fc44	889	745859414	285120	60a60842837d0745c9f077de79873a543852e127a99ae03ddd7ea3707b5fcff2	9b89933fea5f52f63c3b01338668a8b044f4f37f18fde68f1aa8f555cf6e7ed4	2	100000	745859411.74078	2023-233T03:22:04.0247865	155
213	ls__0889_0745860876_115ea0__0440000scam02889_009_luj01	LS__0889_0745860876_115EA0__0440000SCAM02889_009_LUJ01.fits	https://pds-geosciences.wustl.edu/m2020/urn-nasa-pds-mars2020_supercam/data_raw_audio/sol_00889/LS__0889_0745860876_115EA0__0440000SCAM02889_009_LUJ01.fits	604800	aeb16d1df9a0a3fc740ffa4963adaaa4	889	745860876	253440	03abebd8e0984ca83eeed839583f78874a151e2f423cd547b0421ab9818869b7	9b89933fea5f52f63c3b01338668a8b044f4f37f18fde68f1aa8f555cf6e7ed4	2	100000	745860873.74104	2023-233T03:46:26.03657085	155
214	ls__0895_0746390265_681ea0__0440000scam02895_001_luj01	LS__0895_0746390265_681EA0__0440000SCAM02895_001_LUJ01.fits	https://pds-geosciences.wustl.edu/m2020/urn-nasa-pds-mars2020_supercam/data_raw_audio/sol_00895/LS__0895_0746390265_681EA0__0440000SCAM02895_001_LUJ01.fits	636480	d78a4551a4ed882e24a0407e083bc033	895	746390265	285120	0b2d9aca9871bc01eb031c22e2d9a4515b9b2a61f8b9b5fb495d0a5b8f8e0f5f	9b89933fea5f52f63c3b01338668a8b044f4f37f18fde68f1aa8f555cf6e7ed4	2	100000	746390263.28737	2023-239T06:49:39.75607433	155
215	ls__0895_0746390475_685ea0__0440000scam02895_002_luj01	LS__0895_0746390475_685EA0__0440000SCAM02895_002_LUJ01.fits	https://pds-geosciences.wustl.edu/m2020/urn-nasa-pds-mars2020_supercam/data_raw_audio/sol_00895/LS__0895_0746390475_685EA0__0440000SCAM02895_002_LUJ01.fits	604800	58bfae7f536680bfb5e30df718830ef5	895	746390475	253440	08118c398ea644c18f18b9bb21a1e5740d9dba68d037bc533b4e81405702774e	9b89933fea5f52f63c3b01338668a8b044f4f37f18fde68f1aa8f555cf6e7ed4	2	100000	746390473.2873501	2023-239T06:53:09.7577145	155
216	ls__0897_0746565537_411ea0__0440820scam01897_001_luj03	LS__0897_0746565537_411EA0__0440820SCAM01897_001_LUJ03.fits	https://pds-geosciences.wustl.edu/m2020/urn-nasa-pds-mars2020_supercam/data_raw_audio/sol_00897/LS__0897_0746565537_411EA0__0440820SCAM01897_001_LUJ03.fits	636480	09871e92706d38208070b145bc318af7	897	746565537	285120	ac314c8489ab8b0d8ec2a8cf442f4b1d6720388555171ca48d10f6fe9d1cd07f	9b89933fea5f52f63c3b01338668a8b044f4f37f18fde68f1aa8f555cf6e7ed4	2	100000	746565534.97554	2023-241T07:30:52.82591243	155
217	ls__0897_0746586723_728ea0__0440830scam05897_007_luj01	LS__0897_0746586723_728EA0__0440830SCAM05897_007_LUJ01.fits	https://pds-geosciences.wustl.edu/m2020/urn-nasa-pds-mars2020_supercam/data_raw_audio/sol_00897/LS__0897_0746586723_728EA0__0440830SCAM05897_007_LUJ01.fits	604800	aee61e75b37d9f562a684d5ac0836bb3	897	746586723	253440	fb107d8430de248b36f5685aa154a21ae55179fb1bef6b15ea7deb49048aa1d5	9b89933fea5f52f63c3b01338668a8b044f4f37f18fde68f1aa8f555cf6e7ed4	2	100000	746586721.35052	2023-241T13:23:59.36790936	155
218	ls__0901_0746919132_651ea0__0440898scam02901_001_luj01	LS__0901_0746919132_651EA0__0440898SCAM02901_001_LUJ01.fits	https://pds-geosciences.wustl.edu/m2020/urn-nasa-pds-mars2020_supercam/data_raw_audio/sol_00901/LS__0901_0746919132_651EA0__0440898SCAM02901_001_LUJ01.fits	636480	8193e2521368a7292bc9cdffb1a9772e	901	746919132	285120	57916d8d7a625ab389b7cc98b948875ae72f11c87233aac148816aae3072a36b	9b89933fea5f52f63c3b01338668a8b044f4f37f18fde68f1aa8f555cf6e7ed4	2	100000	746919130.24078	2023-245T09:44:10.87854742	155
219	ls__0901_0746920695_681ea0__0440898scam02901_008_luj01	LS__0901_0746920695_681EA0__0440898SCAM02901_008_LUJ01.fits	https://pds-geosciences.wustl.edu/m2020/urn-nasa-pds-mars2020_supercam/data_raw_audio/sol_00901/LS__0901_0746920695_681EA0__0440898SCAM02901_008_LUJ01.fits	604800	fa0ac542a684e7f861724c142132e379	901	746920695	253440	628feecdadfc767fe5677d6fb739c5b3d9bca727da06283f9e89247249706a4a	9b89933fea5f52f63c3b01338668a8b044f4f37f18fde68f1aa8f555cf6e7ed4	2	100000	746920693.24142	2023-245T10:10:13.89150945	155
220	ls__0906_0747363657_170ea0__0442062scam02906_001_luj01	LS__0906_0747363657_170EA0__0442062SCAM02906_001_LUJ01.fits	https://pds-geosciences.wustl.edu/m2020/urn-nasa-pds-mars2020_supercam/data_raw_audio/sol_00906/LS__0906_0747363657_170EA0__0442062SCAM02906_001_LUJ01.fits	636480	a9ca1de347eee7a4326877a05a343ae4	906	747363657	285120	6169075897b57cead8867e62bdaeef2d545c477b268948ac6ddea0ec96b57db8	9b89933fea5f52f63c3b01338668a8b044f4f37f18fde68f1aa8f555cf6e7ed4	2	100000	747363654.72615	2023-250T13:12:58.86810077	155
221	ls__0906_0747365424_151ea0__0442062scam02906_009_luj02	LS__0906_0747365424_151EA0__0442062SCAM02906_009_LUJ02.fits	https://pds-geosciences.wustl.edu/m2020/urn-nasa-pds-mars2020_supercam/data_raw_audio/sol_00906/LS__0906_0747365424_151EA0__0442062SCAM02906_009_LUJ02.fits	604800	22a17d117409cf7b2f86ecff50a6f774	906	747365424	253440	77e0ea218a5f5ebef149f79c96677bf39ab96d19597cfd95c845c7d875419334	9b89933fea5f52f63c3b01338668a8b044f4f37f18fde68f1aa8f555cf6e7ed4	2	100000	747365421.72554	2023-250T13:42:25.88141966	155
222	ls__0907_0747473615_494ea0__0442258scam08907_001_luj01	LS__0907_0747473615_494EA0__0442258SCAM08907_001_LUJ01.fits	https://pds-geosciences.wustl.edu/m2020/urn-nasa-pds-mars2020_supercam/data_raw_audio/sol_00907/LS__0907_0747473615_494EA0__0442258SCAM08907_001_LUJ01.fits	636480	9ce24cdafc0267a3030b66977e8ab732	907	747473615	285120	75aa54f9da9a287c08bb448765b23413e2bc1e267a0e2599db4ed63d9b862e6f	9b89933fea5f52f63c3b01338668a8b044f4f37f18fde68f1aa8f555cf6e7ed4	2	100000	747473613.10065	2023-251T19:45:38.1093991	140
223	ls__0907_0747474161_495ea0__0442258scam08907_009_luj01	LS__0907_0747474161_495EA0__0442258SCAM08907_009_LUJ01.fits	https://pds-geosciences.wustl.edu/m2020/urn-nasa-pds-mars2020_supercam/data_raw_audio/sol_00907/LS__0907_0747474161_495EA0__0442258SCAM08907_009_LUJ01.fits	604800	16c413609ec1b697022e7450b5266205	907	747474161	253440	fda039570b1fa2a618b417e48912fab328e6ad91478015506ca7f2b16cbf8050	9b89933fea5f52f63c3b01338668a8b044f4f37f18fde68f1aa8f555cf6e7ed4	2	100000	747474159.10063	2023-251T19:54:44.11368796	140
224	ls__0911_0747808913_476ea0__0444864scam01911_004_luj01	LS__0911_0747808913_476EA0__0444864SCAM01911_004_LUJ01.fits	https://pds-geosciences.wustl.edu/m2020/urn-nasa-pds-mars2020_supercam/data_raw_audio/sol_00911/LS__0911_0747808913_476EA0__0444864SCAM01911_004_LUJ01.fits	604800	cc5744e0ca9d258b62fea7eeef51837f	911	747808913	253440	7230af27fa28bcaf3fbcd0bd7b04acc9cdc700a2150579aced255646a93ed3ef	9b89933fea5f52f63c3b01338668a8b044f4f37f18fde68f1aa8f555cf6e7ed4	2	100000	747808911.03737	2023-255T16:53:58.68927454	155
225	ls__0912_0747903118_982ea0__0450000scam02912_010_luj02	LS__0912_0747903118_982EA0__0450000SCAM02912_010_LUJ02.fits	https://pds-geosciences.wustl.edu/m2020/urn-nasa-pds-mars2020_supercam/data_raw_audio/sol_00912/LS__0912_0747903118_982EA0__0450000SCAM02912_010_LUJ02.fits	708480	83814fa3d1ca7dde64806db0f577b29f	912	747903118	357120	2b5775683820726ff985f83c18083e8fb3c5b44a4a5ba714665ceb5276645561	9b89933fea5f52f63c3b01338668a8b044f4f37f18fde68f1aa8f555cf6e7ed4	2	100000	747903116.5702699	2023-256T19:04:04.96479471	155
226	ls__0914_0748074068_452ea0__0450000scam01914_005_luj01	LS__0914_0748074068_452EA0__0450000SCAM01914_005_LUJ01.fits	https://pds-geosciences.wustl.edu/m2020/urn-nasa-pds-mars2020_supercam/data_raw_audio/sol_00914/LS__0914_0748074068_452EA0__0450000SCAM01914_005_LUJ01.fits	627840	0c302ec337fabc2032041c67a1a94021	914	748074068	276480	5589733a91bfc10404440a88e446729ab853a0a9e3884ce3c2e35bf5c5df9ddc	9b89933fea5f52f63c3b01338668a8b044f4f37f18fde68f1aa8f555cf6e7ed4	2	100000	748074066.0372601	2023-258T18:33:15.7793846	155
227	ls__0916_0748250571_866ea0__0450000scam01916_001_luj01	LS__0916_0748250571_866EA0__0450000SCAM01916_001_LUJ01.fits	https://pds-geosciences.wustl.edu/m2020/urn-nasa-pds-mars2020_supercam/data_raw_audio/sol_00916/LS__0916_0748250571_866EA0__0450000SCAM01916_001_LUJ01.fits	636480	a219b1520a2f50d185a4d5d77db45db3	916	748250571	285120	c70a750f355300229bea426c9ed2607d6914973823548946c46dfd49720977d9	9b89933fea5f52f63c3b01338668a8b044f4f37f18fde68f1aa8f555cf6e7ed4	2	100000	748250569.44542	2023-260T19:35:00.5789183	155
228	ls__0917_0748341933_338ea0__0450000scam01917_001_luj01	LS__0917_0748341933_338EA0__0450000SCAM01917_001_LUJ01.fits	https://pds-geosciences.wustl.edu/m2020/urn-nasa-pds-mars2020_supercam/data_raw_audio/sol_00917/LS__0917_0748341933_338EA0__0450000SCAM01917_001_LUJ01.fits	636480	3a36c12c2a6598467a7208536d9fae1c	917	748341933	285120	743d30dc07c55f8b698e0333577d271f5c1f2499bdeb15e53b43f1549f66c1df	9b89933fea5f52f63c3b01338668a8b044f4f37f18fde68f1aa8f555cf6e7ed4	2	100000	748341930.93602	2023-261T20:57:42.78972151	155
229	ls__0921_0748697106_399ea0__0450000scam01921_001_luj01	LS__0921_0748697106_399EA0__0450000SCAM01921_001_LUJ01.fits	https://pds-geosciences.wustl.edu/m2020/urn-nasa-pds-mars2020_supercam/data_raw_audio/sol_00921/LS__0921_0748697106_399EA0__0450000SCAM01921_001_LUJ01.fits	636480	c45d553c6f1c875039299e4eb12338d4	921	748697106	285120	fb3342c5a072bef20a7303a9c239d9e968e6ecca5c2fdb7683444352cb6d418f	9b89933fea5f52f63c3b01338668a8b044f4f37f18fde68f1aa8f555cf6e7ed4	2	100000	748697103.94543	2023-265T23:37:18.59896503	155
230	ls__0921_0748698438_352ea0__0450000scam01921_006_luj01	LS__0921_0748698438_352EA0__0450000SCAM01921_006_LUJ01.fits	https://pds-geosciences.wustl.edu/m2020/urn-nasa-pds-mars2020_supercam/data_raw_audio/sol_00921/LS__0921_0748698438_352EA0__0450000SCAM01921_006_LUJ01.fits	604800	6dd33109fa412dc219c35b3e5205cd6f	921	748698438	253440	ec9474340b9e2d9fe64b235b406443d1e7590315da5540327e5bdfde7e01d5df	9b89933fea5f52f63c3b01338668a8b044f4f37f18fde68f1aa8f555cf6e7ed4	2	100000	748698435.94542	2023-265T23:59:30.60944992	155
231	ls__0925_0749070863_104ea0__0450086scam08925_001_luj01	LS__0925_0749070863_104EA0__0450086SCAM08925_001_LUJ01.fits	https://pds-geosciences.wustl.edu/m2020/urn-nasa-pds-mars2020_supercam/data_raw_audio/sol_00925/LS__0925_0749070863_104EA0__0450086SCAM08925_001_LUJ01.fits	636480	b3fe0adf5e1b0645b302de99a3627a2d	925	749070863	285120	dfa8cafa7b3f8d442a988604470eab0185251e7cf0912ff13ed660f2c7879b03	9b89933fea5f52f63c3b01338668a8b044f4f37f18fde68f1aa8f555cf6e7ed4	2	100000	749070860.7092	2023-270T07:26:38.30905301	140
232	ls__0925_0749071226_108ea0__0450086scam08925_005_luj01	LS__0925_0749071226_108EA0__0450086SCAM08925_005_LUJ01.fits	https://pds-geosciences.wustl.edu/m2020/urn-nasa-pds-mars2020_supercam/data_raw_audio/sol_00925/LS__0925_0749071226_108EA0__0450086SCAM08925_005_LUJ01.fits	630720	7e74d714c13a48baaf77b8ffd93d0355	925	749071226	279360	08e254ac8bc1aa8cef9123d1af97a67aa0e2f75a000e61baa73729179cf3cb5e	9b89933fea5f52f63c3b01338668a8b044f4f37f18fde68f1aa8f555cf6e7ed4	2	100000	749071223.7092	2023-270T07:32:41.31191455	140
233	ls__0926_0749142118_725ea0__0450086scam01926_010_luj01	LS__0926_0749142118_725EA0__0450086SCAM01926_010_LUJ01.fits	https://pds-geosciences.wustl.edu/m2020/urn-nasa-pds-mars2020_supercam/data_raw_audio/sol_00926/LS__0926_0749142118_725EA0__0450086SCAM01926_010_LUJ01.fits	613440	b109ab0a10dd35633047d56ea21b0531	926	749142118	262080	997bf9b0cdd7ce0af2ad72496101513bb8eec0ad3f2bf10e4d4f8560ed38a300	9b89933fea5f52f63c3b01338668a8b044f4f37f18fde68f1aa8f555cf6e7ed4	2	100000	749142116.30574	2023-271T03:14:14.46730324	155
234	ls__0926_0749146260_775ea0__0450086scam03926_005_luj01	LS__0926_0749146260_775EA0__0450086SCAM03926_005_LUJ01.fits	https://pds-geosciences.wustl.edu/m2020/urn-nasa-pds-mars2020_supercam/data_raw_audio/sol_00926/LS__0926_0749146260_775EA0__0450086SCAM03926_005_LUJ01.fits	604800	98b8e513f17eb1def32d469a56853747	926	749146260	253440	534f609bb75abe563ca12151debd45da29a14f47f42f6a8a456dade64a9dacf9	9b89933fea5f52f63c3b01338668a8b044f4f37f18fde68f1aa8f555cf6e7ed4	2	100000	749146258.3202699	2023-271T04:23:16.51448111	140
235	ls__0930_0749495903_695ea0__0452198scam03930_001_luj01	LS__0930_0749495903_695EA0__0452198SCAM03930_001_LUJ01.fits	https://pds-geosciences.wustl.edu/m2020/urn-nasa-pds-mars2020_supercam/data_raw_audio/sol_00930/LS__0930_0749495903_695EA0__0452198SCAM03930_001_LUJ01.fits	636480	8c173fe765557f8da6a553be8828a616	930	749495903	285120	7677800ccdca015cedab823304537badbc0b8a415ca7e4b8fa1dabd64b48f796	9b89933fea5f52f63c3b01338668a8b044f4f37f18fde68f1aa8f555cf6e7ed4	2	100000	749495901.2719001	2023-275T05:30:42.22234613	155
236	ls__0930_0749496976_712ea0__0452198scam03930_006_luj01	LS__0930_0749496976_712EA0__0452198SCAM03930_006_LUJ01.fits	https://pds-geosciences.wustl.edu/m2020/urn-nasa-pds-mars2020_supercam/data_raw_audio/sol_00930/LS__0930_0749496976_712EA0__0452198SCAM03930_006_LUJ01.fits	604800	3c4c503267c97fe6b155c8e4f3c5c481	930	749496976	253440	58256ad7990f222272338479997998a6489a851a52477d14b24b0043949d1d49	9b89933fea5f52f63c3b01338668a8b044f4f37f18fde68f1aa8f555cf6e7ed4	2	100000	749496974.27188	2023-275T05:48:35.23078934	155
237	ls__0932_0749672087_952ea0__0452726scam01932_001_luj01	LS__0932_0749672087_952EA0__0452726SCAM01932_001_LUJ01.fits	https://pds-geosciences.wustl.edu/m2020/urn-nasa-pds-mars2020_supercam/data_raw_audio/sol_00932/LS__0932_0749672087_952EA0__0452726SCAM01932_001_LUJ01.fits	636480	f59b09893052b350cc9747c82df4c562	932	749672087	285120	8b53d9cd1dea3a94162d53350a4acdbff1c483e01ec3d845f3185938eb1cb848	9b89933fea5f52f63c3b01338668a8b044f4f37f18fde68f1aa8f555cf6e7ed4	2	100000	749672085.4908	2023-277T06:27:07.83010892	155
238	ls__0932_0749676246_999ea0__0452726scam02932_007_luj01	LS__0932_0749676246_999EA0__0452726SCAM02932_007_LUJ01.fits	https://pds-geosciences.wustl.edu/m2020/urn-nasa-pds-mars2020_supercam/data_raw_audio/sol_00932/LS__0932_0749676246_999EA0__0452726SCAM02932_007_LUJ01.fits	604800	9503a064517fe91bffc53dd9629db4b2	932	749676246	253440	268895dd842b571c836198828ca31703faf709f272003d1a51f4ea133e231930	9b89933fea5f52f63c3b01338668a8b044f4f37f18fde68f1aa8f555cf6e7ed4	2	100000	749676244.5846601	2023-277T07:36:26.95675188	155
239	ls__0945_0750826813_622ea0__0460000scam01945_001_luj01	LS__0945_0750826813_622EA0__0460000SCAM01945_001_LUJ01.fits	https://pds-geosciences.wustl.edu/m2020/urn-nasa-pds-mars2020_supercam/data_raw_audio/sol_00945/LS__0945_0750826813_622EA0__0460000SCAM01945_001_LUJ01.fits	636480	1afa4074a8a1c0e2c3582d0f16dfdc2c	945	750826813	285120	0814ab0b2741414f656f86e5ece3862bf75d69b28221d4a77cfba891dc26ceff	9b89933fea5f52f63c3b01338668a8b044f4f37f18fde68f1aa8f555cf6e7ed4	2	100000	750826811.20837	2023-290T15:12:42.65038684	155
240	ls__0945_0750827024_621ea0__0460000scam01945_002_luj01	LS__0945_0750827024_621EA0__0460000SCAM01945_002_LUJ01.fits	https://pds-geosciences.wustl.edu/m2020/urn-nasa-pds-mars2020_supercam/data_raw_audio/sol_00945/LS__0945_0750827024_621EA0__0460000SCAM01945_002_LUJ01.fits	604800	ebcf39b956d628c16558ad7ff5cf539d	945	750827024	253440	222da2af081cca49fe6b96cb45da2b8ff9d725836d783fdb81a3122a9c2a5263	9b89933fea5f52f63c3b01338668a8b044f4f37f18fde68f1aa8f555cf6e7ed4	2	100000	750827022.18059	2023-290T15:16:13.62426367	155
241	ls__0951_0751358269_600ea0__0461870scam02951_001_luj02	LS__0951_0751358269_600EA0__0461870SCAM02951_001_LUJ02.fits	https://pds-geosciences.wustl.edu/m2020/urn-nasa-pds-mars2020_supercam/data_raw_audio/sol_00951/LS__0951_0751358269_600EA0__0461870SCAM02951_001_LUJ02.fits	636480	17f84fd3c8b0b47e46638ad19988f10b	951	751358269	285120	240dcb009a2bed6fa546fb91744c9310d38c17c7d8d23b3a61997f333ee9e951	9b89933fea5f52f63c3b01338668a8b044f4f37f18fde68f1aa8f555cf6e7ed4	2	100000	751358267.19543	2023-296T18:50:22.82691492	155
242	ls__0951_0751358617_660ea0__0461870scam02951_003_luj02	LS__0951_0751358617_660EA0__0461870SCAM02951_003_LUJ02.fits	https://pds-geosciences.wustl.edu/m2020/urn-nasa-pds-mars2020_supercam/data_raw_audio/sol_00951/LS__0951_0751358617_660EA0__0461870SCAM02951_003_LUJ02.fits	604800	677feec400ca664031fd12025d877170	951	751358617	253440	7a9c2d523b8b8c3e2830e5778d760bc1adb75f19cc9cf082ad09586b6d0f4862	9b89933fea5f52f63c3b01338668a8b044f4f37f18fde68f1aa8f555cf6e7ed4	2	100000	751358615.19543	2023-296T18:56:10.8296582	155
243	ls__0954_0751626337_992ea0__0463032scam02954_008_luj01	LS__0954_0751626337_992EA0__0463032SCAM02954_008_LUJ01.fits	https://pds-geosciences.wustl.edu/m2020/urn-nasa-pds-mars2020_supercam/data_raw_audio/sol_00954/LS__0954_0751626337_992EA0__0463032SCAM02954_008_LUJ01.fits	604800	66aa91690f818bed79a214bd082453bb	954	751626337	253440	7ecc39725a8281aac43ae421c2a80f3617199064cbe3586965da1036d906348e	9b89933fea5f52f63c3b01338668a8b044f4f37f18fde68f1aa8f555cf6e7ed4	2	100000	751626335.55547	2023-299T21:18:13.30012894	155
244	ls__0957_0751890313_623ea0__0463032scam01957_001_luj01	LS__0957_0751890313_623EA0__0463032SCAM01957_001_LUJ01.fits	https://pds-geosciences.wustl.edu/m2020/urn-nasa-pds-mars2020_supercam/data_raw_audio/sol_00957/LS__0957_0751890313_623EA0__0463032SCAM01957_001_LUJ01.fits	636480	66cf6d31986845db7416753e946c82ca	957	751890313	285120	f510694a2738f0a2db1e359d2b77ca6219c722a000e8e290dac6065b3388747a	9b89933fea5f52f63c3b01338668a8b044f4f37f18fde68f1aa8f555cf6e7ed4	2	100000	751890311.2414401	2023-302T22:37:51.06702339	155
245	ls__0957_0751913603_366ea0__0463210scam05957_002_luj01	LS__0957_0751913603_366EA0__0463210SCAM05957_002_LUJ01.fits	https://pds-geosciences.wustl.edu/m2020/urn-nasa-pds-mars2020_supercam/data_raw_audio/sol_00957/LS__0957_0751913603_366EA0__0463210SCAM05957_002_LUJ01.fits	604800	1b3b358207f025538440572cdeef94d8	957	751913603	253440	542ab29e1e9ece590d1235ef6a9160a1d1660ad2cc1d6a3dad45d1ab251f34f0	9b89933fea5f52f63c3b01338668a8b044f4f37f18fde68f1aa8f555cf6e7ed4	2	100000	751913600.94542	2023-303T05:06:00.95459563	155
246	ls__0958_0751998339_733ea0__0463888scam05958_007_luj01	LS__0958_0751998339_733EA0__0463888SCAM05958_007_LUJ01.fits	https://pds-geosciences.wustl.edu/m2020/urn-nasa-pds-mars2020_supercam/data_raw_audio/sol_00958/LS__0958_0751998339_733EA0__0463888SCAM05958_007_LUJ01.fits	604800	a5807124f02f983e0d22e4dbb88d9ec2	958	751998339	253440	ad72a1cf32dea5f875e07d8e0cdd7520622883f978a4841b9f6944742239ef34	9b89933fea5f52f63c3b01338668a8b044f4f37f18fde68f1aa8f555cf6e7ed4	2	100000	751998337.27109	2023-304T04:38:17.9482404	155
247	ls__0961_0752248235_353ea0__0470000scam01961_001_luj01	LS__0961_0752248235_353EA0__0470000SCAM01961_001_LUJ01.fits	https://pds-geosciences.wustl.edu/m2020/urn-nasa-pds-mars2020_supercam/data_raw_audio/sol_00961/LS__0961_0752248235_353EA0__0470000SCAM01961_001_LUJ01.fits	636480	e962544e19ea06936eebe28dea8bb8b0	961	752248235	285120	53b8298ce51f1565806177ef682881709f1121bc067724f13742d24c5b97a3e4	9b89933fea5f52f63c3b01338668a8b044f4f37f18fde68f1aa8f555cf6e7ed4	2	100000	752248232.9211299	2023-307T02:03:15.56820749	155
248	ls__0988_0754644109_687ea0__0470000scam01988_001_luj01	LS__0988_0754644109_687EA0__0470000SCAM01988_001_LUJ01.fits	https://pds-geosciences.wustl.edu/m2020/urn-nasa-pds-mars2020_supercam/data_raw_audio/sol_00988/LS__0988_0754644109_687EA0__0470000SCAM01988_001_LUJ01.fits	636480	008736bc398840797f2649d1f809dac0	988	754644109	285120	871785202e6cc7dd04b8f74df26bbc4bd8fda8bffbd516c38c8c6a4c8aa7a38a	9b89933fea5f52f63c3b01338668a8b044f4f37f18fde68f1aa8f555cf6e7ed4	2	100000	754644107.27187	2023-334T19:34:48.80562352	155
249	ls__0988_0754645677_741ea0__0470000scam01988_008_luj01	LS__0988_0754645677_741EA0__0470000SCAM01988_008_LUJ01.fits	https://pds-geosciences.wustl.edu/m2020/urn-nasa-pds-mars2020_supercam/data_raw_audio/sol_00988/LS__0988_0754645677_741EA0__0470000SCAM01988_008_LUJ01.fits	604800	7fdb33c13a44ccdeacb01d9b0e2d21f4	988	754645677	253440	61c4b6e4a53f3b804200dbf3c381a1f685d2ee92e542b38b7f62c86c79d4fea0	9b89933fea5f52f63c3b01338668a8b044f4f37f18fde68f1aa8f555cf6e7ed4	2	100000	754645675.27597	2023-334T20:00:56.82208871	155
250	ls__0989_0754731985_569ea0__0470000scam01989_004_luj01	LS__0989_0754731985_569EA0__0470000SCAM01989_004_LUJ01.fits	https://pds-geosciences.wustl.edu/m2020/urn-nasa-pds-mars2020_supercam/data_raw_audio/sol_00989/LS__0989_0754731985_569EA0__0470000SCAM01989_004_LUJ01.fits	627840	6b0913a5d545b54528e545fd434eed2a	989	754731985	276480	bbd4e3efb3b19c27fff95f19873f02e97f2a143ca7be327fa59e647bf59ab338	9b89933fea5f52f63c3b01338668a8b044f4f37f18fde68f1aa8f555cf6e7ed4	2	100000	754731983.18056	2023-335T19:59:25.40704071	155
251	ls__0991_0754909784_724ea0__0470000scam01991_001_luj02	LS__0991_0754909784_724EA0__0470000SCAM01991_001_LUJ02.fits	https://pds-geosciences.wustl.edu/m2020/urn-nasa-pds-mars2020_supercam/data_raw_audio/sol_00991/LS__0991_0754909784_724EA0__0470000SCAM01991_001_LUJ02.fits	636480	b5fc5d449bc3809e4937f85c6e10e360	991	754909784	285120	1332504bb164efc6e1a2b3b2b0afec208321645bdb21cabc52521ebb520b7e72	9b89933fea5f52f63c3b01338668a8b044f4f37f18fde68f1aa8f555cf6e7ed4	2	100000	754909782.2874	2023-337T21:22:45.91547311	155
252	ls__0992_0755004745_993ea0__0470094scam06992_004_luj01	LS__0992_0755004745_993EA0__0470094SCAM06992_004_LUJ01.fits	https://pds-geosciences.wustl.edu/m2020/urn-nasa-pds-mars2020_supercam/data_raw_audio/sol_00992/LS__0992_0755004745_993EA0__0470094SCAM06992_004_LUJ01.fits	604800	7f9a8e2db6df199dfaa77b182e86dd64	992	755004745	253440	c7e56db93ec944a0b268b4d569d8f381a6e7a4a29a2520268ac58886480e91a1	9b89933fea5f52f63c3b01338668a8b044f4f37f18fde68f1aa8f555cf6e7ed4	2	100000	755004743.4908	2023-338T23:45:27.86745195	155
253	ls__0993_0755089213_836ea0__0470094scam01993_010_luj01	LS__0993_0755089213_836EA0__0470094SCAM01993_010_LUJ01.fits	https://pds-geosciences.wustl.edu/m2020/urn-nasa-pds-mars2020_supercam/data_raw_audio/sol_00993/LS__0993_0755089213_836EA0__0470094SCAM01993_010_LUJ01.fits	708480	eac8d0db993328a179d41126ba362ec2	993	755089213	357120	89cdb02e0ea5acc47c2c3b694a2d4718db46a58379b22efedff0eed375252a05	9b89933fea5f52f63c3b01338668a8b044f4f37f18fde68f1aa8f555cf6e7ed4	2	100000	755089211.4590501	2023-339T23:13:16.50155939	155
254	ls__0995_0755267559_411ea0__0471434scam02995_005_luj01	LS__0995_0755267559_411EA0__0471434SCAM02995_005_LUJ01.fits	https://pds-geosciences.wustl.edu/m2020/urn-nasa-pds-mars2020_supercam/data_raw_audio/sol_00995/LS__0995_0755267559_411EA0__0471434SCAM02995_005_LUJ01.fits	627840	09b203bd2487c7263010a3dc397e69a6	995	755267559	276480	c5f5407bfc28d27844ce2dc2361309c13f481bff543b475a40496fb0119ce1b8	9b89933fea5f52f63c3b01338668a8b044f4f37f18fde68f1aa8f555cf6e7ed4	2	100000	755267556.99068	2023-342T00:45:43.43908868	155
255	ls__0995_0755271480_650ea0__0471434scam05995_010_luj01	LS__0995_0755271480_650EA0__0471434SCAM05995_010_LUJ01.fits	https://pds-geosciences.wustl.edu/m2020/urn-nasa-pds-mars2020_supercam/data_raw_audio/sol_00995/LS__0995_0755271480_650EA0__0471434SCAM05995_010_LUJ01.fits	708480	9ca46ad4c51b23571944f5304d93c6a1	995	755271480	357120	f58833df350636a8de71bb8dbdc4dde69e9bf281832fc2b67c9467b432fd1774	9b89933fea5f52f63c3b01338668a8b044f4f37f18fde68f1aa8f555cf6e7ed4	2	100000	755271478.2090501	2023-342T01:51:04.68836818	140
256	ls__1000_0755700255_771ea0__0474374scam02000_005_luj01	LS__1000_0755700255_771EA0__0474374SCAM02000_005_LUJ01.fits	https://pds-geosciences.wustl.edu/m2020/urn-nasa-pds-mars2020_supercam/data_raw_audio/sol_01000/LS__1000_0755700255_771EA0__0474374SCAM02000_005_LUJ01.fits	630720	a738b5a9bd9211addde09538aec71324	1000	755700255	279360	91528092a5fd0828ede3c537db2ac3d8701870b351bdfd20de558d63b0206466	9b89933fea5f52f63c3b01338668a8b044f4f37f18fde68f1aa8f555cf6e7ed4	2	100000	755700253.32024	2023-347T00:57:23.17959319	155
257	ls__1001_0755788022_786ea0__0474404scam01001_004_luj01	LS__1001_0755788022_786EA0__0474404SCAM01001_004_LUJ01.fits	https://pds-geosciences.wustl.edu/m2020/urn-nasa-pds-mars2020_supercam/data_raw_audio/sol_01001/LS__1001_0755788022_786EA0__0474404SCAM01001_004_LUJ01.fits	604800	5379121ccc8ed0efb5885f3a6ff65e43	1001	755788022	253440	346bc5ed2abf801122e19a8ccffb5d47c83f9a77a8674a630de6a7ff4fdf7211	9b89933fea5f52f63c3b01338668a8b044f4f37f18fde68f1aa8f555cf6e7ed4	2	100000	755788020.33427	2023-348T01:20:10.88549864	155
258	ls__1002_0755878175_214ea0__0480000scam02002_009_luj01	LS__1002_0755878175_214EA0__0480000SCAM02002_009_LUJ01.fits	https://pds-geosciences.wustl.edu/m2020/urn-nasa-pds-mars2020_supercam/data_raw_audio/sol_01002/LS__1002_0755878175_214EA0__0480000SCAM02002_009_LUJ01.fits	604800	5a3540a6a5c9a6befaf0a1bdfa4af7e3	1002	755878175	253440	86ad120739e28ef861e36bc6cdcff1344558f6f51948685052eca17c02caf83a	9b89933fea5f52f63c3b01338668a8b044f4f37f18fde68f1aa8f555cf6e7ed4	2	100000	755878172.77263	2023-349T02:22:44.03452481	155
259	ls__1006_0756261414_663ea0__0481156scam06006_005_luj01	LS__1006_0756261414_663EA0__0481156SCAM06006_005_LUJ01.fits	https://pds-geosciences.wustl.edu/m2020/urn-nasa-pds-mars2020_supercam/data_raw_audio/sol_01006/LS__1006_0756261414_663EA0__0481156SCAM06006_005_LUJ01.fits	630720	39392845c2bfabb65a8e2828e3202424	1006	756261414	279360	eb3c015ab2c6afb032b0a25c46d1941bebeaad4d0848ff21445f0bb01845d38e	9b89933fea5f52f63c3b01338668a8b044f4f37f18fde68f1aa8f555cf6e7ed4	2	100000	756261412.22484	2023-353T12:50:06.50781087	140
260	ls__1008_0756408465_169ea0__0482404scam02008_010_luj01	LS__1008_0756408465_169EA0__0482404SCAM02008_010_LUJ01.fits	https://pds-geosciences.wustl.edu/m2020/urn-nasa-pds-mars2020_supercam/data_raw_audio/sol_01008/LS__1008_0756408465_169EA0__0482404SCAM02008_010_LUJ01.fits	711360	163d967a589413ff99ff930412fe7654	1008	756408465	360000	d8a70573e4cf900d2c8cec74f6f9bda11b5aa2c6c8b428d8bd3b3933c2a9b38c	9b89933fea5f52f63c3b01338668a8b044f4f37f18fde68f1aa8f555cf6e7ed4	2	100000	756408462.7722501	2023-355T05:40:58.2144194	155
261	ls__1009_0756508705_725ea0__0482404scam05009_006_luj01	LS__1009_0756508705_725EA0__0482404SCAM05009_006_LUJ01.fits	https://pds-geosciences.wustl.edu/m2020/urn-nasa-pds-mars2020_supercam/data_raw_audio/sol_01009/LS__1009_0756508705_725EA0__0482404SCAM05009_006_LUJ01.fits	604800	9a0582d0b99c9368474d32d4a0038448	1009	756508705	253440	7adfa0386757d2006bdb2b5b464f42f562724c27506d5d9d5b30649ef23310a2	9b89933fea5f52f63c3b01338668a8b044f4f37f18fde68f1aa8f555cf6e7ed4	2	100000	756508703.20906	2023-356T09:31:39.44142812	155
262	ls__1009_0756527620_556ea0__0482404scam10009_001_luj01	LS__1009_0756527620_556EA0__0482404SCAM10009_001_LUJ01.fits	https://pds-geosciences.wustl.edu/m2020/urn-nasa-pds-mars2020_supercam/data_raw_audio/sol_01009/LS__1009_0756527620_556EA0__0482404SCAM10009_001_LUJ01.fits	636480	6f0492e0579d1c277f6372ef70418212	1009	756527620	285120	b9037180ed014e49d28094ab21ac9bb7ead476027be37415b27366e44127c098	9b89933fea5f52f63c3b01338668a8b044f4f37f18fde68f1aa8f555cf6e7ed4	2	100000	756527618.16223	2023-356T14:46:54.54370547	140
263	ls__1018_0757306147_227ea0__0482404scam01018_002_luj01	LS__1018_0757306147_227EA0__0482404SCAM01018_002_LUJ01.fits	https://pds-geosciences.wustl.edu/m2020/urn-nasa-pds-mars2020_supercam/data_raw_audio/sol_01018/LS__1018_0757306147_227EA0__0482404SCAM01018_002_LUJ01.fits	604800	3055055f3033e32805574b7f14d15927	1018	757306147	253440	10996cad56e89ddb12a5fa6effe64596c58e1f70e6d27fa89815686e1d5106e3	9b89933fea5f52f63c3b01338668a8b044f4f37f18fde68f1aa8f555cf6e7ed4	2	100000	757306144.85049	2023-365T15:02:27.3690943	155
264	ls__1019_0757387706_775ea0__0483714scam01019_008_luj01	LS__1019_0757387706_775EA0__0483714SCAM01019_008_LUJ01.fits	https://pds-geosciences.wustl.edu/m2020/urn-nasa-pds-mars2020_supercam/data_raw_audio/sol_01019/LS__1019_0757387706_775EA0__0483714SCAM01019_008_LUJ01.fits	604800	6710dbcd70569730897b67c9b2acb6b1	1019	757387706	253440	6cea993e03bfd9d0f26c0c720a489b70103508cd6580754b941ecbe2a17083b1	9b89933fea5f52f63c3b01338668a8b044f4f37f18fde68f1aa8f555cf6e7ed4	2	100000	757387704.28922	2024-001T13:41:47.45074805	155
265	ls__1022_0757651230_740ea0__0490370scam02022_001_luj01	LS__1022_0757651230_740EA0__0490370SCAM02022_001_LUJ01.fits	https://pds-geosciences.wustl.edu/m2020/urn-nasa-pds-mars2020_supercam/data_raw_audio/sol_01022/LS__1022_0757651230_740EA0__0490370SCAM02022_001_LUJ01.fits	636480	f19d1e2bc5c54c203cf3213e03bf02d3	1022	757651230	285120	434d9316406c1e558b81cfebbfce96a23d91cd8a8dbc41493554430caa15d57b	9b89933fea5f52f63c3b01338668a8b044f4f37f18fde68f1aa8f555cf6e7ed4	2	100000	757651228.28676	2024-004T14:53:53.52565106	155
266	ls__1022_0757651742_702ea0__0490370scam02022_008_luj01	LS__1022_0757651742_702EA0__0490370SCAM02022_008_LUJ01.fits	https://pds-geosciences.wustl.edu/m2020/urn-nasa-pds-mars2020_supercam/data_raw_audio/sol_01022/LS__1022_0757651742_702EA0__0490370SCAM02022_008_LUJ01.fits	604800	848ec68a6a1914e54294d31170fb3efd	1022	757651742	253440	2a2e37d3a7be359752d76de4de436fd76a4755b5866f748d03ff3aa173a007e4	9b89933fea5f52f63c3b01338668a8b044f4f37f18fde68f1aa8f555cf6e7ed4	2	100000	757651740.28737	2024-004T15:02:25.53029752	155
267	ls__1024_0757838764_717ea0__0490370scam01024_003_luj01	LS__1024_0757838764_717EA0__0490370SCAM01024_003_LUJ01.fits	https://pds-geosciences.wustl.edu/m2020/urn-nasa-pds-mars2020_supercam/data_raw_audio/sol_01024/LS__1024_0757838764_717EA0__0490370SCAM01024_003_LUJ01.fits	604800	800c485f5f9071011eff8b257647550c	1024	757838764	253440	9c6db3c9c2cde29267a9b61bf380ffe918ea1f6e0c19833cf16bbb2613575a9b	9b89933fea5f52f63c3b01338668a8b044f4f37f18fde68f1aa8f555cf6e7ed4	2	100000	757838762.2873501	2024-006T18:59:29.00457668	155
268	ls__1026_0758006804_687ea0__0490370scam02026_009_luj03	LS__1026_0758006804_687EA0__0490370SCAM02026_009_LUJ03.fits	https://pds-geosciences.wustl.edu/m2020/urn-nasa-pds-mars2020_supercam/data_raw_audio/sol_01026/LS__1026_0758006804_687EA0__0490370SCAM02026_009_LUJ03.fits	604800	f466cf4989f717b4ed1b089940f0886e	1026	758006804	253440	f2d64678407a89eab3e11e22c5484cc02c105e62ab0b1c451cdb4807e13323bd	9b89933fea5f52f63c3b01338668a8b044f4f37f18fde68f1aa8f555cf6e7ed4	2	100000	758006802.27621	2024-008T17:40:10.31809698	155
269	ls__1029_0758282515_147ea0__0490370scam01029_001_luj01	LS__1029_0758282515_147EA0__0490370SCAM01029_001_LUJ01.fits	https://pds-geosciences.wustl.edu/m2020/urn-nasa-pds-mars2020_supercam/data_raw_audio/sol_01029/LS__1029_0758282515_147EA0__0490370SCAM01029_001_LUJ01.fits	636480	deeba125ddf8429fab17ba15442a0716	1029	758282515	285120	31107b0ca00a1a2167708f477be399959114590aa72a7a4f25b2be7e0580f5f3	9b89933fea5f52f63c3b01338668a8b044f4f37f18fde68f1aa8f555cf6e7ed4	2	100000	758282512.74081	2024-011T22:15:22.95612221	155
270	ls__1029_0758284345_147ea0__0490370scam01029_009_luj01	LS__1029_0758284345_147EA0__0490370SCAM01029_009_LUJ01.fits	https://pds-geosciences.wustl.edu/m2020/urn-nasa-pds-mars2020_supercam/data_raw_audio/sol_01029/LS__1029_0758284345_147EA0__0490370SCAM01029_009_LUJ01.fits	604800	be1319cbe20a61c259f2d4bd26c132c0	1029	758284345	253440	dba947f08ae6f77f58b0cab96fad0bbc885ef6afc8f4a35a57316281b091dbc9	9b89933fea5f52f63c3b01338668a8b044f4f37f18fde68f1aa8f555cf6e7ed4	2	100000	758284342.74078	2024-011T22:45:52.97051758	155
271	ls__1030_0758364078_904ea0__0490370scam02030_010_luj02	LS__1030_0758364078_904EA0__0490370SCAM02030_010_LUJ02.fits	https://pds-geosciences.wustl.edu/m2020/urn-nasa-pds-mars2020_supercam/data_raw_audio/sol_01030/LS__1030_0758364078_904EA0__0490370SCAM02030_010_LUJ02.fits	711360	38f153e644115b145a0eac2451fdea5d	1030	758364078	360000	daca3f434f4aa89acec373e2e35349d929f79650b6b48082139fe13d699dcf6e	9b89933fea5f52f63c3b01338668a8b044f4f37f18fde68f1aa8f555cf6e7ed4	2	100000	758364076.47563	2024-012T20:54:47.33390663	155
272	ls__1032_0758544691_288ea0__0490370scam01032_006_luj02	LS__1032_0758544691_288EA0__0490370SCAM01032_006_LUJ02.fits	https://pds-geosciences.wustl.edu/m2020/urn-nasa-pds-mars2020_supercam/data_raw_audio/sol_01032/LS__1032_0758544691_288EA0__0490370SCAM01032_006_LUJ02.fits	604800	0cb53081d4c911b0cd6ea7b5fb1605a1	1032	758544691	253440	ff88f2b01f829c17057d640f51c3849b5ec34b4fb0dc8f2cc272db37c65ca1e1	9b89933fea5f52f63c3b01338668a8b044f4f37f18fde68f1aa8f555cf6e7ed4	2	100000	758544688.83473	2024-014T23:05:01.1167742	155
273	ls__1034_0758718537_843ea0__0490370scam01034_001_luj01	LS__1034_0758718537_843EA0__0490370SCAM01034_001_LUJ01.fits	https://pds-geosciences.wustl.edu/m2020/urn-nasa-pds-mars2020_supercam/data_raw_audio/sol_01034/LS__1034_0758718537_843EA0__0490370SCAM01034_001_LUJ01.fits	636480	478a0f696aed4459c215b7b03b6c3c7c	1034	758718537	285120	bc6542c6c53924ec6a611d9e2d2efbb27c8d479eef6b4c9b1e32d2d2098d54c9	9b89933fea5f52f63c3b01338668a8b044f4f37f18fde68f1aa8f555cf6e7ed4	2	100000	758718535.49019	2024-016T23:22:29.14266393	155
274	ls__1034_0758728842_791ea0__0490370scam06034_006_luj01	LS__1034_0758728842_791EA0__0490370SCAM06034_006_LUJ01.fits	https://pds-geosciences.wustl.edu/m2020/urn-nasa-pds-mars2020_supercam/data_raw_audio/sol_01034/LS__1034_0758728842_791EA0__0490370SCAM06034_006_LUJ01.fits	604800	1a050376ad8ef2f71d6c03ae5175b699	1034	758728842	253440	cdda768469cc651f8fa1427f74ca264e5dfa03d39b92ba4967bcc1aea8b5cd89	9b89933fea5f52f63c3b01338668a8b044f4f37f18fde68f1aa8f555cf6e7ed4	2	100000	758728840.33435	2024-017T02:14:14.06805899	155
275	ls__1035_0758818012_865ea0__0490370scam02035_002_luj01	LS__1035_0758818012_865EA0__0490370SCAM02035_002_LUJ01.fits	https://pds-geosciences.wustl.edu/m2020/urn-nasa-pds-mars2020_supercam/data_raw_audio/sol_01035/LS__1035_0758818012_865EA0__0490370SCAM02035_002_LUJ01.fits	604800	0e0b226ca6eaef4f3f63c12f99809f20	1035	758818012	253440	5c55c3ab6590b535293600df0a4dbff77942f32eca0e9bd41c0fe56fe62a046f	9b89933fea5f52f63c3b01338668a8b044f4f37f18fde68f1aa8f555cf6e7ed4	2	100000	758818010.4756	2024-018T03:00:24.91223784	155
276	ls__1036_0758911805_732ea0__0490370scam07036_002_luj02	LS__1036_0758911805_732EA0__0490370SCAM07036_002_LUJ02.fits	https://pds-geosciences.wustl.edu/m2020/urn-nasa-pds-mars2020_supercam/data_raw_audio/sol_01036/LS__1036_0758911805_732EA0__0490370SCAM07036_002_LUJ02.fits	604800	dbdc90bfa724dbd27a4307483d24dc59	1036	758911805	253440	eae006b633bdcafdd763da901966448fac3776ec57af8cd1c93701c964ca9f05	9b89933fea5f52f63c3b01338668a8b044f4f37f18fde68f1aa8f555cf6e7ed4	2	100000	758911803.32024	2024-019T05:03:38.49624184	155
277	ls__1037_0758993865_903ea0__0490370scam01037_007_luj01	LS__1037_0758993865_903EA0__0490370SCAM01037_007_LUJ01.fits	https://pds-geosciences.wustl.edu/m2020/urn-nasa-pds-mars2020_supercam/data_raw_audio/sol_01037/LS__1037_0758993865_903EA0__0490370SCAM01037_007_LUJ01.fits	604800	a74441a4c6322b1dc68e4848ad1be427	1037	758993865	253440	906d92e40b4a2b1c6745f10647640884b7dce2b981e0e81a6d7fb25680a7dfa8	9b89933fea5f52f63c3b01338668a8b044f4f37f18fde68f1aa8f555cf6e7ed4	2	100000	758993863.4908	2024-020T03:51:19.3136849	155
278	ls__1040_0759262194_654ea0__0490370scam01040_002_luj01	LS__1040_0759262194_654EA0__0490370SCAM01040_002_LUJ01.fits	https://pds-geosciences.wustl.edu/m2020/urn-nasa-pds-mars2020_supercam/data_raw_audio/sol_01040/LS__1040_0759262194_654EA0__0490370SCAM01040_002_LUJ01.fits	604800	34e83ac2f68653938b1f464a87242467	1040	759262194	253440	97f387d2c854a61993470b7f4f5be549766c3082f979c3057176740a8ad72ba3	9b89933fea5f52f63c3b01338668a8b044f4f37f18fde68f1aa8f555cf6e7ed4	2	100000	759262192.20908	2024-023T06:23:30.14719717	155
279	ls__1042_0759429776_811ea0__0491444scam01042_008_luj01	LS__1042_0759429776_811EA0__0491444SCAM01042_008_LUJ01.fits	https://pds-geosciences.wustl.edu/m2020/urn-nasa-pds-mars2020_supercam/data_raw_audio/sol_01042/LS__1042_0759429776_811EA0__0491444SCAM01042_008_LUJ01.fits	604800	96647d4481b888f33eee738a3fc8a56d	1042	759429776	253440	02e908bee0bcc562e44402e8312e9afe460c87bddf3ba040d47aff23e993952c	9b89933fea5f52f63c3b01338668a8b044f4f37f18fde68f1aa8f555cf6e7ed4	2	100000	759429774.40378	2024-025T04:56:33.66294975	155
280	ls__1044_0759605229_804ea0__0492918scam01044_001_luj01	LS__1044_0759605229_804EA0__0492918SCAM01044_001_LUJ01.fits	https://pds-geosciences.wustl.edu/m2020/urn-nasa-pds-mars2020_supercam/data_raw_audio/sol_01044/LS__1044_0759605229_804EA0__0492918SCAM01044_001_LUJ01.fits	636480	c46051431b4624f2cf1e81b78c60197a	1044	759605229	285120	fe8c5b97afbf6136cfa23ab45213236d66e99fe231f83fefe050363b0223f363	9b89933fea5f52f63c3b01338668a8b044f4f37f18fde68f1aa8f555cf6e7ed4	2	100000	759605227.30791	2024-027T05:40:47.95017403	155
281	ls__1044_0759606834_682ea0__0492918scam01044_008_luj01	LS__1044_0759606834_682EA0__0492918SCAM01044_008_LUJ01.fits	https://pds-geosciences.wustl.edu/m2020/urn-nasa-pds-mars2020_supercam/data_raw_audio/sol_01044/LS__1044_0759606834_682EA0__0492918SCAM01044_008_LUJ01.fits	604800	7842ceb9072392fcf3e3b8b43b0b1d95	1044	759606834	253440	8b3f24e56cdb2fa1fb936bbac15abd50c11a6c03208e4a42a3fe9e3cfd6cd1a8	9b89933fea5f52f63c3b01338668a8b044f4f37f18fde68f1aa8f555cf6e7ed4	2	100000	759606832.24156	2024-027T06:07:32.8964805	155
282	ls__1044_0759616917_709ea0__0492918scam05044_004_luj01	LS__1044_0759616917_709EA0__0492918SCAM05044_004_LUJ01.fits	https://pds-geosciences.wustl.edu/m2020/urn-nasa-pds-mars2020_supercam/data_raw_audio/sol_01044/LS__1044_0759616917_709EA0__0492918SCAM05044_004_LUJ01.fits	604800	25bbf133fd668c6855976ab91783160b	1044	759616917	253440	5c7599ff34537b4e6e4808f6fa69052866c98bc918e340022f4b5d6de389eda4	9b89933fea5f52f63c3b01338668a8b044f4f37f18fde68f1aa8f555cf6e7ed4	2	100000	759616915.27185	2024-027T08:55:36.00625372	155
283	ls__1046_0759786182_931ea0__0494054scam01046_010_luj01	LS__1046_0759786182_931EA0__0494054SCAM01046_010_LUJ01.fits	https://pds-geosciences.wustl.edu/m2020/urn-nasa-pds-mars2020_supercam/data_raw_audio/sol_01046/LS__1046_0759786182_931EA0__0494054SCAM01046_010_LUJ01.fits	708480	62b74991b7e02882af305abda8031662	1046	759786182	357120	d282da877cd04b7a869acb0fb6427f007dea5924da5270fca0525016e5d521f1	9b89933fea5f52f63c3b01338668a8b044f4f37f18fde68f1aa8f555cf6e7ed4	2	100000	759786180.49388	2024-029T07:56:42.56260211	155
284	ls__1048_0759961932_355ea0__0500000scam01048_004_luj01	LS__1048_0759961932_355EA0__0500000SCAM01048_004_LUJ01.fits	https://pds-geosciences.wustl.edu/m2020/urn-nasa-pds-mars2020_supercam/data_raw_audio/sol_01048/LS__1048_0759961932_355EA0__0500000SCAM01048_004_LUJ01.fits	604800	75328685b00bdea962c579a4d5ead58e	1048	759961932	253440	fd1203b16d7c92750407a2217adbd032b78609dda70aaa7c573c28766112c445	9b89933fea5f52f63c3b01338668a8b044f4f37f18fde68f1aa8f555cf6e7ed4	2	100000	759961929.8661	2024-031T08:45:53.32025731	155
285	ls__1050_0760144488_200ea0__0500524scam01050_004_luj01	LS__1050_0760144488_200EA0__0500524SCAM01050_004_LUJ01.fits	https://pds-geosciences.wustl.edu/m2020/urn-nasa-pds-mars2020_supercam/data_raw_audio/sol_01050/LS__1050_0760144488_200EA0__0500524SCAM01050_004_LUJ01.fits	604800	8ff30d7270032c2b02acdff3c8b13fa7	1050	760144488	253440	32ecbb213b4f90f0353d2543ca81dd051e223cc6875846aff716dda6cc4c5e96	9b89933fea5f52f63c3b01338668a8b044f4f37f18fde68f1aa8f555cf6e7ed4	2	100000	760144485.78737	2024-033T11:28:33.856260584	155
286	ls__1051_0760237119_823ea0__0500524scam01051_010_luj01	LS__1051_0760237119_823EA0__0500524SCAM01051_010_LUJ01.fits	https://pds-geosciences.wustl.edu/m2020/urn-nasa-pds-mars2020_supercam/data_raw_audio/sol_01051/LS__1051_0760237119_823EA0__0500524SCAM01051_010_LUJ01.fits	708480	122ab784c7d4ae0ada882b50b1aaea8e	1051	760237119	357120	7c4e2174ae209d4125500f9130b02603185906b215542dc0ae81fbb3bd2cd0b7	9b89933fea5f52f63c3b01338668a8b044f4f37f18fde68f1aa8f555cf6e7ed4	2	100000	760237117.41219	2024-034T13:12:26.217498896	155
287	ls__1053_0760406621_804ea0__0501250scam01053_007_luj01	LS__1053_0760406621_804EA0__0501250SCAM01053_007_LUJ01.fits	https://pds-geosciences.wustl.edu/m2020/urn-nasa-pds-mars2020_supercam/data_raw_audio/sol_01053/LS__1053_0760406621_804EA0__0501250SCAM01053_007_LUJ01.fits	604800	47113b365573f4b2b36ab966907e6e35	1053	760406621	253440	86f89f5bc9091420c285064588413c54526388639f02b6b94a0fffb8200b7f7a	9b89933fea5f52f63c3b01338668a8b044f4f37f18fde68f1aa8f555cf6e7ed4	2	100000	760406619.32039	2024-036T12:17:29.473242191	155
288	ls__1055_0760591224_680ea0__0501250scam01055_002_luj01	LS__1055_0760591224_680EA0__0501250SCAM01055_002_LUJ01.fits	https://pds-geosciences.wustl.edu/m2020/urn-nasa-pds-mars2020_supercam/data_raw_audio/sol_01055/LS__1055_0760591224_680EA0__0501250SCAM01055_002_LUJ01.fits	604800	6d6964ca0ebad58e6cae4184cd8c4157	1055	760591224	253440	c086c289302016733598a13b288fbc97471e4419ab13563f6602f2e316c912b3	9b89933fea5f52f63c3b01338668a8b044f4f37f18fde68f1aa8f555cf6e7ed4	2	100000	760591222.20906	2024-038T15:34:13.829507031	155
289	ls__1058_0760858611_337ea0__0501254scam01058_007_luj01	LS__1058_0760858611_337EA0__0501254SCAM01058_007_LUJ01.fits	https://pds-geosciences.wustl.edu/m2020/urn-nasa-pds-mars2020_supercam/data_raw_audio/sol_01058/LS__1058_0760858611_337EA0__0501254SCAM01058_007_LUJ01.fits	604800	174d4f1712619d37d38245954394a2c0	1058	760858611	253440	d3117c6fa78da10854affc14520b4bfb1149153cfb77f87ecfc23d7848d5e943	9b89933fea5f52f63c3b01338668a8b044f4f37f18fde68f1aa8f555cf6e7ed4	2	100000	760858608.9758101	2024-041T17:50:42.721985977	155
290	ls__1059_0760945688_354ea0__0501254scam01059_003_luj01	LS__1059_0760945688_354EA0__0501254SCAM01059_003_LUJ01.fits	https://pds-geosciences.wustl.edu/m2020/urn-nasa-pds-mars2020_supercam/data_raw_audio/sol_01059/LS__1059_0760945688_354EA0__0501254SCAM01059_003_LUJ01.fits	604800	163d873930258f3470d27dd165ab2c76	1059	760945688	253440	99d28233316ac88814ccfab917b43d592a555564a127748b7d741fd277ef0ee2	9b89933fea5f52f63c3b01338668a8b044f4f37f18fde68f1aa8f555cf6e7ed4	2	100000	760945685.91238	2024-042T18:02:00.350816837	155
291	ls__1064_0761389264_139ea0__0501422scam01064_001_luj01	LS__1064_0761389264_139EA0__0501422SCAM01064_001_LUJ01.fits	https://pds-geosciences.wustl.edu/m2020/urn-nasa-pds-mars2020_supercam/data_raw_audio/sol_01064/LS__1064_0761389264_139EA0__0501422SCAM01064_001_LUJ01.fits	636480	cb996ef3094e6f9771c241ed3baf05b8	1064	761389264	285120	d2a8dfca459c59706b6a1e9daef3deddbd61dd92335720f1dc106d7a1fa86e14	9b89933fea5f52f63c3b01338668a8b044f4f37f18fde68f1aa8f555cf6e7ed4	2	100000	761389261.7408	2024-047T21:14:59.70565959	155
292	ls__1064_0761390118_161ea0__0501422scam01064_005_luj01	LS__1064_0761390118_161EA0__0501422SCAM01064_005_LUJ01.fits	https://pds-geosciences.wustl.edu/m2020/urn-nasa-pds-mars2020_supercam/data_raw_audio/sol_01064/LS__1064_0761390118_161EA0__0501422SCAM01064_005_LUJ01.fits	627840	bc9b73b5c9104dc5f6893e2c783dd949	1064	761390118	276480	0e922881f1f30791b6913dfbdbf14cb0431a89ff773992b6e35d2d359815f523	9b89933fea5f52f63c3b01338668a8b044f4f37f18fde68f1aa8f555cf6e7ed4	2	100000	761390115.7408	2024-047T21:29:13.71244889	155
293	ls__1067_0761651332_099ea0__0501534scam01067_006_luj01	LS__1067_0761651332_099EA0__0501534SCAM01067_006_LUJ01.fits	https://pds-geosciences.wustl.edu/m2020/urn-nasa-pds-mars2020_supercam/data_raw_audio/sol_01067/LS__1067_0761651332_099EA0__0501534SCAM01067_006_LUJ01.fits	604800	991f6f56a8c30300b645953059d19a48	1067	761651332	253440	b7d6ef96940ac965186751daa233bdbc00f41ac7970c49fc38d6136b90b31501	9b89933fea5f52f63c3b01338668a8b044f4f37f18fde68f1aa8f555cf6e7ed4	2	100000	761651329.66223	2024-050T22:02:49.710532061	155
294	ls__1074_0762269418_795ea0__0501618scam02074_001_luj02	LS__1074_0762269418_795EA0__0501618SCAM02074_001_LUJ02.fits	https://pds-geosciences.wustl.edu/m2020/urn-nasa-pds-mars2020_supercam/data_raw_audio/sol_01074/LS__1074_0762269418_795EA0__0501618SCAM02074_001_LUJ02.fits	636480	f62d3554e3d8972c2e71d7d42cca65bf	1074	762269418	285120	706dd314c7d6d4a53819900ef4d082d2a61b3c56cc710bda11c38dc17152a5e4	9b89933fea5f52f63c3b01338668a8b044f4f37f18fde68f1aa8f555cf6e7ed4	2	100000	762269416.33411	2024-058T01:44:21.296196102	155
295	ls__1074_0762270613_749ea0__0501618scam02074_007_luj02	LS__1074_0762270613_749EA0__0501618SCAM02074_007_LUJ02.fits	https://pds-geosciences.wustl.edu/m2020/urn-nasa-pds-mars2020_supercam/data_raw_audio/sol_01074/LS__1074_0762270613_749EA0__0501618SCAM02074_007_LUJ02.fits	604800	2ae3af28867af309cd6acd0f21453789	1074	762270613	253440	cf927440cf3f0a6bbe41659f2c1d3ea41e13aa9fdade1d928e3add7a0b0c0d2d	9b89933fea5f52f63c3b01338668a8b044f4f37f18fde68f1aa8f555cf6e7ed4	2	100000	762270611.33516	2024-058T02:04:16.306749217	155
296	ls__1076_0762447175_602ea0__0501618scam01076_007_luj01	LS__1076_0762447175_602EA0__0501618SCAM01076_007_LUJ01.fits	https://pds-geosciences.wustl.edu/m2020/urn-nasa-pds-mars2020_supercam/data_raw_audio/sol_01076/LS__1076_0762447175_602EA0__0501618SCAM01076_007_LUJ01.fits	604800	22bc141c7901dd32befe7bbed4967f8a	1076	762447175	253440	be66aaebbb618972c846b14fc968d5b08501cc33b9055be53f3d2090fc21aabd	9b89933fea5f52f63c3b01338668a8b044f4f37f18fde68f1aa8f555cf6e7ed4	2	100000	762447173.16238	2024-060T03:06:59.537640474	155
297	ls__1080_0762811329_357ea0__0501618scam01080_001_luj01	LS__1080_0762811329_357EA0__0501618SCAM01080_001_LUJ01.fits	https://pds-geosciences.wustl.edu/m2020/urn-nasa-pds-mars2020_supercam/data_raw_audio/sol_01080/LS__1080_0762811329_357EA0__0501618SCAM01080_001_LUJ01.fits	636480	1f5d017368026a9e3c9e5b90b45015c3	1080	762811329	285120	7e1d6323f430769e322a8da0aebf8842a92ba3ea35fa954d20a29f102c443794	9b89933fea5f52f63c3b01338668a8b044f4f37f18fde68f1aa8f555cf6e7ed4	2	100000	762811326.91223	2024-064T08:16:16.182510198	155
298	ls__1080_0762812862_373ea0__0501618scam01080_009_luj01	LS__1080_0762812862_373EA0__0501618SCAM01080_009_LUJ01.fits	https://pds-geosciences.wustl.edu/m2020/urn-nasa-pds-mars2020_supercam/data_raw_audio/sol_01080/LS__1080_0762812862_373EA0__0501618SCAM01080_009_LUJ01.fits	604800	c6b61dbb134f377a9d1a370ce1df2473	1080	762812862	253440	c6c72268c8470e798e4f59fa4727e272e3570bb8d82a68a70b7f4b0eaabc2d4a	9b89933fea5f52f63c3b01338668a8b044f4f37f18fde68f1aa8f555cf6e7ed4	2	100000	762812859.91251	2024-064T08:41:49.194972209	155
299	ls__1093_0763955933_225ea0__0510030scam01093_001_luj01	LS__1093_0763955933_225EA0__0510030SCAM01093_001_LUJ01.fits	https://pds-geosciences.wustl.edu/m2020/urn-nasa-pds-mars2020_supercam/data_raw_audio/sol_01093/LS__1093_0763955933_225EA0__0510030SCAM01093_001_LUJ01.fits	636480	a2b0877f3d3f7cebeedbf6e17c3332c1	1093	763955933	285120	96d780a0ab0fa9985e31a68028badf81922ea004c7817265adc7448eec0a7ce5	9b89933fea5f52f63c3b01338668a8b044f4f37f18fde68f1aa8f555cf6e7ed4	2	100000	763955930.85052	2024-077T14:13:09.220404964	155
300	ls__1093_0763957737_349ea0__0510030scam01093_009_luj01	LS__1093_0763957737_349EA0__0510030SCAM01093_009_LUJ01.fits	https://pds-geosciences.wustl.edu/m2020/urn-nasa-pds-mars2020_supercam/data_raw_audio/sol_01093/LS__1093_0763957737_349EA0__0510030SCAM01093_009_LUJ01.fits	604800	113a082f928890ca6059f10348fe69dc	1093	763957737	253440	1ccb2d1e43bafd5f0fb11ea86c82bf896c51f14acf091fcf1764456568ce71f4	9b89933fea5f52f63c3b01338668a8b044f4f37f18fde68f1aa8f555cf6e7ed4	2	100000	763957734.91151	2024-077T14:43:13.29573663	155
301	ls__1097_0764309333_790ea0__0510410scam01097_004_luj02	LS__1097_0764309333_790EA0__0510410SCAM01097_004_LUJ02.fits	https://pds-geosciences.wustl.edu/m2020/urn-nasa-pds-mars2020_supercam/data_raw_audio/sol_01097/LS__1097_0764309333_790EA0__0510410SCAM01097_004_LUJ02.fits	604800	cc8beee825c840ef7b74329deac8c3d6	1097	764309333	253440	22d2c0f41a3e39b751c5e7e6af80dc09d4578bf82aac93a1be9bfd69d48d0027	9b89933fea5f52f63c3b01338668a8b044f4f37f18fde68f1aa8f555cf6e7ed4	2	100000	764309331.33426	2024-081T16:23:12.513672941	155
302	ls__1098_0764403606_786ea0__0510410scam01098_009_luj01	LS__1098_0764403606_786EA0__0510410SCAM01098_009_LUJ01.fits	https://pds-geosciences.wustl.edu/m2020/urn-nasa-pds-mars2020_supercam/data_raw_audio/sol_01098/LS__1098_0764403606_786EA0__0510410SCAM01098_009_LUJ01.fits	604800	e2563d71da39b28cd1b382045d64307b	1098	764403606	253440	fef0f422d8fb65bc120a7ce09ce52c699df23c4adbc053b9ee26c8ffdcd63f55	9b89933fea5f52f63c3b01338668a8b044f4f37f18fde68f1aa8f555cf6e7ed4	2	100000	764403604.36606	2024-082T18:34:26.29494286	155
303	ls__1099_0764502817_823ea0__0510410scam02099_005_luj01	LS__1099_0764502817_823EA0__0510410SCAM02099_005_LUJ01.fits	https://pds-geosciences.wustl.edu/m2020/urn-nasa-pds-mars2020_supercam/data_raw_audio/sol_01099/LS__1099_0764502817_823EA0__0510410SCAM02099_005_LUJ01.fits	604800	9847585acafb61c397dd865eeb5e8a16	1099	764502817	253440	9998485ba62acacb75a89a31480f45d6013588e9caed704d1b7f55b81666952d	9b89933fea5f52f63c3b01338668a8b044f4f37f18fde68f1aa8f555cf6e7ed4	2	100000	764502815.4033099	2024-083T22:07:58.120917311	155
304	ls__1101_0764669471_168ea0__0510644scam01101_010_luj01	LS__1101_0764669471_168EA0__0510644SCAM01101_010_LUJ01.fits	https://pds-geosciences.wustl.edu/m2020/urn-nasa-pds-mars2020_supercam/data_raw_audio/sol_01101/LS__1101_0764669471_168EA0__0510644SCAM01101_010_LUJ01.fits	708480	1a7233937d9c0fd211c5beef03990da7	1101	764669471	357120	013cef82523d393ffc71c6385804ae34951a333fe9866b16bb97625fe1ad299f	9b89933fea5f52f63c3b01338668a8b044f4f37f18fde68f1aa8f555cf6e7ed4	2	100000	764669468.72566	2024-085T20:25:32.768168401	155
305	ls__1102_0764758649_966ea0__0511348scam01102_005_luj01	LS__1102_0764758649_966EA0__0511348SCAM01102_005_LUJ01.fits	https://pds-geosciences.wustl.edu/m2020/urn-nasa-pds-mars2020_supercam/data_raw_audio/sol_01102/LS__1102_0764758649_966EA0__0511348SCAM01102_005_LUJ01.fits	630720	8dc2414e8abb390acc3fb00ef42fe566	1102	764758649	279360	14fc905ad20670f63082702e034bebe0aa518088bc64220cbbb3f1459cda4b6e	9b89933fea5f52f63c3b01338668a8b044f4f37f18fde68f1aa8f555cf6e7ed4	2	100000	764758647.57025	2024-086T21:11:52.321729449	155
306	ls__1103_0764848254_730ea0__0511590scam01103_010_luj01	LS__1103_0764848254_730EA0__0511590SCAM01103_010_LUJ01.fits	https://pds-geosciences.wustl.edu/m2020/urn-nasa-pds-mars2020_supercam/data_raw_audio/sol_01103/LS__1103_0764848254_730EA0__0511590SCAM01103_010_LUJ01.fits	708480	69d997475181c3c6f0dc950e1d5d12d2	1103	764848254	357120	2aa174fc4d5fd10db6ddd23369a7feaf4a01ba4901793c360c3291ed74f152fa	9b89933fea5f52f63c3b01338668a8b044f4f37f18fde68f1aa8f555cf6e7ed4	2	100000	764848252.28751	2024-087T22:05:17.751341589	155
307	ls__1106_0765119261_796ea0__0511886scam01106_001_luj01	LS__1106_0765119261_796EA0__0511886SCAM01106_001_LUJ01.fits	https://pds-geosciences.wustl.edu/m2020/urn-nasa-pds-mars2020_supercam/data_raw_audio/sol_01106/LS__1106_0765119261_796EA0__0511886SCAM01106_001_LUJ01.fits	636480	5cf9911356e4e01c5c1d80182e359d28	1106	765119261	285120	a19c52a0f6b65c94677e5a8cbd133c506f3be28cdde793110d000b667e3c5378	9b89933fea5f52f63c3b01338668a8b044f4f37f18fde68f1aa8f555cf6e7ed4	2	100000	765119259.41223	2024-091T01:22:07.030573572	155
308	ls__1106_0765120940_820ea0__0511886scam01106_008_luj01	LS__1106_0765120940_820EA0__0511886SCAM01106_008_LUJ01.fits	https://pds-geosciences.wustl.edu/m2020/urn-nasa-pds-mars2020_supercam/data_raw_audio/sol_01106/LS__1106_0765120940_820EA0__0511886SCAM01106_008_LUJ01.fits	604800	0c018e21ef95849e29c2bae37a5a4574	1106	765120940	253440	a933a2f888e1e5a8ed064352c9c840f32cf372232b584e4e254215a85136ef97	9b89933fea5f52f63c3b01338668a8b044f4f37f18fde68f1aa8f555cf6e7ed4	2	100000	765120938.41162	2024-091T01:50:06.043311267	155
309	ls__1108_0765297942_617ea0__0511904scam04108_003_luj01	LS__1108_0765297942_617EA0__0511904SCAM04108_003_LUJ01.fits	https://pds-geosciences.wustl.edu/m2020/urn-nasa-pds-mars2020_supercam/data_raw_audio/sol_01108/LS__1108_0765297942_617EA0__0511904SCAM04108_003_LUJ01.fits	604800	fb24943e7a6dca0e5528ae8bb9928796	1108	765297942	253440	bae1179320e6970d136c39790b03e774c5e2cdcaa3b7cd8049e6e95f411be884	9b89933fea5f52f63c3b01338668a8b044f4f37f18fde68f1aa8f555cf6e7ed4	2	100000	765297940.19563	2024-093T03:00:09.23448729	155
310	ls__1109_0765380289_694ea0__0512390scam01109_006_luj01	LS__1109_0765380289_694EA0__0512390SCAM01109_006_LUJ01.fits	https://pds-geosciences.wustl.edu/m2020/urn-nasa-pds-mars2020_supercam/data_raw_audio/sol_01109/LS__1109_0765380289_694EA0__0512390SCAM01109_006_LUJ01.fits	604800	87e35e3d3cee9792d49e146afee52eff	1109	765380289	253440	69a5afc5d1692af21f2706f76f50ac6db7268de01a6327157c41a2083db4a5e3	9b89933fea5f52f63c3b01338668a8b044f4f37f18fde68f1aa8f555cf6e7ed4	2	100000	765380287.2873501	2024-094T01:52:36.98086725	155
311	ls__1110_0765467496_680ea0__0512578scam01110_001_luj01	LS__1110_0765467496_680EA0__0512578SCAM01110_001_LUJ01.fits	https://pds-geosciences.wustl.edu/m2020/urn-nasa-pds-mars2020_supercam/data_raw_audio/sol_01110/LS__1110_0765467496_680EA0__0512578SCAM01110_001_LUJ01.fits	636480	ac01607a376e510bb8a31a47005ed257	1110	765467496	285120	014d68e25adbb2170eaf4fcec7b72595e61025968d4c419846cb2e48edeaeaaf	9b89933fea5f52f63c3b01338668a8b044f4f37f18fde68f1aa8f555cf6e7ed4	2	100000	765467494.2719001	2024-095T02:06:04.658705625	155
312	ls__1110_0765475892_712ea0__0512578scam04110_006_luj01	LS__1110_0765475892_712EA0__0512578SCAM04110_006_LUJ01.fits	https://pds-geosciences.wustl.edu/m2020/urn-nasa-pds-mars2020_supercam/data_raw_audio/sol_01110/LS__1110_0765475892_712EA0__0512578SCAM04110_006_LUJ01.fits	604800	0e659983e8ce1d8e23d24f1c49edc72b	1110	765475892	253440	8e9f738d9ae7a064db7146091e069ba12328794e8cd1d036e61870f206515daa	9b89933fea5f52f63c3b01338668a8b044f4f37f18fde68f1aa8f555cf6e7ed4	2	100000	765475890.2721601	2024-095T04:26:00.725713225	155
313	ls__1113_0765743758_914ea0__0512794scam01113_001_luj01	LS__1113_0765743758_914EA0__0512794SCAM01113_001_LUJ01.fits	https://pds-geosciences.wustl.edu/m2020/urn-nasa-pds-mars2020_supercam/data_raw_audio/sol_01113/LS__1113_0765743758_914EA0__0512794SCAM01113_001_LUJ01.fits	636480	7e74a20c6abf437d794ccab4552ccdac	1113	765743758	285120	ae25352465854ad38e7e9d1adca9e22dea6a0859bc851f6c2497109d90ffd6bd	9b89933fea5f52f63c3b01338668a8b044f4f37f18fde68f1aa8f555cf6e7ed4	2	100000	765743756.52133	2024-098T06:50:29.104425932	155
314	ls__1115_0765913008_952ea0__0512990scam01115_007_luj01	LS__1115_0765913008_952EA0__0512990SCAM01115_007_LUJ01.fits	https://pds-geosciences.wustl.edu/m2020/urn-nasa-pds-mars2020_supercam/data_raw_audio/sol_01115/LS__1115_0765913008_952EA0__0512990SCAM01115_007_LUJ01.fits	604800	d4bd4ec421880004e18cb8d280b50dc0	1115	765913008	253440	dcb3583f739393e912d356014f5f16dd29d0322a9dba258cccf6e492fc9d47f1	9b89933fea5f52f63c3b01338668a8b044f4f37f18fde68f1aa8f555cf6e7ed4	2	100000	765913006.55547	2024-100T05:51:20.484097614	155
315	ls__1116_0766000059_729ea0__0513152scam01116_002_luj01	LS__1116_0766000059_729EA0__0513152SCAM01116_002_LUJ01.fits	https://pds-geosciences.wustl.edu/m2020/urn-nasa-pds-mars2020_supercam/data_raw_audio/sol_01116/LS__1116_0766000059_729EA0__0513152SCAM01116_002_LUJ01.fits	604800	29c89322820615f20407f13b2486956e	1116	766000059	253440	85121744f800cf1e62c20ce9695e82c7dfc16380b25e0c3b53969db05b2ac64a	9b89933fea5f52f63c3b01338668a8b044f4f37f18fde68f1aa8f555cf6e7ed4	2	100000	766000057.33409	2024-101T06:02:11.954776794	155
316	ls__1116_0766008809_654ea0__0513152scam05116_007_luj01	LS__1116_0766008809_654EA0__0513152SCAM05116_007_LUJ01.fits	https://pds-geosciences.wustl.edu/m2020/urn-nasa-pds-mars2020_supercam/data_raw_audio/sol_01116/LS__1116_0766008809_654EA0__0513152SCAM05116_007_LUJ01.fits	604800	5916ad20a0610aed71be93343b4dc539	1116	766008809	253440	a2c1c8db14247e5db7c70ce9ca5de134eddf23e71eb4ef7f15c57a504d6b6e5a	9b89933fea5f52f63c3b01338668a8b044f4f37f18fde68f1aa8f555cf6e7ed4	2	100000	766008807.19556	2024-101T08:28:01.885803646	155
317	ls__1119_0766267299_825ea0__0514014scam01119_001_luj01	LS__1119_0766267299_825EA0__0514014SCAM01119_001_LUJ01.fits	https://pds-geosciences.wustl.edu/m2020/urn-nasa-pds-mars2020_supercam/data_raw_audio/sol_01119/LS__1119_0766267299_825EA0__0514014SCAM01119_001_LUJ01.fits	636480	85e1dc2b46a86d69dad5321b5b2f9722	1119	766267299	285120	5b202597318b19615abf71185a5c77cf4806e007853aded6e00aacd957d21651	9b89933fea5f52f63c3b01338668a8b044f4f37f18fde68f1aa8f555cf6e7ed4	2	100000	766267297.42992	2024-104T08:16:14.17516075	155
318	ls__1119_0766268867_828ea0__0514014scam01119_008_luj01	LS__1119_0766268867_828EA0__0514014SCAM01119_008_LUJ01.fits	https://pds-geosciences.wustl.edu/m2020/urn-nasa-pds-mars2020_supercam/data_raw_audio/sol_01119/LS__1119_0766268867_828EA0__0514014SCAM01119_008_LUJ01.fits	604800	eb9ff28871c1a7127497123e25bea06a	1119	766268867	253440	deb153a4da616e50de4d64365445c04c930bd0e69835163818849dac8199c0c7	9b89933fea5f52f63c3b01338668a8b044f4f37f18fde68f1aa8f555cf6e7ed4	2	100000	766268865.4305	2024-104T08:42:22.188206189	155
319	ls__1120_0766363285_740ea0__0514014scam01120_005_luj01	LS__1120_0766363285_740EA0__0514014SCAM01120_005_LUJ01.fits	https://pds-geosciences.wustl.edu/m2020/urn-nasa-pds-mars2020_supercam/data_raw_audio/sol_01120/LS__1120_0766363285_740EA0__0514014SCAM01120_005_LUJ01.fits	708480	3ea712c699119f5258f99e6a1761891b	1120	766363285	357120	949c766c3635c49f6256813538cc5e2e4fe5bae0dce8bdd6746afc7a9cbd7e87	9b89933fea5f52f63c3b01338668a8b044f4f37f18fde68f1aa8f555cf6e7ed4	2	100000	766363283.33409	2024-105T10:56:00.842423493	155
320	ls__1121_0766455406_996ea0__0514320scam02121_005_luj01	LS__1121_0766455406_996EA0__0514320SCAM02121_005_LUJ01.fits	https://pds-geosciences.wustl.edu/m2020/urn-nasa-pds-mars2020_supercam/data_raw_audio/sol_01121/LS__1121_0766455406_996EA0__0514320SCAM02121_005_LUJ01.fits	627840	4b54fc1241bb4f07f4733076c87141ac	1121	766455406	276480	ce80fd6307138926c8ef58f5b30484f5337361b41dd0cf21df98a0bb1005e19c	9b89933fea5f52f63c3b01338668a8b044f4f37f18fde68f1aa8f555cf6e7ed4	2	100000	766455404.64691	2024-106T12:31:22.887608365	155
321	ls__1123_0766621415_921ea0__0514692scam01123_006_luj01	LS__1123_0766621415_921EA0__0514692SCAM01123_006_LUJ01.fits	https://pds-geosciences.wustl.edu/m2020/urn-nasa-pds-mars2020_supercam/data_raw_audio/sol_01123/LS__1123_0766621415_921EA0__0514692SCAM01123_006_LUJ01.fits	604800	3c33afaf57fbc17bf3db0a9b355ceadf	1123	766621415	253440	d607c822164655fa01784ac90410d58983fd7ee1530116774da6677b3e1ae040	9b89933fea5f52f63c3b01338668a8b044f4f37f18fde68f1aa8f555cf6e7ed4	2	100000	766621413.53723	2024-108T10:38:13.097698867	155
322	ls__1125_0766798450_618ea0__0515030scam01125_001_luj01	LS__1125_0766798450_618EA0__0515030SCAM01125_001_LUJ01.fits	https://pds-geosciences.wustl.edu/m2020/urn-nasa-pds-mars2020_supercam/data_raw_audio/sol_01125/LS__1125_0766798450_618EA0__0515030SCAM01125_001_LUJ01.fits	636480	89f1e70b09f7af67ccd1556c6c5e1e07	1125	766798450	285120	f52428ec40406a38bbb5574f7a78bf24ae70259b91f5e1fba7bc9b7baf9c513e	9b89933fea5f52f63c3b01338668a8b044f4f37f18fde68f1aa8f555cf6e7ed4	2	100000	766798448.24139	2024-110T11:48:49.209287363	155
323	ls__1125_0766801234_868ea0__0515030scam02125_001_luj01	LS__1125_0766801234_868EA0__0515030SCAM02125_001_LUJ01.fits	https://pds-geosciences.wustl.edu/m2020/urn-nasa-pds-mars2020_supercam/data_raw_audio/sol_01125/LS__1125_0766801234_868EA0__0515030SCAM02125_001_LUJ01.fits	636480	97b9be3211f0c4667e670033eb2b3f91	1125	766801234	285120	dc2069776288151572ed1f1a32a5cfad5d50417f95edf9ab8480383b10f86320	9b89933fea5f52f63c3b01338668a8b044f4f37f18fde68f1aa8f555cf6e7ed4	2	100000	766801232.36607	2024-110T12:35:13.356100719	155
324	ls__1129_0767164607_822ea0__0515030scam01129_006_luj01	LS__1129_0767164607_822EA0__0515030SCAM01129_006_LUJ01.fits	https://pds-geosciences.wustl.edu/m2020/urn-nasa-pds-mars2020_supercam/data_raw_audio/sol_01129/LS__1129_0767164607_822EA0__0515030SCAM01129_006_LUJ01.fits	604800	c47848952f669e54f3da92d521078b71	1129	767164607	253440	ae9882704558eeb8f90dfe65357354cf943cd0ab0c2dc3bbadca47cbffb5e9e4	9b89933fea5f52f63c3b01338668a8b044f4f37f18fde68f1aa8f555cf6e7ed4	2	100000	767164605.4212199	2024-114T17:31:29.300061771	155
325	ls__1132_0767420039_775ea0__0520120scam01132_001_luj01	LS__1132_0767420039_775EA0__0520120SCAM01132_001_LUJ01.fits	https://pds-geosciences.wustl.edu/m2020/urn-nasa-pds-mars2020_supercam/data_raw_audio/sol_01132/LS__1132_0767420039_775EA0__0520120SCAM01132_001_LUJ01.fits	636480	d1d97d506ad08affd55b02412ced96e4	1132	767420039	285120	883dad58f405d9f05fd3b0ab3ad5ed228fa44cf1765292307cd1ebab4207d001	9b89933fea5f52f63c3b01338668a8b044f4f37f18fde68f1aa8f555cf6e7ed4	2	100000	767420037.32024	2024-117T16:28:43.229762703	155
326	ls__1133_0767520021_373ea0__0520120scam01133_006_luj01	LS__1133_0767520021_373EA0__0520120SCAM01133_006_LUJ01.fits	https://pds-geosciences.wustl.edu/m2020/urn-nasa-pds-mars2020_supercam/data_raw_audio/sol_01133/LS__1133_0767520021_373EA0__0520120SCAM01133_006_LUJ01.fits	604800	7bf37e97bdeae62118e69ca8906029a7	1133	767520021	253440	7bab8d7a8b0c9eecb13ef127c59ce209c6187c04a6efd9979f859060eeb64984	9b89933fea5f52f63c3b01338668a8b044f4f37f18fde68f1aa8f555cf6e7ed4	2	100000	767520018.97551	2024-118T20:15:05.6798903	155
327	ls__1134_0767603941_696ea0__0520120scam02134_001_luj01	LS__1134_0767603941_696EA0__0520120SCAM02134_001_LUJ01.fits	https://pds-geosciences.wustl.edu/m2020/urn-nasa-pds-mars2020_supercam/data_raw_audio/sol_01134/LS__1134_0767603941_696EA0__0520120SCAM02134_001_LUJ01.fits	645120	65e8b8fc2f396718a0a195102590ae26	1134	767603941	293760	ea8b209fa7e1a62ed056ff3ab26a76deb4ad81905814206f9a5e28e660b70bb0	9b89933fea5f52f63c3b01338668a8b044f4f37f18fde68f1aa8f555cf6e7ed4	2	100000	767603939.27522	2024-119T19:33:46.646769816	155
328	ls__1137_0767863276_780ea0__0520606scam01137_003_luj01	LS__1137_0767863276_780EA0__0520606SCAM01137_003_LUJ01.fits	https://pds-geosciences.wustl.edu/m2020/urn-nasa-pds-mars2020_supercam/data_raw_audio/sol_01137/LS__1137_0767863276_780EA0__0520606SCAM01137_003_LUJ01.fits	604800	c28d3c4950311e62d59020a115731e8c	1137	767863276	253440	9b5a098a8d97d0bc79a4d466270c5a5a6f60f994babde6398eceac201e948efe	9b89933fea5f52f63c3b01338668a8b044f4f37f18fde68f1aa8f555cf6e7ed4	2	100000	767863274.33426	2024-122T19:36:03.767519792	155
329	ls__1137_0767867885_827ea0__0520606scam02137_009_luj01	LS__1137_0767867885_827EA0__0520606SCAM02137_009_LUJ01.fits	https://pds-geosciences.wustl.edu/m2020/urn-nasa-pds-mars2020_supercam/data_raw_audio/sol_01137/LS__1137_0767867885_827EA0__0520606SCAM02137_009_LUJ01.fits	604800	c812a48d64a1dcb473ba9c6fa0d549f2	1137	767867885	253440	50933085ee9adcbcede4a944a2f0fab2555e6976a4df0b96ffe45699fe407da6	9b89933fea5f52f63c3b01338668a8b044f4f37f18fde68f1aa8f555cf6e7ed4	2	100000	767867883.45921	2024-122T20:52:52.929116559	155
330	ls__1138_0767953001_092ea0__0520748scam01138_004_luj01	LS__1138_0767953001_092EA0__0520748SCAM01138_004_LUJ01.fits	https://pds-geosciences.wustl.edu/m2020/urn-nasa-pds-mars2020_supercam/data_raw_audio/sol_01138/LS__1138_0767953001_092EA0__0520748SCAM01138_004_LUJ01.fits	604800	2bd97f9e0c3abb716b7ecafba633d82a	1138	767953001	253440	a77d1b0a5c28fe49f81a4de68a9031945262860d3d49c91cc93fc460ba472aca	9b89933fea5f52f63c3b01338668a8b044f4f37f18fde68f1aa8f555cf6e7ed4	2	100000	767952998.69574	2024-123T20:31:28.842309177	155
331	ls__1139_0768045880_770ea0__0520870scam01139_009_luj01	LS__1139_0768045880_770EA0__0520870SCAM01139_009_LUJ01.fits	https://pds-geosciences.wustl.edu/m2020/urn-nasa-pds-mars2020_supercam/data_raw_audio/sol_01139/LS__1139_0768045880_770EA0__0520870SCAM01139_009_LUJ01.fits	604800	0dad28ca26b36ebaebda9411ee815dfd	1139	768045880	253440	91a1a50f30f7acbf0f38a9e68808207a4c9ec826c8d09088589a8285850c75e0	9b89933fea5f52f63c3b01338668a8b044f4f37f18fde68f1aa8f555cf6e7ed4	2	100000	768045878.32039	2024-124T22:19:29.205351242	155
332	ls__1141_0768221625_745ea0__0521146scam01141_002_luj01	LS__1141_0768221625_745EA0__0521146SCAM01141_002_LUJ01.fits	https://pds-geosciences.wustl.edu/m2020/urn-nasa-pds-mars2020_supercam/data_raw_audio/sol_01141/LS__1141_0768221625_745EA0__0521146SCAM01141_002_LUJ01.fits	604800	587b568de839bf13a17208ab1caeb9a1	1141	768221625	253440	e765e89b8e86c29460850939123a0fefc3d75c4d49fa38973e484e00651089de	9b89933fea5f52f63c3b01338668a8b044f4f37f18fde68f1aa8f555cf6e7ed4	2	100000	768221623.35054	2024-126T23:08:35.632675598	155
333	ls__1143_0768406483_086ea0__0521468scam05143_002_luj01	LS__1143_0768406483_086EA0__0521468SCAM05143_002_LUJ01.fits	https://pds-geosciences.wustl.edu/m2020/urn-nasa-pds-mars2020_supercam/data_raw_audio/sol_01143/LS__1143_0768406483_086EA0__0521468SCAM05143_002_LUJ01.fits	604800	0fa404320a1a1dbf2a1190d00c636d32	1143	768406483	253440	b2add6419f5b20a371bd7ce3f9dc30c296e55c08d938acacd6df0913bc3c93ca	9b89933fea5f52f63c3b01338668a8b044f4f37f18fde68f1aa8f555cf6e7ed4	2	100000	768406480.66219	2024-129T02:29:34.413936735	155
334	ls__1144_0768485234_912ea0__0521700scam01144_007_luj01	LS__1144_0768485234_912EA0__0521700SCAM01144_007_LUJ01.fits	https://pds-geosciences.wustl.edu/m2020/urn-nasa-pds-mars2020_supercam/data_raw_audio/sol_01144/LS__1144_0768485234_912EA0__0521700SCAM01144_007_LUJ01.fits	604800	85da1266ca540b9b4289e8451c063db4	1144	768485234	253440	febb99cab3834ed185af697c0e35f845623ed2ebb268b80ce09d83f4b4d93f49	9b89933fea5f52f63c3b01338668a8b044f4f37f18fde68f1aa8f555cf6e7ed4	2	100000	768485232.49078	2024-130T00:22:06.868611795	155
335	ls__1145_0768578116_822ea0__0521950scam01145_002_luj01	LS__1145_0768578116_822EA0__0521950SCAM01145_002_LUJ01.fits	https://pds-geosciences.wustl.edu/m2020/urn-nasa-pds-mars2020_supercam/data_raw_audio/sol_01145/LS__1145_0768578116_822EA0__0521950SCAM01145_002_LUJ01.fits	604800	b1fb60f88f32c47a7f52d3735413c153	1145	768578116	253440	f827bc81b3c3a85b6592752350ab16cb3b051c645ef551f580832870546c1a68	9b89933fea5f52f63c3b01338668a8b044f4f37f18fde68f1aa8f555cf6e7ed4	2	100000	768578114.43071	2024-131T02:10:09.546949364	155
336	ls__1148_0768846578_558ea0__0522266scam01148_001_luj01	LS__1148_0768846578_558EA0__0522266SCAM01148_001_LUJ01.fits	https://pds-geosciences.wustl.edu/m2020/urn-nasa-pds-mars2020_supercam/data_raw_audio/sol_01148/LS__1148_0768846578_558EA0__0522266SCAM01148_001_LUJ01.fits	645120	3668464effb56847899d73970fa2193f	1148	768846578	293760	43e6995856e0e6feb817b60502baa4792a8d154729f54016e3ad237580953549	9b89933fea5f52f63c3b01338668a8b044f4f37f18fde68f1aa8f555cf6e7ed4	2	100000	768846576.11856	2024-134T04:44:33.369070734	155
337	ls__1150_0769028564_276ea0__0522540scam01150_001_luj01	LS__1150_0769028564_276EA0__0522540SCAM01150_001_LUJ01.fits	https://pds-geosciences.wustl.edu/m2020/urn-nasa-pds-mars2020_supercam/data_raw_audio/sol_01150/LS__1150_0769028564_276EA0__0522540SCAM01150_001_LUJ01.fits	636480	e6e67a5f57281324a94fd841a1af1841	1150	769028564	285120	a30d59fd403d179b83c21b88809740b771bbaef37024fa239a3822304d006cab	9b89933fea5f52f63c3b01338668a8b044f4f37f18fde68f1aa8f555cf6e7ed4	2	100000	769028561.7871701	2024-136T07:17:40.48446642	155
338	ls__1151_0769111069_349ea0__0522638scam01151_006_luj01	LS__1151_0769111069_349EA0__0522638SCAM01151_006_LUJ01.fits	https://pds-geosciences.wustl.edu/m2020/urn-nasa-pds-mars2020_supercam/data_raw_audio/sol_01151/LS__1151_0769111069_349EA0__0522638SCAM01151_006_LUJ01.fits	604800	23c5e8b909ccae4956ed8402557997ac	1151	769111069	253440	4f2d64e853d7325a61acd3ddb714c71487691f2aefff38cb57828a2a850a7e0d	9b89933fea5f52f63c3b01338668a8b044f4f37f18fde68f1aa8f555cf6e7ed4	2	100000	769111066.90161	2024-137T06:12:46.254822996	155
339	ls__1152_0769207333_167ea0__0522638scam04152_002_luj01	LS__1152_0769207333_167EA0__0522638SCAM04152_002_LUJ01.fits	https://pds-geosciences.wustl.edu/m2020/urn-nasa-pds-mars2020_supercam/data_raw_audio/sol_01152/LS__1152_0769207333_167EA0__0522638SCAM04152_002_LUJ01.fits	604800	aa80223ca98c862d61526d5d62130a00	1152	769207333	253440	0f47a38b689165e456074f4bc99e0e40053545e1d646bb27a2f02109edb26dd8	9b89933fea5f52f63c3b01338668a8b044f4f37f18fde68f1aa8f555cf6e7ed4	2	100000	769207330.7092	2024-138T08:57:10.827706938	155
340	ls__1153_0769296092_055ea0__0522638scam04153_007_luj01	LS__1153_0769296092_055EA0__0522638SCAM04153_007_LUJ01.fits	https://pds-geosciences.wustl.edu/m2020/urn-nasa-pds-mars2020_supercam/data_raw_audio/sol_01153/LS__1153_0769296092_055EA0__0522638SCAM04153_007_LUJ01.fits	627840	0f549e9a492d4313bf573f8c24c95941	1153	769296092	276480	0505e5ac8c5cc26866862bcec122bd077f00df0c77f2ee955e27ed4ddf567ebf	9b89933fea5f52f63c3b01338668a8b044f4f37f18fde68f1aa8f555cf6e7ed4	2	100000	769296089.60051	2024-139T09:36:30.424651768	155
341	ls__1155_0769465519_952ea0__0522644scam04155_003_luj01	LS__1155_0769465519_952EA0__0522644SCAM04155_003_LUJ01.fits	https://pds-geosciences.wustl.edu/m2020/urn-nasa-pds-mars2020_supercam/data_raw_audio/sol_01155/LS__1155_0769465519_952EA0__0522644SCAM04155_003_LUJ01.fits	604800	a48dd1e62caa24587f7f930dea569193	1155	769465519	253440	3ca5c7ca2cd3a46c46c3fe737275c913b97e60ad7aac93f5afc2103b9bb313ab	9b89933fea5f52f63c3b01338668a8b044f4f37f18fde68f1aa8f555cf6e7ed4	2	100000	769465517.55566	2024-141T08:40:19.72675843	155
342	ls__1157_0769645013_968ea0__0522750scam01157_009_luj01	LS__1157_0769645013_968EA0__0522750SCAM01157_009_LUJ01.fits	https://pds-geosciences.wustl.edu/m2020/urn-nasa-pds-mars2020_supercam/data_raw_audio/sol_01157/LS__1157_0769645013_968EA0__0522750SCAM01157_009_LUJ01.fits	604800	f4934542cf66d8aefb746cb412c0b5d7	1157	769645013	253440	06c2203e16853ca78893edb29fd068445ba187c51690bc85e7f3fa177a601a5b	9b89933fea5f52f63c3b01338668a8b044f4f37f18fde68f1aa8f555cf6e7ed4	2	100000	769645011.5705301	2024-143T10:31:55.16859791	155
343	ls__1158_0769740406_968ea0__0522824scam04158_004_luj01	LS__1158_0769740406_968EA0__0522824SCAM04158_004_LUJ01.fits	https://pds-geosciences.wustl.edu/m2020/urn-nasa-pds-mars2020_supercam/data_raw_audio/sol_01158/LS__1158_0769740406_968EA0__0522824SCAM04158_004_LUJ01.fits	604800	02541f46a7d02c644d4d08d403ec12a5	1158	769740406	253440	045e00dc4a7c41ec104ca41bc7000b1dbe5d394cc9a6ad8c65c1ec524df47560	9b89933fea5f52f63c3b01338668a8b044f4f37f18fde68f1aa8f555cf6e7ed4	2	100000	769740404.60049	2024-144T13:01:48.95694076	155
344	ls__1159_0769821430_591ea0__0523018scam01159_009_luj01	LS__1159_0769821430_591EA0__0523018SCAM01159_009_LUJ01.fits	https://pds-geosciences.wustl.edu/m2020/urn-nasa-pds-mars2020_supercam/data_raw_audio/sol_01159/LS__1159_0769821430_591EA0__0523018SCAM01159_009_LUJ01.fits	604800	80002812d7d03a7839bd5db35cc4cf6d	1159	769821430	253440	8709eae197920ff42a7dcc90cf13d89b4f741cf2d8cd9f3af47d6d92c0d3cc05	9b89933fea5f52f63c3b01338668a8b044f4f37f18fde68f1aa8f555cf6e7ed4	2	100000	769821428.16223	2024-145T11:32:13.162815136	155
345	ls__1161_0770007929_776ea0__0523158scam01161_009_luj01	LS__1161_0770007929_776EA0__0523158SCAM01161_009_LUJ01.fits	https://pds-geosciences.wustl.edu/m2020/urn-nasa-pds-mars2020_supercam/data_raw_audio/sol_01161/LS__1161_0770007929_776EA0__0523158SCAM01161_009_LUJ01.fits	604800	760cda3de3e5b282bbf172fcb796acf7	1161	770007929	253440	526e9a95f5982f6b190fd04eeb40030a67f161348c93e980416f3a93c72ee7f4	9b89933fea5f52f63c3b01338668a8b044f4f37f18fde68f1aa8f555cf6e7ed4	2	100000	770007927.32736	2024-147T15:20:33.810614113	155
346	ls__1163_0770184512_729ea0__0524312scam05163_005_luj01	LS__1163_0770184512_729EA0__0524312SCAM05163_005_LUJ01.fits	https://pds-geosciences.wustl.edu/m2020/urn-nasa-pds-mars2020_supercam/data_raw_audio/sol_01163/LS__1163_0770184512_729EA0__0524312SCAM05163_005_LUJ01.fits	627840	590862b4daa4d3f1f54925378fa1de14	1163	770184512	276480	c01ebc7c0e5445732e985730e35bc45edbf47d35de37fb3c0ba714d629772b50	9b89933fea5f52f63c3b01338668a8b044f4f37f18fde68f1aa8f555cf6e7ed4	2	100000	770184510.33411	2024-149T16:23:38.221193401	155
347	ls__1165_0770363843_589ea0__0524312scam02165_001_luj01	LS__1165_0770363843_589EA0__0524312SCAM02165_001_LUJ01.fits	https://pds-geosciences.wustl.edu/m2020/urn-nasa-pds-mars2020_supercam/data_raw_audio/sol_01165/LS__1165_0770363843_589EA0__0524312SCAM02165_001_LUJ01.fits	636480	51874e8ad7877d6b10794516a7fd1960	1165	770363843	285120	c8b978d185e6e932c1b05848196c955f58844d3ff087b53c94d00cd1ddc0a93a	9b89933fea5f52f63c3b01338668a8b044f4f37f18fde68f1aa8f555cf6e7ed4	2	100000	770363841.04089	2024-151T18:12:30.35365963	155
348	ls__1165_0770364813_467ea0__0524312scam02165_005_luj01	LS__1165_0770364813_467EA0__0524312SCAM02165_005_LUJ01.fits	https://pds-geosciences.wustl.edu/m2020/urn-nasa-pds-mars2020_supercam/data_raw_audio/sol_01165/LS__1165_0770364813_467EA0__0524312SCAM02165_005_LUJ01.fits	627840	3a3e5dc37749de9a363078ddcd94462f	1165	770364813	276480	1a673a6dfe67e5fdce4bb3eb84a8681491afdca0b6a9b2db09907bd429544e4e	9b89933fea5f52f63c3b01338668a8b044f4f37f18fde68f1aa8f555cf6e7ed4	2	100000	770364811.04089	2024-151T18:28:40.36137113	155
349	ls__1167_0770541643_727ea0__0524312scam02167_001_luj01	LS__1167_0770541643_727EA0__0524312SCAM02167_001_LUJ01.fits	https://pds-geosciences.wustl.edu/m2020/urn-nasa-pds-mars2020_supercam/data_raw_audio/sol_01167/LS__1167_0770541643_727EA0__0524312SCAM02167_001_LUJ01.fits	636480	7a25a8e5f1476e0096d6f1e0ae919f59	1167	770541643	285120	a3e6ce0d4e8cc3004380b916f01d9586beb4ed3a5dec7425b8ae1abec7058abc	9b89933fea5f52f63c3b01338668a8b044f4f37f18fde68f1aa8f555cf6e7ed4	2	100000	770541641.30562	2024-153T19:35:52.031896467	155
350	ls__1168_0770620451_622ea0__0524312scam01168_001_luj01	LS__1168_0770620451_622EA0__0524312SCAM01168_001_LUJ01.fits	https://pds-geosciences.wustl.edu/m2020/urn-nasa-pds-mars2020_supercam/data_raw_audio/sol_01168/LS__1168_0770620451_622EA0__0524312SCAM01168_001_LUJ01.fits	636480	15a60e94af36d6da30b1c463c495d8fe	1168	770620451	285120	baf796020e79a77abe5ebb9689b27da2f630eee7554bd594522728cb929f4846	9b89933fea5f52f63c3b01338668a8b044f4f37f18fde68f1aa8f555cf6e7ed4	2	100000	770620449.18138	2024-154T17:29:20.534182018	155
351	ls__1169_0770708900_933ea0__0525032scam01169_006_luj04	LS__1169_0770708900_933EA0__0525032SCAM01169_006_LUJ04.fits	https://pds-geosciences.wustl.edu/m2020/urn-nasa-pds-mars2020_supercam/data_raw_audio/sol_01169/LS__1169_0770708900_933EA0__0525032SCAM01169_006_LUJ04.fits	604800	92e24d4c85d903c10a9ec851663bdb87	1169	770708900	253440	b3a46926d291f807571e9b756154d9212f30ce0bc3936069bb4a1cf1aee96b1d	9b89933fea5f52f63c3b01338668a8b044f4f37f18fde68f1aa8f555cf6e7ed4	2	100000	770708898.5293	2024-155T18:03:30.585269985	155
352	ls__1172_0770976688_459ea0__0526980scam01172_002_luj02	LS__1172_0770976688_459EA0__0526980SCAM01172_002_LUJ02.fits	https://pds-geosciences.wustl.edu/m2020/urn-nasa-pds-mars2020_supercam/data_raw_audio/sol_01172/LS__1172_0770976688_459EA0__0526980SCAM01172_002_LUJ02.fits	604800	a8d986783f538e5f50e521eb804347d4	1172	770976688	253440	ee8f47bef804e6807e8661cf5fc2999e851155ebba34e7c3abe65c15a4108de4	9b89933fea5f52f63c3b01338668a8b044f4f37f18fde68f1aa8f555cf6e7ed4	2	100000	770976686.0401	2024-158T20:26:40.224983917	155
353	ls__1175_0771241130_556ea0__0527624scam01175_001_luj01	LS__1175_0771241130_556EA0__0527624SCAM01175_001_LUJ01.fits	https://pds-geosciences.wustl.edu/m2020/urn-nasa-pds-mars2020_supercam/data_raw_audio/sol_01175/LS__1175_0771241130_556EA0__0527624SCAM01175_001_LUJ01.fits	636480	7cb122eb7e503405b0d007a56f9d3840	1175	771241130	285120	2b70aa0a659fb5304ef113b8ed5034c52807560e5da3b72fa84af0f8597d752a	9b89933fea5f52f63c3b01338668a8b044f4f37f18fde68f1aa8f555cf6e7ed4	2	100000	771241128.11597	2024-161T21:54:04.40316512	155
354	ls__1176_0771338015_936ea0__0530000scam03176_002_luj02	LS__1176_0771338015_936EA0__0530000SCAM03176_002_LUJ02.fits	https://pds-geosciences.wustl.edu/m2020/urn-nasa-pds-mars2020_supercam/data_raw_audio/sol_01176/LS__1176_0771338015_936EA0__0530000SCAM03176_002_LUJ02.fits	604800	7be265958c8d7836b4f87141234627dc	1176	771338015	253440	39659ec95f3b4503bce7440d1c0eeec7fc8389790c674717fcfa92e81846ecde	9b89933fea5f52f63c3b01338668a8b044f4f37f18fde68f1aa8f555cf6e7ed4	2	100000	771338013.52206	2024-163T00:48:50.57950151	155
355	ls__1177_0771420963_039ea0__0530130scam01177_007_luj01	LS__1177_0771420963_039EA0__0530130SCAM01177_007_LUJ01.fits	https://pds-geosciences.wustl.edu/m2020/urn-nasa-pds-mars2020_supercam/data_raw_audio/sol_01177/LS__1177_0771420963_039EA0__0530130SCAM01177_007_LUJ01.fits	604800	c43ad2ec9c8860955e1ae9a0834b2e88	1177	771420963	253440	a348a88a30dc860f0f42e46cd7a278be99ed09eb71839c68fb304b124d246d88	9b89933fea5f52f63c3b01338668a8b044f4f37f18fde68f1aa8f555cf6e7ed4	2	100000	771420960.57022	2024-163T23:51:18.28708728	155
356	ls__1183_0771952697_023ea0__0540702scam04183_001_luj01	LS__1183_0771952697_023EA0__0540702SCAM04183_001_LUJ01.fits	https://pds-geosciences.wustl.edu/m2020/urn-nasa-pds-mars2020_supercam/data_raw_audio/sol_01183/LS__1183_0771952697_023EA0__0540702SCAM04183_001_LUJ01.fits	636480	716f66f75f98391c99fe91f2c62e9fce	1183	771952697	285120	f09863cb0ffeb84d76399b95035ad85abf357bd06054a03afae0f1ff8e2b28cd	9b89933fea5f52f63c3b01338668a8b044f4f37f18fde68f1aa8f555cf6e7ed4	2	100000	771952694.58438	2024-170T03:33:36.52853285	155
357	ls__1184_0772041295_154ea0__0540866scam01184_003_luj01	LS__1184_0772041295_154EA0__0540866SCAM01184_003_LUJ01.fits	https://pds-geosciences.wustl.edu/m2020/urn-nasa-pds-mars2020_supercam/data_raw_audio/sol_01184/LS__1184_0772041295_154EA0__0540866SCAM01184_003_LUJ01.fits	604800	92d9a43d1e457be038579933ee782cdb	1184	772041295	253440	346ece421be663cc4bfb0ea8f81970a3ead408a6b438d5d112429a7da4285c21	9b89933fea5f52f63c3b01338668a8b044f4f37f18fde68f1aa8f555cf6e7ed4	2	100000	772041292.74094	2024-171T04:10:15.38944337	155
358	ls__1184_0772059884_167ea0__0540866scam08184_001_luj01	LS__1184_0772059884_167EA0__0540866SCAM08184_001_LUJ01.fits	https://pds-geosciences.wustl.edu/m2020/urn-nasa-pds-mars2020_supercam/data_raw_audio/sol_01184/LS__1184_0772059884_167EA0__0540866SCAM08184_001_LUJ01.fits	636480	f22a2ba5dba715171ff504f5852d54b0	1184	772059884	285120	3b8bd641104917eb9f27684ec347cf722f1464d8b35c07162595a8aa42b670cd	9b89933fea5f52f63c3b01338668a8b044f4f37f18fde68f1aa8f555cf6e7ed4	2	100000	772059881.7255599	2024-171T09:20:04.521844938	155
359	ls__1186_0772219164_865ea0__0541010scam01186_004_luj01	LS__1186_0772219164_865EA0__0541010SCAM01186_004_LUJ01.fits	https://pds-geosciences.wustl.edu/m2020/urn-nasa-pds-mars2020_supercam/data_raw_audio/sol_01186/LS__1186_0772219164_865EA0__0541010SCAM01186_004_LUJ01.fits	604800	ddb9b2de7faa1f701e9a89e2e0111fe8	1186	772219164	253440	fd06a6c4755fa50bea3b2cebda14b838d5592dd956c8f4400f4a3a52449cef64	9b89933fea5f52f63c3b01338668a8b044f4f37f18fde68f1aa8f555cf6e7ed4	2	100000	772219162.47498	2024-173T05:34:46.537547064	155
360	ls__1205_0773905489_979ea0__0550144scam01205_001_luj01	LS__1205_0773905489_979EA0__0550144SCAM01205_001_LUJ01.fits	https://pds-geosciences.wustl.edu/m2020/urn-nasa-pds-mars2020_supercam/data_raw_audio/sol_01205/LS__1205_0773905489_979EA0__0550144SCAM01205_001_LUJ01.fits	636480	2946e14d00c2efad3e42ecf4686859d3	1205	773905489	285120	4564c53755265ab8d29d085c1226a1c86aa0780a4d5db43dbbafda463d3a18dd	9b89933fea5f52f63c3b01338668a8b044f4f37f18fde68f1aa8f555cf6e7ed4	2	100000	773905487.55586	2024-192T18:00:25.024718296	155
361	ls__1205_0773907003_905ea0__0550144scam01205_008_luj01	LS__1205_0773907003_905EA0__0550144SCAM01205_008_LUJ01.fits	https://pds-geosciences.wustl.edu/m2020/urn-nasa-pds-mars2020_supercam/data_raw_audio/sol_01205/LS__1205_0773907003_905EA0__0550144SCAM01205_008_LUJ01.fits	604800	50c735877fd77cf1906691cb050b4a96	1205	773907003	253440	aa9085467d713900585d06adf28781cbd000dee055dd7e8a70320b7419f493a3	9b89933fea5f52f63c3b01338668a8b044f4f37f18fde68f1aa8f555cf6e7ed4	2	100000	773907001.4909199	2024-192T18:25:38.971812675	155
362	ls__1207_0774086255_976ea0__0550340scam01207_003_luj01	LS__1207_0774086255_976EA0__0550340SCAM01207_003_LUJ01.fits	https://pds-geosciences.wustl.edu/m2020/urn-nasa-pds-mars2020_supercam/data_raw_audio/sol_01207/LS__1207_0774086255_976EA0__0550340SCAM01207_003_LUJ01.fits	604800	a9a2b106bca4d3213d3c220189e18855	1207	774086255	253440	2f635d9b9d1e851dfc1d473055129650dd150d927a66a5aa24e174d5777cc652	9b89933fea5f52f63c3b01338668a8b044f4f37f18fde68f1aa8f555cf6e7ed4	2	100000	774086253.54047	2024-194T20:13:12.446411757	155
363	ls__1211_0774437818_806ea0__0560000scam01211_001_luj01	LS__1211_0774437818_806EA0__0560000SCAM01211_001_LUJ01.fits	https://pds-geosciences.wustl.edu/m2020/urn-nasa-pds-mars2020_supercam/data_raw_audio/sol_01211/LS__1211_0774437818_806EA0__0560000SCAM01211_001_LUJ01.fits	636480	38306304d667deeaedbfd66ff87d1be8	1211	774437818	285120	dc7f4d02c807e0869c473fa48ac4a938d821d02d6c307000d5c984cd72784942	9b89933fea5f52f63c3b01338668a8b044f4f37f18fde68f1aa8f555cf6e7ed4	2	100000	774437816.41162	2024-198T21:52:38.112491367	155
364	ls__1211_0774438978_789ea0__0560000scam01211_006_luj01	LS__1211_0774438978_789EA0__0560000SCAM01211_006_LUJ01.fits	https://pds-geosciences.wustl.edu/m2020/urn-nasa-pds-mars2020_supercam/data_raw_audio/sol_01211/LS__1211_0774438978_789EA0__0560000SCAM01211_006_LUJ01.fits	604800	53207f2668d5e704bcf5e72ae5eafe39	1211	774438978	253440	885474798c5f1ef7c7f80aeec04641f049ef18a18d85aec193baeed7e4f48e10	9b89933fea5f52f63c3b01338668a8b044f4f37f18fde68f1aa8f555cf6e7ed4	2	100000	774438976.4122	2024-198T22:11:58.122293207	155
365	ls__1217_0774969346_651ea0__0560000scam01217_001_luj01	LS__1217_0774969346_651EA0__0560000SCAM01217_001_LUJ01.fits	https://pds-geosciences.wustl.edu/m2020/urn-nasa-pds-mars2020_supercam/data_raw_audio/sol_01217/LS__1217_0774969346_651EA0__0560000SCAM01217_001_LUJ01.fits	636480	4641d53cc557f742d19410e00887e929	1217	774969346	285120	85a2ff94c968cd3fafbb74495fe0cf9c1ed0f81a0aa1e0807b11d36ea1306c9a	9b89933fea5f52f63c3b01338668a8b044f4f37f18fde68f1aa8f555cf6e7ed4	2	100000	774969344.24077	2024-205T01:31:30.167284948	155
366	ls__1217_0774970771_615ea0__0560000scam01217_007_luj01	LS__1217_0774970771_615EA0__0560000SCAM01217_007_LUJ01.fits	https://pds-geosciences.wustl.edu/m2020/urn-nasa-pds-mars2020_supercam/data_raw_audio/sol_01217/LS__1217_0774970771_615EA0__0560000SCAM01217_007_LUJ01.fits	604800	06a5fee7c74226cdf13a36b9e30bed90	1217	774970771	253440	ec27213935ca88e6478e98d1c480ec51d58f9b823694416a1b5e87e4753af8f6	9b89933fea5f52f63c3b01338668a8b044f4f37f18fde68f1aa8f555cf6e7ed4	2	100000	774970769.2090501	2024-205T01:55:15.146890423	155
367	ls__1218_0775073125_772ea0__0560000scam01218_007_luj01	LS__1218_0775073125_772EA0__0560000SCAM01218_007_LUJ01.fits	https://pds-geosciences.wustl.edu/m2020/urn-nasa-pds-mars2020_supercam/data_raw_audio/sol_01218/LS__1218_0775073125_772EA0__0560000SCAM01218_007_LUJ01.fits	604800	566167a57ea411b10236837751016a31	1218	775073125	253440	3996e6b4884c505d6cafc4bcee7dd1a35d33c20b2ca40790ab696d6551a84cb1	9b89933fea5f52f63c3b01338668a8b044f4f37f18fde68f1aa8f555cf6e7ed4	2	100000	775073123.36606	2024-206T06:21:10.117618912	155
368	ls__1221_0775335787_995ea0__0561010scam02221_001_luj01	LS__1221_0775335787_995EA0__0561010SCAM02221_001_LUJ01.fits	https://pds-geosciences.wustl.edu/m2020/urn-nasa-pds-mars2020_supercam/data_raw_audio/sol_01221/LS__1221_0775335787_995EA0__0561010SCAM02221_001_LUJ01.fits	636480	4ed232a7343a5eaf83eb053db847dec5	1221	775335787	285120	c63a6e96c81beaa99bdcaaad0009d8fa3be09d710f4aa261f1939e16899aac46	9b89933fea5f52f63c3b01338668a8b044f4f37f18fde68f1aa8f555cf6e7ed4	2	100000	775335785.5997	2024-209T07:18:54.439426247	155
369	ls__1221_0775337752_026ea0__0561010scam02221_007_luj01	LS__1221_0775337752_026EA0__0561010SCAM02221_007_LUJ01.fits	https://pds-geosciences.wustl.edu/m2020/urn-nasa-pds-mars2020_supercam/data_raw_audio/sol_01221/LS__1221_0775337752_026EA0__0561010SCAM02221_007_LUJ01.fits	627840	613056015af8e48196bb1f9f358172a5	1221	775337752	276480	44224e53f6a8a4cd3256b17efd4a72946c01e3e5092fd26a5f718b080491fff6	9b89933fea5f52f63c3b01338668a8b044f4f37f18fde68f1aa8f555cf6e7ed4	2	100000	775337749.5997	2024-209T07:51:38.455040047	155
370	ls__1225_0775689825_622ea0__0561998scam01225_001_luj01	LS__1225_0775689825_622EA0__0561998SCAM01225_001_LUJ01.fits	https://pds-geosciences.wustl.edu/m2020/urn-nasa-pds-mars2020_supercam/data_raw_audio/sol_01225/LS__1225_0775689825_622EA0__0561998SCAM01225_001_LUJ01.fits	636480	f4c7803214ca2c284ae3f5619ce088ff	1225	775689825	285120	3c515771b83190eb1e5c89eb79f922fab675814439726b4c8d324af6b4e72fec	9b89933fea5f52f63c3b01338668a8b044f4f37f18fde68f1aa8f555cf6e7ed4	2	100000	775689823.18057	2024-213T09:39:34.834896597	155
371	ls__1225_0775693278_276ea0__0561998scam02225_003_luj01	LS__1225_0775693278_276EA0__0561998SCAM02225_003_LUJ01.fits	https://pds-geosciences.wustl.edu/m2020/urn-nasa-pds-mars2020_supercam/data_raw_audio/sol_01225/LS__1225_0775693278_276EA0__0561998SCAM02225_003_LUJ01.fits	604800	ceb0e3fdc1388ace5d4547015a09ef9a	1225	775693278	253440	1ff37b745b719192a2d2fa1b6c91aae59a0d59d8620e7e226974498be97e9148	9b89933fea5f52f63c3b01338668a8b044f4f37f18fde68f1aa8f555cf6e7ed4	2	100000	775693275.89763	2024-213T10:37:07.579401972	155
372	ls__1227_0775866247_615ea0__0562784scam04227_004_luj01	LS__1227_0775866247_615EA0__0562784SCAM04227_004_LUJ01.fits	https://pds-geosciences.wustl.edu/m2020/urn-nasa-pds-mars2020_supercam/data_raw_audio/sol_01227/LS__1227_0775866247_615EA0__0562784SCAM04227_004_LUJ01.fits	604800	ab8a85b8774a3f71bbf5baa4d28bea7c	1227	775866247	253440	50589c8898c440e223514d821d8c5733ef634a01acb3deb488ebb52f0c55a0a3	9b89933fea5f52f63c3b01338668a8b044f4f37f18fde68f1aa8f555cf6e7ed4	2	100000	775866245.19542	2024-215T10:39:58.252298418	155
373	ls__1228_0775957608_599ea0__0562932scam05228_001_luj02	LS__1228_0775957608_599EA0__0562932SCAM05228_001_LUJ02.fits	https://pds-geosciences.wustl.edu/m2020/urn-nasa-pds-mars2020_supercam/data_raw_audio/sol_01228/LS__1228_0775957608_599EA0__0562932SCAM05228_001_LUJ02.fits	645120	eda48f9a02a12b396407794ca6a1a0bc	1228	775957608	293760	2bd4beb8ddd92b3382f0dc67f0f4281c1f8f8117d99166ef33cb5ceee383301d	9b89933fea5f52f63c3b01338668a8b044f4f37f18fde68f1aa8f555cf6e7ed4	2	100000	775957606.16223	2024-216T12:02:39.945430237	155
374	ls__1231_0776213447_243ea0__0563368scam01231_001_luj01	LS__1231_0776213447_243EA0__0563368SCAM01231_001_LUJ01.fits	https://pds-geosciences.wustl.edu/m2020/urn-nasa-pds-mars2020_supercam/data_raw_audio/sol_01231/LS__1231_0776213447_243EA0__0563368SCAM01231_001_LUJ01.fits	636480	e4db3cd3d89c6fbcc290929f4921bae2	1231	776213447	285120	8bf00a0929f064046d767b069f7a46e720bfe7ad3810fbb57ac4696298dd8257	9b89933fea5f52f63c3b01338668a8b044f4f37f18fde68f1aa8f555cf6e7ed4	2	100000	776213444.83415	2024-219T11:06:40.651268454	155
375	ls__1232_0776298936_982ea0__0563438scam01232_001_luj01	LS__1232_0776298936_982EA0__0563438SCAM01232_001_LUJ01.fits	https://pds-geosciences.wustl.edu/m2020/urn-nasa-pds-mars2020_supercam/data_raw_audio/sol_01232/LS__1232_0776298936_982EA0__0563438SCAM01232_001_LUJ01.fits	636480	b378531127bebd2c759af770d1fee1f6	1232	776298936	285120	46c8ed52a9dce3b308c66fbe27fe25eb216f5ea937f8527239aa809bb89fba0d	9b89933fea5f52f63c3b01338668a8b044f4f37f18fde68f1aa8f555cf6e7ed4	2	100000	776298934.49414	2024-220T10:51:30.990899656	155
376	ls__1232_0776300308_873ea0__0563438scam01232_007_luj01	LS__1232_0776300308_873EA0__0563438SCAM01232_007_LUJ01.fits	https://pds-geosciences.wustl.edu/m2020/urn-nasa-pds-mars2020_supercam/data_raw_audio/sol_01232/LS__1232_0776300308_873EA0__0563438SCAM01232_007_LUJ01.fits	604800	dfddc75a0ecadb8818c9b2604ffe2998	1232	776300308	253440	22b5bb91ce1b9bccfc1f43072d7fe2ca24c9662a60921ce3a3f9cdaf075bd644	9b89933fea5f52f63c3b01338668a8b044f4f37f18fde68f1aa8f555cf6e7ed4	2	100000	776300306.4940799	2024-220T11:14:23.001746017	155
377	ls__1234_0776477362_433ea0__0563438scam01234_002_luj01	LS__1234_0776477362_433EA0__0563438SCAM01234_002_LUJ01.fits	https://pds-geosciences.wustl.edu/m2020/urn-nasa-pds-mars2020_supercam/data_raw_audio/sol_01234/LS__1234_0776477362_433EA0__0563438SCAM01234_002_LUJ01.fits	604800	0b4cf75cca3e95724042674f5a327dab	1234	776477362	253440	32c93310ca1a0e4cb4d0955057df58bd07e52d9931c068243f11abea6da0d40b	9b89933fea5f52f63c3b01338668a8b044f4f37f18fde68f1aa8f555cf6e7ed4	2	100000	776477360.03725	2024-222T12:25:17.952488804	155
378	ls__1238_0776842779_968ea0__0563438scam01238_001_luj01	LS__1238_0776842779_968EA0__0563438SCAM01238_001_LUJ01.fits	https://pds-geosciences.wustl.edu/m2020/urn-nasa-pds-mars2020_supercam/data_raw_audio/sol_01238/LS__1238_0776842779_968EA0__0563438SCAM01238_001_LUJ01.fits	636480	c76e5ce12e061cea1180a678a5e812c9	1238	776842779	285120	9b46c02ab3dd47bd52d46f85e6f5922357c7625812e4b5136e3033a46f33f6f4	9b89933fea5f52f63c3b01338668a8b044f4f37f18fde68f1aa8f555cf6e7ed4	2	100000	776842777.61607	2024-226T17:55:38.436385456	155
379	ls__1239_0776932109_978ea0__0563438scam01239_009_luj01	LS__1239_0776932109_978EA0__0563438SCAM01239_009_LUJ01.fits	https://pds-geosciences.wustl.edu/m2020/urn-nasa-pds-mars2020_supercam/data_raw_audio/sol_01239/LS__1239_0776932109_978EA0__0563438SCAM01239_009_LUJ01.fits	604800	3d4fbbe6bf822bdf54ff54cee6050ec1	1239	776932109	253440	52591f6670d3e6d8028202efe22e25ed339ba38cdc0ce23383d5f5093f4be5ff	9b89933fea5f52f63c3b01338668a8b044f4f37f18fde68f1aa8f555cf6e7ed4	2	100000	776932107.58453	2024-227T18:44:29.11501879	155
380	ls__1241_0777109108_747ea0__0563438scam01241_005_luj01	LS__1241_0777109108_747EA0__0563438SCAM01241_005_LUJ01.fits	https://pds-geosciences.wustl.edu/m2020/urn-nasa-pds-mars2020_supercam/data_raw_audio/sol_01241/LS__1241_0777109108_747EA0__0563438SCAM01241_005_LUJ01.fits	627840	3a8f3aac269353e375d64392fa8f4c96	1241	777109108	276480	3a39cfd2d302c4cd27efcefb838fd912de260e7b01428481bef2630bfd1fc0bc	9b89933fea5f52f63c3b01338668a8b044f4f37f18fde68f1aa8f555cf6e7ed4	2	100000	777109106.33411	2024-229T19:54:29.271731606	155
381	ls__1241_0777113584_819ea0__0563438scam02241_010_luj01	LS__1241_0777113584_819EA0__0563438SCAM02241_010_LUJ01.fits	https://pds-geosciences.wustl.edu/m2020/urn-nasa-pds-mars2020_supercam/data_raw_audio/sol_01241/LS__1241_0777113584_819EA0__0563438SCAM02241_010_LUJ01.fits	705600	5c5aaed242fe79ca13246cb4af657d89	1241	777113584	354240	5b771860cb0ab11755103faa51823e1eabbd5630898a2f4ad17cc83940e51a64	9b89933fea5f52f63c3b01338668a8b044f4f37f18fde68f1aa8f555cf6e7ed4	2	100000	777113582.43007	2024-229T21:09:05.40327909	155
382	ls__1245_0777465160_857ea0__0564106scam02245_001_luj01	LS__1245_0777465160_857EA0__0564106SCAM02245_001_LUJ01.fits	https://pds-geosciences.wustl.edu/m2020/urn-nasa-pds-mars2020_supercam/data_raw_audio/sol_01245/LS__1245_0777465160_857EA0__0564106SCAM02245_001_LUJ01.fits	636480	9639c70b08044d8982ead4f03e2d8bc3	1245	777465160	285120	8cabd960ce4f39d3b57dbad12aecafdc976275b2b7e07d4fd7b2abed4dfd0d38	9b89933fea5f52f63c3b01338668a8b044f4f37f18fde68f1aa8f555cf6e7ed4	2	100000	777465158.41223	2024-233T22:48:44.180470623	155
383	ls__1248_0777723222_667ea0__0565250scam01248_001_luj01	LS__1248_0777723222_667EA0__0565250SCAM01248_001_LUJ01.fits	https://pds-geosciences.wustl.edu/m2020/urn-nasa-pds-mars2020_supercam/data_raw_audio/sol_01248/LS__1248_0777723222_667EA0__0565250SCAM01248_001_LUJ01.fits	636480	7cfc4b0efa715a7dda2a2c5b7bea80b6	1248	777723222	285120	c6f803323355ca55fe0b00ca8d29217b0bdda573524dd9ddb634396a19261fbc	9b89933fea5f52f63c3b01338668a8b044f4f37f18fde68f1aa8f555cf6e7ed4	2	100000	777723220.2408	2024-236T22:29:48.060629665	155
384	ls__1248_0777729365_349ea0__0565250scam04248_001_luj01	LS__1248_0777729365_349EA0__0565250SCAM04248_001_LUJ01.fits	https://pds-geosciences.wustl.edu/m2020/urn-nasa-pds-mars2020_supercam/data_raw_audio/sol_01248/LS__1248_0777729365_349EA0__0565250SCAM04248_001_LUJ01.fits	636480	c02a186d7ce085b6a6bf8b28eddb0874	1248	777729365	285120	c10b04cebaeb9ba9f8642cf01c19c6e58293d7093e84f6d9fb39791907226075	9b89933fea5f52f63c3b01338668a8b044f4f37f18fde68f1aa8f555cf6e7ed4	2	100000	777729362.82025	2024-237T00:12:10.688915688	155
385	ls__1251_0777990752_523ea0__0570000scam01251_003_luj01	LS__1251_0777990752_523EA0__0570000SCAM01251_003_LUJ01.fits	https://pds-geosciences.wustl.edu/m2020/urn-nasa-pds-mars2020_supercam/data_raw_audio/sol_01251/LS__1251_0777990752_523EA0__0570000SCAM01251_003_LUJ01.fits	604800	7add13d187ff0a3b865c22619c1be839	1251	777990752	253440	bd6efd0455a7b9d43cc2708f8ab8558eaeb00bb210c92bf4b7ae46e04b12c667	9b89933fea5f52f63c3b01338668a8b044f4f37f18fde68f1aa8f555cf6e7ed4	2	100000	777990750.02492	2024-240T00:48:39.971610104	155
386	ls__1252_0778078999_680ea0__0580000scam01252_003_luj01	LS__1252_0778078999_680EA0__0580000SCAM01252_003_LUJ01.fits	https://pds-geosciences.wustl.edu/m2020/urn-nasa-pds-mars2020_supercam/data_raw_audio/sol_01252/LS__1252_0778078999_680EA0__0580000SCAM01252_003_LUJ01.fits	604800	ab02ea7e34859268f395e9ce8bb4ff57	1252	778078999	253440	5579f5d87fa4baecff03095555c2a16ac6e6e2f366026102803a101c973dbc7f	9b89933fea5f52f63c3b01338668a8b044f4f37f18fde68f1aa8f555cf6e7ed4	2	100000	778078997.24138	2024-241T01:19:27.889636654	155
387	ls__1253_0778167020_708ea0__0590000scam01253_004_luj01	LS__1253_0778167020_708EA0__0590000SCAM01253_004_LUJ01.fits	https://pds-geosciences.wustl.edu/m2020/urn-nasa-pds-mars2020_supercam/data_raw_audio/sol_01253/LS__1253_0778167020_708EA0__0590000SCAM01253_004_LUJ01.fits	604800	ae4e2aa1130554f4951b8ecc129bc57d	1253	778167020	253440	cdab3bd8abd008e0dca9cb5c6f27604d9ccd2baa82b766a8aefb43812abbf0b0	9b89933fea5f52f63c3b01338668a8b044f4f37f18fde68f1aa8f555cf6e7ed4	2	100000	778167018.27312	2024-242T01:46:29.62114214	155
388	ls__1255_0778344296_839ea0__0590204scam01255_001_luj01	LS__1255_0778344296_839EA0__0590204SCAM01255_001_LUJ01.fits	https://pds-geosciences.wustl.edu/m2020/urn-nasa-pds-mars2020_supercam/data_raw_audio/sol_01255/LS__1255_0778344296_839EA0__0590204SCAM01255_001_LUJ01.fits	636480	c645cc50c9e92fffbd77667572367dfe	1255	778344296	285120	3ca4ed91b1dbe85574763d4569fe95254a13952ad520c1daddc8c22a99582d7d	9b89933fea5f52f63c3b01338668a8b044f4f37f18fde68f1aa8f555cf6e7ed4	2	100000	778344294.44542	2024-244T03:01:07.202789955	155
389	ls__1261_0778883977_602ea0__0590204scam01261_001_luj01	LS__1261_0778883977_602EA0__0590204SCAM01261_001_LUJ01.fits	https://pds-geosciences.wustl.edu/m2020/urn-nasa-pds-mars2020_supercam/data_raw_audio/sol_01261/LS__1261_0778883977_602EA0__0590204SCAM01261_001_LUJ01.fits	636480	6aaffbaf406535327336f5144051a34a	1261	778883977	285120	e9806d3f4060c6414bdef4a96eb62d9d006480e04079b06dd58f022b401fca90	9b89933fea5f52f63c3b01338668a8b044f4f37f18fde68f1aa8f555cf6e7ed4	2	100000	778883975.22566	2024-250T08:55:52.27349508	155
390	ls__1265_0779232679_401ea0__0590330scam01265_001_luj01	LS__1265_0779232679_401EA0__0590330SCAM01265_001_LUJ01.fits	https://pds-geosciences.wustl.edu/m2020/urn-nasa-pds-mars2020_supercam/data_raw_audio/sol_01265/LS__1265_0779232679_401EA0__0590330SCAM01265_001_LUJ01.fits	636480	ac562843a9f7395cc378bc26b240a095	1265	779232679	285120	25f3907fb3f12f0f42242672077ad566562dddedfecad5e00b1bef2b5f26761d	9b89933fea5f52f63c3b01338668a8b044f4f37f18fde68f1aa8f555cf6e7ed4	2	100000	779232676.97551	2024-254T09:47:36.7955214	155
391	ls__1265_0779234038_431ea0__0590330scam01265_007_luj01	LS__1265_0779234038_431EA0__0590330SCAM01265_007_LUJ01.fits	https://pds-geosciences.wustl.edu/m2020/urn-nasa-pds-mars2020_supercam/data_raw_audio/sol_01265/LS__1265_0779234038_431EA0__0590330SCAM01265_007_LUJ01.fits	604800	defb55495371a367009a6b4f8e98dee4	1265	779234038	253440	460be93666c4502597f8a90e7883d4cd2b9aba191893ec350f96a68ff95e4ddc	9b89933fea5f52f63c3b01338668a8b044f4f37f18fde68f1aa8f555cf6e7ed4	2	100000	779234035.97563	2024-254T10:10:15.80644752	155
392	ls__1268_0779496351_794ea0__0591914scam01268_001_luj01	LS__1268_0779496351_794EA0__0591914SCAM01268_001_LUJ01.fits	https://pds-geosciences.wustl.edu/m2020/urn-nasa-pds-mars2020_supercam/data_raw_audio/sol_01268/LS__1268_0779496351_794EA0__0591914SCAM01268_001_LUJ01.fits	636480	d63cf3c2e59389d7e9e96b336a168a49	1268	779496351	285120	7a1329dd62848ceb20f38ead4a347c921ab2fcc328f68f0bba4f00887b611a91	9b89933fea5f52f63c3b01338668a8b044f4f37f18fde68f1aa8f555cf6e7ed4	2	100000	779496349.41223	2024-257T11:02:11.328439075	155
393	ls__1268_0779497658_806ea0__0591914scam01268_007_luj01	LS__1268_0779497658_806EA0__0591914SCAM01268_007_LUJ01.fits	https://pds-geosciences.wustl.edu/m2020/urn-nasa-pds-mars2020_supercam/data_raw_audio/sol_01268/LS__1268_0779497658_806EA0__0591914SCAM01268_007_LUJ01.fits	604800	281da900facf503d1dce4873e70843a3	1268	779497658	253440	5ee8b56a334101280dae197d7a27abd7f905c9b436222e17a9a6059ec00db5f9	9b89933fea5f52f63c3b01338668a8b044f4f37f18fde68f1aa8f555cf6e7ed4	2	100000	779497656.39697	2024-257T11:23:58.323570816	155
394	ls__1269_0779593817_224ea0__0592902scam04269_001_luj01	LS__1269_0779593817_224EA0__0592902SCAM04269_001_LUJ01.fits	https://pds-geosciences.wustl.edu/m2020/urn-nasa-pds-mars2020_supercam/data_raw_audio/sol_01269/LS__1269_0779593817_224EA0__0592902SCAM04269_001_LUJ01.fits	636480	1d2a261b7c8a508f4ad4812251ab6ba9	1269	779593817	285120	41ed20907c3f0696f6ae74cd15be24c5b041b0f2cae491e9e70820128a1da488	9b89933fea5f52f63c3b01338668a8b044f4f37f18fde68f1aa8f555cf6e7ed4	2	100000	779593814.69603	2024-258T14:06:37.3870863	155
395	ls__1269_0779596992_584ea0__0592902scam05269_003_luj01	LS__1269_0779596992_584EA0__0592902SCAM05269_003_LUJ01.fits	https://pds-geosciences.wustl.edu/m2020/urn-nasa-pds-mars2020_supercam/data_raw_audio/sol_01269/LS__1269_0779596992_584EA0__0592902SCAM05269_003_LUJ01.fits	604800	715e9f6f3cf162e80b80cd435aa11dfe	1269	779596992	253440	d93ebe9ebd60110cf31c7696159341df25e9b874bb19d9aece715f752c04ad16	9b89933fea5f52f63c3b01338668a8b044f4f37f18fde68f1aa8f555cf6e7ed4	2	100000	779596990.16234	2024-258T14:59:32.878639847	155
396	ls__1275_0780126069_790ea0__0594812scam01275_001_luj01	LS__1275_0780126069_790EA0__0594812SCAM01275_001_LUJ01.fits	https://pds-geosciences.wustl.edu/m2020/urn-nasa-pds-mars2020_supercam/data_raw_audio/sol_01275/LS__1275_0780126069_790EA0__0594812SCAM01275_001_LUJ01.fits	636480	695942833a19fc5725572dbba0e36b39	1275	780126069	285120	5b455f1128a8d64bf0e3ea245da412a48011b7dd9ab04fac599c2b0e1a81254b	9b89933fea5f52f63c3b01338668a8b044f4f37f18fde68f1aa8f555cf6e7ed4	2	100000	780126067.39645	2024-264T17:57:34.31891946	155
397	ls__1275_0780126569_807ea0__0594812scam01275_004_luj01	LS__1275_0780126569_807EA0__0594812SCAM01275_004_LUJ01.fits	https://pds-geosciences.wustl.edu/m2020/urn-nasa-pds-mars2020_supercam/data_raw_audio/sol_01275/LS__1275_0780126569_807EA0__0594812SCAM01275_004_LUJ01.fits	604800	e545774c413ecf1a4f2048824c0eb7ea	1275	780126569	253440	d9a07ed74303cba250dab91ae9dbaeb9fa91785eec53b1979e5b27947b68ce76	9b89933fea5f52f63c3b01338668a8b044f4f37f18fde68f1aa8f555cf6e7ed4	2	100000	780126567.4122	2024-264T18:05:54.338641655	155
398	ls__1275_0780130276_327ea0__0594812scam02275_009_luj01	LS__1275_0780130276_327EA0__0594812SCAM02275_009_LUJ01.fits	https://pds-geosciences.wustl.edu/m2020/urn-nasa-pds-mars2020_supercam/data_raw_audio/sol_01275/LS__1275_0780130276_327EA0__0594812SCAM02275_009_LUJ01.fits	604800	424ec034f1e021f6c0c71210eba1d6a5	1275	780130276	253440	9e57823a0647b09579f07fd4a66c3d53f64cd684571413f611474e6d905281ef	9b89933fea5f52f63c3b01338668a8b044f4f37f18fde68f1aa8f555cf6e7ed4	2	100000	780130273.89714	2024-264T19:07:40.85304779	155
399	ls__1277_0780306287_948ea0__0594812scam01277_004_luj01	LS__1277_0780306287_948EA0__0594812SCAM01277_004_LUJ01.fits	https://pds-geosciences.wustl.edu/m2020/urn-nasa-pds-mars2020_supercam/data_raw_audio/sol_01277/LS__1277_0780306287_948EA0__0594812SCAM01277_004_LUJ01.fits	604800	98850a5a72384a55ec3d5d65d0253091	1277	780306287	253440	dba719b0b5fe03a58643f4658c8b74443bafd91825934949031492a675c5f084	9b89933fea5f52f63c3b01338668a8b044f4f37f18fde68f1aa8f555cf6e7ed4	2	100000	780306285.5555	2024-266T20:01:13.910696182	155
400	ls__1279_0780477002_230ea0__0595870scam01279_009_luj01	LS__1279_0780477002_230EA0__0595870SCAM01279_009_LUJ01.fits	https://pds-geosciences.wustl.edu/m2020/urn-nasa-pds-mars2020_supercam/data_raw_audio/sol_01279/LS__1279_0780477002_230EA0__0595870SCAM01279_009_LUJ01.fits	604800	50800a1c75b78cf5e89aa1b6a590afdd	1279	780477002	253440	1d726e005f178ddad3f1eca550b1a4866e4e585ac4233461b2e134406d1887e5	9b89933fea5f52f63c3b01338668a8b044f4f37f18fde68f1aa8f555cf6e7ed4	2	100000	780476999.8202699	2024-268T19:26:29.532645096	155
401	ls__1280_0780573298_654ea0__0600000scam02280_005_luj01	LS__1280_0780573298_654EA0__0600000SCAM02280_005_LUJ01.fits	https://pds-geosciences.wustl.edu/m2020/urn-nasa-pds-mars2020_supercam/data_raw_audio/sol_01280/LS__1280_0780573298_654EA0__0600000SCAM02280_005_LUJ01.fits	708480	71a207a9efa863c20db271162063c578	1280	780573298	357120	8f05d4370cf5279b991193d647d20e06805669702b4a1337767e98dbb9d30345	9b89933fea5f52f63c3b01338668a8b044f4f37f18fde68f1aa8f555cf6e7ed4	2	100000	780573296.22551	2024-269T22:11:26.703444435	155
402	ls__1281_0780662054_841ea0__0600236scam02281_005_luj01	LS__1281_0780662054_841EA0__0600236SCAM02281_005_LUJ01.fits	https://pds-geosciences.wustl.edu/m2020/urn-nasa-pds-mars2020_supercam/data_raw_audio/sol_01281/LS__1281_0780662054_841EA0__0600236SCAM02281_005_LUJ01.fits	708480	f4a9f835a9c6f7ae1c34aab7fccda80a	1281	780662054	357120	25431a01f15029809d3daecabc0703b42d7fdaebe62ee60d82e7f2384f0ce463	9b89933fea5f52f63c3b01338668a8b044f4f37f18fde68f1aa8f555cf6e7ed4	2	100000	780662052.4122	2024-270T22:50:43.59574741	155
403	ls__1286_0781097449_118ea0__0601682scam01286_005_luj01	LS__1286_0781097449_118EA0__0601682SCAM01286_005_LUJ01.fits	https://pds-geosciences.wustl.edu/m2020/urn-nasa-pds-mars2020_supercam/data_raw_audio/sol_01286/LS__1286_0781097449_118EA0__0601682SCAM01286_005_LUJ01.fits	630720	cf2d057fc8c854eb48c4ebf83dbbcccd	1286	781097449	279360	d7e4f64c470817becdde383358b32193be07562584b813e103b2014a5378db6f	9b89933fea5f52f63c3b01338668a8b044f4f37f18fde68f1aa8f555cf6e7ed4	2	100000	781097446.69556	2024-275T23:47:21.34048767	155
404	ls__1288_0781274949_664ea0__0601874scam01288_007_luj01	LS__1288_0781274949_664EA0__0601874SCAM01288_007_LUJ01.fits	https://pds-geosciences.wustl.edu/m2020/urn-nasa-pds-mars2020_supercam/data_raw_audio/sol_01288/LS__1288_0781274949_664EA0__0601874SCAM01288_007_LUJ01.fits	604800	c122fa6cb05441fb669988358ca0a1d6	1288	781274949	253440	d75a8507d89f69cb3841ce8187550343341e6e78e4b240926afe45128e23854f	9b89933fea5f52f63c3b01338668a8b044f4f37f18fde68f1aa8f555cf6e7ed4	2	100000	781274947.20906	2024-278T01:05:43.26512078	155
405	ls__1289_0781371442_764ea0__0602250scam05289_003_luj01	LS__1289_0781371442_764EA0__0602250SCAM05289_003_LUJ01.fits	https://pds-geosciences.wustl.edu/m2020/urn-nasa-pds-mars2020_supercam/data_raw_audio/sol_01289/LS__1289_0781371442_764EA0__0602250SCAM05289_003_LUJ01.fits	604800	62598e33fd9f95ba5cd298280f6430e8	1289	781371442	253440	0d0f261a46a232136e62857e7dc6ca573744d99c3b1216fc6626acd7a78ef7fa	9b89933fea5f52f63c3b01338668a8b044f4f37f18fde68f1aa8f555cf6e7ed4	2	100000	781371440.35054	2024-279T03:53:57.173720753	155
406	ls__1293_0781715467_866ea0__0602500scam01293_005_luj01	LS__1293_0781715467_866EA0__0602500SCAM01293_005_LUJ01.fits	https://pds-geosciences.wustl.edu/m2020/urn-nasa-pds-mars2020_supercam/data_raw_audio/sol_01293/LS__1293_0781715467_866EA0__0602500SCAM01293_005_LUJ01.fits	627840	38661b2c9727106de8a4734889f8fb10	1293	781715467	276480	13f62363a7a57b7a51a5032894d4e451738ad3ddfb1432ea4d488dffda187487	9b89933fea5f52f63c3b01338668a8b044f4f37f18fde68f1aa8f555cf6e7ed4	2	100000	781715465.4590501	2024-283T03:27:45.017225613	155
407	ls__1293_0781720065_085ea0__0602500scam02293_010_luj01	LS__1293_0781720065_085EA0__0602500SCAM02293_010_LUJ01.fits	https://pds-geosciences.wustl.edu/m2020/urn-nasa-pds-mars2020_supercam/data_raw_audio/sol_01293/LS__1293_0781720065_085EA0__0602500SCAM02293_010_LUJ01.fits	708480	6a902203e8cd77ba685a6dafad7b9343	1293	781720065	357120	d44ef3da5d16654c8990b7b0da278ac21dc5e4c639a87b5345d4cb2d075ff971	9b89933fea5f52f63c3b01338668a8b044f4f37f18fde68f1aa8f555cf6e7ed4	2	100000	781720062.60059	2024-283T04:44:22.19531341	155
408	ls__1295_0781894318_122ea0__0603632scam01295_006_luj01	LS__1295_0781894318_122EA0__0603632SCAM01295_006_LUJ01.fits	https://pds-geosciences.wustl.edu/m2020/urn-nasa-pds-mars2020_supercam/data_raw_audio/sol_01295/LS__1295_0781894318_122EA0__0603632SCAM01295_006_LUJ01.fits	604800	e5f33b986f6109b0a7698268d57499be	1295	781894318	253440	50d08d7202055b44cc1bbb43538271ebb2379d7789db78ece9abcf6dc0343c3b	9b89933fea5f52f63c3b01338668a8b044f4f37f18fde68f1aa8f555cf6e7ed4	2	100000	781894315.70918	2024-285T05:08:36.68922243	155
409	ls__1297_0782078819_574ea0__0603852scam04297_001_luj01	LS__1297_0782078819_574EA0__0603852SCAM04297_001_LUJ01.fits	https://pds-geosciences.wustl.edu/m2020/urn-nasa-pds-mars2020_supercam/data_raw_audio/sol_01297/LS__1297_0782078819_574EA0__0603852SCAM04297_001_LUJ01.fits	636480	5ff7d33ea82ee26349381bd28131d655	1297	782078819	285120	477e47b19cb5e55325334adf1b2d423a5b7ddb28312689694c59548d90ddea52	9b89933fea5f52f63c3b01338668a8b044f4f37f18fde68f1aa8f555cf6e7ed4	2	100000	782078817.15448	2024-287T08:23:39.60130616	155
410	ls__1299_0782251363_038ea0__0604560scam01299_001_luj01	LS__1299_0782251363_038EA0__0604560SCAM01299_001_LUJ01.fits	https://pds-geosciences.wustl.edu/m2020/urn-nasa-pds-mars2020_supercam/data_raw_audio/sol_01299/LS__1299_0782251363_038EA0__0604560SCAM01299_001_LUJ01.fits	636480	49ce5529ffbba43d580b48152477892d	1299	782251363	285120	f5dbb4ff94a554d5d10d2ef5c963f80784b01dfb5650adb1d290ff7558d499d2	9b89933fea5f52f63c3b01338668a8b044f4f37f18fde68f1aa8f555cf6e7ed4	2	100000	782251360.60219	2024-289T08:19:24.4207347	155
411	ls__1299_0782257713_400ea0__0604560scam04299_003_luj01	LS__1299_0782257713_400EA0__0604560SCAM04299_003_LUJ01.fits	https://pds-geosciences.wustl.edu/m2020/urn-nasa-pds-mars2020_supercam/data_raw_audio/sol_01299/LS__1299_0782257713_400EA0__0604560SCAM04299_003_LUJ01.fits	604800	b4b9f4d2c558ab517765ad19a39f59b6	1299	782257713	253440	86b371bb168342f1586a116671c071771f74223873fbce7e3ceac1ad358c4cbc	9b89933fea5f52f63c3b01338668a8b044f4f37f18fde68f1aa8f555cf6e7ed4	2	100000	782257710.96034	2024-289T10:05:14.829374344	155
412	ls__1300_0782341303_270ea0__0610000scam01300_009_luj01	LS__1300_0782341303_270EA0__0610000SCAM01300_009_LUJ01.fits	https://pds-geosciences.wustl.edu/m2020/urn-nasa-pds-mars2020_supercam/data_raw_audio/sol_01300/LS__1300_0782341303_270EA0__0610000SCAM01300_009_LUJ01.fits	604800	c3c32070134b313623891656ef39ceb8	1300	782341303	253440	fbc541f11df35f79fae441e6f5a6adae46f2bf9a8d0c55e1cbd4eacca8271b14	9b89933fea5f52f63c3b01338668a8b044f4f37f18fde68f1aa8f555cf6e7ed4	2	100000	782341300.8202699	2024-290T09:18:25.353838047	155
413	ls__1301_0782434786_662ea0__0610000scam04301_004_luj02	LS__1301_0782434786_662EA0__0610000SCAM04301_004_LUJ02.fits	https://pds-geosciences.wustl.edu/m2020/urn-nasa-pds-mars2020_supercam/data_raw_audio/sol_01301/LS__1301_0782434786_662EA0__0610000SCAM04301_004_LUJ02.fits	604800	3fb0c854b25afdafb41f91392794618a	1301	782434786	253440	d6bb3c1f353461c6e08003ef5aa49429a2dee996719b56638832ca0adabaf0fd	9b89933fea5f52f63c3b01338668a8b044f4f37f18fde68f1aa8f555cf6e7ed4	2	100000	782434784.24237	2024-291T11:16:29.51913513	155
414	ls__1303_0782612418_647ea0__0610376scam07303_001_luj01	LS__1303_0782612418_647EA0__0610376SCAM07303_001_LUJ01.fits	https://pds-geosciences.wustl.edu/m2020/urn-nasa-pds-mars2020_supercam/data_raw_audio/sol_01303/LS__1303_0782612418_647EA0__0610376SCAM07303_001_LUJ01.fits	636480	2682f17b91178b0045929e7be29f8a1e	1303	782612418	285120	49e46720423c520929b1e2f0c9bec0378ccaa200686306629676c6f234819ec7	9b89933fea5f52f63c3b01338668a8b044f4f37f18fde68f1aa8f555cf6e7ed4	2	100000	782612416.24107	2024-293T12:37:02.930012527	155
415	ls__1304_0782700945_146ea0__0610376scam04304_007_luj01	LS__1304_0782700945_146EA0__0610376SCAM04304_007_LUJ01.fits	https://pds-geosciences.wustl.edu/m2020/urn-nasa-pds-mars2020_supercam/data_raw_audio/sol_01304/LS__1304_0782700945_146EA0__0610376SCAM04304_007_LUJ01.fits	627840	2ac0e61fa8575fb5a719116a677e3c72	1304	782700945	276480	9fa53b71905c7e358091a6c8d791db66864e47af44184a88bd7ed563dcbdda3e	9b89933fea5f52f63c3b01338668a8b044f4f37f18fde68f1aa8f555cf6e7ed4	2	100000	782700942.41222	2024-294T13:12:29.804938164	155
416	ls__1306_0782877787_209ea0__0611394scam04306_002_luj02	LS__1306_0782877787_209EA0__0611394SCAM04306_002_LUJ02.fits	https://pds-geosciences.wustl.edu/m2020/urn-nasa-pds-mars2020_supercam/data_raw_audio/sol_01306/LS__1306_0782877787_209EA0__0611394SCAM04306_002_LUJ02.fits	604800	4a936b1620721a25fbe7cb6057bbddc0	1306	782877787	253440	936aa3c21650fab96032136f3a4bf39f81a42308c38338b2e8a0a7fd0b61b6b2	9b89933fea5f52f63c3b01338668a8b044f4f37f18fde68f1aa8f555cf6e7ed4	2	100000	782877784.77203	2024-296T14:19:53.570652428	155
417	ls__1306_0782882062_227ea0__0611394scam05306_007_luj02	LS__1306_0782882062_227EA0__0611394SCAM05306_007_LUJ02.fits	https://pds-geosciences.wustl.edu/m2020/urn-nasa-pds-mars2020_supercam/data_raw_audio/sol_01306/LS__1306_0782882062_227EA0__0611394SCAM05306_007_LUJ02.fits	604800	0267ebd57645165044b93b882608d651	1306	782882062	253440	4d8a93340b6a74f02db47030703e1d514f8268c468aec15c4cb9316d50eb0792	9b89933fea5f52f63c3b01338668a8b044f4f37f18fde68f1aa8f555cf6e7ed4	2	100000	782882059.80589	2024-296T15:31:08.638498203	155
418	ls__1308_0783055701_640ea0__0611578scam04308_002_luj01	LS__1308_0783055701_640EA0__0611578SCAM04308_002_LUJ01.fits	https://pds-geosciences.wustl.edu/m2020/urn-nasa-pds-mars2020_supercam/data_raw_audio/sol_01308/LS__1308_0783055701_640EA0__0611578SCAM04308_002_LUJ01.fits	604800	714546476b96d68353b5c09ff024cd3e	1308	783055701	253440	de3de34ec71796c0dcdc79877a249f55d05bcf249f00d0956907eb962acd3b6d	9b89933fea5f52f63c3b01338668a8b044f4f37f18fde68f1aa8f555cf6e7ed4	2	100000	783055699.22552	2024-298T15:45:09.43856355	155
419	ls__1310_0783237237_898ea0__0611678scam02310_008_luj01	LS__1310_0783237237_898EA0__0611678SCAM02310_008_LUJ01.fits	https://pds-geosciences.wustl.edu/m2020/urn-nasa-pds-mars2020_supercam/data_raw_audio/sol_01310/LS__1310_0783237237_898EA0__0611678SCAM02310_008_LUJ01.fits	604800	3aee6766bb7c17d163bd3dc9fb0975db	1310	783237237	253440	c2da5de7f23a9d421eb44c1766ba45ed5a88b7b24b096247994f41333bc6e483	9b89933fea5f52f63c3b01338668a8b044f4f37f18fde68f1aa8f555cf6e7ed4	2	100000	783237235.4801199	2024-300T18:10:47.136369667	155
420	ls__1312_0783412465_728ea0__0611928scam01312_003_luj01	LS__1312_0783412465_728EA0__0611928SCAM01312_003_LUJ01.fits	https://pds-geosciences.wustl.edu/m2020/urn-nasa-pds-mars2020_supercam/data_raw_audio/sol_01312/LS__1312_0783412465_728EA0__0611928SCAM01312_003_LUJ01.fits	604800	119f13989b9f7853e85b28d7b9605008	1312	783412465	253440	71a236ae772c52d2108565d535c62462a35292e59f28e2f18d285119215bcb52	9b89933fea5f52f63c3b01338668a8b044f4f37f18fde68f1aa8f555cf6e7ed4	2	100000	783412463.3056	2024-302T18:51:16.354916107	155
421	ls__1312_0783416168_232ea0__0611928scam02312_008_luj01	LS__1312_0783416168_232EA0__0611928SCAM02312_008_LUJ01.fits	https://pds-geosciences.wustl.edu/m2020/urn-nasa-pds-mars2020_supercam/data_raw_audio/sol_01312/LS__1312_0783416168_232EA0__0611928SCAM02312_008_LUJ01.fits	604800	a800a65ffa832c92d85d4995e4496ba5	1312	783416168	253440	17b650c596ad96bd6b40524baf385782e0d42bb6c38ba77914718f65a55eda56	9b89933fea5f52f63c3b01338668a8b044f4f37f18fde68f1aa8f555cf6e7ed4	2	100000	783416165.83427	2024-302T19:52:58.913022476	155
422	ls__1313_0783502991_243ea0__0611928scam02313_003_luj01	LS__1313_0783502991_243EA0__0611928SCAM02313_003_LUJ01.fits	https://pds-geosciences.wustl.edu/m2020/urn-nasa-pds-mars2020_supercam/data_raw_audio/sol_01313/LS__1313_0783502991_243EA0__0611928SCAM02313_003_LUJ01.fits	604800	04b86755d9654fcead594aa5422e173c	1313	783502991	253440	f1dc8f3c9eac629f472ba0393990ca5817c2dcf273cf1e389a70e19d1576e449	9b89933fea5f52f63c3b01338668a8b044f4f37f18fde68f1aa8f555cf6e7ed4	2	100000	783502988.80556	2024-303T20:00:02.574548058	155
423	ls__1314_0783588348_698ea0__0612080scam01314_009_luj01	LS__1314_0783588348_698EA0__0612080SCAM01314_009_LUJ01.fits	https://pds-geosciences.wustl.edu/m2020/urn-nasa-pds-mars2020_supercam/data_raw_audio/sol_01314/LS__1314_0783588348_698EA0__0612080SCAM01314_009_LUJ01.fits	604800	83bd209f236ead508e5d1116c4517871	1314	783588348	253440	9f0614bdb30760b0752084691026f31c83681e144980f7c6d754b6b0cd01722d	9b89933fea5f52f63c3b01338668a8b044f4f37f18fde68f1aa8f555cf6e7ed4	2	100000	783588346.2719899	2024-304T19:42:40.71957058	155
424	ls__1316_0783764277_179ea0__0612080scam01316_003_luj01	LS__1316_0783764277_179EA0__0612080SCAM01316_003_LUJ01.fits	https://pds-geosciences.wustl.edu/m2020/urn-nasa-pds-mars2020_supercam/data_raw_audio/sol_01316/LS__1316_0783764277_179EA0__0612080SCAM01316_003_LUJ01.fits	604800	d55c8da79aa5e6b09849964b7dc2dc44	1316	783764277	253440	72e48992d9685df9a04baa4b716f53d4ee0bb58c2a53b670db858f68273082b2	9b89933fea5f52f63c3b01338668a8b044f4f37f18fde68f1aa8f555cf6e7ed4	2	100000	783764274.74095	2024-306T20:34:50.58716553	155
425	ls__1319_0784024125_285ea0__0612534scam01319_001_luj01	LS__1319_0784024125_285EA0__0612534SCAM01319_001_LUJ01.fits	https://pds-geosciences.wustl.edu/m2020/urn-nasa-pds-mars2020_supercam/data_raw_audio/sol_01319/LS__1319_0784024125_285EA0__0612534SCAM01319_001_LUJ01.fits	636480	9cf6f1ce9e539099f4c87ca35f369828	1319	784024125	285120	2cd578c1c65da9fb8d6c7e4951dd9b2d1095f1fb0885c67f38b6d7bcfa454437	9b89933fea5f52f63c3b01338668a8b044f4f37f18fde68f1aa8f555cf6e7ed4	2	100000	784024122.83415	2024-309T20:45:40.746158554	155
426	ls__1319_0784031724_617ea0__0612534scam04319_001_luj01	LS__1319_0784031724_617EA0__0612534SCAM04319_001_LUJ01.fits	https://pds-geosciences.wustl.edu/m2020/urn-nasa-pds-mars2020_supercam/data_raw_audio/sol_01319/LS__1319_0784031724_617EA0__0612534SCAM04319_001_LUJ01.fits	636480	26b3b364928265dd4c88f615d65067ec	1319	784031724	285120	ff2f1433942c8372efb1f833575e8cbc7cb646ae8d39632f341580c33e6ebc6e	9b89933fea5f52f63c3b01338668a8b044f4f37f18fde68f1aa8f555cf6e7ed4	2	100000	784031722.19542	2024-309T22:52:20.16784057	155
427	ls__1321_0784201304_686ea0__0612674scam01321_001_luj01	LS__1321_0784201304_686EA0__0612674SCAM01321_001_LUJ01.fits	https://pds-geosciences.wustl.edu/m2020/urn-nasa-pds-mars2020_supercam/data_raw_audio/sol_01321/LS__1321_0784201304_686EA0__0612674SCAM01321_001_LUJ01.fits	636480	1affa25cd29d7fcb9092e867d4e4fd84	1321	784201304	285120	b5baada78b81a46b47027087c9fcf54eef8c300427962b96716f572988595bed	9b89933fea5f52f63c3b01338668a8b044f4f37f18fde68f1aa8f555cf6e7ed4	2	100000	784201302.24078	2024-311T21:58:41.56136631	155
428	ls__1321_0784202853_728ea0__0612674scam01321_008_luj01	LS__1321_0784202853_728EA0__0612674SCAM01321_008_LUJ01.fits	https://pds-geosciences.wustl.edu/m2020/urn-nasa-pds-mars2020_supercam/data_raw_audio/sol_01321/LS__1321_0784202853_728EA0__0612674SCAM01321_008_LUJ01.fits	604800	65c0917b18807d5d08ff846a1d4f6a69	1321	784202853	253440	bf700ffe599f102c0d09a07bdcf61cc2cb154d6fc1388d60847117622df4f0d8	9b89933fea5f52f63c3b01338668a8b044f4f37f18fde68f1aa8f555cf6e7ed4	2	100000	784202851.2413599	2024-311T22:24:30.574260696	155
429	ls__1322_0784289803_655ea0__0612782scam01322_004_luj01	LS__1322_0784289803_655EA0__0612782SCAM01322_004_LUJ01.fits	https://pds-geosciences.wustl.edu/m2020/urn-nasa-pds-mars2020_supercam/data_raw_audio/sol_01322/LS__1322_0784289803_655EA0__0612782SCAM01322_004_LUJ01.fits	604800	6ee3b98f5233ba6e673dabacd047dd0a	1322	784289803	253440	85e56b9420f0b53a57d14a226aaacad021fbe8aaef17c6294bc34823abeff061	9b89933fea5f52f63c3b01338668a8b044f4f37f18fde68f1aa8f555cf6e7ed4	2	100000	784289801.24165	2024-312T22:33:41.265803116	155
430	ls__1323_0784378299_100ea0__0613516scam01323_001_luj01	LS__1323_0784378299_100EA0__0613516SCAM01323_001_LUJ01.fits	https://pds-geosciences.wustl.edu/m2020/urn-nasa-pds-mars2020_supercam/data_raw_audio/sol_01323/LS__1323_0784378299_100EA0__0613516SCAM01323_001_LUJ01.fits	636480	6393e2fe2292f49048736221ac2b9579	1323	784378299	285120	df267d26118d83e4a7bbc07bc52c43fdb0e84b5d4ea9b3ce2d0b786cc6c6ea5b	9b89933fea5f52f63c3b01338668a8b044f4f37f18fde68f1aa8f555cf6e7ed4	2	100000	784378296.66434	2024-313T23:08:37.39202544	155
431	ls__1323_0784388941_208ea0__0613516scam05323_004_luj01	LS__1323_0784388941_208EA0__0613516SCAM05323_004_LUJ01.fits	https://pds-geosciences.wustl.edu/m2020/urn-nasa-pds-mars2020_supercam/data_raw_audio/sol_01323/LS__1323_0784388941_208EA0__0613516SCAM05323_004_LUJ01.fits	604800	e89dfecbb227768c521ea533e5049cca	1323	784388941	253440	667c6964e29151004bd35879826cc0460aedcf2fd47f3aac4f0218d79db4ed1d	9b89933fea5f52f63c3b01338668a8b044f4f37f18fde68f1aa8f555cf6e7ed4	2	100000	784388938.80582	2024-314T02:05:59.618109962	155
432	ls__1336_0785539090_164ea0__0620634scam01336_001_luj01	LS__1336_0785539090_164EA0__0620634SCAM01336_001_LUJ01.fits	https://pds-geosciences.wustl.edu/m2020/urn-nasa-pds-mars2020_supercam/data_raw_audio/sol_01336/LS__1336_0785539090_164EA0__0620634SCAM01336_001_LUJ01.fits	636480	e851c745e339892cceded090bf5781b2	1336	785539090	285120	fa6690db65976d799ee126b7b44c874378a13d60590e865f9f32eb2ef95348f8	9b89933fea5f52f63c3b01338668a8b044f4f37f18fde68f1aa8f555cf6e7ed4	2	100000	785539087.73277	2024-327T09:35:17.688750103	155
433	ls__1341_0785985141_727ea0__0621840scam02341_001_luj01	LS__1341_0785985141_727EA0__0621840SCAM02341_001_LUJ01.fits	https://pds-geosciences.wustl.edu/m2020/urn-nasa-pds-mars2020_supercam/data_raw_audio/sol_01341/LS__1341_0785985141_727EA0__0621840SCAM02341_001_LUJ01.fits	636480	41ef5acfddad97f98a6de289a38d9c1c	1341	785985141	285120	8b27bcf03e7f61338a139f30f1d0d4ac5163f282a7aad7a9d6b869ec04df5f7e	9b89933fea5f52f63c3b01338668a8b044f4f37f18fde68f1aa8f555cf6e7ed4	2	100000	785985139.3515199	2024-332T13:29:32.85360437	155
434	ls__1348_0786597550_022ea0__0631150scam03348_002_luj01	LS__1348_0786597550_022EA0__0631150SCAM03348_002_LUJ01.fits	https://pds-geosciences.wustl.edu/m2020/urn-nasa-pds-mars2020_supercam/data_raw_audio/sol_01348/LS__1348_0786597550_022EA0__0631150SCAM03348_002_LUJ01.fits	604800	a1e72df2e29e5640a308d7d9f47957e0	1348	786597550	253440	22b443dc9e5f4b2f112bfa74ed586f079e3bc37706542f7d1d9415429bb27a55	9b89933fea5f52f63c3b01338668a8b044f4f37f18fde68f1aa8f555cf6e7ed4	2	100000	786597547.61595	2024-339T15:36:25.98668489	155
435	ls__1353_0787053974_717ea0__0634462scam01353_002_luj01	LS__1353_0787053974_717EA0__0634462SCAM01353_002_LUJ01.fits	https://pds-geosciences.wustl.edu/m2020/urn-nasa-pds-mars2020_supercam/data_raw_audio/sol_01353/LS__1353_0787053974_717EA0__0634462SCAM01353_002_LUJ01.fits	604800	21e0447bb0b4505878e76668dec9b48b	1353	787053974	253440	d952920ded605cf50d9445b8656fb06cc73c72784bb174278745ac83cd28a4d5	9b89933fea5f52f63c3b01338668a8b044f4f37f18fde68f1aa8f555cf6e7ed4	2	100000	787053972.30563	2024-344T22:23:34.30494318	155
436	ls__1355_0787225584_686ea0__0640000scam01355_007_luj01	LS__1355_0787225584_686EA0__0640000SCAM01355_007_LUJ01.fits	https://pds-geosciences.wustl.edu/m2020/urn-nasa-pds-mars2020_supercam/data_raw_audio/sol_01355/LS__1355_0787225584_686EA0__0640000SCAM01355_007_LUJ01.fits	604800	19f6c1def7b825f979b3d2546be1d4fc	1355	787225584	253440	cb1c1d2cfc1f73b536b59c931e25fc3b31be4865692ecb3ef2e6c4112f7a346e	9b89933fea5f52f63c3b01338668a8b044f4f37f18fde68f1aa8f555cf6e7ed4	2	100000	787225582.24155	2024-346T22:03:45.605155254	155
437	ls__1358_0787493189_849ea0__0640000scam01358_002_luj01	LS__1358_0787493189_849EA0__0640000SCAM01358_002_LUJ01.fits	https://pds-geosciences.wustl.edu/m2020/urn-nasa-pds-mars2020_supercam/data_raw_audio/sol_01358/LS__1358_0787493189_849EA0__0640000SCAM01358_002_LUJ01.fits	604800	210282a65a9aef03b4ff4c0633e60926	1358	787493189	253440	74ae79bc8ca89bac8facb35aab3e728c7a26508ac2856cfe8b5d5012ea25ef88	9b89933fea5f52f63c3b01338668a8b044f4f37f18fde68f1aa8f555cf6e7ed4	2	100000	787493187.45898	2024-350T00:23:52.950054474	155
438	ls__1360_0787660208_966ea0__0641568scam01360_003_luj01	LS__1360_0787660208_966EA0__0641568SCAM01360_003_LUJ01.fits	https://pds-geosciences.wustl.edu/m2020/urn-nasa-pds-mars2020_supercam/data_raw_audio/sol_01360/LS__1360_0787660208_966EA0__0641568SCAM01360_003_LUJ01.fits	604800	3020e48a167f19812102fd10379e623f	1360	787660208	253440	30aafa60282ad75b9733beb0f7d0ad11d72a32ac2eaccf549f6dcb7615cba53f	9b89933fea5f52f63c3b01338668a8b044f4f37f18fde68f1aa8f555cf6e7ed4	2	100000	787660206.57069	2024-351T22:47:33.38956601	155
439	ls__1364_0788021870_772ea0__0642278scam01364_001_luj01	LS__1364_0788021870_772EA0__0642278SCAM01364_001_LUJ01.fits	https://pds-geosciences.wustl.edu/m2020/urn-nasa-pds-mars2020_supercam/data_raw_audio/sol_01364/LS__1364_0788021870_772EA0__0642278SCAM01364_001_LUJ01.fits	636480	39c143c28d0f9ab01bf2002a4fc96ead	1364	788021870	285120	dc3521fde50245ce0315075a2c8d7afd56dfbd8c6b79d4bea93fed96c64db62a	9b89933fea5f52f63c3b01338668a8b044f4f37f18fde68f1aa8f555cf6e7ed4	2	100000	788021868.32024	2024-356T03:15:18.014319157	155
440	ls__1364_0788023680_749ea0__0642278scam01364_008_luj01	LS__1364_0788023680_749EA0__0642278SCAM01364_008_LUJ01.fits	https://pds-geosciences.wustl.edu/m2020/urn-nasa-pds-mars2020_supercam/data_raw_audio/sol_01364/LS__1364_0788023680_749EA0__0642278SCAM01364_008_LUJ01.fits	604800	dcf1f318b05583314db84e89fcddc021	1364	788023680	253440	1f5ca5b40012a8d16d741fd8821556590b9f1ff49fa3342ddec75bb0c1b7e970	9b89933fea5f52f63c3b01338668a8b044f4f37f18fde68f1aa8f555cf6e7ed4	2	100000	788023678.32024	2024-356T03:45:28.028708656	155
441	ls__1366_0788200524_696ea0__0642278scam04366_004_luj01	LS__1366_0788200524_696EA0__0642278SCAM04366_004_LUJ01.fits	https://pds-geosciences.wustl.edu/m2020/urn-nasa-pds-mars2020_supercam/data_raw_audio/sol_01366/LS__1366_0788200524_696EA0__0642278SCAM04366_004_LUJ01.fits	604800	9bd4c57a8dc82610c545bcc15d92f8c7	1366	788200524	253440	e29ce17edc555a91c81eeb77a1fc0da44d6dcc669bf25aecec34eabc505019c0	9b89933fea5f52f63c3b01338668a8b044f4f37f18fde68f1aa8f555cf6e7ed4	2	100000	788200522.28734	2024-358T04:52:53.401720245	155
442	ls__1368_0788376919_742ea0__0642278scam01368_001_luj01	LS__1368_0788376919_742EA0__0642278SCAM01368_001_LUJ01.fits	https://pds-geosciences.wustl.edu/m2020/urn-nasa-pds-mars2020_supercam/data_raw_audio/sol_01368/LS__1368_0788376919_742EA0__0642278SCAM01368_001_LUJ01.fits	636480	11d26a7817cd1e38092b757f34941159	1368	788376919	285120	1a433430217eea33c3fdb41c5ef64227bb3a1cae1f705cb026ff812a97e20549	9b89933fea5f52f63c3b01338668a8b044f4f37f18fde68f1aa8f555cf6e7ed4	2	100000	788376917.3201801	2024-360T05:52:49.836897667	155
443	ls__1375_0788999025_085ea0__0642278scam01375_004_luj01	LS__1375_0788999025_085EA0__0642278SCAM01375_004_LUJ01.fits	https://pds-geosciences.wustl.edu/m2020/urn-nasa-pds-mars2020_supercam/data_raw_audio/sol_01375/LS__1375_0788999025_085EA0__0642278SCAM01375_004_LUJ01.fits	627840	49e126c6902e9b2ec1a2225affea1913	1375	788999025	276480	1dad76f297a2b2fd5a8e98e41dc07eba59484dffc1b4dc8e7098a5f56c97c038	9b89933fea5f52f63c3b01338668a8b044f4f37f18fde68f1aa8f555cf6e7ed4	2	100000	788999022.68054	2025-001T10:41:20.143002106	155
444	ls__1376_0789089378_093ea0__0642278scam01376_010_luj01	LS__1376_0789089378_093EA0__0642278SCAM01376_010_LUJ01.fits	https://pds-geosciences.wustl.edu/m2020/urn-nasa-pds-mars2020_supercam/data_raw_audio/sol_01376/LS__1376_0789089378_093EA0__0642278SCAM01376_010_LUJ01.fits	705600	7d1930676068b4839f54070b3b4e349b	1376	789089378	354240	4475250db5adbc7657bfd9b5640bc6fe441ecbbcb46aabce13f426b56a03449d	9b89933fea5f52f63c3b01338668a8b044f4f37f18fde68f1aa8f555cf6e7ed4	2	100000	789089375.651	2025-002T11:47:13.831767204	155
445	ls__1380_0789444002_904ea0__0642278scam01380_001_luj01	LS__1380_0789444002_904EA0__0642278SCAM01380_001_LUJ01.fits	https://pds-geosciences.wustl.edu/m2020/urn-nasa-pds-mars2020_supercam/data_raw_audio/sol_01380/LS__1380_0789444002_904EA0__0642278SCAM01380_001_LUJ01.fits	636480	68bee7df77a97cb1306a9dda863364c3	1380	789444002	285120	d651e8ab1780d1da0cbc22071e99b4bbccf4c5e96b27d6cb3375d1657f2dfebd	9b89933fea5f52f63c3b01338668a8b044f4f37f18fde68f1aa8f555cf6e7ed4	2	100000	789444000.52338	2025-006T14:17:41.523410427	155
446	ls__1380_0789445763_962ea0__0642278scam01380_010_luj01	LS__1380_0789445763_962EA0__0642278SCAM01380_010_LUJ01.fits	https://pds-geosciences.wustl.edu/m2020/urn-nasa-pds-mars2020_supercam/data_raw_audio/sol_01380/LS__1380_0789445763_962EA0__0642278SCAM01380_010_LUJ01.fits	613440	631fd1ce5e9611a94dde2e4a2f3014c3	1380	789445763	262080	81c0eb2f20f09262b80804e8069c4ed6ab0245c9374b0b925d5e78a4c0c9bd20	9b89933fea5f52f63c3b01338668a8b044f4f37f18fde68f1aa8f555cf6e7ed4	2	100000	789445761.52205	2025-006T14:47:02.53608285	155
447	ls__1382_0789612852_648ea0__0650000scam01382_001_luj03	LS__1382_0789612852_648EA0__0650000SCAM01382_001_LUJ03.fits	https://pds-geosciences.wustl.edu/m2020/urn-nasa-pds-mars2020_supercam/data_raw_audio/sol_01382/LS__1382_0789612852_648EA0__0650000SCAM01382_001_LUJ03.fits	636480	44b879beeeff73a8a2044c7935691724	1382	789612852	285120	d915fe3ead30af56ba12b087b91a519bbf07282f6361447c8b7e9fa636e4339d	9b89933fea5f52f63c3b01338668a8b044f4f37f18fde68f1aa8f555cf6e7ed4	2	100000	789612850.24139	2025-008T13:11:52.583783264	155
448	ls__1398_0791040539_654ea0__0650802scam01398_001_luj01	LS__1398_0791040539_654EA0__0650802SCAM01398_001_LUJ01.fits	https://pds-geosciences.wustl.edu/m2020/urn-nasa-pds-mars2020_supercam/data_raw_audio/sol_01398/LS__1398_0791040539_654EA0__0650802SCAM01398_001_LUJ01.fits	636480	2005a5044c65b29a5ce9e57e4a615703	1398	791040539	285120	37d1f824a5dd7c97e330e4f26031f28db6b4d0caf0d10c8c3f17721928d9cfd9	9b89933fea5f52f63c3b01338668a8b044f4f37f18fde68f1aa8f555cf6e7ed4	2	100000	791040537.24142	2025-025T01:46:50.93392543	155
449	ls__1402_0791396075_652ea0__0660000scam01402_001_luj01	LS__1402_0791396075_652EA0__0660000SCAM01402_001_LUJ01.fits	https://pds-geosciences.wustl.edu/m2020/urn-nasa-pds-mars2020_supercam/data_raw_audio/sol_01402/LS__1402_0791396075_652EA0__0660000SCAM01402_001_LUJ01.fits	636480	7534f1a106a7a6a370ab68dfef889ef4	1402	791396075	285120	9cfc0bdabbc49a0866fa66be515d5b2ea620fea96c04172e3e66d230042f8190	9b89933fea5f52f63c3b01338668a8b044f4f37f18fde68f1aa8f555cf6e7ed4	2	100000	791396073.2414401	2025-029T04:32:29.760451893	155
450	ls__1403_0791487670_686ea0__0660000scam03403_001_luj01	LS__1403_0791487670_686EA0__0660000SCAM03403_001_LUJ01.fits	https://pds-geosciences.wustl.edu/m2020/urn-nasa-pds-mars2020_supercam/data_raw_audio/sol_01403/LS__1403_0791487670_686EA0__0660000SCAM03403_001_LUJ01.fits	636480	319ff5390248055baab11346acc4d54b	1403	791487670	285120	a638463efb87e198a2f12ae8d999327008752e89dfb3370b1d5cd87e17e81152	9b89933fea5f52f63c3b01338668a8b044f4f37f18fde68f1aa8f555cf6e7ed4	2	100000	791487668.30563	2025-030T05:59:05.552826378	155
451	ls__1403_0791488057_743ea0__0660000scam03403_007_luj01	LS__1403_0791488057_743EA0__0660000SCAM03403_007_LUJ01.fits	https://pds-geosciences.wustl.edu/m2020/urn-nasa-pds-mars2020_supercam/data_raw_audio/sol_01403/LS__1403_0791488057_743EA0__0660000SCAM03403_007_LUJ01.fits	604800	3e5b8189965ed860140382edc7dcf1d8	1403	791488057	253440	4e60ef28285fd52dcdf4cb66a5bdcc9619a29cb8f6bf245d4e3bc67b861aab0c	9b89933fea5f52f63c3b01338668a8b044f4f37f18fde68f1aa8f555cf6e7ed4	2	100000	791488055.3341399	2025-030T06:05:32.58440667	155
452	ls__1408_0791928160_740ea0__0670634scam01408_001_luj01	LS__1408_0791928160_740EA0__0670634SCAM01408_001_LUJ01.fits	https://pds-geosciences.wustl.edu/m2020/urn-nasa-pds-mars2020_supercam/data_raw_audio/sol_01408/LS__1408_0791928160_740EA0__0670634SCAM01408_001_LUJ01.fits	636480	1620e2cb61322b5d2e792ad92216bc16	1408	791928160	285120	380995c49c6d631375a121dcacc728111daebaec37a9fad961531bfe2c4bc645	9b89933fea5f52f63c3b01338668a8b044f4f37f18fde68f1aa8f555cf6e7ed4	2	100000	791928158.31963	2025-035T08:20:39.0687143	155
453	ls__1416_0792629238_853ea0__0680796scam01416_001_luj01	LS__1416_0792629238_853EA0__0680796SCAM01416_001_LUJ01.fits	https://pds-geosciences.wustl.edu/m2020/urn-nasa-pds-mars2020_supercam/data_raw_audio/sol_01416/LS__1416_0792629238_853EA0__0680796SCAM01416_001_LUJ01.fits	636480	9b45f824b62dda4e0f01cec894382249	1416	792629238	285120	a8c3abe01e50496d0d7b041b7682fd5e1d9147f7a8b32e733113e7c24a4fe6b9	9b89933fea5f52f63c3b01338668a8b044f4f37f18fde68f1aa8f555cf6e7ed4	2	100000	792629236.45921	2025-043T11:05:22.78187291	155
454	ls__1433_0794140770_858ea0__0692000scam01433_001_luj01	LS__1433_0794140770_858EA0__0692000SCAM01433_001_LUJ01.fits	https://pds-geosciences.wustl.edu/m2020/urn-nasa-pds-mars2020_supercam/data_raw_audio/sol_01433/LS__1433_0794140770_858EA0__0692000SCAM01433_001_LUJ01.fits	636480	a6dcb4dd2cf7e7187a9bde69d81c70cc	1433	794140770	285120	b225c213b8802f0f5c5c290facf999c089819cb75da109a11257286fa84bae45	9b89933fea5f52f63c3b01338668a8b044f4f37f18fde68f1aa8f555cf6e7ed4	2	100000	794140768.46275	2025-060T22:57:46.80209238	155
455	ls__1433_0794141283_795ea0__0692000scam01433_003_luj01	LS__1433_0794141283_795EA0__0692000SCAM01433_003_LUJ01.fits	https://pds-geosciences.wustl.edu/m2020/urn-nasa-pds-mars2020_supercam/data_raw_audio/sol_01433/LS__1433_0794141283_795EA0__0692000SCAM01433_003_LUJ01.fits	604800	3d7ab8b18d8aa5fdcd4bf149d83d805f	1433	794141283	253440	38f666cb59a538a93cf53463497a7f94c4c16f2003ac19f861833c2a8a41b7c6	9b89933fea5f52f63c3b01338668a8b044f4f37f18fde68f1aa8f555cf6e7ed4	2	100000	794141281.3971699	2025-060T23:06:19.74058793	155
456	ls__1433_0794153178_122ea0__0692000scam04433_008_luj01	LS__1433_0794153178_122EA0__0692000SCAM04433_008_LUJ01.fits	https://pds-geosciences.wustl.edu/m2020/urn-nasa-pds-mars2020_supercam/data_raw_audio/sol_01433/LS__1433_0794153178_122EA0__0692000SCAM04433_008_LUJ01.fits	604800	eba36b9074ac90846aa2fbf5aebbd4de	1433	794153178	253440	5cabf09777dfcdf8ef199bbd0e3d065eb43270fe9598d06b02b9048f1bb0c952	9b89933fea5f52f63c3b01338668a8b044f4f37f18fde68f1aa8f555cf6e7ed4	2	100000	794153175.70918	2025-061T02:24:34.14715943	155
457	ls__1436_0794414351_665ea0__0692124scam04436_003_luj01	LS__1436_0794414351_665EA0__0692124SCAM04436_003_LUJ01.fits	https://pds-geosciences.wustl.edu/m2020/urn-nasa-pds-mars2020_supercam/data_raw_audio/sol_01436/LS__1436_0794414351_665EA0__0692124SCAM04436_003_LUJ01.fits	604800	fcc22eecec91b3afe65df0b0a851b49a	1436	794414351	253440	33858f94b671fb76909d9adab6c48c5e2323dab7e4b3460471f7eaa42af5d5b3	9b89933fea5f52f63c3b01338668a8b044f4f37f18fde68f1aa8f555cf6e7ed4	2	100000	794414349.2090501	2025-064T02:57:29.723351425	155
458	ls__1450_0795664819_949ea0__0700000scam01450_001_luj01	LS__1450_0795664819_949EA0__0700000SCAM01450_001_LUJ01.fits	https://pds-geosciences.wustl.edu/m2020/urn-nasa-pds-mars2020_supercam/data_raw_audio/sol_01450/LS__1450_0795664819_949EA0__0700000SCAM01450_001_LUJ01.fits	636480	450f8088a2153c67364d92d2e1a6d0a3	1450	795664819	285120	50beff32c43d9f0f30184c0d13adfad60fd4e0efb745ed630985e393c0d2ce0d	9b89933fea5f52f63c3b01338668a8b044f4f37f18fde68f1aa8f555cf6e7ed4	2	100000	795664817.57025	2025-078T14:18:48.02578095	155
459	ls__1450_0795665521_975ea0__0700000scam01450_004_luj01	LS__1450_0795665521_975EA0__0700000SCAM01450_004_LUJ01.fits	https://pds-geosciences.wustl.edu/m2020/urn-nasa-pds-mars2020_supercam/data_raw_audio/sol_01450/LS__1450_0795665521_975EA0__0700000SCAM01450_004_LUJ01.fits	604800	a7bda3df271fa84aa4215862907fed72	1450	795665521	253440	648f271472d5d4b231ee584955dc927330801fb7056a0ff764e65e784ffb34fc	9b89933fea5f52f63c3b01338668a8b044f4f37f18fde68f1aa8f555cf6e7ed4	2	100000	795665519.57025	2025-078T14:30:30.031361855	155
460	ls__1452_0795828278_101ea0__0700228scam01452_005_luj01	LS__1452_0795828278_101EA0__0700228SCAM01452_005_LUJ01.fits	https://pds-geosciences.wustl.edu/m2020/urn-nasa-pds-mars2020_supercam/data_raw_audio/sol_01452/LS__1452_0795828278_101EA0__0700228SCAM01452_005_LUJ01.fits	627840	54c4d5b0ddfea12af71b58cf792b19fc	1452	795828278	276480	8042733fffe162656e110e19ec8130927e7ade809dafce5b2ea51df3f122e740	9b89933fea5f52f63c3b01338668a8b044f4f37f18fde68f1aa8f555cf6e7ed4	2	100000	795828275.64833	2025-080T11:43:07.40335189	155
461	ls__1452_0795836222_655ea0__0700228scam04452_010_luj01	LS__1452_0795836222_655EA0__0700228SCAM04452_010_LUJ01.fits	https://pds-geosciences.wustl.edu/m2020/urn-nasa-pds-mars2020_supercam/data_raw_audio/sol_01452/LS__1452_0795836222_655EA0__0700228SCAM04452_010_LUJ01.fits	705600	d354a43a7f05b4e71659299a0978f7c5	1452	795836222	354240	014805110448bbdb20ecb020f1270fb7102a58f40033292c641b190f7478521a	9b89933fea5f52f63c3b01338668a8b044f4f37f18fde68f1aa8f555cf6e7ed4	2	100000	795836220.22551	2025-080T13:55:32.04369024	155
462	ls__1458_0796396728_625ea0__0710056scam06458_001_luj01	LS__1458_0796396728_625EA0__0710056SCAM06458_001_LUJ01.fits	https://pds-geosciences.wustl.edu/m2020/urn-nasa-pds-mars2020_supercam/data_raw_audio/sol_01458/LS__1458_0796396728_625EA0__0710056SCAM06458_001_LUJ01.fits	636480	a8cb4bb80cd88a85169202e2199e279d	1458	796396728	285120	4f1aa4b763d570895cea380d33bd8411002777a0aa36111c916e1fdf8f2df64e	9b89933fea5f52f63c3b01338668a8b044f4f37f18fde68f1aa8f555cf6e7ed4	2	100000	796396726.24141	2025-087T01:37:22.515612724	155
463	ls__1459_0796457598_413ea0__0710056scam01459_008_luj01	LS__1459_0796457598_413EA0__0710056SCAM01459_008_LUJ01.fits	https://pds-geosciences.wustl.edu/m2020/urn-nasa-pds-mars2020_supercam/data_raw_audio/sol_01459/LS__1459_0796457598_413EA0__0710056SCAM01459_008_LUJ01.fits	604800	26288d1e3cdf6755cf0e72403de5155f	1459	796457598	253440	b466efc5c4f8347deff57e790035a55c856748c5d0b077bdb12b7aa7013d3982	9b89933fea5f52f63c3b01338668a8b044f4f37f18fde68f1aa8f555cf6e7ed4	2	100000	796457595.99081	2025-087T18:31:52.748932144	155
464	ls__1462_0796721795_245ea0__0710120scam06462_004_luj01	LS__1462_0796721795_245EA0__0710120SCAM06462_004_LUJ01.fits	https://pds-geosciences.wustl.edu/m2020/urn-nasa-pds-mars2020_supercam/data_raw_audio/sol_01462/LS__1462_0796721795_245EA0__0710120SCAM06462_004_LUJ01.fits	604800	38c7a6a32e3f19677bc224d2a31732d2	1462	796721795	253440	e0f103d84ea57902fd0a56074ffe63ab0a533e2f0e1f3c1547e48241e28849f7	9b89933fea5f52f63c3b01338668a8b044f4f37f18fde68f1aa8f555cf6e7ed4	2	100000	796721792.78719	2025-090T19:55:11.64566813	155
465	ls__1463_0796812562_623ea0__0710120scam01463_009_luj01	LS__1463_0796812562_623EA0__0710120SCAM01463_009_LUJ01.fits	https://pds-geosciences.wustl.edu/m2020/urn-nasa-pds-mars2020_supercam/data_raw_audio/sol_01463/LS__1463_0796812562_623EA0__0710120SCAM01463_009_LUJ01.fits	604800	d7d9124af63b73f0c8dc69f229e380f0	1463	796812562	253440	c5386bc3f28a21f17c2cf89dbce8bf188b3f3a9983eb14c087fc6625c547358b	9b89933fea5f52f63c3b01338668a8b044f4f37f18fde68f1aa8f555cf6e7ed4	2	100000	796812560.2413599	2025-091T21:07:59.82144725	155
466	ls__1464_0796900980_075ea0__0710160scam02464_004_luj01	LS__1464_0796900980_075EA0__0710160SCAM02464_004_LUJ01.fits	https://pds-geosciences.wustl.edu/m2020/urn-nasa-pds-mars2020_supercam/data_raw_audio/sol_01464/LS__1464_0796900980_075EA0__0710160SCAM02464_004_LUJ01.fits	604800	f631584ff64c945a82bdec057f5b6346	1464	796900980	253440	1d3bdf892cbee5d0d7a1356717c19174f3c645d83e68dff173d733697e119f3c	9b89933fea5f52f63c3b01338668a8b044f4f37f18fde68f1aa8f555cf6e7ed4	2	100000	796900977.64687	2025-092T21:41:37.92986794	155
467	ls__1469_0797336674_822ea0__0710696scam01469_001_luj01	LS__1469_0797336674_822EA0__0710696SCAM01469_001_LUJ01.fits	https://pds-geosciences.wustl.edu/m2020/urn-nasa-pds-mars2020_supercam/data_raw_audio/sol_01469/LS__1469_0797336674_822EA0__0710696SCAM01469_001_LUJ01.fits	636480	8f3550ad8b0e2ccf5f77b32e03344559	1469	797336674	285120	41eb1c0fa2b574efe9b674ce369110e6b78ceb54a3efeb36011d0d7e35d4d10f	9b89933fea5f52f63c3b01338668a8b044f4f37f18fde68f1aa8f555cf6e7ed4	2	100000	797336672.45908	2025-097T22:43:16.20585178	155
468	ls__1469_0797343430_917ea0__0710696scam04469_003_luj01	LS__1469_0797343430_917EA0__0710696SCAM04469_003_LUJ01.fits	https://pds-geosciences.wustl.edu/m2020/urn-nasa-pds-mars2020_supercam/data_raw_audio/sol_01469/LS__1469_0797343430_917EA0__0710696SCAM04469_003_LUJ01.fits	604800	f2661ec8fd504cc450c249f12f9b54bd	1469	797343430	253440	097f036b10b7d4e06059a28c9af3bcb898491dce325bd167633948d074995dc9	9b89933fea5f52f63c3b01338668a8b044f4f37f18fde68f1aa8f555cf6e7ed4	2	100000	797343428.52191	2025-098T00:35:52.32239818	155
469	ls__1471_0797513487_091ea0__0711018scam01471_001_luj01	LS__1471_0797513487_091EA0__0711018SCAM01471_001_LUJ01.fits	https://pds-geosciences.wustl.edu/m2020/urn-nasa-pds-mars2020_supercam/data_raw_audio/sol_01471/LS__1471_0797513487_091EA0__0711018SCAM01471_001_LUJ01.fits	636480	614ec149d6be3e190a561c40957b91f9	1471	797513487	285120	682c829dba5ae45dbb12b1724b4bf1528d7cad765dfce234066eccf566b8d4c1	9b89933fea5f52f63c3b01338668a8b044f4f37f18fde68f1aa8f555cf6e7ed4	2	100000	797513484.6510299	2025-099T23:50:09.80346428	155
470	ls__1471_0797522885_811ea0__0711018scam05471_001_luj01	LS__1471_0797522885_811EA0__0711018SCAM05471_001_LUJ01.fits	https://pds-geosciences.wustl.edu/m2020/urn-nasa-pds-mars2020_supercam/data_raw_audio/sol_01471/LS__1471_0797522885_811EA0__0711018SCAM05471_001_LUJ01.fits	636480	96947ee20cedc358b01a3fb18d009b48	1471	797522885	285120	edd5f69a5982d478d63bcefe396940ed8a26edf0411f2d5d8dbf4dde2e908ebb	9b89933fea5f52f63c3b01338668a8b044f4f37f18fde68f1aa8f555cf6e7ed4	2	100000	797522883.43054	2025-100T02:26:48.65769507	155
471	ls__1472_0797610926_787ea0__0711018scam04472_003_luj01	LS__1472_0797610926_787EA0__0711018SCAM04472_003_LUJ01.fits	https://pds-geosciences.wustl.edu/m2020/urn-nasa-pds-mars2020_supercam/data_raw_audio/sol_01472/LS__1472_0797610926_787EA0__0711018SCAM04472_003_LUJ01.fits	604800	064d6c75f5fdc6f19619317fed5330a3	1472	797610926	253440	75601608d2421c69faf662b50f5d556c7d380d54f9cafbc8a1a14bb4dd54ddbc	9b89933fea5f52f63c3b01338668a8b044f4f37f18fde68f1aa8f555cf6e7ed4	2	100000	797610924.40221	2025-101T02:54:10.329285225	155
472	ls__1478_0798135469_305ea0__0720542scam01478_001_luj01	LS__1478_0798135469_305EA0__0720542SCAM01478_001_LUJ01.fits	https://pds-geosciences.wustl.edu/m2020/urn-nasa-pds-mars2020_supercam/data_raw_audio/sol_01478/LS__1478_0798135469_305EA0__0720542SCAM01478_001_LUJ01.fits	636480	0298323999dbf81b658cb63855865757	1478	798135469	285120	6cc7f4b4ad42676ceca03d13a58793d5c93bc0bcbe8068d119ecbeecc62d748e	9b89933fea5f52f63c3b01338668a8b044f4f37f18fde68f1aa8f555cf6e7ed4	2	100000	798135466.91272	2025-107T04:36:37.00991149	155
473	ls__1478_0798136235_321ea0__0720542scam01478_004_luj01	LS__1478_0798136235_321EA0__0720542SCAM01478_004_LUJ01.fits	https://pds-geosciences.wustl.edu/m2020/urn-nasa-pds-mars2020_supercam/data_raw_audio/sol_01478/LS__1478_0798136235_321EA0__0720542SCAM01478_004_LUJ01.fits	604800	8bf24b5cd46c8b32bf2959217536b527	1478	798136235	253440	1c2ecd735b42a5971a84ca53147b8e745753dddbd0f0e60e24109adc110cf6db	9b89933fea5f52f63c3b01338668a8b044f4f37f18fde68f1aa8f555cf6e7ed4	2	100000	798136232.90602	2025-107T04:49:23.00930252	155
474	ls__1478_0798145715_591ea0__0720542scam04478_009_luj01	LS__1478_0798145715_591EA0__0720542SCAM04478_009_LUJ01.fits	https://pds-geosciences.wustl.edu/m2020/urn-nasa-pds-mars2020_supercam/data_raw_audio/sol_01478/LS__1478_0798145715_591EA0__0720542SCAM04478_009_LUJ01.fits	627840	0adf4f555aed9aa91f353af00d04cac8	1478	798145715	276480	e0dad6cd53128b5c4b41b0f109fb99507e9eaec679ab4f8677e8270e5b349008	9b89933fea5f52f63c3b01338668a8b044f4f37f18fde68f1aa8f555cf6e7ed4	2	100000	798145713.22552	2025-107T07:27:23.40417484	155
475	ls__1495_0799651173_619ea0__0730000scam01495_001_luj01	LS__1495_0799651173_619EA0__0730000SCAM01495_001_LUJ01.fits	https://pds-geosciences.wustl.edu/m2020/urn-nasa-pds-mars2020_supercam/data_raw_audio/sol_01495/LS__1495_0799651173_619EA0__0730000SCAM01495_001_LUJ01.fits	636480	aa64dd0eedf4dcb52734a3c3bc2477c5	1495	799651173	285120	952609df1c5eb01b7b33be3ef70b6afb06e5dfa6741df1877307f97fab4cf2fa	9b89933fea5f52f63c3b01338668a8b044f4f37f18fde68f1aa8f555cf6e7ed4	2	100000	799651171.20906	2025-124T17:38:33.356101585	155
476	ls__1503_0800349687_964ea0__0730954scam01503_001_luj01	LS__1503_0800349687_964EA0__0730954SCAM01503_001_LUJ01.fits	https://pds-geosciences.wustl.edu/m2020/urn-nasa-pds-mars2020_supercam/data_raw_audio/sol_01503/LS__1503_0800349687_964EA0__0730954SCAM01503_001_LUJ01.fits	636480	2b454cf1d16d855dc2c0ff6d3c6b2849	1503	800349687	285120	cb42bd4d904c9851ac63adbcc3ab75091b58c41719e3847b4f5445d92b22f4d4	9b89933fea5f52f63c3b01338668a8b044f4f37f18fde68f1aa8f555cf6e7ed4	2	100000	800349685.5840501	2025-132T19:40:33.28427561	155
477	ls__1503_0800349900_960ea0__0730954scam01503_002_luj01	LS__1503_0800349900_960EA0__0730954SCAM01503_002_LUJ01.fits	https://pds-geosciences.wustl.edu/m2020/urn-nasa-pds-mars2020_supercam/data_raw_audio/sol_01503/LS__1503_0800349900_960EA0__0730954SCAM01503_002_LUJ01.fits	604800	072c7793f1ef14eaa8474b51e7ce69d4	1503	800349900	253440	e7b3b93662f3bd1e572a285d818dfd4c856ddbc9427f251f970bb6596af7af88	9b89933fea5f52f63c3b01338668a8b044f4f37f18fde68f1aa8f555cf6e7ed4	2	100000	800349898.53722	2025-132T19:44:06.23913936	155
478	ls__1503_0800354099_083ea0__0730954scam02503_008_luj01	LS__1503_0800354099_083EA0__0730954SCAM02503_008_LUJ01.fits	https://pds-geosciences.wustl.edu/m2020/urn-nasa-pds-mars2020_supercam/data_raw_audio/sol_01503/LS__1503_0800354099_083EA0__0730954SCAM02503_008_LUJ01.fits	604800	16633009769eee3449edacfbae3e6280	1503	800354099	253440	86f4ceadf1a1435740de07cce1df33c056c71f0be2206e0b420136a11fe06cc4	9b89933fea5f52f63c3b01338668a8b044f4f37f18fde68f1aa8f555cf6e7ed4	2	100000	800354096.66219	2025-132T20:54:04.39748393	155
479	ls__1504_0800443765_584ea0__0731522scam01504_003_luj01	LS__1504_0800443765_584EA0__0731522SCAM01504_003_LUJ01.fits	https://pds-geosciences.wustl.edu/m2020/urn-nasa-pds-mars2020_supercam/data_raw_audio/sol_01504/LS__1504_0800443765_584EA0__0731522SCAM01504_003_LUJ01.fits	604800	cfd358446d5b226dee97a9bf7c34b561	1504	800443765	253440	7c0cff16807564af6b8bbccd708bc1d1c1adcc41cef3eb1faf96f1ee6a659810	9b89933fea5f52f63c3b01338668a8b044f4f37f18fde68f1aa8f555cf6e7ed4	2	100000	800443763.15131	2025-133T21:48:31.599453	155
480	ls__1504_0800452277_919ea0__0731522scam05504_003_luj01	LS__1504_0800452277_919EA0__0731522SCAM05504_003_LUJ01.fits	https://pds-geosciences.wustl.edu/m2020/urn-nasa-pds-mars2020_supercam/data_raw_audio/sol_01504/LS__1504_0800452277_919EA0__0731522SCAM05504_003_LUJ01.fits	627840	34de4de97073b4ed73824f54b7684278	1504	800452277	276480	b7e17eeb32a780822a7ef1d96c6553a8f36d75b85408e1bbb3aa6d42c2cf208e	9b89933fea5f52f63c3b01338668a8b044f4f37f18fde68f1aa8f555cf6e7ed4	2	100000	800452275.49017	2025-134T00:10:24.005993286	155
481	ls__1510_0800976341_023ea0__0732944scam01510_001_luj01	LS__1510_0800976341_023EA0__0732944SCAM01510_001_LUJ01.fits	https://pds-geosciences.wustl.edu/m2020/urn-nasa-pds-mars2020_supercam/data_raw_audio/sol_01510/LS__1510_0800976341_023EA0__0732944SCAM01510_001_LUJ01.fits	636480	881d088cca425b4e10e1853cd494d52c	1510	800976341	285120	93c1f66043796baa83f6a55ad0d858eda3886a060aaf6c805da36e8241ea09c3	9b89933fea5f52f63c3b01338668a8b044f4f37f18fde68f1aa8f555cf6e7ed4	2	100000	800976338.65021	2025-140T01:44:51.33232959	155
482	ls__1510_0800976940_984ea0__0732944scam01510_004_luj01	LS__1510_0800976940_984EA0__0732944SCAM01510_004_LUJ01.fits	https://pds-geosciences.wustl.edu/m2020/urn-nasa-pds-mars2020_supercam/data_raw_audio/sol_01510/LS__1510_0800976940_984EA0__0732944SCAM01510_004_LUJ01.fits	604800	7567c49a10841109a6a118e16248ebc4	1510	800976940	253440	c8acdafd3f0f444b516320b15ab13ff3d2642a4771fd8ffdd3928f965d04dff6	9b89933fea5f52f63c3b01338668a8b044f4f37f18fde68f1aa8f555cf6e7ed4	2	100000	800976938.5704	2025-140T01:54:51.257295494	155
483	ls__1511_0801064812_229ea0__0734100scam01511_001_luj01	LS__1511_0801064812_229EA0__0734100SCAM01511_001_LUJ01.fits	https://pds-geosciences.wustl.edu/m2020/urn-nasa-pds-mars2020_supercam/data_raw_audio/sol_01511/LS__1511_0801064812_229EA0__0734100SCAM01511_001_LUJ01.fits	636480	8ecc229c8ddb0ff5ac5cfe989c101346	1511	801064812	285120	5dee09b7291607e3f57f18b1e855b7850d13ddb8fc87922e51d42746caa9490e	9b89933fea5f52f63c3b01338668a8b044f4f37f18fde68f1aa8f555cf6e7ed4	2	100000	801064809.78957	2025-141T02:19:23.17503367	155
484	ls__1511_0801066596_148ea0__0734100scam01511_009_luj01	LS__1511_0801066596_148EA0__0734100SCAM01511_009_LUJ01.fits	https://pds-geosciences.wustl.edu/m2020/urn-nasa-pds-mars2020_supercam/data_raw_audio/sol_01511/LS__1511_0801066596_148EA0__0734100SCAM01511_009_LUJ01.fits	604800	7de1a31bf073950bcc73c384bc9ac672	1511	801066596	253440	31b4c2f0e546b786a12c1c32d943f95a246980701870a72ddc5ad26ed5463b5a	9b89933fea5f52f63c3b01338668a8b044f4f37f18fde68f1aa8f555cf6e7ed4	2	100000	801066593.74103	2025-141T02:49:07.14067787	155
485	ls__1511_0801079584_055ea0__0734146scam08511_005_luj01	LS__1511_0801079584_055EA0__0734146SCAM08511_005_LUJ01.fits	https://pds-geosciences.wustl.edu/m2020/urn-nasa-pds-mars2020_supercam/data_raw_audio/sol_01511/LS__1511_0801079584_055EA0__0734146SCAM08511_005_LUJ01.fits	708480	797cc560ec5e84ab9e7fa7bd6a9ba70d	1511	801079584	357120	587ec1a672600bb2cf3b9b931ffe4ee15ba143f02cb751a456aaec7e405e6764	9b89933fea5f52f63c3b01338668a8b044f4f37f18fde68f1aa8f555cf6e7ed4	2	100000	801079581.58473	2025-141T06:25:35.08763545	155
486	ls__1513_0801243501_945ea0__0740000scam01513_005_luj01	LS__1513_0801243501_945EA0__0740000SCAM01513_005_LUJ01.fits	https://pds-geosciences.wustl.edu/m2020/urn-nasa-pds-mars2020_supercam/data_raw_audio/sol_01513/LS__1513_0801243501_945EA0__0740000SCAM01513_005_LUJ01.fits	627840	e5e3c5ceec2e3094d563b0e88214c9af	1513	801243501	276480	16867e49ec31bfb79065882b7e80f15f9df29f9f205dc3b57823c805b940df35	9b89933fea5f52f63c3b01338668a8b044f4f37f18fde68f1aa8f555cf6e7ed4	2	100000	801243499.54193	2025-143T03:57:34.347982315	155
487	ls__1513_0801251362_932ea0__0740000scam04513_010_luj01	LS__1513_0801251362_932EA0__0740000SCAM04513_010_LUJ01.fits	https://pds-geosciences.wustl.edu/m2020/urn-nasa-pds-mars2020_supercam/data_raw_audio/sol_01513/LS__1513_0801251362_932EA0__0740000SCAM04513_010_LUJ01.fits	708480	f7c3f516d042de740800cc76d9496c55	1513	801251362	357120	087d2d2878abcd961ef7bef1cf35b4f090e6f3e0dc2eea422ab8bb85cac379c3	9b89933fea5f52f63c3b01338668a8b044f4f37f18fde68f1aa8f555cf6e7ed4	2	100000	801251360.4902	2025-143T06:08:35.35874956	155
488	ls__1514_0801340058_922ea0__0740000scam01514_010_luj01	LS__1514_0801340058_922EA0__0740000SCAM01514_010_LUJ01.fits	https://pds-geosciences.wustl.edu/m2020/urn-nasa-pds-mars2020_supercam/data_raw_audio/sol_01514/LS__1514_0801340058_922EA0__0740000SCAM01514_010_LUJ01.fits	708480	b5782851dc79bdf97ddd1040cef7c52d	1514	801340058	357120	5c6fba88f466369629343eab91380bc40875c51dd71188ef65adae46e24ce11f	9b89933fea5f52f63c3b01338668a8b044f4f37f18fde68f1aa8f555cf6e7ed4	2	100000	801340056.52122	2025-144T06:46:52.09490412	155
489	ls__1516_0801516203_554ea0__0740000scam01516_006_luj01	LS__1516_0801516203_554EA0__0740000SCAM01516_006_LUJ01.fits	https://pds-geosciences.wustl.edu/m2020/urn-nasa-pds-mars2020_supercam/data_raw_audio/sol_01516/LS__1516_0801516203_554EA0__0740000SCAM01516_006_LUJ01.fits	604800	ccc98ff4e5294a33906527dedbb1b018	1516	801516203	253440	e3a4bd864da05f17eeaea12811aa0c78885e264d231f60fce940f89b172d0267	9b89933fea5f52f63c3b01338668a8b044f4f37f18fde68f1aa8f555cf6e7ed4	2	100000	801516201.10089	2025-146T07:42:38.07491967	155
490	ls__1520_0801862635_231ea0__0741410scam01520_001_luj02	LS__1520_0801862635_231EA0__0741410SCAM01520_001_LUJ02.fits	https://pds-geosciences.wustl.edu/m2020/urn-nasa-pds-mars2020_supercam/data_raw_audio/sol_01520/LS__1520_0801862635_231EA0__0741410SCAM01520_001_LUJ02.fits	636480	79c64e126b2bdab4479d3bf60c6f1295	1520	801862635	285120	b7cac5868835f3eb4da202bf932f4264fa43940b9bfaa55997901e014af75fbb	9b89933fea5f52f63c3b01338668a8b044f4f37f18fde68f1aa8f555cf6e7ed4	2	100000	801862632.79282	2025-150T07:56:32.52097667	155
491	ls__1520_0801863813_148ea0__0741410scam01520_006_luj02	LS__1520_0801863813_148EA0__0741410SCAM01520_006_LUJ02.fits	https://pds-geosciences.wustl.edu/m2020/urn-nasa-pds-mars2020_supercam/data_raw_audio/sol_01520/LS__1520_0801863813_148EA0__0741410SCAM01520_006_LUJ02.fits	604800	c087334647d81bfe2d62be1980fd284a	1520	801863813	253440	e9c4f5ca32c302ebddfbffed7b9690589c91f00d098f7d2c72f68532ad1b3a24	9b89933fea5f52f63c3b01338668a8b044f4f37f18fde68f1aa8f555cf6e7ed4	2	100000	801863810.74094	2025-150T08:16:10.47846147	155
492	ls__1522_0802047848_466ea0__0741876scam01522_001_luj02	LS__1522_0802047848_466EA0__0741876SCAM01522_001_LUJ02.fits	https://pds-geosciences.wustl.edu/m2020/urn-nasa-pds-mars2020_supercam/data_raw_audio/sol_01522/LS__1522_0802047848_466EA0__0741876SCAM01522_001_LUJ02.fits	636480	a8760e49db0d3872a75d3e99f0603395	1522	802047848	285120	9b39cfb2d7268c899003d0dda7eb045f51d4ab5cfe7f4bf5838b4313d475a49d	9b89933fea5f52f63c3b01338668a8b044f4f37f18fde68f1aa8f555cf6e7ed4	2	100000	802047846.04224	2025-152T11:23:27.24284216	155
493	ls__1523_0802136745_718ea0__0741876scam01523_002_luj01	LS__1523_0802136745_718EA0__0741876SCAM01523_002_LUJ01.fits	https://pds-geosciences.wustl.edu/m2020/urn-nasa-pds-mars2020_supercam/data_raw_audio/sol_01523/LS__1523_0802136745_718EA0__0741876SCAM01523_002_LUJ01.fits	604800	44a93f4b9d5b32bbde15a63a1195bb34	1523	802136745	253440	b6cdfc2a23270f79ea6548ed0fd760ca983262b94e7233bc1f63acd085aa1472	9b89933fea5f52f63c3b01338668a8b044f4f37f18fde68f1aa8f555cf6e7ed4	2	100000	802136743.2413501	2025-153T12:05:05.14868684	155
494	ls__1524_0802224871_772ea0__0742404scam01524_007_luj01	LS__1524_0802224871_772EA0__0742404SCAM01524_007_LUJ01.fits	https://pds-geosciences.wustl.edu/m2020/urn-nasa-pds-mars2020_supercam/data_raw_audio/sol_01524/LS__1524_0802224871_772EA0__0742404SCAM01524_007_LUJ01.fits	627840	f79fe48c279fb76c002b6e22063ed502	1524	802224871	276480	62bccac5f2dc0574b0899b51316e22b352a2e597996d69731ae4d30747d7284c	9b89933fea5f52f63c3b01338668a8b044f4f37f18fde68f1aa8f555cf6e7ed4	2	100000	802224869.3501	2025-154T12:33:51.958038795	155
495	ls__1541_0803729577_062ea0__0752358scam01541_001_luj01	LS__1541_0803729577_062EA0__0752358SCAM01541_001_LUJ01.fits	https://pds-geosciences.wustl.edu/m2020/urn-nasa-pds-mars2020_supercam/data_raw_audio/sol_01541/LS__1541_0803729577_062EA0__0752358SCAM01541_001_LUJ01.fits	636480	e4a49f1cc2e0f95944105c11a8c4f62d	1541	803729577	285120	c491109ddbf4b1d70eac623d06d0579ed85cc09d04674beebde9d035fbfd206a	9b89933fea5f52f63c3b01338668a8b044f4f37f18fde68f1aa8f555cf6e7ed4	2	100000	803729574.58435	2025-171T22:32:29.15469834	155
496	ls__1541_0803736077_900ea0__0752358scam04541_002_luj01	LS__1541_0803736077_900EA0__0752358SCAM04541_002_LUJ01.fits	https://pds-geosciences.wustl.edu/m2020/urn-nasa-pds-mars2020_supercam/data_raw_audio/sol_01541/LS__1541_0803736077_900EA0__0752358SCAM04541_002_LUJ01.fits	604800	04ded6770674bf6d7fa527becaca2132	1541	803736077	253440	2b7fd6ee2ae6188c0ce92e0ec92b9837a2585a04192338e18e9deab336cc4c79	9b89933fea5f52f63c3b01338668a8b044f4f37f18fde68f1aa8f555cf6e7ed4	2	100000	803736075.36613	2025-172T00:20:49.98816361	155
497	ls__1542_0803825116_669ea0__0752358scam01542_008_luj01	LS__1542_0803825116_669EA0__0752358SCAM01542_008_LUJ01.fits	https://pds-geosciences.wustl.edu/m2020/urn-nasa-pds-mars2020_supercam/data_raw_audio/sol_01542/LS__1542_0803825116_669EA0__0752358SCAM01542_008_LUJ01.fits	604800	628ddba44eddaf9c2260710741886d4c	1542	803825116	253440	505e8a28b80a87d2c4eb7581ec0427373e39c28fe8242e8a62aca1936dadc61a	9b89933fea5f52f63c3b01338668a8b044f4f37f18fde68f1aa8f555cf6e7ed4	2	100000	803825114.24139	2025-173T01:04:49.57128207	155
498	ls__1546_0804181223_869ea0__0760000scam02546_001_luj01	LS__1546_0804181223_869EA0__0760000SCAM02546_001_LUJ01.fits	https://pds-geosciences.wustl.edu/m2020/urn-nasa-pds-mars2020_supercam/data_raw_audio/sol_01546/LS__1546_0804181223_869EA0__0760000SCAM02546_001_LUJ01.fits	636480	af6e6cf5cc854afa53bcba97978dab03	1546	804181223	285120	56b181b006deea9799023536de15ba7c09f0b9bee23ef603c0107f2a9dde20cb	9b89933fea5f52f63c3b01338668a8b044f4f37f18fde68f1aa8f555cf6e7ed4	2	100000	804181221.39641	2025-177T03:59:59.557347984	155
499	ls__1550_0804533426_042ea0__0760594scam01550_001_luj01	LS__1550_0804533426_042EA0__0760594SCAM01550_001_LUJ01.fits	https://pds-geosciences.wustl.edu/m2020/urn-nasa-pds-mars2020_supercam/data_raw_audio/sol_01550/LS__1550_0804533426_042EA0__0760594SCAM01550_001_LUJ01.fits	636480	26b525d53198f911ed10e844c85a63ba	1550	804533426	285120	bb626f3d390f2db811eb5e7a61b0da3e5e6707e889a8e83cd2bda0a7c2638039	9b89933fea5f52f63c3b01338668a8b044f4f37f18fde68f1aa8f555cf6e7ed4	2	100000	804533423.57121	2025-181T05:50:04.532159966	155
500	ls__1550_0804536983_290ea0__0760594scam02550_004_luj01	LS__1550_0804536983_290EA0__0760594SCAM02550_004_LUJ01.fits	https://pds-geosciences.wustl.edu/m2020/urn-nasa-pds-mars2020_supercam/data_raw_audio/sol_01550/LS__1550_0804536983_290EA0__0760594SCAM02550_004_LUJ01.fits	604800	9a87753e3ad53a7c927a7717c4c2a31a	1550	804536983	253440	f4d6eb3b08caf4c433a6e5c461ce7f34d5e16f9a9da7cc8aa2ecd1b81cf9e138	9b89933fea5f52f63c3b01338668a8b044f4f37f18fde68f1aa8f555cf6e7ed4	2	100000	804536980.83412	2025-181T06:49:21.82334914	155
501	ls__1551_0804625602_915ea0__0760594scam02551_001_luj01	LS__1551_0804625602_915EA0__0760594SCAM02551_001_LUJ01.fits	https://pds-geosciences.wustl.edu/m2020/urn-nasa-pds-mars2020_supercam/data_raw_audio/sol_01551/LS__1551_0804625602_915EA0__0760594SCAM02551_001_LUJ01.fits	636480	34e864eda46159a9a576133e6d3ce0e0	1551	804625602	285120	a515470745620a884abccdff9519c5a314416debbeacdae99afca374466d6afe	9b89933fea5f52f63c3b01338668a8b044f4f37f18fde68f1aa8f555cf6e7ed4	2	100000	804625600.52458	2025-182T07:26:22.218335884	155
502	ls__1557_0805141402_932ea0__0770942scam01557_001_luj01	LS__1557_0805141402_932EA0__0770942SCAM01557_001_LUJ01.fits	https://pds-geosciences.wustl.edu/m2020/urn-nasa-pds-mars2020_supercam/data_raw_audio/sol_01557/LS__1557_0805141402_932EA0__0770942SCAM01557_001_LUJ01.fits	636480	0e8fea77d588b270b5303f0c6e52354b	1557	805141402	285120	b43bf579493a2a9e38e9e70ffe1f97acc994020827ad7b6b739ba3b5c0ea87cf	9b89933fea5f52f63c3b01338668a8b044f4f37f18fde68f1aa8f555cf6e7ed4	2	100000	805141400.43054	2025-188T06:43:06.22490522	155
503	ls__1557_0805142123_945ea0__0770942scam01557_010_luj01	LS__1557_0805142123_945EA0__0770942SCAM01557_010_LUJ01.fits	https://pds-geosciences.wustl.edu/m2020/urn-nasa-pds-mars2020_supercam/data_raw_audio/sol_01557/LS__1557_0805142123_945EA0__0770942SCAM01557_010_LUJ01.fits	711360	16d2b527c3e4ff3c2601e11928665493	1557	805142123	360000	118dfa4267703e74bf897995506937f15efab08ab129070438889803d0e76000	9b89933fea5f52f63c3b01338668a8b044f4f37f18fde68f1aa8f555cf6e7ed4	2	100000	805142121.43053	2025-188T06:55:07.23062191	155
504	ls__1558_0805247906_702ea0__0770942scam02558_005_luj01	LS__1558_0805247906_702EA0__0770942SCAM02558_005_LUJ01.fits	https://pds-geosciences.wustl.edu/m2020/urn-nasa-pds-mars2020_supercam/data_raw_audio/sol_01558/LS__1558_0805247906_702EA0__0770942SCAM02558_005_LUJ01.fits	627840	cfe14eef4b7c03a95bda120d18e0e709	1558	805247906	276480	dc47786f6543ff1ccf24b001e53b83d6f5b7e1a7321788c2fc4204fec32a1328	9b89933fea5f52f63c3b01338668a8b044f4f37f18fde68f1aa8f555cf6e7ed4	2	100000	805247904.28738	2025-189T12:18:10.92845292	155
505	ls__1559_0805335287_791ea0__0771030scam01559_010_luj01	LS__1559_0805335287_791EA0__0771030SCAM01559_010_LUJ01.fits	https://pds-geosciences.wustl.edu/m2020/urn-nasa-pds-mars2020_supercam/data_raw_audio/sol_01559/LS__1559_0805335287_791EA0__0771030SCAM01559_010_LUJ01.fits	708480	9db27c8dffb9bf9e45600c33f5175458	1559	805335287	357120	d58cfffbe9ca4c8c8fcb8f7e0ead672847e33e60e0be65efafcf19c288902afb	9b89933fea5f52f63c3b01338668a8b044f4f37f18fde68f1aa8f555cf6e7ed4	2	100000	805335285.33426	2025-190T12:34:32.67000725	155
506	ls__1560_0805422809_947ea0__0771030scam01560_006_luj01	LS__1560_0805422809_947EA0__0771030SCAM01560_006_LUJ01.fits	https://pds-geosciences.wustl.edu/m2020/urn-nasa-pds-mars2020_supercam/data_raw_audio/sol_01560/LS__1560_0805422809_947EA0__0771030SCAM01560_006_LUJ01.fits	604800	9b9d04185cea0903cba12f6dd65ceb8e	1560	805422809	253440	d617addb74b5f9dae2c932fa764d8ce160cef6d395f66b6b6756a7b08175d356	9b89933fea5f52f63c3b01338668a8b044f4f37f18fde68f1aa8f555cf6e7ed4	2	100000	805422807.4471101	2025-191T12:53:15.47866205	155
507	ls__1561_0805512819_966ea0__0771218scam02561_001_luj02	LS__1561_0805512819_966EA0__0771218SCAM02561_001_LUJ02.fits	https://pds-geosciences.wustl.edu/m2020/urn-nasa-pds-mars2020_supercam/data_raw_audio/sol_01561/LS__1561_0805512819_966EA0__0771218SCAM02561_001_LUJ02.fits	636480	533ef4b044c9af0ee342aba03efb32e5	1561	805512819	285120	9a91b8c1798f1b42857c5c38505ecf8dc24e52009f00e08c65c79d79e9e34ae4	9b89933fea5f52f63c3b01338668a8b044f4f37f18fde68f1aa8f555cf6e7ed4	2	100000	805512817.4590501	2025-192T13:53:26.20617401	155
508	ls__1568_0806131348_151ea0__0771350scam01568_001_luj01	LS__1568_0806131348_151EA0__0771350SCAM01568_001_LUJ01.fits	https://pds-geosciences.wustl.edu/m2020/urn-nasa-pds-mars2020_supercam/data_raw_audio/sol_01568/LS__1568_0806131348_151EA0__0771350SCAM01568_001_LUJ01.fits	636480	0dafeb31359b2f5616b5a9b89afa0f68	1568	806131348	285120	4c5ea531bcd0bcdd70b275d18acb42bc4a15882d0ff2d52ee3e3aef34244ccd8	9b89933fea5f52f63c3b01338668a8b044f4f37f18fde68f1aa8f555cf6e7ed4	2	100000	806131345.7724	2025-199T17:42:19.4368286	155
509	ls__1568_0806131531_187ea0__0771350scam01568_002_luj01	LS__1568_0806131531_187EA0__0771350SCAM01568_002_LUJ01.fits	https://pds-geosciences.wustl.edu/m2020/urn-nasa-pds-mars2020_supercam/data_raw_audio/sol_01568/LS__1568_0806131531_187EA0__0771350SCAM01568_002_LUJ01.fits	604800	fd31b795ca15d126a007a823c9a5dd58	1568	806131531	253440	d885f12022d3172bfff83f4888ae8b2e00207e2ac2fd27de4af600a42876fe9b	9b89933fea5f52f63c3b01338668a8b044f4f37f18fde68f1aa8f555cf6e7ed4	2	100000	806131528.77393	2025-199T17:45:22.43980934	155
510	ls__1568_0806134980_537ea0__0771350scam02568_007_luj01	LS__1568_0806134980_537EA0__0771350SCAM02568_007_LUJ01.fits	https://pds-geosciences.wustl.edu/m2020/urn-nasa-pds-mars2020_supercam/data_raw_audio/sol_01568/LS__1568_0806134980_537EA0__0771350SCAM02568_007_LUJ01.fits	604800	a970285fb05022c5b8a7a58d77cac482	1568	806134980	253440	fab92a8b7297639c90586de0fb87b264970934ac7eb12c39c80ac92510d8d674	9b89933fea5f52f63c3b01338668a8b044f4f37f18fde68f1aa8f555cf6e7ed4	2	100000	806134978.10075	2025-199T18:42:51.79405949	155
511	ls__1571_0806398671_867ea0__0771512scam02571_003_luj02	LS__1571_0806398671_867EA0__0771512SCAM02571_003_LUJ02.fits	https://pds-geosciences.wustl.edu/m2020/urn-nasa-pds-mars2020_supercam/data_raw_audio/sol_01571/LS__1571_0806398671_867EA0__0771512SCAM02571_003_LUJ02.fits	604800	865328bad407ebc34173ec809fd0aed5	1571	806398671	253440	6062f558b99ff0c8b226a0d1a99d77601506527c3402728cc77ce61071d940e6	9b89933fea5f52f63c3b01338668a8b044f4f37f18fde68f1aa8f555cf6e7ed4	2	100000	806398669.49081	2025-202T19:57:45.28046646	155
512	ls__1571_0806402754_350ea0__0771512scam03571_008_luj02	LS__1571_0806402754_350EA0__0771512SCAM03571_008_LUJ02.fits	https://pds-geosciences.wustl.edu/m2020/urn-nasa-pds-mars2020_supercam/data_raw_audio/sol_01571/LS__1571_0806402754_350EA0__0771512SCAM03571_008_LUJ02.fits	604800	4018a8b162ade7a548049ac8f7bf8fb5	1571	806402754	253440	911062e1b017aaff996ad289eda2257be79db36bcfa8b4c3ba58dad6cd0e6abc	9b89933fea5f52f63c3b01338668a8b044f4f37f18fde68f1aa8f555cf6e7ed4	2	100000	806402751.94542	2025-202T21:05:47.767527084	155
513	ls__1578_0807012671_650ea0__0774612scam01578_001_luj01	LS__1578_0807012671_650EA0__0774612SCAM01578_001_LUJ01.fits	https://pds-geosciences.wustl.edu/m2020/urn-nasa-pds-mars2020_supercam/data_raw_audio/sol_01578/LS__1578_0807012671_650EA0__0774612SCAM01578_001_LUJ01.fits	636480	bbd46cfefcc85a0192b0d58e38d075be	1578	807012671	285120	92509c21e5332615c0575942dd06510e07c17f2d13152ab76f01714e75ef81e4	9b89933fea5f52f63c3b01338668a8b044f4f37f18fde68f1aa8f555cf6e7ed4	2	100000	807012669.24138	2025-209T22:31:09.91232906	155
514	ls__1578_0807014126_654ea0__0774612scam01578_006_luj01	LS__1578_0807014126_654EA0__0774612SCAM01578_006_LUJ01.fits	https://pds-geosciences.wustl.edu/m2020/urn-nasa-pds-mars2020_supercam/data_raw_audio/sol_01578/LS__1578_0807014126_654EA0__0774612SCAM01578_006_LUJ01.fits	604800	e56888605109d09719f1839d0804b19d	1578	807014126	253440	b7f276d8715231cbfa8584e2eca77e96f609a0a0926f8f373b04281242d75ba7	9b89933fea5f52f63c3b01338668a8b044f4f37f18fde68f1aa8f555cf6e7ed4	2	100000	807014124.24138	2025-209T22:55:24.92389631	155
515	ls__1582_0807368476_742ea0__0774840scam01582_001_luj01	LS__1582_0807368476_742EA0__0774840SCAM01582_001_LUJ01.fits	https://pds-geosciences.wustl.edu/m2020/urn-nasa-pds-mars2020_supercam/data_raw_audio/sol_01582/LS__1582_0807368476_742EA0__0774840SCAM01582_001_LUJ01.fits	636480	03824edfbe3dcfaef6f6e340c27c3e23	1582	807368476	285120	f83646c559dad646e67ce79c36a238ca29bd3c781deef8ecff15240bc1ecba30	9b89933fea5f52f63c3b01338668a8b044f4f37f18fde68f1aa8f555cf6e7ed4	2	100000	807368474.31113	2025-214T01:21:17.81072729	155
516	ls__1582_0807376202_787ea0__0774840scam04582_007_luj01	LS__1582_0807376202_787EA0__0774840SCAM04582_007_LUJ01.fits	https://pds-geosciences.wustl.edu/m2020/urn-nasa-pds-mars2020_supercam/data_raw_audio/sol_01582/LS__1582_0807376202_787EA0__0774840SCAM04582_007_LUJ01.fits	604800	7a9f278daa8557e3a92fb90fe01c6e67	1582	807376202	253440	8fd377f5e9e82d78faf17d3583c969bc5120726d03eb3dddb35aebe7e70905e4	9b89933fea5f52f63c3b01338668a8b044f4f37f18fde68f1aa8f555cf6e7ed4	2	100000	807376200.33424	2025-214T03:30:03.895266235	155
517	ls__1583_0807464182_787ea0__0774840scam01583_003_luj01	LS__1583_0807464182_787EA0__0774840SCAM01583_003_LUJ01.fits	https://pds-geosciences.wustl.edu/m2020/urn-nasa-pds-mars2020_supercam/data_raw_audio/sol_01583/LS__1583_0807464182_787EA0__0774840SCAM01583_003_LUJ01.fits	604800	8771f48fc9dcecff1d774762f10c7030	1583	807464182	253440	8e98535e2e931c04e0ddb223a2334668785076bf10bdb85d77b6c672eb6aa7d3	9b89933fea5f52f63c3b01338668a8b044f4f37f18fde68f1aa8f555cf6e7ed4	2	100000	807464180.35049	2025-215T03:56:24.61095798	155
518	ls__1585_0807643701_599ea0__0780000scam04585_008_luj01	LS__1585_0807643701_599EA0__0780000SCAM04585_008_LUJ01.fits	https://pds-geosciences.wustl.edu/m2020/urn-nasa-pds-mars2020_supercam/data_raw_audio/sol_01585/LS__1585_0807643701_599EA0__0780000SCAM04585_008_LUJ01.fits	604800	8b3ef608caa260f5362eb67b22f71cff	1585	807643701	253440	ba61eefcd3da3fa689c5fd059ee3a2c4741fe28765f53f3042e44e3f2d6e05c8	9b89933fea5f52f63c3b01338668a8b044f4f37f18fde68f1aa8f555cf6e7ed4	2	100000	807643699.19557	2025-217T05:48:24.883210304	155
519	ls__1589_0807999571_588ea0__0780000scam01589_003_luj01	LS__1589_0807999571_588EA0__0780000SCAM01589_003_LUJ01.fits	https://pds-geosciences.wustl.edu/m2020/urn-nasa-pds-mars2020_supercam/data_raw_audio/sol_01589/LS__1589_0807999571_588EA0__0780000SCAM01589_003_LUJ01.fits	604800	67b055510b2f743ec5cf0a84d1ce0b6f	1589	807999571	253440	d69dfd3875cb82bc04916042c810aeb3480b133ff834cebfc6cae3274095d2d9	9b89933fea5f52f63c3b01338668a8b044f4f37f18fde68f1aa8f555cf6e7ed4	2	100000	807999569.15149	2025-221T08:39:37.668293816	155
520	ls__1591_0808167879_806ea0__0780084scam01591_001_luj01	LS__1591_0808167879_806EA0__0780084SCAM01591_001_LUJ01.fits	https://pds-geosciences.wustl.edu/m2020/urn-nasa-pds-mars2020_supercam/data_raw_audio/sol_01591/LS__1591_0808167879_806EA0__0780084SCAM01591_001_LUJ01.fits	636480	34c7b497bee264e3f0837236f2c9f952	1591	808167879	285120	235c2ec0545fcfc1891f51a3273c0fefe5d9d49e0992936d65bc56094f62fef8	9b89933fea5f52f63c3b01338668a8b044f4f37f18fde68f1aa8f555cf6e7ed4	2	100000	808167877.36615	2025-223T07:24:47.22100477	155
521	ls__1591_0808171686_478ea0__0780084scam02591_005_luj01	LS__1591_0808171686_478EA0__0780084SCAM02591_005_LUJ01.fits	https://pds-geosciences.wustl.edu/m2020/urn-nasa-pds-mars2020_supercam/data_raw_audio/sol_01591/LS__1591_0808171686_478EA0__0780084SCAM02591_005_LUJ01.fits	627840	b1b8156f8062b0da6e0dbd7c5cbc8f10	1591	808171686	276480	3696bb7f71d612ac5544d854dedd13547b0d58438347c33b98beab906a54f618	9b89933fea5f52f63c3b01338668a8b044f4f37f18fde68f1aa8f555cf6e7ed4	2	100000	808171684.0719	2025-223T08:28:13.95701759	155
522	ls__1593_0808344479_682ea0__0780780scam01593_005_luj01	LS__1593_0808344479_682EA0__0780780SCAM01593_005_LUJ01.fits	https://pds-geosciences.wustl.edu/m2020/urn-nasa-pds-mars2020_supercam/data_raw_audio/sol_01593/LS__1593_0808344479_682EA0__0780780SCAM01593_005_LUJ01.fits	630720	14f7034fb1192c09b0ebe01b2c665204	1593	808344479	279360	5f503ad3b2f2141e9a6e2976476418073111c87e1dc4d8eb927b79ec78d8f4a0	9b89933fea5f52f63c3b01338668a8b044f4f37f18fde68f1aa8f555cf6e7ed4	2	100000	808344477.24156	2025-225T08:28:08.500385765	155
523	ls__1593_0808348129_745ea0__0780780scam02593_010_luj01	LS__1593_0808348129_745EA0__0780780SCAM02593_010_LUJ01.fits	https://pds-geosciences.wustl.edu/m2020/urn-nasa-pds-mars2020_supercam/data_raw_audio/sol_01593/LS__1593_0808348129_745EA0__0780780SCAM02593_010_LUJ01.fits	705600	968bc42885863cd7579f23de5969d261	1593	808348129	354240	9a70b98175c4b82c203006456af8a3d47a1a0273ce6c372bff4353e5affc9ca0	9b89933fea5f52f63c3b01338668a8b044f4f37f18fde68f1aa8f555cf6e7ed4	2	100000	808348127.36699	2025-225T09:28:58.65483151	155
524	ls__1598_0808794603_874ea0__0783588scam01598_001_luj01	LS__1598_0808794603_874EA0__0783588SCAM01598_001_LUJ01.fits	https://pds-geosciences.wustl.edu/m2020/urn-nasa-pds-mars2020_supercam/data_raw_audio/sol_01598/LS__1598_0808794603_874EA0__0783588SCAM01598_001_LUJ01.fits	636480	c23577a14e02410ad7888f3bfc772768	1598	808794603	285120	0ef0ab833edc380a8573a438654268a7fcbdf23698cc0075fa080668c5f124bf	9b89933fea5f52f63c3b01338668a8b044f4f37f18fde68f1aa8f555cf6e7ed4	2	100000	808794601.52196	2025-230T13:30:16.3592693	155
525	ls__1598_0808795874_959ea0__0783588scam01598_006_luj01	LS__1598_0808795874_959EA0__0783588SCAM01598_006_LUJ01.fits	https://pds-geosciences.wustl.edu/m2020/urn-nasa-pds-mars2020_supercam/data_raw_audio/sol_01598/LS__1598_0808795874_959EA0__0783588SCAM01598_006_LUJ01.fits	604800	cddfef7912571c06c04422ab3f9ee329	1598	808795874	253440	7deab28751a15e9ce3af871eb091549f4485f4a8d625439b4047f665359d2c58	9b89933fea5f52f63c3b01338668a8b044f4f37f18fde68f1aa8f555cf6e7ed4	2	100000	808795872.52614	2025-230T13:51:27.373554695	155
526	ls__1599_0808888465_741ea0__0783588scam01599_001_luj01	LS__1599_0808888465_741EA0__0783588SCAM01599_001_LUJ01.fits	https://pds-geosciences.wustl.edu/m2020/urn-nasa-pds-mars2020_supercam/data_raw_audio/sol_01599/LS__1599_0808888465_741EA0__0783588SCAM01599_001_LUJ01.fits	636480	ecee024e156595cc62fa15f188f60236	1599	808888465	285120	ad910da499907120389627091d1c2fbda5574fb6796b6f3059cb2f3c54329e3d	9b89933fea5f52f63c3b01338668a8b044f4f37f18fde68f1aa8f555cf6e7ed4	2	100000	808888463.3335299	2025-231T15:34:38.91703992	155
527	ls__1599_0808892438_964ea0__0783588scam02599_006_luj01	LS__1599_0808892438_964EA0__0783588SCAM02599_006_LUJ01.fits	https://pds-geosciences.wustl.edu/m2020/urn-nasa-pds-mars2020_supercam/data_raw_audio/sol_01599/LS__1599_0808892438_964EA0__0783588SCAM02599_006_LUJ01.fits	604800	9fbb292a7463b68db749284caf1142dc	1599	808892438	253440	d81c1248d6f3994d8db640524dc206bcce3cce4010354d63bb00cd24ea353d9e	9b89933fea5f52f63c3b01338668a8b044f4f37f18fde68f1aa8f555cf6e7ed4	2	100000	808892436.56134	2025-231T16:40:52.1764408	155
528	ls__1600_0808971853_054ea0__0783588scam02600_001_luj01	LS__1600_0808971853_054EA0__0783588SCAM02600_001_LUJ01.fits	https://pds-geosciences.wustl.edu/m2020/urn-nasa-pds-mars2020_supercam/data_raw_audio/sol_01600/LS__1600_0808971853_054EA0__0783588SCAM02600_001_LUJ01.fits	636480	1b74d9ff18a2ef4a6f88ee1facd73a6d	1600	808971853	285120	7c635a8cd2e396776e73fc84c61cf061ee362f387bd4cf368d6da22120bd0744	9b89933fea5f52f63c3b01338668a8b044f4f37f18fde68f1aa8f555cf6e7ed4	2	100000	808971850.4306	2025-232T14:44:26.677043755	155
529	ls__1601_0809064146_056ea0__0783588scam01601_007_luj01	LS__1601_0809064146_056EA0__0783588SCAM01601_007_LUJ01.fits	https://pds-geosciences.wustl.edu/m2020/urn-nasa-pds-mars2020_supercam/data_raw_audio/sol_01601/LS__1601_0809064146_056EA0__0783588SCAM01601_007_LUJ01.fits	604800	db51d6cfbce0f71d515a40b608aeeff9	1601	809064146	253440	cba36a461bd4351f46ff6193ec3dd700829f7df97fbc65145f7a5de878bbd6ef	9b89933fea5f52f63c3b01338668a8b044f4f37f18fde68f1aa8f555cf6e7ed4	2	100000	809064143.66225	2025-233T16:22:40.64241862	155
530	ls__1603_0809239992_617ea0__0784716scam01603_002_luj01	LS__1603_0809239992_617EA0__0784716SCAM01603_002_LUJ01.fits	https://pds-geosciences.wustl.edu/m2020/urn-nasa-pds-mars2020_supercam/data_raw_audio/sol_01603/LS__1603_0809239992_617EA0__0784716SCAM01603_002_LUJ01.fits	604800	29d879fe1b0681acf7310dbe182196f1	1603	809239992	253440	3cec8cac2f9b1faab9571bbb6d843d36479b714201788ba1de10f39114b37578	9b89933fea5f52f63c3b01338668a8b044f4f37f18fde68f1aa8f555cf6e7ed4	2	100000	809239990.2255599	2025-235T17:13:28.60370752	155
531	ls__1603_0809244354_123ea0__0784716scam02603_007_luj01	LS__1603_0809244354_123EA0__0784716SCAM02603_007_LUJ01.fits	https://pds-geosciences.wustl.edu/m2020/urn-nasa-pds-mars2020_supercam/data_raw_audio/sol_01603/LS__1603_0809244354_123EA0__0784716SCAM02603_007_LUJ01.fits	627840	8c5029daa9a66cdf56a1f7287d1df5a7	1603	809244354	276480	920c546c0932298b6a37120b4f4c753b1760019d311f68373c2cb35be4fb0272	9b89933fea5f52f63c3b01338668a8b044f4f37f18fde68f1aa8f555cf6e7ed4	2	100000	809244351.69513	2025-235T18:26:10.10795518	155
532	ls__1607_0809587161_367ea0__0790000scam01607_001_luj02	LS__1607_0809587161_367EA0__0790000SCAM01607_001_LUJ02.fits	https://pds-geosciences.wustl.edu/m2020/urn-nasa-pds-mars2020_supercam/data_raw_audio/sol_01607/LS__1607_0809587161_367EA0__0790000SCAM01607_001_LUJ02.fits	636480	ae49ebc0eaaa807c633a678129111ff2	1607	809587161	285120	b85ee272964f9a6aca9b791f2246beafbc5f1c469b27f13fc1e54e62b6fc11a4	9b89933fea5f52f63c3b01338668a8b044f4f37f18fde68f1aa8f555cf6e7ed4	2	100000	809587158.96117	2025-239T17:39:40.09930993	155
533	ls__1608_0809683550_608ea0__0790000scam01608_003_luj02	LS__1608_0809683550_608EA0__0790000SCAM01608_003_LUJ02.fits	https://pds-geosciences.wustl.edu/m2020/urn-nasa-pds-mars2020_supercam/data_raw_audio/sol_01608/LS__1608_0809683550_608EA0__0790000SCAM01608_003_LUJ02.fits	604800	65ec09886e7aabdf5970428cffb18b27	1608	809683550	253440	39d66c04f825175db0357a91f20e909c7fe5a66bbc3db0b9e15b4e0f5d73b81c	9b89933fea5f52f63c3b01338668a8b044f4f37f18fde68f1aa8f555cf6e7ed4	2	100000	809683548.22575	2025-240T20:26:10.130191986	155
534	ls__1608_0809688478_850ea0__0790000scam03608_001_luj02	LS__1608_0809688478_850EA0__0790000SCAM03608_001_LUJ02.fits	https://pds-geosciences.wustl.edu/m2020/urn-nasa-pds-mars2020_supercam/data_raw_audio/sol_01608/LS__1608_0809688478_850EA0__0790000SCAM03608_001_LUJ02.fits	636480	eeb5598568286dd1fb36ead31f3d3f57	1608	809688478	285120	3fa15d5b99dbfee0a61dca5ea64ba99bf510e293f2b9a52bd49024da3f8d2b3c	9b89933fea5f52f63c3b01338668a8b044f4f37f18fde68f1aa8f555cf6e7ed4	2	100000	809688476.47563	2025-240T21:48:18.419249504	155
535	ls__1609_0809761985_984ea0__0790102scam01609_004_luj01	LS__1609_0809761985_984EA0__0790102SCAM01609_004_LUJ01.fits	https://pds-geosciences.wustl.edu/m2020/urn-nasa-pds-mars2020_supercam/data_raw_audio/sol_01609/LS__1609_0809761985_984EA0__0790102SCAM01609_004_LUJ01.fits	604800	4a5a6a654b63bf0e601dd228a9f9f55e	1609	809761985	253440	7b7cd6f3ab579fda0a856cea935135d5124fff7632d44d99e688012e90fc1b13	9b89933fea5f52f63c3b01338668a8b044f4f37f18fde68f1aa8f555cf6e7ed4	2	100000	809761983.57259	2025-241T18:13:26.100585266	155
536	ls__1609_0809766794_076ea0__0790102scam02609_009_luj01	LS__1609_0809766794_076EA0__0790102SCAM02609_009_LUJ01.fits	https://pds-geosciences.wustl.edu/m2020/urn-nasa-pds-mars2020_supercam/data_raw_audio/sol_01609/LS__1609_0809766794_076EA0__0790102SCAM02609_009_LUJ01.fits	604800	da4bf3faefcc6374977c22db0ef4077b	1609	809766794	253440	1e6292eaea34e13f87d3a5445901335a8451fcdf763913eac79bfebc206bdc98	9b89933fea5f52f63c3b01338668a8b044f4f37f18fde68f1aa8f555cf6e7ed4	2	100000	809766791.66257	2025-241T19:33:34.22879066	155
537	ls__1611_0809949510_092ea0__0790102scam01611_004_luj01	LS__1611_0809949510_092EA0__0790102SCAM01611_004_LUJ01.fits	https://pds-geosciences.wustl.edu/m2020/urn-nasa-pds-mars2020_supercam/data_raw_audio/sol_01611/LS__1611_0809949510_092EA0__0790102SCAM01611_004_LUJ01.fits	604800	321475d2f68508d0d2d2693d8281ddfd	1611	809949510	253440	7309ebc8a8720de4d5443ba1f4d1d17703e61ced7a5a780ff58d211b561c5499	9b89933fea5f52f63c3b01338668a8b044f4f37f18fde68f1aa8f555cf6e7ed4	2	100000	809949507.66228	2025-243T22:18:51.68109294	155
538	ls__1616_0810386167_542ea0__0790198scam01616_001_luj01	LS__1616_0810386167_542EA0__0790198SCAM01616_001_LUJ01.fits	https://pds-geosciences.wustl.edu/m2020/urn-nasa-pds-mars2020_supercam/data_raw_audio/sol_01616/LS__1616_0810386167_542EA0__0790198SCAM01616_001_LUJ01.fits	636480	275613ed74e27af33db0e21c69c7ee14	1616	810386167	285120	402bc1d8d5e405030992bc288cd4a0553e97b88a3c2061a223dd0012dca03159	9b89933fea5f52f63c3b01338668a8b044f4f37f18fde68f1aa8f555cf6e7ed4	2	100000	810386165.14719	2025-248T23:36:32.637429	155
539	ls__1616_0810386368_576ea0__0790198scam01616_002_luj01	LS__1616_0810386368_576EA0__0790198SCAM01616_002_LUJ01.fits	https://pds-geosciences.wustl.edu/m2020/urn-nasa-pds-mars2020_supercam/data_raw_audio/sol_01616/LS__1616_0810386368_576EA0__0790198SCAM01616_002_LUJ01.fits	604800	74131f6fdc7956562a854b9d5c665a56	1616	810386368	253440	49c0c7d4888aa1865d91feee0729fde2a09b7f704461258043198ccb6686e20b	9b89933fea5f52f63c3b01338668a8b044f4f37f18fde68f1aa8f555cf6e7ed4	2	100000	810386366.15172	2025-248T23:39:53.643558846	155
540	ls__1616_0810393892_991ea0__0790198scam04616_007_luj01	LS__1616_0810393892_991EA0__0790198SCAM04616_007_LUJ01.fits	https://pds-geosciences.wustl.edu/m2020/urn-nasa-pds-mars2020_supercam/data_raw_audio/sol_01616/LS__1616_0810393892_991EA0__0790198SCAM04616_007_LUJ01.fits	604800	7e1d883e96c1104773b70b023a8d251c	1616	810393892	253440	09f47dad62b4589c50e112c16334b16bffe0588dc498e09632b008a9a256bf5a	9b89933fea5f52f63c3b01338668a8b044f4f37f18fde68f1aa8f555cf6e7ed4	2	100000	810393890.5705	2025-249T01:45:18.12215545	155
541	ls__1620_0810748049_728ea0__0790198scam01620_001_luj01	LS__1620_0810748049_728EA0__0790198SCAM01620_001_LUJ01.fits	https://pds-geosciences.wustl.edu/m2020/urn-nasa-pds-mars2020_supercam/data_raw_audio/sol_01620/LS__1620_0810748049_728EA0__0790198SCAM01620_001_LUJ01.fits	636480	0f10f3040e7f2c89d14d1228a2fae8ec	1620	810748049	285120	4a28e3484e5119ea4c1538573f1cfc16fb65f7ea3af441f75078eefee4b318d2	9b89933fea5f52f63c3b01338668a8b044f4f37f18fde68f1aa8f555cf6e7ed4	2	100000	810748047.30568	2025-253T04:07:57.67288521	155
542	ls__1623_0811007508_436ea0__0790328scam01623_001_luj01	LS__1623_0811007508_436EA0__0790328SCAM01623_001_LUJ01.fits	https://pds-geosciences.wustl.edu/m2020/urn-nasa-pds-mars2020_supercam/data_raw_audio/sol_01623/LS__1623_0811007508_436EA0__0790328SCAM01623_001_LUJ01.fits	636480	83efbf2b702012a705573327dec88f2c	1623	811007508	285120	f430bb7999cdbab88e8b6d7e6ceff1746d2e767d3114f27e22fbf8e02f8b8dcf	9b89933fea5f52f63c3b01338668a8b044f4f37f18fde68f1aa8f555cf6e7ed4	2	100000	811007506.0261199	2025-256T04:12:18.456025764	155
543	ls__1623_0811008275_477ea0__0790328scam01623_004_luj01	LS__1623_0811008275_477EA0__0790328SCAM01623_004_LUJ01.fits	https://pds-geosciences.wustl.edu/m2020/urn-nasa-pds-mars2020_supercam/data_raw_audio/sol_01623/LS__1623_0811008275_477EA0__0790328SCAM01623_004_LUJ01.fits	604800	0b0407f53ad6e401e15c7882ec121443	1623	811008275	253440	bb734e301f6d8513a95ae87a0873c628d6a3c3a076cb968518d370308fde5cdf	9b89933fea5f52f63c3b01338668a8b044f4f37f18fde68f1aa8f555cf6e7ed4	2	100000	811008273.03816	2025-256T04:25:05.47416269	155
544	ls__1626_0811280396_585ea0__0790328scam01626_001_luj01	LS__1626_0811280396_585EA0__0790328SCAM01626_001_LUJ01.fits	https://pds-geosciences.wustl.edu/m2020/urn-nasa-pds-mars2020_supercam/data_raw_audio/sol_01626/LS__1626_0811280396_585EA0__0790328SCAM01626_001_LUJ01.fits	636480	1dceeca3a5d96b48a6b63f0a331b0109	1626	811280396	285120	75fd7c3743055b69aa654825e924d6dbfeb6b0c0172b70dab16a9526479b4b2c	9b89933fea5f52f63c3b01338668a8b044f4f37f18fde68f1aa8f555cf6e7ed4	2	100000	811280394.19556	2025-259T08:00:28.7949203	155
545	ls__1626_0811282141_572ea0__0790328scam01626_008_luj01	LS__1626_0811282141_572EA0__0790328SCAM01626_008_LUJ01.fits	https://pds-geosciences.wustl.edu/m2020/urn-nasa-pds-mars2020_supercam/data_raw_audio/sol_01626/LS__1626_0811282141_572EA0__0790328SCAM01626_008_LUJ01.fits	604800	e1fb9e490fc914b0c74e00da8ebf2f64	1626	811282141	253440	c4ad78f56342c07eb193b22dba7130e6353074830efa92f04a528dd514529861	9b89933fea5f52f63c3b01338668a8b044f4f37f18fde68f1aa8f555cf6e7ed4	2	100000	811282139.16228	2025-259T08:29:33.77551337	155
546	ls__1628_0811452160_070ea0__0790488scam01628_004_luj01	LS__1628_0811452160_070EA0__0790488SCAM01628_004_LUJ01.fits	https://pds-geosciences.wustl.edu/m2020/urn-nasa-pds-mars2020_supercam/data_raw_audio/sol_01628/LS__1628_0811452160_070EA0__0790488SCAM01628_004_LUJ01.fits	604800	99c788cc79301ef4ca858c5f492ca984	1628	811452160	253440	bbdd301c0dad615a2f20399cd95513578c44d9427360911db20119530ea5c2aa	9b89933fea5f52f63c3b01338668a8b044f4f37f18fde68f1aa8f555cf6e7ed4	2	100000	811452157.63934	2025-261T07:43:13.604226295	155
547	ls__1628_0811467660_340ea0__0790488scam10628_009_luj01	LS__1628_0811467660_340EA0__0790488SCAM10628_009_LUJ01.fits	https://pds-geosciences.wustl.edu/m2020/urn-nasa-pds-mars2020_supercam/data_raw_audio/sol_01628/LS__1628_0811467660_340EA0__0790488SCAM10628_009_LUJ01.fits	604800	936fe64b652316ac0b8afaf1ca2ef10b	1628	811467660	253440	f3e605405ba50afebe23f1c2e43d44b3dd04427d59f7fc137a21f950d840253b	9b89933fea5f52f63c3b01338668a8b044f4f37f18fde68f1aa8f555cf6e7ed4	2	100000	811467657.89691	2025-261T12:01:33.985021706	155
548	ls__1629_0811547572_790ea0__0790488scam01629_004_luj01	LS__1629_0811547572_790EA0__0790488SCAM01629_004_LUJ01.fits	https://pds-geosciences.wustl.edu/m2020/urn-nasa-pds-mars2020_supercam/data_raw_audio/sol_01629/LS__1629_0811547572_790EA0__0790488SCAM01629_004_LUJ01.fits	604800	d72c75d558b13095c297a4bb36fad28b	1629	811547572	253440	bdc0ad91621ec3a72694980c172f8bda07cc34a60746c91ee5817741a781fda7	9b89933fea5f52f63c3b01338668a8b044f4f37f18fde68f1aa8f555cf6e7ed4	2	100000	811547570.31143	2025-262T10:13:27.034845665	155
549	ls__1629_0811552257_873ea0__0790488scam03629_005_luj01	LS__1629_0811552257_873EA0__0790488SCAM03629_005_LUJ01.fits	https://pds-geosciences.wustl.edu/m2020/urn-nasa-pds-mars2020_supercam/data_raw_audio/sol_01629/LS__1629_0811552257_873EA0__0790488SCAM03629_005_LUJ01.fits	705600	c95856752490ee481d38e37e4263a467	1629	811552257	354240	e7a5facb638247674b6a0ca9e6a4fe2673cfc98421d1dd59e403ef973f5d3b9f	9b89933fea5f52f63c3b01338668a8b044f4f37f18fde68f1aa8f555cf6e7ed4	2	100000	811552255.4585	2025-262T11:31:32.21915679	155
550	ls__1632_0811813639_355ea0__0790596scam01632_001_luj01	LS__1632_0811813639_355EA0__0790596SCAM01632_001_LUJ01.fits	https://pds-geosciences.wustl.edu/m2020/urn-nasa-pds-mars2020_supercam/data_raw_audio/sol_01632/LS__1632_0811813639_355EA0__0790596SCAM01632_001_LUJ01.fits	636480	030128dd804464d14de415ab3283720e	1632	811813639	285120	132e0cad9e1f17e42b68be18a0e0b5a1f2cf7e39a605b280aa798837c59fc7bf	9b89933fea5f52f63c3b01338668a8b044f4f37f18fde68f1aa8f555cf6e7ed4	2	100000	811813636.95959	2025-265T12:07:55.798238365	155
551	ls__1632_0811814644_412ea0__0790596scam01632_005_luj01	LS__1632_0811814644_412EA0__0790596SCAM01632_005_LUJ01.fits	https://pds-geosciences.wustl.edu/m2020/urn-nasa-pds-mars2020_supercam/data_raw_audio/sol_01632/LS__1632_0811814644_412EA0__0790596SCAM01632_005_LUJ01.fits	627840	3918dce3d2a5d9b930504fcd6648b8e8	1632	811814644	276480	74974ac4c0b8d0a6e684b465ad8c685f821c00d660d73b499ee115238850f993	9b89933fea5f52f63c3b01338668a8b044f4f37f18fde68f1aa8f555cf6e7ed4	2	100000	811814641.97707	2025-265T12:24:40.82369956	155
552	ls__1632_0811818545_958ea0__0790596scam02632_010_luj01	LS__1632_0811818545_958EA0__0790596SCAM02632_010_LUJ01.fits	https://pds-geosciences.wustl.edu/m2020/urn-nasa-pds-mars2020_supercam/data_raw_audio/sol_01632/LS__1632_0811818545_958EA0__0790596SCAM02632_010_LUJ01.fits	705600	f90ab7a762ae95fa2998763bc819e620	1632	811818545	354240	452ffddb83b944c87cc8739c9c5d93bfcaa2bf7dee8a3c3b594a0990fd82e9d8	9b89933fea5f52f63c3b01338668a8b044f4f37f18fde68f1aa8f555cf6e7ed4	2	100000	811818543.4306	2025-265T13:29:42.308253105	155
553	ls__1636_0812161617_810ea0__0790732scam01636_001_luj01	LS__1636_0812161617_810EA0__0790732SCAM01636_001_LUJ01.fits	https://pds-geosciences.wustl.edu/m2020/urn-nasa-pds-mars2020_supercam/data_raw_audio/sol_01636/LS__1636_0812161617_810EA0__0790732SCAM01636_001_LUJ01.fits	636480	f95d430e8cc2d5e75b1442578386b33f	1636	812161617	285120	ca2e49ba580e64677a7c1f21784c21be6375678f6482ed8cca93938da9360130	9b89933fea5f52f63c3b01338668a8b044f4f37f18fde68f1aa8f555cf6e7ed4	2	100000	812161615.4174	2025-269T12:47:37.02247655	155
554	ls__1636_0812164328_398ea0__0790732scam02636_001_luj01	LS__1636_0812164328_398EA0__0790732SCAM02636_001_LUJ01.fits	https://pds-geosciences.wustl.edu/m2020/urn-nasa-pds-mars2020_supercam/data_raw_audio/sol_01636/LS__1636_0812164328_398EA0__0790732SCAM02636_001_LUJ01.fits	636480	436077b084b71a73354186e226e1ebcb	1636	812164328	285120	99f8be45cd32dca62ff7f20de5ce035dedfb87832ab4ef0161f3a241e9ff9242	9b89933fea5f52f63c3b01338668a8b044f4f37f18fde68f1aa8f555cf6e7ed4	2	100000	812164325.86642	2025-269T13:32:47.493045006	155
555	ls__1638_0812345479_286ea0__0790732scam01638_001_luj01	LS__1638_0812345479_286EA0__0790732SCAM01638_001_LUJ01.fits	https://pds-geosciences.wustl.edu/m2020/urn-nasa-pds-mars2020_supercam/data_raw_audio/sol_01638/LS__1638_0812345479_286EA0__0790732SCAM01638_001_LUJ01.fits	636480	a3ccb0f3715452391e5b7773807e2e11	1638	812345479	285120	ee531479b011c5b625d712fe0cf3bfb56c1f04a51f6085a41dfb0d5d793f2f76	9b89933fea5f52f63c3b01338668a8b044f4f37f18fde68f1aa8f555cf6e7ed4	2	100000	812345476.83417	2025-271T15:51:59.90093812	155
556	ls__1640_0812523351_732ea0__0790732scam01640_001_luj01	LS__1640_0812523351_732EA0__0790732SCAM01640_001_LUJ01.fits	https://pds-geosciences.wustl.edu/m2020/urn-nasa-pds-mars2020_supercam/data_raw_audio/sol_01640/LS__1640_0812523351_732EA0__0790732SCAM01640_001_LUJ01.fits	636480	ae6640080cdb4eb8e128cb8998add210	1640	812523351	285120	a47855162a7ae1c825a7a82e2b1a2cc4d3efc6ba0366fb02287578314116ceb8	9b89933fea5f52f63c3b01338668a8b044f4f37f18fde68f1aa8f555cf6e7ed4	2	100000	812523349.33415	2025-273T17:16:33.81500923	155
557	ls__1641_0812609349_663ea0__0790732scam01641_004_luj01	LS__1641_0812609349_663EA0__0790732SCAM01641_004_LUJ01.fits	https://pds-geosciences.wustl.edu/m2020/urn-nasa-pds-mars2020_supercam/data_raw_audio/sol_01641/LS__1641_0812609349_663EA0__0790732SCAM01641_004_LUJ01.fits	699840	54e61cc397694f6c659148752007b67a	1641	812609349	348480	da204f580aba5dfc5d44192a4a650b2474e123a9bed89f2ba4bde7cbd26df0a2	9b89933fea5f52f63c3b01338668a8b044f4f37f18fde68f1aa8f555cf6e7ed4	2	100000	812609347.2254	2025-274T17:09:52.389943085	155
558	ls__1642_0812706542_358ea0__0790732scam04642_001_luj01	LS__1642_0812706542_358EA0__0790732SCAM04642_001_LUJ01.fits	https://pds-geosciences.wustl.edu/m2020/urn-nasa-pds-mars2020_supercam/data_raw_audio/sol_01642/LS__1642_0812706542_358EA0__0790732SCAM04642_001_LUJ01.fits	636480	e7fbc59ec9c1e18427d6e1cfbe1a6cb9	1642	812706542	285120	619fb60f3b0a643339deed0e9a2d2699b43c76588d5c367be6bc187a3515b523	9b89933fea5f52f63c3b01338668a8b044f4f37f18fde68f1aa8f555cf6e7ed4	2	100000	812706539.96033	2025-275T20:09:45.897549644	155
559	ls__1643_0812790011_164ea0__0790870scam01643_004_luj01	LS__1643_0812790011_164EA0__0790870SCAM01643_004_LUJ01.fits	https://pds-geosciences.wustl.edu/m2020/urn-nasa-pds-mars2020_supercam/data_raw_audio/sol_01643/LS__1643_0812790011_164EA0__0790870SCAM01643_004_LUJ01.fits	604800	49ec0991b3ff27eb72adc0a34e0d324b	1643	812790011	253440	da518a062e7e219e5c85188b24849e063619a162ec4ce6a64ef8461d33956222	9b89933fea5f52f63c3b01338668a8b044f4f37f18fde68f1aa8f555cf6e7ed4	2	100000	812790008.74086	2025-276T19:20:55.34165928	155
560	ls__1644_0812883275_370ea0__0790870scam01644_010_luj01	LS__1644_0812883275_370EA0__0790870SCAM01644_010_LUJ01.fits	https://pds-geosciences.wustl.edu/m2020/urn-nasa-pds-mars2020_supercam/data_raw_audio/sol_01644/LS__1644_0812883275_370EA0__0790870SCAM01644_010_LUJ01.fits	708480	cc4d4ddedd83613511600580edbc16a8	1644	812883275	357120	aa77103a232322ca042ca00353683b9a268b03c00c4d30e9875684b797ddca56	9b89933fea5f52f63c3b01338668a8b044f4f37f18fde68f1aa8f555cf6e7ed4	2	100000	812883272.95998	2025-277T21:15:20.302226036	155
561	ls__1646_0813057578_777ea0__0790870scam01646_005_luj01	LS__1646_0813057578_777EA0__0790870SCAM01646_005_LUJ01.fits	https://pds-geosciences.wustl.edu/m2020/urn-nasa-pds-mars2020_supercam/data_raw_audio/sol_01646/LS__1646_0813057578_777EA0__0790870SCAM01646_005_LUJ01.fits	627840	d313afba39b8ac27b0a46b8bf145c39e	1646	813057578	276480	f94ce446f4cab3f6cf2d26abee175462a45abf4846b9becb7f656bebe3f3616a	9b89933fea5f52f63c3b01338668a8b044f4f37f18fde68f1aa8f555cf6e7ed4	2	100000	813057576.36617	2025-279T21:40:25.094127075	155
562	ls__1647_0813147267_778ea0__0791204scam02647_001_luj01	LS__1647_0813147267_778EA0__0791204SCAM02647_001_LUJ01.fits	https://pds-geosciences.wustl.edu/m2020/urn-nasa-pds-mars2020_supercam/data_raw_audio/sol_01647/LS__1647_0813147267_778EA0__0791204SCAM02647_001_LUJ01.fits	636480	d5073bd6480bf908cff8ead2e91465d7	1647	813147267	285120	e30b39a78cb4836cba919bc5341e4ede5cc175e03c62c7836f8190cb547a5a94	9b89933fea5f52f63c3b01338668a8b044f4f37f18fde68f1aa8f555cf6e7ed4	2	100000	813147265.33412	2025-280T22:35:14.77511091	155
563	ls__1648_0813228098_073ea0__0791382scam01648_005_luj01	LS__1648_0813228098_073EA0__0791382SCAM01648_005_LUJ01.fits	https://pds-geosciences.wustl.edu/m2020/urn-nasa-pds-mars2020_supercam/data_raw_audio/sol_01648/LS__1648_0813228098_073EA0__0791382SCAM01648_005_LUJ01.fits	630720	2a2b40df15560d2930fd18502a6b24e1	1648	813228098	279360	04f7a145ec2ce84fdd843a2a4064fb9f425800ba961ea26075e878167208020e	9b89933fea5f52f63c3b01338668a8b044f4f37f18fde68f1aa8f555cf6e7ed4	2	100000	813228095.60059	2025-281T21:02:25.684175766	155
564	ls__1662_0814469752_586ea0__0791632scam01662_001_luj02	LS__1662_0814469752_586EA0__0791632SCAM01662_001_LUJ02.fits	https://pds-geosciences.wustl.edu/m2020/urn-nasa-pds-mars2020_supercam/data_raw_audio/sol_01662/LS__1662_0814469752_586EA0__0791632SCAM01662_001_LUJ02.fits	636480	7b34249c83447785f50d04b20b85528b	1662	814469752	285120	f266ab6b9d5bbbe9e00cdc5401516378f803388ee7819d35225a7e99ea065618	9b89933fea5f52f63c3b01338668a8b044f4f37f18fde68f1aa8f555cf6e7ed4	2	100000	814469750.14711	2025-296T05:56:50.101853455	155
565	ls__1662_0814470152_601ea0__0791632scam01662_003_luj01	LS__1662_0814470152_601EA0__0791632SCAM01662_003_LUJ01.fits	https://pds-geosciences.wustl.edu/m2020/urn-nasa-pds-mars2020_supercam/data_raw_audio/sol_01662/LS__1662_0814470152_601EA0__0791632SCAM01662_003_LUJ01.fits	604800	70fa156ecd5dfa51e24f07fec7b8c146	1662	814470152	253440	cac30c84f2eafd192a191b212843f033d421ff41a8abb7da3e3ffb2166507aec	9b89933fea5f52f63c3b01338668a8b044f4f37f18fde68f1aa8f555cf6e7ed4	2	100000	814470150.14726	2025-296T06:03:30.10518605	155
566	ls__1663_0814558524_979ea0__0791762scam01663_001_luj01	LS__1663_0814558524_979EA0__0791762SCAM01663_001_LUJ01.fits	https://pds-geosciences.wustl.edu/m2020/urn-nasa-pds-mars2020_supercam/data_raw_audio/sol_01663/LS__1663_0814558524_979EA0__0791762SCAM01663_001_LUJ01.fits	636480	0b2f415124fa7afd6818951b47d167b4	1663	814558524	285120	c42b9568f68644efc7ed7fad9e6092b463a7a11d29469221a60b15ac217f2740	9b89933fea5f52f63c3b01338668a8b044f4f37f18fde68f1aa8f555cf6e7ed4	2	100000	814558522.52133	2025-297T06:36:23.181815636	155
567	ls__1669_0815099447_279ea0__0792048scam05669_001_luj01	LS__1669_0815099447_279EA0__0792048SCAM05669_001_LUJ01.fits	https://pds-geosciences.wustl.edu/m2020/urn-nasa-pds-mars2020_supercam/data_raw_audio/sol_01669/LS__1669_0815099447_279EA0__0792048SCAM05669_001_LUJ01.fits	636480	a7baf5a8383dca31ad2c0943f02a8069	1669	815099447	285120	50f63d76e7122277b1ed40cc8170de936d37f60f20e868d07010ab995367e6c1	9b89933fea5f52f63c3b01338668a8b044f4f37f18fde68f1aa8f555cf6e7ed4	2	100000	815099444.83418	2025-303T12:51:49.79499898	155
568	ls__1669_0815099675_337ea0__0792048scam05669_004_luj01	LS__1669_0815099675_337EA0__0792048SCAM05669_004_LUJ01.fits	https://pds-geosciences.wustl.edu/m2020/urn-nasa-pds-mars2020_supercam/data_raw_audio/sol_01669/LS__1669_0815099675_337EA0__0792048SCAM05669_004_LUJ01.fits	699840	f0b3e513b4976c8f5f82200117db11b0	1669	815099675	348480	c9f99c182e9fb0962eafd4755f6c39c157a45692e7dbddbf2e6afb8d3ba06f9a	9b89933fea5f52f63c3b01338668a8b044f4f37f18fde68f1aa8f555cf6e7ed4	2	100000	815099672.89645	2025-303T12:55:37.85908319	155
569	ls__1676_0815712642_984ea0__0802790scam01676_001_luj01	LS__1676_0815712642_984EA0__0802790SCAM01676_001_LUJ01.fits	https://pds-geosciences.wustl.edu/m2020/urn-nasa-pds-mars2020_supercam/data_raw_audio/sol_01676/LS__1676_0815712642_984EA0__0802790SCAM01676_001_LUJ01.fits	636480	ad3f9e695e16e3df14662c56e461c283	1676	815712642	285120	9d4c2cc2b73111b8dd0b1f1980f661d1b7eb8befc215cd489e99318f1d165404	9b89933fea5f52f63c3b01338668a8b044f4f37f18fde68f1aa8f555cf6e7ed4	2	100000	815712640.5724601	2025-310T15:11:50.40818634	155
570	ls__1676_0815714711_983ea0__0802790scam01676_010_luj01	LS__1676_0815714711_983EA0__0802790SCAM01676_010_LUJ01.fits	https://pds-geosciences.wustl.edu/m2020/urn-nasa-pds-mars2020_supercam/data_raw_audio/sol_01676/LS__1676_0815714711_983EA0__0802790SCAM01676_010_LUJ01.fits	705600	624120cbae15c6529b9f586e21d56710	1676	815714711	354240	946af0055ec1f7ac7785f3dd225f8af03523d26f20c734b13b1baa56359c9220	9b89933fea5f52f63c3b01338668a8b044f4f37f18fde68f1aa8f555cf6e7ed4	2	100000	815714709.52191	2025-310T15:46:19.37408212	155
571	ls__1682_0816248090_115ea0__0802956scam01682_001_luj02	LS__1682_0816248090_115EA0__0802956SCAM01682_001_LUJ02.fits	https://pds-geosciences.wustl.edu/m2020/urn-nasa-pds-mars2020_supercam/data_raw_audio/sol_01682/LS__1682_0816248090_115EA0__0802956SCAM01682_001_LUJ02.fits	636480	635fe6b3d73db9269a21ca6f8a9fd24b	1682	816248090	285120	1869d82f2cded93a0d59dc5f7cb105487e439e5f60066018ff1e0daf256492c5	9b89933fea5f52f63c3b01338668a8b044f4f37f18fde68f1aa8f555cf6e7ed4	2	100000	816248087.7093	2025-316T19:56:01.80183191	155
572	ls__1687_0816689249_213ea0__0810000scam01687_001_luj04	LS__1687_0816689249_213EA0__0810000SCAM01687_001_LUJ04.fits	https://pds-geosciences.wustl.edu/m2020/urn-nasa-pds-mars2020_supercam/data_raw_audio/sol_01687/LS__1687_0816689249_213EA0__0810000SCAM01687_001_LUJ04.fits	636480	de99b295ddab7e758b12d6d006b411b7	1687	816689249	285120	3d96654808a46b069dde990c1975995bdc82b51b2a8630679ac9f918c952b047	9b89933fea5f52f63c3b01338668a8b044f4f37f18fde68f1aa8f555cf6e7ed4	2	100000	816689246.82195	2025-321T22:28:44.421687225	155
573	ls__1687_0816690723_228ea0__0810000scam01687_006_luj04	LS__1687_0816690723_228EA0__0810000SCAM01687_006_LUJ04.fits	https://pds-geosciences.wustl.edu/m2020/urn-nasa-pds-mars2020_supercam/data_raw_audio/sol_01687/LS__1687_0816690723_228EA0__0810000SCAM01687_006_LUJ04.fits	604800	7f4927c615b6a4fc9f5dd11c6a89d140	1687	816690723	253440	b09bb262071c89200ff83804e2e0610a37653b8851bc15ce36268bb3bcd9721a	9b89933fea5f52f63c3b01338668a8b044f4f37f18fde68f1aa8f555cf6e7ed4	2	100000	816690720.77197	2025-321T22:53:18.3834326	155
574	ls__1688_0816784394_805ea0__0811418scam05688_001_luj01	LS__1688_0816784394_805EA0__0811418SCAM05688_001_LUJ01.fits	https://pds-geosciences.wustl.edu/m2020/urn-nasa-pds-mars2020_supercam/data_raw_audio/sol_01688/LS__1688_0816784394_805EA0__0811418SCAM05688_001_LUJ01.fits	619200	3e96e237906ac8f498069503bd977211	1688	816784394	267840	de0557b30895f6f8db6762fa12302e51a3bbbb58b22ec44bdd1484975697c84e	9b89933fea5f52f63c3b01338668a8b044f4f37f18fde68f1aa8f555cf6e7ed4	2	100000	816784392.39726	2025-323T00:54:30.75341194	155
575	ls__1689_0816869506_989ea0__0813270scam01689_009_luj01	LS__1689_0816869506_989EA0__0813270SCAM01689_009_LUJ01.fits	https://pds-geosciences.wustl.edu/m2020/urn-nasa-pds-mars2020_supercam/data_raw_audio/sol_01689/LS__1689_0816869506_989EA0__0813270SCAM01689_009_LUJ01.fits	604800	960d0dd9f5687a7209be736dfbc8df40	1689	816869506	253440	2f9bf147efc7da298d351faa2e79e158489909c0d56604e98b6d0b83cea5b92c	9b89933fea5f52f63c3b01338668a8b044f4f37f18fde68f1aa8f555cf6e7ed4	2	100000	816869504.55492	2025-324T00:33:03.5877074	155
576	ls__1691_0817044824_729ea0__0813608scam01691_004_luj01	LS__1691_0817044824_729EA0__0813608SCAM01691_004_LUJ01.fits	https://pds-geosciences.wustl.edu/m2020/urn-nasa-pds-mars2020_supercam/data_raw_audio/sol_01691/LS__1691_0817044824_729EA0__0813608SCAM01691_004_LUJ01.fits	604800	93794e3870eb8b5f8a103e330d8ad3c1	1691	817044824	253440	51ae7de33c0c9e067432e84916cf5f98395006befd320c9385bcd400c37d7baa	9b89933fea5f52f63c3b01338668a8b044f4f37f18fde68f1aa8f555cf6e7ed4	2	100000	817044822.28757	2025-326T01:15:02.71413413	155
577	ls__1694_0817317131_062ea0__0813608scam01694_001_luj01	LS__1694_0817317131_062EA0__0813608SCAM01694_001_LUJ01.fits	https://pds-geosciences.wustl.edu/m2020/urn-nasa-pds-mars2020_supercam/data_raw_audio/sol_01694/LS__1694_0817317131_062EA0__0813608SCAM01694_001_LUJ01.fits	636480	f8b5d9eb4a1d86807791283fae4d3422	1694	817317131	285120	efbfca049a886bafe348ba7129922670e09ab6498a22782dbe06128a4330987c	9b89933fea5f52f63c3b01338668a8b044f4f37f18fde68f1aa8f555cf6e7ed4	2	100000	817317128.61615	2025-329T04:53:31.20755221	155
578	ls__1694_0817317842_030ea0__0813608scam01694_005_luj01	LS__1694_0817317842_030EA0__0813608SCAM01694_005_LUJ01.fits	https://pds-geosciences.wustl.edu/m2020/urn-nasa-pds-mars2020_supercam/data_raw_audio/sol_01694/LS__1694_0817317842_030EA0__0813608SCAM01694_005_LUJ01.fits	604800	f6932066e8369a046e16598bed7b84b7	1694	817317842	253440	95a21ef900090b2b3d6e7be21e654d898e35d32397ac82fa35a2d47e47987c8e	9b89933fea5f52f63c3b01338668a8b044f4f37f18fde68f1aa8f555cf6e7ed4	2	100000	817317839.61613	2025-329T05:05:22.2131894	155
579	ls__1699_0817754394_294ea0__0814488scam01699_001_luj01	LS__1699_0817754394_294EA0__0814488SCAM01699_001_LUJ01.fits	https://pds-geosciences.wustl.edu/m2020/urn-nasa-pds-mars2020_supercam/data_raw_audio/sol_01699/LS__1699_0817754394_294EA0__0814488SCAM01699_001_LUJ01.fits	636480	cf85a07db6471c57f8f5c9bc66ec94c3	1699	817754394	285120	9d8b1ff46fafce2ef69555f627bc6efb6f7bd9a75362e572327f2004b12fcc30	9b89933fea5f52f63c3b01338668a8b044f4f37f18fde68f1aa8f555cf6e7ed4	2	100000	817754391.85059	2025-334T06:21:17.91823096	155
580	ls__1699_0817755393_230ea0__0814488scam01699_005_luj01	LS__1699_0817755393_230EA0__0814488SCAM01699_005_LUJ01.fits	https://pds-geosciences.wustl.edu/m2020/urn-nasa-pds-mars2020_supercam/data_raw_audio/sol_01699/LS__1699_0817755393_230EA0__0814488SCAM01699_005_LUJ01.fits	627840	55c9af6d0eed57ea19039b86692d5022	1699	817755393	276480	4f0af45e85d5b17b6e14e6829ce97aa7e580d9c060335437e282cfa18127385b	9b89933fea5f52f63c3b01338668a8b044f4f37f18fde68f1aa8f555cf6e7ed4	2	100000	817755390.85059	2025-334T06:37:56.926173004	155
581	ls__1700_0817845238_605ea0__0814492scam01700_010_luj01	LS__1700_0817845238_605EA0__0814492SCAM01700_010_LUJ01.fits	https://pds-geosciences.wustl.edu/m2020/urn-nasa-pds-mars2020_supercam/data_raw_audio/sol_01700/LS__1700_0817845238_605EA0__0814492SCAM01700_010_LUJ01.fits	708480	d60870022665a39088c44280edfb2c04	1700	817845238	357120	8ed0145e371a199dc1bb8e2f7fc198d5056d29bde3609348925fbcc246b7dc2c	9b89933fea5f52f63c3b01338668a8b044f4f37f18fde68f1aa8f555cf6e7ed4	2	100000	817845236.18065	2025-335T07:35:22.97050625	155
582	ls__1702_0818024496_170ea0__0821486scam01702_005_luj01	LS__1702_0818024496_170EA0__0821486SCAM01702_005_LUJ01.fits	https://pds-geosciences.wustl.edu/m2020/urn-nasa-pds-mars2020_supercam/data_raw_audio/sol_01702/LS__1702_0818024496_170EA0__0821486SCAM01702_005_LUJ01.fits	627840	7abb56112698f8a9ad384a4272ad8ce5	1702	818024496	276480	366b8cf2a20e75989526da35847e2022294644ccb05bd3200128229c6a4aa07c	9b89933fea5f52f63c3b01338668a8b044f4f37f18fde68f1aa8f555cf6e7ed4	2	100000	818024493.7408	2025-337T09:23:01.95575399	155
583	ls__1703_0818110491_432ea0__0821486scam01703_010_luj01	LS__1703_0818110491_432EA0__0821486SCAM01703_010_LUJ01.fits	https://pds-geosciences.wustl.edu/m2020/urn-nasa-pds-mars2020_supercam/data_raw_audio/sol_01703/LS__1703_0818110491_432EA0__0821486SCAM01703_010_LUJ01.fits	708480	cf0e57533337b20bb6c813ad230fb2e2	1703	818110491	357120	a55d556612df5a222f4c833af7ef816b654841daae8e360eb15c060f5f55bb9f	9b89933fea5f52f63c3b01338668a8b044f4f37f18fde68f1aa8f555cf6e7ed4	2	100000	818110488.97673	2025-338T09:16:17.87534751	155
584	ls__1706_0818382227_710ea0__0822866scam02706_001_luj01	LS__1706_0818382227_710EA0__0822866SCAM02706_001_LUJ01.fits	https://pds-geosciences.wustl.edu/m2020/urn-nasa-pds-mars2020_supercam/data_raw_audio/sol_01706/LS__1706_0818382227_710EA0__0822866SCAM02706_001_LUJ01.fits	636480	29dccb8e58b8b44009d7266bded92ca9	1706	818382227	285120	2662053bc6d406160375747e26a63c2078fbabf4d431d0fac5c952000baa5c95	9b89933fea5f52f63c3b01338668a8b044f4f37f18fde68f1aa8f555cf6e7ed4	2	100000	818382225.2414401	2025-341T12:45:16.3003603	155
585	ls__1708_0818553353_576ea0__0823986scam01708_001_luj01	LS__1708_0818553353_576EA0__0823986SCAM01708_001_LUJ01.fits	https://pds-geosciences.wustl.edu/m2020/urn-nasa-pds-mars2020_supercam/data_raw_audio/sol_01708/LS__1708_0818553353_576EA0__0823986SCAM01708_001_LUJ01.fits	636480	949a12834cbae6fd5e556f9367d844ce	1708	818553353	285120	9d6527fcb980dd70a07b8fa34dc30aadad1c6f0ae326d2e74e02bb4cc46b9ed1	9b89933fea5f52f63c3b01338668a8b044f4f37f18fde68f1aa8f555cf6e7ed4	2	100000	818553351.15088	2025-343T12:17:23.57025036	155
586	ls__1708_0818555128_338ea0__0823986scam01708_009_luj01	LS__1708_0818555128_338EA0__0823986SCAM01708_009_LUJ01.fits	https://pds-geosciences.wustl.edu/m2020/urn-nasa-pds-mars2020_supercam/data_raw_audio/sol_01708/LS__1708_0818555128_338EA0__0823986SCAM01708_009_LUJ01.fits	604800	64fc2db01bd23ba6b20e7142464cb7bb	1708	818555128	253440	097bb9a0fb51a5e717ef2db628e7ea3334bd9cc598015e54f47f2d4527fac191	9b89933fea5f52f63c3b01338668a8b044f4f37f18fde68f1aa8f555cf6e7ed4	2	100000	818555125.93654	2025-343T12:46:58.37001969	155
587	ls__1711_0818820460_246ea0__0830000scam01711_004_luj01	LS__1711_0818820460_246EA0__0830000SCAM01711_004_LUJ01.fits	https://pds-geosciences.wustl.edu/m2020/urn-nasa-pds-mars2020_supercam/data_raw_audio/sol_01711/LS__1711_0818820460_246EA0__0830000SCAM01711_004_LUJ01.fits	604800	c1e9d8fb3a88fef30c82bc6edeebd453	1711	818820460	253440	b163f6e036435c006f92554854a082ec650c39729992b42dcdcdf70d115cfe0b	9b89933fea5f52f63c3b01338668a8b044f4f37f18fde68f1aa8f555cf6e7ed4	2	100000	818820457.82655	2025-346T14:29:12.369422874	155
588	ls__1711_0818828709_271ea0__0830000scam05711_005_luj01	LS__1711_0818828709_271EA0__0830000SCAM05711_005_LUJ01.fits	https://pds-geosciences.wustl.edu/m2020/urn-nasa-pds-mars2020_supercam/data_raw_audio/sol_01711/LS__1711_0818828709_271EA0__0830000SCAM05711_005_LUJ01.fits	627840	185886bdba05799aad5c87e25d269bd5	1711	818828709	276480	ca43648516df1518a9279b03348b0ba1a58f5fa986e0f0a394d7c2aa8ab993b5	9b89933fea5f52f63c3b01338668a8b044f4f37f18fde68f1aa8f555cf6e7ed4	2	100000	818828706.8204	2025-346T16:46:41.42885308	155
589	ls__1757_0822904075_652ea0__0831252scam01757_004_luj01	LS__1757_0822904075_652EA0__0831252SCAM01757_004_LUJ01.fits	https://pds-geosciences.wustl.edu/m2020/urn-nasa-pds-mars2020_supercam/data_raw_audio/sol_01757/LS__1757_0822904075_652EA0__0831252SCAM01757_004_LUJ01.fits	604800	b470373224f379c094cef28970262664	1757	822904075	253440	eea192227856065c859d8fc619deb73c81088a88e2c5ee0269729dfce548dc61	9b89933fea5f52f63c3b01338668a8b044f4f37f18fde68f1aa8f555cf6e7ed4	2	100000	822904073.2256	2026-028T20:50:00.23321314	155
590	ls__1758_0823002162_850ea0__0831252scam01758_009_luj01	LS__1758_0823002162_850EA0__0831252SCAM01758_009_LUJ01.fits	https://pds-geosciences.wustl.edu/m2020/urn-nasa-pds-mars2020_supercam/data_raw_audio/sol_01758/LS__1758_0823002162_850EA0__0831252SCAM01758_009_LUJ01.fits	604800	560344ed9a237e1c5d15512328546563	1758	823002162	253440	f1934f615cdde0d94c7df10d2d21ada2669f6d2fe58a998575b9a6019bb0bd60	9b89933fea5f52f63c3b01338668a8b044f4f37f18fde68f1aa8f555cf6e7ed4	2	100000	823002160.45926	2026-030T00:04:48.24666449	155
591	ls__1760_0823177196_228ea0__0831338scam01760_005_luj01	LS__1760_0823177196_228EA0__0831338SCAM01760_005_LUJ01.fits	https://pds-geosciences.wustl.edu/m2020/urn-nasa-pds-mars2020_supercam/data_raw_audio/sol_01760/LS__1760_0823177196_228EA0__0831338SCAM01760_005_LUJ01.fits	627840	51f8c06fb28029799d2a23891d3af256	1760	823177196	276480	1f01517ae49d23a0ad45a93ac2806739525b05e83a5993515478e07cf04136d0	9b89933fea5f52f63c3b01338668a8b044f4f37f18fde68f1aa8f555cf6e7ed4	2	100000	823177193.78743	2026-032T00:42:02.96635023	155
592	ls__1764_0823534263_210ea0__0840000scam01764_010_luj01	LS__1764_0823534263_210EA0__0840000SCAM01764_010_LUJ01.fits	https://pds-geosciences.wustl.edu/m2020/urn-nasa-pds-mars2020_supercam/data_raw_audio/sol_01764/LS__1764_0823534263_210EA0__0840000SCAM01764_010_LUJ01.fits	705600	5faff773328db734e8b3e1b49fbdcdab	1764	823534263	354240	f1f48d7dc8c956898bfbd38da998b1a98efc3b1f94c7f23927ba3873ba690a17	9b89933fea5f52f63c3b01338668a8b044f4f37f18fde68f1aa8f555cf6e7ed4	2	100000	823534260.77211	2026-036T03:53:12.78971293	155
593	ls__1766_0823703478_167ea0__0841192scam01766_005_luj01	LS__1766_0823703478_167EA0__0841192SCAM01766_005_LUJ01.fits	https://pds-geosciences.wustl.edu/m2020/urn-nasa-pds-mars2020_supercam/data_raw_audio/sol_01766/LS__1766_0823703478_167EA0__0841192SCAM01766_005_LUJ01.fits	627840	784015b2ffa165b2ff52a719423d18ce	1766	823703478	276480	bc6578731e80b502c34345e7afd21f3d7c14b47bb440248f7000480d01b1a82c	9b89933fea5f52f63c3b01338668a8b044f4f37f18fde68f1aa8f555cf6e7ed4	2	100000	823703475.72563	2026-038T02:53:29.08849354	155
594	ls__1768_0823883208_327ea0__0850000scam01768_001_luj01	LS__1768_0823883208_327EA0__0850000SCAM01768_001_LUJ01.fits	https://pds-geosciences.wustl.edu/m2020/urn-nasa-pds-mars2020_supercam/data_raw_audio/sol_01768/LS__1768_0823883208_327EA0__0850000SCAM01768_001_LUJ01.fits	636480	058fc60c8d7e50fab000367643ced4bf	1768	823883208	285120	a0b7025e6109a8d3cb643490f233c18b87c6d960ee84d2c2303987a537e51af0	9b89933fea5f52f63c3b01338668a8b044f4f37f18fde68f1aa8f555cf6e7ed4	2	100000	823883205.91237	2026-040T04:49:00.70408559	155
595	ls__1770_0824065376_625ea0__0850000scam01770_001_luj01	LS__1770_0824065376_625EA0__0850000SCAM01770_001_LUJ01.fits	https://pds-geosciences.wustl.edu/m2020/urn-nasa-pds-mars2020_supercam/data_raw_audio/sol_01770/LS__1770_0824065376_625EA0__0850000SCAM01770_001_LUJ01.fits	636480	3609be0836a217f19e227228caeb4368	1770	824065376	285120	0d57957254d36e94ef5934b2beb71f112518f58e4a187888fa0f0d9186a9d690	9b89933fea5f52f63c3b01338668a8b044f4f37f18fde68f1aa8f555cf6e7ed4	2	100000	824065374.20911	2026-042T07:25:10.44906121	155
596	ls__1776_0824590089_245ea0__0860000scam01776_001_luj02	LS__1776_0824590089_245EA0__0860000SCAM01776_001_LUJ02.fits	https://pds-geosciences.wustl.edu/m2020/urn-nasa-pds-mars2020_supercam/data_raw_audio/sol_01776/LS__1776_0824590089_245EA0__0860000SCAM01776_001_LUJ02.fits	636480	cc383bd32e4ec092b8053183b26d23ee	1776	824590089	285120	ee921f142899fa2aa9076ec2136285133ea0bee9e7c7b36566e7f13791df0aae	9b89933fea5f52f63c3b01338668a8b044f4f37f18fde68f1aa8f555cf6e7ed4	2	100000	824590086.83421	2026-048T09:10:27.2456334	155
597	ls__1778_0824771173_371ea0__0860000scam01778_001_luj01	LS__1778_0824771173_371EA0__0860000SCAM01778_001_LUJ01.fits	https://pds-geosciences.wustl.edu/m2020/urn-nasa-pds-mars2020_supercam/data_raw_audio/sol_01778/LS__1778_0824771173_371EA0__0860000SCAM01778_001_LUJ01.fits	636480	8cf4fc2b51463657773b2e3cfc7dd051	1778	824771173	285120	11e0e16ba98a419bc2435be80705414febf38c6d72e30e8db2756a1ef6442e53	9b89933fea5f52f63c3b01338668a8b044f4f37f18fde68f1aa8f555cf6e7ed4	2	100000	824771170.96785	2026-050T11:28:32.818888725	155
598	ls__1778_0824772612_413ea0__0860000scam01778_007_luj01	LS__1778_0824772612_413EA0__0860000SCAM01778_007_LUJ01.fits	https://pds-geosciences.wustl.edu/m2020/urn-nasa-pds-mars2020_supercam/data_raw_audio/sol_01778/LS__1778_0824772612_413EA0__0860000SCAM01778_007_LUJ01.fits	627840	590005c025cb0a00562b150b24bc3a8f	1778	824772612	276480	49eae1b968f3a233e9f543da30b255d9e903ee906607af8bd21e3951ba6d3176	9b89933fea5f52f63c3b01338668a8b044f4f37f18fde68f1aa8f555cf6e7ed4	2	100000	824772609.96025	2026-050T11:52:31.82272984	155
599	ls__1780_0824946510_467ea0__0860160scam01780_005_luj02	LS__1780_0824946510_467EA0__0860160SCAM01780_005_LUJ02.fits	https://pds-geosciences.wustl.edu/m2020/urn-nasa-pds-mars2020_supercam/data_raw_audio/sol_01780/LS__1780_0824946510_467EA0__0860160SCAM01780_005_LUJ02.fits	627840	8d185b8b1b175cec821323a94e97d36d	1780	824946510	276480	0af0c64228e2e6b4aea6ee4d98a6f3be28e02e6b1f7e2962be1241b81ec51037	9b89933fea5f52f63c3b01338668a8b044f4f37f18fde68f1aa8f555cf6e7ed4	2	100000	824946507.96021	2026-052T12:10:51.20517317	155
600	ls__1780_0824955145_436ea0__0860160scam05780_001_luj01	LS__1780_0824955145_436EA0__0860160SCAM05780_001_LUJ01.fits	https://pds-geosciences.wustl.edu/m2020/urn-nasa-pds-mars2020_supercam/data_raw_audio/sol_01780/LS__1780_0824955145_436EA0__0860160SCAM05780_001_LUJ01.fits	636480	c1fafb711b68095bd1946872e5921ade	1780	824955145	285120	9bf2ba586f6d6ed8bcfcf50ee050a716daeddfdea3438db6d14af56a090b6ea5	9b89933fea5f52f63c3b01338668a8b044f4f37f18fde68f1aa8f555cf6e7ed4	2	100000	824955142.9908299	2026-052T14:34:46.30444605	155
601	ls__1782_0825123862_730ea0__0860356scam01782_005_luj01	LS__1782_0825123862_730EA0__0860356SCAM01782_005_LUJ01.fits	https://pds-geosciences.wustl.edu/m2020/urn-nasa-pds-mars2020_supercam/data_raw_audio/sol_01782/LS__1782_0825123862_730EA0__0860356SCAM01782_005_LUJ01.fits	627840	b678794561179edd27f46af6c64ee16c	1782	825123862	276480	977d6ced31fe65ce380a5078f86b5a4cc0287eb6f03758b8bb63bf8bf1807e52	9b89933fea5f52f63c3b01338668a8b044f4f37f18fde68f1aa8f555cf6e7ed4	2	100000	825123860.30576	2026-054T13:26:44.96067485	155
602	ls__1783_0825220814_679ea0__0860356scam01783_010_luj01	LS__1783_0825220814_679EA0__0860356SCAM01783_010_LUJ01.fits	https://pds-geosciences.wustl.edu/m2020/urn-nasa-pds-mars2020_supercam/data_raw_audio/sol_01783/LS__1783_0825220814_679EA0__0860356SCAM01783_010_LUJ01.fits	708480	ef3981c11633acfa06160d4ee5ab5e6f	1783	825220814	357120	9af6ae370ec22edad0b0bcfb7bde986236c0e75819dc841c35514cb449d769a0	9b89933fea5f52f63c3b01338668a8b044f4f37f18fde68f1aa8f555cf6e7ed4	2	100000	825220812.22559	2026-055T16:22:37.651272934	155
603	ls__1784_0825309854_806ea0__0860510scam02784_006_luj01	LS__1784_0825309854_806EA0__0860510SCAM02784_006_LUJ01.fits	https://pds-geosciences.wustl.edu/m2020/urn-nasa-pds-mars2020_supercam/data_raw_audio/sol_01784/LS__1784_0825309854_806EA0__0860510SCAM02784_006_LUJ01.fits	604800	4cc0bdfa95cdfbfd6fd68ca9b32584fb	1784	825309854	253440	adb51a65f26e23d40297fe735506595cf3246e573c9810189bd2b567b8e912c4	9b89933fea5f52f63c3b01338668a8b044f4f37f18fde68f1aa8f555cf6e7ed4	2	100000	825309852.39755	2026-056T17:06:38.53110886	155
604	ls__1787_0825573922_998ea0__0860510scam01787_001_luj02	LS__1787_0825573922_998EA0__0860510SCAM01787_001_LUJ02.fits	https://pds-geosciences.wustl.edu/m2020/urn-nasa-pds-mars2020_supercam/data_raw_audio/sol_01787/LS__1787_0825573922_998EA0__0860510SCAM01787_001_LUJ02.fits	636480	0da98a818d371e0544f9556edfd27ef1	1787	825573922	285120	c0c6ff45113bf7cfed2f9466427dc4796418e6671e66c6716a129054d5619a7e	9b89933fea5f52f63c3b01338668a8b044f4f37f18fde68f1aa8f555cf6e7ed4	2	100000	825573920.58446	2026-059T18:27:48.81735585	155
605	ls__1790_0825840506_227ea0__0860510scam01790_001_luj03	LS__1790_0825840506_227EA0__0860510SCAM01790_001_LUJ03.fits	https://pds-geosciences.wustl.edu/m2020/urn-nasa-pds-mars2020_supercam/data_raw_audio/sol_01790/LS__1790_0825840506_227EA0__0860510SCAM01790_001_LUJ03.fits	636480	975e600d3188efcebbd31498d38f8fd6	1790	825840506	285120	44b6766431d59f5d5c071d49f29c1a68fd20aa182b31999b2bed16e01bf0c900	9b89933fea5f52f63c3b01338668a8b044f4f37f18fde68f1aa8f555cf6e7ed4	2	100000	825840503.80566	2026-062T20:30:54.157899124	155
606	ls__1790_0825840946_294ea0__0860510scam01790_003_luj03	LS__1790_0825840946_294EA0__0860510SCAM01790_003_LUJ03.fits	https://pds-geosciences.wustl.edu/m2020/urn-nasa-pds-mars2020_supercam/data_raw_audio/sol_01790/LS__1790_0825840946_294EA0__0860510SCAM01790_003_LUJ03.fits	604800	9e3985d736fc2ef2d800b79ad7931db1	1790	825840946	253440	39025e9ac44c78b909201bd3e732e951229d015d8be6d72af407767e584ed8be	9b89933fea5f52f63c3b01338668a8b044f4f37f18fde68f1aa8f555cf6e7ed4	2	100000	825840943.85278	2026-062T20:38:14.20851664	155
607	ls__1790_0825845083_320ea0__0860510scam02790_008_luj03	LS__1790_0825845083_320EA0__0860510SCAM02790_008_LUJ03.fits	https://pds-geosciences.wustl.edu/m2020/urn-nasa-pds-mars2020_supercam/data_raw_audio/sol_01790/LS__1790_0825845083_320EA0__0860510SCAM02790_008_LUJ03.fits	604800	1aef71ef5a9384aec3e53d4239cd81db	1790	825845083	253440	db94763ec227b2bfd61873d3b0fc3d6bf308f03f62480efb3343fee002258b12	9b89933fea5f52f63c3b01338668a8b044f4f37f18fde68f1aa8f555cf6e7ed4	2	100000	825845080.91473	2026-062T21:47:11.303356964	155
608	ls__1791_0825930763_902ea0__0860700scam04791_003_luj01	LS__1791_0825930763_902EA0__0860700SCAM04791_003_LUJ01.fits	https://pds-geosciences.wustl.edu/m2020/urn-nasa-pds-mars2020_supercam/data_raw_audio/sol_01791/LS__1791_0825930763_902EA0__0860700SCAM04791_003_LUJ01.fits	604800	30d3af5e6249d59b775e2e7a0f81dcd3	1791	825930763	253440	659b990c4e66fad3636055c4f017631a3d7f39e141b59e069295e9b817322128	9b89933fea5f52f63c3b01338668a8b044f4f37f18fde68f1aa8f555cf6e7ed4	2	100000	825930761.47565	2026-063T21:35:12.54543051	155
609	ls__1792_0826019667_788ea0__0860700scam01792_008_luj01	LS__1792_0826019667_788EA0__0860700SCAM01792_008_LUJ01.fits	https://pds-geosciences.wustl.edu/m2020/urn-nasa-pds-mars2020_supercam/data_raw_audio/sol_01792/LS__1792_0826019667_788EA0__0860700SCAM01792_008_LUJ01.fits	604800	e42710a26d268e57d77a9f25b61af425	1792	826019667	253440	a59f5df5dc0e50db8f3b63f58a37002db6ff78355d02abefed67a9ea70da3c5b	9b89933fea5f52f63c3b01338668a8b044f4f37f18fde68f1aa8f555cf6e7ed4	2	100000	826019665.3494101	2026-064T22:16:57.12598035	155
610	ls__1796_0826373573_212ea0__0870000scam01796_004_luj02	LS__1796_0826373573_212EA0__0870000SCAM01796_004_LUJ02.fits	https://pds-geosciences.wustl.edu/m2020/urn-nasa-pds-mars2020_supercam/data_raw_audio/sol_01796/LS__1796_0826373573_212EA0__0870000SCAM01796_004_LUJ02.fits	604800	77afffa422e3ac0bfd3fadaa6c60091f	1796	826373573	253440	2ab22e8ed71de08f218d0e73c16fff0cc6cc5f704247dff48e8ef817483e206a	9b89933fea5f52f63c3b01338668a8b044f4f37f18fde68f1aa8f555cf6e7ed4	2	100000	826373570.78725	2026-069T00:35:25.377364265	155
611	ls__1805_0827173035_434ea0__0870000scam01805_001_luj01	LS__1805_0827173035_434EA0__0870000SCAM01805_001_LUJ01.fits	https://pds-geosciences.wustl.edu/m2020/urn-nasa-pds-mars2020_supercam/data_raw_audio/sol_01805/LS__1805_0827173035_434EA0__0870000SCAM01805_001_LUJ01.fits	636480	8391b089f21044f526dc45e842a5ebeb	1805	827173035	285120	f443aafef4ea1b86b8f6b9c2581f08642e2cca5ba65774c0b9645c33e59eee38	9b89933fea5f52f63c3b01338668a8b044f4f37f18fde68f1aa8f555cf6e7ed4	2	100000	827173033.03877	2026-078T06:39:53.98461504	155
612	ls__1813_0827874694_874ea0__0870268scam01813_001_luj03	LS__1813_0827874694_874EA0__0870268SCAM01813_001_LUJ03.fits	https://pds-geosciences.wustl.edu/m2020/urn-nasa-pds-mars2020_supercam/data_raw_audio/sol_01813/LS__1813_0827874694_874EA0__0870268SCAM01813_001_LUJ03.fits	636480	eace20ae6eb8b001a11f618b8bd58ebb	1813	827874694	285120	5592a142125fe4ea450540091a1e4cc1630bd6c73a2f9ee4b34c3dfda7bac04d	9b89933fea5f52f63c3b01338668a8b044f4f37f18fde68f1aa8f555cf6e7ed4	2	100000	827874692.52193	2026-086T09:34:19.045962234	155
613	ls__1816_0828141043_226ea0__0873246scam01816_001_luj02	LS__1816_0828141043_226EA0__0873246SCAM01816_001_LUJ02.fits	https://pds-geosciences.wustl.edu/m2020/urn-nasa-pds-mars2020_supercam/data_raw_audio/sol_01816/LS__1816_0828141043_226EA0__0873246SCAM01816_001_LUJ02.fits	636480	68fba64a6659c44482c00f9306ab13dc	1816	828141043	285120	4f00860359463389bdcf0551236bc90f23d704e20c53678b956e2e4126a5c369	9b89933fea5f52f63c3b01338668a8b044f4f37f18fde68f1aa8f555cf6e7ed4	2	100000	828141040.82039	2026-089T11:33:29.46189311	155
614	ls__1817_0828241189_680ea0__0873246scam02817_001_luj01	LS__1817_0828241189_680EA0__0873246SCAM02817_001_LUJ01.fits	https://pds-geosciences.wustl.edu/m2020/urn-nasa-pds-mars2020_supercam/data_raw_audio/sol_01817/LS__1817_0828241189_680EA0__0873246SCAM02817_001_LUJ01.fits	636480	6fa75370611b3d2875f6678617cf747b	1817	828241189	285120	b006b65f86dc40c5a18dfb5542fc9861ddd0a56295f25a6c3e3044a7ffbde5e4	9b89933fea5f52f63c3b01338668a8b044f4f37f18fde68f1aa8f555cf6e7ed4	2	100000	828241187.27193	2026-090T15:22:36.70959549	155
615	ls__1818_0828322297_181ea0__0873896scam02818_001_luj04	LS__1818_0828322297_181EA0__0873896SCAM02818_001_LUJ04.fits	https://pds-geosciences.wustl.edu/m2020/urn-nasa-pds-mars2020_supercam/data_raw_audio/sol_01818/LS__1818_0828322297_181EA0__0873896SCAM02818_001_LUJ04.fits	636480	a8a03e44b269d1fa5c865c3c253c8f0e	1818	828322297	285120	10b21f154ccccbf0622b9ea502d6e60a7daf6ce3a7c8e0285d262257623f1534	9b89933fea5f52f63c3b01338668a8b044f4f37f18fde68f1aa8f555cf6e7ed4	2	100000	828322294.6504101	2026-091T13:54:24.73287817	155
616	ls__1819_0828421215_337ea0__0873896scam02819_001_luj01	LS__1819_0828421215_337EA0__0873896SCAM02819_001_LUJ01.fits	https://pds-geosciences.wustl.edu/m2020/urn-nasa-pds-mars2020_supercam/data_raw_audio/sol_01819/LS__1819_0828421215_337EA0__0873896SCAM02819_001_LUJ01.fits	636480	95b0d14ee7f742912894b27577ba6ee7	1819	828421215	285120	81cd7d19adc10a78500e090411e8c9804339373c7535f5aad8bdbd7bb42f090f	9b89933fea5f52f63c3b01338668a8b044f4f37f18fde68f1aa8f555cf6e7ed4	2	100000	828421212.82037	2026-092T17:23:03.68924525	155
617	ls__1820_0828496156_156ea0__0874084scam02820_002_luj01	LS__1820_0828496156_156EA0__0874084SCAM02820_002_LUJ01.fits	https://pds-geosciences.wustl.edu/m2020/urn-nasa-pds-mars2020_supercam/data_raw_audio/sol_01820/LS__1820_0828496156_156EA0__0874084SCAM02820_002_LUJ01.fits	604800	c38832f097a0b17c06c988030b92e84c	1820	828496156	253440	cc42560a0edcd7a607f4ad02717acf1035c05ecb459ecc77de8a8f1eebc138db	9b89933fea5f52f63c3b01338668a8b044f4f37f18fde68f1aa8f555cf6e7ed4	2	100000	828496153.73361	2026-093T14:12:05.19826405	155
618	ls__1822_0828684046_749ea0__0874084scam01822_007_luj01	LS__1822_0828684046_749EA0__0874084SCAM01822_007_LUJ01.fits	https://pds-geosciences.wustl.edu/m2020/urn-nasa-pds-mars2020_supercam/data_raw_audio/sol_01822/LS__1822_0828684046_749EA0__0874084SCAM01822_007_LUJ01.fits	604800	289bbdb0833f6b42e864f9d510ab830c	1822	828684046	253440	e142d05af1edf41e4c765da63d681c12abb9098cee1fd21398d0563eab7595ae	9b89933fea5f52f63c3b01338668a8b044f4f37f18fde68f1aa8f555cf6e7ed4	2	100000	828684044.39714	2026-095T18:23:37.35552327	155
619	ls__1826_0829028772_679ea0__0874140scam01826_001_luj01	LS__1826_0829028772_679EA0__0874140SCAM01826_001_LUJ01.fits	https://pds-geosciences.wustl.edu/m2020/urn-nasa-pds-mars2020_supercam/data_raw_audio/sol_01826/LS__1826_0829028772_679EA0__0874140SCAM01826_001_LUJ01.fits	636480	acbaf5dbc178814367ca877df05dfc8d	1826	829028772	285120	3f54986429b1013a747bd3c55eb577cc8681533acf8eab6137c99459d4c315cf	9b89933fea5f52f63c3b01338668a8b044f4f37f18fde68f1aa8f555cf6e7ed4	2	100000	829028770.24146	2026-099T18:09:05.94040831	155
620	ls__1826_0829029539_671ea0__0874140scam01826_004_luj01	LS__1826_0829029539_671EA0__0874140SCAM01826_004_LUJ01.fits	https://pds-geosciences.wustl.edu/m2020/urn-nasa-pds-mars2020_supercam/data_raw_audio/sol_01826/LS__1826_0829029539_671EA0__0874140SCAM01826_004_LUJ01.fits	604800	df63050654fef1b893a9cbc89ee253e2	1826	829029539	253440	89ed329ce27abaae583aaabd06611fcf17426e93606196c716fd26879bce7884	9b89933fea5f52f63c3b01338668a8b044f4f37f18fde68f1aa8f555cf6e7ed4	2	100000	829029537.2414401	2026-099T18:21:52.94649069	155
621	ls__1827_0829129467_792ea0__0874140scam01827_009_luj01	LS__1827_0829129467_792EA0__0874140SCAM01827_009_LUJ01.fits	https://pds-geosciences.wustl.edu/m2020/urn-nasa-pds-mars2020_supercam/data_raw_audio/sol_01827/LS__1827_0829129467_792EA0__0874140SCAM01827_009_LUJ01.fits	604800	d0ca1a55f33cc4870c46467266327989	1827	829129467	253440	11381c9be4923627a3ff0066a7551944893136d339f53d98367025e45be37ef7	9b89933fea5f52f63c3b01338668a8b044f4f37f18fde68f1aa8f555cf6e7ed4	2	100000	829129465.41225	2026-100T22:07:21.91172653	155
622	ls__1830_0829384616_093ea0__0874148scam01830_004_luj02	LS__1830_0829384616_093EA0__0874148SCAM01830_004_LUJ02.fits	https://pds-geosciences.wustl.edu/m2020/urn-nasa-pds-mars2020_supercam/data_raw_audio/sol_01830/LS__1830_0829384616_093EA0__0874148SCAM01830_004_LUJ02.fits	604800	e9b120b7c7c4b6888fb1bb3132056aca	1830	829384616	253440	728aab14884bb3f40e9d37a8cf891174eb0547445063e3474dda7e215926e714	9b89933fea5f52f63c3b01338668a8b044f4f37f18fde68f1aa8f555cf6e7ed4	2	100000	829384613.64636	2026-103T20:59:52.1742706	155
623	ls__1831_0829475042_743ea0__0874152scam02831_009_luj01	LS__1831_0829475042_743EA0__0874152SCAM02831_009_LUJ01.fits	https://pds-geosciences.wustl.edu/m2020/urn-nasa-pds-mars2020_supercam/data_raw_audio/sol_01831/LS__1831_0829475042_743EA0__0874152SCAM02831_009_LUJ01.fits	604800	4e718d928abbc2b4e01a7850a7b6fa8d	1831	829475042	253440	3658b0683098153d423d2ba7b69933503e632688b0b1a19ea82e05f57e635a7b	9b89933fea5f52f63c3b01338668a8b044f4f37f18fde68f1aa8f555cf6e7ed4	2	100000	829475040.28741	2026-104T22:06:59.53421463	155
624	ls__1834_0829742517_619ea0__0874184scam01834_007_luj01	LS__1834_0829742517_619EA0__0874184SCAM01834_007_LUJ01.fits	https://pds-geosciences.wustl.edu/m2020/urn-nasa-pds-mars2020_supercam/data_raw_audio/sol_01834/LS__1834_0829742517_619EA0__0874184SCAM01834_007_LUJ01.fits	604800	119f6c4a4389b2f2b9390c586fc74521	1834	829742517	253440	161d38a00d54f608d579ff4d6e36713af02390af3f0d0e4aeeb0b219ba08c727	9b89933fea5f52f63c3b01338668a8b044f4f37f18fde68f1aa8f555cf6e7ed4	2	100000	829742515.22601	2026-108T00:24:56.59923904	155
625	ls__1836_0829919954_944ea0__0874924scam01836_002_luj01	LS__1836_0829919954_944EA0__0874924SCAM01836_002_LUJ01.fits	https://pds-geosciences.wustl.edu/m2020/urn-nasa-pds-mars2020_supercam/data_raw_audio/sol_01836/LS__1836_0829919954_944EA0__0874924SCAM01836_002_LUJ01.fits	604800	274968264c92cb91b2a51b6c7b2fe9de	1836	829919954	253440	d4b897a82bbe460992eea9488c36f4929c45a88bc8d06b091d92b789a3c67527	9b89933fea5f52f63c3b01338668a8b044f4f37f18fde68f1aa8f555cf6e7ed4	2	100000	829919952.53729	2026-110T01:42:15.32114496	155
626	ls__1838_0830107207_786ea0__0874924scam01838_007_luj01	LS__1838_0830107207_786EA0__0874924SCAM01838_007_LUJ01.fits	https://pds-geosciences.wustl.edu/m2020/urn-nasa-pds-mars2020_supercam/data_raw_audio/sol_01838/LS__1838_0830107207_786EA0__0874924SCAM01838_007_LUJ01.fits	627840	fc5c8a54d5242759b69a29c3bf14299f	1838	830107207	276480	63d2d7e84b1024888b5cc7230452f5d70662e2bc2b37ed905fdf700b05ccfd50	9b89933fea5f52f63c3b01338668a8b044f4f37f18fde68f1aa8f555cf6e7ed4	2	100000	830107205.33356	2026-112T05:43:09.60606934	155
627	ls__1839_0830194241_321ea0__0874924scam01839_002_luj01	LS__1839_0830194241_321EA0__0874924SCAM01839_002_LUJ01.fits	https://pds-geosciences.wustl.edu/m2020/urn-nasa-pds-mars2020_supercam/data_raw_audio/sol_01839/LS__1839_0830194241_321EA0__0874924SCAM01839_002_LUJ01.fits	604800	01bc4b3bad882446cdefddb5dc15cfaf	1839	830194241	253440	5476d82057bb488e2ae08a5602e3f41970e74cb0ad84e2cc82cf2d33e5a59be6	9b89933fea5f52f63c3b01338668a8b044f4f37f18fde68f1aa8f555cf6e7ed4	2	100000	830194238.8969001	2026-113T05:53:43.86132541	155
628	ls__1839_0830198458_411ea0__0874924scam02839_008_luj01	LS__1839_0830198458_411EA0__0874924SCAM02839_008_LUJ01.fits	https://pds-geosciences.wustl.edu/m2020/urn-nasa-pds-mars2020_supercam/data_raw_audio/sol_01839/LS__1839_0830198458_411EA0__0874924SCAM02839_008_LUJ01.fits	604800	d93e34b225b385763d07fda27fa44b23	1839	830198458	253440	f101c32212fd856b093f2294e95734bb65982d230dc70f606b280ba9e24780ed	9b89933fea5f52f63c3b01338668a8b044f4f37f18fde68f1aa8f555cf6e7ed4	2	100000	830198455.96033	2026-113T07:04:00.95828183	155
629	ls__1841_0830372392_912ea0__0875154scam04841_003_luj01	LS__1841_0830372392_912EA0__0875154SCAM04841_003_LUJ01.fits	https://pds-geosciences.wustl.edu/m2020/urn-nasa-pds-mars2020_supercam/data_raw_audio/sol_01841/LS__1841_0830372392_912EA0__0875154SCAM04841_003_LUJ01.fits	604800	585eddf646c3e1fd9d3bffc8dedde319	1841	830372392	253440	1b09a9f6f266b80ce8f24455b82e2a2d87b13ad530cebbf03fee248f7069c5a5	9b89933fea5f52f63c3b01338668a8b044f4f37f18fde68f1aa8f555cf6e7ed4	2	100000	830372390.5223401	2026-115T07:22:56.90307333	155
630	ls__1843_0830548537_967ea0__0880000scam02843_001_luj01	LS__1843_0830548537_967EA0__0880000SCAM02843_001_LUJ01.fits	https://pds-geosciences.wustl.edu/m2020/urn-nasa-pds-mars2020_supercam/data_raw_audio/sol_01843/LS__1843_0830548537_967EA0__0880000SCAM02843_001_LUJ01.fits	636480	152d85a89bdbd151d05a8fb7799882d0	1843	830548537	285120	ca25cc8b838b1eff838f8275ec5abbe41e19ef98f3574571c76c6b13b730fed7	9b89933fea5f52f63c3b01338668a8b044f4f37f18fde68f1aa8f555cf6e7ed4	2	100000	830548535.57066	2026-117T08:18:43.35175105	155
631	ls__1843_0830552116_122ea0__0880000scam03843_004_luj03	LS__1843_0830552116_122EA0__0880000SCAM03843_004_LUJ03.fits	https://pds-geosciences.wustl.edu/m2020/urn-nasa-pds-mars2020_supercam/data_raw_audio/sol_01843/LS__1843_0830552116_122EA0__0880000SCAM03843_004_LUJ03.fits	604800	6ae57638cfcb3ed3954b199580e14c23	1843	830552116	253440	cc60071ed3a5d3a50a0b927b4fef8359645bf1e09dfa6811830d64aa6fe0de92	9b89933fea5f52f63c3b01338668a8b044f4f37f18fde68f1aa8f555cf6e7ed4	2	100000	830552113.7428401	2026-117T09:18:21.55237769	155
632	ls__1845_0830724442_838ea0__0880000scam01845_001_luj02	LS__1845_0830724442_838EA0__0880000SCAM01845_001_LUJ02.fits	https://pds-geosciences.wustl.edu/m2020/urn-nasa-pds-mars2020_supercam/data_raw_audio/sol_01845/LS__1845_0830724442_838EA0__0880000SCAM01845_001_LUJ02.fits	636480	1f2ea8b25ea1e4ff8ec798f0052f74d4	1845	830724442	285120	9af78fa4467714f9372c683c23deca8648ab51d43b1134e155062820e2d9e522	9b89933fea5f52f63c3b01338668a8b044f4f37f18fde68f1aa8f555cf6e7ed4	2	100000	830724440.44551	2026-119T09:10:29.62504222	155
633	ls__1857_0831793674_120ea0__0880620scam02857_001_luj01	LS__1857_0831793674_120EA0__0880620SCAM02857_001_LUJ01.fits	https://pds-geosciences.wustl.edu/m2020/urn-nasa-pds-mars2020_supercam/data_raw_audio/sol_01857/LS__1857_0831793674_120EA0__0880620SCAM02857_001_LUJ01.fits	636480	1bdd1b0a230b799c240658a572701ca4	1857	831793674	285120	1d56177f5113c6ba11053d80aa221a19d0a9792604500cdb15e2e6d0d402a915	9b89933fea5f52f63c3b01338668a8b044f4f37f18fde68f1aa8f555cf6e7ed4	2	100000	831793671.72641	2026-131T18:11:09.40632996	155
634	ls__1857_0831794613_117ea0__0880620scam02857_005_luj01	LS__1857_0831794613_117EA0__0880620SCAM02857_005_LUJ01.fits	https://pds-geosciences.wustl.edu/m2020/urn-nasa-pds-mars2020_supercam/data_raw_audio/sol_01857/LS__1857_0831794613_117EA0__0880620SCAM02857_005_LUJ01.fits	627840	95c8c764a2387f60fa37080f92a7d170	1857	831794613	276480	f3f8d8db3ad22f134367d574223331f8102d17ecc51e435b2060b2712e09c8d5	9b89933fea5f52f63c3b01338668a8b044f4f37f18fde68f1aa8f555cf6e7ed4	2	100000	831794610.72562	2026-131T18:26:48.41300153	155
