sample_order	key	node	receiver	grid	beacon	file_start_utc	size_bytes	md5	url	expected_status
0	2020-07-28T194204Z_N0000007_G1_EN91fh_FRQ_WWV10.csv.gz	N0000007	G1	EN91fh	WWV10	2020-07-28T19:42:04Z	128914	1ea7b59c6dcfb367de7e6c5b7407769b	https://zenodo.org/api/records/6590283/files/2020-07-28T194204Z_N0000007_G1_EN91fh_FRQ_WWV10.csv.gz/content	keep
1	2020-07-29T000000Z_N0000007_G1_EN91fh_FRQ_WWV10.csv.gz	N0000007	G1	EN91fh	WWV10	2020-07-29T00:00:00Z	723571	b0c9e391c8d846b9e83e74d34b87ac7b	https://zenodo.org/api/records/6590283/files/2020-07-29T000000Z_N0000007_G1_EN91fh_FRQ_WWV10.csv.gz/content	keep
2	2020-07-30T000000Z_N0000007_G1_EN91fh_FRQ_WWV10.csv.gz	N0000007	G1	EN91fh	WWV10	2020-07-30T00:00:00Z	706772	47cb4b17f646458e8bd82d1d874a000d	https://zenodo.org/api/records/6590283/files/2020-07-30T000000Z_N0000007_G1_EN91fh_FRQ_WWV10.csv.gz/content	exclude:time_order+out_of_band
3	2020-07-31T000000Z_N0000007_G1_EN91fh_FRQ_WWV10.csv.gz	N0000007	G1	EN91fh	WWV10	2020-07-31T00:00:00Z	720333	b195d05650b9e8f0818b3ba7655b6143	https://zenodo.org/api/records/6590283/files/2020-07-31T000000Z_N0000007_G1_EN91fh_FRQ_WWV10.csv.gz/content	keep
4	2020-08-01T000000Z_N0000007_G1_EN91fh_FRQ_WWV10.csv.gz	N0000007	G1	EN91fh	WWV10	2020-08-01T00:00:00Z	721291	f3f58013c416c0754372a271ae9bca00	https://zenodo.org/api/records/6590283/files/2020-08-01T000000Z_N0000007_G1_EN91fh_FRQ_WWV10.csv.gz/content	keep
5	2020-08-02T000000Z_N0000007_G1_EN91fh_FRQ_WWV10.csv.gz	N0000007	G1	EN91fh	WWV10	2020-08-02T00:00:00Z	720866	36eb8603d1ff7d62f6922e1263fad147	https://zenodo.org/api/records/6590283/files/2020-08-02T000000Z_N0000007_G1_EN91fh_FRQ_WWV10.csv.gz/content	keep
6	2020-08-03T000000Z_N0000007_G1_EN91fh_FRQ_WWV10.csv.gz	N0000007	G1	EN91fh	WWV10	2020-08-03T00:00:00Z	709701	bfdb8cf47757aaade3df017d66f7717a	https://zenodo.org/api/records/6590283/files/2020-08-03T000000Z_N0000007_G1_EN91fh_FRQ_WWV10.csv.gz/content	keep
7	2020-08-04T000000Z_N0000007_G1_EN91fh_FRQ_WWV10.csv.gz	N0000007	G1	EN91fh	WWV10	2020-08-04T00:00:00Z	692679	bb49a31a67e587d9495e8133d2ca1339	https://zenodo.org/api/records/6590283/files/2020-08-04T000000Z_N0000007_G1_EN91fh_FRQ_WWV10.csv.gz/content	keep
8	2020-08-05T000000Z_N0000007_G1_EN91fh_FRQ_WWV10.csv.gz	N0000007	G1	EN91fh	WWV10	2020-08-05T00:00:00Z	714145	f1209cdd47683f369cf602762ad8e02f	https://zenodo.org/api/records/6590283/files/2020-08-05T000000Z_N0000007_G1_EN91fh_FRQ_WWV10.csv.gz/content	keep
9	2020-08-06T000000Z_N0000007_G1_EN91fh_FRQ_WWV10.csv.gz	N0000007	G1	EN91fh	WWV10	2020-08-06T00:00:00Z	720289	56db8b9bcdb322817fd33e776c36cb10	https://zenodo.org/api/records/6590283/files/2020-08-06T000000Z_N0000007_G1_EN91fh_FRQ_WWV10.csv.gz/content	keep
10	2020-08-07T000000Z_N0000007_G1_EN91fh_FRQ_WWV10.csv.gz	N0000007	G1	EN91fh	WWV10	2020-08-07T00:00:00Z	717829	98d8037bfb05ffcc9b180e41c8b3d6d6	https://zenodo.org/api/records/6590283/files/2020-08-07T000000Z_N0000007_G1_EN91fh_FRQ_WWV10.csv.gz/content	keep
11	2020-08-08T000000Z_N0000007_G1_EN91fh_FRQ_WWV10.csv.gz	N0000007	G1	EN91fh	WWV10	2020-08-08T00:00:00Z	725996	487741c867bf497404e72b266f395796	https://zenodo.org/api/records/6590283/files/2020-08-08T000000Z_N0000007_G1_EN91fh_FRQ_WWV10.csv.gz/content	keep
12	2020-08-09T000000Z_N0000007_G1_EN91fh_FRQ_WWV10.csv.gz	N0000007	G1	EN91fh	WWV10	2020-08-09T00:00:00Z	723973	d1019a044eb871abe5e5fbc18cd36549	https://zenodo.org/api/records/6590283/files/2020-08-09T000000Z_N0000007_G1_EN91fh_FRQ_WWV10.csv.gz/content	keep
13	2020-08-10T000000Z_N0000007_G1_EN91fh_FRQ_WWV10.csv.gz	N0000007	G1	EN91fh	WWV10	2020-08-10T00:00:00Z	727775	0010bfc134e453c72abdbed6e35a78af	https://zenodo.org/api/records/6590283/files/2020-08-10T000000Z_N0000007_G1_EN91fh_FRQ_WWV10.csv.gz/content	keep
14	2020-08-11T000000Z_N0000007_G1_EN91fh_FRQ_WWV10.csv.gz	N0000007	G1	EN91fh	WWV10	2020-08-11T00:00:00Z	720792	7cf0e3887baeca7074a9da1bd7ac7550	https://zenodo.org/api/records/6590283/files/2020-08-11T000000Z_N0000007_G1_EN91fh_FRQ_WWV10.csv.gz/content	keep
15	2020-08-12T000000Z_N0000007_G1_EN91fh_FRQ_WWV10.csv.gz	N0000007	G1	EN91fh	WWV10	2020-08-12T00:00:00Z	721556	6cd3469e3da7cffdaf98e6bd4ca41c0b	https://zenodo.org/api/records/6590283/files/2020-08-12T000000Z_N0000007_G1_EN91fh_FRQ_WWV10.csv.gz/content	keep
16	2020-08-13T000000Z_N0000007_G1_EN91fh_FRQ_WWV10.csv.gz	N0000007	G1	EN91fh	WWV10	2020-08-13T00:00:00Z	721187	2f850e6b751bb75374ef648d8bd07ef9	https://zenodo.org/api/records/6590283/files/2020-08-13T000000Z_N0000007_G1_EN91fh_FRQ_WWV10.csv.gz/content	keep
17	2020-08-14T000000Z_N0000007_G1_EN91fh_FRQ_WWV10.csv.gz	N0000007	G1	EN91fh	WWV10	2020-08-14T00:00:00Z	724481	d5cc863826804428aa4b584378ed7201	https://zenodo.org/api/records/6590283/files/2020-08-14T000000Z_N0000007_G1_EN91fh_FRQ_WWV10.csv.gz/content	keep
18	2020-08-15T000000Z_N0000007_G1_EN91fh_FRQ_WWV10.csv.gz	N0000007	G1	EN91fh	WWV10	2020-08-15T00:00:00Z	724408	9bf15bf83f8c4deecd39219ac00a5070	https://zenodo.org/api/records/6590283/files/2020-08-15T000000Z_N0000007_G1_EN91fh_FRQ_WWV10.csv.gz/content	keep
19	2020-08-16T000000Z_N0000007_G1_EN91fh_FRQ_WWV10.csv.gz	N0000007	G1	EN91fh	WWV10	2020-08-16T00:00:00Z	717360	5e6b8c8d43ffb204de9f0231e3649f92	https://zenodo.org/api/records/6590283/files/2020-08-16T000000Z_N0000007_G1_EN91fh_FRQ_WWV10.csv.gz/content	keep
20	2020-08-17T000000Z_N0000007_G1_EN91fh_FRQ_WWV10.csv.gz	N0000007	G1	EN91fh	WWV10	2020-08-17T00:00:00Z	726077	4c8798e71779a4a635afb9d7ea893264	https://zenodo.org/api/records/6590283/files/2020-08-17T000000Z_N0000007_G1_EN91fh_FRQ_WWV10.csv.gz/content	keep
21	2020-08-18T000000Z_N0000007_G1_EN91fh_FRQ_WWV10.csv.gz	N0000007	G1	EN91fh	WWV10	2020-08-18T00:00:00Z	720035	7b45d78706e1167efded22ca506333a4	https://zenodo.org/api/records/6590283/files/2020-08-18T000000Z_N0000007_G1_EN91fh_FRQ_WWV10.csv.gz/content	keep
22	2020-08-19T000000Z_N0000007_G1_EN91fh_FRQ_WWV10.csv.gz	N0000007	G1	EN91fh	WWV10	2020-08-19T00:00:00Z	720088	d9e165c330ab98fcfe7fc0e71afeac15	https://zenodo.org/api/records/6590283/files/2020-08-19T000000Z_N0000007_G1_EN91fh_FRQ_WWV10.csv.gz/content	keep
23	2020-08-20T000000Z_N0000007_G1_EN91fh_FRQ_WWV10.csv.gz	N0000007	G1	EN91fh	WWV10	2020-08-20T00:00:00Z	716354	7b119d29e8785f17e983310614e9dcee	https://zenodo.org/api/records/6590283/files/2020-08-20T000000Z_N0000007_G1_EN91fh_FRQ_WWV10.csv.gz/content	keep
24	2020-08-21T000000Z_N0000007_G1_EN91fh_FRQ_WWV10.csv.gz	N0000007	G1	EN91fh	WWV10	2020-08-21T00:00:00Z	713511	65d6349998103c87dd5e7a03bbf564a0	https://zenodo.org/api/records/6590283/files/2020-08-21T000000Z_N0000007_G1_EN91fh_FRQ_WWV10.csv.gz/content	keep
25	2020-08-22T000000Z_N0000007_G1_EN91fh_FRQ_WWV10.csv.gz	N0000007	G1	EN91fh	WWV10	2020-08-22T00:00:00Z	720263	161c43a0e0dac045a882e0c07ee4be23	https://zenodo.org/api/records/6590283/files/2020-08-22T000000Z_N0000007_G1_EN91fh_FRQ_WWV10.csv.gz/content	keep
26	2020-08-23T000000Z_N0000007_G1_EN91fh_FRQ_WWV10.csv.gz	N0000007	G1	EN91fh	WWV10	2020-08-23T00:00:00Z	720695	edc4d4ea79b821ce6c6926fa25ec2f76	https://zenodo.org/api/records/6590283/files/2020-08-23T000000Z_N0000007_G1_EN91fh_FRQ_WWV10.csv.gz/content	keep
27	2020-08-24T000000Z_N0000007_G1_EN91fh_FRQ_WWV10.csv.gz	N0000007	G1	EN91fh	WWV10	2020-08-24T00:00:00Z	703687	4b38650777fd7514de5b74988cfc8428	https://zenodo.org/api/records/6590283/files/2020-08-24T000000Z_N0000007_G1_EN91fh_FRQ_WWV10.csv.gz/content	keep
28	2020-08-25T000000Z_N0000007_G1_EN91fh_FRQ_WWV10.csv.gz	N0000007	G1	EN91fh	WWV10	2020-08-25T00:00:00Z	693683	93574ed107291b068652d6ae40d14bf7	https://zenodo.org/api/records/6590283/files/2020-08-25T000000Z_N0000007_G1_EN91fh_FRQ_WWV10.csv.gz/content	keep
29	2020-08-26T000000Z_N0000007_G1_EN91fh_FRQ_WWV10.csv.gz	N0000007	G1	EN91fh	WWV10	2020-08-26T00:00:00Z	707917	014665e5b4826eecb3099edae2649a39	https://zenodo.org/api/records/6590283/files/2020-08-26T000000Z_N0000007_G1_EN91fh_FRQ_WWV10.csv.gz/content	keep
30	2020-08-27T000000Z_N0000007_G1_EN91fh_FRQ_WWV10.csv.gz	N0000007	G1	EN91fh	WWV10	2020-08-27T00:00:00Z	692466	a4e98763bc51b791010d934e3afc2757	https://zenodo.org/api/records/6590283/files/2020-08-27T000000Z_N0000007_G1_EN91fh_FRQ_WWV10.csv.gz/content	keep
31	2020-08-28T000000Z_N0000007_G1_EN91fh_FRQ_WWV10.csv.gz	N0000007	G1	EN91fh	WWV10	2020-08-28T00:00:00Z	698983	e8d95a360cdd43abc8ceceec87f376cc	https://zenodo.org/api/records/6590283/files/2020-08-28T000000Z_N0000007_G1_EN91fh_FRQ_WWV10.csv.gz/content	keep
32	2020-08-29T000000Z_N0000007_G1_EN91fh_FRQ_WWV10.csv.gz	N0000007	G1	EN91fh	WWV10	2020-08-29T00:00:00Z	690149	d67ae2158fdbcc436aaa23cc895fdc2e	https://zenodo.org/api/records/6590283/files/2020-08-29T000000Z_N0000007_G1_EN91fh_FRQ_WWV10.csv.gz/content	keep
33	2020-08-30T000000Z_N0000007_G1_EN91fh_FRQ_WWV10.csv.gz	N0000007	G1	EN91fh	WWV10	2020-08-30T00:00:00Z	679826	9b68cf77ce769aaeab54cce4f6ff27c2	https://zenodo.org/api/records/6590283/files/2020-08-30T000000Z_N0000007_G1_EN91fh_FRQ_WWV10.csv.gz/content	keep
34	2020-08-31T000000Z_N0000007_G1_EN91fh_FRQ_WWV10.csv.gz	N0000007	G1	EN91fh	WWV10	2020-08-31T00:00:00Z	712032	7713399fd9f19a61f13912fb0714f850	https://zenodo.org/api/records/6590283/files/2020-08-31T000000Z_N0000007_G1_EN91fh_FRQ_WWV10.csv.gz/content	keep
35	2020-09-01T000000Z_N0000007_G1_EN91fh_FRQ_WWV10.csv.gz	N0000007	G1	EN91fh	WWV10	2020-09-01T00:00:00Z	702595	42ee16b7752bcb61ef26a232fec62955	https://zenodo.org/api/records/6590283/files/2020-09-01T000000Z_N0000007_G1_EN91fh_FRQ_WWV10.csv.gz/content	keep
36	2020-09-02T000000Z_N0000007_G1_EN91fh_FRQ_WWV10.csv.gz	N0000007	G1	EN91fh	WWV10	2020-09-02T00:00:00Z	692505	9ded906df69a8ca332fc18917e10bde2	https://zenodo.org/api/records/6590283/files/2020-09-02T000000Z_N0000007_G1_EN91fh_FRQ_WWV10.csv.gz/content	keep
37	2020-09-03T000000Z_N0000007_G1_EN91fh_FRQ_WWV10.csv.gz	N0000007	G1	EN91fh	WWV10	2020-09-03T00:00:00Z	690669	af826d5385dc2c3b8b2adf20985a7b89	https://zenodo.org/api/records/6590283/files/2020-09-03T000000Z_N0000007_G1_EN91fh_FRQ_WWV10.csv.gz/content	keep
38	2020-09-04T000000Z_N0000007_G1_EN91fh_FRQ_WWV10.csv.gz	N0000007	G1	EN91fh	WWV10	2020-09-04T00:00:00Z	690127	51f805ce5845af36dd2318bc02460b92	https://zenodo.org/api/records/6590283/files/2020-09-04T000000Z_N0000007_G1_EN91fh_FRQ_WWV10.csv.gz/content	keep
39	2020-09-05T000000Z_N0000007_G1_EN91fh_FRQ_WWV10.csv.gz	N0000007	G1	EN91fh	WWV10	2020-09-05T00:00:00Z	708280	c5e282e555d50f41025f9df6861172c2	https://zenodo.org/api/records/6590283/files/2020-09-05T000000Z_N0000007_G1_EN91fh_FRQ_WWV10.csv.gz/content	keep
40	2020-09-06T000000Z_N0000007_G1_EN91fh_FRQ_WWV10.csv.gz	N0000007	G1	EN91fh	WWV10	2020-09-06T00:00:00Z	709381	ea93be535b55dd2af0f094b36065d470	https://zenodo.org/api/records/6590283/files/2020-09-06T000000Z_N0000007_G1_EN91fh_FRQ_WWV10.csv.gz/content	keep
41	2020-09-07T000000Z_N0000007_G1_EN91fh_FRQ_WWV10.csv.gz	N0000007	G1	EN91fh	WWV10	2020-09-07T00:00:00Z	711513	97d1cc7d2c18158ee753db1b09f20221	https://zenodo.org/api/records/6590283/files/2020-09-07T000000Z_N0000007_G1_EN91fh_FRQ_WWV10.csv.gz/content	keep
42	2020-09-08T000000Z_N0000007_G1_EN91fh_FRQ_WWV10.csv.gz	N0000007	G1	EN91fh	WWV10	2020-09-08T00:00:00Z	695274	2cad4e135e63d619b560f03f87e7e5f4	https://zenodo.org/api/records/6590283/files/2020-09-08T000000Z_N0000007_G1_EN91fh_FRQ_WWV10.csv.gz/content	keep
43	2020-09-09T000000Z_N0000007_G1_EN91fh_FRQ_WWV10.csv.gz	N0000007	G1	EN91fh	WWV10	2020-09-09T00:00:00Z	690680	8fb188bef1d6703282520b0394244985	https://zenodo.org/api/records/6590283/files/2020-09-09T000000Z_N0000007_G1_EN91fh_FRQ_WWV10.csv.gz/content	keep
44	2020-09-10T000000Z_N0000007_G1_EN91fh_FRQ_WWV10.csv.gz	N0000007	G1	EN91fh	WWV10	2020-09-10T00:00:00Z	694618	33e6ed594c1e3f71a2398ded90c8a54b	https://zenodo.org/api/records/6590283/files/2020-09-10T000000Z_N0000007_G1_EN91fh_FRQ_WWV10.csv.gz/content	keep
45	2020-09-11T000000Z_N0000007_G1_EN91fh_FRQ_WWV10.csv.gz	N0000007	G1	EN91fh	WWV10	2020-09-11T00:00:00Z	683736	0919cdffcec061b6dfd571cf8a05c4ad	https://zenodo.org/api/records/6590283/files/2020-09-11T000000Z_N0000007_G1_EN91fh_FRQ_WWV10.csv.gz/content	keep
46	2020-09-12T000000Z_N0000007_G1_EN91fh_FRQ_WWV10.csv.gz	N0000007	G1	EN91fh	WWV10	2020-09-12T00:00:00Z	684127	081d7087cae79d4fca19a1c765479287	https://zenodo.org/api/records/6590283/files/2020-09-12T000000Z_N0000007_G1_EN91fh_FRQ_WWV10.csv.gz/content	keep
47	2020-09-13T000000Z_N0000007_G1_EN91fh_FRQ_WWV10.csv.gz	N0000007	G1	EN91fh	WWV10	2020-09-13T00:00:00Z	682249	fec4c0caecf39c06e74b009d48f96ac4	https://zenodo.org/api/records/6590283/files/2020-09-13T000000Z_N0000007_G1_EN91fh_FRQ_WWV10.csv.gz/content	keep
48	2020-09-14T000000Z_N0000007_G1_EN91fh_FRQ_WWV10.csv.gz	N0000007	G1	EN91fh	WWV10	2020-09-14T00:00:00Z	692505	ca28169222f9d036950885a901c3864f	https://zenodo.org/api/records/6590283/files/2020-09-14T000000Z_N0000007_G1_EN91fh_FRQ_WWV10.csv.gz/content	keep
49	2020-09-15T000000Z_N0000007_G1_EN91fh_FRQ_WWV10.csv.gz	N0000007	G1	EN91fh	WWV10	2020-09-15T00:00:00Z	677781	a22692f3718e8eabc32f339ec5527f7a	https://zenodo.org/api/records/6590283/files/2020-09-15T000000Z_N0000007_G1_EN91fh_FRQ_WWV10.csv.gz/content	keep
50	2020-09-16T000000Z_N0000007_G1_EN91fh_FRQ_WWV10.csv.gz	N0000007	G1	EN91fh	WWV10	2020-09-16T00:00:00Z	673460	efc5569332a828ecd5647929867f7fc1	https://zenodo.org/api/records/6590283/files/2020-09-16T000000Z_N0000007_G1_EN91fh_FRQ_WWV10.csv.gz/content	keep
51	2020-09-17T000000Z_N0000007_G1_EN91fh_FRQ_WWV10.csv.gz	N0000007	G1	EN91fh	WWV10	2020-09-17T00:00:00Z	672395	b79035097bc532ff5685f27efc5838c2	https://zenodo.org/api/records/6590283/files/2020-09-17T000000Z_N0000007_G1_EN91fh_FRQ_WWV10.csv.gz/content	keep
52	2020-09-18T000000Z_N0000007_G1_EN91fh_FRQ_WWV10.csv.gz	N0000007	G1	EN91fh	WWV10	2020-09-18T00:00:00Z	682369	ad1e5fa6b2b8b3763793c3bf46b68fbf	https://zenodo.org/api/records/6590283/files/2020-09-18T000000Z_N0000007_G1_EN91fh_FRQ_WWV10.csv.gz/content	keep
53	2020-09-19T000000Z_N0000007_G1_EN91fh_FRQ_WWV10.csv.gz	N0000007	G1	EN91fh	WWV10	2020-09-19T00:00:00Z	682111	7f4e58fc9fe9d156dcf2bb3acfc812a6	https://zenodo.org/api/records/6590283/files/2020-09-19T000000Z_N0000007_G1_EN91fh_FRQ_WWV10.csv.gz/content	keep
54	2020-09-20T000000Z_N0000007_G1_EN91fh_FRQ_WWV10.csv.gz	N0000007	G1	EN91fh	WWV10	2020-09-20T00:00:00Z	683716	9bef0d04f333e5fe0adbb5819dd627fc	https://zenodo.org/api/records/6590283/files/2020-09-20T000000Z_N0000007_G1_EN91fh_FRQ_WWV10.csv.gz/content	keep
55	2020-09-21T000000Z_N0000007_G1_EN91fh_FRQ_WWV10.csv.gz	N0000007	G1	EN91fh	WWV10	2020-09-21T00:00:00Z	694243	99f5361ee5fb9d4742617f435b3b44d9	https://zenodo.org/api/records/6590283/files/2020-09-21T000000Z_N0000007_G1_EN91fh_FRQ_WWV10.csv.gz/content	keep
56	2020-09-22T000000Z_N0000007_G1_EN91fh_FRQ_WWV10.csv.gz	N0000007	G1	EN91fh	WWV10	2020-09-22T00:00:00Z	686396	6816046083e7c4b00e240b4b95c3e023	https://zenodo.org/api/records/6590283/files/2020-09-22T000000Z_N0000007_G1_EN91fh_FRQ_WWV10.csv.gz/content	keep
57	2020-09-23T000000Z_N0000007_G1_EN91fh_FRQ_WWV10.csv.gz	N0000007	G1	EN91fh	WWV10	2020-09-23T00:00:00Z	686807	46d21af7ef7a949afddf6b52d4164bf8	https://zenodo.org/api/records/6590283/files/2020-09-23T000000Z_N0000007_G1_EN91fh_FRQ_WWV10.csv.gz/content	keep
58	2020-09-24T000000Z_N0000007_G1_EN91fh_FRQ_WWV10.csv.gz	N0000007	G1	EN91fh	WWV10	2020-09-24T00:00:00Z	692518	2b381c9374f03d1affeb08f1b6e943e2	https://zenodo.org/api/records/6590283/files/2020-09-24T000000Z_N0000007_G1_EN91fh_FRQ_WWV10.csv.gz/content	keep
59	2020-09-25T000000Z_N0000007_G1_EN91fh_FRQ_WWV10.csv.gz	N0000007	G1	EN91fh	WWV10	2020-09-25T00:00:00Z	680697	16043ef7423af8fb64eaab1da2702026	https://zenodo.org/api/records/6590283/files/2020-09-25T000000Z_N0000007_G1_EN91fh_FRQ_WWV10.csv.gz/content	keep
60	2020-09-26T000000Z_N0000007_G1_EN91fh_FRQ_WWV10.csv.gz	N0000007	G1	EN91fh	WWV10	2020-09-26T00:00:00Z	692421	98f92ae2f2247af4c5850678bb9f94c3	https://zenodo.org/api/records/6590283/files/2020-09-26T000000Z_N0000007_G1_EN91fh_FRQ_WWV10.csv.gz/content	keep
61	2020-09-27T000000Z_N0000007_G1_EN91fh_FRQ_WWV10.csv.gz	N0000007	G1	EN91fh	WWV10	2020-09-27T00:00:00Z	656381	83a4ec8a828b43509e306e4c501e556e	https://zenodo.org/api/records/6590283/files/2020-09-27T000000Z_N0000007_G1_EN91fh_FRQ_WWV10.csv.gz/content	exclude:time_order
62	2020-09-28T000000Z_N0000007_G1_EN91fh_FRQ_WWV10.csv.gz	N0000007	G1	EN91fh	WWV10	2020-09-28T00:00:00Z	692797	cebc0a82092c6042f984f73dd33a32d1	https://zenodo.org/api/records/6590283/files/2020-09-28T000000Z_N0000007_G1_EN91fh_FRQ_WWV10.csv.gz/content	keep
63	2020-09-29T000000Z_N0000007_G1_EN91fh_FRQ_WWV10.csv.gz	N0000007	G1	EN91fh	WWV10	2020-09-29T00:00:00Z	674755	c08e696994912f4faa3b9ebf28f60e20	https://zenodo.org/api/records/6590283/files/2020-09-29T000000Z_N0000007_G1_EN91fh_FRQ_WWV10.csv.gz/content	exclude:out_of_band
64	2020-09-30T001337Z_N0000007_G1_EN91fh_FRQ_WWV10.csv.gz	N0000007	G1	EN91fh	WWV10	2020-09-30T00:13:37Z	672536	72f8a3b6f1eef80d9e949690048c68f2	https://zenodo.org/api/records/6590283/files/2020-09-30T001337Z_N0000007_G1_EN91fh_FRQ_WWV10.csv.gz/content	keep
65	2020-10-05T000000Z_N0000007_G1_EN91fh_FRQ_WWV10.csv.gz	N0000007	G1	EN91fh	WWV10	2020-10-05T00:00:00Z	688898	9be9f4614cdba6ab7360fad71beadb81	https://zenodo.org/api/records/6590283/files/2020-10-05T000000Z_N0000007_G1_EN91fh_FRQ_WWV10.csv.gz/content	keep
66	2020-10-06T000000Z_N0000007_G1_EN91fh_FRQ_WWV10.csv.gz	N0000007	G1	EN91fh	WWV10	2020-10-06T00:00:00Z	713847	08dd9a3dd731636563fe39206e3835b6	https://zenodo.org/api/records/6590283/files/2020-10-06T000000Z_N0000007_G1_EN91fh_FRQ_WWV10.csv.gz/content	keep
67	2020-10-07T000000Z_N0000007_G1_EN91fh_FRQ_WWV10.csv.gz	N0000007	G1	EN91fh	WWV10	2020-10-07T00:00:00Z	690766	a08cc96dfe1a95e8888d02caca8a07f9	https://zenodo.org/api/records/6590283/files/2020-10-07T000000Z_N0000007_G1_EN91fh_FRQ_WWV10.csv.gz/content	keep
68	2020-10-08T000000Z_N0000007_G1_EN91fh_FRQ_WWV10.csv.gz	N0000007	G1	EN91fh	WWV10	2020-10-08T00:00:00Z	700566	56f1690c1f52e0aff16655d88e5a75b1	https://zenodo.org/api/records/6590283/files/2020-10-08T000000Z_N0000007_G1_EN91fh_FRQ_WWV10.csv.gz/content	keep
69	2020-10-09T000000Z_N0000007_G1_EN91fh_FRQ_WWV10.csv.gz	N0000007	G1	EN91fh	WWV10	2020-10-09T00:00:00Z	700197	9ddc61093d10b56edac241d39436505b	https://zenodo.org/api/records/6590283/files/2020-10-09T000000Z_N0000007_G1_EN91fh_FRQ_WWV10.csv.gz/content	keep
70	2020-10-10T000000Z_N0000007_G1_EN91fh_FRQ_WWV10.csv.gz	N0000007	G1	EN91fh	WWV10	2020-10-10T00:00:00Z	690796	33f4ed7ad08f538771c2c55f5298dd8c	https://zenodo.org/api/records/6590283/files/2020-10-10T000000Z_N0000007_G1_EN91fh_FRQ_WWV10.csv.gz/content	keep
71	2020-10-11T000000Z_N0000007_G1_EN91fh_FRQ_WWV10.csv.gz	N0000007	G1	EN91fh	WWV10	2020-10-11T00:00:00Z	698891	7428f362f5ec9d56eaee12b777c9259d	https://zenodo.org/api/records/6590283/files/2020-10-11T000000Z_N0000007_G1_EN91fh_FRQ_WWV10.csv.gz/content	keep
72	2020-10-12T000000Z_N0000007_G1_EN91fh_FRQ_WWV10.csv.gz	N0000007	G1	EN91fh	WWV10	2020-10-12T00:00:00Z	718576	5a003849c62e0cb93628382970f39bc9	https://zenodo.org/api/records/6590283/files/2020-10-12T000000Z_N0000007_G1_EN91fh_FRQ_WWV10.csv.gz/content	keep
73	2020-10-13T000000Z_N0000007_G1_EN91fh_FRQ_WWV10.csv.gz	N0000007	G1	EN91fh	WWV10	2020-10-13T00:00:00Z	715124	488cb6d5112651fe8a3c4041ed2883ab	https://zenodo.org/api/records/6590283/files/2020-10-13T000000Z_N0000007_G1_EN91fh_FRQ_WWV10.csv.gz/content	keep
74	2020-10-14T000000Z_N0000007_G1_EN91fh_FRQ_WWV10.csv.gz	N0000007	G1	EN91fh	WWV10	2020-10-14T00:00:00Z	726947	5393741dbde84971777d58f496c47a28	https://zenodo.org/api/records/6590283/files/2020-10-14T000000Z_N0000007_G1_EN91fh_FRQ_WWV10.csv.gz/content	keep
75	2020-10-15T000000Z_N0000007_G1_EN91fh_FRQ_WWV10.csv.gz	N0000007	G1	EN91fh	WWV10	2020-10-15T00:00:00Z	715934	6eaea5816279d59cb688bcdfa1c0e8e2	https://zenodo.org/api/records/6590283/files/2020-10-15T000000Z_N0000007_G1_EN91fh_FRQ_WWV10.csv.gz/content	keep
76	2020-10-16T000000Z_N0000007_G1_EN91fh_FRQ_WWV10.csv.gz	N0000007	G1	EN91fh	WWV10	2020-10-16T00:00:00Z	725764	659927bb35ce0b508c5281ebaf4f26a2	https://zenodo.org/api/records/6590283/files/2020-10-16T000000Z_N0000007_G1_EN91fh_FRQ_WWV10.csv.gz/content	keep
77	2020-10-17T000000Z_N0000007_G1_EN91fh_FRQ_WWV10.csv.gz	N0000007	G1	EN91fh	WWV10	2020-10-17T00:00:00Z	744999	23cc0d9943ad09d34cadcb6c127c2575	https://zenodo.org/api/records/6590283/files/2020-10-17T000000Z_N0000007_G1_EN91fh_FRQ_WWV10.csv.gz/content	keep
78	2020-10-18T000000Z_N0000007_G1_EN91fh_FRQ_WWV10.csv.gz	N0000007	G1	EN91fh	WWV10	2020-10-18T00:00:00Z	744797	0a0efaed6bcc1cdf670ae148f2fca7d3	https://zenodo.org/api/records/6590283/files/2020-10-18T000000Z_N0000007_G1_EN91fh_FRQ_WWV10.csv.gz/content	keep
79	2020-10-19T000000Z_N0000007_G1_EN91fh_FRQ_WWV10.csv.gz	N0000007	G1	EN91fh	WWV10	2020-10-19T00:00:00Z	736557	0c6797b462df3ef8a6b7458e7311c7a1	https://zenodo.org/api/records/6590283/files/2020-10-19T000000Z_N0000007_G1_EN91fh_FRQ_WWV10.csv.gz/content	keep
80	2020-10-20T000000Z_N0000007_G1_EN91fh_FRQ_WWV10.csv.gz	N0000007	G1	EN91fh	WWV10	2020-10-20T00:00:00Z	739735	94ce657c8e40a8c78d60ecc0b84ab42b	https://zenodo.org/api/records/6590283/files/2020-10-20T000000Z_N0000007_G1_EN91fh_FRQ_WWV10.csv.gz/content	keep
81	2020-10-21T000000Z_N0000007_G1_EN91fh_FRQ_WWV10.csv.gz	N0000007	G1	EN91fh	WWV10	2020-10-21T00:00:00Z	702009	bb7e7fe9d67528d6e98afbd783e98227	https://zenodo.org/api/records/6590283/files/2020-10-21T000000Z_N0000007_G1_EN91fh_FRQ_WWV10.csv.gz/content	keep
82	2020-10-22T000000Z_N0000007_G1_EN91fh_FRQ_WWV10.csv.gz	N0000007	G1	EN91fh	WWV10	2020-10-22T00:00:00Z	712147	7ae6a3815daff31a75a3f3bbc4ff28c7	https://zenodo.org/api/records/6590283/files/2020-10-22T000000Z_N0000007_G1_EN91fh_FRQ_WWV10.csv.gz/content	keep
83	2020-10-23T000000Z_N0000007_G1_EN91fh_FRQ_WWV10.csv.gz	N0000007	G1	EN91fh	WWV10	2020-10-23T00:00:00Z	717287	d765359f57c30b1b1230a8faea42cbf9	https://zenodo.org/api/records/6590283/files/2020-10-23T000000Z_N0000007_G1_EN91fh_FRQ_WWV10.csv.gz/content	keep
84	2020-10-24T000000Z_N0000007_G1_EN91fh_FRQ_WWV10.csv.gz	N0000007	G1	EN91fh	WWV10	2020-10-24T00:00:00Z	728484	a8cbaf0c6cf7a74cccdf63756b3e0f19	https://zenodo.org/api/records/6590283/files/2020-10-24T000000Z_N0000007_G1_EN91fh_FRQ_WWV10.csv.gz/content	keep
85	2020-10-25T000000Z_N0000007_G1_EN91fh_FRQ_WWV10.csv.gz	N0000007	G1	EN91fh	WWV10	2020-10-25T00:00:00Z	707144	076fd56b359e3bb0f199f315ba1777ad	https://zenodo.org/api/records/6590283/files/2020-10-25T000000Z_N0000007_G1_EN91fh_FRQ_WWV10.csv.gz/content	keep
86	2020-10-26T000000Z_N0000007_G1_EN91fh_FRQ_WWV10.csv.gz	N0000007	G1	EN91fh	WWV10	2020-10-26T00:00:00Z	713439	1c9a06bc4373598ba3ceef5241d19926	https://zenodo.org/api/records/6590283/files/2020-10-26T000000Z_N0000007_G1_EN91fh_FRQ_WWV10.csv.gz/content	keep
87	2020-10-27T000000Z_N0000007_G1_EN91fh_FRQ_WWV10.csv.gz	N0000007	G1	EN91fh	WWV10	2020-10-27T00:00:00Z	706937	324859ba67665a0c172fc8ed414a2272	https://zenodo.org/api/records/6590283/files/2020-10-27T000000Z_N0000007_G1_EN91fh_FRQ_WWV10.csv.gz/content	keep
88	2020-10-28T000000Z_N0000007_G1_EN91fh_FRQ_WWV10.csv.gz	N0000007	G1	EN91fh	WWV10	2020-10-28T00:00:00Z	688810	0e38675ec649d814c9106b7ce12754a6	https://zenodo.org/api/records/6590283/files/2020-10-28T000000Z_N0000007_G1_EN91fh_FRQ_WWV10.csv.gz/content	keep
89	2020-10-29T000000Z_N0000007_G1_EN91fh_FRQ_WWV10.csv.gz	N0000007	G1	EN91fh	WWV10	2020-10-29T00:00:00Z	696777	7c77a9c1f33a33f23aa1d093a8986e04	https://zenodo.org/api/records/6590283/files/2020-10-29T000000Z_N0000007_G1_EN91fh_FRQ_WWV10.csv.gz/content	keep
90	2020-10-30T000000Z_N0000007_G1_EN91fh_FRQ_WWV10.csv.gz	N0000007	G1	EN91fh	WWV10	2020-10-30T00:00:00Z	704298	622d3a814fa37293a60d64a11047918c	https://zenodo.org/api/records/6590283/files/2020-10-30T000000Z_N0000007_G1_EN91fh_FRQ_WWV10.csv.gz/content	keep
91	2020-10-31T000000Z_N0000007_G1_EN91fh_FRQ_WWV10.csv.gz	N0000007	G1	EN91fh	WWV10	2020-10-31T00:00:00Z	700943	430c0a3ff05d65c40f8b31dd9a11a01a	https://zenodo.org/api/records/6590283/files/2020-10-31T000000Z_N0000007_G1_EN91fh_FRQ_WWV10.csv.gz/content	keep
92	2020-11-01T000000Z_N0000007_G1_EN91fh_FRQ_WWV10.csv.gz	N0000007	G1	EN91fh	WWV10	2020-11-01T00:00:00Z	742481	41f3ad135da0f9372fae4097dd1b753f	https://zenodo.org/api/records/6590283/files/2020-11-01T000000Z_N0000007_G1_EN91fh_FRQ_WWV10.csv.gz/content	keep
93	2020-11-02T000000Z_N0000007_G1_EN91fh_FRQ_WWV10.csv.gz	N0000007	G1	EN91fh	WWV10	2020-11-02T00:00:00Z	725585	4d8ae5c96b7e727c84c2cfc131de891d	https://zenodo.org/api/records/6590283/files/2020-11-02T000000Z_N0000007_G1_EN91fh_FRQ_WWV10.csv.gz/content	keep
94	2020-11-03T000000Z_N0000007_G1_EN91fh_FRQ_WWV10.csv.gz	N0000007	G1	EN91fh	WWV10	2020-11-03T00:00:00Z	719907	74cc655d13a61a65a5e42a95a10c1fed	https://zenodo.org/api/records/6590283/files/2020-11-03T000000Z_N0000007_G1_EN91fh_FRQ_WWV10.csv.gz/content	keep
95	2020-11-04T000000Z_N0000007_G1_EN91fh_FRQ_WWV10.csv.gz	N0000007	G1	EN91fh	WWV10	2020-11-04T00:00:00Z	707235	99ac1eebeca6798fd9f30ae359679032	https://zenodo.org/api/records/6590283/files/2020-11-04T000000Z_N0000007_G1_EN91fh_FRQ_WWV10.csv.gz/content	keep
96	2020-11-05T000000Z_N0000007_G1_EN91fh_FRQ_WWV10.csv.gz	N0000007	G1	EN91fh	WWV10	2020-11-05T00:00:00Z	708748	f37af7638d9a4521a32cfff526159bce	https://zenodo.org/api/records/6590283/files/2020-11-05T000000Z_N0000007_G1_EN91fh_FRQ_WWV10.csv.gz/content	keep
97	2020-11-06T000000Z_N0000007_G1_EN91fh_FRQ_WWV10.csv.gz	N0000007	G1	EN91fh	WWV10	2020-11-06T00:00:00Z	711444	de12d3a9aecaf12ad4b2f5e5f1a1a5a9	https://zenodo.org/api/records/6590283/files/2020-11-06T000000Z_N0000007_G1_EN91fh_FRQ_WWV10.csv.gz/content	keep
98	2020-11-07T000000Z_N0000007_G1_EN91fh_FRQ_WWV10.csv.gz	N0000007	G1	EN91fh	WWV10	2020-11-07T00:00:00Z	713251	e539f74f70b0c8485242b98db5ac00e9	https://zenodo.org/api/records/6590283/files/2020-11-07T000000Z_N0000007_G1_EN91fh_FRQ_WWV10.csv.gz/content	keep
99	2020-11-08T000001Z_N0000007_G1_EN91fh_FRQ_WWV10.csv.gz	N0000007	G1	EN91fh	WWV10	2020-11-08T00:00:01Z	720355	77c21176867d45edc22132dd90042925	https://zenodo.org/api/records/6590283/files/2020-11-08T000001Z_N0000007_G1_EN91fh_FRQ_WWV10.csv.gz/content	keep
100	2020-11-09T000000Z_N0000007_G1_EN91fh_FRQ_WWV10.csv.gz	N0000007	G1	EN91fh	WWV10	2020-11-09T00:00:00Z	705691	c3befb511c955a13cefc8c323ce3f9f9	https://zenodo.org/api/records/6590283/files/2020-11-09T000000Z_N0000007_G1_EN91fh_FRQ_WWV10.csv.gz/content	keep
101	2020-11-10T000000Z_N0000007_G1_EN91fh_FRQ_WWV10.csv.gz	N0000007	G1	EN91fh	WWV10	2020-11-10T00:00:00Z	682440	3fce962c5f2b1b45e4bdc35a975ac3e0	https://zenodo.org/api/records/6590283/files/2020-11-10T000000Z_N0000007_G1_EN91fh_FRQ_WWV10.csv.gz/content	keep
102	2020-11-11T000000Z_N0000007_G1_EN91fh_FRQ_WWV10.csv.gz	N0000007	G1	EN91fh	WWV10	2020-11-11T00:00:00Z	705141	352ec35dddb0d2aea39f645a4f79ad11	https://zenodo.org/api/records/6590283/files/2020-11-11T000000Z_N0000007_G1_EN91fh_FRQ_WWV10.csv.gz/content	keep
103	2020-11-12T000000Z_N0000007_G1_EN91fh_FRQ_WWV10.csv.gz	N0000007	G1	EN91fh	WWV10	2020-11-12T00:00:00Z	725819	da2ec3e55945746abf90281c3ec357b0	https://zenodo.org/api/records/6590283/files/2020-11-12T000000Z_N0000007_G1_EN91fh_FRQ_WWV10.csv.gz/content	keep
104	2020-11-13T000000Z_N0000007_G1_EN91fh_FRQ_WWV10.csv.gz	N0000007	G1	EN91fh	WWV10	2020-11-13T00:00:00Z	698580	b4582f7f8f1ed393b8fa2fcefb5796b3	https://zenodo.org/api/records/6590283/files/2020-11-13T000000Z_N0000007_G1_EN91fh_FRQ_WWV10.csv.gz/content	keep
105	2020-11-14T000000Z_N0000007_G1_EN91fh_FRQ_WWV10.csv.gz	N0000007	G1	EN91fh	WWV10	2020-11-14T00:00:00Z	710949	8e0b0adc362080ddd1d7eeb340ba5151	https://zenodo.org/api/records/6590283/files/2020-11-14T000000Z_N0000007_G1_EN91fh_FRQ_WWV10.csv.gz/content	keep
106	2020-11-15T000000Z_N0000007_G1_EN91fh_FRQ_WWV10.csv.gz	N0000007	G1	EN91fh	WWV10	2020-11-15T00:00:00Z	717952	aa0b1b8943c03aa43ed3c03704300dda	https://zenodo.org/api/records/6590283/files/2020-11-15T000000Z_N0000007_G1_EN91fh_FRQ_WWV10.csv.gz/content	keep
107	2020-11-16T000000Z_N0000007_G1_EN91fh_FRQ_WWV10.csv.gz	N0000007	G1	EN91fh	WWV10	2020-11-16T00:00:00Z	713354	2134584d167032ad146cd657653db429	https://zenodo.org/api/records/6590283/files/2020-11-16T000000Z_N0000007_G1_EN91fh_FRQ_WWV10.csv.gz/content	keep
108	2020-11-17T000000Z_N0000007_G1_EN91fh_FRQ_WWV10.csv.gz	N0000007	G1	EN91fh	WWV10	2020-11-17T00:00:00Z	682515	86a9d0f654ebf32730a65ec6e926d8e1	https://zenodo.org/api/records/6590283/files/2020-11-17T000000Z_N0000007_G1_EN91fh_FRQ_WWV10.csv.gz/content	exclude:out_of_band
109	2020-11-22T014640Z_N0000007_G1_EN91fh_FRQ_WWV10.csv.gz	N0000007	G1	EN91fh	WWV10	2020-11-22T01:46:40Z	673238	ab440df07176547821555594defa4e1c	https://zenodo.org/api/records/6590283/files/2020-11-22T014640Z_N0000007_G1_EN91fh_FRQ_WWV10.csv.gz/content	keep
110	2020-11-23T000000Z_N0000007_G1_EN91fh_FRQ_WWV10.csv.gz	N0000007	G1	EN91fh	WWV10	2020-11-23T00:00:00Z	726045	059d848f84e564a3846b43065f1e757f	https://zenodo.org/api/records/6590283/files/2020-11-23T000000Z_N0000007_G1_EN91fh_FRQ_WWV10.csv.gz/content	keep
111	2020-11-24T000000Z_N0000007_G1_EN91fh_FRQ_WWV10.csv.gz	N0000007	G1	EN91fh	WWV10	2020-11-24T00:00:00Z	697338	254426da7055ad6bc7c4ed4b732dfe36	https://zenodo.org/api/records/6590283/files/2020-11-24T000000Z_N0000007_G1_EN91fh_FRQ_WWV10.csv.gz/content	keep
112	2020-11-25T000000Z_N0000007_G1_EN91fh_FRQ_WWV10.csv.gz	N0000007	G1	EN91fh	WWV10	2020-11-25T00:00:00Z	718360	9ad95f75b0d92867151522ed3bcdd146	https://zenodo.org/api/records/6590283/files/2020-11-25T000000Z_N0000007_G1_EN91fh_FRQ_WWV10.csv.gz/content	keep
113	2020-11-26T000000Z_N0000007_G1_EN91fh_FRQ_WWV10.csv.gz	N0000007	G1	EN91fh	WWV10	2020-11-26T00:00:00Z	715614	2b0554d3495f22013d213cf69e55d967	https://zenodo.org/api/records/6590283/files/2020-11-26T000000Z_N0000007_G1_EN91fh_FRQ_WWV10.csv.gz/content	keep
114	2020-11-27T000000Z_N0000007_G1_EN91fh_FRQ_WWV10.csv.gz	N0000007	G1	EN91fh	WWV10	2020-11-27T00:00:00Z	718859	9f8f28326f1ddbb20437b143a66ba96f	https://zenodo.org/api/records/6590283/files/2020-11-27T000000Z_N0000007_G1_EN91fh_FRQ_WWV10.csv.gz/content	keep
115	2020-11-28T000000Z_N0000007_G1_EN91fh_FRQ_WWV10.csv.gz	N0000007	G1	EN91fh	WWV10	2020-11-28T00:00:00Z	718185	54b03cc1234b82440d24b9605e85f7ae	https://zenodo.org/api/records/6590283/files/2020-11-28T000000Z_N0000007_G1_EN91fh_FRQ_WWV10.csv.gz/content	keep
116	2020-11-29T000000Z_N0000007_G1_EN91fh_FRQ_WWV10.csv.gz	N0000007	G1	EN91fh	WWV10	2020-11-29T00:00:00Z	692272	003ccd897126c547b9ec126457aadeae	https://zenodo.org/api/records/6590283/files/2020-11-29T000000Z_N0000007_G1_EN91fh_FRQ_WWV10.csv.gz/content	keep
117	2020-11-30T000000Z_N0000007_G1_EN91fh_FRQ_WWV10.csv.gz	N0000007	G1	EN91fh	WWV10	2020-11-30T00:00:00Z	715388	2c1ec0b6c511df6d0fbef268078527fb	https://zenodo.org/api/records/6590283/files/2020-11-30T000000Z_N0000007_G1_EN91fh_FRQ_WWV10.csv.gz/content	keep
118	2020-12-01T000000Z_N0000007_G1_EN91fh_FRQ_WWV10.csv.gz	N0000007	G1	EN91fh	WWV10	2020-12-01T00:00:00Z	713600	812a549ee5257856fea62e95789ee67e	https://zenodo.org/api/records/6590283/files/2020-12-01T000000Z_N0000007_G1_EN91fh_FRQ_WWV10.csv.gz/content	keep
119	2020-12-02T000000Z_N0000007_G1_EN91fh_FRQ_WWV10.csv.gz	N0000007	G1	EN91fh	WWV10	2020-12-02T00:00:00Z	696111	6b88bc5f8dbf745c489d17f954d5cc72	https://zenodo.org/api/records/6590283/files/2020-12-02T000000Z_N0000007_G1_EN91fh_FRQ_WWV10.csv.gz/content	keep
120	2020-12-03T000000Z_N0000007_G1_EN91fh_FRQ_WWV10.csv.gz	N0000007	G1	EN91fh	WWV10	2020-12-03T00:00:00Z	689532	a76a3e08d9ea6c55f6034cee7f9f9abb	https://zenodo.org/api/records/6590283/files/2020-12-03T000000Z_N0000007_G1_EN91fh_FRQ_WWV10.csv.gz/content	keep
121	2020-12-04T000000Z_N0000007_G1_EN91fh_FRQ_WWV10.csv.gz	N0000007	G1	EN91fh	WWV10	2020-12-04T00:00:00Z	690022	f0d39a9a142777c05a1266d3ae37d264	https://zenodo.org/api/records/6590283/files/2020-12-04T000000Z_N0000007_G1_EN91fh_FRQ_WWV10.csv.gz/content	keep
122	2020-12-05T000000Z_N0000007_G1_EN91fh_FRQ_WWV10.csv.gz	N0000007	G1	EN91fh	WWV10	2020-12-05T00:00:00Z	670499	9932813855e44393450c79cd9a71ea95	https://zenodo.org/api/records/6590283/files/2020-12-05T000000Z_N0000007_G1_EN91fh_FRQ_WWV10.csv.gz/content	keep
123	2020-12-06T000000Z_N0000007_G1_EN91fh_FRQ_WWV10.csv.gz	N0000007	G1	EN91fh	WWV10	2020-12-06T00:00:00Z	690006	4c2fee2e673c8719b3c03cf6bee53a1b	https://zenodo.org/api/records/6590283/files/2020-12-06T000000Z_N0000007_G1_EN91fh_FRQ_WWV10.csv.gz/content	keep
124	2020-12-07T000000Z_N0000007_G1_EN91fh_FRQ_WWV10.csv.gz	N0000007	G1	EN91fh	WWV10	2020-12-07T00:00:00Z	701183	1891c6b0c4e89d9a803b13d6b6174533	https://zenodo.org/api/records/6590283/files/2020-12-07T000000Z_N0000007_G1_EN91fh_FRQ_WWV10.csv.gz/content	keep
125	2020-12-08T000000Z_N0000007_G1_EN91fh_FRQ_WWV10.csv.gz	N0000007	G1	EN91fh	WWV10	2020-12-08T00:00:00Z	680128	21b0f1bb62a11ea22841e9785de3c437	https://zenodo.org/api/records/6590283/files/2020-12-08T000000Z_N0000007_G1_EN91fh_FRQ_WWV10.csv.gz/content	keep
126	2020-12-09T000000Z_N0000007_G1_EN91fh_FRQ_WWV10.csv.gz	N0000007	G1	EN91fh	WWV10	2020-12-09T00:00:00Z	689008	5fbfd8c2f88d14a4817a2adf8241e679	https://zenodo.org/api/records/6590283/files/2020-12-09T000000Z_N0000007_G1_EN91fh_FRQ_WWV10.csv.gz/content	keep
127	2020-12-10T000000Z_N0000007_G1_EN91fh_FRQ_WWV10.csv.gz	N0000007	G1	EN91fh	WWV10	2020-12-10T00:00:00Z	713160	dc069cda793fe3db6210c8a9325530c1	https://zenodo.org/api/records/6590283/files/2020-12-10T000000Z_N0000007_G1_EN91fh_FRQ_WWV10.csv.gz/content	keep
128	2020-12-11T000000Z_N0000007_G1_EN91fh_FRQ_WWV10.csv.gz	N0000007	G1	EN91fh	WWV10	2020-12-11T00:00:00Z	721711	cd1454c498247d1ca82b4fae1cda0dbf	https://zenodo.org/api/records/6590283/files/2020-12-11T000000Z_N0000007_G1_EN91fh_FRQ_WWV10.csv.gz/content	keep
129	2020-12-12T000000Z_N0000007_G1_EN91fh_FRQ_WWV10.csv.gz	N0000007	G1	EN91fh	WWV10	2020-12-12T00:00:00Z	706119	9d31d98ad57c8fedbac92366ebc03878	https://zenodo.org/api/records/6590283/files/2020-12-12T000000Z_N0000007_G1_EN91fh_FRQ_WWV10.csv.gz/content	keep
130	2020-12-13T000000Z_N0000007_G1_EN91fh_FRQ_WWV10.csv.gz	N0000007	G1	EN91fh	WWV10	2020-12-13T00:00:00Z	697121	ee770a05863138736f192ca3963edadb	https://zenodo.org/api/records/6590283/files/2020-12-13T000000Z_N0000007_G1_EN91fh_FRQ_WWV10.csv.gz/content	keep
131	2020-12-14T000000Z_N0000007_G1_EN91fh_FRQ_WWV10.csv.gz	N0000007	G1	EN91fh	WWV10	2020-12-14T00:00:00Z	694290	363ba32c1afe20b861a3fe2752f1fe18	https://zenodo.org/api/records/6590283/files/2020-12-14T000000Z_N0000007_G1_EN91fh_FRQ_WWV10.csv.gz/content	keep
132	2020-12-15T000000Z_N0000007_G1_EN91fh_FRQ_WWV10.csv.gz	N0000007	G1	EN91fh	WWV10	2020-12-15T00:00:00Z	712994	35c12d0b922abbf453534da2e46fe9c4	https://zenodo.org/api/records/6590283/files/2020-12-15T000000Z_N0000007_G1_EN91fh_FRQ_WWV10.csv.gz/content	keep
133	2020-12-16T000000Z_N0000007_G1_EN91fh_FRQ_WWV10.csv.gz	N0000007	G1	EN91fh	WWV10	2020-12-16T00:00:00Z	717690	a0d1995d0d1123b210a0436b19a9f7ed	https://zenodo.org/api/records/6590283/files/2020-12-16T000000Z_N0000007_G1_EN91fh_FRQ_WWV10.csv.gz/content	keep
134	2020-12-17T000000Z_N0000007_G1_EN91fh_FRQ_WWV10.csv.gz	N0000007	G1	EN91fh	WWV10	2020-12-17T00:00:00Z	687454	b473b5560d4d25a07238a00c8c0c1c02	https://zenodo.org/api/records/6590283/files/2020-12-17T000000Z_N0000007_G1_EN91fh_FRQ_WWV10.csv.gz/content	keep
135	2020-12-18T000001Z_N0000007_G1_EN91fh_FRQ_WWV10.csv.gz	N0000007	G1	EN91fh	WWV10	2020-12-18T00:00:01Z	669333	b5c1829cb353a602c19817bab1aeba08	https://zenodo.org/api/records/6590283/files/2020-12-18T000001Z_N0000007_G1_EN91fh_FRQ_WWV10.csv.gz/content	keep
136	2020-12-19T000000Z_N0000007_G1_EN91fh_FRQ_WWV10.csv.gz	N0000007	G1	EN91fh	WWV10	2020-12-19T00:00:00Z	676558	26ee4bd88b7b474721bec56901926989	https://zenodo.org/api/records/6590283/files/2020-12-19T000000Z_N0000007_G1_EN91fh_FRQ_WWV10.csv.gz/content	keep
137	2020-12-20T000000Z_N0000007_G1_EN91fh_FRQ_WWV10.csv.gz	N0000007	G1	EN91fh	WWV10	2020-12-20T00:00:00Z	684944	26135661c7645f98d34a00bdc0ff8c96	https://zenodo.org/api/records/6590283/files/2020-12-20T000000Z_N0000007_G1_EN91fh_FRQ_WWV10.csv.gz/content	keep
138	2020-12-21T000000Z_N0000007_G1_EN91fh_FRQ_WWV10.csv.gz	N0000007	G1	EN91fh	WWV10	2020-12-21T00:00:00Z	692642	8da7b45b3a2a80936b6fde7bf10599dc	https://zenodo.org/api/records/6590283/files/2020-12-21T000000Z_N0000007_G1_EN91fh_FRQ_WWV10.csv.gz/content	keep
139	2020-12-22T000000Z_N0000007_G1_EN91fh_FRQ_WWV10.csv.gz	N0000007	G1	EN91fh	WWV10	2020-12-22T00:00:00Z	725751	684010177f5c6b1544dca4da8331dbf6	https://zenodo.org/api/records/6590283/files/2020-12-22T000000Z_N0000007_G1_EN91fh_FRQ_WWV10.csv.gz/content	keep
140	2020-12-23T000000Z_N0000007_G1_EN91fh_FRQ_WWV10.csv.gz	N0000007	G1	EN91fh	WWV10	2020-12-23T00:00:00Z	716991	bcd11662fd942a3e96b5e4dee5bb1245	https://zenodo.org/api/records/6590283/files/2020-12-23T000000Z_N0000007_G1_EN91fh_FRQ_WWV10.csv.gz/content	keep
141	2020-12-24T000000Z_N0000007_G1_EN91fh_FRQ_WWV10.csv.gz	N0000007	G1	EN91fh	WWV10	2020-12-24T00:00:00Z	710855	b42179cc7ab12bd459c9ea2d2604ecfe	https://zenodo.org/api/records/6590283/files/2020-12-24T000000Z_N0000007_G1_EN91fh_FRQ_WWV10.csv.gz/content	keep
142	2020-12-25T000000Z_N0000007_G1_EN91fh_FRQ_WWV10.csv.gz	N0000007	G1	EN91fh	WWV10	2020-12-25T00:00:00Z	699274	4016d62077efff34e24ce00cfc926b59	https://zenodo.org/api/records/6590283/files/2020-12-25T000000Z_N0000007_G1_EN91fh_FRQ_WWV10.csv.gz/content	keep
143	2020-12-26T000000Z_N0000007_G1_EN91fh_FRQ_WWV10.csv.gz	N0000007	G1	EN91fh	WWV10	2020-12-26T00:00:00Z	690353	f106a1f5b23e4c686fcc81ca7f5636a1	https://zenodo.org/api/records/6590283/files/2020-12-26T000000Z_N0000007_G1_EN91fh_FRQ_WWV10.csv.gz/content	keep
144	2020-12-27T000000Z_N0000007_G1_EN91fh_FRQ_WWV10.csv.gz	N0000007	G1	EN91fh	WWV10	2020-12-27T00:00:00Z	665876	f9f9927a085a632e5b3681786f4e3b03	https://zenodo.org/api/records/6590283/files/2020-12-27T000000Z_N0000007_G1_EN91fh_FRQ_WWV10.csv.gz/content	keep
145	2020-12-28T000000Z_N0000007_G1_EN91fh_FRQ_WWV10.csv.gz	N0000007	G1	EN91fh	WWV10	2020-12-28T00:00:00Z	681175	454eac2fb8bab75b535c70bdf5144efe	https://zenodo.org/api/records/6590283/files/2020-12-28T000000Z_N0000007_G1_EN91fh_FRQ_WWV10.csv.gz/content	keep
146	2020-12-29T000000Z_N0000007_G1_EN91fh_FRQ_WWV10.csv.gz	N0000007	G1	EN91fh	WWV10	2020-12-29T00:00:00Z	688913	c08ae680004cc624a726621fcf190132	https://zenodo.org/api/records/6590283/files/2020-12-29T000000Z_N0000007_G1_EN91fh_FRQ_WWV10.csv.gz/content	keep
147	2020-12-30T000000Z_N0000007_G1_EN91fh_FRQ_WWV10.csv.gz	N0000007	G1	EN91fh	WWV10	2020-12-30T00:00:00Z	688528	4278c18884f1e44461804ee574feb771	https://zenodo.org/api/records/6590283/files/2020-12-30T000000Z_N0000007_G1_EN91fh_FRQ_WWV10.csv.gz/content	keep
148	2020-12-31T000000Z_N0000007_G1_EN91fh_FRQ_WWV10.csv.gz	N0000007	G1	EN91fh	WWV10	2020-12-31T00:00:00Z	692972	75354e5cc60ee5c1720d71a8688cfb74	https://zenodo.org/api/records/6590283/files/2020-12-31T000000Z_N0000007_G1_EN91fh_FRQ_WWV10.csv.gz/content	keep
149	2021-01-01T000000Z_N0000007_G1_EN91fh_FRQ_WWV10.csv.gz	N0000007	G1	EN91fh	WWV10	2021-01-01T00:00:00Z	690749	22a65762a143eea0e1709b917a87ba85	https://zenodo.org/api/records/6590283/files/2021-01-01T000000Z_N0000007_G1_EN91fh_FRQ_WWV10.csv.gz/content	keep
150	2021-01-02T000000Z_N0000007_G1_EN91fh_FRQ_WWV10.csv.gz	N0000007	G1	EN91fh	WWV10	2021-01-02T00:00:00Z	654672	bc0b304e572477211944e126de899c92	https://zenodo.org/api/records/6590283/files/2021-01-02T000000Z_N0000007_G1_EN91fh_FRQ_WWV10.csv.gz/content	keep
151	2021-01-03T000000Z_N0000007_G1_EN91fh_FRQ_WWV10.csv.gz	N0000007	G1	EN91fh	WWV10	2021-01-03T00:00:00Z	688515	09c6979aab7bc72f73c3722686b10aef	https://zenodo.org/api/records/6590283/files/2021-01-03T000000Z_N0000007_G1_EN91fh_FRQ_WWV10.csv.gz/content	keep
152	2021-01-04T000000Z_N0000007_G1_EN91fh_FRQ_WWV10.csv.gz	N0000007	G1	EN91fh	WWV10	2021-01-04T00:00:00Z	688339	86180006b70d73b10b93e72984a1de81	https://zenodo.org/api/records/6590283/files/2021-01-04T000000Z_N0000007_G1_EN91fh_FRQ_WWV10.csv.gz/content	keep
153	2021-01-05T000000Z_N0000007_G1_EN91fh_FRQ_WWV10.csv.gz	N0000007	G1	EN91fh	WWV10	2021-01-05T00:00:00Z	673330	53a10bfd6032f3aebdad2268f07e12ce	https://zenodo.org/api/records/6590283/files/2021-01-05T000000Z_N0000007_G1_EN91fh_FRQ_WWV10.csv.gz/content	keep
154	2021-01-06T003621Z_N0000007_G1_EN91fh_FRQ_WWV10.csv.gz	N0000007	G1	EN91fh	WWV10	2021-01-06T00:36:21Z	697619	e06fc9dad3edc8263d9de502f1320881	https://zenodo.org/api/records/6590283/files/2021-01-06T003621Z_N0000007_G1_EN91fh_FRQ_WWV10.csv.gz/content	keep
155	2021-01-07T000000Z_N0000007_G1_EN91fh_FRQ_WWV10.csv.gz	N0000007	G1	EN91fh	WWV10	2021-01-07T00:00:00Z	685216	9bb0607331d86d49189c6fba5e3cec20	https://zenodo.org/api/records/6590283/files/2021-01-07T000000Z_N0000007_G1_EN91fh_FRQ_WWV10.csv.gz/content	keep
156	2021-01-08T000000Z_N0000007_G1_EN91fh_FRQ_WWV10.csv.gz	N0000007	G1	EN91fh	WWV10	2021-01-08T00:00:00Z	674235	976f3960f8707acd97fdd485c9c2c8b7	https://zenodo.org/api/records/6590283/files/2021-01-08T000000Z_N0000007_G1_EN91fh_FRQ_WWV10.csv.gz/content	keep
157	2021-01-09T000000Z_N0000007_G1_EN91fh_FRQ_WWV10.csv.gz	N0000007	G1	EN91fh	WWV10	2021-01-09T00:00:00Z	695256	6f7f5e2523722b6956f93505d47b32b8	https://zenodo.org/api/records/6590283/files/2021-01-09T000000Z_N0000007_G1_EN91fh_FRQ_WWV10.csv.gz/content	keep
158	2021-01-10T000000Z_N0000007_G1_EN91fh_FRQ_WWV10.csv.gz	N0000007	G1	EN91fh	WWV10	2021-01-10T00:00:00Z	684541	72fe45ecddbc5ac6bca17326ccd60829	https://zenodo.org/api/records/6590283/files/2021-01-10T000000Z_N0000007_G1_EN91fh_FRQ_WWV10.csv.gz/content	keep
159	2021-01-11T000000Z_N0000007_G1_EN91fh_FRQ_WWV10.csv.gz	N0000007	G1	EN91fh	WWV10	2021-01-11T00:00:00Z	716701	7c64a0bf64ef2cd1a0fcd5164d09be5d	https://zenodo.org/api/records/6590283/files/2021-01-11T000000Z_N0000007_G1_EN91fh_FRQ_WWV10.csv.gz/content	keep
160	2021-01-12T000000Z_N0000007_G1_EN91fh_FRQ_WWV10.csv.gz	N0000007	G1	EN91fh	WWV10	2021-01-12T00:00:00Z	710205	34dd23ba991c5b4c628802b277e0ce95	https://zenodo.org/api/records/6590283/files/2021-01-12T000000Z_N0000007_G1_EN91fh_FRQ_WWV10.csv.gz/content	keep
161	2021-01-13T000000Z_N0000007_G1_EN91fh_FRQ_WWV10.csv.gz	N0000007	G1	EN91fh	WWV10	2021-01-13T00:00:00Z	665637	45a8ee35c3bb223f753d1f1dd6b24059	https://zenodo.org/api/records/6590283/files/2021-01-13T000000Z_N0000007_G1_EN91fh_FRQ_WWV10.csv.gz/content	keep
162	2021-01-14T000000Z_N0000007_G1_EN91fh_FRQ_WWV10.csv.gz	N0000007	G1	EN91fh	WWV10	2021-01-14T00:00:00Z	690175	127351c5734e66d5aa1eecbf93dd967a	https://zenodo.org/api/records/6590283/files/2021-01-14T000000Z_N0000007_G1_EN91fh_FRQ_WWV10.csv.gz/content	keep
163	2021-01-15T000000Z_N0000007_G1_EN91fh_FRQ_WWV10.csv.gz	N0000007	G1	EN91fh	WWV10	2021-01-15T00:00:00Z	670597	e3889dd1f939d7ce4f609741e221899e	https://zenodo.org/api/records/6590283/files/2021-01-15T000000Z_N0000007_G1_EN91fh_FRQ_WWV10.csv.gz/content	keep
164	2021-01-16T000000Z_N0000007_G1_EN91fh_FRQ_WWV10.csv.gz	N0000007	G1	EN91fh	WWV10	2021-01-16T00:00:00Z	688579	a457b6e41310fe6662f9470c7fb0c369	https://zenodo.org/api/records/6590283/files/2021-01-16T000000Z_N0000007_G1_EN91fh_FRQ_WWV10.csv.gz/content	keep
165	2021-01-17T000000Z_N0000007_G1_EN91fh_FRQ_WWV10.csv.gz	N0000007	G1	EN91fh	WWV10	2021-01-17T00:00:00Z	668837	3cb2834804e232c05198006c10318185	https://zenodo.org/api/records/6590283/files/2021-01-17T000000Z_N0000007_G1_EN91fh_FRQ_WWV10.csv.gz/content	keep
166	2021-01-18T000000Z_N0000007_G1_EN91fh_FRQ_WWV10.csv.gz	N0000007	G1	EN91fh	WWV10	2021-01-18T00:00:00Z	659206	2d41f2069dd05e69db34a140d90254f2	https://zenodo.org/api/records/6590283/files/2021-01-18T000000Z_N0000007_G1_EN91fh_FRQ_WWV10.csv.gz/content	keep
167	2021-01-19T000000Z_N0000007_G1_EN91fh_FRQ_WWV10.csv.gz	N0000007	G1	EN91fh	WWV10	2021-01-19T00:00:00Z	650680	6cd771a56bc2c66d0b2784320717a4ef	https://zenodo.org/api/records/6590283/files/2021-01-19T000000Z_N0000007_G1_EN91fh_FRQ_WWV10.csv.gz/content	keep
168	2021-01-20T000000Z_N0000007_G1_EN91fh_FRQ_WWV10.csv.gz	N0000007	G1	EN91fh	WWV10	2021-01-20T00:00:00Z	679067	98aae73c61d7f8b9bf58a5eed2435557	https://zenodo.org/api/records/6590283/files/2021-01-20T000000Z_N0000007_G1_EN91fh_FRQ_WWV10.csv.gz/content	keep
169	2021-01-21T000000Z_N0000007_G1_EN91fh_FRQ_WWV10.csv.gz	N0000007	G1	EN91fh	WWV10	2021-01-21T00:00:00Z	680629	0fb09786c93fe9630cf82a436338efb3	https://zenodo.org/api/records/6590283/files/2021-01-21T000000Z_N0000007_G1_EN91fh_FRQ_WWV10.csv.gz/content	keep
170	2021-01-22T000000Z_N0000007_G1_EN91fh_FRQ_WWV10.csv.gz	N0000007	G1	EN91fh	WWV10	2021-01-22T00:00:00Z	689338	fdab509816f274acf3904b414e10e5a2	https://zenodo.org/api/records/6590283/files/2021-01-22T000000Z_N0000007_G1_EN91fh_FRQ_WWV10.csv.gz/content	keep
171	2021-01-23T000000Z_N0000007_G1_EN91fh_FRQ_WWV10.csv.gz	N0000007	G1	EN91fh	WWV10	2021-01-23T00:00:00Z	683993	4dc6aab58f1023fea2cf8168d0ac0fad	https://zenodo.org/api/records/6590283/files/2021-01-23T000000Z_N0000007_G1_EN91fh_FRQ_WWV10.csv.gz/content	keep
172	2021-01-24T000000Z_N0000007_G1_EN91fh_FRQ_WWV10.csv.gz	N0000007	G1	EN91fh	WWV10	2021-01-24T00:00:00Z	712369	a864808ec8a434563f4692b8da234d90	https://zenodo.org/api/records/6590283/files/2021-01-24T000000Z_N0000007_G1_EN91fh_FRQ_WWV10.csv.gz/content	keep
173	2021-01-25T000000Z_N0000007_G1_EN91fh_FRQ_WWV10.csv.gz	N0000007	G1	EN91fh	WWV10	2021-01-25T00:00:00Z	693262	9b8a7aca134ede9f03ed70b79968bd6c	https://zenodo.org/api/records/6590283/files/2021-01-25T000000Z_N0000007_G1_EN91fh_FRQ_WWV10.csv.gz/content	keep
174	2021-01-26T000000Z_N0000007_G1_EN91fh_FRQ_WWV10.csv.gz	N0000007	G1	EN91fh	WWV10	2021-01-26T00:00:00Z	741693	a409e3bfd0a010c2d6f7dbc7721fbc5a	https://zenodo.org/api/records/6590283/files/2021-01-26T000000Z_N0000007_G1_EN91fh_FRQ_WWV10.csv.gz/content	keep
175	2021-01-27T000000Z_N0000007_G1_EN91fh_FRQ_WWV10.csv.gz	N0000007	G1	EN91fh	WWV10	2021-01-27T00:00:00Z	680859	4715606a9900ece4b82a9c3e49e7a62b	https://zenodo.org/api/records/6590283/files/2021-01-27T000000Z_N0000007_G1_EN91fh_FRQ_WWV10.csv.gz/content	keep
176	2021-01-28T000000Z_N0000007_G1_EN91fh_FRQ_WWV10.csv.gz	N0000007	G1	EN91fh	WWV10	2021-01-28T00:00:00Z	692997	bda61e15abbba52834849f755596d234	https://zenodo.org/api/records/6590283/files/2021-01-28T000000Z_N0000007_G1_EN91fh_FRQ_WWV10.csv.gz/content	keep
177	2021-01-29T000000Z_N0000007_G1_EN91fh_FRQ_WWV10.csv.gz	N0000007	G1	EN91fh	WWV10	2021-01-29T00:00:00Z	685631	47ce1254ec55b24876afaa054e3a3541	https://zenodo.org/api/records/6590283/files/2021-01-29T000000Z_N0000007_G1_EN91fh_FRQ_WWV10.csv.gz/content	keep
178	2021-01-30T000000Z_N0000007_G1_EN91fh_FRQ_WWV10.csv.gz	N0000007	G1	EN91fh	WWV10	2021-01-30T00:00:00Z	662316	48886cd3301400588f761d7d11e9e4ca	https://zenodo.org/api/records/6590283/files/2021-01-30T000000Z_N0000007_G1_EN91fh_FRQ_WWV10.csv.gz/content	keep
179	2021-01-31T000001Z_N0000007_G1_EN91fh_FRQ_WWV10.csv.gz	N0000007	G1	EN91fh	WWV10	2021-01-31T00:00:01Z	675001	6739876a3eb7b5d9db04c3088b95bb09	https://zenodo.org/api/records/6590283/files/2021-01-31T000001Z_N0000007_G1_EN91fh_FRQ_WWV10.csv.gz/content	keep
180	2021-02-01T000000Z_N0000007_G1_EN91fh_FRQ_WWV10.csv.gz	N0000007	G1	EN91fh	WWV10	2021-02-01T00:00:00Z	663661	3fefacb3879866b9fa1092f4024a5f2d	https://zenodo.org/api/records/6590283/files/2021-02-01T000000Z_N0000007_G1_EN91fh_FRQ_WWV10.csv.gz/content	keep
181	2021-02-02T000000Z_N0000007_G1_EN91fh_FRQ_WWV10.csv.gz	N0000007	G1	EN91fh	WWV10	2021-02-02T00:00:00Z	694621	7408d70b1c2deec5c3a402e0bbb02081	https://zenodo.org/api/records/6590283/files/2021-02-02T000000Z_N0000007_G1_EN91fh_FRQ_WWV10.csv.gz/content	keep
182	2021-02-03T002605Z_N0000007_G1_EN91fh_FRQ_WWV10.csv.gz	N0000007	G1	EN91fh	WWV10	2021-02-03T00:26:05Z	669975	a04b69c3ef2e0b5c9fb05c9cac6b03d1	https://zenodo.org/api/records/6590283/files/2021-02-03T002605Z_N0000007_G1_EN91fh_FRQ_WWV10.csv.gz/content	keep
183	2021-02-04T000000Z_N0000007_G1_EN91fh_FRQ_WWV10.csv.gz	N0000007	G1	EN91fh	WWV10	2021-02-04T00:00:00Z	662236	977be418453ba541e5be6dc02b9c2248	https://zenodo.org/api/records/6590283/files/2021-02-04T000000Z_N0000007_G1_EN91fh_FRQ_WWV10.csv.gz/content	keep
184	2021-02-05T000000Z_N0000007_G1_EN91fh_FRQ_WWV10.csv.gz	N0000007	G1	EN91fh	WWV10	2021-02-05T00:00:00Z	646993	3861565d5de5ce73ff0ae862b6c1b917	https://zenodo.org/api/records/6590283/files/2021-02-05T000000Z_N0000007_G1_EN91fh_FRQ_WWV10.csv.gz/content	keep
185	2021-02-06T000000Z_N0000007_G1_EN91fh_FRQ_WWV10.csv.gz	N0000007	G1	EN91fh	WWV10	2021-02-06T00:00:00Z	689713	e63f37f09029d920a88e9c0cffff4485	https://zenodo.org/api/records/6590283/files/2021-02-06T000000Z_N0000007_G1_EN91fh_FRQ_WWV10.csv.gz/content	keep
186	2021-02-07T000000Z_N0000007_G1_EN91fh_FRQ_WWV10.csv.gz	N0000007	G1	EN91fh	WWV10	2021-02-07T00:00:00Z	695673	02b978566b494f18bb0a65fe5dfdacfa	https://zenodo.org/api/records/6590283/files/2021-02-07T000000Z_N0000007_G1_EN91fh_FRQ_WWV10.csv.gz/content	keep
187	2021-02-08T000000Z_N0000007_G1_EN91fh_FRQ_WWV10.csv.gz	N0000007	G1	EN91fh	WWV10	2021-02-08T00:00:00Z	679890	26faaca9c510b44cf3adfd8d4b0cfc10	https://zenodo.org/api/records/6590283/files/2021-02-08T000000Z_N0000007_G1_EN91fh_FRQ_WWV10.csv.gz/content	keep
188	2021-02-09T000000Z_N0000007_G1_EN91fh_FRQ_WWV10.csv.gz	N0000007	G1	EN91fh	WWV10	2021-02-09T00:00:00Z	662888	28b7e52bc0c09ab43da2efa286f7c40a	https://zenodo.org/api/records/6590283/files/2021-02-09T000000Z_N0000007_G1_EN91fh_FRQ_WWV10.csv.gz/content	keep
189	2021-02-10T000000Z_N0000007_G1_EN91fh_FRQ_WWV10.csv.gz	N0000007	G1	EN91fh	WWV10	2021-02-10T00:00:00Z	678148	763936cc28191f7d0339066749b9ea69	https://zenodo.org/api/records/6590283/files/2021-02-10T000000Z_N0000007_G1_EN91fh_FRQ_WWV10.csv.gz/content	keep
190	2021-02-11T000000Z_N0000007_G1_EN91fh_FRQ_WWV10.csv.gz	N0000007	G1	EN91fh	WWV10	2021-02-11T00:00:00Z	674676	07df806cdc9c3190dfb8f852ce4a33d1	https://zenodo.org/api/records/6590283/files/2021-02-11T000000Z_N0000007_G1_EN91fh_FRQ_WWV10.csv.gz/content	keep
191	2021-02-12T000000Z_N0000007_G1_EN91fh_FRQ_WWV10.csv.gz	N0000007	G1	EN91fh	WWV10	2021-02-12T00:00:00Z	688440	acf85cabd0f8d6507fc40ea5cf85b3ed	https://zenodo.org/api/records/6590283/files/2021-02-12T000000Z_N0000007_G1_EN91fh_FRQ_WWV10.csv.gz/content	keep
192	2021-02-13T000000Z_N0000007_G1_EN91fh_FRQ_WWV10.csv.gz	N0000007	G1	EN91fh	WWV10	2021-02-13T00:00:00Z	686408	43ea92571b2921a335abb545c5f0850a	https://zenodo.org/api/records/6590283/files/2021-02-13T000000Z_N0000007_G1_EN91fh_FRQ_WWV10.csv.gz/content	keep
193	2021-02-14T000000Z_N0000007_G1_EN91fh_FRQ_WWV10.csv.gz	N0000007	G1	EN91fh	WWV10	2021-02-14T00:00:00Z	717438	01b5d3646cf8a256805b0251967a2f39	https://zenodo.org/api/records/6590283/files/2021-02-14T000000Z_N0000007_G1_EN91fh_FRQ_WWV10.csv.gz/content	keep
194	2021-02-15T000000Z_N0000007_G1_EN91fh_FRQ_WWV10.csv.gz	N0000007	G1	EN91fh	WWV10	2021-02-15T00:00:00Z	700666	e985cd33c71d96998aa7618651b97f7d	https://zenodo.org/api/records/6590283/files/2021-02-15T000000Z_N0000007_G1_EN91fh_FRQ_WWV10.csv.gz/content	keep
195	2021-02-16T000000Z_N0000007_G1_EN91fh_FRQ_WWV10.csv.gz	N0000007	G1	EN91fh	WWV10	2021-02-16T00:00:00Z	698111	95e0b117b8818845edb2346ce32d2dd0	https://zenodo.org/api/records/6590283/files/2021-02-16T000000Z_N0000007_G1_EN91fh_FRQ_WWV10.csv.gz/content	keep
196	2021-02-17T000000Z_N0000007_G1_EN91fh_FRQ_WWV10.csv.gz	N0000007	G1	EN91fh	WWV10	2021-02-17T00:00:00Z	683419	67207ce91c4b9cf0e8f833cc7f224d5b	https://zenodo.org/api/records/6590283/files/2021-02-17T000000Z_N0000007_G1_EN91fh_FRQ_WWV10.csv.gz/content	keep
197	2021-02-18T000000Z_N0000007_G1_EN91fh_FRQ_WWV10.csv.gz	N0000007	G1	EN91fh	WWV10	2021-02-18T00:00:00Z	698177	afd05c4edd8f0568e58625ac5734d65c	https://zenodo.org/api/records/6590283/files/2021-02-18T000000Z_N0000007_G1_EN91fh_FRQ_WWV10.csv.gz/content	keep
198	2021-02-19T000000Z_N0000007_G1_EN91fh_FRQ_WWV10.csv.gz	N0000007	G1	EN91fh	WWV10	2021-02-19T00:00:00Z	692715	40d5f0d42a73fb35ec26c17754dd0704	https://zenodo.org/api/records/6590283/files/2021-02-19T000000Z_N0000007_G1_EN91fh_FRQ_WWV10.csv.gz/content	keep
199	2021-02-20T000000Z_N0000007_G1_EN91fh_FRQ_WWV10.csv.gz	N0000007	G1	EN91fh	WWV10	2021-02-20T00:00:00Z	707558	0f37e152f9c8d59814c5d52bba83b754	https://zenodo.org/api/records/6590283/files/2021-02-20T000000Z_N0000007_G1_EN91fh_FRQ_WWV10.csv.gz/content	keep
200	2021-02-21T000000Z_N0000007_G1_EN91fh_FRQ_WWV10.csv.gz	N0000007	G1	EN91fh	WWV10	2021-02-21T00:00:00Z	701441	c573b2b2454360fa2ecea85fbbe6b8d1	https://zenodo.org/api/records/6590283/files/2021-02-21T000000Z_N0000007_G1_EN91fh_FRQ_WWV10.csv.gz/content	keep
201	2021-02-22T000000Z_N0000007_G1_EN91fh_FRQ_WWV10.csv.gz	N0000007	G1	EN91fh	WWV10	2021-02-22T00:00:00Z	678409	a73ef8745c209a2df5e5a03a28a1f117	https://zenodo.org/api/records/6590283/files/2021-02-22T000000Z_N0000007_G1_EN91fh_FRQ_WWV10.csv.gz/content	keep
202	2021-02-23T000000Z_N0000007_G1_EN91fh_FRQ_WWV10.csv.gz	N0000007	G1	EN91fh	WWV10	2021-02-23T00:00:00Z	665417	e2f4ba8204b5899edc21a4155f14c15c	https://zenodo.org/api/records/6590283/files/2021-02-23T000000Z_N0000007_G1_EN91fh_FRQ_WWV10.csv.gz/content	keep
203	2021-02-24T000000Z_N0000007_G1_EN91fh_FRQ_WWV10.csv.gz	N0000007	G1	EN91fh	WWV10	2021-02-24T00:00:00Z	648319	f312f09da6933498f74e04670d335f1f	https://zenodo.org/api/records/6590283/files/2021-02-24T000000Z_N0000007_G1_EN91fh_FRQ_WWV10.csv.gz/content	keep
204	2021-02-25T000000Z_N0000007_G1_EN91fh_FRQ_WWV10.csv.gz	N0000007	G1	EN91fh	WWV10	2021-02-25T00:00:00Z	662610	758aecd1dffae19b9817f6965a4b0147	https://zenodo.org/api/records/6590283/files/2021-02-25T000000Z_N0000007_G1_EN91fh_FRQ_WWV10.csv.gz/content	keep
205	2021-02-26T000000Z_N0000007_G1_EN91fh_FRQ_WWV10.csv.gz	N0000007	G1	EN91fh	WWV10	2021-02-26T00:00:00Z	662359	d7147c863393c7f0410327d62b80345a	https://zenodo.org/api/records/6590283/files/2021-02-26T000000Z_N0000007_G1_EN91fh_FRQ_WWV10.csv.gz/content	keep
206	2021-02-27T000000Z_N0000007_G1_EN91fh_FRQ_WWV10.csv.gz	N0000007	G1	EN91fh	WWV10	2021-02-27T00:00:00Z	660081	b06bb2feebf616247c71b1f1ff744043	https://zenodo.org/api/records/6590283/files/2021-02-27T000000Z_N0000007_G1_EN91fh_FRQ_WWV10.csv.gz/content	keep
207	2021-02-28T000000Z_N0000007_G1_EN91fh_FRQ_WWV10.csv.gz	N0000007	G1	EN91fh	WWV10	2021-02-28T00:00:00Z	668849	9634ebecb1837be888315674a0e61963	https://zenodo.org/api/records/6590283/files/2021-02-28T000000Z_N0000007_G1_EN91fh_FRQ_WWV10.csv.gz/content	keep
208	2021-03-01T000000Z_N0000007_G1_EN91fh_FRQ_WWV10.csv.gz	N0000007	G1	EN91fh	WWV10	2021-03-01T00:00:00Z	673756	e62986756d398695d3fc195783b485c0	https://zenodo.org/api/records/6590283/files/2021-03-01T000000Z_N0000007_G1_EN91fh_FRQ_WWV10.csv.gz/content	keep
209	2021-03-02T000000Z_N0000007_G1_EN91fh_FRQ_WWV10.csv.gz	N0000007	G1	EN91fh	WWV10	2021-03-02T00:00:00Z	678313	460ba48d57e1a419c7328e51c91cb386	https://zenodo.org/api/records/6590283/files/2021-03-02T000000Z_N0000007_G1_EN91fh_FRQ_WWV10.csv.gz/content	keep
210	2021-03-03T002805Z_N0000007_G1_EN91fh_FRQ_WWV10.csv.gz	N0000007	G1	EN91fh	WWV10	2021-03-03T00:28:05Z	672453	9f2898e5d278adcd7066607c1053c6e6	https://zenodo.org/api/records/6590283/files/2021-03-03T002805Z_N0000007_G1_EN91fh_FRQ_WWV10.csv.gz/content	keep
211	2021-03-04T000000Z_N0000007_G1_EN91fh_FRQ_WWV10.csv.gz	N0000007	G1	EN91fh	WWV10	2021-03-04T00:00:00Z	666315	e847b113fc9088f1824c1a3ff5b4918c	https://zenodo.org/api/records/6590283/files/2021-03-04T000000Z_N0000007_G1_EN91fh_FRQ_WWV10.csv.gz/content	keep
212	2021-03-05T000000Z_N0000007_G1_EN91fh_FRQ_WWV10.csv.gz	N0000007	G1	EN91fh	WWV10	2021-03-05T00:00:00Z	652548	cf4829b99a35dd30acbff8cf5dc42bf2	https://zenodo.org/api/records/6590283/files/2021-03-05T000000Z_N0000007_G1_EN91fh_FRQ_WWV10.csv.gz/content	keep
213	2021-03-06T000000Z_N0000007_G1_EN91fh_FRQ_WWV10.csv.gz	N0000007	G1	EN91fh	WWV10	2021-03-06T00:00:00Z	663427	a5959950aee20df8d5a61b7120e0fa91	https://zenodo.org/api/records/6590283/files/2021-03-06T000000Z_N0000007_G1_EN91fh_FRQ_WWV10.csv.gz/content	keep
214	2021-03-07T000000Z_N0000007_G1_EN91fh_FRQ_WWV10.csv.gz	N0000007	G1	EN91fh	WWV10	2021-03-07T00:00:00Z	653265	3c3f3e254d2990f9da330fee659a4463	https://zenodo.org/api/records/6590283/files/2021-03-07T000000Z_N0000007_G1_EN91fh_FRQ_WWV10.csv.gz/content	keep
215	2021-03-08T000000Z_N0000007_G1_EN91fh_FRQ_WWV10.csv.gz	N0000007	G1	EN91fh	WWV10	2021-03-08T00:00:00Z	672570	8eec9c0ce2fac711eadf328209470812	https://zenodo.org/api/records/6590283/files/2021-03-08T000000Z_N0000007_G1_EN91fh_FRQ_WWV10.csv.gz/content	keep
216	2021-03-09T000001Z_N0000007_G1_EN91fh_FRQ_WWV10.csv.gz	N0000007	G1	EN91fh	WWV10	2021-03-09T00:00:01Z	686122	dd8471733e4defea25642fda87b1ecdf	https://zenodo.org/api/records/6590283/files/2021-03-09T000001Z_N0000007_G1_EN91fh_FRQ_WWV10.csv.gz/content	keep
217	2021-03-10T000000Z_N0000007_G1_EN91fh_FRQ_WWV10.csv.gz	N0000007	G1	EN91fh	WWV10	2021-03-10T00:00:00Z	676142	1e2a4c9fc62b61af9fb43bb723d14888	https://zenodo.org/api/records/6590283/files/2021-03-10T000000Z_N0000007_G1_EN91fh_FRQ_WWV10.csv.gz/content	keep
218	2021-03-11T000000Z_N0000007_G1_EN91fh_FRQ_WWV10.csv.gz	N0000007	G1	EN91fh	WWV10	2021-03-11T00:00:00Z	663781	2c5b15c7c1a6a5f3f206dff681ea8278	https://zenodo.org/api/records/6590283/files/2021-03-11T000000Z_N0000007_G1_EN91fh_FRQ_WWV10.csv.gz/content	keep
219	2021-03-12T000000Z_N0000007_G1_EN91fh_FRQ_WWV10.csv.gz	N0000007	G1	EN91fh	WWV10	2021-03-12T00:00:00Z	674824	45227d17a5e66b43b19be563322202c6	https://zenodo.org/api/records/6590283/files/2021-03-12T000000Z_N0000007_G1_EN91fh_FRQ_WWV10.csv.gz/content	keep
220	2021-03-13T000000Z_N0000007_G1_EN91fh_FRQ_WWV10.csv.gz	N0000007	G1	EN91fh	WWV10	2021-03-13T00:00:00Z	684105	91d191d3b1162ff78f0dfd83c0499951	https://zenodo.org/api/records/6590283/files/2021-03-13T000000Z_N0000007_G1_EN91fh_FRQ_WWV10.csv.gz/content	keep
221	2021-03-14T000000Z_N0000007_G1_EN91fh_FRQ_WWV10.csv.gz	N0000007	G1	EN91fh	WWV10	2021-03-14T00:00:00Z	691465	ea13cbcbfc0289f3b1f2e220a2b00840	https://zenodo.org/api/records/6590283/files/2021-03-14T000000Z_N0000007_G1_EN91fh_FRQ_WWV10.csv.gz/content	keep
222	2021-03-15T000000Z_N0000007_G1_EN91fh_FRQ_WWV10.csv.gz	N0000007	G1	EN91fh	WWV10	2021-03-15T00:00:00Z	680318	6c629e37a66912d0414d81900b6a9db8	https://zenodo.org/api/records/6590283/files/2021-03-15T000000Z_N0000007_G1_EN91fh_FRQ_WWV10.csv.gz/content	keep
223	2021-03-16T000000Z_N0000007_G1_EN91fh_FRQ_WWV10.csv.gz	N0000007	G1	EN91fh	WWV10	2021-03-16T00:00:00Z	684435	35489d198cc857fc340717be0aea1e00	https://zenodo.org/api/records/6590283/files/2021-03-16T000000Z_N0000007_G1_EN91fh_FRQ_WWV10.csv.gz/content	keep
224	2021-03-17T000001Z_N0000007_G1_EN91fh_FRQ_WWV10.csv.gz	N0000007	G1	EN91fh	WWV10	2021-03-17T00:00:01Z	687021	e5e30691bc287d841512eeef652c2d93	https://zenodo.org/api/records/6590283/files/2021-03-17T000001Z_N0000007_G1_EN91fh_FRQ_WWV10.csv.gz/content	keep
225	2021-03-18T000000Z_N0000007_G1_EN91fh_FRQ_WWV10.csv.gz	N0000007	G1	EN91fh	WWV10	2021-03-18T00:00:00Z	695889	4c74b91210ce0e5438e07b2f82593fe8	https://zenodo.org/api/records/6590283/files/2021-03-18T000000Z_N0000007_G1_EN91fh_FRQ_WWV10.csv.gz/content	keep
226	2021-03-19T000000Z_N0000007_G1_EN91fh_FRQ_WWV10.csv.gz	N0000007	G1	EN91fh	WWV10	2021-03-19T00:00:00Z	693893	f42e0c03293bddcf1dd49ca54d1cdf58	https://zenodo.org/api/records/6590283/files/2021-03-19T000000Z_N0000007_G1_EN91fh_FRQ_WWV10.csv.gz/content	keep
227	2021-03-20T000000Z_N0000007_G1_EN91fh_FRQ_WWV10.csv.gz	N0000007	G1	EN91fh	WWV10	2021-03-20T00:00:00Z	677972	19ac60577533f715f0220103e077b7b0	https://zenodo.org/api/records/6590283/files/2021-03-20T000000Z_N0000007_G1_EN91fh_FRQ_WWV10.csv.gz/content	keep
228	2021-03-21T000000Z_N0000007_G1_EN91fh_FRQ_WWV10.csv.gz	N0000007	G1	EN91fh	WWV10	2021-03-21T00:00:00Z	663139	4c14cf243134dcb1a9e62a6550080102	https://zenodo.org/api/records/6590283/files/2021-03-21T000000Z_N0000007_G1_EN91fh_FRQ_WWV10.csv.gz/content	keep
229	2021-03-22T000000Z_N0000007_G1_EN91fh_FRQ_WWV10.csv.gz	N0000007	G1	EN91fh	WWV10	2021-03-22T00:00:00Z	673078	62f2f010b2cb4bc3eaf7367b3699fec6	https://zenodo.org/api/records/6590283/files/2021-03-22T000000Z_N0000007_G1_EN91fh_FRQ_WWV10.csv.gz/content	keep
230	2021-03-23T000000Z_N0000007_G1_EN91fh_FRQ_WWV10.csv.gz	N0000007	G1	EN91fh	WWV10	2021-03-23T00:00:00Z	694595	9cf1109210faf531ed2e605ee4d977e1	https://zenodo.org/api/records/6590283/files/2021-03-23T000000Z_N0000007_G1_EN91fh_FRQ_WWV10.csv.gz/content	keep
231	2021-03-24T000000Z_N0000007_G1_EN91fh_FRQ_WWV10.csv.gz	N0000007	G1	EN91fh	WWV10	2021-03-24T00:00:00Z	687433	c5fcf32e09c643dc9bee074b6b75c656	https://zenodo.org/api/records/6590283/files/2021-03-24T000000Z_N0000007_G1_EN91fh_FRQ_WWV10.csv.gz/content	keep
232	2021-03-25T000000Z_N0000007_G1_EN91fh_FRQ_WWV10.csv.gz	N0000007	G1	EN91fh	WWV10	2021-03-25T00:00:00Z	687521	f3d20e0bb704be797d8c878c9ae8e8e4	https://zenodo.org/api/records/6590283/files/2021-03-25T000000Z_N0000007_G1_EN91fh_FRQ_WWV10.csv.gz/content	keep
233	2021-03-26T000000Z_N0000007_G1_EN91fh_FRQ_WWV10.csv.gz	N0000007	G1	EN91fh	WWV10	2021-03-26T00:00:00Z	663188	757e5ccda003a16a9f76bcd212d49e96	https://zenodo.org/api/records/6590283/files/2021-03-26T000000Z_N0000007_G1_EN91fh_FRQ_WWV10.csv.gz/content	keep
234	2021-03-27T000000Z_N0000007_G1_EN91fh_FRQ_WWV10.csv.gz	N0000007	G1	EN91fh	WWV10	2021-03-27T00:00:00Z	674197	b4f79222364ebdb15779011da30a1562	https://zenodo.org/api/records/6590283/files/2021-03-27T000000Z_N0000007_G1_EN91fh_FRQ_WWV10.csv.gz/content	keep
235	2021-03-28T000000Z_N0000007_G1_EN91fh_FRQ_WWV10.csv.gz	N0000007	G1	EN91fh	WWV10	2021-03-28T00:00:00Z	678018	6044fedc20835b1affe55680caedb352	https://zenodo.org/api/records/6590283/files/2021-03-28T000000Z_N0000007_G1_EN91fh_FRQ_WWV10.csv.gz/content	keep
236	2021-03-29T000000Z_N0000007_G1_EN91fh_FRQ_WWV10.csv.gz	N0000007	G1	EN91fh	WWV10	2021-03-29T00:00:00Z	681786	2920932d5e1011e555ef4633414f671c	https://zenodo.org/api/records/6590283/files/2021-03-29T000000Z_N0000007_G1_EN91fh_FRQ_WWV10.csv.gz/content	keep
237	2021-03-30T000000Z_N0000007_G1_EN91fh_FRQ_WWV10.csv.gz	N0000007	G1	EN91fh	WWV10	2021-03-30T00:00:00Z	684633	ad5948dd0e19a833ae6cea860244f0eb	https://zenodo.org/api/records/6590283/files/2021-03-30T000000Z_N0000007_G1_EN91fh_FRQ_WWV10.csv.gz/content	keep
238	2021-03-31T000000Z_N0000007_G1_EN91fh_FRQ_WWV10.csv.gz	N0000007	G1	EN91fh	WWV10	2021-03-31T00:00:00Z	692501	8f826ddd72e1b7dbca3d02433129c10d	https://zenodo.org/api/records/6590283/files/2021-03-31T000000Z_N0000007_G1_EN91fh_FRQ_WWV10.csv.gz/content	keep
239	2021-04-01T000000Z_N0000007_G1_EN91fh_FRQ_WWV10.csv.gz	N0000007	G1	EN91fh	WWV10	2021-04-01T00:00:00Z	683490	8561b7c8046547e26e19d355cc9ba476	https://zenodo.org/api/records/6590283/files/2021-04-01T000000Z_N0000007_G1_EN91fh_FRQ_WWV10.csv.gz/content	keep
240	2021-04-02T000000Z_N0000007_G1_EN91fh_FRQ_WWV10.csv.gz	N0000007	G1	EN91fh	WWV10	2021-04-02T00:00:00Z	682410	8dc6fd99681918b1fa12b90bb1c77a41	https://zenodo.org/api/records/6590283/files/2021-04-02T000000Z_N0000007_G1_EN91fh_FRQ_WWV10.csv.gz/content	keep
241	2021-04-03T000000Z_N0000007_G1_EN91fh_FRQ_WWV10.csv.gz	N0000007	G1	EN91fh	WWV10	2021-04-03T00:00:00Z	676021	e990cc21b4b0e8f82ec7f66d8c3f2fdb	https://zenodo.org/api/records/6590283/files/2021-04-03T000000Z_N0000007_G1_EN91fh_FRQ_WWV10.csv.gz/content	keep
242	2021-04-04T000000Z_N0000007_G1_EN91fh_FRQ_WWV10.csv.gz	N0000007	G1	EN91fh	WWV10	2021-04-04T00:00:00Z	687731	81c0f3fda8342f09f7b01615a3cb9232	https://zenodo.org/api/records/6590283/files/2021-04-04T000000Z_N0000007_G1_EN91fh_FRQ_WWV10.csv.gz/content	keep
243	2021-04-05T000000Z_N0000007_G1_EN91fh_FRQ_WWV10.csv.gz	N0000007	G1	EN91fh	WWV10	2021-04-05T00:00:00Z	683578	f19fa4abf7980ecda1dd91c5d4f8fec4	https://zenodo.org/api/records/6590283/files/2021-04-05T000000Z_N0000007_G1_EN91fh_FRQ_WWV10.csv.gz/content	keep
244	2021-04-06T000000Z_N0000007_G1_EN91fh_FRQ_WWV10.csv.gz	N0000007	G1	EN91fh	WWV10	2021-04-06T00:00:00Z	688960	a1a84cc14cc1c3ee487c06ee8ee435ab	https://zenodo.org/api/records/6590283/files/2021-04-06T000000Z_N0000007_G1_EN91fh_FRQ_WWV10.csv.gz/content	keep
245	2021-04-07T000000Z_N0000007_G1_EN91fh_FRQ_WWV10.csv.gz	N0000007	G1	EN91fh	WWV10	2021-04-07T00:00:00Z	691261	bfd4102091c3cc6689b24e61714af58b	https://zenodo.org/api/records/6590283/files/2021-04-07T000000Z_N0000007_G1_EN91fh_FRQ_WWV10.csv.gz/content	keep
246	2021-04-08T000000Z_N0000007_G1_EN91fh_FRQ_WWV10.csv.gz	N0000007	G1	EN91fh	WWV10	2021-04-08T00:00:00Z	682488	bd77afaf9a8117493c5cf12ac64a4ff8	https://zenodo.org/api/records/6590283/files/2021-04-08T000000Z_N0000007_G1_EN91fh_FRQ_WWV10.csv.gz/content	keep
247	2021-04-09T000000Z_N0000007_G1_EN91fh_FRQ_WWV10.csv.gz	N0000007	G1	EN91fh	WWV10	2021-04-09T00:00:00Z	685013	977702b4d7878ffa94d293dcb9f13f33	https://zenodo.org/api/records/6590283/files/2021-04-09T000000Z_N0000007_G1_EN91fh_FRQ_WWV10.csv.gz/content	keep
248	2021-04-10T000000Z_N0000007_G1_EN91fh_FRQ_WWV10.csv.gz	N0000007	G1	EN91fh	WWV10	2021-04-10T00:00:00Z	692512	a55134af73491a21de6e7259674c63f9	https://zenodo.org/api/records/6590283/files/2021-04-10T000000Z_N0000007_G1_EN91fh_FRQ_WWV10.csv.gz/content	keep
249	2021-04-11T000000Z_N0000007_G1_EN91fh_FRQ_WWV10.csv.gz	N0000007	G1	EN91fh	WWV10	2021-04-11T00:00:00Z	689698	2f809a0af7718de2c947e4320f41245c	https://zenodo.org/api/records/6590283/files/2021-04-11T000000Z_N0000007_G1_EN91fh_FRQ_WWV10.csv.gz/content	keep
250	2021-04-12T000000Z_N0000007_G1_EN91fh_FRQ_WWV10.csv.gz	N0000007	G1	EN91fh	WWV10	2021-04-12T00:00:00Z	692615	d13da434f0f5ee02ee7be8cd7fdb01fe	https://zenodo.org/api/records/6590283/files/2021-04-12T000000Z_N0000007_G1_EN91fh_FRQ_WWV10.csv.gz/content	keep
251	2021-04-13T000000Z_N0000007_G1_EN91fh_FRQ_WWV10.csv.gz	N0000007	G1	EN91fh	WWV10	2021-04-13T00:00:00Z	686275	38b08345a53f45bf5ebf880b17ce5078	https://zenodo.org/api/records/6590283/files/2021-04-13T000000Z_N0000007_G1_EN91fh_FRQ_WWV10.csv.gz/content	keep
252	2021-04-14T000000Z_N0000007_G1_EN91fh_FRQ_WWV10.csv.gz	N0000007	G1	EN91fh	WWV10	2021-04-14T00:00:00Z	682013	6d3c9ddfb6c917ceb000f9799163aa06	https://zenodo.org/api/records/6590283/files/2021-04-14T000000Z_N0000007_G1_EN91fh_FRQ_WWV10.csv.gz/content	keep
253	2021-04-15T000000Z_N0000007_G1_EN91fh_FRQ_WWV10.csv.gz	N0000007	G1	EN91fh	WWV10	2021-04-15T00:00:00Z	685113	da18c227c4b7fbf3e59504bf2ecfb284	https://zenodo.org/api/records/6590283/files/2021-04-15T000000Z_N0000007_G1_EN91fh_FRQ_WWV10.csv.gz/content	keep
254	2021-04-16T000000Z_N0000007_G1_EN91fh_FRQ_WWV10.csv.gz	N0000007	G1	EN91fh	WWV10	2021-04-16T00:00:00Z	685186	61b86d596a4f680afac110b444eb8e25	https://zenodo.org/api/records/6590283/files/2021-04-16T000000Z_N0000007_G1_EN91fh_FRQ_WWV10.csv.gz/content	keep
255	2021-04-17T000000Z_N0000007_G1_EN91fh_FRQ_WWV10.csv.gz	N0000007	G1	EN91fh	WWV10	2021-04-17T00:00:00Z	678686	0b6aeaa9b8ac42be35deaf7b5e1c220f	https://zenodo.org/api/records/6590283/files/2021-04-17T000000Z_N0000007_G1_EN91fh_FRQ_WWV10.csv.gz/content	keep
256	2021-04-18T000000Z_N0000007_G1_EN91fh_FRQ_WWV10.csv.gz	N0000007	G1	EN91fh	WWV10	2021-04-18T00:00:00Z	679466	57d04e0c9cb16025b50a17e35a8b39d9	https://zenodo.org/api/records/6590283/files/2021-04-18T000000Z_N0000007_G1_EN91fh_FRQ_WWV10.csv.gz/content	keep
257	2021-04-19T000000Z_N0000007_G1_EN91fh_FRQ_WWV10.csv.gz	N0000007	G1	EN91fh	WWV10	2021-04-19T00:00:00Z	680813	cb068dec4328a0ed1421d89c0e85210b	https://zenodo.org/api/records/6590283/files/2021-04-19T000000Z_N0000007_G1_EN91fh_FRQ_WWV10.csv.gz/content	keep
258	2021-04-20T000000Z_N0000007_G1_EN91fh_FRQ_WWV10.csv.gz	N0000007	G1	EN91fh	WWV10	2021-04-20T00:00:00Z	689713	1c7deee2c7b4f875d12c47ac1f1a8141	https://zenodo.org/api/records/6590283/files/2021-04-20T000000Z_N0000007_G1_EN91fh_FRQ_WWV10.csv.gz/content	keep
259	2021-04-21T000000Z_N0000007_G1_EN91fh_FRQ_WWV10.csv.gz	N0000007	G1	EN91fh	WWV10	2021-04-21T00:00:00Z	684949	f0bda5fff907644bd3f9478bbed822ad	https://zenodo.org/api/records/6590283/files/2021-04-21T000000Z_N0000007_G1_EN91fh_FRQ_WWV10.csv.gz/content	keep
260	2021-04-22T000000Z_N0000007_G1_EN91fh_FRQ_WWV10.csv.gz	N0000007	G1	EN91fh	WWV10	2021-04-22T00:00:00Z	687906	5e83049b79b112d091d7aa1315f67402	https://zenodo.org/api/records/6590283/files/2021-04-22T000000Z_N0000007_G1_EN91fh_FRQ_WWV10.csv.gz/content	keep
261	2021-04-23T000000Z_N0000007_G1_EN91fh_FRQ_WWV10.csv.gz	N0000007	G1	EN91fh	WWV10	2021-04-23T00:00:00Z	688812	973dd9a0a599a1f5488d8fa25888ba98	https://zenodo.org/api/records/6590283/files/2021-04-23T000000Z_N0000007_G1_EN91fh_FRQ_WWV10.csv.gz/content	keep
262	2021-04-24T000000Z_N0000007_G1_EN91fh_FRQ_WWV10.csv.gz	N0000007	G1	EN91fh	WWV10	2021-04-24T00:00:00Z	681645	09a8b3f1ba56a8c005c1d7ae139c91a5	https://zenodo.org/api/records/6590283/files/2021-04-24T000000Z_N0000007_G1_EN91fh_FRQ_WWV10.csv.gz/content	keep
263	2021-04-25T000000Z_N0000007_G1_EN91fh_FRQ_WWV10.csv.gz	N0000007	G1	EN91fh	WWV10	2021-04-25T00:00:00Z	684801	8ae9594083cb40c5dcbf4acccbf4263b	https://zenodo.org/api/records/6590283/files/2021-04-25T000000Z_N0000007_G1_EN91fh_FRQ_WWV10.csv.gz/content	keep
264	2021-04-26T000000Z_N0000007_G1_EN91fh_FRQ_WWV10.csv.gz	N0000007	G1	EN91fh	WWV10	2021-04-26T00:00:00Z	681230	ca6800106d1a14909197b4e22526c331	https://zenodo.org/api/records/6590283/files/2021-04-26T000000Z_N0000007_G1_EN91fh_FRQ_WWV10.csv.gz/content	keep
265	2021-04-27T000000Z_N0000007_G1_EN91fh_FRQ_WWV10.csv.gz	N0000007	G1	EN91fh	WWV10	2021-04-27T00:00:00Z	681061	48491a9a4e6d9f560b98d0bbb6f50f17	https://zenodo.org/api/records/6590283/files/2021-04-27T000000Z_N0000007_G1_EN91fh_FRQ_WWV10.csv.gz/content	keep
266	2021-04-28T000001Z_N0000007_G1_EN91fh_FRQ_WWV10.csv.gz	N0000007	G1	EN91fh	WWV10	2021-04-28T00:00:01Z	684027	f5b0ad4d12fa5059447bb186e07a14b4	https://zenodo.org/api/records/6590283/files/2021-04-28T000001Z_N0000007_G1_EN91fh_FRQ_WWV10.csv.gz/content	keep
267	2021-04-29T000000Z_N0000007_G1_EN91fh_FRQ_WWV10.csv.gz	N0000007	G1	EN91fh	WWV10	2021-04-29T00:00:00Z	686094	58708a0f0503cd9a0b10ff744420efbd	https://zenodo.org/api/records/6590283/files/2021-04-29T000000Z_N0000007_G1_EN91fh_FRQ_WWV10.csv.gz/content	keep
268	2021-04-30T000000Z_N0000007_G1_EN91fh_FRQ_WWV10.csv.gz	N0000007	G1	EN91fh	WWV10	2021-04-30T00:00:00Z	695017	dfd5abc5ac576464b9f14df7b52f5c66	https://zenodo.org/api/records/6590283/files/2021-04-30T000000Z_N0000007_G1_EN91fh_FRQ_WWV10.csv.gz/content	keep
269	2021-05-01T000000Z_N0000007_G1_EN91fh_FRQ_WWV10.csv.gz	N0000007	G1	EN91fh	WWV10	2021-05-01T00:00:00Z	692706	3b4d4d7961de00ba272d76b156b7a316	https://zenodo.org/api/records/6590283/files/2021-05-01T000000Z_N0000007_G1_EN91fh_FRQ_WWV10.csv.gz/content	keep
270	2021-05-02T000000Z_N0000007_G1_EN91fh_FRQ_WWV10.csv.gz	N0000007	G1	EN91fh	WWV10	2021-05-02T00:00:00Z	700523	49dd936fbd6d32823e993fbf4119adbf	https://zenodo.org/api/records/6590283/files/2021-05-02T000000Z_N0000007_G1_EN91fh_FRQ_WWV10.csv.gz/content	keep
271	2021-05-03T000000Z_N0000007_G1_EN91fh_FRQ_WWV10.csv.gz	N0000007	G1	EN91fh	WWV10	2021-05-03T00:00:00Z	686587	aa37abff62eb07b2059a04283df7c205	https://zenodo.org/api/records/6590283/files/2021-05-03T000000Z_N0000007_G1_EN91fh_FRQ_WWV10.csv.gz/content	keep
272	2021-05-04T000001Z_N0000007_G1_EN91fh_FRQ_WWV10.csv.gz	N0000007	G1	EN91fh	WWV10	2021-05-04T00:00:01Z	700497	62eaf26cb9a99e23100182c28ce9d1b7	https://zenodo.org/api/records/6590283/files/2021-05-04T000001Z_N0000007_G1_EN91fh_FRQ_WWV10.csv.gz/content	keep
273	2021-05-05T000000Z_N0000007_G1_EN91fh_FRQ_WWV10.csv.gz	N0000007	G1	EN91fh	WWV10	2021-05-05T00:00:00Z	693903	f609e97aa55ed65187bf415d0442663f	https://zenodo.org/api/records/6590283/files/2021-05-05T000000Z_N0000007_G1_EN91fh_FRQ_WWV10.csv.gz/content	keep
274	2021-05-06T000000Z_N0000007_G1_EN91fh_FRQ_WWV10.csv.gz	N0000007	G1	EN91fh	WWV10	2021-05-06T00:00:00Z	698004	161758a0d3eff23b5bf19112c53ef11b	https://zenodo.org/api/records/6590283/files/2021-05-06T000000Z_N0000007_G1_EN91fh_FRQ_WWV10.csv.gz/content	keep
275	2021-05-07T000000Z_N0000007_G1_EN91fh_FRQ_WWV10.csv.gz	N0000007	G1	EN91fh	WWV10	2021-05-07T00:00:00Z	695818	c7bf8612d02fb95cd464baa07872fa69	https://zenodo.org/api/records/6590283/files/2021-05-07T000000Z_N0000007_G1_EN91fh_FRQ_WWV10.csv.gz/content	keep
276	2021-05-08T000000Z_N0000007_G1_EN91fh_FRQ_WWV10.csv.gz	N0000007	G1	EN91fh	WWV10	2021-05-08T00:00:00Z	704678	ddacbdd9c48028b8d06f4b21a64c012a	https://zenodo.org/api/records/6590283/files/2021-05-08T000000Z_N0000007_G1_EN91fh_FRQ_WWV10.csv.gz/content	keep
277	2021-05-09T000000Z_N0000007_G1_EN91fh_FRQ_WWV10.csv.gz	N0000007	G1	EN91fh	WWV10	2021-05-09T00:00:00Z	702086	2498cd7ae9ae6902982b7c653dcf6aeb	https://zenodo.org/api/records/6590283/files/2021-05-09T000000Z_N0000007_G1_EN91fh_FRQ_WWV10.csv.gz/content	keep
278	2021-05-10T000000Z_N0000007_G1_EN91fh_FRQ_WWV10.csv.gz	N0000007	G1	EN91fh	WWV10	2021-05-10T00:00:00Z	704163	92eec3bdf44e193bc8a765a791daf3f9	https://zenodo.org/api/records/6590283/files/2021-05-10T000000Z_N0000007_G1_EN91fh_FRQ_WWV10.csv.gz/content	keep
279	2021-05-11T000000Z_N0000007_G1_EN91fh_FRQ_WWV10.csv.gz	N0000007	G1	EN91fh	WWV10	2021-05-11T00:00:00Z	706703	95b3a1f3969dcc432317d1288a653ee0	https://zenodo.org/api/records/6590283/files/2021-05-11T000000Z_N0000007_G1_EN91fh_FRQ_WWV10.csv.gz/content	keep
280	2021-05-12T000000Z_N0000007_G1_EN91fh_FRQ_WWV10.csv.gz	N0000007	G1	EN91fh	WWV10	2021-05-12T00:00:00Z	692495	d900760d25af309aa72551f50ffa7c4a	https://zenodo.org/api/records/6590283/files/2021-05-12T000000Z_N0000007_G1_EN91fh_FRQ_WWV10.csv.gz/content	keep
281	2021-05-13T000000Z_N0000007_G1_EN91fh_FRQ_WWV10.csv.gz	N0000007	G1	EN91fh	WWV10	2021-05-13T00:00:00Z	688425	6f3e70a1b06405466c9dbe328c2f41b1	https://zenodo.org/api/records/6590283/files/2021-05-13T000000Z_N0000007_G1_EN91fh_FRQ_WWV10.csv.gz/content	keep
282	2021-05-14T000000Z_N0000007_G1_EN91fh_FRQ_WWV10.csv.gz	N0000007	G1	EN91fh	WWV10	2021-05-14T00:00:00Z	688076	0df72bb626dd6a43b376de68ca06cced	https://zenodo.org/api/records/6590283/files/2021-05-14T000000Z_N0000007_G1_EN91fh_FRQ_WWV10.csv.gz/content	keep
283	2021-05-15T000000Z_N0000007_G1_EN91fh_FRQ_WWV10.csv.gz	N0000007	G1	EN91fh	WWV10	2021-05-15T00:00:00Z	691525	61d1a79546fa7e994c9587ea3250c2f3	https://zenodo.org/api/records/6590283/files/2021-05-15T000000Z_N0000007_G1_EN91fh_FRQ_WWV10.csv.gz/content	keep
284	2021-01-01T200517Z_N0000014_G1_FN21ei_FRQ_WWV10.csv.gz	N0000014	G1	FN21ei	WWV10	2021-01-01T20:05:17Z	92558	b953c2ac380080fe2b9a6628cdf7ebe6	https://zenodo.org/api/records/6590283/files/2021-01-01T200517Z_N0000014_G1_FN21ei_FRQ_WWV10.csv.gz/content	keep
285	2021-01-02T000000Z_N0000014_G1_FN21ei_FRQ_WWV10.csv.gz	N0000014	G1	FN21ei	WWV10	2021-01-02T00:00:00Z	675496	e72fc421f7a883448a96e217d043cea6	https://zenodo.org/api/records/6590283/files/2021-01-02T000000Z_N0000014_G1_FN21ei_FRQ_WWV10.csv.gz/content	keep
286	2021-01-03T000000Z_N0000014_G1_FN21ei_FRQ_WWV10.csv.gz	N0000014	G1	FN21ei	WWV10	2021-01-03T00:00:00Z	686789	9943cc5facba40d047fd1fce873b878b	https://zenodo.org/api/records/6590283/files/2021-01-03T000000Z_N0000014_G1_FN21ei_FRQ_WWV10.csv.gz/content	keep
287	2021-01-04T000000Z_N0000014_G1_FN21ei_FRQ_WWV10.csv.gz	N0000014	G1	FN21ei	WWV10	2021-01-04T00:00:00Z	669538	8ecb0a96a951e026455c9306fc694932	https://zenodo.org/api/records/6590283/files/2021-01-04T000000Z_N0000014_G1_FN21ei_FRQ_WWV10.csv.gz/content	keep
288	2021-01-05T000000Z_N0000014_G1_FN21ei_FRQ_WWV10.csv.gz	N0000014	G1	FN21ei	WWV10	2021-01-05T00:00:00Z	677417	d0db6f88e4fdc6cf570fad59e91fe991	https://zenodo.org/api/records/6590283/files/2021-01-05T000000Z_N0000014_G1_FN21ei_FRQ_WWV10.csv.gz/content	keep
289	2021-01-06T000000Z_N0000014_G1_FN21ei_FRQ_WWV10.csv.gz	N0000014	G1	FN21ei	WWV10	2021-01-06T00:00:00Z	688017	4db13dcc5efb77c0e7213a7684ca78df	https://zenodo.org/api/records/6590283/files/2021-01-06T000000Z_N0000014_G1_FN21ei_FRQ_WWV10.csv.gz/content	keep
290	2021-01-07T000000Z_N0000014_G1_FN21ei_FRQ_WWV10.csv.gz	N0000014	G1	FN21ei	WWV10	2021-01-07T00:00:00Z	66192	9f9c44e09122c2fed3411c5c1126b135	https://zenodo.org/api/records/6590283/files/2021-01-07T000000Z_N0000014_G1_FN21ei_FRQ_WWV10.csv.gz/content	keep
291	2021-01-08T115949Z_N0000014_G1_FN21ei_FRQ_WWV10.csv.gz	N0000014	G1	FN21ei	WWV10	2021-01-08T11:59:49Z	345122	41c035f69fef074c0f16800a993d6ca4	https://zenodo.org/api/records/6590283/files/2021-01-08T115949Z_N0000014_G1_FN21ei_FRQ_WWV10.csv.gz/content	keep
292	2021-01-09T000000Z_N0000014_G1_FN21ei_FRQ_WWV10.csv.gz	N0000014	G1	FN21ei	WWV10	2021-01-09T00:00:00Z	687747	5110bc2ea032b4f517fd5341cf93498a	https://zenodo.org/api/records/6590283/files/2021-01-09T000000Z_N0000014_G1_FN21ei_FRQ_WWV10.csv.gz/content	keep
293	2021-01-10T000000Z_N0000014_G1_FN21ei_FRQ_WWV10.csv.gz	N0000014	G1	FN21ei	WWV10	2021-01-10T00:00:00Z	687664	e71dd444cd8a35d8fe870bf6c99a6656	https://zenodo.org/api/records/6590283/files/2021-01-10T000000Z_N0000014_G1_FN21ei_FRQ_WWV10.csv.gz/content	keep
294	2021-01-11T000000Z_N0000014_G1_FN21ei_FRQ_WWV10.csv.gz	N0000014	G1	FN21ei	WWV10	2021-01-11T00:00:00Z	694176	43c544a858e82e659a5e4d26a17e0b07	https://zenodo.org/api/records/6590283/files/2021-01-11T000000Z_N0000014_G1_FN21ei_FRQ_WWV10.csv.gz/content	keep
295	2021-01-12T000000Z_N0000014_G1_FN21ei_FRQ_WWV10.csv.gz	N0000014	G1	FN21ei	WWV10	2021-01-12T00:00:00Z	699163	8bb7233bd19de2917a016fbea6508804	https://zenodo.org/api/records/6590283/files/2021-01-12T000000Z_N0000014_G1_FN21ei_FRQ_WWV10.csv.gz/content	keep
296	2021-01-13T000000Z_N0000014_G1_FN21ei_FRQ_WWV10.csv.gz	N0000014	G1	FN21ei	WWV10	2021-01-13T00:00:00Z	668040	3899a681fd51a949732651ef21957530	https://zenodo.org/api/records/6590283/files/2021-01-13T000000Z_N0000014_G1_FN21ei_FRQ_WWV10.csv.gz/content	keep
297	2021-01-14T000000Z_N0000014_G1_FN21ei_FRQ_WWV10.csv.gz	N0000014	G1	FN21ei	WWV10	2021-01-14T00:00:00Z	676107	a3ea505ef594334ef195880fa0491de4	https://zenodo.org/api/records/6590283/files/2021-01-14T000000Z_N0000014_G1_FN21ei_FRQ_WWV10.csv.gz/content	keep
298	2021-01-15T000000Z_N0000014_G1_FN21ei_FRQ_WWV10.csv.gz	N0000014	G1	FN21ei	WWV10	2021-01-15T00:00:00Z	662826	f5e6664c0a29c697f6b03e598047813a	https://zenodo.org/api/records/6590283/files/2021-01-15T000000Z_N0000014_G1_FN21ei_FRQ_WWV10.csv.gz/content	keep
299	2021-01-16T000000Z_N0000014_G1_FN21ei_FRQ_WWV10.csv.gz	N0000014	G1	FN21ei	WWV10	2021-01-16T00:00:00Z	669999	e5db60cb13baf29f49d23942c1f644a6	https://zenodo.org/api/records/6590283/files/2021-01-16T000000Z_N0000014_G1_FN21ei_FRQ_WWV10.csv.gz/content	keep
300	2021-01-17T000000Z_N0000014_G1_FN21ei_FRQ_WWV10.csv.gz	N0000014	G1	FN21ei	WWV10	2021-01-17T00:00:00Z	669545	38847e473e8c70e0879e9f52456a78ee	https://zenodo.org/api/records/6590283/files/2021-01-17T000000Z_N0000014_G1_FN21ei_FRQ_WWV10.csv.gz/content	keep
301	2021-01-18T000000Z_N0000014_G1_FN21ei_FRQ_WWV10.csv.gz	N0000014	G1	FN21ei	WWV10	2021-01-18T00:00:00Z	656065	be32832044870669fd05862eba77fa15	https://zenodo.org/api/records/6590283/files/2021-01-18T000000Z_N0000014_G1_FN21ei_FRQ_WWV10.csv.gz/content	keep
302	2021-01-19T000000Z_N0000014_G1_FN21ei_FRQ_WWV10.csv.gz	N0000014	G1	FN21ei	WWV10	2021-01-19T00:00:00Z	656131	61ce98ebc8efc06d7ade4b1468627b00	https://zenodo.org/api/records/6590283/files/2021-01-19T000000Z_N0000014_G1_FN21ei_FRQ_WWV10.csv.gz/content	keep
303	2021-01-20T000000Z_N0000014_G1_FN21ei_FRQ_WWV10.csv.gz	N0000014	G1	FN21ei	WWV10	2021-01-20T00:00:00Z	688037	5351d4ae9874634c7b314965effe91fb	https://zenodo.org/api/records/6590283/files/2021-01-20T000000Z_N0000014_G1_FN21ei_FRQ_WWV10.csv.gz/content	keep
304	2021-01-21T000001Z_N0000014_G1_FN21ei_FRQ_WWV10.csv.gz	N0000014	G1	FN21ei	WWV10	2021-01-21T00:00:01Z	679514	bcf3173062b1977583f5401cbd97ab80	https://zenodo.org/api/records/6590283/files/2021-01-21T000001Z_N0000014_G1_FN21ei_FRQ_WWV10.csv.gz/content	keep
305	2021-01-22T000000Z_N0000014_G1_FN21ei_FRQ_WWV10.csv.gz	N0000014	G1	FN21ei	WWV10	2021-01-22T00:00:00Z	684199	c08f0355f13241ba1df1884ecc564c4e	https://zenodo.org/api/records/6590283/files/2021-01-22T000000Z_N0000014_G1_FN21ei_FRQ_WWV10.csv.gz/content	keep
306	2021-01-23T000000Z_N0000014_G1_FN21ei_FRQ_WWV10.csv.gz	N0000014	G1	FN21ei	WWV10	2021-01-23T00:00:00Z	680762	48eb96d177927af9dd831de9adcf4007	https://zenodo.org/api/records/6590283/files/2021-01-23T000000Z_N0000014_G1_FN21ei_FRQ_WWV10.csv.gz/content	keep
307	2021-01-24T000000Z_N0000014_G1_FN21ei_FRQ_WWV10.csv.gz	N0000014	G1	FN21ei	WWV10	2021-01-24T00:00:00Z	687099	db71c71b3f29213a5bc8d6077b86a2e9	https://zenodo.org/api/records/6590283/files/2021-01-24T000000Z_N0000014_G1_FN21ei_FRQ_WWV10.csv.gz/content	keep
308	2021-01-25T000000Z_N0000014_G1_FN21ei_FRQ_WWV10.csv.gz	N0000014	G1	FN21ei	WWV10	2021-01-25T00:00:00Z	692894	be26a0fdc32fd936fef3a9b61ec300c4	https://zenodo.org/api/records/6590283/files/2021-01-25T000000Z_N0000014_G1_FN21ei_FRQ_WWV10.csv.gz/content	keep
309	2021-01-26T000000Z_N0000014_G1_FN21ei_FRQ_WWV10.csv.gz	N0000014	G1	FN21ei	WWV10	2021-01-26T00:00:00Z	698393	924c90e741660dd9506e8460d7586554	https://zenodo.org/api/records/6590283/files/2021-01-26T000000Z_N0000014_G1_FN21ei_FRQ_WWV10.csv.gz/content	keep
310	2021-01-27T000000Z_N0000014_G1_FN21ei_FRQ_WWV10.csv.gz	N0000014	G1	FN21ei	WWV10	2021-01-27T00:00:00Z	677411	ba12b91b1ed824ac5aa09abef3cf262a	https://zenodo.org/api/records/6590283/files/2021-01-27T000000Z_N0000014_G1_FN21ei_FRQ_WWV10.csv.gz/content	keep
311	2021-01-28T000000Z_N0000014_G1_FN21ei_FRQ_WWV10.csv.gz	N0000014	G1	FN21ei	WWV10	2021-01-28T00:00:00Z	680124	b92e2a4dce06f30a0e1c6a7499f6eb19	https://zenodo.org/api/records/6590283/files/2021-01-28T000000Z_N0000014_G1_FN21ei_FRQ_WWV10.csv.gz/content	keep
312	2021-01-29T000000Z_N0000014_G1_FN21ei_FRQ_WWV10.csv.gz	N0000014	G1	FN21ei	WWV10	2021-01-29T00:00:00Z	647462	47c3044c70d62969fa27eb19c8890f18	https://zenodo.org/api/records/6590283/files/2021-01-29T000000Z_N0000014_G1_FN21ei_FRQ_WWV10.csv.gz/content	keep
313	2021-01-30T000000Z_N0000014_G1_FN21ei_FRQ_WWV10.csv.gz	N0000014	G1	FN21ei	WWV10	2021-01-30T00:00:00Z	652317	6e78a2c22841c58595b80e18fb94930e	https://zenodo.org/api/records/6590283/files/2021-01-30T000000Z_N0000014_G1_FN21ei_FRQ_WWV10.csv.gz/content	keep
314	2021-01-31T000000Z_N0000014_G1_FN21ei_FRQ_WWV10.csv.gz	N0000014	G1	FN21ei	WWV10	2021-01-31T00:00:00Z	639331	30f9e39e7f709bdd5e4244a4912a5b55	https://zenodo.org/api/records/6590283/files/2021-01-31T000000Z_N0000014_G1_FN21ei_FRQ_WWV10.csv.gz/content	keep
315	2021-02-01T000000Z_N0000014_G1_FN21ei_FRQ_WWV10.csv.gz	N0000014	G1	FN21ei	WWV10	2021-02-01T00:00:00Z	642305	591999cc0284bd7f044346672bac95d0	https://zenodo.org/api/records/6590283/files/2021-02-01T000000Z_N0000014_G1_FN21ei_FRQ_WWV10.csv.gz/content	keep
316	2021-02-02T000000Z_N0000014_G1_FN21ei_FRQ_WWV10.csv.gz	N0000014	G1	FN21ei	WWV10	2021-02-02T00:00:00Z	685735	ddafcbc88083d0395fd00075acd1d5b7	https://zenodo.org/api/records/6590283/files/2021-02-02T000000Z_N0000014_G1_FN21ei_FRQ_WWV10.csv.gz/content	keep
317	2021-02-03T000000Z_N0000014_G1_FN21ei_FRQ_WWV10.csv.gz	N0000014	G1	FN21ei	WWV10	2021-02-03T00:00:00Z	679416	e4aa51d9a14486a2fb26981c53b1c9f5	https://zenodo.org/api/records/6590283/files/2021-02-03T000000Z_N0000014_G1_FN21ei_FRQ_WWV10.csv.gz/content	keep
318	2021-02-04T000000Z_N0000014_G1_FN21ei_FRQ_WWV10.csv.gz	N0000014	G1	FN21ei	WWV10	2021-02-04T00:00:00Z	652216	62614c7fc5b507da1686e820ab7ec175	https://zenodo.org/api/records/6590283/files/2021-02-04T000000Z_N0000014_G1_FN21ei_FRQ_WWV10.csv.gz/content	keep
319	2021-02-05T000000Z_N0000014_G1_FN21ei_FRQ_WWV10.csv.gz	N0000014	G1	FN21ei	WWV10	2021-02-05T00:00:00Z	657680	25b72dd8a94337d9b1ceb1a6cc6c5c44	https://zenodo.org/api/records/6590283/files/2021-02-05T000000Z_N0000014_G1_FN21ei_FRQ_WWV10.csv.gz/content	keep
320	2021-02-06T000000Z_N0000014_G1_FN21ei_FRQ_WWV10.csv.gz	N0000014	G1	FN21ei	WWV10	2021-02-06T00:00:00Z	668261	474d487630dc2630c4084a2375ba26d3	https://zenodo.org/api/records/6590283/files/2021-02-06T000000Z_N0000014_G1_FN21ei_FRQ_WWV10.csv.gz/content	keep
321	2021-02-07T000000Z_N0000014_G1_FN21ei_FRQ_WWV10.csv.gz	N0000014	G1	FN21ei	WWV10	2021-02-07T00:00:00Z	641386	b56fd5b085d417bc1fcead56e4845f4b	https://zenodo.org/api/records/6590283/files/2021-02-07T000000Z_N0000014_G1_FN21ei_FRQ_WWV10.csv.gz/content	keep
322	2021-02-08T000000Z_N0000014_G1_FN21ei_FRQ_WWV10.csv.gz	N0000014	G1	FN21ei	WWV10	2021-02-08T00:00:00Z	633771	f28642b74cb3fbf3ed24c1ae4a49ba35	https://zenodo.org/api/records/6590283/files/2021-02-08T000000Z_N0000014_G1_FN21ei_FRQ_WWV10.csv.gz/content	keep
323	2021-02-09T000000Z_N0000014_G1_FN21ei_FRQ_WWV10.csv.gz	N0000014	G1	FN21ei	WWV10	2021-02-09T00:00:00Z	632234	3ce79cb3a6532bdf43b2a566cbf176d4	https://zenodo.org/api/records/6590283/files/2021-02-09T000000Z_N0000014_G1_FN21ei_FRQ_WWV10.csv.gz/content	keep
324	2021-02-10T000000Z_N0000014_G1_FN21ei_FRQ_WWV10.csv.gz	N0000014	G1	FN21ei	WWV10	2021-02-10T00:00:00Z	649384	70a11180373385c18627a6751c8b0a81	https://zenodo.org/api/records/6590283/files/2021-02-10T000000Z_N0000014_G1_FN21ei_FRQ_WWV10.csv.gz/content	keep
325	2021-02-11T000000Z_N0000014_G1_FN21ei_FRQ_WWV10.csv.gz	N0000014	G1	FN21ei	WWV10	2021-02-11T00:00:00Z	648259	40ebe0beefc5fdfd8e350cb65834de66	https://zenodo.org/api/records/6590283/files/2021-02-11T000000Z_N0000014_G1_FN21ei_FRQ_WWV10.csv.gz/content	keep
326	2021-02-12T000000Z_N0000014_G1_FN21ei_FRQ_WWV10.csv.gz	N0000014	G1	FN21ei	WWV10	2021-02-12T00:00:00Z	667833	94dc02de677c073e84adc67d948c383e	https://zenodo.org/api/records/6590283/files/2021-02-12T000000Z_N0000014_G1_FN21ei_FRQ_WWV10.csv.gz/content	keep
327	2021-02-13T000000Z_N0000014_G1_FN21ei_FRQ_WWV10.csv.gz	N0000014	G1	FN21ei	WWV10	2021-02-13T00:00:00Z	657912	76c343774c6fa517cb02f7ddd43d8cc1	https://zenodo.org/api/records/6590283/files/2021-02-13T000000Z_N0000014_G1_FN21ei_FRQ_WWV10.csv.gz/content	keep
328	2021-02-14T000000Z_N0000014_G1_FN21ei_FRQ_WWV10.csv.gz	N0000014	G1	FN21ei	WWV10	2021-02-14T00:00:00Z	694833	ca5f3f9690f522e77b87db0be0029b12	https://zenodo.org/api/records/6590283/files/2021-02-14T000000Z_N0000014_G1_FN21ei_FRQ_WWV10.csv.gz/content	keep
329	2021-02-15T000000Z_N0000014_G1_FN21ei_FRQ_WWV10.csv.gz	N0000014	G1	FN21ei	WWV10	2021-02-15T00:00:00Z	656076	f2ad5785fdadbfe526f96fe537ca0083	https://zenodo.org/api/records/6590283/files/2021-02-15T000000Z_N0000014_G1_FN21ei_FRQ_WWV10.csv.gz/content	exclude:time_order
330	2021-02-16T000000Z_N0000014_G1_FN21ei_FRQ_WWV10.csv.gz	N0000014	G1	FN21ei	WWV10	2021-02-16T00:00:00Z	677990	9729f0a8ee7ebec748bfa721927354fb	https://zenodo.org/api/records/6590283/files/2021-02-16T000000Z_N0000014_G1_FN21ei_FRQ_WWV10.csv.gz/content	keep
331	2021-02-17T000000Z_N0000014_G1_FN21ei_FRQ_WWV10.csv.gz	N0000014	G1	FN21ei	WWV10	2021-02-17T00:00:00Z	670929	893b37a397db4781308d3e3fbe766598	https://zenodo.org/api/records/6590283/files/2021-02-17T000000Z_N0000014_G1_FN21ei_FRQ_WWV10.csv.gz/content	keep
332	2021-02-18T000000Z_N0000014_G1_FN21ei_FRQ_WWV10.csv.gz	N0000014	G1	FN21ei	WWV10	2021-02-18T00:00:00Z	681625	21a920989546e7b03577ae78b6ebe4c8	https://zenodo.org/api/records/6590283/files/2021-02-18T000000Z_N0000014_G1_FN21ei_FRQ_WWV10.csv.gz/content	keep
333	2021-02-19T000000Z_N0000014_G1_FN21ei_FRQ_WWV10.csv.gz	N0000014	G1	FN21ei	WWV10	2021-02-19T00:00:00Z	663423	fccb021d01bb837611d23837a52a6c82	https://zenodo.org/api/records/6590283/files/2021-02-19T000000Z_N0000014_G1_FN21ei_FRQ_WWV10.csv.gz/content	keep
334	2021-02-20T000000Z_N0000014_G1_FN21ei_FRQ_WWV10.csv.gz	N0000014	G1	FN21ei	WWV10	2021-02-20T00:00:00Z	684293	863983db935c285c87fd1924ebf6e018	https://zenodo.org/api/records/6590283/files/2021-02-20T000000Z_N0000014_G1_FN21ei_FRQ_WWV10.csv.gz/content	keep
335	2021-02-21T000000Z_N0000014_G1_FN21ei_FRQ_WWV10.csv.gz	N0000014	G1	FN21ei	WWV10	2021-02-21T00:00:00Z	677526	c59db78ce121b01b7ad34bf74e560316	https://zenodo.org/api/records/6590283/files/2021-02-21T000000Z_N0000014_G1_FN21ei_FRQ_WWV10.csv.gz/content	keep
336	2021-02-22T000000Z_N0000014_G1_FN21ei_FRQ_WWV10.csv.gz	N0000014	G1	FN21ei	WWV10	2021-02-22T00:00:00Z	666221	02bdad9ba0ec218720cbc2e1d6cbcccc	https://zenodo.org/api/records/6590283/files/2021-02-22T000000Z_N0000014_G1_FN21ei_FRQ_WWV10.csv.gz/content	keep
337	2021-02-23T000000Z_N0000014_G1_FN21ei_FRQ_WWV10.csv.gz	N0000014	G1	FN21ei	WWV10	2021-02-23T00:00:00Z	660058	5e66a4455738dbeacd52a04fe85d90ed	https://zenodo.org/api/records/6590283/files/2021-02-23T000000Z_N0000014_G1_FN21ei_FRQ_WWV10.csv.gz/content	keep
338	2021-02-24T000000Z_N0000014_G1_FN21ei_FRQ_WWV10.csv.gz	N0000014	G1	FN21ei	WWV10	2021-02-24T00:00:00Z	656575	eaa45367b455707522b1e5ad9706872b	https://zenodo.org/api/records/6590283/files/2021-02-24T000000Z_N0000014_G1_FN21ei_FRQ_WWV10.csv.gz/content	keep
339	2021-02-25T000000Z_N0000014_G1_FN21ei_FRQ_WWV10.csv.gz	N0000014	G1	FN21ei	WWV10	2021-02-25T00:00:00Z	646186	3cca6720680cd2261c8f20a1e700dae5	https://zenodo.org/api/records/6590283/files/2021-02-25T000000Z_N0000014_G1_FN21ei_FRQ_WWV10.csv.gz/content	keep
340	2021-02-26T000000Z_N0000014_G1_FN21ei_FRQ_WWV10.csv.gz	N0000014	G1	FN21ei	WWV10	2021-02-26T00:00:00Z	659109	85615fdcf81927c552b1bcddbb93645d	https://zenodo.org/api/records/6590283/files/2021-02-26T000000Z_N0000014_G1_FN21ei_FRQ_WWV10.csv.gz/content	keep
341	2021-02-27T000000Z_N0000014_G1_FN21ei_FRQ_WWV10.csv.gz	N0000014	G1	FN21ei	WWV10	2021-02-27T00:00:00Z	656654	5918240596dc4dd2546c3cd3ac1ec1a8	https://zenodo.org/api/records/6590283/files/2021-02-27T000000Z_N0000014_G1_FN21ei_FRQ_WWV10.csv.gz/content	keep
342	2021-02-28T000000Z_N0000014_G1_FN21ei_FRQ_WWV10.csv.gz	N0000014	G1	FN21ei	WWV10	2021-02-28T00:00:00Z	662691	2de281e6673349ab4e6984db368338c2	https://zenodo.org/api/records/6590283/files/2021-02-28T000000Z_N0000014_G1_FN21ei_FRQ_WWV10.csv.gz/content	keep
343	2021-03-01T000000Z_N0000014_G1_FN21ei_FRQ_WWV10.csv.gz	N0000014	G1	FN21ei	WWV10	2021-03-01T00:00:00Z	662097	5deab7f60b057aa0b42c5f261fa32538	https://zenodo.org/api/records/6590283/files/2021-03-01T000000Z_N0000014_G1_FN21ei_FRQ_WWV10.csv.gz/content	keep
344	2021-03-02T000000Z_N0000014_G1_FN21ei_FRQ_WWV10.csv.gz	N0000014	G1	FN21ei	WWV10	2021-03-02T00:00:00Z	669627	07ceecee21e3a39f0939ee62fb55b5df	https://zenodo.org/api/records/6590283/files/2021-03-02T000000Z_N0000014_G1_FN21ei_FRQ_WWV10.csv.gz/content	keep
345	2021-03-03T000000Z_N0000014_G1_FN21ei_FRQ_WWV10.csv.gz	N0000014	G1	FN21ei	WWV10	2021-03-03T00:00:00Z	658347	d2751e264bfd3cf3c00f421f7ed64e17	https://zenodo.org/api/records/6590283/files/2021-03-03T000000Z_N0000014_G1_FN21ei_FRQ_WWV10.csv.gz/content	keep
346	2021-03-05T000000Z_N0000014_G1_FN21ei_FRQ_WWV10.csv.gz	N0000014	G1	FN21ei	WWV10	2021-03-05T00:00:00Z	669523	dacdfb285063703756d4f6e3234ad9b5	https://zenodo.org/api/records/6590283/files/2021-03-05T000000Z_N0000014_G1_FN21ei_FRQ_WWV10.csv.gz/content	keep
347	2021-03-06T000000Z_N0000014_G1_FN21ei_FRQ_WWV10.csv.gz	N0000014	G1	FN21ei	WWV10	2021-03-06T00:00:00Z	664309	156f3fb8537bebaea3c99558ea1fa3d7	https://zenodo.org/api/records/6590283/files/2021-03-06T000000Z_N0000014_G1_FN21ei_FRQ_WWV10.csv.gz/content	keep
348	2021-03-07T000000Z_N0000014_G1_FN21ei_FRQ_WWV10.csv.gz	N0000014	G1	FN21ei	WWV10	2021-03-07T00:00:00Z	668294	ea0401e54bc5645b373e56524473a809	https://zenodo.org/api/records/6590283/files/2021-03-07T000000Z_N0000014_G1_FN21ei_FRQ_WWV10.csv.gz/content	keep
349	2021-03-08T000000Z_N0000014_G1_FN21ei_FRQ_WWV10.csv.gz	N0000014	G1	FN21ei	WWV10	2021-03-08T00:00:00Z	668561	d67031c3dcd70afd35454ec1232b10b6	https://zenodo.org/api/records/6590283/files/2021-03-08T000000Z_N0000014_G1_FN21ei_FRQ_WWV10.csv.gz/content	keep
350	2021-03-09T000000Z_N0000014_G1_FN21ei_FRQ_WWV10.csv.gz	N0000014	G1	FN21ei	WWV10	2021-03-09T00:00:00Z	675211	e051930cd142b12602f1f2f1f551d534	https://zenodo.org/api/records/6590283/files/2021-03-09T000000Z_N0000014_G1_FN21ei_FRQ_WWV10.csv.gz/content	keep
351	2021-03-10T000000Z_N0000014_G1_FN21ei_FRQ_WWV10.csv.gz	N0000014	G1	FN21ei	WWV10	2021-03-10T00:00:00Z	671210	fafee2d29dc7b90848df33aa38484b44	https://zenodo.org/api/records/6590283/files/2021-03-10T000000Z_N0000014_G1_FN21ei_FRQ_WWV10.csv.gz/content	keep
352	2021-03-11T000000Z_N0000014_G1_FN21ei_FRQ_WWV10.csv.gz	N0000014	G1	FN21ei	WWV10	2021-03-11T00:00:00Z	674465	cbb33a86ca573b3378c6fea93fda877a	https://zenodo.org/api/records/6590283/files/2021-03-11T000000Z_N0000014_G1_FN21ei_FRQ_WWV10.csv.gz/content	keep
353	2021-03-12T000000Z_N0000014_G1_FN21ei_FRQ_WWV10.csv.gz	N0000014	G1	FN21ei	WWV10	2021-03-12T00:00:00Z	672106	9c0f42b041426238f5e346043874a196	https://zenodo.org/api/records/6590283/files/2021-03-12T000000Z_N0000014_G1_FN21ei_FRQ_WWV10.csv.gz/content	keep
354	2021-03-13T000000Z_N0000014_G1_FN21ei_FRQ_WWV10.csv.gz	N0000014	G1	FN21ei	WWV10	2021-03-13T00:00:00Z	673667	7a0373d247171e7dc577e88aba1c7719	https://zenodo.org/api/records/6590283/files/2021-03-13T000000Z_N0000014_G1_FN21ei_FRQ_WWV10.csv.gz/content	keep
355	2021-03-14T000000Z_N0000014_G1_FN21ei_FRQ_WWV10.csv.gz	N0000014	G1	FN21ei	WWV10	2021-03-14T00:00:00Z	675230	0687bfd2f63cd9af49f9cbc75321653b	https://zenodo.org/api/records/6590283/files/2021-03-14T000000Z_N0000014_G1_FN21ei_FRQ_WWV10.csv.gz/content	keep
356	2021-03-15T000000Z_N0000014_G1_FN21ei_FRQ_WWV10.csv.gz	N0000014	G1	FN21ei	WWV10	2021-03-15T00:00:00Z	677347	d2247804ef5f24705e6e3698a9a7dd21	https://zenodo.org/api/records/6590283/files/2021-03-15T000000Z_N0000014_G1_FN21ei_FRQ_WWV10.csv.gz/content	keep
357	2021-03-16T000000Z_N0000014_G1_FN21ei_FRQ_WWV10.csv.gz	N0000014	G1	FN21ei	WWV10	2021-03-16T00:00:00Z	680306	3e0fb22d424ca068c0060f375a5c42a5	https://zenodo.org/api/records/6590283/files/2021-03-16T000000Z_N0000014_G1_FN21ei_FRQ_WWV10.csv.gz/content	keep
358	2021-03-17T000000Z_N0000014_G1_FN21ei_FRQ_WWV10.csv.gz	N0000014	G1	FN21ei	WWV10	2021-03-17T00:00:00Z	676126	354a68d36e9bf79357dc768e35f55eeb	https://zenodo.org/api/records/6590283/files/2021-03-17T000000Z_N0000014_G1_FN21ei_FRQ_WWV10.csv.gz/content	keep
359	2021-03-18T000000Z_N0000014_G1_FN21ei_FRQ_WWV10.csv.gz	N0000014	G1	FN21ei	WWV10	2021-03-18T00:00:00Z	683922	d35135cec2923ce1d0ce4010008ad650	https://zenodo.org/api/records/6590283/files/2021-03-18T000000Z_N0000014_G1_FN21ei_FRQ_WWV10.csv.gz/content	keep
360	2021-03-19T000000Z_N0000014_G1_FN21ei_FRQ_WWV10.csv.gz	N0000014	G1	FN21ei	WWV10	2021-03-19T00:00:00Z	681226	bdb9109e402eb11c1327cfa5b5166fa0	https://zenodo.org/api/records/6590283/files/2021-03-19T000000Z_N0000014_G1_FN21ei_FRQ_WWV10.csv.gz/content	keep
361	2021-03-20T000000Z_N0000014_G1_FN21ei_FRQ_WWV10.csv.gz	N0000014	G1	FN21ei	WWV10	2021-03-20T00:00:00Z	681983	39b436423a3a0769fc53ed2b121c914a	https://zenodo.org/api/records/6590283/files/2021-03-20T000000Z_N0000014_G1_FN21ei_FRQ_WWV10.csv.gz/content	keep
362	2021-03-21T000000Z_N0000014_G1_FN21ei_FRQ_WWV10.csv.gz	N0000014	G1	FN21ei	WWV10	2021-03-21T00:00:00Z	670570	79673084573b5ba43b001ce208f26f2c	https://zenodo.org/api/records/6590283/files/2021-03-21T000000Z_N0000014_G1_FN21ei_FRQ_WWV10.csv.gz/content	keep
363	2021-03-22T000000Z_N0000014_G1_FN21ei_FRQ_WWV10.csv.gz	N0000014	G1	FN21ei	WWV10	2021-03-22T00:00:00Z	678326	9cf9da9dba1ad6a74c0adbaecf02127e	https://zenodo.org/api/records/6590283/files/2021-03-22T000000Z_N0000014_G1_FN21ei_FRQ_WWV10.csv.gz/content	keep
364	2021-03-23T000000Z_N0000014_G1_FN21ei_FRQ_WWV10.csv.gz	N0000014	G1	FN21ei	WWV10	2021-03-23T00:00:00Z	687158	a061114a7f2b2073f966eda5d87709fb	https://zenodo.org/api/records/6590283/files/2021-03-23T000000Z_N0000014_G1_FN21ei_FRQ_WWV10.csv.gz/content	keep
365	2021-03-24T000000Z_N0000014_G1_FN21ei_FRQ_WWV10.csv.gz	N0000014	G1	FN21ei	WWV10	2021-03-24T00:00:00Z	679914	0127cea997aa5606ea117c563af3d8f9	https://zenodo.org/api/records/6590283/files/2021-03-24T000000Z_N0000014_G1_FN21ei_FRQ_WWV10.csv.gz/content	keep
366	2021-03-25T000000Z_N0000014_G1_FN21ei_FRQ_WWV10.csv.gz	N0000014	G1	FN21ei	WWV10	2021-03-25T00:00:00Z	682107	4dd45b7a4ebdd38625b51599144f9e19	https://zenodo.org/api/records/6590283/files/2021-03-25T000000Z_N0000014_G1_FN21ei_FRQ_WWV10.csv.gz/content	keep
367	2021-03-26T000000Z_N0000014_G1_FN21ei_FRQ_WWV10.csv.gz	N0000014	G1	FN21ei	WWV10	2021-03-26T00:00:00Z	637841	7663b8ef2d38588764e8554c10a86dc2	https://zenodo.org/api/records/6590283/files/2021-03-26T000000Z_N0000014_G1_FN21ei_FRQ_WWV10.csv.gz/content	keep
368	2021-03-27T000000Z_N0000014_G1_FN21ei_FRQ_WWV10.csv.gz	N0000014	G1	FN21ei	WWV10	2021-03-27T00:00:00Z	506351	6bff81d1d57cbd83e7fc948b1e06035b	https://zenodo.org/api/records/6590283/files/2021-03-27T000000Z_N0000014_G1_FN21ei_FRQ_WWV10.csv.gz/content	keep
369	2021-03-28T035538Z_N0000014_G1_FN21ei_FRQ_WWV10.csv.gz	N0000014	G1	FN21ei	WWV10	2021-03-28T03:55:38Z	563717	95b4d02133f8ecd2b8c83a2ed7b89be5	https://zenodo.org/api/records/6590283/files/2021-03-28T035538Z_N0000014_G1_FN21ei_FRQ_WWV10.csv.gz/content	keep
370	2021-03-29T000000Z_N0000014_G1_FN21ei_FRQ_WWV10.csv.gz	N0000014	G1	FN21ei	WWV10	2021-03-29T00:00:00Z	676981	80fc8179a41dc54ba55688139f5d69b9	https://zenodo.org/api/records/6590283/files/2021-03-29T000000Z_N0000014_G1_FN21ei_FRQ_WWV10.csv.gz/content	exclude:time_order
371	2021-03-30T000000Z_N0000014_G1_FN21ei_FRQ_WWV10.csv.gz	N0000014	G1	FN21ei	WWV10	2021-03-30T00:00:00Z	689136	edd5facc87b828bf281a7a1cec4d0af6	https://zenodo.org/api/records/6590283/files/2021-03-30T000000Z_N0000014_G1_FN21ei_FRQ_WWV10.csv.gz/content	keep
372	2021-03-31T000000Z_N0000014_G1_FN21ei_FRQ_WWV10.csv.gz	N0000014	G1	FN21ei	WWV10	2021-03-31T00:00:00Z	688933	0b219fffe7cda115b444d9dcb438e9c0	https://zenodo.org/api/records/6590283/files/2021-03-31T000000Z_N0000014_G1_FN21ei_FRQ_WWV10.csv.gz/content	keep
373	2021-04-01T000000Z_N0000014_G1_FN21ei_FRQ_WWV10.csv.gz	N0000014	G1	FN21ei	WWV10	2021-04-01T00:00:00Z	689799	9c635b57d4e6881435f7d503f9a287a3	https://zenodo.org/api/records/6590283/files/2021-04-01T000000Z_N0000014_G1_FN21ei_FRQ_WWV10.csv.gz/content	keep
374	2021-04-02T000000Z_N0000014_G1_FN21ei_FRQ_WWV10.csv.gz	N0000014	G1	FN21ei	WWV10	2021-04-02T00:00:00Z	690720	c0ac54867cb7b4e77f2ec491e700a856	https://zenodo.org/api/records/6590283/files/2021-04-02T000000Z_N0000014_G1_FN21ei_FRQ_WWV10.csv.gz/content	keep
375	2021-04-03T000000Z_N0000014_G1_FN21ei_FRQ_WWV10.csv.gz	N0000014	G1	FN21ei	WWV10	2021-04-03T00:00:00Z	682405	43337180976352b88a571b5be9d719a8	https://zenodo.org/api/records/6590283/files/2021-04-03T000000Z_N0000014_G1_FN21ei_FRQ_WWV10.csv.gz/content	keep
376	2021-04-04T000000Z_N0000014_G1_FN21ei_FRQ_WWV10.csv.gz	N0000014	G1	FN21ei	WWV10	2021-04-04T00:00:00Z	688073	fa8bef14f7a2925bfb4ca73b4adfced2	https://zenodo.org/api/records/6590283/files/2021-04-04T000000Z_N0000014_G1_FN21ei_FRQ_WWV10.csv.gz/content	keep
377	2021-04-05T000000Z_N0000014_G1_FN21ei_FRQ_WWV10.csv.gz	N0000014	G1	FN21ei	WWV10	2021-04-05T00:00:00Z	685167	1534b3c968c68d8a7b3b44f13d83d04d	https://zenodo.org/api/records/6590283/files/2021-04-05T000000Z_N0000014_G1_FN21ei_FRQ_WWV10.csv.gz/content	keep
378	2021-04-06T000000Z_N0000014_G1_FN21ei_FRQ_WWV10.csv.gz	N0000014	G1	FN21ei	WWV10	2021-04-06T00:00:00Z	685019	6e3a4ff2f42dd06b35d048de6509e99e	https://zenodo.org/api/records/6590283/files/2021-04-06T000000Z_N0000014_G1_FN21ei_FRQ_WWV10.csv.gz/content	keep
379	2021-04-07T000000Z_N0000014_G1_FN21ei_FRQ_WWV10.csv.gz	N0000014	G1	FN21ei	WWV10	2021-04-07T00:00:00Z	687551	360ce151468c01f56f11d8974c892869	https://zenodo.org/api/records/6590283/files/2021-04-07T000000Z_N0000014_G1_FN21ei_FRQ_WWV10.csv.gz/content	keep
380	2021-04-08T000000Z_N0000014_G1_FN21ei_FRQ_WWV10.csv.gz	N0000014	G1	FN21ei	WWV10	2021-04-08T00:00:00Z	687893	86171e8c0d1694f1c1798d8c3e04b77f	https://zenodo.org/api/records/6590283/files/2021-04-08T000000Z_N0000014_G1_FN21ei_FRQ_WWV10.csv.gz/content	keep
381	2021-04-09T000000Z_N0000014_G1_FN21ei_FRQ_WWV10.csv.gz	N0000014	G1	FN21ei	WWV10	2021-04-09T00:00:00Z	695243	3915ce1cac5677b8c50ec30bf94e29f9	https://zenodo.org/api/records/6590283/files/2021-04-09T000000Z_N0000014_G1_FN21ei_FRQ_WWV10.csv.gz/content	keep
382	2021-04-10T000000Z_N0000014_G1_FN21ei_FRQ_WWV10.csv.gz	N0000014	G1	FN21ei	WWV10	2021-04-10T00:00:00Z	692640	3da6b2f03cf06a902dda2bf13ee00dba	https://zenodo.org/api/records/6590283/files/2021-04-10T000000Z_N0000014_G1_FN21ei_FRQ_WWV10.csv.gz/content	keep
383	2021-04-11T000000Z_N0000014_G1_FN21ei_FRQ_WWV10.csv.gz	N0000014	G1	FN21ei	WWV10	2021-04-11T00:00:00Z	690776	f3b8b8c55f8b788b22e32d92732c8206	https://zenodo.org/api/records/6590283/files/2021-04-11T000000Z_N0000014_G1_FN21ei_FRQ_WWV10.csv.gz/content	keep
384	2021-04-12T000000Z_N0000014_G1_FN21ei_FRQ_WWV10.csv.gz	N0000014	G1	FN21ei	WWV10	2021-04-12T00:00:00Z	681895	8df4bed632f7350b04e1708c38b5b3b6	https://zenodo.org/api/records/6590283/files/2021-04-12T000000Z_N0000014_G1_FN21ei_FRQ_WWV10.csv.gz/content	keep
385	2021-04-13T000000Z_N0000014_G1_FN21ei_FRQ_WWV10.csv.gz	N0000014	G1	FN21ei	WWV10	2021-04-13T00:00:00Z	671440	501111f92d716e723ad00568f944883c	https://zenodo.org/api/records/6590283/files/2021-04-13T000000Z_N0000014_G1_FN21ei_FRQ_WWV10.csv.gz/content	keep
386	2021-04-14T000000Z_N0000014_G1_FN21ei_FRQ_WWV10.csv.gz	N0000014	G1	FN21ei	WWV10	2021-04-14T00:00:00Z	678595	21df594a0258189161f7c60ea03840c9	https://zenodo.org/api/records/6590283/files/2021-04-14T000000Z_N0000014_G1_FN21ei_FRQ_WWV10.csv.gz/content	keep
387	2021-04-15T000000Z_N0000014_G1_FN21ei_FRQ_WWV10.csv.gz	N0000014	G1	FN21ei	WWV10	2021-04-15T00:00:00Z	680361	2802ceb6adccd77dcaf54dbb7eeb1bf2	https://zenodo.org/api/records/6590283/files/2021-04-15T000000Z_N0000014_G1_FN21ei_FRQ_WWV10.csv.gz/content	keep
388	2021-04-16T000000Z_N0000014_G1_FN21ei_FRQ_WWV10.csv.gz	N0000014	G1	FN21ei	WWV10	2021-04-16T00:00:00Z	685473	e03f708d5c12d306c19786c78ad8b06a	https://zenodo.org/api/records/6590283/files/2021-04-16T000000Z_N0000014_G1_FN21ei_FRQ_WWV10.csv.gz/content	keep
389	2021-04-17T000000Z_N0000014_G1_FN21ei_FRQ_WWV10.csv.gz	N0000014	G1	FN21ei	WWV10	2021-04-17T00:00:00Z	679913	ec9f7eef35371e64c9fb44b4bc6f4d4c	https://zenodo.org/api/records/6590283/files/2021-04-17T000000Z_N0000014_G1_FN21ei_FRQ_WWV10.csv.gz/content	keep
390	2021-04-18T000000Z_N0000014_G1_FN21ei_FRQ_WWV10.csv.gz	N0000014	G1	FN21ei	WWV10	2021-04-18T00:00:00Z	674917	0e5a2ef67428457ef77a6f474221cbc0	https://zenodo.org/api/records/6590283/files/2021-04-18T000000Z_N0000014_G1_FN21ei_FRQ_WWV10.csv.gz/content	keep
391	2021-04-19T000000Z_N0000014_G1_FN21ei_FRQ_WWV10.csv.gz	N0000014	G1	FN21ei	WWV10	2021-04-19T00:00:00Z	686896	d6562380a50df52a91c11e2a193f4141	https://zenodo.org/api/records/6590283/files/2021-04-19T000000Z_N0000014_G1_FN21ei_FRQ_WWV10.csv.gz/content	keep
392	2021-04-20T000000Z_N0000014_G1_FN21ei_FRQ_WWV10.csv.gz	N0000014	G1	FN21ei	WWV10	2021-04-20T00:00:00Z	688223	a65521385caa1e1a8b082691ad9f9ced	https://zenodo.org/api/records/6590283/files/2021-04-20T000000Z_N0000014_G1_FN21ei_FRQ_WWV10.csv.gz/content	keep
393	2021-04-21T000000Z_N0000014_G1_FN21ei_FRQ_WWV10.csv.gz	N0000014	G1	FN21ei	WWV10	2021-04-21T00:00:00Z	683056	3b36589c9899d70f62f1e8fb2f851a62	https://zenodo.org/api/records/6590283/files/2021-04-21T000000Z_N0000014_G1_FN21ei_FRQ_WWV10.csv.gz/content	keep
394	2021-04-22T000000Z_N0000014_G1_FN21ei_FRQ_WWV10.csv.gz	N0000014	G1	FN21ei	WWV10	2021-04-22T00:00:00Z	686274	b2c9150e97fcea204798f0544153c97e	https://zenodo.org/api/records/6590283/files/2021-04-22T000000Z_N0000014_G1_FN21ei_FRQ_WWV10.csv.gz/content	keep
395	2021-04-23T000000Z_N0000014_G1_FN21ei_FRQ_WWV10.csv.gz	N0000014	G1	FN21ei	WWV10	2021-04-23T00:00:00Z	680384	8b502dad36e7a945963aae350ebe2665	https://zenodo.org/api/records/6590283/files/2021-04-23T000000Z_N0000014_G1_FN21ei_FRQ_WWV10.csv.gz/content	keep
396	2021-04-24T000000Z_N0000014_G1_FN21ei_FRQ_WWV10.csv.gz	N0000014	G1	FN21ei	WWV10	2021-04-24T00:00:00Z	684248	10075fc92edc8c17d914e838080019c5	https://zenodo.org/api/records/6590283/files/2021-04-24T000000Z_N0000014_G1_FN21ei_FRQ_WWV10.csv.gz/content	keep
397	2021-04-25T000000Z_N0000014_G1_FN21ei_FRQ_WWV10.csv.gz	N0000014	G1	FN21ei	WWV10	2021-04-25T00:00:00Z	683345	68cb40eca1a2c63e3c25439b68763473	https://zenodo.org/api/records/6590283/files/2021-04-25T000000Z_N0000014_G1_FN21ei_FRQ_WWV10.csv.gz/content	keep
398	2021-04-26T000000Z_N0000014_G1_FN21ei_FRQ_WWV10.csv.gz	N0000014	G1	FN21ei	WWV10	2021-04-26T00:00:00Z	681422	1167e437335e8fcef11c910dd46988dd	https://zenodo.org/api/records/6590283/files/2021-04-26T000000Z_N0000014_G1_FN21ei_FRQ_WWV10.csv.gz/content	keep
399	2021-04-27T000000Z_N0000014_G1_FN21ei_FRQ_WWV10.csv.gz	N0000014	G1	FN21ei	WWV10	2021-04-27T00:00:00Z	431727	abd01f61d81dec2bf12709aab2461ae0	https://zenodo.org/api/records/6590283/files/2021-04-27T000000Z_N0000014_G1_FN21ei_FRQ_WWV10.csv.gz/content	keep
400	2021-04-28T084618Z_N0000014_G1_FN21ei_FRQ_WWV10.csv.gz	N0000014	G1	FN21ei	WWV10	2021-04-28T08:46:18Z	441152	ab3f2e50a433bb3920ef04a97f4ac2aa	https://zenodo.org/api/records/6590283/files/2021-04-28T084618Z_N0000014_G1_FN21ei_FRQ_WWV10.csv.gz/content	keep
401	2021-04-29T000000Z_N0000014_G1_FN21ei_FRQ_WWV10.csv.gz	N0000014	G1	FN21ei	WWV10	2021-04-29T00:00:00Z	700983	052f51d40cf9c8e8065fb75aeb0f0641	https://zenodo.org/api/records/6590283/files/2021-04-29T000000Z_N0000014_G1_FN21ei_FRQ_WWV10.csv.gz/content	keep
402	2021-04-30T000000Z_N0000014_G1_FN21ei_FRQ_WWV10.csv.gz	N0000014	G1	FN21ei	WWV10	2021-04-30T00:00:00Z	696689	2adff79ce4c53b7e5d2764bfdd3f374d	https://zenodo.org/api/records/6590283/files/2021-04-30T000000Z_N0000014_G1_FN21ei_FRQ_WWV10.csv.gz/content	keep
403	2021-05-01T000000Z_N0000014_G1_FN21ei_FRQ_WWV10.csv.gz	N0000014	G1	FN21ei	WWV10	2021-05-01T00:00:00Z	698565	f9924789190c141852d9bcf47dc7659a	https://zenodo.org/api/records/6590283/files/2021-05-01T000000Z_N0000014_G1_FN21ei_FRQ_WWV10.csv.gz/content	keep
404	2021-05-02T000000Z_N0000014_G1_FN21ei_FRQ_WWV10.csv.gz	N0000014	G1	FN21ei	WWV10	2021-05-02T00:00:00Z	699452	a9e4b47111ffdeba7c78368a7d7704f9	https://zenodo.org/api/records/6590283/files/2021-05-02T000000Z_N0000014_G1_FN21ei_FRQ_WWV10.csv.gz/content	keep
405	2021-05-03T000000Z_N0000014_G1_FN21ei_FRQ_WWV10.csv.gz	N0000014	G1	FN21ei	WWV10	2021-05-03T00:00:00Z	693446	bbd9529c0de1bba40b39f289c6a76ebc	https://zenodo.org/api/records/6590283/files/2021-05-03T000000Z_N0000014_G1_FN21ei_FRQ_WWV10.csv.gz/content	keep
406	2021-05-04T000000Z_N0000014_G1_FN21ei_FRQ_WWV10.csv.gz	N0000014	G1	FN21ei	WWV10	2021-05-04T00:00:00Z	688993	f4fa32092e800425a041fca669035e63	https://zenodo.org/api/records/6590283/files/2021-05-04T000000Z_N0000014_G1_FN21ei_FRQ_WWV10.csv.gz/content	keep
407	2021-05-05T000000Z_N0000014_G1_FN21ei_FRQ_WWV10.csv.gz	N0000014	G1	FN21ei	WWV10	2021-05-05T00:00:00Z	689151	dd64bf268352afe1cad9eac49f594e70	https://zenodo.org/api/records/6590283/files/2021-05-05T000000Z_N0000014_G1_FN21ei_FRQ_WWV10.csv.gz/content	keep
408	2021-05-06T000000Z_N0000014_G1_FN21ei_FRQ_WWV10.csv.gz	N0000014	G1	FN21ei	WWV10	2021-05-06T00:00:00Z	695646	18a3202a9129df7019fcc5ffc9771153	https://zenodo.org/api/records/6590283/files/2021-05-06T000000Z_N0000014_G1_FN21ei_FRQ_WWV10.csv.gz/content	keep
409	2021-05-07T000000Z_N0000014_G1_FN21ei_FRQ_WWV10.csv.gz	N0000014	G1	FN21ei	WWV10	2021-05-07T00:00:00Z	694522	d04f7058bed0907b31deaf8f88d30d0d	https://zenodo.org/api/records/6590283/files/2021-05-07T000000Z_N0000014_G1_FN21ei_FRQ_WWV10.csv.gz/content	keep
410	2021-05-08T000000Z_N0000014_G1_FN21ei_FRQ_WWV10.csv.gz	N0000014	G1	FN21ei	WWV10	2021-05-08T00:00:00Z	697298	466d7c335d521dc0be1028fae0045c73	https://zenodo.org/api/records/6590283/files/2021-05-08T000000Z_N0000014_G1_FN21ei_FRQ_WWV10.csv.gz/content	keep
411	2021-05-09T000000Z_N0000014_G1_FN21ei_FRQ_WWV10.csv.gz	N0000014	G1	FN21ei	WWV10	2021-05-09T00:00:00Z	698035	4b831d215a48ab183c3004e836cdbfc1	https://zenodo.org/api/records/6590283/files/2021-05-09T000000Z_N0000014_G1_FN21ei_FRQ_WWV10.csv.gz/content	keep
412	2021-05-10T000000Z_N0000014_G1_FN21ei_FRQ_WWV10.csv.gz	N0000014	G1	FN21ei	WWV10	2021-05-10T00:00:00Z	700160	084216c3005f210c6269e3ba07e57209	https://zenodo.org/api/records/6590283/files/2021-05-10T000000Z_N0000014_G1_FN21ei_FRQ_WWV10.csv.gz/content	keep
413	2021-05-11T000000Z_N0000014_G1_FN21ei_FRQ_WWV10.csv.gz	N0000014	G1	FN21ei	WWV10	2021-05-11T00:00:00Z	698325	0e616d96314bf9176aead446b3e33510	https://zenodo.org/api/records/6590283/files/2021-05-11T000000Z_N0000014_G1_FN21ei_FRQ_WWV10.csv.gz/content	keep
414	2021-05-12T000000Z_N0000014_G1_FN21ei_FRQ_WWV10.csv.gz	N0000014	G1	FN21ei	WWV10	2021-05-12T00:00:00Z	698649	a915b554634dc78b4fb2d416a4d218a6	https://zenodo.org/api/records/6590283/files/2021-05-12T000000Z_N0000014_G1_FN21ei_FRQ_WWV10.csv.gz/content	keep
415	2021-05-13T000000Z_N0000014_G1_FN21ei_FRQ_WWV10.csv.gz	N0000014	G1	FN21ei	WWV10	2021-05-13T00:00:00Z	691630	0f8c31dff379710410533f434cf18f78	https://zenodo.org/api/records/6590283/files/2021-05-13T000000Z_N0000014_G1_FN21ei_FRQ_WWV10.csv.gz/content	keep
416	2021-05-14T000000Z_N0000014_G1_FN21ei_FRQ_WWV10.csv.gz	N0000014	G1	FN21ei	WWV10	2021-05-14T00:00:00Z	688984	e26079743c5301eb884f94df4d9c2945	https://zenodo.org/api/records/6590283/files/2021-05-14T000000Z_N0000014_G1_FN21ei_FRQ_WWV10.csv.gz/content	keep
417	2021-05-15T000000Z_N0000014_G1_FN21ei_FRQ_WWV10.csv.gz	N0000014	G1	FN21ei	WWV10	2021-05-15T00:00:00Z	691076	33707e890157f6fba348a4538445d438	https://zenodo.org/api/records/6590283/files/2021-05-15T000000Z_N0000014_G1_FN21ei_FRQ_WWV10.csv.gz/content	keep
418	2021-01-23T224523Z_N0000015_G1_FN20mp_FRQ_WWV10.csv.gz	N0000015	G1	FN20mp	WWV10	2021-01-23T22:45:23Z	37459	a3ffe86427b51eee629595008b33a283	https://zenodo.org/api/records/6590283/files/2021-01-23T224523Z_N0000015_G1_FN20mp_FRQ_WWV10.csv.gz/content	keep
419	2021-01-24T000000Z_N0000015_G1_FN20mp_FRQ_WWV10.csv.gz	N0000015	G1	FN20mp	WWV10	2021-01-24T00:00:00Z	698111	d585c114515dbe3e9eef2d26d12e341d	https://zenodo.org/api/records/6590283/files/2021-01-24T000000Z_N0000015_G1_FN20mp_FRQ_WWV10.csv.gz/content	keep
420	2021-01-25T000000Z_N0000015_G1_FN20mp_FRQ_WWV10.csv.gz	N0000015	G1	FN20mp	WWV10	2021-01-25T00:00:00Z	704706	9f78afbbddb56cd0ee6dba90a9100de7	https://zenodo.org/api/records/6590283/files/2021-01-25T000000Z_N0000015_G1_FN20mp_FRQ_WWV10.csv.gz/content	keep
421	2021-01-26T000000Z_N0000015_G1_FN20mp_FRQ_WWV10.csv.gz	N0000015	G1	FN20mp	WWV10	2021-01-26T00:00:00Z	703055	6564ff3ed2279faf873b915df367538d	https://zenodo.org/api/records/6590283/files/2021-01-26T000000Z_N0000015_G1_FN20mp_FRQ_WWV10.csv.gz/content	keep
422	2021-01-27T000000Z_N0000015_G1_FN20mp_FRQ_WWV10.csv.gz	N0000015	G1	FN20mp	WWV10	2021-01-27T00:00:00Z	28337	1e1b276835edb2b0ca69d3650573b649	https://zenodo.org/api/records/6590283/files/2021-01-27T000000Z_N0000015_G1_FN20mp_FRQ_WWV10.csv.gz/content	exclude:too_short
423	2021-01-28T000000Z_N0000015_G1_FN20mp_FRQ_WWV10.csv.gz	N0000015	G1	FN20mp	WWV10	2021-01-28T00:00:00Z	693010	25e6f6707cd7581e0ac034975b1eeee1	https://zenodo.org/api/records/6590283/files/2021-01-28T000000Z_N0000015_G1_FN20mp_FRQ_WWV10.csv.gz/content	keep
424	2021-01-29T000000Z_N0000015_G1_FN20mp_FRQ_WWV10.csv.gz	N0000015	G1	FN20mp	WWV10	2021-01-29T00:00:00Z	684684	a2769bb1db2bf0dcd6630aef7e11196c	https://zenodo.org/api/records/6590283/files/2021-01-29T000000Z_N0000015_G1_FN20mp_FRQ_WWV10.csv.gz/content	keep
425	2021-01-30T000000Z_N0000015_G1_FN20mp_FRQ_WWV10.csv.gz	N0000015	G1	FN20mp	WWV10	2021-01-30T00:00:00Z	679911	2bd4265ec3039bf7d3cef8ded47c48c0	https://zenodo.org/api/records/6590283/files/2021-01-30T000000Z_N0000015_G1_FN20mp_FRQ_WWV10.csv.gz/content	keep
426	2021-01-31T000000Z_N0000015_G1_FN20mp_FRQ_WWV10.csv.gz	N0000015	G1	FN20mp	WWV10	2021-01-31T00:00:00Z	670543	f1de5d1629dc270c9763560db932d29b	https://zenodo.org/api/records/6590283/files/2021-01-31T000000Z_N0000015_G1_FN20mp_FRQ_WWV10.csv.gz/content	keep
427	2021-02-01T000000Z_N0000015_G1_FN20mp_FRQ_WWV10.csv.gz	N0000015	G1	FN20mp	WWV10	2021-02-01T00:00:00Z	660872	b26f7a08f257e1003223198d5f893556	https://zenodo.org/api/records/6590283/files/2021-02-01T000000Z_N0000015_G1_FN20mp_FRQ_WWV10.csv.gz/content	keep
428	2021-02-02T000000Z_N0000015_G1_FN20mp_FRQ_WWV10.csv.gz	N0000015	G1	FN20mp	WWV10	2021-02-02T00:00:00Z	692756	a4f1b0727586bd0ff87e1bf1545eddfa	https://zenodo.org/api/records/6590283/files/2021-02-02T000000Z_N0000015_G1_FN20mp_FRQ_WWV10.csv.gz/content	keep
429	2021-02-03T000000Z_N0000015_G1_FN20mp_FRQ_WWV10.csv.gz	N0000015	G1	FN20mp	WWV10	2021-02-03T00:00:00Z	674437	36a6f1ffe5590aaa9a0e1305055a96fb	https://zenodo.org/api/records/6590283/files/2021-02-03T000000Z_N0000015_G1_FN20mp_FRQ_WWV10.csv.gz/content	keep
430	2021-02-04T000000Z_N0000015_G1_FN20mp_FRQ_WWV10.csv.gz	N0000015	G1	FN20mp	WWV10	2021-02-04T00:00:00Z	671016	08e6ff8c5f833c10a2015e8e7e432e79	https://zenodo.org/api/records/6590283/files/2021-02-04T000000Z_N0000015_G1_FN20mp_FRQ_WWV10.csv.gz/content	keep
431	2021-02-05T000000Z_N0000015_G1_FN20mp_FRQ_WWV10.csv.gz	N0000015	G1	FN20mp	WWV10	2021-02-05T00:00:00Z	674227	53a39d83d4e8fae090a7ae88eebbff9d	https://zenodo.org/api/records/6590283/files/2021-02-05T000000Z_N0000015_G1_FN20mp_FRQ_WWV10.csv.gz/content	keep
432	2021-02-06T000000Z_N0000015_G1_FN20mp_FRQ_WWV10.csv.gz	N0000015	G1	FN20mp	WWV10	2021-02-06T00:00:00Z	673565	0cf4ee6ff04e9317ad5e4c0e24d644cd	https://zenodo.org/api/records/6590283/files/2021-02-06T000000Z_N0000015_G1_FN20mp_FRQ_WWV10.csv.gz/content	keep
433	2021-02-07T000000Z_N0000015_G1_FN20mp_FRQ_WWV10.csv.gz	N0000015	G1	FN20mp	WWV10	2021-02-07T00:00:00Z	681263	5f4b6234e2ee910cd9f3980cad232ee1	https://zenodo.org/api/records/6590283/files/2021-02-07T000000Z_N0000015_G1_FN20mp_FRQ_WWV10.csv.gz/content	keep
434	2021-02-08T000000Z_N0000015_G1_FN20mp_FRQ_WWV10.csv.gz	N0000015	G1	FN20mp	WWV10	2021-02-08T00:00:00Z	666699	edcfdabd1354498f0827cb93bfbd36d5	https://zenodo.org/api/records/6590283/files/2021-02-08T000000Z_N0000015_G1_FN20mp_FRQ_WWV10.csv.gz/content	keep
435	2021-02-09T000000Z_N0000015_G1_FN20mp_FRQ_WWV10.csv.gz	N0000015	G1	FN20mp	WWV10	2021-02-09T00:00:00Z	659920	d56521cbbded38045c8f581d17d15648	https://zenodo.org/api/records/6590283/files/2021-02-09T000000Z_N0000015_G1_FN20mp_FRQ_WWV10.csv.gz/content	keep
436	2021-02-10T000000Z_N0000015_G1_FN20mp_FRQ_WWV10.csv.gz	N0000015	G1	FN20mp	WWV10	2021-02-10T00:00:00Z	675552	a5772b8731bbd3701ad3b3af60ddef37	https://zenodo.org/api/records/6590283/files/2021-02-10T000000Z_N0000015_G1_FN20mp_FRQ_WWV10.csv.gz/content	keep
437	2021-02-11T000000Z_N0000015_G1_FN20mp_FRQ_WWV10.csv.gz	N0000015	G1	FN20mp	WWV10	2021-02-11T00:00:00Z	668600	ffa048f53cd1fdcb9f78c65f1bbc54e1	https://zenodo.org/api/records/6590283/files/2021-02-11T000000Z_N0000015_G1_FN20mp_FRQ_WWV10.csv.gz/content	keep
438	2021-02-12T000000Z_N0000015_G1_FN20mp_FRQ_WWV10.csv.gz	N0000015	G1	FN20mp	WWV10	2021-02-12T00:00:00Z	682357	1a7e37202b80e0f9eda86a0b94676b32	https://zenodo.org/api/records/6590283/files/2021-02-12T000000Z_N0000015_G1_FN20mp_FRQ_WWV10.csv.gz/content	keep
439	2021-02-13T000000Z_N0000015_G1_FN20mp_FRQ_WWV10.csv.gz	N0000015	G1	FN20mp	WWV10	2021-02-13T00:00:00Z	670670	4abc00a03240770d5068a2425e95a205	https://zenodo.org/api/records/6590283/files/2021-02-13T000000Z_N0000015_G1_FN20mp_FRQ_WWV10.csv.gz/content	keep
440	2021-02-14T000000Z_N0000015_G1_FN20mp_FRQ_WWV10.csv.gz	N0000015	G1	FN20mp	WWV10	2021-02-14T00:00:00Z	699860	10f5d2d10a2eb08ace024e773b025a90	https://zenodo.org/api/records/6590283/files/2021-02-14T000000Z_N0000015_G1_FN20mp_FRQ_WWV10.csv.gz/content	keep
441	2021-02-15T000000Z_N0000015_G1_FN20mp_FRQ_WWV10.csv.gz	N0000015	G1	FN20mp	WWV10	2021-02-15T00:00:00Z	677201	5aee31f9ea5b74d8a638581b06e26ddf	https://zenodo.org/api/records/6590283/files/2021-02-15T000000Z_N0000015_G1_FN20mp_FRQ_WWV10.csv.gz/content	keep
442	2021-02-16T000000Z_N0000015_G1_FN20mp_FRQ_WWV10.csv.gz	N0000015	G1	FN20mp	WWV10	2021-02-16T00:00:00Z	678848	52c0e81b20e6810e534c62ff8bfa94df	https://zenodo.org/api/records/6590283/files/2021-02-16T000000Z_N0000015_G1_FN20mp_FRQ_WWV10.csv.gz/content	keep
443	2021-02-17T000000Z_N0000015_G1_FN20mp_FRQ_WWV10.csv.gz	N0000015	G1	FN20mp	WWV10	2021-02-17T00:00:00Z	680194	aa774eb315b3c3f2ec3a7f835e821c29	https://zenodo.org/api/records/6590283/files/2021-02-17T000000Z_N0000015_G1_FN20mp_FRQ_WWV10.csv.gz/content	keep
444	2021-02-18T000000Z_N0000015_G1_FN20mp_FRQ_WWV10.csv.gz	N0000015	G1	FN20mp	WWV10	2021-02-18T00:00:00Z	684683	333c7f8976b84daba7e4a8aafda08a99	https://zenodo.org/api/records/6590283/files/2021-02-18T000000Z_N0000015_G1_FN20mp_FRQ_WWV10.csv.gz/content	keep
445	2021-02-19T000000Z_N0000015_G1_FN20mp_FRQ_WWV10.csv.gz	N0000015	G1	FN20mp	WWV10	2021-02-19T00:00:00Z	660533	028edc2a4c51b24de1f5e6db1dc56276	https://zenodo.org/api/records/6590283/files/2021-02-19T000000Z_N0000015_G1_FN20mp_FRQ_WWV10.csv.gz/content	keep
446	2021-02-20T000000Z_N0000015_G1_FN20mp_FRQ_WWV10.csv.gz	N0000015	G1	FN20mp	WWV10	2021-02-20T00:00:00Z	689331	b2c613891da1a3b820d04c655f983b3a	https://zenodo.org/api/records/6590283/files/2021-02-20T000000Z_N0000015_G1_FN20mp_FRQ_WWV10.csv.gz/content	keep
447	2021-02-21T000000Z_N0000015_G1_FN20mp_FRQ_WWV10.csv.gz	N0000015	G1	FN20mp	WWV10	2021-02-21T00:00:00Z	681887	e934ac0bf2b0f807e0a57be480f91ba9	https://zenodo.org/api/records/6590283/files/2021-02-21T000000Z_N0000015_G1_FN20mp_FRQ_WWV10.csv.gz/content	keep
448	2021-02-22T000000Z_N0000015_G1_FN20mp_FRQ_WWV10.csv.gz	N0000015	G1	FN20mp	WWV10	2021-02-22T00:00:00Z	672023	ff7af695cf535f764bb916d02d36bdba	https://zenodo.org/api/records/6590283/files/2021-02-22T000000Z_N0000015_G1_FN20mp_FRQ_WWV10.csv.gz/content	keep
449	2021-02-23T000000Z_N0000015_G1_FN20mp_FRQ_WWV10.csv.gz	N0000015	G1	FN20mp	WWV10	2021-02-23T00:00:00Z	661300	9e3cd41d93db49a69507fd48826830da	https://zenodo.org/api/records/6590283/files/2021-02-23T000000Z_N0000015_G1_FN20mp_FRQ_WWV10.csv.gz/content	keep
450	2021-02-24T000000Z_N0000015_G1_FN20mp_FRQ_WWV10.csv.gz	N0000015	G1	FN20mp	WWV10	2021-02-24T00:00:00Z	661213	ca1f0039229d6f8565c1fa81c8ce0045	https://zenodo.org/api/records/6590283/files/2021-02-24T000000Z_N0000015_G1_FN20mp_FRQ_WWV10.csv.gz/content	keep
451	2021-02-25T000000Z_N0000015_G1_FN20mp_FRQ_WWV10.csv.gz	N0000015	G1	FN20mp	WWV10	2021-02-25T00:00:00Z	654845	ffc760f57acb47fc5b2cf832df831d29	https://zenodo.org/api/records/6590283/files/2021-02-25T000000Z_N0000015_G1_FN20mp_FRQ_WWV10.csv.gz/content	keep
452	2021-02-26T000000Z_N0000015_G1_FN20mp_FRQ_WWV10.csv.gz	N0000015	G1	FN20mp	WWV10	2021-02-26T00:00:00Z	663086	e685569cd1e77fbbc203a1c6a72562bc	https://zenodo.org/api/records/6590283/files/2021-02-26T000000Z_N0000015_G1_FN20mp_FRQ_WWV10.csv.gz/content	keep
453	2021-02-27T000000Z_N0000015_G1_FN20mp_FRQ_WWV10.csv.gz	N0000015	G1	FN20mp	WWV10	2021-02-27T00:00:00Z	654576	9bbd0b7ed472152b2d5b0b57aa51caa6	https://zenodo.org/api/records/6590283/files/2021-02-27T000000Z_N0000015_G1_FN20mp_FRQ_WWV10.csv.gz/content	keep
454	2021-02-28T000000Z_N0000015_G1_FN20mp_FRQ_WWV10.csv.gz	N0000015	G1	FN20mp	WWV10	2021-02-28T00:00:00Z	661064	1b814ea3c37504e1ed354f043de28dce	https://zenodo.org/api/records/6590283/files/2021-02-28T000000Z_N0000015_G1_FN20mp_FRQ_WWV10.csv.gz/content	keep
455	2021-03-01T000000Z_N0000015_G1_FN20mp_FRQ_WWV10.csv.gz	N0000015	G1	FN20mp	WWV10	2021-03-01T00:00:00Z	669635	7737b850a85c7b9a73ea0f183ef20241	https://zenodo.org/api/records/6590283/files/2021-03-01T000000Z_N0000015_G1_FN20mp_FRQ_WWV10.csv.gz/content	keep
456	2021-03-02T000000Z_N0000015_G1_FN20mp_FRQ_WWV10.csv.gz	N0000015	G1	FN20mp	WWV10	2021-03-02T00:00:00Z	677108	eec256f191f9053bac9dc275dc0d014d	https://zenodo.org/api/records/6590283/files/2021-03-02T000000Z_N0000015_G1_FN20mp_FRQ_WWV10.csv.gz/content	keep
457	2021-03-03T000000Z_N0000015_G1_FN20mp_FRQ_WWV10.csv.gz	N0000015	G1	FN20mp	WWV10	2021-03-03T00:00:00Z	661439	5e15d44187fdb3ce20180129309f0d4c	https://zenodo.org/api/records/6590283/files/2021-03-03T000000Z_N0000015_G1_FN20mp_FRQ_WWV10.csv.gz/content	keep
458	2021-03-04T000000Z_N0000015_G1_FN20mp_FRQ_WWV10.csv.gz	N0000015	G1	FN20mp	WWV10	2021-03-04T00:00:00Z	660963	78d2dddb5f44ee7e326284730eee723f	https://zenodo.org/api/records/6590283/files/2021-03-04T000000Z_N0000015_G1_FN20mp_FRQ_WWV10.csv.gz/content	keep
459	2021-03-05T000000Z_N0000015_G1_FN20mp_FRQ_WWV10.csv.gz	N0000015	G1	FN20mp	WWV10	2021-03-05T00:00:00Z	662825	41ed2256b835856e9305b3f515339fce	https://zenodo.org/api/records/6590283/files/2021-03-05T000000Z_N0000015_G1_FN20mp_FRQ_WWV10.csv.gz/content	keep
460	2021-03-06T000000Z_N0000015_G1_FN20mp_FRQ_WWV10.csv.gz	N0000015	G1	FN20mp	WWV10	2021-03-06T00:00:00Z	539876	c8fc789ba146b28fc92eb028f6f9a6c0	https://zenodo.org/api/records/6590283/files/2021-03-06T000000Z_N0000015_G1_FN20mp_FRQ_WWV10.csv.gz/content	exclude:time_order
461	2021-03-07T000000Z_N0000015_G1_FN20mp_FRQ_WWV10.csv.gz	N0000015	G1	FN20mp	WWV10	2021-03-07T00:00:00Z	660858	576d3912cfa28910e265c00e01225eef	https://zenodo.org/api/records/6590283/files/2021-03-07T000000Z_N0000015_G1_FN20mp_FRQ_WWV10.csv.gz/content	keep
462	2021-03-08T000000Z_N0000015_G1_FN20mp_FRQ_WWV10.csv.gz	N0000015	G1	FN20mp	WWV10	2021-03-08T00:00:00Z	668700	ac42474ed1822c44c018c71756820be1	https://zenodo.org/api/records/6590283/files/2021-03-08T000000Z_N0000015_G1_FN20mp_FRQ_WWV10.csv.gz/content	keep
463	2021-03-09T000000Z_N0000015_G1_FN20mp_FRQ_WWV10.csv.gz	N0000015	G1	FN20mp	WWV10	2021-03-09T00:00:00Z	677747	737d7a6b75d696deb7d0d0cc278a8022	https://zenodo.org/api/records/6590283/files/2021-03-09T000000Z_N0000015_G1_FN20mp_FRQ_WWV10.csv.gz/content	exclude:time_order
464	2021-03-10T000000Z_N0000015_G1_FN20mp_FRQ_WWV10.csv.gz	N0000015	G1	FN20mp	WWV10	2021-03-10T00:00:00Z	675996	11ee4ef6501d0588038aed86333f9ce5	https://zenodo.org/api/records/6590283/files/2021-03-10T000000Z_N0000015_G1_FN20mp_FRQ_WWV10.csv.gz/content	keep
465	2021-03-11T000000Z_N0000015_G1_FN20mp_FRQ_WWV10.csv.gz	N0000015	G1	FN20mp	WWV10	2021-03-11T00:00:00Z	665676	61b920403d75e3d2c863cc0dfbab6106	https://zenodo.org/api/records/6590283/files/2021-03-11T000000Z_N0000015_G1_FN20mp_FRQ_WWV10.csv.gz/content	keep
466	2021-03-12T000000Z_N0000015_G1_FN20mp_FRQ_WWV10.csv.gz	N0000015	G1	FN20mp	WWV10	2021-03-12T00:00:00Z	646019	7b23e7c3f23a02da82000b6a861032cb	https://zenodo.org/api/records/6590283/files/2021-03-12T000000Z_N0000015_G1_FN20mp_FRQ_WWV10.csv.gz/content	keep
467	2021-03-13T000000Z_N0000015_G1_FN20mp_FRQ_WWV10.csv.gz	N0000015	G1	FN20mp	WWV10	2021-03-13T00:00:00Z	687994	651c9b3be320b1241eb46b387343f937	https://zenodo.org/api/records/6590283/files/2021-03-13T000000Z_N0000015_G1_FN20mp_FRQ_WWV10.csv.gz/content	keep
468	2021-03-14T000000Z_N0000015_G1_FN20mp_FRQ_WWV10.csv.gz	N0000015	G1	FN20mp	WWV10	2021-03-14T00:00:00Z	682771	4cb3d04a60bdc8ccc0058fe30b87c3f0	https://zenodo.org/api/records/6590283/files/2021-03-14T000000Z_N0000015_G1_FN20mp_FRQ_WWV10.csv.gz/content	keep
469	2021-03-15T000000Z_N0000015_G1_FN20mp_FRQ_WWV10.csv.gz	N0000015	G1	FN20mp	WWV10	2021-03-15T00:00:00Z	678598	c82ac16978afd309dacfbc8816419d7d	https://zenodo.org/api/records/6590283/files/2021-03-15T000000Z_N0000015_G1_FN20mp_FRQ_WWV10.csv.gz/content	keep
470	2021-03-16T000000Z_N0000015_G1_FN20mp_FRQ_WWV10.csv.gz	N0000015	G1	FN20mp	WWV10	2021-03-16T00:00:00Z	680359	4dab8a68863e0f61acd6ba92e6e1f854	https://zenodo.org/api/records/6590283/files/2021-03-16T000000Z_N0000015_G1_FN20mp_FRQ_WWV10.csv.gz/content	keep
471	2021-03-17T000000Z_N0000015_G1_FN20mp_FRQ_WWV10.csv.gz	N0000015	G1	FN20mp	WWV10	2021-03-17T00:00:00Z	683481	4a3c84496e57e02d5224acb6c9760865	https://zenodo.org/api/records/6590283/files/2021-03-17T000000Z_N0000015_G1_FN20mp_FRQ_WWV10.csv.gz/content	keep
472	2021-03-18T000000Z_N0000015_G1_FN20mp_FRQ_WWV10.csv.gz	N0000015	G1	FN20mp	WWV10	2021-03-18T00:00:00Z	684358	14560825079518e4b0df4497b16ea589	https://zenodo.org/api/records/6590283/files/2021-03-18T000000Z_N0000015_G1_FN20mp_FRQ_WWV10.csv.gz/content	keep
473	2021-03-19T000000Z_N0000015_G1_FN20mp_FRQ_WWV10.csv.gz	N0000015	G1	FN20mp	WWV10	2021-03-19T00:00:00Z	681991	128af59ebae2405005565477688b3b3f	https://zenodo.org/api/records/6590283/files/2021-03-19T000000Z_N0000015_G1_FN20mp_FRQ_WWV10.csv.gz/content	keep
474	2021-03-20T000000Z_N0000015_G1_FN20mp_FRQ_WWV10.csv.gz	N0000015	G1	FN20mp	WWV10	2021-03-20T00:00:00Z	680237	4534754884552ec40f5c4785aaf2716f	https://zenodo.org/api/records/6590283/files/2021-03-20T000000Z_N0000015_G1_FN20mp_FRQ_WWV10.csv.gz/content	keep
475	2021-03-21T000000Z_N0000015_G1_FN20mp_FRQ_WWV10.csv.gz	N0000015	G1	FN20mp	WWV10	2021-03-21T00:00:00Z	674229	552d611dd5917584eb1645d1be69b1fe	https://zenodo.org/api/records/6590283/files/2021-03-21T000000Z_N0000015_G1_FN20mp_FRQ_WWV10.csv.gz/content	keep
476	2021-03-22T000000Z_N0000015_G1_FN20mp_FRQ_WWV10.csv.gz	N0000015	G1	FN20mp	WWV10	2021-03-22T00:00:00Z	682766	b03cca2350f28462f42b0c7fc6ff6a8f	https://zenodo.org/api/records/6590283/files/2021-03-22T000000Z_N0000015_G1_FN20mp_FRQ_WWV10.csv.gz/content	keep
477	2021-03-23T000000Z_N0000015_G1_FN20mp_FRQ_WWV10.csv.gz	N0000015	G1	FN20mp	WWV10	2021-03-23T00:00:00Z	686311	99ddf5290475a8c243ea182892475922	https://zenodo.org/api/records/6590283/files/2021-03-23T000000Z_N0000015_G1_FN20mp_FRQ_WWV10.csv.gz/content	keep
478	2021-03-24T000000Z_N0000015_G1_FN20mp_FRQ_WWV10.csv.gz	N0000015	G1	FN20mp	WWV10	2021-03-24T00:00:00Z	687077	160f8fafb64a1d727699bc389b9d0ac7	https://zenodo.org/api/records/6590283/files/2021-03-24T000000Z_N0000015_G1_FN20mp_FRQ_WWV10.csv.gz/content	keep
479	2021-03-25T000000Z_N0000015_G1_FN20mp_FRQ_WWV10.csv.gz	N0000015	G1	FN20mp	WWV10	2021-03-25T00:00:00Z	690264	f55df56107896b6f57fffd479f5b038c	https://zenodo.org/api/records/6590283/files/2021-03-25T000000Z_N0000015_G1_FN20mp_FRQ_WWV10.csv.gz/content	keep
480	2021-03-26T000000Z_N0000015_G1_FN20mp_FRQ_WWV10.csv.gz	N0000015	G1	FN20mp	WWV10	2021-03-26T00:00:00Z	676257	03a110d2a3cc27f3e3adb04e5be47c45	https://zenodo.org/api/records/6590283/files/2021-03-26T000000Z_N0000015_G1_FN20mp_FRQ_WWV10.csv.gz/content	keep
481	2021-03-27T000001Z_N0000015_G1_FN20mp_FRQ_WWV10.csv.gz	N0000015	G1	FN20mp	WWV10	2021-03-27T00:00:01Z	674746	ba5f20f5908bd14d9699e0e88134dfcc	https://zenodo.org/api/records/6590283/files/2021-03-27T000001Z_N0000015_G1_FN20mp_FRQ_WWV10.csv.gz/content	keep
482	2021-03-28T000000Z_N0000015_G1_FN20mp_FRQ_WWV10.csv.gz	N0000015	G1	FN20mp	WWV10	2021-03-28T00:00:00Z	681925	000eb33ec778325b8ac59495a37ddf8c	https://zenodo.org/api/records/6590283/files/2021-03-28T000000Z_N0000015_G1_FN20mp_FRQ_WWV10.csv.gz/content	keep
483	2021-03-29T000000Z_N0000015_G1_FN20mp_FRQ_WWV10.csv.gz	N0000015	G1	FN20mp	WWV10	2021-03-29T00:00:00Z	682959	e4f59461dbd906c93cf4c10d4938ec73	https://zenodo.org/api/records/6590283/files/2021-03-29T000000Z_N0000015_G1_FN20mp_FRQ_WWV10.csv.gz/content	keep
484	2021-03-30T000000Z_N0000015_G1_FN20mp_FRQ_WWV10.csv.gz	N0000015	G1	FN20mp	WWV10	2021-03-30T00:00:00Z	688563	724c0bc179ee9876dc3a7e186262241c	https://zenodo.org/api/records/6590283/files/2021-03-30T000000Z_N0000015_G1_FN20mp_FRQ_WWV10.csv.gz/content	keep
485	2021-03-31T000000Z_N0000015_G1_FN20mp_FRQ_WWV10.csv.gz	N0000015	G1	FN20mp	WWV10	2021-03-31T00:00:00Z	693531	06e4815e18b7de098ddb7b72554a9060	https://zenodo.org/api/records/6590283/files/2021-03-31T000000Z_N0000015_G1_FN20mp_FRQ_WWV10.csv.gz/content	keep
486	2021-04-01T000000Z_N0000015_G1_FN20mp_FRQ_WWV10.csv.gz	N0000015	G1	FN20mp	WWV10	2021-04-01T00:00:00Z	687843	a954dd4798ee0811d668e05590d926b4	https://zenodo.org/api/records/6590283/files/2021-04-01T000000Z_N0000015_G1_FN20mp_FRQ_WWV10.csv.gz/content	keep
487	2021-04-02T000001Z_N0000015_G1_FN20mp_FRQ_WWV10.csv.gz	N0000015	G1	FN20mp	WWV10	2021-04-02T00:00:01Z	689544	a44ce2f0b62b39cd56cb6420ef967e07	https://zenodo.org/api/records/6590283/files/2021-04-02T000001Z_N0000015_G1_FN20mp_FRQ_WWV10.csv.gz/content	keep
488	2021-04-03T000000Z_N0000015_G1_FN20mp_FRQ_WWV10.csv.gz	N0000015	G1	FN20mp	WWV10	2021-04-03T00:00:00Z	680340	3399ee0dee98c2a1bcd7dddc1ff6d8cb	https://zenodo.org/api/records/6590283/files/2021-04-03T000000Z_N0000015_G1_FN20mp_FRQ_WWV10.csv.gz/content	keep
489	2021-04-04T000000Z_N0000015_G1_FN20mp_FRQ_WWV10.csv.gz	N0000015	G1	FN20mp	WWV10	2021-04-04T00:00:00Z	682551	0e84c63fe4874ecaf68e6a1dc342a6a0	https://zenodo.org/api/records/6590283/files/2021-04-04T000000Z_N0000015_G1_FN20mp_FRQ_WWV10.csv.gz/content	keep
490	2021-04-05T000000Z_N0000015_G1_FN20mp_FRQ_WWV10.csv.gz	N0000015	G1	FN20mp	WWV10	2021-04-05T00:00:00Z	681715	259e16c22439ea1e26530a60a8f9a059	https://zenodo.org/api/records/6590283/files/2021-04-05T000000Z_N0000015_G1_FN20mp_FRQ_WWV10.csv.gz/content	keep
491	2021-04-06T000000Z_N0000015_G1_FN20mp_FRQ_WWV10.csv.gz	N0000015	G1	FN20mp	WWV10	2021-04-06T00:00:00Z	690702	6ec1a3ca344c162d296a6e9bfef449ad	https://zenodo.org/api/records/6590283/files/2021-04-06T000000Z_N0000015_G1_FN20mp_FRQ_WWV10.csv.gz/content	keep
492	2021-04-07T000000Z_N0000015_G1_FN20mp_FRQ_WWV10.csv.gz	N0000015	G1	FN20mp	WWV10	2021-04-07T00:00:00Z	685094	962eb78e2a599b070e4dd2713ace19da	https://zenodo.org/api/records/6590283/files/2021-04-07T000000Z_N0000015_G1_FN20mp_FRQ_WWV10.csv.gz/content	keep
493	2021-04-08T000000Z_N0000015_G1_FN20mp_FRQ_WWV10.csv.gz	N0000015	G1	FN20mp	WWV10	2021-04-08T00:00:00Z	689802	41c61ff33beb131ae59376ee0f423b61	https://zenodo.org/api/records/6590283/files/2021-04-08T000000Z_N0000015_G1_FN20mp_FRQ_WWV10.csv.gz/content	keep
494	2021-04-09T000000Z_N0000015_G1_FN20mp_FRQ_WWV10.csv.gz	N0000015	G1	FN20mp	WWV10	2021-04-09T00:00:00Z	696274	8e795680503d9ffa8b747c5f6ad17513	https://zenodo.org/api/records/6590283/files/2021-04-09T000000Z_N0000015_G1_FN20mp_FRQ_WWV10.csv.gz/content	keep
495	2021-04-10T000000Z_N0000015_G1_FN20mp_FRQ_WWV10.csv.gz	N0000015	G1	FN20mp	WWV10	2021-04-10T00:00:00Z	694138	e1bf8858f9f6a9e9e4cb9d4272150125	https://zenodo.org/api/records/6590283/files/2021-04-10T000000Z_N0000015_G1_FN20mp_FRQ_WWV10.csv.gz/content	keep
496	2021-04-11T000000Z_N0000015_G1_FN20mp_FRQ_WWV10.csv.gz	N0000015	G1	FN20mp	WWV10	2021-04-11T00:00:00Z	692169	288b4a06a595c218a9f26caa60302d87	https://zenodo.org/api/records/6590283/files/2021-04-11T000000Z_N0000015_G1_FN20mp_FRQ_WWV10.csv.gz/content	keep
497	2021-04-12T000000Z_N0000015_G1_FN20mp_FRQ_WWV10.csv.gz	N0000015	G1	FN20mp	WWV10	2021-04-12T00:00:00Z	680020	61662d554f204eaf3740be4cfd82c065	https://zenodo.org/api/records/6590283/files/2021-04-12T000000Z_N0000015_G1_FN20mp_FRQ_WWV10.csv.gz/content	keep
498	2021-04-13T000000Z_N0000015_G1_FN20mp_FRQ_WWV10.csv.gz	N0000015	G1	FN20mp	WWV10	2021-04-13T00:00:00Z	671919	368c658551c42126565198bfd1e9198a	https://zenodo.org/api/records/6590283/files/2021-04-13T000000Z_N0000015_G1_FN20mp_FRQ_WWV10.csv.gz/content	keep
499	2021-04-14T000000Z_N0000015_G1_FN20mp_FRQ_WWV10.csv.gz	N0000015	G1	FN20mp	WWV10	2021-04-14T00:00:00Z	681161	c97e44eb766cea5cdb1889290f81485e	https://zenodo.org/api/records/6590283/files/2021-04-14T000000Z_N0000015_G1_FN20mp_FRQ_WWV10.csv.gz/content	keep
500	2021-04-15T000000Z_N0000015_G1_FN20mp_FRQ_WWV10.csv.gz	N0000015	G1	FN20mp	WWV10	2021-04-15T00:00:00Z	678475	f3209669b74cef18c887dbd17f30e7ae	https://zenodo.org/api/records/6590283/files/2021-04-15T000000Z_N0000015_G1_FN20mp_FRQ_WWV10.csv.gz/content	keep
501	2021-04-16T000000Z_N0000015_G1_FN20mp_FRQ_WWV10.csv.gz	N0000015	G1	FN20mp	WWV10	2021-04-16T00:00:00Z	680817	7c64c0223343f22a7a85c5b5275cf96a	https://zenodo.org/api/records/6590283/files/2021-04-16T000000Z_N0000015_G1_FN20mp_FRQ_WWV10.csv.gz/content	keep
502	2021-04-17T000000Z_N0000015_G1_FN20mp_FRQ_WWV10.csv.gz	N0000015	G1	FN20mp	WWV10	2021-04-17T00:00:00Z	669692	a1f9cfcaa9009f3513a2b0743996875a	https://zenodo.org/api/records/6590283/files/2021-04-17T000000Z_N0000015_G1_FN20mp_FRQ_WWV10.csv.gz/content	keep
503	2021-04-18T000000Z_N0000015_G1_FN20mp_FRQ_WWV10.csv.gz	N0000015	G1	FN20mp	WWV10	2021-04-18T00:00:00Z	661977	91cb438b50c609ff444fd149bbb70b8e	https://zenodo.org/api/records/6590283/files/2021-04-18T000000Z_N0000015_G1_FN20mp_FRQ_WWV10.csv.gz/content	keep
504	2021-04-19T000000Z_N0000015_G1_FN20mp_FRQ_WWV10.csv.gz	N0000015	G1	FN20mp	WWV10	2021-04-19T00:00:00Z	679142	303663623be1efbf29b1e467fc747434	https://zenodo.org/api/records/6590283/files/2021-04-19T000000Z_N0000015_G1_FN20mp_FRQ_WWV10.csv.gz/content	keep
505	2021-04-20T000000Z_N0000015_G1_FN20mp_FRQ_WWV10.csv.gz	N0000015	G1	FN20mp	WWV10	2021-04-20T00:00:00Z	682888	9dbe9d9f2c2ca6b8c5762ee71a0bd39b	https://zenodo.org/api/records/6590283/files/2021-04-20T000000Z_N0000015_G1_FN20mp_FRQ_WWV10.csv.gz/content	keep
506	2021-04-21T000000Z_N0000015_G1_FN20mp_FRQ_WWV10.csv.gz	N0000015	G1	FN20mp	WWV10	2021-04-21T00:00:00Z	676228	de4c3ddc0c03a73bfbff018bd45d0655	https://zenodo.org/api/records/6590283/files/2021-04-21T000000Z_N0000015_G1_FN20mp_FRQ_WWV10.csv.gz/content	keep
507	2021-04-22T000000Z_N0000015_G1_FN20mp_FRQ_WWV10.csv.gz	N0000015	G1	FN20mp	WWV10	2021-04-22T00:00:00Z	677081	23ef80b276962bb04a39f7f46a740e76	https://zenodo.org/api/records/6590283/files/2021-04-22T000000Z_N0000015_G1_FN20mp_FRQ_WWV10.csv.gz/content	keep
508	2021-04-23T000000Z_N0000015_G1_FN20mp_FRQ_WWV10.csv.gz	N0000015	G1	FN20mp	WWV10	2021-04-23T00:00:00Z	671848	8a9968c9a35a3bef0c5d3860e0879730	https://zenodo.org/api/records/6590283/files/2021-04-23T000000Z_N0000015_G1_FN20mp_FRQ_WWV10.csv.gz/content	keep
509	2021-04-24T000000Z_N0000015_G1_FN20mp_FRQ_WWV10.csv.gz	N0000015	G1	FN20mp	WWV10	2021-04-24T00:00:00Z	673475	a6bab6f6f82bfe3b8f55b72d4b1b9484	https://zenodo.org/api/records/6590283/files/2021-04-24T000000Z_N0000015_G1_FN20mp_FRQ_WWV10.csv.gz/content	keep
510	2021-04-25T000000Z_N0000015_G1_FN20mp_FRQ_WWV10.csv.gz	N0000015	G1	FN20mp	WWV10	2021-04-25T00:00:00Z	677843	e150146b8e573c9653039e68cd355ed9	https://zenodo.org/api/records/6590283/files/2021-04-25T000000Z_N0000015_G1_FN20mp_FRQ_WWV10.csv.gz/content	keep
511	2021-04-26T000000Z_N0000015_G1_FN20mp_FRQ_WWV10.csv.gz	N0000015	G1	FN20mp	WWV10	2021-04-26T00:00:00Z	666486	51f3344023cc32d71c1c7e794c404d31	https://zenodo.org/api/records/6590283/files/2021-04-26T000000Z_N0000015_G1_FN20mp_FRQ_WWV10.csv.gz/content	keep
512	2021-04-27T000000Z_N0000015_G1_FN20mp_FRQ_WWV10.csv.gz	N0000015	G1	FN20mp	WWV10	2021-04-27T00:00:00Z	672859	463a1a5d9e76e7edaa20e26e653b80b3	https://zenodo.org/api/records/6590283/files/2021-04-27T000000Z_N0000015_G1_FN20mp_FRQ_WWV10.csv.gz/content	keep
513	2021-04-28T000000Z_N0000015_G1_FN20mp_FRQ_WWV10.csv.gz	N0000015	G1	FN20mp	WWV10	2021-04-28T00:00:00Z	680138	3efeecdbaf28f6b5086d9566ab0fba3b	https://zenodo.org/api/records/6590283/files/2021-04-28T000000Z_N0000015_G1_FN20mp_FRQ_WWV10.csv.gz/content	keep
514	2021-04-29T000000Z_N0000015_G1_FN20mp_FRQ_WWV10.csv.gz	N0000015	G1	FN20mp	WWV10	2021-04-29T00:00:00Z	691675	f614cf97c16da264f06116f6b4d0d47f	https://zenodo.org/api/records/6590283/files/2021-04-29T000000Z_N0000015_G1_FN20mp_FRQ_WWV10.csv.gz/content	keep
515	2021-04-30T000000Z_N0000015_G1_FN20mp_FRQ_WWV10.csv.gz	N0000015	G1	FN20mp	WWV10	2021-04-30T00:00:00Z	688017	6991c2b86cf17d58a750fb54745244df	https://zenodo.org/api/records/6590283/files/2021-04-30T000000Z_N0000015_G1_FN20mp_FRQ_WWV10.csv.gz/content	keep
516	2021-05-01T000000Z_N0000015_G1_FN20mp_FRQ_WWV10.csv.gz	N0000015	G1	FN20mp	WWV10	2021-05-01T00:00:00Z	690604	2d19dbd206e365398965bf90a9b0ce2c	https://zenodo.org/api/records/6590283/files/2021-05-01T000000Z_N0000015_G1_FN20mp_FRQ_WWV10.csv.gz/content	keep
517	2021-05-02T000000Z_N0000015_G1_FN20mp_FRQ_WWV10.csv.gz	N0000015	G1	FN20mp	WWV10	2021-05-02T00:00:00Z	690202	c5d392760fecd37390d737322fe4eb6e	https://zenodo.org/api/records/6590283/files/2021-05-02T000000Z_N0000015_G1_FN20mp_FRQ_WWV10.csv.gz/content	keep
518	2021-05-03T000000Z_N0000015_G1_FN20mp_FRQ_WWV10.csv.gz	N0000015	G1	FN20mp	WWV10	2021-05-03T00:00:00Z	686128	711facefa122417c9dd86c62e71159ce	https://zenodo.org/api/records/6590283/files/2021-05-03T000000Z_N0000015_G1_FN20mp_FRQ_WWV10.csv.gz/content	keep
519	2021-05-04T000000Z_N0000015_G1_FN20mp_FRQ_WWV10.csv.gz	N0000015	G1	FN20mp	WWV10	2021-05-04T00:00:00Z	685010	a6db70b7e4fe1eba6ffcfd70503bbb4c	https://zenodo.org/api/records/6590283/files/2021-05-04T000000Z_N0000015_G1_FN20mp_FRQ_WWV10.csv.gz/content	keep
520	2021-05-05T000000Z_N0000015_G1_FN20mp_FRQ_WWV10.csv.gz	N0000015	G1	FN20mp	WWV10	2021-05-05T00:00:00Z	685805	ff606f027b54e7375d660a48a72bf290	https://zenodo.org/api/records/6590283/files/2021-05-05T000000Z_N0000015_G1_FN20mp_FRQ_WWV10.csv.gz/content	keep
521	2021-05-06T000000Z_N0000015_G1_FN20mp_FRQ_WWV10.csv.gz	N0000015	G1	FN20mp	WWV10	2021-05-06T00:00:00Z	691800	e44b5f2ce6bf7a7bcc5bb3e47b044239	https://zenodo.org/api/records/6590283/files/2021-05-06T000000Z_N0000015_G1_FN20mp_FRQ_WWV10.csv.gz/content	keep
522	2021-05-07T000000Z_N0000015_G1_FN20mp_FRQ_WWV10.csv.gz	N0000015	G1	FN20mp	WWV10	2021-05-07T00:00:00Z	687525	3c4e2be9b9ed008970a407fdea7b4e6d	https://zenodo.org/api/records/6590283/files/2021-05-07T000000Z_N0000015_G1_FN20mp_FRQ_WWV10.csv.gz/content	keep
523	2021-05-08T000000Z_N0000015_G1_FN20mp_FRQ_WWV10.csv.gz	N0000015	G1	FN20mp	WWV10	2021-05-08T00:00:00Z	692806	b92f9d8163f5f339844449f7d59d3134	https://zenodo.org/api/records/6590283/files/2021-05-08T000000Z_N0000015_G1_FN20mp_FRQ_WWV10.csv.gz/content	keep
524	2021-05-09T000000Z_N0000015_G1_FN20mp_FRQ_WWV10.csv.gz	N0000015	G1	FN20mp	WWV10	2021-05-09T00:00:00Z	694638	fbdd5fa5b7f6568d91c6e9ed4913a620	https://zenodo.org/api/records/6590283/files/2021-05-09T000000Z_N0000015_G1_FN20mp_FRQ_WWV10.csv.gz/content	keep
525	2021-05-10T000000Z_N0000015_G1_FN20mp_FRQ_WWV10.csv.gz	N0000015	G1	FN20mp	WWV10	2021-05-10T00:00:00Z	697956	8dc0c7478989a1eb8bfeca5a411c777d	https://zenodo.org/api/records/6590283/files/2021-05-10T000000Z_N0000015_G1_FN20mp_FRQ_WWV10.csv.gz/content	keep
526	2021-05-11T000000Z_N0000015_G1_FN20mp_FRQ_WWV10.csv.gz	N0000015	G1	FN20mp	WWV10	2021-05-11T00:00:00Z	688556	63361e97ea4e81e5bbd0e1971163c876	https://zenodo.org/api/records/6590283/files/2021-05-11T000000Z_N0000015_G1_FN20mp_FRQ_WWV10.csv.gz/content	keep
527	2021-05-12T000000Z_N0000015_G1_FN20mp_FRQ_WWV10.csv.gz	N0000015	G1	FN20mp	WWV10	2021-05-12T00:00:00Z	686943	6405f8a34835f5bc33cfa3349f35385a	https://zenodo.org/api/records/6590283/files/2021-05-12T000000Z_N0000015_G1_FN20mp_FRQ_WWV10.csv.gz/content	keep
528	2021-05-13T000000Z_N0000015_G1_FN20mp_FRQ_WWV10.csv.gz	N0000015	G1	FN20mp	WWV10	2021-05-13T00:00:00Z	685168	43c2974f5ae3d7488ba36f02ec140243	https://zenodo.org/api/records/6590283/files/2021-05-13T000000Z_N0000015_G1_FN20mp_FRQ_WWV10.csv.gz/content	keep
529	2021-05-14T000000Z_N0000015_G1_FN20mp_FRQ_WWV10.csv.gz	N0000015	G1	FN20mp	WWV10	2021-05-14T00:00:00Z	679299	16bce8799e8ac294d66220b53d3736db	https://zenodo.org/api/records/6590283/files/2021-05-14T000000Z_N0000015_G1_FN20mp_FRQ_WWV10.csv.gz/content	keep
530	2021-05-15T000000Z_N0000015_G1_FN20mp_FRQ_WWV10.csv.gz	N0000015	G1	FN20mp	WWV10	2021-05-15T00:00:00Z	682248	8988e7ebefb69600acac1e63eec2152e	https://zenodo.org/api/records/6590283/files/2021-05-15T000000Z_N0000015_G1_FN20mp_FRQ_WWV10.csv.gz/content	keep
531	2021-04-09T045433Z_N0000029_G1_DM45dc_FRQ_WWV10.csv.gz	N0000029	G1	DM45dc	WWV10	2021-04-09T04:54:33Z	490027	bf455491a5bd81ee6f1b7ff8ac48c8ed	https://zenodo.org/api/records/6590283/files/2021-04-09T045433Z_N0000029_G1_DM45dc_FRQ_WWV10.csv.gz/content	exclude:out_of_band
532	2021-04-10T000000Z_N0000029_G1_DM45dc_FRQ_WWV10.csv.gz	N0000029	G1	DM45dc	WWV10	2021-04-10T00:00:00Z	45318	b50efc6c9d971a6244b37a07c88048a9	https://zenodo.org/api/records/6590283/files/2021-04-10T000000Z_N0000029_G1_DM45dc_FRQ_WWV10.csv.gz/content	keep
533	2021-04-13T211128Z_N0000029_G1_DM45dc_FRQ_WWV10.csv.gz	N0000029	G1	DM45dc	WWV10	2021-04-13T21:11:28Z	14580	6aa153d0cc63fd353f67813942eddd65	https://zenodo.org/api/records/6590283/files/2021-04-13T211128Z_N0000029_G1_DM45dc_FRQ_WWV10.csv.gz/content	exclude:out_of_band+too_short
534	2021-04-22T164728Z_N0000029_G1_DM45dc_FRQ_WWV10.csv.gz	N0000029	G1	DM45dc	WWV10	2021-04-22T16:47:28Z	795	54fadd80563e7c9bb183e07d93a0bebb	https://zenodo.org/api/records/6590283/files/2021-04-22T164728Z_N0000029_G1_DM45dc_FRQ_WWV10.csv.gz/content	exclude:too_short
535	2021-04-23T001758Z_N0000029_G1_DM45dc_FRQ_WWV10.csv.gz	N0000029	G1	DM45dc	WWV10	2021-04-23T00:17:58Z	176388	22cdfdadcbc3de344ed1581c927c7860	https://zenodo.org/api/records/6590283/files/2021-04-23T001758Z_N0000029_G1_DM45dc_FRQ_WWV10.csv.gz/content	exclude:out_of_band
536	2021-04-24T000000Z_N0000029_G1_DM45dc_FRQ_WWV10.csv.gz	N0000029	G1	DM45dc	WWV10	2021-04-24T00:00:00Z	703741	cd34360e3111e0caed60e38f69263174	https://zenodo.org/api/records/6590283/files/2021-04-24T000000Z_N0000029_G1_DM45dc_FRQ_WWV10.csv.gz/content	keep
537	2021-04-25T000000Z_N0000029_G1_DM45dc_FRQ_WWV10.csv.gz	N0000029	G1	DM45dc	WWV10	2021-04-25T00:00:00Z	706561	bb61196e442a560c24733c350c05f82f	https://zenodo.org/api/records/6590283/files/2021-04-25T000000Z_N0000029_G1_DM45dc_FRQ_WWV10.csv.gz/content	keep
538	2021-04-26T000000Z_N0000029_G1_DM45dc_FRQ_WWV10.csv.gz	N0000029	G1	DM45dc	WWV10	2021-04-26T00:00:00Z	678376	53a09207f1227d19188b2c0158812e9a	https://zenodo.org/api/records/6590283/files/2021-04-26T000000Z_N0000029_G1_DM45dc_FRQ_WWV10.csv.gz/content	keep
539	2021-04-27T000000Z_N0000029_G1_DM45dc_FRQ_WWV10.csv.gz	N0000029	G1	DM45dc	WWV10	2021-04-27T00:00:00Z	13907	2bb5c60d091e19f8fa8efb8e4214215e	https://zenodo.org/api/records/6590283/files/2021-04-27T000000Z_N0000029_G1_DM45dc_FRQ_WWV10.csv.gz/content	exclude:too_short
540	2021-04-29T172816Z_N0000029_G1_DM45dc_FRQ_WWV10.csv.gz	N0000029	G1	DM45dc	WWV10	2021-04-29T17:28:16Z	187931	c94b0bd67757cf0e89c129acfc04cfbb	https://zenodo.org/api/records/6590283/files/2021-04-29T172816Z_N0000029_G1_DM45dc_FRQ_WWV10.csv.gz/content	keep
541	2021-04-30T000000Z_N0000029_G1_DM45dc_FRQ_WWV10.csv.gz	N0000029	G1	DM45dc	WWV10	2021-04-30T00:00:00Z	729361	d2ae411649726eb95ef4fe82574cd2f4	https://zenodo.org/api/records/6590283/files/2021-04-30T000000Z_N0000029_G1_DM45dc_FRQ_WWV10.csv.gz/content	keep
542	2021-05-01T000000Z_N0000029_G1_DM45dc_FRQ_WWV10.csv.gz	N0000029	G1	DM45dc	WWV10	2021-05-01T00:00:00Z	435691	3cd26b7ccdf93425bbab063199a8aa93	https://zenodo.org/api/records/6590283/files/2021-05-01T000000Z_N0000029_G1_DM45dc_FRQ_WWV10.csv.gz/content	keep
543	2021-05-06T005638Z_N0000029_G1_DM45dc_FRQ_WWV10.csv.gz	N0000029	G1	DM45dc	WWV10	2021-05-06T00:56:38Z	691350	184b4b0b6fa90aeb7110027dc7048978	https://zenodo.org/api/records/6590283/files/2021-05-06T005638Z_N0000029_G1_DM45dc_FRQ_WWV10.csv.gz/content	keep
544	2021-05-07T000000Z_N0000029_G1_DM45dc_FRQ_WWV10.csv.gz	N0000029	G1	DM45dc	WWV10	2021-05-07T00:00:00Z	717785	c6d65a904eddefbeb65ec22f175a54a9	https://zenodo.org/api/records/6590283/files/2021-05-07T000000Z_N0000029_G1_DM45dc_FRQ_WWV10.csv.gz/content	keep
545	2021-05-08T000000Z_N0000029_G1_DM45dc_FRQ_WWV10.csv.gz	N0000029	G1	DM45dc	WWV10	2021-05-08T00:00:00Z	614834	f1f632ce7b8213c0e9a141a5a606d161	https://zenodo.org/api/records/6590283/files/2021-05-08T000000Z_N0000029_G1_DM45dc_FRQ_WWV10.csv.gz/content	keep
546	2021-05-09T000000Z_N0000029_G1_DM45dc_FRQ_WWV10.csv.gz	N0000029	G1	DM45dc	WWV10	2021-05-09T00:00:00Z	691269	745d650d8a1828516909cc21928923fa	https://zenodo.org/api/records/6590283/files/2021-05-09T000000Z_N0000029_G1_DM45dc_FRQ_WWV10.csv.gz/content	keep
547	2021-05-10T000000Z_N0000029_G1_DM45dc_FRQ_WWV10.csv.gz	N0000029	G1	DM45dc	WWV10	2021-05-10T00:00:00Z	720690	e905a395015a1d8da2c471ab792fdc95	https://zenodo.org/api/records/6590283/files/2021-05-10T000000Z_N0000029_G1_DM45dc_FRQ_WWV10.csv.gz/content	keep
548	2021-05-11T000000Z_N0000029_G1_DM45dc_FRQ_WWV10.csv.gz	N0000029	G1	DM45dc	WWV10	2021-05-11T00:00:00Z	730363	708f3efb7f974903ecd64e42be72725d	https://zenodo.org/api/records/6590283/files/2021-05-11T000000Z_N0000029_G1_DM45dc_FRQ_WWV10.csv.gz/content	keep
549	2021-05-12T000001Z_N0000029_G1_DM45dc_FRQ_WWV10.csv.gz	N0000029	G1	DM45dc	WWV10	2021-05-12T00:00:01Z	689510	0bc3b13a9acf6f29afc2268534ea2875	https://zenodo.org/api/records/6590283/files/2021-05-12T000001Z_N0000029_G1_DM45dc_FRQ_WWV10.csv.gz/content	keep
550	2021-05-13T000000Z_N0000029_G1_DM45dc_FRQ_WWV10.csv.gz	N0000029	G1	DM45dc	WWV10	2021-05-13T00:00:00Z	691689	ad9a8261536f5c511df062a52036ba5e	https://zenodo.org/api/records/6590283/files/2021-05-13T000000Z_N0000029_G1_DM45dc_FRQ_WWV10.csv.gz/content	keep
551	2021-05-14T000000Z_N0000029_G1_DM45dc_FRQ_WWV10.csv.gz	N0000029	G1	DM45dc	WWV10	2021-05-14T00:00:00Z	713866	fa6e341e2eebeba21c46aeab83059ebe	https://zenodo.org/api/records/6590283/files/2021-05-14T000000Z_N0000029_G1_DM45dc_FRQ_WWV10.csv.gz/content	keep
552	2021-05-15T000000Z_N0000029_G1_DM45dc_FRQ_WWV10.csv.gz	N0000029	G1	DM45dc	WWV10	2021-05-15T00:00:00Z	564547	41fdbd5dbfe1d7d4512645e443427065	https://zenodo.org/api/records/6590283/files/2021-05-15T000000Z_N0000029_G1_DM45dc_FRQ_WWV10.csv.gz/content	keep
553	2020-07-21T000000Z_N00009_G1_FN20ge_FRQ_WWV10.csv.gz	N00009	G1	FN20ge	WWV10	2020-07-21T00:00:00Z	690864	dfea35c7a1076b9c4ace0df46e946aa4	https://zenodo.org/api/records/6590283/files/2020-07-21T000000Z_N00009_G1_FN20ge_FRQ_WWV10.csv.gz/content	keep
554	2020-07-22T000000Z_N00009_G1_FN20ge_FRQ_WWV10.csv.gz	N00009	G1	FN20ge	WWV10	2020-07-22T00:00:00Z	686839	629fde2d848d07c08d9247ce1b11025a	https://zenodo.org/api/records/6590283/files/2020-07-22T000000Z_N00009_G1_FN20ge_FRQ_WWV10.csv.gz/content	keep
555	2020-07-23T000000Z_N00009_G1_FN20ge_FRQ_WWV10.csv.gz	N00009	G1	FN20ge	WWV10	2020-07-23T00:00:00Z	605527	7c5a3d3d38462123af5c2ea454b91a65	https://zenodo.org/api/records/6590283/files/2020-07-23T000000Z_N00009_G1_FN20ge_FRQ_WWV10.csv.gz/content	keep
556	2020-07-24T000000Z_N00009_G1_FN20ge_FRQ_WWV10.csv.gz	N00009	G1	FN20ge	WWV10	2020-07-24T00:00:00Z	685297	1ace87dedede8709e7ba1d434f97f80c	https://zenodo.org/api/records/6590283/files/2020-07-24T000000Z_N00009_G1_FN20ge_FRQ_WWV10.csv.gz/content	keep
557	2020-07-25T000000Z_N00009_G1_FN20ge_FRQ_WWV10.csv.gz	N00009	G1	FN20ge	WWV10	2020-07-25T00:00:00Z	678925	e359762b0211412721486c4fc177380a	https://zenodo.org/api/records/6590283/files/2020-07-25T000000Z_N00009_G1_FN20ge_FRQ_WWV10.csv.gz/content	keep
558	2020-07-26T000000Z_N00009_G1_FN20ge_FRQ_WWV10.csv.gz	N00009	G1	FN20ge	WWV10	2020-07-26T00:00:00Z	685866	c266b6af5b530a2c78ae37427abe2621	https://zenodo.org/api/records/6590283/files/2020-07-26T000000Z_N00009_G1_FN20ge_FRQ_WWV10.csv.gz/content	keep
559	2020-07-27T000000Z_N00009_G1_FN20ge_FRQ_WWV10.csv.gz	N00009	G1	FN20ge	WWV10	2020-07-27T00:00:00Z	678727	6d59397100556a5e9f1abc3fd67976bd	https://zenodo.org/api/records/6590283/files/2020-07-27T000000Z_N00009_G1_FN20ge_FRQ_WWV10.csv.gz/content	keep
560	2020-07-28T000000Z_N00009_G1_FN20ge_FRQ_WWV10.csv.gz	N00009	G1	FN20ge	WWV10	2020-07-28T00:00:00Z	684316	0222faa9b7eb3fda180eae0cfbbd31d0	https://zenodo.org/api/records/6590283/files/2020-07-28T000000Z_N00009_G1_FN20ge_FRQ_WWV10.csv.gz/content	keep
561	2020-07-29T000000Z_N00009_G1_FN20ge_FRQ_WWV10.csv.gz	N00009	G1	FN20ge	WWV10	2020-07-29T00:00:00Z	693787	8ffaff4816ca06cb11279dd4e36929ee	https://zenodo.org/api/records/6590283/files/2020-07-29T000000Z_N00009_G1_FN20ge_FRQ_WWV10.csv.gz/content	keep
562	2020-07-30T000000Z_N00009_G1_FN20ge_FRQ_WWV10.csv.gz	N00009	G1	FN20ge	WWV10	2020-07-30T00:00:00Z	689046	91286ad39e7e8d7c0f2b74a61352789f	https://zenodo.org/api/records/6590283/files/2020-07-30T000000Z_N00009_G1_FN20ge_FRQ_WWV10.csv.gz/content	keep
563	2020-07-31T000000Z_N00009_G1_FN20ge_FRQ_WWV10.csv.gz	N00009	G1	FN20ge	WWV10	2020-07-31T00:00:00Z	689825	4ae44945dcbda59d9d3c0e00ee37b137	https://zenodo.org/api/records/6590283/files/2020-07-31T000000Z_N00009_G1_FN20ge_FRQ_WWV10.csv.gz/content	keep
564	2020-08-01T000000Z_N00009_G1_FN20ge_FRQ_WWV10.csv.gz	N00009	G1	FN20ge	WWV10	2020-08-01T00:00:00Z	691840	d8b1e01c6aaba374c299e1b5eca2fc68	https://zenodo.org/api/records/6590283/files/2020-08-01T000000Z_N00009_G1_FN20ge_FRQ_WWV10.csv.gz/content	keep
565	2020-08-02T000000Z_N00009_G1_FN20ge_FRQ_WWV10.csv.gz	N00009	G1	FN20ge	WWV10	2020-08-02T00:00:00Z	707274	30ac6fb3e717f95f0651175e442020e6	https://zenodo.org/api/records/6590283/files/2020-08-02T000000Z_N00009_G1_FN20ge_FRQ_WWV10.csv.gz/content	keep
566	2020-08-03T000000Z_N00009_G1_FN20ge_FRQ_WWV10.csv.gz	N00009	G1	FN20ge	WWV10	2020-08-03T00:00:00Z	705852	78c9f5491234f0901461ec1c1a20bc4d	https://zenodo.org/api/records/6590283/files/2020-08-03T000000Z_N00009_G1_FN20ge_FRQ_WWV10.csv.gz/content	keep
567	2020-08-09T015041Z_N00009_G1_FN20ge_FRQ_WWV10.csv.gz	N00009	G1	FN20ge	WWV10	2020-08-09T01:50:41Z	650938	5c461941e8ca33ea1f46703ca0a7cffe	https://zenodo.org/api/records/6590283/files/2020-08-09T015041Z_N00009_G1_FN20ge_FRQ_WWV10.csv.gz/content	keep
568	2020-08-10T000000Z_N00009_G1_FN20ge_FRQ_WWV10.csv.gz	N00009	G1	FN20ge	WWV10	2020-08-10T00:00:00Z	709047	b120e45f5ccc76d5f7dbfdfaec0c6291	https://zenodo.org/api/records/6590283/files/2020-08-10T000000Z_N00009_G1_FN20ge_FRQ_WWV10.csv.gz/content	keep
569	2020-08-11T000000Z_N00009_G1_FN20ge_FRQ_WWV10.csv.gz	N00009	G1	FN20ge	WWV10	2020-08-11T00:00:00Z	703677	619e0f154ab60b380ae5cc16eeeb4db0	https://zenodo.org/api/records/6590283/files/2020-08-11T000000Z_N00009_G1_FN20ge_FRQ_WWV10.csv.gz/content	keep
570	2020-08-12T000000Z_N00009_G1_FN20ge_FRQ_WWV10.csv.gz	N00009	G1	FN20ge	WWV10	2020-08-12T00:00:00Z	703636	6ec4d6b214273cda8de7233ec8e3a2b1	https://zenodo.org/api/records/6590283/files/2020-08-12T000000Z_N00009_G1_FN20ge_FRQ_WWV10.csv.gz/content	keep
571	2020-08-13T000000Z_N00009_G1_FN20ge_FRQ_WWV10.csv.gz	N00009	G1	FN20ge	WWV10	2020-08-13T00:00:00Z	710480	23606bccab77de9225baf6932268f50b	https://zenodo.org/api/records/6590283/files/2020-08-13T000000Z_N00009_G1_FN20ge_FRQ_WWV10.csv.gz/content	keep
572	2020-08-14T000000Z_N00009_G1_FN20ge_FRQ_WWV10.csv.gz	N00009	G1	FN20ge	WWV10	2020-08-14T00:00:00Z	704740	bd7cda5b113d6335fb435a5abfe7fe47	https://zenodo.org/api/records/6590283/files/2020-08-14T000000Z_N00009_G1_FN20ge_FRQ_WWV10.csv.gz/content	keep
573	2020-08-15T000000Z_N00009_G1_FN20ge_FRQ_WWV10.csv.gz	N00009	G1	FN20ge	WWV10	2020-08-15T00:00:00Z	705880	7be244ee2c025579a895a0278fba247a	https://zenodo.org/api/records/6590283/files/2020-08-15T000000Z_N00009_G1_FN20ge_FRQ_WWV10.csv.gz/content	keep
574	2020-08-16T000000Z_N00009_G1_FN20ge_FRQ_WWV10.csv.gz	N00009	G1	FN20ge	WWV10	2020-08-16T00:00:00Z	708039	a0f0f512e1626f1e931b6b3ffaa979bf	https://zenodo.org/api/records/6590283/files/2020-08-16T000000Z_N00009_G1_FN20ge_FRQ_WWV10.csv.gz/content	keep
575	2020-08-17T000000Z_N00009_G1_FN20ge_FRQ_WWV10.csv.gz	N00009	G1	FN20ge	WWV10	2020-08-17T00:00:00Z	706747	0df0b1173321c03753b02ebde1ab263e	https://zenodo.org/api/records/6590283/files/2020-08-17T000000Z_N00009_G1_FN20ge_FRQ_WWV10.csv.gz/content	keep
576	2020-08-18T000000Z_N00009_G1_FN20ge_FRQ_WWV10.csv.gz	N00009	G1	FN20ge	WWV10	2020-08-18T00:00:00Z	704889	73b0e65dc0c401187d10e7b30aa09055	https://zenodo.org/api/records/6590283/files/2020-08-18T000000Z_N00009_G1_FN20ge_FRQ_WWV10.csv.gz/content	keep
577	2020-08-19T000000Z_N00009_G1_FN20ge_FRQ_WWV10.csv.gz	N00009	G1	FN20ge	WWV10	2020-08-19T00:00:00Z	705557	1201faf19595f8a66786a3832353c5e6	https://zenodo.org/api/records/6590283/files/2020-08-19T000000Z_N00009_G1_FN20ge_FRQ_WWV10.csv.gz/content	keep
578	2020-08-20T000000Z_N00009_G1_FN20ge_FRQ_WWV10.csv.gz	N00009	G1	FN20ge	WWV10	2020-08-20T00:00:00Z	704784	7e394f64d481061ef7e5934de144622f	https://zenodo.org/api/records/6590283/files/2020-08-20T000000Z_N00009_G1_FN20ge_FRQ_WWV10.csv.gz/content	keep
579	2020-08-21T000000Z_N00009_G1_FN20ge_FRQ_WWV10.csv.gz	N00009	G1	FN20ge	WWV10	2020-08-21T00:00:00Z	702827	5891973bfd83c76829d9de408b37ff25	https://zenodo.org/api/records/6590283/files/2020-08-21T000000Z_N00009_G1_FN20ge_FRQ_WWV10.csv.gz/content	keep
580	2020-08-22T000000Z_N00009_G1_FN20ge_FRQ_WWV10.csv.gz	N00009	G1	FN20ge	WWV10	2020-08-22T00:00:00Z	705689	aa1d8da86108c519218ddc9a8c5485bd	https://zenodo.org/api/records/6590283/files/2020-08-22T000000Z_N00009_G1_FN20ge_FRQ_WWV10.csv.gz/content	keep
581	2020-08-23T000000Z_N00009_G1_FN20ge_FRQ_WWV10.csv.gz	N00009	G1	FN20ge	WWV10	2020-08-23T00:00:00Z	707447	f8fc7bf692a0682cdd7adf75c782a46b	https://zenodo.org/api/records/6590283/files/2020-08-23T000000Z_N00009_G1_FN20ge_FRQ_WWV10.csv.gz/content	keep
582	2020-08-24T000000Z_N00009_G1_FN20ge_FRQ_WWV10.csv.gz	N00009	G1	FN20ge	WWV10	2020-08-24T00:00:00Z	702885	fb2b3bd1706073964204570d0be0de71	https://zenodo.org/api/records/6590283/files/2020-08-24T000000Z_N00009_G1_FN20ge_FRQ_WWV10.csv.gz/content	keep
583	2020-08-25T000000Z_N00009_G1_FN20ge_FRQ_WWV10.csv.gz	N00009	G1	FN20ge	WWV10	2020-08-25T00:00:00Z	706409	ce2a3e738821573c1f91ec004bb4a352	https://zenodo.org/api/records/6590283/files/2020-08-25T000000Z_N00009_G1_FN20ge_FRQ_WWV10.csv.gz/content	keep
584	2020-08-26T000000Z_N00009_G1_FN20ge_FRQ_WWV10.csv.gz	N00009	G1	FN20ge	WWV10	2020-08-26T00:00:00Z	703668	8a309224bfcc9582eea5a78ace97f1fd	https://zenodo.org/api/records/6590283/files/2020-08-26T000000Z_N00009_G1_FN20ge_FRQ_WWV10.csv.gz/content	keep
585	2020-08-27T000000Z_N00009_G1_FN20ge_FRQ_WWV10.csv.gz	N00009	G1	FN20ge	WWV10	2020-08-27T00:00:00Z	699237	35f5bf2c0ac60987d8a14c824693f557	https://zenodo.org/api/records/6590283/files/2020-08-27T000000Z_N00009_G1_FN20ge_FRQ_WWV10.csv.gz/content	keep
586	2020-08-28T000000Z_N00009_G1_FN20ge_FRQ_WWV10.csv.gz	N00009	G1	FN20ge	WWV10	2020-08-28T00:00:00Z	700740	96d17b9147124aeb9e8312ee935e61a4	https://zenodo.org/api/records/6590283/files/2020-08-28T000000Z_N00009_G1_FN20ge_FRQ_WWV10.csv.gz/content	keep
587	2020-08-29T000000Z_N00009_G1_FN20ge_FRQ_WWV10.csv.gz	N00009	G1	FN20ge	WWV10	2020-08-29T00:00:00Z	703396	f0b2128c6d0ec7df0f858c3bac6f4ea9	https://zenodo.org/api/records/6590283/files/2020-08-29T000000Z_N00009_G1_FN20ge_FRQ_WWV10.csv.gz/content	keep
588	2020-08-30T000000Z_N00009_G1_FN20ge_FRQ_WWV10.csv.gz	N00009	G1	FN20ge	WWV10	2020-08-30T00:00:00Z	697347	aab7c2863040615cb5655318b19f685a	https://zenodo.org/api/records/6590283/files/2020-08-30T000000Z_N00009_G1_FN20ge_FRQ_WWV10.csv.gz/content	keep
589	2020-08-31T000000Z_N00009_G1_FN20ge_FRQ_WWV10.csv.gz	N00009	G1	FN20ge	WWV10	2020-08-31T00:00:00Z	700661	1166a123fb10ed04685e9a9312ea5ec2	https://zenodo.org/api/records/6590283/files/2020-08-31T000000Z_N00009_G1_FN20ge_FRQ_WWV10.csv.gz/content	keep
590	2020-09-01T000000Z_N00009_G1_FN20ge_FRQ_WWV10.csv.gz	N00009	G1	FN20ge	WWV10	2020-09-01T00:00:00Z	694396	22397325fcb5eef6c2955e933f680e3f	https://zenodo.org/api/records/6590283/files/2020-09-01T000000Z_N00009_G1_FN20ge_FRQ_WWV10.csv.gz/content	keep
591	2020-09-02T000000Z_N00009_G1_FN20ge_FRQ_WWV10.csv.gz	N00009	G1	FN20ge	WWV10	2020-09-02T00:00:00Z	695461	7f16169b36152a94c72f9b56c73fd1ca	https://zenodo.org/api/records/6590283/files/2020-09-02T000000Z_N00009_G1_FN20ge_FRQ_WWV10.csv.gz/content	keep
592	2020-09-03T000000Z_N00009_G1_FN20ge_FRQ_WWV10.csv.gz	N00009	G1	FN20ge	WWV10	2020-09-03T00:00:00Z	692829	c81ee55eb42bb34df6e7d860c1760df3	https://zenodo.org/api/records/6590283/files/2020-09-03T000000Z_N00009_G1_FN20ge_FRQ_WWV10.csv.gz/content	keep
593	2020-09-04T000000Z_N00009_G1_FN20ge_FRQ_WWV10.csv.gz	N00009	G1	FN20ge	WWV10	2020-09-04T00:00:00Z	696309	f370791ce635987df797de9ab672d597	https://zenodo.org/api/records/6590283/files/2020-09-04T000000Z_N00009_G1_FN20ge_FRQ_WWV10.csv.gz/content	keep
594	2020-09-05T000000Z_N00009_G1_FN20ge_FRQ_WWV10.csv.gz	N00009	G1	FN20ge	WWV10	2020-09-05T00:00:00Z	700683	b96dfaf38af296868affa8289e2eb4fd	https://zenodo.org/api/records/6590283/files/2020-09-05T000000Z_N00009_G1_FN20ge_FRQ_WWV10.csv.gz/content	keep
595	2020-09-06T000000Z_N00009_G1_FN20ge_FRQ_WWV10.csv.gz	N00009	G1	FN20ge	WWV10	2020-09-06T00:00:00Z	699163	739a4719ab52c4e666dd9f6b9fd4fba0	https://zenodo.org/api/records/6590283/files/2020-09-06T000000Z_N00009_G1_FN20ge_FRQ_WWV10.csv.gz/content	keep
596	2020-09-07T000000Z_N00009_G1_FN20ge_FRQ_WWV10.csv.gz	N00009	G1	FN20ge	WWV10	2020-09-07T00:00:00Z	699029	d5dff8c402bc3a87e53452aba9ef8662	https://zenodo.org/api/records/6590283/files/2020-09-07T000000Z_N00009_G1_FN20ge_FRQ_WWV10.csv.gz/content	keep
597	2020-09-08T000000Z_N00009_G1_FN20ge_FRQ_WWV10.csv.gz	N00009	G1	FN20ge	WWV10	2020-09-08T00:00:00Z	694422	fb7063e99648921c574baddc61190c06	https://zenodo.org/api/records/6590283/files/2020-09-08T000000Z_N00009_G1_FN20ge_FRQ_WWV10.csv.gz/content	keep
598	2020-09-09T000000Z_N00009_G1_FN20ge_FRQ_WWV10.csv.gz	N00009	G1	FN20ge	WWV10	2020-09-09T00:00:00Z	695510	1ebeb5ad8b0ee8f69767cd69451bd648	https://zenodo.org/api/records/6590283/files/2020-09-09T000000Z_N00009_G1_FN20ge_FRQ_WWV10.csv.gz/content	keep
599	2020-09-10T000000Z_N00009_G1_FN20ge_FRQ_WWV10.csv.gz	N00009	G1	FN20ge	WWV10	2020-09-10T00:00:00Z	692449	f5185ec404fac80845e90835bb2b0110	https://zenodo.org/api/records/6590283/files/2020-09-10T000000Z_N00009_G1_FN20ge_FRQ_WWV10.csv.gz/content	keep
600	2020-09-11T000000Z_N00009_G1_FN20ge_FRQ_WWV10.csv.gz	N00009	G1	FN20ge	WWV10	2020-09-11T00:00:00Z	691624	fed0d35e0da657b91de2dcfbe49d11e1	https://zenodo.org/api/records/6590283/files/2020-09-11T000000Z_N00009_G1_FN20ge_FRQ_WWV10.csv.gz/content	keep
601	2020-09-12T000000Z_N00009_G1_FN20ge_FRQ_WWV10.csv.gz	N00009	G1	FN20ge	WWV10	2020-09-12T00:00:00Z	693748	680d88cc5171c036be9f1763015dc4c3	https://zenodo.org/api/records/6590283/files/2020-09-12T000000Z_N00009_G1_FN20ge_FRQ_WWV10.csv.gz/content	keep
602	2020-09-13T000000Z_N00009_G1_FN20ge_FRQ_WWV10.csv.gz	N00009	G1	FN20ge	WWV10	2020-09-13T00:00:00Z	689328	e958597b6ba4f8c5fa3c79510f8cf897	https://zenodo.org/api/records/6590283/files/2020-09-13T000000Z_N00009_G1_FN20ge_FRQ_WWV10.csv.gz/content	keep
603	2020-09-14T000000Z_N00009_G1_FN20ge_FRQ_WWV10.csv.gz	N00009	G1	FN20ge	WWV10	2020-09-14T00:00:00Z	694563	e7536a3587206ef8da5e62a35c73ee0f	https://zenodo.org/api/records/6590283/files/2020-09-14T000000Z_N00009_G1_FN20ge_FRQ_WWV10.csv.gz/content	keep
604	2020-09-15T000000Z_N00009_G1_FN20ge_FRQ_WWV10.csv.gz	N00009	G1	FN20ge	WWV10	2020-09-15T00:00:00Z	694669	6de3903a715b7b5a6e8b4aa107ddf338	https://zenodo.org/api/records/6590283/files/2020-09-15T000000Z_N00009_G1_FN20ge_FRQ_WWV10.csv.gz/content	keep
605	2020-09-16T000000Z_N00009_G1_FN20ge_FRQ_WWV10.csv.gz	N00009	G1	FN20ge	WWV10	2020-09-16T00:00:00Z	696753	21e53d106a31c174cd1ad8f161f2d0f7	https://zenodo.org/api/records/6590283/files/2020-09-16T000000Z_N00009_G1_FN20ge_FRQ_WWV10.csv.gz/content	keep
606	2020-09-17T000000Z_N00009_G1_FN20ge_FRQ_WWV10.csv.gz	N00009	G1	FN20ge	WWV10	2020-09-17T00:00:00Z	691775	90cdc41bdc04f56e803de9aa9d77458c	https://zenodo.org/api/records/6590283/files/2020-09-17T000000Z_N00009_G1_FN20ge_FRQ_WWV10.csv.gz/content	keep
607	2020-09-18T000001Z_N00009_G1_FN20ge_FRQ_WWV10.csv.gz	N00009	G1	FN20ge	WWV10	2020-09-18T00:00:01Z	692265	b0d11bff85e201ee3c18292e54d6f5ca	https://zenodo.org/api/records/6590283/files/2020-09-18T000001Z_N00009_G1_FN20ge_FRQ_WWV10.csv.gz/content	keep
608	2020-09-19T000000Z_N00009_G1_FN20ge_FRQ_WWV10.csv.gz	N00009	G1	FN20ge	WWV10	2020-09-19T00:00:00Z	697477	28da4b760ab8022f9bda90c03c436b28	https://zenodo.org/api/records/6590283/files/2020-09-19T000000Z_N00009_G1_FN20ge_FRQ_WWV10.csv.gz/content	keep
609	2020-09-20T000000Z_N00009_G1_FN20ge_FRQ_WWV10.csv.gz	N00009	G1	FN20ge	WWV10	2020-09-20T00:00:00Z	693915	ca4354eba0227e2a51ad9ee34ccf30e0	https://zenodo.org/api/records/6590283/files/2020-09-20T000000Z_N00009_G1_FN20ge_FRQ_WWV10.csv.gz/content	keep
610	2020-09-21T000000Z_N00009_G1_FN20ge_FRQ_WWV10.csv.gz	N00009	G1	FN20ge	WWV10	2020-09-21T00:00:00Z	694216	1390d991fb3f0cbaa7f06769e48110e0	https://zenodo.org/api/records/6590283/files/2020-09-21T000000Z_N00009_G1_FN20ge_FRQ_WWV10.csv.gz/content	keep
611	2020-09-22T000000Z_N00009_G1_FN20ge_FRQ_WWV10.csv.gz	N00009	G1	FN20ge	WWV10	2020-09-22T00:00:00Z	694203	2ec19b039eff9c6b1d95db3325a1571b	https://zenodo.org/api/records/6590283/files/2020-09-22T000000Z_N00009_G1_FN20ge_FRQ_WWV10.csv.gz/content	keep
612	2020-09-23T000000Z_N00009_G1_FN20ge_FRQ_WWV10.csv.gz	N00009	G1	FN20ge	WWV10	2020-09-23T00:00:00Z	691873	8f5bfd41182f9812959dad39e73831e1	https://zenodo.org/api/records/6590283/files/2020-09-23T000000Z_N00009_G1_FN20ge_FRQ_WWV10.csv.gz/content	keep
613	2020-09-24T000000Z_N00009_G1_FN20ge_FRQ_WWV10.csv.gz	N00009	G1	FN20ge	WWV10	2020-09-24T00:00:00Z	692209	bb86213ec3703d3b2ec8a3a6410c05d5	https://zenodo.org/api/records/6590283/files/2020-09-24T000000Z_N00009_G1_FN20ge_FRQ_WWV10.csv.gz/content	keep
614	2020-09-25T000000Z_N00009_G1_FN20ge_FRQ_WWV10.csv.gz	N00009	G1	FN20ge	WWV10	2020-09-25T00:00:00Z	691595	6ea3c08a39f5220be9db69753e9a75ac	https://zenodo.org/api/records/6590283/files/2020-09-25T000000Z_N00009_G1_FN20ge_FRQ_WWV10.csv.gz/content	keep
615	2020-09-26T000000Z_N00009_G1_FN20ge_FRQ_WWV10.csv.gz	N00009	G1	FN20ge	WWV10	2020-09-26T00:00:00Z	689153	b59b271ec2928fc63c49bb9e2d765afc	https://zenodo.org/api/records/6590283/files/2020-09-26T000000Z_N00009_G1_FN20ge_FRQ_WWV10.csv.gz/content	keep
616	2020-09-27T000000Z_N00009_G1_FN20ge_FRQ_WWV10.csv.gz	N00009	G1	FN20ge	WWV10	2020-09-27T00:00:00Z	691594	794a86d657fc441a3358d2a4acd32e02	https://zenodo.org/api/records/6590283/files/2020-09-27T000000Z_N00009_G1_FN20ge_FRQ_WWV10.csv.gz/content	keep
617	2020-09-28T000000Z_N00009_G1_FN20ge_FRQ_WWV10.csv.gz	N00009	G1	FN20ge	WWV10	2020-09-28T00:00:00Z	688042	ea48dfff7b4b9c65f2ab5461a2c13263	https://zenodo.org/api/records/6590283/files/2020-09-28T000000Z_N00009_G1_FN20ge_FRQ_WWV10.csv.gz/content	keep
618	2020-09-29T000000Z_N00009_G1_FN20ge_FRQ_WWV10.csv.gz	N00009	G1	FN20ge	WWV10	2020-09-29T00:00:00Z	683878	536c543851d39990bd73dcc2e20e75b1	https://zenodo.org/api/records/6590283/files/2020-09-29T000000Z_N00009_G1_FN20ge_FRQ_WWV10.csv.gz/content	keep
619	2020-09-30T000000Z_N00009_G1_FN20ge_FRQ_WWV10.csv.gz	N00009	G1	FN20ge	WWV10	2020-09-30T00:00:00Z	690088	6761587aad2d428037ef100ef5c6e84e	https://zenodo.org/api/records/6590283/files/2020-09-30T000000Z_N00009_G1_FN20ge_FRQ_WWV10.csv.gz/content	keep
620	2020-10-01T000000Z_N00009_G1_FN20ge_FRQ_WWV10.csv.gz	N00009	G1	FN20ge	WWV10	2020-10-01T00:00:00Z	688817	d0661590faae3dbc7c34936b712a7458	https://zenodo.org/api/records/6590283/files/2020-10-01T000000Z_N00009_G1_FN20ge_FRQ_WWV10.csv.gz/content	keep
621	2020-10-02T000000Z_N00009_G1_FN20ge_FRQ_WWV10.csv.gz	N00009	G1	FN20ge	WWV10	2020-10-02T00:00:00Z	686090	ed4398552bfb9d1abaff1fde0fc8214a	https://zenodo.org/api/records/6590283/files/2020-10-02T000000Z_N00009_G1_FN20ge_FRQ_WWV10.csv.gz/content	keep
622	2020-10-03T000000Z_N00009_G1_FN20ge_FRQ_WWV10.csv.gz	N00009	G1	FN20ge	WWV10	2020-10-03T00:00:00Z	688745	5c326a205cb7b7200d1d738849949319	https://zenodo.org/api/records/6590283/files/2020-10-03T000000Z_N00009_G1_FN20ge_FRQ_WWV10.csv.gz/content	keep
623	2020-10-04T000000Z_N00009_G1_FN20ge_FRQ_WWV10.csv.gz	N00009	G1	FN20ge	WWV10	2020-10-04T00:00:00Z	686679	1083c21d7cbaa3281a1d5dbce9502030	https://zenodo.org/api/records/6590283/files/2020-10-04T000000Z_N00009_G1_FN20ge_FRQ_WWV10.csv.gz/content	keep
624	2020-10-05T000000Z_N00009_G1_FN20ge_FRQ_WWV10.csv.gz	N00009	G1	FN20ge	WWV10	2020-10-05T00:00:00Z	690606	93a08e712ebae51a97afb06bf50d19a1	https://zenodo.org/api/records/6590283/files/2020-10-05T000000Z_N00009_G1_FN20ge_FRQ_WWV10.csv.gz/content	keep
625	2020-10-06T000000Z_N00009_G1_FN20ge_FRQ_WWV10.csv.gz	N00009	G1	FN20ge	WWV10	2020-10-06T00:00:00Z	707758	33397f3a5521c7ca8f3437ff75e5226c	https://zenodo.org/api/records/6590283/files/2020-10-06T000000Z_N00009_G1_FN20ge_FRQ_WWV10.csv.gz/content	keep
626	2020-10-07T000000Z_N00009_G1_FN20ge_FRQ_WWV10.csv.gz	N00009	G1	FN20ge	WWV10	2020-10-07T00:00:00Z	692833	7b56feded69ffb730a089b527497aa86	https://zenodo.org/api/records/6590283/files/2020-10-07T000000Z_N00009_G1_FN20ge_FRQ_WWV10.csv.gz/content	keep
627	2020-10-08T000000Z_N00009_G1_FN20ge_FRQ_WWV10.csv.gz	N00009	G1	FN20ge	WWV10	2020-10-08T00:00:00Z	696841	20d5fbac9e19df32b7587419379802a4	https://zenodo.org/api/records/6590283/files/2020-10-08T000000Z_N00009_G1_FN20ge_FRQ_WWV10.csv.gz/content	keep
628	2020-10-09T000000Z_N00009_G1_FN20ge_FRQ_WWV10.csv.gz	N00009	G1	FN20ge	WWV10	2020-10-09T00:00:00Z	703147	8ea4e40b579d9b8899471e999800617a	https://zenodo.org/api/records/6590283/files/2020-10-09T000000Z_N00009_G1_FN20ge_FRQ_WWV10.csv.gz/content	keep
629	2020-10-10T000000Z_N00009_G1_FN20ge_FRQ_WWV10.csv.gz	N00009	G1	FN20ge	WWV10	2020-10-10T00:00:00Z	694483	93a9a34b027904800051fd179ba88d4e	https://zenodo.org/api/records/6590283/files/2020-10-10T000000Z_N00009_G1_FN20ge_FRQ_WWV10.csv.gz/content	keep
630	2020-10-11T000000Z_N00009_G1_FN20ge_FRQ_WWV10.csv.gz	N00009	G1	FN20ge	WWV10	2020-10-11T00:00:00Z	688551	49bf9541c01e27d003241805a7e46f8e	https://zenodo.org/api/records/6590283/files/2020-10-11T000000Z_N00009_G1_FN20ge_FRQ_WWV10.csv.gz/content	keep
631	2020-10-12T000000Z_N00009_G1_FN20ge_FRQ_WWV10.csv.gz	N00009	G1	FN20ge	WWV10	2020-10-12T00:00:00Z	705472	607da762d003c9340a994e0ebf064ded	https://zenodo.org/api/records/6590283/files/2020-10-12T000000Z_N00009_G1_FN20ge_FRQ_WWV10.csv.gz/content	keep
632	2020-10-13T000000Z_N00009_G1_FN20ge_FRQ_WWV10.csv.gz	N00009	G1	FN20ge	WWV10	2020-10-13T00:00:00Z	700636	0e92272d431bb5a996df388b62ee2db8	https://zenodo.org/api/records/6590283/files/2020-10-13T000000Z_N00009_G1_FN20ge_FRQ_WWV10.csv.gz/content	keep
633	2020-10-14T000000Z_N00009_G1_FN20ge_FRQ_WWV10.csv.gz	N00009	G1	FN20ge	WWV10	2020-10-14T00:00:00Z	701897	106319d5a17f2908570a0e6021bd7a2b	https://zenodo.org/api/records/6590283/files/2020-10-14T000000Z_N00009_G1_FN20ge_FRQ_WWV10.csv.gz/content	keep
634	2020-10-15T000000Z_N00009_G1_FN20ge_FRQ_WWV10.csv.gz	N00009	G1	FN20ge	WWV10	2020-10-15T00:00:00Z	701232	eccde37bc8296dff99b1e1ab071b2b26	https://zenodo.org/api/records/6590283/files/2020-10-15T000000Z_N00009_G1_FN20ge_FRQ_WWV10.csv.gz/content	keep
635	2020-10-16T000001Z_N00009_G1_FN20ge_FRQ_WWV10.csv.gz	N00009	G1	FN20ge	WWV10	2020-10-16T00:00:01Z	703175	8f90f57b93d502822988e7bcd206cc7f	https://zenodo.org/api/records/6590283/files/2020-10-16T000001Z_N00009_G1_FN20ge_FRQ_WWV10.csv.gz/content	keep
636	2020-10-17T000000Z_N00009_G1_FN20ge_FRQ_WWV10.csv.gz	N00009	G1	FN20ge	WWV10	2020-10-17T00:00:00Z	706232	7294ed91c3c28e82de201bb53c2fa384	https://zenodo.org/api/records/6590283/files/2020-10-17T000000Z_N00009_G1_FN20ge_FRQ_WWV10.csv.gz/content	keep
637	2020-10-18T000000Z_N00009_G1_FN20ge_FRQ_WWV10.csv.gz	N00009	G1	FN20ge	WWV10	2020-10-18T00:00:00Z	704859	ff974f059c4d16b3c9260da48446cbf6	https://zenodo.org/api/records/6590283/files/2020-10-18T000000Z_N00009_G1_FN20ge_FRQ_WWV10.csv.gz/content	keep
638	2020-10-19T000000Z_N00009_G1_FN20ge_FRQ_WWV10.csv.gz	N00009	G1	FN20ge	WWV10	2020-10-19T00:00:00Z	711156	51de384877e38793e6217b9c5b4da2cf	https://zenodo.org/api/records/6590283/files/2020-10-19T000000Z_N00009_G1_FN20ge_FRQ_WWV10.csv.gz/content	keep
639	2020-10-20T000000Z_N00009_G1_FN20ge_FRQ_WWV10.csv.gz	N00009	G1	FN20ge	WWV10	2020-10-20T00:00:00Z	707529	72354f4b248a6b9482ce2c606e166575	https://zenodo.org/api/records/6590283/files/2020-10-20T000000Z_N00009_G1_FN20ge_FRQ_WWV10.csv.gz/content	keep
640	2020-10-21T000000Z_N00009_G1_FN20ge_FRQ_WWV10.csv.gz	N00009	G1	FN20ge	WWV10	2020-10-21T00:00:00Z	697036	f1ddd01828b38762cd834678b05b1247	https://zenodo.org/api/records/6590283/files/2020-10-21T000000Z_N00009_G1_FN20ge_FRQ_WWV10.csv.gz/content	keep
641	2020-10-22T000000Z_N00009_G1_FN20ge_FRQ_WWV10.csv.gz	N00009	G1	FN20ge	WWV10	2020-10-22T00:00:00Z	700392	65796ad6e481fd112f84d0f847803a8d	https://zenodo.org/api/records/6590283/files/2020-10-22T000000Z_N00009_G1_FN20ge_FRQ_WWV10.csv.gz/content	keep
642	2020-10-23T000000Z_N00009_G1_FN20ge_FRQ_WWV10.csv.gz	N00009	G1	FN20ge	WWV10	2020-10-23T00:00:00Z	699152	28f4350ab9d162086d175f522b561f29	https://zenodo.org/api/records/6590283/files/2020-10-23T000000Z_N00009_G1_FN20ge_FRQ_WWV10.csv.gz/content	keep
643	2020-10-24T000000Z_N00009_G1_FN20ge_FRQ_WWV10.csv.gz	N00009	G1	FN20ge	WWV10	2020-10-24T00:00:00Z	708060	0e6b603503f6b7443888c7151b3df7a7	https://zenodo.org/api/records/6590283/files/2020-10-24T000000Z_N00009_G1_FN20ge_FRQ_WWV10.csv.gz/content	keep
644	2020-10-25T000000Z_N00009_G1_FN20ge_FRQ_WWV10.csv.gz	N00009	G1	FN20ge	WWV10	2020-10-25T00:00:00Z	698117	d0650157a81cafbed78554e16143560a	https://zenodo.org/api/records/6590283/files/2020-10-25T000000Z_N00009_G1_FN20ge_FRQ_WWV10.csv.gz/content	keep
645	2020-10-26T000000Z_N00009_G1_FN20ge_FRQ_WWV10.csv.gz	N00009	G1	FN20ge	WWV10	2020-10-26T00:00:00Z	694887	e9ab03b7cad42162f6386dbc7d19674f	https://zenodo.org/api/records/6590283/files/2020-10-26T000000Z_N00009_G1_FN20ge_FRQ_WWV10.csv.gz/content	keep
646	2020-10-27T000000Z_N00009_G1_FN20ge_FRQ_WWV10.csv.gz	N00009	G1	FN20ge	WWV10	2020-10-27T00:00:00Z	693345	285cfe4291d6289c001902bd29cc6cf8	https://zenodo.org/api/records/6590283/files/2020-10-27T000000Z_N00009_G1_FN20ge_FRQ_WWV10.csv.gz/content	keep
647	2020-10-28T000000Z_N00009_G1_FN20ge_FRQ_WWV10.csv.gz	N00009	G1	FN20ge	WWV10	2020-10-28T00:00:00Z	693247	c1cc4a2b456aaaeeb2bd5709a93ed057	https://zenodo.org/api/records/6590283/files/2020-10-28T000000Z_N00009_G1_FN20ge_FRQ_WWV10.csv.gz/content	keep
648	2020-10-29T000001Z_N00009_G1_FN20ge_FRQ_WWV10.csv.gz	N00009	G1	FN20ge	WWV10	2020-10-29T00:00:01Z	685284	2b478fee78fefcbf56721a3bbd12f016	https://zenodo.org/api/records/6590283/files/2020-10-29T000001Z_N00009_G1_FN20ge_FRQ_WWV10.csv.gz/content	keep
649	2020-10-30T000000Z_N00009_G1_FN20ge_FRQ_WWV10.csv.gz	N00009	G1	FN20ge	WWV10	2020-10-30T00:00:00Z	685370	52ce7b1e494cb3ee2d1e7f16214efaca	https://zenodo.org/api/records/6590283/files/2020-10-30T000000Z_N00009_G1_FN20ge_FRQ_WWV10.csv.gz/content	keep
650	2020-10-31T000000Z_N00009_G1_FN20ge_FRQ_WWV10.csv.gz	N00009	G1	FN20ge	WWV10	2020-10-31T00:00:00Z	687609	1160d355c39ef49cfbe33951fb09c50c	https://zenodo.org/api/records/6590283/files/2020-10-31T000000Z_N00009_G1_FN20ge_FRQ_WWV10.csv.gz/content	keep
651	2020-11-01T000000Z_N00009_G1_FN20ge_FRQ_WWV10.csv.gz	N00009	G1	FN20ge	WWV10	2020-11-01T00:00:00Z	707850	033166173e67cdf158158866b0356667	https://zenodo.org/api/records/6590283/files/2020-11-01T000000Z_N00009_G1_FN20ge_FRQ_WWV10.csv.gz/content	keep
652	2020-11-02T000000Z_N00009_G1_FN20ge_FRQ_WWV10.csv.gz	N00009	G1	FN20ge	WWV10	2020-11-02T00:00:00Z	700321	561243ebc7e7038690d5cd4aadc3ae9c	https://zenodo.org/api/records/6590283/files/2020-11-02T000000Z_N00009_G1_FN20ge_FRQ_WWV10.csv.gz/content	keep
653	2020-11-03T000000Z_N00009_G1_FN20ge_FRQ_WWV10.csv.gz	N00009	G1	FN20ge	WWV10	2020-11-03T00:00:00Z	702532	1907f7e2f369b39aeeeeb49598ee92e3	https://zenodo.org/api/records/6590283/files/2020-11-03T000000Z_N00009_G1_FN20ge_FRQ_WWV10.csv.gz/content	keep
654	2020-11-04T000000Z_N00009_G1_FN20ge_FRQ_WWV10.csv.gz	N00009	G1	FN20ge	WWV10	2020-11-04T00:00:00Z	692675	bc25a43e22abd27cbe587e112cd839d2	https://zenodo.org/api/records/6590283/files/2020-11-04T000000Z_N00009_G1_FN20ge_FRQ_WWV10.csv.gz/content	keep
655	2020-11-05T000000Z_N00009_G1_FN20ge_FRQ_WWV10.csv.gz	N00009	G1	FN20ge	WWV10	2020-11-05T00:00:00Z	687739	e096a1d7e8bd1bbc0f85afa38a6e39a5	https://zenodo.org/api/records/6590283/files/2020-11-05T000000Z_N00009_G1_FN20ge_FRQ_WWV10.csv.gz/content	keep
656	2020-11-06T000000Z_N00009_G1_FN20ge_FRQ_WWV10.csv.gz	N00009	G1	FN20ge	WWV10	2020-11-06T00:00:00Z	698840	b379e34be9ac96f89823bb2b7b8981ac	https://zenodo.org/api/records/6590283/files/2020-11-06T000000Z_N00009_G1_FN20ge_FRQ_WWV10.csv.gz/content	keep
657	2020-11-07T000000Z_N00009_G1_FN20ge_FRQ_WWV10.csv.gz	N00009	G1	FN20ge	WWV10	2020-11-07T00:00:00Z	702512	0acc27fc3fed67921cb3f108edeb3b96	https://zenodo.org/api/records/6590283/files/2020-11-07T000000Z_N00009_G1_FN20ge_FRQ_WWV10.csv.gz/content	keep
658	2020-11-08T000000Z_N00009_G1_FN20ge_FRQ_WWV10.csv.gz	N00009	G1	FN20ge	WWV10	2020-11-08T00:00:00Z	700009	2ca8f0353dc594e0f74550cd5e84bdf5	https://zenodo.org/api/records/6590283/files/2020-11-08T000000Z_N00009_G1_FN20ge_FRQ_WWV10.csv.gz/content	keep
659	2020-11-09T000000Z_N00009_G1_FN20ge_FRQ_WWV10.csv.gz	N00009	G1	FN20ge	WWV10	2020-11-09T00:00:00Z	694357	75d40b854f182a59612eaff33ea1988e	https://zenodo.org/api/records/6590283/files/2020-11-09T000000Z_N00009_G1_FN20ge_FRQ_WWV10.csv.gz/content	keep
660	2020-11-10T000000Z_N00009_G1_FN20ge_FRQ_WWV10.csv.gz	N00009	G1	FN20ge	WWV10	2020-11-10T00:00:00Z	692230	971e43a1ec96c3c7a03d5c6fb56488d6	https://zenodo.org/api/records/6590283/files/2020-11-10T000000Z_N00009_G1_FN20ge_FRQ_WWV10.csv.gz/content	keep
661	2020-11-11T000001Z_N00009_G1_FN20ge_FRQ_WWV10.csv.gz	N00009	G1	FN20ge	WWV10	2020-11-11T00:00:01Z	701755	a8586b3f07c30573267f4c1d444ddfda	https://zenodo.org/api/records/6590283/files/2020-11-11T000001Z_N00009_G1_FN20ge_FRQ_WWV10.csv.gz/content	keep
662	2020-11-12T000000Z_N00009_G1_FN20ge_FRQ_WWV10.csv.gz	N00009	G1	FN20ge	WWV10	2020-11-12T00:00:00Z	698220	f13330d5de519bdf1442f6bb161eb63d	https://zenodo.org/api/records/6590283/files/2020-11-12T000000Z_N00009_G1_FN20ge_FRQ_WWV10.csv.gz/content	keep
663	2020-11-13T000000Z_N00009_G1_FN20ge_FRQ_WWV10.csv.gz	N00009	G1	FN20ge	WWV10	2020-11-13T00:00:00Z	704503	ccf2072ea398c28cf5fa3fe031100b7a	https://zenodo.org/api/records/6590283/files/2020-11-13T000000Z_N00009_G1_FN20ge_FRQ_WWV10.csv.gz/content	keep
664	2020-11-14T000000Z_N00009_G1_FN20ge_FRQ_WWV10.csv.gz	N00009	G1	FN20ge	WWV10	2020-11-14T00:00:00Z	691915	2fe39bcd55a72be9addd598fd1a02320	https://zenodo.org/api/records/6590283/files/2020-11-14T000000Z_N00009_G1_FN20ge_FRQ_WWV10.csv.gz/content	keep
665	2020-11-15T000000Z_N00009_G1_FN20ge_FRQ_WWV10.csv.gz	N00009	G1	FN20ge	WWV10	2020-11-15T00:00:00Z	700707	5b79ab8af0c2afe658075906dd994c85	https://zenodo.org/api/records/6590283/files/2020-11-15T000000Z_N00009_G1_FN20ge_FRQ_WWV10.csv.gz/content	keep
666	2020-11-16T000000Z_N00009_G1_FN20ge_FRQ_WWV10.csv.gz	N00009	G1	FN20ge	WWV10	2020-11-16T00:00:00Z	698301	72fd81bef994d38ffb74a58a458374b0	https://zenodo.org/api/records/6590283/files/2020-11-16T000000Z_N00009_G1_FN20ge_FRQ_WWV10.csv.gz/content	keep
667	2020-11-17T000000Z_N00009_G1_FN20ge_FRQ_WWV10.csv.gz	N00009	G1	FN20ge	WWV10	2020-11-17T00:00:00Z	698324	dcd21ffab32c3aef928ccd7e1fbbb564	https://zenodo.org/api/records/6590283/files/2020-11-17T000000Z_N00009_G1_FN20ge_FRQ_WWV10.csv.gz/content	keep
668	2020-11-18T000000Z_N00009_G1_FN20ge_FRQ_WWV10.csv.gz	N00009	G1	FN20ge	WWV10	2020-11-18T00:00:00Z	698596	f813c62d37f157c8db184e7743652b1c	https://zenodo.org/api/records/6590283/files/2020-11-18T000000Z_N00009_G1_FN20ge_FRQ_WWV10.csv.gz/content	keep
669	2020-11-19T000000Z_N00009_G1_FN20ge_FRQ_WWV10.csv.gz	N00009	G1	FN20ge	WWV10	2020-11-19T00:00:00Z	697889	93e8aa515a01a7d7c777fc8fd4e1810d	https://zenodo.org/api/records/6590283/files/2020-11-19T000000Z_N00009_G1_FN20ge_FRQ_WWV10.csv.gz/content	keep
670	2020-11-20T000000Z_N00009_G1_FN20ge_FRQ_WWV10.csv.gz	N00009	G1	FN20ge	WWV10	2020-11-20T00:00:00Z	704298	c6515f9a3f33fdd7b1c4008dd58a9501	https://zenodo.org/api/records/6590283/files/2020-11-20T000000Z_N00009_G1_FN20ge_FRQ_WWV10.csv.gz/content	keep
671	2020-11-21T000000Z_N00009_G1_FN20ge_FRQ_WWV10.csv.gz	N00009	G1	FN20ge	WWV10	2020-11-21T00:00:00Z	709808	d17c335d1bb857b0abda775e45a581a7	https://zenodo.org/api/records/6590283/files/2020-11-21T000000Z_N00009_G1_FN20ge_FRQ_WWV10.csv.gz/content	keep
672	2020-11-22T000000Z_N00009_G1_FN20ge_FRQ_WWV10.csv.gz	N00009	G1	FN20ge	WWV10	2020-11-22T00:00:00Z	713181	7631a375a7fd7cd7a2720f2b7aa7bc23	https://zenodo.org/api/records/6590283/files/2020-11-22T000000Z_N00009_G1_FN20ge_FRQ_WWV10.csv.gz/content	keep
673	2020-11-23T000000Z_N00009_G1_FN20ge_FRQ_WWV10.csv.gz	N00009	G1	FN20ge	WWV10	2020-11-23T00:00:00Z	703241	7eeab56e668bf31c5b706b360373f505	https://zenodo.org/api/records/6590283/files/2020-11-23T000000Z_N00009_G1_FN20ge_FRQ_WWV10.csv.gz/content	keep
674	2020-11-24T000000Z_N00009_G1_FN20ge_FRQ_WWV10.csv.gz	N00009	G1	FN20ge	WWV10	2020-11-24T00:00:00Z	701189	6c1b0a731c68f6c2700ff1e664c742ba	https://zenodo.org/api/records/6590283/files/2020-11-24T000000Z_N00009_G1_FN20ge_FRQ_WWV10.csv.gz/content	keep
675	2020-11-25T000000Z_N00009_G1_FN20ge_FRQ_WWV10.csv.gz	N00009	G1	FN20ge	WWV10	2020-11-25T00:00:00Z	700415	5d12b0ee51adeea25f1bda84542814e4	https://zenodo.org/api/records/6590283/files/2020-11-25T000000Z_N00009_G1_FN20ge_FRQ_WWV10.csv.gz/content	keep
676	2020-11-26T000000Z_N00009_G1_FN20ge_FRQ_WWV10.csv.gz	N00009	G1	FN20ge	WWV10	2020-11-26T00:00:00Z	701537	c253ef63be5babe0c370033e701bc374	https://zenodo.org/api/records/6590283/files/2020-11-26T000000Z_N00009_G1_FN20ge_FRQ_WWV10.csv.gz/content	keep
677	2020-11-27T000000Z_N00009_G1_FN20ge_FRQ_WWV10.csv.gz	N00009	G1	FN20ge	WWV10	2020-11-27T00:00:00Z	700283	52393004150b9fd20c98d7a7f64c5b7f	https://zenodo.org/api/records/6590283/files/2020-11-27T000000Z_N00009_G1_FN20ge_FRQ_WWV10.csv.gz/content	keep
678	2020-11-28T000000Z_N00009_G1_FN20ge_FRQ_WWV10.csv.gz	N00009	G1	FN20ge	WWV10	2020-11-28T00:00:00Z	699386	0096891f2caf70b520b9d889eb523cf4	https://zenodo.org/api/records/6590283/files/2020-11-28T000000Z_N00009_G1_FN20ge_FRQ_WWV10.csv.gz/content	keep
679	2020-11-29T000000Z_N00009_G1_FN20ge_FRQ_WWV10.csv.gz	N00009	G1	FN20ge	WWV10	2020-11-29T00:00:00Z	704417	a22db932f6f99ef393457d3b553b86db	https://zenodo.org/api/records/6590283/files/2020-11-29T000000Z_N00009_G1_FN20ge_FRQ_WWV10.csv.gz/content	keep
680	2020-11-30T000000Z_N00009_G1_FN20ge_FRQ_WWV10.csv.gz	N00009	G1	FN20ge	WWV10	2020-11-30T00:00:00Z	706940	c6d49fa60d88878e5537c7c293cf799c	https://zenodo.org/api/records/6590283/files/2020-11-30T000000Z_N00009_G1_FN20ge_FRQ_WWV10.csv.gz/content	keep
681	2020-12-01T000000Z_N00009_G1_FN20ge_FRQ_WWV10.csv.gz	N00009	G1	FN20ge	WWV10	2020-12-01T00:00:00Z	697871	031b5c03828d13c92cf5fdaa57c2262c	https://zenodo.org/api/records/6590283/files/2020-12-01T000000Z_N00009_G1_FN20ge_FRQ_WWV10.csv.gz/content	keep
682	2020-12-02T000000Z_N00009_G1_FN20ge_FRQ_WWV10.csv.gz	N00009	G1	FN20ge	WWV10	2020-12-02T00:00:00Z	694336	8b8e5e254a5b831c69c92a5e573859b3	https://zenodo.org/api/records/6590283/files/2020-12-02T000000Z_N00009_G1_FN20ge_FRQ_WWV10.csv.gz/content	keep
683	2020-12-03T000000Z_N00009_G1_FN20ge_FRQ_WWV10.csv.gz	N00009	G1	FN20ge	WWV10	2020-12-03T00:00:00Z	688670	69c822989f0902d8d815e5401bd815b0	https://zenodo.org/api/records/6590283/files/2020-12-03T000000Z_N00009_G1_FN20ge_FRQ_WWV10.csv.gz/content	keep
684	2020-12-04T000000Z_N00009_G1_FN20ge_FRQ_WWV10.csv.gz	N00009	G1	FN20ge	WWV10	2020-12-04T00:00:00Z	687544	fd0f1971de730cdce759d3dba5b51afe	https://zenodo.org/api/records/6590283/files/2020-12-04T000000Z_N00009_G1_FN20ge_FRQ_WWV10.csv.gz/content	keep
685	2020-12-05T000000Z_N00009_G1_FN20ge_FRQ_WWV10.csv.gz	N00009	G1	FN20ge	WWV10	2020-12-05T00:00:00Z	684083	83402db620aa6dab8e6a5470a8cbe066	https://zenodo.org/api/records/6590283/files/2020-12-05T000000Z_N00009_G1_FN20ge_FRQ_WWV10.csv.gz/content	keep
686	2020-12-06T000000Z_N00009_G1_FN20ge_FRQ_WWV10.csv.gz	N00009	G1	FN20ge	WWV10	2020-12-06T00:00:00Z	697140	0aa36d496aa17191fc9d99681afe2cfe	https://zenodo.org/api/records/6590283/files/2020-12-06T000000Z_N00009_G1_FN20ge_FRQ_WWV10.csv.gz/content	keep
687	2020-12-07T000000Z_N00009_G1_FN20ge_FRQ_WWV10.csv.gz	N00009	G1	FN20ge	WWV10	2020-12-07T00:00:00Z	697848	5ec89d308cefa6db0baf6051a68c4513	https://zenodo.org/api/records/6590283/files/2020-12-07T000000Z_N00009_G1_FN20ge_FRQ_WWV10.csv.gz/content	keep
688	2020-12-08T000000Z_N00009_G1_FN20ge_FRQ_WWV10.csv.gz	N00009	G1	FN20ge	WWV10	2020-12-08T00:00:00Z	687242	d44950a6f5960e7ea3fc4b5608faf525	https://zenodo.org/api/records/6590283/files/2020-12-08T000000Z_N00009_G1_FN20ge_FRQ_WWV10.csv.gz/content	keep
689	2020-12-09T000000Z_N00009_G1_FN20ge_FRQ_WWV10.csv.gz	N00009	G1	FN20ge	WWV10	2020-12-09T00:00:00Z	692860	15a229434ffb1c991abb7ef7c1e08842	https://zenodo.org/api/records/6590283/files/2020-12-09T000000Z_N00009_G1_FN20ge_FRQ_WWV10.csv.gz/content	keep
690	2020-12-10T000000Z_N00009_G1_FN20ge_FRQ_WWV10.csv.gz	N00009	G1	FN20ge	WWV10	2020-12-10T00:00:00Z	700372	803eef361fc039c3c4e5be91196242d2	https://zenodo.org/api/records/6590283/files/2020-12-10T000000Z_N00009_G1_FN20ge_FRQ_WWV10.csv.gz/content	keep
691	2020-12-11T000000Z_N00009_G1_FN20ge_FRQ_WWV10.csv.gz	N00009	G1	FN20ge	WWV10	2020-12-11T00:00:00Z	704688	a797f4c72fd94783f2645b4cb944fb65	https://zenodo.org/api/records/6590283/files/2020-12-11T000000Z_N00009_G1_FN20ge_FRQ_WWV10.csv.gz/content	keep
692	2020-12-12T000000Z_N00009_G1_FN20ge_FRQ_WWV10.csv.gz	N00009	G1	FN20ge	WWV10	2020-12-12T00:00:00Z	702931	c9c090407c4a219bf48670b288b115c0	https://zenodo.org/api/records/6590283/files/2020-12-12T000000Z_N00009_G1_FN20ge_FRQ_WWV10.csv.gz/content	keep
693	2020-12-13T000000Z_N00009_G1_FN20ge_FRQ_WWV10.csv.gz	N00009	G1	FN20ge	WWV10	2020-12-13T00:00:00Z	695011	3fde95fe3ff5a73ef4fc609d558f6dc5	https://zenodo.org/api/records/6590283/files/2020-12-13T000000Z_N00009_G1_FN20ge_FRQ_WWV10.csv.gz/content	keep
694	2020-12-14T000000Z_N00009_G1_FN20ge_FRQ_WWV10.csv.gz	N00009	G1	FN20ge	WWV10	2020-12-14T00:00:00Z	694427	6241f0d452963f9a732671c53f39f2ca	https://zenodo.org/api/records/6590283/files/2020-12-14T000000Z_N00009_G1_FN20ge_FRQ_WWV10.csv.gz/content	keep
695	2020-12-15T000000Z_N00009_G1_FN20ge_FRQ_WWV10.csv.gz	N00009	G1	FN20ge	WWV10	2020-12-15T00:00:00Z	698459	8ea9d5d0af83603c7e6fa55fb0544cfa	https://zenodo.org/api/records/6590283/files/2020-12-15T000000Z_N00009_G1_FN20ge_FRQ_WWV10.csv.gz/content	keep
696	2020-12-16T000001Z_N00009_G1_FN20ge_FRQ_WWV10.csv.gz	N00009	G1	FN20ge	WWV10	2020-12-16T00:00:01Z	700808	e1ba78247735fc5c3f92fe09c96adf11	https://zenodo.org/api/records/6590283/files/2020-12-16T000001Z_N00009_G1_FN20ge_FRQ_WWV10.csv.gz/content	keep
697	2020-12-17T000000Z_N00009_G1_FN20ge_FRQ_WWV10.csv.gz	N00009	G1	FN20ge	WWV10	2020-12-17T00:00:00Z	686658	61e0b9f6e777f79eac45755e0bb1ed18	https://zenodo.org/api/records/6590283/files/2020-12-17T000000Z_N00009_G1_FN20ge_FRQ_WWV10.csv.gz/content	keep
698	2020-12-18T000000Z_N00009_G1_FN20ge_FRQ_WWV10.csv.gz	N00009	G1	FN20ge	WWV10	2020-12-18T00:00:00Z	681569	482ffd1439e106297bdfe068a7a9e14a	https://zenodo.org/api/records/6590283/files/2020-12-18T000000Z_N00009_G1_FN20ge_FRQ_WWV10.csv.gz/content	keep
699	2020-12-19T000000Z_N00009_G1_FN20ge_FRQ_WWV10.csv.gz	N00009	G1	FN20ge	WWV10	2020-12-19T00:00:00Z	684424	f167ce7556453cac434c1365e37de1c0	https://zenodo.org/api/records/6590283/files/2020-12-19T000000Z_N00009_G1_FN20ge_FRQ_WWV10.csv.gz/content	keep
700	2020-12-20T000000Z_N00009_G1_FN20ge_FRQ_WWV10.csv.gz	N00009	G1	FN20ge	WWV10	2020-12-20T00:00:00Z	686380	5c5c1e1e5036f56aae4863bb52c5598e	https://zenodo.org/api/records/6590283/files/2020-12-20T000000Z_N00009_G1_FN20ge_FRQ_WWV10.csv.gz/content	keep
701	2020-12-21T000000Z_N00009_G1_FN20ge_FRQ_WWV10.csv.gz	N00009	G1	FN20ge	WWV10	2020-12-21T00:00:00Z	695885	494c5541443b9cebdf79b608d63199dc	https://zenodo.org/api/records/6590283/files/2020-12-21T000000Z_N00009_G1_FN20ge_FRQ_WWV10.csv.gz/content	keep
702	2020-12-22T000000Z_N00009_G1_FN20ge_FRQ_WWV10.csv.gz	N00009	G1	FN20ge	WWV10	2020-12-22T00:00:00Z	709047	e32e25a7f04dea2030b0594051a86389	https://zenodo.org/api/records/6590283/files/2020-12-22T000000Z_N00009_G1_FN20ge_FRQ_WWV10.csv.gz/content	keep
703	2020-12-23T000000Z_N00009_G1_FN20ge_FRQ_WWV10.csv.gz	N00009	G1	FN20ge	WWV10	2020-12-23T00:00:00Z	707368	1cdd8d9553756e94c8897008806f913f	https://zenodo.org/api/records/6590283/files/2020-12-23T000000Z_N00009_G1_FN20ge_FRQ_WWV10.csv.gz/content	keep
704	2020-12-24T000000Z_N00009_G1_FN20ge_FRQ_WWV10.csv.gz	N00009	G1	FN20ge	WWV10	2020-12-24T00:00:00Z	708752	e041a4f0f1c172768849add2286ae6c4	https://zenodo.org/api/records/6590283/files/2020-12-24T000000Z_N00009_G1_FN20ge_FRQ_WWV10.csv.gz/content	keep
705	2020-12-25T000000Z_N00009_G1_FN20ge_FRQ_WWV10.csv.gz	N00009	G1	FN20ge	WWV10	2020-12-25T00:00:00Z	696777	e6f8dff84dc3fcedc25c60def24c112a	https://zenodo.org/api/records/6590283/files/2020-12-25T000000Z_N00009_G1_FN20ge_FRQ_WWV10.csv.gz/content	keep
706	2020-12-26T000000Z_N00009_G1_FN20ge_FRQ_WWV10.csv.gz	N00009	G1	FN20ge	WWV10	2020-12-26T00:00:00Z	695330	e7cd18374e783f84ff03bdc79708d742	https://zenodo.org/api/records/6590283/files/2020-12-26T000000Z_N00009_G1_FN20ge_FRQ_WWV10.csv.gz/content	keep
707	2020-12-27T000000Z_N00009_G1_FN20ge_FRQ_WWV10.csv.gz	N00009	G1	FN20ge	WWV10	2020-12-27T00:00:00Z	694008	4a68c4a143e7c0d33af8ff88383b972b	https://zenodo.org/api/records/6590283/files/2020-12-27T000000Z_N00009_G1_FN20ge_FRQ_WWV10.csv.gz/content	keep
708	2020-12-28T000000Z_N00009_G1_FN20ge_FRQ_WWV10.csv.gz	N00009	G1	FN20ge	WWV10	2020-12-28T00:00:00Z	700578	12d85cdc520bc0e6a49f49da18d94513	https://zenodo.org/api/records/6590283/files/2020-12-28T000000Z_N00009_G1_FN20ge_FRQ_WWV10.csv.gz/content	keep
709	2020-12-29T000000Z_N00009_G1_FN20ge_FRQ_WWV10.csv.gz	N00009	G1	FN20ge	WWV10	2020-12-29T00:00:00Z	700101	c26084eaf63ee92e20a3cf11266a1f4a	https://zenodo.org/api/records/6590283/files/2020-12-29T000000Z_N00009_G1_FN20ge_FRQ_WWV10.csv.gz/content	keep
710	2020-12-30T000000Z_N00009_G1_FN20ge_FRQ_WWV10.csv.gz	N00009	G1	FN20ge	WWV10	2020-12-30T00:00:00Z	701886	6a0eee14ea1b9a5a41310edd7fd5c533	https://zenodo.org/api/records/6590283/files/2020-12-30T000000Z_N00009_G1_FN20ge_FRQ_WWV10.csv.gz/content	keep
711	2020-12-31T000001Z_N00009_G1_FN20ge_FRQ_WWV10.csv.gz	N00009	G1	FN20ge	WWV10	2020-12-31T00:00:01Z	696627	e5ca29a922a169733b56024290aefffa	https://zenodo.org/api/records/6590283/files/2020-12-31T000001Z_N00009_G1_FN20ge_FRQ_WWV10.csv.gz/content	keep
712	2021-01-01T000000Z_N00009_G1_FN20ge_FRQ_WWV10.csv.gz	N00009	G1	FN20ge	WWV10	2021-01-01T00:00:00Z	694197	9d0fcad851b7e1b03a63795e956f6972	https://zenodo.org/api/records/6590283/files/2021-01-01T000000Z_N00009_G1_FN20ge_FRQ_WWV10.csv.gz/content	keep
713	2021-01-02T000000Z_N00009_G1_FN20ge_FRQ_WWV10.csv.gz	N00009	G1	FN20ge	WWV10	2021-01-02T00:00:00Z	701207	9fe2cfd75f6fd2a6607186b52c50c918	https://zenodo.org/api/records/6590283/files/2021-01-02T000000Z_N00009_G1_FN20ge_FRQ_WWV10.csv.gz/content	keep
714	2021-01-03T000000Z_N00009_G1_FN20ge_FRQ_WWV10.csv.gz	N00009	G1	FN20ge	WWV10	2021-01-03T00:00:00Z	703501	7181878575175757d20e3054bd1e2359	https://zenodo.org/api/records/6590283/files/2021-01-03T000000Z_N00009_G1_FN20ge_FRQ_WWV10.csv.gz/content	keep
715	2021-01-04T000000Z_N00009_G1_FN20ge_FRQ_WWV10.csv.gz	N00009	G1	FN20ge	WWV10	2021-01-04T00:00:00Z	702506	7976e240801c35a03e466cdcdea8e2eb	https://zenodo.org/api/records/6590283/files/2021-01-04T000000Z_N00009_G1_FN20ge_FRQ_WWV10.csv.gz/content	keep
716	2021-01-05T000000Z_N00009_G1_FN20ge_FRQ_WWV10.csv.gz	N00009	G1	FN20ge	WWV10	2021-01-05T00:00:00Z	709765	513917ddbbf30d00b3e70f3bcab3a344	https://zenodo.org/api/records/6590283/files/2021-01-05T000000Z_N00009_G1_FN20ge_FRQ_WWV10.csv.gz/content	keep
717	2021-01-06T000000Z_N00009_G1_FN20ge_FRQ_WWV10.csv.gz	N00009	G1	FN20ge	WWV10	2021-01-06T00:00:00Z	705713	e7bfa455ea506628e21f25839f323499	https://zenodo.org/api/records/6590283/files/2021-01-06T000000Z_N00009_G1_FN20ge_FRQ_WWV10.csv.gz/content	keep
718	2021-01-07T000000Z_N00009_G1_FN20ge_FRQ_WWV10.csv.gz	N00009	G1	FN20ge	WWV10	2021-01-07T00:00:00Z	698513	4bf0cbead5586a086fa9fd73b58763c3	https://zenodo.org/api/records/6590283/files/2021-01-07T000000Z_N00009_G1_FN20ge_FRQ_WWV10.csv.gz/content	keep
719	2021-01-08T000000Z_N00009_G1_FN20ge_FRQ_WWV10.csv.gz	N00009	G1	FN20ge	WWV10	2021-01-08T00:00:00Z	700966	78c1301cfbe1fd0852aa224bf5edef72	https://zenodo.org/api/records/6590283/files/2021-01-08T000000Z_N00009_G1_FN20ge_FRQ_WWV10.csv.gz/content	keep
720	2021-01-09T000000Z_N00009_G1_FN20ge_FRQ_WWV10.csv.gz	N00009	G1	FN20ge	WWV10	2021-01-09T00:00:00Z	700317	30f2e9ebc76cbf3e9251bac6b2c82638	https://zenodo.org/api/records/6590283/files/2021-01-09T000000Z_N00009_G1_FN20ge_FRQ_WWV10.csv.gz/content	keep
721	2021-01-10T000000Z_N00009_G1_FN20ge_FRQ_WWV10.csv.gz	N00009	G1	FN20ge	WWV10	2021-01-10T00:00:00Z	700734	09e83a7e652a6689b122b71c15497c31	https://zenodo.org/api/records/6590283/files/2021-01-10T000000Z_N00009_G1_FN20ge_FRQ_WWV10.csv.gz/content	keep
722	2021-01-11T000000Z_N00009_G1_FN20ge_FRQ_WWV10.csv.gz	N00009	G1	FN20ge	WWV10	2021-01-11T00:00:00Z	705041	23fe1483fcd6eb29b33e0a273b135a73	https://zenodo.org/api/records/6590283/files/2021-01-11T000000Z_N00009_G1_FN20ge_FRQ_WWV10.csv.gz/content	keep
723	2021-01-12T000000Z_N00009_G1_FN20ge_FRQ_WWV10.csv.gz	N00009	G1	FN20ge	WWV10	2021-01-12T00:00:00Z	709021	517b3b2c8f74d3d92468bd577ffa3c4a	https://zenodo.org/api/records/6590283/files/2021-01-12T000000Z_N00009_G1_FN20ge_FRQ_WWV10.csv.gz/content	keep
724	2021-01-13T000001Z_N00009_G1_FN20ge_FRQ_WWV10.csv.gz	N00009	G1	FN20ge	WWV10	2021-01-13T00:00:01Z	703371	ef7a6a06d64f56fb9e247599fa450b21	https://zenodo.org/api/records/6590283/files/2021-01-13T000001Z_N00009_G1_FN20ge_FRQ_WWV10.csv.gz/content	keep
725	2021-01-14T000000Z_N00009_G1_FN20ge_FRQ_WWV10.csv.gz	N00009	G1	FN20ge	WWV10	2021-01-14T00:00:00Z	703484	71647336e8b73cba3dc999d859b71cf7	https://zenodo.org/api/records/6590283/files/2021-01-14T000000Z_N00009_G1_FN20ge_FRQ_WWV10.csv.gz/content	keep
726	2021-01-15T000000Z_N00009_G1_FN20ge_FRQ_WWV10.csv.gz	N00009	G1	FN20ge	WWV10	2021-01-15T00:00:00Z	688596	479e3bb6385f16d8502f12e39206d73c	https://zenodo.org/api/records/6590283/files/2021-01-15T000000Z_N00009_G1_FN20ge_FRQ_WWV10.csv.gz/content	keep
727	2021-01-16T000000Z_N00009_G1_FN20ge_FRQ_WWV10.csv.gz	N00009	G1	FN20ge	WWV10	2021-01-16T00:00:00Z	690069	ddce7edd24f8a83fcc0c7fcae3887256	https://zenodo.org/api/records/6590283/files/2021-01-16T000000Z_N00009_G1_FN20ge_FRQ_WWV10.csv.gz/content	keep
728	2021-01-17T000000Z_N00009_G1_FN20ge_FRQ_WWV10.csv.gz	N00009	G1	FN20ge	WWV10	2021-01-17T00:00:00Z	690458	08d853b8565ff600f02687796c64bd37	https://zenodo.org/api/records/6590283/files/2021-01-17T000000Z_N00009_G1_FN20ge_FRQ_WWV10.csv.gz/content	keep
729	2021-01-18T000000Z_N00009_G1_FN20ge_FRQ_WWV10.csv.gz	N00009	G1	FN20ge	WWV10	2021-01-18T00:00:00Z	684682	3b3b382b1d1e3a146ce351b7b1f8afc7	https://zenodo.org/api/records/6590283/files/2021-01-18T000000Z_N00009_G1_FN20ge_FRQ_WWV10.csv.gz/content	keep
730	2021-01-19T000000Z_N00009_G1_FN20ge_FRQ_WWV10.csv.gz	N00009	G1	FN20ge	WWV10	2021-01-19T00:00:00Z	682597	91707dc2e20b054798ea22133ef602f9	https://zenodo.org/api/records/6590283/files/2021-01-19T000000Z_N00009_G1_FN20ge_FRQ_WWV10.csv.gz/content	keep
731	2021-01-20T000000Z_N00009_G1_FN20ge_FRQ_WWV10.csv.gz	N00009	G1	FN20ge	WWV10	2021-01-20T00:00:00Z	705868	dcc34f850b3de27e491edbbb282ba7ee	https://zenodo.org/api/records/6590283/files/2021-01-20T000000Z_N00009_G1_FN20ge_FRQ_WWV10.csv.gz/content	keep
732	2021-01-21T000000Z_N00009_G1_FN20ge_FRQ_WWV10.csv.gz	N00009	G1	FN20ge	WWV10	2021-01-21T00:00:00Z	698680	a398029c3395fa8090c0438377bc5e52	https://zenodo.org/api/records/6590283/files/2021-01-21T000000Z_N00009_G1_FN20ge_FRQ_WWV10.csv.gz/content	keep
733	2021-01-22T000000Z_N00009_G1_FN20ge_FRQ_WWV10.csv.gz	N00009	G1	FN20ge	WWV10	2021-01-22T00:00:00Z	700002	a01ee0bd51e14f3dc4418ee252e779cb	https://zenodo.org/api/records/6590283/files/2021-01-22T000000Z_N00009_G1_FN20ge_FRQ_WWV10.csv.gz/content	keep
734	2021-01-23T000000Z_N00009_G1_FN20ge_FRQ_WWV10.csv.gz	N00009	G1	FN20ge	WWV10	2021-01-23T00:00:00Z	698820	3f7d69c8a5532b44dad372fb1159777d	https://zenodo.org/api/records/6590283/files/2021-01-23T000000Z_N00009_G1_FN20ge_FRQ_WWV10.csv.gz/content	keep
735	2021-01-24T000001Z_N00009_G1_FN20ge_FRQ_WWV10.csv.gz	N00009	G1	FN20ge	WWV10	2021-01-24T00:00:01Z	702952	c5b3ee035b8cc46577604e04b6bc85b6	https://zenodo.org/api/records/6590283/files/2021-01-24T000001Z_N00009_G1_FN20ge_FRQ_WWV10.csv.gz/content	keep
736	2021-01-25T000000Z_N00009_G1_FN20ge_FRQ_WWV10.csv.gz	N00009	G1	FN20ge	WWV10	2021-01-25T00:00:00Z	704296	8fbf9efc2f2938566e4bd095f40bf698	https://zenodo.org/api/records/6590283/files/2021-01-25T000000Z_N00009_G1_FN20ge_FRQ_WWV10.csv.gz/content	keep
737	2021-01-26T000000Z_N00009_G1_FN20ge_FRQ_WWV10.csv.gz	N00009	G1	FN20ge	WWV10	2021-01-26T00:00:00Z	723699	62f132382f66d2cd64c631e218aac176	https://zenodo.org/api/records/6590283/files/2021-01-26T000000Z_N00009_G1_FN20ge_FRQ_WWV10.csv.gz/content	keep
738	2021-01-27T000000Z_N00009_G1_FN20ge_FRQ_WWV10.csv.gz	N00009	G1	FN20ge	WWV10	2021-01-27T00:00:00Z	618100	ece47ee11eb2f9c335e345dbb62cceec	https://zenodo.org/api/records/6590283/files/2021-01-27T000000Z_N00009_G1_FN20ge_FRQ_WWV10.csv.gz/content	keep
739	2021-01-28T000000Z_N00009_G1_FN20ge_FRQ_WWV10.csv.gz	N00009	G1	FN20ge	WWV10	2021-01-28T00:00:00Z	642108	340a5f0e07db3a48e34671594ef4028f	https://zenodo.org/api/records/6590283/files/2021-01-28T000000Z_N00009_G1_FN20ge_FRQ_WWV10.csv.gz/content	keep
740	2021-01-29T000000Z_N00009_G1_FN20ge_FRQ_WWV10.csv.gz	N00009	G1	FN20ge	WWV10	2021-01-29T00:00:00Z	697300	aaf7aa468a8aad079d7c24b322a87829	https://zenodo.org/api/records/6590283/files/2021-01-29T000000Z_N00009_G1_FN20ge_FRQ_WWV10.csv.gz/content	keep
741	2021-01-30T000000Z_N00009_G1_FN20ge_FRQ_WWV10.csv.gz	N00009	G1	FN20ge	WWV10	2021-01-30T00:00:00Z	431493	732cefc4e756fdea7d01c1849727780c	https://zenodo.org/api/records/6590283/files/2021-01-30T000000Z_N00009_G1_FN20ge_FRQ_WWV10.csv.gz/content	keep
742	2021-01-31T000000Z_N00009_G1_FN20ge_FRQ_WWV10.csv.gz	N00009	G1	FN20ge	WWV10	2021-01-31T00:00:00Z	673920	c440aa757e726461112dbd491d8ba7e4	https://zenodo.org/api/records/6590283/files/2021-01-31T000000Z_N00009_G1_FN20ge_FRQ_WWV10.csv.gz/content	keep
743	2021-02-01T000000Z_N00009_G1_FN20ge_FRQ_WWV10.csv.gz	N00009	G1	FN20ge	WWV10	2021-02-01T00:00:00Z	437495	acd94875cfb97180603cdde2b422bd44	https://zenodo.org/api/records/6590283/files/2021-02-01T000000Z_N00009_G1_FN20ge_FRQ_WWV10.csv.gz/content	keep
744	2021-02-02T000000Z_N00009_G1_FN20ge_FRQ_WWV10.csv.gz	N00009	G1	FN20ge	WWV10	2021-02-02T00:00:00Z	704234	4b4a75fc151e2dbea40aa660d68f90a6	https://zenodo.org/api/records/6590283/files/2021-02-02T000000Z_N00009_G1_FN20ge_FRQ_WWV10.csv.gz/content	keep
745	2021-02-03T000000Z_N00009_G1_FN20ge_FRQ_WWV10.csv.gz	N00009	G1	FN20ge	WWV10	2021-02-03T00:00:00Z	695872	44d1328a6e62b34f9921fafbaf5ad853	https://zenodo.org/api/records/6590283/files/2021-02-03T000000Z_N00009_G1_FN20ge_FRQ_WWV10.csv.gz/content	keep
746	2021-02-04T000000Z_N00009_G1_FN20ge_FRQ_WWV10.csv.gz	N00009	G1	FN20ge	WWV10	2021-02-04T00:00:00Z	663608	ee362046fc7c4635a3ba57c2a339b791	https://zenodo.org/api/records/6590283/files/2021-02-04T000000Z_N00009_G1_FN20ge_FRQ_WWV10.csv.gz/content	keep
747	2021-02-05T000000Z_N00009_G1_FN20ge_FRQ_WWV10.csv.gz	N00009	G1	FN20ge	WWV10	2021-02-05T00:00:00Z	662663	76fbaac4b2235b6edc767330ba9b5c32	https://zenodo.org/api/records/6590283/files/2021-02-05T000000Z_N00009_G1_FN20ge_FRQ_WWV10.csv.gz/content	keep
748	2021-02-06T000000Z_N00009_G1_FN20ge_FRQ_WWV10.csv.gz	N00009	G1	FN20ge	WWV10	2021-02-06T00:00:00Z	689864	d3892bda087531f39b49f11fa0792113	https://zenodo.org/api/records/6590283/files/2021-02-06T000000Z_N00009_G1_FN20ge_FRQ_WWV10.csv.gz/content	keep
749	2021-02-07T000000Z_N00009_G1_FN20ge_FRQ_WWV10.csv.gz	N00009	G1	FN20ge	WWV10	2021-02-07T00:00:00Z	696620	3425dd046563f1c78aac5cc38f4ad621	https://zenodo.org/api/records/6590283/files/2021-02-07T000000Z_N00009_G1_FN20ge_FRQ_WWV10.csv.gz/content	keep
750	2021-02-08T000001Z_N00009_G1_FN20ge_FRQ_WWV10.csv.gz	N00009	G1	FN20ge	WWV10	2021-02-08T00:00:01Z	686967	b31ff6e2fedd007ab0d94a4d69f976ce	https://zenodo.org/api/records/6590283/files/2021-02-08T000001Z_N00009_G1_FN20ge_FRQ_WWV10.csv.gz/content	keep
751	2021-02-09T000000Z_N00009_G1_FN20ge_FRQ_WWV10.csv.gz	N00009	G1	FN20ge	WWV10	2021-02-09T00:00:00Z	676653	f134d918c832b0ca05e6fb48329835d5	https://zenodo.org/api/records/6590283/files/2021-02-09T000000Z_N00009_G1_FN20ge_FRQ_WWV10.csv.gz/content	keep
752	2021-02-10T000000Z_N00009_G1_FN20ge_FRQ_WWV10.csv.gz	N00009	G1	FN20ge	WWV10	2021-02-10T00:00:00Z	698860	ee1734c2e132b281ed54d934cc7a8674	https://zenodo.org/api/records/6590283/files/2021-02-10T000000Z_N00009_G1_FN20ge_FRQ_WWV10.csv.gz/content	keep
753	2021-02-11T000000Z_N00009_G1_FN20ge_FRQ_WWV10.csv.gz	N00009	G1	FN20ge	WWV10	2021-02-11T00:00:00Z	589164	414b683c4e55f37bc032e0a7bb3149cc	https://zenodo.org/api/records/6590283/files/2021-02-11T000000Z_N00009_G1_FN20ge_FRQ_WWV10.csv.gz/content	keep
754	2021-02-12T000000Z_N00009_G1_FN20ge_FRQ_WWV10.csv.gz	N00009	G1	FN20ge	WWV10	2021-02-12T00:00:00Z	696209	54591e226f85d0208cf2de6c67a0a7a8	https://zenodo.org/api/records/6590283/files/2021-02-12T000000Z_N00009_G1_FN20ge_FRQ_WWV10.csv.gz/content	keep
755	2021-02-13T000000Z_N00009_G1_FN20ge_FRQ_WWV10.csv.gz	N00009	G1	FN20ge	WWV10	2021-02-13T00:00:00Z	691493	83e321324873083cf5243cee614bb43d	https://zenodo.org/api/records/6590283/files/2021-02-13T000000Z_N00009_G1_FN20ge_FRQ_WWV10.csv.gz/content	keep
756	2021-02-14T000000Z_N00009_G1_FN20ge_FRQ_WWV10.csv.gz	N00009	G1	FN20ge	WWV10	2021-02-14T00:00:00Z	706248	29c2836a768deb0887866c84ca92f35c	https://zenodo.org/api/records/6590283/files/2021-02-14T000000Z_N00009_G1_FN20ge_FRQ_WWV10.csv.gz/content	keep
757	2021-02-15T000000Z_N00009_G1_FN20ge_FRQ_WWV10.csv.gz	N00009	G1	FN20ge	WWV10	2021-02-15T00:00:00Z	695531	5100abbbcbb713d68ce04c3a7fa9eb47	https://zenodo.org/api/records/6590283/files/2021-02-15T000000Z_N00009_G1_FN20ge_FRQ_WWV10.csv.gz/content	keep
758	2021-02-16T000001Z_N00009_G1_FN20ge_FRQ_WWV10.csv.gz	N00009	G1	FN20ge	WWV10	2021-02-16T00:00:01Z	695230	4077205c149974ecbe13d103feea4d8b	https://zenodo.org/api/records/6590283/files/2021-02-16T000001Z_N00009_G1_FN20ge_FRQ_WWV10.csv.gz/content	keep
759	2021-02-17T000000Z_N00009_G1_FN20ge_FRQ_WWV10.csv.gz	N00009	G1	FN20ge	WWV10	2021-02-17T00:00:00Z	694632	75606cbccc16d215d0c7946f8f5405b7	https://zenodo.org/api/records/6590283/files/2021-02-17T000000Z_N00009_G1_FN20ge_FRQ_WWV10.csv.gz/content	keep
760	2021-02-18T000000Z_N00009_G1_FN20ge_FRQ_WWV10.csv.gz	N00009	G1	FN20ge	WWV10	2021-02-18T00:00:00Z	699971	f9639ac728f9bf51eb4861d1d7e4d079	https://zenodo.org/api/records/6590283/files/2021-02-18T000000Z_N00009_G1_FN20ge_FRQ_WWV10.csv.gz/content	keep
761	2021-02-19T000000Z_N00009_G1_FN20ge_FRQ_WWV10.csv.gz	N00009	G1	FN20ge	WWV10	2021-02-19T00:00:00Z	521531	e913e6be60a0d96af3fbde2fd09f8aa4	https://zenodo.org/api/records/6590283/files/2021-02-19T000000Z_N00009_G1_FN20ge_FRQ_WWV10.csv.gz/content	keep
762	2021-02-20T000000Z_N00009_G1_FN20ge_FRQ_WWV10.csv.gz	N00009	G1	FN20ge	WWV10	2021-02-20T00:00:00Z	574367	42e96ff71b594678de592776a3195f3b	https://zenodo.org/api/records/6590283/files/2021-02-20T000000Z_N00009_G1_FN20ge_FRQ_WWV10.csv.gz/content	exclude:time_order
763	2021-02-21T000000Z_N00009_G1_FN20ge_FRQ_WWV10.csv.gz	N00009	G1	FN20ge	WWV10	2021-02-21T00:00:00Z	609412	a2ac7cc32eac303a42f8df3176158ed9	https://zenodo.org/api/records/6590283/files/2021-02-21T000000Z_N00009_G1_FN20ge_FRQ_WWV10.csv.gz/content	keep
764	2021-02-22T000000Z_N00009_G1_FN20ge_FRQ_WWV10.csv.gz	N00009	G1	FN20ge	WWV10	2021-02-22T00:00:00Z	706701	70fc8d591252710146bd16246a441d19	https://zenodo.org/api/records/6590283/files/2021-02-22T000000Z_N00009_G1_FN20ge_FRQ_WWV10.csv.gz/content	keep
765	2021-02-23T000001Z_N00009_G1_FN20ge_FRQ_WWV10.csv.gz	N00009	G1	FN20ge	WWV10	2021-02-23T00:00:01Z	559486	76dd87e70358f6631d7aba89f789847e	https://zenodo.org/api/records/6590283/files/2021-02-23T000001Z_N00009_G1_FN20ge_FRQ_WWV10.csv.gz/content	keep
766	2021-02-24T000000Z_N00009_G1_FN20ge_FRQ_WWV10.csv.gz	N00009	G1	FN20ge	WWV10	2021-02-24T00:00:00Z	685405	671079aeb1ff31c3bb4466ec44978fb0	https://zenodo.org/api/records/6590283/files/2021-02-24T000000Z_N00009_G1_FN20ge_FRQ_WWV10.csv.gz/content	keep
767	2021-02-25T000000Z_N00009_G1_FN20ge_FRQ_WWV10.csv.gz	N00009	G1	FN20ge	WWV10	2021-02-25T00:00:00Z	680280	3c1fceccafd9dd83ebd9672c2fb082d5	https://zenodo.org/api/records/6590283/files/2021-02-25T000000Z_N00009_G1_FN20ge_FRQ_WWV10.csv.gz/content	keep
768	2021-02-26T000000Z_N00009_G1_FN20ge_FRQ_WWV10.csv.gz	N00009	G1	FN20ge	WWV10	2021-02-26T00:00:00Z	688020	4833637992af9d21c7ee7d56e5efec85	https://zenodo.org/api/records/6590283/files/2021-02-26T000000Z_N00009_G1_FN20ge_FRQ_WWV10.csv.gz/content	keep
769	2021-02-27T000000Z_N00009_G1_FN20ge_FRQ_WWV10.csv.gz	N00009	G1	FN20ge	WWV10	2021-02-27T00:00:00Z	688541	fa00dc33d62b63705f50b4e816268397	https://zenodo.org/api/records/6590283/files/2021-02-27T000000Z_N00009_G1_FN20ge_FRQ_WWV10.csv.gz/content	keep
770	2021-02-28T000000Z_N00009_G1_FN20ge_FRQ_WWV10.csv.gz	N00009	G1	FN20ge	WWV10	2021-02-28T00:00:00Z	691213	65d7fa60972454709537ecb6b8eb151a	https://zenodo.org/api/records/6590283/files/2021-02-28T000000Z_N00009_G1_FN20ge_FRQ_WWV10.csv.gz/content	keep
771	2021-03-01T000000Z_N00009_G1_FN20ge_FRQ_WWV10.csv.gz	N00009	G1	FN20ge	WWV10	2021-03-01T00:00:00Z	638438	754d01189822a76fcc7e5c490b09b6da	https://zenodo.org/api/records/6590283/files/2021-03-01T000000Z_N00009_G1_FN20ge_FRQ_WWV10.csv.gz/content	keep
772	2021-03-02T000000Z_N00009_G1_FN20ge_FRQ_WWV10.csv.gz	N00009	G1	FN20ge	WWV10	2021-03-02T00:00:00Z	695676	c47cde536ef7ffa252fb3cabad29aa19	https://zenodo.org/api/records/6590283/files/2021-03-02T000000Z_N00009_G1_FN20ge_FRQ_WWV10.csv.gz/content	exclude:time_order
773	2021-03-03T000000Z_N00009_G1_FN20ge_FRQ_WWV10.csv.gz	N00009	G1	FN20ge	WWV10	2021-03-03T00:00:00Z	696972	511092cce61591c74e4d5afd5d20cc69	https://zenodo.org/api/records/6590283/files/2021-03-03T000000Z_N00009_G1_FN20ge_FRQ_WWV10.csv.gz/content	keep
774	2021-03-04T000000Z_N00009_G1_FN20ge_FRQ_WWV10.csv.gz	N00009	G1	FN20ge	WWV10	2021-03-04T00:00:00Z	685808	270eed78d2044fdd3ab12c4476811960	https://zenodo.org/api/records/6590283/files/2021-03-04T000000Z_N00009_G1_FN20ge_FRQ_WWV10.csv.gz/content	keep
775	2021-03-05T000000Z_N00009_G1_FN20ge_FRQ_WWV10.csv.gz	N00009	G1	FN20ge	WWV10	2021-03-05T00:00:00Z	696378	8098db4e2232c9d4135b7ce355c29212	https://zenodo.org/api/records/6590283/files/2021-03-05T000000Z_N00009_G1_FN20ge_FRQ_WWV10.csv.gz/content	keep
776	2021-03-06T000000Z_N00009_G1_FN20ge_FRQ_WWV10.csv.gz	N00009	G1	FN20ge	WWV10	2021-03-06T00:00:00Z	670222	0f865bea55e257979f11dc2d5b2a9b64	https://zenodo.org/api/records/6590283/files/2021-03-06T000000Z_N00009_G1_FN20ge_FRQ_WWV10.csv.gz/content	keep
777	2021-03-07T000000Z_N00009_G1_FN20ge_FRQ_WWV10.csv.gz	N00009	G1	FN20ge	WWV10	2021-03-07T00:00:00Z	386589	d200abd663a39fa60645506cd5e08f42	https://zenodo.org/api/records/6590283/files/2021-03-07T000000Z_N00009_G1_FN20ge_FRQ_WWV10.csv.gz/content	keep
778	2021-03-08T000000Z_N00009_G1_FN20ge_FRQ_WWV10.csv.gz	N00009	G1	FN20ge	WWV10	2021-03-08T00:00:00Z	650395	65314f3bdaf3c7d0c1cd5dbeaef5ff9b	https://zenodo.org/api/records/6590283/files/2021-03-08T000000Z_N00009_G1_FN20ge_FRQ_WWV10.csv.gz/content	keep
779	2021-03-09T000000Z_N00009_G1_FN20ge_FRQ_WWV10.csv.gz	N00009	G1	FN20ge	WWV10	2021-03-09T00:00:00Z	571099	a94660bcee068b78c702cc0e31775aaf	https://zenodo.org/api/records/6590283/files/2021-03-09T000000Z_N00009_G1_FN20ge_FRQ_WWV10.csv.gz/content	keep
780	2021-03-10T000000Z_N00009_G1_FN20ge_FRQ_WWV10.csv.gz	N00009	G1	FN20ge	WWV10	2021-03-10T00:00:00Z	641437	fd4c50022f28cafe02bbba6001b1fd78	https://zenodo.org/api/records/6590283/files/2021-03-10T000000Z_N00009_G1_FN20ge_FRQ_WWV10.csv.gz/content	keep
781	2021-03-11T000000Z_N00009_G1_FN20ge_FRQ_WWV10.csv.gz	N00009	G1	FN20ge	WWV10	2021-03-11T00:00:00Z	566399	fab3a6b2de1b394852a639199cddb3c5	https://zenodo.org/api/records/6590283/files/2021-03-11T000000Z_N00009_G1_FN20ge_FRQ_WWV10.csv.gz/content	keep
782	2021-03-12T000000Z_N00009_G1_FN20ge_FRQ_WWV10.csv.gz	N00009	G1	FN20ge	WWV10	2021-03-12T00:00:00Z	666682	31a31303928f7983ba45fd640aa5d958	https://zenodo.org/api/records/6590283/files/2021-03-12T000000Z_N00009_G1_FN20ge_FRQ_WWV10.csv.gz/content	keep
783	2021-03-13T000000Z_N00009_G1_FN20ge_FRQ_WWV10.csv.gz	N00009	G1	FN20ge	WWV10	2021-03-13T00:00:00Z	654508	5be034c94bb6124e96981f3a56c827de	https://zenodo.org/api/records/6590283/files/2021-03-13T000000Z_N00009_G1_FN20ge_FRQ_WWV10.csv.gz/content	keep
784	2021-03-14T000000Z_N00009_G1_FN20ge_FRQ_WWV10.csv.gz	N00009	G1	FN20ge	WWV10	2021-03-14T00:00:00Z	647335	8ac9e8a762f5f6c481eb3436603c13cb	https://zenodo.org/api/records/6590283/files/2021-03-14T000000Z_N00009_G1_FN20ge_FRQ_WWV10.csv.gz/content	keep
785	2021-03-15T000000Z_N00009_G1_FN20ge_FRQ_WWV10.csv.gz	N00009	G1	FN20ge	WWV10	2021-03-15T00:00:00Z	683074	17d06cd652fd7f6606f18d4e7c96e11c	https://zenodo.org/api/records/6590283/files/2021-03-15T000000Z_N00009_G1_FN20ge_FRQ_WWV10.csv.gz/content	keep
786	2021-03-16T000000Z_N00009_G1_FN20ge_FRQ_WWV10.csv.gz	N00009	G1	FN20ge	WWV10	2021-03-16T00:00:00Z	682560	a2fa536bb1f6d618f8d96fbd0b5e1f95	https://zenodo.org/api/records/6590283/files/2021-03-16T000000Z_N00009_G1_FN20ge_FRQ_WWV10.csv.gz/content	keep
787	2021-03-17T000000Z_N00009_G1_FN20ge_FRQ_WWV10.csv.gz	N00009	G1	FN20ge	WWV10	2021-03-17T00:00:00Z	686391	e06729e3d215c003dff3bf92c8b7505e	https://zenodo.org/api/records/6590283/files/2021-03-17T000000Z_N00009_G1_FN20ge_FRQ_WWV10.csv.gz/content	keep
788	2021-03-18T000000Z_N00009_G1_FN20ge_FRQ_WWV10.csv.gz	N00009	G1	FN20ge	WWV10	2021-03-18T00:00:00Z	690058	8bcb370caa284852fc87a9f94f4458c3	https://zenodo.org/api/records/6590283/files/2021-03-18T000000Z_N00009_G1_FN20ge_FRQ_WWV10.csv.gz/content	keep
789	2021-03-19T000000Z_N00009_G1_FN20ge_FRQ_WWV10.csv.gz	N00009	G1	FN20ge	WWV10	2021-03-19T00:00:00Z	686773	a236171623d4ca519c50d6e51e215cc4	https://zenodo.org/api/records/6590283/files/2021-03-19T000000Z_N00009_G1_FN20ge_FRQ_WWV10.csv.gz/content	keep
790	2021-03-20T000000Z_N00009_G1_FN20ge_FRQ_WWV10.csv.gz	N00009	G1	FN20ge	WWV10	2021-03-20T00:00:00Z	687967	cd37dc050d49e47270acd11ffe3bf350	https://zenodo.org/api/records/6590283/files/2021-03-20T000000Z_N00009_G1_FN20ge_FRQ_WWV10.csv.gz/content	keep
791	2021-03-21T000000Z_N00009_G1_FN20ge_FRQ_WWV10.csv.gz	N00009	G1	FN20ge	WWV10	2021-03-21T00:00:00Z	682136	8cd713807d03e88685bdd0149009463f	https://zenodo.org/api/records/6590283/files/2021-03-21T000000Z_N00009_G1_FN20ge_FRQ_WWV10.csv.gz/content	keep
792	2021-03-22T000000Z_N00009_G1_FN20ge_FRQ_WWV10.csv.gz	N00009	G1	FN20ge	WWV10	2021-03-22T00:00:00Z	688005	516bde57924abaab7efec464207fbae8	https://zenodo.org/api/records/6590283/files/2021-03-22T000000Z_N00009_G1_FN20ge_FRQ_WWV10.csv.gz/content	keep
793	2021-03-23T000000Z_N00009_G1_FN20ge_FRQ_WWV10.csv.gz	N00009	G1	FN20ge	WWV10	2021-03-23T00:00:00Z	694934	3917fb12387286b14763e616c6a78dbc	https://zenodo.org/api/records/6590283/files/2021-03-23T000000Z_N00009_G1_FN20ge_FRQ_WWV10.csv.gz/content	keep
794	2021-03-24T000001Z_N00009_G1_FN20ge_FRQ_WWV10.csv.gz	N00009	G1	FN20ge	WWV10	2021-03-24T00:00:01Z	693206	4627700ce36216aaf2d8ccf8d4fe0bfe	https://zenodo.org/api/records/6590283/files/2021-03-24T000001Z_N00009_G1_FN20ge_FRQ_WWV10.csv.gz/content	keep
795	2021-03-25T000000Z_N00009_G1_FN20ge_FRQ_WWV10.csv.gz	N00009	G1	FN20ge	WWV10	2021-03-25T00:00:00Z	695962	cf016c77e9ef578cf9a7b987d93f8d0c	https://zenodo.org/api/records/6590283/files/2021-03-25T000000Z_N00009_G1_FN20ge_FRQ_WWV10.csv.gz/content	keep
796	2021-03-26T000000Z_N00009_G1_FN20ge_FRQ_WWV10.csv.gz	N00009	G1	FN20ge	WWV10	2021-03-26T00:00:00Z	681850	f9f77ff8d0884a5fcb050b6a4eb5407c	https://zenodo.org/api/records/6590283/files/2021-03-26T000000Z_N00009_G1_FN20ge_FRQ_WWV10.csv.gz/content	keep
797	2021-03-27T000000Z_N00009_G1_FN20ge_FRQ_WWV10.csv.gz	N00009	G1	FN20ge	WWV10	2021-03-27T00:00:00Z	680863	c3c8b9031728d1ecaa89b6764eb72ec5	https://zenodo.org/api/records/6590283/files/2021-03-27T000000Z_N00009_G1_FN20ge_FRQ_WWV10.csv.gz/content	keep
798	2021-03-28T000000Z_N00009_G1_FN20ge_FRQ_WWV10.csv.gz	N00009	G1	FN20ge	WWV10	2021-03-28T00:00:00Z	663849	dca239888d96fa64c87f8394808fba76	https://zenodo.org/api/records/6590283/files/2021-03-28T000000Z_N00009_G1_FN20ge_FRQ_WWV10.csv.gz/content	keep
799	2021-03-29T000000Z_N00009_G1_FN20ge_FRQ_WWV10.csv.gz	N00009	G1	FN20ge	WWV10	2021-03-29T00:00:00Z	691686	0dc13dd8199247fb0c87f8243e400810	https://zenodo.org/api/records/6590283/files/2021-03-29T000000Z_N00009_G1_FN20ge_FRQ_WWV10.csv.gz/content	keep
800	2021-03-30T000000Z_N00009_G1_FN20ge_FRQ_WWV10.csv.gz	N00009	G1	FN20ge	WWV10	2021-03-30T00:00:00Z	698558	ef424b297b6f317a781e67591df166b4	https://zenodo.org/api/records/6590283/files/2021-03-30T000000Z_N00009_G1_FN20ge_FRQ_WWV10.csv.gz/content	keep
801	2021-03-31T000000Z_N00009_G1_FN20ge_FRQ_WWV10.csv.gz	N00009	G1	FN20ge	WWV10	2021-03-31T00:00:00Z	703870	4cb36349da025670d1db6d671eda48ae	https://zenodo.org/api/records/6590283/files/2021-03-31T000000Z_N00009_G1_FN20ge_FRQ_WWV10.csv.gz/content	keep
802	2021-04-01T000000Z_N00009_G1_FN20ge_FRQ_WWV10.csv.gz	N00009	G1	FN20ge	WWV10	2021-04-01T00:00:00Z	710217	b135a3f866d021b87d7c862947199ce5	https://zenodo.org/api/records/6590283/files/2021-04-01T000000Z_N00009_G1_FN20ge_FRQ_WWV10.csv.gz/content	keep
803	2021-04-02T000000Z_N00009_G1_FN20ge_FRQ_WWV10.csv.gz	N00009	G1	FN20ge	WWV10	2021-04-02T00:00:00Z	528727	50a485041c7167d478b3559eef32f6ca	https://zenodo.org/api/records/6590283/files/2021-04-02T000000Z_N00009_G1_FN20ge_FRQ_WWV10.csv.gz/content	keep
804	2021-04-03T000000Z_N00009_G1_FN20ge_FRQ_WWV10.csv.gz	N00009	G1	FN20ge	WWV10	2021-04-03T00:00:00Z	693971	b0792a7ecfab1e889c60c18a66e35847	https://zenodo.org/api/records/6590283/files/2021-04-03T000000Z_N00009_G1_FN20ge_FRQ_WWV10.csv.gz/content	keep
805	2021-04-04T000000Z_N00009_G1_FN20ge_FRQ_WWV10.csv.gz	N00009	G1	FN20ge	WWV10	2021-04-04T00:00:00Z	700109	6fe9566b540aae41ae36dcd1d31e4a3e	https://zenodo.org/api/records/6590283/files/2021-04-04T000000Z_N00009_G1_FN20ge_FRQ_WWV10.csv.gz/content	keep
806	2021-04-05T000000Z_N00009_G1_FN20ge_FRQ_WWV10.csv.gz	N00009	G1	FN20ge	WWV10	2021-04-05T00:00:00Z	691024	9c5c89e867fef65c7d646526f6733ff3	https://zenodo.org/api/records/6590283/files/2021-04-05T000000Z_N00009_G1_FN20ge_FRQ_WWV10.csv.gz/content	keep
807	2021-04-06T000000Z_N00009_G1_FN20ge_FRQ_WWV10.csv.gz	N00009	G1	FN20ge	WWV10	2021-04-06T00:00:00Z	684796	c773460a7024bf6d3d03ac2cac00b609	https://zenodo.org/api/records/6590283/files/2021-04-06T000000Z_N00009_G1_FN20ge_FRQ_WWV10.csv.gz/content	keep
808	2021-04-07T000000Z_N00009_G1_FN20ge_FRQ_WWV10.csv.gz	N00009	G1	FN20ge	WWV10	2021-04-07T00:00:00Z	689794	a930a8899a066a68d89cd67e98cf31cd	https://zenodo.org/api/records/6590283/files/2021-04-07T000000Z_N00009_G1_FN20ge_FRQ_WWV10.csv.gz/content	keep
809	2021-04-08T000000Z_N00009_G1_FN20ge_FRQ_WWV10.csv.gz	N00009	G1	FN20ge	WWV10	2021-04-08T00:00:00Z	697883	01f8e44d000823a85b5cb62a4271627f	https://zenodo.org/api/records/6590283/files/2021-04-08T000000Z_N00009_G1_FN20ge_FRQ_WWV10.csv.gz/content	keep
810	2021-04-09T000000Z_N00009_G1_FN20ge_FRQ_WWV10.csv.gz	N00009	G1	FN20ge	WWV10	2021-04-09T00:00:00Z	710460	ed6b9587a0e0f672978d5ef96eabe5f8	https://zenodo.org/api/records/6590283/files/2021-04-09T000000Z_N00009_G1_FN20ge_FRQ_WWV10.csv.gz/content	keep
811	2021-04-10T000001Z_N00009_G1_FN20ge_FRQ_WWV10.csv.gz	N00009	G1	FN20ge	WWV10	2021-04-10T00:00:01Z	701325	87a8e65f8810d269e25e08fe53a0ce48	https://zenodo.org/api/records/6590283/files/2021-04-10T000001Z_N00009_G1_FN20ge_FRQ_WWV10.csv.gz/content	keep
812	2021-04-11T000000Z_N00009_G1_FN20ge_FRQ_WWV10.csv.gz	N00009	G1	FN20ge	WWV10	2021-04-11T00:00:00Z	679744	2a0fecc2346a7ee3ae3f91975bb00c03	https://zenodo.org/api/records/6590283/files/2021-04-11T000000Z_N00009_G1_FN20ge_FRQ_WWV10.csv.gz/content	keep
813	2021-04-12T000000Z_N00009_G1_FN20ge_FRQ_WWV10.csv.gz	N00009	G1	FN20ge	WWV10	2021-04-12T00:00:00Z	621966	8c86d82d5df960942a6e9709d698cbf0	https://zenodo.org/api/records/6590283/files/2021-04-12T000000Z_N00009_G1_FN20ge_FRQ_WWV10.csv.gz/content	keep
814	2021-04-13T000000Z_N00009_G1_FN20ge_FRQ_WWV10.csv.gz	N00009	G1	FN20ge	WWV10	2021-04-13T00:00:00Z	525982	bc8491d800502d9ded71a2eaf1a1849c	https://zenodo.org/api/records/6590283/files/2021-04-13T000000Z_N00009_G1_FN20ge_FRQ_WWV10.csv.gz/content	keep
815	2021-04-14T000000Z_N00009_G1_FN20ge_FRQ_WWV10.csv.gz	N00009	G1	FN20ge	WWV10	2021-04-14T00:00:00Z	511189	f1f731a8cd458261850dd690b16bbdd6	https://zenodo.org/api/records/6590283/files/2021-04-14T000000Z_N00009_G1_FN20ge_FRQ_WWV10.csv.gz/content	keep
816	2021-04-15T000000Z_N00009_G1_FN20ge_FRQ_WWV10.csv.gz	N00009	G1	FN20ge	WWV10	2021-04-15T00:00:00Z	687097	46f3a608788d76c0091dbe4c0ee6325c	https://zenodo.org/api/records/6590283/files/2021-04-15T000000Z_N00009_G1_FN20ge_FRQ_WWV10.csv.gz/content	keep
817	2021-04-16T000000Z_N00009_G1_FN20ge_FRQ_WWV10.csv.gz	N00009	G1	FN20ge	WWV10	2021-04-16T00:00:00Z	457304	c0d12a087b36a3971d6848856c91e40e	https://zenodo.org/api/records/6590283/files/2021-04-16T000000Z_N00009_G1_FN20ge_FRQ_WWV10.csv.gz/content	keep
818	2021-04-17T000000Z_N00009_G1_FN20ge_FRQ_WWV10.csv.gz	N00009	G1	FN20ge	WWV10	2021-04-17T00:00:00Z	680398	65c38f812eb00501c2b621875f1ed4bd	https://zenodo.org/api/records/6590283/files/2021-04-17T000000Z_N00009_G1_FN20ge_FRQ_WWV10.csv.gz/content	keep
819	2021-04-18T000000Z_N00009_G1_FN20ge_FRQ_WWV10.csv.gz	N00009	G1	FN20ge	WWV10	2021-04-18T00:00:00Z	557472	7ca521e0737e81bd7530643557657f11	https://zenodo.org/api/records/6590283/files/2021-04-18T000000Z_N00009_G1_FN20ge_FRQ_WWV10.csv.gz/content	keep
820	2021-04-19T000000Z_N00009_G1_FN20ge_FRQ_WWV10.csv.gz	N00009	G1	FN20ge	WWV10	2021-04-19T00:00:00Z	569670	4c128303ce2f85a3e1bc5d625eabed8e	https://zenodo.org/api/records/6590283/files/2021-04-19T000000Z_N00009_G1_FN20ge_FRQ_WWV10.csv.gz/content	keep
821	2021-04-20T000000Z_N00009_G1_FN20ge_FRQ_WWV10.csv.gz	N00009	G1	FN20ge	WWV10	2021-04-20T00:00:00Z	693954	72ab8fe6e047decd0a434a19be40cc44	https://zenodo.org/api/records/6590283/files/2021-04-20T000000Z_N00009_G1_FN20ge_FRQ_WWV10.csv.gz/content	keep
822	2021-04-21T000000Z_N00009_G1_FN20ge_FRQ_WWV10.csv.gz	N00009	G1	FN20ge	WWV10	2021-04-21T00:00:00Z	671067	07212298c77d9c483323dde638c27610	https://zenodo.org/api/records/6590283/files/2021-04-21T000000Z_N00009_G1_FN20ge_FRQ_WWV10.csv.gz/content	keep
823	2021-04-22T000000Z_N00009_G1_FN20ge_FRQ_WWV10.csv.gz	N00009	G1	FN20ge	WWV10	2021-04-22T00:00:00Z	688954	dd90b71db6cd70a5495023b25612b256	https://zenodo.org/api/records/6590283/files/2021-04-22T000000Z_N00009_G1_FN20ge_FRQ_WWV10.csv.gz/content	keep
824	2021-04-23T000000Z_N00009_G1_FN20ge_FRQ_WWV10.csv.gz	N00009	G1	FN20ge	WWV10	2021-04-23T00:00:00Z	683455	8c791f1153b1a6073d7cb26364adcc66	https://zenodo.org/api/records/6590283/files/2021-04-23T000000Z_N00009_G1_FN20ge_FRQ_WWV10.csv.gz/content	keep
825	2021-04-24T000000Z_N00009_G1_FN20ge_FRQ_WWV10.csv.gz	N00009	G1	FN20ge	WWV10	2021-04-24T00:00:00Z	684872	5bed578d153238e847aae8ccea821203	https://zenodo.org/api/records/6590283/files/2021-04-24T000000Z_N00009_G1_FN20ge_FRQ_WWV10.csv.gz/content	keep
826	2021-04-25T000000Z_N00009_G1_FN20ge_FRQ_WWV10.csv.gz	N00009	G1	FN20ge	WWV10	2021-04-25T00:00:00Z	691679	815dcb94402e2bc3ad035c10ef0312f9	https://zenodo.org/api/records/6590283/files/2021-04-25T000000Z_N00009_G1_FN20ge_FRQ_WWV10.csv.gz/content	keep
827	2021-04-26T000000Z_N00009_G1_FN20ge_FRQ_WWV10.csv.gz	N00009	G1	FN20ge	WWV10	2021-04-26T00:00:00Z	681426	dae69c0eb032eb91673e90c61dfa0533	https://zenodo.org/api/records/6590283/files/2021-04-26T000000Z_N00009_G1_FN20ge_FRQ_WWV10.csv.gz/content	keep
828	2021-04-27T000000Z_N00009_G1_FN20ge_FRQ_WWV10.csv.gz	N00009	G1	FN20ge	WWV10	2021-04-27T00:00:00Z	575763	29c0919832c2b115e9c616068e4c1c5d	https://zenodo.org/api/records/6590283/files/2021-04-27T000000Z_N00009_G1_FN20ge_FRQ_WWV10.csv.gz/content	keep
829	2021-04-28T000000Z_N00009_G1_FN20ge_FRQ_WWV10.csv.gz	N00009	G1	FN20ge	WWV10	2021-04-28T00:00:00Z	656993	6cdd217c201dbb0f081d407c516b5e66	https://zenodo.org/api/records/6590283/files/2021-04-28T000000Z_N00009_G1_FN20ge_FRQ_WWV10.csv.gz/content	keep
830	2021-04-29T000000Z_N00009_G1_FN20ge_FRQ_WWV10.csv.gz	N00009	G1	FN20ge	WWV10	2021-04-29T00:00:00Z	683581	4280c87f811978798dbc23e79f454add	https://zenodo.org/api/records/6590283/files/2021-04-29T000000Z_N00009_G1_FN20ge_FRQ_WWV10.csv.gz/content	keep
831	2021-04-30T000000Z_N00009_G1_FN20ge_FRQ_WWV10.csv.gz	N00009	G1	FN20ge	WWV10	2021-04-30T00:00:00Z	701744	b12a17edbee24a4e6b65b95a3381bec9	https://zenodo.org/api/records/6590283/files/2021-04-30T000000Z_N00009_G1_FN20ge_FRQ_WWV10.csv.gz/content	keep
832	2021-05-01T000000Z_N00009_G1_FN20ge_FRQ_WWV10.csv.gz	N00009	G1	FN20ge	WWV10	2021-05-01T00:00:00Z	628941	2bee82a515cae1e42496f35647a31926	https://zenodo.org/api/records/6590283/files/2021-05-01T000000Z_N00009_G1_FN20ge_FRQ_WWV10.csv.gz/content	keep
833	2021-05-02T000000Z_N00009_G1_FN20ge_FRQ_WWV10.csv.gz	N00009	G1	FN20ge	WWV10	2021-05-02T00:00:00Z	694133	e563890a6b93e9405b5f17cf080243a0	https://zenodo.org/api/records/6590283/files/2021-05-02T000000Z_N00009_G1_FN20ge_FRQ_WWV10.csv.gz/content	keep
834	2021-05-03T000000Z_N00009_G1_FN20ge_FRQ_WWV10.csv.gz	N00009	G1	FN20ge	WWV10	2021-05-03T00:00:00Z	681615	bfb4d4464862af0a43054fabf52e27ae	https://zenodo.org/api/records/6590283/files/2021-05-03T000000Z_N00009_G1_FN20ge_FRQ_WWV10.csv.gz/content	keep
835	2021-05-04T000000Z_N00009_G1_FN20ge_FRQ_WWV10.csv.gz	N00009	G1	FN20ge	WWV10	2021-05-04T00:00:00Z	691364	4bb4c05e16e6cab82defc13d2fcd47f4	https://zenodo.org/api/records/6590283/files/2021-05-04T000000Z_N00009_G1_FN20ge_FRQ_WWV10.csv.gz/content	keep
836	2021-05-05T000000Z_N00009_G1_FN20ge_FRQ_WWV10.csv.gz	N00009	G1	FN20ge	WWV10	2021-05-05T00:00:00Z	695724	34a6fda5a1142bdbdf25e79f7e94924a	https://zenodo.org/api/records/6590283/files/2021-05-05T000000Z_N00009_G1_FN20ge_FRQ_WWV10.csv.gz/content	keep
837	2021-05-06T000000Z_N00009_G1_FN20ge_FRQ_WWV10.csv.gz	N00009	G1	FN20ge	WWV10	2021-05-06T00:00:00Z	683944	a21a34d51679381bb4a9d1a087c2043c	https://zenodo.org/api/records/6590283/files/2021-05-06T000000Z_N00009_G1_FN20ge_FRQ_WWV10.csv.gz/content	keep
838	2021-05-07T000000Z_N00009_G1_FN20ge_FRQ_WWV10.csv.gz	N00009	G1	FN20ge	WWV10	2021-05-07T00:00:00Z	678065	54e7df28aeee878c18404d3770cda65f	https://zenodo.org/api/records/6590283/files/2021-05-07T000000Z_N00009_G1_FN20ge_FRQ_WWV10.csv.gz/content	keep
839	2021-05-08T000000Z_N00009_G1_FN20ge_FRQ_WWV10.csv.gz	N00009	G1	FN20ge	WWV10	2021-05-08T00:00:00Z	618469	495b0032f3bf67fb9bc196f0c50114b6	https://zenodo.org/api/records/6590283/files/2021-05-08T000000Z_N00009_G1_FN20ge_FRQ_WWV10.csv.gz/content	keep
840	2021-05-09T000000Z_N00009_G1_FN20ge_FRQ_WWV10.csv.gz	N00009	G1	FN20ge	WWV10	2021-05-09T00:00:00Z	704543	0236f980a99e2c763650d259514bdc6f	https://zenodo.org/api/records/6590283/files/2021-05-09T000000Z_N00009_G1_FN20ge_FRQ_WWV10.csv.gz/content	keep
841	2021-05-10T000000Z_N00009_G1_FN20ge_FRQ_WWV10.csv.gz	N00009	G1	FN20ge	WWV10	2021-05-10T00:00:00Z	707259	ece8f4349b08b8a1b33e57a099c2ea09	https://zenodo.org/api/records/6590283/files/2021-05-10T000000Z_N00009_G1_FN20ge_FRQ_WWV10.csv.gz/content	keep
842	2021-05-11T000000Z_N00009_G1_FN20ge_FRQ_WWV10.csv.gz	N00009	G1	FN20ge	WWV10	2021-05-11T00:00:00Z	640613	ef5040878cd65e2857ca03d114fc6725	https://zenodo.org/api/records/6590283/files/2021-05-11T000000Z_N00009_G1_FN20ge_FRQ_WWV10.csv.gz/content	keep
843	2021-05-12T000000Z_N00009_G1_FN20ge_FRQ_WWV10.csv.gz	N00009	G1	FN20ge	WWV10	2021-05-12T00:00:00Z	691666	8be7f2fca41a136a5809fb101db9784e	https://zenodo.org/api/records/6590283/files/2021-05-12T000000Z_N00009_G1_FN20ge_FRQ_WWV10.csv.gz/content	keep
844	2021-05-13T000000Z_N00009_G1_FN20ge_FRQ_WWV10.csv.gz	N00009	G1	FN20ge	WWV10	2021-05-13T00:00:00Z	687182	b8d6a0637af2014093dd3e07a2cbfc8d	https://zenodo.org/api/records/6590283/files/2021-05-13T000000Z_N00009_G1_FN20ge_FRQ_WWV10.csv.gz/content	keep
845	2021-05-14T000000Z_N00009_G1_FN20ge_FRQ_WWV10.csv.gz	N00009	G1	FN20ge	WWV10	2021-05-14T00:00:00Z	683838	08ed5100ff37a96170af4aed339a8af6	https://zenodo.org/api/records/6590283/files/2021-05-14T000000Z_N00009_G1_FN20ge_FRQ_WWV10.csv.gz/content	keep
846	2021-05-15T000000Z_N00009_G1_FN20ge_FRQ_WWV10.csv.gz	N00009	G1	FN20ge	WWV10	2021-05-15T00:00:00Z	685074	6738d3abb6e3497b74e0376d1496b73c	https://zenodo.org/api/records/6590283/files/2021-05-15T000000Z_N00009_G1_FN20ge_FRQ_WWV10.csv.gz/content	keep
847	2021-03-04T000000Z_N00010_G1_EN91ii_FRQ_WWV10.csv.gz	N00010	G1	EN91ii	WWV10	2021-03-04T00:00:00Z	705420	50ae4e2d110b1fcf1f86211d8fac2f8b	https://zenodo.org/api/records/6590283/files/2021-03-04T000000Z_N00010_G1_EN91ii_FRQ_WWV10.csv.gz/content	keep
848	2021-03-05T000000Z_N00010_G1_EN91ii_FRQ_WWV10.csv.gz	N00010	G1	EN91ii	WWV10	2021-03-05T00:00:00Z	700146	fd28cdb55a5c2e7de0e65a55f13afe39	https://zenodo.org/api/records/6590283/files/2021-03-05T000000Z_N00010_G1_EN91ii_FRQ_WWV10.csv.gz/content	keep
849	2021-03-06T000000Z_N00010_G1_EN91ii_FRQ_WWV10.csv.gz	N00010	G1	EN91ii	WWV10	2021-03-06T00:00:00Z	668303	d785a62b60e91cca24539fe8fadd7bed	https://zenodo.org/api/records/6590283/files/2021-03-06T000000Z_N00010_G1_EN91ii_FRQ_WWV10.csv.gz/content	keep
850	2021-03-07T000000Z_N00010_G1_EN91ii_FRQ_WWV10.csv.gz	N00010	G1	EN91ii	WWV10	2021-03-07T00:00:00Z	579273	a35696865beaa23f8939255b021a4394	https://zenodo.org/api/records/6590283/files/2021-03-07T000000Z_N00010_G1_EN91ii_FRQ_WWV10.csv.gz/content	keep
851	2021-03-08T000000Z_N00010_G1_EN91ii_FRQ_WWV10.csv.gz	N00010	G1	EN91ii	WWV10	2021-03-08T00:00:00Z	582170	f54367974ff6789d539588e8d0dca34b	https://zenodo.org/api/records/6590283/files/2021-03-08T000000Z_N00010_G1_EN91ii_FRQ_WWV10.csv.gz/content	keep
852	2021-03-09T000000Z_N00010_G1_EN91ii_FRQ_WWV10.csv.gz	N00010	G1	EN91ii	WWV10	2021-03-09T00:00:00Z	583021	d7d729b3db0c246f652de89ec30c7747	https://zenodo.org/api/records/6590283/files/2021-03-09T000000Z_N00010_G1_EN91ii_FRQ_WWV10.csv.gz/content	keep
853	2021-03-10T000001Z_N00010_G1_EN91ii_FRQ_WWV10.csv.gz	N00010	G1	EN91ii	WWV10	2021-03-10T00:00:01Z	519944	4003569648c916544c0bfe38ed97a0e5	https://zenodo.org/api/records/6590283/files/2021-03-10T000001Z_N00010_G1_EN91ii_FRQ_WWV10.csv.gz/content	keep
854	2021-03-11T000000Z_N00010_G1_EN91ii_FRQ_WWV10.csv.gz	N00010	G1	EN91ii	WWV10	2021-03-11T00:00:00Z	573090	19c1bcd48fa34c0a1ed183d492ab3437	https://zenodo.org/api/records/6590283/files/2021-03-11T000000Z_N00010_G1_EN91ii_FRQ_WWV10.csv.gz/content	keep
855	2021-03-12T000000Z_N00010_G1_EN91ii_FRQ_WWV10.csv.gz	N00010	G1	EN91ii	WWV10	2021-03-12T00:00:00Z	583069	b88447591934aeb679b415d8a8c2f3b1	https://zenodo.org/api/records/6590283/files/2021-03-12T000000Z_N00010_G1_EN91ii_FRQ_WWV10.csv.gz/content	keep
856	2021-03-13T000000Z_N00010_G1_EN91ii_FRQ_WWV10.csv.gz	N00010	G1	EN91ii	WWV10	2021-03-13T00:00:00Z	580506	1778be03f85a14fa760d63132423246a	https://zenodo.org/api/records/6590283/files/2021-03-13T000000Z_N00010_G1_EN91ii_FRQ_WWV10.csv.gz/content	keep
857	2021-03-14T000000Z_N00010_G1_EN91ii_FRQ_WWV10.csv.gz	N00010	G1	EN91ii	WWV10	2021-03-14T00:00:00Z	584739	a36aef74fc89317bfc357d347f1e3450	https://zenodo.org/api/records/6590283/files/2021-03-14T000000Z_N00010_G1_EN91ii_FRQ_WWV10.csv.gz/content	keep
858	2021-03-15T000000Z_N00010_G1_EN91ii_FRQ_WWV10.csv.gz	N00010	G1	EN91ii	WWV10	2021-03-15T00:00:00Z	581779	4e3e396205013cd364f4b20960a4b765	https://zenodo.org/api/records/6590283/files/2021-03-15T000000Z_N00010_G1_EN91ii_FRQ_WWV10.csv.gz/content	keep
859	2021-03-16T000000Z_N00010_G1_EN91ii_FRQ_WWV10.csv.gz	N00010	G1	EN91ii	WWV10	2021-03-16T00:00:00Z	578413	7ac16d13ab420a9903abd40e11a8dcfa	https://zenodo.org/api/records/6590283/files/2021-03-16T000000Z_N00010_G1_EN91ii_FRQ_WWV10.csv.gz/content	keep
860	2021-03-17T000000Z_N00010_G1_EN91ii_FRQ_WWV10.csv.gz	N00010	G1	EN91ii	WWV10	2021-03-17T00:00:00Z	580981	015bb495e3a40dfd939e38018a61e875	https://zenodo.org/api/records/6590283/files/2021-03-17T000000Z_N00010_G1_EN91ii_FRQ_WWV10.csv.gz/content	keep
861	2021-03-18T000000Z_N00010_G1_EN91ii_FRQ_WWV10.csv.gz	N00010	G1	EN91ii	WWV10	2021-03-18T00:00:00Z	581961	28eef954d1c9beb7de12378f8f819cb9	https://zenodo.org/api/records/6590283/files/2021-03-18T000000Z_N00010_G1_EN91ii_FRQ_WWV10.csv.gz/content	keep
862	2021-03-19T000000Z_N00010_G1_EN91ii_FRQ_WWV10.csv.gz	N00010	G1	EN91ii	WWV10	2021-03-19T00:00:00Z	575626	d52fc11421054346250b882f115b211d	https://zenodo.org/api/records/6590283/files/2021-03-19T000000Z_N00010_G1_EN91ii_FRQ_WWV10.csv.gz/content	keep
863	2021-03-20T000000Z_N00010_G1_EN91ii_FRQ_WWV10.csv.gz	N00010	G1	EN91ii	WWV10	2021-03-20T00:00:00Z	584368	ea120bec464560df749b85e6a18a8df5	https://zenodo.org/api/records/6590283/files/2021-03-20T000000Z_N00010_G1_EN91ii_FRQ_WWV10.csv.gz/content	keep
864	2021-03-21T000000Z_N00010_G1_EN91ii_FRQ_WWV10.csv.gz	N00010	G1	EN91ii	WWV10	2021-03-21T00:00:00Z	576759	0960f049eaf17ec1ecf5123a56ae0592	https://zenodo.org/api/records/6590283/files/2021-03-21T000000Z_N00010_G1_EN91ii_FRQ_WWV10.csv.gz/content	keep
865	2021-03-22T000000Z_N00010_G1_EN91ii_FRQ_WWV10.csv.gz	N00010	G1	EN91ii	WWV10	2021-03-22T00:00:00Z	580363	61cd33755eb94cf200b906a62dd622b0	https://zenodo.org/api/records/6590283/files/2021-03-22T000000Z_N00010_G1_EN91ii_FRQ_WWV10.csv.gz/content	keep
866	2021-03-23T000000Z_N00010_G1_EN91ii_FRQ_WWV10.csv.gz	N00010	G1	EN91ii	WWV10	2021-03-23T00:00:00Z	581421	96e0c23af224703ba90f6b8c659eda54	https://zenodo.org/api/records/6590283/files/2021-03-23T000000Z_N00010_G1_EN91ii_FRQ_WWV10.csv.gz/content	keep
867	2021-03-24T000000Z_N00010_G1_EN91ii_FRQ_WWV10.csv.gz	N00010	G1	EN91ii	WWV10	2021-03-24T00:00:00Z	578803	b5d8d65ef149bf08a22ae95d06dac912	https://zenodo.org/api/records/6590283/files/2021-03-24T000000Z_N00010_G1_EN91ii_FRQ_WWV10.csv.gz/content	keep
868	2021-03-25T000000Z_N00010_G1_EN91ii_FRQ_WWV10.csv.gz	N00010	G1	EN91ii	WWV10	2021-03-25T00:00:00Z	585243	57c54d95c3f5c1040726ff4c8ef36eca	https://zenodo.org/api/records/6590283/files/2021-03-25T000000Z_N00010_G1_EN91ii_FRQ_WWV10.csv.gz/content	keep
869	2021-03-26T000000Z_N00010_G1_EN91ii_FRQ_WWV10.csv.gz	N00010	G1	EN91ii	WWV10	2021-03-26T00:00:00Z	551221	f7fd244aee8d536e6df536a92632d014	https://zenodo.org/api/records/6590283/files/2021-03-26T000000Z_N00010_G1_EN91ii_FRQ_WWV10.csv.gz/content	keep
870	2021-03-27T000000Z_N00010_G1_EN91ii_FRQ_WWV10.csv.gz	N00010	G1	EN91ii	WWV10	2021-03-27T00:00:00Z	575273	2a9765ceb9ff6dcfbc4c1ff675ec4981	https://zenodo.org/api/records/6590283/files/2021-03-27T000000Z_N00010_G1_EN91ii_FRQ_WWV10.csv.gz/content	keep
871	2021-03-28T000000Z_N00010_G1_EN91ii_FRQ_WWV10.csv.gz	N00010	G1	EN91ii	WWV10	2021-03-28T00:00:00Z	578374	32eff8e54e7bd584d4137ab17dc4caa8	https://zenodo.org/api/records/6590283/files/2021-03-28T000000Z_N00010_G1_EN91ii_FRQ_WWV10.csv.gz/content	keep
872	2021-03-29T000000Z_N00010_G1_EN91ii_FRQ_WWV10.csv.gz	N00010	G1	EN91ii	WWV10	2021-03-29T00:00:00Z	575126	af4ca7183e53fd272152fd0b98af38e6	https://zenodo.org/api/records/6590283/files/2021-03-29T000000Z_N00010_G1_EN91ii_FRQ_WWV10.csv.gz/content	keep
873	2021-03-30T000000Z_N00010_G1_EN91ii_FRQ_WWV10.csv.gz	N00010	G1	EN91ii	WWV10	2021-03-30T00:00:00Z	574071	47e59fb25709daa55bd28c58f8a6d663	https://zenodo.org/api/records/6590283/files/2021-03-30T000000Z_N00010_G1_EN91ii_FRQ_WWV10.csv.gz/content	keep
874	2021-03-31T000000Z_N00010_G1_EN91ii_FRQ_WWV10.csv.gz	N00010	G1	EN91ii	WWV10	2021-03-31T00:00:00Z	577259	522b8ccb7ac01a47360a605d951440f5	https://zenodo.org/api/records/6590283/files/2021-03-31T000000Z_N00010_G1_EN91ii_FRQ_WWV10.csv.gz/content	keep
875	2021-04-01T000000Z_N00010_G1_EN91ii_FRQ_WWV10.csv.gz	N00010	G1	EN91ii	WWV10	2021-04-01T00:00:00Z	572165	bf77e0e82c75317ac1a4648ae7459dbd	https://zenodo.org/api/records/6590283/files/2021-04-01T000000Z_N00010_G1_EN91ii_FRQ_WWV10.csv.gz/content	keep
876	2021-04-02T000000Z_N00010_G1_EN91ii_FRQ_WWV10.csv.gz	N00010	G1	EN91ii	WWV10	2021-04-02T00:00:00Z	576214	91716f60a13f19de22c8e445b79129ac	https://zenodo.org/api/records/6590283/files/2021-04-02T000000Z_N00010_G1_EN91ii_FRQ_WWV10.csv.gz/content	keep
877	2021-04-03T000000Z_N00010_G1_EN91ii_FRQ_WWV10.csv.gz	N00010	G1	EN91ii	WWV10	2021-04-03T00:00:00Z	573876	bd934f1d7e7bb9936ba34c2ab9af4f23	https://zenodo.org/api/records/6590283/files/2021-04-03T000000Z_N00010_G1_EN91ii_FRQ_WWV10.csv.gz/content	keep
878	2021-04-04T000000Z_N00010_G1_EN91ii_FRQ_WWV10.csv.gz	N00010	G1	EN91ii	WWV10	2021-04-04T00:00:00Z	577017	91fecacbb4f27e85e53b9cb9652b4a4a	https://zenodo.org/api/records/6590283/files/2021-04-04T000000Z_N00010_G1_EN91ii_FRQ_WWV10.csv.gz/content	keep
879	2021-04-05T000000Z_N00010_G1_EN91ii_FRQ_WWV10.csv.gz	N00010	G1	EN91ii	WWV10	2021-04-05T00:00:00Z	579550	0cd1acc953f28f129f4d92d02855dc25	https://zenodo.org/api/records/6590283/files/2021-04-05T000000Z_N00010_G1_EN91ii_FRQ_WWV10.csv.gz/content	keep
880	2021-04-06T000000Z_N00010_G1_EN91ii_FRQ_WWV10.csv.gz	N00010	G1	EN91ii	WWV10	2021-04-06T00:00:00Z	580045	d5f99ff2b9e32d08e5daf011f0099c2d	https://zenodo.org/api/records/6590283/files/2021-04-06T000000Z_N00010_G1_EN91ii_FRQ_WWV10.csv.gz/content	keep
881	2021-04-07T000000Z_N00010_G1_EN91ii_FRQ_WWV10.csv.gz	N00010	G1	EN91ii	WWV10	2021-04-07T00:00:00Z	582068	5b4cd6b50ac963e956d8b08bd79e0f0a	https://zenodo.org/api/records/6590283/files/2021-04-07T000000Z_N00010_G1_EN91ii_FRQ_WWV10.csv.gz/content	keep
882	2021-04-08T000000Z_N00010_G1_EN91ii_FRQ_WWV10.csv.gz	N00010	G1	EN91ii	WWV10	2021-04-08T00:00:00Z	580674	6e3a386fc8cdba6b2632ef87bd115865	https://zenodo.org/api/records/6590283/files/2021-04-08T000000Z_N00010_G1_EN91ii_FRQ_WWV10.csv.gz/content	keep
883	2021-04-09T000000Z_N00010_G1_EN91ii_FRQ_WWV10.csv.gz	N00010	G1	EN91ii	WWV10	2021-04-09T00:00:00Z	582991	22dbdce0633eefcca3ebac160a7a5e42	https://zenodo.org/api/records/6590283/files/2021-04-09T000000Z_N00010_G1_EN91ii_FRQ_WWV10.csv.gz/content	keep
884	2021-04-10T000000Z_N00010_G1_EN91ii_FRQ_WWV10.csv.gz	N00010	G1	EN91ii	WWV10	2021-04-10T00:00:00Z	582823	49a0b999bfdb2945217df728fb5dc4cf	https://zenodo.org/api/records/6590283/files/2021-04-10T000000Z_N00010_G1_EN91ii_FRQ_WWV10.csv.gz/content	keep
885	2021-04-11T000000Z_N00010_G1_EN91ii_FRQ_WWV10.csv.gz	N00010	G1	EN91ii	WWV10	2021-04-11T00:00:00Z	579985	6910506ba643f41ec78753edd5a5a564	https://zenodo.org/api/records/6590283/files/2021-04-11T000000Z_N00010_G1_EN91ii_FRQ_WWV10.csv.gz/content	keep
886	2021-04-12T000000Z_N00010_G1_EN91ii_FRQ_WWV10.csv.gz	N00010	G1	EN91ii	WWV10	2021-04-12T00:00:00Z	577629	0333e313d56e65cac4ceac12b09dfed6	https://zenodo.org/api/records/6590283/files/2021-04-12T000000Z_N00010_G1_EN91ii_FRQ_WWV10.csv.gz/content	keep
887	2021-04-13T000000Z_N00010_G1_EN91ii_FRQ_WWV10.csv.gz	N00010	G1	EN91ii	WWV10	2021-04-13T00:00:00Z	576013	6501a28654f1bc9a62e8019c401c4175	https://zenodo.org/api/records/6590283/files/2021-04-13T000000Z_N00010_G1_EN91ii_FRQ_WWV10.csv.gz/content	keep
888	2021-04-14T000000Z_N00010_G1_EN91ii_FRQ_WWV10.csv.gz	N00010	G1	EN91ii	WWV10	2021-04-14T00:00:00Z	580726	b732be5d698063c963fb650e19d98bd6	https://zenodo.org/api/records/6590283/files/2021-04-14T000000Z_N00010_G1_EN91ii_FRQ_WWV10.csv.gz/content	keep
889	2021-04-15T000000Z_N00010_G1_EN91ii_FRQ_WWV10.csv.gz	N00010	G1	EN91ii	WWV10	2021-04-15T00:00:00Z	579242	cc2ccd5becc028f6006433481f1d0a6c	https://zenodo.org/api/records/6590283/files/2021-04-15T000000Z_N00010_G1_EN91ii_FRQ_WWV10.csv.gz/content	keep
890	2021-04-16T000000Z_N00010_G1_EN91ii_FRQ_WWV10.csv.gz	N00010	G1	EN91ii	WWV10	2021-04-16T00:00:00Z	577212	2fea71a138cb270146627ad863a9fc61	https://zenodo.org/api/records/6590283/files/2021-04-16T000000Z_N00010_G1_EN91ii_FRQ_WWV10.csv.gz/content	keep
891	2021-04-17T000000Z_N00010_G1_EN91ii_FRQ_WWV10.csv.gz	N00010	G1	EN91ii	WWV10	2021-04-17T00:00:00Z	574358	8d641e84452f27560f8526be97f1503f	https://zenodo.org/api/records/6590283/files/2021-04-17T000000Z_N00010_G1_EN91ii_FRQ_WWV10.csv.gz/content	keep
892	2021-04-18T000000Z_N00010_G1_EN91ii_FRQ_WWV10.csv.gz	N00010	G1	EN91ii	WWV10	2021-04-18T00:00:00Z	573600	ea1d716a60426e48fb6b4d0d848882d9	https://zenodo.org/api/records/6590283/files/2021-04-18T000000Z_N00010_G1_EN91ii_FRQ_WWV10.csv.gz/content	keep
893	2021-04-19T000000Z_N00010_G1_EN91ii_FRQ_WWV10.csv.gz	N00010	G1	EN91ii	WWV10	2021-04-19T00:00:00Z	575091	93276e561e967498c230cc544a059901	https://zenodo.org/api/records/6590283/files/2021-04-19T000000Z_N00010_G1_EN91ii_FRQ_WWV10.csv.gz/content	keep
894	2021-04-20T000000Z_N00010_G1_EN91ii_FRQ_WWV10.csv.gz	N00010	G1	EN91ii	WWV10	2021-04-20T00:00:00Z	568246	91c17d6b70875890cd6c61ce77d54960	https://zenodo.org/api/records/6590283/files/2021-04-20T000000Z_N00010_G1_EN91ii_FRQ_WWV10.csv.gz/content	keep
895	2021-04-21T000000Z_N00010_G1_EN91ii_FRQ_WWV10.csv.gz	N00010	G1	EN91ii	WWV10	2021-04-21T00:00:00Z	570332	d946c7aaa3b3b8b968d41ada38a9f1a9	https://zenodo.org/api/records/6590283/files/2021-04-21T000000Z_N00010_G1_EN91ii_FRQ_WWV10.csv.gz/content	keep
896	2021-04-22T000000Z_N00010_G1_EN91ii_FRQ_WWV10.csv.gz	N00010	G1	EN91ii	WWV10	2021-04-22T00:00:00Z	572025	3f789d9eb23eb83c7dc8148e85092dfe	https://zenodo.org/api/records/6590283/files/2021-04-22T000000Z_N00010_G1_EN91ii_FRQ_WWV10.csv.gz/content	keep
897	2021-04-23T000000Z_N00010_G1_EN91ii_FRQ_WWV10.csv.gz	N00010	G1	EN91ii	WWV10	2021-04-23T00:00:00Z	574191	8ba765f45127671c1fd7750da3e182bd	https://zenodo.org/api/records/6590283/files/2021-04-23T000000Z_N00010_G1_EN91ii_FRQ_WWV10.csv.gz/content	keep
898	2021-04-24T000000Z_N00010_G1_EN91ii_FRQ_WWV10.csv.gz	N00010	G1	EN91ii	WWV10	2021-04-24T00:00:00Z	574185	f050e3e6904147ade4ce43eec461864f	https://zenodo.org/api/records/6590283/files/2021-04-24T000000Z_N00010_G1_EN91ii_FRQ_WWV10.csv.gz/content	keep
899	2021-04-25T000000Z_N00010_G1_EN91ii_FRQ_WWV10.csv.gz	N00010	G1	EN91ii	WWV10	2021-04-25T00:00:00Z	571620	54d1ce81b185cd069b090c833a0594ff	https://zenodo.org/api/records/6590283/files/2021-04-25T000000Z_N00010_G1_EN91ii_FRQ_WWV10.csv.gz/content	keep
900	2021-04-26T000000Z_N00010_G1_EN91ii_FRQ_WWV10.csv.gz	N00010	G1	EN91ii	WWV10	2021-04-26T00:00:00Z	573261	c201aede776212d9c88eadfff0ed3f69	https://zenodo.org/api/records/6590283/files/2021-04-26T000000Z_N00010_G1_EN91ii_FRQ_WWV10.csv.gz/content	keep
901	2021-04-27T000000Z_N00010_G1_EN91ii_FRQ_WWV10.csv.gz	N00010	G1	EN91ii	WWV10	2021-04-27T00:00:00Z	571322	103c0f432cc69ff66a3985232413dddd	https://zenodo.org/api/records/6590283/files/2021-04-27T000000Z_N00010_G1_EN91ii_FRQ_WWV10.csv.gz/content	keep
902	2021-04-28T000000Z_N00010_G1_EN91ii_FRQ_WWV10.csv.gz	N00010	G1	EN91ii	WWV10	2021-04-28T00:00:00Z	570805	85de0bdb9e040d72fe4fb84df5cac21c	https://zenodo.org/api/records/6590283/files/2021-04-28T000000Z_N00010_G1_EN91ii_FRQ_WWV10.csv.gz/content	keep
903	2021-04-29T000000Z_N00010_G1_EN91ii_FRQ_WWV10.csv.gz	N00010	G1	EN91ii	WWV10	2021-04-29T00:00:00Z	577992	525405b95b89a45072795d245ff53c0c	https://zenodo.org/api/records/6590283/files/2021-04-29T000000Z_N00010_G1_EN91ii_FRQ_WWV10.csv.gz/content	keep
904	2021-04-30T000000Z_N00010_G1_EN91ii_FRQ_WWV10.csv.gz	N00010	G1	EN91ii	WWV10	2021-04-30T00:00:00Z	578214	cc6c2d586b095b219fc2ba5da52ec75b	https://zenodo.org/api/records/6590283/files/2021-04-30T000000Z_N00010_G1_EN91ii_FRQ_WWV10.csv.gz/content	keep
905	2021-05-01T000000Z_N00010_G1_EN91ii_FRQ_WWV10.csv.gz	N00010	G1	EN91ii	WWV10	2021-05-01T00:00:00Z	576987	71a495245595f99dcf4c5a919bf000bf	https://zenodo.org/api/records/6590283/files/2021-05-01T000000Z_N00010_G1_EN91ii_FRQ_WWV10.csv.gz/content	keep
906	2021-05-02T000000Z_N00010_G1_EN91ii_FRQ_WWV10.csv.gz	N00010	G1	EN91ii	WWV10	2021-05-02T00:00:00Z	577507	1d7c9c282f4fdd1ee2294c11cf077fd9	https://zenodo.org/api/records/6590283/files/2021-05-02T000000Z_N00010_G1_EN91ii_FRQ_WWV10.csv.gz/content	keep
907	2021-05-03T000000Z_N00010_G1_EN91ii_FRQ_WWV10.csv.gz	N00010	G1	EN91ii	WWV10	2021-05-03T00:00:00Z	573847	4d251b778e298fc069d4e7a4745d64c9	https://zenodo.org/api/records/6590283/files/2021-05-03T000000Z_N00010_G1_EN91ii_FRQ_WWV10.csv.gz/content	keep
908	2021-05-04T000001Z_N00010_G1_EN91ii_FRQ_WWV10.csv.gz	N00010	G1	EN91ii	WWV10	2021-05-04T00:00:01Z	571568	7e374defe765cee688d6c0922c254f26	https://zenodo.org/api/records/6590283/files/2021-05-04T000001Z_N00010_G1_EN91ii_FRQ_WWV10.csv.gz/content	keep
909	2021-05-05T000000Z_N00010_G1_EN91ii_FRQ_WWV10.csv.gz	N00010	G1	EN91ii	WWV10	2021-05-05T00:00:00Z	570424	47710dca5f81a656323ecad7f37e0c20	https://zenodo.org/api/records/6590283/files/2021-05-05T000000Z_N00010_G1_EN91ii_FRQ_WWV10.csv.gz/content	keep
910	2021-05-06T000000Z_N00010_G1_EN91ii_FRQ_WWV10.csv.gz	N00010	G1	EN91ii	WWV10	2021-05-06T00:00:00Z	573340	83773d60517cfcfd9fb6788965855cea	https://zenodo.org/api/records/6590283/files/2021-05-06T000000Z_N00010_G1_EN91ii_FRQ_WWV10.csv.gz/content	keep
911	2021-05-07T000000Z_N00010_G1_EN91ii_FRQ_WWV10.csv.gz	N00010	G1	EN91ii	WWV10	2021-05-07T00:00:00Z	572594	ff3e300b90c970883e5ed1ea4d85c8e3	https://zenodo.org/api/records/6590283/files/2021-05-07T000000Z_N00010_G1_EN91ii_FRQ_WWV10.csv.gz/content	keep
912	2021-05-08T000000Z_N00010_G1_EN91ii_FRQ_WWV10.csv.gz	N00010	G1	EN91ii	WWV10	2021-05-08T00:00:00Z	573572	a0f7e0ef8df2d20b1ece43fa521923b9	https://zenodo.org/api/records/6590283/files/2021-05-08T000000Z_N00010_G1_EN91ii_FRQ_WWV10.csv.gz/content	exclude:time_order
913	2021-05-09T000000Z_N00010_G1_EN91ii_FRQ_WWV10.csv.gz	N00010	G1	EN91ii	WWV10	2021-05-09T00:00:00Z	575208	614722d8c9c3e16e44ce328688e607fc	https://zenodo.org/api/records/6590283/files/2021-05-09T000000Z_N00010_G1_EN91ii_FRQ_WWV10.csv.gz/content	keep
914	2021-05-10T000000Z_N00010_G1_EN91ii_FRQ_WWV10.csv.gz	N00010	G1	EN91ii	WWV10	2021-05-10T00:00:00Z	575429	3e19595c2773976e19d5eb24ab2afb07	https://zenodo.org/api/records/6590283/files/2021-05-10T000000Z_N00010_G1_EN91ii_FRQ_WWV10.csv.gz/content	keep
915	2021-05-11T000000Z_N00010_G1_EN91ii_FRQ_WWV10.csv.gz	N00010	G1	EN91ii	WWV10	2021-05-11T00:00:00Z	572642	665c49c7358cc723a79dca4693c4ad28	https://zenodo.org/api/records/6590283/files/2021-05-11T000000Z_N00010_G1_EN91ii_FRQ_WWV10.csv.gz/content	keep
916	2021-05-12T000000Z_N00010_G1_EN91ii_FRQ_WWV10.csv.gz	N00010	G1	EN91ii	WWV10	2021-05-12T00:00:00Z	575690	14425cfd9d0c052726320e682ea9b202	https://zenodo.org/api/records/6590283/files/2021-05-12T000000Z_N00010_G1_EN91ii_FRQ_WWV10.csv.gz/content	keep
917	2021-05-13T000000Z_N00010_G1_EN91ii_FRQ_WWV10.csv.gz	N00010	G1	EN91ii	WWV10	2021-05-13T00:00:00Z	568619	2cfbe2c50da0570bab160c9d98b909e0	https://zenodo.org/api/records/6590283/files/2021-05-13T000000Z_N00010_G1_EN91ii_FRQ_WWV10.csv.gz/content	keep
918	2021-05-14T000000Z_N00010_G1_EN91ii_FRQ_WWV10.csv.gz	N00010	G1	EN91ii	WWV10	2021-05-14T00:00:00Z	569661	dcc14feab31ab0cb1b6d3a82f6dea0f9	https://zenodo.org/api/records/6590283/files/2021-05-14T000000Z_N00010_G1_EN91ii_FRQ_WWV10.csv.gz/content	keep
919	2021-05-15T000000Z_N00010_G1_EN91ii_FRQ_WWV10.csv.gz	N00010	G1	EN91ii	WWV10	2021-05-15T00:00:00Z	572651	c52cdf97fc9ea0b6bd112d2259784966	https://zenodo.org/api/records/6590283/files/2021-05-15T000000Z_N00010_G1_EN91ii_FRQ_WWV10.csv.gz/content	keep
